"ETAPA \ BARRA","AGUAYTIA 220","BALNEARIO 220","BALNEARIOS 60 A","CALLAHUANCA 220","CALLAHUANCA 60","CARHUAMAYO 220","CARHUAMAYO NUEVA 138","CARHUAQUERO 220","CHAVARRIA 220 A","CHICLAYO OESTE 220","CHIMBOTE 220","GUADALUPE 220","HUACHIPA 60","HUACHO 220","HUANCAVELICA 220","HUAYUCACHI 220","ICA 220","INDEPENDENCIA 220","MARCONA220","MOYOPAMPA 60","OROYA NUEVA 220","OROYA NUEVA 138","OROYA NUEVA 50","PACHACHACA 220","PARAGSHA2 220","PARAGSHA 138","PARAGSHA 50","PARAMONGA NUEVA 220","PIURA OESTE 220","SAN JUAN 220","SANTA ROSA 220 A","SANTA ROSA EDS 60","TALARA 220","TINGO MARIA 138","TINGO MARIA 220","TRUJILLO 220","VENTANILLA 220","VIZCARRA 220","ZAPALLAL 220","AGUAYTIA 138","PUCALLPA 138","HUALLANCA 138","CHIMBOTE 138","PUCALLPA 60","ZORRITOS 220","ABANCAY NUEVA 138","ARICOTA138","ARICOTA II 66","CAMPO ARMINO 220","AYAVIRI138","AZANGARO 138","CACHIMAYO 138","CALLALLI 138","CERRO VERDE 138","COMBAPATA 138","DOLORESPATA 138","DESIERTO220","JULIACA 138","MACHUPICCHU 138","MOLLENDO 138","MOQUEGUA 220","MOQUEGUA 138","PUNO 220","PUNO 138","SANTUARIO 138","SOCABAYA 220","SOCABAYA 138","ILO 138","LOS HEROES 220 A","LOS HEROES 66","TINTAYA 138","TOMASIRI 66","REPARTICION 138","ILO2 220","COTARUSE 220","CHILCA REP 220","CANTERA 220","PIURA OESTE 60","LA NINA 220","CONOCOCHA 220","HUINCO 220","INDEPENDENCIA 60","CHILLON 220","CHILLON 60","CHAVARRIA 60 A","CHAVARRIA 60 B","BARSI 60","BARSI 220","OQUENDO 60","CAJAMARCA 220","PLANICIE 220 A","CARABAYLLO 220","CARABAYLLO 500","CHILCA CTM 500","CHILCA CTM 220 A","KIMAN AYLLU 138","KIMAN AYLLU 220","PARAMONGA EXISTENTE 138","MACHALA 200","CHIMBOTE 500","TRUJILLO 500","HUARANGAL 60","POMACOCHA 220","PIEDRA BLANCA 138","POROMA 220","POROMA500","OCONA 500","MONTALVO 500","MONTALVO 220","HUANZA 220","INDUSTRIALES 220 A","TINTAYA 220","LA NINA 500","INDUSTRIALES 60","CARHUAMAYO 50","CARIPA138","HUAMPANI 60","HUANUCO 138","REFINERIA ZINC 220","QUENCORO 138","ILO 3 220","MIRADOR 220","MIRADOR 60","ALTO PRADERA 220","ABANCAY NUEVA 220","LOMERA 220","REQUE 220","SAN JOSE 500","SANTA TERESA 220","SURIRAY 220","ASIA 220","CERRO DEL AGUILA 220","CHAGLLA 220","RAMADA 220","SANTA ROSA LDS 60","LOMERA 60","ZAPALLAL 60","MALVINAS 220","MALVINAS 60","ABANCAY 138","YAUPI 138","SANTA ISABEL 220","YANANGO 220","CHIMAY 220","ILO3 138","MATUCANA 220","COLCABAMBA 500","COLCABAMBA 220","YARABAMBA 500","YARABAMBA 220","BELAUNDE 220","BELAUNDE 138","CACLIC 220","INDUSTRIALES 220B","PLANICIE60","COBRIZAI 69","MOLLEPATA 60","MOLLEPATA220","CARAPONGO 500","CARAPONGO 220 A","SAN JOSE 220","MARCONA 60 A","SAN NICOLAS 60","CALLAHUANCA EDN 220","PUMIRI138","PUMIRI220","SAN MIGUEL 220","SAN MIGUEL 60","FELAM 220","MANCHAY 60","MANCHAY 220","SAN RAFAEL 138","SAN GABAN 138","MARCONA 60 B","ANGEL 138","PTO MALDONADO 138","MEDIO MUNDO 220","AUCAYACU 138","BELLAVISTA 138","TARAPOTO 138","PARINAS 220","PAMPA HONDA 220","ORCOTUNA 220","SAN ROMAN 138","SAN ROMAN 220","CHILOTA 220","MAZUCO 138","JESUS 138","CARHUAMAYO 138","CINCO MANANTIALES 138","OXIDOS CERRO 138","TOCACHE 138","JUANJUI 138","FRANCOISE 220","BOTIFLACA 138","MILL SITE 138","PLAZA TOQUEPALA 138","QUEBRADA HONDA 138","PANAMERICANA SOLAR 138","TOQUEPALA 138","ILO ELS 138","REFINERIA 138","LIXIVIACION 138","PUSHBACK 138","INTIPAMPA 138","PLANICIE 220 B","CHILCA CTM 220 B","CARAPONGO 220 B","CHILCA 1 220","DERIVACION 220","CHAVARRIA 220 B","DERIVACION 220  BARRA II","CAMPAS 220","CAMPAS 500","PLANICIE 500","NUEVA CHINCHA 220","CAHUACHI 220","VALLE DEL CHIRA 220","SANTA ROSA 220 B","ERSUR 220","FLAMENCO220","BARRA3HERMANAS","BARRAPTALOMITAS","PUERTO CHANCAY 220","CHAPARRAL 138","CHIRIBAMBA 220","BARRAPTALOMITAS2","YSHCAYUCRO 220","PAQUILLUSI 220","MIGUEL GRAU 500","MIGUEL GRAU 220","ALIPIO ROSALES 220","SUNNY","CUAJONE 138","SAN MARTIN 220","SAN LUIS 220","CERRO VERDE 220","PORTILLO 60","SURIRAY138"
1.0000,312.9158,280.3785,280.5848,282.5452,277.0699,287.7285,285.4815,313.6267,286.7275,318.2876,304.1839,314.9412,285.3676,291.1567,283.2714,281.8357,288.0041,288.1896,293.7358,277.1589,285.3504,284.0731,284.5341,284.1761,289.8755,292.3508,292.9329,293.7700,319.1292,280.1472,281.7893,281.9216,322.9478,311.3553,310.3122,309.3436,285.9944,302.5594,286.5414,313.5652,326.4031,303.1259,305.0657,327.5588,325.7522,299.4293,319.0200,318.2076,280.3879,318.6571,315.5785,308.1359,319.6769,313.1787,317.2380,309.5047,277.1270,317.5673,292.2773,321.7981,312.7123,313.2234,316.4970,316.8368,308.7524,311.2331,311.5918,320.2573,314.3044,314.9641,323.7838,317.7268,316.9973,312.7632,299.4966,275.6905,283.3809,319.5533,315.4902,301.3994,280.9407,288.7730,286.0800,286.2734,287.0416,287.5081,287.9029,287.4901,286.9302,313.5749,287.0266,286.3189,285.9357,282.2561,279.5773,304.9492,306.1643,294.0755,0.0000,303.4692,308.3467,287.0874,284.5619,308.3610,294.6105,294.5265,304.6042,311.1758,311.8831,282.4206,287.9168,322.3268,315.2116,289.6792,286.0384,286.3794,293.4569,304.4121,284.8263,309.3942,316.6795,287.0811,287.8230,278.9056,297.6657,289.3288,318.0016,309.1780,294.6148,294.6667,278.8549,280.4951,283.2883,309.7453,282.1863,290.3339,286.8199,287.5695,287.8062,300.9826,282.9696,284.8120,283.6782,282.6025,316.6500,280.9745,284.3456,282.5022,310.0264,310.9483,322.8875,324.6105,318.5953,281.3935,292.3928,280.7837,286.3350,284.7726,284.7534,283.8750,309.4508,0.0000,297.3004,282.5124,315.5642,316.0081,283.9840,283.4137,317.0794,289.9013,287.0999,313.2600,302.2058,294.3973,302.6433,326.4045,292.7369,316.3908,338.3186,339.0502,323.0473,310.8947,281.8238,316.9689,316.6574,314.8717,310.1071,311.2996,286.1188,291.9360,292.3619,327.3440,336.8167,291.0565,318.3354,320.6639,320.7689,319.4222,316.6500,320.6044,319.3181,320.7830,320.7962,320.5054,315.2817,287.0266,279.5845,283.8765,0.0000,285.4703,286.7527,285.4703,283.9897,284.1564,284.8621,289.4498,291.8862,321.7355,281.7904,291.6070,294.5452,291.8160,282.3168,288.2404,318.4652,285.2229,282.3158,293.4175,308.5138,316.2356,317.0948,325.3206,309.4508,317.5105,309.4508,312.6000,312.1212,282.9997,292.7811
2.0000,318.2622,280.4514,280.6432,282.9158,277.4133,293.5458,291.3258,313.6267,286.6729,318.0416,304.3444,314.8683,285.2946,291.8705,283.3044,281.8778,288.5415,288.4577,293.7695,277.2342,287.4384,285.6203,286.1381,285.3257,297.0068,299.9942,300.6684,294.2732,318.8437,280.2337,281.9006,282.0442,322.5907,316.9079,315.7291,309.3740,285.9359,308.1047,286.5225,318.8936,331.3658,304.7702,305.3312,332.4883,325.3216,298.6345,318.4169,317.6308,280.3879,318.3587,315.3356,306.8005,318.9433,311.5957,316.2399,308.1654,277.1603,317.1824,291.4827,306.0230,312.1317,312.6431,316.0869,316.4336,307.8429,310.5205,310.7353,319.6225,313.6492,314.2566,323.2789,317.0222,312.5280,312.1822,298.9804,275.6905,283.4324,319.2431,315.3240,306.3212,282.2097,289.0150,286.0184,286.2064,286.9598,287.3964,287.8032,287.4044,286.8363,314.3838,286.9082,286.2915,285.9462,282.2479,279.5730,307.0845,308.5944,294.4026,0.0000,303.5736,308.3825,287.0195,285.7991,314.2249,294.4626,294.3618,304.1780,310.5908,311.3069,282.6795,287.7731,321.7810,315.0553,289.4828,291.6594,289.1127,294.2526,310.9310,284.9864,308.1063,316.0789,287.0190,287.7482,278.9470,296.9246,289.6981,317.7706,308.6358,293.8599,293.9117,278.8674,280.4951,297.0180,311.4357,282.2769,290.6480,286.7413,287.4814,287.7029,300.1410,288.7390,290.5913,283.2594,281.0184,316.0520,280.9745,284.2418,282.4478,309.4133,310.2502,323.5941,325.1017,319.3289,281.4989,291.9700,280.9808,286.0632,284.6853,284.7752,284.0884,308.9058,0.0000,297.2988,282.8668,315.3176,315.7003,284.1831,283.6508,316.8766,289.6159,286.9772,313.2258,302.2058,294.4229,302.6415,325.5090,293.3326,321.4778,340.2730,339.9689,322.6898,312.3326,281.8982,316.5882,316.2731,314.3840,309.8085,310.3858,291.9086,298.7104,299.9781,331.2766,339.0963,298.2138,317.7211,320.0498,320.1535,318.8354,316.0520,319.9906,318.6841,320.1473,320.1799,319.9002,314.6920,286.9082,279.5802,284.0901,0.0000,286.2060,286.6969,286.2060,283.7416,283.9626,284.8415,289.6817,292.1443,321.3968,281.9018,291.8260,294.4005,291.9107,283.2897,288.4884,310.5267,285.3488,283.2887,299.8780,308.5138,316.0461,316.8732,324.9018,308.9058,316.8690,308.9058,311.9630,311.4309,283.1916,292.0046
3.0000,311.3768,280.1197,280.2995,282.2645,276.9636,287.5016,285.3301,313.2960,286.1619,317.0906,303.2664,313.8084,284.9149,290.4329,283.2991,281.8575,288.5636,288.4794,293.9217,276.7900,285.2054,284.1428,284.5341,284.0121,289.6159,292.0302,292.5972,292.9935,317.8536,279.9118,281.4954,281.6344,321.5730,309.8778,308.9669,308.2761,285.4254,301.8847,286.0348,311.9788,323.8658,302.2487,304.1366,324.9356,324.2637,298.5002,318.4398,317.6611,280.3879,318.3609,315.3444,306.4725,318.8780,311.6513,315.9935,307.8072,277.1762,317.1514,291.3117,305.9648,312.1625,312.6747,316.0671,316.4055,307.7695,310.5550,310.7618,319.6597,313.6610,314.2551,323.2705,317.1729,312.5511,312.2132,298.8959,275.6905,283.4577,318.2660,314.3147,300.7676,281.7052,289.0566,285.5063,285.7031,286.4576,286.8975,287.2632,286.8802,286.3358,312.8323,286.5065,285.8521,285.5390,281.9693,279.3922,304.1254,305.3873,293.3147,0.0000,302.5652,307.3123,286.4886,284.3967,306.9533,294.5620,294.4366,304.2302,310.6200,311.3396,282.7831,287.3504,321.7769,314.0385,289.0423,285.9080,286.3946,294.4693,303.1161,284.5395,307.7594,316.0982,286.5299,287.2140,278.7444,296.7905,288.6439,316.8101,308.6698,293.7100,293.7617,278.8734,280.9133,283.2883,308.9802,281.8631,289.4127,286.2210,286.9635,287.1823,300.0220,282.7661,284.5958,283.5758,282.5004,316.0708,280.4741,284.4294,282.5843,309.4450,310.2873,321.6516,323.3216,317.5595,281.1138,291.4215,281.2440,285.8450,284.6151,284.4367,283.6584,308.9483,0.0000,297.1788,282.2293,315.3253,315.6947,283.7554,283.2323,315.8923,289.1461,286.5727,313.2938,302.2058,294.5470,302.6450,324.9797,291.9798,314.6698,335.7765,336.4593,321.6764,310.1350,281.8963,316.5645,316.2531,314.3855,309.6230,310.3493,285.9655,291.6978,292.0435,325.2172,334.3274,290.8076,317.7687,320.0686,320.1720,318.8250,316.0708,320.0096,318.6997,320.1846,320.1981,319.9143,314.7201,286.5065,279.3995,283.6599,0.0000,286.2881,286.1855,286.2881,283.8911,284.0507,284.4765,289.7008,292.2735,320.3860,281.4967,292.0524,294.5035,292.1922,283.3862,287.6543,310.5247,285.3542,283.3850,293.0450,308.5138,315.0364,315.8702,323.8510,308.9483,316.9136,308.9483,311.9909,311.4653,282.8874,291.8409
4.0000,318.6756,280.8572,280.9964,283.8324,278.9497,294.4604,292.2712,317.7255,287.0511,320.0829,305.4610,316.4792,285.9164,292.4023,283.5586,281.9557,289.1641,288.8915,295.1778,277.6680,288.2128,286.1462,286.7361,286.1360,297.9775,301.0118,301.7027,294.9582,320.2515,280.6601,282.3578,282.4373,323.9381,317.4044,316.3106,310.6421,286.3243,309.2672,287.0193,319.2633,330.8593,306.3180,306.4884,331.9026,326.5906,298.8532,318.9877,318.1909,280.5594,318.8496,315.7036,306.9111,319.7221,312.5434,316.5297,308.2129,277.6924,317.6138,291.6665,306.6841,313.0246,313.5304,316.6012,316.9280,308.6194,311.4573,311.6618,320.4840,314.5162,315.1299,323.9534,317.9882,313.4085,313.0758,299.2426,276.2216,283.9210,320.6626,316.7792,307.6558,282.2097,289.3789,286.4031,286.5846,287.3129,287.7229,288.1295,287.7602,287.1849,317.0726,287.4059,286.8214,286.5052,282.8229,280.1258,308.7966,310.4650,295.2682,0.0000,304.6429,309.5984,287.4522,286.5063,314.7138,295.7146,295.5295,305.2216,311.4860,312.2109,282.8050,288.2377,322.4474,316.4703,289.9404,292.5434,289.6923,295.7764,311.3875,285.5215,308.1812,316.8561,287.4584,288.1465,279.4054,297.1411,290.1782,319.7746,309.5892,294.0612,294.1130,279.3815,282.6469,297.9849,313.7220,282.7151,290.9787,287.1067,287.8534,288.0657,300.3631,289.6718,291.5103,284.9382,283.8515,316.8193,282.2919,285.7068,283.4836,310.2972,311.1929,325.8207,327.4031,321.7685,281.9487,292.2513,280.8494,286.4686,284.9574,285.3936,284.6621,309.8985,0.0000,298.9049,283.7854,315.6865,316.0877,284.7585,284.2288,318.5907,290.0164,287.4701,313.4947,302.2058,295.8485,302.6554,324.3578,293.9430,321.7413,340.7246,340.8347,324.0428,314.7452,281.9830,317.0471,316.7398,315.0859,309.3889,311.2111,292.8399,299.6948,300.9946,331.1876,339.4520,299.2163,318.5478,320.6148,320.7234,319.4929,316.8193,320.5577,319.4854,321.0104,320.7484,320.3666,315.4906,287.4059,280.1330,284.6635,0.0000,287.2464,287.0744,287.2465,285.1753,285.2266,285.3838,290.1027,293.4628,322.7721,282.3591,293.3263,295.6597,293.5350,284.4456,288.9985,311.3394,285.6738,284.4442,300.9596,308.5138,317.4633,318.2754,326.1842,309.8985,317.7370,309.8985,312.9397,312.3816,283.8431,292.1948
5.0000,316.4242,280.0229,280.1598,282.8914,278.0922,293.1840,291.0915,313.6267,285.8601,316.9460,303.3906,313.7788,284.8009,291.0342,283.2900,281.6910,288.5940,288.4229,294.3772,276.3887,287.3104,285.4736,286.0100,285.2931,296.5625,299.5056,300.1611,293.4852,317.5876,279.8348,281.3714,281.4379,321.1950,315.1399,314.1199,308.3015,285.1371,307.3639,285.8631,316.9967,328.2894,304.0361,304.3369,329.3054,323.7906,298.4292,317.9395,317.1615,280.3879,318.2988,315.2610,306.4584,318.8207,311.5265,315.9227,307.6955,277.0702,316.9914,291.2442,305.5876,312.0425,312.5444,315.9243,316.2525,307.6303,310.4747,310.6592,319.4599,313.4777,314.0561,323.2146,316.8459,312.3552,312.0935,298.8400,275.5744,283.3169,317.9812,314.1659,305.6630,281.1988,288.9818,285.2138,285.4029,286.1085,286.5033,286.9060,286.5564,285.9820,313.8281,286.2953,285.6858,285.4228,281.8811,279.2947,306.4786,307.9606,293.8185,0.0000,302.6236,307.3286,286.2853,285.6897,312.5504,294.8126,294.6376,304.2707,310.5281,311.2354,282.3814,287.1083,321.7041,313.8940,288.7693,291.4280,288.7835,292.4810,309.4121,284.4325,307.6522,315.8373,286.2947,286.9597,278.6412,296.7226,288.8765,316.6756,308.6328,293.6430,293.6947,278.7326,281.2123,296.5700,310.8519,281.7242,289.5633,285.9211,286.6594,286.8753,299.9335,288.4232,290.2495,283.9155,282.8887,315.8025,281.4352,284.6260,282.7153,309.3642,310.2106,322.2829,323.7451,318.3664,281.0013,290.9203,280.8588,285.9550,284.6030,284.3604,283.6005,308.9177,0.0000,298.1845,282.8419,315.2432,315.6099,283.6949,283.1969,315.7525,288.7811,286.3570,313.2297,302.2058,295.0683,302.6417,323.8394,292.5150,319.2651,337.0878,336.9238,321.2964,311.7606,281.6949,316.4188,316.1187,314.2487,309.2116,310.2001,291.6579,298.3383,299.4915,328.2534,335.9191,297.7754,317.4804,319.5529,319.6596,318.4507,315.8025,319.4964,318.4534,319.9847,319.6839,319.2819,314.4837,286.2953,279.3019,283.6018,0.0000,286.5570,285.8828,286.5570,284.1268,284.2004,284.3485,289.6089,292.6750,320.0615,281.3728,292.5789,294.7611,292.8240,283.7289,287.7645,310.2728,285.3262,283.7275,299.3684,308.5138,314.8610,315.6639,323.3928,308.9177,316.6897,308.9177,311.9450,311.3851,282.3460,291.7740
6.0000,309.1211,278.6108,278.7706,280.6939,275.2840,286.4864,284.5133,311.7154,284.2674,314.5600,301.1008,311.3513,283.2434,289.2450,282.5722,280.7401,288.0023,287.8364,293.5109,274.8984,283.7953,282.1674,282.7003,282.6959,288.7060,291.2631,291.8310,291.6001,315.1001,278.4264,279.8745,279.9827,318.6343,307.7485,306.9061,305.9105,283.5530,300.4899,284.3055,309.6712,320.5198,300.2664,301.9479,321.4958,321.1893,297.3130,317.4838,316.7433,279.6314,317.8006,314.9203,304.9833,317.9929,310.6504,314.8150,306.2728,276.0844,316.5142,290.1503,304.7788,311.2194,311.7257,315.3950,315.7369,306.7568,309.6131,309.7890,318.6205,312.5958,313.1067,322.5305,315.9516,311.4553,311.2700,297.9218,274.4718,282.4777,315.4862,311.7443,299.3321,280.2930,288.5840,283.6284,283.8183,284.5143,284.9060,285.2997,284.9500,284.3908,310.8450,284.8391,284.1461,283.9075,280.5134,278.0223,302.2539,303.5579,291.9223,0.0000,300.3952,304.9760,284.7022,283.1261,304.9911,293.8714,293.6825,303.3760,309.6836,310.4015,281.0274,285.6379,321.0287,311.4665,287.3008,285.0378,284.6072,290.4272,301.4506,282.8791,306.2699,315.1265,284.7117,285.3482,277.3421,295.6590,287.1910,314.2859,307.7664,292.5787,292.6303,277.7119,280.4951,283.2883,307.0504,280.2186,287.8750,284.3354,285.0521,285.2472,298.7869,281.8047,283.6070,282.4740,281.5150,315.1082,278.8124,283.6280,281.8342,308.5053,309.3478,319.0184,320.6148,315.2339,279.5258,289.4379,280.1770,285.1743,283.8662,282.8930,282.0595,308.0480,0.0000,297.2332,280.6532,314.8996,315.2182,282.1510,281.6862,313.3313,287.3273,284.8993,312.9877,302.2058,294.1886,302.6292,323.3985,290.6701,312.1261,331.8550,332.5326,318.7372,308.1813,280.6844,315.9332,315.6309,313.5743,309.0721,309.3141,285.1108,290.8797,291.2732,321.7077,330.4546,289.8805,316.6898,319.1017,319.2069,317.8827,315.1082,319.0429,317.6565,319.1440,319.2340,318.9294,313.7662,284.8391,278.0295,282.0607,0.0000,285.9690,284.2895,285.9691,282.7749,282.9184,282.8903,289.0076,291.8847,317.5380,279.8759,291.8075,293.8227,292.0195,283.2034,286.1221,309.4010,284.6604,283.2021,291.9755,308.5138,312.4185,313.2081,320.7981,308.0480,315.8842,308.0480,311.0788,310.5276,280.7477,290.6907
7.0000,306.8586,277.5924,277.7353,279.8833,274.9065,285.2783,283.4456,307.7671,283.1682,309.7849,297.9707,307.2459,282.2436,287.6578,282.3373,280.7638,287.2871,287.0220,293.1156,273.7933,282.9187,281.3524,281.8668,281.9317,287.3669,289.9394,290.4814,289.8038,307.9698,277.4132,278.8679,278.9576,307.6629,305.4876,304.6974,302.1621,282.4483,298.5164,283.1899,307.3953,317.9782,297.2982,298.8615,318.9302,310.2910,297.1684,317.0568,316.3048,279.6314,317.5978,314.7574,304.8497,317.6600,310.3041,314.6128,306.0833,275.1422,316.2798,289.9992,304.4274,310.8370,311.3249,315.1405,315.4817,306.3870,309.2768,309.4454,318.1244,312.2260,312.7574,322.2756,315.6983,311.1018,310.8876,297.7873,273.4621,281.5338,308.3376,306.2363,297.2061,279.5147,287.5840,282.5223,282.7224,283.4156,283.8038,284.1817,283.8377,283.2913,307.2160,283.6736,283.0466,282.7574,279.4903,277.0052,299.2964,300.6742,290.1546,0.0000,297.2880,301.1922,283.5896,282.3580,302.8831,293.4267,293.2216,302.9869,309.3204,310.0252,281.1137,284.4599,320.7701,305.8804,286.0849,284.0380,283.6559,289.8191,299.6352,281.8764,306.0573,314.7082,283.6015,284.2168,276.3229,295.5151,285.7749,309.5689,307.4140,292.4325,292.4840,276.7180,280.4618,282.0049,303.8200,279.2055,286.2992,283.2376,283.9367,284.1271,298.6379,280.6275,282.4152,281.7165,280.6478,314.6972,278.0593,283.2418,281.6265,308.1581,309.0077,314.9715,316.3906,311.3803,278.5176,288.1232,280.3845,284.7368,283.5719,281.8461,281.0826,307.6980,0.0000,296.5229,279.8413,314.7368,315.0441,281.1733,280.7172,308.1479,286.0697,283.7320,312.7639,302.2058,293.7652,302.6176,323.1459,288.9663,309.5878,327.7853,328.0972,308.1393,304.8351,280.7175,315.6970,315.3985,313.2592,308.9901,308.9575,284.0405,289.6720,289.9531,318.5381,326.5267,288.5652,316.1666,318.6713,318.7775,317.4623,314.6972,318.6126,317.1851,318.6233,318.8043,318.4841,313.3572,283.6736,277.0123,281.0839,0.0000,285.4761,283.1900,285.4762,282.0474,282.2044,281.7856,288.1681,291.4427,309.1756,278.8694,291.4443,293.3806,291.7154,282.8010,284.8334,309.0482,284.1963,282.7998,290.3972,308.5138,306.4453,306.8541,309.9478,307.6980,315.2932,307.6980,310.7984,310.2118,279.7836,290.5410
8.0000,306.6424,277.7002,277.8471,279.8953,274.8145,285.2368,283.3971,307.8289,283.1834,309.8660,298.0365,307.3573,282.2156,287.6890,282.3518,280.7759,287.4524,287.1619,293.3378,273.3518,282.9349,281.3824,281.8937,281.9626,287.3124,289.8880,290.4410,289.8334,308.0714,277.5203,278.9230,278.9806,307.7934,305.2780,304.5122,302.2544,282.4679,298.4429,283.2404,307.1711,317.5933,297.3446,298.9115,318.5308,310.4396,296.8858,317.2794,316.5552,279.6314,317.5876,314.7496,304.3604,317.5238,310.2993,314.3365,305.5911,275.3599,316.2934,289.7161,304.4398,310.9305,311.4427,315.1641,315.5109,306.3540,309.2855,309.4525,318.3177,312.3001,312.7977,322.2426,315.8623,311.1131,310.9813,297.6276,273.5761,281.6756,308.4393,306.3313,297.1613,279.5660,287.7457,282.5411,282.7392,283.4204,283.7994,284.1942,283.8502,283.2961,307.2621,283.7508,283.1047,282.8156,279.5645,277.0928,299.3296,300.6883,290.1589,0.0000,297.3567,301.2758,283.6353,282.3854,302.6905,293.6078,293.3848,303.0689,309.3787,310.1066,281.1348,284.5304,320.7432,305.9748,286.1539,283.9481,283.6669,288.4259,299.4858,281.9207,305.5699,314.8576,283.6470,284.2821,276.4295,295.2582,285.8361,309.6526,307.4530,292.1694,292.2208,276.8506,280.9898,281.9536,303.8516,279.2565,286.4430,283.2572,283.9542,284.1302,298.3339,280.5667,282.3659,281.8806,280.8054,314.8393,278.0593,283.5204,281.8218,308.1853,309.0217,314.9765,316.4037,311.4069,278.5853,288.2645,280.5953,284.5994,283.5425,281.9144,281.1342,307.7340,0.0000,296.6941,279.8531,314.7302,315.0369,281.2201,280.7571,308.2408,286.1892,283.8090,312.6905,302.2058,293.9808,302.6138,322.9762,288.9990,309.3445,327.5378,327.9331,308.2708,304.8716,280.7309,315.7161,315.4120,313.3081,308.9433,308.9496,283.9899,289.6206,289.9017,318.2327,326.2666,288.4690,316.4879,318.8840,318.9894,317.6389,314.8393,318.8249,317.3599,318.8408,319.0164,318.7233,313.5011,283.7508,277.0999,281.1354,0.0000,285.7125,283.2050,285.7126,282.2228,282.3729,281.8490,288.3218,291.6665,309.2764,278.9245,291.7275,293.5639,292.0221,283.0750,284.8768,309.0598,284.2604,283.0737,290.3456,308.5138,306.5415,306.9525,310.0937,307.7340,315.6310,307.7340,310.7425,310.1935,279.4084,290.2658
9.0000,307.4453,278.7970,278.9518,280.8286,275.2461,285.9442,284.1200,309.0626,285.2212,311.1768,299.2877,308.7468,283.4318,289.2586,282.5494,280.7499,288.1905,287.8588,294.1944,274.5507,283.6319,282.0035,282.5466,282.6792,288.0296,290.5138,291.0752,291.3578,309.3619,278.6171,280.0974,280.1554,309.0480,306.1316,305.3372,303.5477,284.7692,299.2832,284.9174,307.9690,318.2910,298.4538,300.1403,319.2194,311.7084,297.3067,318.1396,317.4091,279.6314,318.0305,315.1134,304.9820,318.2497,311.0739,315.0139,306.2188,276.5053,316.8138,290.1848,305.2532,311.7116,312.2267,315.7195,316.0654,307.0982,310.0484,310.2135,319.0735,313.1116,313.6237,322.8579,316.6196,311.9314,311.7626,297.9922,274.6649,282.5519,309.7320,307.6288,298.0477,280.1381,288.4867,284.8388,285.0073,285.4756,285.8482,286.1305,285.7882,285.4613,308.4843,285.0357,284.6515,284.1557,280.7727,278.2574,300.4076,301.7624,291.6714,0.0000,298.6406,302.5666,285.3774,283.0956,303.4947,294.4660,294.2346,303.8761,310.1497,310.8868,281.0355,285.8126,321.3523,307.2686,287.4344,284.6419,284.2299,289.3460,300.1961,283.3163,306.1949,315.6652,285.3267,286.0349,277.5249,295.6786,287.4328,310.9703,308.2304,292.6093,292.6609,277.8621,281.3736,282.6577,305.0066,280.4320,287.9597,285.3345,285.8048,285.9845,298.7362,281.2724,283.0704,282.7796,281.7069,315.6470,278.9501,284.1792,282.2066,308.9432,309.7879,316.2363,317.7017,312.6458,279.7410,289.5666,279.9419,285.2869,283.8706,283.1683,282.3660,308.5223,0.0000,297.5676,280.7918,315.0942,315.4310,282.4503,282.0224,309.5544,287.4876,285.0938,312.9565,302.2058,294.8400,302.6276,322.8712,290.5451,310.2540,328.7768,329.2416,309.5259,306.0494,280.6938,316.2362,315.9245,313.9824,308.9102,309.6982,284.7014,290.2960,290.5292,319.2078,327.4588,289.2125,317.3527,319.7505,319.8593,318.4926,315.6470,319.6908,318.1277,319.5501,319.8873,319.5771,314.3078,285.0357,278.2646,282.3676,0.0000,286.4894,285.2404,286.4894,283.1371,283.2916,283.1296,289.0137,292.4882,310.5573,280.0989,292.5773,294.4236,292.8943,283.8569,286.5145,309.8766,284.6553,283.8555,291.1144,308.5138,307.8346,308.2448,311.3603,308.5223,316.5231,308.5223,311.5039,310.9588,280.5483,290.7253
10.0000,307.6657,279.2457,279.4020,281.2841,275.6377,286.2417,284.4179,309.5143,285.7375,311.5955,299.7167,309.2349,284.0222,289.6846,282.5357,280.8283,288.2871,287.9081,294.5391,274.8787,283.9481,282.3776,282.8852,282.9953,288.3229,290.7962,291.3552,291.7894,309.7089,279.0645,280.6019,280.6529,309.3280,306.3554,305.5769,303.9650,285.2741,299.5864,285.3753,308.1842,318.4026,298.8183,300.5774,319.3217,311.9000,297.4811,318.5371,317.7924,279.6314,318.2702,315.2876,305.2960,318.3728,311.4817,315.3634,306.5580,277.1929,317.0679,290.3794,305.7186,312.1247,312.6415,315.9974,316.3451,307.4003,310.4477,310.6112,319.6359,313.5714,314.1172,323.1315,317.2204,312.3898,312.1754,298.1111,275.0945,282.8448,310.0755,308.0196,298.3757,281.3062,288.4759,285.3446,285.5279,285.9997,286.3771,286.6423,286.2966,285.9861,308.9420,285.4864,285.1051,284.6152,281.2186,278.6974,300.7757,302.1574,292.1156,0.0000,299.0715,302.9847,285.8123,283.3962,303.7364,294.8338,294.6008,304.2767,310.5564,311.2984,281.2782,286.2636,321.6387,307.6546,287.8741,284.9278,284.6999,289.3274,300.4784,283.8730,306.5373,316.0995,285.7995,286.5091,277.9618,295.8446,287.8387,311.3950,308.6413,292.7852,292.8367,278.2522,281.5243,282.9466,305.4508,280.9372,288.2306,285.8320,286.3027,286.4837,298.9056,281.5614,283.3635,283.1221,282.0483,316.0779,279.4057,284.4374,282.3576,309.3375,310.1876,316.6750,318.1461,313.0997,280.2317,290.0722,280.2062,285.1970,283.8596,283.6297,282.9318,308.9438,0.0000,297.8012,281.2504,315.2689,315.6204,283.0151,282.6117,309.9617,287.9578,285.5447,313.0202,302.2058,295.1748,302.6309,322.9345,290.9742,310.4527,328.9848,329.4444,309.8049,306.5028,280.7967,316.4930,316.1779,314.3269,308.9312,310.0699,285.0032,290.5908,290.8120,319.3553,327.6608,289.4795,317.7616,320.1483,320.2551,318.9330,316.0779,320.0887,318.6412,320.1611,320.2819,319.9806,314.7179,285.4864,278.7046,282.9334,0.0000,286.6502,285.7564,286.6503,283.4821,283.6372,283.5835,288.9670,292.7800,310.8804,280.6034,292.9066,294.7924,293.2533,284.0091,286.9607,310.3372,284.6665,284.0076,291.4183,308.5138,308.2111,308.6112,311.5658,308.9438,316.9360,308.9438,311.9504,311.3722,280.9218,290.9141
11.0000,313.9426,279.9959,280.1541,282.3105,276.7035,291.9789,290.0716,312.4975,286.4642,314.1387,301.5851,311.7014,284.8159,290.7928,282.6396,281.0276,288.7142,288.3411,294.8641,275.7476,286.5011,284.7680,285.2479,284.6332,295.2122,297.9565,298.5721,293.0692,311.9445,279.8128,281.3492,281.4061,311.6062,312.7446,311.8111,306.0422,285.9988,305.6391,286.1020,314.4720,324.9057,302.0978,302.5741,325.8441,314.2261,297.8370,318.9071,318.1564,279.6314,318.4504,315.4222,305.7018,318.5182,311.8197,315.7189,306.9911,277.8861,317.2911,290.7258,306.0864,312.4905,313.0107,316.2351,316.5807,307.7241,310.7884,310.9510,320.0060,313.9588,314.5175,323.3668,317.5596,312.7533,312.5411,298.4003,275.6737,283.3144,312.3209,310.2269,303.9833,281.9870,288.9709,286.0691,286.2415,286.7212,287.0937,287.3780,287.0221,286.7006,312.1303,286.1721,285.8200,285.3807,281.8912,279.3378,304.5155,306.1678,293.4967,0.0000,300.8665,304.9979,286.5340,285.0597,310.2858,295.1275,294.9082,304.6208,310.9247,311.6626,281.8342,286.9424,321.8846,309.8463,288.5024,290.4185,288.0335,290.0260,307.3920,284.6133,306.9715,316.4730,286.5204,287.2349,278.6432,296.1789,288.7958,313.9316,309.0109,293.1186,293.1703,278.7708,280.5149,295.2196,309.0922,281.6873,289.2680,286.5455,287.0238,287.1916,299.2774,287.2132,289.0469,283.5964,282.5207,316.4488,280.3164,284.2806,282.1829,309.6974,310.5274,319.9988,321.3730,316.3660,280.9792,290.7699,280.0400,285.4535,284.0109,284.3338,283.6743,309.3102,0.0000,298.2749,282.2635,315.4051,315.7775,283.7589,283.3821,312.3247,288.6331,286.2309,313.0149,302.2058,295.5129,302.6306,323.0435,292.1751,316.5639,333.5439,333.4725,312.0899,310.0160,281.0489,316.7152,316.3943,314.6298,308.9798,310.4058,290.6214,297.0353,297.9501,324.7792,332.3696,296.3708,318.1884,320.5214,320.6289,319.3300,316.4488,320.4618,319.0085,320.5318,320.6556,320.3624,315.0883,286.1721,279.3450,283.6760,0.0000,287.0614,286.4830,287.0615,283.8539,283.9633,284.3052,289.4091,293.1335,313.1452,281.3507,293.2484,295.0871,293.5566,284.4300,287.8272,310.7020,284.9005,284.4284,297.9175,308.5138,310.4163,310.8164,313.8854,309.3102,317.3485,309.3102,312.3531,311.7306,281.7126,291.2573
12.0000,313.0100,279.5234,279.6837,281.7434,275.9925,291.2580,289.4053,311.9844,285.8346,313.6434,301.0505,311.2068,284.3459,290.1962,282.4690,280.9262,288.0995,287.7405,294.3645,275.6842,285.9150,284.0257,284.5566,284.1482,294.4404,297.1360,297.7405,292.4095,311.4309,279.3443,280.7437,280.7922,311.0926,311.8839,310.9206,305.5181,285.3858,304.8285,285.5489,313.5288,323.7504,301.3164,302.0557,324.6696,313.7150,297.8058,318.3878,317.6041,279.6314,318.0727,315.1212,306.0683,317.0430,311.3471,315.6762,307.3388,278.1616,316.9465,290.7196,305.5254,312.0305,312.5345,315.8734,316.2282,307.3363,310.3563,310.5107,319.4425,313.5591,314.1729,322.8421,317.1117,312.1438,312.0812,298.1797,275.3121,282.8347,311.8069,309.7182,303.1908,280.1381,288.2631,285.4556,285.6231,286.0831,286.4509,286.7637,286.4109,286.0696,311.4563,285.6600,285.2787,284.8330,281.3902,278.8866,303.6946,305.3962,292.7228,0.0000,300.3256,304.4700,285.9863,284.5954,309.4729,294.6954,294.4828,304.1786,310.4777,311.2081,281.4277,286.4277,321.4212,309.3345,287.9775,289.6914,287.2241,288.1247,306.6379,283.9022,307.2836,315.9726,285.9661,286.7016,278.2075,296.1099,288.2423,313.4363,308.5650,293.0690,293.1206,278.3585,280.4951,294.4444,308.3439,281.0839,288.8056,285.9414,286.4311,286.5988,299.2531,286.5101,288.3358,283.1971,282.1230,315.9507,279.9425,284.0429,282.0552,309.2662,310.0945,318.9555,320.3110,315.5022,280.4069,290.3493,280.1425,285.2909,283.8659,283.7826,282.9440,308.8584,0.0000,298.0966,281.6945,315.1086,315.4791,283.0383,282.6772,311.8502,288.1712,285.7194,312.8390,302.2058,295.0402,302.6215,322.4365,291.5449,315.6080,331.9929,331.8943,311.5788,309.2834,280.9022,316.3734,316.0491,314.2178,308.8860,309.9869,289.9353,296.2755,297.1314,323.5051,330.8558,295.5239,317.6415,320.0117,320.1178,318.8159,315.9507,319.9522,318.4431,319.9674,320.1447,319.8496,314.5971,285.6600,278.8938,282.9456,0.0000,286.3606,285.8540,286.3606,283.4621,283.5769,283.7797,288.6861,292.3697,312.6337,280.7452,292.7633,294.6550,293.0571,283.7069,287.2583,310.1075,284.5599,283.7057,297.1393,308.5138,309.9043,310.3030,313.3743,308.8583,316.7839,308.8584,311.9002,311.2994,281.0685,291.2368
13.0000,263.8095,237.7259,237.8675,239.6925,235.0301,247.3673,245.9136,264.4687,242.1949,265.9965,255.2175,263.9765,241.7119,245.2675,241.4048,240.0060,245.8317,245.4650,251.6264,234.1979,243.2977,241.6749,242.1457,241.9613,249.9131,252.0428,252.5336,247.2551,264.2057,237.5705,238.6591,238.6829,264.1801,263.1717,262.4655,259.0966,241.6107,258.2179,242.2282,264.1378,270.5861,255.5048,255.9191,271.1653,266.3647,254.1088,272.8256,272.1400,239.2383,274.6968,272.5126,260.7999,275.6151,268.0748,270.2865,261.9649,236.5311,273.2126,248.0966,273.3820,267.5741,267.9919,272.1062,272.3768,269.5702,266.5591,267.0079,273.7219,268.8362,269.3541,278.2615,271.7655,270.1797,267.6164,254.9153,234.1555,240.8442,264.5139,262.6849,256.9360,238.6188,245.9900,241.6701,241.8477,242.3907,242.7001,243.0411,242.7472,242.2958,264.0012,242.7993,242.1427,241.9649,239.2664,237.1551,257.6411,258.7643,247.5009,0.0000,254.5782,258.2557,242.5701,242.3248,261.3716,251.9861,251.7911,260.5629,266.2554,266.8596,239.7101,243.4442,276.9569,262.3946,244.7584,246.1614,244.1849,244.2567,259.4563,241.1648,261.9898,270.8428,242.5883,243.1182,236.5977,252.8168,243.9124,265.8247,264.5171,250.2107,250.2547,236.8403,240.5759,249.9131,261.2992,238.9419,243.9737,242.2513,242.8323,242.9623,255.2535,243.3254,244.8815,241.5218,240.7386,270.8241,238.1643,242.8636,241.2880,265.3410,266.2987,270.5244,271.7294,267.5117,238.3972,246.9165,239.7500,243.4169,242.4234,241.2260,240.5109,264.7519,0.0000,254.7081,239.6454,272.4712,272.5647,240.5915,240.2530,264.4846,245.0170,242.8498,272.1915,264.4096,252.1840,264.6943,280.9851,246.4679,266.3816,280.9007,281.1152,264.5580,262.1114,239.8778,272.6888,272.4802,270.0576,269.9249,268.3057,246.3464,251.4852,252.0437,273.2507,279.8624,250.7763,272.2996,274.2351,274.3239,273.1961,270.8105,274.1849,272.8756,274.1648,274.3457,274.1170,269.6452,242.7993,237.1612,240.5117,0.0000,244.4594,242.2127,244.4594,241.7416,241.8192,241.1696,246.2277,249.7313,265.3000,238.6604,250.2415,251.9507,250.5558,242.2047,243.3482,270.9746,243.0159,242.2038,252.0802,267.7467,262.8859,263.2218,266.0766,264.7494,271.5974,264.7496,267.5835,267.2637,238.7615,248.5623
14.0000,227.8024,203.2368,203.3522,205.2613,201.6836,213.5044,212.2210,228.3458,206.9972,229.9070,219.6735,227.7584,206.5215,209.9380,206.4846,205.4585,209.5488,209.4492,214.4947,200.3478,208.9178,207.5668,207.9072,207.4500,215.6767,217.4465,217.8680,211.8011,229.7474,203.1039,204.0404,204.0476,232.1923,227.2501,226.6128,223.3441,206.4958,222.8548,207.0777,228.0937,233.8180,220.2223,220.3055,234.3322,233.9709,216.9181,231.2328,230.6517,204.8585,235.1833,233.5665,222.9443,236.2464,227.7716,230.9535,223.9429,202.1839,233.5160,211.8393,230.2032,227.1315,227.4784,232.3417,232.5852,231.9815,226.7093,227.1570,232.1812,228.0873,228.4836,237.7843,230.3568,228.4049,227.1672,217.7169,200.1390,205.6538,230.0064,227.4723,221.7190,204.0674,209.8478,206.5430,206.6728,207.1600,207.4119,207.7007,207.4621,207.0599,227.9070,207.5195,207.0225,206.9488,204.5355,202.7210,222.1799,223.2303,212.0105,0.0000,219.0742,222.6518,207.2764,207.7497,225.6616,214.7570,214.5998,221.4188,226.0554,226.5201,205.0202,208.0614,236.5765,227.2761,209.1574,212.4094,210.1694,210.9136,223.9361,206.2211,223.9371,229.6071,207.3563,207.7754,202.2307,215.8791,208.6300,229.7235,224.5091,213.6700,213.7076,202.3337,205.8033,215.6767,225.5490,204.2667,208.5515,206.9998,207.5419,207.6538,217.8316,211.2015,212.0982,206.5997,205.9298,229.5736,204.0114,207.6183,206.4128,225.5186,226.4765,233.8946,235.0043,231.1205,203.8151,210.6524,205.4521,207.9782,207.2756,206.2905,205.6855,224.5718,0.0000,217.2065,205.2153,233.5067,233.4120,205.7449,205.4498,228.8585,209.2228,207.5581,234.3190,228.4192,214.9749,228.6223,242.6352,211.0544,230.0442,243.0408,243.3648,232.2705,226.2729,205.3213,233.0087,232.8693,229.9092,233.1955,229.1448,212.5701,217.0012,217.4483,236.1264,242.1033,216.4115,231.0607,232.4352,232.5111,231.5489,229.2511,232.3948,231.3870,232.5599,232.5298,232.2824,228.6056,207.5195,202.7262,205.6861,0.0000,208.4023,207.0121,208.4023,206.7459,206.7943,206.2041,210.0218,212.8814,231.4571,204.0416,213.3880,214.7253,213.6067,206.4958,208.1317,228.3455,207.6615,206.4953,217.5413,230.2607,227.9276,228.4394,233.6997,224.5580,230.4828,224.5220,227.2917,227.2197,204.5081,212.2364
15.0000,228.0603,203.0517,203.1978,204.8794,201.5822,213.3515,212.3186,226.5472,205.5600,228.4329,218.4864,226.3800,205.8628,209.1862,206.3203,205.3434,208.6499,208.7938,211.7530,200.3070,208.6303,207.4793,207.7273,207.1259,215.4862,217.5751,217.9546,210.9512,228.4318,202.9072,204.2696,204.4112,230.9124,228.1192,226.8160,222.0053,205.1234,222.4948,205.8927,228.3665,234.3863,219.2005,219.0888,234.9272,232.7115,214.9108,225.1774,224.5683,204.8585,232.6658,231.6051,220.5890,231.6449,222.5478,228.1285,221.6625,201.6684,230.6511,209.8385,222.4932,221.8004,222.0842,229.0864,229.3820,226.9764,221.8993,222.2541,226.3993,222.6397,223.0426,234.1790,224.5084,221.9457,221.8347,215.8712,199.6177,205.0647,228.6934,226.1225,221.1714,203.4084,209.2075,205.1713,205.2901,205.7169,205.9775,206.0544,205.7989,205.6531,226.1985,206.4216,205.8599,205.9472,203.5389,201.8979,221.1702,222.1194,211.1375,0.0000,217.8862,221.3832,206.0940,207.4856,226.4838,211.8978,211.7895,216.8923,220.8370,221.2215,204.4676,206.9687,232.9578,225.9567,207.9575,212.5955,210.1203,210.7955,224.6789,205.3984,221.6474,223.7132,206.0386,206.3143,201.9132,213.9293,207.7296,228.2577,219.2478,211.7175,211.7548,201.7801,205.1819,215.4862,224.1278,204.5042,207.8346,205.6713,205.9983,206.1044,215.8346,211.2470,212.0610,205.6947,205.0277,223.6693,203.8713,206.5503,205.7898,220.6773,221.6795,230.6364,230.6364,228.6167,203.9407,209.4499,205.4190,207.8755,207.1427,205.3687,205.0214,219.0528,0.0000,214.2468,204.8323,231.5261,231.1927,205.0804,204.7844,227.4617,208.0220,206.4615,233.4328,228.4192,212.2058,228.5760,243.3942,210.2469,230.9095,243.5753,239.6187,230.9896,224.7595,205.1411,230.0553,229.9325,225.5947,233.4572,224.2230,212.6646,217.0964,217.5757,237.0282,242.7091,216.2224,225.2828,226.3547,226.4265,225.5260,222.8540,226.3187,225.5594,226.7656,226.4449,226.2003,222.4213,206.4216,201.9031,205.0221,0.0000,207.1499,204.7756,207.1499,205.7932,205.8449,205.2050,209.3614,210.6260,230.1456,204.2701,210.6325,211.8649,210.8899,205.3767,207.1050,220.7401,207.3027,205.3759,217.2413,230.2607,226.6081,227.1168,232.4369,219.0200,224.7530,218.9099,222.0834,222.2723,204.4730,210.2461
16.0000,228.3664,202.5941,202.7558,204.4098,201.2155,213.2427,212.1892,226.3983,205.1919,228.2793,218.1378,226.1756,205.2596,208.7804,206.1857,205.3963,207.8412,208.2212,209.3674,199.7270,208.3211,207.1204,207.3705,206.7759,215.3973,217.5159,217.9061,210.5322,228.1488,202.4395,203.7766,203.9209,230.6411,228.3822,227.0379,221.7225,204.7419,222.4816,205.4197,228.6934,235.1251,219.0869,218.7509,235.7031,232.4746,213.4671,220.4174,219.7854,204.8585,229.8187,229.1029,219.1607,227.5934,217.8535,225.7301,220.1938,201.1671,227.4630,208.3868,215.1717,217.1945,217.4275,225.6752,225.9689,222.5552,217.6847,217.9449,221.6321,218.0120,218.4388,230.6651,219.7399,215.7756,217.2281,214.3606,199.0674,204.5127,228.4135,225.8411,221.1109,202.8066,208.6431,204.7922,204.9373,205.3412,205.5967,205.6356,205.3846,205.2844,226.0327,205.8180,205.3593,205.4047,202.8473,201.2606,221.0629,221.9890,210.7387,0.0000,217.5442,221.0861,205.6652,207.1686,226.7346,209.4392,209.3721,212.9666,216.3074,216.6285,204.5520,206.3805,229.4362,225.6697,207.3595,212.4387,209.8751,208.7513,224.9227,205.1210,220.1182,218.9269,205.5699,205.8402,201.4172,212.4787,207.2952,228.1003,214.6727,210.2701,210.3071,201.2556,204.6812,215.4025,223.9458,204.0196,207.4094,205.2955,205.5762,205.7098,214.4283,211.2780,212.0356,205.0013,204.3365,218.8983,203.4609,205.6892,205.2874,216.4597,217.4793,230.6161,230.6162,228.5378,203.4538,208.8980,205.5622,207.6752,207.0042,204.7855,204.4148,214.2522,0.0000,211.7301,204.3601,228.9889,228.4174,204.4746,204.1675,227.2452,207.4283,205.8595,232.1898,228.4192,209.8103,228.5108,243.9693,209.8232,231.2113,244.1591,240.1313,230.7160,224.5728,205.1986,226.8037,226.7176,221.5539,233.5921,219.8893,212.5321,216.9996,217.5153,237.4526,243.2752,216.1440,220.4162,221.5888,221.6579,220.7481,217.8857,221.5535,220.8001,221.9907,221.6765,221.4979,217.2120,205.8180,201.2658,204.4155,0.0000,205.8679,204.3086,205.8678,205.0744,205.1444,204.6047,208.8167,208.6121,229.8581,203.7770,208.2554,209.4041,208.4670,204.0908,206.6565,213.4273,206.9946,204.0902,217.1612,228.4174,226.3230,226.8286,232.1941,214.2036,219.8754,214.0218,217.5471,217.9435,203.6665,208.7923
17.0000,228.7768,201.2595,201.4434,203.7396,200.6718,213.0757,211.9597,226.2115,204.4028,228.0024,217.7066,225.5051,204.5253,208.2904,208.0219,205.4719,213.6994,215.0246,209.3937,198.8617,207.8774,206.6120,206.8849,206.2549,215.2682,217.4410,217.8368,210.0723,227.9527,201.0900,202.8247,202.9969,230.4936,228.7883,227.3576,221.3278,203.9407,222.4640,204.6930,229.1271,236.0232,218.9026,218.3548,236.6432,232.3944,232.6888,218.8578,218.2227,204.8585,229.4558,228.5794,225.5495,228.9106,216.1844,228.2803,225.5957,199.4934,226.6641,208.8050,211.5207,215.6288,215.8483,224.7715,225.0562,225.1487,216.3915,216.5357,220.0813,216.4822,216.9385,230.5289,218.6232,213.0877,215.6621,213.7427,197.2441,214.8060,228.2335,225.5770,221.0430,201.9870,215.2552,203.9930,204.1337,204.5583,204.8276,204.8643,204.5926,204.4995,225.8660,205.0758,204.6334,204.6927,202.0110,200.0912,220.9028,221.8644,210.2861,0.0000,217.0973,220.6926,204.9571,206.5949,227.1277,208.9509,208.6417,211.7099,214.7834,215.0690,204.6772,205.6585,228.9652,225.3993,206.6225,212.1679,209.4218,208.0105,225.2904,204.3055,224.9306,217.3330,204.8249,205.0720,199.8952,211.1652,206.7602,227.7892,213.1704,209.9803,210.0173,213.7496,204.3391,215.2798,223.7937,203.0786,207.1198,204.5368,204.8079,204.9448,233.6982,211.3270,211.9956,204.3806,203.7179,217.3078,202.8612,205.1225,204.9444,215.0818,216.1864,230.8207,230.8207,228.5799,202.4054,208.2627,205.3439,209.7197,208.9005,204.0585,203.5887,212.6884,0.0000,211.7630,203.6880,228.4494,227.8324,203.6552,203.3330,227.0001,206.7297,205.1196,232.0821,228.4192,209.8420,228.5051,244.6281,209.3489,231.6296,245.1588,240.9949,230.5614,224.4144,205.2813,225.9664,225.9148,220.3133,233.7385,219.8266,212.2966,216.8426,217.4378,238.0479,244.2337,216.0432,218.9411,220.0064,220.0767,219.1577,216.2438,219.9714,219.2442,220.4374,220.0955,219.9748,215.2664,205.0758,200.0964,203.5894,0.0000,209.8922,203.4092,209.8915,204.4462,204.5227,203.8500,215.6486,209.9393,229.6827,202.8249,208.3229,208.9133,208.5032,208.0628,206.0160,209.7549,210.7987,208.0622,217.0508,227.8324,226.0719,226.5945,232.1020,212.6345,218.4005,212.4270,216.1074,216.6025,202.8346,208.9839
18.0000,229.9633,203.0791,203.2843,204.7418,201.2230,213.5251,212.3818,227.7146,205.7342,229.6512,219.1101,227.0991,206.0167,209.5619,206.9050,205.4490,209.9432,210.7249,208.9035,200.3519,208.5693,207.1779,207.5165,207.0307,215.8137,218.0516,218.4584,211.3515,229.6439,202.8975,204.2989,204.4618,232.2579,229.9248,228.4535,222.8204,205.2526,223.3372,205.9232,230.3362,237.6815,220.1908,219.7475,238.3420,234.2158,233.5693,218.4328,217.7947,204.8585,229.2561,228.3857,226.2857,228.4891,215.6271,228.5816,226.3370,201.5645,226.4740,209.2027,209.3288,215.3401,215.5551,224.5557,224.8417,224.6177,216.1235,216.2231,219.7122,216.1518,216.5901,230.3054,217.9772,211.5791,215.3733,214.0057,199.3053,205.8969,229.9397,227.1770,221.9569,203.2402,211.0442,205.3070,205.4536,205.8933,206.1669,206.2458,205.9695,205.8292,227.3225,206.3195,205.8365,205.8485,203.1539,201.5426,222.1499,223.0742,211.5640,0.0000,218.4957,222.1741,206.2222,207.4481,228.2193,208.7536,208.7125,211.5458,214.5148,214.7867,204.5503,206.9296,228.7377,227.0023,207.9459,212.6209,209.8375,208.6126,226.2991,205.5944,225.6500,216.9821,206.1076,206.3966,201.8108,211.4934,208.0455,229.4335,212.9122,210.3373,210.3744,201.8737,204.6399,215.8254,225.1232,204.5656,208.5338,205.8480,206.1606,206.3136,234.5993,211.2078,212.0930,205.1558,204.4906,216.9551,203.7936,205.6212,205.2464,214.8535,215.9226,232.5477,232.5477,230.1941,203.9605,209.7340,205.1139,208.8736,207.8691,205.1741,204.8519,212.3958,0.0000,211.5718,204.6942,228.2536,227.6298,204.9270,204.6310,228.6190,208.0896,206.3659,231.9042,228.4192,209.3735,228.4957,245.4104,210.6257,232.7547,246.2915,243.1850,232.3263,225.7821,205.2432,225.7631,225.7083,220.0581,233.9777,219.4563,212.7320,217.3702,218.0461,239.1431,245.3623,216.6093,218.6692,219.5922,219.6650,218.7649,215.8697,219.5578,218.8877,220.0677,219.6833,219.5741,214.8123,206.3195,201.5478,204.8527,0.0000,207.0575,204.8516,207.0572,205.2215,205.2944,205.0186,211.3345,208.6964,231.4191,204.2992,207.8721,208.7141,207.9850,205.1827,207.2615,207.5246,208.4206,205.1824,217.7090,227.6298,227.6974,228.2394,233.9144,212.3396,218.1575,212.1284,215.8314,216.3327,204.1494,209.3693
19.0000,230.8390,203.6405,203.8714,205.0716,201.2893,213.7336,212.5471,228.6686,206.2789,230.6733,219.8824,228.0497,206.6070,210.2364,206.9725,205.4786,210.1134,210.8981,209.0127,201.0519,208.8116,207.3548,207.7170,207.2881,216.0953,218.3849,218.8049,212.0619,230.6678,203.4465,204.8347,205.0201,233.3405,230.8142,229.2666,223.6866,205.7917,223.8810,206.4310,231.2282,238.8982,220.9663,220.5177,239.5880,235.3527,234.1280,218.4598,217.8405,204.8585,229.3088,228.4455,226.5397,228.5195,215.4239,228.7635,226.6417,202.1527,226.5693,209.3102,207.9602,215.3268,215.5430,224.6179,224.9090,224.6406,216.1048,216.1835,219.7186,216.0970,216.5022,230.3288,217.9221,210.7557,215.3604,214.0351,199.8220,206.2721,230.9749,228.1378,222.5161,203.7041,211.2126,205.8473,205.9883,206.4488,206.7324,206.8130,206.5273,206.3807,228.2184,206.8660,206.3300,206.3407,203.6098,202.0204,222.9285,223.8279,212.2709,0.0000,219.2635,223.0243,206.7173,207.7237,229.0464,208.8788,208.8450,211.5862,214.5015,214.7731,204.5432,207.4999,228.7601,227.9607,208.5404,212.7884,210.0299,208.9210,227.0079,206.0888,225.9522,216.9815,206.6335,206.9267,202.3678,211.5634,208.6893,230.4494,212.9090,210.4254,210.4624,202.3514,204.7455,216.1070,225.9428,205.1105,209.3539,206.3834,206.7149,206.8788,235.2013,211.1530,212.1379,205.4062,204.6483,216.9580,204.0539,205.8019,205.3522,214.8447,215.9069,233.5928,233.5928,231.1844,204.4994,210.4868,204.8509,209.1758,208.0080,205.6349,205.3194,212.3885,0.0000,211.5718,205.0258,228.3123,227.6856,205.4003,205.1000,229.6074,208.7385,206.9151,231.9720,228.4192,209.4753,228.4993,246.3054,211.3278,233.8038,247.9526,244.7305,233.4068,226.6239,205.2672,225.8421,225.7760,220.0844,234.2933,219.4561,212.9074,217.6265,218.3770,240.5621,246.9952,216.8931,218.6567,219.6119,219.6851,218.7994,215.8621,219.5774,218.8987,220.0741,219.7030,219.5838,214.7850,206.8660,202.0256,205.3203,0.0000,207.1424,205.3946,207.1421,205.4967,205.5828,205.5111,211.5018,208.7964,232.4738,204.8349,207.9692,208.8378,208.0958,205.2225,207.8302,206.1168,208.5298,205.2224,218.0754,227.6856,228.6728,229.2287,235.0422,212.3319,218.1320,212.1179,215.8176,216.3075,204.7079,209.4695
20.0000,230.7466,203.7770,204.0311,205.1523,201.3331,213.6895,212.4760,227.0109,206.3694,228.6404,218.6980,226.2821,206.7090,209.9813,206.9990,205.4682,210.1157,210.9329,208.8823,201.1200,208.8532,207.4995,207.8299,207.3272,216.0035,218.3084,218.7317,211.6942,227.0192,203.5694,204.9245,205.1199,227.0339,230.6438,229.1177,222.1653,205.8634,223.5490,206.3811,231.1500,239.1044,219.9185,219.3744,239.8199,229.1553,234.5388,218.2931,217.6740,204.8585,229.2226,228.3715,226.7997,228.3714,215.0548,228.8390,226.8968,202.2797,226.5319,209.3703,206.4071,215.1732,215.3886,224.5389,224.8318,224.5030,215.9208,215.9738,219.5612,215.9235,216.3167,230.2210,217.5595,209.7621,215.2067,214.0139,199.8908,206.3412,227.3356,225.5379,222.0400,203.7384,211.1752,205.9225,206.1178,206.5813,206.8963,206.9093,206.6126,206.5290,226.8145,206.8395,206.2788,206.2676,203.5862,202.0307,221.8718,222.8573,211.9119,0.0000,218.0974,221.4598,206.4534,207.7634,228.9427,208.7558,208.7312,211.4377,214.3441,214.6189,204.5331,207.4950,228.6428,225.2945,208.5604,212.6991,210.1493,208.9299,227.0351,206.1420,226.1828,216.8294,206.6404,206.9347,202.4750,211.5846,208.5646,228.4395,212.7477,210.4654,210.5024,202.4319,204.7234,216.0152,224.7604,205.2094,209.3833,206.4244,206.7804,206.9532,235.6335,211.1609,212.1314,205.3782,204.6204,216.8074,204.2483,205.7632,205.3299,214.6803,215.7248,232.2390,232.2391,229.7900,204.5971,210.4759,204.7478,209.3397,208.0854,205.5983,205.3535,212.2219,0.0000,211.5718,205.1075,228.2366,227.6055,205.4380,205.1367,227.2628,208.7082,206.8898,231.9925,228.4192,209.3588,228.5004,247.1433,211.0135,233.6280,247.8714,243.6311,227.3629,225.3744,205.2569,225.7844,225.7053,219.9658,234.6212,219.2795,212.8404,217.5547,218.3018,240.3607,246.8992,216.8189,218.4810,219.4537,219.5269,218.6562,215.7157,219.4191,218.7447,219.9165,219.5448,219.4278,214.6292,206.8395,202.0359,205.3545,0.0000,207.0344,205.4829,207.0341,205.4633,205.5503,205.4704,211.5589,208.6717,227.9860,204.9246,207.7943,208.7133,207.9559,205.0674,207.7048,204.6255,208.5596,205.0675,217.8662,227.6055,225.7613,226.0751,228.8694,212.1655,217.9654,211.9502,215.6287,216.1208,204.7831,209.5220
21.0000,230.9446,203.8660,204.1302,205.2379,201.2941,213.7635,212.5448,227.4864,206.5965,229.1527,219.0289,226.6752,206.8961,210.2900,207.0398,205.5282,210.1767,211.0715,208.8675,201.2323,208.9413,207.6145,207.9290,207.4128,216.1033,218.4143,218.8395,212.0189,227.4772,203.6502,205.0990,205.3075,227.4379,230.8229,229.2982,222.5690,206.0901,223.7113,206.5996,231.3536,239.4205,220.2756,219.6917,240.1462,229.5877,234.8349,218.3303,217.7125,204.8585,229.3075,228.4395,226.9812,228.5563,215.0369,228.9660,227.0936,202.2602,226.6250,209.4169,205.6231,215.2326,215.4447,224.6295,224.9298,224.7204,216.0062,216.0527,219.6198,215.9735,216.3626,230.3272,217.5494,209.3616,215.2666,214.0096,199.8489,206.4743,227.8039,225.9802,222.2439,203.9064,211.3919,206.1498,206.3357,206.8173,207.1413,207.1434,206.8399,206.7621,227.2816,207.0453,206.4889,206.4424,203.7092,202.0955,222.2310,223.1996,212.2376,0.0000,218.4288,221.8500,206.6788,207.8476,229.1444,208.8095,208.7900,211.5099,214.4084,214.6812,204.6831,207.7155,228.7398,225.7318,208.7955,212.7769,210.3163,209.1771,227.2837,206.3311,226.3654,216.8855,206.8613,207.1623,202.5138,211.6075,208.8453,228.9422,212.8209,210.5002,210.5373,202.4841,204.9823,216.1150,225.1672,205.3924,209.7144,206.6515,207.0104,207.1903,235.9459,211.1448,212.1446,205.5238,204.7513,216.8654,204.2483,205.9234,205.4378,214.7497,215.8095,232.9413,232.9413,230.3808,204.7490,210.8086,204.8958,209.3062,208.1113,205.7564,205.5228,212.3022,0.0000,211.5718,205.1932,228.3065,227.6876,205.6083,205.2929,227.7335,208.9874,207.0974,231.9980,228.4192,209.3513,228.5007,248.1205,211.3346,233.7919,248.0123,244.8855,227.7843,225.8004,205.3303,225.8764,225.7950,220.0454,234.9468,219.4269,212.9156,217.6450,218.4055,240.5154,247.0488,216.9380,218.4736,219.4890,219.5635,218.6926,215.7820,219.4546,218.8142,219.9751,219.5810,219.4539,214.6877,207.0453,202.1007,205.5238,0.0000,206.9265,205.6748,206.9262,205.6169,205.7008,205.6330,211.7195,208.6348,228.4399,205.0991,207.6911,208.7655,207.8822,204.8581,207.9562,203.8478,208.6390,204.8583,217.9979,227.6876,226.2042,226.5221,229.3000,212.2460,217.9659,212.0302,215.7186,216.2146,204.9540,209.5639
22.0000,231.6335,204.2738,204.5531,205.4362,201.2258,213.9124,212.6673,228.2273,207.0342,230.0140,219.7122,227.4197,207.2827,210.8079,207.0104,205.6360,210.0780,211.0227,208.9597,201.6539,209.1265,207.7708,208.1008,207.6063,216.3007,218.6040,219.0274,212.5661,228.5325,204.0517,205.5130,205.7382,228.5690,231.5379,229.9393,223.2973,206.5298,224.1300,207.0324,232.0546,240.3626,220.8919,220.3975,241.1100,230.7540,235.2556,218.5371,217.8952,204.8585,229.5160,228.6389,227.4272,228.8432,215.1325,229.3899,227.5574,202.7366,226.8525,209.6164,205.1449,215.4468,215.6588,224.8512,225.1551,224.9757,216.1894,216.2258,219.8458,216.2540,216.6917,230.5530,217.9062,209.1371,215.4804,214.1160,200.2280,206.6614,228.8923,226.8798,222.6806,204.2663,211.3364,206.5907,206.7818,207.2557,207.5832,207.6012,207.2886,207.2063,227.9988,207.5013,206.9141,206.8525,204.0842,202.4714,222.8212,223.8127,212.7818,0.0000,219.0962,222.5837,207.1218,208.0593,229.7924,208.9711,208.9627,211.7019,214.6114,214.8900,205.0119,208.1943,228.9570,226.6399,209.3279,212.9125,210.4531,209.0893,227.8028,206.7197,226.8192,217.1109,207.3032,207.6169,202.9091,211.7628,209.3388,229.7937,213.0200,210.6772,210.7143,202.7994,205.0846,216.3125,225.8609,205.8156,210.2634,207.0981,207.4614,207.6463,236.3630,211.1045,212.1776,205.7773,205.0039,217.0875,204.2895,206.0984,205.5402,214.9384,215.9937,233.8034,233.8035,231.1967,205.1599,211.3431,205.0978,209.1291,208.0407,206.1367,205.8856,212.5060,0.0000,211.5718,205.3919,228.5074,227.8987,205.9741,205.6462,228.6015,209.4880,207.5545,232.0627,228.4192,209.4361,228.5041,248.7376,211.8715,234.6670,249.6135,245.9849,228.9204,226.5095,205.4710,226.1010,226.0154,220.2632,235.1496,219.6308,213.0430,217.8051,218.5944,241.7527,248.5967,217.1280,218.6923,219.7034,219.7784,218.9337,216.0108,219.6689,219.0421,220.2015,219.7958,219.6758,214.9127,207.5013,202.4765,205.8866,0.0000,206.7571,206.1003,206.7568,205.8763,205.9648,206.0395,211.6496,208.6404,229.5322,205.5130,207.7418,208.9251,207.9317,204.6022,208.4202,203.3467,208.6019,204.6024,218.2684,227.8987,227.1493,227.5027,230.4615,212.4502,218.2039,212.2340,215.9119,216.3971,205.2771,209.7544
23.0000,232.6560,205.3039,205.5941,206.2858,201.8820,214.3278,212.9762,229.5846,208.1323,231.5190,221.0149,228.8104,208.4618,212.0875,207.1987,205.8898,210.7059,211.6279,209.6661,202.5352,209.9106,208.9284,209.1767,208.3573,216.7845,219.0014,219.4284,213.8718,230.0897,205.0754,206.5642,206.7870,230.1650,232.5183,230.8942,224.6709,207.6277,224.9039,208.1237,233.0941,241.7412,222.0899,221.6894,242.5193,232.3818,235.8714,219.3960,218.7417,204.8585,230.2995,229.3882,228.0160,229.9148,215.8845,230.0478,228.1141,203.7301,227.6437,209.8885,205.4854,216.2649,216.4809,225.6468,225.9550,225.8985,216.9914,217.0275,220.7183,217.1189,217.5865,231.4044,218.9025,209.6862,216.2982,214.2929,201.2334,207.5502,230.4637,228.3657,223.5034,205.2820,212.0179,207.6898,207.8754,208.3627,208.7007,208.6989,208.3829,208.3134,229.2740,208.5723,207.9933,207.8993,205.0811,203.4690,223.9923,224.9287,214.0884,0.0000,220.3907,223.9510,208.2144,208.7534,230.7002,209.7386,209.7313,212.5021,215.4113,215.7022,205.8395,209.2783,229.7905,228.1225,210.4313,213.2299,211.3881,209.1326,228.5682,207.7706,227.3561,217.9542,208.3951,208.7242,203.9301,211.9929,210.5622,231.2887,213.8190,210.9308,210.9679,203.7847,205.6655,216.7963,227.0517,206.8749,211.6004,208.2002,208.5586,208.7497,236.9827,210.9970,212.2655,207.0365,207.0377,217.9280,205.0302,206.8490,205.9912,215.7155,216.7973,234.9697,234.9697,232.4022,206.2045,212.5231,205.1173,209.4568,208.2922,207.1629,206.9093,213.3259,0.0000,212.0739,206.2439,229.2615,228.6797,207.0021,206.6894,230.1009,210.6177,208.6269,232.4221,228.4192,210.1173,228.5230,249.2311,213.1714,235.7063,250.9498,247.1036,230.5170,227.7250,205.8101,226.8960,226.8059,221.0718,235.2933,220.4912,213.3776,218.1749,218.9928,242.9098,249.9120,217.6121,219.5376,220.5661,220.6416,219.7872,216.8509,220.5314,219.9092,221.0755,220.6589,220.5406,215.7531,208.5723,203.4742,206.9103,0.0000,207.2661,207.1658,207.2658,206.9704,206.9753,207.0734,212.2257,209.2882,231.1216,206.5642,208.4151,209.6905,208.5887,205.0127,209.5803,203.6907,208.9548,205.0130,218.8557,228.6797,228.6512,229.0217,232.0843,213.2703,219.0343,213.0535,216.7304,217.2034,206.1197,210.0170
24.0000,232.9164,205.7960,206.0924,206.6520,202.0847,214.4099,213.1291,229.9062,208.7042,231.7717,221.4092,229.0310,209.0455,212.4695,207.2055,206.1222,210.6808,211.6562,209.7100,203.0806,209.9861,208.7481,209.0186,208.5466,216.8805,219.1486,219.5847,214.2452,230.2339,205.5648,207.1273,207.3814,230.2998,232.7805,231.1295,225.0142,208.1890,225.0685,208.6365,233.3586,242.0882,222.3892,222.1169,242.8737,232.5192,235.8135,219.5199,218.8691,204.8585,230.3773,229.4662,227.9040,230.3063,215.9802,230.0841,228.0397,204.1280,227.7681,209.8493,205.4798,216.3850,216.6013,225.7678,226.0838,226.1422,217.1104,217.1346,220.8185,217.2285,217.6884,231.5487,218.9401,209.7296,216.4183,214.2587,201.6829,207.7629,230.5868,228.5923,223.6923,206.6140,212.0495,208.2524,208.4532,208.9420,209.2863,209.2704,208.9489,208.8954,229.6013,209.0761,208.5011,208.3973,205.5417,203.9262,224.2356,225.2181,214.4488,0.0000,220.7838,224.2953,208.7313,208.9650,230.9546,209.8535,209.8666,212.6408,215.5340,215.8227,206.6055,209.7988,229.9184,228.3499,210.9839,213.3533,211.5415,209.4891,228.8091,208.3574,227.2947,218.0661,208.9270,209.2560,204.4074,211.9560,210.9774,231.5386,213.9575,210.8927,210.9299,204.1681,205.6083,216.8922,227.3800,207.4432,211.9155,208.7636,209.1155,209.3092,236.9324,210.9948,212.2907,207.2993,207.3006,218.0399,205.2747,206.9763,206.0545,215.8349,216.9164,235.2456,235.2457,232.7075,206.7497,213.0342,205.2196,209.4804,208.3226,207.6500,207.5015,213.4709,0.0000,212.2154,206.6142,229.3431,228.7819,207.5930,207.2894,230.3162,211.1160,209.1314,232.4261,228.4192,210.1708,228.5232,249.5876,213.5433,235.9893,251.3520,247.4267,230.6496,228.0586,206.1217,227.0188,226.9233,221.1909,235.4088,220.6493,213.5296,218.3258,219.1396,243.2607,250.3097,217.6875,219.6499,220.6893,220.7647,219.8709,216.9611,220.6545,220.0147,221.1758,220.7821,220.6600,215.8856,209.0761,203.9314,207.5027,0.0000,207.1066,207.7298,207.1063,207.2420,207.2623,207.5625,212.2565,209.2574,231.2471,207.1273,208.4184,209.8024,208.5797,204.7510,210.0453,203.6633,208.9700,204.7513,218.9801,228.7819,228.8574,229.2078,232.2209,213.4161,219.1425,213.1993,216.8655,217.3372,206.6524,209.9783
25.0000,232.8850,205.6976,205.9950,206.5860,202.0378,214.3412,213.0608,229.7258,208.6431,231.5566,221.2019,228.7117,209.0415,212.4044,207.1182,206.1446,210.3145,211.3408,209.5352,202.8950,209.9109,208.6397,208.9230,208.4819,216.7929,219.0391,219.4784,214.1779,230.0788,205.4641,207.0381,207.2854,230.0617,232.7650,231.0899,224.8075,208.1302,224.9647,208.5707,233.3312,242.1406,222.1773,221.8866,242.9334,232.2799,235.8514,219.5240,218.8793,204.8585,230.2818,229.3388,228.0986,230.3360,215.9813,230.1544,228.2380,203.9313,227.6467,209.9009,205.4998,216.3480,216.5711,225.6648,225.9747,226.2019,217.0903,217.1346,220.7968,217.1812,217.6272,231.5018,218.8640,209.7509,216.3811,214.2630,201.5613,207.5550,230.4557,228.4057,223.5656,206.2327,211.6867,208.1945,208.3970,208.8864,209.2375,209.2128,208.8880,208.8439,229.4419,208.9851,208.4308,208.3041,205.4373,203.8143,224.0510,225.0260,214.3950,0.0000,220.5921,224.0933,208.6789,208.9003,230.9440,209.7332,209.7572,212.5849,215.5005,215.7850,206.6163,209.7089,229.8678,228.1673,210.8780,213.2492,211.4075,209.0002,228.8075,208.2588,227.4888,218.0457,208.8649,209.2018,204.2972,211.9844,210.9080,231.3144,213.9268,210.9318,210.9689,203.9845,205.6079,216.8047,227.1757,207.3588,211.8319,208.7123,209.0567,209.2541,236.9480,210.9944,212.2676,207.2310,207.2324,218.0180,205.2747,206.9309,206.0305,215.8062,216.8942,235.5025,235.5025,232.7690,206.6577,213.0005,205.1567,209.4201,208.2415,207.5541,207.3843,213.4443,0.0000,212.1443,206.5481,229.2191,228.6783,207.4808,207.1884,230.0945,211.0528,209.0415,232.2438,228.4192,210.0039,228.5136,249.6875,213.4793,235.9567,251.2762,247.7837,230.3993,227.8601,206.1424,226.9063,226.8158,221.1199,235.3992,220.6728,213.4533,218.2319,219.0300,243.1882,250.2390,217.5784,219.6920,220.6982,220.7736,219.8642,216.9355,220.6632,219.9952,221.1540,220.7910,220.6741,215.8653,208.9851,203.8195,207.3855,0.0000,206.6477,207.6499,206.6474,207.1735,207.1942,207.4674,211.9261,208.9807,231.0245,207.0380,208.2093,209.6795,208.3592,204.1932,209.9797,203.7142,208.7926,204.1936,218.8806,228.6783,228.6814,229.0394,231.9798,213.3903,219.1728,213.1732,216.8377,217.3124,206.4785,210.0255
26.0000,233.9193,206.0338,206.3385,206.8119,202.0263,214.9454,213.5448,231.9406,209.0105,234.3956,223.0076,231.1989,209.4335,213.1715,207.0896,206.1469,210.1355,211.2493,209.4880,203.2778,210.4569,209.5899,209.7993,208.8413,217.4649,219.6168,220.0424,215.0862,234.5659,205.7995,207.3555,207.5945,237.3864,233.7973,232.1026,226.9835,208.5116,225.9675,208.9968,234.3714,243.2967,223.8578,223.6635,244.1000,239.5426,235.4156,219.4009,218.7501,204.8585,230.3244,229.3893,227.6181,230.4513,216.0691,229.9378,227.7965,204.2293,227.6461,209.7273,205.9295,216.3590,216.5703,225.6731,225.9796,226.2544,217.1127,217.1496,220.8047,217.1632,217.6040,231.5318,218.7115,210.1241,216.3935,214.1851,201.8977,207.7069,234.9375,231.7666,224.6737,206.0215,211.6034,208.5763,208.7679,209.2491,209.6001,209.5656,209.2564,209.2108,231.4147,209.3949,208.8520,208.7345,205.7822,204.1540,225.7212,226.5893,215.2968,0.0000,222.3641,226.3163,209.1029,209.2383,231.8836,209.7914,209.8304,212.6446,215.5219,215.8034,206.6189,210.1140,229.8916,231.5953,211.2810,213.7829,212.0988,208.5485,229.5674,208.5622,227.0842,218.0117,209.2710,209.6235,204.6339,211.8578,211.5505,234.1230,213.9742,210.7836,210.8207,204.2808,205.8748,217.4761,228.8991,207.6766,212.5855,209.0922,209.4439,209.6651,236.5186,211.5194,212.8209,207.5433,207.5445,217.9870,205.3998,207.1580,206.1751,215.8262,216.9180,237.4865,237.4865,234.7487,206.9795,213.4642,205.2015,209.3611,208.2049,207.9225,207.6546,213.5043,0.0000,211.8984,206.7712,229.2670,228.7083,207.7554,207.4804,233.2220,211.5020,209.4516,232.1817,228.4192,209.9256,228.5103,249.5427,214.3225,237.0009,252.2195,249.5730,237.4407,229.6479,206.1447,226.9111,226.8273,221.1266,235.3055,220.7051,213.9509,218.7740,219.6065,244.2369,251.1991,218.2294,219.5321,220.5781,220.6566,219.7907,216.9028,220.5437,219.9874,221.1620,220.6731,220.5008,215.8251,209.3950,204.1593,207.6557,0.0000,206.3495,207.9842,206.3492,207.4799,207.4886,207.8598,211.8135,208.8527,236.3981,207.3554,208.1132,209.7343,208.2832,203.7872,210.5308,204.2003,208.7391,203.7879,219.6854,228.7083,232.3741,232.9924,239.2072,213.4511,219.0331,213.2348,216.8804,217.3372,206.6886,209.8608
27.0000,233.5786,206.0460,206.3534,206.7984,202.0615,214.8865,213.4990,231.6100,209.0055,234.0051,222.8903,230.6191,209.3968,213.1760,207.0544,206.1420,209.9948,211.0899,209.3878,202.3714,210.4231,209.5193,209.7494,208.8214,217.3985,219.6065,220.0323,215.0941,234.3540,205.8069,207.3521,207.5856,237.1121,233.3798,231.7622,226.7627,208.5067,225.8021,208.9857,234.0300,242.9443,223.6321,223.5503,243.7465,239.2457,235.2246,219.2053,218.5345,204.8585,230.0360,229.2266,227.4596,228.0142,216.3123,229.5461,227.5901,204.2026,227.4845,209.6687,206.8873,216.3124,216.5137,225.5235,225.8219,222.0932,217.1232,217.2631,220.7140,217.1429,217.6160,230.9607,218.6026,210.7739,216.3474,214.1439,201.8886,207.5898,234.7306,231.5225,224.5086,206.0085,211.3809,208.5718,208.7642,209.2409,209.5899,209.5694,209.2534,209.2034,231.1305,209.3729,208.8363,208.7137,205.7621,204.1380,225.4763,226.3657,215.3028,0.0000,222.2439,226.1183,209.0931,209.2231,231.5458,209.7191,209.7690,212.6253,215.4981,215.7662,206.6108,210.0922,229.5432,231.3641,211.2628,213.7409,211.9692,208.1736,229.3740,208.5518,226.8706,217.9103,209.2556,209.5990,204.6372,211.8050,211.5926,233.7160,213.9729,210.7258,210.7629,204.2273,205.8638,217.4054,228.6526,207.6769,212.8046,209.0903,209.4368,209.6539,236.3229,211.4493,212.7578,207.5224,207.5237,217.8831,205.3998,207.1383,206.1639,215.8175,216.9259,237.0618,237.0619,234.3843,206.9787,213.4184,205.1338,209.3553,208.1747,207.9042,207.6416,213.5131,0.0000,211.6721,206.7579,229.0987,228.5036,207.7423,207.4695,232.9031,211.4690,209.4294,232.2425,228.4192,209.8206,228.5135,249.3455,214.3330,236.3049,250.3503,248.8290,237.1611,229.3918,206.1394,226.7471,226.6632,221.0325,235.2151,219.4057,213.9039,218.7449,219.5956,242.8694,249.3905,218.1863,219.4119,220.3824,220.4600,219.6401,216.7972,220.3489,219.8960,221.0711,220.4751,220.2688,215.7233,209.3729,204.1433,207.6427,0.0000,206.2630,207.9809,206.2627,207.4593,207.4699,207.8390,211.6530,208.7645,236.2077,207.3521,208.0015,209.6590,208.1507,203.7270,210.5253,205.1143,208.6549,203.7273,219.5890,228.5036,232.1467,232.7729,238.9131,213.4616,218.8950,213.2446,216.8744,217.3397,206.3384,209.8043
28.0000,235.3382,206.0014,206.2989,206.8225,202.1072,215.1714,213.7336,231.8745,208.9850,234.1961,222.9798,230.7566,209.2620,213.1142,207.0038,206.1266,209.7040,210.8564,209.5208,202.9126,210.5583,209.7215,209.9099,208.8970,217.7353,219.8752,220.3049,215.0368,234.6847,205.7694,207.3311,207.5760,237.4675,234.9156,233.1860,226.8943,208.4872,226.4213,208.9727,235.8794,246.5989,223.9761,223.6252,247.5643,239.6133,235.4341,219.9091,219.2698,204.8585,230.4767,229.6476,227.6885,228.6198,216.9559,229.9017,227.8114,204.2297,227.9443,209.8516,208.6641,216.7510,216.9645,225.9657,226.2689,222.6091,217.5560,217.7261,221.1845,217.5395,217.9594,231.4252,219.0678,212.1236,216.7861,214.3296,201.8593,207.4286,235.0783,231.7596,225.0177,206.0049,211.1452,208.5521,208.7477,209.2190,209.5665,209.5400,209.2290,209.1831,231.4453,209.3735,208.8282,208.7138,205.7656,204.1291,225.9126,226.7748,215.2421,0.0000,222.3356,226.2503,209.0743,209.2941,232.8208,209.8692,209.9236,212.9524,215.9205,216.1939,206.6003,210.0900,230.0049,231.6048,211.2690,213.9682,212.3295,208.9534,230.1452,208.5425,227.0960,218.4401,209.2394,209.5802,204.6016,211.9922,211.5382,233.9022,214.3774,210.9134,210.9506,204.1427,205.8925,217.7421,229.0370,207.6520,212.6915,209.0690,209.4144,209.6327,236.5297,211.7438,213.0450,207.5615,207.5627,218.4202,205.3998,207.1879,206.1931,216.2247,217.3534,237.4481,237.4482,234.7257,206.9537,213.3894,204.9470,209.4055,208.1459,207.9062,207.6379,213.9288,0.0000,212.0686,206.7808,229.5219,228.9442,207.7341,207.4356,233.1318,211.4599,209.4296,232.5019,228.4192,209.9802,228.5272,249.3712,214.2718,238.0395,253.2161,249.2709,237.5179,229.7611,206.1247,227.1983,227.1091,221.4512,235.2361,219.8813,214.1444,219.0020,219.8641,245.1073,252.2180,218.5496,219.9608,221.0887,221.1661,220.2945,217.3312,221.0536,220.3784,221.5424,221.1830,221.0437,216.2330,209.3735,204.1343,207.6390,0.0000,206.1061,207.9588,206.1058,207.4945,207.4998,207.8388,211.3812,208.8056,236.5888,207.3310,208.1218,209.8056,208.2523,203.5733,210.4946,206.8403,208.5320,203.5736,219.9783,228.9442,232.4100,233.0582,239.2789,213.8790,219.4575,213.6592,217.3099,217.7816,206.6101,209.9868
29.0000,235.1578,205.6079,205.8904,206.6253,202.1978,214.9568,213.5161,231.2524,208.5900,233.4679,222.4385,230.0400,208.8777,212.5924,207.0192,206.1084,209.7085,210.8882,209.2866,202.5467,210.3627,209.5123,209.7092,208.7023,217.5121,219.7070,220.1263,214.4917,233.9357,205.3816,206.9535,207.1893,236.6646,234.6793,232.9675,226.2806,208.0906,226.1186,208.5772,235.7100,246.6516,223.3846,223.1130,247.6370,238.7958,235.8393,219.8404,219.1748,204.8585,230.5190,229.6993,227.9783,228.6698,217.1079,230.0057,228.0406,203.8802,227.9545,210.0404,209.9843,216.7046,216.9188,225.9653,226.2630,222.5950,217.5184,217.7139,221.1669,217.5949,218.0878,231.4297,219.5300,212.9283,216.7398,214.5265,201.4720,207.2918,234.3200,231.0684,224.6650,205.6577,211.2291,208.1548,208.3507,208.8216,209.1652,209.1402,208.8339,208.7835,230.8672,208.9204,208.4393,208.3270,205.3585,203.7299,225.3150,226.2520,214.6818,0.0000,221.7908,225.6476,208.6778,209.0869,232.5907,209.6396,209.7049,212.8361,215.8726,216.1449,206.5794,209.6249,230.0136,230.9149,210.7691,213.8131,212.1120,208.7108,229.9218,208.1766,227.3021,218.3884,208.8485,209.1877,204.2128,212.1865,211.0601,233.1751,214.3134,211.1066,211.1438,203.8376,205.7851,217.5188,228.4823,207.2731,212.1610,208.6693,209.0195,209.2380,236.9513,211.5196,212.8273,207.3034,207.3049,218.3608,205.3311,207.0041,206.0857,216.1786,217.3116,236.9891,236.9892,234.2150,206.5736,212.8113,204.9291,209.4565,208.1767,207.5387,207.2879,213.8622,0.0000,211.7424,206.5833,229.5697,228.9751,207.3819,207.0898,232.4318,210.9337,208.9755,232.5902,228.4192,209.7403,228.5318,249.5893,213.7302,237.7809,252.6995,248.8446,236.7158,229.1980,206.1061,227.2029,227.1190,221.4228,235.3164,219.8697,213.9354,218.8121,219.6961,244.7738,251.7368,218.3106,219.9866,221.0117,221.0881,220.1937,217.2751,220.9768,220.3535,221.5247,221.1053,220.9708,216.1765,208.9204,203.7351,207.2890,0.0000,206.0570,207.5754,206.0568,207.2312,207.2371,207.4344,211.4267,208.6380,235.8092,206.9535,207.8544,209.5727,208.0111,203.5348,210.0530,208.1592,208.5539,203.5351,219.7157,228.9751,231.7050,232.3393,238.4639,213.8136,219.4876,213.5904,217.2502,217.7346,206.2617,210.1759
30.0000,234.0170,205.0736,205.3409,206.3444,202.3651,214.2819,212.9743,228.4796,208.0753,229.9221,220.1548,226.9356,208.4368,211.6051,206.8833,206.1316,209.1678,210.4045,208.9731,202.0170,209.7165,208.3524,208.6841,208.2531,216.7558,219.0597,219.4834,213.3156,228.4258,204.8508,206.4910,206.7298,228.2502,233.5322,231.8407,223.5313,207.5530,224.9780,207.9674,234.5634,245.3886,221.3799,220.8538,246.3635,230.4304,235.6989,219.9599,219.3033,204.8585,230.6153,229.8014,227.9445,228.7366,217.4752,230.0160,228.0151,203.3874,228.0749,210.0552,212.0313,216.7520,216.9666,226.0660,226.3632,222.7011,217.5674,217.8091,221.1977,217.6470,218.1369,231.4934,219.7840,214.3579,216.7873,214.5604,200.9123,206.7261,228.7735,226.8995,223.3752,206.2975,210.7059,207.6163,207.8172,208.3188,208.6663,208.5956,208.2981,208.2681,228.3979,208.2231,207.8308,207.7057,204.7932,203.1692,223.3771,224.3692,213.5182,0.0000,219.5512,222.8523,208.0713,208.6527,231.5477,209.3552,209.4371,212.7800,215.9231,216.1912,206.6629,208.9109,230.0920,226.6685,209.9722,213.2467,211.0505,208.9834,229.0689,207.7742,227.2787,218.4580,208.2628,208.5852,203.6688,212.2123,210.2023,229.6682,214.3608,211.1288,211.1659,203.2897,205.3764,216.7624,226.3195,206.8093,211.1477,208.1276,208.4641,208.6824,236.7957,211.0106,212.2544,206.8429,206.8441,218.4331,205.1482,206.6423,205.8578,216.2201,217.3540,234.6306,234.6307,231.8056,206.0946,211.9660,204.9537,209.2636,208.0224,207.0023,206.9431,213.9200,0.0000,211.5718,206.3058,229.6707,229.0766,207.0322,206.7654,228.5422,210.1335,208.2772,232.6663,228.4192,209.4451,228.5358,249.7515,212.6376,236.6307,251.4315,246.4073,228.5746,226.9442,206.1383,227.3117,227.2248,221.5014,235.3770,219.9678,213.3707,218.2010,219.0499,243.5810,250.4813,217.5868,220.0397,221.1208,221.1961,220.2841,217.3606,221.0857,220.3949,221.5556,221.2136,221.0844,216.2578,208.2231,203.1744,206.9444,0.0000,205.5113,207.0887,205.5111,206.7731,206.7979,206.8265,210.9246,208.2565,229.3211,206.4910,207.5180,209.2857,207.6863,202.9373,209.3047,210.2264,208.2806,202.9374,218.7968,229.0766,227.1425,227.4676,230.1343,213.8740,219.5216,213.6534,217.3027,217.7832,205.9233,210.1922
31.0000,234.2326,205.1498,205.4106,206.3881,202.3516,214.3126,213.0026,228.4760,208.1639,229.8954,220.1528,226.8977,208.5362,211.6573,206.9027,206.1742,209.2489,210.4787,209.3281,202.1164,209.7657,208.4379,208.7458,208.3026,216.7904,219.0553,219.4737,213.3344,228.5197,204.9316,206.5709,206.8155,228.3542,233.8228,232.0668,223.5394,207.6422,225.0342,208.0646,234.7777,245.5761,221.3821,220.8228,246.5486,230.5248,236.3996,220.9460,220.2703,204.8585,231.2977,230.3859,228.4936,229.8071,218.7010,230.8619,228.5737,203.5157,228.8824,210.4633,215.0206,217.7297,217.9492,226.8924,227.2089,223.8187,218.4971,218.7905,222.2139,218.6597,219.1724,232.3552,220.5887,216.5387,217.7650,214.9309,201.0281,206.7699,228.8791,226.9429,223.4122,206.2809,210.7975,207.7052,207.8978,208.4134,208.7656,208.6784,208.3795,208.3590,228.4105,208.3533,207.9312,207.8051,204.9488,203.3096,223.3997,224.3725,213.5482,0.0000,219.5614,222.8633,208.1577,208.6976,231.7822,209.7821,209.8704,213.5687,216.8825,217.1634,206.6660,209.0322,230.9440,226.7167,210.0968,213.3056,211.2121,209.0162,229.1985,207.8592,227.8392,219.4718,208.3464,208.6533,203.7616,212.6034,210.2862,229.6402,215.3059,211.5290,211.5662,203.3709,205.4651,216.7970,226.3221,206.8880,211.2761,208.2140,208.5440,208.7562,237.5180,211.0030,212.2605,206.9672,206.9686,219.4446,205.1482,206.7950,205.9467,217.1224,218.2767,234.8729,234.8729,231.9333,206.1747,212.1320,204.9547,209.2756,208.0375,207.1068,207.0260,214.9046,0.0000,211.5718,206.3494,230.2744,229.7893,207.1150,206.8499,228.5379,210.2884,208.4073,232.8429,228.4192,209.7682,228.5451,249.7408,212.6708,237.1796,252.4472,247.2923,228.6805,226.9484,206.1750,228.1271,228.0193,222.4078,235.3966,220.9906,213.4058,218.2162,219.0452,244.5480,251.4740,217.6275,221.0783,222.1289,222.2052,221.3419,218.3928,222.0934,221.4129,222.5734,222.2226,222.1051,217.2834,208.3533,203.3149,207.0272,0.0000,205.6371,207.1691,205.6369,206.9025,206.9217,206.9482,211.0025,208.5418,229.4185,206.5708,207.8505,209.7095,208.0289,203.0359,209.3854,213.1981,208.3216,203.0359,218.8322,229.7893,227.2018,227.5393,230.2305,214.8621,220.5660,214.6469,218.2750,218.7291,206.0044,210.5962
32.0000,234.1744,204.9967,205.2498,206.3179,202.3705,214.3401,212.9522,228.3254,208.0155,229.6321,220.0206,226.6220,208.3182,211.5736,206.9425,206.1500,209.4608,210.6197,209.9916,201.9964,209.9048,208.9360,209.1678,208.3405,216.8061,219.0070,219.4236,213.2624,228.2528,204.7816,206.4029,206.6280,228.0786,233.7341,232.0138,223.3479,207.5043,225.0218,207.9697,234.7177,245.4794,221.2590,220.7105,246.4486,230.2420,237.0049,222.5465,221.8317,204.8585,232.0718,231.0002,229.1480,231.2021,220.5717,231.7346,229.2576,203.3112,229.8008,211.0557,219.6044,219.2517,219.4763,227.9137,228.2253,225.4932,219.9070,220.2900,223.8335,220.3189,220.9213,233.4114,222.5250,219.9061,219.2852,215.5062,200.9274,206.7828,228.6045,226.7005,223.3816,205.4885,210.9603,207.5669,207.7579,208.2608,208.6108,208.5377,208.2375,208.2115,228.2920,208.2781,207.8449,207.7047,204.8954,203.2391,223.2598,224.2806,213.4865,0.0000,219.4118,222.6784,208.0598,208.7059,231.6964,210.4438,210.5243,214.7730,218.3703,218.6783,206.6616,208.9460,232.0181,226.4784,210.0071,213.2778,211.4942,209.1345,229.1040,207.6836,228.5427,221.0657,208.2381,208.5486,203.6286,213.1850,210.1828,229.3758,216.7530,212.1132,212.1506,203.2872,205.6773,216.8128,226.2381,206.7166,211.1138,208.0800,208.4119,208.6199,238.1162,210.9945,212.2675,207.0453,207.0469,221.0337,205.1215,206.9994,206.0741,218.5063,219.6779,234.7757,234.7758,231.8296,206.0111,212.0789,204.9873,209.3374,208.0918,207.0129,206.8374,216.4123,0.0000,212.3234,206.2767,230.8962,230.4936,206.9270,206.6396,228.2886,210.2372,208.3320,233.1261,228.4192,210.4971,228.5599,249.7738,212.5925,237.0920,252.3036,247.3564,228.4050,226.8598,206.1537,229.0660,228.9473,223.7183,235.4128,222.5573,213.3677,218.1723,218.9969,244.4438,251.3292,217.6248,222.6219,223.7401,223.8177,222.9459,220.0303,223.7041,223.0276,224.1957,223.8350,223.6981,219.0063,208.2782,203.2443,206.8385,0.0000,205.9796,207.0097,205.9793,206.9809,206.9839,206.8651,211.1235,209.1017,229.1495,206.4029,208.4559,210.3675,208.6610,203.3742,209.2946,217.6607,208.4014,203.3742,218.8337,229.8869,226.9560,227.2872,229.9488,216.3758,222.1102,216.1655,219.7402,220.1557,205.8853,211.1865
33.0000,235.8250,206.2344,206.4915,207.2163,202.9057,214.8782,213.6197,229.7108,209.3297,230.6593,221.5497,228.6479,209.5685,213.5468,207.2496,206.3912,210.5626,211.5345,212.1854,203.2266,210.0974,207.7720,208.3555,208.8749,217.4542,219.9609,220.4437,215.1323,229.6861,206.0203,207.6785,207.8984,229.5670,235.7304,233.6737,224.9120,208.8315,226.0939,209.3489,236.3661,247.0835,222.6292,222.2644,248.0487,231.7466,216.8469,226.6557,225.8720,204.8585,233.8466,232.5334,223.7706,234.3569,224.5358,230.8647,225.1167,204.6256,232.0651,211.7733,226.2264,223.1286,223.3754,230.4039,230.7092,229.2279,223.4252,223.9180,227.9122,224.4283,225.1708,235.6662,226.7485,225.1704,223.1624,217.0569,202.2504,207.8511,230.0298,228.0927,224.4563,206.9727,211.8975,208.8949,209.0951,209.5553,209.8942,209.8505,209.5542,209.5194,229.7378,209.6927,209.2090,209.0310,206.2833,204.6047,224.5515,225.6144,215.3411,0.0000,220.9152,224.2071,209.4632,209.3028,233.4873,212.6996,212.7630,218.1043,222.1585,222.5330,207.4171,210.3626,234.4322,227.8993,211.4688,213.7786,210.8379,210.0889,230.5167,208.9732,225.0517,225.1589,209.6029,209.9612,204.9007,215.7265,211.8844,230.3427,220.5498,213.5507,213.5883,204.5840,206.3314,217.4651,227.6391,207.9942,212.8019,209.4279,209.7444,209.9535,217.9369,211.4526,212.7537,208.1206,208.1222,225.1200,205.9028,208.0602,206.6965,222.0440,223.1889,236.2563,236.2563,233.2983,207.2777,213.6309,204.7310,210.2465,208.6423,208.3082,208.1105,220.3707,0.0000,214.5773,207.1832,232.4460,232.1967,208.1994,207.8977,229.5049,211.7388,209.7473,233.7981,228.4192,212.6982,228.5951,249.8453,214.5079,239.9541,255.6802,248.9374,229.8967,228.2778,206.4712,231.3738,231.2087,226.9190,235.4274,226.2358,213.9949,218.9703,219.9459,249.3659,254.8957,218.2690,226.5482,227.8947,227.9728,227.0603,224.3001,227.8567,227.1172,228.2810,227.9905,227.8282,223.4945,209.6927,204.6099,208.1116,0.0000,207.4504,208.2989,207.4503,208.1008,208.1054,208.2236,212.0420,211.0721,230.6161,207.6784,210.6410,212.6195,210.8352,204.8687,210.8904,224.1561,208.9485,204.8684,219.6120,230.2607,228.3775,228.7183,231.4515,220.3473,226.0257,220.1708,223.5097,223.7693,207.0753,212.1324
34.0000,261.5194,228.3041,228.5972,229.5366,224.6725,238.7518,237.1565,256.4493,231.6553,258.1225,246.7554,255.6121,231.8454,235.5823,229.8111,228.5689,233.8954,234.8379,236.6379,225.1217,233.6334,232.6613,232.8962,231.7857,241.5922,243.9691,244.4351,237.4218,259.0834,228.0681,229.8554,230.1310,262.1734,261.1268,259.1088,251.0111,231.0869,251.2039,231.6151,262.1230,274.0798,248.0083,247.4905,275.1566,264.5417,242.0183,255.5874,254.6998,227.0343,260.2966,258.3233,249.9720,262.6660,252.7327,257.9426,251.4914,226.4135,258.7558,236.3936,257.5014,251.2015,251.5221,257.2654,257.5537,257.2438,251.0506,251.6841,256.7903,252.8544,253.7624,263.3094,255.8184,254.8651,251.2396,242.0458,223.8499,230.4197,259.4752,255.9700,249.5379,228.8468,235.2789,231.1560,231.3444,231.9362,232.3316,232.2180,231.8942,231.8700,256.1990,231.9909,231.4830,231.4059,228.1257,226.3348,250.1972,251.2068,237.1558,0.0000,246.0609,250.2818,231.7147,232.1663,258.7424,237.2718,237.3425,244.8873,250.0536,250.5245,229.3131,232.7279,261.9801,255.8377,233.9164,237.5633,235.5120,233.2718,255.6582,231.2691,251.4195,253.8765,231.9298,232.3217,226.8103,240.7063,234.0676,257.7268,248.3142,238.3013,238.3433,226.5690,228.6545,241.6052,253.6367,230.2045,235.1507,231.7098,232.0968,232.3268,243.2348,234.9580,236.3965,230.7245,230.7264,253.8333,228.0726,230.8641,229.2219,249.5888,250.7748,263.2917,263.2917,260.0654,229.4234,236.2997,226.6128,233.3973,231.4380,230.5978,230.3186,248.3424,0.0000,239.1375,229.4910,258.2339,258.1595,230.4141,230.0881,257.2102,234.2151,232.0514,258.9092,252.4431,237.1984,252.6647,276.1728,236.6907,264.9284,280.2826,277.4852,262.2339,254.4104,228.5994,258.0448,257.8382,254.4239,260.2210,254.1720,237.6267,243.0087,243.9568,273.1959,279.4306,242.4762,255.3118,256.9815,257.0688,256.0292,253.3459,256.9364,255.9822,257.2057,257.0890,256.8829,252.3856,231.9909,226.3407,230.3198,0.0000,230.7369,230.5297,230.7367,230.6826,230.6784,230.4035,235.4323,235.1859,261.1294,229.8553,234.9444,237.1790,235.1520,227.8819,233.0748,255.0341,231.8037,227.8818,244.0401,253.5961,256.6838,257.3735,264.1735,248.3317,254.6959,248.2314,251.5075,251.5576,229.3724,236.7785
35.0000,315.8919,279.5441,279.9529,280.1928,273.6686,289.4221,287.6160,311.2884,283.4533,314.6378,301.5706,311.8476,283.5103,290.9460,279.9966,278.8077,284.1370,284.9246,289.1149,275.8471,284.1820,282.1514,282.6929,282.5179,292.4996,295.5675,296.1872,294.4985,316.2701,279.2425,281.2353,281.6348,320.1032,315.5951,312.9892,306.4756,282.7864,302.5873,283.5014,316.6221,331.0858,300.9480,302.3873,332.3884,322.9269,296.2806,313.6913,312.5907,277.0106,316.9071,314.6673,306.6264,314.5108,307.6627,315.3255,308.5207,282.8287,316.0237,289.4148,302.2417,307.9423,308.3732,314.2770,314.6873,303.9263,306.5699,306.7892,315.1473,310.1480,311.3342,320.1877,313.4744,308.6453,307.9892,295.7505,274.3027,280.9320,316.7366,312.4503,299.7824,279.3572,285.5084,282.8726,283.0881,283.7884,284.2738,284.1811,283.7640,283.7202,310.9639,283.8580,283.2540,283.0881,279.1330,277.0824,302.8920,303.9180,294.1823,0.0000,300.7116,305.6634,283.6024,283.0731,312.8876,290.1259,290.2062,299.9532,306.3969,307.1095,279.3931,284.7611,318.9159,312.3081,286.2033,287.8982,285.5043,285.2446,309.5429,282.8166,308.3289,311.6340,283.8063,284.2898,277.7976,294.5158,287.9263,314.1985,304.3733,291.6067,291.6581,277.1340,279.1073,292.5255,307.3070,281.6705,289.2760,283.5755,284.0133,284.2852,297.8405,284.8380,286.5726,281.8571,281.8591,311.5849,278.3093,282.0106,279.8636,305.3304,306.2866,318.9439,318.9440,315.3354,280.7536,289.2604,276.7482,284.3049,281.9984,282.0546,281.5716,304.5885,0.0000,290.8018,280.1467,314.5281,314.3332,281.6915,281.2920,313.7684,286.6505,283.9340,315.6619,308.1750,289.6914,308.4242,340.1283,293.0144,321.3381,342.4339,336.1408,320.1898,308.3999,278.7969,315.0990,314.7299,311.3550,318.6149,306.6643,288.1550,294.5421,295.5569,334.1420,341.4184,293.5743,313.1446,315.4058,315.5117,314.2373,311.4396,315.3484,314.2394,315.6572,315.5368,315.2443,310.1059,283.8580,277.0896,281.5730,0.0000,280.9166,282.0715,280.9166,281.8657,281.9057,281.8938,284.0644,287.0211,318.7843,281.2351,287.0341,290.0098,287.2879,277.5305,286.2293,306.4831,281.9516,277.5302,294.7492,307.2166,313.3382,314.1920,322.4902,304.5859,312.3375,304.5581,307.7940,307.4067,280.7197,289.8507
36.0000,320.0758,280.8616,281.2725,281.8451,274.8270,291.1678,289.3441,313.6267,286.8448,317.2137,304.0845,314.4929,286.0263,292.9613,282.0164,280.7827,286.7007,287.1965,291.9959,277.4845,285.3365,281.9889,282.8567,283.9098,294.3979,297.8893,298.6221,296.6223,318.6287,280.5382,281.9856,282.1942,322.5408,319.9356,316.8775,309.0579,286.0775,305.0719,286.3835,320.8778,336.7917,303.2144,304.9909,338.2253,325.3820,300.9149,318.0493,316.9432,278.7016,319.4000,316.6244,312.8141,318.1987,311.9403,321.0605,314.9162,284.7874,319.1365,293.9214,308.1549,311.9742,312.4312,317.4352,317.8882,307.7341,310.4912,310.8123,319.4612,314.2864,315.5114,323.4228,317.8137,313.9106,312.0225,299.2116,275.6905,282.8819,319.0481,314.9427,302.0905,281.8693,287.7838,286.1705,286.4111,287.2335,287.7598,288.0655,287.6267,287.1297,313.3809,286.5587,286.0606,285.6018,281.3816,279.0204,305.0070,306.3230,296.3024,0.0000,303.3432,308.1343,286.6033,284.5090,317.0654,292.9918,293.0444,303.5302,310.3835,311.1236,281.4407,287.5145,322.1838,314.7412,289.0909,289.3399,286.0364,286.9074,313.4208,284.7450,314.6009,315.8955,287.0151,287.8085,279.1567,298.8652,290.3382,316.7847,308.2837,295.9633,296.0154,278.7593,280.4641,294.4258,309.7123,282.4473,291.7148,286.8487,287.6686,287.9608,302.7778,286.6900,288.3573,283.1832,282.0261,315.8469,279.5890,283.7988,281.5741,309.2131,310.1920,321.0959,321.0960,317.6477,281.6367,292.8513,277.8837,287.7009,284.6010,284.3805,283.7502,308.5517,0.0000,293.8920,281.8053,316.4891,316.5286,283.8859,283.4861,316.3060,289.8282,286.6451,316.6108,308.1828,292.5021,308.4812,345.2668,295.0928,326.2781,349.0346,339.2818,322.6354,310.8074,280.7819,318.1249,317.6733,314.9592,320.3607,310.7648,289.8513,296.5692,297.8696,340.4299,347.9899,295.4338,317.3309,319.7748,319.8814,318.5568,315.8414,319.7153,318.5635,319.9781,319.9071,319.6026,314.4627,286.5587,279.0276,283.7523,0.0000,283.6720,286.8708,283.6720,283.4991,283.6824,284.3428,286.1655,290.1686,321.2047,281.9865,289.9054,292.8735,290.1455,280.2592,288.7965,312.1405,284.0712,280.2587,296.7731,307.2166,315.7536,316.6040,324.9438,308.5517,316.5112,308.5511,311.7841,311.3545,282.1668,294.2951
37.0000,318.5574,280.9988,281.4243,281.8184,274.7028,287.2529,285.3083,313.6267,287.4333,319.1978,305.3241,316.6008,286.5077,292.9613,283.2602,281.9353,287.7855,288.2125,292.7910,277.7972,284.2317,281.2508,282.1992,283.4276,289.4495,292.6510,293.3162,296.2549,320.5885,280.6579,282.1991,282.3644,324.8871,318.1472,314.9862,310.6153,286.6856,302.4660,287.0219,319.4494,337.1943,303.6356,306.2154,338.7934,327.9956,302.4973,318.8525,317.7280,279.8794,319.9424,317.0376,315.1378,319.2271,312.8156,322.8818,317.2797,285.4970,319.7535,295.4942,309.0894,312.7974,313.2557,318.0895,318.5528,308.6961,311.3284,311.6625,320.3429,315.1537,316.4109,324.1798,318.6839,314.8644,312.8466,300.3264,275.6905,283.5234,321.0809,316.7462,300.1746,281.0760,288.8407,286.7809,286.9608,287.7964,288.3225,288.7888,288.2773,287.6900,313.9768,287.1688,286.6717,286.0917,281.7658,279.2646,305.0225,306.0679,295.7611,0.0000,304.5816,309.6243,287.7280,284.0053,314.9541,293.7838,293.8126,304.3306,311.2036,311.9439,281.8523,288.1357,322.9300,316.5256,289.7161,285.6111,283.8411,288.2628,310.6535,285.0297,316.9252,316.7405,287.6568,288.5176,279.2502,300.3478,290.6508,318.7886,309.0993,297.4644,297.5168,279.0127,282.2401,283.2883,309.8415,282.6811,292.1241,287.5598,288.3163,288.5622,304.4573,283.0210,284.5593,283.0894,280.7265,316.6896,279.5890,284.7867,282.7045,310.0251,311.0257,323.4155,323.4156,319.2322,281.8275,294.0954,278.5555,289.8486,286.2093,284.7866,283.9586,309.3666,0.0000,294.7288,281.7886,316.9037,317.0020,284.1102,283.6617,318.2048,290.7834,287.2632,316.6528,308.1828,293.2979,308.4834,345.9558,294.9085,323.9068,350.4911,344.9517,324.9909,311.0689,281.8239,318.7364,318.2833,315.7048,320.6160,311.6867,285.8626,291.9177,292.6499,336.4655,348.8652,290.3996,318.1823,320.5880,320.6962,319.4342,316.6896,320.5285,319.4487,320.8612,320.7215,320.4144,315.2842,287.1688,279.2718,283.9606,0.0000,284.5712,287.4613,284.5711,283.7632,284.1010,284.8150,287.0370,290.8170,323.3711,282.1999,290.7521,293.6652,290.9616,281.1455,289.2032,313.0884,285.2250,281.1449,292.7485,307.2166,317.5837,318.4752,327.5162,309.3666,317.3727,309.3666,312.6101,312.1815,282.6385,295.8385
38.0000,319.3417,280.9279,281.3604,281.5280,274.4149,287.2128,285.1282,315.3185,287.2347,321.2525,306.3573,318.5391,286.1479,292.9613,282.2463,280.9995,287.2741,287.6668,292.2161,277.7651,284.0174,281.2981,282.1898,283.0526,289.4873,292.6187,293.3081,296.5508,322.6779,280.5851,282.0227,282.2098,327.1982,319.0062,315.7239,311.9878,286.4881,302.9074,286.8407,320.2456,338.2330,304.8319,307.2732,339.8541,330.4945,301.5127,317.7337,316.5890,278.6623,319.5707,316.7506,314.0410,318.6445,312.0670,322.0806,316.2280,285.1513,319.3723,294.5113,308.3989,312.0358,312.4832,317.6308,318.1007,308.0393,310.6065,310.9351,319.4842,314.4012,315.6937,323.6163,317.8755,314.1034,312.0849,299.3526,275.6905,283.2679,323.2287,318.5490,300.6897,280.4458,288.2778,286.5822,286.7226,287.6090,288.1428,288.6159,288.0933,287.4836,315.6110,287.0195,286.4876,285.9496,281.5863,279.1492,306.2105,307.2247,296.1251,0.0000,305.5874,310.9441,287.5299,283.6152,315.6984,293.1402,293.1744,303.6340,310.4606,311.1924,281.4479,287.9917,322.3775,318.3180,289.5883,285.3524,283.7965,288.8111,311.2015,284.7601,315.8986,315.8452,287.4807,288.3489,279.1810,299.3714,290.6323,320.8246,308.3748,296.4895,296.5417,278.9205,280.4951,283.2883,311.2697,282.5056,292.3518,287.3423,288.1358,288.3763,303.4898,282.9996,284.5271,282.6122,280.5326,315.7837,279.3421,283.7482,281.5341,309.3023,310.3048,325.8269,325.8269,321.3153,281.6761,293.9302,277.2314,289.0433,285.2739,284.5692,283.6717,308.6423,0.0000,294.2154,281.5000,316.6138,316.6767,283.8181,283.3370,320.1021,290.6261,287.1146,316.5926,308.1828,292.7317,308.4802,345.9454,295.0747,324.9036,350.5596,348.4737,327.3030,312.5700,280.9675,318.3317,317.8706,315.0907,320.6065,310.9825,285.6847,291.8110,292.6153,337.6944,348.9881,290.4489,317.3157,319.4553,319.5678,318.4001,315.7837,319.3982,318.5737,320.0012,319.5916,319.1989,314.4125,287.0195,279.1565,283.6737,0.0000,284.0881,287.2631,284.0881,283.2022,283.5120,284.6598,286.6154,290.2827,325.5781,282.0235,290.2412,293.0235,290.4585,280.6911,289.0885,312.3491,284.3961,280.6906,292.9309,307.2166,319.4529,320.4099,329.9852,308.6423,316.5089,308.6423,311.8787,311.4610,282.6044,294.8569
39.0000,318.6056,280.9463,281.3906,281.3335,274.1345,286.9994,284.8974,313.6267,286.9624,318.4379,304.4963,316.0402,286.0602,292.2932,282.3438,281.0325,287.6274,287.9224,292.4529,277.6080,283.8938,281.1510,282.0826,282.9490,289.2463,292.4613,293.1583,295.7574,317.2141,280.6029,281.8773,282.0761,317.8434,318.2355,315.0205,309.6906,286.2135,302.2631,286.5440,319.4993,337.2797,303.3209,305.4561,338.8820,321.2330,302.0516,317.6049,316.4427,278.6917,319.6562,316.7949,314.8283,318.9078,312.2007,322.5681,316.9806,285.3668,319.4405,295.0073,308.4748,312.1219,312.5560,317.6873,318.1435,308.1593,310.7538,311.0761,319.5161,314.5003,315.8218,323.7891,318.0322,314.2143,312.1710,299.7237,275.7983,283.4531,317.7623,314.6828,299.9052,279.7559,288.5373,286.3083,286.4626,287.3404,287.8783,288.3429,287.8215,287.2217,313.8250,286.7454,286.1965,285.6345,281.4171,279.0790,304.7479,305.8521,295.4163,0.0000,303.7355,308.5664,287.2533,283.5387,315.0458,293.2606,293.2778,303.7515,310.5722,311.2890,281.4407,287.7209,322.5302,314.3456,289.3281,285.0906,283.4289,287.8454,310.7803,284.4837,316.6125,315.8517,287.2057,288.0710,279.2355,299.8632,290.1376,318.0613,308.5001,296.9741,297.0264,279.0478,280.4951,283.2883,309.6697,282.3608,291.8846,287.0860,287.8642,288.1084,304.0743,282.7871,284.3149,282.5266,280.5326,315.7877,279.2151,283.7167,281.5284,309.4404,310.4506,323.9765,323.9766,319.4826,281.5701,293.4396,277.2643,289.1670,285.3825,284.3145,283.3946,308.7706,0.0000,294.4143,281.3037,316.6594,316.7413,283.5496,283.1030,316.6898,290.2397,286.8409,316.5453,308.1828,292.9688,308.4778,345.6255,294.3393,324.1625,349.9414,346.6162,318.3442,310.9067,280.9945,318.3925,317.9309,315.1571,320.4743,311.1147,285.4482,291.6118,292.4563,337.0773,348.3704,290.1737,317.2517,319.3191,319.4311,318.3337,315.7877,319.2633,318.5988,320.0331,319.4549,319.0145,314.4277,286.7454,279.0862,283.3966,0.0000,284.6197,286.9908,284.6197,283.0953,283.3958,284.4103,286.8516,290.6230,318.9004,281.8780,290.5326,293.1470,290.7589,281.3647,288.6558,312.4492,284.5561,281.3641,292.5253,307.2166,315.1098,315.6910,320.7721,308.7706,316.4621,308.7706,312.0422,311.6161,282.3294,295.3468
40.0000,319.0511,281.2282,281.6778,281.4748,274.2958,287.3114,285.1939,313.6267,287.1062,318.3826,304.5064,316.0589,286.1937,293.2297,282.1625,280.8787,287.2364,287.7108,290.9439,277.8177,284.2941,281.8564,282.6929,283.2813,289.5267,292.7034,293.3779,296.4603,317.0409,280.8862,282.0552,282.2581,317.6620,318.5445,315.4030,309.6762,286.3612,302.6153,286.6991,319.9637,338.1299,303.4741,305.4401,339.7670,321.0644,300.3621,314.1706,313.0532,278.4895,317.8789,315.3966,312.8343,316.0100,308.7288,320.2618,314.9346,285.3725,317.3714,293.3230,305.0794,308.4932,308.9169,315.3780,315.8511,304.8898,307.3190,307.6174,315.8190,310.7683,312.0101,321.2740,314.2027,310.7101,308.5411,298.2407,276.1679,283.5219,317.5709,314.5798,300.2734,279.7559,288.3223,286.4563,286.6049,287.4865,288.0276,288.4823,287.9613,287.3679,313.8310,286.7970,286.3261,285.7660,281.4598,279.2392,304.8901,305.9839,296.1422,0.0000,303.7615,308.5545,287.3881,283.8297,315.3323,291.6393,291.6675,300.3878,306.9560,307.6494,281.4407,287.7643,319.9909,314.2426,289.3338,285.5339,284.1214,288.1146,311.0235,284.6043,314.5585,312.2624,287.3299,288.1739,279.5530,298.2394,290.7127,318.0179,304.3551,295.3448,295.3968,279.3066,280.2861,283.2883,309.7104,282.5392,292.4282,287.2341,288.0001,288.2475,302.3686,283.0996,284.6261,283.5576,283.5605,312.2180,279.2151,283.5353,281.3378,306.0872,307.0244,323.8847,323.8848,319.4512,281.7735,293.4408,277.0026,288.9952,285.1941,284.4659,283.5092,304.6431,0.0000,292.8458,281.4406,315.2479,315.1601,283.6636,283.2380,316.5915,290.2539,286.8927,315.9363,308.1828,291.4564,308.4460,345.0721,295.1499,324.4096,349.8744,346.0979,318.1642,310.9288,280.8636,316.2773,315.8371,312.1756,320.2964,307.7114,285.7711,291.8970,292.6998,337.1706,348.3239,290.4954,313.4495,315.8705,315.9779,314.8160,312.2180,315.8137,314.9462,316.3300,316.0027,315.6341,310.8410,286.7970,279.2464,283.5112,0.0000,283.9245,287.1345,283.9244,283.6563,283.7719,284.4987,286.7601,289.3905,318.7139,282.0560,289.0855,291.5310,289.3147,280.6864,289.0952,308.9785,284.3628,280.6857,292.8325,307.2166,314.9889,315.5531,320.6017,304.6431,312.6179,304.6431,308.1893,308.0369,282.5287,293.6756
41.0000,318.2001,280.5890,281.0200,281.1549,274.0396,287.1759,285.1086,313.6267,286.7176,318.1286,304.1206,315.8823,285.8018,292.7809,282.0410,280.8240,287.0143,287.3871,290.9771,277.4304,284.0762,282.0276,282.6929,282.9426,289.4058,292.5401,293.1922,296.0283,316.5997,280.2537,281.5830,281.7957,317.1946,317.6800,314.6669,309.3070,285.9692,302.2686,286.2908,319.0822,336.6243,303.1507,305.0636,338.2052,320.5653,300.1196,314.5832,313.5224,278.4537,317.8303,315.3478,312.2631,316.2908,308.8271,319.8466,314.3567,284.9195,317.2155,293.0939,305.2652,308.6409,309.0935,315.3092,315.7634,304.9899,307.4237,307.7214,315.9989,310.8496,312.0111,321.3310,314.4727,310.7909,308.6887,298.1816,275.4133,282.9709,317.1215,314.2070,299.9514,279.8526,287.9615,286.0643,286.2076,287.1058,287.6528,288.0730,287.5587,286.9830,313.5866,286.3066,285.9155,285.3231,280.9940,278.6736,304.5789,305.6906,295.6734,0.0000,303.3737,308.1777,286.9809,283.4883,314.5583,291.6179,291.6176,300.4378,307.0804,307.7846,281.4407,287.2625,320.0262,313.8557,288.8298,285.6647,284.6110,287.6195,310.4267,284.2454,313.9960,312.4924,286.9178,287.7699,278.8771,298.0362,290.2602,317.7763,304.4495,295.1368,295.1888,278.6119,280.3147,283.2883,309.4461,282.0610,291.8888,286.8361,287.5920,287.8391,302.0886,282.9304,284.4775,282.5653,281.2670,312.4457,278.9664,283.2829,281.1925,306.1972,307.1286,323.2630,323.2631,318.9913,281.2626,292.7772,277.8575,288.2877,284.9277,284.0123,283.1582,304.7415,0.0000,292.9364,281.1214,315.2028,315.1188,283.3113,282.9068,316.2636,289.6772,286.4013,315.9620,308.1828,291.5004,308.4473,344.4185,294.7095,323.4994,345.8265,345.0689,317.6966,310.6719,280.8170,316.1678,315.7540,312.2151,320.0924,307.8034,285.7260,291.7924,292.5391,336.2063,344.6643,290.4373,313.9150,316.2650,316.3688,315.1226,312.4457,316.2070,315.1316,316.5102,316.3946,316.0902,311.0776,286.3066,278.6808,283.1603,0.0000,283.9698,286.7455,283.9698,282.9527,283.1821,284.0383,286.3487,289.4217,318.2415,281.5837,289.1539,291.5149,289.3799,280.8629,288.6722,309.0917,284.1614,280.8622,292.6505,307.2166,314.5895,315.1371,320.1076,304.7415,313.0985,304.7415,308.3030,308.1581,282.0985,293.4568
42.0000,317.3897,280.3788,280.7952,281.0687,274.0343,287.1005,285.0806,313.6267,286.5615,317.6830,303.6672,315.4562,285.5138,292.5021,281.9523,280.8055,286.8839,287.2061,291.2895,277.1182,284.0366,282.0901,282.6929,282.9055,289.3240,292.5015,293.1456,295.7452,315.9227,280.0507,281.4055,281.5984,316.4704,316.8150,313.9419,308.8329,285.8129,301.9679,286.1465,318.2501,335.3537,302.7015,304.5767,336.8949,319.7943,299.8080,315.1302,314.1238,278.5085,317.9885,315.4378,311.5683,317.0687,309.2246,319.4615,313.6435,284.7657,317.1743,292.7976,305.5296,309.0256,309.5069,315.3852,315.8098,306.2189,307.8077,308.1472,316.4566,311.1248,312.1831,321.6163,314.6857,311.0650,309.0737,298.1542,275.2314,282.7505,316.4239,313.6450,299.6657,279.7559,287.7223,285.9071,286.0459,286.9516,287.4983,287.9084,287.3992,286.8251,313.2517,286.1771,285.7809,285.1841,280.8866,278.5396,304.1780,305.3062,295.4417,0.0000,302.9448,307.7016,286.8155,283.4345,313.7691,291.9067,291.8799,300.7709,307.4502,308.1606,281.4407,287.1272,320.2800,313.2827,288.7104,285.6857,284.8351,287.9175,309.7844,284.1132,313.3243,312.9365,286.7724,287.6296,278.6795,297.7848,290.0466,317.3328,304.8101,294.8765,294.9284,278.4278,280.4951,283.2883,309.0776,281.8769,291.6926,286.6741,287.4355,287.6816,301.7035,282.7896,284.3742,282.6661,281.5461,312.8864,278.8797,283.4105,281.2975,306.5525,307.5096,322.4371,322.4371,318.3781,281.0789,292.6163,278.0799,287.5421,284.5467,283.8991,283.0323,305.1091,0.0000,293.2449,281.0341,315.2943,315.2073,283.1786,282.7501,315.7658,289.5380,286.2705,316.1927,308.1828,291.8115,308.4594,343.2467,294.4271,322.3345,343.5796,343.2713,316.9712,310.3112,280.8013,316.1837,315.8063,312.4475,319.7086,308.4708,285.7112,291.7664,292.5031,334.4212,342.4706,290.3786,314.5547,316.8100,316.9122,315.5990,312.8864,316.7511,315.5751,316.9686,316.9386,316.6698,311.5272,286.1772,278.5468,283.0343,0.0000,283.9890,286.5893,283.9889,283.0170,283.2260,283.9082,286.1700,289.6460,317.5238,281.4063,289.4994,291.8099,289.7349,280.8913,288.4789,309.3628,284.0363,280.8907,292.5067,307.2166,313.9909,314.5116,319.3438,305.1091,313.7333,305.1091,308.6995,308.5475,281.9355,293.1767
43.0000,316.5826,280.4124,280.8183,281.0366,274.0125,287.0494,285.0987,313.6267,286.4970,317.6028,303.7005,315.3976,285.4404,292.9613,281.8768,280.7010,287.0427,287.2788,291.4265,277.0795,283.9918,281.9961,282.6257,282.8758,289.2805,292.4587,293.0850,296.0701,316.2017,280.0946,281.3953,281.6063,316.6896,316.0709,313.2891,308.8206,285.7579,301.8325,286.1286,317.4060,333.7567,302.5442,304.6331,335.2299,319.9700,299.6181,314.8967,313.9204,278.4590,317.7426,315.2372,311.2764,316.8011,308.8946,318.9905,313.3868,284.8528,316.7986,292.5873,304.9100,308.8088,309.2949,315.0586,315.4511,305.8926,307.5663,307.8765,316.2519,310.8257,311.8232,321.3855,314.3186,310.5310,308.8567,297.9825,275.4090,282.8519,316.6764,313.7580,299.6499,279.7559,287.7753,285.8519,286.0003,286.8722,287.4073,287.8290,287.3258,286.7546,313.1237,286.0957,285.7560,285.1687,280.9015,278.6119,303.9977,305.2056,295.8720,0.0000,302.9658,307.7201,286.7886,283.4182,313.0408,291.9521,291.9044,300.6525,307.2405,307.9490,281.4407,287.0164,320.0379,313.4173,288.5352,285.7839,284.6584,287.4965,309.0813,284.0798,313.1658,312.7053,286.7201,287.5615,278.7694,297.5901,290.2557,317.2557,304.6266,294.6736,294.7255,278.5564,280.4951,283.2883,308.9792,281.8564,291.7652,286.6236,287.3647,287.6041,301.5201,282.6690,284.2937,282.6376,281.4831,312.6557,278.8478,283.4052,281.2759,306.3399,307.2738,321.7661,321.7661,317.9318,281.0819,292.4973,277.9480,287.1134,284.2847,283.8887,283.0068,304.9243,0.0000,293.4701,281.0020,315.0959,314.9921,283.1508,282.7462,315.7786,289.4274,286.1863,316.1591,308.1828,291.9585,308.4576,341.6366,294.8090,321.4067,339.7699,341.5754,317.1928,310.2083,280.7124,315.8442,315.4906,312.1795,319.1906,308.1422,285.7277,291.7533,292.4612,333.0019,338.9324,290.3786,314.3483,316.5675,316.6708,315.3407,312.6557,316.5089,315.3445,316.7636,316.6968,316.4309,311.3068,286.0957,278.6191,283.0088,0.0000,284.4182,286.5244,284.4181,282.9977,283.2102,283.8877,286.2390,289.8406,317.7688,281.3961,289.7194,291.8610,289.9362,281.5193,288.6344,308.8024,284.0193,281.5187,292.4716,307.2166,314.1606,314.7195,319.5269,304.9243,313.5257,304.9243,308.4649,308.2978,281.8416,292.9702
44.0000,314.3590,279.1903,279.5499,280.3094,273.8799,286.4518,284.5184,312.4483,285.2918,315.7493,302.1933,313.5898,284.1958,292.4201,280.4734,279.3740,285.5956,285.8716,290.2239,275.7446,283.4023,282.2657,282.6227,282.0490,288.7063,291.6451,292.2210,295.2997,314.1011,278.8927,280.2650,280.4440,314.4830,313.8004,311.2925,307.1492,284.5558,300.7710,284.9531,315.1244,330.3006,301.0828,303.1532,331.6677,317.6549,297.4903,313.5429,312.6340,277.1492,316.8307,314.5084,308.5562,315.3062,307.3182,316.6327,310.5243,283.5237,315.5916,290.5003,302.8690,307.3997,307.8928,313.8792,314.2553,304.2430,306.1101,306.3671,314.7704,309.2458,310.1139,320.1436,312.6362,308.6978,307.4470,296.2850,274.2630,281.5083,314.5392,311.8492,298.6627,279.4234,286.3863,284.6479,284.8022,285.6400,286.1479,286.5862,286.0930,285.5213,311.6404,284.8122,284.5699,283.9976,279.7442,277.4602,302.5940,303.8995,295.0964,0.0000,301.4534,306.0686,285.5769,282.5059,310.8975,290.7198,290.6652,299.3170,305.8293,306.5416,280.4761,285.7092,318.7943,311.5104,287.1837,285.3423,284.8870,286.7509,307.1570,283.0390,310.3359,311.2871,285.5021,286.3222,277.5800,295.5644,289.4159,315.4096,303.2437,292.6439,292.6954,277.3619,279.0676,283.2883,307.6005,280.7045,290.8783,285.4092,286.1275,286.3515,299.2829,282.0336,283.6827,281.5378,280.4651,311.2444,278.4483,282.1256,279.9718,304.9182,305.8239,319.4482,319.4483,315.9845,279.9343,290.9096,277.0690,285.0279,282.6153,282.7505,282.0087,303.5458,0.0000,292.2453,280.2767,314.3652,314.1632,282.1404,281.7417,313.8854,287.9732,284.8988,315.7408,308.1828,290.7432,308.4358,339.5456,294.1375,318.7889,338.3900,337.9618,314.9830,308.8018,279.4396,314.6911,314.3800,310.8797,318.4840,306.5085,285.1725,291.0623,291.6513,329.7056,337.2966,289.8199,312.9511,315.1921,315.2945,313.9315,311.2444,315.1335,313.8706,315.2797,315.3207,315.0409,309.9120,284.8122,277.4674,282.0108,0.0000,283.0303,285.3183,283.0303,281.8501,282.0347,282.7012,284.8539,288.5351,315.5884,280.2659,288.5607,290.6333,288.8305,280.1350,287.6892,306.9050,282.6143,280.1344,291.7718,307.2166,312.2045,312.7153,317.2286,303.5458,312.1259,303.5458,307.0585,306.8566,280.6947,290.9071
45.0000,311.7743,278.5672,278.8885,279.9295,273.9713,285.3558,283.6675,312.2786,284.5089,314.8831,301.3019,312.6699,283.3559,290.6688,280.3690,279.0268,286.0551,285.9712,290.8534,275.0685,282.3912,280.2490,280.8572,281.4314,287.5701,290.7789,291.3775,293.6847,313.4216,278.2914,279.6232,279.7655,314.4554,311.3032,308.9289,306.2437,283.7687,299.2816,284.1915,312.4850,326.5568,299.9727,302.2446,327.8241,317.4801,296.9843,314.6405,313.7713,277.0804,322.0795,320.5054,307.4989,317.7449,308.2557,317.7021,309.4676,283.4178,320.7916,289.9557,303.3968,308.5189,309.0140,318.3855,319.0052,305.3445,307.1667,307.3519,315.8691,310.2213,310.9991,324.0107,313.5295,309.4353,308.5665,296.3980,273.8548,281.3308,313.8204,311.0639,297.2884,278.8559,286.4158,283.8578,284.0200,284.8553,285.3539,285.7518,285.2835,284.7321,310.9315,284.1631,283.8626,283.3766,279.2683,277.0084,301.4922,302.8257,293.3850,0.0000,300.5772,305.1816,284.7763,281.9110,308.4987,291.2146,291.1202,300.1170,306.8607,307.6220,279.8819,285.0294,322.5254,310.7316,286.4910,284.3092,283.1724,286.6907,304.9367,282.4233,309.3985,312.3982,284.7351,285.5069,277.0456,295.2424,288.0461,314.5346,304.1883,292.2791,292.3305,277.0194,279.1731,282.2135,306.7133,280.0425,289.2455,284.6041,285.3242,285.5449,298.7066,280.8529,282.5547,281.3591,280.5326,312.3613,278.4122,282.1362,279.9611,305.9103,306.8688,318.3703,318.3703,315.0622,279.3024,289.8942,277.4915,284.1902,282.2286,282.2007,281.4361,304.4884,0.0000,292.9007,279.9012,320.5114,320.6251,281.5551,281.1361,313.0692,287.1534,284.2450,318.5784,308.1828,291.3761,308.5835,337.5933,292.4535,315.8871,335.9843,335.9187,314.8694,307.9709,279.0559,319.8713,319.4351,313.6186,317.8083,307.4614,284.2746,290.1724,290.7843,325.9101,334.7070,288.7131,314.0291,316.2871,316.3904,315.0922,312.3613,316.2287,314.9574,316.3802,316.4165,316.1430,311.0260,284.1631,277.0156,281.4380,0.0000,284.3134,284.5345,284.3134,281.6431,281.8101,282.1205,284.8255,289.3517,315.0851,279.6243,289.2264,291.1327,289.5715,281.9499,286.5679,307.5779,282.5906,281.9493,290.5629,320.6251,311.4505,311.9859,317.0637,304.4884,313.2067,304.4884,308.0681,307.9014,280.1010,290.4031
46.0000,314.6662,279.4262,279.7451,280.7276,274.1306,290.0586,288.4238,310.1993,285.2488,313.9088,301.5467,312.0329,284.0865,291.9003,281.8033,280.2731,287.4855,287.2986,293.0181,275.6725,284.7034,281.9853,282.6929,283.2278,293.1474,296.7752,297.4526,295.1580,313.1420,279.1649,280.4391,280.5955,314.4554,314.2211,311.9737,306.1464,284.5207,302.7320,285.0525,315.3387,328.6404,300.5447,302.5060,329.8380,317.3757,298.5860,317.5315,316.6918,278.5769,318.4444,315.7582,308.2639,318.2269,310.8691,317.1616,309.9612,284.5480,317.1917,291.4978,305.5945,311.3183,311.8196,315.9115,316.2069,307.2727,309.7794,309.9982,318.6246,312.9530,313.6563,322.6412,316.2681,311.8740,311.3660,298.0767,274.7258,282.3930,313.5090,310.7383,300.0216,279.6171,287.7553,284.6066,284.7550,285.5739,286.0522,286.4619,286.0137,285.4462,310.1806,285.0702,284.7378,284.2614,280.2532,277.9495,302.2448,303.6894,294.8451,0.0000,300.7974,305.1564,285.6114,283.7587,311.8502,293.4123,293.2837,303.2717,309.7598,310.4885,280.8592,285.9108,321.2736,310.4551,287.3924,288.7846,285.6889,286.8797,309.1472,283.2515,309.8421,315.2214,285.5415,286.3062,277.9115,296.7400,289.0937,313.6133,307.7867,293.7440,293.7958,277.9403,280.6775,293.1572,306.8555,280.8424,290.2273,285.3577,286.0716,286.2850,300.2541,285.4080,287.1805,283.1809,283.1832,315.1897,278.5262,283.7291,281.5085,308.5822,309.5015,316.8594,316.8594,313.8799,280.1323,290.6851,278.7131,285.5753,283.5982,283.1596,282.2852,308.0763,0.0000,294.9002,280.6779,315.6344,315.5660,282.3963,282.0112,312.4463,288.0259,285.1485,316.4719,308.1828,293.5236,308.4739,335.7259,293.8136,319.0101,338.8275,332.9024,314.8276,307.8615,280.2618,316.4484,316.1690,313.8701,317.2084,309.8109,288.9767,295.5667,296.7617,329.2582,337.6086,294.3020,316.8956,319.1835,319.2874,317.9779,315.1897,319.1245,317.7222,319.1402,319.3139,319.0275,313.8567,285.0702,277.9567,282.2869,0.0000,286.0323,285.2739,286.0324,283.2420,283.2940,283.0328,286.0333,291.3502,314.8521,280.4403,291.4442,293.3341,291.7664,283.7220,287.5633,309.9422,283.9826,283.7215,295.2716,307.2166,311.1684,311.7184,316.9693,308.0763,316.0566,308.0763,311.1942,310.6757,280.7239,291.9590
47.0000,306.9368,273.3208,273.5763,275.1535,269.5350,283.9554,282.4265,304.1174,278.9448,307.3281,295.1543,305.3956,277.9126,285.8707,276.1411,274.2713,281.8329,281.4608,287.4000,269.5112,278.8750,276.4622,277.0941,277.4072,286.9441,290.3937,291.0052,289.2543,307.1146,273.0893,274.3540,274.4567,309.4959,306.4987,304.4817,299.6795,278.2362,296.2040,278.8305,307.5483,319.6297,294.2210,296.0493,320.7171,312.2066,291.8372,311.5769,310.7732,272.7890,315.2919,313.3378,300.9099,312.7810,304.9035,310.9081,302.4995,278.6470,313.6460,284.9069,299.3898,305.5205,306.0083,312.0607,312.4101,301.4169,303.9401,304.0876,312.7038,307.0586,307.7136,318.0883,310.4217,305.7332,305.5677,291.8512,268.8734,276.4270,307.4359,304.4769,293.7130,273.7438,281.8555,278.3166,278.4589,279.2355,279.6737,280.0844,279.6684,279.1036,303.7660,278.7881,278.5376,278.1274,274.2608,272.0135,295.9714,297.3425,289.5479,0.0000,294.4249,298.7451,279.3205,277.8616,304.2128,287.6892,287.5329,297.4720,303.9361,304.6842,274.7734,279.5686,316.7575,304.2186,280.9372,282.9056,279.9287,280.5353,301.5921,277.1778,302.4481,309.3277,279.2584,279.9627,271.9004,290.1814,282.9350,307.0235,301.9576,287.2277,287.2782,271.9681,274.8963,286.9474,300.4654,274.7238,283.8990,279.0339,279.7329,279.9332,293.3760,279.3430,281.1130,277.2746,277.2765,309.2999,273.5005,277.8872,275.6926,302.7495,303.6640,309.8889,309.8890,307.1388,274.0495,283.8994,271.6674,281.5662,278.5482,277.0878,276.2792,302.2381,0.0000,289.1871,275.1084,313.1953,312.8201,276.3821,276.0221,306.0497,281.4788,278.8595,315.3346,308.1828,287.8890,308.4145,333.9391,287.8465,310.8277,328.7146,324.2325,309.7327,301.4611,274.2496,312.8752,312.6297,309.0302,316.5776,303.8395,282.9737,289.3181,290.3841,320.0171,327.5958,288.0687,310.9106,313.1838,313.2862,312.0193,309.2999,313.1263,311.7826,313.2097,313.3121,313.0263,307.9934,278.7881,272.0205,276.2808,0.0000,280.9559,278.9684,280.9560,277.3240,277.3555,276.9184,280.1408,285.8777,309.0866,274.3552,285.9126,287.6171,286.2113,279.0398,281.4108,303.7816,278.2508,279.0392,289.0357,307.2166,304.9829,305.5887,311.8120,302.2381,310.0879,302.2381,305.3042,304.8121,274.5536,285.3877
48.0000,305.8644,273.3351,273.5855,275.3526,269.5350,284.2810,282.7344,302.9344,278.8262,306.0196,294.5115,304.2404,277.6717,285.5707,278.0309,275.9144,283.0460,282.6316,288.3209,269.5811,279.8033,278.3658,278.7666,278.2098,287.1080,290.1539,290.6948,288.8931,305.8078,273.1159,274.3549,274.4777,308.0193,305.3415,303.5449,298.8024,278.1227,295.8612,278.7806,306.4428,317.8598,293.5092,295.3994,318.8871,310.5995,293.0356,312.4785,311.6615,275.0269,315.6629,313.6041,301.5051,313.5443,305.6797,311.3331,302.9457,279.3667,313.9641,286.0166,299.8364,306.3596,306.8477,312.4876,312.8163,302.1531,304.7568,304.8945,313.5268,307.9720,308.6726,318.7107,311.7722,306.3718,306.4071,293.3381,268.9038,277.0342,306.1054,303.3182,293.3559,273.7438,283.0308,278.2005,278.3490,279.1053,279.5288,279.9231,279.5274,278.9739,302.7322,278.7823,278.5214,278.1691,274.3887,272.1077,295.2885,296.6485,289.1648,0.0000,293.7939,297.9087,279.2158,278.6481,303.1169,288.5535,288.3831,298.3119,304.7925,305.5271,275.2479,279.5247,317.3442,303.0778,280.8719,283.3266,281.2236,281.0505,300.6148,277.1923,302.8808,310.1837,279.1767,279.8541,271.9181,291.4015,282.6989,305.7395,302.8122,288.3982,288.4489,272.1975,276.4586,287.1114,299.6174,274.7093,283.4668,278.9092,279.6011,279.7892,294.5435,279.5975,281.4080,277.9534,277.9552,310.1541,273.5005,279.0105,277.2774,303.6136,304.4810,308.4358,308.4359,305.8655,274.0567,283.6376,274.2098,282.8614,280.2098,277.2197,276.3273,303.0771,0.0000,289.5332,275.2942,313.4669,313.1282,276.4190,276.0646,304.8036,281.3566,278.8494,315.4862,308.1828,288.7415,308.4225,332.7423,287.5078,309.5076,326.8487,321.9803,308.2493,300.5602,275.7184,313.2348,313.0053,309.6702,316.1802,304.5901,283.2948,289.3599,290.1531,318.4084,325.7519,288.2465,311.8250,314.0786,314.1806,312.9218,310.1541,314.0208,312.5984,314.0341,314.2068,313.9402,308.8480,278.7823,272.1147,276.3287,0.0000,282.3250,278.8490,282.3251,277.9947,278.0370,276.9732,281.0371,286.9305,307.6784,274.3562,286.9267,288.4848,287.2066,280.5785,281.2699,304.3610,279.8567,280.5781,289.0398,307.2166,303.7984,304.3685,310.2247,303.0771,311.0137,303.0771,306.1544,305.6421,274.6264,286.5246
