"ETAPA \ BARRA","AGUAYTIA 220","BALNEARIO 220","BALNEARIOS 60 A","CALLAHUANCA 220","CALLAHUANCA 60","CARHUAMAYO 220","CARHUAMAYO NUEVA 138","CARHUAQUERO 220","CHAVARRIA 220 A","CHICLAYO OESTE 220","CHIMBOTE 220","GUADALUPE 220","HUACHIPA 60","HUACHO 220","HUANCAVELICA 220","HUAYUCACHI 220","ICA 220","INDEPENDENCIA 220","MARCONA220","MOYOPAMPA 60","OROYA NUEVA 220","OROYA NUEVA 138","OROYA NUEVA 50","PACHACHACA 220","PARAGSHA2 220","PARAGSHA 138","PARAGSHA 50","PARAMONGA NUEVA 220","PIURA OESTE 220","SAN JUAN 220","SANTA ROSA 220 A","SANTA ROSA EDS 60","TALARA 220","TINGO MARIA 138","TINGO MARIA 220","TRUJILLO 220","VENTANILLA 220","VIZCARRA 220","ZAPALLAL 220","AGUAYTIA 138","PUCALLPA 138","HUALLANCA 138","CHIMBOTE 138","PUCALLPA 60","ZORRITOS 220","ABANCAY NUEVA 138","ARICOTA138","ARICOTA II 66","CAMPO ARMINO 220","AYAVIRI138","AZANGARO 138","CACHIMAYO 138","CALLALLI 138","CERRO VERDE 138","COMBAPATA 138","DOLORESPATA 138","DESIERTO220","JULIACA 138","MACHUPICCHU 138","MOLLENDO 138","MOQUEGUA 220","MOQUEGUA 138","PUNO 220","PUNO 138","SANTUARIO 138","SOCABAYA 220","SOCABAYA 138","ILO 138","LOS HEROES 220 A","LOS HEROES 66","TINTAYA 138","TOMASIRI 66","REPARTICION 138","ILO2 220","COTARUSE 220","CHILCA REP 220","CANTERA 220","PIURA OESTE 60","LA NINA 220","CONOCOCHA 220","HUINCO 220","INDEPENDENCIA 60","CHILLON 220","CHILLON 60","CHAVARRIA 60 A","CHAVARRIA 60 B","BARSI 60","BARSI 220","OQUENDO 60","CAJAMARCA 220","PLANICIE 220 A","CARABAYLLO 220","CARABAYLLO 500","CHILCA CTM 500","CHILCA CTM 220 A","KIMAN AYLLU 138","KIMAN AYLLU 220","PARAMONGA EXISTENTE 138","MACHALA 200","CHIMBOTE 500","TRUJILLO 500","HUARANGAL 60","POMACOCHA 220","PIEDRA BLANCA 138","POROMA 220","POROMA500","OCONA 500","MONTALVO 500","MONTALVO 220","HUANZA 220","INDUSTRIALES 220 A","TINTAYA 220","LA NINA 500","INDUSTRIALES 60","CARHUAMAYO 50","CARIPA138","HUAMPANI 60","HUANUCO 138","REFINERIA ZINC 220","QUENCORO 138","ILO 3 220","MIRADOR 220","MIRADOR 60","ALTO PRADERA 220","ABANCAY NUEVA 220","LOMERA 220","REQUE 220","SAN JOSE 500","SANTA TERESA 220","SURIRAY 220","ASIA 220","CERRO DEL AGUILA 220","CHAGLLA 220","RAMADA 220","SANTA ROSA LDS 60","LOMERA 60","ZAPALLAL 60","MALVINAS 220","MALVINAS 60","ABANCAY 138","YAUPI 138","SANTA ISABEL 220","YANANGO 220","CHIMAY 220","ILO3 138","MATUCANA 220","COLCABAMBA 500","COLCABAMBA 220","YARABAMBA 500","YARABAMBA 220","BELAUNDE 220","BELAUNDE 138","CACLIC 220","INDUSTRIALES 220B","PLANICIE60","COBRIZAI 69","MOLLEPATA 60","MOLLEPATA220","CARAPONGO 500","CARAPONGO 220 A","SAN JOSE 220","MARCONA 60 A","SAN NICOLAS 60","CALLAHUANCA EDN 220","PUMIRI138","PUMIRI220","SAN MIGUEL 220","SAN MIGUEL 60","FELAM 220","MANCHAY 60","MANCHAY 220","SAN RAFAEL 138","SAN GABAN 138","MARCONA 60 B","ANGEL 138","PTO MALDONADO 138","MEDIO MUNDO 220","AUCAYACU 138","BELLAVISTA 138","TARAPOTO 138","PARINAS 220","PAMPA HONDA 220","ORCOTUNA 220","SAN ROMAN 138","SAN ROMAN 220","CHILOTA 220","MAZUCO 138","JESUS 138","CARHUAMAYO 138","CINCO MANANTIALES 138","OXIDOS CERRO 138","TOCACHE 138","JUANJUI 138","FRANCOISE 220","BOTIFLACA 138","MILL SITE 138","PLAZA TOQUEPALA 138","QUEBRADA HONDA 138","PANAMERICANA SOLAR 138","TOQUEPALA 138","ILO ELS 138","REFINERIA 138","LIXIVIACION 138","PUSHBACK 138","INTIPAMPA 138","PLANICIE 220 B","CHILCA CTM 220 B","CARAPONGO 220 B","CHILCA 1 220","DERIVACION 220","CHAVARRIA 220 B","DERIVACION 220  BARRA II","CAMPAS 220","CAMPAS 500","PLANICIE 500","NUEVA CHINCHA 220","CAHUACHI 220","VALLE DEL CHIRA 220","SANTA ROSA 220 B","ERSUR 220","FLAMENCO220","BARRA3HERMANAS","BARRAPTALOMITAS","PUERTO CHANCAY 220","CHAPARRAL 138","CHIRIBAMBA 220","BARRAPTALOMITAS2","YSHCAYUCRO 220","PAQUILLUSI 220","MIGUEL GRAU 500","MIGUEL GRAU 220","ALIPIO ROSALES 220","SUNNY","CUAJONE 138","SAN MARTIN 220","SAN LUIS 220","CERRO VERDE 220","PORTILLO 60","SURIRAY138"
1.0000,250.6831,226.3827,226.5323,227.9079,223.5084,233.1950,231.4704,254.1376,231.3396,256.4007,245.5135,254.9010,231.1706,236.5368,228.6331,227.6569,234.5557,233.5233,238.9235,222.3687,230.6272,229.5141,229.9491,229.5265,234.1611,236.1245,236.5722,239.0915,256.1355,226.2132,226.8909,226.9065,257.7461,249.3818,248.7227,249.6334,230.8001,242.7825,231.3806,251.1751,260.8921,243.9163,246.1905,261.7666,259.8839,238.1437,253.2937,252.6211,226.0595,258.4045,257.4493,244.4165,258.0522,249.1420,252.8818,245.5043,231.4735,257.1720,232.4238,247.9843,248.7653,249.1387,255.6080,255.9863,249.8129,248.0757,248.4040,254.3229,249.9398,250.4595,259.5940,252.0649,250.2513,248.7955,239.0421,223.1142,225.1635,256.4325,253.9443,241.6177,227.2059,233.8305,230.8653,230.9914,231.5583,231.9061,232.2766,231.9524,231.4777,253.2655,231.5098,231.1790,230.8112,227.7012,225.8556,245.2268,246.3187,239.2385,0.0000,244.9338,248.7824,231.8178,229.7919,247.1871,237.9870,237.6263,242.7754,247.5138,248.0896,229.4263,232.2200,258.3521,253.6850,233.6320,231.8332,231.1054,231.8991,244.4472,229.7580,245.4675,251.6889,231.7067,232.2857,225.4158,236.9705,234.3836,256.1645,245.0879,234.4881,234.5297,224.1886,227.9241,227.3834,249.6382,227.1910,235.0709,231.4670,232.0344,232.2060,239.2314,232.3555,232.7110,229.7149,229.7165,251.6657,226.3808,230.2393,228.4531,247.0588,247.8613,261.3757,262.8041,257.6145,226.7289,235.4674,226.3816,230.8267,229.6911,229.8774,229.0072,245.2901,0.0000,241.5058,227.8754,257.4180,257.3129,229.1354,228.9071,255.2913,233.5972,231.5650,256.9469,249.3464,239.4287,249.6043,267.9580,238.0299,253.4559,272.0816,273.0087,258.0480,250.7164,227.8335,256.5788,256.3532,252.3228,255.4483,249.3524,231.9046,236.3055,236.1494,262.5155,270.7207,235.0573,252.9231,254.6167,254.6945,253.7261,251.6657,254.5720,253.6253,254.7092,254.7144,254.5167,250.6546,231.5099,225.8595,229.0082,0.0000,234.9206,231.3596,234.9207,229.8128,229.8796,229.8657,232.7781,238.2376,257.7802,226.8930,238.7723,237.9866,238.8389,234.0836,233.2728,249.5551,230.5716,234.0836,236.4594,257.3129,254.3313,254.8625,259.5912,245.2901,252.3146,245.2901,248.1694,248.5594,227.1139,232.8754
2.0000,251.1612,226.2154,226.3480,227.9386,223.7089,234.0873,232.4267,253.5444,231.1370,255.6169,245.1184,254.1844,230.9463,237.1948,228.5520,227.5395,234.6266,233.5291,238.5881,222.1512,230.8806,229.5897,230.0857,229.6351,235.5068,237.5429,238.0000,239.6032,255.2167,226.0558,226.7742,226.7857,256.6996,249.9221,249.2650,249.0791,230.5990,243.5485,231.2259,251.6355,260.9990,243.7399,245.8219,261.8415,258.7692,237.6029,252.5678,251.9021,225.9794,256.5744,255.4306,243.5318,257.3517,248.6173,251.6530,244.5447,231.3674,255.1351,231.8674,247.6267,248.1290,248.4973,253.8372,254.1040,249.8129,247.4874,247.8557,253.6166,249.2758,249.7808,258.1042,251.4514,249.8356,248.1588,238.5706,222.9776,225.0005,255.4854,253.2122,242.2352,227.8615,233.8997,230.6621,230.7860,231.3343,231.6600,232.0412,231.7296,231.2484,252.8248,231.2765,231.0120,230.6553,227.5549,225.7134,245.1179,246.3148,239.7580,0.0000,244.5229,248.2506,231.6077,229.8926,247.8355,237.6412,237.2866,242.2832,246.9123,247.4698,229.3801,231.9651,256.8960,252.9437,233.3366,232.7736,231.2219,232.0505,245.3170,229.6913,244.5094,251.0046,231.5041,232.0610,225.2600,236.4190,234.6685,255.3913,244.5274,233.9272,233.9687,224.0537,227.7999,231.1169,249.4432,227.0625,235.3339,231.2539,231.8121,231.9771,238.6815,232.5667,233.1864,229.6158,229.6174,250.9814,226.4097,230.0830,228.3287,246.4796,247.2772,260.6868,262.0433,257.0387,226.6025,235.0421,226.4361,230.5448,229.5325,229.7487,228.9774,244.7271,0.0000,241.1244,227.9044,255.3342,255.0259,229.0954,228.8828,254.5219,233.2604,231.3290,256.5763,250.4447,239.0862,250.6254,268.4717,238.6044,253.8029,271.3516,272.0299,256.9925,250.4532,227.7267,254.5704,254.4236,251.1250,256.3360,248.9590,232.8467,237.4771,237.5592,262.4966,270.0958,236.3935,252.2261,253.8811,253.9602,253.0018,250.9814,253.8371,252.9142,253.9988,253.9792,253.7718,249.9873,231.2765,225.7173,228.9784,0.0000,234.8588,231.1562,234.8589,229.6950,229.7520,229.6977,232.7062,237.9653,256.7652,226.7764,238.4423,237.6407,238.5112,234.0220,233.4132,249.1573,230.5248,234.0220,237.5829,252.7529,253.5455,254.0330,258.4859,244.7271,251.6206,244.7271,247.5692,247.9703,226.9961,232.3263
3.0000,252.4691,226.0324,226.1449,227.9914,223.9152,235.5383,233.8873,253.6108,230.9187,255.5146,245.1147,254.1095,230.7964,237.4261,228.5553,227.4935,234.7067,233.5946,238.6240,221.9103,231.4464,230.1136,230.6059,229.9298,237.8846,240.0614,240.5541,240.0484,255.1829,225.8840,226.6152,226.6138,256.6480,251.3146,250.6455,249.0448,230.3854,245.0871,231.0687,252.9260,261.9387,244.1470,245.8124,262.7496,258.6789,237.6504,252.7145,252.0784,225.9794,256.5694,255.4334,243.5444,257.4626,248.5931,251.7043,244.5397,231.3983,255.1184,231.9058,247.6266,248.1746,248.5524,253.8391,254.0996,249.8129,247.4993,247.8529,253.7064,249.2632,249.7152,258.1926,251.3655,249.6907,248.2055,238.6351,222.8344,224.8443,255.4520,253.1710,243.4426,227.8615,233.9865,230.4465,230.5613,231.0981,231.4061,231.7920,231.4969,231.0067,253.0356,231.0792,230.8567,230.5205,227.4275,225.5806,245.6874,246.9164,240.2010,0.0000,244.5045,248.2210,231.4302,230.1828,249.3870,237.6449,237.2845,242.3175,246.9502,247.5117,229.3326,231.7492,256.9631,252.9066,233.1038,234.1987,232.0148,232.2726,247.1940,229.5699,244.5272,251.0892,231.3064,231.8431,225.0940,236.4678,234.7172,255.2934,244.5791,233.9718,234.0133,223.8985,227.7847,237.8926,249.8540,226.8932,235.3534,231.0331,231.5861,231.7494,238.7295,232.1810,233.5019,229.6193,229.6209,251.0685,226.4501,230.0574,228.3134,246.4992,247.2895,260.7579,262.0431,257.1691,226.4404,234.6362,226.6006,230.3597,229.4688,229.6288,228.8775,244.7822,0.0000,241.1791,227.9520,255.3388,255.0372,228.9921,228.8026,254.4634,232.9564,231.1290,256.5918,250.4447,239.1254,250.6262,267.8055,238.9514,255.0453,271.5839,272.0115,256.9447,250.8035,227.6805,254.5645,254.4227,251.1551,256.1103,248.9316,234.3247,239.5115,240.0624,263.3235,270.4184,238.8129,252.3383,254.0228,254.1024,253.1308,251.0685,253.9783,253.0004,254.0921,254.1217,253.9240,250.0662,231.0792,225.5845,228.8785,0.0000,234.9313,230.9374,234.9314,229.6706,229.7043,229.5515,232.7606,238.0267,256.7370,226.6174,238.4998,237.6444,238.5560,234.0943,233.3971,249.0570,230.5526,234.0943,239.6023,252.7529,253.5090,253.9977,258.4025,244.7822,251.7195,244.7822,247.6725,247.9838,226.8802,232.3668
4.0000,251.9399,226.1447,226.2577,227.9243,223.9545,235.4422,233.8311,253.1164,230.7344,254.9731,244.7705,253.6331,230.5210,237.1332,228.5581,227.4412,234.8044,233.7321,238.5518,221.9626,231.3226,229.8579,230.3842,229.8509,237.7520,239.9857,240.4865,239.7451,254.6335,226.0022,226.5970,226.6187,256.0682,250.8205,250.1745,248.6265,230.1968,244.8034,230.8954,252.3818,261.0959,243.7699,245.4610,261.8798,258.0603,237.4406,252.4460,251.7867,225.9351,258.3815,257.8867,243.2782,257.6596,248.5748,251.7948,244.2682,231.5982,256.1020,231.6894,247.6266,248.1734,248.5349,254.7360,254.8512,249.8129,247.5232,247.8405,253.6139,249.2647,249.7472,258.7282,251.3844,249.6612,248.2039,238.5774,223.1391,225.1135,254.8932,252.6699,243.1577,227.8369,234.1600,230.2563,230.3670,230.9153,231.2203,231.5926,231.3021,230.8165,252.5803,230.9426,230.6984,230.4157,227.4089,225.6766,245.3214,246.5548,239.8856,0.0000,244.1702,247.8171,231.2176,230.1313,248.9405,237.5790,237.2318,242.2835,246.9498,247.5105,229.3236,231.5935,257.6371,252.4092,232.9013,234.0891,231.7786,232.7848,246.8414,229.4596,244.2724,250.9887,231.1237,231.6241,225.2788,236.3133,234.4691,254.7623,244.5532,233.8084,233.8499,224.1935,227.5587,237.7598,249.4736,226.8642,235.0684,230.8332,231.3912,231.5477,238.5049,232.2028,233.4840,229.5080,229.5096,250.9653,226.3881,229.9258,228.2068,246.5182,247.3108,260.0751,261.3296,256.5910,226.4552,234.3674,226.5691,230.3110,229.4469,229.5470,228.7871,244.7541,0.0000,241.0249,227.8850,257.6085,256.4018,228.8946,228.6941,253.9418,232.7489,230.9903,264.5647,263.2151,239.0405,263.1369,280.9064,238.6521,254.4248,270.5121,270.8905,256.3661,250.4079,227.6346,255.4486,255.4757,251.5907,268.9831,248.9090,234.2554,239.4297,239.9861,262.3947,269.3671,238.6663,252.1842,253.7533,253.8360,252.9522,250.9653,253.7104,252.9006,253.9980,253.8541,253.5741,249.9793,230.9426,225.6805,228.7881,0.0000,234.9750,230.7527,234.9751,229.5578,229.5988,229.4714,232.9297,237.9858,256.1626,226.5993,238.4250,237.5786,238.4877,234.1379,233.1803,249.0365,230.6086,234.1379,239.4229,252.7529,252.9980,253.4751,257.7902,244.7541,251.5738,244.7541,247.6133,248.0057,226.9384,232.1596
5.0000,251.0916,225.2284,225.3230,227.3170,223.5175,235.1716,233.5901,252.3760,229.9088,254.0617,243.9346,252.7133,229.6881,236.3482,228.3773,227.3134,234.1827,233.1252,237.8936,221.1420,230.9188,229.5117,230.0174,229.4001,237.4162,239.6416,240.1328,238.9793,253.7381,225.0930,225.7791,225.7755,255.1302,250.0005,249.3886,247.7423,229.3755,244.1987,230.1160,251.5184,259.9304,242.9697,244.6322,260.6870,257.0929,237.0519,251.4307,250.7602,225.9351,255.9502,254.8309,242.7036,257.0848,247.9182,250.7945,243.6473,230.8378,254.2339,231.3072,247.6266,247.2934,247.6472,252.9744,253.1884,249.8129,246.7622,247.1493,252.6624,248.3961,248.8943,257.4182,250.4246,249.1475,247.3240,238.1763,222.1512,224.0982,254.0025,251.7817,242.5214,227.2676,233.5479,229.4331,229.5383,230.0757,230.3662,230.7548,230.4684,229.9732,251.7640,230.1280,229.9306,229.6468,226.6188,224.8173,244.5447,245.8000,239.1004,0.0000,243.3282,246.9457,230.4281,229.6618,248.1864,236.9273,236.5775,241.5329,246.1260,246.6526,228.9305,230.7666,256.1913,251.5223,232.0593,233.8564,231.4339,232.1385,246.2136,228.7090,243.6431,250.0517,230.3316,230.8464,224.3354,235.8976,233.6823,253.8495,243.7637,233.3952,233.4366,223.1787,227.4812,237.4241,248.6839,226.0426,234.2625,230.0056,230.5632,230.7031,238.1052,232.2741,233.4256,228.9897,228.9912,250.0260,225.7813,229.5673,228.0092,245.7412,246.5484,259.0603,260.2824,255.6672,225.6152,233.4649,226.7205,229.9837,229.2248,228.8053,228.0577,243.9638,0.0000,240.3569,227.2742,254.7050,254.2576,228.1605,227.9582,253.0445,231.8913,230.1739,256.8810,251.5265,238.3800,251.6659,267.9940,237.8753,253.5091,269.1993,269.5367,255.4271,249.6088,227.4676,253.6759,253.5785,250.2746,256.8912,248.4396,234.0054,239.1222,239.6421,261.2708,268.0812,238.3363,251.2317,252.7355,252.8167,251.9689,250.0260,252.6933,251.9497,253.0440,252.8341,252.5358,249.0557,230.1281,224.8211,228.0586,0.0000,234.3458,229.9268,234.3458,229.0333,229.0711,228.6835,232.2242,237.3372,255.2425,225.7814,237.7597,236.9268,237.8246,233.5108,232.3988,248.6807,230.2597,233.5108,238.9948,251.6309,252.1089,252.5840,256.8273,243.9638,250.6265,243.9638,246.8128,247.2437,226.1413,231.7774
6.0000,250.6834,224.9205,225.0119,227.0401,223.2698,235.0035,233.4951,251.6349,229.5849,253.3680,243.3605,252.0670,229.3796,236.0041,228.3275,227.2344,233.9864,232.9362,237.7516,220.7981,230.5645,228.7655,229.3578,229.1360,237.2269,239.5967,240.1033,238.6042,252.9945,224.7875,225.4691,225.4592,254.3724,249.6267,249.0044,247.1455,229.0514,243.8787,229.7972,251.1038,259.3879,242.4092,244.0191,260.1330,256.3227,237.0210,251.7116,251.0646,225.9351,255.9334,254.8306,242.6576,257.0685,247.8605,250.7753,243.5862,230.6003,254.2239,231.2850,247.6266,247.2436,247.6057,252.9590,253.1746,249.8129,246.6895,247.0807,252.6842,248.3372,248.8027,257.4066,250.4402,249.1317,247.2741,238.1852,221.8617,223.7982,253.2458,251.0978,242.1458,226.9781,233.3422,229.1087,229.2139,229.7537,230.0449,230.4178,230.1379,229.6505,251.0317,229.8045,229.6154,229.3328,226.3321,224.5303,243.9863,245.2080,238.7324,0.0000,242.7763,246.3489,230.0926,229.4205,247.8696,236.7844,236.4335,241.4199,246.0629,246.5940,228.6856,230.4350,256.1735,250.8385,231.7183,233.6872,230.9059,231.7932,246.0082,228.4062,243.5846,250.1166,230.0077,230.5181,224.0338,235.8785,233.3541,253.1634,243.6675,233.3773,233.4187,222.9049,227.4025,237.2348,247.9909,225.7293,233.9526,229.6804,230.2336,230.3744,238.0595,232.3170,233.3906,228.7694,228.7709,250.1011,225.5194,229.4322,227.9304,245.6716,246.4737,258.2102,259.4049,254.8712,225.3063,233.0952,226.7284,229.9036,229.1635,228.5102,227.7594,243.8653,0.0000,240.2449,226.9969,254.7038,254.2511,227.8613,227.6670,252.3533,231.5435,229.8496,256.9165,251.5265,238.2428,251.6678,267.7832,237.5145,253.0538,268.1225,268.5151,254.6674,248.8949,227.3641,253.6638,253.5665,250.2435,256.8080,248.3926,233.8920,239.0501,239.5964,260.5414,267.0605,238.1542,251.2674,253.0196,253.0986,252.1418,250.1011,252.9754,251.9896,253.0496,253.1178,252.9051,249.1039,229.8045,224.5342,227.7603,0.0000,234.1633,229.6027,234.1634,228.8174,228.8600,228.3764,232.0074,237.1746,254.4721,225.4714,237.6192,236.7840,237.6861,233.3291,232.0706,248.6698,230.1550,233.3291,238.7483,251.6309,251.4097,251.8716,256.0588,243.8653,250.6474,243.8653,246.6817,247.1695,225.8142,231.7566
7.0000,250.7843,225.0081,225.0940,227.2709,223.5192,235.1284,233.5348,251.9235,229.7612,253.6265,243.6489,252.3441,229.6694,236.1640,228.2647,227.2652,233.6821,232.7232,237.7492,220.9550,230.9190,229.6544,230.1329,229.3625,237.3459,239.5572,240.0463,238.7814,253.2434,224.8765,225.6323,225.5999,254.6324,249.7009,249.1150,247.4027,229.2194,244.0383,229.9476,251.2017,259.4268,242.6663,244.3474,260.1665,256.5932,237.0396,251.7026,251.0484,225.9351,255.9541,254.8189,242.7057,257.0944,247.9256,250.8196,243.6369,230.4120,254.2314,231.3080,247.6266,247.2804,247.6365,252.9745,253.1931,249.8129,246.7402,247.1329,252.7850,248.3769,248.8506,257.4528,250.4528,249.2301,247.3112,238.1990,221.9013,223.8262,253.4932,251.3503,242.3246,227.7094,233.1316,229.2766,229.3867,229.9322,230.2231,230.5823,230.3042,229.8256,251.3275,229.9472,229.7661,229.4951,226.4634,224.6293,244.2165,245.4604,238.9132,0.0000,243.0433,246.6118,230.2215,229.6060,247.9190,236.8321,236.4847,241.4762,246.1057,246.6343,228.8006,230.5777,256.2159,251.0931,231.8626,233.8092,231.4607,231.7292,246.0072,228.6413,243.6284,250.1485,230.1599,230.6710,224.1031,235.8970,233.4853,253.4249,243.7252,233.3978,233.4392,222.9280,227.4436,237.3535,248.2548,225.8921,233.9869,229.8385,230.3942,230.5339,238.0745,232.2843,233.4173,228.9053,228.9069,250.1348,225.7375,229.5026,227.9716,245.7167,246.5245,258.5354,259.7308,255.1824,225.4516,233.2319,226.8817,229.7258,229.0693,228.6753,228.0081,243.9250,0.0000,240.2481,227.2279,254.6948,254.2575,228.1112,227.9416,252.6149,231.6767,229.9921,256.6060,251.5265,238.2446,251.6515,267.6864,237.6823,253.1777,268.5973,268.8982,254.9292,249.1658,227.4073,253.6753,253.5783,250.2691,256.7693,248.4278,233.9523,239.0660,239.5588,260.8316,267.5022,238.2514,251.2084,253.0129,253.0933,252.1665,250.1348,252.9690,252.0609,253.1689,253.1115,252.8887,249.1244,229.9472,224.6332,228.0091,0.0000,233.7074,229.7787,233.7075,228.9447,228.9801,228.5244,231.7723,237.0257,254.7160,225.6347,237.6007,236.8316,237.6812,232.7078,232.2246,248.7379,230.0327,232.7076,238.8857,251.6309,251.6629,252.1228,256.3279,243.9250,250.5632,243.9250,246.7688,247.2225,225.9529,231.7788
8.0000,250.7227,225.3206,225.4105,227.3631,223.7876,235.1347,233.5693,251.8476,229.8200,253.5744,243.5912,252.2924,229.6876,236.2005,228.3574,227.3193,234.0214,233.0744,237.8260,221.1011,230.9605,229.6733,230.1583,229.4266,237.3400,239.5268,240.0158,238.8017,253.1937,225.1891,225.7946,225.7681,254.5699,249.6423,249.0579,247.3628,229.2787,244.0011,230.0165,251.1396,259.3544,242.6111,244.2484,260.0932,256.5340,237.1629,251.8489,251.1867,225.9351,255.9832,254.8684,242.7721,257.0838,248.0159,250.9196,243.6935,230.8716,254.3236,231.4047,247.6266,247.4209,247.7792,253.0696,253.2895,249.8129,246.8523,247.2396,252.7826,248.5425,249.0324,257.5058,250.6200,249.2721,247.4516,238.3033,222.3458,224.3087,253.4427,251.3067,242.2971,227.4616,233.4927,229.3357,229.4463,229.9933,230.2863,230.6420,230.3635,229.8874,251.2396,230.0470,229.8397,229.5948,226.6271,224.8927,244.1891,245.3927,238.9563,0.0000,243.0124,246.5725,230.2884,229.6933,247.8615,236.8994,236.5632,241.5951,246.2428,246.7727,228.9329,230.6732,256.2803,251.0482,231.9344,233.8531,231.4638,232.2145,245.9371,228.6949,243.6777,250.2705,230.2273,230.7189,224.4649,236.0069,233.5219,253.3729,243.8654,233.4986,233.5401,223.3899,227.1717,237.3450,248.1770,226.0519,233.9667,229.9010,230.4552,230.5923,238.2172,232.2848,233.4169,228.9134,228.9149,250.2535,225.8296,229.4274,227.9072,245.8424,246.6368,258.4027,259.5895,255.0661,225.6502,233.2910,226.7709,229.9252,229.1946,228.7740,228.0606,244.0679,0.0000,240.2668,227.3205,254.7446,254.3115,228.1637,227.9771,252.5725,231.7501,230.0917,256.5730,251.5265,238.3137,251.6498,267.5872,237.7109,253.0856,268.4610,268.7135,254.8651,249.0849,227.4731,253.7656,253.6633,250.3903,256.7494,248.5025,233.9842,239.0653,239.5298,260.6753,267.3620,238.2508,251.4434,253.1631,253.2420,252.2990,250.2535,253.1191,252.0950,253.1487,253.2606,253.0443,249.2692,230.0470,224.8966,228.0615,0.0000,233.9697,229.8374,233.9697,228.9491,228.9896,228.6492,232.2248,237.1701,254.6656,225.7970,237.6737,236.8990,237.7580,232.9689,232.2817,248.7670,230.2276,232.9688,238.8731,251.6309,251.6167,252.0759,256.2680,244.0679,250.8228,244.0679,246.9495,247.3419,226.1447,231.8773
9.0000,251.2716,225.4506,225.5385,227.6186,223.8137,235.2815,233.6930,252.6757,230.2303,254.4446,244.2562,253.1265,230.1864,236.7032,228.4236,227.3967,234.4404,233.3430,238.2664,221.2912,231.1250,229.7982,230.2862,229.6043,237.5417,239.7250,240.2174,239.3263,254.0591,225.3171,226.0700,226.0327,255.4420,250.2063,249.5927,248.0902,229.6877,244.4427,230.4192,251.6914,259.9632,243.3010,244.9319,260.7072,257.4234,237.3696,252.2980,251.6278,225.9351,256.2197,255.0616,243.0950,257.1617,248.4037,251.2444,244.0259,231.0574,254.6206,231.6259,247.6266,247.8371,248.2036,253.3733,253.5955,249.8129,247.2221,247.6000,253.2668,248.9859,249.4905,257.7939,250.9879,249.7404,247.8681,238.4639,222.3598,224.3693,254.3197,252.1276,242.7775,228.1413,233.7660,229.7455,229.8527,230.4018,230.6953,231.0612,230.7774,230.2952,252.0376,230.4279,230.2323,229.9495,226.9105,225.0802,244.8713,246.0719,239.4885,0.0000,243.6567,247.2864,230.7150,229.8474,248.3860,237.2920,236.9356,241.9926,246.6356,247.1826,229.1664,231.0638,256.5800,251.8621,232.3593,233.9838,231.6726,232.0339,246.3815,229.0828,244.0071,250.7112,230.6334,231.1548,224.5510,236.2078,234.0052,254.2373,244.2678,233.7068,233.7483,223.4191,227.5970,237.5469,248.9203,226.3303,234.5515,230.3153,230.8670,231.0022,238.4231,232.2464,233.4483,229.2340,229.2354,250.6896,226.0648,229.7664,228.1251,246.2089,247.0094,259.3913,260.6229,255.9750,225.8900,233.8296,226.8871,229.9698,229.2653,229.1100,228.4406,244.4723,0.0000,240.7546,227.5780,254.9377,254.5177,228.5477,228.3795,253.4329,232.2145,230.4740,256.5667,251.5265,238.7609,251.6495,267.7535,238.2279,253.7664,269.6922,269.9510,255.7368,249.8464,227.5735,254.0570,253.9436,250.7518,256.8106,248.7524,234.1166,239.2435,239.7281,261.6062,268.5497,238.4374,251.9485,253.6207,253.6983,252.7397,250.6896,253.5764,252.5652,253.6178,253.7175,253.5123,249.7027,230.4279,225.0841,228.4415,0.0000,234.6458,230.2478,234.6459,229.2803,229.3143,228.9811,232.4485,237.7076,255.5489,226.0724,238.1148,237.2916,238.1969,233.8098,232.7208,249.0914,230.3737,233.8099,239.1605,251.6309,252.4443,252.9148,257.1545,244.4723,251.3442,244.4723,247.3829,247.7111,226.3482,232.0938
10.0000,251.0830,225.1354,225.2480,226.9172,223.0030,234.9862,233.4853,252.6305,229.5615,254.4313,243.9449,253.0807,229.5657,235.4948,228.3770,227.2872,234.2374,233.1431,237.8089,220.8921,230.4274,228.4756,229.1084,229.0028,237.2295,239.5648,240.0861,238.4208,253.9960,224.9949,225.5046,225.4900,255.3977,250.0582,249.3826,247.8735,229.0249,244.0640,229.7525,251.5081,259.8869,243.0148,244.6405,260.6405,257.4126,237.6308,252.1863,251.5175,225.9351,256.2281,255.0615,243.5463,257.0973,248.2241,251.5270,244.4991,230.7565,254.5865,231.8929,247.6266,247.6144,247.9827,253.3139,253.5429,249.8129,246.9823,247.3788,253.0922,248.8026,249.3269,257.7449,250.9932,249.7088,247.6458,238.6127,222.1474,224.2133,254.2696,252.0176,242.3206,226.3393,233.5666,229.0837,229.2024,229.7403,230.0427,230.4218,230.1272,229.6448,251.9469,229.8837,229.5842,229.3551,226.3866,224.6675,244.5948,245.8064,238.5935,0.0000,243.3409,247.0530,230.0664,229.3690,248.2585,236.8220,236.4857,241.6512,246.4161,246.9517,228.6789,230.5300,256.5244,251.7440,231.8231,233.7069,230.7074,231.1351,246.2819,228.3161,244.4747,250.5250,229.9914,230.4990,224.2775,236.4501,233.0277,254.2189,243.9918,233.9567,233.9983,223.2306,226.7025,237.2336,248.7538,225.7700,233.5181,229.6620,230.2220,230.3555,238.7072,232.3266,233.3827,228.1022,227.2387,250.5046,225.4067,229.0381,227.6581,245.9943,246.7632,259.4975,260.7633,255.9877,225.3833,233.3734,226.6934,230.1347,229.2972,228.4793,227.6476,244.1959,0.0000,240.3186,226.8742,254.9335,254.5006,227.7629,227.5874,253.3761,231.7087,229.9311,256.7399,251.5265,238.3038,251.6586,268.0819,237.1851,253.6906,270.0194,270.2607,255.6904,249.7066,227.4081,254.0098,253.9020,250.6123,256.9373,248.6195,233.8835,239.0651,239.5675,261.6962,268.8443,238.1093,251.7601,253.4986,253.5762,252.5638,250.5046,253.4537,252.3890,253.4813,253.5957,253.3859,249.5090,229.8837,224.6714,227.6485,0.0000,234.3622,229.5796,234.3623,228.3380,228.4794,228.4250,232.1239,237.2940,255.5010,225.5069,237.6561,236.8216,237.7398,233.5273,231.8575,249.0695,230.2667,233.5273,238.8038,251.6309,252.3409,252.8224,257.1380,244.1959,251.1172,244.1959,247.1014,247.4635,225.7722,232.3529
11.0000,252.1989,225.6113,225.7350,227.3828,223.3881,235.2326,233.6961,254.2776,230.3159,256.1967,245.1902,254.7507,230.1065,236.4099,228.5152,227.4985,234.7641,233.5857,238.3935,221.4651,230.7064,228.5976,229.2756,229.3260,237.5682,239.8763,240.4040,239.3529,255.8733,225.4580,226.0545,226.0187,257.3039,251.1898,250.4363,249.3179,229.7821,244.8399,230.5080,252.6393,261.3232,244.2040,245.8920,262.1044,259.3773,238.1172,252.7794,252.0746,225.9351,256.5010,255.3106,244.3747,257.3086,248.7614,252.2882,245.4006,231.2110,254.9733,232.4031,247.8075,248.1767,248.5448,253.7196,253.9527,249.8129,247.5357,247.9227,253.6958,249.4572,250.0457,258.1486,251.5853,250.2266,248.2080,238.9276,222.4864,224.6139,256.1925,253.7175,243.1620,226.5822,234.0294,229.8425,229.9501,230.4995,230.8111,231.2294,230.9128,230.4045,253.4816,230.6237,230.3236,230.0250,226.9607,225.1568,245.7537,246.9890,239.5168,0.0000,244.5745,248.4639,230.8604,229.6761,249.3104,237.3817,237.0276,242.2145,246.9653,247.5131,229.2609,231.2927,256.9500,253.4377,232.6301,233.9179,230.8988,232.0314,247.1735,228.9232,245.3775,251.1166,230.7679,231.3296,224.7000,236.9063,233.9170,255.9690,244.5569,234.4297,234.4714,223.5909,227.1886,237.5708,250.1088,226.3333,234.5893,230.4309,231.0103,231.1431,239.2096,232.2622,233.4354,228.6091,227.7421,251.0933,225.8520,229.5034,227.9483,246.5288,247.3184,261.3429,262.6956,257.6791,225.9123,234.4342,226.4669,230.6484,229.5791,229.0920,228.2155,244.7636,0.0000,240.9720,227.3431,255.1837,254.7786,228.3356,228.1016,255.1211,232.6246,230.6746,256.8695,251.5265,238.8934,251.6653,268.5988,238.1134,255.0101,272.2306,272.5586,257.5936,251.1161,227.6742,254.3930,254.2757,251.0975,257.1571,249.0300,234.1006,239.3410,239.8781,263.4539,270.9968,238.4256,252.3653,254.1113,254.1895,253.1851,251.0933,254.0660,252.9957,254.0873,254.2098,254.0054,250.0851,230.6237,225.1606,228.2164,0.0000,234.9697,230.3350,234.9697,228.8598,228.9952,229.0724,232.6035,237.8889,257.4207,226.0568,238.2530,237.3813,238.3299,234.1769,232.6712,249.4837,230.5250,234.1768,239.2968,251.6309,254.0819,254.6060,259.0929,244.7636,251.7160,244.7636,247.7063,248.0287,226.3748,232.8495
12.0000,253.5042,226.5969,226.7561,228.1095,223.7265,235.5692,233.9758,256.2071,231.3510,258.2822,246.7459,256.7754,231.1602,237.5312,228.6777,227.5899,235.2570,234.0416,238.8983,222.5543,231.1794,228.9481,229.6804,229.8547,238.0055,240.2645,240.7990,240.5036,257.9455,226.4245,227.0246,226.9935,259.4432,252.5233,251.6709,251.0684,230.8094,245.7590,231.4969,253.9629,263.0116,245.5993,247.4658,263.8257,261.5897,238.7704,253.3951,252.6897,225.9351,256.7894,255.5385,245.4202,257.3616,249.3092,253.1495,246.5407,231.7368,255.3768,233.0448,248.4201,248.7677,249.1397,254.1351,254.3717,249.8129,248.0837,248.4631,254.3722,250.0539,250.6451,258.5276,252.1262,250.7869,248.7989,239.3155,223.3956,225.5411,258.2911,255.6678,244.1706,227.4973,234.5063,230.8715,230.9751,231.5443,231.8666,232.2934,231.9687,231.4464,255.2530,231.6850,231.2949,230.9907,227.8678,226.0634,247.1173,248.3769,240.6691,0.0000,246.1178,250.1757,231.8758,230.2141,250.5452,237.9516,237.6018,242.7828,247.5335,248.0965,229.3761,232.3955,257.3588,255.3779,233.8013,234.1637,231.1823,232.7410,248.2160,229.8694,246.5087,251.7290,231.7918,232.3874,225.6449,237.4992,235.0000,258.0449,245.1176,235.0313,235.0730,224.4931,227.4607,238.0082,251.6678,227.3214,235.7580,231.4625,232.0658,232.2175,239.9184,232.1769,233.5052,229.2567,228.3872,251.7045,226.5785,229.9716,228.2212,247.0769,247.8689,263.2646,264.6898,259.5482,226.8814,235.7757,226.3450,231.1538,229.8843,230.0048,229.1369,245.3232,0.0000,241.5155,228.0744,255.4145,255.0478,229.2637,229.0116,257.1322,233.8312,231.7393,256.9323,251.5265,239.3943,251.6686,269.0577,239.2538,256.4979,274.3642,274.7193,259.7316,252.7348,227.7690,254.7888,254.6558,251.6029,257.3773,249.4372,234.3829,239.6847,240.2635,265.2906,273.0833,238.8487,252.9580,254.7289,254.8078,253.8121,251.6988,254.6834,253.6511,254.7657,254.8284,254.6199,250.6863,231.6850,226.0673,229.1380,0.0000,235.3914,231.3709,235.3915,229.5183,229.6558,230.0374,233.0374,238.2030,259.5490,227.0268,238.7644,237.9511,238.8270,234.5973,233.7085,250.0601,230.8031,234.5972,239.9093,251.6309,256.0566,256.6093,261.2935,245.3232,252.3336,245.3227,248.2562,248.5767,227.3446,233.4756
13.0000,253.5034,228.0217,228.2316,229.1974,224.4608,234.7019,232.9655,258.7186,232.8364,261.2211,248.7175,259.6463,232.7988,238.3280,229.3587,228.1686,236.3979,235.1685,239.6879,224.1879,231.6490,229.8584,230.5052,230.5641,236.3153,238.2483,238.7398,241.3015,260.7918,227.8184,228.4586,228.4616,262.4368,252.4306,251.6140,253.5044,232.2747,245.4389,232.8736,253.9771,263.3254,247.3430,249.3080,264.1666,264.6857,239.2064,253.7867,253.0059,226.3799,256.9706,255.7100,246.2197,257.4342,249.5943,253.5902,247.4172,232.9114,255.6053,233.5419,247.6618,249.1933,249.5678,254.3925,254.6195,249.8129,248.5025,248.8594,254.8066,250.6563,251.3793,258.8325,252.8471,250.6075,249.2238,239.6212,224.6652,226.8422,261.1566,258.3570,244.2588,229.0245,235.7054,232.3392,232.4541,233.0558,233.4017,233.8237,233.4758,232.9568,257.4910,233.2100,232.6708,232.3758,229.1730,227.3553,248.8030,249.6413,241.4757,0.0000,248.0655,252.5887,233.3010,230.8954,250.2291,238.6936,238.3464,243.2802,247.9519,248.5194,230.0597,233.9863,257.6843,258.0832,235.4698,233.2892,231.6385,234.5478,247.4507,231.2718,247.3581,252.0823,233.2303,233.8236,227.0006,237.9203,236.0148,260.9728,245.4987,235.4805,235.5224,225.7712,227.8608,231.9052,253.3504,228.7794,236.6014,232.9379,233.5610,233.7240,240.3359,232.4186,233.3075,230.4243,229.9853,252.0394,227.6377,230.7167,228.8212,247.5143,248.2935,266.2992,267.9752,262.2400,228.3057,237.7534,226.4932,232.3097,230.7448,231.3403,230.5129,245.6887,0.0000,242.3865,229.1706,255.5873,255.2367,230.6525,230.3734,259.9911,235.5830,233.2697,257.1770,251.5265,240.1936,251.6815,269.1869,240.0539,256.9013,277.4302,278.2734,262.7381,254.5693,228.3630,255.0244,254.8909,251.9470,257.5169,249.7478,233.3991,238.1948,238.2639,266.7534,275.9049,237.0760,253.4684,255.1572,255.2341,254.2239,251.8606,255.1115,254.0555,255.2044,255.2547,255.0630,251.1144,233.2100,227.3592,230.5140,0.0000,236.4164,232.8570,236.4164,230.6140,230.7343,231.4270,234.1829,239.0565,262.5337,228.4606,239.5707,238.6927,239.6212,235.6188,234.8746,249.5363,231.6600,235.6187,238.7620,251.6309,258.7996,259.3665,264.3751,245.6871,252.8348,245.6643,248.6456,248.9948,228.9446,233.9575
14.0000,254.2072,227.8447,228.0892,228.8790,224.1620,234.6267,232.8203,259.3972,232.4836,261.8149,248.7662,260.0835,232.5535,238.1716,228.8691,227.9689,235.4303,234.5038,238.3855,223.9176,231.3484,229.4773,230.1556,230.2041,236.2889,238.2098,238.7157,241.2302,261.2969,227.6218,228.2015,228.2182,262.9599,253.0674,252.1911,253.7000,231.9195,245.6267,232.5246,254.7145,264.7363,247.6033,249.3822,265.6383,265.2229,238.5400,250.8105,249.9895,225.9351,256.1454,255.0131,245.9784,256.9107,247.8264,253.0213,247.2908,232.4282,254.5569,232.8990,247.6266,246.7922,247.1488,253.1175,253.3642,249.8129,246.7191,247.1648,252.0689,248.2256,248.9851,257.7301,250.0548,248.5569,246.8226,238.8425,224.4215,226.6374,261.6904,258.7758,244.4004,228.6717,235.0738,231.9825,232.0893,232.6970,233.0337,233.4939,233.1409,232.5893,258.1011,232.8651,232.3209,232.0404,228.7765,227.0139,249.1030,250.0036,241.3799,0.0000,248.1065,252.7698,232.9220,230.5623,250.7474,237.3670,237.0417,241.1632,245.6746,246.1295,230.1284,233.7016,256.5297,258.4862,235.2560,233.0902,231.2812,233.3207,247.7539,230.9232,247.1932,249.2040,232.8845,233.4541,226.7775,237.2557,235.7771,261.5416,243.0114,234.8328,234.8745,225.5209,227.2744,231.8816,253.8988,228.5378,236.3850,232.5661,233.2296,233.4058,239.6764,232.4348,233.2942,229.6750,228.7992,249.1279,227.3820,230.0219,228.2322,245.5669,246.4872,267.4431,269.1932,263.1395,228.0632,237.0791,226.0993,231.8824,230.2954,230.9678,230.1645,243.1377,0.0000,241.0130,228.8532,254.8815,254.4677,230.3061,230.0355,260.5240,235.0712,232.9224,256.9263,251.5265,238.8868,251.6683,271.0187,239.9422,257.7291,279.4127,280.3444,263.2626,255.1545,228.2031,253.9027,253.7843,250.0968,258.3733,248.6574,233.2468,238.1078,238.2238,268.1268,277.7991,237.0778,250.8311,252.1841,252.2563,251.2095,248.4804,252.1418,251.2453,252.4640,252.2780,252.0369,248.5142,232.8651,227.0178,230.1657,0.0000,235.3605,232.5048,235.3605,229.9497,230.1208,231.0778,233.6444,237.8503,263.0505,228.2036,238.2647,237.3662,238.3213,234.5664,234.5956,247.6271,231.1013,234.5663,238.7868,251.6309,259.2300,259.8170,264.9103,243.1282,250.2197,243.0333,246.0987,247.2148,228.5230,233.3049
15.0000,256.0019,228.5598,228.8397,229.3922,224.4747,234.9366,233.4823,259.0886,233.1637,262.2052,249.2929,260.3481,233.2974,238.7215,229.1045,228.1089,236.0355,235.0488,238.1934,224.6864,231.8003,230.3305,230.8435,230.6545,236.6586,239.0940,239.5349,241.7085,261.8668,228.3140,228.8951,228.9701,263.4966,255.6605,253.7371,254.0747,232.5932,246.1833,233.1383,256.5707,267.8278,247.8872,249.8884,268.8415,265.7625,238.1907,248.7032,247.8822,226.0371,255.6141,254.5454,245.7155,256.5387,246.5817,252.7735,247.0837,233.0255,253.8567,232.5720,244.5798,245.3342,245.6417,252.2970,252.5537,249.8129,245.7412,246.1921,250.2937,246.6055,247.3171,257.0257,248.3026,246.2601,245.3637,238.4698,225.0139,227.3077,262.2854,259.2605,244.8109,229.2130,235.6599,232.6583,232.7620,233.3848,233.7315,234.1875,233.8285,233.2761,257.7611,233.5426,232.9146,232.6158,229.2852,227.5509,249.3141,250.0988,241.8516,0.0000,248.6220,253.2438,233.5942,231.0059,253.0890,237.1036,236.7826,240.4140,244.3939,244.7241,230.3284,234.4494,255.7823,259.0029,236.0996,233.9442,232.1780,234.8471,249.6257,231.5375,246.9919,247.2847,233.5104,234.0481,227.4460,236.9130,236.3978,261.9118,242.0281,234.5000,234.5417,226.1536,227.4351,232.2447,253.7547,229.2472,237.1720,233.2485,233.9066,234.1030,239.3264,232.3685,233.3485,230.2869,229.8482,247.2018,227.8640,230.2276,228.3938,244.4939,245.5090,265.1619,265.1620,261.8032,228.7563,237.9246,225.8844,232.3004,230.5659,231.5232,230.7662,242.0380,0.0000,240.7581,229.3684,254.4100,253.9598,230.9195,230.6141,261.0399,235.8344,233.6021,256.6953,251.5265,238.6874,251.6562,272.4708,240.4530,260.0593,279.9669,277.6746,263.7990,254.9434,228.3519,253.1681,253.0629,248.9489,258.8699,248.0156,233.9340,238.8663,239.1036,270.0437,278.5777,237.4460,249.0194,250.0523,250.1244,249.1417,246.1821,250.0140,249.4075,250.6807,250.1450,249.8910,246.2568,233.5427,227.5548,230.7675,0.0000,236.0370,233.1853,236.0370,230.4571,230.5737,231.6553,234.2491,237.9550,263.6182,228.8970,238.0733,237.1028,238.1088,235.4508,235.1864,244.2631,231.4586,235.4507,239.1684,251.6309,259.7599,260.3501,265.4494,242.0094,248.4787,241.8281,244.9245,246.2254,229.4068,232.9741
16.0000,258.1997,229.0634,229.3763,229.7342,224.7326,235.1948,233.4355,260.4223,233.7150,263.6970,250.3175,261.7895,233.9068,239.4021,229.0430,228.1280,235.9269,235.0898,236.9004,225.2921,232.0438,230.5155,231.0595,230.8834,237.0700,239.6845,240.2672,242.4892,263.3250,228.7953,229.3773,229.4716,265.0514,257.8146,255.6535,255.2832,233.1418,247.1492,233.6085,258.8376,271.4889,248.9949,250.9265,272.6286,267.4269,237.1115,245.3916,244.5664,225.9351,254.3986,253.5279,244.6168,255.1388,243.9031,251.3623,245.9966,233.2283,252.2281,231.5354,242.7710,242.1513,242.4078,250.4105,250.6557,248.5739,243.2501,243.7177,246.9792,243.3338,244.0194,255.4132,244.8037,242.7782,242.1810,237.4828,225.3649,227.7119,263.7593,260.6235,245.6841,229.5987,235.7028,233.2103,233.3325,233.9474,234.3083,234.7632,234.3934,233.8509,259.0392,234.0049,233.3561,233.0418,229.5483,227.8464,250.4127,251.1691,242.6462,0.0000,249.6392,254.4214,234.0799,231.2592,254.9998,235.7344,235.4424,237.7203,241.3471,241.5436,230.6245,234.9854,254.0956,260.3620,236.7255,233.3401,232.3511,236.0399,251.0626,231.9749,245.9037,243.9651,234.0092,234.5488,227.9016,235.8823,236.9976,263.3956,238.7134,233.4822,233.5237,226.5347,227.2426,228.2801,254.8834,229.7501,237.8307,233.8042,234.4612,234.6787,238.2258,232.3061,233.3995,230.3236,229.8847,243.9055,228.2065,229.9659,228.2004,241.8651,243.0015,267.0015,267.0015,263.3699,229.2382,238.5114,225.6874,232.1872,230.4629,231.8842,231.1698,238.6288,0.0000,239.4497,229.7131,253.3807,252.8099,231.3341,231.0137,262.4298,236.3427,234.0667,256.3691,251.5265,237.3907,251.6391,273.5531,241.1920,262.5869,283.7012,280.8306,265.3544,256.1052,228.4118,251.4742,251.3989,246.4026,259.0715,245.9382,233.8692,239.1592,239.6849,273.0275,282.1898,237.8801,245.5923,246.7436,246.8144,245.8410,242.7488,246.7057,246.1018,247.3658,246.8354,246.6515,242.4180,234.0049,227.8504,231.1712,0.0000,235.5639,233.7372,235.5639,230.4813,230.6152,232.0412,234.3981,236.9065,265.1254,229.3790,236.7838,235.7331,236.8224,234.9790,235.7332,240.4014,231.4375,234.9788,239.7202,251.6309,261.1449,261.7552,267.0964,238.5801,245.0163,238.3510,241.5182,243.7501,230.0779,231.9388
17.0000,263.4014,233.4627,233.7802,233.7933,228.6735,238.7194,236.8082,265.9475,238.3396,269.3213,255.4097,267.0020,238.4785,244.0944,230.9849,229.4984,241.2596,240.6481,239.7427,230.0429,235.6707,234.1243,234.6704,234.5120,240.7858,243.5504,244.2096,247.2077,269.2373,233.1703,234.0089,234.2472,273.4545,262.9357,260.6470,260.6229,237.7549,251.6172,238.1294,264.1097,278.1868,254.0736,256.0291,279.4552,275.9175,239.5157,246.5016,245.6326,228.2754,255.2027,254.0778,247.2887,256.5417,245.0706,253.4127,248.7098,238.4169,253.1568,233.8608,241.8007,243.3456,243.5612,251.3432,251.5929,249.8129,244.7317,245.1592,248.2063,244.5863,245.3355,256.7058,246.0609,242.8705,243.3759,239.6121,229.7081,232.2205,269.7160,266.2858,250.2324,233.9158,241.2729,237.8293,237.9652,238.5940,238.9851,239.4353,239.0499,238.5092,264.5461,238.4087,237.8311,237.4511,233.7046,232.0619,255.4731,256.2155,247.3696,0.0000,254.7413,259.7406,238.6787,234.9072,259.9492,238.3438,238.0518,239.4588,242.6269,242.7588,236.1627,239.4698,255.3198,266.0286,241.2565,236.6058,236.0821,242.3945,255.7081,236.3838,248.5763,245.1303,238.5840,239.1558,232.2996,238.1989,241.6838,268.9556,240.0394,235.7802,235.8221,230.9512,229.6358,231.8583,260.1499,234.4188,242.8040,238.4552,239.1089,239.3606,240.7182,235.1199,236.4967,233.8489,233.4033,245.0872,232.2499,232.8404,230.8249,243.3222,244.4932,273.5440,273.5441,269.4511,234.0104,243.1340,227.9669,234.3564,232.5173,236.1602,235.5163,239.9197,0.0000,242.3593,233.7832,253.9414,253.4959,235.6950,235.3673,268.1343,240.8265,238.4752,256.5816,251.5265,240.2549,251.6503,274.2989,245.9041,267.8862,290.2995,289.1291,273.5347,261.4429,229.3968,252.3778,252.2771,247.4650,258.8414,247.3353,237.2731,242.8363,243.5455,278.7968,288.6750,241.6052,246.7228,247.8667,247.9435,247.0021,243.9080,247.8290,247.3254,248.5958,247.9639,247.8399,242.9939,238.4087,232.0659,235.5181,0.0000,240.3065,238.3631,240.3063,234.0010,234.1353,236.3781,239.7682,240.3679,271.8731,234.0104,239.6265,238.3421,239.6660,239.8308,240.3164,239.3702,240.6481,239.8308,243.6887,251.6309,266.8741,267.5407,275.5369,239.8625,246.1544,239.6265,242.7908,245.2218,235.0726,234.2541
18.0000,272.4495,234.7725,235.1214,234.9436,229.3973,242.5472,240.4120,286.7204,239.7183,291.8176,276.0024,289.4334,239.6867,250.2756,231.6039,230.1208,241.8850,241.3313,239.9728,231.1695,237.8201,237.1639,237.3393,236.0706,245.2476,248.0518,248.7453,256.4005,292.5084,234.4646,235.1744,235.4415,297.1367,271.3990,269.3812,282.6828,239.1748,259.9076,239.6093,273.2248,288.6550,272.1580,275.7415,290.0456,299.8797,240.2275,246.4375,245.5701,228.8541,255.3496,254.1979,248.1896,256.6572,244.7711,253.9996,249.6536,239.2972,253.3166,234.5179,239.6411,243.2905,243.4979,251.4387,251.6891,249.8129,244.7369,245.1252,248.1973,244.5207,245.2688,256.8371,246.0647,241.5193,243.3212,240.1563,230.8807,233.4709,293.0571,289.0690,259.7430,234.9798,241.8649,239.2544,239.4791,239.9774,240.4010,240.8345,240.4395,239.9756,283.9956,238.9622,239.0904,237.7438,234.1829,232.7789,273.2517,271.4778,256.5467,0.0000,277.6269,282.4147,240.2761,236.5274,267.7678,238.5296,238.2365,239.4570,242.5677,242.6946,237.1253,240.0761,255.4276,288.9898,241.9955,240.1479,239.3181,242.5242,262.3054,237.5190,249.5048,245.0837,239.8935,240.4299,233.5586,238.8642,245.6572,291.4413,239.9461,236.4335,236.4755,232.1751,229.7172,233.8347,277.3261,235.5990,246.5502,240.1782,240.4839,240.7593,241.4930,238.9253,240.3034,234.5084,234.0613,245.0460,233.3737,233.0354,231.1460,243.3044,244.4983,294.2031,294.2032,289.5513,235.1759,244.0514,228.5279,235.0962,233.1893,236.5862,236.5872,239.8132,0.0000,242.6459,234.9279,254.0560,253.5965,236.7751,236.4056,290.8348,241.5667,239.0323,256.6440,251.5265,240.4924,251.6535,276.4732,253.7332,276.8757,300.8618,311.9888,297.2153,279.2708,230.0189,252.5035,252.3884,247.4860,259.5093,247.3355,240.8884,246.9382,248.0348,288.8408,299.1814,246.1008,246.7459,247.7980,247.8784,246.9880,243.8638,247.7604,247.3112,248.5878,247.8979,247.7720,242.6505,238.9622,232.7829,236.5896,0.0000,240.8157,239.7424,240.8154,234.5549,234.5012,236.7847,240.5693,240.6989,295.4057,235.1759,239.8538,238.5274,239.8981,240.3390,243.4919,237.1969,241.3313,240.3390,249.6861,251.6309,289.9109,290.6070,299.4541,239.7528,246.2167,239.5135,245.5754,245.2268,236.0519,234.9063
19.0000,262.4057,234.6845,235.0433,234.9621,229.3078,242.9792,241.2815,295.1658,239.9354,301.2598,284.5964,298.8259,239.4575,252.6811,231.6908,230.2228,242.1093,241.4327,239.9087,231.2591,238.0743,238.3268,238.1352,236.1833,245.7163,248.4878,249.0694,259.7037,302.3493,234.3643,235.2144,235.5002,307.0195,263.5610,262.4762,291.8774,239.4097,260.1683,239.8760,263.1782,278.5666,279.0977,283.9224,279.9535,309.9339,240.4039,246.0110,245.1135,228.8914,255.3614,254.2241,248.5910,256.6868,244.3697,254.2218,250.1295,239.3121,253.3514,234.6695,237.8963,243.0133,243.2112,251.3973,251.6553,249.7503,244.5227,244.8924,247.9049,244.2957,245.0954,256.7834,245.8375,240.4483,243.0441,240.1534,230.6979,233.3507,302.9405,298.6864,261.8196,234.8900,241.9379,239.4906,239.7259,240.2038,240.6473,241.0768,240.6771,240.2251,291.6719,238.8281,239.2534,237.4302,233.9283,232.5471,279.8590,276.8606,259.8698,0.0000,287.2657,291.9188,240.6275,236.6368,261.5153,238.3865,238.0728,239.2471,242.3060,242.4252,237.1459,239.9886,255.3632,298.6739,242.0070,241.3265,240.5104,243.7124,259.1855,237.5738,249.9846,244.7524,240.1005,240.6563,233.4358,239.0026,247.0626,300.8758,239.7096,236.5721,236.6141,232.0454,229.6358,233.8347,283.7476,235.6580,247.8652,240.5439,240.7216,241.0186,241.7277,239.4017,240.7528,234.4301,233.9833,244.7104,233.3737,232.8695,231.0601,243.0644,244.2836,302.4821,302.4822,297.5505,235.2159,244.1902,228.2564,235.5152,233.3891,236.3302,236.6003,239.5771,0.0000,242.8202,234.9460,254.0762,253.5956,236.7827,236.3047,300.3971,241.5933,238.9006,256.7519,251.5265,240.4582,251.6592,279.4081,256.6378,269.0410,293.0431,321.7561,307.0871,286.0490,230.1208,252.5018,252.3740,247.3232,260.6851,247.1761,241.7683,247.6088,248.4785,280.8747,291.3335,246.6067,246.3787,247.3754,247.4530,246.5706,243.5291,247.3386,247.0081,248.2959,247.4733,247.3697,242.2979,238.8281,232.5511,236.6029,0.0000,241.1856,239.9603,241.1853,234.4461,234.3080,236.5235,240.6280,240.7794,305.3265,235.2159,239.7893,238.3848,239.8325,240.8670,244.5307,235.4569,241.4327,240.8670,250.6442,251.6309,299.6341,300.3476,309.4792,239.5161,245.8723,239.2754,245.4287,245.0071,236.2519,235.0493
20.0000,259.9439,234.7424,235.1243,234.6852,229.3412,239.1549,237.3679,259.8843,239.5430,260.2508,253.3472,259.8251,239.8600,244.3398,231.5563,230.0006,242.6476,241.8907,240.3817,231.3691,236.3920,235.0678,235.5394,235.2600,241.0718,243.9738,244.6103,246.9653,265.4006,234.4094,235.1841,235.5042,269.7603,260.3167,258.2079,257.4994,238.9424,250.8259,239.1193,260.7433,276.6867,251.9656,253.9946,278.1238,272.4140,241.0502,246.3887,245.4766,228.6203,255.6607,254.4234,249.4698,257.0259,244.5834,255.0053,251.0243,239.6977,253.7361,235.3242,236.8743,243.4884,243.6818,251.7736,252.0380,249.8129,244.9510,245.2815,248.3641,244.7584,245.5589,257.2364,246.0393,239.9280,243.5194,240.6335,230.8502,233.5551,265.9489,261.6611,249.3854,234.5609,242.4324,239.0239,239.2106,239.8050,240.2152,240.7006,240.2924,239.7483,260.6006,239.4893,238.7749,238.2749,234.6334,233.0720,253.2370,253.9865,247.1467,0.0000,252.7259,256.7776,239.8770,235.6992,258.0341,238.8384,238.5493,239.7246,242.8016,242.9027,237.1382,240.6723,255.8023,261.8468,242.5649,237.4700,237.0019,244.2224,255.2132,237.3957,250.8572,245.1987,239.6618,240.2044,233.5319,239.6100,242.3412,259.1090,240.2058,237.1899,237.2320,232.2224,229.6358,232.1511,257.1432,235.6447,243.7758,239.7190,240.3290,240.6438,242.3999,235.6175,236.9566,234.4461,233.9992,245.1562,233.1843,233.1937,231.1420,243.5594,244.7125,270.6353,270.6354,266.0594,235.1854,244.6130,227.9676,235.4929,233.3055,237.0160,236.4713,240.0754,0.0000,243.3648,234.6788,254.2805,253.8529,236.6713,236.3113,261.4921,242.0859,239.5626,256.7185,251.5265,240.9378,251.6574,282.8974,245.8927,265.9065,290.4737,288.6450,269.8074,258.1696,229.8988,252.8708,252.7260,247.7497,262.1241,247.4776,237.8773,243.4022,243.9744,278.1169,288.7485,241.9850,246.7879,247.7737,247.8481,246.9886,243.9705,247.7372,247.4724,248.7612,247.8700,247.7683,242.7487,239.4893,233.0759,236.4734,0.0000,241.7105,239.5680,241.7103,234.5876,234.7292,237.3094,241.0555,241.2865,268.1301,235.1854,240.2595,238.8371,240.3089,241.3912,241.0342,234.4073,241.8907,241.3912,243.6312,251.6309,262.7472,263.5598,271.9976,240.0140,246.2696,239.7729,246.0434,245.4734,236.4669,235.6925
21.0000,262.4057,236.5321,236.9322,236.5569,231.0106,244.2968,242.4569,263.9333,241.3506,264.5967,256.2466,263.7529,241.7800,246.9995,232.2187,230.5850,243.9463,243.2020,240.9774,233.2498,239.2521,237.8133,238.2925,237.4513,247.0445,250.2589,250.9562,250.0566,269.0532,236.1889,236.9773,237.3137,273.5651,263.5010,261.4291,260.7231,240.7410,255.3465,240.8904,263.2369,279.8293,255.5849,256.9192,281.3250,276.2804,241.5656,246.9322,246.0032,229.1794,255.9599,254.7038,249.8872,257.1893,244.9511,255.3776,251.4362,241.1298,254.0966,235.8361,236.3087,244.0744,244.2590,252.1669,252.4255,249.8129,245.4702,245.7647,248.9583,245.3890,246.2271,257.5782,246.7689,239.8414,244.1053,241.1857,232.4771,235.2407,269.6207,265.2826,253.6651,236.6250,243.7529,240.8234,240.9955,241.6144,242.0263,242.5147,242.1037,241.5465,264.4997,241.2104,240.5080,240.0389,236.2504,234.6906,257.0995,257.9151,250.2094,0.0000,255.5946,259.9497,241.6260,237.9178,261.8285,239.5806,239.3326,240.3898,243.3921,243.4945,238.1754,242.4237,256.1610,265.4072,244.3187,242.4027,240.2504,246.1013,260.2476,239.1866,251.2406,245.7797,241.4293,241.9779,235.2600,240.1244,244.6550,263.5279,240.8207,237.6998,237.7420,233.8893,229.6358,247.0740,261.0724,237.4514,246.3085,241.5055,242.1336,242.4650,242.9044,240.6921,242.0553,235.7595,235.3101,245.7388,234.9925,233.8742,231.7142,244.1352,245.2391,274.8653,274.8654,270.1318,236.9786,246.3550,228.5938,236.0895,233.9429,238.7036,238.2560,240.6884,0.0000,242.3368,236.5440,254.5574,254.1236,238.4633,238.1401,265.4506,243.8041,241.2851,256.9660,251.5265,241.3558,251.6704,283.8247,248.7930,269.2836,294.7347,293.8947,273.6094,262.0939,230.4830,253.2341,253.0848,248.2499,262.5379,247.8095,242.9359,249.1212,250.2415,281.9512,292.9462,247.9772,247.2767,248.3134,248.3900,247.5717,244.5606,248.2771,248.0689,249.3553,248.4112,248.2920,243.3194,241.2104,234.6947,238.2583,0.0000,242.9658,241.3757,242.9655,235.8248,235.9340,239.0214,242.4395,242.0599,271.8588,236.9786,240.8396,239.5789,240.9005,242.7738,243.1289,233.8766,243.2020,242.7737,249.0880,251.6309,266.3362,267.1574,275.8537,240.6269,246.7773,240.3859,246.5992,245.9956,238.3305,236.2068
22.0000,262.4057,237.7379,238.1727,237.4243,231.5272,245.2729,243.4844,264.9792,242.3954,265.1653,257.4688,264.5160,242.8288,247.9681,233.2684,231.5834,245.3816,244.6587,242.1122,234.3985,240.0852,238.4372,238.9194,238.3394,248.0399,251.3826,252.1053,251.0664,270.3968,237.3803,238.0260,238.4121,275.1900,263.9142,261.8123,261.9186,241.7824,256.3022,241.8950,263.2659,280.4569,256.7746,258.1949,282.0066,278.0047,243.0261,248.2543,247.3227,230.1226,256.5950,255.1897,251.6696,257.6430,245.8758,256.8158,253.2561,242.5288,254.8501,237.2784,236.6973,245.2581,245.4611,252.9715,253.2257,249.8129,246.5296,246.7708,250.2517,246.6267,247.4842,258.4631,248.1621,240.4042,245.2899,242.4465,233.6277,236.5219,270.9900,266.3840,254.6822,237.0330,245.2883,241.8667,242.0437,242.6623,243.0798,243.5900,243.1700,242.5978,265.7124,242.3062,241.5009,241.0482,237.2852,235.7656,258.2177,259.0670,251.2307,0.0000,256.7817,261.1389,242.6533,238.8811,262.4361,240.6543,240.4034,241.5519,244.5582,244.6733,238.2699,243.5653,257.0489,266.5819,245.5623,243.3682,241.2684,247.4394,261.2389,240.1420,253.0590,247.0265,242.4582,242.9992,236.4497,241.5300,245.6924,263.9680,242.0291,239.1067,239.1492,235.1106,230.4973,248.0698,262.2522,238.5167,247.5546,242.5549,243.1986,243.5506,244.3976,241.6922,243.0384,236.4438,235.5252,246.9780,235.8540,234.7638,232.6210,245.2476,246.3043,276.5151,276.5152,271.5825,238.0272,247.3595,229.5096,237.2946,235.0618,239.6862,239.1819,241.9069,0.0000,243.6082,237.4111,255.0480,254.6759,239.3959,239.0590,266.3159,244.8630,242.3810,257.1262,251.5265,242.5198,251.6788,285.0169,249.7833,269.9941,296.7383,296.6499,275.2233,263.2831,231.4809,253.9885,253.8213,249.2580,262.8817,248.5072,243.9666,250.2467,251.3659,283.3318,294.8641,248.9870,248.6735,249.6399,249.7142,248.8239,245.8034,249.6028,249.3486,250.6565,249.7369,249.6370,244.5629,242.3062,235.7696,239.1842,0.0000,244.3214,242.4212,244.3211,236.6175,236.7742,240.0592,243.8795,243.2949,273.3375,238.0272,241.9496,240.6517,242.0224,244.1283,244.1205,234.1458,244.6587,244.1283,250.0901,251.6309,267.5489,268.4173,277.5604,241.8454,248.1755,241.6132,247.9777,247.0689,239.4710,237.6377
23.0000,262.4057,238.2943,238.7336,237.8377,231.8333,245.8689,244.0793,266.8582,242.9957,266.7119,258.6256,265.9105,243.3323,248.9608,233.6284,231.9444,245.7741,245.0445,242.3877,234.8930,240.6177,239.1230,239.5521,238.8093,248.6585,251.9757,252.6859,252.0674,271.8913,237.9325,238.5068,238.8737,276.8431,264.0972,262.0286,263.2032,242.3971,256.9937,242.5371,263.2843,280.8547,257.9723,259.3740,282.4386,279.7043,243.2192,248.3957,247.4347,230.4909,256.6194,255.2022,252.0411,257.6816,245.9596,257.0473,253.6597,242.9658,254.9448,237.5121,236.4484,245.4227,245.6100,253.0729,253.3290,249.8129,246.6817,246.9084,250.3615,246.8550,247.7670,258.5401,248.5013,240.2967,245.4545,242.5839,234.1695,236.9813,272.4994,267.8011,255.5477,236.8500,245.6293,242.4827,242.6552,243.2628,243.6862,244.2155,243.7892,243.2076,267.2690,242.9889,242.1304,241.6489,237.8378,236.3154,259.4227,260.2801,252.2580,0.0000,257.9131,262.4000,243.3096,239.3630,262.7244,240.9531,240.7099,241.7775,244.7285,244.8433,238.8909,244.2707,257.1319,267.9955,246.2886,243.9915,241.9919,247.8654,261.7495,240.6051,253.4467,247.1810,243.0958,243.6659,237.0023,241.7196,246.5505,265.4839,242.2168,239.3136,239.3561,235.6240,230.8691,248.6882,263.6204,239.0046,248.5062,243.1806,243.8261,244.1789,244.5747,242.2853,243.6315,236.8086,235.7060,247.1373,236.2089,235.1446,232.9962,245.4168,246.4602,278.2605,278.2606,273.2505,238.5080,248.4126,229.9434,237.6227,235.4165,240.2306,239.6106,242.0928,0.0000,243.8462,237.8235,255.0648,254.7194,239.8307,239.4531,267.7915,245.7405,243.0670,257.2120,251.5265,242.7881,251.6833,285.4781,250.7842,270.1987,297.1021,298.9849,276.8667,264.7047,231.8418,254.0836,253.9072,249.4060,263.0146,248.6084,244.5673,250.8454,251.9588,283.6316,295.2252,249.5889,248.6903,249.7869,249.8659,248.9749,245.9674,249.7498,249.4849,250.7659,249.8873,249.7645,244.7236,242.9889,236.3194,239.6128,0.0000,244.6781,243.0221,244.6778,237.0224,237.1958,240.6575,244.2983,243.5969,274.8996,238.5080,242.1903,240.9496,242.2832,244.4847,244.8902,233.8525,245.0445,244.4847,250.7843,251.6309,268.9838,269.8673,279.2509,242.0312,248.2059,241.8001,248.1078,247.2171,239.9392,237.8633
24.0000,262.4057,237.3800,237.8186,237.0217,231.1139,245.0667,243.2303,265.5715,242.0632,265.3547,257.4507,264.5383,242.1982,247.8750,232.7234,231.0754,244.6822,243.9659,241.3402,234.0252,239.9389,238.8051,239.1394,238.0510,247.8231,250.9564,251.6321,251.0088,270.6118,237.0191,237.6072,237.9924,275.6184,263.8391,261.7531,261.9470,241.4646,256.1579,241.5889,263.2735,280.6205,256.7696,258.2143,282.1842,278.4778,242.1044,246.7543,245.7791,229.6358,256.0484,254.7247,250.8378,257.2176,244.9342,256.0634,252.4739,241.8844,254.2143,236.4247,234.9350,244.3356,244.5092,252.3120,252.5695,249.8129,245.7107,245.9613,249.0978,245.7060,246.6183,257.7839,247.1051,238.9878,244.3670,241.5415,233.2519,236.0458,271.2175,266.5081,254.5997,235.9566,244.5635,241.5499,241.7303,242.3406,242.7706,243.2694,242.8472,242.2884,266.0203,242.0141,241.1896,240.7110,236.9097,235.3914,258.2220,259.1587,251.1944,0.0000,256.7430,261.1655,242.3476,238.5594,262.3190,239.9639,239.7291,240.7569,243.6745,243.7707,238.1516,243.2782,256.3562,266.7135,245.2626,243.2188,241.5402,246.7516,261.0479,239.6920,252.2635,245.8789,242.1466,242.7012,236.0778,240.6339,245.4375,264.1298,241.1754,238.2360,238.2783,234.6891,230.0353,247.8527,262.4931,238.1030,247.0406,242.2409,242.8803,243.2326,243.4428,241.5009,242.8392,236.1848,235.5252,245.8211,235.4493,234.3108,232.1547,244.4052,245.4850,276.6605,276.6606,271.8310,237.6084,247.3317,229.0003,236.7788,234.5293,239.3180,238.7069,241.0502,0.0000,242.6814,237.0061,254.5863,254.2004,238.9149,238.5144,266.4386,244.7197,242.0914,256.8591,251.5265,241.7189,251.6648,285.5629,249.7114,269.9241,296.7313,296.6164,275.6409,263.5564,230.9731,253.3620,253.2071,248.4761,263.0682,247.9636,243.7278,249.8864,250.9413,283.2893,294.8580,248.7408,247.4075,248.1347,248.1918,247.4624,244.6592,248.1011,248.1951,249.4970,248.2188,248.1623,243.4946,242.0141,235.3954,238.7092,0.0000,243.5967,242.0893,243.5964,236.2912,236.4171,239.7150,243.1904,242.5291,273.6435,237.6084,241.1229,239.9600,241.2111,243.4041,243.8920,232.4493,243.9659,243.4041,249.9144,251.6309,267.7016,268.5877,278.0246,240.9890,246.9629,240.7592,246.9751,246.2391,238.9756,236.7781
25.0000,262.4057,236.9809,237.4227,236.5319,230.7297,241.0022,239.0954,264.2448,241.9393,264.6737,256.4454,263.6798,241.7190,246.8019,232.1516,230.4863,244.2499,243.4908,240.9700,233.5776,238.0708,236.8158,237.2669,236.8533,242.9962,245.9079,246.5742,249.5281,269.7464,236.6163,237.4089,237.7997,274.6043,262.9919,260.7354,260.9520,241.3668,253.2087,241.3324,263.2126,279.3051,255.0803,257.0868,280.7556,277.4297,241.2940,246.9187,245.9849,229.0748,255.7731,254.4742,249.7358,257.0370,244.6391,255.1732,251.3117,241.4002,253.8061,235.6450,234.6493,244.0841,244.2666,251.9811,252.2378,249.8129,245.4164,245.6741,248.8720,245.4093,246.2571,257.4795,246.9371,238.6605,244.1154,240.9131,232.9490,235.6577,270.3698,265.6438,251.9138,237.1206,244.0805,241.4504,241.6362,242.2220,242.6458,243.1160,242.6937,242.1791,264.4061,241.7010,240.9340,240.4300,236.6375,235.1113,256.3811,257.1247,249.7202,0.0000,255.8277,260.2022,242.0707,237.3251,260.6565,239.6115,239.3831,240.4592,243.3982,243.5099,238.2401,242.9572,256.0471,265.8252,244.9026,239.0589,238.8000,246.1224,257.7508,239.5920,251.0841,245.7627,241.9174,242.4647,235.6969,239.8696,244.7581,263.5223,240.8951,237.4743,237.5165,234.3586,229.6358,233.8347,260.6079,237.9005,246.4605,242.0895,242.7011,243.0539,242.5884,237.4356,238.7865,235.8061,235.3566,245.7203,234.9778,233.9366,231.7070,244.1060,245.1919,274.6580,274.6581,269.9912,237.4101,246.9370,228.5042,236.0883,233.9089,239.0636,238.6132,240.7711,0.0000,242.3134,236.5315,254.3409,253.9492,238.8027,238.3791,265.6245,244.3711,241.7772,256.3857,251.5265,241.3463,251.6400,283.9214,248.4109,268.8860,294.9132,294.4290,274.6294,261.7374,230.3842,253.0037,252.8764,248.1847,262.5232,247.7549,239.6029,245.2535,245.9053,281.7956,293.0778,243.8905,247.2482,248.2980,248.3706,247.4911,244.5559,248.2619,248.0057,249.2705,248.3932,248.2893,243.3697,241.7010,235.1152,238.6157,0.0000,243.1789,241.9647,243.1786,235.9316,236.0844,239.4314,242.6786,242.1328,272.7005,237.4101,240.7574,239.6055,240.8287,242.9867,243.3382,232.1758,243.4908,242.9867,245.7393,251.6309,266.8201,267.7142,276.9823,240.7099,246.7551,240.4798,246.7320,245.9433,238.5749,236.0070
26.0000,261.8912,236.7895,237.2349,236.2175,230.5228,240.5146,238.6145,262.1641,241.5292,262.2983,255.3066,261.5386,241.1994,246.6921,231.9715,230.2902,243.9642,243.2503,240.5556,233.3345,237.7245,236.4814,236.9502,236.5480,242.4719,245.3221,245.9909,249.1289,267.8605,236.4279,237.0548,237.4293,272.4733,262.3391,260.1224,259.4474,240.9606,252.5189,240.9539,262.7034,278.9061,253.6967,256.0116,280.3666,275.2199,240.6291,246.3762,245.4708,228.9183,255.5103,254.2811,248.8072,256.8032,244.3179,254.4302,250.3339,241.2377,253.4839,235.0102,234.7382,243.6241,243.8129,251.6499,251.9045,249.8129,245.0016,245.2884,248.4675,244.8675,245.6599,257.1355,246.2332,238.5869,243.6578,240.4578,232.8669,235.5524,268.4695,263.8074,251.1629,236.6250,243.8212,241.0427,241.2283,241.8088,242.2274,242.7177,242.2886,241.7653,262.5998,241.2944,240.5572,240.0371,236.3199,234.8785,254.8971,255.7836,249.3005,0.0000,254.6757,258.7618,241.6646,237.0267,259.9732,239.2018,238.9901,239.9949,242.9401,243.0484,238.2877,242.5449,255.6989,264.0379,244.4727,238.5044,238.2800,245.5103,257.0040,239.1984,250.1175,245.2803,241.5283,242.0732,235.5433,239.2592,244.4697,261.1224,240.3969,236.8651,236.9071,234.2638,229.6358,233.5002,259.0121,237.5413,245.9475,241.6793,242.2987,242.6406,241.8690,236.9394,238.2968,235.5345,235.0854,245.2355,234.7268,233.7554,231.5529,243.6731,244.7748,272.4957,272.4958,267.9838,237.0560,246.3474,228.1486,235.9395,233.7136,238.7031,238.2258,240.2646,0.0000,241.8971,236.2169,254.1460,253.7253,238.4079,237.9742,263.5139,243.8745,241.3686,256.3765,251.5265,240.9286,251.6395,281.2361,248.1418,268.1109,293.3637,291.4772,272.5034,260.0704,230.1883,252.6878,252.5709,247.7887,261.4078,247.4835,239.1060,244.6977,245.3204,280.7977,291.6186,243.3600,246.7957,247.7433,247.8183,246.9596,244.0751,247.7079,247.5700,248.8640,247.8399,247.7131,242.8853,241.2944,234.8824,238.2282,0.0000,242.8491,241.5547,242.8488,235.6632,235.8193,239.0636,242.4910,241.7337,270.7045,237.0560,240.3313,239.1918,240.4173,242.6571,243.0571,232.2685,243.2503,242.6571,245.1462,251.6309,265.0036,265.8846,274.7859,240.2032,246.3220,239.9637,246.1479,245.5174,238.1768,235.3823
27.0000,262.4057,237.0010,237.4469,236.3729,230.6387,240.9311,238.9986,262.3317,241.7303,262.2890,255.5359,261.5650,241.3910,247.0103,232.0687,230.3444,244.2798,243.5175,240.5890,233.3774,238.0126,236.8509,237.2821,236.7649,242.9150,245.8594,246.5183,249.4530,268.0937,236.6404,237.2288,237.5923,272.6650,262.8443,260.6393,259.6477,241.1611,252.9779,241.1396,263.2533,280.1841,254.0343,256.2522,281.7103,275.3977,240.8687,246.2070,245.2656,228.9951,255.6163,254.3564,249.0569,256.9968,244.5504,254.6420,250.5823,241.4787,253.5576,235.2150,235.7034,243.6161,243.7950,251.6998,251.9440,249.8129,245.0927,245.4002,248.3996,244.9226,245.7749,257.2882,246.3069,239.2744,243.6503,240.6365,233.0639,235.8146,268.7150,263.9804,251.5714,236.8220,244.0632,241.2436,241.4226,242.0126,242.4335,242.9256,242.4899,241.9658,262.8839,241.4561,240.7331,240.2116,236.4840,235.0545,255.2789,256.1567,249.6094,0.0000,254.8941,258.9669,241.8363,237.2526,260.4879,239.2124,239.0154,240.0019,242.9562,243.0473,238.2610,242.7029,255.8463,264.2308,244.6389,238.9758,238.7772,245.7623,257.5363,239.3810,250.3731,245.2121,241.7157,242.2708,235.7634,239.4793,244.7901,261.0913,240.3964,237.0753,237.1174,234.4888,229.6358,233.8347,259.3562,237.7145,246.5133,241.8757,242.4954,242.8333,242.1456,237.3911,238.7268,235.6596,235.2104,245.1621,234.8207,233.8150,231.6137,243.7291,244.8606,272.9265,272.9266,268.3354,237.2300,246.4770,228.4259,235.8889,233.7691,238.8713,238.4001,240.2614,0.0000,241.8679,236.3710,254.2196,253.8006,238.5828,238.1605,263.6060,244.0156,241.5304,256.4617,251.5265,240.9531,251.6440,279.9658,248.4632,268.7276,294.5489,291.9795,272.6957,260.4004,230.2424,252.7485,252.6319,247.8139,260.6765,247.5675,239.5115,245.1951,245.8573,281.6420,292.7416,243.8380,246.7391,247.5824,247.6586,246.8188,244.0002,247.5478,247.5063,248.7992,247.6801,247.4884,242.8180,241.4561,235.0585,238.4026,0.0000,243.2301,241.7558,243.2298,235.7806,235.9355,239.2322,242.7518,241.8933,270.9259,237.2300,240.3428,239.1973,240.4391,243.1375,243.2909,233.2307,243.5175,243.1374,245.5789,251.6309,265.2053,266.0985,274.9660,240.1985,246.2282,239.9597,246.2124,245.6230,238.3244,235.5870
28.0000,262.4057,237.1950,237.6382,236.5927,230.7704,241.1901,239.2409,262.8967,242.0322,262.7476,255.9562,261.9892,241.8523,247.3834,232.2040,230.4517,244.4268,243.7016,240.7435,233.6292,238.2500,237.1459,237.5601,236.9740,243.1751,246.1258,246.7909,249.8411,268.4641,236.8337,237.4749,237.8514,273.0894,263.0036,260.7814,260.0898,241.4624,253.3201,241.4118,263.2833,280.8332,254.4989,256.7018,282.4152,275.8351,241.2555,246.3180,245.3576,229.0805,255.8982,254.5953,249.5582,257.2745,245.0541,255.0534,251.0994,241.6558,253.9120,235.5777,237.4173,243.8442,244.0256,252.0033,252.2477,249.8129,245.3745,245.7064,248.6348,245.1941,246.0846,257.6003,246.5449,240.5252,243.8789,240.9545,233.2047,236.0565,269.0721,264.3820,251.9407,237.0043,244.2716,241.5463,241.7204,242.3228,242.7536,243.2263,242.7878,242.2764,263.4631,241.7100,240.9902,240.4592,236.6923,235.2375,255.7079,256.6253,250.0197,0.0000,255.2997,259.3948,242.1303,237.4624,260.6916,239.3339,239.1477,240.1731,243.1862,243.2713,238.2307,242.9637,256.1666,264.6319,244.9220,239.2181,239.0786,246.1654,257.8350,239.6395,250.8985,245.4075,241.9897,242.5474,235.9459,239.8485,245.1502,261.5426,240.5866,237.4390,237.4812,234.6834,229.6358,233.8347,259.8859,237.9625,247.0037,242.1822,242.7863,243.1251,242.5566,237.6789,238.9971,235.8238,235.3742,245.3486,235.0394,233.9114,231.6970,243.9803,245.1365,273.8222,273.8223,269.0727,237.4762,246.8225,228.3926,236.1720,233.9573,239.1025,238.6442,240.4490,0.0000,242.1030,236.5912,254.4541,254.0391,238.8358,238.4415,264.0275,244.3033,241.7855,256.6474,251.5265,241.1232,251.6537,280.5784,248.8477,269.0293,295.5321,293.1889,273.1212,260.9471,230.3497,253.0677,252.9330,248.0950,260.8335,247.7881,239.7588,245.4761,246.1253,282.2828,293.6750,244.1350,247.0460,247.6945,247.7462,246.9969,244.1868,247.6607,247.7336,249.0381,247.7752,247.7430,243.0033,241.7100,235.2414,238.6467,0.0000,243.3847,242.0576,243.3844,235.9414,236.0966,239.4684,242.9258,242.0600,271.3229,237.4762,240.5047,239.3127,240.5927,243.2920,243.5999,234.9010,243.7016,243.2920,245.8722,251.6309,265.5990,266.4827,275.4015,240.3845,246.5514,240.1465,246.4729,245.9186,238.6432,235.9476
29.0000,262.4057,237.4676,237.9024,236.9211,230.9218,241.4670,239.5360,264.0110,242.4792,264.7336,256.8102,263.7317,242.6017,247.0957,232.9162,231.2374,244.8036,244.0737,241.1151,233.9166,238.5808,237.3397,237.8040,237.3514,243.4229,246.4461,247.1065,249.8341,269.8926,237.1055,237.8832,238.2993,274.4856,263.0842,260.8641,261.2141,241.9053,253.5549,241.8088,263.3013,281.2238,255.3045,257.5013,282.8395,277.2523,242.3053,246.7635,245.7937,229.8166,256.1104,254.7963,250.8472,257.4332,245.7090,255.9224,252.4228,241.9627,254.2224,236.6303,239.6042,244.2850,244.4742,252.3232,252.5664,249.8129,245.8254,246.1735,249.1619,245.6797,246.5985,257.8738,247.1873,241.9273,244.3205,241.8684,233.3682,236.1479,270.5178,265.8143,252.2279,237.0351,244.6437,241.9913,242.1738,242.7850,243.2327,243.6586,243.2345,242.7452,264.4952,242.1880,241.3958,240.8712,237.0477,235.5229,256.5299,257.3165,250.0385,0.0000,256.1733,260.4804,242.5947,237.8463,260.8584,239.7117,239.5325,240.5632,243.6245,243.7056,238.1959,243.4720,256.4712,266.0066,245.4880,239.5574,239.2468,246.6992,258.1713,240.0278,252.2233,245.8611,242.4201,242.9764,236.1852,240.8672,245.1438,263.6154,240.9838,238.4640,238.5064,234.8284,230.4857,233.8347,260.7125,238.3860,246.8864,242.6391,243.2345,243.5991,243.6258,237.9709,239.2796,236.1963,235.5252,245.7954,235.2959,234.5065,232.3687,244.4301,245.5844,275.3963,275.3964,270.4061,237.8843,247.4972,229.1611,236.9720,234.7192,239.4975,239.0192,240.8424,0.0000,242.4401,236.9186,254.6544,254.2571,239.2312,238.8574,265.7353,244.8794,242.2660,256.8325,251.5265,241.4884,251.6634,283.1719,248.7123,268.9225,291.6600,295.3648,274.5164,261.8271,231.1350,253.3700,253.2293,248.4757,261.8602,248.1122,240.0556,245.7748,246.4446,281.2831,290.2103,244.3347,247.5675,248.1393,248.1882,247.4502,244.6265,248.1055,248.2309,249.5640,248.2178,248.1963,243.4346,242.1880,235.5269,239.0217,0.0000,243.7656,242.5048,243.7653,236.3725,236.5508,239.8741,243.2667,242.4476,272.7579,237.8843,240.8582,239.6840,240.9683,243.6728,243.7482,236.9275,244.0737,243.6727,246.1318,251.6309,266.9915,267.8804,276.8152,240.7776,247.0734,240.5402,246.7815,246.3650,239.1089,236.9906
30.0000,262.4057,237.1041,237.5290,236.7097,230.8684,241.2879,239.3425,264.6902,242.1445,264.7236,256.5868,263.6478,242.3663,247.0374,232.2461,230.5778,244.2278,243.5071,240.6240,233.6340,238.2921,237.1145,237.5373,237.0227,243.2817,246.3081,246.9781,249.7550,269.6545,236.7450,237.5869,238.0016,274.2276,263.0446,260.8279,261.0716,241.5744,253.4704,241.5013,263.3019,281.2373,255.3057,257.2566,282.8541,276.9832,241.7146,246.3932,245.4145,229.1381,255.9245,254.6133,250.3503,257.2790,245.4877,255.6233,251.9512,241.4779,254.0090,236.0744,237.3727,243.9511,244.1327,252.0838,252.3270,249.8129,245.5172,245.8900,248.7973,245.3545,246.2842,257.6170,246.7721,241.9843,243.9867,241.2936,233.0162,235.8790,270.2710,265.6283,252.1727,237.0351,244.0599,241.6595,241.8332,242.4396,242.8774,243.2936,242.8870,242.3960,264.7934,241.8099,241.0836,240.5554,236.7084,235.1800,256.6065,257.3928,249.9569,0.0000,255.9597,260.3103,242.2751,237.4905,260.8047,239.2122,239.0535,240.2264,243.3014,243.3778,238.2081,243.0821,256.2129,265.8154,245.0650,239.3425,239.1619,246.6028,258.0906,239.7451,251.7606,245.5289,242.0937,242.6489,235.8307,240.2924,245.0202,263.5696,240.7109,237.9023,237.9446,234.4975,229.6358,233.8347,260.9006,238.0882,246.9489,242.3043,242.8919,243.2624,243.0097,237.8021,239.1049,235.8611,235.4117,245.4668,235.2259,233.9114,231.7185,244.0983,245.2735,275.7332,275.7333,270.7221,237.5880,247.0049,228.5807,236.2431,234.0351,239.1751,238.7514,240.5815,0.0000,242.0393,236.7096,254.4737,254.0796,238.9625,238.6154,265.6034,244.4343,241.8873,256.7199,251.5265,241.0176,251.6575,285.6049,248.6414,268.8725,291.6791,295.9899,274.2595,262.0494,230.4758,253.1514,253.0084,248.1852,263.0569,247.9311,239.8657,245.5993,246.3055,281.2376,290.2239,244.2090,247.1944,247.7728,247.8249,247.1022,244.3307,247.7391,247.8825,249.1972,247.8534,247.8239,243.0912,241.8099,235.1840,238.7539,0.0000,243.2145,242.1696,243.2142,235.9774,236.1310,239.5404,242.7396,241.9343,272.5035,237.5880,240.3606,239.1773,240.4827,243.1218,243.5313,236.8139,243.5071,243.1218,246.0168,251.6309,266.7893,267.6621,276.5481,240.5192,246.6817,240.2841,246.5734,246.0572,238.8666,236.4321
31.0000,262.4057,237.4803,237.9012,237.2054,231.0514,244.0392,242.3519,291.2292,242.9282,296.7987,280.8688,294.1421,242.5876,252.6719,232.9292,231.2698,244.9242,244.1734,241.1473,234.1199,239.5761,239.1710,239.2003,237.9197,246.5556,249.6362,250.2457,259.0090,297.5971,237.1207,238.0229,238.4391,299.2150,264.0815,262.7118,287.7835,242.4067,260.1987,242.4714,263.3179,281.5842,276.3154,280.5247,283.2308,302.4148,242.5899,247.4408,246.4134,229.7816,256.4052,255.0226,251.2846,257.6732,246.6788,256.4407,252.8821,242.0133,254.6838,236.8969,240.6708,244.9460,245.1293,252.7847,253.0339,249.8129,246.4107,246.7925,249.8311,246.4877,247.5131,258.2934,248.0139,244.2671,244.9818,242.0501,233.2770,236.1807,298.2909,294.0408,261.3686,237.0351,244.7820,242.4942,242.7291,243.2544,243.7434,244.0907,243.6823,243.2826,288.6114,241.8089,241.8590,240.3057,236.6008,235.1905,277.1352,274.9279,259.2082,0.0000,282.7763,287.5619,243.2851,238.4462,262.3523,239.6599,239.4823,241.0623,244.2512,244.3637,238.6223,243.0915,256.9192,294.0242,245.1883,242.5219,241.5320,247.1859,260.6678,240.2515,252.6631,246.5816,242.8776,243.4306,236.1637,241.1290,248.3819,296.3351,241.7232,238.7244,238.7668,234.7677,229.9483,233.8347,281.3170,238.5310,249.7480,243.4248,243.6870,244.0657,243.9420,240.5269,241.8368,236.1328,235.5252,246.5152,235.6441,234.0754,232.0670,244.9595,246.1662,300.8012,300.8013,295.2309,238.0240,247.4822,229.1669,237.1134,234.7990,239.0358,239.1836,241.6190,0.0000,242.5408,237.1999,254.8865,254.5434,239.3910,238.9292,295.7030,244.7161,241.8887,256.8786,251.5265,241.5426,251.6658,286.9698,256.2563,269.8953,292.9150,323.2973,299.5959,283.4425,231.1675,253.8181,253.6500,249.0395,263.5562,248.5379,242.8708,248.8206,249.6305,282.3310,291.4347,247.5206,248.2883,248.8423,248.8927,248.1549,245.4326,248.8081,248.9234,250.2366,248.9223,248.9136,244.1099,241.8089,235.1944,239.1865,0.0000,243.9351,242.9540,243.9348,236.2038,236.1653,239.3707,243.3304,242.5431,299.6895,238.0240,240.9375,239.6167,241.0249,243.8883,246.1863,240.0068,244.1734,243.8883,251.0901,251.6309,294.9563,295.6615,301.9648,241.5622,247.7761,241.3312,247.7191,246.9526,239.2871,237.2524
32.0000,262.4057,237.5046,237.9132,237.3471,231.1983,244.3058,242.8595,293.4926,243.0921,298.4394,282.1057,295.6412,242.6948,252.6719,233.2942,231.6419,245.2472,244.4468,241.9322,234.1045,239.8190,239.6147,239.5521,238.1277,246.7925,249.5559,250.0097,259.3358,298.9104,237.1488,238.1303,238.5459,300.4298,264.1661,262.8371,289.1036,242.5636,260.5820,242.6196,263.3073,281.3540,277.4424,281.7410,282.9808,303.6447,243.5659,249.3058,248.2386,230.1582,257.1592,255.6126,252.4664,258.1373,248.5041,257.6155,254.1064,242.2195,255.6857,237.8780,245.2995,246.6903,246.8746,253.8742,254.1224,249.8129,247.8487,248.2353,251.6717,248.3671,249.4796,259.2431,250.1859,247.6017,246.7255,242.9325,233.2770,236.1502,299.5927,295.4348,261.8722,237.0351,245.0526,242.6505,242.8719,243.4467,243.9571,244.2507,243.8462,243.4647,290.3259,241.9420,242.0132,240.4064,236.7375,235.2766,278.2620,276.0094,259.6029,0.0000,284.1252,288.9084,243.3920,238.6435,262.4094,240.4612,240.2844,242.5488,245.9333,246.1040,238.7745,243.2191,257.9309,295.4066,245.3425,243.6097,242.0954,247.3465,260.6721,240.3913,253.8968,248.4319,243.0379,243.5982,236.1777,242.0779,248.4216,297.9529,243.5257,239.6783,239.7209,234.7526,230.3119,233.8347,282.7166,238.6368,249.6801,243.5768,243.8510,244.2357,244.9153,240.8066,242.1084,236.3058,235.5252,248.3667,235.7446,234.4386,232.4340,246.4506,247.6090,302.6259,302.6259,297.0221,238.1314,247.6358,229.4207,237.5588,235.1852,239.1524,239.3169,243.4678,0.0000,243.4441,237.3402,255.4839,255.2229,239.5232,239.0476,297.2075,244.8668,242.0216,257.1356,251.5265,242.3512,251.6793,286.5257,256.4342,270.0973,293.3623,325.1179,300.8156,284.9397,231.5394,254.8281,254.6265,250.4647,263.3453,249.5174,243.4115,249.0577,249.5606,282.6749,291.8762,247.7617,250.0391,250.7221,250.7769,250.0588,247.3613,250.6869,250.7732,252.0806,250.8055,250.7600,246.0200,241.9420,235.2806,239.3197,0.0000,244.3999,243.1179,244.3996,236.4169,236.3779,239.4860,243.5763,243.2286,300.9638,238.1314,241.6925,240.4100,241.8096,244.3529,246.2811,244.5371,244.4468,244.3529,251.4079,251.6309,296.3229,297.0039,303.1931,243.4202,249.5379,243.2172,249.5621,248.3938,239.3642,238.2265
33.0000,262.4057,237.4326,237.8373,237.2679,231.1764,244.0617,242.5300,291.1128,242.9346,296.0855,280.0886,293.3285,242.4826,252.6719,232.9963,231.3567,244.8653,244.1503,241.3729,234.0338,239.7132,239.6101,239.5521,237.9954,246.5189,249.2617,249.7399,258.8783,296.7488,237.0818,238.0236,238.4500,297.8643,264.0515,262.6761,286.9421,242.4038,260.0816,242.4683,263.2878,280.9302,275.7218,279.7965,282.5206,301.0107,243.2073,249.1906,248.1177,229.8409,256.9518,255.4290,252.1797,258.0349,248.4898,257.3303,253.8153,241.9921,255.4467,237.5107,247.6266,246.2881,246.5000,253.6120,253.8634,249.8129,247.4430,247.8973,251.4941,248.0830,249.2444,258.9771,249.9399,248.8685,246.3203,242.5828,233.2770,236.1091,297.3997,293.2137,261.2001,237.0351,244.7643,242.4897,242.6931,243.2872,243.7927,244.0836,243.6816,243.2929,288.2366,241.8265,241.8658,240.3546,236.6606,235.2281,276.5728,274.5422,259.1203,0.0000,281.8973,286.6994,243.2129,238.4939,262.2589,239.9005,239.7575,241.6623,245.4448,245.6687,238.6299,243.0867,257.6612,293.1889,245.1610,243.1897,241.9216,247.2270,260.4539,240.2715,253.5961,248.3280,242.8748,243.4209,236.1319,241.7267,248.3548,295.6057,242.4813,239.3247,239.3672,234.7357,230.0275,233.8347,280.9380,238.5286,249.6171,243.3846,243.6851,244.0671,244.5556,240.5465,241.8582,236.1795,235.5252,248.2667,235.7446,234.1686,232.1470,246.0216,247.1894,300.2984,300.2984,294.7923,238.0247,247.4431,228.6287,237.6081,234.9835,239.0836,239.2066,242.5383,0.0000,242.9239,237.2619,255.3012,255.0397,239.4077,238.9413,294.8984,244.7087,241.9056,256.8996,251.5265,241.7884,251.6669,286.0424,256.1844,269.7576,286.3986,322.4636,298.2831,283.0651,231.2543,254.5853,254.3874,250.1285,263.1535,249.2871,243.0800,248.7419,249.2656,281.4517,285.7213,247.4894,249.7145,250.6126,250.6685,249.9653,247.5947,250.5757,250.6282,251.9028,250.6955,250.6169,246.2383,241.8265,235.2321,239.2095,0.0000,243.9685,242.9602,243.9682,236.2609,236.2289,239.4147,243.3070,242.7203,298.6540,238.0247,241.1281,239.8408,241.2394,243.9217,246.1843,247.0503,244.1503,243.9217,251.0133,251.6309,294.1181,294.8202,300.5755,242.5110,249.2062,242.3850,248.7608,247.9917,239.2525,237.8607
34.0000,262.4057,237.4446,237.8254,237.5024,231.5901,243.1345,241.4347,279.7571,243.1309,283.5895,268.7158,280.8516,242.6939,250.9549,234.5518,232.2570,242.9537,241.7671,242.4489,234.2562,239.6115,239.0418,239.2080,238.1317,245.3116,248.0603,248.5921,255.1851,283.7567,237.1023,238.1995,238.5851,284.7769,263.7344,261.9056,274.6864,242.5950,257.3049,242.6760,263.2516,280.1482,266.1014,268.9833,281.6713,287.6505,244.7566,252.2877,251.2095,230.7661,257.8663,256.2535,253.7428,258.5352,250.6858,258.6662,255.3624,240.4143,256.8885,239.0290,249.1309,248.9944,249.2468,255.2175,255.4765,249.8129,249.4785,249.8786,254.5002,250.9397,252.1529,260.1505,253.1296,251.9005,249.0306,244.0248,233.2770,236.1016,284.3575,280.5494,257.3453,237.0351,242.3174,242.6794,242.8360,243.4560,243.9288,244.2713,243.8831,243.4287,277.7556,242.5209,242.1764,241.2000,237.3438,235.6722,267.2089,266.8112,255.4235,0.0000,269.0968,274.0562,243.3752,238.5922,261.7622,241.2233,241.0995,243.8734,248.0238,248.3643,238.9365,243.7501,258.9634,280.4055,245.7598,241.8286,241.2030,247.6225,259.5956,240.5278,255.1029,251.4353,243.1501,243.7511,236.1367,243.2206,247.5994,283.1177,245.1104,240.8095,240.8522,234.7182,230.9845,233.8347,271.9637,238.6965,249.1734,243.4145,243.9074,244.2878,246.1217,239.6246,240.9358,236.6143,235.5252,251.3778,235.9102,235.1540,233.1128,248.2651,249.2409,288.8817,288.8818,283.8070,238.2006,247.9642,229.6690,239.1867,236.5495,239.8150,239.4797,245.2764,0.0000,243.9112,237.4965,256.1368,255.9771,239.6749,239.2332,282.2820,245.3250,242.5989,257.2913,251.5265,242.8565,251.6874,285.7183,253.3842,269.2773,288.0990,309.4995,285.1848,273.6627,232.1542,256.0550,255.8032,252.2947,263.1141,250.6147,241.9720,247.5635,248.0639,280.6969,287.0755,246.2512,252.6273,253.7213,253.7766,253.0436,251.1603,253.6820,253.6863,254.9118,253.8042,253.7064,249.6800,242.5210,235.6762,239.4822,0.0000,242.9580,243.1564,242.9579,236.8551,236.9779,240.1726,241.3793,243.1154,285.5507,238.2006,242.1886,241.1546,242.3007,242.9115,245.6978,250.4399,237.4063,242.9115,249.0010,251.6309,281.2844,281.9625,287.2572,245.2685,252.0731,245.2236,251.4874,250.0251,239.4786,239.3754
35.0000,262.4057,237.5415,237.9520,237.5296,231.4842,244.1630,242.6890,291.2291,243.1599,296.3936,280.6471,293.6609,242.6557,253.3829,234.2922,234.3223,241.1799,239.5994,243.0991,233.9827,239.9162,239.4272,239.4904,238.3676,246.5973,249.4296,249.9319,259.4463,297.9585,237.2021,237.9609,238.2831,300.1131,263.8478,262.5778,287.4426,242.6415,260.1883,242.7965,263.2229,279.5269,275.9180,280.3454,280.9965,303.0465,246.0526,255.1488,254.0726,231.2307,258.9711,257.2265,255.3481,259.1663,252.7468,260.3076,257.0150,238.9501,258.4714,240.3475,253.2794,251.4335,251.7285,256.9051,257.2048,249.9741,251.3276,251.7004,257.2092,253.4816,254.7182,261.4460,255.4567,254.9140,251.4664,245.1688,233.2770,236.0631,298.5974,294.0459,261.4087,237.0351,240.1283,242.7256,242.9130,243.5090,244.0102,244.2977,243.9072,243.5113,288.3182,242.1422,242.2072,240.6412,237.0607,235.4890,276.6692,274.6763,259.6499,0.0000,282.4411,287.2544,243.4709,238.8749,262.1423,242.0591,241.9386,245.6832,250.3111,250.7802,238.0664,243.3497,260.3440,294.0599,245.3980,243.1252,241.6597,245.1017,260.5106,240.4913,256.7020,254.1746,243.1795,243.7696,236.1868,244.4819,248.8860,295.9169,247.3735,242.0844,242.1274,234.7095,231.3214,233.8347,281.0621,238.4481,250.1217,243.6080,243.9293,244.2993,247.4211,240.6324,241.9526,236.6949,235.5933,254.1153,235.9102,235.4080,233.4527,250.2356,251.0966,299.2487,299.2487,294.2730,237.7787,247.7696,230.8599,238.5173,236.2194,239.4004,239.4270,247.5852,0.0000,244.5807,237.5196,257.1107,257.0248,239.6240,239.1361,295.4750,245.0623,242.2206,257.8324,251.5265,243.5087,251.7157,288.0934,256.8183,268.8143,285.1703,319.6508,300.4318,283.1808,234.7875,257.6325,257.3268,254.3652,263.8813,251.9153,243.1996,248.8725,249.4311,279.0131,284.3609,247.5165,255.2066,256.6022,256.6583,255.8857,254.0954,256.5603,256.4484,257.6249,256.6872,256.5387,252.8510,242.1422,235.4930,239.4296,0.0000,241.9171,243.1853,241.9172,236.9087,236.9320,239.7333,239.5813,243.2228,300.1467,237.9621,242.8213,241.9858,242.9385,241.8709,246.6508,254.2571,236.3952,241.8709,251.1312,251.6309,295.0717,295.8642,302.6294,247.5843,254.6269,247.5783,253.8342,251.8770,238.8515,240.6809
36.0000,262.4057,237.5524,237.9738,237.4763,231.6292,242.0348,240.2923,271.1783,242.8704,273.6564,259.8561,270.9797,242.7615,249.0407,234.1597,234.3446,240.6376,238.8813,243.5907,234.3979,239.0091,237.0582,237.8411,237.9061,244.0223,247.0065,247.5942,251.8266,273.5374,237.2058,238.0004,238.3104,275.4669,263.3900,261.1737,265.1385,242.2694,254.7944,242.4726,263.2246,279.5643,258.4555,260.5218,281.0371,278.1234,245.7218,256.0551,255.0132,231.1331,259.5680,257.8049,253.2153,259.4707,253.5664,260.3114,255.3980,238.4227,259.5656,239.8777,255.1130,252.2600,252.5763,257.8759,258.2612,250.4457,251.9935,252.4015,258.1036,254.2947,255.5041,261.8682,256.4706,256.2501,252.2926,245.1047,233.2770,236.1841,274.0020,270.5422,253.9921,237.0351,239.1915,242.3501,242.4362,243.1971,243.6589,244.0454,243.6499,243.0937,269.5008,242.8469,242.0939,241.5609,237.7359,235.9325,259.7609,260.5739,251.9386,0.0000,259.1641,264.2057,243.0830,238.3633,261.4533,242.6285,242.5225,246.3912,251.1057,251.6013,238.0330,244.0154,260.8255,270.3389,245.8772,240.4848,238.3879,245.7026,259.3505,240.4577,255.2428,255.0478,243.0317,243.6726,236.1676,244.1726,246.5021,273.2195,248.1454,241.7059,241.7489,234.7669,231.5619,233.8347,264.8093,238.5012,248.1989,242.9749,243.7046,244.0596,247.2797,238.6531,239.8936,236.9392,235.8366,254.9815,235.9087,235.8760,233.6955,250.9655,251.7662,279.3598,279.3599,274.9070,237.8096,248.6336,230.0272,239.6614,236.6018,240.1351,239.4647,248.3621,0.0000,245.0929,237.4718,257.6791,257.5981,239.6602,239.2120,272.2497,245.8268,242.9272,258.1223,251.5265,244.0084,251.7308,290.6888,250.6857,268.2180,284.0980,298.8772,275.7580,266.1943,234.8016,258.6301,258.2415,255.2650,264.6277,252.6413,240.7598,246.3742,247.0055,278.2075,283.3454,244.8650,256.0506,257.4768,257.5312,256.7386,254.9815,257.4349,257.3826,258.5136,257.5588,257.4094,253.9332,242.8469,235.9365,239.4667,0.0000,241.7056,242.8964,241.7058,237.2459,237.4700,240.5325,238.9537,243.5316,275.4988,238.0015,243.3042,242.5554,243.4176,241.6595,244.8791,255.9012,236.0316,241.6595,247.0841,251.6309,271.1791,271.8423,277.7461,248.3621,255.4704,248.3621,254.5694,252.5347,239.1206,240.2448
37.0000,262.4057,237.5355,237.9777,237.2081,230.9727,242.0588,240.4784,296.1020,243.1481,300.6705,283.9958,297.9538,242.4378,254.2961,234.5060,234.6735,241.0993,239.2650,243.7954,234.7017,239.0862,238.6434,238.8173,237.8620,243.9996,246.6640,247.1180,260.5540,301.1194,237.1763,237.8726,238.1789,303.5647,264.1853,262.6619,291.3756,242.6179,259.7575,242.9328,263.3074,281.3557,279.0603,283.3812,282.9827,306.7927,246.5653,257.3963,256.3957,231.3245,260.0676,258.2075,254.5404,260.1932,254.2288,261.4423,256.7852,238.7387,260.1527,240.6656,255.6517,252.9453,253.2916,258.4740,258.8786,250.9764,252.6148,253.0270,259.0869,255.0075,256.1813,262.5424,257.4401,256.9894,252.9791,245.5370,233.2770,236.4693,301.6760,297.6457,261.6178,237.0351,239.5926,242.7069,242.8850,243.5369,244.0952,244.4366,243.9883,243.5479,292.3119,242.2420,242.3193,240.5220,237.0283,235.4642,279.7543,277.0298,260.7092,0.0000,286.2645,291.1462,243.7104,238.3680,262.3558,242.7875,242.6311,246.7910,251.7100,252.2498,238.1841,243.4367,261.4962,297.6336,245.4314,241.0810,239.8992,246.4785,260.4771,240.0737,256.6245,256.0022,243.3327,244.0115,236.1501,244.9238,249.4352,300.2033,248.6662,242.4572,242.5003,234.8878,231.4417,233.8347,284.1265,238.3940,250.6384,243.7229,244.0394,244.3824,248.2549,238.7909,239.9654,236.6507,235.5494,255.9474,235.6466,235.5526,233.5741,251.5193,252.3803,304.0580,304.0580,298.7907,237.7054,248.9489,230.0915,240.7220,237.2710,239.2734,239.1601,248.8859,0.0000,245.3872,237.2024,258.0809,258.0365,239.3604,238.7483,299.3547,245.7169,242.3303,258.3359,251.5265,244.2325,251.7420,291.1647,257.8500,269.9126,288.6088,328.2934,303.8853,286.5004,235.1043,259.2041,258.8049,255.9064,264.7323,253.2577,240.9976,246.3690,246.6742,281.6932,287.7333,244.8156,257.0396,258.8176,258.8946,257.9199,255.9474,258.7718,258.3751,259.5063,258.9180,258.7032,254.8209,242.2420,235.4682,239.1621,0.0000,242.0356,243.1764,242.0358,236.9008,236.9172,239.6795,239.3320,243.8038,303.4334,237.8736,243.4760,242.7210,243.6144,241.9437,247.0677,256.5789,236.3926,241.9436,249.3718,251.6309,298.5453,299.2156,306.3288,248.8859,256.4390,248.8859,255.1822,253.1693,239.2235,241.0125
38.0000,278.0232,235.7198,236.1427,235.7199,229.6739,247.2242,245.8554,355.9818,241.6766,365.6991,343.4155,362.8724,239.4691,266.5532,233.2585,234.0377,239.2866,237.5234,241.5682,232.7219,239.8652,241.0570,240.3171,237.5417,250.7234,253.2843,253.6025,282.1510,368.6721,235.3707,235.8968,236.1781,371.8279,278.5976,278.4251,355.2136,241.2744,277.5274,241.9765,278.9903,298.3568,329.8984,340.0065,300.1026,375.9301,244.7971,255.3517,254.3559,230.2450,259.1968,257.5243,252.8758,259.0277,252.3977,260.0751,255.1499,236.9822,259.1311,238.9400,253.6411,250.9857,251.3286,257.3156,257.7480,249.8129,250.8016,251.2262,256.9859,253.0402,254.2197,261.3111,255.5259,255.0498,251.0192,243.8200,231.4378,234.5412,369.4317,363.7324,283.8835,234.7542,237.8153,241.3657,241.7285,242.1383,242.8184,242.9407,242.5020,242.3440,347.6160,238.2657,240.8074,235.9791,233.3028,232.3820,329.3520,318.5829,282.0250,0.0000,352.9088,356.9596,242.8340,238.1925,275.5773,240.5304,240.2872,244.6743,249.7062,250.2763,238.4831,239.4292,260.2314,364.2684,241.5855,246.8610,243.2408,244.6877,271.4302,238.1188,255.0011,253.9909,241.8170,242.4129,234.3165,243.2057,255.3061,365.1973,246.6212,240.7559,240.7987,233.0067,229.6358,236.1708,332.0075,236.4082,255.0476,243.2274,242.5405,242.8860,246.4782,243.9085,245.0948,234.6862,234.0391,253.9335,234.1515,233.0504,231.6487,249.5286,250.5545,362.3228,362.3229,355.7557,235.7707,245.3955,229.0611,239.5445,236.0624,235.3226,237.0839,246.8406,0.0000,243.2117,235.6974,257.3897,257.2547,237.2518,236.3676,365.0474,242.0223,238.3567,258.1123,251.5265,242.0028,251.7303,288.9328,275.2127,284.9706,306.3433,391.9034,372.2180,336.5177,234.6060,258.1544,257.7618,254.3464,263.9393,251.6695,246.3648,252.4289,253.2769,298.3883,305.3383,251.5508,255.0961,256.7539,256.8412,255.8723,253.9335,256.7089,256.3089,257.4035,256.8601,256.5561,252.8301,238.2657,232.3860,237.0873,0.0000,240.1051,241.7052,240.1051,234.5799,233.9760,235.5049,237.5901,241.6835,371.6344,235.8978,241.2293,240.4766,241.3756,240.0138,250.9077,254.6175,234.9499,240.0137,260.7655,251.6309,365.4036,366.1560,375.3378,246.8406,254.4881,246.8406,253.1282,251.3492,237.0656,239.2859
39.0000,263.3378,237.3870,237.8223,237.0131,230.9098,242.4885,240.9895,302.4605,242.6986,309.3296,291.7272,306.7175,241.7536,252.6719,234.6228,234.7859,241.3480,239.4208,244.1111,234.4697,239.1953,239.1369,239.1273,237.8563,244.5258,247.1174,247.5087,260.8558,310.7313,237.0387,237.5832,237.9118,313.2157,265.1001,263.7573,299.8496,242.1557,261.1709,242.4378,264.2446,282.3971,285.4179,290.6793,284.0334,316.7824,246.9300,257.3942,256.3599,231.3899,260.3794,258.4586,255.0178,260.7606,254.5179,261.9810,257.2694,238.8725,260.4047,241.0235,255.9487,253.1454,253.4693,258.7193,259.1177,251.4175,252.9015,253.3261,259.1483,255.2561,256.4893,262.9433,257.7886,257.2245,253.1792,245.8524,233.2770,236.4113,311.3883,306.7862,263.3962,236.5352,239.7168,242.2443,242.4689,243.1215,243.7095,243.9822,243.5243,243.1511,298.8905,241.5293,241.8440,239.7785,236.5298,235.1378,285.8153,281.7733,260.5606,0.0000,294.9695,299.8864,243.2810,238.3799,263.2856,243.0877,242.8618,247.0135,251.9251,252.4573,238.1986,242.6562,261.8684,306.8450,244.6124,241.8319,240.5629,246.4481,261.4449,239.6880,257.1077,256.1181,242.8598,243.5078,236.0558,245.2810,248.1948,308.8696,248.8798,242.8142,242.8573,234.8565,231.3858,233.8347,289.7376,238.0928,248.8963,243.3632,243.5642,243.8826,248.6339,239.2305,240.3974,236.4922,235.5252,256.0643,235.5301,235.4167,233.5178,251.7619,252.6636,311.4306,311.4306,305.8420,237.4527,247.9965,230.1108,241.0072,237.4597,238.6617,238.7890,249.0993,0.0000,245.7911,237.0041,258.3284,258.2827,238.9728,238.3216,308.2989,244.9038,241.6185,258.7041,251.5265,244.5584,251.7612,286.7822,257.2804,271.2896,294.6106,336.4197,313.5708,292.3960,235.2023,259.4479,259.0535,256.1395,263.0578,253.6233,241.5329,246.8942,247.1303,284.5081,293.3391,245.3518,257.0495,258.8130,258.9033,257.9657,256.0643,258.7684,258.4646,259.5719,258.9223,258.5439,254.9484,241.5293,235.1418,238.7911,0.0000,242.4028,242.7265,242.4030,236.6804,236.6045,239.0231,239.4891,244.1654,313.1937,237.5842,243.7372,243.0448,243.9201,242.3692,246.1665,256.8330,236.5248,242.3692,250.2801,251.6952,307.8565,308.6095,316.2699,249.0993,256.4412,249.0993,255.3902,253.4585,238.9319,241.3676
40.0000,262.4057,237.4924,237.9090,237.3691,231.2057,241.9925,240.4019,291.2292,243.2028,296.5710,280.2682,294.0446,242.3894,252.6719,235.1042,235.1115,241.7904,239.8095,245.1250,234.8291,239.2936,238.8299,239.0161,238.1012,243.8171,246.4944,246.9231,258.4644,296.6092,237.1512,237.8792,238.1532,297.8741,264.1649,262.4782,287.3992,242.6599,258.8146,242.9492,263.2976,281.1438,276.0056,279.8385,282.7525,301.3203,247.8627,258.4147,257.3854,231.8935,261.1640,259.1669,255.8609,261.8951,255.5223,262.8309,258.0983,239.1403,261.1871,241.9295,257.1526,254.1510,254.4725,259.5402,259.9331,252.4944,253.8948,254.3280,260.1823,256.2281,257.4382,263.9053,258.6859,258.2440,254.1850,246.8355,233.2770,236.3708,297.2222,293.3987,260.1511,237.0112,240.1219,242.7485,242.9110,243.5986,244.1589,244.4994,244.0362,243.5940,288.5319,242.3990,242.3987,240.8102,237.3224,235.6547,276.6576,274.3560,258.2505,0.0000,282.0516,287.0073,243.7550,238.5782,262.3640,244.1098,243.8539,248.0182,252.9372,253.4634,238.1305,243.4971,262.8054,293.3277,245.3931,241.2107,240.2123,246.7960,260.5435,240.1737,257.9424,257.1286,243.4000,244.1191,236.1314,246.2124,248.5436,296.1265,249.8958,243.7316,243.7749,234.8378,232.0507,233.8347,280.9610,238.3826,249.6877,243.7128,244.0831,244.3915,249.5606,238.7204,239.8973,237.0693,235.9661,257.0788,235.8041,236.2005,234.1889,252.7722,253.6569,300.3982,300.3983,295.1004,237.7044,248.9110,230.6751,241.3920,237.9057,239.5545,239.2697,250.1185,0.0000,246.7914,237.3609,259.0486,259.0651,239.4583,238.8794,295.1788,245.7853,242.4883,259.1511,251.5265,245.5904,251.7844,285.8388,255.9763,270.0771,289.5054,324.0938,298.3285,283.1627,235.4698,260.2499,259.8550,257.0503,262.7886,254.6557,240.9585,246.2983,246.5085,282.2750,288.5923,244.6723,258.0102,259.8419,259.9201,258.9738,257.0788,259.7971,259.4912,260.6090,259.9420,259.6287,255.9587,242.3990,235.6588,239.2716,0.0000,243.0261,243.2308,243.0262,237.3393,237.3822,239.9377,239.8089,245.0733,298.6089,237.8803,244.7751,244.0768,244.9211,242.9924,246.4914,257.9092,236.9696,242.9924,248.8030,252.4576,294.1894,294.8196,300.8429,250.1185,257.3703,250.1185,256.5009,254.4552,239.3052,242.2790
41.0000,262.4057,237.4599,237.8622,237.4161,231.2920,242.0501,240.4854,291.2292,243.2317,296.3198,280.0364,293.7221,242.4533,252.6719,235.2049,235.1441,241.9341,239.9084,245.5452,234.9811,239.3427,238.8667,239.0205,238.1681,243.8698,246.6132,247.0543,258.3979,296.4448,237.1283,237.8582,238.0986,297.8741,264.0453,262.4209,287.1342,242.6918,258.8023,242.9842,263.2726,280.6010,275.7862,279.6235,282.1630,301.2893,247.9692,259.3997,258.4297,231.9938,261.4934,259.4337,255.7676,262.5422,256.0282,262.8351,257.9624,239.1693,261.4430,242.0275,257.9106,254.7218,255.0742,259.8731,260.2560,252.9753,254.3816,254.8212,260.8983,256.7174,257.8281,264.3505,259.2342,258.7824,254.7562,247.0696,233.2770,236.3465,297.0479,293.2179,260.1080,237.0351,240.2408,242.7809,242.9489,243.6246,244.1836,244.5335,244.0592,243.6247,288.3773,242.4089,242.4355,240.8571,237.3841,235.6951,276.4488,274.2162,258.1363,0.0000,281.7817,286.7465,243.7854,238.6526,262.2349,244.5275,244.2429,248.4665,253.4632,254.0124,238.1106,243.4776,263.2307,293.1368,245.3772,241.3074,240.4794,246.9701,260.3952,240.2052,257.8219,257.8585,243.4241,244.1510,236.1208,246.3412,248.5744,295.8640,250.3700,243.8504,243.8937,234.8355,232.1851,233.8347,280.8190,238.3549,249.7765,243.7445,244.1002,244.3871,249.6417,238.7519,239.9437,237.1751,236.0717,257.8141,235.8503,236.3621,234.3246,253.2668,254.1440,299.9106,299.9107,294.7576,237.6830,248.7961,230.5364,241.4868,237.9661,239.6064,239.3013,250.5900,0.0000,247.2120,237.4074,259.3233,259.3720,239.4895,238.9378,294.9376,245.7298,242.4977,259.1119,251.5265,246.0069,251.7824,285.0630,255.9399,269.8257,288.8640,323.0091,298.3174,283.0183,235.4947,260.5451,260.1632,257.5049,262.6500,255.1362,241.0541,246.4164,246.6271,281.7958,287.9638,244.7594,258.8770,260.8285,260.9094,259.8512,257.8141,260.7813,260.2125,261.3278,260.9314,260.6845,256.6664,242.4089,235.6991,239.3031,0.0000,243.2543,243.2596,243.2544,237.4482,237.4900,239.9795,239.8459,245.4344,298.4894,237.8594,245.2110,244.5033,245.3730,243.2206,246.5138,258.5150,237.0696,243.2205,248.8268,252.7567,294.0058,294.6423,300.8151,250.5900,258.2181,250.5900,256.8933,254.9455,239.3774,242.3857
42.0000,262.4057,237.4907,237.8766,237.5162,231.3809,241.9157,240.3405,288.2547,243.3816,292.7313,276.7205,290.0902,242.7149,252.6719,235.3581,235.2533,242.0833,240.0281,246.1345,235.0141,239.4028,238.8016,239.0205,238.2785,243.6776,246.4202,246.8655,257.6916,292.6975,237.1665,237.9684,238.2430,294.1955,263.8793,262.1905,283.5566,242.8439,258.1655,243.1537,263.2502,280.1164,273.0399,276.4674,281.6367,297.5394,247.9781,260.2161,259.2868,232.2097,261.9594,259.8259,255.4726,263.6230,256.6587,262.9067,257.6411,239.2434,261.8279,242.0458,258.3370,255.3816,255.7463,260.3292,260.7028,254.3355,255.0170,255.4821,261.6299,257.3025,258.3423,264.9877,259.8292,259.2853,255.4158,247.3351,233.2770,236.3548,293.2879,289.5090,259.1878,237.0351,240.3610,242.9327,243.0834,243.7620,244.3091,244.6869,244.2142,243.7533,285.4539,242.6572,242.6214,241.1800,237.6458,235.8643,273.8031,272.0792,257.4412,0.0000,278.0466,283.0562,243.9483,238.7428,261.9960,245.1083,244.7987,249.1123,254.1153,254.6698,238.1208,243.7069,263.8185,289.4075,245.5899,241.1658,240.3575,247.1091,260.0091,240.3516,257.5372,258.5805,243.5998,244.3374,236.1473,246.4041,248.6768,292.2690,251.0550,243.9034,243.9467,234.8365,232.4837,233.8347,278.3159,238.4556,249.9699,243.8530,244.2615,244.5477,249.5815,238.5682,239.7890,237.5107,236.5405,258.5407,235.8683,236.7229,234.6259,253.8973,254.7799,296.5441,296.5442,291.5794,237.7758,248.9231,230.9826,241.2399,237.9613,239.8956,239.4467,251.2837,0.0000,247.8443,237.5067,259.7245,259.8127,239.6389,239.1230,291.2807,245.9131,242.7453,259.2868,251.5265,246.6033,251.7915,284.6523,255.5522,269.4390,287.6953,318.9669,294.6229,280.3930,235.5892,260.9674,260.5983,258.0702,262.5952,255.9995,240.9108,246.2502,246.4351,280.9126,286.8302,244.6129,259.6182,261.6368,261.7218,260.6458,258.5407,261.5888,260.9383,262.0611,261.7443,261.4874,257.3760,242.6573,235.8683,239.4484,0.0000,243.5340,243.4096,243.5342,237.7722,237.8308,240.2657,239.9352,245.9198,294.7330,237.9696,245.8477,245.0911,245.9829,243.5003,246.6223,258.9944,237.2096,243.5002,248.4139,253.1862,290.2718,290.9124,297.0741,251.2837,258.9568,251.2837,257.8422,255.5737,239.5111,242.4188
43.0000,262.4057,237.2670,237.6278,237.3293,231.4173,241.7843,240.2215,290.2040,243.0191,294.8020,279.0699,292.1493,242.2552,252.6719,234.8152,234.8173,241.5815,239.5894,245.5403,234.4705,239.1320,238.6292,238.8296,237.9579,243.6232,246.3491,246.7900,258.2189,294.9941,236.9623,237.6816,237.9101,296.4046,263.6303,262.1160,285.7910,242.4716,258.3799,242.7768,263.2092,279.2318,274.5360,278.8899,280.6760,299.6732,247.7467,259.4396,258.5869,231.7266,260.8895,258.8096,255.8591,262.4636,255.6565,262.2284,257.8561,238.9408,260.5035,241.7867,256.9873,254.5133,254.9028,259.1367,259.4522,253.2332,254.1108,254.5307,260.7024,256.2656,257.1634,263.8666,258.7232,258.0880,254.5471,246.7589,233.2770,236.3005,295.5572,291.7640,259.6457,237.0351,239.9136,242.5587,242.7162,243.4051,243.9520,244.2665,243.8124,243.3911,287.0457,242.1022,242.2342,240.7167,237.2664,235.6197,275.0996,273.2597,258.1687,0.0000,280.6150,285.4374,243.5300,238.4294,261.6572,244.5071,244.1975,248.3483,253.2549,253.8058,238.0818,243.1088,262.7242,291.7026,244.9349,241.0042,240.0228,246.3447,259.4915,240.1610,257.7401,257.7249,243.1999,243.9367,236.0353,246.0841,248.4493,294.3375,250.2188,243.5927,243.6360,234.8217,231.9592,233.8347,279.6861,238.1472,249.5257,243.4918,243.8512,244.1283,249.3957,238.3728,239.6310,236.8264,235.3979,257.6835,235.8466,236.1614,234.0966,253.0357,253.8811,297.3989,297.3990,292.7662,237.5091,248.0481,230.6102,240.1965,237.1903,239.4716,239.2156,250.4419,0.0000,247.1909,237.3231,258.6985,258.7187,239.3958,238.9114,293.4437,245.1869,242.1871,258.8213,251.5265,245.9898,251.7673,282.8750,255.8350,268.8621,288.6073,318.4452,296.8337,281.8273,235.2119,259.7076,259.3992,257.0320,261.9968,254.9465,240.7760,246.1132,246.3610,280.0012,287.4994,244.5625,258.9791,260.8405,260.9254,259.8245,257.6835,260.7924,260.0197,261.1268,260.9472,260.7068,256.5455,242.1023,235.6238,239.2177,0.0000,243.0374,243.0458,243.0376,237.1754,237.2557,239.8140,239.5670,245.3204,297.0071,237.6829,245.3331,244.4943,245.4036,243.0375,246.3814,257.7503,236.7078,243.0375,248.5147,252.1201,292.5656,293.2032,299.2201,250.4419,258.3259,250.4419,256.8362,254.6574,239.0222,242.1419
44.0000,262.4057,237.1999,237.5254,237.5119,231.6940,241.1358,239.3932,271.2721,243.1026,274.3296,260.3313,271.6418,242.5392,249.0814,235.8369,235.0154,244.0308,242.4362,246.0898,234.2508,238.9767,237.3497,238.0048,238.0464,242.8246,245.7690,246.3329,251.7827,274.3147,236.9175,237.7893,237.9920,276.4789,263.0810,260.9314,265.6449,242.5166,254.2486,242.7358,263.1428,277.8066,258.6561,261.0173,279.1280,279.3612,247.4432,259.0894,258.2683,232.2019,260.3560,258.3379,255.4578,261.8704,255.2938,261.4139,257.2388,240.7846,259.8127,241.5389,256.0203,254.3619,254.7445,258.5939,258.8694,252.7073,253.8959,254.2639,260.4192,255.9839,256.8017,263.3329,258.2876,257.4090,254.3952,246.7094,233.2771,236.1584,274.7970,271.2224,253.5696,237.0351,242.7281,242.6013,242.7015,243.4475,243.9376,244.3084,243.8602,243.3695,269.5953,242.8150,242.3570,241.7690,238.0254,236.1186,259.7183,260.4995,251.7991,0.0000,259.6142,264.7193,243.4230,238.4642,260.9097,244.9217,244.6250,248.4653,253.1455,253.6772,238.0181,243.7670,262.2061,271.0136,245.4446,239.7987,238.7645,245.8880,258.3405,240.5706,257.0845,257.4821,243.2769,244.0451,235.9949,245.8304,246.5874,273.8910,250.2025,243.3470,243.3902,234.7620,232.5760,235.7658,264.7873,238.2279,248.0638,243.2623,243.8939,244.1394,248.9565,237.6370,238.9478,237.5159,236.4102,257.4429,235.8480,236.8765,234.7193,252.9266,253.6811,278.5224,278.5224,274.5101,237.5800,248.3956,231.4798,240.5316,237.9276,240.3717,239.5509,250.4232,0.0000,247.6705,237.5049,258.2236,258.1976,239.7250,239.3585,272.8855,245.6958,242.8947,258.6818,251.5265,246.5281,251.7600,280.3576,250.6852,267.8338,285.7545,296.7382,276.7769,266.1991,235.3713,259.0895,258.8275,256.6904,261.1737,254.5337,239.9174,245.3435,245.7758,277.8810,284.7380,243.7707,258.7108,260.4782,260.5649,259.5434,257.4429,260.4314,259.7273,260.8358,260.5853,260.3720,256.3310,242.8150,236.1226,239.5528,0.0000,244.9023,243.1279,244.9023,237.8596,238.0857,240.6989,241.8346,246.2655,276.4165,237.7907,245.9248,244.9102,245.9805,244.9023,245.0619,256.9828,238.4493,244.9023,246.1200,251.6310,271.8800,272.5692,278.9489,250.4232,258.0545,250.4232,256.7464,254.4328,238.9681,241.9041
45.0000,259.9819,236.7068,236.9990,237.0905,231.6571,240.4227,238.8117,269.5889,242.3337,272.3703,258.9137,269.8055,242.0625,248.1456,235.4535,234.5507,244.0607,242.6669,245.4365,233.6570,238.5556,237.7010,238.0048,237.5768,242.0037,244.7135,245.2146,250.8224,272.1706,236.4472,237.2239,237.3987,274.1562,260.5199,258.6894,264.0218,241.7457,252.9472,241.9879,260.6624,274.1782,257.0925,259.5971,275.3960,276.8812,246.4263,258.2418,257.4624,231.7084,259.7358,257.8240,254.3123,260.8530,254.3197,260.1150,255.8365,240.8484,258.9463,240.5486,254.5009,253.5140,253.8999,257.7718,258.0221,251.6557,253.0258,253.3559,259.4976,255.0218,255.7546,262.5525,257.2754,256.1920,253.5474,245.9177,233.0264,235.7908,272.6150,269.3056,252.3711,237.0351,243.0940,241.8283,241.9397,242.6618,243.1325,243.4808,243.0545,242.5829,267.9587,242.0202,241.6288,241.0875,237.4439,235.6553,258.1880,259.0328,251.0831,0.0000,258.2224,263.1242,242.6510,237.9670,258.4459,244.2495,243.9626,247.7128,252.3081,252.8364,238.0266,242.9369,261.4230,269.0964,244.5518,239.3690,239.6315,243.8505,256.0568,239.9963,255.6591,256.6184,242.4971,243.2163,235.6049,244.8646,245.7043,271.9514,249.4088,242.3818,242.4248,234.4556,232.0405,234.9688,263.2574,237.6375,247.0534,242.4844,243.0864,243.3217,247.8491,236.8676,238.2135,236.9424,235.8394,256.5834,235.5271,236.3012,234.1789,252.0856,252.8164,276.7202,276.7203,272.7590,237.0377,247.2186,231.3045,239.5008,237.2728,239.7480,239.0205,249.6293,0.0000,246.9786,237.0844,257.7111,257.6311,239.1938,238.9018,270.9369,244.6817,242.0952,258.4046,251.5265,245.8635,251.7456,278.1071,249.7305,264.8923,281.1987,293.2224,274.4456,264.6425,234.9764,258.2733,258.0495,255.8310,260.3568,253.5215,239.3763,244.5353,244.7284,274.1177,280.2763,242.9611,257.8672,259.6187,259.7060,258.7104,256.5834,259.5721,258.8098,259.9124,259.7254,259.5070,255.4823,242.0202,235.6593,239.0225,0.0000,244.7104,242.3577,244.7104,237.2758,237.4972,240.0333,241.9579,245.7255,274.1552,237.2255,245.2692,244.2398,245.3266,244.7104,244.2455,255.6729,238.3074,244.7104,245.1851,251.6309,269.9049,270.5415,276.4927,249.6293,257.2212,249.6293,255.9454,253.5631,238.1560,240.9256
46.0000,255.6602,233.4932,233.7449,234.2179,229.2580,237.9656,236.4523,264.2086,238.9892,266.8136,254.4408,264.4797,238.7482,244.5669,232.6598,231.9420,240.8259,239.4884,242.6639,230.3812,235.9236,235.1488,235.4510,234.8740,239.6201,242.3100,242.7746,247.1269,266.5717,233.2553,234.0592,234.2079,268.4321,256.1659,254.5617,259.1489,238.4074,249.5560,238.6950,256.2873,268.7227,252.6370,255.1127,269.8428,271.0337,243.4653,255.7910,255.0760,229.1560,258.3629,256.7470,251.2411,258.9149,251.7366,257.2976,252.5503,237.6540,257.2721,237.6424,251.6485,250.9843,251.3787,256.0005,256.2498,249.8129,250.5040,250.8188,256.8819,252.3515,252.9762,260.6730,254.6027,253.4383,251.0175,243.2057,229.9121,232.4567,266.9481,263.9937,248.8320,234.3781,239.8705,238.4860,238.6055,239.2951,239.7383,240.0694,239.6754,239.2145,262.8377,238.7028,238.3677,237.8460,234.3220,232.5385,253.7520,254.6512,247.3514,0.0000,253.7757,258.3139,239.2923,235.2156,254.3013,241.5404,241.2472,245.0934,249.7591,250.2960,235.6461,239.5731,259.5226,263.7940,241.1305,237.0662,236.8968,240.6498,252.2989,236.8654,252.3672,254.0825,239.1660,239.8353,232.4263,241.9873,242.2319,266.4443,246.8301,239.5179,239.5604,231.2222,229.6358,233.8347,258.5300,234.4487,243.4899,239.1255,239.7137,239.9466,244.8036,234.3894,235.7550,234.4704,234.0236,254.0522,232.6693,233.7085,231.6190,249.5364,250.2899,270.9741,270.9742,267.2831,233.8664,243.5599,228.8505,236.2127,234.2585,236.6119,235.9466,247.0470,0.0000,244.2062,234.2077,256.6270,256.4124,236.1079,235.8271,265.5033,241.1921,238.7738,257.9594,251.5265,243.0864,251.7223,276.1229,246.0838,260.2118,275.2511,285.8607,268.7166,259.8006,232.4023,256.6095,256.4209,253.6682,259.6567,251.1501,237.0016,242.1314,242.3248,268.7513,274.4074,240.5700,255.3935,257.1384,257.2244,256.1918,254.0522,257.0918,256.2009,257.2942,257.2449,257.0210,252.9723,238.7028,232.5425,235.9484,0.0000,241.6004,239.0120,241.6004,234.6456,234.7885,236.8162,238.7496,242.8114,268.4617,234.0608,242.4848,241.5325,242.5459,241.6004,240.8481,252.8889,235.3622,241.6004,242.4518,251.6309,264.5254,265.0989,270.6641,247.0470,254.7442,247.0470,253.2637,251.0404,234.9227,238.0306
47.0000,259.9704,232.9140,233.1285,233.8677,229.2474,237.8634,236.2087,262.5768,238.3221,264.9583,253.2766,262.7570,238.0777,243.9140,232.4279,231.7697,240.4525,239.1429,242.4072,229.5675,235.7091,234.8315,235.1699,234.6345,239.5824,242.2520,242.7298,246.5124,264.7486,232.6970,233.4982,233.6245,266.4842,259.3823,257.5879,257.7644,237.7414,249.9509,238.0772,260.5682,272.4083,251.7653,253.9322,273.4746,268.9780,242.8207,255.5587,254.8477,229.0320,259.0579,257.1624,250.2973,259.4860,251.5784,257.4338,251.5522,237.2043,257.4132,237.0138,251.1849,250.8095,251.1941,256.1499,256.3966,249.8129,250.4037,250.6960,256.7075,252.1355,252.7411,261.9343,254.3660,253.1546,250.8427,242.8863,229.3807,231.9174,265.0884,262.3588,248.6981,234.2814,239.5785,237.8174,237.9418,238.6089,239.0303,239.3655,238.9887,238.5253,261.4822,238.0286,237.7696,237.2641,233.7929,232.0090,253.0588,253.9195,246.7483,0.0000,252.6155,256.9567,238.6310,234.9517,256.7760,241.3016,241.0043,244.8865,249.5887,250.1212,235.6485,238.8643,260.7005,262.1573,240.3900,236.7711,236.6237,240.0971,253.3170,236.3532,251.4356,253.8838,238.5167,239.1572,231.8692,241.4339,241.5742,264.6102,246.6361,238.9554,238.9978,230.6848,229.6358,233.8347,257.5082,233.8640,242.7500,238.4495,239.0321,239.2587,244.0903,234.2203,235.6250,234.4018,234.4034,253.8589,232.3187,233.5691,231.4987,249.3902,250.1839,269.2072,269.2073,265.6937,233.3062,242.5263,228.9734,235.5152,233.8397,236.0959,235.4736,246.8513,0.0000,243.9120,233.8548,257.0453,256.8245,235.6259,235.3639,263.7833,240.3347,238.0952,258.1325,251.5265,242.8346,251.7314,274.4316,245.4431,263.4117,278.5677,282.8536,266.7644,258.6820,232.2557,256.7788,256.6285,253.6699,259.0455,250.9986,236.7612,241.9844,242.2642,271.8819,277.6725,240.5258,255.0941,256.9064,256.9921,255.9894,253.8589,256.8600,256.0004,257.1201,257.0117,256.7843,252.7746,238.0286,232.0130,235.4753,0.0000,241.2554,238.3442,241.2555,234.4713,234.5652,236.2322,238.3351,242.5109,266.5580,233.5000,242.2178,241.2946,242.2764,241.2555,240.2172,252.5499,235.0857,241.2555,242.3852,251.6309,262.8409,263.3738,268.6249,246.8513,254.4320,246.8513,253.0169,250.9373,234.2652,237.4201
48.0000,256.0049,230.5418,230.7281,231.6103,227.1651,235.3787,233.9009,257.7994,235.6962,259.8265,249.3194,257.8536,235.6437,240.8521,231.0521,230.3279,238.4385,237.1615,240.7594,227.0255,233.3465,231.8902,232.4217,232.5135,236.8805,239.5872,240.0570,243.2635,259.0263,230.3450,231.0936,231.1985,259.6844,255.5019,253.7883,253.3659,235.1316,246.6218,235.5156,256.5606,267.5559,247.7559,249.9695,268.5459,262.0545,241.0277,254.2277,253.5211,227.9659,258.3740,256.6191,247.9751,258.9937,250.3119,255.6322,249.1338,235.0907,256.5180,235.2268,249.6727,249.5272,249.9087,255.2266,255.4666,249.8129,249.1496,249.4749,255.3577,250.8320,251.4314,261.0010,253.0801,251.7148,249.5602,241.4254,227.1663,229.5331,259.3280,257.2025,245.3283,232.0670,237.5530,235.2063,235.3981,235.9339,236.3119,236.6879,236.3343,235.8852,256.9230,235.4978,235.2455,234.7646,231.4744,229.7286,249.0371,249.9499,243.4997,0.0000,248.6845,252.5864,236.0422,232.8529,253.0023,239.7330,239.4278,243.4649,248.2830,248.8256,233.5586,236.2929,259.7306,256.9961,237.7688,234.3790,233.4937,237.3388,249.7253,233.9283,249.0401,252.5678,235.9257,236.5294,229.5564,239.7222,238.6808,259.5148,245.2809,237.2317,237.2738,228.4011,229.1838,230.9190,253.2706,231.4353,239.6297,235.8529,236.3863,236.5976,242.2446,232.2364,233.4565,232.5959,232.5974,252.5427,230.0729,232.3323,230.3994,248.0851,248.9220,264.1058,264.1059,260.8237,230.9144,239.7317,228.1639,233.6564,232.2760,233.7246,233.1047,245.4949,0.0000,242.1786,231.5942,256.4972,256.1982,233.2515,233.0258,258.6323,237.6725,235.5596,257.9207,251.5265,241.1586,251.7203,272.7042,242.2757,259.5126,274.9615,276.5061,260.0546,254.3528,230.7192,255.9002,255.7765,252.5677,258.4019,250.1360,234.3985,239.4345,239.6026,268.2447,274.0472,237.8211,253.7840,255.5688,255.6534,254.6565,252.5427,255.5228,254.6440,255.7663,255.6737,255.4447,251.4748,235.4979,229.7325,233.1062,0.0000,239.3420,235.7173,239.3420,232.6909,232.7859,233.7847,236.2588,240.7551,260.4434,231.0955,240.5548,239.7260,240.6221,239.3420,237.4730,251.0878,233.4714,239.3420,239.4803,251.6309,257.5365,257.9398,261.7355,245.4949,253.1263,245.4949,251.6248,249.6805,231.7495,235.6542
