"ETAPA \ BARRA","AGUAYTIA 220","BALNEARIO 220","BALNEARIOS 60 A","CALLAHUANCA 220","CALLAHUANCA 60","CARHUAMAYO 220","CARHUAMAYO NUEVA 138","CARHUAQUERO 220","CHAVARRIA 220 A","CHICLAYO OESTE 220","CHIMBOTE 220","GUADALUPE 220","HUACHIPA 60","HUACHO 220","HUANCAVELICA 220","HUAYUCACHI 220","ICA 220","INDEPENDENCIA 220","MARCONA220","MOYOPAMPA 60","OROYA NUEVA 220","OROYA NUEVA 138","OROYA NUEVA 50","PACHACHACA 220","PARAGSHA2 220","PARAGSHA 138","PARAGSHA 50","PARAMONGA NUEVA 220","PIURA OESTE 220","SAN JUAN 220","SANTA ROSA 220 A","SANTA ROSA EDS 60","TALARA 220","TINGO MARIA 138","TINGO MARIA 220","TRUJILLO 220","VENTANILLA 220","VIZCARRA 220","ZAPALLAL 220","AGUAYTIA 138","PUCALLPA 138","HUALLANCA 138","CHIMBOTE 138","PUCALLPA 60","ZORRITOS 220","ABANCAY NUEVA 138","ARICOTA138","ARICOTA II 66","CAMPO ARMINO 220","AYAVIRI138","AZANGARO 138","CACHIMAYO 138","CALLALLI 138","CERRO VERDE 138","COMBAPATA 138","DOLORESPATA 138","DESIERTO220","JULIACA 138","MACHUPICCHU 138","MOLLENDO 138","MOQUEGUA 220","MOQUEGUA 138","PUNO 220","PUNO 138","SANTUARIO 138","SOCABAYA 220","SOCABAYA 138","ILO 138","LOS HEROES 220 A","LOS HEROES 66","TINTAYA 138","TOMASIRI 66","REPARTICION 138","ILO2 220","COTARUSE 220","CHILCA REP 220","CANTERA 220","PIURA OESTE 60","LA NINA 220","CONOCOCHA 220","HUINCO 220","INDEPENDENCIA 60","CHILLON 220","CHILLON 60","CHAVARRIA 60 A","CHAVARRIA 60 B","BARSI 60","BARSI 220","OQUENDO 60","CAJAMARCA 220","PLANICIE 220 A","CARABAYLLO 220","CARABAYLLO 500","CHILCA CTM 500","CHILCA CTM 220 A","KIMAN AYLLU 138","KIMAN AYLLU 220","PARAMONGA EXISTENTE 138","MACHALA 200","CHIMBOTE 500","TRUJILLO 500","HUARANGAL 60","POMACOCHA 220","PIEDRA BLANCA 138","POROMA 220","POROMA500","OCONA 500","MONTALVO 500","MONTALVO 220","HUANZA 220","INDUSTRIALES 220 A","TINTAYA 220","LA NINA 500","INDUSTRIALES 60","CARHUAMAYO 50","CARIPA138","HUAMPANI 60","HUANUCO 138","REFINERIA ZINC 220","QUENCORO 138","ILO 3 220","MIRADOR 220","MIRADOR 60","ALTO PRADERA 220","ABANCAY NUEVA 220","LOMERA 220","REQUE 220","SAN JOSE 500","SANTA TERESA 220","SURIRAY 220","ASIA 220","CERRO DEL AGUILA 220","CHAGLLA 220","RAMADA 220","SANTA ROSA LDS 60","LOMERA 60","ZAPALLAL 60","MALVINAS 220","MALVINAS 60","ABANCAY 138","YAUPI 138","SANTA ISABEL 220","YANANGO 220","CHIMAY 220","ILO3 138","MATUCANA 220","COLCABAMBA 500","COLCABAMBA 220","YARABAMBA 500","YARABAMBA 220","BELAUNDE 220","BELAUNDE 138","CACLIC 220","INDUSTRIALES 220B","PLANICIE60","COBRIZAI 69","MOLLEPATA 60","MOLLEPATA220","CARAPONGO 500","CARAPONGO 220 A","SAN JOSE 220","MARCONA 60 A","SAN NICOLAS 60","CALLAHUANCA EDN 220","PUMIRI138","PUMIRI220","SAN MIGUEL 220","SAN MIGUEL 60","FELAM 220","MANCHAY 60","MANCHAY 220","SAN RAFAEL 138","SAN GABAN 138","MARCONA 60 B","ANGEL 138","PTO MALDONADO 138","MEDIO MUNDO 220","AUCAYACU 138","BELLAVISTA 138","TARAPOTO 138","PARINAS 220","PAMPA HONDA 220","ORCOTUNA 220","SAN ROMAN 138","SAN ROMAN 220","CHILOTA 220","MAZUCO 138","JESUS 138","CARHUAMAYO 138","CINCO MANANTIALES 138","OXIDOS CERRO 138","TOCACHE 138","JUANJUI 138","FRANCOISE 220","BOTIFLACA 138","MILL SITE 138","PLAZA TOQUEPALA 138","QUEBRADA HONDA 138","PANAMERICANA SOLAR 138","TOQUEPALA 138","ILO ELS 138","REFINERIA 138","LIXIVIACION 138","PUSHBACK 138","INTIPAMPA 138","PLANICIE 220 B","CHILCA CTM 220 B","CARAPONGO 220 B","CHILCA 1 220","DERIVACION 220","CHAVARRIA 220 B","DERIVACION 220  BARRA II","CAMPAS 220","CAMPAS 500","PLANICIE 500","NUEVA CHINCHA 220","CAHUACHI 220","VALLE DEL CHIRA 220","SANTA ROSA 220 B","ERSUR 220","FLAMENCO220","BARRA3HERMANAS","BARRAPTALOMITAS","PUERTO CHANCAY 220","CHAPARRAL 138","CHIRIBAMBA 220","BARRAPTALOMITAS2","YSHCAYUCRO 220","PAQUILLUSI 220","MIGUEL GRAU 500","MIGUEL GRAU 220","ALIPIO ROSALES 220","SUNNY","CUAJONE 138","SAN MARTIN 220","SAN LUIS 220","CERRO VERDE 220","PORTILLO 60"
1.0000,242.3168,254.7513,255.2322,249.1585,241.5514,239.5153,238.8733,258.7348,256.6737,265.8180,259.6962,265.0054,256.7531,250.8365,240.9403,237.4990,248.7436,250.0001,245.1190,254.3401,244.0851,240.6887,242.1543,245.8289,239.4400,241.9772,242.3734,251.6481,267.2479,254.5095,255.5826,256.0622,267.3101,243.1667,243.8721,262.6225,256.5192,247.4333,254.8285,242.7456,251.2016,247.7561,260.2955,251.9623,269.6660,236.8156,248.9643,247.8508,236.9348,239.8527,234.3663,241.9838,251.3808,247.5954,246.5222,242.8100,252.7319,240.2620,230.9174,248.3678,245.1111,245.4556,240.7370,240.9721,247.5837,246.0010,246.6422,250.6306,246.7253,247.6194,250.1368,249.4576,249.3105,245.1476,239.4652,252.7698,252.4774,267.5473,265.3718,248.4013,251.5858,251.2877,256.5821,256.7600,257.0685,257.4852,256.9559,256.6744,257.1789,259.8481,255.3576,254.4692,253.8738,252.6961,252.7695,250.1974,252.5411,251.7503,0.0000,259.7695,262.1193,255.6946,246.9402,243.2127,245.4088,245.6260,244.2748,244.0980,244.5271,250.1814,256.1528,248.5071,265.2877,257.5032,239.2860,239.2439,251.3038,244.9421,255.0866,242.6494,247.6086,255.5995,256.0563,254.2655,235.0028,252.8006,265.6916,243.4506,231.1653,231.2255,253.1798,237.9266,228.4402,256.0064,255.9169,253.5338,256.7032,256.5159,256.8158,238.1102,234.0582,236.0771,245.6572,243.5221,247.5769,246.8869,242.9369,240.2208,245.1776,245.8711,266.2741,267.7421,263.3970,255.3218,259.2475,236.9462,243.7546,242.1883,252.5931,254.2691,243.6191,0.0000,244.9920,249.2371,234.6365,236.8954,254.3991,254.3244,265.7677,257.2571,255.4217,221.8743,204.9120,245.3535,205.1829,221.6282,251.3875,248.3370,272.3803,274.9984,267.3977,257.1414,237.4990,240.1893,239.7628,243.1609,210.3094,247.4561,239.2988,243.2652,242.0382,259.7667,270.5078,240.1379,249.2942,250.7855,250.8607,249.7690,247.5769,250.7376,249.8134,251.0361,250.8795,250.6868,246.9307,255.3576,252.7681,254.2709,0.0000,244.5803,255.9436,244.5799,246.2511,246.7159,253.8282,252.0258,245.5443,268.4153,255.5805,243.5983,245.3832,244.1353,242.5558,253.3610,249.0212,244.5180,242.0548,242.1959,224.5653,265.7943,266.2479,269.3038,243.6191,248.6811,243.6191,246.4461,246.4721,254.6662
2.0000,290.9219,308.7700,309.3367,302.0135,292.8517,290.1069,289.4603,312.5401,310.9681,321.1111,314.1642,320.2350,310.9995,303.6132,292.8259,288.4783,302.7967,303.8921,298.9489,308.2293,295.9431,292.0232,293.7095,298.1311,289.9080,292.9893,293.4439,304.4825,322.8696,308.4906,309.7035,310.2661,322.8593,292.3581,293.3782,317.5502,310.7830,299.0346,308.7946,291.4203,301.2457,299.5219,314.8520,302.1295,325.5874,288.4382,305.0217,303.6758,287.8457,293.4983,286.7884,294.6857,307.3692,302.6809,300.8077,295.6579,306.9453,294.0728,281.2646,297.9676,300.2744,300.7056,294.6897,294.9807,302.5776,301.1125,301.8184,307.1064,302.2211,303.2884,306.0737,305.6392,303.5778,300.3191,291.7218,306.4945,306.5122,323.2065,320.7153,300.3603,304.8631,305.4378,310.8562,311.0728,311.4327,311.9205,311.3658,311.0017,311.5625,313.9334,309.5181,308.3943,307.7236,306.4079,306.4941,302.4421,305.2411,304.6032,0.0000,314.2812,316.9745,309.8005,299.4794,292.7261,299.2920,299.5150,299.0851,299.0015,299.5615,303.1978,310.4586,304.0940,320.6176,312.0755,290.0197,290.3272,304.4849,295.4376,309.0943,295.4743,303.3463,309.7250,310.2606,308.2388,286.2432,306.1283,320.9752,298.6292,281.5676,281.6409,307.1242,289.1040,276.5896,309.3632,310.1043,306.9389,310.9961,310.8108,311.1412,289.9984,283.4684,285.9306,298.1811,295.5895,303.3049,299.2566,295.2323,291.8917,300.0923,300.9539,321.1276,322.8369,317.9177,309.4086,314.0669,286.9943,296.7337,294.4451,306.2579,308.1146,298.8130,0.0000,298.7340,302.1053,287.1242,289.8976,308.2660,308.1748,321.1355,311.7521,309.5923,271.3942,250.5479,299.2509,250.8843,270.1910,304.2159,298.5502,327.5594,330.7002,322.9674,310.7135,288.4783,294.0020,293.4653,297.7686,256.8844,302.6584,289.9847,294.6791,293.0671,312.3205,325.2907,290.7420,305.4745,307.2438,307.3346,305.9958,303.3049,307.1851,306.0726,307.6048,307.3582,307.1443,302.5150,309.5181,306.4924,308.1168,0.0000,297.8958,310.1327,297.8954,298.9223,299.4824,307.7004,306.1994,299.3334,324.2418,309.7010,297.0943,299.2634,297.7517,295.4300,306.8893,301.8524,297.1957,294.8198,293.1240,274.8089,321.1994,321.7224,325.1690,298.8130,304.7061,298.8130,301.9828,301.7955,308.5683
3.0000,290.8216,308.8283,309.3833,302.0177,292.8842,290.2438,289.5962,312.3943,310.8803,320.9726,314.1105,320.1768,310.8610,303.6786,292.8730,288.5348,302.8956,303.9514,299.2461,308.1947,296.0406,292.1170,293.8157,298.2044,290.0538,293.2375,293.6919,304.5550,322.7794,308.5581,309.6740,310.2401,322.7804,292.2702,293.3223,317.4362,310.6951,299.1423,308.7337,291.3081,300.8933,299.4490,314.8183,301.7554,325.5164,288.5568,305.3255,303.9853,287.9252,293.9185,287.2136,294.7413,307.6289,302.8831,301.0032,295.6987,306.9883,294.4274,281.3859,298.0353,300.5192,300.9513,295.0276,295.3138,302.5776,301.3290,302.0144,307.3392,302.4503,303.5031,306.4710,305.8073,303.7625,300.5644,291.8968,306.5127,306.5034,323.1149,320.6266,300.4353,304.8267,305.5060,310.7667,310.9835,311.3324,311.8060,311.3013,310.9285,311.4583,313.8242,309.4943,308.3402,307.6987,306.4079,306.5124,302.3687,305.2140,304.6851,0.0000,314.2158,316.8800,309.7080,299.5650,292.6577,299.5081,299.7135,299.3048,299.2350,299.8012,303.1447,310.4306,304.4806,320.5276,312.0200,290.1902,290.3781,304.4808,295.4088,309.0516,295.5308,303.6075,309.6482,310.1562,308.2881,286.3743,306.1338,320.8496,298.8581,281.6907,281.7641,307.1311,289.1842,276.7290,309.3178,310.0639,306.9301,310.8978,310.7316,311.0452,290.1138,283.6031,286.0661,298.2296,295.6375,303.5691,299.2593,295.3145,291.9725,300.3149,301.1708,320.7136,322.3845,317.6367,309.4026,314.1057,287.1889,296.4842,294.3648,306.2483,308.0778,299.0435,0.0000,298.9773,302.1081,287.5442,290.2854,308.2247,308.1231,321.0444,311.7622,309.5674,271.9958,250.9536,299.5344,251.2984,270.1430,304.2871,298.4280,326.8289,329.6894,322.8911,310.6548,288.5348,294.3514,293.8184,298.0632,257.1122,302.7701,290.1283,294.9120,293.3149,312.1455,324.6546,290.8900,305.7459,307.5520,307.6457,306.2917,303.5691,307.4929,306.3099,307.8205,307.6691,307.4489,302.7779,309.4943,306.5106,308.0800,0.0000,298.0737,310.0888,298.0733,298.9682,299.5245,307.6823,306.2330,299.5730,324.1467,309.6716,297.5266,299.4817,298.1325,295.6467,306.8750,302.0010,297.2477,294.9959,293.2483,275.1765,321.1094,321.6328,325.0972,299.0435,304.9739,299.0435,302.2225,302.0187,308.5217
4.0000,242.3168,249.8806,250.3137,244.4060,237.0251,235.4768,234.7344,252.6690,251.4741,259.3622,254.0284,258.7548,251.4422,246.0251,237.0388,233.4990,245.0878,245.9578,242.2917,249.1620,239.7909,236.4540,237.8891,241.4345,235.4721,238.1242,238.5460,246.8369,260.7282,249.6710,250.5464,251.0576,260.6621,242.0380,242.5741,256.6445,251.3331,243.6801,249.8083,242.7118,250.4929,242.5665,254.5857,251.1926,262.8199,233.4410,246.8762,245.7711,233.0438,237.8484,232.3967,238.4708,249.2508,245.6871,243.5751,239.2345,248.4385,238.2307,227.6821,248.3678,243.2606,243.5973,238.7470,238.9732,245.3908,244.0357,244.6587,248.6997,244.8296,245.7098,248.0629,247.5499,247.6943,243.2969,236.2297,248.0900,248.0487,260.9822,259.0851,244.0780,246.6180,247.1958,251.3893,251.5627,251.8247,252.1934,251.8105,251.5200,251.9273,253.9669,250.4423,249.4960,248.9863,248.0184,248.0898,245.0821,247.3945,246.9341,0.0000,254.1064,256.1958,250.5690,242.5366,241.4734,242.4927,242.6500,242.3250,242.2526,242.6925,245.2918,251.1840,246.4588,259.0065,252.4625,235.0971,235.1307,246.1034,241.9656,250.0253,239.1097,245.6693,250.5170,250.8957,249.4787,231.7060,247.8564,259.2684,241.9632,227.9287,227.9880,248.5773,234.0575,224.6545,250.5211,250.8515,248.4297,251.4954,251.3665,251.6152,234.6517,230.0712,232.0796,241.3249,239.1105,245.6323,242.1713,239.0159,236.3144,243.1649,243.9027,259.6641,260.9225,257.1197,250.3334,254.0836,232.4386,239.9080,238.2189,247.8323,249.2483,242.1154,0.0000,241.9904,244.4766,232.6678,234.9094,249.3656,249.2790,259.4115,252.2398,250.4995,219.9701,202.9137,242.5093,203.1946,218.0165,246.5717,246.5565,266.5051,267.7765,260.7512,251.5419,233.4990,238.1829,237.7622,241.2413,207.7504,245.3481,235.1669,239.2450,238.1794,256.5263,265.0631,236.1767,247.3583,248.6737,248.7515,247.7410,245.6323,248.6276,247.8493,249.0862,248.7695,248.5186,245.0024,250.4423,248.0885,249.2501,0.0000,241.2333,250.8683,241.2330,241.9410,242.3915,248.9964,247.8114,242.5296,261.7887,250.5444,240.9569,242.4730,241.5044,239.2638,248.4175,247.9007,240.5609,238.7424,238.1197,222.6827,259.4516,259.8513,262.4895,242.1154,246.7482,242.1154,244.7154,244.5874,249.5201
5.0000,289.7580,308.5619,309.0871,301.7692,292.6726,289.8924,289.3287,311.1040,310.4107,319.5604,313.2261,318.8736,310.3791,302.9850,293.3933,289.0288,303.3593,304.2647,301.0401,307.6412,295.9481,292.2147,293.8446,298.1648,289.6239,292.6685,293.1034,303.8162,321.3672,308.3113,309.3084,309.9308,321.3007,291.2277,292.3330,316.3773,310.2441,298.4209,308.4124,290.2217,299.3530,298.6499,313.8548,300.1740,324.0053,289.7787,307.8387,306.4478,288.4854,296.1710,289.4580,296.1651,308.6467,305.3851,302.8238,297.1305,307.1793,296.8870,282.6416,300.1240,303.4684,303.8819,297.5667,297.8745,302.5776,304.0053,304.5473,310.2040,305.4232,306.5318,308.7001,308.7391,306.1678,303.5135,293.1798,306.4755,306.6256,321.6720,319.3589,299.7116,304.4736,305.7879,310.3119,310.5399,310.8291,311.2709,310.8315,310.4764,310.9639,312.6356,309.3337,308.0702,307.5061,306.4079,306.4752,301.6295,304.3227,303.9290,0.0000,313.3607,315.8509,309.3466,299.5091,291.6427,301.3412,301.4778,302.3072,302.1852,302.7767,302.8789,310.2370,306.7929,319.2631,311.8260,289.9560,290.4225,303.8521,294.4432,308.6572,297.0063,306.4246,309.2860,309.7355,308.1131,287.6131,305.5836,319.4547,302.4172,282.9443,283.0180,307.1404,289.7852,276.3187,308.2772,309.6736,306.2841,310.4491,310.2949,310.5847,291.2551,283.2187,285.7022,298.5048,295.9103,306.3751,299.0085,295.9604,292.5794,303.0127,303.8562,319.3235,320.9411,316.3342,309.0658,313.7229,287.8212,296.9667,294.8793,306.1667,307.7068,302.5758,0.0000,300.5085,301.8549,289.7995,292.5807,307.8521,307.7378,319.7005,311.5176,309.4024,273.7960,252.5419,301.3045,252.8928,270.8780,303.5652,297.3574,325.3658,328.2050,321.4110,309.5683,289.0288,296.8414,296.2809,300.8248,258.4049,304.4330,289.8586,294.4633,292.7485,310.9330,323.2136,290.4896,308.5097,310.0830,310.1792,308.9506,306.3751,310.0263,309.1337,310.6862,310.2018,309.8834,305.5986,309.3337,306.4737,307.7090,0.0000,298.9142,309.6946,298.9139,299.2679,299.8134,307.5525,306.4679,301.0659,322.6751,309.3060,299.4074,301.3276,300.1102,296.4546,306.4161,304.3087,297.6870,295.8278,292.7291,277.3523,319.8066,320.2986,323.5910,302.5758,307.7653,302.5758,305.3492,304.8475,308.0489
6.0000,289.4573,308.4949,309.0133,301.7154,292.6477,289.8170,289.2884,310.7045,310.2972,319.1226,312.9384,318.4705,310.4586,302.5840,293.3818,289.0365,303.2730,304.1904,301.1643,307.4513,295.9649,292.4016,293.9777,298.1642,289.5188,292.4786,292.8860,303.4708,320.8716,308.2487,309.2100,309.8156,320.7608,290.9262,292.0508,316.0420,310.1294,298.2026,308.3137,289.9152,298.9331,298.3324,313.5528,299.7440,323.4273,289.8663,308.5221,307.1686,288.5099,296.2777,289.5461,296.1015,308.6848,305.5438,302.8301,297.0528,307.1287,297.0252,282.6913,300.2959,303.6990,304.1231,297.7042,298.0104,302.5776,304.1658,304.6992,310.4690,305.6269,306.6803,308.8279,309.0598,306.3333,303.7440,293.2498,306.4723,306.5639,321.1634,318.9341,299.4557,304.3715,305.6811,310.1962,310.4186,310.7200,311.1630,310.7070,310.3624,310.8499,312.2580,309.2540,307.9894,307.4364,306.4079,306.4720,301.3104,303.9890,303.6164,0.0000,313.0822,315.5195,309.2341,299.5017,291.3495,301.4506,301.5797,302.4623,302.3862,302.9934,302.7995,310.1563,306.9257,318.8375,311.7841,290.0074,290.5841,303.7000,294.1636,308.5638,296.9335,306.7865,309.1911,309.6408,308.0736,287.6836,305.3001,319.0224,302.5962,282.9958,283.0695,307.1083,289.8137,276.2185,307.9082,309.5714,305.9289,310.3286,310.1859,310.4789,291.3874,283.1251,285.6196,298.5653,296.0765,306.7536,298.9540,295.9931,292.6081,303.1859,304.0175,318.8657,320.4590,315.9170,308.9760,313.2942,287.8917,296.8838,294.8408,306.1250,307.6178,302.7564,0.0000,300.8677,301.7999,289.8912,292.6889,307.7666,307.6957,319.2666,311.2681,309.3196,273.7927,252.5018,301.4456,252.8545,270.4533,303.1931,296.9807,324.7577,327.5625,320.8711,309.1928,289.0365,296.9796,296.4103,300.9961,258.2378,304.5248,289.8271,294.3567,292.5613,310.4664,322.6275,290.4100,308.8760,310.7694,310.8636,309.5076,306.7536,310.7099,309.4313,310.9524,310.8871,310.6612,305.9624,309.2540,306.4707,307.6200,0.0000,298.8373,309.5910,298.8369,299.3041,299.8316,307.5046,306.4071,301.1270,322.1462,309.2076,299.4721,301.4370,300.2230,296.3017,306.2058,304.4761,297.6509,295.7517,292.5782,277.4549,319.3631,319.8388,323.0191,302.7564,308.0847,302.7564,305.5286,305.0116,307.9443
7.0000,288.7314,307.5426,308.0544,300.7637,291.7138,288.9892,288.4255,310.2651,309.3433,318.8558,312.3032,318.4268,309.2895,302.2279,292.5088,288.1093,302.5680,303.4079,300.1172,306.4488,295.0370,291.3804,292.9997,297.2207,288.7207,291.7280,292.1477,302.9794,320.3590,307.2995,308.2471,308.8333,320.2622,290.2074,291.3299,315.5144,309.1903,297.4989,307.4382,289.1855,298.1273,297.6986,312.9089,298.9313,322.9394,288.9597,307.4367,306.0409,287.5787,295.4896,288.7349,295.3108,308.3052,304.7765,302.0669,296.2752,306.2945,296.2173,281.8149,299.5963,302.7928,303.1870,296.8831,297.1928,302.5776,303.3584,303.9316,309.4940,304.7696,305.8846,308.0844,308.0613,305.6108,302.8378,292.3089,305.5832,305.7499,320.6463,318.4610,298.8036,303.4187,304.9087,309.2562,309.4785,309.7481,310.1773,309.7591,309.4149,309.8847,311.7399,308.4189,307.1100,306.5692,305.5377,305.5830,300.6734,303.3719,303.0869,0.0000,312.4457,314.9627,308.3432,298.5680,290.6134,300.5077,300.6482,301.5763,301.5091,302.0997,301.9349,309.3094,306.1608,318.3429,310.9117,289.0901,289.5073,302.7324,293.3884,307.6020,296.1632,305.8206,308.2855,308.7396,307.1426,286.7835,304.7103,318.7913,301.7296,282.1173,282.1907,306.2511,288.8874,275.4570,307.3340,308.6038,305.3334,309.3925,309.2497,309.5360,290.4629,282.3282,284.8089,297.5243,294.7941,305.7944,298.0111,295.0534,291.6729,302.3363,303.2052,318.3759,319.9947,315.4038,308.0164,312.7886,286.5141,296.3417,294.0597,305.2438,306.6548,301.8933,0.0000,299.7572,300.8480,289.0824,291.8982,306.7971,306.6764,318.9031,310.6028,308.4856,272.7130,251.5818,300.3678,251.9293,269.3866,302.7635,296.2712,324.1467,326.9746,320.3728,308.6340,288.1093,296.1672,295.5996,300.1348,257.2657,304.0152,288.9559,293.5427,291.8098,309.7220,321.9914,289.5798,307.6611,309.6941,309.7903,308.4913,305.7944,309.6354,308.4569,309.9765,309.8132,309.5559,304.9879,308.4189,305.5817,306.6570,0.0000,298.2721,308.6332,298.2718,298.3192,298.8712,306.6367,305.5924,300.2368,321.6301,308.2447,298.3396,300.4947,299.1201,295.7025,305.5221,303.7607,296.8132,295.5506,291.8244,276.7054,318.8656,319.3333,322.5295,301.8933,306.8548,301.8933,304.7045,304.1994,306.9197
8.0000,289.5099,308.4386,308.9523,301.6446,292.5879,289.8153,289.3041,311.1540,310.2603,319.7765,313.2705,319.3583,310.2829,303.2058,293.3839,289.0216,303.4952,304.3183,301.0850,307.3081,295.8109,291.9289,293.5761,298.0722,289.5516,292.6412,293.0652,303.9556,321.2794,308.1950,309.1518,309.7508,321.1805,291.0259,292.1413,316.4456,310.1052,298.3695,308.3420,289.9589,298.7990,298.5770,313.9133,299.5938,323.8541,289.9185,308.4316,307.0298,288.4875,296.3077,289.5478,296.3474,308.6535,305.6100,303.1658,297.3231,307.2050,297.0545,282.7449,300.6845,303.6854,304.0881,297.7271,298.0387,302.5776,304.1836,304.7238,310.3506,305.7018,306.8343,308.9031,309.0917,306.5704,303.7310,293.2386,306.4576,306.6358,321.5645,319.3938,299.6955,304.3156,305.8202,310.1713,310.3865,310.6746,311.1118,310.6634,310.3206,310.8074,312.6306,309.2668,308.0088,307.4619,306.4079,306.4573,301.5144,304.2614,304.1019,0.0000,313.3935,315.9004,309.2391,299.4330,291.4582,301.4163,301.5514,302.4565,302.3834,302.9851,302.8179,310.1592,306.9899,319.2736,311.7729,289.9579,290.3146,303.6144,294.2897,308.5125,297.2146,306.7449,309.1860,309.6400,308.0313,287.7253,305.6534,319.7137,302.6001,283.0472,283.1209,307.1180,289.7877,276.2499,308.2182,309.5069,306.2703,310.3034,310.1527,310.4376,291.4298,283.1487,285.6286,298.4840,295.8897,306.7163,298.8844,295.9642,292.5820,303.1919,304.0338,319.2193,320.8403,316.2705,308.9189,313.3962,287.9151,296.8696,294.8418,306.1360,307.5613,302.7635,0.0000,301.0444,301.7295,289.8957,292.7128,307.7065,307.6166,319.8564,311.3284,309.3323,273.4659,252.2757,301.3843,252.6241,270.0905,303.7421,297.1432,325.1000,327.8305,321.2920,309.5186,289.0216,297.0062,296.4351,301.0025,257.9647,304.5495,289.8350,294.4537,292.7228,310.6876,322.9489,290.3870,308.6921,310.6962,310.7935,309.4797,306.7163,310.6367,309.3364,310.8122,310.8162,310.5724,305.9169,309.2669,306.4560,307.5634,0.0000,299.2168,309.5382,299.2165,299.2526,299.7961,307.5153,306.5112,301.2051,322.5435,309.1494,299.2620,301.4027,300.0553,296.6578,306.4533,304.7600,297.7023,296.4866,292.6739,277.4775,319.7938,320.2588,323.4449,302.7635,307.9178,302.7635,305.5612,305.0313,307.8301
9.0000,285.5796,304.2871,304.8027,297.1865,288.1639,285.7519,285.2553,307.0266,305.8073,315.5112,309.0107,315.0871,305.7071,298.6039,289.7519,285.3737,300.2249,300.7932,297.7286,303.0057,291.6844,287.8050,289.4383,293.9427,285.4810,288.4877,288.8980,299.4776,316.9540,304.0459,304.7050,305.2822,316.8650,287.0770,288.1586,312.1731,305.6966,294.1942,304.0941,286.0255,294.8049,294.5180,309.6140,295.5942,319.5190,286.5770,305.5481,304.1622,284.8196,293.7358,286.9966,293.0477,307.3020,302.9585,300.2637,294.0453,303.5127,294.4229,279.5040,298.0904,300.7990,301.2137,295.0606,295.3699,302.3927,301.4064,302.0755,307.4160,302.8258,303.9593,306.2993,306.2986,303.9683,300.8435,289.8800,302.4875,302.9082,317.2350,315.0918,295.4776,298.4299,302.3001,305.7623,305.9785,306.2154,306.6556,306.2783,305.9221,306.3759,308.4808,305.2306,303.8096,303.3592,302.4302,302.4872,297.4581,300.1188,299.6170,0.0000,309.1420,311.6262,304.9879,295.3220,287.4710,298.0399,298.1612,299.3665,299.4934,300.0920,298.6895,306.1093,304.3392,314.9697,307.7265,285.9019,286.2455,299.2120,290.1922,303.8493,293.9500,303.8428,304.9122,305.3592,303.9448,284.4244,301.2135,315.4474,299.6468,279.8029,279.8758,303.2252,286.1410,272.3662,304.0813,305.0557,301.8423,305.9280,305.7911,306.0538,288.0563,279.1763,281.6224,294.6052,292.0447,303.8048,294.4613,292.2668,288.9000,300.3111,301.2417,315.2911,316.9223,312.2411,304.5441,309.3508,283.7258,293.5843,291.2992,302.0954,302.8546,299.8100,0.0000,297.5196,297.2644,287.3406,290.1459,303.0060,302.8898,315.5945,307.3188,305.2948,270.9962,249.9912,298.0211,250.3369,267.5024,299.2060,293.2153,321.4864,324.3023,316.9745,305.3803,285.3737,294.3616,293.8008,298.2287,255.5822,302.7250,285.7755,290.2918,288.5686,306.8335,319.2891,286.2824,305.9495,307.7866,307.8798,306.5303,303.8048,307.7276,306.4134,307.8717,307.9030,307.6752,303.0327,305.2306,302.4860,302.8569,0.0000,296.3717,305.1073,296.3715,295.3866,295.9333,303.4616,302.8983,297.9901,318.2098,304.7027,295.8713,298.0265,296.6753,293.8994,302.0747,302.1603,294.1116,294.1828,288.5580,275.0442,315.4845,315.9450,319.1127,299.8100,305.1891,299.8100,302.6720,302.2216,303.4013
10.0000,285.3284,303.8838,304.4064,296.7068,287.6533,285.2051,284.7172,306.8207,305.3868,315.2968,308.7559,314.8628,305.1473,298.4098,289.2478,284.9723,299.6675,300.2381,297.0184,302.5726,291.0688,286.8852,288.6169,293.3971,284.9568,287.9930,288.4343,299.2308,316.7664,303.6380,304.2888,304.8610,316.6531,286.8462,287.8740,311.9218,305.2826,293.7660,303.7004,285.7822,294.7193,294.1966,309.3919,295.5229,319.2960,286.1715,304.9856,303.5891,284.4012,293.2054,286.4376,292.6422,306.9480,302.5415,299.7123,293.6414,302.9637,293.9044,279.1068,297.9085,300.2774,300.6894,294.5368,294.8511,302.3927,300.9255,301.6316,306.8524,302.3203,303.4692,305.7265,305.6710,303.6555,300.3216,289.4539,302.0776,302.4126,317.0590,314.8826,295.1029,297.9945,301.7238,305.3484,305.5707,305.7868,306.2217,305.8736,305.5121,305.9540,308.2788,304.8746,303.4129,302.9661,302.0226,302.0774,297.0945,299.8156,299.3557,0.0000,308.8708,311.3745,304.6001,294.7831,287.2087,297.4663,297.6092,298.8364,298.9818,299.5738,298.2997,305.7545,303.7751,314.7583,307.3562,285.2798,285.3173,298.7348,289.8630,303.4086,293.5313,303.3022,304.5188,304.9809,303.5261,284.0182,300.9167,315.2314,299.1290,279.4049,279.4776,302.7829,285.6950,271.8660,303.8287,304.6434,301.4928,305.5205,305.3855,305.6416,287.6517,278.6339,281.0799,294.0669,291.3685,303.2625,293.9875,291.7924,288.4497,299.8121,300.7579,315.2156,316.8789,312.1170,304.1298,309.2666,284.1490,292.6061,290.6963,301.6873,302.4128,299.2882,0.0000,296.5308,296.7861,286.7837,289.6044,302.5613,302.4048,315.3702,307.1012,304.9410,270.2918,249.4101,297.2558,249.7513,266.9813,298.9828,293.0662,321.5181,324.3150,316.7607,305.1433,284.9723,293.8391,293.2745,297.7019,255.0251,302.4439,285.2184,289.7400,288.0719,306.8124,319.3170,285.7516,305.4252,307.2287,307.3196,305.9598,303.2625,307.1699,305.8555,307.3044,307.3431,307.1337,302.4992,304.8746,302.0761,302.4151,0.0000,295.7869,304.6931,295.7867,294.8872,295.4577,303.0694,302.2976,297.3302,318.0099,304.2864,295.1023,297.4523,295.9278,293.3302,301.7547,301.8879,293.5876,293.6024,288.0792,274.5310,315.2793,315.7449,318.8911,299.2882,304.6480,299.2882,302.1519,301.7263,302.9374
11.0000,290.0100,308.5584,309.1167,301.2795,292.0344,289.6012,289.0273,312.0603,310.1375,320.7952,313.6717,320.2821,309.9897,302.3190,293.3766,289.0252,304.1581,304.6853,300.6188,307.4741,295.5974,291.6308,293.3380,297.8578,289.3403,292.3364,292.7770,303.4154,322.4530,308.2917,309.0168,309.6067,322.4097,291.4760,292.5211,317.0950,310.0046,298.3209,308.2666,290.4891,299.9290,298.9582,314.2830,300.7779,325.1475,289.9406,307.8364,306.3925,288.3853,295.8074,289.0376,296.7554,308.0990,305.0909,303.2159,297.7944,307.4268,296.6529,282.7413,300.4234,303.0350,303.4487,297.2634,297.5983,302.3927,303.5441,304.1377,309.8212,305.2040,306.4397,308.2953,308.7650,306.3547,303.0795,293.0294,306.5277,306.9002,322.7950,320.3466,299.6163,302.6219,306.2103,310.0736,310.2984,310.5723,311.0366,310.6430,310.2597,310.7297,313.4421,309.4090,307.9636,307.4901,306.4079,306.5274,301.9372,304.6362,303.5222,0.0000,313.8171,316.5164,309.2086,299.2446,291.8544,300.9668,301.1247,301.7441,301.6916,302.3189,302.7738,310.3296,306.3982,320.2210,311.9577,289.6327,289.8438,303.5738,294.5711,308.1236,297.6441,306.1275,309.1665,309.6624,308.1133,287.6980,305.1526,320.7173,301.7702,283.0378,283.1115,307.2667,289.6541,276.0482,308.8203,309.3916,305.8598,310.2362,310.1088,310.3738,291.4776,282.9627,285.4268,298.3606,295.7673,306.0858,298.5198,295.8043,292.4469,302.5406,303.3956,320.6324,322.3472,317.4289,308.8398,314.0311,287.9387,297.1035,294.9707,306.1416,307.1087,301.8456,0.0000,300.2745,301.3615,289.3852,292.2170,307.2617,307.1067,320.8622,311.7256,309.4797,272.8539,251.8242,300.9051,252.1661,269.9264,303.0474,297.7768,327.0110,330.0586,322.5183,310.1880,289.0252,296.5714,295.9793,300.4476,257.6562,304.1585,289.5456,294.1378,292.4177,311.6839,324.7138,290.1199,308.2215,310.1076,310.2001,308.8454,306.0858,310.0478,308.7739,310.3256,310.2239,309.9920,305.2915,309.4090,306.5257,307.1110,0.0000,300.2480,309.4276,300.2478,299.1402,299.7057,307.5571,306.7684,301.2006,323.7648,309.0143,298.6032,300.9510,299.4359,297.6835,306.0786,304.5303,297.8415,298.5031,292.5027,277.0076,320.7994,321.3170,324.7276,301.8345,307.4412,301.8419,304.7214,304.3082,307.7631
12.0000,290.8158,308.7771,309.3745,301.4235,292.0891,289.8193,289.2698,312.9757,310.4781,321.8375,314.3549,321.2771,310.2304,303.4314,292.9784,288.7049,303.7799,304.1422,299.6206,307.8965,295.5000,291.1737,292.9321,297.8019,289.6388,292.7181,293.1787,304.3572,323.3806,308.4854,309.3121,309.9007,323.3692,292.3309,293.3011,317.8934,310.3382,298.9483,308.5503,291.3060,300.9683,299.6221,315.0121,301.8373,326.1526,289.0383,306.1108,304.7216,287.9699,294.2427,287.4705,296.1010,307.2417,303.4772,302.0363,297.1980,307.0991,294.8980,281.8733,297.7013,301.3006,301.7118,295.5348,295.8330,302.3927,302.0266,302.6620,307.8471,303.3178,304.4461,306.8812,306.6845,304.2254,301.3433,292.0171,306.5300,306.6204,323.7276,321.2473,300.2921,302.8901,305.7186,310.4086,310.6215,310.9199,311.3917,311.0294,310.6140,311.0701,314.3111,309.5541,308.2004,307.6518,306.4079,306.5297,302.6128,305.3821,304.4553,0.0000,314.4741,317.2880,309.5030,299.2220,292.6888,299.9949,300.1793,300.1714,299.9671,300.5865,303.0061,310.5233,304.9385,321.1089,312.2058,289.7972,289.8064,303.7584,295.3717,308.4124,297.0202,304.3317,309.4677,310.0064,308.2295,286.7887,305.9089,321.7520,299.9236,282.1648,282.2382,307.1757,289.2527,276.3330,309.6087,309.7050,306.6770,310.5650,310.4522,310.7132,290.5528,283.2239,285.6618,298.1108,295.3753,304.2963,298.6669,295.4033,292.0416,300.9562,301.8796,321.5881,323.3467,318.3580,309.1105,314.1663,287.0452,297.2473,294.7628,306.2156,307.3809,299.8721,0.0000,299.3600,301.5100,287.8176,290.6429,307.5338,307.3588,321.8499,311.8536,309.6264,271.3982,250.4405,299.9064,250.7827,267.9836,304.0668,298.6921,328.2629,331.1866,323.4809,310.9958,288.7049,294.8390,294.2788,298.7160,256.1715,303.1688,289.7804,294.4690,292.7976,312.7609,325.9336,290.4351,306.5221,308.3613,308.4534,307.0615,304.2590,308.3017,306.8320,308.3284,308.4773,308.2621,303.4120,309.5541,306.5279,307.3832,0.0000,300.0243,309.7424,300.0240,298.9139,299.5033,307.6678,306.3577,300.2950,324.7245,309.3095,297.5595,299.9776,298.3712,297.8317,306.6682,302.0811,297.3864,298.4698,292.9157,275.5154,321.6985,322.2220,325.7259,299.8494,305.7431,299.8145,302.9990,302.7257,308.0653
13.0000,291.0397,309.0365,309.6816,301.9185,292.5885,289.8683,289.3326,313.6140,310.7371,322.5421,314.6247,321.9252,310.6232,302.8719,292.9476,288.7829,303.6567,304.0821,299.3784,308.2674,295.6729,291.4096,293.1370,298.0025,289.6430,292.5821,293.0210,304.0180,323.8025,308.7148,309.7363,310.3482,323.8148,292.5438,293.4855,318.3086,310.5356,298.9352,308.6028,291.5432,301.4691,299.7479,315.2967,302.3619,326.6382,288.6451,305.2929,303.9095,287.9726,294.0414,287.3510,295.8893,307.0924,302.9046,301.7432,297.0942,307.0350,294.7863,281.5594,294.5840,300.8029,301.1963,295.3265,295.6394,302.3927,301.7700,302.3923,307.1864,302.6340,303.6681,306.6042,304.8062,302.4635,300.8448,291.6931,306.5470,306.5435,324.1435,321.7068,300.2486,304.9918,305.7099,310.6025,310.8364,311.1645,311.6034,311.3118,310.8933,311.2779,314.7875,309.6389,308.2629,307.7207,306.4079,306.5467,302.7050,305.5294,304.1268,0.0000,314.7545,317.6639,309.5019,299.3837,292.9194,299.8136,300.0117,300.0597,299.4950,300.1028,303.0679,310.6715,304.6724,321.5479,312.3962,289.9085,290.0922,304.1617,295.6359,309.0034,296.9059,303.6431,309.5871,310.0618,308.3583,286.4366,305.5315,322.4475,299.8549,281.8481,281.9215,307.1151,289.2372,276.3366,309.8918,310.1442,305.9337,310.6977,310.6860,310.9663,290.0757,283.2957,285.7201,298.1507,295.4148,303.6057,299.1633,295.3753,292.0261,300.5487,301.6282,322.4701,324.2835,319.0658,309.4877,314.2158,287.1672,297.1085,294.6981,306.2621,308.0574,299.5267,0.0000,299.2581,302.0111,287.6903,290.4797,308.1987,307.9952,322.4259,311.9097,309.7096,271.4534,250.5799,299.6616,250.9175,268.7766,303.6272,298.9785,329.3959,332.5132,323.9242,311.3305,288.7829,294.6837,294.1025,298.3513,256.5924,303.0465,289.8459,294.4132,292.6630,313.2105,326.9570,290.3714,305.8590,307.5777,307.6693,306.3109,303.3621,307.5195,306.1758,307.6865,307.6929,307.4988,302.5484,309.6389,306.5447,308.0596,0.0000,299.8818,310.1188,299.8816,298.9394,299.5209,307.7237,306.2736,300.0814,325.1579,309.7338,297.2629,299.7953,298.0930,297.5720,306.4949,298.8894,297.3441,298.4701,292.9054,275.3607,322.1350,322.6494,326.2048,299.4835,305.1089,299.3638,302.7195,302.4692,308.4719
14.0000,242.3168,251.1585,251.7220,245.2364,237.5510,235.7840,235.1554,255.2014,252.5070,262.2941,255.6939,261.7341,252.6032,246.2978,237.2699,233.9552,245.7876,246.3468,241.3135,250.5037,240.1030,236.3762,237.8638,241.9168,235.7452,238.1561,238.5516,247.3559,263.1952,250.8725,251.7189,252.2106,263.1867,242.3926,242.8489,258.7246,252.3340,244.1653,250.7204,242.7674,251.6592,243.8184,256.2689,252.4593,265.4688,232.9739,243.4637,242.3296,233.2344,235.6265,230.2420,238.9310,246.7988,242.9316,242.8573,239.9265,248.8198,236.0463,227.2264,243.5800,240.3736,240.6489,236.4051,236.6445,243.5524,241.7675,242.3639,245.3496,241.7603,242.5899,245.7672,243.1528,243.2017,240.4075,235.3454,248.9833,248.7084,263.4734,261.5150,244.7263,247.8249,247.7015,252.3890,252.5743,252.8556,253.2134,252.9990,252.6518,252.9413,256.1998,251.5360,250.4209,249.9252,248.8346,248.9830,246.2585,248.6954,247.4468,0.0000,255.7899,258.1896,251.4798,243.0505,241.9530,241.5717,241.7568,240.4359,239.4541,239.8366,246.1994,252.4294,244.1787,261.3754,253.8839,235.5252,235.4453,246.9602,242.6883,251.0853,239.7489,242.3681,251.5449,251.9471,250.5314,231.1653,248.3695,262.2078,239.6728,227.4585,227.5177,249.3395,234.1802,224.9148,252.2333,252.0729,248.7591,252.4669,252.4749,252.7145,234.1514,230.4389,232.4103,241.7386,239.5204,242.3306,243.0016,239.0940,236.4382,240.6438,241.6574,263.0408,264.5133,259.9950,251.5129,255.2357,232.9724,240.4737,238.6649,248.6718,250.3159,239.2116,0.0000,241.0727,245.3148,230.5054,232.7221,250.4380,250.2834,262.1743,253.3657,251.5943,217.7761,201.1954,241.5241,201.4578,216.9242,246.9815,247.4232,270.7928,272.6759,263.2752,253.3995,233.9552,235.9328,235.4909,238.6160,206.5186,243.3014,235.5695,239.4486,238.2152,258.5086,268.9732,236.3176,244.1977,245.2948,245.3708,244.3918,241.8579,245.2510,244.4843,245.7466,245.3885,245.1892,241.0932,251.5360,248.9814,250.3177,0.0000,242.5403,252.0274,242.5401,242.3530,242.8203,249.9380,248.0862,242.1031,264.2832,251.7168,239.7328,241.5564,240.3084,240.7007,249.0940,241.0857,240.8537,241.5516,238.5065,220.6093,261.8503,262.2628,265.1185,239.1585,243.6218,239.0018,242.1290,242.1958,250.6728
15.0000,293.4830,309.7874,310.5493,302.3276,292.6226,290.3069,290.1556,314.6561,311.5382,323.6789,314.7153,322.7856,311.8805,303.4398,291.7468,287.5474,302.7308,303.3899,295.0967,309.5812,295.7138,291.7593,293.3362,297.9092,290.1630,293.7423,294.1048,304.5387,324.9122,309.3908,310.5809,311.2613,325.0242,295.4690,295.4429,318.7199,311.2823,299.8083,309.0683,294.1206,306.7355,300.2740,315.1630,307.8713,327.9371,285.2737,294.2844,292.9063,286.5058,285.9203,279.4209,292.7243,297.6389,293.7191,296.4697,293.9555,306.5106,286.3739,278.1830,290.1103,291.0507,291.3440,286.7044,287.0167,292.3563,293.0479,293.5466,297.0061,292.6181,293.6012,298.0901,294.4056,291.9819,291.0926,287.9442,306.7281,306.4236,325.3156,322.5853,300.9188,305.7258,305.1178,311.3546,311.5707,312.0046,312.4780,312.1461,311.7077,312.0881,315.5490,310.0254,308.6386,307.9017,306.4079,306.7276,303.3947,306.0481,304.6637,0.0000,314.9962,318.1104,310.1003,299.3237,295.6994,295.1145,295.3615,292.0390,290.0050,290.4272,303.4352,311.2577,296.1665,322.4243,313.2060,290.9390,290.6326,305.3335,298.1430,309.7599,293.6819,293.1831,310.1609,310.6502,308.8643,282.9931,306.1558,323.5401,290.3513,278.4624,278.5349,307.1888,287.5437,276.8331,310.5209,311.0598,306.9696,311.4421,311.4460,311.7787,286.7673,283.8012,286.1845,297.2721,294.5444,293.1312,299.5806,293.4908,290.3162,291.7472,292.9415,323.0645,323.0646,319.8116,310.2912,314.9020,285.4565,296.4052,293.6910,306.2402,308.7988,289.5988,0.0000,294.8333,302.4324,279.7280,282.3510,308.9643,308.7318,323.5247,312.4022,310.1026,264.6125,244.7218,295.3759,245.0274,266.0309,304.1687,300.7385,323.2557,337.0429,325.1360,311.9970,287.5474,286.1914,285.6475,289.1515,251.9010,293.8386,290.6843,295.4398,293.8187,312.1810,321.7060,290.8410,295.5723,296.4780,296.5760,295.4597,292.2796,296.4283,295.8981,297.4924,296.5962,296.3453,290.9868,310.0254,306.7249,308.8009,0.0000,298.7713,310.9535,298.7710,297.9902,298.5462,307.9115,305.5880,296.7659,326.3168,310.5780,293.0825,295.0948,293.9080,297.0164,306.9981,287.0284,296.3418,297.9784,293.4703,267.6551,323.0732,323.6274,327.4897,289.5204,294.8954,289.2603,293.3656,293.5396,309.6096
16.0000,244.8788,257.2782,257.9628,250.3893,242.0299,240.8885,240.6957,261.8072,257.8339,269.5361,261.6356,268.6708,258.6477,251.8583,241.8708,238.3891,251.0398,251.6420,244.0649,257.1993,245.2115,241.8694,243.2089,246.9839,240.8210,243.7334,244.0446,252.8783,270.5241,256.9219,257.5148,258.1753,270.6276,246.5102,246.2933,265.1214,257.4568,249.1141,256.1490,245.4672,257.1308,249.6295,262.0182,258.1814,273.0789,236.0832,242.6680,241.5151,237.5072,236.1212,230.7121,242.1750,246.8529,242.0217,245.0300,243.2048,254.3330,236.4465,230.2178,232.5982,240.2088,240.3938,236.6958,236.9452,243.2612,242.0600,242.4765,244.8670,241.4143,242.2025,246.2604,242.6024,238.2649,240.2429,238.3147,254.7827,254.3417,270.8880,268.4932,249.9921,252.0061,253.0237,257.5222,257.7156,258.2220,258.6440,258.6986,258.2901,258.2316,262.5018,257.5449,255.8843,255.4885,254.3546,254.7822,252.2105,254.4265,252.9613,0.0000,261.8460,264.5782,256.9977,248.2155,246.4876,244.1629,244.4001,241.2312,239.4541,239.7312,251.5710,258.6841,244.6000,268.3495,260.4350,241.3429,240.9132,253.2846,248.0990,256.3859,242.9684,241.8189,257.1118,257.4482,256.5393,234.1992,253.9935,269.4011,239.6602,230.4494,230.5094,255.1121,238.3384,229.7575,258.2261,257.9799,254.8713,257.7952,258.1238,258.4036,237.3179,235.5105,237.4761,246.4937,244.2318,241.7995,248.1091,243.2465,240.6365,240.9567,241.9782,269.3181,269.3182,266.3173,257.3697,261.9907,237.2729,245.3100,243.3725,254.1124,255.6037,238.9882,0.0000,243.8102,250.4709,230.9660,233.1453,255.7684,255.4958,269.3478,259.7468,257.6124,218.5693,202.1697,244.2817,202.4205,220.4823,252.5282,251.3907,272.3306,282.5016,270.7186,259.4808,238.3891,236.2848,235.8388,238.6765,208.2164,243.3352,241.1293,245.0615,243.7938,261.8901,270.8386,241.3902,243.5401,244.4907,244.5732,243.7360,240.9427,244.4504,244.0264,245.2610,244.5888,244.4085,239.6526,257.5449,254.7794,255.6054,0.0000,247.5193,257.7709,247.5190,247.0946,247.5695,255.5970,253.5173,245.5814,271.7231,257.5122,242.2859,244.1457,243.0163,246.0069,254.5716,231.9714,245.7265,246.8624,243.6400,221.0105,268.9169,269.4002,272.7019,238.9185,242.9714,238.6710,242.1947,242.4172,256.9155
17.0000,295.3787,310.3522,311.3074,301.8777,292.5347,286.3173,285.9764,319.2069,316.8296,328.8980,318.6394,327.6095,314.1756,309.2898,269.5395,183.1079,296.1346,295.6574,284.1513,312.4061,289.3841,286.2229,287.4706,290.7676,287.0295,290.5404,290.9107,309.1396,330.1016,309.8780,313.6837,315.0621,330.3357,296.7167,296.8175,322.9578,316.9206,300.0642,317.0410,296.1571,311.6184,303.8084,318.9397,313.0115,333.3889,269.8424,278.5642,277.2085,259.3818,270.6047,264.4656,277.1696,282.7224,276.4559,280.5492,278.4474,301.1851,271.2447,262.9890,255.7247,275.9155,276.1112,271.5459,271.7903,278.5673,277.4599,277.7722,281.4062,277.3656,278.3130,281.9756,278.5319,269.0593,275.9565,271.5176,306.1086,302.2623,330.5910,327.4196,302.2295,306.4125,297.2655,316.9971,317.1051,317.5159,318.2709,317.9185,317.2013,317.7980,319.7003,311.7392,317.4622,309.9019,306.4079,306.1078,306.8930,308.9696,309.2345,0.0000,318.7633,322.3064,317.4493,291.7065,296.3170,284.9438,285.0054,278.6452,275.4423,275.4433,0.6491,313.2604,280.2929,327.2502,315.5219,286.8540,285.3991,308.1132,297.5040,312.7940,278.1782,277.6937,317.8148,317.4396,308.9799,267.4296,313.1087,328.6962,276.0617,263.2287,263.2973,305.3736,271.7357,273.8432,314.0122,314.3414,314.4944,317.5610,317.7022,317.8566,271.3581,279.9752,282.2823,291.7507,289.0736,277.6687,299.2435,284.8287,274.3558,277.5863,277.4337,329.0199,329.0200,324.9045,312.7587,317.8319,259.7623,272.8117,271.0698,306.7619,311.2686,274.7839,0.0000,283.9741,302.0921,264.7604,267.3202,311.4505,310.7624,328.6472,314.7283,311.8288,250.4105,231.5195,284.4485,231.8122,252.7663,309.3472,302.7106,328.1355,346.9115,330.4449,315.6795,156.5033,271.0315,270.5299,273.9829,238.1564,278.7372,286.5035,291.6456,290.5970,315.4828,326.3463,287.7538,279.6930,280.6690,280.7658,279.8429,276.5769,280.6236,280.3870,281.8584,280.7827,280.6542,274.8977,311.7392,306.1042,311.2729,0.0000,293.9158,314.8393,281.8427,292.6852,293.8003,309.1662,299.2139,283.9216,331.6544,313.6778,281.9454,284.9139,282.7841,291.7971,314.1960,259.1931,279.7856,280.5726,291.6895,253.4066,327.9946,328.6178,332.9187,274.7002,279.0506,274.4120,278.0468,277.9857,312.6203
18.0000,295.8689,310.8494,311.8638,302.4380,292.9933,286.4034,286.0479,314.1503,317.5764,320.5409,316.2712,320.8826,314.9681,308.9333,269.8064,183.3139,296.1447,295.7688,284.2441,313.4731,289.7075,286.7231,287.9006,291.1239,287.0194,290.4789,290.8279,308.4930,325.9735,310.3390,314.3531,315.7950,326.2890,297.0934,297.1377,319.6888,317.6166,299.6434,317.3176,296.6945,313.1158,301.7108,316.5744,314.5956,329.3677,271.0047,279.2982,277.9337,259.6265,271.6766,265.5777,278.5263,283.7636,277.5860,281.8198,279.8717,301.3555,272.3469,264.0296,266.7903,276.5555,276.7706,272.5463,272.7950,279.4230,278.1903,278.5693,282.1371,278.0622,279.0379,282.9658,279.2807,271.4743,276.5994,272.4295,306.2018,302.3896,326.4857,322.7482,301.4330,307.0818,297.3733,317.7079,317.9835,318.3169,319.1281,318.6232,317.8909,318.6665,316.1260,311.8373,317.6667,309.9058,306.4079,306.2008,304.7847,306.8454,308.6276,0.0000,316.4471,319.1848,317.6694,292.0631,296.6800,285.2202,285.2924,279.1218,276.0691,276.0638,0.6491,313.4454,281.2937,322.9606,315.7606,287.0095,285.9379,309.2767,297.8413,313.4909,279.6007,278.3494,318.2158,317.8301,309.3232,268.5064,313.0256,319.6660,276.6337,264.2685,264.3373,305.5078,271.9678,273.8337,311.2382,315.0490,314.3936,318.2930,318.3238,318.5389,272.6353,280.1000,282.3839,291.9080,289.2296,278.3114,299.8029,285.0493,274.5898,278.2509,278.1508,325.9488,325.9489,321.5986,313.3774,318.1335,259.4337,273.6281,271.5160,306.7855,311.9484,275.3331,0.0000,284.0009,302.6569,265.8618,268.3860,312.1416,311.4430,322.2997,314.8771,311.9317,251.8588,233.0383,284.5250,233.3235,256.2186,308.8273,303.6057,331.5396,344.6300,326.3992,312.6799,156.6753,272.0821,271.5703,274.8120,240.3172,279.5818,286.5955,291.6831,290.5388,317.5390,329.5452,287.7603,280.6297,281.4109,281.5079,280.5512,277.1352,281.3649,281.1120,282.5935,281.5261,281.4371,275.4581,311.8374,306.1965,311.9527,0.0000,293.5743,315.5153,281.9631,292.8273,293.9479,309.2094,299.3849,284.0429,327.5865,314.3469,281.9020,285.1918,282.7077,291.1212,314.2365,263.6966,279.9924,280.6924,291.4437,254.4170,323.7191,324.4272,328.8936,275.2482,280.0083,274.9543,278.7341,278.7105,313.5424
19.0000,297.3872,311.2731,312.3289,303.0505,293.5753,287.1483,286.7034,315.2733,318.4200,321.5437,317.1834,322.0298,315.7788,309.6922,269.6253,183.3676,295.0648,295.1655,283.3530,314.3930,290.2108,287.1739,288.3651,291.5476,287.8390,291.4242,291.7953,309.3213,327.4652,310.7339,315.0267,316.5010,327.9351,298.6286,298.5766,320.7874,318.4789,300.6968,317.8580,298.2381,315.1766,302.8054,317.5105,316.7031,331.1531,270.5449,278.3281,276.9013,259.5557,271.3121,265.2478,278.4714,283.1604,276.6523,281.5803,279.9015,301.0369,271.9177,263.5257,265.0482,275.7608,275.9566,272.0426,272.2887,278.7488,277.4245,277.7856,281.2815,277.4053,278.5026,282.4300,278.8072,269.9516,275.8055,271.6805,306.2094,302.1566,328.0183,323.9749,302.4241,307.7912,296.7165,318.5738,318.8513,319.1892,320.0210,319.3905,318.6537,319.5509,317.3599,312.1107,318.1208,310.2539,306.4079,306.2083,305.9258,307.9753,309.4295,0.0000,317.3602,320.2551,318.2648,292.4815,298.1955,284.6214,284.7210,278.4071,275.2898,275.2749,0.6491,313.8032,280.7576,324.2266,316.1569,287.6409,286.4996,310.4962,299.3186,314.2393,279.6238,277.4635,318.7950,318.4132,309.5865,267.9807,313.7270,320.5617,275.8601,263.7585,263.8272,305.4629,271.9200,274.6157,312.4191,315.7560,315.2591,319.1015,319.0457,319.3083,272.2258,280.8852,283.1422,292.0172,289.3375,277.4167,300.4138,285.0060,274.5416,277.4962,277.3872,327.8001,327.8002,323.1656,313.9832,318.5465,259.4327,273.5406,271.3937,307.0223,312.6691,274.5422,0.0000,283.1525,303.2735,265.5186,267.9790,312.8689,312.1773,323.4150,315.1738,312.2095,252.0906,233.6661,283.6528,233.9301,260.0139,309.6258,305.3488,334.1337,347.6061,328.0496,313.8769,156.7498,271.6181,271.1072,274.1576,242.1345,278.8603,287.2610,292.5136,291.4811,319.7232,332.0809,288.6123,279.7297,280.4444,280.5409,279.5818,276.1608,280.3994,280.2597,281.7390,280.5587,280.4915,274.5142,312.1108,306.2035,312.6735,0.0000,291.8360,316.2183,278.3608,292.9146,294.0553,309.4418,298.9775,282.2878,329.1830,315.0204,280.8921,284.5892,281.6644,288.7581,314.8578,261.8850,279.6486,275.9689,292.3151,254.0311,325.0403,325.8024,330.6574,274.4564,279.1339,274.1566,277.9509,277.9297,314.4252
20.0000,318.9396,332.8874,334.0350,324.1867,314.0136,307.1719,306.6432,337.9404,340.8904,344.7624,339.6567,345.1610,337.9431,331.5174,287.7109,195.7470,314.7061,315.0268,301.0543,336.3562,310.2902,307.0758,308.3396,311.6510,307.9727,311.7946,312.1945,331.2592,351.0334,332.2962,337.0951,338.6544,351.5660,320.1919,320.0637,343.6618,340.9933,321.9549,340.0747,319.8956,338.9482,324.2996,340.0322,340.6654,355.0186,288.0216,294.9351,293.3900,276.8826,287.5677,281.2939,296.2739,298.2273,292.1029,298.9090,297.7726,321.4592,288.3147,280.5743,267.3108,292.3214,292.5141,288.4236,288.6960,292.3563,293.8968,294.0108,298.1432,294.1212,295.3387,299.0495,295.6774,282.2541,292.3695,289.2912,327.2702,322.7386,351.6446,347.2336,323.8158,329.5341,316.6900,341.0974,341.4160,341.7194,342.6111,341.8180,341.0657,342.1365,340.0820,333.7471,340.2905,331.7848,327.4935,327.2691,327.6292,329.8648,331.4052,0.0000,339.8427,343.0704,340.5117,312.6358,319.6532,302.6116,302.7531,295.4967,291.8506,291.8231,0.6491,335.6026,297.3374,347.4893,338.1298,307.6416,306.4016,332.0640,320.7078,336.3250,297.4398,294.0566,341.1024,340.7202,331.0055,285.3044,335.8083,343.6899,292.5604,280.8216,280.8947,326.4146,290.0644,293.8244,334.6894,337.9001,337.6652,341.6034,341.4718,341.8361,289.7836,300.4620,302.8821,311.8569,308.9955,294.0040,321.3712,304.0132,292.8609,294.1763,293.8838,351.6671,351.6672,346.5105,335.9286,340.7911,275.8082,292.5711,289.7809,328.2260,334.6253,291.1493,0.0000,300.6388,324.4304,281.5659,284.0720,334.8421,334.1043,346.7227,337.0818,333.8554,267.6657,248.5302,301.3415,248.7884,278.9345,331.5566,327.4251,358.4408,373.7713,351.6885,336.2767,167.3840,287.9825,287.4276,290.6430,258.6143,294.2778,307.2414,312.8885,311.8542,342.9493,356.2476,308.8505,296.4197,297.1834,297.2854,296.3087,292.5771,297.1362,297.0499,298.6250,297.3036,297.2205,290.8802,333.7471,327.2637,334.6300,0.0000,310.8205,338.3997,295.7704,312.7918,314.0144,330.8593,319.2000,299.9430,352.9002,337.0883,298.3210,302.5649,299.1195,307.1192,336.9312,270.7453,298.4289,293.2289,312.8333,269.2865,348.3814,349.2111,354.4868,291.0600,295.7930,290.7343,294.5770,294.4794,336.4021
21.0000,299.8278,311.6527,312.7531,303.5011,293.9155,287.8016,287.2043,317.1949,319.3436,323.8232,318.5883,324.1046,316.5758,310.6638,268.8081,182.9390,294.0286,294.4611,279.2975,315.4770,290.5029,287.4388,288.6435,291.7043,288.6251,292.2896,292.6895,310.5273,329.6991,311.0819,315.6745,317.1628,330.3398,300.9883,300.7482,322.4877,319.4697,302.0385,318.4484,300.7596,319.3501,304.2977,318.9846,321.0258,333.7046,268.6237,272.8290,271.3870,258.6223,266.8532,260.9432,276.3308,278.3222,270.8293,278.1910,277.7046,300.5496,267.1912,261.6902,248.3678,270.4481,270.6239,267.2526,267.4767,273.8478,272.3382,272.5970,275.8363,272.1455,273.3009,277.6917,273.6771,261.6818,270.5005,269.8623,306.1905,301.8801,330.2844,326.0297,303.7119,308.0962,296.0360,319.5699,319.8684,320.1410,320.9956,320.1471,319.4548,320.5508,319.2235,312.4292,318.6015,310.6075,306.4079,306.1894,307.4353,309.5437,310.6759,0.0000,318.7410,321.9131,318.9025,292.6287,300.3979,281.0868,281.2652,273.4065,270.0639,269.9776,0.6491,314.2230,275.9676,326.2613,316.6248,288.0623,286.8645,311.4063,301.2174,314.9312,277.3460,272.0041,319.4243,319.0829,309.8080,266.1083,314.5631,322.8011,270.2030,261.9224,261.9906,305.3696,270.8725,275.3659,314.1193,316.4525,316.2383,320.0163,319.8240,320.1987,270.2595,281.5463,283.7958,291.8092,289.6659,271.9494,300.8667,283.8456,273.4838,272.5257,272.3081,330.3857,330.3858,325.4265,314.5580,319.1088,257.5525,273.4823,270.7941,307.1897,313.3001,268.9127,0.0000,278.8790,303.7307,261.1863,263.4895,313.5136,312.8223,325.6251,315.5731,312.5333,248.5959,230.8418,279.5713,231.0806,260.6079,310.7609,307.9801,338.0904,351.8500,330.4582,315.6230,156.4887,266.8710,266.4050,269.1089,240.7162,273.8001,287.7668,293.2183,292.3426,322.9502,335.9482,289.4304,274.2299,274.9080,275.0037,274.0588,270.5397,274.8645,274.8189,276.2866,275.0206,274.9534,269.0343,312.4293,306.1842,313.3046,0.0000,289.9963,316.9166,271.7972,292.5378,293.6448,309.6862,298.4202,277.4403,331.5326,315.6680,276.6705,281.0295,277.3977,286.1579,315.5896,251.1278,278.8716,268.3711,293.2522,249.7753,327.1279,327.9297,333.1861,268.8301,273.6507,268.5262,272.5741,272.7630,315.2823
22.0000,300.7025,311.6963,312.8109,303.5595,293.9230,288.2581,287.5013,317.6732,319.1981,324.3298,318.8656,324.5380,316.6177,311.6047,268.8082,182.9690,293.9504,294.4283,278.7733,315.6095,291.0597,288.9342,289.9088,291.9674,289.0832,292.4302,292.7907,311.3153,330.1564,311.1152,315.6719,317.1711,330.8420,301.7707,301.5379,322.7930,319.2382,302.6183,318.4540,301.6576,320.7266,304.7112,319.2651,322.4454,334.2633,268.6107,272.3140,270.8732,258.5977,266.3643,260.4567,276.4848,277.8980,270.3946,278.0733,277.8835,300.5294,266.7217,261.6714,248.3678,269.9781,270.1572,266.7686,266.9879,273.5435,271.8913,272.1577,275.3752,271.6647,272.8146,277.1925,273.1012,261.2548,270.0232,269.7500,306.1348,301.8670,330.7469,326.4638,304.2939,307.9179,296.0105,319.3386,319.5845,320.0059,320.8783,320.1393,319.4281,320.3528,319.6658,312.5115,318.6132,310.6310,306.4079,306.1336,307.8778,310.0117,311.4597,0.0000,319.0005,322.2219,318.9289,292.8480,301.1024,280.6624,280.8624,272.9692,269.6077,269.5125,0.6491,314.3296,275.4698,326.6799,316.7578,288.4625,287.9685,311.4424,301.7711,314.8526,277.5301,271.4916,319.4226,319.0593,309.8094,266.0745,315.1303,323.2943,269.7544,261.9006,261.9688,305.3513,270.7989,275.8028,314.5659,316.4646,316.9819,319.8595,319.8168,320.2045,270.2505,282.0090,284.2522,291.8148,289.6715,271.4306,300.9203,283.7343,273.4095,272.0829,271.8612,331.0462,331.0463,325.9849,314.5641,319.3525,257.3208,273.6705,270.8540,307.1993,313.2416,268.4593,0.0000,278.5916,303.7849,260.7002,263.0104,313.4582,312.7476,326.1668,315.7440,312.6173,248.0289,230.5886,279.0430,230.8127,260.8931,311.6236,308.8698,339.6254,352.9300,330.9571,316.0658,156.5067,266.3937,265.9250,268.6178,240.6616,273.4069,288.0883,293.4318,292.4856,324.1299,337.4325,289.9285,273.7357,274.3921,274.4855,273.4970,269.9656,274.3490,274.3331,275.8219,274.5030,274.4449,268.5743,312.5116,306.1287,313.2460,0.0000,289.7734,316.9061,270.7158,292.5192,293.6071,309.7133,298.4095,276.7591,332.0199,315.6653,276.1041,280.5964,276.8227,285.7981,315.9412,250.7664,278.8593,267.0498,293.7480,249.3211,327.5575,328.3665,333.7353,268.3770,273.1794,268.0732,272.0918,272.2986,315.3362
23.0000,301.8840,311.7289,312.8559,303.6917,294.0380,288.3568,287.6939,318.8104,319.2376,325.4792,319.6118,325.5994,316.9431,312.7327,268.6334,182.9443,293.4994,294.1243,278.1961,315.8995,290.6959,287.4374,288.7094,291.8264,289.3044,292.9820,293.3983,312.2908,331.3326,311.1354,315.8389,317.3467,332.1117,303.0515,302.6239,323.6671,319.1920,303.2936,318.5919,302.8684,322.5398,305.5181,320.0556,324.3130,335.6306,268.2711,272.5631,271.1178,258.5235,266.5962,260.7039,276.2481,278.1649,271.1471,278.0976,277.6921,300.2958,267.0059,261.3221,259.0073,270.1383,270.3220,267.0204,267.2402,273.8296,272.0660,272.4255,275.5742,271.8669,273.0392,277.3837,273.4988,263.9080,270.1833,269.3225,306.0182,301.6482,331.9448,327.5167,305.0186,308.9963,295.7010,319.2936,319.5168,320.0247,320.8896,320.2326,319.5329,320.3224,320.7594,312.6157,318.7380,310.7303,306.4079,306.0171,308.6880,310.9016,312.4479,0.0000,319.7013,323.0677,319.1651,292.7524,302.2703,280.3919,280.6305,273.0129,269.7607,269.6653,0.6491,314.4521,275.6910,327.7284,316.8953,288.5126,286.9101,311.7762,302.7200,315.0914,277.3506,271.6759,319.5510,319.1942,309.7778,265.7193,315.8323,324.4261,269.9140,261.5497,261.6178,305.1989,270.7152,276.0138,315.5551,316.6417,317.7517,319.8971,319.9349,320.3420,269.9368,282.1350,284.3617,291.6649,289.3375,271.6132,301.0569,283.6390,273.3250,272.2152,272.0280,332.6068,332.6069,327.3518,314.6954,319.6351,258.3309,272.7774,270.5001,307.2521,313.5293,268.6485,0.0000,277.9188,303.9228,260.9459,263.2587,313.7480,313.0325,327.2586,315.9283,312.7235,248.4185,231.0106,278.4726,231.2319,262.0084,312.6671,310.3224,341.6522,355.4000,332.2272,317.0865,156.4920,266.6595,266.1837,268.8343,241.3198,273.6998,288.2464,293.7944,293.0318,325.9763,339.4428,290.1473,273.9474,274.6391,274.7329,273.7412,270.1184,274.5955,274.5378,276.0218,274.7504,274.6848,268.7830,312.6157,306.0126,313.5336,0.0000,288.9840,317.0526,267.3953,292.4192,293.5369,309.7808,298.1446,275.2914,333.2643,315.8323,275.5364,280.3158,276.2222,284.6893,316.4452,255.6991,278.6359,262.6235,294.1203,249.5565,328.6390,329.4762,335.0870,268.5705,273.3758,268.2646,272.2658,272.4562,315.6014
24.0000,301.4813,311.7893,312.9205,303.7895,294.1074,288.4907,287.7195,319.5638,319.3840,326.1130,319.9538,326.1452,316.7323,312.8530,268.4704,182.8247,293.3583,294.0205,277.5636,315.8344,290.9514,288.3187,289.4389,291.8994,289.4317,292.9889,293.3958,312.4941,331.9505,311.1928,315.9653,317.4731,332.7541,302.7002,302.3575,324.1049,319.3260,303.4127,318.6746,302.4293,321.3509,305.9824,320.4210,323.0565,336.2866,268.0214,271.9366,270.4986,258.2834,265.9390,260.0907,275.9777,277.4704,270.4571,277.5826,277.4039,300.2114,266.3457,261.1055,258.0788,269.5055,269.6988,266.3776,266.5959,273.1768,271.4307,271.7798,274.9477,271.2390,272.4097,276.7363,272.9245,263.0408,269.5504,269.1214,306.0166,301.6162,332.5781,328.0649,305.2669,309.2491,295.6137,319.4282,319.6507,320.1754,321.0427,320.4498,319.7037,320.4662,321.5305,312.6724,318.8070,310.7782,306.4079,306.0156,309.2217,311.5088,312.6710,0.0000,320.0389,323.4919,319.2637,292.7981,302.0032,279.8062,280.0668,272.3574,269.1197,269.0292,0.6491,314.5178,275.0439,328.2744,316.9617,288.5650,287.5244,311.4742,302.6161,315.2281,277.0462,271.0408,319.6645,319.3304,309.7990,265.4895,315.9238,325.0437,269.2268,261.3327,261.4007,305.2000,270.4519,276.1354,316.4307,316.7763,317.7955,320.0229,320.0899,320.4758,269.6573,282.2153,284.4727,291.3692,288.6957,270.9719,301.1546,283.3526,273.0590,271.5881,271.3934,333.2047,333.2048,328.0309,314.8050,319.7794,257.1144,273.3273,270.5315,307.2530,313.6633,267.9299,0.0000,277.2121,304.0214,260.3316,262.6335,313.8669,313.0955,327.8580,316.0356,312.7815,247.9290,230.7374,277.8128,230.9488,262.6357,312.8355,309.8502,340.4140,355.9563,332.8693,317.9830,156.4134,266.0090,265.5415,268.1972,241.4696,273.0506,288.2906,293.8196,293.0386,325.1497,338.2853,290.2428,273.4168,274.0039,274.0958,273.1352,269.4610,273.9604,273.8984,275.3943,274.1133,274.0512,268.1848,312.6725,306.0110,313.6676,0.0000,288.6991,317.1937,266.7903,292.1838,293.3264,309.8144,298.0511,274.6685,333.9181,315.9587,274.8993,279.7188,275.5308,284.2688,316.5420,254.8398,278.4947,262.0293,294.2839,248.9638,329.2038,330.0552,335.7408,267.8478,272.8280,267.5452,271.5906,271.8100,315.5274
25.0000,320.1636,311.6477,312.7934,303.1270,293.3582,288.2901,286.7794,319.9086,319.0237,326.2781,320.2526,326.0580,316.2299,313.3519,267.8718,182.4575,292.7388,293.5626,276.6383,315.4158,289.6979,283.3385,286.0735,291.0466,289.6826,294.1691,294.8848,313.3071,332.4419,311.0492,315.6154,317.1503,333.2538,318.1004,316.3590,324.3322,318.9981,306.9663,318.4754,321.1297,340.3881,306.7513,320.8125,342.1239,336.8257,266.9199,270.9665,269.5500,257.7073,264.6847,258.8125,274.6287,276.1600,269.4778,276.1736,275.9970,299.9536,265.0609,260.1175,257.1344,268.5208,268.7186,265.1734,265.3918,271.9954,270.4444,270.7859,273.9076,270.2115,271.3474,275.5625,271.8652,262.0817,268.5655,268.2632,306.0927,301.3846,333.1061,328.4004,307.2308,308.1880,295.1385,319.0992,319.3049,319.8110,320.6793,320.1282,319.3839,320.1123,322.0225,312.5641,318.6110,310.6439,306.4079,306.0916,310.1113,312.6039,313.4611,0.0000,320.2523,323.7279,319.0293,292.1184,314.7916,278.9664,279.2477,271.4262,268.1422,268.0483,0.6491,314.3987,273.8778,328.6255,316.8305,286.7246,280.4902,310.4909,310.2874,314.7170,275.5853,270.0432,319.4205,319.0712,309.7307,264.4709,316.1209,325.1680,268.2491,260.3459,260.4137,305.1404,269.8521,275.6141,317.2348,316.4239,318.0371,319.7136,319.7979,320.1888,268.4597,281.9868,284.2617,290.4693,287.8040,269.9734,300.5023,282.7235,272.4535,270.6165,270.4103,333.3752,333.3753,328.3477,314.5052,319.4627,257.2500,272.1871,269.7778,307.0847,313.1147,266.9414,0.0000,276.2787,303.3629,259.0627,261.3991,313.3164,312.5488,328.1118,315.8449,312.6713,246.4145,229.2143,276.9042,229.4304,259.4917,313.5071,325.2967,355.6633,355.7858,333.3634,318.6936,156.1228,264.7659,264.3115,267.1049,239.4581,271.9809,287.1600,293.8464,294.1819,340.6482,353.5919,290.4717,272.4484,273.0222,273.1121,272.1072,268.4565,272.9788,272.8810,274.3529,273.1301,273.0767,267.2436,312.5641,306.0868,313.1191,0.0000,287.7963,316.8537,265.1745,291.4827,292.7352,309.7307,297.6910,273.5062,334.4252,315.6087,273.9371,278.8701,274.5431,283.0989,316.6001,253.9303,277.9490,260.1447,295.0489,247.7937,329.5891,330.4790,336.2726,266.8580,271.8475,266.5524,270.6142,270.8275,315.0235
26.0000,318.6405,311.5014,312.6399,302.8714,293.1100,287.1445,285.7091,318.5492,318.7549,324.6688,319.2570,324.5810,315.7425,312.6573,268.1501,182.6384,292.5025,293.4441,278.3137,314.9374,289.2386,282.9273,285.6645,290.7976,288.2931,292.6662,293.3506,312.4473,330.8941,310.9105,315.3797,316.9056,331.5416,316.4913,314.8368,323.1345,318.7347,305.6381,318.2618,319.6066,338.8686,305.6344,319.7451,340.6048,335.0345,268.1918,275.0521,273.6072,258.1237,267.9442,262.0109,275.7848,279.5868,273.0920,278.4173,277.1704,299.8251,268.5006,261.4216,260.4691,272.6989,272.8918,268.7337,268.9556,275.3790,274.0726,274.4117,278.1015,274.4121,275.5689,278.9482,276.1010,265.6279,272.7443,269.7629,306.1266,301.3146,331.5440,326.9655,306.0200,308.0159,294.9700,318.8339,319.0509,319.5446,320.4117,319.8703,319.1316,319.8512,320.6771,312.4674,318.4364,310.5015,306.4079,306.1255,309.0136,311.3944,312.5827,0.0000,319.2987,322.5690,318.7679,291.8525,313.1304,280.7790,281.0832,274.5078,272.3511,272.2535,0.6491,314.2710,277.2832,327.2066,316.6701,285.7233,279.8319,309.7955,308.5123,314.4566,276.7786,274.1991,319.2018,318.8246,309.6427,265.7930,315.5720,323.5851,271.9073,261.6541,261.7222,305.1305,270.3919,273.2547,315.9706,316.1800,317.2112,319.4485,319.5556,319.9464,269.6633,280.8596,283.1295,290.7133,288.0455,274.1272,300.2489,283.3674,272.9985,274.3345,274.0453,331.6204,331.6205,326.7675,314.2931,319.3663,257.3530,272.5370,270.0463,307.0352,312.8613,270.6993,0.0000,278.0783,303.1070,262.2768,264.6883,313.0510,312.2511,326.5086,315.7771,312.5734,249.1310,231.3319,278.5683,231.5716,259.2268,312.7229,323.4891,353.3161,353.2374,331.6375,317.4081,156.2365,268.2509,267.7799,270.9771,240.6292,275.5154,286.0896,292.5192,292.6845,338.5107,351.2643,289.0413,276.5742,277.1360,277.2287,276.2560,272.5914,277.0928,277.0559,278.5498,277.2461,277.1672,271.3947,312.4674,306.1207,312.8657,0.0000,287.3882,316.6125,266.7576,291.7691,293.0302,309.6388,297.5478,275.1391,332.7847,315.3731,275.5324,280.6748,276.1399,282.5290,316.2085,257.2733,278.0759,261.6978,293.7124,250.9117,328.1357,329.0005,334.4919,270.6174,275.9809,270.3045,274.3064,274.4849,314.5802
27.0000,318.6185,311.2574,312.3780,302.4825,292.7394,286.9176,285.3603,317.6503,318.3592,323.6996,318.7690,323.6714,315.2989,312.1165,267.1362,182.0168,291.5771,292.7313,277.2880,314.7985,289.0119,283.1753,285.7814,290.4065,288.0648,292.4225,293.1061,311.9242,330.1646,310.6789,315.0069,316.4904,330.7439,316.2607,314.6764,322.4869,318.3516,305.3116,317.9538,319.6194,339.5952,305.0951,319.2741,341.3958,334.2086,267.1131,273.6680,272.1946,257.0818,266.8033,260.8293,274.5109,278.7660,272.1858,277.2282,275.8620,299.3831,267.3978,260.3362,259.8224,271.6310,271.7974,267.6252,267.8486,274.5070,273.0799,273.4348,276.9318,273.3503,274.5445,277.8669,274.9459,264.9989,271.6777,268.6589,306.1057,300.9419,330.8208,326.2297,305.6131,307.5871,294.2532,318.4490,318.6624,319.1357,319.9911,319.5078,318.7526,319.4451,319.9015,312.3424,318.1539,310.2568,306.4079,306.1047,308.4650,310.8372,312.0138,0.0000,318.7875,321.9513,318.4498,291.4366,312.8548,279.8229,280.1553,273.5423,271.3159,271.2049,0.6491,314.1181,276.1941,326.4892,316.5675,285.3758,280.0046,309.7508,308.1416,314.0612,275.4877,273.0308,318.8604,318.4620,309.4990,264.7086,315.1332,322.6285,270.9151,260.5694,260.6372,304.9815,269.5095,273.0382,315.3015,315.7852,316.7616,319.0673,319.1797,319.5380,268.6252,280.7034,282.9336,290.2391,287.5760,272.9598,299.8640,282.5946,272.1076,273.3134,273.0528,330.6237,330.6238,325.8451,313.9546,319.1981,257.0720,270.9155,268.8495,306.8055,312.4679,269.7243,0.0000,276.9866,302.7185,261.1034,263.5602,312.6588,311.8342,325.6615,315.6584,312.4468,247.5863,229.3875,277.5271,229.6521,254.4736,312.1896,323.2232,352.9191,351.4991,330.8346,316.7053,155.7724,267.1472,266.6664,269.8892,237.3088,274.5728,285.7604,292.2212,292.4396,338.1412,350.8618,288.8366,275.1568,275.7471,275.8451,274.9390,271.4433,275.7058,275.8918,277.3770,275.8603,275.6991,270.2868,312.3425,306.1004,312.4723,0.0000,286.1591,316.2377,265.4874,291.2804,292.5049,309.4910,296.9863,274.0228,332.0115,315.0004,274.4892,279.7047,275.0659,281.0143,315.8144,256.6307,277.1754,260.3368,293.4306,249.8423,327.4136,328.2804,333.6697,269.6427,274.5738,269.3363,273.3019,273.4908,314.3044
28.0000,319.5150,311.3830,312.5057,302.6832,292.9452,287.2494,285.7118,318.0755,318.5004,324.1046,318.9803,324.0654,315.7632,312.5462,267.2511,182.1603,291.2867,292.5982,277.5114,315.1119,289.1286,282.9021,285.5970,290.5833,288.4516,292.9740,293.6908,312.3469,330.4195,310.8016,315.1929,316.7140,331.0609,317.1835,315.5150,322.8031,318.4808,305.8711,318.0837,320.5305,340.8045,305.5428,319.4496,342.6320,334.5763,267.8428,274.7183,273.2893,257.3166,267.5704,261.6026,275.5332,279.4748,272.1059,278.1190,276.9383,299.2972,268.2698,261.0168,248.3678,272.2594,272.4706,268.4177,268.6563,275.0842,273.5257,273.8112,277.7546,273.9695,275.1098,278.6293,275.6562,263.1459,272.3071,269.2191,306.1156,300.8929,331.0558,326.5275,306.1020,307.8307,294.0961,318.5756,318.7442,319.2725,320.1196,319.6616,318.9063,319.5511,320.3586,312.3815,318.2681,310.3497,306.4079,306.1146,308.9843,311.3173,312.4578,0.0000,319.0147,322.2361,318.6292,291.6455,313.7281,279.9890,280.3376,273.9440,271.8791,271.8014,0.6491,314.1697,276.9203,326.7766,316.6142,285.6938,279.9847,310.2825,308.9370,314.2581,276.5829,273.8091,318.9946,318.5894,309.5907,265.3907,315.4580,323.0307,271.4215,261.2470,261.3150,304.9745,269.7113,273.4050,315.7974,315.9806,317.2021,319.1863,319.3283,319.6898,269.3878,281.0371,283.2646,290.3721,287.7077,273.7327,300.0632,282.7734,272.3113,273.8068,273.4985,331.2262,331.2263,326.3811,314.1253,319.2066,258.2058,270.4080,268.8022,306.8840,312.6727,270.2338,0.0000,277.1999,302.9196,261.8749,264.3286,312.8757,312.0974,326.0143,315.6581,312.4867,248.5454,230.3132,277.7925,230.5769,256.2792,312.6142,324.3264,354.9942,352.4597,331.1541,317.1970,155.8851,267.9808,267.4700,270.5985,238.4746,275.0313,286.1113,292.7133,292.9895,339.6633,352.8534,289.2417,276.1692,276.7978,276.8888,275.8704,272.2120,276.7541,276.7123,278.2063,276.9070,276.8307,271.1986,312.3815,306.1101,312.6771,0.0000,285.6311,316.4130,265.7354,291.4114,292.6426,309.5481,296.8950,274.2788,332.3030,315.1864,274.7028,279.8580,275.2433,280.2630,316.0551,251.1370,277.1957,260.5800,293.8481,250.5707,327.6936,328.5501,334.0296,270.1534,275.5780,269.8489,273.7935,273.9524,314.6586
29.0000,321.7193,311.5843,312.6885,303.4810,293.8645,289.1948,287.6320,319.2263,319.2171,325.0367,319.6389,324.9274,316.6083,313.4739,267.5032,182.4894,290.7599,292.2088,277.7356,315.7391,290.1891,283.7085,286.4744,291.4342,290.7252,295.3818,296.1280,313.4138,331.0687,311.0022,315.7646,317.3113,331.6734,319.4030,317.6572,323.5298,319.1820,307.7150,318.6192,322.7483,343.2963,306.5096,320.1600,345.1485,335.1868,268.6768,275.3543,273.9216,257.7862,268.4277,262.5220,276.5432,280.2038,272.8831,279.0521,277.9669,298.9453,269.1280,261.8323,248.3678,272.9155,273.1345,269.2255,269.4536,275.8422,274.1859,274.4944,278.3672,274.6476,275.8016,279.3421,276.4584,264.2903,272.9620,270.0022,305.9324,300.6239,331.6990,327.2450,307.7035,308.8875,293.5493,319.2836,319.4890,320.0031,320.8709,320.2596,319.5307,320.3001,321.5211,312.5471,318.7375,310.6535,306.4079,305.9315,310.0639,312.5573,313.5361,0.0000,319.6529,322.9370,319.2131,292.4552,315.9882,280.2886,280.6557,274.4871,272.5346,272.4544,0.6491,314.3533,277.6470,327.4795,316.7724,287.5708,280.9955,311.7204,311.2834,314.9962,277.6229,274.4548,319.5401,319.1735,309.6544,266.2096,316.2683,323.9486,272.0698,262.0614,262.1296,304.7681,270.1586,277.3693,317.0279,316.5679,318.2487,319.9038,319.9331,320.3298,270.2236,282.9356,285.1806,290.9882,288.6659,274.3711,300.8520,283.2089,272.7630,274.4514,274.1515,332.6553,332.6554,327.6882,314.6068,319.4641,259.1994,270.3780,269.0047,307.1398,313.4194,270.8945,0.0000,277.3444,303.7159,262.7814,265.1754,313.6280,312.8837,326.8473,315.8329,312.6548,249.7016,231.7198,277.9876,231.9674,259.9476,313.6155,326.6709,357.9013,354.3926,331.7633,318.4148,156.1633,268.8107,268.2993,271.3316,240.7925,275.7407,288.0166,294.8644,295.3894,342.2402,355.7138,291.5513,276.8418,277.4321,277.5208,276.4898,272.8538,277.3886,277.3373,278.8159,277.5390,277.4670,271.9965,312.5471,305.9275,313.4238,0.0000,284.9125,317.0022,265.7687,291.9150,293.0950,309.7278,296.5039,274.4370,332.9242,315.7580,274.9283,280.1497,275.4375,279.3643,316.7354,251.2710,277.2030,260.5392,295.9218,251.3734,328.3845,329.2226,334.6399,270.8172,276.2489,270.5114,274.4517,274.6202,315.4651
30.0000,320.2377,311.4962,312.6041,303.1172,293.4491,288.2759,286.6570,318.3849,318.9119,324.3148,319.2252,324.2871,316.2837,312.8026,267.4457,182.4130,290.4988,292.0150,278.2437,315.4656,289.8463,283.8253,286.4977,291.1134,289.6228,294.1002,294.8325,312.6942,330.4361,310.9165,315.5000,317.0503,331.0119,317.9996,316.3010,323.0299,318.8910,306.6159,318.3823,321.2353,341.1413,305.8049,319.7360,342.9356,334.5084,269.0726,276.7294,275.3064,257.7184,269.7213,263.8596,277.0968,281.5390,274.7666,280.0433,278.5585,298.8465,270.3802,262.2219,263.3758,274.0005,274.2285,270.4582,270.6809,277.2681,275.2774,275.7110,279.5309,275.7474,276.8901,280.4931,277.6544,268.7843,274.0449,270.3808,306.0350,300.2656,331.0608,326.6415,306.7155,308.1064,293.3332,318.9922,319.2030,319.6999,320.5713,319.9660,319.2453,320.0080,320.5926,312.4711,318.5317,310.5212,306.4079,306.0340,309.2057,311.5957,312.8229,0.0000,319.2475,322.4528,318.9763,292.1300,314.6379,280.7614,281.1316,275.3252,273.5869,273.5228,0.6491,314.2672,278.8318,326.8879,316.6919,286.5910,280.7121,311.3130,310.0387,314.6228,278.2326,275.6413,319.3069,318.9351,309.6407,266.6046,315.7631,323.2423,273.0663,262.4510,262.5194,304.7226,270.1463,275.5570,315.9262,316.3003,317.6301,319.6254,319.6624,320.0567,270.6202,282.0262,284.2701,290.7317,288.0639,275.5664,300.4909,283.2369,272.7506,275.4793,275.2312,331.8446,331.8447,326.8381,314.3856,319.3739,258.5165,270.7953,269.0839,307.0400,313.0320,271.9066,0.0000,278.0575,303.3514,264.1064,266.4463,313.2448,312.4937,326.1613,315.7596,312.5782,251.4444,233.7907,278.5264,234.0165,265.1438,312.9159,325.3216,356.7085,353.9713,331.0990,317.3220,156.0855,270.0482,269.5483,272.4993,244.1699,277.0324,287.0476,293.7116,294.1119,341.0607,354.5270,290.4525,277.9181,278.8187,278.9049,277.7798,274.0692,278.7732,278.5115,279.9793,278.9247,278.8130,273.3256,312.4711,306.0297,313.0364,0.0000,284.6314,316.7307,266.2682,291.7570,292.9805,309.6499,296.3701,274.9528,332.2604,315.4934,275.4540,280.6190,275.9261,279.0643,316.3381,260.2628,277.0927,261.0289,294.8533,252.5782,327.7814,328.6125,333.9638,271.8300,277.3038,271.5360,275.4773,275.6878,315.1613
31.0000,320.1941,311.5391,312.6479,303.2470,293.6110,288.4393,286.8469,318.1524,318.9670,323.9825,319.1262,323.6854,316.3670,312.8272,267.9569,182.6719,291.3489,292.6899,279.1294,315.4924,290.0361,284.0171,286.6826,291.3137,289.7689,294.2783,294.9922,312.7182,330.4201,310.9593,315.5749,317.1669,330.9935,317.9402,316.2824,322.8739,318.9411,306.6735,318.4227,321.1836,340.9224,305.7636,319.6099,342.7016,334.5360,270.1653,278.8650,277.4282,258.1610,271.6240,265.7536,278.3133,283.4773,276.8942,281.6536,279.8078,299.3115,272.3024,263.2665,266.2989,275.9815,276.2259,272.3767,272.5924,279.1739,277.1508,277.6223,281.5512,277.7909,278.9601,282.4182,279.6965,271.7226,276.0247,271.4102,306.0600,300.9154,331.0685,326.5208,306.7429,308.1886,294.0751,319.0419,319.2535,319.7571,320.6282,320.0152,319.3016,320.0616,320.3844,312.4499,318.5740,310.5642,306.4079,306.0590,309.2008,311.4983,312.8674,0.0000,319.1578,322.3246,319.0051,292.3229,314.6432,281.7374,282.1207,277.0231,275.5482,275.4914,0.6491,314.2425,280.7669,326.7874,316.6430,286.8559,280.9389,311.4965,310.1698,314.7017,279.4694,277.7022,319.3537,318.9669,309.6745,267.6698,315.7756,322.8682,275.0740,263.4959,263.5645,304.9556,270.6110,275.6960,315.6976,316.3773,317.5668,319.6702,319.7176,320.1212,271.7425,282.1954,284.4353,291.0094,288.3392,277.6242,300.6178,283.7235,273.2198,277.3402,277.0927,331.8363,331.8364,326.7355,314.4527,319.1862,259.2795,271.1873,269.5864,307.1087,313.1154,274.0086,0.0000,279.0552,303.4795,265.9990,268.3381,313.3265,312.5930,325.9337,315.6495,312.5563,253.3931,235.7428,279.4209,235.9630,268.6241,312.9422,325.1822,356.2966,354.6716,331.0797,317.0782,156.2714,271.9644,271.4615,274.4414,246.5865,278.9551,287.2463,293.9101,294.2909,340.8426,354.1458,290.5770,280.0265,280.9765,281.0643,279.9045,276.1728,280.9299,280.5469,282.0039,281.0841,280.9752,275.5326,312.4499,306.0544,313.1198,0.0000,285.4772,316.7994,266.9813,292.0430,293.2741,309.6690,296.9375,275.7982,332.2426,315.5683,276.3430,281.5910,276.7799,279.9060,316.3726,263.1420,277.6680,261.6634,294.9641,254.3716,327.7007,328.5563,333.9839,273.9421,279.4157,273.6611,277.5283,277.6148,315.2598
32.0000,318.8817,311.4500,312.5502,303.0571,293.4191,287.3862,285.8814,317.3446,318.8118,323.1581,318.5510,322.9364,316.1474,312.1717,268.2179,182.8132,291.4482,292.7979,280.1220,315.2149,289.5315,283.2988,286.0058,291.0750,288.5021,293.0275,293.7367,311.9599,329.4750,310.8771,315.4247,316.9993,330.0529,316.6267,315.0030,322.2334,318.7874,305.5383,318.2889,319.8610,339.3927,304.7766,319.0058,341.1532,333.6101,271.3434,281.2786,279.8438,258.4555,273.4663,267.5322,279.8862,285.5497,278.5400,283.4865,281.4975,299.3810,274.3038,264.3943,258.6179,278.1642,278.4407,274.3867,274.6187,281.3336,279.0460,279.4982,283.8002,280.0470,281.2375,284.3818,282.2739,272.4630,278.2064,272.4063,306.1019,300.9669,330.0853,325.6999,305.7038,308.0331,294.1917,318.8872,319.0960,319.6123,320.4907,319.8501,319.1471,319.9157,319.5317,312.4286,318.4680,310.4992,306.4079,306.1009,308.2053,310.5152,312.1114,0.0000,318.6188,321.6877,318.8644,292.0935,313.3512,282.7799,283.1706,278.8015,277.6626,277.6547,0.6491,314.2081,282.7081,325.9678,316.6076,285.8789,280.2587,311.1968,308.9120,314.5398,281.1870,280.0095,319.2270,318.8306,309.6312,268.7967,315.3266,322.0583,277.1730,264.6198,264.6887,304.9950,270.9839,273.4528,314.7606,316.2183,317.0110,319.5192,319.5723,319.9815,272.9411,281.1737,283.4004,291.2864,288.8581,279.9239,300.4306,284.1611,273.5964,279.2841,278.9829,330.9450,330.9451,325.8732,314.3190,319.3018,259.5214,271.5296,269.8807,307.1036,312.9515,276.1970,0.0000,279.9857,303.2905,267.7890,270.1961,313.1591,312.4079,325.0759,315.7027,312.5355,254.8059,237.1188,280.4005,237.3371,270.2458,312.2234,323.7408,354.3072,353.3611,330.1366,316.1618,156.3612,273.9641,273.4328,276.5462,247.9787,280.9318,286.2791,292.7939,293.0443,339.0591,352.1818,289.2728,282.3229,283.3965,283.4806,282.2888,278.5757,283.3485,282.8053,284.2571,283.5014,283.3838,278.2697,312.4287,306.0962,312.9559,0.0000,285.6202,316.6477,267.9303,292.3017,293.5305,309.6307,297.0004,276.7785,331.2972,315.4180,277.3104,282.6310,277.7468,280.0901,316.0458,261.8713,277.8707,262.5935,293.7650,256.1328,326.8489,327.6758,333.0552,276.1404,281.6999,275.8757,279.5620,279.5553,315.0237
33.0000,319.4116,310.2415,311.3091,300.4624,290.6559,287.4100,285.8200,318.3313,316.9571,324.1692,319.6493,324.0619,313.7586,312.2169,267.4143,182.2646,290.8900,292.1997,278.1523,313.2396,288.7516,282.9121,285.4915,289.9165,288.8100,293.2320,293.9422,312.3068,330.5713,309.6828,313.2477,314.7811,331.2309,317.1806,315.5210,323.1993,317.2133,306.0203,317.6641,320.3955,340.0200,305.7616,320.3093,341.7889,334.8647,269.4609,277.7748,276.2732,257.5823,270.2027,264.2763,277.9637,282.4587,276.1514,281.1658,279.5633,298.7807,270.8678,262.5085,263.0182,274.3984,274.6913,270.9186,271.1394,278.4304,275.6460,276.2487,280.1803,276.5887,277.9739,281.1085,279.0690,273.4572,274.4398,270.4446,305.5673,300.3944,331.1884,326.7165,306.2228,305.7552,293.6094,317.3130,317.5071,317.7313,318.6410,318.2220,317.5050,318.2017,320.4975,312.6603,318.0355,310.7255,306.4079,305.5666,308.9489,311.3909,312.4452,0.0000,319.5442,322.6526,318.1256,291.0577,313.8595,280.7806,281.1695,275.5296,273.7756,273.8380,0.6491,314.4091,279.4268,326.9967,316.8762,285.8552,280.0234,308.7426,309.3375,311.4275,279.2319,276.4831,318.3636,317.9626,308.6862,266.9050,315.1174,323.0840,273.2814,262.7341,262.8025,304.4466,270.1552,274.7839,315.6794,314.0346,316.9708,318.1236,318.1894,318.5700,271.1055,281.1568,283.4071,290.8029,288.1344,276.3964,297.8322,283.3537,272.7595,275.8369,275.5641,331.8443,331.8444,326.8009,312.3800,319.4927,258.7092,270.7181,269.0824,307.7451,309.5237,272.3960,0.0000,278.0373,300.6674,264.5290,266.9229,309.7752,309.0433,326.0353,316.0536,312.7648,251.6765,234.1387,278.4394,234.3578,266.5851,312.4619,324.3016,354.9181,354.2325,331.3163,317.0945,155.9145,270.5219,270.0188,272.9246,244.7016,277.7838,286.2256,292.8928,293.2455,339.6425,352.7955,289.6241,278.6168,279.8955,279.9817,278.7432,275.3878,279.8460,279.2199,280.6347,280.0023,279.8472,275.1554,312.6603,305.5643,309.5314,0.0000,285.2154,314.6467,266.0268,291.9476,293.2633,309.7466,296.3909,274.8275,332.4399,313.2407,275.3479,280.6315,275.7916,279.8294,315.6696,266.3219,277.1465,260.7188,294.1362,253.0300,327.8944,328.7371,334.2978,272.3561,277.9895,272.1118,275.9181,276.0814,312.7823
34.0000,337.6081,326.8391,327.9288,316.9307,306.8047,303.6681,302.0008,342.6690,334.1257,352.7314,340.4988,350.5837,330.6577,330.1206,282.2825,192.4563,306.2869,307.7058,295.1971,329.4383,304.8151,298.5132,301.2929,305.9852,305.2578,309.8993,310.6545,330.7215,354.3786,326.2703,330.0825,331.5901,354.9614,335.3516,333.5836,345.4223,334.4305,324.0176,335.0906,338.6268,358.9338,325.7224,341.2171,360.7641,358.7758,285.3348,296.9617,295.2644,272.1786,287.5951,281.4196,294.2520,298.2851,295.0440,298.1023,295.9322,314.6634,288.7128,278.0391,287.6208,293.2276,293.5365,288.8528,289.0998,292.3563,293.8468,294.3842,299.5107,295.8487,297.5121,298.8686,298.3372,295.2096,293.2713,286.5202,322.0279,316.3844,355.0162,350.9066,324.6231,322.4053,308.9679,334.5319,334.6976,334.9078,335.8378,335.3494,334.6513,335.3992,343.1283,329.5781,335.5027,327.8763,322.9972,322.0272,329.0957,331.7169,330.8782,0.0000,340.3303,344.6587,335.5468,307.1401,331.7679,298.0042,298.4197,293.8216,292.4701,292.6279,0.6491,331.3086,297.3012,350.7444,333.7720,302.0183,295.4520,324.9260,326.8359,328.3636,295.5939,295.7445,335.7383,335.3713,325.2356,282.6734,332.7947,352.3927,292.0335,278.2778,278.3503,320.7688,285.5822,290.4326,337.0660,330.8399,334.5824,335.3584,335.4256,335.8428,287.0001,297.0349,299.4278,307.1311,304.3129,295.6677,314.1520,299.6187,288.3353,294.2503,293.7652,354.5943,354.5944,349.5210,329.1549,336.5341,273.4551,285.6738,284.0190,324.6597,326.3788,291.3310,0.0000,294.8761,317.1425,281.6966,284.2511,326.6298,325.9249,352.2050,333.0373,329.6851,267.7503,249.0572,295.4833,249.2922,282.3871,330.6650,342.4572,372.3244,378.0124,355.0545,338.8393,164.5947,288.3718,287.7904,291.3189,260.0689,294.5429,302.4132,309.4655,309.9107,357.6108,370.3144,306.0849,297.7223,299.2738,299.3674,298.1342,295.1100,299.2194,298.5532,299.9916,299.3885,299.2020,294.5094,329.5781,322.0251,326.3868,0.0000,300.4486,331.5840,282.3063,308.3572,309.7465,326.6497,312.0947,291.6456,356.3133,330.0755,292.2098,297.8454,292.6956,294.9059,333.2758,291.2388,292.2727,276.6735,311.1722,269.4563,351.6895,352.4871,358.1814,291.3130,297.0464,291.0958,294.6196,294.4593,329.3088
35.0000,321.0689,310.3834,311.3690,301.1431,290.5246,291.9437,290.4173,323.2496,311.6975,332.6436,320.9660,330.6346,311.7412,308.2731,289.5924,285.6365,299.4653,300.8427,287.3367,311.5332,295.1612,287.8172,290.9612,297.1456,292.6229,297.3555,298.1403,310.1388,334.3401,309.8551,310.6641,311.5735,334.9462,319.4674,317.3514,325.8102,311.3888,308.1216,310.0412,322.0055,340.6576,307.4104,321.8898,342.3387,338.5738,284.6406,292.5997,291.0133,284.3098,284.6101,278.3376,293.2485,296.9758,291.9159,296.0824,294.8300,304.7964,285.2890,277.3937,287.1742,288.6474,288.9857,285.2863,285.5955,292.3563,290.1912,290.9783,295.0797,291.0585,292.5617,296.0465,293.5161,293.1529,288.6905,286.4310,306.6807,305.2982,334.9525,330.9975,307.6940,303.0130,302.1026,311.4825,311.6287,312.2529,312.8961,312.8606,312.3879,312.3474,323.8506,311.3984,309.5942,309.0861,306.4079,306.6799,310.5749,313.6569,310.2802,0.0000,320.8747,325.0324,311.2408,298.8149,316.4690,290.0703,290.4720,287.8114,287.5225,287.9538,304.3766,312.9638,294.1640,330.8371,315.1999,290.2772,284.7882,306.8204,312.5923,308.6208,294.3997,291.3774,311.1518,311.6547,309.1831,282.1594,309.4762,332.3267,286.4452,277.6565,277.7288,306.8604,285.6584,277.3587,318.4590,311.3350,311.1599,311.9386,312.3612,312.9648,286.3341,285.5643,287.8664,296.1902,293.4722,291.3179,298.3996,291.7528,288.4121,289.1601,290.0204,334.1158,334.1159,329.5676,310.4657,317.6765,284.3114,294.4828,291.7994,307.2334,307.3382,286.3858,0.0000,286.9983,301.2401,278.6005,281.0601,307.5813,307.0991,332.1355,314.5212,311.4971,265.0398,246.5768,287.5979,246.8072,280.0495,309.4664,325.6455,351.1926,355.8129,335.0374,320.0425,285.6365,284.9219,284.3422,287.2453,257.6958,292.2833,290.8151,297.3054,297.3785,338.8567,349.5654,293.3335,293.1764,294.8555,294.9488,293.6777,291.1350,294.8007,294.1521,295.5590,294.9699,294.7597,290.3245,311.3984,306.6760,307.3427,0.0000,293.9370,311.2334,274.7413,297.1111,297.9080,308.7511,303.5034,283.8555,336.1755,310.6600,284.4407,289.9171,284.9161,288.6870,309.3955,290.7995,294.0330,269.2446,297.2310,266.4314,331.7467,332.5260,338.0089,286.3781,292.5008,286.2533,290.2763,290.6175,310.5063
36.0000,319.8576,310.0731,311.0368,301.0713,290.5430,292.0182,290.4692,320.7150,311.5099,329.7220,319.0137,327.6135,311.4300,307.4226,289.2576,285.3570,299.0222,300.4149,286.7330,311.5143,295.1555,287.9713,291.1360,297.0366,292.7483,297.4758,298.2613,309.1175,331.7122,309.5542,310.4678,311.3768,332.3120,318.2601,316.2697,323.6702,311.1839,307.3527,309.7949,320.7597,338.7079,305.5205,319.6833,340.3254,335.9105,284.0669,291.8222,290.3466,284.0099,284.1247,277.9590,292.6656,296.3386,290.9622,295.5739,294.2162,304.4063,284.9052,276.7690,287.1581,287.6415,288.0057,284.7741,285.1131,292.0113,289.1264,289.9599,294.2823,289.8869,291.2383,295.3211,292.9914,292.4726,287.6842,285.7478,306.5022,304.9677,332.2777,328.5008,306.6876,303.5428,301.5823,311.2767,311.4333,312.0846,312.7380,312.6189,312.1650,312.1720,321.5652,311.1746,309.3674,308.7943,306.4079,306.5016,308.7270,311.5341,309.2514,0.0000,319.0689,322.9359,310.9448,298.6694,315.6246,289.4564,289.8482,286.5893,286.4890,286.9324,304.1540,312.6831,293.4344,328.3685,314.8545,290.2810,284.5000,306.6646,312.4701,308.5415,293.7107,290.5142,310.9224,311.4315,308.9125,281.5536,308.8459,329.3891,284.9398,277.0328,277.1049,306.6218,285.3156,278.5307,316.2740,311.1207,310.3301,311.7239,312.1318,312.7382,285.8361,285.6593,287.9491,295.9453,293.2297,290.4665,298.3291,291.3761,288.0661,288.1788,288.9532,331.7685,331.7686,327.2785,310.2441,317.3965,284.1261,294.2808,291.5501,307.0125,307.2854,285.0395,0.0000,286.3760,301.1690,278.2054,280.5949,307.5181,307.0247,329.4106,314.2931,311.2721,264.9681,246.7067,286.9918,246.9269,282.9817,308.5192,324.1065,347.7323,353.4534,332.4043,317.8318,285.3570,284.4719,283.8741,286.4879,258.6845,291.5225,290.8491,297.3867,297.4969,336.5673,346.3084,293.4718,292.2322,294.0125,294.1062,292.8813,290.4336,293.9574,293.3378,294.7609,294.1272,293.8938,289.5395,311.1746,306.4988,307.2898,0.0000,293.7043,311.0284,274.1530,296.8487,297.6125,308.5661,303.0905,283.2477,333.5198,310.4637,283.8642,289.3088,284.3374,288.6524,308.9261,290.7093,293.6619,268.6681,297.0176,265.9904,329.2345,329.9874,335.3504,285.0390,291.5551,284.9808,289.0392,289.4710,310.3487
37.0000,324.7266,310.2479,311.2470,301.0432,290.3659,293.7461,292.0290,322.8162,311.2873,330.7212,319.7197,328.1176,311.2947,308.4561,290.6878,286.7611,300.8346,302.0570,288.5171,312.5076,295.8828,287.9583,291.3217,297.6434,294.7670,299.8560,300.7206,310.2751,332.0598,309.7140,310.3443,311.2192,332.7060,323.1837,320.7079,324.4536,311.0309,309.8226,309.8620,325.7314,345.7776,307.1522,320.4503,347.5844,336.2540,285.1531,294.8864,293.3012,285.0413,287.8911,281.9641,292.5128,298.0845,293.6544,298.0874,294.8649,305.5831,288.9951,277.8539,291.7582,290.4005,290.7968,288.5692,289.0120,292.3563,291.6264,292.4283,297.3449,293.0182,294.6088,298.4007,296.4418,296.0809,290.4452,287.0618,306.6094,305.9915,332.6346,329.1064,308.6954,302.4074,303.2215,311.1244,311.2560,311.8478,312.5051,312.5535,312.0683,311.9678,323.7079,311.3879,309.4360,308.8700,306.4079,306.6087,310.5740,313.4734,310.3674,0.0000,319.7048,323.6494,310.9903,299.3503,320.3853,291.1415,291.5096,288.8774,289.1278,289.6367,304.2221,312.9096,296.6121,328.9423,315.1104,291.7375,284.9545,307.6019,316.9315,307.8857,294.6585,293.4549,310.9556,311.4956,309.0679,282.6971,309.5765,330.3093,287.5020,278.1261,278.1985,307.0765,286.2936,281.2260,318.3012,311.0238,311.5781,311.6116,312.0781,312.6605,287.0895,287.5500,289.7371,296.6764,294.3089,293.3857,298.2874,292.3308,289.0534,290.6868,291.4442,336.0700,336.0701,330.6325,310.1890,318.3068,284.0026,297.7382,293.7885,307.0593,306.8446,287.6578,0.0000,288.2829,301.1269,282.1683,284.3571,307.0933,306.5103,330.2150,314.8644,311.4944,269.6654,251.7275,288.8033,251.9178,293.4936,309.6012,330.0591,357.7990,361.6212,332.8031,319.8908,286.7611,288.4061,287.7379,289.7504,265.5734,293.4152,292.4077,299.4238,299.8665,344.6727,356.1463,295.4759,295.4492,297.1305,297.2228,295.9064,293.3857,297.0730,296.4366,297.8354,297.2452,297.0493,292.5496,311.3879,306.6054,306.8480,0.0000,295.7387,310.9136,276.2088,297.4982,298.2288,308.6403,304.4793,285.1555,333.9033,310.3402,285.6559,291.0035,286.1297,290.8955,309.3489,294.7523,295.1752,270.8108,299.0340,269.5568,329.7539,330.4423,335.7027,287.6578,294.7000,287.6431,291.6609,292.0410,310.7299
38.0000,324.4338,310.4567,311.4641,301.1414,290.4043,293.3258,291.6264,317.5145,311.7072,321.8131,317.3868,321.1372,311.4876,308.1544,291.1147,287.1075,301.8061,302.7575,288.9372,312.9281,295.7525,287.7823,291.1731,297.6250,294.2269,299.2177,300.0790,309.5709,327.9360,309.9188,310.6367,311.6028,328.7758,322.9596,320.3606,321.1827,311.4255,308.8303,310.0382,325.4530,345.7934,304.5564,318.1564,347.6269,332.4511,285.7423,294.7358,293.0935,285.2296,288.1329,282.1899,293.2111,298.2664,293.9399,298.5959,295.5523,306.1294,289.3648,278.3601,291.7723,290.6235,290.9934,288.8954,289.3619,292.3563,291.8931,292.6887,297.4621,293.3199,295.0040,298.6317,296.8168,296.4782,290.6692,287.4328,306.6662,306.5483,328.5463,324.3081,307.3951,302.6996,303.9485,311.5265,311.6509,312.3457,313.0808,312.9713,312.4453,312.4654,319.8246,311.3059,309.5537,308.8292,306.4079,306.6654,307.7241,310.5845,309.7150,0.0000,317.3886,320.5143,311.3006,299.3367,320.2193,291.5357,291.8777,289.2038,289.3858,289.8767,304.3380,312.7887,296.8584,324.5759,314.8853,291.3464,284.6172,307.9208,316.8803,308.1100,295.3280,293.5641,311.2054,311.8015,309.2069,283.2165,309.5753,320.6451,287.8090,278.6299,278.7025,307.3378,286.4719,280.7106,314.9519,311.3251,311.9337,312.0616,312.4196,312.9943,287.7636,287.2234,289.3582,296.6966,294.2233,293.4888,298.3875,292.5043,289.2335,290.9609,291.7119,333.2372,333.2373,327.3479,310.4601,318.2416,283.3229,299.2126,294.5869,307.0885,307.0202,287.9774,0.0000,288.6806,301.2279,282.3984,284.6220,307.2646,306.7025,323.5348,314.7673,311.4196,269.7257,251.4312,289.2277,251.6399,291.0386,309.0922,330.4511,361.0779,360.2928,328.8671,316.3872,287.1075,288.7508,288.0607,290.0307,264.4278,293.5987,291.9986,298.8847,299.2309,346.4408,359.2387,294.9398,295.3970,296.9829,297.0797,295.8868,293.4888,296.9275,296.5605,297.9513,297.1006,296.7971,292.6514,311.3059,306.6616,307.0240,0.0000,296.9178,311.2339,276.6733,297.5524,298.3097,308.6199,305.1414,285.6350,329.8629,310.6323,286.0971,291.4125,286.5628,292.2702,309.3480,295.0316,295.7090,271.2662,298.2658,269.8079,325.4188,326.2162,331.8786,287.9774,294.6944,287.9774,291.9393,292.3093,311.0811
39.0000,322.7596,310.4049,311.4099,300.9218,290.2056,292.5358,290.8836,316.2351,311.4711,321.0756,316.5372,320.5554,311.3019,305.7806,291.2696,287.1894,302.3413,303.1244,289.5017,312.5768,295.3808,287.5011,290.8618,297.3648,293.2808,298.2481,299.0907,307.4704,327.3022,309.8736,310.4528,311.4079,328.1974,321.2635,318.7249,320.3944,311.1683,307.1716,309.6918,323.7656,343.8371,302.4065,317.1874,345.6463,331.9193,286.1341,294.8944,293.2360,285.2899,288.2273,282.2266,293.5222,298.3389,294.2423,298.8429,295.8452,306.3901,289.4969,278.6854,291.9691,290.9107,291.2713,289.0486,289.5167,292.3563,292.2054,292.9895,297.7303,293.6194,295.3251,298.8357,297.1071,296.7763,290.9561,287.7230,306.7795,306.8307,327.9235,323.6054,305.4533,302.3372,304.3438,311.2703,311.4209,312.1342,312.8876,312.7521,312.2092,312.2564,318.0613,311.1216,309.2648,308.6062,306.4079,306.7788,305.1081,307.6704,307.5261,0.0000,316.6275,319.7362,311.0011,299.0909,318.7250,291.9824,292.2879,289.5568,289.6876,290.1716,304.0542,312.5494,297.0658,323.8711,314.6188,290.6575,284.2758,307.7154,315.7809,307.9020,295.6186,293.8116,310.9249,311.5008,309.2232,283.5644,308.0707,319.9349,288.1329,278.9557,279.0284,307.5092,286.5091,279.8078,312.5535,311.1312,310.2686,311.8103,312.1634,312.7155,288.2231,286.4418,288.5755,296.4797,293.7592,293.7350,298.1707,292.5285,289.2712,291.2728,292.0257,331.3318,331.3319,325.5236,310.3097,318.0186,283.3858,299.3881,294.7497,306.9145,306.8192,288.3070,0.0000,289.1807,301.0091,282.4454,284.7243,307.0621,306.5169,322.7891,314.5627,311.2354,269.3639,250.6362,289.7872,250.8685,287.2172,306.8653,328.7762,359.4579,357.7658,328.2869,314.1678,287.1894,288.8933,288.1958,290.2523,262.3930,293.8000,291.2652,298.0285,298.2650,344.7615,357.6070,293.9850,295.6006,297.1440,297.2417,296.0798,293.7350,297.0893,296.8199,298.2206,297.2624,296.9204,292.8971,311.1216,306.7747,306.8229,0.0000,297.9156,311.0327,277.8501,297.4042,298.1836,308.4770,305.4478,286.4087,329.2581,310.4485,286.6928,291.8763,287.1471,293.7046,308.2549,295.2984,295.9467,272.6817,297.0189,269.9049,324.7316,325.5500,331.3390,288.3070,294.8619,288.3070,292.2766,292.6359,310.8412
40.0000,321.2276,310.3208,311.3082,300.8845,290.2351,292.1139,290.5335,315.1712,311.4145,320.7331,316.0024,320.1480,311.2346,305.3230,291.5340,287.3618,302.9154,303.4841,290.1969,312.5587,295.2901,287.6268,290.9102,297.3304,292.7420,297.6467,298.4664,306.8008,326.6521,309.8021,310.3595,311.2459,327.5061,319.6685,317.2817,319.8157,311.1110,306.0928,309.6235,322.2129,341.8649,300.8018,316.5955,343.6362,331.2162,286.5103,295.3913,293.7557,285.4810,288.4144,282.3762,293.7309,298.5306,294.6348,299.0597,296.0076,306.6405,289.7137,279.0467,292.4504,291.2966,291.6401,289.2962,289.7625,292.3563,292.6090,293.3769,298.1134,293.9260,295.5750,299.1436,297.3967,297.1895,291.3423,288.1708,306.7871,306.9993,327.2571,323.0614,304.2985,302.2929,304.7020,311.2134,311.3690,312.0827,312.8416,312.6875,312.1336,312.2082,316.6788,311.0089,309.2057,308.5298,306.4079,306.7863,303.1321,305.5567,306.8264,0.0000,316.1387,319.1832,310.9532,299.0494,317.2728,292.5633,292.8277,290.0233,290.0877,290.5647,303.9961,312.3852,297.3701,323.2962,314.3861,290.3902,284.3782,307.7448,314.6035,307.8549,295.7858,294.2238,310.8728,311.5066,309.1854,283.9463,307.7906,319.6660,288.5622,279.3198,279.3926,307.5659,286.6937,279.2940,310.7697,311.0253,310.0012,311.7623,312.0868,312.6111,288.6053,286.0010,288.1474,296.5503,293.8292,294.1676,298.1336,292.7150,289.4576,291.6816,292.4318,329.6389,329.6390,323.9497,310.2218,317.8842,283.3279,299.8175,295.0545,306.8696,306.7743,288.7443,0.0000,290.2073,300.9717,282.6041,284.9270,307.0175,306.4994,322.3307,314.4394,311.1230,269.2572,250.3691,290.5408,250.6101,285.3845,306.2892,326.9749,356.7465,355.4871,327.5939,312.4977,287.3618,289.1257,288.4243,290.5792,261.6114,294.0518,290.9278,297.5584,297.6675,342.5504,354.9621,293.4433,295.7251,297.6419,297.7392,296.5519,294.1676,297.5863,297.2214,298.6049,297.7603,297.4468,293.3015,311.0089,306.7823,306.7779,0.0000,298.7088,310.9452,278.5192,297.4826,298.2564,308.4167,305.7412,287.0984,328.5773,310.3553,287.4444,292.4774,287.9015,294.7047,308.0429,295.7326,296.2484,273.3383,296.2936,270.0970,324.1392,324.9403,330.6375,288.7443,294.9868,288.7443,292.7259,293.0520,310.7780
41.0000,320.7211,310.2189,311.1770,300.8441,290.2368,292.0998,290.4850,315.0290,311.3248,320.6845,315.8399,319.9477,311.0970,305.1847,291.6066,287.3024,303.2835,303.6840,290.6871,312.2530,295.3065,287.7132,290.9885,297.3226,292.7299,297.7120,298.5388,306.6568,326.3450,309.7170,310.2620,311.1341,327.1150,319.2048,316.8767,319.6592,311.0257,305.9465,309.5579,321.6790,340.7677,300.6383,316.4133,342.4881,330.7117,286.4237,295.9326,294.3314,285.4613,288.5861,282.4613,293.4421,298.7511,294.8316,298.9450,295.6824,306.7591,289.7632,278.9550,292.6515,291.6084,291.9681,289.4126,289.8628,292.3563,292.8451,293.5818,298.5139,294.2003,295.7994,299.4480,297.8155,297.3670,291.6541,288.1689,306.7854,307.0780,326.9390,322.8432,304.1682,302.2381,304.9047,311.1279,311.2887,311.9882,312.7436,312.5866,312.0267,312.1184,316.5026,310.9266,309.1478,308.4699,306.4079,306.7847,302.9889,305.3977,306.6828,0.0000,315.9866,319.0173,310.8922,299.0324,316.8454,292.9616,293.1948,290.3381,290.3761,290.8684,303.9393,312.2578,297.6143,323.0659,314.2273,290.3232,284.3925,307.4632,314.2491,307.7924,295.4759,294.6040,310.8004,311.4604,309.1321,283.8735,307.6607,319.6660,288.8474,279.2315,279.3042,307.5991,286.7264,279.2823,310.6027,310.9117,309.7748,311.6809,311.9793,312.4713,288.5278,285.9511,288.1184,296.5752,293.8538,294.5506,298.0929,292.7881,289.4906,291.9440,292.6733,329.0418,329.0419,323.5449,310.1273,317.8462,282.2450,300.4738,295.2446,306.8248,306.7186,289.0351,0.0000,290.4894,300.9305,282.6954,285.0453,306.9592,306.4457,322.1631,314.3757,311.0402,269.1509,250.2719,291.0099,250.5127,284.6259,306.1452,326.5382,356.4027,354.0581,327.2046,312.3279,287.3024,289.2102,288.5246,290.7988,261.3979,294.1496,290.8839,297.5696,297.7315,342.2046,354.6008,293.4706,296.1735,298.1759,298.2690,296.9931,294.5506,298.1192,297.6060,299.0062,298.2915,298.0375,293.6863,310.9266,306.7807,306.7222,0.0000,299.3008,310.8446,279.4359,297.5085,298.2724,308.3667,305.8877,287.7190,328.2297,310.2579,288.0384,292.8908,288.4609,295.5084,307.9505,295.9174,296.3707,274.4306,296.2457,270.2091,323.8901,324.6719,330.1515,289.0351,295.4478,289.0351,292.9812,293.2904,310.5738
42.0000,319.9373,310.1354,311.0680,300.8607,290.3053,292.0991,290.5461,314.8007,311.2570,320.6531,315.9535,319.8382,311.1687,305.1605,291.6723,287.4787,303.2449,303.6588,291.1578,311.9425,295.3706,287.8292,291.0827,297.3996,292.7187,297.6935,298.5173,306.6516,326.2617,309.6479,310.1972,311.1014,327.0135,318.4185,316.2120,319.6729,310.9609,305.7983,309.5090,320.8660,339.3583,300.5524,316.6116,341.0249,330.5834,286.2757,296.4955,294.9651,285.7086,288.6320,282.4858,292.9984,298.8449,295.1357,298.6416,295.1780,306.7165,289.7548,278.8700,293.4928,291.9676,292.3668,289.4889,289.9249,292.3563,293.1263,293.8579,298.9936,294.4374,295.9159,299.5976,297.9685,297.7422,292.0132,288.2757,306.7712,307.0347,326.8470,322.8064,304.0845,302.2206,304.8649,311.0628,311.2228,311.9166,312.6687,312.4943,311.9315,312.0476,316.3254,310.8517,309.1021,308.4446,306.4079,306.7705,302.8238,305.3161,306.7094,0.0000,316.0516,319.0439,310.8443,299.1151,316.1180,293.3561,293.5650,290.6697,290.7056,291.2145,303.8946,312.1560,297.7667,323.0292,314.1323,290.4307,284.5180,307.1750,313.6342,307.7651,294.9916,295.0348,310.7154,311.3405,309.0911,283.7924,307.6104,319.6660,289.1586,279.1506,279.2233,307.5881,286.9324,279.2718,310.4911,310.8294,309.6639,311.6144,311.8751,312.3367,288.3148,285.8681,288.0834,296.6719,293.9497,294.9747,298.1079,292.9699,289.6987,292.2490,292.9586,328.3782,328.3783,323.1070,310.0615,317.5249,284.3277,299.0192,294.8574,306.8147,306.7010,289.3461,0.0000,291.0741,300.9457,282.7264,285.0955,306.9445,306.4729,322.1025,314.1753,310.9637,269.1952,250.2780,291.5027,250.5206,284.1822,306.1346,325.4509,353.8708,352.4287,327.1051,312.2012,287.4787,289.2450,288.5741,291.0152,261.3436,294.3227,290.9495,297.6028,297.7158,340.3990,352.1553,293.5229,296.9075,298.7255,298.8168,297.4884,294.9747,298.6679,298.0605,299.4881,298.8400,298.6080,294.1266,310.8517,306.7667,306.7045,0.0000,299.3881,310.7698,279.8701,297.6063,298.3657,308.3385,305.8464,288.1661,328.1196,310.1931,288.6400,293.2966,289.0052,295.7148,307.9108,296.4362,296.4010,274.8570,296.2125,270.2568,323.8415,324.6123,330.0278,289.3461,296.1619,289.3461,293.2435,293.5704,310.4347
43.0000,320.8819,311.1711,312.0643,302.1931,291.7835,293.5839,292.0514,321.0667,312.5677,329.9976,319.7565,327.8982,312.5197,306.9520,292.8491,288.5080,304.8850,305.1661,292.6712,312.6833,296.6969,289.0722,292.3626,298.6881,294.2815,299.2957,300.1177,308.7744,330.8037,310.7051,311.3979,312.2635,329.9862,319.4488,317.3310,324.2688,312.2696,307.7252,310.8454,321.7659,339.3444,303.9467,320.5430,340.9284,333.5895,286.9213,297.4916,296.0119,286.8711,289.0847,282.9189,293.4142,299.1092,295.9151,299.0118,295.6327,308.0651,290.0950,279.5629,294.2737,292.8946,293.3066,289.9636,290.3649,292.3563,294.0005,294.6736,299.9457,295.2429,296.6216,300.1460,298.7467,298.3963,292.9400,289.1266,307.8458,308.2995,331.3768,328.2904,306.3641,303.5725,306.5679,312.3699,312.5144,313.2125,313.9477,313.7438,313.1865,313.3307,321.1948,311.9899,310.4371,309.8565,307.5215,307.8451,306.1732,308.8173,308.8100,0.0000,319.7750,323.4598,312.1478,300.3788,317.1190,294.6629,294.8424,291.7422,291.6384,292.1471,305.2067,313.2518,298.3332,328.1291,315.1802,291.9089,285.7456,308.2409,314.5838,309.2129,295.5552,295.9785,312.0093,312.6528,310.1556,284.4866,309.1645,329.6664,290.1332,279.8460,279.9188,308.7229,288.1292,280.7626,314.6178,312.0082,311.0780,312.8839,313.1345,313.5792,288.8963,287.2877,289.5337,297.9431,295.2091,295.9210,299.4285,294.2133,290.9072,293.1750,293.8428,332.6455,332.6456,327.6326,311.2276,318.2715,285.8776,299.5251,295.7652,308.1530,308.0727,290.3299,0.0000,292.3469,302.2789,283.1649,285.5403,308.3105,307.9238,329.3380,315.1029,312.0980,269.6564,250.5387,292.9951,250.7905,283.2034,308.1103,326.0347,352.6476,355.5887,330.2304,316.5402,288.5080,289.6510,289.0091,291.7202,261.3007,294.8272,292.4450,299.1477,299.3162,340.0152,351.0371,295.0923,297.9230,299.7118,299.8025,298.4528,295.9210,299.6540,298.9998,300.4385,299.8258,299.6013,295.0792,311.9900,307.8412,308.0765,0.0000,301.3443,311.9885,282.1799,298.8812,299.6488,309.5902,307.2365,289.9298,332.1692,311.3940,290.2685,294.6125,290.6382,297.9704,309.4162,297.1294,297.7070,277.4913,297.9918,270.6784,328.8276,329.4117,333.0529,290.3299,297.1869,290.3299,294.1922,294.4719,311.4961
44.0000,317.0579,309.7972,310.6211,300.9680,290.7315,291.7557,290.3429,317.9934,311.2254,327.0861,317.5173,325.3466,311.0125,305.1330,290.6939,286.8806,298.7245,301.2016,292.9723,311.0541,295.2230,287.7805,291.0236,297.2947,292.3430,297.2344,298.0197,306.7735,327.7653,309.3637,310.0752,310.8723,326.8107,315.6632,313.7880,321.7742,310.9152,305.2339,309.5105,317.8717,334.0271,301.2497,318.2841,335.4827,330.2395,285.9262,296.7725,295.3542,285.4255,287.7850,281.5759,293.4243,298.6453,295.2399,298.0149,295.2523,305.0240,288.6844,278.5957,293.0915,292.1934,292.6060,288.7317,289.1038,292.3563,293.3683,294.0575,299.0584,294.3762,295.6347,299.0670,297.8082,297.4632,292.2386,287.8918,306.7545,305.6819,328.2930,325.4933,304.0106,302.4482,302.6392,311.0118,311.1678,311.8474,312.5539,312.3423,311.8051,311.9560,318.2046,310.7345,309.1323,308.4821,306.4079,306.7540,303.4410,306.1416,306.8506,0.0000,317.5521,321.0004,310.7823,298.9485,313.4776,293.9792,294.4060,291.1939,290.9463,291.4582,303.9237,311.9507,297.2761,325.3276,313.8950,290.2306,284.2632,306.7903,311.2085,308.1128,295.0552,295.2372,310.6547,311.3014,308.9064,283.4526,307.4903,326.8124,289.4979,278.8693,278.9419,307.0966,286.7960,278.9131,311.7991,310.6562,309.1147,311.5078,311.7472,312.1714,287.7911,285.4234,287.6989,296.7161,293.9933,295.1865,298.2185,292.9573,289.5612,292.4805,293.2159,328.7013,328.7014,324.1008,309.9006,317.0626,283.6904,297.1850,293.4315,306.8346,306.9319,289.7327,0.0000,292.7272,301.0573,281.8381,284.2782,307.1527,306.7277,326.4727,313.9089,310.8401,267.9776,248.7564,293.2765,249.0182,279.0090,306.1826,321.7424,346.0991,349.9007,327.0521,313.6727,286.8806,288.3306,287.7278,290.7590,258.7424,294.3700,290.7256,297.2161,297.2589,334.6605,344.6385,293.1742,297.2000,298.9685,299.0573,297.7391,295.1865,298.9112,298.1398,299.5467,299.0811,298.8771,294.3668,310.7346,306.7512,306.9357,0.0000,291.5033,310.6466,291.5025,297.6512,298.3435,308.3120,303.7743,293.0779,329.0206,310.0714,290.6512,293.9364,291.0975,288.5462,307.9026,296.1195,294.8446,286.6589,295.9274,269.4819,325.9655,326.4970,329.7304,289.7327,296.4539,289.7327,293.5638,293.8320,309.9939
45.0000,316.1316,309.5572,310.3115,301.0667,291.0121,291.9543,290.5875,317.9609,311.0877,326.4836,317.3907,324.8193,310.9661,305.6154,290.8144,286.7685,299.9850,301.8360,293.5260,310.3591,295.3793,288.2649,291.3562,297.3904,292.5813,297.3626,298.1378,307.3022,327.0351,309.1630,309.9212,310.6541,325.9524,314.8103,313.1321,321.4518,310.7720,305.6976,309.4166,316.8762,331.6299,302.6650,318.2278,332.9587,329.2259,285.6795,296.7147,295.3496,285.5204,287.2446,280.9360,293.1563,298.5210,295.0730,297.2623,294.6474,305.3869,287.9500,278.3711,292.3386,292.1360,292.5541,288.1618,288.4981,292.3563,293.3138,293.9786,298.9514,294.1771,295.3290,298.7617,297.5174,296.8868,292.1815,287.7887,306.6437,305.8690,327.5319,324.9356,304.8449,303.0069,303.2614,310.8646,311.0226,311.6703,312.3343,312.1007,311.5923,311.7670,318.6996,310.5911,309.0389,308.4166,306.4079,306.6433,305.3629,308.3053,307.4648,0.0000,317.3735,320.6943,310.6319,299.0111,312.5805,294.2642,294.6383,291.2735,290.9084,291.4116,303.8318,311.7659,296.9509,324.7746,313.7172,290.3770,284.9665,306.0351,310.2169,308.2683,294.3898,295.1615,310.4862,311.1177,308.7332,283.2337,307.6912,326.2219,289.5029,278.6476,278.7202,307.0810,286.8780,279.1404,313.1953,310.4547,309.2202,311.3377,311.5294,311.9258,287.4776,285.5496,287.8668,296.7601,294.0122,295.1148,298.3163,293.0345,289.6440,292.4476,293.1679,328.3028,328.3029,324.0915,309.7356,316.5508,284.3886,296.3354,293.1696,306.8118,307.0475,289.7466,0.0000,293.3814,301.1561,281.2127,283.7062,307.2595,306.8950,325.9002,313.5815,310.6910,267.0257,247.4885,293.8589,247.7693,274.8081,306.6919,320.4443,342.9225,347.4368,326.1951,314.8100,286.7685,287.6813,287.1174,290.4428,256.4279,294.2461,290.9666,297.4072,297.3888,332.4577,341.5785,293.4068,297.1432,298.8944,298.9834,297.6567,295.1148,298.8373,298.0238,299.4404,299.0072,298.7908,294.3088,310.5911,306.6409,307.0515,0.0000,294.0307,310.4733,294.0301,297.6949,298.3734,308.2456,304.2395,294.2466,328.2079,309.9177,291.2101,294.2278,291.7634,291.7549,308.0212,295.4887,295.1663,290.5186,296.3458,268.9397,325.3672,325.8555,328.7418,289.7466,296.4019,289.7466,293.5483,293.7890,309.5729
46.0000,310.0602,305.5760,306.2856,297.1075,287.2371,287.7585,286.5546,312.4222,306.8131,320.6398,312.4287,319.1061,306.8439,300.7723,287.0299,282.8902,296.2896,298.0389,290.2221,305.7400,291.4122,284.6200,287.5779,293.4552,288.2893,292.8302,293.5492,302.4511,321.2548,305.2105,305.7830,306.4597,320.0761,308.7810,307.3300,316.1947,306.4991,300.8800,305.2254,310.7394,324.1805,298.1035,313.2342,325.3907,323.1772,281.7975,293.3891,292.0854,281.8292,283.9385,277.5775,289.1399,297.0708,292.0469,293.4183,290.4262,301.5617,284.4621,274.6544,288.7702,288.8905,289.3011,284.7449,285.0471,292.3563,290.2348,291.0256,295.4621,290.7739,291.8180,295.6436,294.0342,293.6106,288.9352,284.1286,302.9381,302.0323,321.7102,319.3375,300.1732,299.1672,299.4130,306.5865,306.7510,307.3695,308.0005,307.7721,307.3025,307.4595,313.3917,306.5881,304.9056,304.3475,302.7175,302.9378,300.9095,303.8455,302.5564,0.0000,312.4256,315.4835,306.3733,295.0500,306.6683,290.9285,291.2697,288.0344,287.7032,288.1827,299.7679,307.6934,293.7532,319.1952,309.5346,286.4398,281.3663,301.3110,304.5041,304.1946,290.1606,291.8396,306.2595,306.8440,304.8613,279.4545,303.0800,320.3988,286.3152,274.9312,275.0028,303.3025,283.2249,275.0455,308.3436,306.2832,304.3658,307.0409,307.2420,307.6195,283.4767,281.3850,283.7043,292.9701,290.2572,291.7999,294.3936,289.3461,285.9558,289.2739,290.0803,322.0652,322.0653,318.2633,305.6424,312.6557,280.4845,292.2386,289.2010,302.8284,303.0344,286.5635,0.0000,290.9491,297.1960,277.8627,280.3951,303.2387,302.8975,320.1840,309.6463,306.6818,263.6176,244.0452,290.6395,244.3370,268.9668,301.8381,313.9627,334.5891,339.4994,320.3138,309.8267,282.8902,284.2369,283.7068,287.1036,252.1517,292.2175,286.9283,293.0538,292.8615,325.0089,333.3510,289.1369,293.7816,295.5283,295.6176,294.2914,291.7999,295.4722,294.5718,295.9421,295.6404,295.4184,291.0245,306.5881,302.9359,303.0381,0.0000,290.6996,306.2851,290.6989,293.9009,294.5519,304.3048,300.4015,290.8932,322.3458,305.7798,287.8207,290.8978,288.4762,288.7408,303.5894,292.1224,291.3763,287.2273,291.9383,265.8009,319.7347,320.1813,322.7198,286.5635,293.0630,286.5635,290.3734,290.6693,305.1727
47.0000,306.2821,302.6075,303.2612,294.4197,284.8040,285.2335,284.1288,309.5498,303.7452,317.6772,309.7252,316.2903,303.7423,298.2950,285.0951,280.8539,294.8673,296.1708,289.9529,302.2271,288.9101,282.1510,285.0941,290.9734,285.7607,290.2264,290.9064,299.9502,318.8568,302.2776,302.7734,303.4102,318.7311,305.1098,303.8039,313.3650,303.4556,298.2197,302.3501,306.8971,319.0488,296.1287,310.5514,320.1426,321.6233,280.1044,294.3317,293.0163,279.9839,284.0473,277.6840,287.0536,297.0864,292.5972,292.2833,288.2399,299.3370,284.6535,273.1389,288.6739,289.8307,290.2393,285.0903,285.3936,292.3563,290.9116,291.6563,296.4171,291.7329,292.7905,295.8337,295.0138,293.9041,289.8750,282.8719,300.2719,299.6481,319.2663,316.6900,297.7916,296.2398,297.6013,303.5376,303.7022,304.2466,304.8246,304.6566,304.2212,304.3390,310.7327,303.7028,302.0652,301.5651,300.0995,300.2717,299.1846,302.1849,300.0667,0.0000,309.6761,312.7038,303.4204,292.5305,302.9916,290.4671,290.7392,288.8721,288.6193,289.1346,296.9750,304.7354,293.9857,316.5781,306.5217,284.0612,278.8595,298.0140,300.7935,301.2978,288.0377,292.7815,303.3006,303.8624,302.0152,277.9011,300.4060,317.4596,287.7602,273.4195,273.4907,300.7015,281.4404,272.6328,306.2317,303.2251,301.6125,303.9780,304.1832,304.5382,281.6201,278.8376,281.1815,290.7635,288.0710,292.7419,291.7262,287.5767,284.1543,289.9276,290.7600,318.4178,318.4178,315.0465,302.6515,309.1967,278.8452,289.7116,287.0112,300.1147,300.1903,287.9844,0.0000,293.1525,294.5033,277.9837,280.5612,300.3807,300.0748,317.3770,306.5005,303.7880,263.4389,243.6141,290.5951,243.9195,266.3392,299.3421,310.0620,330.1457,333.5206,318.8461,307.5594,280.8539,284.5010,283.9731,287.7462,251.0020,292.5917,284.4894,290.4739,290.2582,320.6422,328.8824,286.6095,294.7331,296.4800,296.5677,295.2586,292.7419,296.4238,295.4935,296.8939,296.5904,296.3860,291.9665,303.7028,300.2701,300.1937,0.0000,290.2767,303.2518,290.2762,291.7072,292.3398,301.5462,298.3117,290.5591,320.2241,302.7704,287.4732,290.4383,288.1298,288.4880,300.8609,292.2957,289.4674,287.5218,289.4535,265.9584,317.1709,317.6765,321.1797,287.9844,294.0084,287.9844,291.4164,291.4654,301.9374
48.0000,308.5348,306.5163,307.1361,298.4305,288.8311,288.5007,287.4996,311.7110,308.2971,319.7728,312.5782,318.8808,307.6066,301.8521,289.1275,284.7562,299.1708,300.3868,294.8695,305.9760,292.6050,285.7750,288.7638,294.8291,288.9209,293.3206,293.9798,303.2631,320.0881,306.2076,306.8640,307.4817,318.7311,307.4088,306.2090,315.9147,308.2377,301.1198,306.6245,309.1116,320.4958,298.6233,313.3900,321.5201,321.5427,284.3812,300.0393,298.6737,284.0084,288.3966,282.0367,290.9382,299.1424,297.4677,296.2997,292.0219,303.5116,289.3470,277.2453,293.0047,295.5203,295.9265,289.9274,290.2436,292.3563,296.1138,296.5802,302.1669,297.4886,298.5944,300.2500,300.6619,298.5466,295.5649,287.2035,304.2970,303.6990,320.4626,318.5663,300.7398,300.3459,301.9015,308.3136,308.4666,308.7995,309.3529,308.8921,308.5039,308.9881,313.0233,307.6889,306.2669,305.6245,304.1934,304.2967,301.6952,304.7526,303.3770,0.0000,312.5855,315.2696,307.6988,296.3765,305.3053,295.4049,295.6580,294.7120,294.2692,294.8363,301.1051,308.6847,298.5485,318.4226,310.4166,287.4699,282.2361,301.7436,303.1565,305.5397,291.8251,298.5032,307.5086,308.0770,305.9801,282.1117,304.2435,319.6343,294.0111,277.5335,277.6058,304.7240,285.5462,275.6476,308.6737,307.2908,305.2898,308.5546,308.4367,308.8143,285.9813,281.9649,284.3746,294.8597,292.1293,298.4638,295.7028,291.8186,288.2997,295.2845,295.9887,320.2124,320.2124,317.0456,306.7033,313.0618,282.9844,293.4444,290.9130,304.2050,304.3512,294.2096,0.0000,298.3900,298.5177,282.3567,285.0066,304.5274,304.2394,319.3410,310.4245,307.7706,267.1219,246.8597,295.5343,247.1776,268.1790,302.7595,312.3529,332.5767,334.5482,318.9497,309.9583,284.7562,289.2522,288.6810,293.0129,253.7586,295.8127,287.8523,293.7142,293.3574,322.9618,331.2796,289.7627,300.4698,302.2436,302.3332,301.0531,298.4638,302.1864,301.2108,302.6493,302.3558,302.1475,297.6749,307.6889,304.2954,304.3549,0.0000,294.8486,307.4059,294.8481,295.8369,296.4802,305.5981,302.4906,295.3344,321.0185,306.8610,292.4120,295.3762,293.0161,293.2324,304.8702,296.8422,293.5721,292.0503,292.5504,270.1725,318.8612,319.2174,321.1286,294.2096,299.7315,294.2096,297.1667,296.8493,305.8116
