"ETAPA \ BARRA","AGUAYTIA 220","BALNEARIO 220","BALNEARIOS 60 A","CALLAHUANCA 220","CALLAHUANCA 60","CARHUAMAYO 220","CARHUAMAYO NUEVA 138","CARHUAQUERO 220","CHAVARRIA 220 A","CHICLAYO OESTE 220","CHIMBOTE 220","GUADALUPE 220","HUACHIPA 60","HUACHO 220","HUANCAVELICA 220","HUAYUCACHI 220","ICA 220","INDEPENDENCIA 220","MARCONA220","MOYOPAMPA 60","OROYA NUEVA 220","OROYA NUEVA 138","OROYA NUEVA 50","PACHACHACA 220","PARAGSHA2 220","PARAGSHA 138","PARAGSHA 50","PARAMONGA NUEVA 220","PIURA OESTE 220","SAN JUAN 220","SANTA ROSA 220 A","SANTA ROSA EDS 60","TALARA 220","TINGO MARIA 138","TINGO MARIA 220","TRUJILLO 220","VENTANILLA 220","VIZCARRA 220","ZAPALLAL 220","AGUAYTIA 138","PUCALLPA 138","HUALLANCA 138","CHIMBOTE 138","PUCALLPA 60","ZORRITOS 220","ABANCAY NUEVA 138","ARICOTA138","ARICOTA II 66","CAMPO ARMINO 220","AYAVIRI138","AZANGARO 138","CACHIMAYO 138","CALLALLI 138","CERRO VERDE 138","COMBAPATA 138","DOLORESPATA 138","DESIERTO220","JULIACA 138","MACHUPICCHU 138","MOLLENDO 138","MOQUEGUA 220","MOQUEGUA 138","PUNO 220","PUNO 138","SANTUARIO 138","SOCABAYA 220","SOCABAYA 138","ILO 138","LOS HEROES 220 A","LOS HEROES 66","TINTAYA 138","TOMASIRI 66","REPARTICION 138","ILO2 220","COTARUSE 220","CHILCA REP 220","CANTERA 220","PIURA OESTE 60","LA NINA 220","CONOCOCHA 220","HUINCO 220","INDEPENDENCIA 60","CHILLON 220","CHILLON 60","CHAVARRIA 60 A","CHAVARRIA 60 B","BARSI 60","BARSI 220","OQUENDO 60","CAJAMARCA 220","PLANICIE 220 A","CARABAYLLO 220","CARABAYLLO 500","CHILCA CTM 500","CHILCA CTM 220 A","KIMAN AYLLU 138","KIMAN AYLLU 220","PARAMONGA EXISTENTE 138","MACHALA 200","CHIMBOTE 500","TRUJILLO 500","HUARANGAL 60","POMACOCHA 220","PIEDRA BLANCA 138","POROMA 220","POROMA500","OCONA 500","MONTALVO 500","MONTALVO 220","HUANZA 220","INDUSTRIALES 220 A","TINTAYA 220","LA NINA 500","INDUSTRIALES 60","CARHUAMAYO 50","CARIPA138","HUAMPANI 60","HUANUCO 138","REFINERIA ZINC 220","QUENCORO 138","ILO 3 220","MIRADOR 220","MIRADOR 60","ALTO PRADERA 220","ABANCAY NUEVA 220","LOMERA 220","REQUE 220","SAN JOSE 500","SANTA TERESA 220","SURIRAY 220","ASIA 220","CERRO DEL AGUILA 220","CHAGLLA 220","RAMADA 220","SANTA ROSA LDS 60","LOMERA 60","ZAPALLAL 60","MALVINAS 220","MALVINAS 60","ABANCAY 138","YAUPI 138","SANTA ISABEL 220","YANANGO 220","CHIMAY 220","ILO3 138","MATUCANA 220","COLCABAMBA 500","COLCABAMBA 220","YARABAMBA 500","YARABAMBA 220","BELAUNDE 220","BELAUNDE 138","CACLIC 220","INDUSTRIALES 220B","PLANICIE60","COBRIZAI 69","MOLLEPATA 60","MOLLEPATA220","CARAPONGO 500","CARAPONGO 220 A","SAN JOSE 220","MARCONA 60 A","SAN NICOLAS 60","CALLAHUANCA EDN 220","PUMIRI138","PUMIRI220","SAN MIGUEL 220","SAN MIGUEL 60","FELAM 220","MANCHAY 60","MANCHAY 220","SAN RAFAEL 138","SAN GABAN 138","MARCONA 60 B","ANGEL 138","PTO MALDONADO 138","MEDIO MUNDO 220","AUCAYACU 138","BELLAVISTA 138","TARAPOTO 138","PARINAS 220","PAMPA HONDA 220","ORCOTUNA 220","SAN ROMAN 138","SAN ROMAN 220","CHILOTA 220","MAZUCO 138","JESUS 138","CARHUAMAYO 138","CINCO MANANTIALES 138","OXIDOS CERRO 138","TOCACHE 138","JUANJUI 138","FRANCOISE 220","BOTIFLACA 138","MILL SITE 138","PLAZA TOQUEPALA 138","QUEBRADA HONDA 138","PANAMERICANA SOLAR 138","TOQUEPALA 138","ILO ELS 138","REFINERIA 138","LIXIVIACION 138","PUSHBACK 138","INTIPAMPA 138","PLANICIE 220 B","CHILCA CTM 220 B","CARAPONGO 220 B","CHILCA 1 220","DERIVACION 220","CHAVARRIA 220 B","DERIVACION 220  BARRA II","CAMPAS 220","CAMPAS 500","PLANICIE 500","NUEVA CHINCHA 220","CAHUACHI 220","VALLE DEL CHIRA 220","SANTA ROSA 220 B","ERSUR 220","FLAMENCO220","BARRA3HERMANAS","BARRAPTALOMITAS","PUERTO CHANCAY 220","CHAPARRAL 138","CHIRIBAMBA 220","BARRAPTALOMITAS2","YSHCAYUCRO 220","PAQUILLUSI 220","MIGUEL GRAU 500","MIGUEL GRAU 220","ALIPIO ROSALES 220","SUNNY","CUAJONE 138","SAN MARTIN 220","SAN LUIS 220","CERRO VERDE 220","PORTILLO 60","SURIRAY138"
1.0000,217.9707,199.6871,199.8493,201.0363,198.6058,200.5914,199.0591,223.8252,204.3055,225.7072,215.5796,224.0576,203.6083,207.4357,199.6506,199.2789,206.9466,205.8547,212.5574,201.1374,201.1463,199.9853,200.5399,201.0095,201.3047,202.8124,203.1736,209.4235,225.3365,199.5081,200.4221,200.5943,226.6069,216.8390,216.2432,219.3016,203.7663,211.0824,204.0083,218.4009,226.8972,214.3989,216.1843,227.6619,228.5766,211.6936,228.8416,228.2408,197.7787,224.6128,221.3057,216.0143,230.9232,224.8708,224.1959,217.3222,204.0405,224.5884,206.4885,231.1751,224.3632,224.7334,224.3064,224.5826,224.8554,223.1762,223.7083,229.7348,225.5033,225.9746,230.4691,227.8501,227.6759,224.3996,212.3156,196.5812,202.2170,225.6757,223.2645,210.5974,202.3132,206.3740,203.8317,204.0222,204.5227,204.8528,205.1344,204.8404,204.4629,222.9180,204.0535,203.8066,203.5150,200.7225,199.0047,215.5485,216.4236,209.6316,0.0000,215.1350,218.5495,204.4310,201.2242,214.5691,211.7221,211.3848,218.5346,223.2366,223.7944,200.7575,204.7318,229.2406,223.0121,205.9521,199.5203,200.4532,214.1499,211.4506,202.9836,217.4284,227.1848,204.4185,204.8562,198.7755,210.4909,206.1319,225.4470,221.7196,208.2429,208.2798,198.8772,199.0889,192.7451,219.5177,200.7143,207.0999,204.3779,204.8706,205.0807,212.8070,197.3077,198.5869,201.5524,200.7841,227.1589,199.7473,202.2745,200.2852,222.2717,222.9966,230.4346,231.8838,226.9473,200.2025,207.3433,197.7459,201.8187,200.6606,202.6818,202.3108,221.9149,0.0000,216.5992,201.0389,221.4110,222.4980,202.4033,201.9876,224.6492,205.7410,204.1026,215.3309,203.5883,213.2498,204.0849,219.7608,208.6114,221.0144,239.6499,240.8511,226.8352,220.5259,199.4123,224.3031,223.9725,224.5538,208.7896,224.5838,199.5131,203.3103,202.8443,230.0714,238.2752,202.1353,228.4461,230.0517,230.1298,229.1550,227.1589,230.0089,229.0014,230.1150,230.1485,229.9435,226.2046,204.0535,199.0104,202.3123,0.0000,207.2704,204.3233,207.2705,201.8939,202.0710,202.6730,205.1391,211.4547,226.6726,200.4236,212.2841,211.7061,212.2682,206.1541,205.2686,228.7458,202.1053,206.1534,204.1539,214.9706,223.6272,224.1184,228.2988,221.9149,227.8475,221.9149,224.6963,223.6483,203.6126,206.8970
2.0000,199.6103,183.0787,183.2135,184.4485,182.3915,184.1926,182.9060,204.6770,187.2868,206.3463,197.3867,204.9201,186.2159,190.1064,183.5153,183.1018,190.1844,189.0454,196.3635,184.4602,184.4981,183.0148,183.6100,184.4752,184.8001,186.3104,186.6468,191.9025,206.0472,182.9236,183.7753,183.9347,207.1728,198.6216,198.0849,200.6867,186.7886,193.5333,187.0733,199.9903,207.4925,196.2874,197.9331,208.1676,208.9234,195.3400,212.8484,212.3134,181.8603,216.1861,214.7666,199.7017,216.6706,208.9913,209.7568,201.0577,187.2833,215.2410,190.5570,214.6333,208.6713,209.0182,213.9814,214.3576,209.4324,207.5451,207.9338,213.6727,209.6562,210.0566,218.3189,211.8509,211.4963,208.7053,196.3197,180.2824,185.5565,206.3393,204.2036,193.0372,185.5561,189.5000,186.8439,186.9611,187.4939,187.7960,188.0314,187.7699,187.4045,203.9394,187.1559,186.9081,186.6636,184.1903,182.5689,197.3477,198.1632,192.0852,0.0000,196.9805,200.0156,187.4622,184.6826,196.5824,195.5998,195.2644,202.5669,207.4919,208.0755,184.2133,187.7521,217.2155,203.9799,188.8573,183.2934,183.6966,197.7670,193.8071,186.1518,201.2606,211.2948,187.4288,187.8215,182.2660,194.4392,188.9587,206.1215,205.7921,192.3565,192.3906,182.4297,183.1271,176.9424,200.9207,184.0350,189.8378,187.3314,187.8060,187.9872,196.3233,181.4730,182.5393,185.1614,184.4557,211.2728,183.2644,186.0998,184.2275,206.5803,207.3489,210.6402,211.9330,207.5312,183.5707,190.0276,181.8786,185.3632,184.3826,185.9455,185.5541,205.9730,0.0000,200.4528,184.4494,214.7899,214.9984,185.6200,185.1615,205.4134,188.6544,187.1981,212.8387,204.6326,197.0363,204.9481,220.2628,191.1674,202.3415,218.8910,219.8975,207.3859,201.8173,183.1878,214.7596,214.4946,211.4943,209.6555,208.8642,183.3022,186.7804,186.3402,210.3992,217.6661,185.5761,212.4656,213.9637,214.0356,213.1296,211.2728,213.9240,212.9842,214.0264,214.0536,213.8679,210.3863,187.1559,182.5742,185.5553,0.0000,190.7666,187.3028,190.7668,185.4908,185.6548,185.9145,188.3203,195.1079,207.2813,183.7768,196.1095,195.5861,196.1150,189.7283,188.1887,212.4556,185.7039,189.7276,187.3272,213.8876,204.5268,204.9644,208.6782,205.9730,211.9093,205.9730,208.5487,207.9789,186.8577,190.9520
3.0000,198.0839,181.3131,181.4348,182.7978,180.8570,183.4551,182.2054,202.6027,185.3931,204.1563,195.4153,202.8028,184.3802,188.3379,181.9623,181.4748,188.5057,187.4125,194.8129,182.6041,183.1733,181.6299,182.2326,183.0058,183.9566,185.5266,185.8602,190.1929,203.8704,181.1669,181.9916,182.1471,204.9665,197.1286,196.6173,198.6302,184.9033,192.2235,185.2228,198.4495,205.6621,194.4450,195.9664,206.3110,206.6849,193.8874,211.5650,211.0509,180.3398,215.9115,214.6912,198.2707,215.9545,207.7359,208.6761,199.6328,185.6253,214.8307,189.1277,213.3482,207.3577,207.7052,213.4370,213.8390,208.6868,206.2929,206.6857,212.3291,208.2967,208.6635,217.6425,210.5417,210.2359,207.3913,194.8956,178.5749,183.9283,204.1512,202.0700,191.6045,183.7771,187.9203,184.9566,185.0716,185.5881,185.8761,186.1060,185.8579,185.4979,201.9451,185.3047,185.0684,184.8526,182.4409,180.8365,195.5555,196.4022,190.3845,0.0000,195.0032,197.9738,185.5779,183.2172,195.1902,194.0824,193.7467,201.1597,206.1746,206.7562,182.4521,185.8768,216.5247,201.8514,186.9404,182.5677,182.4107,196.2960,192.6070,184.3473,199.8710,209.9735,185.5518,185.9255,180.5192,193.0156,187.1400,203.9431,204.4297,190.9428,190.9767,180.7545,181.5764,176.1320,199.0529,182.2390,187.9653,185.4332,185.8978,186.0690,194.8716,181.6681,182.3797,183.5310,182.8316,209.9539,181.6202,184.5092,182.6674,205.2810,206.0882,208.5430,209.7870,205.4764,181.7936,188.0409,180.5128,183.6484,182.7755,184.1657,183.7751,204.6109,0.0000,198.8277,182.7946,214.7197,214.8827,183.8365,183.3945,203.2467,186.7342,185.3446,212.7947,204.6326,195.4152,204.9458,219.8763,189.4295,200.7221,216.6330,217.4754,205.1804,199.9131,181.5416,214.3342,214.0729,210.5605,209.5124,207.7582,182.5736,186.0168,185.5572,208.4944,215.4608,184.7203,211.1399,212.6690,212.7389,211.7840,209.9539,212.6292,211.6429,212.6807,212.7568,212.5675,209.0783,185.3047,180.8418,183.7762,0.0000,189.0591,185.4085,189.0593,183.8425,183.9920,184.1153,186.6773,193.7349,205.0997,181.9931,194.5500,194.0695,194.5808,187.9074,186.3681,211.1876,184.1194,187.9067,186.3056,214.8827,202.3856,202.8125,206.4450,204.6109,210.5908,204.6109,207.1909,206.7386,185.0970,189.5226
4.0000,196.9701,180.0762,180.1889,181.6635,179.7934,183.0125,181.7026,201.1282,184.0412,202.5481,194.0192,201.2376,183.1945,187.0610,180.6945,180.2443,186.8215,185.6577,193.5288,181.4244,182.5033,181.5990,182.0252,182.0643,183.4252,184.8827,185.1853,188.9693,202.2571,179.9368,180.7374,180.8884,203.3169,195.9539,195.5304,197.1689,183.5556,191.3176,183.8942,197.3290,204.4086,193.1859,194.5816,205.0456,204.9938,192.6617,210.0567,209.5343,179.1533,214.9779,213.8068,196.9981,215.4858,206.6379,207.4940,198.3581,183.7116,213.7600,187.9304,212.1826,206.0985,206.4340,212.3492,212.7333,208.6868,205.1486,205.5916,210.9396,207.0198,207.3963,216.6386,209.1439,209.1095,206.1321,193.7180,177.3391,182.3885,202.5299,200.4959,190.6156,182.5206,186.1329,183.6075,183.7229,184.2251,184.5009,184.7340,184.4932,184.1342,200.5444,183.9275,183.7464,183.5454,181.1806,179.5921,194.3361,195.2013,189.1637,0.0000,193.5993,196.5185,184.2323,182.2393,194.0957,192.8302,192.4967,199.9083,204.9382,205.5034,181.1682,184.4841,215.5004,200.2894,185.5124,182.1422,182.2416,194.9408,191.6668,183.0701,198.6091,208.6114,184.2094,184.5791,179.2893,191.8141,185.8204,202.3417,203.1748,189.7513,189.7850,179.4061,180.3817,175.6232,197.7832,180.9773,186.5677,184.0751,184.5348,184.6970,193.6323,181.7840,182.2849,182.3499,181.6547,208.5883,180.4891,183.2947,181.4656,204.0831,204.9361,206.9570,208.1424,203.9735,180.5452,186.5182,179.0339,182.5237,181.5345,182.8819,182.5186,203.3536,0.0000,197.4263,181.6562,213.8216,213.9162,182.5805,182.1825,201.6332,185.2656,183.9621,212.3282,204.6326,194.1050,204.9217,219.4889,188.1786,199.4430,214.8973,215.6569,203.5293,198.6119,180.3038,213.2565,213.0190,209.3856,209.3778,207.0128,182.0788,185.4422,184.9158,206.9780,213.7578,184.1846,209.7541,211.1501,211.2246,210.3410,208.5883,211.1120,210.2584,211.2731,211.2413,210.9763,207.7389,183.9275,179.5973,182.5197,0.0000,187.5310,184.0561,187.5312,182.6366,182.7654,182.8079,184.6119,192.3853,203.4596,180.7389,193.2587,192.8170,193.2992,186.4011,185.0584,210.0492,182.6598,186.4004,185.6356,213.9162,200.8099,201.2249,204.7602,203.3536,209.2236,203.3536,205.9002,205.5862,183.8642,188.3261
5.0000,189.3728,172.9271,173.0249,174.5511,172.7638,176.2697,175.0903,193.0453,176.7581,194.3596,186.2838,193.1191,175.9124,179.7395,173.8436,173.3343,179.8545,178.7627,186.3854,174.1177,175.3862,174.0871,174.5973,175.0002,176.6255,178.1697,178.4787,181.5972,194.0931,172.7984,173.5897,173.7216,195.0991,188.4412,188.0160,189.2629,176.2966,184.0218,176.6628,189.7102,196.3662,185.5275,186.8184,196.9650,196.6990,185.6062,202.7918,202.2965,172.3557,209.1644,208.4423,189.8904,209.1441,199.6220,200.5662,191.2370,176.9760,207.4538,181.0572,205.0522,198.9645,199.2913,205.9681,206.2855,202.7865,198.1358,198.6011,203.6498,199.8298,200.1773,209.9815,201.8749,202.0330,198.9972,186.7313,170.3427,175.4106,194.3480,192.4277,183.2796,175.3396,179.2369,176.3451,176.4637,176.9159,177.1632,177.3877,177.2019,176.8319,192.5025,176.7358,176.5319,176.3437,174.0875,172.5366,186.6586,187.4983,181.7793,0.0000,185.8798,188.6474,176.9689,175.1894,186.7008,185.7393,185.4148,192.7912,197.8285,198.3772,174.1045,177.2583,208.9090,192.2294,178.2413,175.4499,174.9333,187.0723,184.4578,175.8590,191.5047,201.3924,176.9753,177.3478,172.1782,184.8431,178.5320,194.1642,196.0343,182.8550,182.8874,172.3965,173.5299,169.1128,189.9092,173.8124,179.2479,176.7944,177.2700,177.4836,186.5230,175.5666,175.8757,175.3132,174.6449,201.3699,173.4212,176.3264,174.5728,197.0299,197.9170,198.5574,199.6726,195.7414,173.3997,179.2398,172.6029,175.3302,174.5744,175.7194,175.3377,196.2074,0.0000,189.8493,174.5425,208.3711,208.0047,175.3950,174.9971,193.5093,178.0438,176.7717,209.7040,204.6326,186.9337,204.7854,219.0880,180.8340,191.6987,206.1236,206.7677,195.3038,190.6855,173.3739,206.9114,206.7745,202.6132,209.2418,200.3677,175.4256,178.6881,178.2011,198.7647,205.0683,177.3619,202.5099,203.8453,203.9157,203.0624,201.3699,203.8085,202.9861,203.9566,203.9318,203.6727,200.5513,176.7358,172.5416,175.3387,0.0000,180.4911,176.7727,180.4914,175.5923,175.7179,175.6455,177.9531,185.2572,195.2454,173.5912,186.1249,185.7269,186.1811,179.3535,177.7936,202.9562,175.7912,179.3529,178.6722,208.0047,192.7225,193.1157,196.4765,196.2074,201.9968,196.2074,198.6719,198.5538,176.5137,181.4428
6.0000,187.1879,171.0456,171.1391,172.6799,170.9697,174.4278,173.2585,190.7708,174.8153,192.0279,184.1291,190.8197,173.9543,178.1480,172.0528,171.4992,178.1230,177.0812,184.5699,172.4157,173.5476,172.3313,172.8104,173.1458,174.7811,176.3392,176.6409,179.8357,191.7302,170.9213,171.6924,171.8273,192.7000,186.2745,185.8818,187.0313,174.3616,182.0428,174.7406,187.5140,193.9421,183.3685,184.6499,194.5203,194.2599,183.6738,201.0935,200.6259,170.5581,207.5499,206.9475,187.8601,207.1678,197.7088,198.5986,189.1978,175.4402,205.7319,179.1710,203.0034,197.0767,197.4054,204.2307,204.5313,200.8533,196.2446,196.7070,201.7786,197.9066,198.2143,208.1174,199.9345,200.0672,197.1087,184.8366,168.5277,173.6716,191.9757,190.1240,181.3245,173.4337,177.5214,174.4091,174.5073,174.9797,175.2313,175.4529,175.2350,174.8893,190.2257,174.8045,174.6010,174.4208,172.2112,170.6841,184.4900,185.3354,180.0165,0.0000,183.7328,186.4325,175.0334,173.3247,184.5843,183.8886,183.5610,190.9002,195.9356,196.4869,172.2183,175.3155,207.0796,189.9261,176.2801,173.6273,173.1901,185.2131,182.4278,173.9432,189.4767,199.5667,175.0035,175.3398,170.3124,182.9348,176.7914,191.8377,194.1232,180.9646,180.9967,170.6096,171.7182,167.3468,187.6621,171.9090,177.5090,174.8513,175.2815,175.4289,184.5781,173.7344,174.0389,173.4526,172.7914,199.5535,171.5617,174.4843,172.7502,195.1444,196.0265,196.1525,197.2371,193.3949,171.5073,177.2538,170.8310,173.4832,172.7599,173.8134,173.4319,194.2921,0.0000,188.4794,172.6710,206.8545,206.3674,173.4876,173.0918,191.1873,176.0854,174.8394,208.8023,204.6326,185.1258,204.7382,218.8576,179.1410,189.4798,203.6231,204.2196,192.9017,188.4215,171.5320,205.1808,205.0661,200.7952,209.1718,198.4553,173.5955,176.8388,176.3707,196.4429,202.5922,175.5239,200.6261,202.1373,202.2061,201.3338,199.5535,202.0995,201.1291,202.0826,202.2225,202.0319,198.7143,174.8045,170.6891,173.4329,0.0000,178.7255,174.8290,178.7257,173.7281,173.8499,173.7362,176.4843,183.4482,192.8478,171.6939,184.3280,183.8767,184.3757,177.5847,175.9918,200.9650,174.0433,177.5841,176.7940,206.3674,190.4039,190.7838,194.0433,194.2921,200.1036,194.2921,196.6969,196.6562,174.6722,179.5556
7.0000,186.5987,170.5380,170.6252,172.3030,170.8766,173.9301,172.8055,190.1775,174.2759,191.3985,183.5549,190.2020,173.4628,177.5812,171.4769,171.0404,177.2119,176.0614,184.0949,172.3322,173.0167,171.6532,172.1695,172.6597,174.2845,175.8405,176.1411,179.2682,191.1212,170.4152,171.1977,171.3338,192.0735,185.7085,185.3051,186.4370,173.8229,181.5002,174.2049,186.9218,193.2916,182.8175,184.0750,193.8646,193.6239,183.2503,200.7252,200.2472,170.0540,207.2971,206.7401,187.4454,206.8244,197.3858,198.2402,188.7848,174.1496,205.4562,178.7491,202.7257,196.7275,197.0452,203.9427,204.2378,200.4957,195.9106,196.3811,201.4244,197.5716,197.8975,207.7940,199.6535,199.7746,196.7595,184.3998,167.9954,172.9010,191.3690,189.5196,180.7806,172.9454,176.5202,173.8698,173.9707,174.4379,174.6862,174.9005,174.6869,174.3479,189.6366,174.2033,174.0691,173.8886,171.6928,170.1513,183.9453,184.7829,179.4510,0.0000,183.1577,185.8423,174.4930,172.8311,184.0280,183.4453,183.1164,190.5101,195.5836,196.1359,171.8574,174.7083,206.7718,189.3224,175.6402,173.1619,172.5545,185.6442,181.8875,173.4442,189.0677,199.2068,174.4619,174.7889,169.8026,182.5111,176.2133,191.2101,193.7556,180.5429,180.5749,169.9994,171.2263,166.9232,187.0976,171.4116,176.8307,174.3092,174.7325,174.8755,184.1605,173.2718,173.5564,172.9564,172.2970,199.1980,171.3334,173.9953,172.2553,194.7967,195.6903,195.4942,196.5762,192.7645,171.0098,176.5310,170.2207,172.9816,172.2057,173.2927,172.9438,193.9254,0.0000,187.5795,172.2962,206.6402,206.1165,172.9980,172.6097,190.5749,175.4045,174.2339,208.7999,204.6326,184.6596,204.7381,218.7575,178.5733,188.8638,202.8065,203.4177,192.2744,187.8511,171.0880,204.8990,204.7901,200.4714,209.1513,198.1123,173.1330,176.3541,175.8734,195.6863,201.7820,175.0331,200.1720,201.7688,201.8374,200.9605,199.1980,201.7310,200.7741,201.7431,201.8540,201.6532,198.3518,174.2033,170.1565,172.9447,0.0000,178.0075,174.2894,178.0078,173.2298,173.3477,173.1951,175.0252,182.8968,192.2214,171.1992,183.8474,183.4341,183.9129,176.9097,175.4447,200.6770,173.2926,176.9091,176.2829,206.1165,189.7988,190.1777,193.4087,193.9254,199.6120,193.9254,196.3437,196.3297,174.4661,179.1330
8.0000,186.5814,170.5083,170.5896,172.3230,170.8721,173.9806,172.8536,190.2286,174.3005,191.4753,183.6006,190.2628,173.5533,177.6336,171.5535,171.1119,177.3396,176.1540,184.2181,172.1623,173.0625,171.6978,172.2178,172.7019,174.3356,175.9042,176.2058,179.3120,191.1429,170.3868,171.1941,171.3204,192.0978,185.6944,185.2998,186.4663,173.8491,181.5341,174.2397,186.9011,193.2033,182.8583,184.1287,193.7702,193.6402,183.4197,200.8587,200.3769,170.1556,207.4601,206.8909,187.6864,206.9526,197.5346,198.4757,189.0264,174.1865,205.6258,178.9302,202.8090,196.8962,197.2170,204.1148,204.4142,200.6394,196.0564,196.5243,201.4925,197.7518,198.0871,207.9627,199.8633,199.9113,196.9281,184.5620,167.9954,172.9358,191.3879,189.5516,180.8218,172.9709,176.6402,173.8959,173.9958,174.4604,174.7068,174.9259,174.7118,174.3705,189.6819,174.2952,174.1053,173.9297,171.7308,170.1855,183.9826,184.8291,179.4854,0.0000,183.1977,185.8753,174.5216,172.8688,184.0243,183.5692,183.2358,190.6633,195.7472,196.3026,171.8585,174.8027,206.9353,189.3521,175.7653,173.2086,172.5812,186.0730,181.9031,173.4694,189.3115,199.3492,174.4914,174.8134,169.7731,182.6824,176.2701,191.2844,193.9254,180.7187,180.7508,170.0196,171.3152,166.9722,187.1460,171.4044,176.9362,174.3348,174.7582,174.8990,184.3205,173.3320,173.6108,173.0155,172.3559,199.3357,171.3334,174.0765,172.3447,194.9481,195.8365,195.5174,196.5981,192.7977,171.0003,176.6843,170.6997,172.8040,172.2168,173.3321,172.9692,194.0977,0.0000,187.7052,172.3157,206.7923,206.2763,173.0268,172.6341,190.6355,175.5380,174.3294,208.8289,204.6326,184.7499,204.7396,218.7167,178.6202,188.8528,202.8363,203.4092,192.2982,187.8993,171.1490,205.0694,204.9590,200.6463,209.1355,198.2550,173.1808,176.4105,175.9369,195.6716,201.8071,175.0915,200.4101,201.9018,201.9691,201.0866,199.3357,201.8643,200.8675,201.7961,201.9857,201.7993,198.5130,174.2952,170.1905,172.9701,0.0000,178.1516,174.3140,178.1519,173.2903,173.4084,173.2461,175.0761,183.0162,192.2448,171.1956,183.9815,183.5589,184.0406,177.0690,175.4859,200.7975,173.3755,177.0685,176.3310,206.2763,189.8266,190.2036,193.4262,194.0977,199.8737,194.0977,196.5516,196.4711,174.4976,179.3122
9.0000,195.2110,176.6312,176.7204,178.3123,176.2430,182.6064,181.4196,197.4023,180.4293,198.4887,190.2601,197.2043,179.6361,183.4922,177.6879,177.1018,183.5706,182.5179,190.3989,177.1720,180.1593,178.7990,179.2932,179.3154,183.5143,185.2467,185.5894,185.7592,198.0136,176.5093,177.2676,177.3971,198.9741,194.3281,193.8772,193.2417,179.9602,189.8471,180.3663,195.5431,202.0894,189.9575,190.8265,202.6782,200.5573,189.5326,207.4122,206.9189,176.2336,212.6660,211.6645,193.8355,213.2792,203.9002,204.5898,195.1812,180.7352,211.2261,184.9160,209.3305,203.2852,203.6222,209.7995,210.1555,207.0006,202.3827,202.8649,208.1072,204.1770,204.5199,213.9816,206.4212,206.3692,203.3178,190.6966,174.0166,179.1232,198.2618,196.4072,188.6465,179.0744,182.9845,180.0083,180.1078,180.5957,180.8504,181.0616,180.8534,180.4992,196.9153,180.5409,180.2425,180.0960,177.8725,176.2943,191.2847,192.2227,185.9335,0.0000,189.8244,192.6165,180.6591,179.5284,192.7928,189.7972,189.4604,196.9817,202.1150,202.6821,177.5481,181.0620,212.8593,196.1964,182.0849,181.7241,180.0816,191.5196,190.9939,179.5841,195.4589,205.8560,180.6390,180.9851,175.8663,188.7475,182.2814,198.2864,200.2898,186.7263,186.7594,176.0883,177.3866,179.1492,194.4735,177.4843,183.0708,180.4592,180.9083,181.0678,190.4403,181.8906,182.1977,179.2267,178.5434,205.8414,176.8688,180.2119,178.4526,201.2813,202.1637,203.0048,204.0448,200.1737,177.0857,183.1192,176.6329,179.0881,178.4013,179.4806,179.0727,200.4669,0.0000,194.0500,178.2920,211.6443,211.5527,179.1290,178.7411,197.5753,181.9001,180.5764,210.9805,204.6326,190.9730,204.8519,218.6273,184.8012,197.4917,211.1959,211.4802,199.1813,195.2018,177.0917,210.7130,210.5209,206.6918,209.1260,204.6172,181.7413,185.4380,185.2701,204.2828,210.2115,184.2952,206.9720,208.4879,208.5580,207.6636,205.8414,208.4491,207.4993,208.4179,208.5748,208.3847,204.9682,180.5409,176.2992,179.0737,0.0000,184.1502,180.4431,184.1504,179.4730,179.5694,179.4126,181.7381,188.9051,199.1420,177.2692,190.1691,189.7876,190.2278,182.9880,181.5153,207.2748,179.6007,182.9876,185.0981,211.5527,196.6789,197.0577,200.3378,200.4669,206.4326,200.4669,202.9875,202.8163,180.1356,185.3080
10.0000,183.1252,167.5471,167.6392,168.8167,166.1582,170.6866,169.5723,186.7409,171.1428,188.0385,180.3153,186.8560,170.1886,174.4532,168.6171,168.0959,174.5616,173.5079,181.1221,165.8110,169.8331,168.5894,169.0717,169.4689,171.0148,172.4832,172.7791,176.0720,187.7046,167.4347,168.0751,168.1815,188.6164,182.2572,181.8638,183.1247,170.7089,178.1331,171.1271,183.4391,189.6275,179.5615,180.8277,190.1841,190.1160,180.2334,197.7143,197.2362,167.1734,204.8195,204.4705,184.5370,203.7203,194.3907,195.3753,185.8635,171.7916,202.8622,175.8632,199.7124,193.7526,194.0739,201.2941,201.5699,197.4625,192.9265,193.3851,198.4044,194.6216,194.9647,204.8628,196.7136,196.8116,193.7836,181.4113,165.2395,170.2288,187.9463,186.1544,177.4760,169.7668,173.9794,170.7546,170.8442,171.2989,171.5420,171.7524,171.5557,171.2124,186.2459,171.3291,171.0015,170.8446,168.7425,167.2837,180.6629,181.4723,176.2454,0.0000,179.9213,182.5457,171.4058,169.6781,180.6019,180.5032,180.1755,187.5383,192.6044,193.1594,168.7072,171.8273,203.8954,185.9554,172.8340,169.9211,169.4228,179.3189,178.4856,170.2683,186.1366,196.2246,171.3738,171.7370,166.8893,179.5424,173.1504,187.8523,190.7672,177.6254,177.6570,167.2637,168.3716,163.7424,183.7606,168.2822,173.9344,171.1918,171.6164,171.7709,181.0860,170.0617,170.3284,169.9423,169.2945,196.2112,167.7195,171.0707,169.3541,191.8176,192.7063,192.0797,193.1506,189.3692,167.9216,173.9022,167.4280,170.1157,169.3565,170.2527,169.7651,190.9343,0.0000,184.8820,168.8040,204.3333,203.6112,169.8127,169.4677,187.2207,172.7042,171.3634,207.5550,204.6326,181.6920,204.6727,218.7499,175.4054,185.3960,199.3489,199.9092,188.8128,184.5014,168.1142,202.2741,202.1914,197.6565,209.1796,195.1044,169.8928,173.0029,172.5151,192.1866,198.3176,171.7100,197.2641,198.7446,198.8109,197.9705,196.2112,198.7073,197.8136,198.7303,198.8273,198.6407,195.3659,171.3291,167.2886,169.7660,0.0000,175.1502,171.1562,175.1504,170.2289,170.3621,170.2046,172.7945,179.6919,188.7755,168.0766,180.9103,180.4954,180.9806,174.0570,172.3484,197.6986,170.5533,174.0566,173.0022,203.6112,186.4191,186.7870,189.9082,190.9343,196.7509,190.9343,193.3125,193.3435,169.7069,176.2368
11.0000,188.8519,169.5439,169.6348,171.1486,168.3238,176.3450,175.1918,190.3097,173.3339,191.2867,183.2800,190.0671,172.2963,177.5605,170.8857,170.5510,176.3316,175.1841,183.4066,167.5010,173.3994,172.0378,172.5086,172.4320,177.4118,179.0694,179.4075,179.5846,191.0142,169.4277,170.0601,170.1386,191.9493,188.0088,187.5229,186.2018,172.9183,183.4736,173.4145,189.1835,195.7216,183.1593,183.8600,196.3097,193.4697,182.7477,200.1381,199.6378,169.5442,206.7812,206.2759,187.1845,206.0583,196.8159,197.9010,188.5350,173.2161,204.9811,178.3147,202.2992,196.1313,196.4537,203.4388,203.7375,199.9171,195.3042,195.7856,200.8398,197.0569,197.4365,207.1474,199.1376,199.3270,196.1628,183.8317,167.0272,171.9804,191.2812,189.3534,182.2712,170.4241,175.6544,172.9652,173.0421,173.4874,173.7360,173.9789,173.7760,173.4092,189.9309,173.5457,173.2688,173.0475,170.8102,169.2424,184.4840,185.4881,179.7477,0.0000,182.8289,185.5922,173.6971,172.6500,186.5386,182.8071,182.4658,189.8884,194.9852,195.5378,171.2694,174.0579,206.1519,189.1594,175.1036,175.4562,173.4760,180.7027,184.8301,172.2840,188.7956,198.6337,173.6329,174.0373,168.8186,182.0145,175.9004,191.0656,193.1479,180.0754,180.1074,169.0389,170.6781,174.1029,187.6307,170.2777,176.7346,173.4176,173.8527,174.0097,183.6339,175.7029,175.9765,172.3039,171.6506,198.6191,170.1146,173.3642,171.6783,194.1939,195.0826,195.9873,197.0018,193.1858,169.9086,176.2941,169.6636,172.5630,171.6954,172.3997,171.7336,193.3181,0.0000,186.9602,171.1223,206.1686,205.6123,171.7862,171.4318,190.4571,175.0217,173.5818,208.3970,204.6326,183.9708,204.7170,218.9540,178.7364,191.0794,204.3285,204.4833,192.1501,188.3199,170.5842,204.4060,204.2942,199.9185,209.2718,197.5498,175.4916,179.1574,179.0878,197.6626,203.3919,178.1220,199.6869,201.1850,201.2510,200.4000,198.6191,201.1472,200.2416,201.1697,201.2679,201.0865,197.7624,173.5457,169.2474,171.7344,0.0000,177.0555,173.3482,177.0557,172.5364,172.6302,172.3592,174.1353,181.8564,192.1196,170.0617,183.2000,182.8005,183.2953,175.9497,174.9346,200.2358,172.5887,175.9493,178.9118,205.6123,189.6502,190.0397,193.2592,193.3181,199.1670,193.3180,195.7423,195.7168,171.5112,178.6873
12.0000,189.2626,169.7359,169.8391,171.2980,168.2759,176.5972,175.4264,190.8768,173.6028,191.9201,183.7877,190.6782,172.6251,177.9340,171.1408,170.7081,176.8211,175.7346,183.5008,167.7357,173.5802,172.1529,172.6410,172.6074,177.6835,179.3914,179.7332,179.9699,191.6358,169.6131,170.2737,170.3476,192.6053,188.4326,187.9274,186.7618,173.1831,183.8326,173.6791,189.5954,196.1589,183.5772,184.3962,196.7493,194.1547,182.8940,200.1119,199.5911,169.7172,206.8066,206.2867,187.5957,206.0254,196.8115,198.2641,189.0188,173.9198,205.0278,178.4881,202.3211,196.1338,196.4544,203.4662,203.7653,200.0704,195.3148,195.7856,200.8678,197.1056,197.5216,207.1839,199.1427,199.2987,196.1652,183.8665,167.1657,172.3249,191.9044,189.9512,182.6421,170.6452,176.2003,173.2293,173.2806,173.7661,174.0218,174.2625,174.0551,173.6735,190.4492,173.8255,173.5277,173.3007,171.0269,169.4312,184.8856,185.9281,180.1346,0.0000,183.3199,186.1371,173.9678,172.8285,186.9751,182.9172,182.5754,189.9058,194.9858,195.5397,171.2805,174.3515,206.1832,189.7552,175.4219,175.6778,173.6357,180.3080,185.2940,172.5163,189.2942,198.6332,173.9093,174.3364,168.9841,182.1449,176.2455,191.6953,193.1199,180.2214,180.2533,169.2346,170.8511,174.3694,188.1038,170.4947,177.1610,173.6749,174.1337,174.2942,183.7820,175.9714,176.2353,172.4992,171.8452,198.6160,170.1977,173.5393,171.8523,194.2110,195.0943,196.4102,197.4285,193.6610,170.1153,176.6784,169.6382,173.0549,172.0342,172.6353,171.9565,193.2818,0.0000,187.2056,171.2713,206.1807,205.6358,172.0139,171.6677,191.0803,175.3552,173.8626,208.3569,204.6326,184.0576,204.7149,218.7919,179.1160,191.4686,204.5410,204.7206,192.8069,188.8052,170.7195,204.4434,204.3245,199.9329,209.3066,197.6196,175.7265,179.4383,179.4083,197.9699,203.6123,178.3641,199.6778,201.1671,201.2338,200.3811,198.6160,201.1293,200.2596,201.1976,201.2504,201.0633,197.7580,173.8255,169.4363,171.9572,0.0000,177.3796,173.6175,177.3798,172.7343,172.8315,172.6046,174.9885,181.9141,192.7687,170.2752,183.2938,182.9119,183.4057,176.2736,175.2390,200.2229,172.9603,176.2733,179.2138,205.6358,190.2529,190.6471,193.9398,193.2796,199.1587,193.2817,195.6854,195.7234,171.6445,178.8506
13.0000,191.9599,169.7926,169.9172,171.3774,168.2755,179.4304,178.1669,192.3800,173.5017,193.4455,184.5070,191.9823,172.5275,178.3163,170.9691,170.6147,176.5216,175.5587,182.4289,167.7984,174.7999,173.7017,174.0820,173.2253,181.0979,182.7938,183.1480,180.8128,192.7047,169.6581,170.2141,170.2983,193.6802,191.1485,190.6010,187.6721,173.0919,186.3127,173.6289,192.2996,198.9983,184.8010,185.1600,199.6009,195.2529,181.6321,198.1359,197.6863,169.5517,205.0817,204.7062,186.2273,204.0292,194.8497,196.2933,187.6390,173.7945,203.1410,177.2764,199.5993,194.0766,194.3873,201.5636,201.8260,198.2135,193.4620,193.9294,198.6112,195.1570,195.6424,205.2706,200.4870,196.9406,194.1069,182.6975,167.1331,172.2054,192.9790,191.0527,184.6872,169.6667,176.0670,173.1376,173.1796,173.6580,173.9089,174.1802,173.9700,173.5660,191.8962,173.7967,173.4720,173.2630,170.9034,169.3399,186.2763,187.4679,180.9791,0.0000,184.0092,187.0046,173.9062,173.4461,189.8439,181.8509,181.5292,188.0790,192.9644,193.4902,171.2806,174.3479,204.3093,190.8153,175.4399,178.3970,175.4452,180.8491,188.4875,172.3550,187.8963,196.3670,173.8436,174.2616,168.9983,180.9130,176.4296,193.2144,190.9168,179.0048,179.0366,169.1806,170.5735,181.1017,189.6001,170.4424,177.3321,173.5792,174.0575,174.2215,182.4766,178.7992,179.0648,172.5259,172.0500,196.3358,170.1977,173.2243,171.5986,192.3613,193.2414,198.1562,199.1461,195.2787,170.0810,176.7512,169.5534,172.8323,171.8506,172.5558,171.7803,191.0162,0.0000,185.7473,171.3392,204.5767,203.8997,171.8417,171.4751,192.4150,175.3774,173.8348,207.6518,204.6326,182.9539,204.6778,218.3224,179.7510,194.2237,207.1517,207.0827,193.8823,190.2872,170.6400,202.5504,202.4654,197.9453,209.2507,195.7656,178.4569,182.5348,182.8012,200.7130,206.2516,181.7426,197.6037,198.9950,199.0560,198.1539,196.0535,198.9596,197.9794,198.9373,199.0736,198.9109,195.5381,173.7967,169.3450,171.7811,0.0000,176.8664,173.5168,176.8665,172.6604,172.7110,172.5406,174.8401,181.0067,193.8353,170.2156,182.2182,181.8467,182.3411,175.7758,175.3462,197.6507,172.7869,175.7755,182.2084,203.8997,191.3188,191.7058,195.0343,191.0014,197.0860,190.9719,193.3850,193.8706,171.7201,177.6403
14.0000,192.4975,169.5977,169.7309,171.1709,168.3082,179.2624,177.9759,192.6305,173.2028,193.6445,184.4488,192.1305,172.0889,178.1525,170.4946,170.3094,175.9663,175.1480,181.4401,167.6215,174.5284,173.3752,173.7692,172.9352,180.9614,182.6109,182.9629,180.7150,192.7702,169.4576,169.9771,170.0770,193.7355,191.6179,191.0129,187.6795,172.7898,186.3659,173.3288,192.8703,200.2300,184.8029,185.1265,200.8923,195.2817,180.5568,195.7583,195.1984,169.0718,205.0646,205.0897,185.2363,202.9102,193.1675,195.4027,186.6994,173.4356,202.6757,176.2708,196.9113,192.2609,192.5448,200.8880,201.1028,196.8152,191.9339,192.3800,196.6683,193.2913,193.8024,204.4579,196.4423,194.7416,192.2914,181.7795,166.9428,171.8989,193.0476,191.1316,184.6895,169.3852,175.6935,172.8344,172.8609,173.3637,173.6153,173.8762,173.6722,173.2606,192.1351,173.4308,173.1704,172.9677,170.5674,169.0560,186.2829,187.5540,180.9004,0.0000,183.9438,186.9988,173.5819,173.1585,190.2155,180.8403,180.5319,186.5347,191.2097,191.6816,171.2730,173.9923,203.5384,190.8790,175.0815,178.2059,175.1706,180.8764,188.6607,172.0696,186.9591,194.3914,173.5432,173.9497,168.7950,179.9110,176.2139,193.4052,189.1118,178.0228,178.0544,168.9396,170.0603,180.9653,189.7998,170.2094,177.1541,173.2634,173.7620,173.9370,181.3371,178.6487,178.9044,172.1081,171.6333,194.3567,170.0925,172.6798,171.0823,190.7835,191.7076,198.7641,199.7993,195.7024,169.8528,176.0832,169.0454,172.3928,171.3885,172.2450,171.4953,189.1764,0.0000,184.9384,171.1344,204.8759,203.7538,171.5495,171.1654,192.5835,174.8570,173.4664,210.8099,210.0540,181.9650,209.9767,225.5763,179.6241,194.7954,208.3059,208.2828,193.9382,190.5095,170.3791,201.9880,201.9685,196.6919,215.3795,194.2977,178.2649,182.3682,182.6182,201.5240,207.3656,181.6117,195.6269,196.7681,196.8329,196.0000,194.0773,196.7337,196.0175,196.9951,196.8484,196.6385,193.4009,173.4308,169.0611,171.4961,0.0000,176.1793,173.2179,176.1794,172.2321,172.2852,172.2222,174.4480,180.0657,193.8888,169.9786,181.2366,180.8370,181.3480,175.1017,175.0956,194.9704,172.3375,175.1014,182.1145,203.7538,191.3842,191.7687,195.0675,189.1494,195.1337,189.1326,191.5698,192.3393,171.5186,176.6366
15.0000,192.7957,169.0012,169.1465,170.4887,168.2248,178.1647,177.1108,191.4552,172.6966,192.7803,183.7505,191.3314,171.7818,177.5654,167.5152,167.9446,174.9438,174.1249,180.0638,167.1540,173.1173,171.7566,172.1624,171.5681,179.9554,182.0597,182.4015,180.0801,192.1326,168.8461,169.3927,169.5294,193.1666,192.4537,191.1534,186.9342,172.2814,185.6560,172.7743,193.2075,201.3521,184.0919,184.3637,202.0853,195.7645,179.9927,193.4641,192.8413,165.7410,204.7687,204.6974,184.8382,202.7538,192.9243,195.3584,186.4382,172.5937,202.1346,175.6777,195.2361,190.5062,190.7550,200.1439,200.4520,196.6482,191.8475,192.3002,194.5909,191.4571,192.0169,204.3577,194.0020,193.8528,190.5362,181.5809,166.3220,171.0967,192.4220,190.4049,183.9058,168.7552,174.6842,172.3277,172.3496,172.8718,173.1386,173.3993,173.1823,172.7692,190.9364,172.9494,172.6034,172.5738,170.1198,168.5587,185.5577,186.6270,180.2714,0.0000,183.3221,186.3258,173.0751,171.7406,190.8894,179.4280,179.3201,184.6350,189.0242,189.8470,171.0116,173.5454,203.2596,190.1929,174.5737,177.3478,173.7554,181.1686,189.0266,171.4545,186.7114,192.1798,173.0122,173.3870,168.1869,179.5392,175.6457,192.5222,186.4833,177.6274,177.6589,168.2451,168.3716,179.9591,188.7201,169.6310,176.6047,172.7651,173.2673,173.4549,180.7931,177.5706,177.8156,171.4648,171.4661,192.1232,169.5986,172.0013,169.3775,188.8492,191.5847,196.2607,196.2607,193.8312,169.2617,175.4979,165.8917,169.3078,168.3944,171.8467,170.8574,186.4567,0.0000,183.8423,170.4637,204.4760,203.2848,170.9265,170.5836,191.7874,174.2672,172.9866,210.6055,210.0104,180.6254,209.9246,226.7309,179.0133,195.8544,210.4443,205.1610,193.2883,189.3881,168.3279,201.3997,201.3263,195.4353,215.7926,194.2253,177.3883,181.6213,182.0604,203.1829,209.4252,180.6116,193.5963,194.5003,194.5598,193.7461,191.3527,194.4687,193.8850,194.9103,194.5769,194.3705,191.1779,172.9494,168.5637,170.8583,0.0000,175.1488,172.7122,175.1491,171.5638,171.8124,171.8160,173.5615,178.8340,193.2730,169.3940,179.8584,179.4255,179.9676,174.1279,174.5293,193.2274,170.1331,174.1276,181.1769,203.2848,190.7090,191.0995,193.2883,186.4236,193.1382,186.2809,188.7699,192.2496,171.1989,176.0653
16.0000,197.6789,169.4753,169.6436,170.6726,168.1872,182.7999,180.5143,194.0870,173.4909,195.4378,185.7380,193.8499,172.6366,179.1698,167.6862,168.1149,175.2925,174.5003,179.8706,167.7431,171.5245,172.6380,171.9923,171.3112,184.3965,186.1058,186.4586,182.0492,194.6419,169.3022,169.9182,170.0604,195.7597,197.4472,195.8344,189.1130,173.0947,189.4770,173.5717,198.1431,207.3410,186.5168,186.5258,208.1694,198.4945,176.7900,192.2587,191.5831,165.8151,202.8889,202.5420,182.2175,201.6505,191.8221,193.5222,183.9427,172.9588,200.5025,172.5565,192.3228,189.3688,189.5716,198.5492,198.8909,195.6628,190.9614,191.4386,193.4443,190.4003,191.0344,203.0157,192.8052,191.8195,189.3983,178.3044,166.6292,171.5099,194.9554,192.8168,187.1982,169.1764,175.1313,173.1465,173.2213,173.6604,173.9362,174.2424,174.0065,173.6025,193.6247,173.6499,173.3549,173.2143,170.5929,168.9712,188.0113,189.4895,182.1836,0.0000,185.1428,188.3985,173.8890,172.0261,195.7808,179.2148,179.0789,183.9994,188.0980,188.7464,171.3009,174.3000,201.8129,192.5637,175.4171,180.7026,175.3324,181.2187,193.7546,172.0274,184.2441,191.0229,173.7974,174.1739,168.6031,176.4083,176.9460,195.1571,185.7358,174.5381,174.5691,168.6028,168.3716,184.4076,191.4723,170.1723,178.1590,173.6422,174.0901,174.2926,177.6073,181.8535,182.2281,171.5694,171.5706,190.9870,169.6738,171.9752,169.3809,188.1306,190.6925,199.4250,199.4250,196.7910,169.7705,176.4576,165.7644,169.7269,168.6497,172.3838,171.3739,185.7099,0.0000,183.2566,170.6559,202.3710,201.4338,171.4583,171.1220,194.3444,175.0977,173.6906,206.7555,204.6326,180.3923,204.6306,221.2515,180.8206,201.1684,217.0461,209.3497,195.8790,192.1139,168.5152,199.7864,199.6578,194.0683,210.2614,193.3488,180.7314,185.3512,186.0968,209.1569,215.9385,185.0720,192.1861,193.3169,193.3787,192.5874,190.2210,193.2852,192.7462,193.7617,193.3953,193.2190,189.6741,173.6499,168.9763,171.3750,0.0000,175.3394,173.5074,175.3397,171.7082,172.0157,172.4121,173.9412,178.7919,195.8411,169.9195,179.6544,179.2129,179.7723,174.3129,175.6180,190.2345,170.3828,174.3126,185.2648,201.4338,193.1171,193.5415,195.8790,185.6770,191.7167,185.5348,188.0195,191.3601,171.7197,172.9312
17.0000,195.0208,159.8511,160.0419,160.6194,158.3765,182.8894,178.0883,186.5900,163.4824,187.7823,176.9166,185.4816,162.8010,170.5735,161.2531,161.3037,165.2030,165.5190,162.8997,158.3088,158.1279,164.8268,161.8149,161.0104,183.6997,184.4129,184.7243,174.2014,185.2596,159.6703,160.0855,160.2787,186.3666,195.0232,193.0648,180.3650,163.1259,185.9844,163.5703,195.5141,205.3025,178.9196,178.0642,206.1843,189.0570,189.1258,237.7890,236.9137,159.8211,237.0596,235.3922,197.9822,238.8577,234.1176,219.5928,200.6836,158.9202,237.1490,185.2094,232.9326,234.3559,234.6003,236.3566,236.5453,232.2352,233.5785,233.8302,239.3535,235.7365,236.5290,239.6205,237.6433,233.3699,234.3925,187.4569,157.0034,162.1900,185.5820,183.3346,182.4876,159.1749,166.1362,163.1783,163.2807,163.6564,163.9399,164.2154,163.9855,163.6348,186.1879,163.0699,163.2892,162.9285,159.9221,158.6854,180.5625,183.0440,174.3445,0.0000,176.0023,179.3737,163.8903,163.0334,193.5228,161.8159,161.6684,0.0000,233.6165,233.8641,162.5021,163.7165,239.6620,183.1934,164.7131,178.2210,168.8822,169.9893,191.8099,161.9070,201.4709,236.2875,163.7543,164.0809,158.9758,187.7057,167.6925,187.3885,232.0683,186.0786,186.1116,159.0788,159.9379,183.7119,184.5710,160.3409,168.8545,163.7384,164.0644,164.2762,190.0290,181.8350,182.2432,160.8145,160.8156,236.2354,159.7908,160.9035,160.4217,233.7357,233.5613,192.2032,192.2032,189.4691,159.9861,165.7658,159.5606,163.4872,162.2796,162.0204,161.2422,232.0015,0.0000,166.1020,160.6058,235.3113,235.3210,161.3377,161.0842,188.6398,164.3993,163.1114,235.4404,228.9224,163.3958,229.1374,247.6378,172.6298,198.7794,214.8621,202.6673,186.4773,185.0582,161.4122,236.6046,236.3325,235.5724,234.9744,233.9354,178.1357,183.1777,184.3883,206.8570,213.7490,184.3954,237.9083,239.1476,239.2222,238.2159,235.1251,239.1084,238.4780,239.7460,239.2428,239.0972,234.4397,163.0699,158.6901,161.2436,0.0000,163.2939,163.4983,163.2936,160.9270,161.3203,161.9507,166.2195,163.3419,186.4258,160.0866,162.7187,161.8144,162.8242,162.3684,166.1210,230.3485,162.9435,162.3681,183.3340,228.2765,183.7375,184.1603,186.4773,231.9610,237.3365,231.7181,234.8430,234.0749,161.7947,185.3567
18.0000,208.1153,167.1566,167.3782,168.7918,165.7628,183.4756,182.1004,230.9320,171.0410,235.9284,222.2702,233.6692,169.7715,187.4533,168.6356,168.6965,172.3461,172.7429,169.2566,165.5979,174.5905,175.1733,174.7624,171.6952,187.0713,189.1291,189.4605,196.1189,235.5554,166.9554,167.3360,167.5233,237.0420,206.5607,205.9340,228.0231,170.7061,200.0539,171.2348,208.6649,219.5819,217.9643,221.1920,220.5655,240.5997,194.8997,238.6371,237.7606,167.1732,237.6514,235.8059,203.4683,239.3606,234.7272,222.9243,206.0518,165.8878,237.8016,190.7644,231.9193,235.1405,235.3886,236.9877,237.1724,232.2478,234.4652,234.6560,240.1705,236.5100,237.2880,240.5829,237.9953,233.1279,235.1772,193.3713,163.8751,169.3175,235.9872,232.7682,200.7786,166.3094,173.4013,170.7649,170.9501,171.2694,171.6386,171.7709,171.5336,171.3278,227.4536,168.8788,170.5311,168.1612,165.5613,164.7319,218.8566,214.9146,196.2803,0.0000,226.4324,228.7878,171.6483,172.0942,203.9661,168.0259,167.8267,0.0000,234.4204,234.6466,169.7804,169.6103,240.4985,232.9835,170.9002,182.4934,177.7404,177.7547,200.1656,169.2105,206.7189,237.1118,171.1184,171.4725,166.1259,193.4540,180.2003,235.5349,232.8908,191.7312,191.7652,166.0644,166.3070,187.0837,220.7317,167.6111,180.7448,171.7815,171.5660,171.8136,195.8610,181.6811,182.3691,168.0890,168.0901,237.0623,167.8244,167.0027,166.9909,234.5826,234.4432,235.2077,235.2077,231.6931,167.2450,172.4133,166.7143,171.1826,169.7767,167.6538,168.4688,232.8267,0.0000,172.7133,168.7381,235.7296,235.8037,168.5613,168.1212,237.1191,170.6657,168.9269,235.6518,228.9224,169.7953,229.1484,249.0957,192.2684,210.7440,228.6001,248.7396,237.1767,222.6824,168.7845,237.2318,236.9341,236.2786,235.4256,234.5071,182.4232,187.7249,189.0996,219.7285,227.3706,187.7958,238.8144,240.0158,240.0935,239.1104,235.9481,239.9760,239.3042,240.5643,240.1135,239.9789,235.1000,168.8788,164.7369,168.4712,0.0000,170.1601,171.0578,170.1597,167.7968,167.4421,167.4221,173.5020,169.9295,237.0764,167.3371,169.0554,168.0247,169.1750,169.1879,177.1025,229.2813,170.2628,169.1875,191.2876,228.2765,233.6502,234.1017,237.1767,232.7864,238.2716,232.5422,235.6981,234.9611,169.0652,190.9392
19.0000,211.9335,169.6665,169.9208,171.0848,167.6457,185.4408,184.0043,237.5163,173.5544,243.4201,229.3023,241.1928,172.3420,190.5227,170.7845,170.6957,174.6355,175.0698,171.3474,168.0648,176.7665,177.4320,176.9952,173.9181,189.3444,191.4764,191.8280,199.9657,243.4015,169.4503,169.8277,170.0742,244.9204,210.2169,209.6253,235.3926,173.2073,203.5218,173.6746,212.5167,224.1139,224.1694,228.0293,225.1590,248.6660,196.7779,238.5826,237.6809,169.2722,237.8839,235.9807,205.4771,239.6635,234.8177,224.1164,208.0738,168.3690,238.0303,192.5792,230.8764,235.2632,235.5038,237.1838,237.3700,232.5031,234.6922,234.8721,240.2969,236.6720,237.4931,240.8902,238.2408,232.7236,235.2997,195.1551,166.2597,171.6894,243.8734,240.4339,204.5958,169.0854,175.7337,173.2695,173.4946,173.7973,174.1859,174.2995,174.0529,173.8750,233.9067,171.1372,172.9194,170.3530,167.7712,166.9989,224.8974,220.3290,200.1475,0.0000,233.9817,236.3150,174.1242,174.3476,207.4412,170.1482,169.9525,0.0000,234.5696,234.7764,171.4255,171.9053,240.7684,240.6829,173.2261,184.4078,179.9030,179.8325,203.3151,171.6734,208.7032,237.1730,173.5618,173.9016,168.6049,195.2982,182.9780,243.0306,233.0514,193.5544,193.5888,168.4544,168.3716,189.3602,226.6241,170.1186,183.5025,174.3570,174.0706,174.3379,197.7850,182.5275,183.6386,170.2829,170.2839,237.1176,170.1074,169.1032,169.0855,234.7700,234.6652,242.1159,242.1160,238.3933,169.7375,174.8901,169.0016,173.2996,171.9371,169.8789,170.9148,232.9887,0.0000,174.8053,171.0336,235.9012,235.9811,171.0143,170.5848,244.5987,173.0212,171.1845,235.7523,228.9224,171.8669,229.1536,251.7797,195.7663,214.5359,233.0737,256.5277,245.0448,228.7365,170.7304,237.4382,237.1349,236.4361,236.5140,234.7545,184.3571,189.8862,191.4421,223.7747,231.7832,190.0714,238.8776,239.9623,240.0440,239.1024,235.9868,239.9236,239.4167,240.6907,240.0616,239.9325,235.1512,171.1373,167.0039,170.9175,0.0000,172.3285,173.5715,172.3281,169.9840,169.5997,169.6334,175.8485,172.0202,244.9497,169.8288,171.1283,170.1470,171.2681,171.3226,179.7733,228.2036,172.4819,171.3223,194.0302,228.2765,241.3864,241.8642,245.0448,232.9490,238.3397,232.6982,235.9011,235.1949,171.5070,192.7534
20.0000,213.5979,170.0243,170.2920,171.4136,167.7572,186.2713,184.8005,239.6580,173.9735,246.5869,232.4012,244.4259,172.6849,191.4328,170.9346,170.7950,174.8233,175.2575,171.5540,168.4873,177.2719,178.1068,177.6002,174.3022,190.2947,192.4212,192.7712,201.3552,247.1314,169.8005,170.2095,170.4839,248.7376,211.7545,211.2004,238.6743,173.6236,204.9249,174.0643,214.2037,226.2594,226.8499,230.9768,227.3459,252.6307,197.2805,239.3033,238.3849,169.4030,238.2378,236.2624,206.1117,240.2170,235.2476,224.7061,208.7489,168.6896,238.5144,193.0777,230.0927,235.9414,236.1760,237.6847,237.8794,233.1160,235.2979,235.4602,240.9972,237.3969,238.2527,241.3765,239.0733,232.5128,235.9787,195.5637,166.5652,171.9324,247.6407,243.9487,206.1069,169.5493,175.9070,173.6872,173.9279,174.2287,174.6310,174.7269,174.4764,174.3157,236.3644,171.4777,173.2768,170.5845,168.0194,167.2647,227.5015,222.4967,201.5285,0.0000,237.4115,239.7121,174.5280,174.7349,208.9174,170.3464,170.1483,0.0000,235.2311,235.4497,171.3999,172.2675,241.2518,244.2335,173.6473,185.2184,180.6406,180.2109,204.6850,172.0473,209.3729,237.8725,173.9481,174.2797,168.9310,195.7759,183.6248,246.2077,233.7179,194.0346,194.0690,168.7424,168.3716,190.3117,228.9257,170.5113,184.0473,174.8138,174.4876,174.7666,198.3041,183.3611,184.4678,170.5102,170.5113,237.8201,170.4184,169.2127,169.1921,235.4010,235.2742,244.7884,244.7884,240.9667,170.1116,175.3376,169.0039,173.5553,172.1180,170.1248,171.2767,233.6560,0.0000,175.0077,171.3617,236.1859,236.3068,171.3776,170.9159,247.8669,173.4335,171.5301,235.9023,228.9224,172.0935,229.1614,253.5312,196.9382,216.1551,235.2282,259.6259,248.8613,231.0833,170.8111,237.9150,237.5930,237.0398,237.3528,235.3619,185.1576,190.7669,192.3848,225.6241,233.8936,191.0582,239.5006,240.6876,240.7708,239.8402,236.6860,240.6485,240.1215,241.3921,240.7893,240.6457,235.8362,171.4777,167.2697,171.2795,0.0000,172.4885,173.9908,172.4881,170.1940,169.7830,169.8951,176.0231,172.2284,248.7495,170.2105,171.3234,170.3458,171.4717,171.4546,180.3522,227.4368,172.6468,171.4543,195.1530,228.2765,244.9809,245.4999,248.8613,233.6163,238.9720,233.3647,236.5871,235.8019,171.8962,193.2462
21.0000,214.4978,170.5179,170.8057,171.7135,167.7216,186.7033,185.2188,239.6580,174.4255,247.2143,233.1594,245.1463,173.4213,192.0454,171.0790,170.8716,175.1360,175.5511,171.7627,168.7021,177.6137,178.4744,177.9482,174.6170,190.7537,192.8615,193.2036,202.0501,248.0624,170.2861,170.6586,170.9437,249.6993,212.6237,212.0295,239.4370,174.0708,205.5192,174.4783,215.1204,227.5190,227.4709,231.7174,228.6364,253.6732,197.2399,238.9205,237.9253,169.4763,238.1038,236.1507,206.0271,240.0273,234.9216,224.5933,208.6546,169.1698,238.3744,193.0418,228.9720,235.7022,235.9233,237.5173,237.7120,232.9462,235.0739,235.2286,240.7353,237.3449,238.3496,241.2112,239.1547,231.8315,235.7398,195.5469,167.0042,172.2785,248.5873,244.7924,206.6862,169.9416,176.1874,174.1358,174.3813,174.6901,175.1019,175.1873,174.9338,174.7790,236.6807,171.8668,173.6742,170.9596,168.3904,167.6593,228.0738,223.0030,202.3196,0.0000,238.2130,240.5036,174.9417,175.0786,209.7441,170.5709,170.3787,0.0000,234.9995,235.2170,171.4081,172.6849,241.0797,245.0873,174.0753,185.6463,181.0821,178.6326,205.4339,172.4553,209.2676,237.5977,174.3759,174.7159,169.4140,195.7429,184.1604,246.8498,233.4825,194.0020,194.0364,169.1844,168.3716,190.7707,229.3481,170.9701,184.6384,175.2687,174.9408,175.2316,198.2609,183.7994,184.9009,170.7683,170.7695,237.5368,170.6891,169.3627,169.2999,235.1752,235.0500,244.9016,244.9017,241.1818,170.5695,175.8330,168.6920,174.0394,172.3669,170.4906,171.6730,233.4200,0.0000,175.0999,171.6615,236.0747,236.1903,171.7852,171.3879,248.4648,173.8571,171.9171,235.7012,228.9224,172.2832,229.1510,254.4421,197.5988,217.1233,236.5696,260.4955,249.8161,231.4762,170.8775,237.7676,237.4422,236.8228,237.7769,235.1638,185.5782,191.2011,192.8240,226.8186,235.2207,191.5179,239.2219,240.3205,240.3965,239.4990,236.4204,240.2820,239.8611,241.1298,240.4173,240.2966,235.5677,171.8668,167.6643,171.6759,0.0000,172.7421,174.4431,172.7417,170.4475,170.0357,170.2728,176.2986,172.4405,249.7098,170.6596,171.5291,170.5703,171.6789,171.6930,180.8373,226.3405,172.8499,171.6927,195.6488,228.2765,245.8534,246.3929,249.8161,233.3804,238.7028,233.1313,236.3206,235.5783,171.9810,193.2112
22.0000,215.0231,170.6478,170.9393,171.7715,167.6824,186.8527,185.3403,239.6580,174.5747,247.7092,233.7446,245.7074,173.5907,192.2472,171.0079,170.8267,175.1510,175.5849,171.7973,168.4908,177.7000,178.5521,178.0357,174.6816,190.9269,193.0533,193.3980,202.2946,248.8169,170.4135,170.7784,171.0540,250.4948,213.1068,212.4900,240.0359,174.2184,205.7956,174.6147,215.6606,228.3609,227.9264,232.2819,229.5055,254.5648,195.2097,231.8378,230.8672,169.4082,235.2582,233.7638,203.8624,237.8125,229.0669,221.6075,206.4487,169.3172,234.6576,191.0074,222.5130,228.8112,229.0176,233.3469,233.5615,232.2352,229.0965,229.4511,233.6341,230.3876,231.3713,237.3990,232.0899,225.7014,228.8528,193.8023,167.1281,172.4360,249.3587,245.4674,206.9540,170.0512,176.2194,174.2838,174.5259,174.8470,175.2663,175.3389,175.0861,174.9347,236.9336,171.9969,173.8032,171.0587,168.4914,167.7687,228.4984,223.3317,202.4604,0.0000,238.8454,241.1295,175.0819,175.1485,210.1939,170.6153,170.4235,0.0000,228.1368,228.2898,171.4171,172.8251,237.0304,245.7717,174.2303,185.7592,181.1252,178.6242,205.8182,172.5738,207.0239,230.6055,174.5181,174.8676,169.5440,193.8360,184.3456,247.3553,225.7052,192.0847,192.1188,169.3103,168.3716,190.9440,229.6353,171.0946,184.8752,175.4226,175.0927,175.3907,196.2264,183.9533,185.0518,170.8300,170.8314,230.5472,170.7060,169.3831,169.2844,228.8449,229.0071,245.2078,245.2078,241.4694,170.6911,176.0162,169.0637,173.6645,172.2146,170.5856,171.7837,225.6472,0.0000,175.1664,171.7196,233.6624,233.5174,171.8986,171.5067,248.9502,174.0176,172.0480,234.6825,228.9224,172.3361,229.0979,255.0874,197.8187,217.6698,237.3898,261.0695,250.6066,231.7519,170.8406,233.9579,233.7137,231.2714,237.9445,231.0772,185.6989,191.3585,193.0145,227.5216,236.0283,191.6835,232.1030,233.1962,233.2704,232.4037,229.4637,233.1593,232.7900,234.0169,233.2904,233.1565,228.6637,171.9969,167.7737,171.7866,0.0000,172.7030,174.5924,172.7026,170.5078,170.0899,170.3789,176.3194,172.4322,250.4688,170.7794,171.5705,170.6147,171.7062,171.6188,180.9977,220.0278,172.8201,171.6185,195.8510,228.2765,246.5550,247.1125,250.6066,225.6092,231.6239,225.3681,228.4701,229.5915,171.9824,191.1945
23.0000,222.0222,179.5736,179.8898,180.4852,175.9570,194.4009,192.7643,239.6580,183.6767,247.5652,234.0083,245.4320,182.9298,199.6311,179.1974,179.0165,184.2031,184.5967,180.9008,177.3333,186.0871,186.9672,186.5114,183.1702,198.2123,200.2920,200.6546,208.1520,248.6157,179.3239,179.7647,180.0588,250.3369,220.3314,219.3883,239.8910,183.2772,212.0064,183.6154,222.6889,235.9780,229.3839,232.9940,237.1758,254.5134,200.9364,233.2726,232.3045,177.4082,236.0653,234.3778,209.2857,238.4239,230.3848,225.0176,211.7546,178.2593,235.5317,196.5477,223.4421,230.2187,230.4406,234.2903,234.4922,232.2352,230.5142,230.8117,235.0983,231.7862,232.7538,238.6376,233.2795,226.8365,230.2554,199.6911,175.9414,181.3658,249.1729,245.2143,212.4841,179.4810,185.2278,183.3457,183.5685,183.9449,184.3591,184.4918,184.2210,184.0014,237.8736,181.5196,182.8676,180.5744,177.7278,176.8509,230.1503,226.1817,208.3351,0.0000,237.9759,240.6152,184.1040,183.6157,217.4469,179.6138,179.4165,0.0000,229.5449,229.6968,179.9367,182.3943,238.1875,245.4566,183.8610,193.2050,189.4106,187.3625,213.1753,181.6648,212.2178,232.0321,183.6226,184.0069,178.4251,199.5405,192.5248,247.1902,227.1029,197.7037,197.7388,178.1787,176.6075,198.2301,231.5526,180.1017,193.2776,184.3804,184.2297,184.5445,201.9812,191.3745,192.5230,179.6421,179.6436,231.9668,179.1926,178.0583,177.6687,230.2575,230.4241,246.2813,246.2813,242.4762,179.6591,185.7238,176.8884,182.0995,180.4918,179.9405,180.8569,227.0451,0.0000,184.6625,180.4372,234.2810,234.2056,180.9832,180.6195,248.8561,183.6410,181.5783,234.9731,228.9224,181.4944,229.1130,255.3878,204.3737,225.1402,245.7883,262.7392,250.4467,233.3730,179.0757,234.8398,234.5843,232.4475,237.9935,232.0006,193.1598,198.7880,200.2597,235.4609,244.3690,198.9858,233.6710,234.6463,234.7197,233.7830,230.8885,234.6091,234.2431,235.4835,234.7400,234.6304,230.0946,181.5196,176.8562,180.8597,0.0000,181.7191,183.6953,181.7187,179.3662,179.0448,179.8078,185.4136,181.5616,250.2982,179.7657,180.6707,179.6125,180.8024,180.5830,189.4135,220.9416,181.3337,180.5827,202.5980,228.2765,246.2696,246.8726,250.4467,227.0072,233.1631,226.7665,229.8619,231.0004,180.9490,196.7603
24.0000,212.8735,170.7104,171.0061,171.7728,167.5715,184.3175,182.7876,239.6580,174.8445,248.0154,234.0423,245.9135,173.7532,192.7384,170.9034,170.7617,175.0849,175.5007,171.7080,168.6340,176.9219,178.3047,177.6809,174.2486,187.7672,189.5757,189.8670,202.3078,249.4291,170.4712,170.9418,171.2119,251.1987,210.9813,210.3794,240.4383,174.4857,203.8697,174.8623,213.5047,226.0811,227.6741,232.5254,227.2146,255.4651,194.8302,231.5694,230.6124,169.3010,235.0477,233.6105,203.5225,237.7114,228.6853,221.3092,206.1089,169.4114,234.4627,190.6486,221.3934,228.5620,228.7843,233.1301,233.3389,232.2352,228.8228,229.1739,233.3946,230.0918,231.0359,237.1897,231.4137,224.9284,228.5984,193.4034,167.2322,172.4356,249.9907,245.9544,205.5650,170.7007,176.0766,174.5520,174.7988,175.1242,175.5510,175.6179,175.3609,175.2145,236.8231,172.2944,174.0377,171.2675,168.6770,167.9289,228.0768,222.7686,202.5069,0.0000,239.1819,241.5212,175.3395,174.6677,207.8459,170.5997,170.4164,0.0000,227.8817,228.0379,171.4426,173.1356,236.8154,246.2709,174.5888,183.3445,180.2807,178.3899,203.0153,172.8085,206.6664,230.3627,174.7685,175.1241,169.6040,193.4591,184.6745,247.6455,225.4567,191.7168,191.7508,169.3733,168.3716,180.8132,229.2776,171.2659,185.0081,175.6948,175.3635,175.6690,195.8449,181.4636,182.5469,170.8290,170.8304,230.2978,170.7878,169.3956,169.2498,228.5767,228.7338,244.9927,244.9928,241.3003,170.8290,176.4413,168.8048,173.7131,172.1612,170.7740,172.0092,225.3991,0.0000,174.6572,171.7304,233.5106,233.3635,172.1218,171.6975,249.2922,174.4022,172.3511,234.6355,228.9224,172.1746,229.0954,255.5823,198.0508,215.6340,235.7390,261.3292,251.3043,231.4644,170.7890,233.7600,233.5142,231.0187,238.1300,230.8989,183.1793,188.3319,189.5506,225.6477,234.3594,188.4858,231.9972,232.9387,233.0131,232.1406,229.2273,232.9019,232.5484,233.7770,233.0329,232.9039,228.4405,172.2944,167.9339,172.0121,0.0000,172.6404,174.8625,172.6400,170.5456,170.1512,170.5984,176.2421,172.3665,251.1291,170.9427,171.4905,170.5979,171.6066,171.5589,181.3317,218.9736,172.7236,171.5586,193.2141,228.2765,247.0820,247.6683,251.3043,225.3617,231.4909,225.1226,228.1882,229.3117,172.0628,190.8324
25.0000,216.3816,172.6708,172.9808,173.7039,169.2581,188.5977,187.0364,239.6580,176.7553,248.3573,234.6715,246.0557,175.6006,194.2870,172.5640,172.4391,176.9198,177.3106,173.6116,170.4908,179.6753,180.9367,180.3186,176.5764,192.6180,194.5998,194.9297,204.0646,249.6128,172.4273,172.8871,173.1791,251.1957,214.5458,213.9219,240.8717,176.3824,207.3406,176.7338,217.0046,229.4080,228.8964,233.2789,230.5258,255.4930,195.7984,231.8274,230.8809,170.9430,235.1237,233.6458,204.2097,237.6306,228.9163,221.6775,206.7348,171.2857,234.4870,191.5788,221.6165,228.7823,229.0073,233.2160,233.4259,232.2352,229.0627,229.4020,233.6482,230.3121,231.2504,237.3448,231.8165,225.1336,228.8187,194.5138,169.1052,174.2447,250.1658,246.2514,208.4621,172.8497,177.8875,176.4492,176.6966,177.0360,177.4618,177.5386,177.2758,177.1185,237.4444,174.2433,175.9208,173.2378,170.5926,169.8265,229.4850,224.4031,204.2580,0.0000,239.6066,241.9216,177.2027,177.0191,211.6868,172.4430,172.2615,0.0000,228.1094,228.2618,173.1675,175.0912,236.9562,246.5525,176.5489,187.5204,183.3705,179.7132,207.4285,174.7478,207.2549,230.5927,176.6694,177.0375,171.5252,194.4436,186.3736,247.9553,225.6918,192.6783,192.7125,171.2382,169.9213,192.6395,230.4248,173.2168,186.7182,177.5709,177.2757,177.5821,196.8009,185.6290,186.7623,172.7422,172.7437,230.5275,172.4551,171.1452,170.9422,228.8130,228.9739,245.4956,245.4956,241.8592,172.7769,178.3480,170.3661,175.4185,173.8307,172.7259,173.9524,225.6354,0.0000,176.9173,173.6530,233.5497,233.4167,174.0597,173.6390,250.1755,176.3319,174.3002,234.5656,228.9224,174.1115,229.0918,254.4300,199.7134,219.0481,238.7004,261.7241,251.2759,232.4547,172.4727,233.8131,233.5793,231.1823,237.7345,231.0489,187.4146,193.0074,194.5641,228.7334,237.3368,193.3412,232.2393,233.1836,233.2571,232.3628,229.4559,233.1468,232.7934,234.0310,233.2773,233.1491,228.6743,174.2433,169.8315,173.9553,0.0000,174.4939,176.7733,174.4935,172.4248,172.0221,172.5471,178.0129,174.2469,251.2394,172.8880,173.4004,172.4396,173.5013,173.4128,183.0870,219.1961,174.4430,173.4126,197.4856,228.2765,247.3390,247.9058,251.2759,225.5979,231.7304,225.3578,228.4500,229.5569,173.8604,191.7749
26.0000,214.9909,170.8979,171.2069,172.0221,167.6265,187.1611,185.6162,239.6580,174.9242,248.2648,234.6706,245.9860,173.6852,192.6153,170.9519,170.8183,175.0173,175.4284,171.7364,168.9256,178.1138,179.5535,178.8629,174.9563,191.2166,193.1417,193.4558,202.7700,249.9918,170.6562,171.1194,171.4197,251.6267,213.0971,212.5508,240.9277,174.5554,206.0959,174.9125,215.6084,227.9023,228.5901,233.1842,229.0102,255.8924,194.4364,231.3805,230.4219,169.3943,234.8672,233.4646,202.7495,237.4067,228.5483,220.6977,205.2536,169.4910,234.1401,190.2458,221.4933,228.3791,228.5928,232.8703,233.0717,232.2352,228.6476,229.0032,233.2320,229.9333,230.8980,236.9753,231.6668,224.9056,228.4140,193.1863,167.3473,172.4166,250.5596,246.4869,207.3253,171.1780,175.9757,174.6209,174.8792,175.2011,175.6216,175.7007,175.4389,175.2886,237.1873,172.3468,174.0950,171.3388,168.7531,168.0179,229.1372,223.7805,202.9633,0.0000,239.8317,242.0798,175.3663,175.3940,210.2245,170.5977,170.4246,0.0000,227.7081,227.8609,171.4300,173.1811,236.6038,246.8143,174.6310,186.1287,182.0180,177.8987,205.9133,172.9631,205.7889,230.1704,174.8343,175.1868,169.7494,193.0978,184.6090,247.8666,225.3090,191.3433,191.3772,169.4293,168.3716,191.2344,229.9417,171.4432,184.8538,175.7579,175.4371,175.7389,195.4294,184.2380,185.3494,171.0206,171.0220,230.1082,170.8460,169.4557,169.3176,228.4030,228.5597,245.0727,245.0728,241.5085,171.0083,176.4026,168.8467,173.7192,172.1822,170.8689,172.1821,225.2501,0.0000,175.1323,171.9700,233.3649,233.1923,172.2827,171.8447,250.0342,174.4127,172.4027,234.6152,228.9224,172.2377,229.0944,252.8170,198.2472,217.5972,236.9894,260.8262,251.7167,232.0291,170.8354,233.4773,233.2605,230.7816,237.0224,230.7787,185.9945,191.5531,193.1058,227.3085,235.6722,191.9454,231.7170,232.7318,232.8067,231.9185,229.0386,232.6953,232.3765,233.6142,232.8264,232.6681,228.2501,172.3468,168.0229,172.1851,0.0000,172.5982,174.9421,172.5978,170.6903,170.2648,170.6671,176.1177,172.3413,251.7351,171.1203,171.5335,170.5916,171.6230,171.5236,181.3214,219.1024,172.7245,171.5233,196.1663,228.2765,247.6294,248.2222,251.7167,225.2123,231.2060,224.9729,228.0397,229.1341,172.1212,190.4421
27.0000,214.5895,170.7561,171.0521,171.9279,167.6999,186.6653,185.2859,239.6580,174.8642,246.6291,233.2262,243.8902,173.5607,192.7697,170.8823,170.7443,174.9707,175.3357,171.7530,168.8419,177.4448,177.6999,177.3236,174.6142,190.7443,192.9604,193.3192,202.5681,248.1239,170.5208,171.0197,171.3054,249.6461,212.8274,212.1529,239.3120,174.4951,205.6722,174.8623,215.2050,227.4575,227.6279,231.8436,228.5617,253.8049,194.3843,231.2553,230.2798,169.3226,234.9551,233.5418,202.5806,237.5586,228.6714,220.6348,205.0795,169.3111,234.2093,190.1828,222.2106,228.3854,228.5861,232.9296,233.1241,232.2352,228.6929,229.0573,233.1951,229.9552,230.9473,237.0726,231.6478,225.3121,228.4206,193.1789,167.2367,172.3425,248.6769,244.7292,206.8983,171.3324,175.8988,174.5599,174.7988,175.1433,175.5638,175.6364,175.3727,175.2202,236.6065,172.2735,174.0442,171.3345,168.7162,167.9549,228.2763,223.1768,202.7880,0.0000,238.1954,240.4206,175.2999,175.0940,209.9481,170.5561,170.3834,0.0000,227.7206,227.8678,171.4131,173.0909,236.6965,245.0463,174.5186,185.6496,180.5650,177.7718,205.6178,172.9167,205.6412,230.1259,174.7711,175.1262,169.6245,193.0538,184.6650,246.1575,225.3090,191.2930,191.3270,169.3486,168.3716,190.7589,229.3485,171.3384,184.8974,175.6751,175.3685,175.6611,195.3803,183.7535,184.8601,170.9286,170.9299,230.0644,170.8377,169.4316,169.2783,228.4330,228.6028,244.4686,244.4686,240.9086,170.9000,176.1704,168.8241,173.6016,172.0966,170.8507,172.1377,225.2487,0.0000,175.0407,171.8808,233.4394,233.2565,172.2346,171.8073,248.3530,174.2577,172.3281,234.6939,228.9224,172.2840,229.0985,250.7774,198.2080,217.2495,236.2452,259.8194,249.7250,231.4394,170.7699,233.5402,233.3230,230.8371,236.0066,230.8174,185.6237,191.2847,192.9223,226.7696,234.9522,191.4906,231.6142,232.6051,232.6824,231.8509,228.9871,232.5693,232.3364,233.5792,232.7013,232.4756,228.1981,172.2735,167.9599,172.1406,0.0000,172.5760,174.8818,172.5756,170.6233,170.2253,170.6379,175.9219,172.3838,249.8152,171.0206,171.5627,170.5469,171.6394,171.4930,181.3412,219.7779,172.6458,171.4928,195.7044,228.2765,245.8366,246.4058,249.7250,225.2103,231.0817,224.9695,228.0610,229.1884,172.0155,190.3832
28.0000,214.4236,170.5180,170.8002,171.8318,167.7890,186.7718,185.2803,239.6580,174.5904,246.1682,232.6886,243.3689,173.3117,192.7027,170.8882,170.7365,174.7607,175.1874,171.4269,168.6576,177.6766,178.6093,178.0582,174.6539,190.8262,192.9281,193.2612,202.4088,247.4662,170.2886,170.7662,171.0488,248.9560,212.5712,211.9902,238.7715,174.2279,205.5976,174.6254,215.0390,227.2904,227.2510,231.3078,228.3946,253.1100,195.1351,231.8744,230.9447,169.3518,235.1244,233.6715,203.2597,237.6977,229.0799,221.0842,205.7349,169.0989,234.4099,190.9039,223.5041,228.6546,228.8815,233.1275,233.3177,232.2352,228.9717,229.3408,233.5544,230.1997,231.1366,237.2815,232.0039,226.1948,228.6898,193.9535,167.0125,172.1360,248.0115,244.1160,206.7906,170.6929,175.7556,174.2921,174.5264,174.8636,175.2787,175.3611,175.0992,174.9407,236.4378,172.0145,173.8099,171.1042,168.4849,167.7269,227.9534,222.9317,202.5936,0.0000,237.6427,239.8644,175.0455,175.0882,209.7306,170.2746,170.1172,0.0000,227.9722,228.1245,171.3926,172.8217,236.9036,244.4332,174.2239,185.7273,181.2475,177.6808,205.4805,172.6432,206.2912,230.5158,174.5211,174.8738,169.3920,193.8009,184.5211,245.6869,225.4847,192.0269,192.0609,169.1269,168.3716,190.8388,229.1363,171.0816,184.7588,175.4018,175.0999,175.3865,196.1400,183.8667,184.9688,170.8075,170.8088,230.4555,170.8173,169.3328,169.2372,228.7076,228.8798,244.4988,244.4988,240.8392,170.6517,175.8838,168.8711,173.5825,172.0943,170.6238,171.8655,225.4197,0.0000,174.8215,171.7816,233.5689,233.3965,171.9631,171.5350,247.8891,173.9814,172.0687,234.8351,228.9224,171.9404,229.1058,250.9362,198.0899,216.9873,234.1378,259.8037,249.0365,231.2390,170.7601,233.7332,233.5081,231.0739,236.0798,230.9993,185.6451,191.2741,192.8909,226.5858,233.1083,191.5934,232.1553,233.2108,233.2855,232.3426,229.3764,233.1732,232.7066,233.9382,233.3057,233.1702,228.5787,172.0145,167.7319,171.8684,0.0000,172.3285,174.6081,172.3282,170.4876,170.0804,170.4019,175.8437,172.0851,249.1417,170.7672,171.2464,170.2620,171.3166,171.2437,181.1637,221.0420,172.5910,171.2434,195.7299,228.2765,245.2123,245.7698,249.0365,225.3808,231.6173,225.1402,228.1856,229.4709,171.8144,191.1084
29.0000,214.1204,170.2859,170.5535,171.7281,167.8493,186.6268,185.1503,239.6580,174.4089,246.0673,232.6015,243.2644,173.1924,192.5559,170.8118,170.7123,174.3966,174.8400,171.2352,168.3876,177.5424,178.4347,177.8969,174.5380,190.6815,192.7711,193.1082,202.2958,247.3243,170.0622,170.5708,170.8421,248.8308,212.3318,211.7433,238.6896,174.0482,205.4401,174.4522,214.7202,226.6513,227.1062,231.2387,227.7265,252.9554,195.4619,232.2560,231.3070,169.3320,235.2804,233.7920,203.7108,237.9248,229.4635,221.4870,206.1931,168.9097,234.5956,191.2363,224.8884,228.9499,229.1718,233.3255,233.5137,232.2352,229.2360,229.6063,233.8697,230.5578,231.5354,237.4684,232.6416,227.0462,228.9855,194.2431,166.7852,171.8192,247.8617,244.0031,206.6601,170.6291,175.3739,174.1121,174.3484,174.6785,175.0907,175.1664,174.9121,174.7573,236.4678,171.7801,173.6365,170.9195,168.2861,167.5167,227.7825,222.8471,202.5296,0.0000,237.5663,239.7821,174.8794,174.9693,209.5072,170.0653,169.9152,0.0000,228.2650,228.4191,171.3787,172.5720,237.0937,244.3197,173.9451,185.5859,181.0575,177.9338,205.2817,172.4821,206.7529,230.8582,174.3442,174.7034,169.1675,194.1203,184.3511,245.5855,225.8101,192.3498,192.3840,168.8604,168.3716,190.6943,229.1589,170.8800,184.5456,175.2250,174.9149,175.2034,196.4621,183.7081,184.8187,170.6816,170.6830,230.8023,170.7485,169.2457,169.1837,228.9850,229.1467,244.8255,244.8256,241.0263,170.4488,175.5655,169.0513,173.3442,171.9714,170.4475,171.7108,225.7493,0.0000,174.5986,171.6781,233.6894,233.5290,171.8103,171.4017,247.7329,173.6990,171.8338,234.8972,228.9224,171.7613,229.1091,252.1957,197.9615,216.7656,235.8221,260.1855,248.9141,231.2783,170.7375,233.9177,233.6890,231.3222,236.6773,231.1661,185.5105,191.1191,192.7341,226.3207,234.5210,191.4721,232.4376,233.6003,233.6767,232.7562,229.7374,233.5621,233.0308,234.2525,233.6969,233.5521,228.8873,171.7801,167.5217,171.7138,0.0000,172.0122,174.4263,172.0118,170.3608,169.9537,170.2034,175.4797,171.8168,248.9951,170.5718,171.0668,170.0487,171.1182,170.9353,180.9999,222.4151,172.4077,170.9350,195.5895,228.2765,245.0918,245.6415,248.9141,225.7110,231.9211,225.4728,228.5287,229.7233,171.6886,191.4376
30.0000,213.6113,169.9834,170.2404,171.5302,167.7893,186.2916,184.8171,239.6580,174.0527,245.6267,232.0000,242.7633,172.9055,191.6645,170.6917,170.6665,174.0529,174.5145,170.9603,168.1131,177.2923,178.1711,177.6393,174.3138,190.3173,192.4300,192.7714,201.4808,246.6611,169.7653,170.2918,170.5611,248.1482,211.8003,211.2299,238.1147,173.6888,204.9496,174.0943,214.2102,226.1251,226.6025,230.6461,227.1988,252.2411,195.6164,233.0665,232.1226,169.2623,235.5960,234.0476,203.8670,238.1719,230.3700,221.8422,206.3595,168.6118,234.9952,191.3961,227.2375,229.7354,229.9671,233.7789,233.9623,232.2352,229.9501,230.3180,234.6263,231.3497,232.3248,237.8999,233.4560,228.7386,229.7710,194.3734,166.4958,171.4927,247.1906,243.3908,206.1267,170.5875,175.0302,173.7518,173.9928,174.3181,174.7236,174.7830,174.5415,174.3949,236.2078,171.4425,173.3023,170.6269,167.9996,167.2297,227.2936,222.4052,201.6659,0.0000,236.9363,239.1791,174.5129,174.7287,209.0119,169.7794,169.6377,0.0000,229.0445,229.2038,171.3925,172.2145,237.5589,243.6985,173.5427,185.2468,180.7841,177.4022,204.8534,172.2109,206.9268,231.6482,173.9902,174.3355,168.8704,194.2641,183.6904,245.1353,226.6524,192.4962,192.5304,168.5465,168.3716,190.3303,228.8066,170.5980,183.8276,174.8546,174.5462,174.8340,196.6148,183.3695,184.4829,170.4787,170.4799,231.5871,170.6103,169.1148,169.0879,229.7233,229.8653,244.6860,244.6861,240.8376,170.1655,175.1779,168.9829,173.1850,171.8340,170.1731,171.4617,226.6000,0.0000,174.3243,171.4806,233.9485,233.8230,171.5586,171.1629,247.2473,173.3330,171.4956,235.0317,228.9224,171.4758,229.1161,254.2901,197.1090,216.1967,235.1434,260.1735,248.2317,230.9541,170.7006,234.3291,234.0943,231.9314,237.6315,231.6336,185.1787,190.7768,192.3931,225.6904,233.8524,191.0929,233.3084,234.4082,234.4841,233.5631,230.5186,234.3699,233.7959,235.0098,234.5036,234.3697,229.7503,171.4425,167.2347,171.4646,0.0000,171.7251,174.0697,171.7248,170.1601,169.7559,169.9040,175.1527,171.5795,248.3171,170.2928,170.7949,169.7586,170.8458,170.6599,180.4528,224.7517,172.2067,170.6595,195.1741,228.2765,244.4607,244.9982,248.2317,226.5636,232.7788,226.3225,229.4249,230.4468,171.3682,191.5954
31.0000,214.0816,170.4286,170.6894,171.8702,167.8621,186.6347,185.2397,239.6580,174.5513,245.6286,232.0239,242.8258,173.3367,192.4604,171.5314,171.2750,174.7071,175.1419,171.4041,168.5268,177.4959,177.6132,177.2930,174.7124,190.6838,193.0201,193.3985,202.0707,246.4911,170.2127,170.7557,171.0346,247.9555,212.3659,211.7045,238.0770,174.1880,205.3408,174.6035,214.6817,226.6202,226.7290,230.7170,227.6960,252.0614,197.0466,235.7498,234.7921,170.1181,236.6390,234.9092,205.3128,238.8048,232.6735,223.2271,207.7914,169.1000,236.3525,192.7791,231.1058,232.2400,232.4796,235.2954,235.4775,232.2352,232.1173,232.4264,237.2492,233.9119,234.9094,239.2816,236.0783,231.7884,232.2755,195.6751,166.9560,172.0239,247.0255,243.2885,206.5220,171.1391,175.6352,174.2510,174.4783,174.8193,175.2273,175.2830,175.0391,174.8903,236.3174,171.9545,173.8044,171.1531,168.5008,167.7145,227.4324,222.6435,202.2711,0.0000,236.8756,239.1181,175.0144,175.1823,209.5808,170.2790,170.1519,0.0000,231.5144,231.7109,171.3757,172.7146,239.0303,243.5853,174.0282,185.5610,180.4322,177.6476,205.4428,172.6940,208.3427,234.2998,174.4959,174.8640,169.3191,195.6332,184.3697,245.1468,229.3316,193.8516,193.8860,169.0310,169.4066,190.6940,228.9876,171.0643,184.5682,175.3463,175.0442,175.3252,198.0785,183.7298,184.8323,171.0863,171.0875,234.2447,170.7938,169.8933,169.9190,232.0179,232.0535,245.0648,245.0649,241.0805,170.6254,175.7278,170.0363,173.9806,172.6841,170.7013,171.9402,229.3070,0.0000,174.4956,171.8193,234.8196,234.7934,172.0339,171.6482,247.2074,173.8712,172.0076,235.3587,228.9224,171.8925,229.1331,255.2684,197.7919,216.7802,233.7256,260.8199,248.0296,231.1150,171.2160,235.7168,235.4519,233.9308,237.9867,233.0487,185.5754,191.2750,192.9801,226.3062,232.7179,191.4668,235.8486,237.1140,237.1922,236.2622,233.2971,237.0743,236.4368,237.6371,237.2120,237.0539,232.4579,171.9545,167.7195,171.9430,0.0000,172.4280,174.5682,172.4276,170.7884,170.4045,170.4155,175.7845,172.0832,248.0154,170.7567,171.2334,170.2539,171.2892,171.4468,181.0625,228.5915,172.9627,171.4464,195.5482,228.2765,244.3335,244.8584,248.0296,229.2730,235.3189,229.0639,232.1764,232.6065,171.7728,192.9751
32.0000,209.3423,169.6411,169.8786,171.2005,167.7901,184.3147,182.7862,228.9616,173.6304,233.7272,220.7371,230.9220,172.5828,188.3791,170.6762,170.6962,174.0269,174.4500,170.7006,167.5049,176.5622,177.4825,177.0253,173.8082,187.8792,189.9126,190.2548,196.5289,233.9302,169.4316,169.9480,170.1898,235.3098,207.7920,207.0288,226.2233,173.2500,200.6013,173.6143,209.9255,221.5254,216.8924,219.8738,222.5707,239.2020,198.3036,241.8159,240.8507,169.2264,239.3546,237.0999,206.9376,242.5390,238.3981,225.9109,209.5203,168.3887,239.6664,194.0741,239.2831,238.1354,238.4085,238.9904,239.1444,235.7214,237.5181,237.8303,243.3543,239.8685,240.8790,242.9805,242.2952,238.7317,238.1716,196.6248,166.2333,171.3428,234.4259,230.9755,201.0722,169.9629,174.9673,173.3117,173.5156,173.8857,174.2714,174.3653,174.1245,173.9287,226.0475,171.4613,172.9442,170.8109,168.0455,167.1714,217.7894,214.3142,196.7295,0.0000,224.4054,226.8648,174.0149,174.1734,205.2628,169.5480,169.4461,0.0000,237.3610,237.6171,171.5767,172.2038,242.8786,231.1916,173.4365,183.2210,179.7772,177.2982,201.6017,171.8589,210.1211,240.2859,173.6118,173.9803,168.5435,196.7889,181.7336,233.2466,235.4417,195.0335,195.0681,168.3104,168.3716,187.8893,219.7703,170.2524,182.0527,174.2615,174.1389,174.4193,199.3322,181.4637,182.5469,170.3399,170.3413,240.2163,170.2841,169.1404,169.0947,237.6045,237.4851,234.3829,234.3830,230.5884,169.8242,175.0437,168.9275,173.2621,171.8630,170.2571,171.1281,235.4551,0.0000,173.8626,171.1527,237.0316,237.2614,171.2231,170.8596,235.1529,173.2655,171.5135,236.3348,228.9224,171.2053,229.1839,255.3165,192.9084,212.0144,228.2407,249.4021,235.3814,221.5954,170.7532,239.1015,238.7861,238.7597,237.9490,237.8296,183.1679,188.4921,189.8841,221.1513,227.2858,188.6530,241.9357,243.2035,243.2825,242.3057,239.2445,243.1626,242.4994,243.7522,243.3028,243.1419,238.6897,171.4613,167.1764,171.1307,0.0000,171.7418,173.6474,171.7415,170.0715,169.7838,170.0114,175.0773,171.3940,235.3749,169.9491,170.5284,169.5183,170.5861,170.7589,178.9613,236.6227,172.1720,170.7585,191.9352,228.2765,231.8991,232.4019,235.3814,235.4337,241.3738,235.2054,238.3741,238.0173,170.9895,194.2474
33.0000,239.9220,208.2477,208.5618,208.9208,204.1164,217.0090,215.2543,238.0856,213.0065,239.7277,227.8131,236.8848,212.4475,219.0448,205.2615,205.4237,214.2729,213.4440,218.1359,205.7281,211.9390,210.6825,211.1220,210.1178,219.7283,222.4303,222.9482,222.2183,239.8341,207.9911,208.6648,208.9360,241.2959,239.3074,237.2855,232.0811,212.4818,228.5738,212.8015,240.5858,253.7881,228.2750,228.6685,254.9779,245.2605,216.9300,232.3909,231.4635,202.8663,236.7173,234.5359,223.3782,239.3228,231.2901,233.0999,225.2898,211.8025,235.3458,211.7194,234.4947,228.5696,228.8470,233.9143,234.2396,232.2352,229.9277,230.4866,233.7783,230.2768,231.3055,240.1529,233.1461,232.6430,228.6042,218.0254,204.5698,210.1883,240.3429,237.0886,226.5914,207.4409,214.0752,212.5531,212.6639,213.2623,213.6455,213.9732,213.6711,213.1893,237.2991,213.0656,212.4951,212.3146,208.9742,207.1480,229.8997,231.1650,222.3990,0.0000,227.2099,231.3077,213.2409,210.4332,237.0184,217.2211,217.1637,222.5288,227.0892,227.8519,208.3212,213.9479,238.7390,236.8445,215.3866,215.4636,212.8568,215.9871,234.0460,211.0062,225.4033,231.0326,213.2186,213.7448,207.0909,216.1401,216.6251,239.2401,224.4269,213.8718,213.9098,206.8963,205.5897,219.7453,234.1041,209.0455,218.2066,213.1176,213.7452,214.0743,218.0419,213.6301,214.9123,209.4587,208.6026,230.9843,207.4915,209.7294,206.8252,226.9911,229.6517,246.0453,246.0454,242.0808,208.5032,217.2032,202.4115,208.4508,206.7128,211.2092,210.1553,224.5566,0.0000,222.4197,208.8957,234.4313,234.2730,210.2888,209.9704,238.9334,215.2014,213.1274,235.0789,228.9224,218.7725,229.1186,255.0698,220.8740,244.0295,262.1008,261.7766,241.3723,235.0558,205.7655,234.6426,234.3433,231.4110,237.8337,231.7494,215.6983,221.3592,222.4162,254.1785,261.0446,220.6281,232.3148,233.7126,233.7925,232.9227,230.6083,233.6718,233.0489,234.1595,233.8107,233.6227,229.5868,213.0656,207.1542,210.1568,0.0000,213.9752,213.0283,213.9754,209.7566,210.1058,211.3400,212.8443,217.2712,241.3415,208.6661,217.9319,217.1788,218.0008,212.8293,215.0878,231.8611,208.4986,212.8289,221.8441,228.2765,237.6323,238.2546,241.3723,224.5494,231.7655,224.4685,227.3523,230.4059,209.7598,212.1402
34.0000,239.8980,208.3585,208.6728,208.9603,204.1164,216.8780,215.2284,238.2101,213.2059,239.7871,227.8834,237.0192,212.5039,219.4250,205.2837,205.5202,214.1896,213.2444,218.5864,205.8395,211.6761,209.8451,210.4366,210.0094,219.6183,222.4232,222.9663,222.2725,239.7475,208.1013,208.8139,209.0987,241.2253,239.3488,237.2721,232.1644,212.6806,228.5673,212.9900,240.5587,253.6963,228.2908,228.7346,254.8802,245.1755,217.6227,233.9161,232.9851,202.9114,237.3849,235.0722,224.3877,239.7605,232.7106,234.2275,226.3425,211.7076,236.2102,212.4253,238.4014,229.8514,230.1500,234.8267,235.1674,232.2352,231.0126,231.5824,235.1725,231.6067,232.6469,241.0960,234.3221,235.3209,229.8864,218.6064,204.6791,210.2161,240.2281,237.0874,226.5937,207.7498,213.9003,212.7525,212.8644,213.4700,213.8609,214.1772,213.8716,213.3982,237.4172,213.2509,212.6749,212.4793,209.1523,207.3020,229.9125,231.2028,221.9973,0.0000,227.2897,231.3773,213.4127,210.3745,237.1048,217.6937,217.6453,223.3066,228.2585,229.1178,208.4747,214.1331,239.6796,236.8368,215.5719,215.3739,212.1920,216.8813,234.1910,211.1759,226.4353,232.4226,213.4112,213.9512,207.2050,216.8221,216.9094,239.3115,225.3090,214.5638,214.6019,207.0009,205.6962,219.6368,234.1870,209.1975,218.4561,213.3164,213.9434,214.2710,218.7482,213.5210,214.7911,209.2582,207.8184,232.3709,207.4915,209.8756,206.9319,228.0573,230.7316,246.0238,246.0239,242.1153,208.6428,217.4425,202.5070,208.5610,206.7874,211.3602,210.3136,225.4596,0.0000,222.8748,208.9384,234.9724,234.8836,210.4441,210.1048,238.9445,215.4177,213.3136,235.2445,228.9224,219.2353,229.1272,255.4779,221.0777,243.9375,259.5814,261.7868,241.3047,235.1510,205.8704,235.5042,235.1779,232.5116,237.9754,232.4992,215.6499,221.3550,222.4078,253.8314,258.8234,220.5265,233.6930,235.2569,235.3403,234.3883,231.9926,235.2144,234.4597,235.5600,235.3580,235.1455,231.1844,213.2509,207.3082,210.3152,0.0000,214.0512,213.2278,214.0515,209.7062,210.1290,211.5134,212.7053,217.6038,241.2741,208.8151,218.3962,217.6478,218.4565,212.9039,215.3456,235.6892,208.4340,212.9035,221.7684,228.2765,237.6050,238.2072,241.3047,225.4589,233.1248,225.3710,228.2728,231.5047,210.0119,212.8367
35.0000,242.0273,209.8989,210.2071,210.6581,205.4787,219.0055,217.3542,239.8243,215.0016,241.3666,229.5621,238.6197,214.0431,221.2675,208.4453,208.6184,214.1839,212.8369,220.3728,207.4571,213.8099,211.8764,212.4811,212.1666,221.7301,224.5996,225.1434,224.1185,241.4026,209.6398,210.4739,210.7287,242.9517,241.4791,239.3621,233.7685,214.4670,230.5743,214.7540,242.6965,256.0062,229.7940,230.5066,257.2056,245.3587,218.6586,235.9320,235.0266,206.5825,237.6693,235.4652,226.0349,239.6573,233.2004,235.2940,228.0590,211.8702,237.2175,213.5395,240.9575,231.5403,231.8692,235.8866,236.1986,232.2352,231.2934,231.8447,237.2139,233.4227,234.4745,241.0366,236.1973,236.6845,231.5765,218.4086,206.0273,210.7088,241.8754,238.7042,228.5028,209.4540,213.3419,214.5399,214.6424,215.2772,215.6801,215.9899,215.6791,215.1988,239.0732,214.8390,214.4218,213.9680,210.5593,208.6747,231.3030,232.8631,223.8603,0.0000,228.8927,232.9760,215.1939,212.5837,239.3002,219.4707,219.2310,225.0343,230.3110,230.8692,210.1397,215.7211,240.0081,238.4568,217.2254,217.5081,214.4062,218.9239,236.5384,212.9190,228.1052,234.4598,215.1964,215.8072,208.6709,217.4225,218.7380,240.8942,227.4416,215.2466,215.2848,208.0465,207.9628,221.7488,235.8523,210.8765,220.3713,215.1076,215.7482,216.0845,219.8867,215.6374,216.9074,210.8233,209.0636,234.4170,208.9481,211.2819,209.2121,230.0075,231.0428,247.6139,247.6139,243.7562,210.2735,219.4037,204.7592,213.0016,210.3501,212.8123,212.0388,227.6403,0.0000,224.7765,210.6294,235.3647,235.4004,212.1632,211.7517,240.5069,217.2342,214.9041,235.5269,228.9224,221.0464,229.1419,259.6060,222.9266,245.8701,262.2622,263.4384,243.1757,236.8154,208.7541,236.4479,236.1183,233.9197,239.2452,232.7356,217.7856,223.5462,224.5839,255.2340,261.3608,222.6387,235.5617,237.2548,237.3337,236.4161,234.4089,237.2108,236.5554,237.6068,237.3535,237.1296,233.2461,214.8391,208.6810,212.0404,0.0000,214.8185,215.0241,214.8188,211.2706,211.5065,212.9772,212.6013,219.0726,242.9984,210.4751,220.2075,219.4248,220.2596,213.8297,217.1381,237.8460,210.1862,213.8293,223.8180,228.2765,239.2333,239.8474,245.0104,227.6403,234.9685,227.6376,230.4881,231.7930,211.6792,213.8727
36.0000,237.8091,208.5853,208.9175,209.0278,203.8776,213.9061,212.2778,236.3568,213.6221,237.8711,226.4835,235.2851,212.7535,218.2683,207.2285,207.6666,212.7122,211.1773,219.3482,206.2529,210.8525,208.4279,209.3237,209.9516,215.8397,218.6450,219.1693,220.7237,237.8276,208.3110,209.0722,209.3211,239.3450,237.2271,234.9963,230.6932,213.0791,225.7398,213.2814,238.5141,252.5610,226.2042,227.1852,253.8270,241.6818,218.0466,235.3894,234.5156,205.3574,237.5681,235.4073,225.5327,239.3736,232.7999,235.5742,227.8140,210.3609,237.2596,212.8893,241.3207,230.9284,231.2659,235.7838,236.1397,232.2352,230.7199,231.3364,236.5931,232.7636,233.7733,240.6739,235.5695,236.7544,230.9652,217.4407,204.8569,209.3696,238.2408,235.3228,224.0248,207.4409,211.4962,213.1540,213.2731,213.9360,214.3731,214.6352,214.3144,213.8659,235.4579,213.4982,212.9807,212.4832,209.2097,207.3884,227.6129,228.8861,220.3878,0.0000,225.9857,229.8966,213.7760,210.3616,234.8848,218.4948,218.2485,224.2415,229.6813,230.2493,209.3220,214.3935,239.6689,235.0758,215.8906,212.4078,209.8319,217.7693,231.7897,211.4256,227.8825,233.8673,213.8057,214.4314,207.4140,216.7449,216.3911,237.4249,226.7290,214.5737,214.6117,206.8572,206.7535,207.8500,232.0239,209.4786,217.8817,213.7411,214.3805,214.7241,219.4455,210.7468,211.9113,209.5239,208.1301,233.8252,207.5858,210.0700,207.9955,229.3718,230.4575,243.8381,243.8382,240.0758,208.8893,218.5461,204.5372,211.9414,209.3657,211.3699,210.5222,226.9270,0.0000,223.4596,209.0114,235.2980,235.3126,210.6590,210.2137,237.0465,216.1228,213.5676,235.4488,228.9224,220.0077,229.1378,262.1105,219.7137,241.7143,258.1530,260.2481,239.5694,233.0436,207.8226,236.4163,236.0556,233.5619,240.1437,232.4822,212.6864,217.9449,218.6396,251.2324,257.2827,216.6587,234.9463,236.6928,236.7715,235.8335,233.8170,236.6487,235.9680,236.9819,236.7912,236.5671,232.7364,213.4982,207.3946,210.5238,0.0000,213.5076,213.6452,213.5079,209.9567,210.2049,211.5699,211.0459,217.9977,239.4429,209.0733,219.2024,218.4530,219.2482,212.5251,215.1106,238.1496,208.7944,212.5246,218.3566,228.2765,235.8023,236.3747,241.3447,226.9270,234.3579,226.9244,229.7657,231.2047,210.3976,213.2052
37.0000,240.7601,208.9351,209.2826,209.1350,203.8315,213.4769,211.6513,239.4262,214.1265,240.9197,228.4158,237.9683,213.1547,219.4426,207.7928,208.2708,213.6242,211.9506,219.9569,206.6660,210.8382,208.2372,209.2028,210.0660,215.5880,218.4206,218.9978,222.0747,240.6337,208.6489,209.3448,209.5597,242.4614,240.2976,237.6190,232.9865,213.6326,226.8626,213.9330,241.5452,257.2326,228.4187,229.1470,258.6467,245.0294,218.7946,236.0278,235.1516,205.7884,237.8897,235.6897,226.5963,239.7036,233.2627,236.5362,228.9282,211.0225,237.6873,213.6181,241.7968,231.4348,231.7796,236.2230,236.5945,232.2352,231.1807,231.7782,237.1846,233.3044,234.3252,241.1291,236.1345,237.2769,231.4722,217.9453,205.2088,210.0654,241.0954,237.9619,225.2167,207.4409,212.2893,213.7120,213.8254,214.4416,214.8997,215.2359,214.8825,214.4083,238.1385,214.1699,213.6140,213.0515,209.6914,207.8210,229.7596,230.9436,221.8416,0.0000,227.8637,232.1072,214.4978,210.5013,237.5781,219.0671,218.7966,224.7683,230.1805,230.7536,209.9409,215.0842,240.1286,237.6879,216.6361,211.7089,209.6382,218.6165,233.7471,211.4729,228.9917,234.4412,214.4345,215.1168,207.7482,217.4376,217.4097,240.4146,227.2487,215.2708,215.3090,207.3401,207.1688,211.0697,234.3437,209.7690,219.2163,214.3443,214.9728,215.3038,220.2579,209.3816,210.8850,209.7753,208.1301,234.3999,207.6040,210.4807,208.4134,229.8451,230.9200,246.9802,246.9803,243.0661,209.1777,219.5687,204.7373,213.0623,210.1635,211.8283,210.6796,227.4488,0.0000,224.3057,209.1185,235.5803,235.6229,210.8284,210.3330,239.8786,216.9988,214.2449,235.5674,228.9224,220.6195,229.1440,262.1336,220.9980,245.7708,265.9567,266.6154,242.6933,235.4608,208.4287,236.8350,236.4661,234.0411,240.0443,232.7970,212.0918,217.5512,218.4108,257.4145,264.8939,216.3843,235.5150,237.3374,237.4218,236.4620,234.3999,237.2923,236.5590,237.5777,237.4403,237.1949,233.3170,214.1699,207.8273,210.6806,0.0000,214.5064,214.1516,214.5066,210.2877,210.5704,212.1244,211.7819,218.7499,242.3701,209.3459,219.8223,219.0304,219.8641,213.6393,215.9528,238.6580,209.4414,213.6388,218.5413,228.2765,238.4664,239.0762,244.6566,227.4488,234.9291,227.4488,230.2984,231.6660,210.8187,213.9204
38.0000,244.8223,208.9750,209.3281,209.2023,203.7432,214.6859,212.8416,252.6647,214.2847,255.2766,241.2973,252.1657,212.9287,222.6149,207.9386,208.4223,213.6964,212.0048,220.0891,206.7718,211.3880,209.3802,210.1115,210.3679,217.0506,219.7030,220.2436,227.1235,255.6186,208.6873,209.3723,209.5916,257.6776,244.0932,241.6195,246.7716,213.8157,231.0061,214.2011,245.6223,261.6084,239.5890,241.4833,263.0495,260.5054,218.8809,235.8121,234.9170,205.9310,237.9621,235.7474,226.7145,239.7416,233.3337,236.6722,229.0529,211.0789,237.7564,213.7145,241.8304,231.4610,231.7957,236.2855,236.6634,232.2352,231.2627,231.8542,237.2264,233.3494,234.4053,241.2095,236.2411,237.3321,231.4983,218.0304,205.2088,210.0947,256.1569,252.4799,230.3288,207.4764,212.3330,213.8953,214.0366,214.6170,215.1014,215.3941,215.0415,214.6179,250.3539,213.8535,213.7656,212.6062,209.3799,207.6140,240.6609,240.2303,226.7966,0.0000,242.1558,246.3153,214.7818,210.8164,240.9857,219.1293,218.8237,224.8070,230.2132,230.7861,210.0160,214.7631,240.2102,252.3126,216.3424,213.0012,210.7497,218.5844,236.4131,211.5208,229.1164,234.3859,214.5893,215.2653,207.7653,217.5292,219.1545,254.7442,227.2869,215.3661,215.4043,207.3448,207.1557,211.0697,245.0167,209.7960,220.5694,214.6913,215.1309,215.4638,220.3425,210.5856,212.0867,209.7545,208.1301,234.3386,207.6389,210.3677,208.4002,229.8952,231.0018,259.7481,259.7482,255.5750,209.2078,219.5028,204.7563,213.3794,210.3726,211.4815,210.6993,227.4884,0.0000,224.4214,209.1826,235.6371,235.6771,210.8373,210.2727,254.3414,216.8276,213.9292,235.6097,228.9224,220.7668,229.1462,261.0483,225.2024,249.8472,271.1545,280.8847,257.9253,246.5884,208.5689,236.9001,236.5288,234.0872,239.5804,232.8491,213.2864,218.8103,219.6930,262.0908,270.0301,217.8886,235.4129,237.1119,237.1982,236.3006,234.3386,237.0684,236.5622,237.6210,237.2162,236.9123,233.2665,213.8535,207.6203,210.7006,0.0000,214.6102,214.3100,214.6105,210.2146,210.3779,211.7419,211.8401,218.8718,257.5485,209.3734,219.9674,219.0981,220.0002,213.7528,217.2675,238.7066,209.5509,213.7523,221.1086,228.2765,253.1812,253.8471,260.0936,227.4884,234.8479,227.4884,230.3573,231.7546,210.8059,214.0154
39.0000,245.5025,209.5768,209.9168,210.2211,204.8534,218.2012,216.3137,239.6580,215.0168,242.8220,230.3580,240.0614,213.9435,221.2391,208.9997,209.3037,214.7348,212.8588,221.3545,207.4531,213.2477,210.5153,211.4762,211.8123,221.1588,224.1437,224.7711,224.3148,243.2480,209.2907,210.0902,210.2738,245.3133,245.0873,242.3101,234.9938,214.5287,231.1397,214.8762,246.2990,262.2118,230.7791,231.1194,263.6462,248.0023,220.2922,236.5413,235.6364,207.0029,238.3473,236.0553,227.9603,240.0252,234.0670,237.5847,230.2497,211.7790,238.2007,215.0491,242.4868,232.3173,232.6506,236.7950,237.1607,232.2352,232.0314,232.5886,238.0846,234.2062,235.2709,241.7580,237.0944,238.0534,232.3547,219.4116,205.6031,210.7097,243.7463,240.2387,228.8301,208.0356,213.1837,214.6072,214.6987,215.3244,215.7769,216.1415,215.7831,215.2833,239.6063,215.0524,214.5340,213.9373,210.4900,208.4747,232.2042,233.4194,224.0453,0.0000,229.7926,234.1388,215.4330,212.2517,242.5247,220.2946,219.9604,225.7822,231.0838,231.6483,210.4216,215.9607,240.7655,239.9960,217.5240,216.2651,212.5261,219.5616,239.0376,212.3319,230.2963,235.2038,215.3465,216.0499,208.2910,218.8990,218.8383,242.3472,228.2006,216.7066,216.7451,207.8097,208.2820,221.1738,236.3648,210.5134,220.7154,215.2396,215.8779,216.2069,221.7903,214.0362,215.5607,210.7472,208.8073,235.1519,208.5080,211.5361,209.5333,230.7532,231.7791,248.6076,248.6076,244.6363,209.8981,220.6128,205.7751,214.4834,211.4486,212.6956,211.5300,228.3996,0.0000,225.7718,210.1905,235.9480,236.0238,211.6740,211.1643,241.9547,217.9709,215.1282,235.8196,228.9224,222.0427,229.1571,259.3259,223.0414,250.7418,271.7589,268.6174,245.5645,237.3251,209.3794,237.3596,236.9871,234.7753,238.8705,233.3341,216.7273,222.7886,224.1200,262.7746,270.6439,222.0242,236.2517,237.8449,237.9292,237.0737,235.1519,237.8022,237.4077,238.4802,237.9478,237.6100,234.0879,215.0524,208.4810,211.5310,0.0000,216.0032,215.0422,216.0035,211.2665,211.5293,212.9732,212.6014,220.1931,245.2095,210.0913,221.2453,220.2692,221.2738,215.3371,217.2057,239.4081,210.5303,215.3367,223.5206,228.2765,240.8495,241.5405,247.6133,228.3996,235.6813,228.3996,231.2341,232.5173,211.6071,215.3560
40.0000,240.8166,209.2477,209.5964,209.3583,203.9545,213.6865,211.8657,239.6580,214.3880,241.7999,229.0931,238.9090,213.3266,219.7375,208.3093,208.6319,214.4590,212.6029,220.9119,206.9804,211.1482,208.6776,209.6099,210.3642,215.7682,218.5133,219.0781,222.3741,241.9027,208.9660,209.6003,209.8004,243.9300,240.4192,237.7371,233.7542,213.8973,227.1096,214.2237,241.5857,256.9450,228.9656,229.8319,258.3295,246.5857,219.6777,236.2143,235.3113,206.2373,238.1709,235.8891,227.2227,240.0192,233.7711,237.0205,229.4980,211.6125,237.9308,214.4384,242.1908,231.9372,232.2568,236.5153,236.8746,232.2352,231.7321,232.2986,237.6843,233.8026,234.8534,241.5488,236.7313,237.7265,231.9746,218.8936,205.6031,210.5555,242.3870,238.9835,225.4992,207.5292,212.9277,213.9760,214.0807,214.7011,215.1574,215.5509,215.1478,214.6649,238.5639,214.4603,213.9107,213.3689,210.0457,208.1893,230.1755,231.3403,222.1482,0.0000,228.5293,232.8784,214.7956,210.8108,237.6452,219.8912,219.5549,225.4062,230.7187,231.2745,210.0160,215.3371,240.5367,238.7223,216.8492,211.9557,210.0180,218.9297,233.6896,211.7264,229.5535,234.8345,214.7148,215.4156,208.0896,218.3092,217.6876,241.3045,227.8352,216.1144,216.1528,207.7526,207.6039,211.0697,234.7484,210.0160,219.4324,214.6067,215.2252,215.4827,221.1558,209.5714,211.0852,210.0198,208.1301,234.7944,207.7637,210.9133,208.8512,230.4129,231.4759,247.3323,247.3323,243.4565,209.4481,219.8687,204.9258,213.7646,210.7280,212.1396,210.9307,228.0354,0.0000,224.9089,209.3403,235.7820,235.8456,211.0738,210.5831,240.7911,217.2985,214.5347,235.7185,228.9224,221.5853,229.1519,258.3333,221.2957,246.0216,266.7162,266.7702,244.1815,235.8700,208.7473,237.0950,236.7316,234.4439,238.5375,233.1322,212.3098,217.7150,218.5065,257.9790,265.6235,216.6129,235.7080,237.5227,237.6053,236.7336,234.7944,237.4795,237.0203,238.0793,237.6245,237.3137,233.7138,214.4603,208.1955,210.9317,0.0000,215.7039,214.4131,215.7042,210.5921,210.8950,212.4440,212.3919,219.8023,243.8458,209.6014,220.8224,219.8726,220.8379,215.0540,216.2453,239.0906,210.0115,215.0537,218.7523,228.2765,239.5593,240.2284,246.2020,228.0354,235.0953,228.0354,230.8864,232.2361,211.0815,214.7513
41.0000,240.4373,209.2047,209.5433,209.3444,203.9717,213.7168,211.8848,240.5984,214.3240,242.2496,229.2278,239.3768,213.2398,219.7117,208.3111,208.6053,214.5099,212.6150,221.0852,206.8651,211.1836,208.7637,209.6879,210.3787,215.8046,218.6051,219.1775,222.3669,242.0976,208.9299,209.5464,209.7392,244.2315,240.0481,237.4365,233.9482,213.8410,227.1072,214.1915,241.1854,256.1103,229.1230,229.9756,257.4556,246.8701,219.5260,236.6918,235.8220,206.2511,238.1977,235.9217,226.8293,240.1667,233.9046,236.7249,229.0680,211.5956,237.9165,214.2696,242.2075,232.1968,232.5310,236.5634,236.9071,232.2352,231.9155,232.4685,237.9818,234.0167,235.0141,241.6342,236.9274,237.7263,232.2341,218.8471,205.6031,210.5387,242.5635,239.2238,225.5511,207.4409,212.9421,213.9198,214.0387,214.6188,215.0613,215.4827,215.0827,214.5932,239.0356,214.4098,213.8826,213.3486,210.0378,208.1840,230.3546,231.5629,222.0955,0.0000,228.6600,233.0566,214.7722,210.8224,237.3125,220.0729,219.7220,225.6214,230.9538,231.5249,210.0160,215.2681,240.6226,238.9456,216.7763,211.9722,210.0646,218.8358,233.4331,211.6815,229.1371,235.1628,214.6715,215.3762,208.0658,218.1716,217.6712,241.7571,228.0721,215.9650,216.0034,207.7478,207.6334,211.0697,235.0948,209.9539,219.4631,214.5577,215.1648,215.4178,220.9936,209.5711,211.1032,210.0310,208.1301,235.1256,207.7637,210.9547,208.8808,230.6163,231.6627,247.4140,247.4141,243.7183,209.3985,219.7267,204.9778,213.5966,210.6528,212.1205,210.8906,228.2753,0.0000,225.4049,209.3257,235.8161,235.8763,211.0327,210.5483,241.1334,217.2019,214.4832,235.8514,228.9224,221.7643,229.1588,257.6716,221.2790,245.5066,265.5707,266.2110,244.4980,236.2549,208.7247,237.1112,236.7605,234.5979,238.4127,233.2358,212.3328,217.7729,218.5971,257.1292,264.5145,216.6787,236.1119,237.9968,238.0775,237.1048,235.1256,237.9524,237.3274,238.3774,238.0974,237.8425,234.0431,214.4099,208.1903,210.8915,0.0000,215.8540,214.3490,215.8543,210.6054,210.9059,212.4195,212.3723,219.9648,244.0737,209.5476,221.0130,220.0594,221.0196,215.2479,216.2155,239.0956,210.0173,215.2475,218.7933,228.2765,239.7770,240.4344,246.4916,228.2753,235.5028,228.2753,231.1692,232.4215,210.9947,214.5912
42.0000,243.8591,209.4798,209.7858,210.3857,205.1866,218.1708,216.2941,239.6580,215.0323,241.9854,229.7702,239.3262,213.9363,221.5300,208.9560,209.2256,214.6759,212.7756,221.5925,207.3239,213.4001,210.9610,211.8482,211.9228,221.0915,224.1155,224.7311,224.3513,242.0715,209.2148,210.0833,210.2479,244.1456,243.4735,240.9288,234.2624,214.5422,230.7099,214.8837,244.5899,259.1549,230.1136,230.5990,260.4677,246.7386,219.8175,237.0088,236.1748,207.0222,238.2326,235.9149,226.9437,240.2352,234.1269,236.6736,229.1071,211.7162,237.8600,214.5660,242.3093,232.4963,232.8458,236.5919,236.9159,232.2352,232.1726,232.7000,238.2844,234.2313,235.1572,241.7460,237.1350,237.8766,232.5331,219.2893,205.6031,210.5484,242.5165,239.2614,228.5330,208.9437,213.0932,214.6207,214.7169,215.3358,215.7839,216.1564,215.7647,215.2949,239.0956,214.9077,214.5332,213.9530,210.5165,208.4920,231.4982,232.9114,224.1186,0.0000,229.1501,233.3991,215.4285,212.3310,241.0607,220.5940,220.2283,226.0199,231.2612,231.8295,210.3977,215.7487,240.7240,239.0156,217.2343,216.2923,212.8334,219.6683,237.8466,212.4534,229.1681,235.4646,215.3286,216.0553,208.2385,218.4866,218.9734,241.5270,228.4266,216.2734,216.3118,207.7422,208.3486,221.1010,235.8610,210.4756,220.7407,215.2466,215.8347,216.0850,221.2327,213.9115,215.4912,210.8297,208.8889,235.4240,208.7388,211.6376,209.6006,230.9114,231.9258,247.0105,247.0106,243.5122,209.8746,220.1277,205.8689,213.9323,211.1692,212.7422,211.6782,228.6301,0.0000,225.8920,210.3562,235.8141,235.8871,211.8150,211.3649,241.0225,217.6393,214.9802,235.7594,228.9224,222.2527,229.1540,256.9105,223.1907,248.7749,270.3658,264.7842,244.4117,236.8208,209.3093,237.0967,236.7643,234.7659,238.1812,233.3584,216.7206,222.7625,224.0918,260.0207,269.0650,222.0218,236.5310,238.3081,238.3854,237.4063,235.4240,238.2637,237.6211,238.6790,238.4054,238.1759,234.3569,214.9077,208.4983,211.6792,0.0000,216.1017,215.0566,216.1020,211.3465,211.6068,212.9590,212.5119,220.3815,244.0075,210.0845,221.5351,220.5837,221.5387,215.4839,217.3160,239.2311,210.4710,215.4834,223.3833,228.2765,239.8198,240.4614,246.3674,228.6301,235.9399,228.6301,231.5286,232.6797,211.5845,214.8964
43.0000,243.2754,210.0480,210.3480,210.8194,205.5996,218.5894,216.6849,240.1416,215.4115,242.8905,230.4549,240.5203,214.3405,221.3678,209.4213,209.5971,215.6328,213.6584,222.1536,207.8237,214.0538,212.1733,212.9204,212.4619,221.4560,224.3559,224.9443,224.3895,242.9154,209.7929,210.5513,210.7229,244.9800,242.8425,240.4752,234.9971,214.9111,230.8425,215.2357,243.9730,257.8588,230.4998,231.3256,259.1102,247.5398,220.4807,237.3382,236.5430,207.4864,238.2112,235.8890,228.0006,240.2535,234.2575,237.0739,230.1097,212.5453,237.7379,215.2297,242.1258,232.7748,233.1359,236.5730,236.8681,232.2352,232.3878,232.8802,238.5309,234.4208,235.2734,241.8255,237.2971,237.8453,232.8116,219.7899,206.3187,211.3320,243.3481,240.0841,228.7221,208.8826,214.0554,214.9890,215.0920,215.7182,216.1653,216.5116,216.1252,215.6729,239.4943,215.2954,214.9070,214.3859,210.9919,209.0512,231.8126,233.2434,224.1973,0.0000,229.8202,234.1269,215.7653,212.8567,240.5181,221.0531,220.6788,226.3652,231.5366,232.1077,210.7663,216.1124,240.8046,239.8289,217.5547,216.7691,213.7980,219.6498,237.4770,212.9326,230.2048,235.7494,215.6877,216.3929,208.8671,219.1074,219.0103,242.4783,228.7269,216.9024,216.9408,208.4819,208.8002,221.4653,236.2186,210.9351,220.6424,215.6026,216.1897,216.4316,221.8951,214.2660,215.8813,211.2902,209.3450,235.7088,209.1051,212.0861,210.0550,231.1721,232.1478,246.8937,246.8938,243.6132,210.3693,220.4750,206.5638,213.9476,211.4494,213.1855,212.1060,228.9282,0.0000,226.5358,210.7876,235.7924,235.8752,212.2411,211.8125,241.8672,217.9969,215.3657,235.7400,228.9224,222.8590,229.1530,255.6029,223.1353,247.8075,267.9105,263.8078,245.2545,237.1889,209.6803,237.0257,236.7227,234.9007,237.7786,233.4460,217.1298,223.0826,224.3336,258.3022,266.7001,222.3846,236.9259,238.6286,238.7057,237.7077,235.7088,238.5841,237.8701,238.9246,238.7257,238.4953,234.6554,215.2954,209.0575,212.1071,0.0000,217.2478,215.4351,217.2480,211.8011,212.0573,213.3956,213.3619,221.1102,244.8223,210.5526,222.1035,221.0447,222.1080,216.8461,217.4819,239.1535,211.1012,216.8459,223.6943,228.2765,240.6417,241.2884,247.1752,228.9282,236.3210,228.9282,231.7944,232.8871,211.9701,215.5495
44.0000,239.9451,209.0299,209.3211,209.5915,204.4597,216.7296,215.0130,237.6320,213.9935,239.4520,227.9230,237.2454,212.8932,219.4929,208.7588,208.5768,216.8374,215.2948,221.2691,206.5146,212.4066,209.9425,210.8536,211.0929,219.5028,222.5350,223.1293,222.3000,238.3844,208.7901,209.3791,209.5690,238.9875,239.5823,237.3545,232.0819,213.4930,228.4333,213.8326,240.5893,253.3921,227.8383,228.8419,254.5458,241.4386,218.7542,236.1320,235.3638,206.4807,237.5870,235.3535,225.7985,239.8998,233.2370,235.3364,227.8645,213.3332,236.8426,213.5481,240.7816,231.6720,232.0255,235.6838,235.9598,232.2352,231.3877,231.9041,237.3072,233.2196,234.0111,240.9955,236.0240,236.6516,231.7083,218.4059,205.6031,211.7479,238.7760,236.3156,226.4018,207.4409,215.8302,213.5688,213.6946,214.2748,214.6957,215.0517,214.6791,214.2350,236.7040,213.9166,213.5296,213.0507,209.8378,208.0562,229.1095,230.6456,222.0505,0.0000,227.2906,231.2138,214.3673,211.5332,237.4165,220.0425,219.6720,225.3218,230.4588,231.0167,209.9731,214.6945,239.9428,236.0318,216.0671,215.0402,211.5809,218.3641,234.6712,211.7054,227.9966,234.5843,214.2740,214.9444,207.9615,217.4693,217.3232,239.0664,227.6630,215.2655,215.3037,208.1444,207.7586,219.5149,233.5211,209.7462,218.8569,214.1888,214.7438,214.9694,220.0856,212.3910,214.0228,210.1504,208.3345,234.5483,208.0225,211.0070,209.0072,230.1331,231.1455,243.5108,243.5109,240.4888,209.2380,218.8025,205.7483,212.8703,210.6055,211.9246,210.8576,227.8629,0.0000,225.5200,209.5627,235.2550,235.2755,210.9818,210.5713,238.2225,216.4646,213.9838,235.5272,228.9224,221.9236,229.1419,254.0073,221.1393,244.1944,262.8004,259.1950,239.3844,234.4618,208.6940,236.1625,235.8952,233.8954,237.2297,232.7400,215.4261,221.2808,222.5128,253.9223,261.6814,220.4298,235.6993,237.4097,237.4885,236.5124,234.5483,237.3660,236.6514,237.6954,237.5074,237.2842,233.5151,213.9166,208.0624,210.8589,0.0000,217.8043,214.0161,217.8044,210.6482,210.9083,212.1165,214.5042,220.6635,239.7742,209.3805,221.2239,220.0357,221.2279,217.3948,215.9070,237.9139,211.3449,217.3946,221.6291,228.2765,236.6604,237.1262,241.1109,227.8629,235.1129,227.8629,230.7091,231.8825,210.6960,213.8854
45.0000,239.1664,209.1291,209.3813,210.1956,205.1590,217.2321,215.6156,237.3868,214.4974,239.3613,228.1390,237.3300,213.4750,220.2881,209.3629,208.9788,217.4678,215.8243,222.7377,206.8256,213.0778,211.2627,211.8594,211.7014,219.9463,222.8274,223.3797,222.8673,238.3906,208.9064,209.7762,209.9257,238.9823,238.7195,236.7407,232.1836,213.9815,228.5916,214.3161,239.7701,251.7495,227.8335,229.0664,252.8287,241.3769,219.2496,238.6655,237.9101,207.1784,238.4432,236.0809,225.9299,240.4465,235.1246,235.7268,227.8715,213.5232,237.8823,214.0400,242.4584,234.1942,234.5526,236.9883,237.2384,232.2352,233.4074,233.8251,239.8946,235.6858,236.4321,242.2214,238.5127,238.4099,234.2312,219.1359,205.6031,211.9217,238.7747,236.3461,226.6603,208.9880,216.3091,214.0551,214.1730,214.7669,215.1708,215.4989,215.1435,214.7094,236.5647,214.3446,214.0071,213.5299,210.3143,208.3622,229.0937,230.6837,222.5668,0.0000,227.5018,231.3411,214.8221,212.0692,236.6438,221.6112,221.2131,227.8637,232.9600,233.5575,210.0160,215.0984,241.2278,236.0712,216.4650,215.7910,213.4842,218.1282,234.0740,212.4367,228.0202,237.1218,214.7283,215.3981,208.0285,217.9884,217.9561,239.0037,230.7287,215.7698,215.8080,208.1766,208.5375,219.9585,233.4869,210.1258,219.4041,214.6555,215.1969,215.4155,220.5000,212.8235,214.4937,210.8824,209.1221,237.0870,208.4891,211.8565,209.7907,232.2738,233.1908,242.9996,242.9997,240.1264,209.5673,219.0710,206.6643,212.9515,210.9898,212.4549,211.5671,230.9320,0.0000,227.1281,210.1667,235.9942,236.0859,211.6849,211.3160,238.1849,216.8171,214.4092,235.8711,228.9224,223.4250,229.1598,252.1904,221.8085,242.9672,260.1193,257.5520,239.3880,234.3998,209.0426,237.2947,237.0255,235.8192,236.6008,233.9724,216.0743,221.7569,222.8109,251.9071,259.0814,220.8746,238.2525,239.9543,240.0340,239.0603,237.0870,239.9104,239.2116,240.2871,240.0539,239.8322,236.0471,214.3446,208.3685,211.5686,0.0000,218.7977,214.5188,218.7979,211.3729,211.6116,212.5791,214.7253,221.9519,239.7609,209.7777,222.6964,221.6056,222.7010,218.4729,216.5036,239.6474,211.9198,218.4725,222.0162,228.2765,236.6903,237.1516,241.0597,230.9320,237.6628,230.9320,233.8259,233.9025,210.9799,214.3924
46.0000,235.7820,207.6677,207.8955,208.8410,204.1719,215.3638,213.8637,234.4904,212.6847,236.2080,225.6714,234.2985,211.7025,218.1717,207.7789,207.4524,215.8189,214.2426,221.3321,205.2595,211.5075,209.8048,210.3648,210.2127,217.9764,220.7886,221.3008,220.6506,235.2288,207.4616,208.2297,208.3819,235.6983,235.3151,233.5477,229.4974,212.1673,226.1858,212.5343,236.3374,247.3417,225.3095,226.5764,248.3328,237.9923,217.1595,237.4459,236.7603,205.6843,237.7249,235.4908,223.3918,240.0571,233.8880,233.7455,225.2187,212.0633,236.8813,211.9778,240.8372,232.8829,233.2517,235.9885,236.2243,232.2352,232.1874,232.6358,238.4936,234.2266,234.8552,241.3090,237.0084,236.9802,232.9198,217.3460,204.3285,210.4381,235.5890,233.3559,224.3302,207.5734,214.6759,212.2371,212.3531,212.9441,213.3302,213.6365,213.3025,212.8771,233.8645,212.6134,212.2571,211.8421,208.7654,206.9140,226.5974,228.1681,220.3735,0.0000,225.0572,228.6876,212.9928,210.5570,233.3471,220.2088,219.8141,226.5054,231.6493,232.2435,208.7569,213.3352,240.2775,233.0951,214.6494,214.1055,211.9282,216.5902,230.9709,210.8131,225.4031,235.8099,212.9229,213.5325,206.6385,215.9783,215.9357,235.8702,229.3808,213.7578,213.7958,206.8189,207.0826,217.9880,230.8921,208.5628,217.1647,212.8199,213.3589,213.5703,218.3517,210.9236,212.6197,209.5444,208.1301,235.7802,207.4696,210.4118,208.3271,230.9922,231.9637,240.7525,240.7525,237.6476,208.0454,217.0464,205.4114,210.8654,209.1988,210.8380,209.9935,229.5810,0.0000,225.8568,208.8147,235.4014,235.4210,210.0999,209.7317,235.1106,214.9364,212.6753,235.6484,228.9224,222.0150,229.1482,250.4837,219.6313,239.2402,255.0510,254.0826,236.0927,231.7761,207.5566,236.3277,236.0993,234.6602,235.9958,233.1258,214.3194,219.8412,220.7757,247.5442,254.0979,218.9174,236.9683,238.7032,238.7806,237.7778,235.7802,238.6592,237.8265,238.8840,238.8000,238.5752,234.7599,212.6134,206.9203,209.9949,0.0000,217.2131,212.7051,217.2133,209.9544,210.1558,210.9325,213.2278,220.4787,236.4491,208.2312,221.2923,220.2044,221.2966,216.8856,214.6000,238.1593,210.3365,216.8852,219.9362,228.2765,233.6657,234.0861,237.6893,229.5810,236.3745,229.5810,232.4311,232.6893,209.3939,212.3473
47.0000,234.0021,207.3548,207.5610,208.6512,204.1719,214.7273,213.0158,233.9133,212.3114,235.4739,225.1437,233.6631,211.3834,217.9593,207.4620,207.0486,215.7141,214.1514,221.1248,204.8859,211.1308,209.1928,209.8720,209.9335,217.2873,219.5381,220.0697,220.5516,234.3631,207.1624,207.9630,208.1117,234.7000,232.8336,231.9253,228.9448,211.7904,225.4438,212.1804,234.5174,244.7141,224.9385,226.0284,245.6322,236.9026,216.2413,237.1294,236.4575,205.3660,237.4817,235.2942,222.0376,239.8415,233.5131,232.7035,223.7604,211.9400,236.5381,211.0493,240.1430,232.5444,232.9126,235.6796,235.9154,232.2352,231.8437,232.2900,238.1571,233.8452,234.4425,241.0086,236.6006,236.4897,232.5809,216.6934,204.0393,210.2380,234.6975,232.6376,223.8297,208.1483,214.6798,211.8579,211.9763,212.5521,212.9169,213.2302,212.9084,212.4788,233.5928,212.2251,211.9102,211.5411,208.4846,206.6312,226.3370,227.8533,220.7333,0.0000,224.5317,228.0958,212.6104,210.2448,230.9193,219.9655,219.5667,226.2018,231.3079,231.9061,208.3966,212.9236,239.9649,232.3502,214.2070,213.1709,211.1048,216.1449,228.6248,210.6001,223.9752,235.4723,212.5459,213.1284,206.3368,215.1126,215.6515,235.1521,229.0487,212.8761,212.9139,206.5474,206.8499,217.2987,230.6061,208.2789,216.8499,212.4335,212.9647,213.1699,217.3853,210.2418,211.9672,209.6226,208.8280,235.4459,207.2858,210.2357,208.0930,230.6504,231.6225,242.2049,243.5690,238.2334,207.7709,216.3715,204.8741,210.4388,208.7938,210.5864,209.8209,229.2469,0.0000,225.5648,208.6262,235.2055,235.1992,209.9201,209.5812,234.3990,214.3956,212.2837,235.5993,228.9224,221.8090,229.1457,249.1592,219.4783,236.9052,254.4078,255.1580,235.0890,231.4968,207.1594,236.0130,235.8017,234.3407,235.5218,232.8524,213.4519,218.7741,219.5311,245.5739,253.2118,218.2185,236.6284,238.3862,238.4638,237.4396,235.4459,238.3421,237.4775,238.5470,238.4832,238.2638,234.4268,212.2251,206.6374,209.8223,0.0000,217.1452,212.3310,217.1454,209.9005,210.0588,210.6217,213.1470,220.3271,235.5386,207.9646,221.0806,219.9619,221.0866,216.8606,214.2971,237.6067,210.1083,216.8602,219.3050,228.2765,232.8902,233.2911,236.6133,229.2469,236.0387,229.2469,232.0679,232.3393,209.0578,211.4372
48.0000,231.1213,205.8154,205.9997,207.2424,203.0530,213.0340,211.4500,231.1587,210.6571,232.6993,222.9785,231.0102,209.2869,216.0298,206.3449,205.8489,214.5366,212.8117,221.1209,203.5423,209.6866,207.8744,208.4984,208.5616,215.4970,217.6511,218.1385,218.5720,231.6649,205.6370,206.4308,206.5934,231.9233,229.9877,229.1945,226.5891,210.1439,223.2739,210.5814,231.6005,241.0735,222.6504,223.8413,241.9262,234.0353,215.2967,238.4133,237.7424,204.3702,237.8797,235.6609,220.7217,240.0938,234.3598,232.1339,222.3948,210.5332,237.0821,210.1294,240.9096,233.8551,234.2191,236.3496,236.5772,232.2352,232.7591,233.1541,239.4451,235.1200,235.6957,241.5222,237.8053,237.2535,233.8918,215.9408,202.6003,208.7731,231.9736,230.0584,221.7193,206.6669,213.2699,210.2088,210.3306,210.8825,211.2300,211.5374,211.2335,210.8101,231.0073,210.6922,210.3398,210.0009,207.1037,205.2292,224.0435,225.5354,218.7609,0.0000,222.3771,225.7710,210.9911,208.8537,228.1383,220.0020,219.5763,227.3923,232.5977,233.2300,206.9515,211.3566,240.5202,229.7833,212.6233,211.6790,209.7759,217.0304,225.9554,209.0671,222.6527,236.7637,210.9157,211.4596,204.8294,214.2075,213.8356,232.3973,230.8341,211.9710,212.0086,205.0888,205.9087,215.5083,228.1773,206.7287,214.8912,210.7789,211.2960,211.4920,216.3948,208.5595,210.2851,208.4391,207.6446,236.7400,205.8851,209.3259,207.1461,231.6117,232.5509,239.2261,240.5344,235.4218,206.2404,214.5896,204.3986,208.7355,207.4731,209.1122,208.3209,231.0346,0.0000,225.5341,207.2164,235.5765,235.5901,208.3977,207.9714,231.7229,212.7664,210.7469,235.7027,228.9224,221.8027,229.1510,247.8372,217.5329,233.8468,250.5465,251.2043,232.3088,229.0261,205.9238,236.5999,236.3778,235.3313,235.0579,233.3884,211.8838,217.0296,217.6485,242.0646,249.3896,216.4408,237.8747,239.6794,239.7563,238.7043,236.7400,239.6353,238.7507,239.8372,239.7762,239.5617,235.7297,210.6922,205.2354,208.3221,0.0000,216.3708,210.6759,216.3711,208.7296,208.8741,209.1304,211.7568,220.0743,232.7820,206.4325,221.0741,219.9980,221.0870,216.1218,212.5778,238.3714,208.9037,216.1217,217.4168,228.2765,230.2886,230.6623,233.7600,231.0346,237.3000,231.0346,233.8907,233.2604,207.8990,210.5275
