"ETAPA \ BARRA","AGUAYTIA 220","BALNEARIO 220","BALNEARIOS 60 A","CALLAHUANCA 220","CALLAHUANCA 60","CARHUAMAYO 220","CARHUAMAYO NUEVA 138","CARHUAQUERO 220","CHAVARRIA 220 A","CHICLAYO OESTE 220","CHIMBOTE 220","GUADALUPE 220","HUACHIPA 60","HUACHO 220","HUANCAVELICA 220","HUAYUCACHI 220","ICA 220","INDEPENDENCIA 220","MARCONA220","MOYOPAMPA 60","OROYA NUEVA 220","OROYA NUEVA 138","OROYA NUEVA 50","PACHACHACA 220","PARAGSHA2 220","PARAGSHA 138","PARAGSHA 50","PARAMONGA NUEVA 220","PIURA OESTE 220","SAN JUAN 220","SANTA ROSA 220 A","SANTA ROSA EDS 60","TALARA 220","TINGO MARIA 138","TINGO MARIA 220","TRUJILLO 220","VENTANILLA 220","VIZCARRA 220","ZAPALLAL 220","AGUAYTIA 138","PUCALLPA 138","HUALLANCA 138","CHIMBOTE 138","PUCALLPA 60","ZORRITOS 220","ABANCAY NUEVA 138","ARICOTA138","ARICOTA II 66","CAMPO ARMINO 220","AYAVIRI138","AZANGARO 138","CACHIMAYO 138","CALLALLI 138","CERRO VERDE 138","COMBAPATA 138","DOLORESPATA 138","DESIERTO220","JULIACA 138","MACHUPICCHU 138","MOLLENDO 138","MOQUEGUA 220","MOQUEGUA 138","PUNO 220","PUNO 138","SANTUARIO 138","SOCABAYA 220","SOCABAYA 138","ILO 138","LOS HEROES 220 A","LOS HEROES 66","TINTAYA 138","TOMASIRI 66","REPARTICION 138","ILO2 220","COTARUSE 220","CHILCA REP 220","CANTERA 220","PIURA OESTE 60","LA NINA 220","CONOCOCHA 220","HUINCO 220","INDEPENDENCIA 60","CHILLON 220","CHILLON 60","CHAVARRIA 60 A","CHAVARRIA 60 B","BARSI 60","BARSI 220","OQUENDO 60","CAJAMARCA 220","PLANICIE 220 A","CARABAYLLO 220","CARABAYLLO 500","CHILCA CTM 500","CHILCA CTM 220 A","KIMAN AYLLU 138","KIMAN AYLLU 220","PARAMONGA EXISTENTE 138","MACHALA 200","CHIMBOTE 500","TRUJILLO 500","HUARANGAL 60","POMACOCHA 220","PIEDRA BLANCA 138","POROMA 220","POROMA500","OCONA 500","MONTALVO 500","MONTALVO 220","HUANZA 220","INDUSTRIALES 220 A","TINTAYA 220","LA NINA 500","INDUSTRIALES 60","CARHUAMAYO 50","CARIPA138","HUAMPANI 60","HUANUCO 138","REFINERIA ZINC 220","QUENCORO 138","ILO 3 220","MIRADOR 220","MIRADOR 60","ALTO PRADERA 220","ABANCAY NUEVA 220","LOMERA 220","REQUE 220","SAN JOSE 500","SANTA TERESA 220","SURIRAY 220","ASIA 220","CERRO DEL AGUILA 220","CHAGLLA 220","RAMADA 220","SANTA ROSA LDS 60","LOMERA 60","ZAPALLAL 60","MALVINAS 220","MALVINAS 60","ABANCAY 138","YAUPI 138","SANTA ISABEL 220","YANANGO 220","CHIMAY 220","ILO3 138","MATUCANA 220","COLCABAMBA 500","COLCABAMBA 220","YARABAMBA 500","YARABAMBA 220","BELAUNDE 220","BELAUNDE 138","CACLIC 220","INDUSTRIALES 220B","PLANICIE60","COBRIZAI 69","MOLLEPATA 60","MOLLEPATA220","CARAPONGO 500","CARAPONGO 220 A","SAN JOSE 220","MARCONA 60 A","SAN NICOLAS 60","CALLAHUANCA EDN 220","PUMIRI138","PUMIRI220","SAN MIGUEL 220","SAN MIGUEL 60","FELAM 220","MANCHAY 60","MANCHAY 220","SAN RAFAEL 138","SAN GABAN 138","MARCONA 60 B","ANGEL 138","PTO MALDONADO 138","MEDIO MUNDO 220","AUCAYACU 138","BELLAVISTA 138","TARAPOTO 138","PARINAS 220","PAMPA HONDA 220","ORCOTUNA 220","SAN ROMAN 138","SAN ROMAN 220","CHILOTA 220","MAZUCO 138","JESUS 138","CARHUAMAYO 138","CINCO MANANTIALES 138","OXIDOS CERRO 138","TOCACHE 138","JUANJUI 138","FRANCOISE 220","BOTIFLACA 138","MILL SITE 138","PLAZA TOQUEPALA 138","QUEBRADA HONDA 138","PANAMERICANA SOLAR 138","TOQUEPALA 138","ILO ELS 138","REFINERIA 138","LIXIVIACION 138","PUSHBACK 138","INTIPAMPA 138","PLANICIE 220 B","CHILCA CTM 220 B","CARAPONGO 220 B","CHILCA 1 220","DERIVACION 220","CHAVARRIA 220 B","DERIVACION 220  BARRA II","CAMPAS 220","CAMPAS 500","PLANICIE 500","NUEVA CHINCHA 220","CAHUACHI 220","VALLE DEL CHIRA 220","SANTA ROSA 220 B","ERSUR 220","FLAMENCO220","BARRA3HERMANAS","BARRAPTALOMITAS","PUERTO CHANCAY 220","CHAPARRAL 138","CHIRIBAMBA 220","BARRAPTALOMITAS2","YSHCAYUCRO 220","PAQUILLUSI 220","MIGUEL GRAU 500","MIGUEL GRAU 220","ALIPIO ROSALES 220","SUNNY","CUAJONE 138","SAN MARTIN 220","SAN LUIS 220","CERRO VERDE 220","PORTILLO 60","SURIRAY138"
1.0000,299.3980,271.6431,271.8881,272.5331,267.0375,275.8265,273.6728,304.0428,277.1050,306.9070,293.1780,305.0907,275.0054,283.0128,273.9029,271.8010,282.2151,280.8631,285.3888,267.4876,274.8499,273.7066,274.1783,274.0599,277.4032,279.6356,280.1841,285.8618,306.3554,271.4177,271.8671,272.0548,308.1666,297.6904,296.8792,298.4031,276.4602,289.2790,277.0594,300.0303,312.5345,291.7104,293.9257,313.6602,310.8868,286.6371,304.3183,303.5099,270.3482,307.8795,305.9552,294.6710,310.8354,299.0753,303.8775,295.9614,278.3884,306.1453,279.7337,293.9551,298.4745,298.9509,304.6903,304.9881,301.8699,297.7687,298.2918,305.5521,300.0095,300.6789,310.7700,302.7642,299.8364,298.5134,287.2568,267.9815,270.6476,306.7686,303.5568,288.0685,270.0618,281.2940,276.5438,276.7171,277.4029,277.8598,278.2895,277.8720,277.3284,303.0879,277.4373,276.7949,276.3705,272.7880,270.8211,293.3812,294.3242,286.1838,0.0000,292.4666,297.3783,277.6273,274.4902,294.7442,284.6287,284.3009,290.9597,296.9670,297.6448,272.5877,278.3301,309.1809,303.2782,280.1221,274.2800,275.4666,284.9116,290.8159,274.9375,295.8523,302.1940,277.5056,278.1868,270.6042,285.1051,280.5737,306.6212,293.9615,282.1338,282.1839,269.3753,272.5533,269.3562,298.5151,272.2535,281.5610,277.2963,277.9605,278.1810,288.0438,271.2573,273.0379,274.4833,273.9604,302.1634,270.9137,275.3510,273.2095,296.4347,297.4891,313.6058,315.5132,308.7251,271.7605,282.3282,270.7011,276.7886,275.2796,275.2004,273.9387,294.2157,0.0000,287.1655,272.5033,305.8368,305.6153,274.0413,273.3798,305.4003,280.0895,277.5060,306.8205,298.6280,285.8768,298.8952,322.6770,284.6935,302.9835,327.3144,328.6030,308.4897,299.8749,271.8152,305.4461,305.2683,301.7786,306.5017,300.1024,274.3216,279.8928,279.6678,314.7795,325.5273,278.5439,303.7749,305.9079,306.0116,304.7799,302.1634,305.8519,304.6673,306.0507,306.0363,305.7695,300.8756,277.4373,270.8257,273.9401,0.0000,282.7173,277.1300,282.7173,274.7599,274.9171,275.3272,279.9985,285.2958,308.3573,271.8694,285.2083,284.6072,285.2878,282.1692,279.2442,298.0273,276.6598,282.1692,280.6829,300.9549,304.0921,304.7240,310.5044,294.2157,303.0010,294.2157,301.4954,298.3942,273.3343,280.2518
2.0000,307.7461,277.8977,278.1080,279.3674,274.6908,284.4677,282.3311,310.6871,283.2385,313.3331,299.6590,311.5426,281.0525,289.9020,280.4234,278.1249,289.0413,287.6335,291.3086,273.4560,282.1861,280.8073,281.3510,281.0446,286.5527,289.0028,289.5787,292.9638,312.6188,277.6802,278.0448,278.1904,314.4092,306.0552,305.2262,304.8483,282.5837,297.6289,283.2556,308.3767,320.8407,298.5947,300.4706,321.9627,317.1310,292.2747,309.4639,308.6593,276.7877,310.2198,307.8079,299.9301,312.8678,303.6494,308.1051,301.0928,284.9946,308.8553,285.1903,298.4149,303.4670,303.9588,307.7517,308.0142,302.7855,302.4544,302.8232,310.7096,305.0117,305.6658,314.0075,307.9408,304.5399,303.5065,292.8956,274.1951,276.9143,313.0113,309.9075,296.0062,275.6203,288.1669,282.6671,282.8478,283.5205,283.9650,284.4204,284.0069,283.4433,309.9235,283.5823,282.9857,282.5797,278.9560,277.0127,300.4293,301.5425,293.3067,0.0000,298.9002,303.8110,283.7760,281.4624,303.2443,290.4634,290.1156,296.3105,301.9606,302.6531,278.7566,284.4730,312.4834,309.6263,286.2520,282.9323,282.7944,291.9227,299.6427,281.1433,300.9478,307.2675,283.6642,284.3077,276.8557,290.6398,287.1503,313.0514,299.1096,287.5916,287.6426,275.6369,279.0866,281.2120,305.5758,278.4275,288.1386,283.4279,284.1017,284.3208,293.7119,279.7321,281.5817,280.8759,280.3408,307.2354,278.2672,281.6534,279.5836,301.3401,302.2102,320.4389,322.2791,315.5572,277.9587,288.3268,277.3295,283.1378,281.7425,281.4132,280.1523,299.3668,0.0000,293.1105,279.3340,307.7061,307.6818,280.2491,279.5357,311.7801,286.1528,283.6493,307.7497,298.6280,291.8053,298.9436,322.0135,291.6983,311.2288,334.6895,335.6060,314.7383,306.8758,278.1137,308.2342,308.0276,305.8218,306.2591,303.4056,282.9684,288.9932,289.0274,322.8374,333.0085,287.7213,308.9319,311.0715,311.1759,309.9097,307.2354,311.0143,309.7859,311.2167,311.2013,310.9353,305.9265,283.5823,277.0173,280.1537,0.0000,289.2495,283.2635,289.2495,281.1015,281.2155,281.5117,286.6742,291.4021,314.5918,278.0472,291.1305,290.4488,291.2146,288.6900,285.6928,302.6557,283.2792,288.6900,289.4653,300.9549,310.4192,311.0286,316.7494,299.3668,308.1228,299.3668,306.7357,303.0948,279.5654,285.7253
3.0000,246.4648,224.6454,224.7634,226.3184,223.4597,228.1951,226.5422,250.1277,229.2077,252.3309,241.7251,250.9991,227.5424,233.9585,226.9152,225.5760,234.1170,232.8755,236.4831,220.9960,227.6096,226.5845,227.0259,227.0533,229.4352,231.2827,231.7168,236.1539,251.9077,224.4854,225.0127,225.0801,253.2856,245.1330,244.5508,245.7849,228.6643,238.8515,229.2142,246.9445,256.4174,240.4424,242.3247,257.2699,255.4185,237.2075,252.2947,251.6760,223.9556,261.3922,261.3325,243.9211,259.4538,248.6931,253.3133,245.0607,230.6745,258.6898,231.4534,255.3499,247.3930,247.7974,256.7746,256.9906,250.7177,247.0769,247.5003,253.2253,248.5320,248.9978,260.8671,250.8143,251.4602,247.4261,238.1018,221.6780,223.8430,252.2187,249.7378,237.8426,224.8269,233.3231,228.7293,228.8824,229.4247,229.7683,230.1134,229.7999,229.3529,249.4911,229.3432,229.0250,228.6806,225.7403,224.0840,241.8290,242.6182,236.4334,0.0000,241.1694,244.9841,229.6315,227.3215,242.7895,235.8187,235.5263,240.6885,246.0629,246.6429,227.5093,230.0365,259.6634,249.5300,231.4045,227.0960,227.7991,236.6172,239.7214,227.7256,245.0815,250.4780,229.5362,230.0279,223.8139,236.1058,231.9823,252.1216,243.0066,233.6163,233.6578,222.8209,225.6897,222.9084,245.9074,225.3091,232.6399,229.3409,229.8745,230.0500,238.3643,224.3938,225.8789,227.1780,226.5511,250.4557,225.6370,228.0124,226.2721,245.8072,246.8112,257.6767,259.1637,253.8700,224.8870,232.8265,224.5660,228.8913,227.9016,227.7794,226.9766,243.2163,0.0000,237.9281,226.3042,261.0692,259.7817,227.0462,226.4959,251.1773,231.2175,229.3939,268.0415,266.1927,236.8838,266.1445,286.0853,235.2547,249.3066,268.2706,269.2025,253.5515,246.9739,225.7777,257.9154,257.9320,252.2127,272.6764,249.0288,227.0667,231.5867,231.3122,258.6282,266.8866,230.3968,251.8385,253.5962,253.6808,252.6333,250.4557,253.5497,252.4906,253.6199,253.7016,253.4831,249.4016,229.3432,224.0878,226.9779,0.0000,234.4467,229.2270,234.4467,227.4381,227.5769,227.7902,232.0676,236.4520,253.4780,225.0148,236.3599,235.8117,236.4157,233.9911,230.9553,252.6495,229.2757,233.9911,232.0223,259.0979,250.1585,250.6473,255.1207,243.2163,251.1778,243.2163,249.2253,247.5970,226.2321,231.9065
4.0000,285.6488,255.5582,255.7238,257.3719,253.1670,265.4161,263.5482,286.0483,260.4653,288.0564,275.6909,286.4803,258.4802,267.0252,257.8765,255.6440,266.0676,264.7565,268.1546,251.4733,260.8105,258.8348,259.4649,259.2476,268.2237,270.9866,271.5977,270.3024,287.3887,255.3783,255.8694,256.0224,288.9516,284.2602,283.4692,280.3720,259.8396,276.7701,260.4610,286.1946,296.9708,275.4730,276.4685,297.9406,291.3718,269.0116,284.8923,284.1615,254.4669,295.2321,294.9618,276.4909,293.4711,281.3430,286.7476,277.7187,262.2935,292.2049,262.4685,288.8748,279.6366,280.0778,290.0609,290.3134,283.6060,279.4995,279.9869,286.2064,280.9600,281.5354,294.9940,283.5844,284.4860,279.6739,270.0441,252.0965,254.5464,287.7423,284.9461,274.6381,255.8129,265.3213,259.9122,260.0642,260.7096,261.0929,261.4747,261.1182,260.6091,285.5838,260.6721,260.2130,259.9427,256.5662,254.7370,277.4582,278.6085,270.6170,0.0000,274.9722,279.4329,260.8666,259.6708,282.0286,267.3588,267.0300,272.2369,278.1931,278.8077,256.2945,261.4507,293.5867,284.6931,263.0046,263.8879,261.5353,268.9437,279.4410,258.8753,277.7247,283.0327,260.7947,261.3371,254.5800,267.7507,264.2722,287.8087,274.5747,264.9198,264.9668,253.4002,256.2488,268.2333,281.9993,256.1974,265.1085,260.5790,261.1922,261.3848,270.3231,260.9674,262.7108,258.2602,257.4233,283.0030,256.1970,258.9326,257.0064,278.0562,279.1983,294.8748,296.4129,290.5540,255.7527,264.6231,255.2043,260.0676,258.9765,258.9150,258.0437,274.8146,0.0000,269.7573,257.3339,294.6928,293.3951,258.1134,257.5206,286.6631,262.8069,260.7284,301.5892,298.6237,268.6038,298.6167,320.5469,268.9279,288.6393,308.1011,308.4192,289.2564,283.0804,255.6441,291.3439,291.3462,284.9929,305.7613,281.6982,264.0865,270.3727,270.9909,298.3216,306.7293,269.3457,284.5165,286.3627,286.4650,285.3886,283.0030,286.3118,285.3490,286.6564,286.4870,286.1345,281.8168,260.6721,254.7414,258.0452,0.0000,266.2589,260.4864,266.2589,258.4878,258.6083,258.9088,263.8616,268.2535,289.1762,255.8717,268.0122,267.3555,268.0825,265.7399,262.8665,285.8279,260.6011,265.7399,270.2058,292.6227,285.4078,285.9533,291.0344,274.8146,283.7701,274.8146,281.6873,280.0949,257.2518,262.9858
5.0000,254.9296,228.4204,228.5555,230.0568,226.4112,237.1855,235.5408,255.4447,232.8922,257.2026,246.2763,255.8190,231.0807,238.6583,230.5401,229.0525,237.8077,236.6420,239.6712,224.8062,233.1252,231.4073,231.9602,231.7338,239.6759,242.1257,242.6639,241.5342,256.6840,228.2658,228.7790,228.8974,258.0618,253.7225,253.0405,250.4185,232.3359,247.2297,232.9382,255.4032,264.7493,246.0410,246.9499,265.5902,260.2064,240.3627,254.4592,253.7966,227.5299,264.1195,263.9555,246.9780,262.1477,250.6470,256.1488,248.0651,234.4269,261.2568,234.5108,247.6266,249.8261,250.2158,259.3165,259.5282,253.2087,249.5775,249.9194,255.7098,251.0150,251.5427,263.6407,253.2957,251.5232,249.8598,241.3312,225.3452,227.5225,257.0082,254.4611,245.3462,229.4767,237.1453,232.3992,232.5335,233.0982,233.4290,233.7883,233.4723,233.0069,255.0295,233.0353,232.7325,232.4453,229.3984,227.7436,247.8296,248.8381,241.7988,0.0000,245.6551,249.5937,233.2979,232.1142,251.7560,238.9614,238.6637,243.2436,248.5165,249.0807,230.7965,233.7215,262.3710,254.2535,235.0867,235.8617,233.7692,240.4706,249.4971,231.5313,248.0791,252.8417,233.2291,233.7395,227.5558,239.2452,236.2569,256.9852,245.3019,236.7114,236.7534,226.4901,229.0739,239.6846,251.8426,229.0703,236.9747,232.9986,233.5460,233.7013,241.5282,233.2067,234.7666,230.8230,229.9493,252.8145,228.7593,231.4669,229.7663,248.3565,249.3169,263.1603,264.5124,259.3776,228.6568,236.4513,228.2891,232.4178,231.5002,231.5244,230.8028,245.5152,0.0000,241.1151,230.0230,263.6923,262.3996,230.8598,230.3399,255.9825,234.8794,233.0839,270.4930,268.5775,240.0741,268.5315,287.8482,240.3277,257.5624,274.6770,274.9389,258.3360,252.8024,229.2249,260.4772,260.4958,254.6971,274.8461,251.4597,236.0211,241.6074,242.1288,266.0577,273.4674,240.6895,254.1307,255.7753,255.8660,254.9253,252.8145,255.7301,254.9287,256.1119,255.8849,255.5526,251.7542,233.0354,227.7475,230.8041,0.0000,237.9771,232.9109,237.9771,231.0586,231.1847,231.4992,235.8242,239.7639,258.2714,228.7811,239.5364,238.9610,239.6018,237.5113,235.0347,250.3254,232.9566,237.5113,241.4282,261.7089,254.8962,255.3921,259.9081,245.5152,253.4634,245.5152,251.6281,250.1091,229.9928,234.9765
6.0000,304.8990,273.3887,273.5712,275.1580,270.1036,284.1955,282.1401,305.2316,278.4985,307.4423,294.5327,305.8333,276.3689,285.6987,276.4009,274.0025,284.5787,283.2995,286.2948,268.9753,279.5933,278.4190,278.8408,277.7261,287.1154,289.8544,290.4584,289.0885,306.7802,273.2053,273.6887,273.8551,308.4002,303.3916,302.6752,299.4232,277.8347,295.9322,278.5769,305.4560,316.4440,294.2068,295.3390,317.4326,310.9463,287.1828,302.9999,302.2279,272.9440,307.3939,305.5057,294.5475,310.0086,298.0670,303.3776,295.6484,280.6287,305.2752,280.1973,292.5592,297.1463,297.6135,303.7782,304.0477,300.7166,296.8190,297.2925,304.1531,298.5799,299.1816,310.1915,301.3527,298.7538,297.1861,288.1672,269.7651,272.3516,307.1487,304.2360,293.6281,273.8658,283.8769,277.9098,278.0631,278.7435,279.1366,279.5536,279.1841,278.6304,304.7375,278.8161,278.3301,278.0488,274.4601,272.5455,296.3172,297.5266,289.3996,0.0000,293.7747,298.4459,278.9730,278.1407,301.1009,285.4081,285.0435,289.8714,295.6791,296.3097,274.3043,279.6277,308.5357,303.9664,281.2960,282.6189,280.9716,287.4007,298.5228,276.8966,295.5803,300.8449,278.9098,279.5154,272.3729,285.7017,282.7137,307.1896,292.0438,282.6808,282.7310,271.1535,275.2994,287.1257,300.9823,274.0321,283.6256,278.6180,279.2756,279.4613,288.5514,279.4096,281.2894,277.0692,277.0712,300.8251,273.4075,277.5515,275.6102,295.4935,296.5383,314.2419,315.7959,309.8201,273.5740,282.9630,273.8669,278.6014,277.5327,277.0093,276.0319,292.2925,0.0000,288.0432,275.1058,305.3835,305.0946,276.0995,275.4896,306.0173,281.0761,278.8734,306.6423,298.6237,286.7799,298.8819,319.7019,287.6685,307.8840,327.5887,328.0083,308.7260,302.1013,273.9438,304.5891,304.4520,300.6542,305.4620,298.9587,282.7443,289.3335,289.8605,317.7031,326.2091,288.3360,302.3264,304.5728,304.6739,303.4585,300.8251,304.5169,303.2642,304.6086,304.6996,304.4175,299.5388,278.8162,272.5499,276.0333,0.0000,284.6163,278.5205,284.6163,277.1062,277.1376,276.9389,282.3080,286.5036,308.6390,273.6913,286.1353,285.4075,286.2160,284.0562,281.1864,296.8480,279.1337,284.0562,289.1286,300.9549,304.7128,305.2818,310.5922,292.2925,301.5268,292.2925,299.4142,297.4479,275.0900,280.7466
7.0000,238.6491,218.3649,218.4685,219.9781,216.9727,221.7508,220.1857,242.4327,222.7444,244.5879,234.5961,243.4180,221.0564,227.0425,221.1920,219.8372,228.1545,226.8657,231.1506,214.8565,221.4427,220.5380,220.9533,220.9596,222.8756,224.6801,225.0999,229.1630,244.2131,218.2235,218.7433,218.7832,245.4978,237.4145,236.9234,238.4252,222.2142,231.8108,222.8199,239.0808,247.5962,233.2407,235.1422,248.3623,247.5285,231.7298,247.3128,246.6818,218.3797,256.1596,256.0231,238.2387,254.2455,243.7206,247.7543,239.3227,224.5254,253.4795,226.1175,250.1307,242.5432,242.9171,251.6230,251.8372,245.6392,242.1103,242.5242,248.2105,243.6847,244.1739,255.6548,245.9357,246.5137,242.5759,232.7021,215.5884,217.6375,244.5031,242.1881,230.8170,219.0004,227.3291,222.2743,222.4220,222.9498,223.2726,223.5928,223.3015,222.8725,241.8483,223.0379,222.6779,222.3832,219.6320,217.9870,234.5841,235.3057,229.4183,0.0000,234.0731,237.6722,223.1466,221.2105,235.2197,230.5490,230.2292,235.9093,241.2286,241.8134,221.5493,223.6833,254.4690,241.9815,225.0143,220.7140,221.5579,230.0802,232.3978,221.4467,239.3614,245.5538,223.1126,223.5882,217.6001,230.6790,225.2678,244.4044,238.4594,228.2455,228.2861,216.6776,220.1457,216.4180,238.4126,219.0165,225.7875,222.8542,223.3836,223.5322,232.8276,218.0208,219.4853,221.5904,221.5920,245.5424,218.9868,222.3944,220.6757,240.8637,241.8516,249.3837,250.7693,245.8755,218.6195,226.3225,219.2557,222.8503,222.0679,221.5766,220.7510,238.6693,0.0000,232.5583,219.9585,255.7711,254.5334,220.8088,220.2740,243.5420,224.8288,223.0832,262.1685,260.2893,231.5451,260.2459,278.5077,228.2918,241.2863,258.9487,259.7791,245.7575,239.4284,220.0084,252.7326,252.7424,247.2066,266.1921,243.9901,220.6950,225.0524,224.7094,249.8766,257.6440,223.7983,246.6875,248.5983,248.6833,247.7103,245.5424,248.5526,247.4982,248.5823,248.7030,248.4595,244.4888,223.0379,217.9907,220.7520,0.0000,228.6680,222.7625,228.6680,221.7232,221.7973,221.5456,225.9187,230.9565,245.6782,218.7454,231.0063,230.5486,231.0845,228.2141,224.3705,247.6198,223.4393,228.2142,225.3202,253.8633,242.5721,243.0304,247.2461,238.6693,246.0067,238.6693,244.6834,242.6239,219.9036,226.5650
8.0000,308.6259,276.9665,277.1349,278.9585,274.2113,287.7067,285.6642,309.1136,282.2831,311.3141,298.3580,309.7276,280.2433,289.4138,279.5072,277.4020,288.0451,286.7395,289.6943,272.5218,283.0724,281.7531,282.2348,281.2243,290.6522,293.3872,294.0090,292.8226,310.6201,276.7841,277.4214,277.5556,312.2614,307.1410,306.3977,303.2590,281.5900,299.6144,282.2943,309.1840,320.1942,297.9526,299.1961,321.1847,314.8526,290.5139,306.5313,305.7358,275.9322,309.0623,306.8244,297.7925,312.1832,302.2427,306.2480,298.8532,284.1036,307.2174,283.4208,309.9178,300.5950,301.0642,305.9546,306.1974,302.6833,300.2425,300.7879,307.6442,302.0812,302.7136,312.5733,304.8687,305.6133,300.6355,291.4325,273.2732,275.9186,310.9887,308.0471,297.3237,279.2283,287.3384,281.6657,281.8304,282.5388,282.9379,283.3239,282.9528,282.4149,308.6196,282.4617,282.0452,281.7701,278.0869,276.1284,300.0695,301.3064,293.1704,0.0000,297.5939,302.2775,282.6679,281.6222,304.7953,288.8040,288.4470,293.3350,299.1331,299.7612,278.6131,283.2769,310.9836,307.7891,284.9248,286.1562,284.2435,291.4595,302.1106,280.8039,298.7445,304.3297,282.6397,283.2435,275.9263,288.9631,286.3753,311.0650,295.5376,285.9002,285.9509,274.6754,278.0054,290.6589,304.7983,277.7646,287.0735,282.3697,283.0306,283.2141,291.9164,282.8829,284.7727,280.4670,280.4690,304.3097,277.1910,280.6821,278.6486,298.9262,299.9643,318.2382,319.8185,313.7563,277.2696,286.5770,276.9061,281.7323,280.6550,280.7173,279.9633,295.7993,0.0000,291.3854,278.9127,306.7150,306.5935,280.0293,279.4448,309.8739,284.6811,282.5191,307.0356,298.6237,290.1790,298.9024,319.4132,291.3943,311.6952,331.9749,332.1966,312.5924,305.9335,277.4771,306.5760,306.4264,303.4819,305.3754,301.9547,286.2666,292.8990,293.3946,321.7355,330.5353,291.8635,305.8192,308.1298,308.2346,306.9603,304.3097,308.0730,306.7384,308.1050,308.2599,307.9668,303.0188,282.4617,276.1330,279.9649,0.0000,288.0463,282.3047,288.0463,280.4985,280.5384,280.6181,285.7780,289.9295,312.4933,277.4240,289.5087,288.8035,289.6115,287.4700,284.9031,306.9297,282.3717,287.4700,292.7143,300.9549,308.5393,309.1127,314.4921,295.7993,305.0157,295.7993,303.2988,300.8887,278.8440,283.9758
9.0000,283.7116,254.4263,254.5599,256.3778,252.5942,264.1634,262.3824,284.2994,259.4652,286.3839,274.3097,284.9001,257.6281,265.9223,256.9641,255.5397,265.0230,263.6963,267.2929,250.2959,259.7109,257.7724,258.3840,258.2048,266.9099,269.5863,270.1841,269.0948,285.7465,254.2590,254.8474,254.9255,287.2491,282.4200,281.6606,278.8829,258.8470,275.3099,259.5566,284.2246,294.3437,273.9920,275.0557,295.2541,289.6347,268.1055,284.4455,283.7112,253.6644,294.6393,294.4424,275.4916,292.3606,279.7139,285.8403,276.6853,261.1577,291.6012,261.5906,274.6549,278.9302,279.3782,289.4337,289.6884,282.5644,278.5463,278.9285,285.5217,280.2896,280.8756,294.1791,282.7763,280.5737,278.9679,269.2050,251.0353,253.5091,286.0952,283.3514,273.2278,255.6992,264.2476,258.9171,259.0671,259.6951,260.0641,260.4498,260.1048,259.5943,283.8410,259.6316,259.3378,259.0003,255.6105,253.7449,275.9524,277.0408,269.4253,0.0000,273.6184,277.9700,259.9355,258.6145,280.2548,266.5145,266.1793,271.4397,277.4239,278.0773,257.8772,260.3832,292.7650,283.1074,261.8854,262.7516,260.4441,268.0070,277.7631,257.9712,276.6879,282.4116,259.8643,260.4347,253.4716,266.8651,263.2328,286.1509,273.8061,264.0424,264.0893,252.3353,255.3724,266.9162,280.2972,255.1644,263.9639,259.5877,260.1920,260.3574,269.3915,259.7370,261.4705,257.2469,256.2661,282.3865,254.9327,258.0308,256.1442,277.1964,278.2548,292.8667,294.3656,288.6720,254.7072,263.4529,254.7433,258.9234,258.0066,257.9795,257.1651,274.0477,0.0000,268.8816,256.3409,294.1590,292.7723,257.2347,256.6820,285.0611,261.6824,259.6852,301.1378,298.6237,267.7436,298.5929,319.5252,267.7662,286.7020,305.7767,305.9513,287.5520,281.3524,255.7900,290.7284,290.7254,284.3265,305.4212,280.6453,262.9149,269.0728,269.5912,296.1288,304.4208,267.9976,283.9109,285.9319,286.0290,284.8612,282.3865,285.8793,284.6685,285.9493,286.0525,285.8000,281.1913,259.6316,253.7492,257.1665,0.0000,265.2484,259.4858,265.2484,257.5160,257.6571,257.9421,262.7469,267.3641,287.4768,254.8498,267.1229,266.5141,267.2151,264.7089,261.8897,278.7526,259.6304,264.7089,268.8623,292.0016,283.8067,284.3425,289.3026,274.0477,283.1802,274.0477,280.9704,279.1424,256.2125,262.1097
10.0000,298.3555,267.3489,267.5002,269.2698,265.2330,277.5224,275.6436,299.2710,272.6508,301.5534,288.5126,299.9529,270.7812,279.5130,269.6769,268.2969,278.0681,276.6900,280.1632,263.0971,272.7591,270.6624,271.3180,271.1669,280.4297,283.2102,283.8461,282.8842,300.8519,267.1661,267.7749,267.8619,302.4587,297.0070,296.1815,293.4346,271.9997,289.3996,272.7263,298.8991,309.6252,288.1877,289.2975,310.5902,305.0015,281.2744,297.4791,296.6963,266.2196,304.6258,303.3947,288.9971,304.9377,292.6638,298.6753,290.1951,274.0511,302.2829,274.4593,287.6894,291.6647,292.1243,300.3870,300.7250,295.4499,291.3260,291.7910,298.6372,293.1596,293.8148,306.0590,295.9613,293.7554,291.7044,282.1667,263.7353,266.3929,301.2313,298.2998,287.2427,268.6276,277.2638,272.0745,272.2376,272.8950,273.2869,273.7081,273.3333,272.7927,298.7588,272.7947,272.4869,272.1208,268.4992,266.5556,290.2729,291.4275,283.2371,0.0000,287.7852,292.4614,273.1405,271.6143,294.7012,279.3385,278.9936,284.1699,290.1683,290.8121,270.8934,273.5983,304.4701,298.0220,275.1845,276.0385,273.5316,281.6407,292.0088,271.0327,290.1540,295.3311,273.0626,273.6723,266.3284,279.8675,276.6306,301.3020,286.5020,276.9243,276.9735,265.1249,268.0060,280.4350,294.9581,268.1136,277.3515,272.7828,273.4215,273.5936,282.6440,272.8872,274.6999,270.1030,269.0733,295.3089,267.6612,270.7916,268.8158,289.9619,291.0335,308.4615,310.0852,303.9494,267.6299,276.9649,267.0242,272.0713,270.8856,271.0167,270.1723,286.7543,0.0000,281.8328,269.2317,303.2508,302.6946,270.2510,269.6713,300.1358,275.0189,272.8529,305.2616,298.6237,280.6325,298.8097,319.8249,281.4708,301.5993,322.1908,322.3877,302.7769,296.0952,268.5807,301.5044,301.3707,296.2002,305.5446,293.5548,276.2033,282.6805,283.2159,311.7212,320.7185,281.5475,296.7770,299.0254,299.1284,297.9165,295.3089,298.9701,297.7275,299.1305,299.1527,298.8786,294.0334,272.7947,266.5602,270.1738,0.0000,278.1951,272.6728,278.1951,270.3813,270.5323,270.9925,275.6194,280.2764,302.6879,267.7774,279.9831,279.3380,280.0818,277.6189,275.2135,291.8892,272.4545,277.6189,282.5347,300.9549,298.7729,299.3458,304.6467,286.7543,295.9891,286.7543,293.9833,291.9364,269.2640,274.9879
11.0000,309.2317,276.4669,276.6656,278.0745,273.3529,286.8563,284.8776,310.8668,281.8881,313.1734,299.0352,311.3784,279.7514,289.2671,278.4610,276.7561,287.2266,285.8671,288.8914,272.0527,281.7226,279.2941,280.0549,280.0787,289.9295,292.7926,293.4579,292.8342,312.5473,276.2603,276.8103,276.9229,314.2919,307.8636,306.9161,304.3554,281.2135,299.5735,281.9375,309.8105,321.2335,298.7021,299.8810,322.2613,316.9837,290.2021,305.9502,305.0969,274.8030,308.8615,306.6830,298.2145,311.8435,300.9842,306.5875,299.4179,283.2429,307.0772,283.2095,296.0571,299.9806,300.4505,305.7239,305.9972,302.6833,299.5634,300.0706,307.2117,301.6436,302.4011,312.2422,304.4173,302.1956,300.0211,290.7849,272.6592,275.4708,312.9950,309.6680,297.3856,277.2026,286.4810,281.2922,281.4446,282.1477,282.5622,283.0357,282.6212,282.0367,310.0959,282.0782,281.6660,281.2997,277.4895,275.5135,300.8329,302.0837,293.1803,0.0000,298.2530,303.3121,282.4005,280.5797,305.4199,287.9990,287.6482,292.6239,298.4972,299.1367,278.8107,282.9316,310.6305,309.3870,284.6034,285.2617,282.3176,290.8153,302.5114,280.0856,299.3157,303.7635,282.3159,282.9914,275.3797,288.6177,286.2029,312.8910,294.8707,285.6096,285.6603,274.1152,276.6527,289.9329,305.9455,277.1756,287.1747,282.0270,282.7098,282.8840,291.6272,282.0722,283.9413,278.9695,277.9059,303.7356,276.3182,279.5333,277.4887,298.2669,299.2840,320.4670,322.2403,315.6318,276.6795,286.7399,275.3740,281.3703,279.8804,280.1035,279.1639,295.1322,0.0000,290.6719,278.0345,306.5689,306.4283,279.2498,278.6081,311.6468,284.5662,282.1424,306.7810,298.6237,289.3767,298.8891,320.3948,291.3402,312.8193,335.0869,335.3828,314.6233,307.1881,276.9565,306.3967,306.2331,303.0561,305.7954,301.5599,285.4462,292.1921,292.7968,323.7717,333.5033,291.0495,305.2484,307.5630,307.6681,306.3955,303.7356,307.5058,306.2649,307.7191,307.6934,307.3995,302.4180,282.0783,275.5182,279.1656,0.0000,287.1676,281.9117,287.1675,279.2575,279.4219,280.1249,284.8559,289.1042,314.5107,276.8128,288.7212,287.9984,288.8142,286.5462,284.6229,300.3072,281.3938,286.5463,292.2322,300.9549,310.2231,310.8685,316.6072,295.1322,304.4374,295.1322,302.6248,300.2016,278.2825,283.7326
12.0000,303.5998,276.0306,276.2562,277.3056,272.5962,280.1284,278.0983,309.6725,281.6348,312.6038,298.1827,310.8429,279.5097,287.6760,277.9275,276.4806,286.6468,285.2460,288.4333,271.7815,278.9606,277.1777,277.8618,278.2987,281.7864,283.9986,284.5582,290.5755,312.1533,275.8025,276.4487,276.5394,313.9781,302.1467,301.2540,303.6664,280.9466,293.9199,281.5934,304.1868,315.7793,296.5415,298.9093,316.8226,316.7332,290.2301,305.8560,305.0164,274.2388,308.8329,306.6670,298.7340,311.6299,300.8856,306.9898,300.0664,282.5161,307.0979,283.2417,296.0180,299.8479,300.3315,305.7036,305.9819,302.6833,299.4400,299.9703,307.0924,301.5004,302.2427,312.1577,304.1969,302.0943,299.8880,290.5079,272.2307,275.0412,312.6286,309.1280,292.7580,277.2209,285.8816,281.0271,281.1934,281.9149,282.3481,282.8128,282.3921,281.8068,308.4838,281.8403,281.3441,280.9318,277.1257,275.1270,298.2897,299.2683,290.9153,0.0000,297.4965,302.6154,282.1142,278.7335,299.2272,287.6460,287.2998,292.3833,298.3438,298.9923,278.9849,282.7397,310.5676,308.8490,284.4794,278.6885,278.8943,290.2946,295.3302,279.7489,299.9594,303.6427,282.0521,282.7611,274.9293,288.5892,285.1742,312.3269,294.6767,285.5987,285.6494,273.6649,276.3114,274.0376,303.6702,276.8344,286.1421,281.7721,282.4811,282.6797,291.7194,275.4907,277.2956,278.3212,277.2658,303.6087,275.7640,279.1190,277.0240,298.1092,299.1556,318.8189,320.7897,314.0220,276.2947,286.8067,274.7222,281.1893,279.5050,279.7229,278.8070,294.9378,0.0000,290.2380,277.2873,306.5513,306.4131,278.8996,278.2121,311.0869,284.4838,281.9082,306.9085,298.6237,288.9090,298.8957,320.9144,289.3857,307.5190,332.1715,333.1573,314.3067,305.1001,276.7477,306.3959,306.2238,302.9785,306.0545,301.5505,278.7165,284.3516,284.0316,319.4763,330.3537,282.8518,305.2556,307.4625,307.5665,306.2799,303.6031,307.4053,306.1454,307.5994,307.5920,307.3157,302.3017,281.8403,275.1317,278.8087,0.0000,286.5005,281.6593,286.5004,278.7109,278.9410,279.7867,284.0914,288.3625,314.1715,276.4512,288.2716,287.6454,288.3474,285.8600,283.8253,300.2251,280.8258,285.8601,285.1597,300.9549,309.7212,310.4044,316.3462,294.9377,304.4498,294.9371,302.4323,300.0769,277.9311,283.7453
13.0000,317.0075,282.5650,282.9025,283.0766,276.6573,292.5215,290.3754,320.0374,287.9026,322.7024,306.7546,320.6833,285.7317,295.2947,282.9277,280.9101,292.5887,291.1062,294.4520,278.1989,286.8910,284.1321,284.9970,285.1559,295.7570,298.5960,299.2876,299.2480,321.7158,282.2938,282.7062,282.8949,323.6471,315.7033,314.5255,312.7342,287.2043,306.2732,287.8635,317.6298,329.9221,306.3480,307.6317,331.0284,326.5390,295.4202,312.2118,311.2241,278.8319,311.4835,308.8598,304.1963,313.5742,307.1650,311.4075,305.5747,288.5092,310.4986,288.4118,314.4017,306.3502,306.8204,309.5659,309.8035,303.3496,305.2920,305.7142,313.5304,308.2901,309.2528,315.8438,311.1045,310.4761,306.3895,295.4713,278.4377,281.2848,322.2102,318.5875,304.1183,282.5151,291.8273,287.2877,287.4348,288.1956,288.6467,289.1595,288.7068,288.0795,318.8315,288.3705,287.5663,287.2432,283.3122,281.3149,308.4730,309.7308,299.5809,0.0000,305.9362,311.5570,288.4037,285.7609,313.1376,293.6626,293.3238,299.2835,304.8513,305.5380,282.7589,289.3532,314.4666,318.2617,291.2255,290.7022,287.3338,295.4679,310.0307,285.8195,305.4078,310.0377,288.3314,289.0693,281.3241,293.6619,292.1607,322.3841,301.9822,290.6652,290.7168,279.8817,280.0327,295.7604,314.0494,283.1230,293.0381,288.0398,288.7981,289.0084,296.8844,287.7871,289.6109,284.0290,282.9462,309.9837,280.8068,284.0496,281.7155,304.2365,305.0560,330.3001,332.2993,325.0164,282.6086,293.9808,278.9050,286.8240,284.7407,285.8885,284.8216,302.2302,0.0000,296.2968,283.0359,308.7714,308.9077,284.9243,284.2204,320.9051,291.3675,288.4452,307.8360,298.6237,294.9336,298.9440,320.6892,297.5862,321.2295,346.0902,346.5228,323.9895,315.4623,281.0785,309.9001,309.6727,308.1821,306.1018,305.6564,290.9406,297.8762,298.5958,333.3478,344.3005,296.7564,311.7862,313.9069,314.0084,312.6840,309.8046,313.8492,312.5707,314.0441,314.0346,313.7823,308.7167,288.3705,281.3197,284.8233,0.0000,292.4078,287.9285,292.4077,284.3257,284.5121,286.0955,290.0156,294.3314,323.8862,282.7086,294.3080,293.6615,294.3700,291.7320,290.5870,311.4695,286.1648,291.7321,298.3371,300.9549,319.1772,319.8770,326.1324,302.2287,310.9816,302.2052,309.8373,305.9270,284.0500,288.9009
14.0000,316.3439,281.0700,281.4074,281.9035,276.4334,291.0891,288.7949,319.4324,286.4235,322.0439,305.5763,319.8555,285.0232,293.9318,280.2331,279.0401,289.8929,288.6299,292.5127,276.8837,285.4564,283.1867,283.9462,283.5356,294.3619,297.0151,297.6950,297.9291,320.9796,280.7786,281.2745,281.4228,322.9228,314.9259,313.7189,311.6831,285.7241,305.0984,286.3938,317.0045,330.0657,305.3437,306.4526,331.2415,325.8100,293.6850,309.7061,308.6268,276.0433,310.7533,308.2992,303.0871,312.6592,305.3116,310.4265,304.6518,286.3219,309.7718,286.7507,310.5348,304.5597,304.9942,308.6394,308.9137,302.6833,303.7295,304.1653,311.3685,306.5473,307.6180,314.7502,308.9035,307.4245,304.5989,293.5257,276.7991,279.6702,321.5051,317.7682,302.9344,281.0838,289.3847,285.8050,285.9414,286.7048,287.1399,287.7009,287.2462,286.5775,318.1126,286.8112,286.0998,285.7464,281.7667,279.7391,307.4938,308.7880,298.2225,0.0000,304.7677,310.5023,286.8988,284.0436,312.2150,291.7880,291.4670,297.8861,303.1859,303.7893,282.7244,287.8684,313.3770,317.4250,289.7908,289.1295,286.1277,294.5371,308.8374,284.3727,304.4637,307.6841,286.8600,287.5511,279.7463,291.9185,290.7519,321.6985,300.7899,288.9638,289.0151,278.2214,276.3897,294.3683,313.3015,281.7078,291.6365,286.5350,287.3415,287.5685,295.1478,286.3412,288.1775,282.1384,281.3598,307.5936,280.0231,281.4295,278.9367,302.5942,303.4888,329.7595,331.8072,324.4016,281.1566,291.9284,276.1035,284.2448,282.0970,284.3357,283.3853,300.9547,0.0000,294.2515,281.8719,308.2028,308.2779,283.5140,282.8941,320.1982,289.5192,286.8827,307.6509,298.6237,292.9856,298.9344,322.8797,296.2439,320.6206,346.5697,347.0566,323.2666,314.7469,279.4804,309.1017,308.8596,306.8139,307.1363,304.4512,289.3693,296.2828,297.0142,333.2664,344.7001,295.3894,309.7261,311.4268,311.5246,310.1775,306.8599,311.3730,310.3138,311.8786,311.5513,311.2408,306.5104,286.8112,279.7439,283.3871,0.0000,289.9279,286.4500,289.9279,282.3292,282.4709,284.5903,287.7294,292.2395,323.1498,281.2768,292.3646,291.7870,292.4338,289.2376,289.1560,307.5739,283.5559,289.2376,297.0065,300.9549,318.3676,319.0877,325.4043,300.9438,308.9338,300.8311,308.4218,304.3668,282.8817,287.2195
15.0000,320.5791,283.0602,283.4699,283.7043,277.0436,293.3198,291.4811,319.2178,288.5384,323.2079,307.2078,321.1601,287.6272,294.7601,282.4821,280.8101,291.4921,290.4740,292.4248,279.0486,287.4066,285.0321,285.7336,285.5407,296.6081,300.0585,300.6925,299.0416,322.5089,282.7327,283.4300,283.6965,324.4552,320.1530,317.5831,313.0737,287.7906,307.2756,288.2431,321.3317,336.2435,306.6634,308.0727,337.5866,327.3805,294.1820,305.9073,304.8092,278.3989,310.2650,307.7072,303.7721,312.4512,302.0540,310.9181,305.4075,288.1470,308.5573,287.2384,291.4176,301.4260,301.8028,307.1349,307.4274,302.6833,301.5548,301.9209,307.8926,303.2994,304.3658,314.3941,305.5492,300.1713,301.4642,294.0153,278.3810,281.3926,323.0461,319.2112,304.6411,284.6773,291.2972,287.8754,288.0267,288.8490,289.3076,289.8156,289.3469,288.7072,318.3174,288.8272,287.9312,287.6172,283.4361,281.3755,308.7125,309.8489,299.3316,0.0000,306.3876,312.0183,288.8420,286.1016,317.1294,291.5879,291.2805,295.5885,300.2718,300.6901,282.9823,289.9973,312.8165,318.9140,292.0917,291.9703,288.3679,296.2242,313.1768,286.5572,305.2111,304.0303,288.7914,289.4483,281.5831,292.4357,292.0837,322.8850,297.5239,289.4782,289.5296,279.8746,279.4703,296.6149,313.9215,283.8901,293.1370,288.6024,289.4013,289.6580,295.6623,288.6914,290.4510,284.2511,283.7098,303.9306,281.4950,283.4979,281.2084,300.2641,301.3002,327.5386,327.5387,323.3615,283.2634,294.3262,278.1710,286.6703,284.3910,286.2467,285.5854,297.5497,0.0000,294.1355,283.6696,307.6038,307.6068,285.7357,285.1689,321.6201,291.7184,288.9034,307.3299,298.6237,292.8966,298.9177,324.9522,297.2289,325.9787,352.3901,343.8849,324.8012,315.2348,281.0263,307.8118,307.6119,304.4799,307.8442,302.9714,292.0645,299.1660,300.0524,339.2171,350.5453,297.6495,306.2342,307.6022,307.6986,306.4497,302.7069,307.5525,306.7617,308.3948,307.7246,307.3886,302.4338,288.8273,281.3803,285.5874,0.0000,291.0165,288.5648,291.0164,284.3898,284.5153,286.4262,289.6075,292.5575,324.7095,283.4321,292.2773,291.5869,292.3210,290.3167,290.6344,295.6753,285.6457,290.3167,299.0874,300.9549,319.8653,320.5882,326.9691,297.5150,305.5231,297.2880,305.1023,302.1821,285.0639,287.7064
16.0000,322.1809,282.6643,283.1038,282.9427,276.2798,293.0171,290.7171,319.1281,287.8794,323.2095,306.9383,321.1454,288.2227,295.4070,281.1649,279.7671,290.1491,289.3242,289.7059,278.1203,286.9451,285.0816,285.6697,284.8353,296.4171,299.9324,300.7213,299.4675,322.4201,282.3156,282.7231,282.9198,324.4203,321.6414,318.8665,312.9165,287.1644,307.5444,287.6466,323.0114,339.4994,306.6151,307.8049,340.9849,327.4327,291.4283,300.6386,299.5104,277.0347,308.6456,306.2691,300.9714,311.0377,297.6665,308.4262,302.6574,287.3005,306.1184,284.5824,283.8193,296.4881,296.7885,304.2991,304.5817,301.8274,297.6050,298.0174,302.7920,298.2812,299.3540,312.4161,300.1764,293.9172,296.5259,291.4789,278.0384,281.0691,322.9619,319.0963,304.8178,281.9033,290.1306,287.2521,287.4100,288.1862,288.6519,289.1976,288.7225,288.0713,318.2471,288.1669,287.2882,286.9088,282.6258,280.7337,308.6984,309.8400,299.7660,0.0000,306.1136,311.8365,288.2425,285.4107,318.3605,288.7987,288.5359,291.2446,295.5225,295.7623,282.7597,289.4232,310.6791,318.7971,291.6078,290.5303,288.1944,291.5869,313.9022,285.6336,302.4968,298.8738,288.1649,288.8110,281.2178,289.7940,292.1924,322.8841,292.4403,286.8665,286.9174,279.5469,278.0375,296.4312,313.8345,283.2021,293.3428,287.9962,288.7876,289.0664,292.8557,288.4456,290.1734,283.1344,282.5949,298.8020,280.9558,281.9945,279.7667,296.0709,297.3215,327.9624,327.9625,323.5392,282.6265,293.8310,276.6629,285.2443,282.9956,285.4395,284.5971,292.3512,0.0000,291.3334,282.9070,306.1520,305.9838,284.8119,284.4289,321.5030,291.0803,288.2460,306.7143,298.6237,290.1616,298.8856,325.9538,297.7579,327.8577,355.4007,345.6996,324.7622,315.1394,280.1050,305.2834,305.1363,300.5725,307.9764,300.0554,291.2766,298.7010,299.9159,341.4704,353.4278,297.4727,300.8428,302.3397,302.4387,301.2485,297.4246,302.2916,301.6469,303.2859,302.4633,302.1992,296.6380,288.1669,280.7385,284.5991,0.0000,289.2413,287.9069,289.2411,283.2391,283.3663,285.7092,288.6431,290.1083,324.6321,282.7252,289.5632,288.7972,289.6105,288.5410,290.4897,287.9494,284.3942,288.5409,299.0089,300.9549,319.7560,320.4831,327.0067,292.2919,300.1095,292.0124,299.8457,298.2414,283.8379,285.0539
17.0000,287.5232,251.3449,251.7352,251.7520,246.6405,260.5889,258.4130,284.8074,256.3111,288.3037,273.4042,286.0230,256.4526,262.9326,248.8876,246.5536,256.4176,256.0435,253.4650,247.7779,254.9808,253.3171,253.8325,253.0249,263.7070,266.9844,267.7603,266.6274,287.8435,251.0143,251.5215,251.7437,289.7447,286.9330,284.3958,278.9271,255.6802,273.8993,256.0312,288.3276,304.3305,273.3294,274.1676,305.7726,292.5480,254.6824,257.2734,256.3018,245.1765,272.6669,272.2039,263.2847,269.8126,256.1740,269.6276,264.8327,254.6140,268.8242,248.6234,247.6266,253.7597,253.9952,266.2251,266.4549,260.2013,256.2116,256.4832,259.1368,255.2755,256.2143,272.8070,256.9240,252.9443,253.7925,254.8839,246.9941,249.8119,288.3629,284.7039,271.4728,250.8589,256.7507,255.7626,255.9053,256.6004,257.0391,257.5198,257.0901,256.5115,283.9638,256.0720,255.6712,255.1526,250.9023,249.2845,275.2053,276.1988,266.8909,0.0000,272.7096,277.9611,256.6511,253.5210,283.9513,252.4828,252.3140,252.3112,252.9181,253.0435,255.2506,257.2523,271.3044,284.4353,259.1600,258.1113,256.2403,261.7837,279.8703,254.0843,264.6665,255.7665,256.5315,257.1544,249.9835,253.3737,260.1493,287.9448,252.1237,250.7838,250.8283,248.3866,246.5442,263.7197,279.8912,251.9793,261.4754,256.4505,257.1432,257.4259,256.0111,256.4502,258.0290,251.0687,250.5903,255.7146,250.1821,249.4563,247.5833,254.6798,255.9271,293.5713,293.5714,289.2087,251.4004,261.1313,244.6081,252.8926,250.6600,253.7115,253.1046,252.0117,0.0000,254.9154,251.7297,271.9113,270.5392,253.3063,252.9307,286.8731,258.6162,256.1457,279.6352,278.3743,253.8791,278.2883,304.6343,265.0728,292.5569,318.0547,310.9864,290.0508,281.0963,246.4444,267.7872,267.8440,260.0845,286.8020,258.4026,258.9200,265.7050,266.9644,304.9633,316.2055,264.6395,257.5615,258.7240,258.8101,257.7814,254.5050,258.6830,258.1662,259.5594,258.8300,258.6921,253.3920,256.0720,249.2887,253.1069,0.0000,254.8276,256.3369,254.8274,251.1288,251.2629,253.9166,255.6585,254.3878,289.8852,251.5231,253.3422,252.4810,253.3840,254.2019,258.5593,248.0127,251.7198,254.2018,266.1020,269.8270,285.3360,286.0231,292.1497,251.9517,256.9185,251.7056,258.4265,256.7429,253.0686,249.0498
18.0000,323.9265,281.5152,282.0084,281.4216,274.7799,291.9194,289.2566,319.8211,286.8066,323.8176,306.6497,321.1369,287.3176,294.0408,278.2572,275.6715,286.5964,286.2363,282.9441,277.3498,285.3414,283.3772,283.9900,283.0610,295.5149,299.3563,300.3229,298.4632,323.3208,281.1269,281.5543,281.8607,325.5237,323.2389,320.1425,313.0062,286.1016,307.2719,286.4119,324.8828,343.9361,306.6785,307.5457,345.6534,328.7444,284.9285,286.3667,285.2944,274.0868,301.4124,300.1639,294.5698,300.0725,285.3738,300.5822,296.2891,284.8609,297.8502,278.1053,279.6762,282.5215,282.7770,295.1009,295.4310,289.6321,285.3936,285.7290,288.4389,284.1812,285.2081,302.9206,286.0755,281.7316,282.5585,284.8634,276.6519,279.8793,323.9341,319.6614,304.3758,280.5167,286.9093,286.1977,286.3957,287.1018,287.5758,288.1821,287.6899,287.0255,318.8254,286.6551,285.9838,285.5024,280.7496,279.0377,308.7683,309.8978,298.7274,0.0000,305.8364,311.8914,287.2121,283.6777,319.6612,281.8186,281.6427,281.2134,281.6578,281.7440,283.1050,288.0243,301.1403,319.3616,290.2483,288.6633,286.7459,291.3316,314.6256,284.2723,296.0580,284.7214,286.9959,287.6693,279.9926,283.3526,291.0540,323.3946,280.8168,280.4523,280.5021,278.2631,275.5445,295.5294,314.1415,282.0810,292.8754,286.9914,287.7390,288.0775,286.4839,287.3254,289.0692,280.7611,280.2259,284.6660,279.4514,278.8134,276.7403,283.7096,285.0822,330.1821,330.1822,325.0154,281.4526,292.5237,273.4591,282.8323,280.2863,283.8682,283.1656,280.6783,0.0000,284.6144,281.3925,299.9738,299.1931,283.4087,283.0431,322.1551,289.6075,286.7404,303.8817,298.6237,283.4125,298.7374,329.3995,296.5950,330.0097,359.7033,350.9076,325.8672,315.5269,275.5494,296.7628,296.6907,288.9295,308.4624,287.8133,289.8218,297.6713,299.3265,344.8153,357.6216,296.5802,286.8133,287.9718,288.0698,286.9569,283.3126,287.9267,287.3800,288.9092,288.0929,287.9575,281.8699,286.6551,279.0425,283.1681,0.0000,284.7126,286.8358,284.7123,280.8207,280.9784,284.1467,285.9371,284.0658,325.6568,281.5560,282.8037,281.8161,282.8560,284.0099,289.2071,276.7207,281.4152,284.0098,298.2471,298.4055,320.4070,321.2067,328.2854,280.6077,286.1515,280.3292,287.8794,285.9837,283.0375,278.5710
19.0000,303.6894,281.3864,281.8755,281.4651,275.0304,289.8993,288.0545,318.9097,286.7944,323.3509,306.1065,320.6404,288.2670,293.8436,277.5770,274.8837,286.3899,285.8960,282.4829,276.6360,284.2405,282.4173,282.9007,282.3608,293.0938,297.0466,297.8822,297.5679,323.0569,280.9872,281.4701,281.6830,325.3450,306.6968,304.6804,312.4662,286.0814,302.3622,286.3412,304.6145,323.0617,305.3388,306.9236,324.7244,328.6487,284.4891,285.6787,284.5988,273.2295,301.0063,299.8193,294.3759,299.5344,284.4209,300.2505,296.1864,284.5951,297.4843,277.6545,277.1376,281.8110,282.0681,294.6496,294.9852,288.9611,284.6736,284.9776,287.7815,283.5075,284.5574,302.3520,285.4550,279.9879,281.8478,284.2106,276.4803,279.7767,323.6934,319.2597,301.3628,280.3452,286.5302,286.1780,286.3619,287.0889,287.5636,288.1935,287.6962,287.0035,317.7045,286.5975,285.8955,285.3726,280.5923,278.8775,307.1522,308.0683,297.8591,0.0000,305.3581,311.3907,287.2331,282.9560,305.7635,281.2801,281.1027,280.5518,280.9472,281.0321,283.0473,288.0269,300.5802,318.9706,290.3019,287.7778,285.8478,285.7917,305.9412,284.2151,295.9658,284.0389,286.9614,287.6545,279.8505,282.8712,290.9465,322.9231,280.0991,279.9786,280.0283,278.1530,274.4787,293.1260,312.6267,282.0187,292.8976,286.9810,287.7432,288.1057,286.1084,285.3981,287.0944,280.2539,279.7198,283.9826,280.2521,278.0898,275.9340,283.0071,284.3655,329.3576,329.3577,324.0501,281.3550,292.6857,272.1744,282.5895,279.7478,283.7073,283.0973,279.9544,0.0000,284.4256,281.4522,299.6172,298.7828,283.3816,283.1482,321.7288,289.6190,286.6861,303.7667,298.6237,282.9848,298.7314,332.9356,296.0250,313.2984,342.2505,351.0917,325.6850,314.1224,274.7620,296.3539,296.2691,288.3432,309.8835,287.1055,288.6050,295.8911,297.0336,327.5666,340.1872,294.1916,286.1382,287.2825,287.3834,286.2809,282.6479,287.2373,286.7178,288.2507,287.4055,287.2700,281.1359,286.5975,278.8822,283.0999,0.0000,284.6648,286.8243,284.6645,280.3304,280.4979,284.0341,285.6447,283.7416,325.4452,281.4718,282.3424,281.2780,282.3933,284.1225,289.0904,274.2009,280.8685,284.1224,295.6447,297.9963,320.0473,320.8805,328.1759,279.8832,285.4783,279.6035,287.0525,285.2520,281.9779,278.1087
20.0000,300.9910,281.8255,282.3244,281.7044,275.2124,286.3781,284.6374,318.9282,287.3747,323.7581,306.3628,321.0152,288.9788,293.5440,278.3868,275.7007,287.2732,286.7142,283.2447,277.0673,283.4055,282.1816,282.5909,282.1123,288.6055,292.0881,292.7754,296.8560,323.6582,281.4167,281.9753,282.2059,326.0283,303.8126,301.8631,312.7987,286.6513,299.5350,286.8345,301.9354,320.7830,304.8104,307.1108,322.4819,329.4168,285.3977,286.4511,285.3766,274.0072,301.7535,300.4796,295.4224,300.5152,284.9983,301.3272,297.2416,285.3101,298.3133,278.5677,276.1534,282.6039,282.8594,295.4500,295.8040,289.9055,285.5025,285.7815,288.5303,284.2366,285.2458,303.2308,285.8908,279.6495,282.6406,285.0510,276.9307,280.2451,324.3173,319.7329,299.1768,280.9404,287.3783,286.7500,286.9500,287.6894,288.1824,288.7820,288.2826,287.6093,317.4801,287.2050,286.3986,285.8783,281.1205,279.3793,306.3809,307.1011,297.1434,0.0000,305.6595,311.7309,287.7500,282.6618,302.5467,282.0284,281.8379,281.2957,281.7304,281.8189,283.0568,288.6636,301.4216,319.4492,290.9678,284.9710,284.5820,286.3930,302.0496,284.7416,297.0036,284.8369,287.4911,288.1588,280.2928,283.7666,290.9967,323.3253,280.8437,280.8777,280.9276,278.6110,275.5445,277.9266,312.0076,282.5384,292.9152,287.5538,288.3206,288.7056,287.0270,281.9019,283.5946,280.7604,280.2252,284.7856,280.5009,278.8827,276.7451,283.8057,285.1905,329.2932,329.2933,323.9177,281.8419,293.5332,272.9343,283.4949,280.6009,284.2232,283.6095,280.6946,0.0000,285.1970,281.7020,300.2897,299.5277,283.9006,283.6585,322.1604,290.3559,287.2959,304.2066,298.6237,283.7427,298.7544,336.6702,295.4992,310.4708,339.7551,351.6625,326.3689,313.6184,275.5786,297.1702,297.0618,289.1370,311.4678,287.9712,285.2599,291.7008,292.0992,325.0220,337.6979,289.7202,286.9002,288.0760,288.1765,287.1107,283.4624,288.0306,287.4943,289.0007,288.1988,288.0632,281.9160,287.2050,279.3840,283.6121,0.0000,285.5091,287.4050,285.5087,280.9049,281.1078,284.5679,286.4111,284.5438,326.0957,281.9770,283.1007,282.0268,283.1587,284.9611,289.2958,273.2215,281.6817,284.9610,291.8568,298.7392,320.5565,321.4211,328.9305,280.6231,286.2199,280.3442,287.6878,286.1194,282.5171,279.0163
21.0000,303.5569,282.9929,283.5298,282.5099,275.2173,287.6833,285.8030,321.1057,288.9106,326.2248,308.4081,323.3612,290.5535,295.0634,278.9429,276.1421,288.3812,287.7303,284.2198,278.4760,284.4226,283.1180,283.5748,283.0289,290.0185,293.6008,294.3315,298.5136,326.2671,282.5667,283.2770,283.5259,328.7162,306.4028,304.2880,314.9983,288.1836,301.3822,288.3304,304.5508,324.4118,306.9550,309.1824,326.2021,332.2047,286.3497,287.7164,286.6378,274.3934,302.9720,301.6304,296.4850,301.8992,286.0545,302.5547,298.3391,286.3437,299.5926,279.5105,276.2185,283.8014,284.0558,296.7024,297.0716,291.1679,286.6725,286.9493,289.8492,285.4693,286.5013,304.5731,287.2874,280.2325,283.8385,285.9663,277.8930,281.3134,326.9601,322.1766,300.9814,283.0411,288.4186,288.2846,288.4827,289.2369,289.7436,290.3507,289.8439,289.1580,319.7554,288.7000,287.8782,287.2910,282.4024,280.5517,308.5261,309.2092,298.7850,0.0000,307.6846,313.9137,289.2561,283.6228,305.0049,283.0257,282.8408,282.4076,282.9071,283.0061,285.1583,290.2141,302.7364,321.8892,292.6010,286.0313,285.4899,287.5195,304.2610,286.1484,298.0711,286.0815,289.0129,289.7298,281.3849,284.7115,292.5685,325.7728,282.0054,281.8197,281.8698,279.6392,275.5445,279.2874,314.2100,283.8621,294.7360,289.0908,289.8817,290.2928,287.9881,283.2061,284.8958,281.6649,281.1281,286.0329,280.6466,279.4620,277.1981,284.9682,286.3578,332.0447,332.0448,326.4434,283.1069,295.2596,273.3978,284.0219,281.1501,285.5517,284.9770,281.8594,0.0000,285.9891,282.5058,301.4506,300.7462,285.2798,285.0707,324.6315,291.9794,288.7939,304.8376,298.6237,284.6924,298.7875,338.3390,297.1003,313.3560,344.0001,355.8268,329.0573,315.8463,276.0198,298.4391,298.3109,290.3752,312.1487,289.1939,286.4250,293.0798,293.6017,328.6017,341.8453,291.1489,288.0537,289.3351,289.4381,288.3898,284.7144,289.2893,288.7997,290.3264,289.4605,289.3073,283.1303,288.7000,280.5564,284.9797,0.0000,286.7254,288.9418,286.7251,281.8116,282.0291,285.9521,287.4474,285.5645,328.7730,283.2786,284.0573,283.0237,284.1290,286.2891,290.8004,273.2842,282.4187,286.2891,293.3887,299.9546,323.0401,323.9419,331.7025,281.7879,287.3819,281.5095,288.9302,287.3043,283.8638,279.9568
22.0000,304.4802,282.9954,283.5493,282.4458,275.2371,287.9504,285.9708,321.1057,288.3845,326.5028,308.5049,323.6013,290.4028,295.2690,279.0242,276.2126,288.4970,287.8771,284.2203,278.3909,284.5789,283.5177,283.8641,283.0877,290.3172,293.9139,294.6652,298.7166,326.6536,282.5604,283.1842,283.5002,329.1855,307.2989,305.1134,315.1881,287.7038,301.7865,288.0153,305.4993,325.8779,307.1657,309.2743,327.7149,332.7469,286.6036,287.8425,286.7699,274.4285,303.0719,301.6871,296.9998,302.0366,285.9903,302.9781,298.8983,286.4268,299.7078,279.7800,275.4349,283.8956,284.1592,296.8051,297.1747,291.3035,286.7425,287.0060,289.9580,285.5732,286.6046,304.7223,287.5245,279.6806,283.9332,286.0986,277.8465,281.3640,327.3615,322.4583,301.2846,282.8967,288.6424,287.8040,288.1549,288.4989,288.8346,289.8832,289.3712,288.5072,319.9234,288.4981,287.5734,287.0605,282.2238,280.4144,308.7364,309.4190,298.9827,0.0000,307.7701,314.0854,289.0617,283.6895,305.8497,283.0046,282.8220,282.4588,282.9957,283.0979,285.1538,290.0420,302.8667,322.1774,292.4946,286.1438,286.1332,287.6611,305.0006,285.8770,298.6491,286.1896,288.6242,289.2376,281.3699,284.9452,292.6234,326.0451,282.0911,282.0652,282.1152,279.6477,275.5445,279.5749,314.3981,283.7798,295.1176,288.6770,289.4454,289.8698,288.2536,283.5064,285.1756,281.5819,281.0452,286.1365,280.6466,279.4201,277.1894,285.0443,286.4269,332.5348,332.5349,326.7874,283.0350,294.7962,273.4214,284.2049,281.2787,285.3519,284.7687,281.9481,0.0000,286.0826,282.4389,301.5116,300.8352,285.0742,284.8614,324.9065,291.6450,288.5905,304.6817,298.6237,284.7157,298.7794,339.2693,297.3015,314.5282,346.3560,357.2699,329.5284,316.0280,276.0903,298.5486,298.4122,290.4823,312.3949,289.2955,286.6112,293.3426,293.9195,330.3966,344.1247,291.4480,288.2351,289.4556,289.5571,288.5024,284.8211,289.4098,288.9081,290.4365,289.5800,289.4345,283.2529,288.4981,280.4191,284.7712,0.0000,286.7845,288.4170,286.7841,281.7157,281.9257,285.7503,287.5688,285.6105,329.2160,283.1857,284.0296,283.0016,284.1149,286.3251,290.6746,272.4066,282.5257,286.3251,293.6889,300.0433,323.3528,324.2781,332.2333,281.8769,287.5927,281.5994,289.0610,287.3786,283.8267,280.2167
23.0000,304.6235,283.6773,284.2370,282.9362,275.4120,288.1541,286.1927,321.1057,289.4332,326.7278,308.9167,323.8215,291.0644,295.2354,279.0786,276.2300,288.6305,288.0221,284.3081,278.9979,284.8715,283.7689,284.1221,283.4280,290.4902,294.0829,294.8240,298.7908,327.0002,283.2415,283.8731,284.1575,329.5255,307.3919,305.2204,315.5770,288.7004,301.8594,288.7935,305.6531,326.2502,307.4159,309.6641,328.1069,333.0905,286.2911,287.7241,286.6157,274.4801,302.7213,301.3615,296.7578,301.7294,285.7929,302.6599,298.6799,286.7523,299.4628,279.5307,274.7613,283.8445,284.1022,296.5909,296.9594,291.1280,286.6437,286.8900,289.8520,285.6147,286.7179,304.3704,287.6707,279.2139,283.8817,285.7936,278.5694,281.9477,327.7106,322.7919,301.3909,283.5088,288.7201,288.8026,289.0083,289.7623,290.2721,290.8869,290.3754,289.6853,320.0436,289.2561,288.3375,287.7809,282.8840,281.0976,308.9532,309.5785,299.0701,0.0000,308.2135,314.4859,289.7434,284.0335,305.9698,283.1447,282.9812,282.5093,282.9482,283.0548,285.1135,290.8106,302.5372,322.5226,293.2473,286.3614,286.3986,287.9761,305.1882,286.6386,298.4203,286.1135,289.5120,290.2270,282.0658,284.6445,292.9180,326.2691,282.0893,281.7872,281.8373,280.3165,275.5445,279.7408,314.5350,284.4710,295.2685,289.6112,290.4097,290.8350,287.9013,283.7057,285.3770,281.9775,281.4401,286.0555,281.0771,279.6278,277.3196,284.9806,286.3359,332.6600,332.6601,326.9214,283.7220,295.9008,273.5326,284.1909,281.3076,286.0264,285.4629,281.9463,0.0000,286.0666,282.9328,301.1905,300.5340,285.7688,285.5388,325.1770,292.5768,289.3515,304.4291,298.6237,284.7854,298.7661,339.3383,297.3288,314.5617,346.1881,357.6774,329.8604,316.1589,276.1077,298.3147,298.1699,290.3656,312.3956,289.1607,286.8290,293.5012,294.0907,330.3508,343.9814,291.5869,288.1900,289.3422,289.4412,288.4123,284.7399,289.2967,288.8157,290.3245,289.4641,289.3272,283.1962,289.2562,281.1024,285.4657,0.0000,286.8741,289.4647,286.8738,282.1186,282.3421,286.4568,287.8147,285.6930,329.5534,283.8746,284.0765,283.1406,284.1855,286.3960,291.1577,271.7176,282.6157,286.3960,293.8417,299.7429,323.6973,324.6262,332.5750,281.8751,287.5298,281.5984,289.0599,287.2713,284.4043,279.9613
24.0000,305.8243,284.8718,285.4079,284.2248,277.7327,289.1934,287.2495,321.1057,290.8395,327.5153,310.0932,324.6974,292.0833,297.1428,279.4611,276.5124,289.2835,288.7163,284.8134,280.1603,285.8644,284.7963,285.1307,284.3998,291.5468,295.0763,295.7962,300.4536,328.2423,284.4328,285.0935,285.3475,330.8099,308.6442,306.4365,316.6617,290.1211,303.0576,290.2554,306.8537,327.4428,308.3583,310.8739,329.2988,334.4298,286.6134,288.2758,287.2055,274.7546,302.9806,301.5880,297.0791,301.9790,286.0602,302.9976,299.0245,287.5776,299.6824,279.8480,274.4680,284.2263,284.4933,296.8555,297.2229,291.4944,287.0105,287.2412,290.2379,285.9167,286.9465,304.6790,287.9410,279.1505,284.2634,286.1032,279.7540,283.1675,328.9654,323.9306,302.6176,284.6014,289.4437,290.2247,290.4364,291.1786,291.7033,292.3161,291.8022,291.1169,320.6502,290.4256,289.7870,289.0752,284.0609,282.2785,309.8300,310.5404,300.7420,0.0000,309.3968,315.6122,291.2095,284.9861,307.1848,283.6892,283.5466,282.9447,283.3292,283.4362,289.5566,291.9786,302.8420,323.6776,294.3536,287.4740,287.4828,289.5035,306.3370,287.8957,298.7522,286.5439,290.9501,291.6712,283.2527,284.9588,294.5369,327.0707,282.4651,282.0997,282.1497,281.5089,275.5445,280.7586,315.4017,285.6985,296.5457,291.0515,291.8443,292.2775,288.2250,284.7423,286.4120,282.8003,282.2615,286.4922,282.3458,280.0836,277.6650,285.3686,286.7065,333.0347,333.0348,327.4264,284.9353,296.8852,273.6387,284.7667,281.7543,287.2413,286.6805,282.3155,0.0000,286.4836,284.2281,301.4213,300.7820,286.9774,286.6859,326.1306,293.6375,290.5209,304.5483,298.6237,285.2744,298.7724,339.7975,299.1027,315.8907,347.8385,357.4956,331.1455,316.9688,276.3900,298.5566,298.4205,290.6901,312.5769,289.5124,287.8896,294.5389,295.0847,331.8149,345.6052,292.6448,288.6163,289.8920,289.9939,288.8837,285.1729,289.8456,289.2186,290.7109,290.0179,289.8705,283.6377,290.4256,282.2833,286.6834,0.0000,287.4531,290.8718,287.4528,282.9299,283.1542,287.6954,288.5574,286.2183,330.8421,285.0950,284.5571,283.6846,284.6613,286.9562,292.7814,271.5146,283.1205,286.9562,294.9500,299.9903,324.8727,325.8288,333.9057,282.2442,287.9567,281.9663,289.2600,287.6373,285.6273,280.2782
25.0000,303.7442,284.2544,284.8339,283.4039,276.0459,288.3176,286.4347,321.1057,290.2013,326.8410,309.3056,323.8255,291.0147,296.9402,279.1066,276.2317,288.7374,288.1643,284.1291,279.4612,285.1371,284.0287,284.3986,283.7364,290.6366,294.1226,294.8433,300.0091,327.5748,283.8075,284.4278,284.7377,330.1787,306.7452,304.6332,315.8390,289.5317,302.0119,289.5316,304.6956,323.6826,307.4584,310.0820,325.3940,333.7681,285.6844,287.3138,286.2656,274.5036,302.0491,300.7014,295.7346,300.9199,285.1704,301.6029,297.5837,286.9582,298.5377,278.9479,273.6132,283.3701,283.6309,295.8264,296.1738,290.4902,286.1430,286.3583,289.3790,284.9759,285.9552,303.6840,286.9702,278.2346,283.4071,285.3973,279.1583,282.4685,328.3218,323.1711,301.7668,284.0558,288.8833,289.6328,289.8274,290.5342,291.0429,291.6489,291.1336,290.4814,320.0493,289.7516,289.0243,288.3625,283.3876,281.6330,308.9344,309.7055,300.3079,0.0000,308.6084,314.8071,290.4272,284.3494,305.4117,283.0089,282.8708,282.1778,282.4869,282.5894,286.5237,291.2969,301.8602,322.9323,293.6715,286.6030,286.5036,288.1273,304.8026,287.2217,297.2767,285.6384,290.2101,290.9246,282.6190,284.0788,294.1605,326.3646,281.6563,281.2194,281.2694,280.8799,275.5445,279.8835,314.6222,285.0275,296.4130,290.3883,291.1511,291.5825,287.2446,283.8078,285.5143,282.2771,281.7391,285.5897,281.5454,279.7442,277.3905,284.5236,285.8441,332.0254,332.0255,326.5857,284.2794,296.2275,273.5092,284.2315,281.3335,286.5634,285.9986,281.5066,0.0000,285.8052,283.4042,300.5256,299.8162,286.2758,285.9721,325.3697,293.0046,289.8459,303.9408,298.6237,284.5874,298.7405,337.8484,298.7633,313.7507,344.7082,356.3868,330.5215,316.2269,276.1094,297.4693,297.3825,289.7477,311.9305,288.5679,287.0551,293.6346,294.1305,329.1021,342.5243,291.7255,287.6199,288.9180,289.0195,287.9216,284.2677,288.8724,288.3302,289.8507,289.0417,288.8872,282.7476,289.7516,281.6378,286.0016,0.0000,286.8411,290.2327,286.8407,282.4191,282.6511,286.9962,287.9296,285.5438,330.1596,284.4293,283.8782,283.0018,283.9624,286.3319,292.2469,270.6772,282.6885,286.3319,294.0577,299.0270,324.1463,325.1215,333.2500,281.4353,286.9557,281.1566,288.4547,286.7620,284.7576,279.3898
26.0000,302.6858,283.7256,284.3007,282.9342,275.7884,287.5510,285.6833,319.4133,289.5645,324.8772,307.9773,321.9299,290.2773,296.0097,278.8138,275.9687,288.2307,287.7098,283.5468,278.9870,284.6000,283.5734,283.9341,283.2513,289.8022,293.2012,293.9212,298.9855,325.8191,283.2817,283.8575,284.1531,328.3371,305.5836,303.5311,314.3074,288.8922,300.9679,288.8930,303.6456,322.8083,306.0272,308.7384,324.5356,331.8446,284.9097,286.4228,285.3876,274.2816,301.4516,300.1757,294.6553,300.1279,284.6333,300.6048,296.4395,286.5227,297.8768,278.2078,273.6251,282.6965,282.9518,295.1793,295.5151,289.7522,285.5052,285.7304,288.6343,284.2293,285.1719,303.0101,285.9989,278.0404,282.7364,284.8446,278.6873,281.9778,326.5540,321.4861,300.6712,283.4858,288.4100,288.9918,289.1937,289.8991,290.4047,291.0220,290.4974,289.8451,318.4496,289.1130,288.4032,287.7352,282.8119,281.0946,307.4814,308.2797,299.2645,0.0000,307.3042,313.3202,289.7677,283.8510,304.2488,282.4339,282.3074,281.5959,281.8397,281.9304,286.5829,290.6572,301.2014,321.2599,293.0269,285.7804,285.8767,287.3879,303.6314,286.6345,296.1384,284.8759,289.5685,290.2544,282.1083,283.3591,293.2882,324.4117,281.0648,280.5019,280.5517,280.3978,275.5445,279.0800,313.0654,284.4529,295.2505,289.7406,290.5107,290.9309,286.4097,283.0364,284.7482,281.8476,281.3102,284.8244,281.1750,279.4589,277.1557,283.8833,285.2081,330.6176,330.6177,325.0710,283.7199,295.4125,273.0603,283.9733,281.0243,285.9771,285.4248,280.9206,0.0000,285.2389,282.9347,299.9904,299.2224,285.6934,285.3719,323.5264,292.2820,289.2053,303.8118,298.6237,284.0041,298.7337,334.7361,297.7809,312.4609,342.5770,354.1825,328.6739,314.6444,275.8465,296.8159,296.7453,289.0888,310.6262,287.8891,286.2910,292.7836,293.2114,327.5868,340.4950,290.8867,286.8559,288.0160,288.1119,287.0834,283.4981,287.9718,287.5783,289.1048,288.1356,287.9848,281.9959,289.1130,281.0993,285.4277,0.0000,286.2768,289.5959,286.2764,281.9937,282.2249,286.3855,287.4977,284.9552,328.3466,283.8591,283.2824,282.4222,283.3837,285.7474,291.5019,270.6842,282.3322,285.7475,293.1440,298.4348,322.4512,323.4120,331.3386,280.8489,286.2235,280.5685,288.0964,286.1128,284.1537,278.6602
27.0000,304.5152,284.9657,285.5232,284.4173,277.3639,289.0022,287.0956,320.3388,290.8832,325.8441,309.2199,322.9279,291.6452,296.4665,280.1384,277.0790,290.5384,289.5635,287.9889,279.9851,286.0177,284.9599,285.3385,284.6458,291.2590,294.7790,295.4899,299.7088,326.9856,284.5266,285.1366,285.3935,329.4626,307.2917,305.2322,315.4854,290.2010,302.3240,290.1744,305.5124,325.4400,307.2435,309.9832,327.2363,332.9335,289.6548,295.6092,294.4858,275.4299,306.8102,304.7615,299.7086,308.0346,293.1519,306.5761,301.5777,288.1478,304.0368,282.8581,282.6326,292.0293,292.2710,301.7883,302.1073,298.0890,293.8488,294.1501,298.1138,293.6929,294.7408,309.8511,295.5091,286.8769,292.0709,289.2976,279.8990,283.2505,327.7287,322.6277,301.8717,284.3712,290.2273,290.3007,290.5052,291.2260,291.7367,292.3409,291.8107,291.1675,319.5666,290.6588,289.7100,289.1148,284.4307,282.5666,308.7233,309.4862,299.9562,0.0000,308.5263,314.5037,291.0395,285.2092,305.9246,287.0255,286.8640,288.5819,291.1797,291.3131,286.2203,292.1957,308.0436,322.4119,294.6272,287.2766,287.2706,288.7060,305.2483,287.9853,301.3277,294.1836,290.8661,291.5252,283.3541,287.9800,294.1731,325.3836,289.2603,285.0945,285.1451,281.6344,275.8869,280.4833,314.2447,285.7282,296.3524,291.0428,291.8173,292.2308,291.2107,284.5093,286.2039,283.3391,282.7990,294.1269,282.8917,280.9927,278.4288,292.2501,293.5652,331.9453,331.9454,326.2858,284.9908,297.0466,274.4125,285.1431,282.3002,287.3868,286.7815,289.1024,0.0000,289.5873,284.4192,304.6320,304.3248,287.0519,286.7000,324.5859,293.8990,290.7512,306.0602,298.6237,288.4354,298.8515,332.8754,298.3826,314.2661,344.8935,355.4458,329.7990,315.8094,276.9563,303.0714,302.9108,297.0987,309.6394,296.3093,287.7201,294.3029,294.7879,329.5815,342.7493,292.3804,296.1284,297.2682,297.3686,296.3808,292.7419,297.2239,297.0076,298.5936,297.3916,297.1522,291.2030,290.6588,282.5713,286.7843,0.0000,289.3727,290.9145,289.3724,283.4884,283.6862,287.8719,289.2308,288.9920,329.4929,285.1382,287.6941,287.0073,287.8095,288.9311,292.4837,279.6284,283.8646,288.9312,294.5233,300.9549,323.6059,324.5736,332.4333,289.0267,295.4535,288.7375,296.4279,294.4872,285.3547,283.2998
28.0000,305.4835,285.0550,285.6142,284.4867,276.9072,289.3333,287.3765,320.5735,291.2334,325.8752,309.4111,322.9533,292.1728,297.0363,280.3359,277.2857,290.5927,289.6548,288.1828,280.1756,286.2376,285.1764,285.5625,284.8233,291.6274,295.1537,295.8793,300.2091,326.8299,284.6181,285.3658,285.6356,329.2651,308.2193,306.0918,315.6265,290.5490,302.8450,290.4965,306.5104,327.0491,307.5271,310.2019,328.9005,332.7163,290.0003,296.5803,295.4998,275.6261,307.1477,305.0554,300.1027,308.5269,293.2812,306.9436,301.9832,288.2194,304.5150,283.1798,275.9030,292.5108,292.7816,302.2293,302.5530,298.4731,294.2029,294.4773,298.7585,294.1661,295.1637,310.2167,296.1236,286.2176,292.5526,289.6045,279.8990,283.3401,327.5441,322.5891,302.3265,285.3651,290.3379,290.6497,290.8462,291.5825,292.1002,292.6831,292.1537,291.5211,319.8675,290.9129,290.0124,289.3782,284.6333,282.6968,308.9894,309.8243,300.4705,0.0000,308.7099,314.6344,291.3798,285.3905,306.7657,287.2082,287.0588,288.8390,291.6069,291.7661,286.3254,292.4466,308.3968,322.3754,294.8993,287.5246,287.4774,288.8095,305.9288,288.3193,301.7503,294.8355,291.2012,291.9179,283.4166,288.3109,294.6605,325.4137,289.5512,285.4185,285.4692,281.6831,276.0931,280.8364,314.5773,285.9546,296.9585,291.3950,292.1562,292.5670,291.5719,284.8685,286.5456,283.5589,283.0183,294.7830,282.6879,281.2093,278.6369,292.6275,293.9193,332.5095,332.5096,326.7132,285.1867,297.3996,274.4820,285.4699,282.5420,287.6469,287.1108,289.3807,0.0000,289.8357,284.4866,304.9220,304.6198,287.3875,287.1016,324.5635,294.1924,291.0063,306.2334,298.6237,288.6414,298.8605,333.2987,298.9172,315.3172,346.5427,356.1502,329.6012,316.1361,277.1629,303.5172,303.3269,297.5775,309.7304,296.6680,288.0000,294.6341,295.1629,330.9315,344.3545,292.7842,296.9520,298.2371,298.3425,297.1842,293.3693,298.1899,297.6659,299.2393,298.3645,298.2059,291.8188,290.9129,282.7015,287.1137,0.0000,289.4747,291.2645,289.4744,283.7133,283.9193,288.1104,289.2995,289.1666,329.3164,285.3674,287.8969,287.1828,288.0020,289.0336,292.8958,277.5009,284.0205,289.0337,294.9181,300.9549,323.5392,324.4772,332.2193,289.3029,296.2552,289.0126,296.5703,294.8532,285.6046,283.6216
29.0000,306.2295,285.1827,285.7333,284.6414,276.8640,289.4670,287.5765,321.1057,291.6113,326.8122,309.9734,323.8543,292.8714,297.4111,280.5382,277.5412,290.6925,289.7597,288.2002,280.3106,286.1283,284.3128,284.9015,284.8759,291.8165,295.6023,296.3556,300.6067,327.7689,284.7444,285.6210,285.9316,330.2188,308.9785,306.7537,316.3457,290.9298,303.2261,290.8455,307.2814,328.3375,308.1236,310.7240,330.2355,333.6930,290.6699,296.3684,295.2405,275.8232,307.1922,305.1116,301.0993,308.6960,293.4246,307.5835,303.0335,288.2978,304.6250,283.8703,273.8083,292.5522,292.8089,302.3162,302.6427,298.6510,294.3177,294.6042,298.6845,294.2933,295.3749,310.2859,296.3638,286.4379,292.5949,290.0989,279.8990,283.2557,328.5038,323.4557,302.7205,285.3651,290.4437,291.0331,291.2312,291.9735,292.5093,293.0471,292.5347,291.9209,320.5154,291.2578,290.3435,289.6666,284.8410,282.8305,309.6184,310.3657,300.9016,0.0000,309.2851,315.3283,291.8011,285.4726,307.5181,287.2318,287.0983,288.8777,291.6837,291.8199,286.3354,292.8282,308.4777,323.2298,295.3373,287.6840,286.8808,289.1752,306.6691,288.5902,302.8096,294.7681,291.5688,292.3056,283.5058,288.9491,294.9995,326.3450,289.5952,286.0722,286.1230,281.6619,276.2642,281.0185,315.1429,286.2285,297.2045,291.7985,292.5414,292.9835,292.2638,285.0243,286.6883,283.7301,283.1890,294.7065,282.8439,281.3656,278.8095,292.7237,294.0308,333.8127,333.8128,327.7254,285.4107,297.9479,274.7041,285.7895,282.8062,287.9006,287.3563,289.4217,0.0000,289.8161,284.6436,304.9772,304.6856,287.6572,287.4058,325.4903,294.6319,291.3541,306.2340,298.6237,288.6515,298.8606,336.4520,299.3031,315.8798,342.7628,358.1785,330.5547,316.7187,277.4184,303.6107,303.4156,297.6402,310.9737,296.8269,288.1836,294.9421,295.6077,330.4932,341.0485,292.9164,296.8639,298.0286,298.1292,297.0228,293.2754,297.9829,297.5918,299.1634,298.1530,298.0056,291.7713,291.2578,282.8352,287.3591,0.0000,289.5595,291.6426,289.5592,283.8959,284.1115,288.3846,289.3964,289.2211,330.2806,285.6225,287.8930,287.1986,288.0247,289.1206,293.2543,277.4961,284.1847,289.1207,295.1692,300.9549,324.4160,325.3727,333.1922,289.3435,296.2053,289.0528,296.5719,294.9640,285.9349,284.2982
30.0000,306.7286,285.2466,285.7968,284.7329,276.9304,289.7811,287.8624,321.1057,291.7492,327.1509,310.2691,324.2241,293.1153,297.2879,280.8666,277.9422,290.9734,290.0138,288.7064,280.4991,286.3850,284.6516,285.1929,285.0962,292.1435,295.9613,296.7296,300.6392,328.0827,284.8063,285.7322,286.0430,330.5310,309.4416,307.2085,316.6830,291.0714,303.5428,290.9988,307.7939,329.1266,308.4574,311.0237,331.0496,334.0295,291.4530,297.5518,296.4040,276.1730,307.7662,305.5053,302.1289,309.7355,294.7913,308.6403,304.1015,288.4756,305.2309,284.6598,276.9589,293.5260,293.7793,302.9672,303.2814,299.8046,295.3144,295.6707,299.7108,295.3374,296.4562,311.1196,297.3921,288.9879,293.5696,290.8103,279.8990,283.3989,328.8204,323.7451,302.9719,285.3651,290.6907,291.1749,291.3710,292.1067,292.6399,293.1675,292.6705,292.0557,320.7464,291.4415,290.5056,289.8263,284.9975,282.9312,309.9446,310.6575,300.9477,0.0000,309.5706,315.6456,291.9612,285.6962,307.9879,287.7125,287.5867,289.6860,292.6587,292.7908,286.4902,293.0178,309.3058,323.5292,295.5481,287.9572,287.3739,289.6145,307.1559,288.7228,303.8735,295.8306,291.7245,292.4660,283.5545,289.7177,295.0647,326.6908,290.5533,286.8459,286.8969,281.7091,276.5907,281.3350,315.4216,286.3450,297.5193,291.9432,292.6852,293.1401,293.0400,285.3508,287.0060,283.9746,283.4335,295.7773,282.7586,281.6816,279.1390,293.6669,295.0193,334.2263,334.2264,328.0512,285.5099,298.1495,275.2010,286.0749,283.1382,288.0593,287.4845,290.3926,0.0000,290.4904,284.7322,305.3769,305.1573,287.7894,287.5421,325.7791,294.8304,291.5383,306.4748,298.6237,289.1924,298.8731,339.8129,299.2651,316.4139,343.7162,359.2079,330.8638,316.9876,277.8192,304.2186,304.0168,298.4560,312.5517,297.9451,288.4813,295.2924,295.9664,331.2138,341.9735,293.2752,297.8713,299.2322,299.3397,298.1699,294.3506,299.1849,298.6442,300.1942,299.3622,299.1932,292.8116,291.4415,282.9360,287.4873,0.0000,289.9009,291.7804,289.9007,284.1418,284.3535,288.5469,289.6051,289.6792,330.5990,285.7336,288.3902,287.6705,288.5368,289.4552,293.3071,280.8085,284.4840,289.4553,295.4734,300.9549,324.7183,325.6794,333.5243,290.3168,297.1772,290.0319,297.5700,295.9687,286.1510,285.0818
31.0000,306.5038,285.0263,285.5750,284.3797,276.9305,289.3769,287.4236,321.1057,291.1695,326.9467,309.9490,323.9732,292.5215,296.9760,280.0701,277.0525,290.2968,289.4632,287.0327,280.2375,285.8654,284.1328,284.6634,284.5423,291.7745,295.6484,296.4415,300.3266,327.8635,284.5904,285.3271,285.6588,330.3651,309.1966,306.9605,316.3967,290.4922,303.2588,290.4187,307.5765,329.0623,308.2848,310.7211,330.9991,333.8841,290.0472,295.2374,294.0564,275.2559,306.5802,304.5935,300.5902,307.9692,292.9732,307.0299,302.5348,288.0787,303.9481,283.2367,277.6403,291.1189,291.3799,301.4954,301.8283,297.9086,293.1173,293.5211,297.3142,293.0680,294.2778,309.4826,295.2434,288.4659,291.1617,289.4224,279.8990,283.4077,328.6042,323.5091,302.6976,284.5855,290.1925,290.5954,290.7899,291.5275,292.0600,292.5812,292.0859,291.4752,320.6525,290.7709,289.9190,289.2696,284.4398,282.5722,309.7871,310.4979,300.6072,0.0000,309.2441,315.3632,291.3732,285.1686,307.7619,285.9314,285.8567,286.9883,290.2189,290.3511,286.3201,292.3215,307.6804,323.2847,294.7420,287.4598,286.9447,289.4244,306.9656,288.1588,302.2813,293.5050,291.1392,291.8586,283.4158,288.3293,294.6047,326.4780,287.4222,285.4529,285.5036,281.6999,275.6128,280.9801,315.3070,285.9402,296.9529,291.3604,292.0995,292.5532,291.6744,284.9610,286.6091,282.9851,282.0679,293.4468,282.7586,280.6390,278.1522,291.4286,292.8073,334.2892,334.2893,328.0575,285.1505,297.3718,274.1962,285.4587,282.4126,287.4791,286.9253,287.2884,0.0000,288.7253,284.3832,304.4584,304.1498,287.2291,286.9931,325.5267,294.0778,290.8672,305.9711,298.6237,287.5088,298.8468,341.0087,298.9526,316.0499,343.1914,359.4643,330.7002,316.8829,276.9298,302.8878,302.6907,296.5063,313.0057,295.8678,288.0431,294.9122,295.6509,330.7114,341.4458,292.9238,295.6143,296.9220,297.0308,295.8828,292.1033,296.8741,296.2650,297.7937,297.0523,296.8956,290.4998,290.7709,282.5770,286.9282,0.0000,289.0042,291.2005,289.0039,283.2173,283.4717,287.9761,289.1334,288.2695,330.3985,285.3285,286.7831,285.8798,286.8868,288.6106,292.8246,281.4143,283.7839,288.6107,295.1330,300.9549,324.4812,325.4447,333.3761,287.2200,294.9124,286.9424,294.3828,293.7597,285.8088,283.6625
32.0000,311.0479,286.1884,286.7390,285.7871,277.6827,294.8584,293.1808,321.1057,292.6053,327.6117,311.0757,324.7721,293.9898,297.2879,282.0508,279.1398,292.0687,291.1357,289.5839,281.4535,288.8287,286.7588,287.2896,286.8812,298.1079,301.9718,302.6553,301.5661,328.7023,285.7542,286.6718,287.0318,331.1873,313.8546,311.5599,317.3716,291.9001,307.5661,291.7604,312.1230,333.6464,309.9409,311.8889,335.5866,334.7135,293.0370,299.2775,298.0531,277.3397,308.5904,306.1003,303.8614,311.5626,297.2536,310.2272,305.8594,289.4812,306.2335,286.1917,284.9775,295.0142,295.2893,304.0084,304.3121,301.9636,296.8312,297.3588,301.3398,297.1263,298.4309,312.3227,299.6540,294.4726,295.0566,292.2754,280.7485,284.2278,329.4274,324.3898,306.1090,286.4535,291.8640,292.0029,292.1881,293.0044,293.5650,294.0072,293.5148,292.9317,321.6237,292.2296,291.2916,290.6589,285.8334,283.7707,311.6379,312.5002,301.9256,0.0000,310.3511,316.3587,292.6742,287.5425,312.7343,288.5151,288.4341,290.4986,294.0811,294.2506,287.2654,293.7816,310.5158,324.1755,296.2688,293.7347,290.5508,290.6402,312.6006,289.6380,305.6119,297.5365,292.5375,293.2792,284.4568,291.2628,295.3455,327.1645,291.3661,288.3758,288.4270,282.5350,277.6406,298.1481,316.8738,287.2850,297.5510,292.7454,293.5207,293.9830,294.6696,290.3787,292.0468,284.8860,284.0252,297.4729,283.4897,282.6624,280.1987,295.1125,296.5139,335.3317,335.3318,329.0863,286.4515,298.9514,276.1859,287.4996,284.4140,288.9218,288.4129,291.2868,0.0000,291.4242,285.7707,305.9809,305.8825,288.7147,288.4973,326.3062,295.6149,292.3263,306.7174,298.6237,290.0904,298.8858,340.4384,299.7717,320.9435,348.7550,360.4061,331.5244,318.2887,279.0162,305.2049,304.9797,299.7276,312.7411,299.8057,293.8022,301.0158,301.9673,335.9780,346.9784,299.2852,299.6169,300.9844,301.0928,299.9739,296.2296,300.9353,300.2992,301.8259,301.1152,300.9570,294.6854,292.2296,283.7754,288.4157,0.0000,291.0066,292.6362,291.0064,285.0616,285.2727,289.3716,290.6673,290.6517,331.2207,286.6732,289.2971,288.4538,289.4371,290.6067,293.7914,288.7527,285.6439,290.6068,300.5773,300.9549,325.3573,326.3155,334.2046,291.2289,298.9137,290.9816,298.4551,297.4817,287.1136,286.6106
33.0000,305.4383,284.7315,285.2672,284.0497,276.5825,289.1228,287.3564,321.0655,290.8495,326.0812,309.1694,323.0536,292.0724,296.4915,279.8714,276.9092,289.8513,289.1250,286.6236,279.8684,285.8548,284.8730,285.1936,284.3808,291.4201,294.7791,295.3889,299.8273,326.4781,284.3065,285.0531,285.4118,328.8607,308.1529,306.0300,315.5234,290.1564,302.7053,290.0643,306.4709,327.1293,307.6160,309.9377,328.9915,332.2977,290.2059,296.2550,295.0597,275.0830,306.9228,304.7939,301.0734,308.9132,294.5217,307.6172,303.0683,287.7906,304.3376,283.4012,285.4948,291.6917,292.0024,301.8951,302.2233,299.1428,293.6374,294.2209,298.1311,293.8618,295.1695,309.9407,296.4091,293.3642,291.7300,289.5287,279.6626,283.0784,327.1681,322.3697,302.1798,284.7305,289.8588,290.2576,290.4230,291.2441,291.7997,292.2365,291.7502,291.1664,320.2337,290.3886,289.5763,288.9337,284.1383,282.2929,309.1544,309.9296,300.1558,0.0000,308.4854,314.4859,290.9398,284.9729,306.7501,285.5276,285.5037,286.5064,290.6458,290.8764,286.4002,291.9089,308.1469,322.1397,294.2901,288.0444,287.4540,289.0836,306.0185,287.8899,302.8201,294.5272,290.7899,291.4944,283.1396,288.4893,294.1311,325.6037,286.8963,285.6186,285.6694,281.4217,275.5445,280.6435,314.8084,285.6612,296.2905,290.9919,291.7579,292.2149,291.8238,284.7069,286.3559,282.8257,282.0454,294.4685,282.1953,280.4504,277.9826,291.8635,293.2984,333.7134,333.7135,327.5599,284.8741,296.8937,273.3169,285.7541,282.3483,287.1783,286.6695,286.9458,0.0000,288.4953,284.0497,304.6640,304.4216,286.9635,286.7325,324.4781,293.6458,290.4839,306.0260,298.6237,287.1218,298.8497,339.8555,298.4589,314.8501,334.3846,358.4915,329.1913,316.4075,276.7866,303.2675,303.0600,296.9926,312.5100,296.7585,288.0209,294.4640,294.7942,328.5774,333.5895,292.5738,296.3277,297.9433,298.0520,296.9314,293.6398,297.8929,297.1676,298.6120,298.0737,297.8809,292.1942,290.3886,282.2977,286.6724,0.0000,288.5595,290.8801,288.5593,283.0218,283.2636,287.6414,288.8211,287.8623,328.9374,285.0545,286.3328,285.4566,286.4649,288.1549,292.4227,289.2531,283.5305,288.1550,294.7291,300.9549,323.2759,324.1791,331.8020,286.9124,295.6267,286.7508,294.0906,294.2908,285.4708,283.8224
34.0000,304.2351,284.6123,285.1389,283.9675,276.5818,288.5703,286.8978,320.3530,290.7341,325.3378,308.7256,322.3706,291.7900,295.8242,279.6648,276.9014,289.2602,288.3703,287.1286,279.9439,285.4054,283.9021,284.3399,284.1658,290.8210,294.3039,294.9351,298.8806,325.7647,284.1929,284.9457,285.2912,328.0636,307.0667,304.9489,314.9805,290.0392,301.9183,289.9444,305.2303,325.1184,306.9835,309.5052,326.9111,331.3608,291.1221,298.8507,297.6830,275.0939,307.7153,305.4779,302.1544,310.1439,296.7102,308.6848,304.1631,287.2717,305.5452,284.3005,290.6933,293.7852,294.1388,303.2086,303.5458,300.4574,295.2937,295.9481,300.5734,296.0449,297.3566,311.0375,299.0110,297.3454,293.8285,290.3097,279.5647,283.0021,326.4380,321.7490,301.4040,284.6325,289.0426,290.1404,290.3162,291.1360,291.6969,292.0959,291.6245,291.0622,319.5278,290.3061,289.4783,288.8392,284.1134,282.2435,308.4525,309.2317,298.5965,0.0000,308.0428,313.9554,290.8073,284.7731,305.7973,286.1342,286.1264,287.7389,292.5616,292.9276,286.4003,291.8042,309.3300,321.5146,294.1644,287.3707,286.6953,289.3222,305.3270,287.8030,303.8753,297.1212,290.6862,291.4048,283.0275,289.3658,293.6916,324.8697,288.4169,286.4944,286.5452,281.3178,275.5445,280.0664,314.1202,285.5487,295.7741,290.8757,291.6371,292.0978,292.7688,284.1600,285.8074,282.9617,282.4228,297.0780,282.1953,280.6110,278.0715,293.5637,294.9482,332.5192,332.5193,326.5932,284.7652,296.7832,273.7594,285.2783,282.0829,287.1137,286.5881,288.6026,0.0000,288.9356,283.9700,305.3587,305.2221,286.8720,286.6110,323.7935,293.5627,290.4012,306.2895,298.6237,287.6235,298.8635,339.8555,297.6352,313.6153,335.8617,356.6113,328.3956,315.7177,276.7789,304.4855,304.2332,298.7058,312.5898,298.3648,287.5298,293.9875,294.3188,327.1116,334.6518,291.9507,298.5333,300.5365,300.6493,299.5305,296.8174,300.4832,299.6902,301.0601,300.6705,300.4041,295.1741,290.3061,282.2482,286.5910,0.0000,288.2959,290.7644,288.2957,283.1237,283.3485,287.5700,288.2059,288.1058,328.1886,284.9471,286.8202,286.0527,286.9531,287.8923,292.1034,294.5787,283.1085,287.8925,294.0762,300.9549,322.6284,323.5121,330.8877,288.5926,297.8023,288.5323,295.8190,295.9491,285.4425,284.7146
35.0000,325.5445,285.5123,286.0245,285.1924,277.6174,291.8641,289.3628,321.1057,291.9907,326.6350,310.4345,323.8010,292.7053,297.6506,281.1927,281.4210,288.9271,287.3804,290.6402,280.9319,287.7449,285.9541,286.5731,286.1221,294.5230,298.0973,298.8941,301.3003,327.4278,285.0971,285.9747,286.3306,329.7280,324.5618,321.4656,316.5864,291.3094,308.0392,291.3001,326.5766,347.1816,309.2346,311.3046,349.0389,332.9983,295.6655,306.3548,305.1741,277.5686,310.9094,308.1269,307.1839,313.2626,302.7449,313.5427,309.2540,286.7992,309.7150,288.8143,299.1384,300.7891,301.2009,307.7701,308.1373,302.6833,301.1032,301.6800,308.0348,303.1986,304.5506,315.2061,305.9187,304.5470,300.8292,294.5129,280.2618,283.6728,328.1179,323.3403,305.6225,284.5855,288.0340,291.4098,291.5683,292.3949,292.9594,293.3851,292.9053,292.3203,321.0794,291.7216,290.8394,290.1532,285.4962,283.3814,310.8632,311.8932,300.9721,0.0000,309.6565,315.5595,292.1100,286.7037,320.8254,289.9159,289.8730,293.3305,299.3868,299.9234,286.1619,293.1961,313.6414,323.1204,295.5961,289.4793,288.6845,290.4972,315.5441,288.9487,308.8864,304.5085,292.0287,292.7755,283.8418,293.7873,295.3193,326.1876,294.9057,290.9140,290.9656,282.0147,277.9436,283.6331,316.2813,286.5704,297.4542,292.1434,292.9363,293.3850,297.3387,287.3990,289.0678,284.7916,284.0252,304.4579,282.9810,283.0178,280.5043,299.6433,300.7841,333.4760,333.4761,327.8324,285.7641,298.3407,277.2068,286.2560,283.5213,288.4459,287.7033,295.1549,0.0000,292.5055,285.1783,308.0244,308.1600,287.9809,287.6442,325.2491,295.1028,291.8170,307.4584,298.6237,291.1450,298.9244,342.8847,299.7929,330.7815,351.2755,356.6345,330.0627,317.7063,282.0156,308.6990,308.3467,304.5153,313.5678,302.9836,290.0132,297.1649,298.0919,343.5591,350.2610,295.6400,305.8793,308.0846,308.1969,306.9978,304.4386,308.0279,307.1799,308.5349,308.2196,307.9269,302.9165,291.7216,283.3861,287.7059,0.0000,289.1464,292.0215,289.1465,284.9991,285.2174,288.9112,287.4779,290.7724,329.8293,285.9761,290.3083,289.8281,290.4482,288.7540,293.6308,302.6990,283.6451,288.7541,297.9362,300.9549,324.2470,325.1510,332.5300,295.1537,305.0995,295.1464,298.8180,301.7711,286.4592,289.2078
36.0000,325.7539,285.2010,285.7319,285.0496,277.6174,291.4495,288.9465,320.6177,291.6346,324.9007,308.9991,322.1591,292.3518,297.2879,281.0046,281.4775,288.1437,286.3708,290.9541,281.2656,287.3269,284.7939,285.7810,285.8431,294.0894,297.8022,298.5970,300.7275,324.9484,284.7697,285.7558,286.1194,327.2572,324.8307,321.5818,315.1791,290.8846,307.6335,290.9678,326.8077,347.8591,308.2531,309.6759,349.7567,330.5148,295.5031,307.5831,306.4329,277.4321,311.8241,308.9876,305.0146,313.5065,303.9010,313.9477,307.7555,285.9634,311.2539,288.4711,301.6913,301.8662,302.3044,309.1253,309.6048,302.6833,302.0132,302.6566,309.3036,304.2995,305.6475,315.9438,307.3098,306.4293,301.9066,294.5707,279.8990,283.5212,325.5063,321.3384,305.0658,284.5855,286.7722,290.9850,291.1266,292.0666,292.6558,293.0646,292.5740,291.9510,319.9821,291.4850,290.5280,289.8307,285.2424,283.0865,310.1240,310.9932,300.3226,0.0000,308.3377,314.0852,291.7601,286.4183,321.2513,290.2682,290.2103,294.0729,300.3841,300.9751,286.1619,292.9459,314.4636,321.1005,295.2518,289.0626,286.7359,291.3354,316.2808,288.7015,307.5715,305.6822,291.7324,292.4958,283.4838,293.6365,294.9363,324.4672,295.8305,290.6802,290.7318,281.7535,277.8736,283.2151,315.2955,286.3783,296.9412,291.7612,292.6173,293.0601,297.4428,287.1519,288.7255,284.6851,284.0252,305.6235,282.9810,282.9927,280.4337,300.5460,301.6894,330.7022,330.7022,325.8907,285.5189,298.7228,276.1346,287.7617,284.0192,288.1736,287.4837,296.0914,0.0000,292.9391,285.0382,308.8705,309.0135,287.7551,287.3473,323.3294,295.1699,291.5857,307.9855,298.6237,291.4839,298.9518,346.9715,299.3183,331.0021,351.3196,354.6773,327.5907,316.6897,282.0639,310.1003,309.6383,305.7372,314.7731,303.7775,289.5490,296.7811,297.7934,343.7804,350.3562,295.1409,307.0480,309.2774,309.3862,308.1910,305.6235,309.2205,308.4814,309.8122,309.4101,309.1184,304.2336,291.4850,283.0913,287.4863,0.0000,288.7445,291.6661,288.7447,284.8790,285.0897,288.6298,286.5522,290.9195,327.3301,285.7571,290.6119,290.1808,290.7472,288.3676,293.2868,304.9729,283.1325,288.3677,297.4655,300.9549,322.1119,322.9018,330.0483,296.0914,306.2519,296.0914,299.8062,302.6842,286.5699,288.8998
37.0000,328.6354,285.1828,285.7162,284.9594,277.5704,291.2791,288.6179,321.1057,291.7275,325.8267,309.6547,322.9253,292.3254,297.2879,281.3005,281.7305,288.5632,286.7127,291.1296,281.5727,287.2074,284.4785,285.5059,285.7795,293.8668,297.5833,298.4103,300.9645,325.5928,284.7456,285.6495,285.9700,328.1058,327.7969,324.0729,315.9853,291.0169,308.2723,291.1404,329.7833,352.7727,309.1971,310.3512,354.8451,331.6381,295.8699,307.7014,306.5563,277.5741,311.8799,309.0591,305.7239,313.5667,303.8444,314.4008,308.4892,286.2361,311.3522,288.7888,301.2556,301.9255,302.3724,309.2254,309.7231,302.6833,302.0106,302.5996,309.4392,304.3756,305.7268,315.9802,307.4422,306.3392,301.9664,294.5652,279.8990,283.7949,326.1802,322.0699,305.5248,284.5855,287.1188,291.1233,291.2736,292.1749,292.7991,293.2934,292.7441,292.1011,320.8390,291.6595,290.6903,289.9215,285.2962,283.1193,310.9780,311.7439,300.5763,0.0000,308.9610,314.8284,292.0704,286.3595,323.9241,290.4390,290.3597,294.1544,300.4318,301.0316,286.1728,293.1125,314.5053,321.8168,295.4001,288.7019,286.6346,292.1886,318.3866,288.2847,308.3068,305.7717,291.9372,292.7854,283.4590,293.9126,295.0521,325.3676,295.8812,290.9571,291.0087,281.8640,277.9822,287.5465,316.0503,286.2856,297.2093,291.9640,292.8034,293.2180,297.9296,287.1054,288.6076,284.7106,284.0252,305.7098,282.9995,283.0802,280.5434,300.5761,301.6917,332.4961,332.4962,327.3048,285.4324,299.4735,276.1838,288.7566,284.6392,288.1989,287.2477,296.1394,0.0000,293.1177,284.9472,308.9391,309.0775,287.5290,287.0612,324.1505,295.6368,291.7665,308.1015,298.6237,291.6658,298.9578,346.5231,299.4584,335.0200,358.6123,359.4505,328.4290,317.4621,282.2812,310.1943,309.7328,305.8091,314.5706,303.7436,289.2360,296.5127,297.5731,349.8838,357.5073,294.8652,307.1945,309.3899,309.4958,308.2888,305.7098,309.3327,308.6053,309.9479,309.5206,309.2453,304.3138,291.6595,283.1241,287.2496,0.0000,289.0219,291.7614,289.0221,284.9192,285.1368,288.7206,286.8871,291.1478,328.0647,285.6508,290.7481,290.3594,290.9134,288.5918,293.3968,304.7763,283.4466,288.5919,297.4495,300.9549,322.8114,323.5797,331.1261,296.1394,306.4121,296.1394,299.8159,302.6842,286.7557,289.1998
38.0000,308.9388,285.7898,286.3383,285.2047,277.5173,290.5484,288.7119,321.1057,292.1005,326.1478,309.7335,323.2950,292.5982,297.2879,281.7518,282.0650,289.1418,287.2750,291.7492,282.1516,287.2213,285.3437,286.0406,285.9275,292.8187,296.2910,296.9121,300.4888,325.1041,285.3575,286.1910,286.5214,326.0633,311.9213,309.3162,316.1046,291.3735,304.4010,291.4842,310.0309,331.9138,308.8274,310.3739,333.8864,329.7798,296.5171,307.7638,306.5875,277.9644,312.1225,309.2513,306.4741,313.7904,304.1831,315.0693,309.2569,286.8723,311.6273,289.4267,301.3855,302.2871,302.7225,309.5203,310.0257,302.6833,302.3963,302.9638,309.7683,304.7817,306.1879,316.3222,307.8631,306.5717,302.3282,295.1551,280.6895,284.5169,325.7601,321.9512,303.4664,286.1745,287.6407,291.4781,291.6233,292.5321,293.1369,293.6616,293.1113,292.4421,320.8011,292.0128,291.0475,290.3373,285.7939,283.7187,310.4118,310.9717,300.1762,0.0000,309.0878,314.9169,292.4113,286.5196,310.7805,291.0660,290.9568,294.6484,300.8230,301.4101,286.1850,293.4136,314.8442,321.6518,295.6264,289.3173,287.4147,292.7005,310.5974,288.8006,309.0663,306.0323,292.3044,293.1740,284.1266,294.5422,295.2648,325.6966,296.3281,291.5853,291.6370,282.6235,278.3814,287.3739,315.6789,286.8212,297.6462,292.3048,293.1688,293.5781,298.5851,286.4110,287.8938,284.9629,284.0252,305.9614,283.0205,283.4939,280.9463,300.9786,302.0818,333.1407,333.1408,327.6696,285.9909,299.5287,276.6435,289.3194,285.1525,288.6480,287.7981,296.5896,0.0000,293.8215,285.1951,309.1321,309.2902,288.0621,287.6267,324.2418,295.8542,292.1203,308.2728,298.6237,292.2882,298.9667,343.8095,299.1994,319.1725,343.5045,360.7968,326.5608,317.2032,282.5681,310.4700,310.0065,306.1470,313.6083,303.9932,289.3317,295.9210,296.3025,334.4462,342.3600,293.8001,307.4591,309.4464,309.5581,308.4312,305.9614,309.3912,308.9124,310.2795,309.5814,309.2084,304.5832,292.0128,283.7236,287.8001,0.0000,289.6133,292.1341,289.6134,285.2486,285.5011,289.1541,287.5052,291.7801,327.1621,286.1923,291.3398,291.0010,291.5166,289.1768,293.6157,304.9771,283.9417,289.1769,296.0943,300.9549,322.5678,323.2503,329.2662,296.5896,306.6895,296.5896,300.3133,303.0652,287.2562,289.8347
39.0000,308.6778,285.7243,286.2584,285.1677,277.5173,290.4120,288.6679,321.1057,292.0889,326.1598,309.7283,323.3175,292.5353,297.2879,281.8160,282.0881,289.3751,287.4139,292.0043,282.0567,286.9298,284.4396,285.2866,285.7945,292.7137,296.4029,297.0391,300.4691,325.0433,285.3010,286.1619,286.5226,325.8042,311.7702,309.1277,316.1068,291.3592,304.2990,291.4639,309.7513,331.2489,308.7571,310.3762,333.1867,329.6141,296.5727,307.6195,306.4211,277.9846,312.1920,309.2988,306.4630,313.9019,304.2766,315.0812,309.2121,286.9584,311.6337,289.4773,301.6189,302.3231,302.7415,309.5279,310.0156,302.6833,302.4884,303.0574,309.7160,304.8306,306.2661,316.4066,307.9360,306.6678,302.3638,295.2408,280.6566,284.4666,325.7100,321.9275,303.3831,286.2667,287.7771,291.4639,291.6022,292.5387,293.1593,293.6457,293.0849,292.4458,320.7364,291.9280,291.0265,290.3130,285.7812,283.6988,310.2976,310.8755,300.1388,0.0000,309.0793,314.9124,292.4140,286.4135,310.6612,291.3106,291.1640,294.7634,300.8803,301.4570,286.1850,293.2903,314.9210,321.6241,295.4806,289.2497,286.7926,292.5859,310.5406,288.7931,309.0246,305.9924,292.2753,293.1418,284.0785,294.6026,295.1488,325.7101,296.3989,291.6420,291.6938,282.5761,278.4187,287.2705,315.5649,286.7817,297.1090,292.2933,293.1321,293.5133,298.6388,286.2630,287.7529,284.9580,284.0252,305.9223,283.0205,283.5448,280.9840,301.0609,302.1746,332.8742,332.8743,327.5053,285.9553,299.3011,276.5289,289.4564,285.2298,288.6309,287.7917,296.6578,0.0000,294.0678,285.1601,309.1775,309.3257,288.0514,287.6316,324.2316,295.6937,292.0353,308.3091,298.6237,292.5480,298.9686,340.9249,299.1913,319.1224,346.8352,359.8600,326.3303,317.0949,282.5878,310.4773,310.0192,306.1713,312.4542,304.0641,289.2757,295.9493,296.4116,334.8285,345.3240,293.7120,307.3209,309.3036,309.4169,308.3177,305.9223,309.2494,308.8630,310.2271,309.4393,309.0120,304.5576,291.9281,283.7037,287.7937,0.0000,289.9864,292.1220,289.9865,285.2541,285.5121,289.1200,287.6150,292.0835,327.0513,286.1633,291.5570,291.2591,291.7760,289.6380,293.6028,305.1155,284.0354,289.6381,295.9958,300.9549,322.5319,323.2064,329.0901,296.6578,306.5369,296.6578,300.3438,303.1602,287.1980,289.8877
40.0000,308.0171,285.7592,286.2843,285.0635,277.5352,290.5533,288.7599,321.1057,291.8391,325.8869,309.4984,323.0321,292.2335,297.2879,281.9123,282.1196,289.4521,287.5308,292.2753,282.0038,287.2591,285.5450,286.1824,285.9284,292.8087,296.3236,296.9149,300.4580,324.7852,285.3474,285.9511,286.2731,325.8082,311.0183,308.5534,315.8429,291.1274,304.1401,291.2897,309.0657,330.0483,308.5961,310.1386,331.9397,329.5830,296.6791,308.0501,306.8826,278.0721,312.1744,309.2826,306.3255,313.9863,304.4088,314.9196,309.0281,287.1261,311.5812,289.5745,301.8834,302.5495,302.9631,309.5329,310.0045,302.6833,302.6526,303.2088,309.9369,304.9734,306.3399,316.4364,308.0293,306.7568,302.5901,295.4896,280.9031,284.6346,325.4264,321.6671,303.2811,284.7328,287.9067,291.2324,291.3673,292.2905,292.9162,293.3957,292.8357,292.2076,320.4952,291.7434,290.8578,290.1496,285.7152,283.7422,310.0955,310.6725,300.2111,0.0000,308.8500,314.6598,292.2287,286.5359,309.9922,291.5712,291.3953,294.9893,301.0942,301.6783,286.1808,293.0590,314.9469,321.3661,295.1857,289.5259,287.6668,292.2827,310.0356,288.4658,308.8510,306.2786,292.0704,292.9336,284.2047,294.7305,295.0650,325.4353,296.6237,291.7587,291.8106,282.7855,278.4810,287.3637,315.3210,286.5571,297.0035,292.0707,292.8914,293.2581,298.7144,286.3685,287.8790,284.9536,284.0252,306.2248,283.0134,283.5912,281.0470,301.2523,302.3423,332.2460,332.2461,327.0389,285.8066,299.1898,276.6468,289.4227,285.2660,288.4710,287.4463,296.8841,0.0000,294.2708,285.0507,309.1642,309.3159,287.7082,287.2908,323.9566,295.5397,291.8499,308.3458,298.6237,292.8317,298.9705,339.4297,299.1852,317.9901,340.9023,358.4968,326.3049,316.8456,282.6141,310.4536,310.0064,306.2809,312.0164,304.1584,289.4011,295.9572,296.3350,332.3753,339.8255,293.8372,307.4559,309.7393,309.8492,308.6841,306.2248,309.6836,309.1081,310.4459,309.8724,309.5051,304.8381,291.7434,283.7470,287.4481,0.0000,290.1206,291.8722,290.1208,285.2343,285.4750,288.9813,287.7559,292.3250,326.8516,285.9525,291.8582,291.5318,292.0322,289.7670,293.4922,305.2587,284.1399,289.7671,296.0310,300.9549,322.2738,322.9482,329.0599,296.8841,306.6400,296.8841,300.5932,303.3224,286.9930,289.9948
41.0000,307.2088,284.9690,285.4518,284.9599,277.7040,290.4517,288.6696,321.1057,291.6382,325.4947,309.1874,322.5795,292.0787,297.2879,281.6379,281.9305,289.0593,287.0461,292.3839,281.6648,287.1729,285.7722,286.2796,285.7701,292.7063,296.2291,296.8187,300.3478,324.3355,284.5710,285.5013,285.7515,325.3555,310.1645,307.8472,315.4702,290.9228,303.8975,291.0602,308.2266,328.5748,308.2817,309.8604,330.4090,329.1043,296.4059,308.5352,307.4175,277.8752,312.2434,309.3132,305.8175,314.2644,304.5720,314.5281,308.4694,286.4438,311.5171,289.3000,302.3505,302.7671,303.2080,309.5489,310.0032,302.6833,302.8017,303.3565,310.3267,305.1101,306.3879,316.5724,308.1674,306.9605,302.8080,295.3655,279.8990,283.5931,324.9666,321.2545,303.0870,285.5521,287.4463,291.0284,291.1690,292.0850,292.7073,293.1898,292.6172,292.0031,320.2807,291.3437,290.6118,289.8452,285.3085,283.1245,309.7811,310.4330,300.0468,0.0000,308.5233,314.2965,291.9969,286.3077,309.2172,291.6822,291.4610,295.1457,301.2830,301.8842,286.1420,292.6257,315.0690,320.9551,294.7597,289.5023,288.0797,292.2433,309.4137,288.3206,308.3108,306.6102,291.8241,292.7201,283.3442,294.4871,294.9800,325.0335,296.8187,291.5076,291.5593,281.7745,278.3174,287.2632,315.0981,286.0992,296.9931,291.8636,292.6561,292.9981,298.4107,286.2394,287.7661,284.8278,284.0252,306.5576,282.9468,283.4499,280.8819,301.4063,302.4931,331.6809,331.6810,326.6260,285.2780,298.6600,276.1950,289.1068,284.9342,288.1820,287.3141,297.0842,0.0000,294.3843,284.9481,309.1963,309.3439,287.5725,287.1981,323.5226,295.0658,291.4499,308.3541,298.6237,292.9362,298.9709,338.5630,299.1251,316.9745,339.4067,357.3032,325.8600,316.6265,282.4471,310.4304,310.0065,306.4003,311.8698,304.2461,289.3360,295.8925,296.2419,331.0780,338.3461,293.7770,307.9104,310.2253,310.3327,309.1103,306.5576,310.1682,309.4739,310.8389,310.3587,310.0679,305.1495,291.3437,283.1294,287.3160,0.0000,289.8991,291.6708,289.8992,285.0755,285.2915,288.6186,287.1321,292.3308,326.3952,285.5028,291.9860,291.6533,292.1788,289.5582,293.3461,305.5435,283.7824,289.5583,295.9007,300.9549,321.8529,322.5175,328.5866,297.0842,307.0923,297.0842,300.8644,303.4755,286.6844,289.7300
42.0000,327.2332,285.0573,285.5242,285.0953,277.7040,291.6122,289.0713,323.5008,291.8113,327.8224,310.9812,324.6898,292.3255,297.4679,281.6787,281.9498,289.0600,287.0646,292.6461,281.7072,287.6246,285.4457,286.2587,286.0752,294.1697,297.8075,298.5589,301.3903,327.6529,284.6691,285.6435,285.9464,330.3950,326.4925,323.0399,317.3930,291.1023,308.4741,291.2748,328.2852,349.2976,310.3962,311.8339,351.1916,334.0879,295.8056,308.5843,307.5163,277.9913,312.1256,309.2080,304.7685,314.2327,304.4455,313.8122,307.3677,286.4886,311.2873,288.7234,301.9369,302.7653,303.2235,309.3915,309.8317,302.6833,302.7407,303.2781,310.2686,305.0065,306.1972,316.4703,308.0250,306.6520,302.8059,295.1097,279.9637,283.6538,328.2814,323.8911,305.9961,285.5521,287.4619,291.2075,291.3456,292.2518,292.8694,293.3621,292.7936,292.1717,322.5329,291.5288,290.8370,290.1072,285.4969,283.2685,311.9589,312.8704,301.0965,0.0000,310.1794,316.2436,292.2099,286.6267,322.7933,291.9167,291.6694,295.2421,301.2785,301.8859,286.1420,292.7847,314.9435,323.6331,294.9103,289.5554,287.8562,292.2911,317.5980,288.4829,307.2504,306.6124,292.0301,292.9225,283.4310,293.9606,295.1668,327.3264,296.8612,290.9726,291.0242,281.8334,278.4613,287.5465,317.4430,286.2277,297.1409,292.0394,292.8406,293.1804,297.7165,287.3176,288.8883,284.9643,284.0252,306.5574,282.9468,283.6159,281.0271,301.3823,302.4403,333.5979,333.5980,328.6821,285.4095,298.7286,276.5839,288.6479,284.7749,288.3992,287.4740,297.1268,0.0000,294.6738,285.0796,309.0933,309.2262,287.7351,287.3937,326.0208,295.1933,291.6339,308.3266,298.6237,293.2026,298.9695,337.9112,299.7747,333.3647,355.9304,358.7974,330.7336,318.9428,282.4636,310.2433,309.8401,306.3269,311.7518,304.1482,289.7470,296.8896,297.8023,347.5470,354.8610,295.2977,308.0793,310.2571,310.3643,309.1368,306.5574,310.2000,309.4294,310.7796,310.3885,310.1040,305.1694,291.5288,283.2734,287.4758,0.0000,289.9725,291.8440,289.9727,285.2343,285.4624,288.8357,287.1582,292.5229,330.2503,285.6450,292.3052,291.8962,292.4660,289.6304,293.5487,305.2026,283.8144,289.6304,297.8031,300.9549,324.6909,325.5110,333.5526,297.1268,307.2460,297.1268,300.9094,303.4005,286.8169,289.1727
43.0000,325.6542,284.8622,285.2979,285.0429,277.8017,291.3985,288.9143,323.0099,291.7009,327.6375,310.9370,324.5836,292.0978,297.2879,281.4568,281.7678,288.8565,286.8742,292.5367,281.2701,287.4897,285.3549,286.1658,285.9573,293.9508,297.6036,298.3499,301.2148,327.7166,284.4942,285.4842,285.7197,330.5228,324.9154,321.6562,317.2383,290.9801,307.9360,291.1383,326.6594,346.7107,309.9441,311.8597,348.5181,334.1429,296.4092,308.2466,307.2439,277.8605,311.7894,308.8796,306.2516,314.1043,304.0756,314.0683,308.6743,286.3394,310.6443,289.2706,301.2731,302.3863,302.8609,308.8523,309.2424,302.6833,302.4292,302.9464,309.8587,304.4659,305.5274,316.1675,307.3988,306.1114,302.4268,295.2417,279.8990,283.5576,328.3189,323.8420,305.6021,285.5521,287.2691,291.0840,291.2188,292.1455,292.7608,293.2015,292.6498,292.0538,321.9862,291.3195,290.7072,289.9946,285.3914,283.1783,311.4313,312.4305,301.0484,0.0000,310.1028,316.1307,292.0305,286.4891,321.3305,291.7825,291.5211,294.9371,300.9244,301.5139,286.1195,292.5361,314.6280,323.5969,294.6287,289.3663,287.6485,291.7678,316.3544,288.5230,308.5403,306.2308,291.8916,292.8118,283.3202,294.4461,294.9763,327.1540,296.4873,291.4629,291.5147,281.7677,278.3380,287.5465,316.9583,286.0479,296.8298,291.8957,292.6906,293.0229,298.3975,287.0357,288.6466,284.8915,284.0252,306.1765,282.9082,283.4969,280.9028,301.0692,302.1286,332.2514,332.2515,327.6953,285.2466,298.2362,276.6022,287.8621,284.3015,288.3041,287.4493,296.7430,0.0000,294.5472,285.0286,308.7690,308.8956,287.6996,287.3904,325.9043,294.8408,291.4218,308.1586,298.6237,293.0795,298.9608,336.1626,299.5924,331.4161,355.9568,355.9610,330.8771,318.4414,282.3052,309.6670,309.3233,305.8600,311.1582,303.8787,289.5797,296.6901,297.5983,345.2594,354.5797,295.0929,307.8095,309.9052,310.0108,308.7533,306.1765,309.8481,309.0157,310.3671,310.0351,309.7581,304.8058,291.3195,283.1831,287.4513,0.0000,289.8610,291.7325,289.8612,285.1459,285.3673,288.7039,286.9875,292.3772,330.3514,285.4859,292.2898,291.7672,292.3739,289.5733,293.3964,304.6240,283.6049,289.5734,297.5310,300.9549,324.6788,325.5264,333.6218,296.7430,307.0143,296.7430,300.3838,303.0844,286.4790,289.6964
44.0000,323.0118,284.6570,285.0600,284.9502,277.9441,291.0404,288.6467,321.1057,291.4114,325.2795,309.4367,322.3405,291.6774,297.2879,282.3753,281.7719,291.5504,290.0937,292.6406,280.7534,287.3509,285.3510,286.1321,285.8681,293.5499,297.1994,297.9463,300.7210,325.3676,284.3131,285.2659,285.5002,328.0299,322.2938,319.3380,315.4298,290.6825,306.8529,290.8234,323.9334,342.2760,308.2960,310.3156,343.9290,331.5019,295.7968,307.7587,306.7997,278.0692,311.3469,308.5199,305.6453,313.8584,303.5598,313.1322,307.8345,288.4432,309.9737,288.7299,300.1331,301.9883,302.4569,308.2963,308.6550,302.6833,302.0365,302.5305,309.3527,303.9181,304.8803,315.6987,306.7220,305.2594,302.0284,294.9108,279.8990,283.4137,325.9245,321.7043,304.6337,285.5521,290.4556,290.7857,290.9355,291.8527,292.4615,292.8529,292.3075,291.7609,320.0336,290.8894,290.3843,289.6830,285.1781,283.0423,309.8093,310.8744,300.3724,0.0000,308.6583,314.3820,291.6773,286.3957,318.9410,291.6808,291.4216,294.6950,300.5506,301.1301,286.0867,292.0535,314.1373,321.4702,294.0355,289.0265,287.4520,291.0873,314.4117,288.4310,307.6592,305.7697,291.5368,292.4235,283.1971,293.9035,294.7890,324.8144,296.1785,290.9339,290.9855,281.7095,278.4065,287.5465,315.2207,285.8002,296.4685,291.5945,292.3279,292.6268,297.6335,286.5713,288.2451,284.8105,284.0252,305.7222,282.8520,283.4675,280.9721,300.7018,301.7425,329.3724,329.3724,325.2087,285.0373,297.5941,277.2317,288.0408,284.9065,288.0686,287.3122,296.4345,0.0000,294.6043,284.9358,308.4124,308.5056,287.5498,287.2750,323.6369,294.2843,290.9870,307.9311,298.6237,293.1754,298.9490,333.4217,299.3183,328.2084,350.5196,351.2624,328.3885,316.6423,282.3038,309.0710,308.7768,305.3893,310.2622,303.5378,289.2958,296.3114,297.1962,340.7156,349.2539,294.7110,307.2805,309.4034,309.5058,308.2533,305.7222,309.3470,308.5024,309.8551,309.5306,309.2535,304.3749,290.8894,283.0471,287.3145,0.0000,291.7538,291.4413,291.7538,285.0449,285.2624,288.4023,289.5644,293.0266,327.9180,285.2677,292.4444,291.6671,292.5104,291.4613,293.1955,303.6832,285.4311,291.4613,296.9582,300.9549,322.4942,323.2951,331.0051,296.4345,306.4804,296.4345,300.0794,302.6837,286.0586,289.1655
45.0000,320.6199,284.6048,284.9791,284.9053,278.3870,290.9618,288.7442,321.1887,291.0329,323.4824,308.1130,320.5935,290.0909,296.4170,283.0095,281.9716,292.8100,291.4031,294.1417,281.4384,287.5652,286.4824,286.8337,286.0165,293.3601,296.7430,297.4145,299.8500,321.7956,284.2849,285.1051,285.4129,322.5578,319.7720,317.2162,313.8036,290.3007,305.9757,290.4701,321.4732,338.4273,307.1051,309.0380,339.9549,325.8897,296.8448,310.8373,309.9175,278.5897,312.3408,309.3264,306.7855,314.5712,305.6667,314.0014,308.6515,289.3024,311.0929,289.7788,301.5765,304.8840,305.3635,309.7278,310.0435,302.9257,304.3201,304.7040,312.2827,306.7112,307.5806,317.1101,309.5233,307.0989,304.9249,296.0464,279.8990,283.2784,322.3064,319.1300,303.8513,284.6812,291.9320,290.4017,290.5685,291.4554,292.0431,292.4098,291.8902,291.3647,319.3667,290.5728,290.0632,289.4011,285.1107,282.9969,308.7453,309.9931,299.6060,0.0000,307.3375,312.7102,291.3056,286.5285,316.5804,293.2175,292.9316,297.6359,303.4017,304.0418,285.9848,291.6837,315.6099,318.8280,293.6250,289.3127,289.2756,297.7314,312.3589,288.2702,308.4328,308.7357,291.1550,291.9924,283.1763,294.9400,294.1113,323.0252,299.7723,291.9649,292.0167,281.6453,278.9070,287.5465,314.4549,285.6102,295.6295,291.2080,291.9106,292.1986,298.5865,286.4129,288.1337,284.9459,284.0252,308.6965,282.7027,283.9674,281.4772,303.1450,304.0548,328.5626,328.5627,324.4348,284.9086,296.8002,278.1593,287.8882,285.2156,287.8793,287.1017,300.0301,0.0000,296.0792,284.8866,309.2320,309.4079,287.2860,286.7991,321.4002,293.7715,290.6634,308.3660,298.6237,294.6680,298.9715,330.7358,298.4410,325.2288,345.5882,348.4928,323.0792,315.9095,282.4591,310.3020,310.0149,307.5384,309.2867,305.0069,289.4434,296.1562,296.7493,336.7460,344.4362,294.5395,310.2591,312.4922,312.5964,311.3330,308.6965,312.4346,311.4327,312.7900,312.6212,312.3491,307.3316,290.5728,283.0017,287.1042,0.0000,293.0798,291.0615,293.0798,285.2103,285.4142,288.1778,290.6050,294.4369,323.6784,285.1069,293.9413,293.2059,294.0099,292.7931,292.6535,305.4007,286.3311,292.7932,296.5886,300.9549,319.6212,320.1850,325.4414,300.0301,309.4600,300.0301,303.7009,304.9745,287.0959,290.2194
46.0000,317.2313,283.1020,283.4148,283.7792,278.4564,289.2755,287.2645,317.7268,289.3392,319.9843,305.5501,317.2653,288.1514,295.5848,281.3969,280.7890,290.9292,289.6136,292.6869,279.8475,285.8895,284.1694,284.7248,284.5595,291.6701,295.1947,295.8488,298.4729,318.3176,282.8084,283.6045,283.8766,318.9641,316.4689,314.0938,310.9013,288.6201,303.8221,288.8941,318.0191,333.6482,304.3636,306.4645,335.0561,322.1671,294.8642,309.5122,308.6498,277.1606,311.5766,308.7113,304.4764,313.9188,304.3471,311.9569,306.0908,287.6334,310.0498,287.8210,299.9131,303.5790,304.0601,308.6904,308.9874,302.6833,303.0486,303.4401,310.8574,305.2529,306.0132,316.1422,308.0266,305.5686,303.6197,294.4138,278.5808,281.7054,318.7785,315.8737,301.8094,283.7348,290.0872,288.7166,288.8807,289.7276,290.2791,290.6454,290.1631,289.6333,316.1279,288.8253,288.4943,287.8215,283.6192,281.5687,305.9834,307.3098,298.1838,0.0000,304.7995,309.8651,289.6375,285.0494,313.4092,291.8358,291.5553,296.3346,302.1004,302.7389,285.8379,289.8781,314.6043,315.5819,291.7106,287.8173,286.8608,297.8297,309.4257,286.7890,305.8720,307.3922,289.4968,290.2698,281.7430,293.0441,292.9296,319.5542,298.5009,290.0635,290.1150,280.1888,277.5241,286.2437,311.5085,284.0823,294.3944,289.5108,290.1957,290.4818,296.5050,284.6796,286.4331,283.7016,283.1609,307.3585,281.9058,282.5928,280.0816,301.8461,302.7812,324.6339,324.6340,320.8024,283.4138,294.5196,276.8053,285.7277,283.3496,286.3666,285.6760,298.7632,0.0000,294.6145,283.7670,308.6145,308.7116,285.8381,285.3089,318.0215,291.7449,288.9108,308.1973,298.6237,293.2073,298.9628,328.2101,297.3065,321.5305,340.3503,342.6978,319.4819,312.8770,281.4290,309.2971,309.0503,306.3576,308.4003,304.0050,287.9248,294.6073,295.2010,332.2158,339.2943,292.8405,308.9288,311.1429,311.2484,310.0012,307.3585,311.0858,310.0107,311.3624,311.2727,310.9942,306.0156,288.8254,281.5735,285.6784,0.0000,291.3045,289.3667,291.3045,283.8820,284.0470,286.5990,288.8595,292.8397,320.1079,283.6064,292.4708,291.8263,292.5447,291.0140,291.3475,303.8292,284.6488,291.0141,294.7914,300.9549,316.3145,316.8308,321.7388,298.7632,308.1428,298.7632,302.4980,303.7045,285.7670,288.2819
47.0000,311.6740,279.7529,280.0331,280.4571,275.5225,285.4562,283.6617,312.5185,285.5628,314.3930,300.9630,311.8668,283.9451,290.9715,278.8149,277.9736,288.0842,286.8036,290.0135,276.4576,282.3423,280.2131,280.8650,281.2726,287.7371,291.2887,291.9096,294.1574,312.7485,279.4860,280.1487,280.4480,313.2493,310.9914,308.7860,305.9901,284.8482,299.3593,285.1648,312.3987,326.7549,299.8579,301.8378,328.0479,316.2851,291.7743,307.3330,306.5094,274.7541,310.4586,307.8026,300.8667,313.2045,302.1893,309.3604,302.3807,284.7176,308.5688,284.7973,297.4097,301.2805,301.7611,307.1484,307.4499,302.6833,300.8723,301.3331,308.5943,302.8688,303.5626,314.6468,305.6652,303.2455,301.3209,291.7617,275.5646,278.6484,313.1595,310.5431,297.4392,280.3216,287.3368,284.9404,285.1178,285.9296,286.4526,286.8115,286.3552,285.8344,311.2650,285.1872,284.8212,284.2387,280.2681,278.3371,301.5843,302.7960,294.4947,0.0000,300.2340,304.9936,285.8538,281.7868,308.0334,289.1983,288.9117,293.8720,299.7894,300.4287,282.4244,286.1813,313.0343,310.2669,287.9622,284.2137,282.9615,297.0447,304.2169,283.2378,302.2337,305.1270,285.7478,286.4564,278.5212,290.0854,288.6757,313.9937,296.1141,287.1120,287.1630,277.1493,275.5445,282.3835,306.8264,280.5923,289.9797,285.7167,286.3957,286.6703,293.3164,280.8371,282.6160,280.7008,280.1660,305.1032,278.6847,280.0570,277.6466,299.5692,300.5903,320.5645,320.5645,316.3347,279.9903,290.3626,274.7034,282.5375,280.5216,282.9042,282.1870,296.3714,0.0000,291.8726,280.4437,307.6984,307.6804,282.3203,281.7188,312.5866,287.8678,285.2659,307.7005,298.6237,290.5346,298.9370,326.1325,292.8437,315.8766,334.2572,336.9983,313.7554,308.1408,278.5270,307.8362,307.6368,304.4501,307.6517,302.5114,284.2948,290.8017,291.2993,326.1478,333.1713,288.8824,306.5929,308.9493,309.0555,307.7996,305.1032,308.8917,307.7233,309.0957,309.0805,308.7821,303.7456,285.1872,278.3419,282.1893,0.0000,288.5106,285.5891,288.5106,280.9025,281.0686,283.0788,285.9739,290.1035,314.4246,280.1507,289.7871,289.1899,289.8572,288.2269,287.2960,301.4505,281.9769,288.2270,290.7250,300.9549,310.9330,311.3957,315.8816,296.3714,305.7740,296.3714,300.0351,301.5205,282.6616,285.2799
48.0000,314.5091,278.9771,279.2070,280.5380,275.8634,289.4894,287.5929,311.9946,285.0252,313.3966,300.5137,310.9190,283.6238,292.0797,278.5217,277.7656,287.2581,286.0250,289.4789,275.6961,283.9652,282.1107,282.6930,282.0490,292.6866,296.3063,296.9541,295.4285,311.6500,278.7326,279.6055,279.8610,312.0581,313.8895,311.7430,305.3067,284.3324,302.4964,284.7384,315.2026,328.9289,300.2151,301.4777,330.1648,314.9722,290.9360,306.3813,305.5301,274.7362,310.1201,307.5193,299.3928,312.9613,301.6060,308.2143,300.7724,283.8478,308.0387,283.9312,296.5813,300.6752,301.1473,306.6424,306.9292,302.6833,300.3309,300.7933,307.8513,302.2829,303.0160,314.2250,305.0184,302.4809,300.7156,291.2740,274.6190,277.5291,312.0260,309.6056,299.9183,280.8109,286.5116,284.4241,284.6548,285.3182,285.7804,286.2206,285.7864,285.2547,311.0932,284.5448,284.3650,283.7675,279.7138,277.6455,302.2169,303.6926,295.7790,0.0000,299.7250,304.3307,285.3725,282.5055,311.1972,288.7369,288.4514,293.3680,299.2175,299.8402,282.0425,285.5022,312.5829,309.3382,287.2221,288.0485,285.0864,296.4289,307.9234,282.9053,300.6367,304.3820,285.2317,285.9411,277.6836,289.3125,289.0676,313.0051,295.5897,286.3119,286.3628,276.1364,275.5445,292.7057,307.2407,280.0254,290.2807,285.2082,285.8322,286.0919,292.4276,284.7633,286.5912,280.6156,280.0808,304.3458,278.6847,279.8893,277.5517,299.0199,300.0491,319.9299,319.9299,315.8917,279.3965,289.4163,274.9831,281.7046,280.0185,282.4738,281.9064,295.8497,0.0000,291.2673,280.5096,307.4140,307.3514,282.0338,281.5131,311.6234,287.0573,284.6185,307.5128,298.6237,289.9721,298.9272,324.1804,294.0403,318.8956,338.1857,335.1933,312.5619,308.3889,278.2935,307.3362,307.1636,303.9000,306.9180,302.0959,288.1930,295.3026,296.3009,329.7977,337.0438,293.8669,305.9398,307.9956,308.0961,306.9246,304.3458,307.9401,306.9549,308.3515,308.1225,307.8697,303.0344,284.5448,277.6502,281.9087,0.0000,287.7747,285.0504,287.7748,280.7367,280.8448,282.5424,285.1228,289.4815,313.2622,279.6077,289.2330,288.7286,289.3138,287.4996,287.4277,300.6662,281.4927,287.4997,294.9204,300.9549,309.9603,310.3844,314.5878,295.8497,305.1331,295.8497,299.5515,300.9794,282.0759,284.4393
