"ETAPA \ BARRA","AGUAYTIA 220","BALNEARIO 220","BALNEARIOS 60 A","CALLAHUANCA 220","CALLAHUANCA 60","CARHUAMAYO 220","CARHUAMAYO NUEVA 138","CARHUAQUERO 220","CHAVARRIA 220 A","CHICLAYO OESTE 220","CHIMBOTE 220","GUADALUPE 220","HUACHIPA 60","HUACHO 220","HUANCAVELICA 220","HUAYUCACHI 220","ICA 220","INDEPENDENCIA 220","MARCONA220","MOYOPAMPA 60","OROYA NUEVA 220","OROYA NUEVA 138","OROYA NUEVA 50","PACHACHACA 220","PARAGSHA2 220","PARAGSHA 138","PARAGSHA 50","PARAMONGA NUEVA 220","PIURA OESTE 220","SAN JUAN 220","SANTA ROSA 220 A","SANTA ROSA EDS 60","TALARA 220","TINGO MARIA 138","TINGO MARIA 220","TRUJILLO 220","VENTANILLA 220","VIZCARRA 220","ZAPALLAL 220","AGUAYTIA 138","PUCALLPA 138","HUALLANCA 138","CHIMBOTE 138","PUCALLPA 60","ZORRITOS 220","ABANCAY NUEVA 138","ARICOTA138","ARICOTA II 66","CAMPO ARMINO 220","AYAVIRI138","AZANGARO 138","CACHIMAYO 138","CALLALLI 138","CERRO VERDE 138","COMBAPATA 138","DOLORESPATA 138","DESIERTO220","JULIACA 138","MACHUPICCHU 138","MOLLENDO 138","MOQUEGUA 220","MOQUEGUA 138","PUNO 220","PUNO 138","SANTUARIO 138","SOCABAYA 220","SOCABAYA 138","ILO 138","LOS HEROES 220 A","LOS HEROES 66","TINTAYA 138","TOMASIRI 66","REPARTICION 138","ILO2 220","COTARUSE 220","CHILCA REP 220","CANTERA 220","PIURA OESTE 60","LA NINA 220","CONOCOCHA 220","HUINCO 220","INDEPENDENCIA 60","CHILLON 220","CHILLON 60","CHAVARRIA 60 A","CHAVARRIA 60 B","BARSI 60","BARSI 220","OQUENDO 60","CAJAMARCA 220","PLANICIE 220 A","CARABAYLLO 220","CARABAYLLO 500","CHILCA CTM 500","CHILCA CTM 220 A","KIMAN AYLLU 138","KIMAN AYLLU 220","PARAMONGA EXISTENTE 138","MACHALA 200","CHIMBOTE 500","TRUJILLO 500","HUARANGAL 60","POMACOCHA 220","PIEDRA BLANCA 138","POROMA 220","POROMA500","OCONA 500","MONTALVO 500","MONTALVO 220","HUANZA 220","INDUSTRIALES 220 A","TINTAYA 220","LA NINA 500","INDUSTRIALES 60","CARHUAMAYO 50","CARIPA138","HUAMPANI 60","HUANUCO 138","REFINERIA ZINC 220","QUENCORO 138","ILO 3 220","MIRADOR 220","MIRADOR 60","ALTO PRADERA 220","ABANCAY NUEVA 220","LOMERA 220","REQUE 220","SAN JOSE 500","SANTA TERESA 220","SURIRAY 220","ASIA 220","CERRO DEL AGUILA 220","CHAGLLA 220","RAMADA 220","SANTA ROSA LDS 60","LOMERA 60","ZAPALLAL 60","MALVINAS 220","MALVINAS 60","ABANCAY 138","YAUPI 138","SANTA ISABEL 220","YANANGO 220","CHIMAY 220","ILO3 138","MATUCANA 220","COLCABAMBA 500","COLCABAMBA 220","YARABAMBA 500","YARABAMBA 220","BELAUNDE 220","BELAUNDE 138","CACLIC 220","INDUSTRIALES 220B","PLANICIE60","COBRIZAI 69","MOLLEPATA 60","MOLLEPATA220","CARAPONGO 500","CARAPONGO 220 A","SAN JOSE 220","MARCONA 60 A","SAN NICOLAS 60","CALLAHUANCA EDN 220","PUMIRI138","PUMIRI220","SAN MIGUEL 220","SAN MIGUEL 60","FELAM 220","MANCHAY 60","MANCHAY 220","SAN RAFAEL 138","SAN GABAN 138","MARCONA 60 B","ANGEL 138","PTO MALDONADO 138","MEDIO MUNDO 220","AUCAYACU 138","BELLAVISTA 138","TARAPOTO 138","PARINAS 220","PAMPA HONDA 220","ORCOTUNA 220","SAN ROMAN 138","SAN ROMAN 220","CHILOTA 220","MAZUCO 138","JESUS 138","CARHUAMAYO 138","CINCO MANANTIALES 138","OXIDOS CERRO 138","TOCACHE 138","JUANJUI 138","FRANCOISE 220","BOTIFLACA 138","MILL SITE 138","PLAZA TOQUEPALA 138","QUEBRADA HONDA 138","PANAMERICANA SOLAR 138","TOQUEPALA 138","ILO ELS 138","REFINERIA 138","LIXIVIACION 138","PUSHBACK 138","INTIPAMPA 138","PLANICIE 220 B","CHILCA CTM 220 B","CARAPONGO 220 B","CHILCA 1 220","DERIVACION 220","CHAVARRIA 220 B","DERIVACION 220  BARRA II","CAMPAS 220","CAMPAS 500","PLANICIE 500","NUEVA CHINCHA 220","CAHUACHI 220","VALLE DEL CHIRA 220","SANTA ROSA 220 B","ERSUR 220","FLAMENCO220","BARRA3HERMANAS","BARRAPTALOMITAS","PUERTO CHANCAY 220","CHAPARRAL 138","CHIRIBAMBA 220","BARRAPTALOMITAS2","YSHCAYUCRO 220","PAQUILLUSI 220","MIGUEL GRAU 500","MIGUEL GRAU 220","ALIPIO ROSALES 220","SUNNY","CUAJONE 138","SAN MARTIN 220","SAN LUIS 220","CERRO VERDE 220","PORTILLO 60","SURIRAY138"
1.0000,291.3916,259.5186,259.7248,261.2644,256.2865,270.5789,268.4263,292.3766,264.9971,294.7540,281.4555,292.7422,263.4385,271.7025,262.4898,260.4926,270.4140,269.4664,273.6404,256.3841,265.1884,262.3025,263.5680,263.4108,273.4453,276.5960,277.2787,275.3009,294.2800,259.3111,260.6095,260.8773,297.5664,289.9284,289.1021,286.3824,264.3589,282.2917,265.0067,291.9621,303.2296,280.8095,282.3812,304.2436,299.9436,274.6920,291.5434,290.7827,258.8956,292.9980,290.1880,282.6774,295.5917,286.9934,291.3973,283.9646,266.5153,291.2865,267.9432,294.3957,285.7872,286.2310,290.1874,290.4606,287.0700,285.0747,285.5869,292.5734,287.2377,287.8523,297.5950,290.0286,290.3248,285.8299,275.1230,255.2874,263.0637,294.5641,291.5229,280.0429,259.0239,270.2510,264.4363,264.5959,265.2487,265.6517,266.0972,265.7008,265.1562,291.6636,264.9996,264.7434,264.3595,260.5421,258.3636,282.8179,284.2918,275.5394,0.0000,280.7416,285.3502,265.4829,263.6451,287.8626,272.7528,272.3592,278.7632,284.4265,285.0195,262.1341,265.8135,296.0761,291.2123,267.3618,268.4621,263.1611,272.2918,285.6010,263.1978,283.8543,289.3964,265.3886,266.0174,258.2322,273.1252,268.9107,294.4367,281.6401,270.2252,270.2745,258.4254,260.8193,273.4514,287.8305,260.9725,269.8257,265.1376,265.7815,265.9556,276.0765,267.1407,268.4499,263.0570,263.0588,289.3832,259.5078,263.6342,261.5911,283.8894,284.8118,301.7591,303.3962,297.0732,260.2966,269.4445,258.7681,265.8327,264.0208,263.2584,262.3066,281.9982,0.0000,275.4424,261.2211,290.1339,290.3355,262.3999,261.8796,293.3114,267.3545,265.0627,289.6428,281.2582,274.1273,281.5625,303.9782,273.7894,294.7702,316.4488,316.6228,297.6488,288.9743,260.5958,290.7027,290.5062,288.1893,288.6277,286.6738,268.8644,275.8231,276.5954,305.5023,314.9222,274.4904,290.6596,293.0646,293.1670,292.0010,289.3832,293.0099,291.6976,293.0551,293.1903,292.8819,288.1213,264.9996,258.3702,262.3081,0.0000,269.9406,265.0200,269.9406,263.1715,263.2507,263.1612,268.3143,273.1749,296.4693,260.6104,273.0376,272.7464,273.0609,268.7273,267.4611,291.5699,265.2529,268.7258,275.4838,283.5932,292.0234,292.6681,299.5775,281.9982,289.9566,281.9982,285.6395,285.6707,261.8698,268.4382
2.0000,289.9850,258.5395,258.6992,260.8707,256.8531,270.1543,268.0663,290.3481,263.9998,292.5892,279.8232,290.6878,262.4612,270.4658,261.6996,259.8659,269.6298,268.6302,272.8014,255.3832,264.5985,261.6703,262.9609,262.7911,272.9039,276.1236,276.7996,274.0206,292.1240,258.3471,259.7344,259.9553,295.3309,288.5394,287.7720,284.5673,263.3525,281.2603,263.9984,290.5346,301.3829,279.2112,280.7263,302.3591,297.6372,273.7197,290.4810,289.7385,258.1324,292.4359,289.7574,281.5246,294.6164,285.9240,290.3911,282.7796,265.5974,290.6118,266.9694,293.1766,284.7901,285.2339,289.4766,289.7469,285.9784,284.0591,284.5434,291.6022,286.1794,286.7553,296.8052,288.8074,289.1774,284.8326,274.2162,254.3449,262.1446,292.3814,289.5014,278.9084,259.0239,269.4214,263.4273,263.5978,264.2426,264.6302,265.0480,264.6683,264.1440,289.7772,263.8975,263.7542,263.3883,259.6098,257.4307,281.2585,282.7442,274.2673,0.0000,279.1352,283.5719,264.4313,262.9733,286.5946,271.8651,271.4663,277.8066,283.4301,284.0241,262.0036,264.6774,295.2868,289.1984,266.1321,268.1026,262.4346,271.8681,284.5445,262.4136,282.7008,288.3751,264.3628,264.9465,257.2682,272.1712,267.7091,292.2895,280.6553,269.2689,269.3180,257.4892,260.0149,272.9071,286.1343,260.0810,268.3554,264.1129,264.7422,264.9061,275.1082,267.2506,268.3600,262.2368,262.2386,288.3623,259.5033,262.7963,260.7845,282.8926,283.7990,299.4580,301.0048,294.9601,259.4000,268.0508,257.9708,264.9953,263.2027,262.3466,261.5770,281.0082,0.0000,274.5839,260.8318,289.6997,289.8410,261.6583,261.1347,291.2224,266.0832,263.9570,289.5488,281.2582,273.2822,281.5576,303.1104,272.5208,293.1834,313.6922,313.6558,295.4066,287.2252,260.0429,290.0333,289.8504,287.3334,288.3510,285.5791,268.4853,275.3937,276.1242,303.4687,312.2755,273.9421,289.6148,291.9939,292.0978,290.9541,288.3623,291.9398,290.6938,292.0825,292.1206,291.8097,287.1039,263.8975,257.4374,261.5785,0.0000,269.3866,264.0216,269.3866,262.3317,262.3944,262.1820,267.4299,272.4150,294.2453,259.7354,272.2241,271.8598,272.2622,268.3459,266.3694,290.4005,264.4445,268.3442,274.7603,283.5932,289.9726,290.5858,297.2814,281.0082,288.9117,281.0082,284.6127,284.6437,261.0153,267.4695
3.0000,289.5194,258.2369,258.3833,260.7562,257.0137,270.0428,267.9738,290.0320,263.7049,292.2971,279.5496,290.4226,261.6062,270.1912,261.6298,259.7783,269.7480,268.6425,272.8099,255.0610,264.4601,261.5410,262.8342,262.6471,272.7584,275.9436,276.6162,273.7618,291.9267,258.0513,259.4648,259.6800,295.0456,288.1141,287.3625,284.2678,263.0600,281.0132,263.7268,290.0551,300.6279,278.9753,280.4505,301.5792,297.3458,273.5239,290.4387,289.6942,258.0433,292.3991,289.7540,281.3412,294.5967,285.8622,290.2427,282.5830,265.5131,290.5849,266.8051,293.0680,284.7347,285.1794,289.4416,289.7078,285.9768,283.9981,284.4842,291.5519,286.1308,286.7104,296.7605,288.7778,289.1147,284.7770,274.1042,254.0707,262.0140,292.2161,289.2604,278.6708,259.0711,269.4572,263.1338,263.3053,263.9374,264.3145,264.7294,264.3629,263.8381,289.4662,263.6104,263.4898,263.1373,259.3659,257.1751,281.0139,282.4883,274.0099,0.0000,278.8595,283.2880,264.1418,262.8123,286.1802,271.7995,271.3893,277.7409,283.3717,283.9674,261.9666,264.3768,295.2419,288.9595,265.8234,267.9802,262.2517,271.6448,284.1575,262.1819,282.5160,288.3251,264.0791,264.6616,256.9774,272.0014,267.4521,292.0017,280.5945,269.1068,269.1559,257.2635,259.8984,272.7627,285.8616,259.8044,268.1611,263.8154,264.4414,264.6072,274.8675,267.2743,268.3406,262.0631,262.0648,288.3120,259.4957,262.6594,260.6674,282.8316,283.7379,299.0140,300.5505,294.5769,259.1241,267.5722,258.2327,264.6877,263.0706,262.1110,261.3614,280.9478,0.0000,274.5722,260.7179,289.6944,289.8225,261.4186,260.8041,290.9598,265.7192,263.6674,289.5777,281.2582,273.2881,281.5591,302.8614,272.2567,292.7331,313.0606,313.0137,295.1126,286.9438,259.9628,290.0038,289.8204,287.2899,288.2564,285.5349,268.3816,275.2507,275.9451,302.9773,311.6589,273.7968,289.5800,291.9536,292.0566,290.9189,288.3120,291.8993,290.6354,292.0322,292.0796,291.7787,287.0533,263.6104,257.1817,261.3630,0.0000,269.7001,263.7263,269.7000,262.1549,262.2145,261.9227,267.3679,272.5251,293.9570,259.4658,272.2776,271.7951,272.3406,268.8144,266.0967,290.3239,264.4071,268.8124,274.5865,283.5932,289.7440,290.3683,296.9895,280.9478,288.8685,280.9478,284.5546,284.5833,260.6262,267.3069
4.0000,288.1222,256.8571,256.9833,259.5482,256.0708,269.4937,267.4566,288.3298,262.2590,290.5023,277.9402,288.6622,260.0998,268.7230,260.4920,258.6864,268.5986,267.4515,271.8417,253.6604,263.5149,260.7029,261.9428,261.5763,272.1177,275.3113,275.9677,272.3407,290.2237,256.6825,258.0862,258.2831,293.3038,286.7465,286.0501,282.6048,261.6204,279.9839,262.3173,288.6379,298.8091,277.6110,278.8048,299.7242,295.5415,272.4822,289.2927,288.5301,256.9325,292.0792,289.4554,280.1919,294.4523,285.0739,289.3832,281.4269,264.2903,290.0672,265.7643,292.1749,283.8269,284.2562,288.8837,289.1518,285.9768,283.1815,283.6957,290.5212,285.2366,285.8499,296.3287,287.9637,288.2955,283.8696,273.1361,252.7545,260.7299,290.5104,287.5636,277.5381,257.7375,268.2364,261.6925,261.8715,262.4843,262.8512,263.2550,262.9011,262.3879,287.8774,262.1907,262.0976,261.7601,258.0442,255.8569,279.7150,281.1383,272.6093,0.0000,277.2638,281.6409,262.6826,261.7369,284.8934,270.7782,270.3560,276.8035,282.4782,283.0645,261.0446,262.9354,294.7685,287.2688,264.3516,267.4302,261.5304,270.5375,283.0326,260.8189,281.3814,287.3156,262.6464,263.2061,255.6215,270.9866,265.9652,290.2123,279.6991,268.0906,268.1395,255.9602,258.7626,272.1207,284.4190,258.4148,266.4948,262.3620,262.9828,263.1416,273.8248,267.4223,268.2196,260.8571,260.8588,287.2993,258.2913,261.5001,259.5285,281.9641,282.9144,297.1879,298.6720,292.8630,257.7479,265.9859,256.9516,263.5623,261.9133,260.7627,260.0174,280.0523,0.0000,273.5617,259.5067,289.3929,289.4837,260.0678,259.4473,289.2267,264.2173,262.2448,289.5332,281.2582,272.3106,281.5568,302.1763,270.8082,291.2734,311.0472,310.8422,293.3747,285.4636,258.8967,289.4857,289.3215,286.5561,288.0371,284.9857,267.8470,274.6897,275.3145,301.3429,309.7032,273.1908,288.5384,290.7960,290.9024,289.8394,287.2993,290.7433,289.5921,290.9822,290.9246,290.5233,286.0656,262.1908,255.8635,260.0190,0.0000,268.7472,262.2799,268.7472,260.9346,260.9791,260.5539,266.1572,271.5597,292.2560,258.0873,271.3655,270.7743,271.4149,267.9593,264.6657,289.4821,263.2483,267.9573,273.7946,283.5932,288.0495,288.6728,295.1958,280.0523,287.8296,280.0523,283.7007,283.7646,259.2616,266.2712
5.0000,287.3281,255.3555,255.4696,258.2204,254.9671,268.8986,266.8489,286.8206,260.6443,289.0034,276.4623,287.1908,258.4333,267.2845,259.1176,257.3669,266.8706,265.8605,270.4089,252.0567,262.4486,259.6706,260.8836,260.3720,271.4401,274.6204,275.2778,270.9900,288.9048,255.1871,256.5652,256.7557,292.0610,286.1149,285.3092,281.1045,260.0111,279.0431,260.7460,287.8299,297.7240,276.1643,277.3402,298.6140,294.2723,271.0271,287.7214,286.9659,255.7011,291.3593,288.9059,278.6820,293.6605,283.6456,288.0848,279.8991,262.7152,289.2441,264.3469,290.7928,282.3414,282.7641,287.9587,288.2339,285.4395,281.7228,282.2696,288.9821,283.7210,284.3228,295.3058,286.3933,286.8720,282.3841,271.7767,251.2827,259.2342,289.2082,286.1486,276.4503,256.1199,266.6716,260.0805,260.2459,260.8587,261.2118,261.6267,261.2781,260.7540,286.3993,260.6201,260.5356,260.2294,256.5462,254.3704,278.2932,279.7780,271.2747,0.0000,275.7755,280.1567,261.0884,260.5215,284.2422,269.3306,268.9089,275.3147,280.9903,281.5782,259.5549,261.3446,293.7293,285.8633,262.7259,266.8047,260.6331,269.0565,282.3202,259.2798,279.8690,285.7896,261.0489,261.5817,254.1312,269.5756,264.4481,288.7178,278.1939,266.6913,266.7400,254.4775,257.4506,271.4433,282.9906,256.8866,264.9027,260.7364,261.3633,261.5131,272.3459,267.5867,268.0851,259.4655,259.4671,285.7745,257.0752,260.1240,258.2129,280.4933,281.4542,295.7199,297.1626,291.3889,256.2331,264.3011,257.0185,261.3981,260.3573,259.2511,258.4999,278.5276,0.0000,272.1343,258.1760,288.8366,288.8529,258.5445,257.9136,287.7733,262.5913,260.6724,289.2916,281.2582,270.8784,281.5442,301.8185,269.4158,291.0888,310.4594,309.6649,292.1465,284.0172,257.5528,288.6415,288.4845,285.3519,287.9128,283.8349,267.2231,274.0252,274.6234,302.1894,309.3225,272.4838,286.9688,289.2129,289.3178,288.2812,285.7745,289.1608,288.0619,289.4409,289.3402,288.9202,284.5483,260.6201,254.3769,258.5014,0.0000,267.1091,260.6648,267.1092,259.5249,259.5562,259.0251,264.5637,270.0662,290.9643,256.5663,269.9708,269.3267,270.0192,266.3207,263.1426,288.0712,261.7886,266.3185,272.9907,283.5932,286.6653,287.3109,293.9332,278.5276,286.2661,278.5276,282.0983,282.2472,257.6964,264.8564
6.0000,287.5168,256.0625,256.1978,258.5583,254.5418,269.1619,267.0773,287.0742,261.3680,289.2481,276.9743,287.4801,259.2637,267.8184,260.0139,258.1183,268.0583,266.9181,271.4038,252.8731,262.9198,260.1441,261.3741,260.8933,271.7447,275.0015,275.6750,271.5803,289.1110,255.8947,257.3242,257.5483,292.2690,286.3168,285.5345,281.5302,260.7278,279.4028,261.4573,288.0084,297.6997,276.6316,277.8464,298.5713,294.4883,271.9869,289.1600,288.4138,256.4798,291.9095,289.3354,279.6546,294.3611,284.7478,288.9616,280.8526,263.6741,289.8594,265.2947,291.8662,283.4602,283.8905,288.6507,288.9149,285.9768,282.8073,283.3388,290.1830,284.8590,285.4491,296.0884,287.6100,288.0548,283.5031,272.7136,252.0058,260.1824,289.3873,286.4465,276.8545,258.0306,267.7216,260.7969,260.9697,261.5779,261.9251,262.3321,261.9889,261.4714,286.6702,261.3923,261.2551,260.9687,257.3042,255.1161,278.7275,280.1497,272.0651,0.0000,276.2892,280.5938,261.7893,261.0783,284.4490,270.2774,269.8497,276.3697,282.0990,282.6906,260.2837,262.1160,294.5178,286.1633,263.5183,266.9644,260.9804,269.4398,282.5495,260.0860,280.8176,287.0225,261.7652,262.3134,254.8425,270.5179,265.0651,288.9696,279.2998,267.6285,267.6773,255.2786,258.2425,271.7497,283.2665,257.6411,265.5306,261.4510,262.0722,262.2169,273.3044,267.5159,268.1430,260.1946,260.1963,287.0161,256.8143,260.9295,259.0070,281.5798,282.5375,295.8459,297.2678,291.5743,256.9797,265.1385,257.8406,262.4938,261.3557,260.0112,259.3255,279.6500,0.0000,273.1664,258.5106,289.2697,289.3342,259.3687,258.7871,288.0392,263.4023,261.4445,289.3692,281.2582,271.8856,281.5482,301.3680,269.9813,291.2602,310.4657,309.5871,292.3534,284.2787,258.3004,289.2729,289.1125,286.2569,287.7643,284.7209,267.4548,274.3344,275.0023,302.3087,309.3456,272.8292,288.1805,290.6641,290.7674,289.6306,287.0161,290.6099,289.2604,290.6437,290.7921,290.4645,285.7642,261.3923,255.1227,259.3270,0.0000,268.2270,261.3880,268.2270,260.2746,260.3248,259.7733,265.5734,271.0789,291.1608,257.3253,270.9890,270.2725,271.0405,267.4369,263.7895,289.2206,262.7485,267.4347,273.3260,283.5932,286.9412,287.5653,294.1478,279.6500,287.4563,279.6500,283.3090,283.3810,258.4224,265.8034
7.0000,286.7957,255.6629,255.7937,258.1965,254.1910,269.0357,266.9813,286.9503,260.9517,289.2359,276.7504,287.4868,258.9226,267.7119,259.6733,257.8126,267.8430,266.6637,271.1613,252.5020,262.6684,259.9554,261.1567,260.5947,271.6037,274.9116,275.5790,271.4419,289.0951,255.4974,256.9199,257.1314,292.3459,285.4624,284.8394,281.3794,260.3201,279.1314,261.0905,287.2805,296.8341,276.4977,277.5902,297.6934,294.5916,271.5747,288.8379,288.0714,256.1936,291.8054,289.2258,279.1716,294.2885,284.5382,288.5933,280.3524,263.3845,289.6935,264.8717,291.7308,283.1935,283.6124,288.4683,288.7335,285.9768,282.5734,283.1155,289.9326,284.6192,285.2384,295.9257,287.4286,287.9391,283.2362,272.3424,251.6181,259.9269,289.3763,286.3859,276.6499,257.4848,267.4736,260.3881,260.5528,261.1494,261.4861,261.9149,261.5729,261.0421,286.4858,261.0227,260.8879,260.6036,256.9397,254.7433,278.6077,279.9677,271.9292,0.0000,276.0720,280.4334,261.4126,260.7755,283.7254,269.9980,269.5669,276.1088,281.8398,282.4274,259.9348,261.7440,294.3464,286.0965,263.1511,266.8920,260.8465,269.0504,282.0943,259.6795,280.3102,286.7416,261.3807,261.9358,254.4456,270.1140,264.8629,288.9604,279.0471,267.2194,267.2682,254.9352,257.9416,271.6100,283.0649,257.2353,265.4139,261.0402,261.6626,261.7980,272.8908,267.5453,268.1190,259.8662,259.8678,286.7382,256.4543,260.6168,258.7053,281.3283,282.3017,295.4771,296.9046,291.2941,256.5771,264.7517,258.0654,261.6126,260.8302,259.6421,258.9221,279.3999,0.0000,272.9232,258.1474,289.1598,289.2154,258.9665,258.3938,288.0096,263.0237,261.0744,289.3302,281.2582,271.6507,281.5462,301.0700,269.8591,289.8355,308.8989,308.5358,292.4382,284.0771,257.9884,289.1051,288.9479,286.0207,287.6720,284.5650,267.3592,274.2405,274.9123,299.5093,307.5879,272.6939,287.8028,290.3503,290.4559,289.3358,286.7382,290.2962,288.9975,290.3929,290.4793,290.1404,285.4763,261.0227,254.7498,258.9235,0.0000,268.0220,260.9717,268.0220,259.9428,259.9887,259.4064,265.3020,270.8617,291.1741,256.9210,270.7707,269.9926,270.8149,267.2405,263.5173,289.0990,262.4419,267.2383,273.1654,283.5932,286.8877,287.5236,294.2482,279.3999,287.0492,279.3999,283.0784,283.1509,258.0391,265.3845
8.0000,286.1426,254.8605,254.9916,257.4723,253.5183,268.6577,266.6313,285.8640,260.1405,288.1381,275.8096,286.3961,258.0489,266.9226,258.8586,256.9882,266.7475,265.6693,270.3512,251.7079,262.0218,259.2636,260.4854,259.8866,271.1617,274.4439,275.1165,270.6677,288.0332,254.6953,256.1136,256.3222,291.2559,284.8280,284.1918,280.3675,259.5087,278.4960,260.2712,286.6274,296.1809,275.5342,276.6695,297.0401,293.4741,270.4759,288.1845,287.4218,255.3576,291.4280,288.9560,277.5679,293.8115,283.8454,287.5769,278.8241,262.4559,289.3431,263.7851,290.7734,282.5152,282.9420,288.0605,288.3384,285.5902,281.8722,282.4317,289.1776,283.9504,284.5715,295.3905,286.7133,287.2149,282.5582,271.4551,250.8082,259.0076,288.3096,285.3427,275.9516,256.6842,266.4749,259.5764,259.7386,260.3372,260.6719,261.1092,260.7621,260.2277,285.4705,260.1673,260.0659,259.7775,256.1220,253.9277,277.6416,279.0697,271.1552,0.0000,275.1255,279.4390,260.5902,260.0629,283.1222,269.2134,268.7847,275.3759,281.1444,281.7418,259.1122,260.8747,293.8130,285.0566,262.2490,266.5216,260.1197,268.2478,281.5484,258.8768,278.8267,286.0610,260.5600,261.1138,253.6422,269.0695,264.0687,287.8638,278.3355,266.1695,266.2180,254.0865,257.1280,271.1681,282.1266,256.4250,264.6541,260.2248,260.8483,260.9801,271.7824,267.6421,268.0398,259.0770,259.0786,286.0528,255.8217,259.8140,257.8895,280.6225,281.5994,294.3620,295.7624,290.2246,255.7719,263.8517,256.4265,261.5227,260.2468,258.8248,258.1228,278.6858,0.0000,272.0367,257.4227,288.8881,288.9100,258.1647,257.5944,286.9532,262.1460,260.2186,289.0872,281.2582,270.8247,281.5335,300.8179,269.0798,289.1474,307.8477,307.3685,291.3503,283.1202,257.1648,288.7402,288.5747,285.4859,287.6113,283.9882,266.9887,273.8174,274.4461,298.6538,306.5708,272.2481,287.2429,289.6930,289.7954,288.6603,286.0528,289.6389,288.2736,289.6367,289.8196,289.4980,284.8095,260.1673,253.9343,258.1242,0.0000,267.0868,260.1605,267.0868,259.1455,259.1857,258.5775,264.3419,270.0167,290.1118,256.1148,269.9873,269.2076,270.0212,266.3546,262.7088,288.3035,261.5563,266.3524,272.6444,283.5932,285.8419,286.4735,293.1354,278.6858,286.5212,278.6858,282.3566,282.4355,257.2253,264.3106
9.0000,286.3845,255.3613,255.4939,257.8739,253.8762,268.8117,266.8183,286.4467,260.6498,288.6933,276.2066,286.9444,258.5839,267.4248,259.3725,257.5078,267.5987,266.3747,270.9352,252.1246,262.2914,259.2542,260.5888,260.2556,271.3456,274.6722,275.3381,271.1267,288.5021,255.1948,256.6126,256.8327,291.6726,285.1163,284.4645,280.8390,260.0215,278.7945,260.7848,286.8594,296.2157,275.9998,277.0089,297.0571,293.9086,271.1197,288.7557,287.9849,255.8592,291.7622,289.2117,278.2952,294.2068,284.4595,288.2433,279.5613,263.0969,289.7322,264.4217,291.6104,283.0914,283.5241,288.4793,288.7622,285.9768,282.4414,283.0051,289.7703,284.5544,285.1928,295.8368,287.2427,287.9629,283.1415,272.0512,251.3119,259.4987,288.7821,285.8274,276.3045,257.1656,267.1941,260.0903,260.2624,260.8425,261.1774,261.6128,261.2689,260.7420,286.0233,260.6943,260.5756,260.2780,256.6272,254.4327,278.1537,279.5255,271.6367,0.0000,275.5544,279.8942,261.1325,260.4504,283.4092,269.7572,269.3263,275.9319,281.7166,282.3158,259.6249,261.4074,294.2598,285.5322,262.7814,266.7547,259.9638,268.7055,281.8263,259.3666,279.5657,286.6399,261.0682,261.6167,254.1454,269.6984,264.5823,288.4179,278.8984,266.7970,266.8457,254.5869,257.6282,271.3510,282.6435,256.9263,265.1934,260.7535,261.3555,261.4892,272.4329,267.6246,268.0541,259.5514,259.5531,286.6266,256.1341,260.3155,258.3907,281.1918,282.1684,295.0398,296.4672,290.8677,256.2709,264.4927,257.2047,261.7399,260.6575,259.3225,258.6069,279.2492,0.0000,272.6532,257.8251,289.1452,289.1977,258.6505,258.0771,287.4718,262.7299,260.7465,289.1279,281.2582,271.4129,281.5357,300.8130,269.5568,289.5109,308.5503,308.1266,291.7578,283.6518,257.6831,289.1299,288.9590,285.9909,287.5956,284.5058,267.1715,274.0252,274.6739,299.1995,307.2506,272.4210,287.8881,290.2680,290.3697,289.2244,286.6266,290.2140,288.8627,290.2084,290.3945,290.0868,285.3897,260.6943,254.4392,258.6084,0.0000,267.8917,260.6697,267.8917,259.6300,259.6773,259.0849,265.0123,270.6724,290.5656,256.6138,270.5737,269.7503,270.6166,267.1827,263.2181,289.0787,262.1457,267.1804,272.8804,283.5932,286.3165,286.9456,293.5656,279.2492,287.1933,279.2492,282.9226,283.0097,257.7012,264.9445
10.0000,288.2037,256.8015,256.9492,259.0002,254.7991,269.2534,267.3830,288.5422,262.1594,290.8891,278.1182,289.1517,260.0530,268.7668,260.5396,258.8367,268.9457,267.7105,272.2883,253.5334,262.6561,258.0481,259.7950,261.1031,271.9464,275.6331,276.3806,272.5077,290.6792,256.6278,258.0527,258.2724,293.8953,287.1768,286.2464,282.8346,261.5292,280.0126,262.2879,288.6876,298.2238,277.6830,278.9787,299.0815,296.1715,272.7613,290.1103,289.3248,257.0800,292.3757,289.7035,280.5342,294.4440,285.6468,289.8477,281.7793,264.4128,290.4729,266.0921,293.0925,284.3366,284.7726,289.2869,289.5634,285.9768,283.6305,284.1530,291.1041,285.8562,286.5257,296.6641,288.6560,289.3101,284.3794,273.4451,252.7730,261.1011,290.9701,287.9404,277.5825,258.7978,268.5162,261.5993,261.7765,262.3541,262.6940,263.1468,262.7923,262.2578,288.0602,262.2292,262.0791,261.7738,258.0827,255.8886,279.7893,281.2269,273.0094,0.0000,277.4331,281.8670,262.6629,261.3918,285.2791,271.0809,270.6480,277.2012,282.9582,283.5602,261.0765,262.9566,295.1281,287.6368,264.3653,267.0991,259.3072,270.0797,283.3087,260.8172,281.7495,287.9351,262.5946,263.1750,255.5914,271.2836,266.0146,290.6155,280.1455,268.4031,268.4521,256.1002,258.8936,271.9495,284.5247,258.3723,266.6948,262.2747,262.8813,263.0114,274.0692,267.4885,268.1654,260.8198,260.8216,287.9217,257.0937,261.6206,259.6601,282.4159,283.3619,297.4004,298.9244,293.0891,257.7093,266.1763,258.9667,262.3803,261.6503,260.7847,260.0391,280.5007,0.0000,274.0259,258.9574,289.6406,289.7490,260.0852,259.4989,289.6358,264.3416,262.2831,289.3576,281.2582,272.7727,281.5476,301.0367,270.9213,292.1814,311.3989,310.8764,293.9840,285.5846,259.0294,289.8773,289.6948,287.0189,287.6710,285.2922,267.7012,274.7889,275.6305,303.3441,310.1548,272.9871,289.1934,291.6332,291.7349,290.5374,287.9217,291.5783,290.1848,291.5896,291.7598,291.4416,286.6703,262.2292,255.8952,260.0406,0.0000,269.2673,262.1798,269.2673,260.9397,261.0224,260.5737,266.3035,272.0373,292.7874,258.0538,271.9310,271.0740,271.9855,268.5753,264.6628,290.4671,263.3793,268.5730,273.6895,283.5932,288.4401,289.0852,295.8226,280.5007,288.4490,280.5007,284.1690,284.2242,259.1211,266.5951
11.0000,289.9239,257.4134,257.6235,260.3651,255.5750,270.0011,268.1559,291.0658,263.8534,293.5347,280.3786,291.6559,261.4638,270.6951,266.5273,261.8626,280.7653,280.6164,276.2848,254.8057,263.9674,258.8896,260.7888,262.7063,272.8094,276.4849,277.2522,274.3774,293.4851,257.2216,259.1366,259.4864,296.7136,288.9147,287.8980,285.2379,263.2360,281.4238,264.0284,290.4254,300.3118,279.5276,281.2872,301.2011,299.0442,276.0718,292.7007,291.8811,260.6047,293.5962,290.6694,284.2117,295.2458,287.9919,292.6538,285.4537,272.8601,291.9227,269.3323,295.8261,286.8116,287.2483,290.8869,291.1585,285.9768,286.0039,286.4379,293.6744,288.4384,289.1750,298.3307,291.3220,291.8878,286.8544,276.4710,252.7933,289.4029,293.8224,290.5768,279.1338,259.9771,281.4775,263.3080,263.4790,264.0723,264.4390,264.8921,264.5210,263.9858,290.4472,264.0532,263.8226,263.5836,259.7823,257.0215,281.5848,283.1538,274.8681,0.0000,279.6797,284.2518,264.3993,262.9444,286.9082,274.3855,273.4294,279.7873,285.4240,286.0375,262.8234,264.8075,296.8387,290.2703,266.2326,267.8306,260.1202,271.2460,284.7338,262.2740,285.3701,290.4748,264.3385,264.8579,255.9704,274.4940,267.8716,293.2386,282.6334,271.5968,271.6463,294.1756,261.7834,272.8125,286.6852,259.4730,268.6078,264.0062,264.6228,264.7584,277.4382,267.2817,268.3345,262.8613,262.8631,290.4612,258.4462,264.1109,262.5583,284.8488,285.7479,300.0897,301.7231,295.6551,258.6743,268.1770,262.7771,268.2511,267.6407,262.5832,261.4341,283.0052,0.0000,278.1063,260.3196,290.6144,290.8333,261.4848,260.8678,292.3011,266.2555,264.1101,289.8703,281.2582,276.7761,281.5743,301.5133,272.8167,294.0726,314.1601,313.8427,296.7914,287.8161,261.8638,291.3502,291.1470,289.0627,287.8381,286.8492,268.4796,275.6119,276.4803,305.6004,312.8324,273.8163,291.7229,294.2423,294.3465,293.1305,290.4612,294.1864,292.7553,294.1640,294.3714,294.0522,289.1828,264.0532,257.0281,261.4356,0.0000,278.7129,263.8745,278.7119,263.0300,263.1812,262.3522,276.7166,277.7894,295.6139,259.1376,275.9259,274.3790,275.9904,278.0006,266.4717,293.0924,272.0970,277.9983,274.7639,283.5932,291.1177,291.8036,298.6849,283.0052,290.9714,283.0052,286.6180,286.6245,260.3856,269.8231
12.0000,290.9447,258.4140,258.6920,261.6999,256.3817,270.6950,268.7307,292.9109,265.2572,295.6591,282.1338,293.7359,262.7438,270.6098,270.5627,263.9840,288.2506,288.8806,278.9178,256.2905,265.6235,261.5333,263.1858,264.3039,273.4981,276.8500,277.5625,274.7287,295.6619,258.1977,260.3461,260.8049,298.9466,289.8250,288.8416,287.1534,264.6219,282.2128,265.3472,291.4670,301.7694,280.8442,283.0658,302.6962,301.3209,278.3891,294.3813,293.5065,263.1309,294.2912,291.2544,286.8507,295.4049,289.5098,294.6001,288.1500,278.5100,292.8244,271.6044,297.3933,288.4879,288.9208,291.9019,292.1629,285.9768,287.5955,287.9613,295.4043,290.2373,291.0630,299.3567,293.0290,293.3552,288.5308,278.5437,253.3896,307.2719,296.0230,292.6385,279.9144,261.2893,289.7687,264.6955,264.8907,265.4977,265.8818,266.3479,265.9521,265.4152,292.0797,265.6215,265.1849,265.0747,261.2451,258.1937,282.8292,284.3818,275.2071,0.0000,281.4458,286.1411,265.7448,264.4634,287.8103,276.6619,275.3983,281.5710,287.0971,287.7179,263.7676,266.4163,297.9170,292.3320,267.8741,268.5823,262.3168,272.4726,285.6265,263.6121,288.0263,292.1753,265.7399,266.2088,256.7999,276.7291,268.3939,295.3559,284.3282,273.8238,273.8738,317.9713,263.9188,273.5013,288.0728,260.6995,269.0232,265.3992,266.0524,266.1912,279.7993,267.1180,268.4685,264.5382,264.5400,292.1582,259.7674,266.0011,264.6996,286.4971,287.3503,301.4157,303.0381,297.1545,259.8272,269.9704,265.4275,272.1904,271.6569,264.0908,262.7537,284.7081,0.0000,280.7843,261.6505,291.2074,291.5043,262.8023,262.1366,294.3883,267.9380,265.6814,290.2482,281.2582,279.4088,281.5939,300.9740,272.9729,294.9424,314.9786,314.5856,299.0262,289.2673,263.8092,292.2759,292.0588,290.4128,287.7785,287.9072,269.1151,276.1163,276.8494,306.4302,313.6531,274.4646,293.3987,295.9563,296.0622,294.8404,292.1582,295.9000,294.4799,295.8965,296.0866,295.7606,290.8622,265.6215,258.2003,262.7552,0.0000,284.6607,265.2789,284.6592,264.7194,264.9012,263.8538,283.5353,281.3358,297.8382,260.3470,278.5505,276.6570,278.6314,283.9413,267.2800,294.5903,277.7996,283.9390,275.4808,283.5932,293.2090,293.9201,300.9548,284.7080,292.6749,284.7081,288.2660,288.2302,261.7306,272.0836
13.0000,293.1105,261.8900,262.1965,263.0299,257.2395,271.2008,269.0991,296.0078,267.1473,299.3098,284.3916,296.8388,264.9626,273.9723,264.4943,262.3806,273.4595,272.0203,275.8887,258.6856,266.1742,261.8702,263.6040,264.9113,274.2122,277.4656,278.2166,277.6322,308.4987,261.6370,262.8916,263.1033,312.0473,291.9911,290.9381,289.6784,266.4914,283.9421,267.1878,293.6523,304.3432,283.4512,285.2009,305.3052,314.6382,276.3091,292.2517,291.2922,260.8612,293.5275,290.6636,284.8004,294.9836,288.0399,292.8237,286.1571,268.9818,291.9645,269.6407,294.6908,287.0103,287.4197,290.9421,291.2012,285.9768,286.2620,286.6792,293.7542,288.8251,289.7549,298.3604,291.2659,291.2105,287.0523,276.5996,257.5431,265.4268,308.8814,296.6980,281.9041,262.5929,272.5926,266.5643,266.7190,267.3695,267.7364,268.2698,267.8870,267.2548,294.9522,267.5456,266.9470,266.6570,262.8036,260.6217,285.5762,286.7634,278.0684,0.0000,283.6697,288.8088,267.5985,265.2424,289.8017,274.7068,274.2823,280.2438,285.6699,286.2576,263.5701,268.4359,296.9139,295.2658,270.1026,268.8341,262.5987,274.3055,287.2767,265.4806,286.0416,290.4586,267.6065,268.2610,260.5222,274.7162,271.1544,298.9189,282.9197,271.8499,271.8995,260.7276,262.8136,274.2153,290.6542,263.2756,272.1211,267.2459,267.9943,268.2124,277.6356,267.0211,268.5477,265.0575,265.0592,290.4219,260.9784,265.6601,263.5913,285.1513,286.0146,305.2340,307.1068,300.5359,262.5893,272.7150,262.3950,266.9155,265.8292,265.5334,264.6137,283.2583,0.0000,277.7647,262.9927,290.6133,290.8549,264.6801,263.9805,298.3006,270.3074,267.6126,289.9546,281.2582,276.3677,281.5787,301.0648,276.0879,297.5103,319.4452,319.3875,312.1291,291.9254,262.4157,291.3969,291.1896,289.1887,287.8783,287.0938,269.4821,276.6114,277.4609,309.8264,317.9425,275.1101,291.7629,293.8600,293.9434,292.9174,290.4023,293.8070,292.7950,294.2434,293.9738,293.7307,289.1418,267.5457,260.6284,264.6153,0.0000,273.3916,267.1710,273.3915,265.2229,265.3532,265.4859,270.8441,275.6197,310.8423,262.8926,275.5093,274.7034,275.6128,272.6779,269.6744,292.0884,267.4739,272.6754,276.5858,283.5932,306.6385,306.6385,314.2379,283.2547,291.0709,283.2548,286.8738,286.8834,263.9260,270.1169
14.0000,294.1978,261.6856,262.0197,262.8809,257.2730,271.2581,269.1013,296.9511,266.8482,299.9800,284.4497,297.4066,264.1248,273.9586,263.8190,262.0286,272.1591,271.0119,274.3998,258.4444,266.1094,261.7469,263.4987,264.8164,274.3194,277.5038,278.2614,277.7455,309.1172,261.4147,262.6503,262.9008,312.6157,292.9692,291.8459,289.9450,266.1893,284.3251,266.8853,294.7845,306.3738,283.9118,285.2279,307.4169,315.1505,275.4777,288.4258,287.3941,260.2711,292.5141,289.7896,284.4441,294.3162,285.6573,292.1432,285.9104,267.9525,290.6953,268.8399,290.4767,284.1975,284.5642,289.4186,289.7072,285.9768,284.0481,284.5477,290.5030,286.0057,287.0286,297.0385,288.2198,287.7885,284.2385,275.6299,257.2170,264.8124,309.5231,297.1276,282.2257,262.2668,271.7302,266.2614,266.4103,267.0648,267.4243,267.9782,267.6057,266.9434,295.8053,267.1921,266.6364,266.3396,262.3905,260.2412,286.0957,287.2994,278.2377,0.0000,283.7459,289.0384,267.2827,265.2738,290.6287,273.2144,272.8085,277.9318,282.9734,283.4719,263.5624,268.1391,295.5112,295.6613,269.8940,268.8195,262.5264,274.2332,287.8222,265.1744,285.7583,287.0463,267.3122,267.9570,260.2544,273.8881,271.0076,299.5727,280.2394,271.0430,271.0924,260.3061,262.1447,274.3255,291.4039,263.0437,271.9641,266.9336,267.7214,267.9755,276.8202,266.9940,268.5698,264.5773,264.5794,286.9725,260.9651,264.9302,262.9202,282.7640,283.7913,306.7909,308.7557,301.7695,262.3525,271.8779,261.4295,266.5546,265.2517,265.1828,264.3030,280.4375,0.0000,276.2190,262.8426,289.7319,289.9083,264.3453,263.5484,298.8708,269.7301,267.2548,289.6203,281.2582,274.8797,281.5613,302.8597,276.1445,298.7597,322.1244,322.1745,312.7004,292.7227,262.1150,290.0517,289.8556,287.0115,288.6184,285.7092,269.4841,276.6543,277.4992,311.7922,320.5038,275.2276,288.5830,290.0187,290.0829,289.2119,286.5678,289.9720,289.4645,290.9902,290.1173,289.8721,285.8015,267.1921,260.2479,264.3047,0.0000,272.0672,266.8725,272.0671,264.7089,264.8283,265.1336,269.6479,274.2026,311.4383,262.6512,274.0048,273.2112,274.1371,271.3704,269.4767,287.8593,266.6673,271.3679,276.7586,283.5932,307.2272,307.2272,314.7597,280.4211,287.9193,280.3906,284.3476,284.5721,263.6147,269.3040
15.0000,296.3587,262.0892,262.4629,263.0523,257.2620,271.5937,269.8703,295.6573,267.1656,299.8346,284.4615,297.2958,265.6111,274.2121,263.1077,261.4721,271.4362,270.4763,272.5340,259.0094,266.4768,262.6220,264.1490,265.1361,274.7055,278.4247,279.0920,277.9507,309.5636,261.7892,262.9825,263.2357,313.1049,295.9396,293.6462,289.8155,266.4889,284.8319,267.0707,297.0366,310.4613,283.8202,285.1831,311.6703,315.7510,273.7699,283.2360,282.1329,259.4012,290.7293,288.2837,282.9584,292.5506,282.0158,290.3749,284.4901,267.6896,288.4903,267.1693,284.3893,280.1021,280.3913,286.9161,287.2206,284.9290,280.6866,281.2403,285.9276,281.8360,282.9268,294.6348,283.7305,282.8571,280.1422,273.8268,257.3987,264.6213,310.0008,297.1785,282.4608,262.4485,271.2599,266.5642,266.7063,267.3988,267.7763,268.3459,267.9388,267.2703,294.7686,267.3789,266.7817,266.4425,262.3453,260.2758,285.9362,286.9606,278.4548,0.0000,283.7742,289.0292,267.5469,265.8735,293.3289,271.2500,270.8742,274.6914,279.0451,279.4261,263.5649,268.4384,293.0316,295.7270,270.3050,269.8926,263.5968,274.5009,290.0132,265.3956,284.3022,282.2279,267.5287,268.1394,260.5766,272.1982,271.2979,299.4328,276.4065,269.3752,269.4244,260.3571,261.2813,274.7105,290.6950,263.4024,272.5246,267.2435,268.0274,268.2883,275.1490,266.8891,268.6557,264.2666,264.2684,282.1306,260.9694,264.0722,262.0547,279.2239,280.4296,303.6565,303.6566,299.6641,262.6949,272.3556,260.1747,266.3461,264.7183,265.2302,264.5030,276.4426,0.0000,274.2869,263.0117,288.2045,288.2122,264.5998,263.9498,298.8759,270.0017,267.4464,289.0515,281.6112,273.0040,281.8661,305.5161,276.3738,301.3848,326.0716,318.4720,313.1822,291.9063,261.6414,287.7659,287.6044,283.6890,289.7273,283.1714,270.2888,277.4991,278.4178,313.4907,324.2845,275.6590,283.9850,284.8106,284.8584,284.1612,281.1601,284.7705,284.7844,286.4033,284.8959,284.6986,280.5808,267.3789,260.2825,264.5049,0.0000,271.0320,267.1906,271.0319,264.3421,264.4354,265.2221,269.2878,272.6135,311.9060,262.9833,272.1753,271.2450,272.2919,270.3548,269.6870,281.5386,266.0248,270.3523,277.0982,283.2271,307.6113,307.6113,315.3412,276.4172,283.4277,276.3077,280.5995,281.0759,264.2266,267.6242
16.0000,297.0334,261.1776,261.5870,262.4696,257.4331,271.1028,269.4541,295.0182,266.4931,299.2769,283.7440,296.6535,266.4471,273.4576,261.2413,260.0744,269.4224,268.7424,269.1531,258.9825,265.2363,260.4396,262.1737,263.9986,274.2340,278.1891,278.8942,277.2138,308.9775,260.8599,262.3114,262.6416,312.5498,296.6623,294.1125,289.1389,265.7930,284.4367,266.2470,297.7632,312.2363,283.1410,284.5051,313.5400,315.2573,270.0638,276.5118,275.3253,257.4213,287.6440,285.8899,279.1700,287.1754,275.9567,286.2199,280.7516,266.1582,285.0672,263.5605,274.7333,274.2064,274.3992,283.0824,283.4182,279.1537,275.2806,275.6970,279.5760,275.9048,277.0787,290.2562,277.2834,274.8269,274.2451,270.2321,256.2350,263.8442,309.4156,296.5347,281.9314,262.9644,269.5500,265.8704,266.0170,266.7392,267.1271,267.6561,267.2507,266.6025,294.1310,266.1590,265.9207,265.5056,261.1633,259.1037,285.2679,286.3426,277.6545,0.0000,283.0536,288.3456,266.7682,264.7614,293.9102,267.7901,267.4548,269.7989,273.3016,273.5754,263.5256,267.2727,288.6896,295.0760,269.0309,269.3755,262.0544,274.2387,290.2869,264.7732,280.5645,275.8486,266.7335,267.3144,259.5708,268.5637,270.5309,298.8638,270.8474,265.7770,265.8255,259.3147,259.2831,274.2340,290.0394,262.7441,271.8364,266.5468,267.3138,267.6015,271.4080,267.0077,268.5587,262.7755,262.7771,275.7603,260.8087,262.0496,260.0511,273.7994,275.0423,303.5383,303.5384,299.2905,261.9613,270.8631,256.7064,265.3755,263.0550,264.2465,263.9015,270.7410,0.0000,270.7329,262.4409,285.7798,285.4709,264.0609,263.5111,298.2883,268.4932,266.2278,288.1154,282.0163,269.5955,282.2009,307.1039,275.6266,302.5116,328.6337,319.5964,312.6263,291.2483,260.4448,284.2465,284.1053,278.7793,290.3133,277.5495,269.8341,277.0971,278.1766,315.4066,326.7498,275.1802,277.3851,278.0908,278.1170,277.5702,274.5293,278.0551,278.4311,280.0334,278.1591,278.1001,273.7520,266.1590,259.1104,263.9037,0.0000,268.5739,266.5179,268.5738,262.8222,262.9195,264.1880,267.6827,269.4911,311.3496,262.3121,268.8335,267.7821,268.9267,267.8873,268.8881,271.8990,264.2104,267.8850,276.6089,282.8070,307.0162,307.0162,314.8375,270.7151,276.8542,270.4925,274.9944,275.5851,264.0992,264.0142
17.0000,300.1167,263.1575,263.6521,263.6588,257.5108,272.0371,270.1255,297.7650,268.3215,302.0857,286.0815,299.0474,268.3166,275.3821,262.5954,261.0117,270.9979,270.2514,269.8898,261.0175,266.8967,263.1771,264.6473,265.4746,275.3415,279.0002,279.6781,279.2342,312.4041,262.8086,264.0355,264.4089,315.9848,299.5784,296.9001,291.6466,267.4271,286.3178,267.9022,300.9212,316.9094,285.4796,286.8685,318.3501,318.8130,271.4002,275.5256,274.2936,258.6377,287.6930,285.9156,281.0308,287.3804,275.3558,287.5015,282.7214,267.8374,285.1675,264.8676,271.4376,273.7016,273.8593,283.0377,283.3890,278.9004,275.0704,275.4333,278.9687,275.4045,276.6312,290.3116,276.4339,272.9282,273.7408,271.2334,258.1729,265.0257,312.8948,299.3323,283.8267,263.3080,271.0491,267.5110,267.6806,268.5828,268.9926,269.5164,269.0971,268.3655,296.7640,268.0050,267.5594,267.1687,262.7795,260.8334,287.5677,288.6252,279.7140,0.0000,285.3702,290.8372,268.4795,266.2736,296.5518,268.4275,268.1031,269.7672,272.8838,273.0890,263.5077,269.1929,288.7061,297.8181,271.0433,270.2263,264.3625,275.5968,292.3990,266.3008,282.5299,275.1417,268.4825,269.1147,261.5480,269.8246,272.3937,301.6066,270.5126,267.0428,267.0915,260.9995,260.4739,275.3415,292.4751,264.5018,273.9383,268.2741,269.1447,269.4641,272.8234,266.7831,268.7424,264.1514,264.1528,275.0496,261.7274,263.2288,261.2451,273.5579,274.8370,306.7267,306.7268,302.2435,263.7396,273.1789,258.0135,266.9545,264.5284,265.8410,265.3501,270.3397,0.0000,271.5074,263.6247,285.8009,285.4971,265.5345,264.9741,301.1131,270.5849,268.0798,288.2470,282.0163,270.3444,282.2078,308.6339,277.6180,305.8837,333.5978,325.0130,316.0458,293.7386,261.2408,284.2766,284.1108,278.5088,290.5430,277.3284,270.5845,277.8928,278.9868,319.6519,331.6129,276.2970,276.7817,277.1083,277.1214,276.7170,273.7593,277.0754,277.7977,279.4261,277.1673,277.2347,272.6380,268.0050,260.8401,265.3523,0.0000,269.9125,268.3471,269.9123,264.1920,264.2967,265.8752,269.3072,270.4468,314.7990,264.0360,269.5920,268.4189,269.6751,269.2299,270.6415,268.5367,265.6254,269.2275,277.9571,282.8070,310.3438,310.3438,318.3714,270.3149,276.2663,270.0274,274.6975,275.3511,265.8746,265.3026
18.0000,305.8638,266.9616,267.4931,267.2509,260.2205,275.9507,273.8848,304.5154,272.4963,308.6474,291.3692,305.3331,273.8012,279.9675,265.6356,264.1598,274.2962,273.6176,272.9159,264.3131,270.5409,266.6409,268.1826,269.0472,279.4557,283.2755,284.0115,283.9965,319.5036,266.5946,267.9640,268.3044,323.2693,305.3192,302.4423,297.3326,271.5836,291.1655,272.0245,306.7242,323.8433,290.9048,292.1776,325.3861,326.2613,274.8718,277.6907,276.4055,261.5370,289.1017,286.9686,284.7483,289.4307,277.4032,290.3923,286.4561,271.3444,286.7438,268.2172,270.8752,276.0812,276.2255,284.6969,285.0337,281.1348,277.5214,277.8402,281.3071,277.8628,279.1652,292.2681,278.8894,273.5670,276.1205,274.4167,261.7669,268.5677,320.0396,305.5794,288.6999,267.8401,274.4288,271.6705,271.8135,272.7622,273.1843,273.7273,273.2963,272.5304,303.0025,272.0794,271.6379,271.2080,266.5919,264.5647,293.0320,294.1137,284.4908,0.0000,290.6356,296.4739,272.7334,269.8970,302.0865,271.4030,271.0863,272.3944,275.3076,275.4835,267.0661,273.3448,290.6328,303.9577,275.2941,273.8809,267.8745,273.4703,297.5641,270.3543,286.2195,277.4386,272.6218,273.2959,265.2816,273.1816,276.8383,308.1246,272.9828,270.3641,270.4134,264.5837,263.0769,279.4557,298.3132,268.4559,278.6546,272.4611,273.3388,273.6857,276.3864,270.3463,272.4577,267.6000,267.6013,277.3396,265.0788,266.2696,264.1917,276.0411,277.2954,313.6159,313.6160,308.8464,267.6336,277.5918,261.0645,269.9842,267.5819,269.7738,269.3654,272.7909,0.0000,274.6186,267.2179,286.8605,286.6824,269.6075,269.2713,307.5998,274.7778,272.1590,288.7366,282.0163,273.3883,282.2334,310.6566,282.3078,311.9166,340.9719,333.4925,323.3319,299.6930,264.4477,285.8423,285.6470,280.5333,291.1613,279.6943,274.3536,281.9670,283.2563,326.3773,338.9125,280.4416,279.1437,279.2974,279.3070,278.9821,276.0060,279.2654,280.1264,281.7695,279.3543,279.4363,274.7866,272.0794,264.5715,269.3677,0.0000,273.1040,272.5227,273.1038,267.6346,267.7530,269.8541,272.7675,273.5239,322.0191,267.9644,272.6427,271.3937,272.7132,272.4053,274.9324,268.0054,268.7940,272.4030,282.3030,282.8070,317.3091,317.3091,325.7939,272.7664,278.6949,272.4576,277.1745,277.8127,268.8220,268.6454
19.0000,300.1428,264.3580,264.8987,264.5740,257.7284,270.3982,268.3890,298.9988,269.8879,302.2975,287.2328,299.6560,271.2113,276.3060,263.0372,261.5745,271.5435,270.9065,270.2814,262.1825,266.7732,263.1489,264.6266,265.7738,272.4654,276.0790,276.7337,279.8292,314.3991,263.9807,265.3967,265.7806,318.0018,299.3822,296.5992,292.8271,268.9610,285.2269,269.2934,301.0337,318.7863,286.1857,288.0049,320.3863,321.0108,272.4805,275.0733,273.8043,258.9190,287.8104,285.9970,282.6683,287.3191,274.5608,288.4196,284.4699,268.6896,285.4103,265.9067,266.5312,273.4984,273.6432,283.1451,283.5172,278.6945,274.9098,275.1905,278.7347,275.2565,276.5464,290.3403,276.2639,269.9544,273.5379,271.9076,259.1788,265.8152,314.9543,300.4938,283.1894,265.2367,271.7262,269.0496,269.2133,270.1695,270.6044,271.1325,270.6932,269.9419,297.8580,269.4381,268.9118,268.4557,263.9348,261.9349,288.0945,289.0302,280.3497,0.0000,286.5480,292.0148,270.0471,266.5670,296.0171,268.7656,268.4495,269.7685,272.7041,272.8920,264.4054,270.7428,288.7228,298.9904,272.7335,268.5561,263.9080,272.0282,291.1926,267.7177,284.2239,274.8330,269.9425,270.5795,262.6831,270.8096,273.6104,301.5501,270.3634,268.0323,268.0812,261.9345,260.5104,259.0437,293.1851,265.9061,275.4834,269.8484,270.7207,271.0879,274.0071,267.2123,268.3913,264.8202,264.8214,274.7324,262.7511,263.6271,261.5652,273.4323,274.6834,308.9602,308.9603,303.9621,265.0550,275.0627,258.2818,267.6545,265.0889,267.0639,266.7261,270.1557,0.0000,272.2286,264.5537,285.8779,285.5764,266.9745,266.5975,301.8787,272.1873,269.5198,288.2706,282.0163,270.7778,282.2090,314.1834,278.3696,305.8894,334.1807,329.9815,318.0449,294.5559,261.8526,284.4492,284.2424,278.4611,292.4556,277.1417,268.8555,275.5527,276.0843,320.0425,332.1991,273.4424,276.5534,276.6571,276.6677,276.3213,273.3920,276.6257,277.5561,279.1927,276.7154,276.8131,272.1679,269.4381,261.9416,266.7286,0.0000,270.3000,269.9147,270.2997,264.8986,265.0453,267.1633,270.1071,270.8213,316.8581,265.3970,270.0145,268.7561,270.0844,269.5458,271.8630,263.6008,266.1510,269.5434,275.7610,282.8070,312.2077,312.2077,320.5375,270.1311,276.1138,269.8190,274.5089,275.1719,266.5949,266.3202
20.0000,302.8835,266.9264,267.5002,266.6039,259.3700,271.4448,269.4054,302.4185,272.3931,306.0301,290.3938,303.2611,273.6923,278.8394,265.3563,263.8908,274.2335,273.5345,272.4645,264.6971,268.5193,264.7588,266.2973,267.7438,273.7027,277.2780,277.9397,282.3469,318.6622,266.5363,267.8358,268.2477,322.3845,302.1474,299.1902,296.1636,271.4693,287.2960,271.8169,303.8128,322.3466,289.0054,291.2105,324.0172,325.4904,274.9262,276.7193,275.4318,261.1385,288.7656,286.7325,285.2614,288.9951,276.0646,290.4671,287.0676,271.3372,286.4807,268.2846,266.1538,275.2633,275.3963,284.3060,284.6600,280.5284,276.7119,276.9669,280.4232,277.0055,278.2969,291.7585,277.8070,270.4043,275.3030,274.1716,261.8142,268.5366,319.2491,304.1714,285.3976,266.9043,274.3423,271.5596,271.7140,272.6885,273.1412,273.6717,273.2291,272.4636,301.1261,272.0144,271.4316,270.9608,266.3973,264.4568,290.8149,291.7984,282.8292,0.0000,289.6826,295.3363,272.6020,268.5838,298.5373,270.8867,270.5730,271.6864,274.5019,274.6719,266.8431,273.3547,290.1120,302.6003,275.3766,269.6115,265.3946,274.5455,293.2538,270.0558,286.7858,276.5487,272.4846,273.1445,265.2820,273.1832,276.1536,305.2577,272.1901,270.3861,270.4354,264.6042,262.7300,260.2223,296.2088,268.3641,278.0823,272.3728,273.2686,273.6563,276.5066,266.9413,268.6130,267.0751,267.0763,276.4508,264.5415,265.8639,263.7934,275.2580,276.4907,312.5779,312.5780,307.4182,267.5222,277.8158,260.7659,269.8257,267.3731,269.5071,269.0187,271.9763,0.0000,274.4335,266.5851,286.6192,286.4096,269.2759,268.8820,305.6679,274.8651,272.0984,288.6257,282.0163,272.9612,282.2276,317.0791,280.8971,308.9177,338.5680,334.4510,322.4283,297.6565,264.1856,285.5281,285.3107,279.9208,293.5360,278.9616,269.9035,276.6882,277.2812,323.6734,336.4742,274.7123,278.1793,278.3252,278.3356,278.0185,275.0963,278.2941,279.2604,280.8839,278.3837,278.4756,273.8768,272.0144,264.4636,269.0211,0.0000,272.7991,272.4208,272.7989,267.1823,267.3543,269.6696,272.7540,273.1305,321.2063,267.8360,272.1942,270.8766,272.2620,272.0120,274.3906,263.2890,268.5917,272.0096,277.2920,282.8070,316.3787,316.3787,325.0017,271.9514,277.7336,271.6330,276.3335,276.9791,269.0793,268.6928
21.0000,304.3484,267.7681,268.3455,267.5431,260.2652,271.8560,269.7653,302.7662,273.5124,306.9432,291.4113,304.1632,274.8252,279.8615,265.8943,264.5057,274.8832,274.1901,273.0150,265.6872,269.1885,265.4560,266.9945,268.4634,274.1984,277.7723,278.4398,283.3250,320.0106,267.3695,268.8512,269.2725,323.6943,303.5470,300.5004,297.2033,272.5670,288.1320,272.8528,305.3165,324.6457,289.9298,292.2173,326.3880,326.8674,275.3666,277.1578,275.8659,261.5759,289.0464,286.9042,285.5997,289.4981,276.4068,290.8141,287.3901,271.9975,286.7172,268.6926,265.3246,275.7399,275.8657,284.5912,284.9439,281.0306,277.2017,277.4435,280.9714,277.4699,278.7584,292.1308,278.2479,270.1811,275.7797,274.6008,262.4792,269.4718,320.6241,305.2564,286.2214,268.8416,274.9671,272.6588,272.8189,273.8139,274.2716,274.8115,274.3553,273.5815,301.8569,273.0857,272.4515,271.9619,267.3129,265.2868,291.7250,292.6512,283.8118,0.0000,290.7103,296.3779,273.6598,269.2880,299.8247,271.4770,271.1693,272.2110,274.9867,275.1540,267.7336,274.4800,290.4718,303.6717,276.5935,270.0080,266.0550,275.7140,294.3246,271.1761,287.0797,277.0280,273.5431,274.1965,266.0619,273.6078,277.1945,306.1681,272.6808,270.7983,270.8477,265.3626,263.0769,260.6939,297.0149,269.3920,279.1746,273.4738,274.3805,274.7795,276.9682,266.8344,268.7004,267.8156,267.8171,276.9343,265.4253,266.4294,264.2904,275.7509,276.9823,313.6945,313.6946,308.3533,268.4935,279.0187,260.6032,270.8373,268.0470,270.4849,270.1372,272.4644,0.0000,274.7476,267.5293,286.7939,286.6110,270.3968,269.9771,306.6097,275.9993,273.1720,288.5166,282.0163,273.4802,282.2219,318.8537,281.8983,310.4995,340.8932,336.4116,323.7210,298.4435,264.8407,285.7801,285.5670,280.3001,294.1475,279.4589,270.2852,277.1305,277.7740,325.7518,338.7682,275.2263,278.5460,278.7691,278.7839,278.4935,275.5779,278.7381,279.7966,281.4329,278.8296,278.8968,274.3276,273.0857,265.2936,270.1398,0.0000,273.3452,273.5404,273.3449,267.9262,268.1064,270.6587,273.4085,273.6963,322.5526,268.8514,272.7265,271.4669,272.7991,272.5025,275.4215,262.4712,269.1760,272.5001,277.8868,282.8070,317.6856,317.6856,326.3651,272.4388,278.1280,272.1175,276.8452,277.4836,270.1323,269.1035
22.0000,304.9145,267.7770,268.3660,267.4375,260.0844,271.8748,269.7136,302.7662,273.4675,307.5373,292.0862,304.7665,274.7293,280.0816,265.8053,264.5104,274.6723,274.0633,272.8362,265.8257,269.1591,265.3632,266.9329,268.4273,274.2555,277.8322,278.5241,283.6242,320.8996,267.3723,268.7665,269.2216,324.6429,304.1530,301.0059,297.8017,272.5379,288.3787,272.8716,305.8944,325.4666,290.3113,293.0497,327.2308,327.9010,275.2884,277.0173,275.7330,261.5836,288.8891,286.8289,285.5824,289.2149,275.9536,290.7376,287.3741,271.9453,286.6204,268.6354,263.6399,275.5229,275.6542,284.4524,284.8117,280.7842,276.9478,277.1673,280.7310,277.2873,278.5914,291.9160,278.4176,269.0798,275.5627,274.5003,262.4948,269.3447,321.5240,305.9243,286.4849,267.4839,274.8645,272.6291,272.7516,273.7745,274.2402,274.7915,274.3369,273.5350,302.1644,273.1081,272.4655,271.9570,267.2927,265.2822,291.9897,293.0390,284.1276,0.0000,291.2867,296.9855,273.7121,269.2675,300.3590,271.3199,271.0180,271.9950,274.7578,274.9335,267.7447,274.5115,290.2609,304.3273,276.6289,269.8180,265.9161,275.6961,294.7207,270.9881,287.0586,276.8288,273.5487,274.1988,266.0699,273.5311,277.3690,306.7632,272.4373,270.7305,270.7799,265.3276,263.0769,260.7481,297.3797,269.3163,279.5263,273.4469,274.3771,274.7932,276.8862,266.8335,268.7011,267.7726,267.7741,276.7327,265.4253,266.3821,264.2679,275.5164,276.7312,314.1667,314.1668,308.7607,268.4299,279.1021,261.3202,270.0907,267.7485,270.4354,269.9156,272.2090,0.0000,274.6203,267.4221,286.7154,286.5115,270.1794,269.7395,307.2305,276.0654,273.1952,288.5359,282.0163,273.3152,282.2229,319.2587,282.1640,311.1531,341.7529,337.8102,324.6701,298.7954,264.8463,285.6666,285.4464,280.0850,294.3017,279.2067,270.2199,277.1140,277.8290,326.5377,339.6319,275.2965,278.3843,278.6084,278.6225,278.3224,275.3750,278.5773,279.5739,281.1903,278.6693,278.7330,274.1387,273.1081,265.2889,269.9181,0.0000,273.0687,273.4965,273.0684,267.8820,268.0591,270.6531,273.3416,273.4472,323.4795,268.7666,272.5318,271.3088,272.6032,272.1866,275.5137,260.8964,269.0722,272.1840,278.0060,282.8070,318.5399,318.5399,327.3852,272.1827,277.9953,271.8595,276.5733,277.2190,270.1345,269.0426
23.0000,306.9047,268.6669,269.2615,268.1769,260.7176,273.3809,271.1512,302.7662,274.4843,307.6800,292.9724,304.6228,275.5769,281.0965,266.1198,264.9249,275.1677,274.6122,273.0422,266.4361,270.1346,266.3021,267.8757,269.2445,276.0737,279.6817,280.4037,284.6732,321.2972,268.2575,269.6157,270.0473,324.7701,306.1470,302.8977,298.3826,273.5805,289.8336,273.9923,307.9144,328.0951,290.8129,294.0533,329.9143,327.9809,275.0249,276.7035,275.3963,261.8037,288.8250,286.7788,285.2415,289.1228,275.7407,290.4725,287.0411,272.6165,286.6017,268.3740,262.7321,275.4182,275.5322,284.3996,284.7510,280.6846,276.8559,277.0534,280.4644,277.1891,278.5201,291.7339,278.1991,268.5201,275.4570,274.2404,263.3855,270.0720,321.9256,306.6285,287.7459,267.4621,275.4743,273.6719,273.7911,274.7925,275.2656,275.8363,275.3864,274.5687,302.5367,274.2215,273.6021,273.0665,268.2166,266.1893,292.5273,293.7946,285.1515,0.0000,292.1027,297.6263,274.8466,270.1088,302.3198,271.5621,271.2728,272.0438,274.6716,274.8425,268.6565,275.6270,290.0863,305.0656,277.7631,271.1476,266.9934,276.2553,296.6302,271.8366,286.7343,276.6258,274.6569,275.3224,266.9547,273.2674,278.4264,306.8598,272.3861,270.4676,270.5169,266.1581,263.0769,265.8298,297.9724,270.1706,280.5615,274.5093,275.4514,275.8816,276.6287,267.9945,269.9902,268.4281,268.4296,276.5291,266.0132,266.6918,264.5140,275.4436,276.6462,314.4868,314.4869,309.1171,269.2878,280.5263,261.6022,270.4386,268.0860,271.3929,270.7264,272.1549,0.0000,274.7299,268.1598,286.6635,286.4468,270.9936,270.5024,307.6351,277.3603,274.3103,288.5475,282.0163,273.5060,282.2235,319.6032,283.1554,313.3677,345.1064,338.0998,324.7660,299.3284,265.3338,285.6319,285.3960,280.0341,294.3066,279.1002,271.6492,278.7321,279.6714,329.2173,342.8844,277.1117,278.0915,278.2971,278.3077,278.0238,275.1704,278.2671,279.3352,280.9176,278.3537,278.4311,273.9693,274.2215,266.1960,270.7287,0.0000,273.4403,274.5142,273.4400,268.5210,268.6771,271.6885,273.9570,273.6987,323.7877,269.6158,272.7253,271.5500,272.7854,272.5357,276.5960,260.0244,269.4788,272.5335,279.6566,282.8070,318.9857,318.9857,327.4676,272.1284,277.7206,271.8025,276.4621,277.1207,270.8445,268.7816
24.0000,306.6561,267.7567,268.3640,267.4746,260.0683,272.8847,270.5720,301.6648,273.5587,305.8312,290.6202,302.6663,274.5847,279.5824,265.7304,264.4693,274.4004,273.8645,272.3910,265.7775,269.5455,265.6850,267.2707,268.6270,275.6203,279.3538,280.1222,283.2939,319.2303,267.3388,268.7665,269.2142,322.7804,305.9796,302.7173,296.2426,272.6096,289.7830,272.9127,307.6513,327.5344,288.8992,291.4487,329.3266,326.0237,274.7779,276.3492,275.0226,261.5090,288.5742,286.5968,285.1692,288.6932,275.3167,290.2746,287.0044,271.7256,286.3495,268.1770,262.2441,275.0009,275.1167,284.1297,284.4875,280.3179,276.4379,276.6364,280.0527,276.8295,278.1983,291.4616,277.7790,268.0375,275.0400,273.9586,262.2435,269.1020,319.8767,304.2277,286.9452,267.2932,274.7194,272.6994,272.7723,273.9092,274.4100,274.8987,274.4419,273.6383,300.7808,273.1188,272.5108,271.9386,267.1840,265.1199,290.6203,291.9260,283.8062,0.0000,289.9500,295.4474,273.8433,269.4725,302.1798,270.9536,270.6646,271.5311,274.2400,274.4170,267.7639,274.5427,289.8158,302.6407,276.6883,270.4444,266.3834,275.2685,296.5268,270.9976,286.7015,276.2329,273.6251,274.2894,265.9495,273.0303,277.0495,304.9960,271.9211,270.2509,270.3002,265.0756,263.0769,265.3888,295.9999,269.3284,278.9582,273.5317,274.4812,274.9163,276.3642,267.4882,269.4916,267.7630,267.7646,276.1347,265.4055,266.2970,264.1945,275.0099,276.2240,312.6420,312.6421,307.3060,268.4218,279.2417,260.5254,270.6504,267.8736,270.3930,269.9074,271.6819,0.0000,274.0164,267.4558,286.4826,286.2588,270.1651,269.6725,305.5197,276.1565,273.2076,288.4019,282.0163,272.8425,282.2159,320.2723,281.7587,313.1942,344.7363,336.3532,322.7756,297.3771,264.8142,285.3802,285.1483,279.6913,294.6127,278.7084,271.0695,278.2928,279.3430,329.0189,342.5546,276.6770,277.6892,277.9547,277.9676,277.6382,274.7756,277.9242,278.9337,280.5080,278.0131,278.0737,273.6489,273.1188,265.1266,269.9099,0.0000,272.6550,273.5882,272.6547,267.8520,268.0093,270.6074,273.1363,272.9928,321.7713,268.7665,272.0581,270.9400,272.1087,271.7174,275.3578,259.4688,268.9486,271.7152,279.0984,282.8070,316.8664,316.8664,325.5052,271.6553,277.3232,271.3260,276.0204,276.7066,270.0112,268.5768
25.0000,304.4689,267.6599,268.2907,267.1037,259.6515,272.2947,270.0218,302.3805,273.1331,306.5714,291.5343,303.2508,273.9446,279.7543,265.1680,263.8211,274.1478,273.6115,271.6739,265.6248,269.2729,266.0259,267.4442,268.2627,274.9303,278.4551,279.1648,283.3581,320.6648,267.2358,268.5176,269.0098,324.2015,303.8052,300.7327,297.0464,272.1814,288.4256,272.4786,305.4165,324.3222,289.5868,292.5918,326.0263,327.4515,273.8064,275.5612,274.2421,260.8255,288.0221,286.1361,283.9925,287.8837,274.4842,289.1785,285.8080,271.5082,285.6433,267.2452,261.4018,274.1958,274.3055,283.4397,283.8009,279.4826,275.6268,275.8159,279.2074,276.0126,277.3741,290.8007,277.0504,267.1685,274.2349,273.1532,262.2435,269.2116,321.3464,305.2704,286.4278,267.0612,274.4772,272.2708,272.3385,273.4688,273.9541,274.4852,274.0174,273.1910,301.5507,272.6931,272.0587,271.5459,266.8524,264.9062,291.2547,292.5371,283.8459,0.0000,290.7085,296.2990,273.3717,269.1150,300.2112,270.2411,269.9810,270.7744,273.4399,273.6147,267.2573,274.1090,289.1521,303.6639,276.1887,270.0651,266.5033,274.5062,294.9722,270.6125,285.4885,275.4218,273.1794,273.8245,265.8787,272.1057,276.9917,305.7105,271.1324,269.3336,269.3828,265.1149,262.3159,264.7297,296.8155,269.0810,279.0707,273.0800,274.0501,274.4792,275.3425,266.8593,268.8878,267.2638,267.2652,275.3280,265.0533,265.6739,263.5372,274.2152,275.4156,312.9390,312.9391,307.8186,268.2082,278.6944,259.4646,270.3442,267.3739,270.0163,269.5314,270.8869,0.0000,273.3246,267.0849,286.0256,285.7763,269.7752,269.2730,306.3995,275.6670,272.7811,287.8387,282.0163,272.1271,282.1864,318.2804,281.8724,310.7877,341.5344,336.1829,324.1918,298.2142,264.1872,284.7057,284.5005,278.9023,294.0467,277.8775,270.5405,277.5829,278.4497,326.2834,339.4169,275.9134,276.8326,277.1565,277.1681,276.8361,273.9652,277.1260,278.1067,279.6631,277.2141,277.2756,272.8465,272.6931,264.9129,269.5340,0.0000,272.1765,273.1626,272.1761,267.3430,267.5095,270.2354,272.8726,272.3198,323.2116,268.5177,271.3222,270.2236,271.3716,271.1909,275.1444,258.6636,268.5076,271.1886,278.4602,282.8070,318.2393,318.2393,326.9311,270.8604,276.4241,270.5279,275.2035,275.8849,269.6467,267.6517
26.0000,303.9415,267.6148,268.2489,267.0454,259.6176,272.1572,269.9235,301.0502,272.9607,305.2607,290.6365,302.0508,273.6420,279.3901,265.3717,263.9932,273.9032,273.4657,271.4969,265.4812,269.2301,265.9803,267.4078,268.2517,274.7461,278.2767,278.9649,282.9065,319.3728,267.1914,268.4173,268.9063,322.8365,303.2016,300.2030,296.0487,272.0016,287.9908,272.2873,304.8888,323.7894,288.8739,291.5927,325.4931,326.0231,273.6665,275.2897,273.9934,261.1218,287.9167,286.0649,283.5850,287.7651,274.4291,288.9045,285.3497,271.4197,285.4521,267.1015,261.6533,274.0485,274.1631,283.2760,283.6266,279.3427,275.5203,275.7096,279.1297,275.7861,277.0969,290.6815,276.7731,267.2637,274.0879,273.1642,262.2435,269.2891,320.0489,304.1553,285.9355,266.9371,274.2179,272.0904,272.1619,273.3026,273.7903,274.3116,273.8408,273.0210,300.3572,272.5288,271.8756,271.3703,266.7292,264.8260,290.5700,291.7084,283.4061,0.0000,289.8684,295.3266,273.1518,269.1010,299.6438,270.1020,269.8623,270.6526,273.3068,273.4724,267.1814,273.9473,289.0321,302.5687,276.0253,270.0219,266.3751,274.2751,294.4698,270.4778,285.0260,275.2313,272.9923,273.6214,265.8411,271.9943,276.6908,304.4188,271.0106,269.2131,269.2622,265.1413,262.7177,264.5533,295.7794,268.9821,278.7129,272.8953,273.8690,274.2940,275.1757,266.7473,268.7717,267.2782,267.2796,275.1333,265.0532,265.8248,263.7667,274.0972,275.3074,311.3648,311.3649,306.3945,268.1214,278.4426,260.6716,270.3388,267.6204,269.8824,269.4063,270.7646,0.0000,273.1647,267.0256,285.9529,285.6808,269.6424,269.1214,305.1757,275.4654,272.6157,287.8037,282.0163,271.9493,282.1846,315.4596,281.4598,310.1099,339.9964,333.8394,322.8290,297.1225,264.3227,284.5338,284.3458,278.7445,292.9558,277.7449,270.4421,277.4432,278.2724,325.3012,337.9576,275.7546,276.6934,276.8760,276.8919,276.5664,273.7644,276.8464,277.9738,279.5853,276.9366,276.9759,272.6080,272.5288,264.8328,269.4089,0.0000,271.8838,272.9900,271.8835,267.3600,267.5290,270.0805,272.7558,272.1030,321.8832,268.4174,271.1303,270.0791,271.1778,270.8522,274.8900,258.9534,268.5741,270.8499,278.1830,282.8070,316.9752,316.9752,325.5132,270.7382,276.3228,270.4023,275.1177,275.7922,269.4721,267.5180
27.0000,305.0039,267.7003,268.3192,267.2960,259.9363,272.5408,270.2726,302.7662,273.2184,308.3117,291.6901,304.4446,273.9930,279.5824,265.5329,264.2446,273.8892,273.4579,271.4822,265.7075,269.5535,266.4024,267.7887,268.5291,275.1658,278.6277,279.3235,283.3021,321.4519,267.2838,268.6130,269.0762,324.9241,304.1793,301.1284,297.4215,272.2535,288.6423,272.5383,305.9842,325.5644,289.9332,292.6047,327.3293,328.1026,273.7774,275.1315,273.8019,261.4097,288.0232,286.1705,283.5664,287.9960,274.7135,288.8541,285.3001,271.4051,285.5465,267.1818,262.9191,274.1069,274.2119,283.3630,283.7072,279.5241,275.6268,275.8519,279.0863,275.8980,277.2658,290.7909,276.8973,268.1075,274.1461,273.3244,262.2654,269.2585,322.1393,306.1018,286.5851,267.9148,274.1655,272.3418,272.4071,273.5571,274.0399,274.5560,274.0842,273.2678,301.7568,272.7338,272.1304,271.6511,266.9241,264.9584,291.6846,292.7397,283.8023,0.0000,290.9315,296.6787,273.3916,269.3573,300.4731,270.1359,269.9181,270.7271,273.3805,273.5374,267.4332,274.1320,289.1435,304.3939,276.2234,270.3365,266.8776,274.5437,295.0128,270.8022,284.9931,275.2046,273.2247,273.8402,265.9139,272.1095,276.9299,307.7012,271.0932,269.3145,269.3636,265.1454,263.0769,264.9573,296.9852,269.1640,279.0288,273.1348,274.1045,274.5192,275.2959,267.1192,269.1386,267.5473,267.5488,275.0990,265.1407,266.0906,264.0494,274.1856,275.4116,312.7326,312.7327,307.7570,268.2922,278.5274,261.3796,269.9146,267.5636,270.1521,269.7467,270.8501,0.0000,273.0301,267.2756,286.0542,285.7683,269.9831,269.4973,307.6408,275.6035,272.8197,288.0676,282.0163,271.9107,282.1984,313.3672,281.7566,311.1715,341.4628,334.9600,324.9145,298.3853,264.5740,284.6208,284.4355,278.8243,292.0074,277.9032,270.7934,277.7986,278.6238,326.5328,339.3782,276.1805,276.7350,276.7203,276.7295,276.4808,273.7242,276.6919,277.9362,279.5418,276.7760,276.7739,272.5936,272.7339,264.9652,269.7493,0.0000,271.9115,273.2473,271.9112,267.6285,267.7972,270.3131,272.7418,272.1025,323.9600,268.6132,271.0976,270.1053,271.1369,270.9083,275.1201,260.1659,268.6689,270.9062,278.6722,282.8070,319.0334,319.0334,327.5936,270.8251,276.3126,270.4862,275.1880,275.8833,269.7118,267.6046
28.0000,286.2168,267.6842,268.2991,267.2132,259.8073,271.6029,270.1431,301.9766,273.1809,307.4751,291.0876,303.6270,274.0371,279.5052,266.1437,264.8566,273.9956,273.6549,271.8107,265.5825,269.1291,266.0587,267.3447,268.4051,273.7554,277.3017,277.8517,282.5528,320.4283,267.2694,268.5586,269.0201,323.8582,288.8909,286.8967,296.7585,272.2312,284.4996,272.5515,287.1526,305.8541,288.6848,291.9305,307.5399,326.9930,274.5749,275.9597,274.6645,262.1901,288.4347,286.4802,284.4645,288.5784,275.4121,289.5419,286.1966,271.5487,286.0414,267.9563,264.6804,274.6934,274.8308,283.8417,284.1848,280.1271,276.1711,276.4230,279.8658,276.4704,277.7969,291.2502,277.5465,269.3125,274.7343,274.0518,262.2896,269.3914,321.1008,305.3093,284.1237,267.0946,274.3355,272.3197,272.3903,273.5081,273.9853,274.5335,274.0606,273.2312,300.7103,272.7644,272.1487,271.6291,266.9406,264.9747,290.2807,291.1714,283.0417,0.0000,290.3768,296.0313,273.4436,269.2362,287.7177,270.4693,270.2595,271.1910,273.9369,274.1060,267.6281,274.1674,289.6077,303.6287,276.2917,270.5020,266.5568,274.5224,287.2191,270.7078,285.8931,275.8890,273.2313,273.8560,265.9163,272.8864,276.8847,306.8681,271.6139,270.0854,270.1347,265.2068,264.2796,263.5995,295.6548,269.1116,278.9480,273.1275,274.0908,274.5043,276.1164,266.9011,268.6458,267.8362,267.8378,275.7756,265.1407,266.7502,264.8038,274.7214,275.9528,311.7513,311.7514,306.7509,268.2474,278.6212,261.8992,270.4630,268.1085,270.1570,269.6384,271.3729,0.0000,273.4356,267.1937,286.3624,286.1000,269.8847,269.3900,306.8176,275.6728,272.8504,288.3788,282.0163,272.2766,282.2147,313.6678,281.3114,295.6434,324.8757,334.1485,323.8494,297.1359,265.1242,285.0917,284.8850,279.3698,292.1808,278.4896,270.6243,277.0446,277.3171,310.4880,322.8648,274.8002,277.6675,277.5422,277.5423,277.2124,274.3916,277.5127,278.6761,280.3226,277.5916,277.7248,273.2483,272.7644,264.9814,269.6409,0.0000,271.9726,273.2102,271.9723,267.9522,268.1262,270.3117,272.9035,272.3753,322.9147,268.5587,271.4055,270.4293,271.4321,270.8831,275.1004,261.8957,269.1169,270.8810,276.9428,282.8070,318.0461,318.0461,326.4911,271.3489,277.2122,271.0083,275.6991,276.4110,269.6567,268.3765
29.0000,286.2430,267.5943,268.2081,267.0810,259.6724,271.4890,269.9837,301.8158,273.1430,307.2565,290.5954,303.2045,274.2795,279.5895,265.3586,264.1787,273.3731,273.0587,271.0955,265.4907,268.8561,265.7056,267.0253,268.1037,273.6578,277.2568,277.8317,282.5216,320.2770,267.1757,268.5097,269.0165,323.6786,288.9490,286.9190,296.4407,272.1903,284.4324,272.4588,287.1774,305.8501,288.6396,291.2683,307.5333,326.8550,274.4322,275.7419,274.4634,261.3258,288.3765,286.4435,284.5629,288.5075,275.4375,289.7105,286.3396,271.1111,286.0046,267.8073,266.5016,274.4079,274.5504,283.7560,284.0972,280.0082,275.9373,276.2278,279.5738,276.1589,277.4602,291.1536,277.2824,270.2359,274.4488,273.7820,262.1521,268.9740,320.9610,305.0486,284.0444,267.0638,273.7252,272.2812,272.3512,273.4758,273.9629,274.4844,274.0183,273.2019,300.4837,272.6210,272.0266,271.4692,266.7521,264.8046,290.3543,291.0337,283.0103,0.0000,289.9807,295.6909,273.4154,268.9549,287.7876,269.8459,269.6832,270.7989,273.6510,273.8141,267.3421,274.0555,289.5076,303.3499,276.2119,270.2343,266.1669,275.3436,287.3095,270.6167,286.0492,275.6239,273.1544,273.7858,265.8172,272.7228,276.9463,306.6170,271.3102,269.9269,269.9761,264.9735,263.0769,263.5054,295.4911,269.0759,279.2409,273.1092,274.0429,274.4750,276.0045,266.9352,268.6180,267.3579,267.3593,275.5118,265.0979,265.9758,263.9565,274.4450,275.7102,311.0191,311.0192,306.2536,268.1876,278.5071,261.0148,269.7067,267.3317,269.9698,269.5342,271.0713,0.0000,272.6628,267.0653,286.3229,286.0550,269.8017,269.3416,306.5785,275.5186,272.7089,288.4452,282.0163,271.5200,282.2182,315.5813,281.3328,295.7417,322.1108,332.7644,323.6676,296.9580,264.5044,285.0318,284.8198,279.2100,292.9251,278.3285,270.4505,276.9329,277.2691,310.6681,320.5134,274.7277,277.4056,277.3187,277.3209,276.9694,274.1259,277.2888,278.4012,280.0301,277.3695,277.4929,272.9975,272.6210,264.8114,269.5368,0.0000,271.3114,273.1722,271.3111,267.4593,267.6340,270.1542,272.3987,271.6589,322.7661,268.5097,270.6549,269.7956,270.6707,270.2205,275.0717,263.5922,268.4061,270.2185,276.8508,282.8070,317.8776,317.8776,326.3461,271.0475,276.9709,270.7087,275.4635,276.1855,269.8174,268.2203
30.0000,286.6107,267.6980,268.3066,267.1510,259.8070,271.5616,270.0251,302.6713,273.2328,308.0743,291.6067,304.0330,274.2214,279.5582,265.5235,264.2372,273.5266,273.2959,271.0821,265.6465,268.9238,265.6991,267.0589,268.1729,273.7684,277.3860,277.9769,282.7011,320.7550,267.2809,268.6212,269.1490,324.1944,289.3530,287.2681,297.2570,272.2863,284.6943,272.5734,287.5502,306.3254,289.1014,292.5746,308.0178,327.4049,274.6512,275.9315,274.6263,261.3763,288.5111,286.5506,284.8145,288.8061,276.1026,289.8906,286.5661,271.3560,286.1269,268.0118,269.3937,274.5802,274.7141,283.8952,284.2364,280.3261,276.1791,276.5389,279.6881,276.4041,277.7604,291.3121,277.7518,272.2912,274.6159,273.9560,262.2631,269.2843,321.4186,305.7656,284.3376,267.0946,274.0191,272.3771,272.4499,273.5586,274.0403,274.5604,274.1087,273.2890,301.2959,272.7595,272.1519,271.6246,266.8735,264.9223,290.5985,291.6101,283.2176,0.0000,290.8323,296.5216,273.5262,269.0255,288.1499,269.8185,269.6836,270.9073,273.8288,273.9858,267.4464,274.1881,289.6894,304.0987,276.3155,270.2411,266.0927,276.5488,287.5929,270.7062,286.2504,275.7964,273.2749,273.9157,265.9289,272.9310,276.9890,307.4365,271.4695,270.1318,270.1811,265.1526,263.0769,263.6118,296.1767,269.1884,279.3113,273.2000,274.1439,274.5862,276.2456,266.9196,268.6308,267.4329,267.4344,275.6860,265.0979,266.0143,263.9962,274.6404,275.9448,312.3824,312.3825,307.3702,268.2975,278.6898,260.8018,270.3015,267.6643,270.0990,269.6235,271.2289,0.0000,272.8028,267.1352,286.4288,286.1689,269.8794,269.3874,307.3458,275.6886,272.8478,288.6251,282.0163,271.5618,282.2276,317.7663,281.4147,296.1798,325.8184,335.6375,324.1761,297.6802,264.5696,285.1558,284.9519,279.3643,293.8530,278.6465,270.4892,277.0173,277.3967,311.1058,323.7722,274.8506,277.5183,277.5136,277.5177,277.1550,274.3039,277.4836,278.5332,280.1445,277.5658,277.6751,273.1928,272.7596,264.9291,269.6260,0.0000,271.2677,273.2621,271.2674,267.5355,267.7139,270.2933,272.6467,271.6352,323.2184,268.6211,270.5920,269.7567,270.6136,270.0767,275.1338,266.5141,268.5995,270.0748,277.0165,282.8070,318.3932,318.3932,326.8895,271.2041,277.0722,270.8711,275.6703,276.4196,270.1092,268.4234
31.0000,286.8836,267.7277,268.3249,267.2665,259.9732,271.6026,270.0187,302.4917,273.3576,307.5795,291.4735,303.3068,274.4370,279.9542,265.4327,264.0822,273.3990,273.2033,270.7967,265.8014,268.9208,265.6551,267.0203,268.1695,273.8436,277.5450,278.1718,282.9794,320.4387,267.3165,268.7379,269.2699,323.8936,289.6106,287.5135,297.0066,272.3946,284.8571,272.6492,287.8298,306.7422,289.1145,292.4547,308.4470,327.0674,274.5581,276.0013,274.6242,261.1117,288.5647,286.6063,284.6971,289.0842,276.5994,289.9244,286.4606,271.2997,286.2085,267.8923,272.0800,274.6896,274.8168,283.9795,284.3189,280.7592,276.2832,276.7132,279.7326,276.7106,278.2142,291.4014,278.1963,274.0387,274.7292,273.8521,262.3038,269.2013,321.0970,305.4587,284.4905,268.0646,273.9392,272.4848,272.5326,273.7040,274.1998,274.6539,274.2101,273.4132,301.2003,272.7562,272.2108,271.6816,266.9062,264.9578,290.6441,291.6704,283.5052,0.0000,290.6967,296.2978,273.5905,269.0242,288.4173,269.5913,269.4964,270.8590,273.9163,274.0900,267.4414,274.1715,289.7884,303.8071,276.2604,270.1367,266.1080,276.7847,287.8933,270.8877,286.1485,275.9009,273.3463,273.9862,265.9624,272.8329,277.2268,306.9047,271.4884,270.0250,270.0742,265.1512,262.6932,263.6893,296.1961,269.3027,279.4985,273.2967,274.2335,274.6773,276.1734,266.9058,268.6420,267.3549,267.3569,275.7818,265.1969,265.8045,263.7505,274.7153,276.0430,312.1680,312.1681,307.2196,268.3947,278.6355,259.9732,270.4924,267.6188,270.1626,269.8186,271.2353,0.0000,272.4047,267.2534,286.4842,286.2328,270.0721,269.6220,306.9394,275.6429,272.8444,288.4878,282.0163,271.2341,282.2204,319.1893,281.7462,296.3406,322.8532,335.8398,323.8829,297.6748,264.4368,285.2350,285.0317,279.4603,294.2989,278.9119,270.4823,277.0937,277.5532,311.1575,321.2402,274.9314,277.6850,277.6006,277.6009,277.2434,274.4216,277.5705,278.5922,280.1891,277.6501,277.7854,273.3341,272.7562,264.9646,269.8213,0.0000,271.2063,273.3862,271.2060,267.4520,267.6349,270.3333,272.5740,271.4462,322.9235,268.7379,270.2580,269.5184,270.2846,270.0857,275.3257,269.3049,268.5080,270.0842,277.1154,282.8070,318.0783,318.0783,326.5590,271.2079,277.2401,270.8847,275.7152,276.5015,270.2815,268.3062
32.0000,286.3927,267.6552,268.2479,267.2523,259.9924,271.5311,269.9947,302.0310,273.2086,307.0087,291.0373,302.7347,274.2947,279.0418,265.6655,264.2762,273.4772,273.3002,271.0088,265.6111,268.9425,265.7344,267.0800,268.2086,273.7058,277.3503,277.9603,282.2266,319.7504,267.2466,268.6686,269.1962,323.2142,289.1353,287.0641,296.5291,272.2447,284.4698,272.4980,287.3276,306.0088,288.7045,291.9899,307.6928,326.4221,275.2239,276.9617,275.5587,261.4099,289.0272,286.9269,285.5447,290.0738,278.0072,290.7746,287.3865,271.3411,286.7841,268.5566,276.7931,275.6180,275.7478,284.5878,284.9222,281.8736,277.1459,277.6664,280.7313,277.7454,279.3210,292.0734,279.6319,277.2262,275.6643,274.4350,262.2434,269.2060,320.3978,304.8981,284.0507,268.0646,274.0486,272.3349,272.4153,273.5303,274.0052,274.5099,274.0643,273.2532,300.7751,272.6636,272.0861,271.5794,266.8569,264.9044,290.2614,291.2468,282.7442,0.0000,290.2798,295.8256,273.4833,269.0528,287.9806,269.8573,269.7857,271.4813,274.8055,275.0135,267.4127,274.0671,290.4666,303.2617,276.1588,270.1934,266.1701,276.6792,287.5255,270.8107,287.1038,276.8811,273.2182,273.8607,265.8941,273.4820,276.6437,306.3336,272.2670,270.6769,270.7263,265.1129,263.0769,263.5585,295.7819,269.2323,278.8564,273.1606,274.0918,274.5298,276.8517,266.9273,268.6245,267.4495,267.4515,276.7583,265.1969,266.0466,264.0268,275.5488,276.8971,311.7720,311.7721,306.8054,268.3252,278.5020,260.3819,270.6921,267.8557,270.0966,269.7599,272.0143,0.0000,272.7397,267.2379,286.8119,286.6373,270.0094,269.5498,306.3410,275.5327,272.7513,288.4751,282.0163,271.4698,282.2198,318.9587,280.9190,295.9551,325.4988,334.9366,323.2031,297.2601,264.5979,285.8067,285.5867,280.2287,294.2791,279.9246,270.4625,276.9860,277.3615,310.8826,323.4734,274.7786,278.5555,278.5569,278.5575,278.2115,275.4561,278.5267,279.5900,281.1894,278.6067,278.7181,274.4690,272.6636,264.9112,269.7625,0.0000,271.1900,273.2372,271.1897,267.5508,267.7316,270.2492,272.6310,271.5728,322.2284,268.6686,270.4271,269.7738,270.4532,269.9808,274.8979,273.9231,268.6873,269.9793,276.8860,282.8070,317.4101,317.4101,325.9082,271.9849,278.1348,271.6754,276.5413,277.3471,270.1544,268.9647
33.0000,285.6307,267.7127,268.2782,267.5832,260.3877,271.5637,270.0070,301.9214,273.6190,306.2475,290.5874,302.1426,274.4687,278.8984,265.6922,264.5430,273.6497,273.3665,272.0404,265.6473,269.3139,266.6965,267.8879,268.4975,273.6549,277.1098,277.6817,281.9253,318.1784,267.3126,268.8833,269.3659,321.6494,288.3213,286.3849,295.9306,272.8846,284.1350,273.0549,286.5407,304.7114,288.1046,291.4861,306.3493,324.8068,276.1057,279.7205,278.2975,261.5773,290.1024,287.7813,286.6222,292.0460,280.6785,292.1366,288.5212,271.3590,288.1337,269.5069,282.9529,278.0755,278.2517,286.0957,286.4133,284.3122,279.2991,279.9133,283.4268,280.3377,281.9674,293.6077,282.1454,281.5879,278.1204,275.3351,262.2435,269.2194,318.7817,303.8590,283.7240,268.0646,274.0891,272.9778,273.1476,273.9560,274.4509,274.9201,274.4960,273.8446,300.3690,273.2011,272.6677,272.1115,267.2679,265.1694,289.7153,290.7403,282.4301,0.0000,289.8726,295.2081,273.8589,269.2683,287.2833,270.9653,270.8869,273.3381,277.1569,277.4485,267.8956,274.5821,292.0220,302.2872,276.6923,270.3077,266.8736,277.1495,287.0571,271.1743,288.2420,279.5454,273.7447,274.4129,265.9273,274.3778,276.7252,305.5988,274.4629,271.5950,271.6445,265.1145,263.0769,263.5097,295.2903,269.4420,278.5758,273.7335,274.5558,275.0078,277.6711,266.9206,268.6299,267.8475,267.8495,279.4076,265.5183,266.3862,264.2683,277.7101,279.0420,311.3212,311.3213,306.3770,268.5040,279.2415,260.5959,270.7271,267.8989,270.5357,270.1141,274.2677,0.0000,273.7992,267.5695,287.6766,287.6234,270.3572,269.8331,305.3848,276.2110,273.2893,288.7836,282.0163,272.5012,282.2359,318.0491,280.6263,294.9415,323.6290,334.3394,321.6467,296.7848,264.8964,287.1852,286.9416,282.2247,293.9443,282.2253,270.4930,276.8612,277.1253,309.4229,321.6681,274.7031,281.1763,281.3477,281.3465,280.9424,278.2176,281.3154,282.2687,283.8865,281.3964,281.4830,277.7010,273.2011,265.1762,270.1166,0.0000,271.6712,273.6483,271.6710,267.9531,268.1067,270.7245,272.6665,272.4441,320.6287,268.8834,271.4344,270.8756,271.4500,270.4896,275.2001,279.9729,268.7297,270.4885,276.7515,282.8070,315.9218,315.9218,324.3023,274.2368,280.7374,273.9811,278.7459,279.5221,270.3302,269.9078
34.0000,285.2603,267.7652,268.3184,267.7568,260.6170,271.6015,270.0582,300.7545,273.8272,305.5067,290.4776,301.5825,274.3777,278.6743,265.7537,264.7570,273.6187,273.0411,273.8198,265.7875,269.4431,266.8020,267.9985,268.6607,273.6715,277.2119,277.8007,281.7013,317.3793,267.3688,269.0095,269.4962,320.8243,287.9088,286.0501,295.5762,273.0953,283.9928,273.2557,286.1592,304.1010,287.7799,291.4429,305.7183,323.9484,278.1042,284.5579,283.1088,261.7833,292.0861,289.3836,288.9059,294.2587,284.9307,294.7032,290.8404,271.1231,290.6408,271.4848,291.0012,282.4224,282.6491,288.8646,289.1738,285.9768,283.0079,283.6321,288.2315,284.8827,286.5899,296.3030,286.7594,287.8953,282.4759,277.1240,262.2435,269.0110,317.9627,303.3237,283.5295,267.8969,273.7275,273.1899,273.3952,274.1717,274.6740,275.1337,274.7083,274.0795,299.5790,273.4756,272.8880,272.3194,267.5692,265.3594,289.2844,290.3439,282.2131,0.0000,289.7263,294.8929,274.0096,269.4157,286.9582,272.8901,272.8003,276.7918,281.3719,281.7676,268.1123,274.8455,294.8028,301.7873,276.9658,270.3569,266.9898,277.7384,286.9309,271.3494,290.5562,284.3586,273.9652,274.6485,265.9623,276.3064,276.6361,304.8870,278.6071,273.5230,273.5729,265.0482,263.0769,263.5334,294.7214,269.5694,278.2619,273.9440,274.7702,275.2198,279.6952,266.9095,268.6390,268.1851,268.1874,284.2219,265.6905,266.8588,264.5963,281.5350,282.7429,309.8336,309.8337,305.2204,268.6132,279.5433,260.9693,270.7015,267.9484,270.7591,270.2762,278.6119,0.0000,275.5543,267.7430,289.2943,289.4329,270.5108,269.9261,304.7326,276.5261,273.5640,289.5524,282.0163,274.2818,282.2760,318.2570,280.3875,294.3042,322.1188,332.4011,320.8225,296.1546,265.1108,289.7318,289.4371,285.8196,294.0429,285.2859,270.5522,276.9732,277.2276,308.3592,320.2334,274.7123,285.7979,286.2277,286.2260,285.7424,283.4826,286.1920,287.1019,288.7037,286.2773,286.3365,282.8921,273.4756,265.3662,270.2786,0.0000,272.2022,273.8566,272.2021,268.3036,268.4488,270.9722,272.3814,273.8308,319.8057,269.0095,273.1833,272.7953,273.1838,271.0274,275.2462,287.9148,268.6389,271.0263,276.7040,282.8070,315.1642,315.1642,323.4494,278.5893,285.2886,278.4440,282.8427,283.3655,270.4992,271.8737
35.0000,288.5619,268.1842,268.7406,268.2265,261.0918,275.1022,273.5907,302.4758,274.2924,306.5906,291.4962,303.0880,274.6771,280.6790,265.5533,265.2535,272.1487,271.0062,275.6830,266.3108,270.6255,267.3530,268.6352,269.3614,278.2311,282.1950,282.8579,283.6526,307.5319,267.7853,269.4293,269.9171,310.9076,291.3100,289.4393,297.1526,273.5621,287.5235,273.7374,289.4525,307.2175,289.7253,292.3104,308.8188,313.9462,280.7749,289.7293,288.3099,262.2489,294.1984,291.1719,292.1099,295.4493,288.9292,297.8108,294.0561,269.9104,293.4355,274.1491,298.2782,286.9307,287.2160,291.8755,292.2196,285.9768,286.7372,287.2620,293.3073,289.5196,291.2332,298.9995,291.4391,293.2751,286.9860,279.4439,262.5995,268.1495,308.1098,303.6119,286.5632,268.1344,271.6728,273.6564,273.8309,274.6344,275.1353,275.6170,275.1818,274.5285,301.4151,273.8552,273.3131,272.6720,268.1123,265.8342,291.4690,292.5370,283.4846,0.0000,290.7634,296.2389,274.4702,269.9434,290.7394,274.9673,274.8772,280.4736,285.7604,286.2454,268.5554,275.2094,297.6489,303.4128,277.2610,273.7065,268.5521,277.9356,291.4931,271.7717,293.6715,289.4594,274.4239,275.1591,266.3508,278.8733,277.9880,306.0379,283.0194,276.1006,276.1510,264.9983,263.0769,278.2540,296.7764,269.9939,279.7550,274.4037,275.2405,275.6884,282.4006,269.6868,271.6926,268.7525,268.7546,289.3355,266.0607,267.4953,265.1143,285.4927,286.4708,311.0063,311.0064,306.7038,269.0323,279.8365,261.3976,270.5648,267.7925,271.1844,270.6783,283.2584,0.0000,277.5569,268.2077,291.0914,291.3951,270.9060,270.3334,305.3638,276.8614,273.9431,290.4222,282.0163,276.1699,282.3213,320.9899,282.4412,297.2380,322.5152,333.3517,310.9050,298.1536,265.5993,292.5340,292.1688,289.5656,294.9407,287.7549,274.0648,281.3267,282.1916,310.2185,320.8811,279.2762,290.7009,291.4067,291.4064,290.9228,289.1324,291.3672,292.2656,293.7971,291.4592,291.4778,288.1624,273.8552,265.8410,270.6808,0.0000,271.8379,274.3222,271.8380,268.8587,268.9945,271.4013,270.8041,274.9855,309.8817,269.4293,275.0126,274.8687,275.0050,270.7294,276.2817,294.5531,267.7151,270.7283,280.7999,282.8070,304.4890,305.3571,313.4607,283.2523,290.1435,283.2099,287.1080,287.2723,270.8935,274.5154
36.0000,287.9029,267.7461,268.2475,267.9229,260.7018,274.5685,273.1087,300.7275,273.7571,304.3086,289.9210,300.9370,273.7642,279.5824,265.2926,265.1763,271.3220,269.9310,276.1203,264.9622,270.2235,266.8744,268.1921,269.0253,277.6170,281.5680,282.2144,282.4605,304.8525,267.3445,268.9448,269.3421,308.1985,290.5781,288.7281,295.4139,273.0196,286.6338,273.2022,288.8065,306.8403,288.3136,290.6857,308.4658,311.1996,280.7879,291.4092,290.0541,262.1426,295.2969,292.1325,290.1220,296.2603,290.5274,298.5195,292.8179,269.0063,295.0949,273.9680,301.6133,288.4322,288.7366,293.3979,293.8317,286.5296,288.0520,288.6422,295.0247,290.9423,292.5739,300.0632,293.0693,295.7590,288.4889,279.6800,262.2435,267.3658,305.3118,301.3695,285.5547,267.0946,270.3404,273.1116,273.2695,274.1177,274.6277,275.0914,274.6558,273.9964,299.8256,273.7492,272.8097,272.2250,267.8070,265.5118,290.0237,291.2383,282.1930,0.0000,289.3642,294.4010,273.8945,269.5899,290.2153,275.4989,275.4014,281.6554,287.2210,287.7352,268.1834,275.1096,298.7725,301.1075,277.2776,273.2953,267.9609,276.8511,291.3869,271.2468,292.6526,291.1473,273.9142,274.6187,265.9301,278.8909,277.0945,303.7750,284.4892,276.0300,276.0804,264.4954,263.0769,277.6391,295.3263,269.5261,278.6603,273.8395,274.7211,275.1710,282.6757,269.2905,271.2185,268.5466,268.5491,291.0336,265.8508,267.5036,265.0797,286.8216,287.7786,309.4148,309.4148,305.1186,268.5583,280.5305,261.1112,271.0734,267.8848,270.7830,270.1569,284.8191,0.0000,278.1058,267.9046,292.0420,292.3837,270.3642,269.8346,303.1092,277.2407,273.8433,290.9877,282.0163,276.6260,282.3507,326.8703,281.2956,296.2324,314.8231,332.0614,308.1962,296.6590,265.4788,294.0743,293.6086,291.0665,296.9162,288.9849,273.5800,280.7647,281.5656,308.3883,314.0085,278.6211,292.1420,293.0484,293.0524,292.6119,291.0255,293.0085,294.0199,295.5175,293.1044,293.0905,289.9316,273.7492,265.5186,270.1593,0.0000,271.4111,273.7871,271.4113,268.6641,268.8044,271.0450,269.7990,275.2026,307.1874,268.9448,275.4008,275.4011,275.3958,270.2988,275.5425,297.5475,267.1325,270.2978,280.0655,282.8070,302.0893,302.8875,310.7201,284.8191,291.5874,284.8167,288.5374,288.6205,269.9903,274.3711
37.0000,291.4550,267.6920,268.2012,267.8248,260.6152,275.2131,273.5487,302.7662,273.8752,306.3155,291.0405,302.7574,273.6157,279.5824,265.3727,265.3900,271.5263,270.1463,274.9592,265.1769,270.3830,266.6512,268.1498,269.0654,278.4082,282.4601,283.1414,282.9806,306.3825,267.2819,268.8309,269.2326,310.0397,294.3773,291.9952,296.8648,273.1787,288.1303,273.3648,292.4385,312.1124,290.2645,291.8043,313.8859,313.2432,279.9710,288.7991,287.4629,262.0898,294.1715,291.2405,289.5362,295.2404,288.1789,297.6115,292.2395,269.2027,293.7828,273.1000,298.9548,285.8011,286.1141,291.9015,292.3669,285.9768,285.6682,286.3243,292.3558,288.2934,289.9086,298.5215,290.5768,293.3218,285.8561,278.5739,262.2435,267.7360,306.8817,302.9251,286.8118,267.0946,270.5614,273.2785,273.4459,274.2598,274.8153,275.3152,274.8365,274.1847,301.9467,273.7989,272.9488,272.2839,267.7129,265.4514,291.9840,293.0367,282.8013,0.0000,290.4564,295.7548,274.2024,269.6419,293.7935,274.2375,274.1459,279.0890,284.5907,285.0843,268.3441,275.1403,297.1782,302.6307,277.2341,273.7842,267.5888,278.6940,294.5395,270.8233,292.0602,288.5213,274.1188,274.9250,265.8889,278.0256,277.2670,305.7521,281.3302,275.1631,275.2133,264.6219,263.0769,278.4195,297.2597,269.4278,279.2269,274.0723,274.9154,275.3502,281.9967,270.0668,271.9156,268.4113,268.4137,288.4045,265.8149,267.2422,264.9227,284.4409,285.3911,313.3037,313.3038,308.2734,268.4567,281.1071,260.8351,271.6990,268.1945,270.7455,269.8921,281.6804,0.0000,276.9388,267.8035,291.1393,291.3897,270.1052,269.5184,304.8766,277.5516,273.9002,290.4911,282.0163,275.4709,282.3249,325.8001,281.5930,301.2808,330.1345,339.4789,310.0491,298.6428,265.6845,292.7140,292.2707,289.0158,296.5652,287.2955,274.0224,281.4378,282.4501,316.4310,328.3839,279.3387,289.6015,290.4223,290.4260,289.9913,288.4045,290.3825,291.3758,292.8439,290.4775,290.4765,287.3080,273.7989,265.4582,269.8939,0.0000,271.2834,273.9072,271.2836,268.5154,268.6618,271.0495,270.0191,274.4060,308.8664,268.8308,274.2183,274.1440,274.1955,270.2150,275.6464,295.0429,267.2661,270.2139,280.9990,282.8070,303.6174,304.4072,312.7333,281.6804,289.0702,281.6804,285.7143,286.0942,270.3117,273.4911
38.0000,292.4071,267.6700,268.1715,267.8642,260.5801,275.5425,273.8420,304.3978,273.9860,308.3891,292.2120,304.6644,273.7196,279.5824,265.6197,265.5222,271.7651,270.3953,275.0829,265.0003,270.4948,266.6315,268.1498,269.1504,278.8070,282.8985,283.5918,283.2916,308.5882,267.2653,268.8403,269.2077,312.4515,295.4691,292.9454,298.3206,273.2929,288.8070,273.4951,293.3942,313.1408,291.5767,293.0011,314.9208,315.8381,279.9903,288.6665,287.3214,262.1651,294.2416,291.2670,289.5274,295.3476,288.2595,297.6940,292.2295,269.3756,293.8334,273.1174,298.8196,285.9007,286.2089,291.9615,292.4282,285.9768,285.7997,286.4379,292.3070,288.4085,290.0504,298.6104,290.6520,293.2859,285.9484,278.6106,262.2435,267.9879,309.1508,304.8232,287.5039,267.0946,270.8331,273.3926,273.5576,274.3697,274.9247,275.4534,274.9568,274.2953,303.6049,273.9152,273.0890,272.4441,267.8192,265.5194,293.2755,294.3056,283.1112,0.0000,291.5984,297.1728,274.3327,269.7250,294.8427,274.4097,274.3046,279.2397,284.7087,285.1928,268.4807,275.2246,297.2618,304.5210,277.3020,274.0479,267.7628,277.0853,295.5111,270.9022,292.0568,288.5190,274.2442,275.0626,265.8654,278.0456,277.3077,307.8010,281.4750,275.1814,275.2316,264.7080,263.0769,278.8191,298.7763,269.4333,279.1915,274.1792,275.0340,275.4494,282.0094,270.4121,272.2500,268.5042,268.5069,288.3928,265.8149,267.3119,264.9879,284.5678,285.5226,315.4305,315.4306,310.2172,268.4599,281.2224,260.4482,273.0484,268.9051,270.8704,269.9630,281.8343,0.0000,277.1184,267.8418,291.1677,291.4293,270.1741,269.6148,306.8305,277.6753,274.0173,290.5798,282.0163,275.5922,282.3295,323.5912,281.7652,302.6746,333.1991,341.8128,312.4581,300.2182,265.8173,292.7679,292.3239,289.0963,295.6981,287.3765,274.3165,281.8075,282.8863,318.6067,331.3425,279.7439,289.7035,290.2702,290.2793,289.8975,288.3928,290.2321,291.3393,292.7949,290.3291,290.2390,287.3346,273.9153,265.5263,269.9648,0.0000,271.4573,274.0183,271.4574,268.6091,268.7563,271.1772,270.2422,274.5284,311.1929,268.8402,274.3448,274.3227,274.2731,270.3734,275.7299,294.9768,267.5139,270.3723,281.4872,282.8070,305.5887,306.4507,315.2984,281.8343,289.1659,281.8343,285.9101,286.2534,269.9894,273.5098
39.0000,292.4786,268.4414,268.9427,268.4499,261.1782,275.7918,274.1711,304.9817,274.6396,309.1461,292.7980,305.5277,274.4327,279.5824,265.8847,265.7613,272.2888,270.9117,275.4557,265.7525,270.7517,266.5325,268.1498,269.5300,279.0498,283.1896,283.8895,283.4181,309.2816,268.0417,269.5997,269.9693,313.0660,295.6242,293.0734,298.9607,273.9254,289.0286,274.0649,293.4502,312.8761,291.9590,293.5787,314.6272,316.4539,280.2075,288.5817,287.2259,262.3118,294.2159,291.2485,289.5942,295.3940,288.2573,297.7544,292.2723,270.0083,293.7977,273.2934,298.7502,285.8971,286.1868,291.9355,292.3924,285.9768,285.7992,286.4379,292.2695,288.3964,290.0464,298.6485,290.6270,293.2585,285.9417,278.8446,263.1288,268.7299,309.8539,305.5124,287.7276,268.9154,271.3361,274.0252,274.1991,275.0316,275.5893,276.0880,275.5927,274.9485,304.0591,274.4759,273.6709,273.0784,268.4723,266.2551,293.5933,294.6149,283.2158,0.0000,292.2053,297.8084,274.8955,270.1344,295.0187,274.7460,274.6362,279.3615,284.7216,285.1994,268.9556,275.7544,297.2814,305.2028,277.7682,274.3543,267.7272,277.8094,295.7320,271.6664,292.1097,288.4831,274.8535,275.6799,266.6834,278.2548,277.5693,308.5743,281.5039,275.3742,275.4245,265.5460,263.0769,279.0604,299.1138,270.1858,279.4707,274.8022,275.6593,276.0716,282.2513,270.6250,272.4835,268.9111,268.9139,288.3648,266.2833,267.5599,265.1751,284.5979,285.5282,315.7066,315.7067,310.5851,269.2234,281.7400,260.3821,273.4823,269.2147,271.5166,270.7542,281.8481,0.0000,277.4820,268.4321,291.1505,291.4181,270.9610,270.4362,307.5287,278.1906,274.5777,290.5053,282.0163,275.9672,282.3257,321.3524,281.8364,302.8297,333.3691,341.5421,313.0660,300.5792,266.0910,292.7384,292.2982,289.0932,294.8371,287.3738,274.6312,282.1149,283.1779,318.7353,331.5017,279.9986,289.4884,290.1870,290.1984,289.8442,288.3648,290.1492,291.3085,292.7575,290.2476,290.0952,287.2956,274.4759,266.2620,270.7561,0.0000,272.0122,274.6712,272.0123,269.0212,269.1841,271.8065,270.8209,274.9808,311.8779,269.5997,274.7101,274.6653,274.6361,270.9743,276.0923,294.9366,267.8782,270.9733,281.7242,282.8070,306.2740,307.1378,315.9130,281.8481,288.9395,281.8481,285.8159,286.2121,270.7359,273.6914
40.0000,287.5311,267.4522,267.9325,267.4511,260.2372,271.2746,269.6770,302.7662,273.8850,306.9309,291.1512,303.4064,273.6424,279.6125,265.3967,265.2926,271.6844,270.2505,275.1793,264.6746,268.7494,265.1978,266.6898,268.0843,273.3446,277.1789,277.8015,282.4651,307.0709,267.0646,268.6832,269.0336,310.7789,290.5123,288.1885,297.0921,273.1773,284.8087,273.3305,288.4675,307.1766,289.3952,291.9072,308.8630,314.1065,279.8902,288.5915,287.2634,261.9687,294.1055,291.1700,289.0483,295.5044,288.1013,297.3451,291.6825,269.2685,293.5759,272.9659,298.7944,285.6995,285.9867,291.7360,292.1808,285.9768,285.6287,286.2756,292.1057,288.1415,289.7385,298.5309,290.3925,293.1401,285.7438,278.6885,262.2435,267.8494,307.6143,303.4167,284.3147,268.2007,270.6665,273.2767,273.4150,274.3036,274.8847,275.3293,274.8230,274.2091,301.5978,273.5670,272.9087,272.2325,267.6697,265.4233,290.7752,291.7751,282.2887,0.0000,290.5865,295.9863,274.1477,268.6312,289.6519,274.4714,274.3294,279.1301,284.5221,284.9998,268.2874,274.7966,297.1468,303.1226,276.7886,270.0897,265.4866,276.6849,289.8386,270.8530,291.5313,288.3464,274.0782,274.9242,265.7482,277.9701,277.2188,306.3741,281.3030,275.0781,275.1283,264.6607,263.0769,267.2160,296.4012,269.2538,278.9842,274.0510,274.8780,275.2617,281.9036,267.0280,268.5421,268.2048,268.2072,288.2413,265.4263,267.2203,264.8644,284.4002,285.3545,312.8494,312.8495,307.8950,268.2923,280.5824,260.6136,272.1743,268.4185,270.7022,269.9266,281.6541,0.0000,277.1617,267.4430,291.0695,291.3093,270.1348,269.6567,305.3677,277.1599,273.6680,290.6548,282.0163,275.7040,282.3334,319.7606,281.3573,297.4981,327.1538,337.9405,310.7805,297.9264,265.5931,292.5347,292.1141,288.8811,294.3660,287.2529,270.1729,276.8251,277.1897,312.9232,325.3264,274.2889,289.2237,290.1964,290.2030,289.7607,288.2413,290.1573,291.1518,292.5935,290.2531,290.1477,287.1534,273.5670,265.4302,269.9284,0.0000,271.5487,273.9163,271.5488,268.3801,268.5721,270.9598,270.1070,274.6511,309.6232,268.6832,274.4374,274.3977,274.3532,270.5375,275.6357,294.8677,267.3218,270.5365,276.7143,282.8070,304.1591,304.9966,313.5755,281.6541,288.6474,281.6541,285.6603,286.0514,269.7547,273.3752
41.0000,287.0285,267.3860,267.8564,267.4283,260.2786,271.2914,269.7243,302.7662,273.7663,306.8021,291.0131,303.3320,273.6512,279.5824,265.5616,265.2653,272.1475,270.8045,275.4261,264.5996,268.7895,265.3350,266.8007,268.0988,273.3526,277.2014,277.8024,282.3789,306.8775,267.0070,268.5858,268.9062,310.6160,289.9874,287.7604,296.9380,273.0627,284.6950,273.2334,287.9432,306.2064,289.2832,291.7646,307.8527,313.8970,279.6949,289.1479,287.8848,261.9980,294.1275,291.1653,288.5682,295.6632,288.2619,296.9935,291.1641,269.6184,293.5199,272.7834,299.0450,285.9780,286.2992,291.7581,292.1855,285.9768,285.8197,286.4379,292.5042,288.3258,289.8195,298.6367,290.6833,293.2704,286.0222,278.6760,262.2434,268.1527,307.4114,303.2619,284.2268,268.2007,271.5522,273.1619,273.3106,274.1718,274.7423,275.2100,274.6973,274.0837,301.4884,273.4206,272.8139,272.1499,267.6196,265.3898,290.6741,291.6757,282.1750,0.0000,290.4501,295.8370,274.0597,268.6443,289.1814,274.6901,274.5276,279.3569,284.7721,285.2652,268.2135,274.6100,297.2350,302.9606,276.5594,270.2432,265.5981,276.6419,289.4742,270.7771,291.0287,288.7342,273.9644,274.8103,265.7149,277.8112,277.1355,306.2541,281.5409,274.9144,274.9645,264.7645,263.0769,267.2160,296.3078,269.1459,278.8099,273.9412,274.7498,275.1140,281.6612,267.0194,268.5491,268.1967,268.1992,288.6274,265.4263,267.2475,264.8897,284.6167,285.5486,312.4035,312.4036,307.5947,268.2046,280.3242,260.5325,272.2937,268.5406,270.6358,269.8614,281.8989,0.0000,277.3882,267.4193,291.0691,291.3163,270.0707,269.6397,305.2159,276.9471,273.5209,290.5509,282.0163,275.9431,282.3280,318.8111,281.2935,296.8223,325.6732,336.9419,310.6261,297.8312,265.5590,292.5186,292.1133,289.0321,294.1114,287.3336,270.2317,276.8667,277.2127,311.8757,323.8962,274.3296,289.8261,290.7394,290.7438,290.2501,288.6274,290.6991,291.5472,292.9927,290.7953,290.7814,287.5296,273.4206,265.3967,269.8632,0.0000,271.8991,273.7973,271.8992,268.3696,268.5579,270.8745,270.5428,274.9494,309.4199,268.5859,274.7048,274.6237,274.6020,270.8497,275.5630,295.0346,267.6404,270.8488,276.6933,282.8070,303.9897,304.8188,313.3748,281.8989,289.2305,281.8989,285.9087,286.2647,269.6879,273.2030
42.0000,290.7196,267.9392,268.3974,268.1366,260.9859,275.6695,274.0303,303.1887,274.2246,307.2582,291.6732,303.8252,274.2355,280.0301,265.8641,265.5392,272.5554,271.2144,275.9389,265.2922,270.7859,267.0895,268.5975,269.4169,278.9018,283.1136,283.7942,283.5207,307.4597,267.5672,269.0991,269.4659,311.1928,293.7135,291.5111,297.5740,273.5194,288.4575,273.6861,291.6353,309.9132,290.7872,292.4504,311.5607,314.4829,279.6915,289.6270,288.3989,262.2910,294.2639,291.2602,288.1975,295.8974,288.5488,296.7113,290.7285,270.0658,293.5386,272.7489,299.0443,286.3654,286.6995,291.8650,292.2663,285.9768,286.1534,286.7495,292.9352,288.6367,290.0626,298.8954,290.9356,293.4402,286.4100,278.8714,262.7301,268.5845,307.9985,303.8077,287.2287,268.2007,271.9785,273.6189,273.7666,274.6358,275.2113,275.6690,275.1510,274.5470,302.3818,273.8832,273.2667,272.6265,268.0964,265.8709,292.3749,293.4572,283.3422,0.0000,291.0843,296.4652,274.5056,269.9975,293.2628,275.1902,275.0106,279.7768,285.1540,285.6505,268.6094,275.0698,297.4804,303.5288,277.0408,274.3896,267.9461,277.2142,294.2948,271.2338,290.6099,289.1603,274.4122,275.2309,266.2537,277.8344,277.5854,306.7161,281.9326,274.9157,274.9659,265.2366,263.0769,278.9163,297.6863,269.6511,279.2598,274.3975,275.1988,275.5533,281.6251,270.3993,272.3182,268.7361,268.7387,289.0549,265.9682,267.5301,265.1506,284.9837,285.8868,313.0232,313.0232,308.3127,268.7292,280.7945,260.8825,272.3570,268.7345,271.1063,270.3164,282.2932,0.0000,277.9728,268.1144,291.1662,291.4129,270.5314,270.1127,305.6982,277.3939,273.9829,290.7450,282.0163,276.4637,282.3381,318.3074,282.1238,300.4490,328.6021,337.3943,311.2046,299.0717,265.8507,292.5804,292.1965,289.2854,294.0400,287.5251,274.5227,282.0431,283.1024,315.3029,326.8853,279.9436,290.3275,291.2156,291.2199,290.7331,289.0549,291.1748,291.9704,293.4276,291.2719,291.2651,287.9509,273.8832,265.8777,270.3182,0.0000,272.3639,274.2555,272.3640,268.8381,268.9839,271.3485,270.9643,275.4295,309.9952,269.0992,275.2292,275.1327,275.1345,271.3372,276.0139,295.1525,267.9854,271.3362,281.4692,282.8070,304.5599,305.3948,313.9595,282.2932,289.7300,282.2932,286.2891,286.6118,270.2959,273.1845
43.0000,285.2967,267.1598,267.5841,267.3574,260.3010,271.2420,269.6854,302.7662,273.6492,306.8980,291.3751,303.5884,273.5243,279.0968,265.3704,265.0335,272.0562,270.7112,275.6755,264.2985,268.8329,265.6478,267.0729,268.0736,273.2606,277.1055,277.6989,282.1000,307.3125,266.8088,268.4096,268.7185,310.9479,288.2005,286.2415,297.1348,272.9455,284.2158,273.1030,286.1538,303.2367,288.8861,292.3304,304.7764,314.1310,279.2870,289.3944,288.2242,261.9336,293.9550,290.9821,288.0548,295.7288,288.1656,296.2948,290.5692,269.5297,292.9851,272.4062,298.1950,286.0609,286.4137,291.4098,291.7770,285.9768,285.8526,286.4379,292.5652,288.1989,289.5144,298.5622,290.4182,292.7974,286.1055,278.4688,262.1799,268.0901,307.8203,303.5364,283.8877,267.6844,271.4954,273.0454,273.2276,274.0410,274.5996,275.0581,274.5539,273.9676,301.2536,273.2307,272.6983,272.0615,267.5556,265.3280,290.1307,291.3931,282.0859,0.0000,290.7125,296.0758,273.9115,268.5943,287.5145,274.9509,274.7441,279.4945,284.8483,285.3456,268.0644,274.3672,297.1328,303.2675,276.2932,270.1701,265.6112,276.2373,288.0382,270.7664,290.5249,288.8603,273.8376,274.7048,265.5782,277.4444,276.7903,306.3756,281.6373,274.5493,274.5994,264.7013,263.0769,267.2160,296.0494,268.9400,278.3826,273.8196,274.6019,274.9482,281.1612,267.0158,268.5521,268.1754,268.1780,288.7537,265.3315,267.2647,264.8741,284.6760,285.5873,311.1559,311.1560,306.7818,268.0231,279.9365,260.9379,270.9767,267.8733,270.5563,269.7788,282.0049,0.0000,277.6867,267.3473,290.8901,291.1123,269.9844,269.5947,305.3847,276.6434,273.3273,290.5606,282.0163,276.1937,282.3285,316.1685,280.9172,294.4314,320.3355,333.9317,310.9615,297.5802,265.3395,292.0894,291.7527,288.9031,293.3030,287.2568,270.1844,276.7951,277.1187,308.1302,318.7550,274.2877,290.1876,290.9709,290.9731,290.4542,288.7537,290.9300,291.6058,293.0540,291.0265,291.0384,287.6764,273.2307,265.3349,269.7808,0.0000,271.9788,273.6794,271.9788,268.3474,268.5299,270.7677,270.4319,275.0935,309.8097,268.4098,274.9832,274.9018,274.8841,270.9916,275.3037,294.4468,267.4878,270.9905,276.5262,282.8070,304.3271,305.1890,313.6250,282.0049,289.6126,282.0049,285.9962,286.3159,269.4436,272.8352
44.0000,283.2040,266.8865,267.2600,267.4239,261.1002,271.1238,269.7011,301.0520,273.5218,305.0778,290.3675,301.9005,273.2914,278.6213,266.3880,265.5896,274.8412,274.0246,275.9574,263.8455,268.7847,265.7877,267.0729,268.0680,273.0531,276.8639,277.4397,281.4777,305.4718,266.5589,268.2483,268.5276,308.9786,286.1030,284.4003,295.8223,272.8113,283.3445,272.9688,283.9877,299.5741,287.4922,291.3636,300.9786,312.0456,278.8449,289.0173,287.8772,262.2064,293.6690,290.7386,287.3185,295.5272,287.9776,295.4317,289.6572,271.6421,292.5110,271.9744,297.6512,285.8807,286.2304,291.0349,291.3710,285.9768,285.7173,286.2963,292.3137,287.8922,289.1301,298.2730,289.9690,292.4087,285.9242,278.2945,262.0035,269.6080,305.9349,301.9047,283.0678,267.9493,274.8640,272.9099,273.0990,273.9096,274.4609,274.8706,274.3852,273.8328,299.6117,272.9051,272.5795,271.9076,267.4260,265.1829,288.7052,290.1015,281.4463,0.0000,289.7142,294.8206,273.7606,268.5616,285.6102,275.0596,274.8350,279.4550,284.6995,285.1807,269.6864,273.9891,296.8422,301.6481,275.7909,270.1500,266.1295,275.9487,286.5120,270.8164,289.6179,288.6014,273.6773,274.5173,265.3465,277.0523,276.4507,304.5764,281.5358,274.1481,274.1981,265.0999,263.0769,267.2160,294.6111,268.7543,277.9724,273.6818,274.4245,274.7567,280.6320,267.0344,268.5368,268.1336,268.1359,288.4952,265.3315,267.2730,264.9806,284.5476,285.4554,308.6808,308.6809,304.6674,267.8404,279.2498,261.4747,271.5573,268.7018,270.4494,269.7814,281.9077,0.0000,277.9501,267.4152,290.6502,290.8520,269.9746,269.6133,303.6547,276.1184,272.9978,290.4766,282.0163,276.4762,282.3242,313.8089,280.3591,291.8878,315.8268,329.8132,308.9911,296.0872,266.0522,291.6772,291.3789,288.6298,292.5081,287.1073,270.1990,276.6610,276.8813,304.5830,314.3669,274.1096,289.9222,290.5842,290.5876,290.1535,288.4952,290.5445,291.3351,292.7990,290.6403,290.6765,287.4369,272.9051,265.1898,269.7837,0.0000,273.9662,273.5507,273.9661,268.3033,268.4892,270.5920,273.0612,275.8947,307.8842,268.2486,275.2728,275.0179,275.1867,272.9582,275.0448,294.0108,269.4109,272.9571,276.1331,282.8070,302.6502,303.4633,311.5580,281.9077,289.3288,281.9077,285.8895,286.1907,269.1627,272.4194
45.0000,280.7782,265.9356,266.2958,266.4544,259.9219,270.7682,269.4305,299.5367,272.0984,302.5986,288.3547,299.4963,271.2744,277.0044,266.1057,264.3723,274.6079,274.0182,275.3261,263.3194,268.2426,265.4708,266.7122,267.4074,272.6125,276.4006,276.9364,279.8660,302.6172,265.6344,267.1817,267.5450,305.8607,283.5550,282.1575,293.5849,271.3687,282.0280,271.5040,281.5064,295.9649,285.6120,289.3508,297.2676,308.7447,278.9441,288.1646,287.0742,261.8762,293.0822,290.2135,288.9331,295.0839,287.1627,295.2816,290.6646,271.3448,291.6289,272.1120,296.2754,285.1028,285.4563,290.2346,290.5295,285.9768,284.9952,285.5559,291.4528,286.9667,288.1003,297.6509,288.9216,291.3196,285.1465,278.0011,261.2001,269.2285,303.0391,299.3275,281.7199,266.8623,274.9474,271.4635,271.6520,272.4764,273.0062,273.3827,272.8980,272.3791,297.7157,271.5681,271.1334,270.6073,266.3070,264.1756,286.9173,288.3897,279.8377,0.0000,287.7072,292.6054,272.2299,267.9105,283.2479,274.4084,274.1641,278.7384,283.9440,284.4109,266.7815,272.6039,296.1997,299.0690,274.3893,269.9585,265.6060,277.8741,284.5093,269.7352,290.4079,287.7838,272.1839,272.9580,264.4576,277.0761,274.8641,302.1091,280.8002,274.2107,274.2607,264.4363,263.0769,267.2160,292.8341,267.6565,276.2330,272.2026,272.9125,273.1925,280.6583,267.1165,268.4697,267.3765,267.3788,287.6803,264.3966,266.8039,264.6068,283.8153,284.7326,306.0265,306.0266,302.3405,266.8083,277.4993,260.8480,271.1240,268.2982,269.2722,268.6901,281.1683,0.0000,277.2442,266.4391,290.1302,290.3179,268.8454,268.4031,301.1071,274.5966,271.6546,290.2724,282.0163,275.8247,282.3135,311.4034,278.7360,288.8507,310.6214,324.8322,305.8638,294.2812,264.5868,290.8593,290.6183,287.8387,291.6493,286.5325,269.9129,276.2629,276.4198,300.4183,309.2901,273.6875,289.1460,289.7163,289.7194,289.3608,287.6803,289.6774,290.4697,291.9336,289.7714,289.8139,286.6369,271.5681,264.1824,268.6925,0.0000,273.5524,272.1251,273.5523,267.5349,267.7030,269.3384,272.8636,275.3062,304.8892,267.1822,274.6610,274.3728,274.5850,272.5113,273.5244,292.8344,269.2372,272.5102,275.4168,282.8070,300.0013,300.7474,308.2848,281.1683,288.5722,281.1683,285.1393,285.4529,268.6250,272.5275
46.0000,280.5494,264.8781,265.2217,265.5861,259.2973,272.0125,270.7792,297.2907,270.7211,300.0472,286.5025,297.0916,268.6356,275.9849,265.5808,263.7276,273.6416,273.1007,274.7321,261.9358,268.1724,265.1507,266.4104,267.0373,274.8354,278.8001,279.3677,278.9668,299.9801,264.5947,266.0147,266.3890,303.0779,283.3817,282.1302,291.5219,270.0004,282.6072,270.2137,281.2265,294.6495,284.2769,287.4821,295.8586,305.8294,277.6991,288.3206,287.3348,261.5859,292.7070,289.9095,287.0940,294.9128,286.5506,293.8558,288.6973,270.3285,291.0727,270.9155,295.1036,284.6425,285.0209,289.7435,290.0236,285.9768,284.4490,285.0081,291.0579,286.3422,287.3053,297.2162,288.4411,290.4646,284.6862,277.2241,260.1222,268.2652,300.3580,296.9171,281.8361,265.7844,274.0109,270.0913,270.2718,271.0791,271.5850,271.9466,271.4927,270.9753,295.7936,270.2840,269.8610,269.3766,265.1810,263.0677,285.7517,287.3126,278.9249,0.0000,285.8585,290.5610,270.8812,267.5646,283.4060,273.8425,273.5780,278.1991,283.4462,283.9332,265.7065,271.2675,295.7312,296.6663,273.0221,271.2113,265.8129,277.1544,285.3176,268.5247,288.4782,287.5175,270.8396,271.5842,263.3905,275.9420,273.6872,299.5794,280.2796,273.0720,273.1218,263.3957,263.0769,274.8473,291.3726,266.4656,274.9163,270.8181,271.5185,271.7964,279.2881,266.7762,268.7480,266.7059,266.7080,287.4351,263.5241,266.3830,264.2744,283.2847,284.1884,303.6538,303.6539,300.1550,265.6721,275.7942,260.8194,270.1097,267.5811,268.1253,267.5232,280.6487,0.0000,276.6461,265.5599,289.8272,289.9734,267.6208,266.9861,298.6351,273.1562,270.3646,290.1402,282.0163,275.2220,282.3067,309.3543,277.7528,288.4044,309.0131,321.2888,303.0797,292.6883,263.8789,290.3537,290.1432,287.3674,290.9678,286.0988,271.2533,278.1519,278.8031,299.4133,307.7549,275.9116,288.8792,289.8519,289.8744,289.2853,287.4351,289.8095,290.1045,291.5384,289.9215,289.8839,286.3592,270.2840,263.0745,267.5255,0.0000,272.6484,270.7468,272.6483,266.8341,266.9718,268.1206,271.8654,274.5931,302.1436,266.0153,274.0811,273.8124,274.0115,271.5788,272.3323,291.8829,268.5579,271.5778,276.9970,282.8070,297.5382,298.2315,305.3905,280.6487,288.2805,280.6487,284.5978,284.8989,267.1931,271.3556
47.0000,279.5749,263.8408,264.1354,264.7719,258.9477,271.6556,270.4656,294.8193,269.4509,297.5118,284.7478,294.6810,267.7190,275.0552,265.3059,263.5885,272.7728,272.2554,274.2776,260.7231,267.7288,264.9852,266.1603,266.5029,274.3627,278.1696,278.6979,278.1726,297.5256,263.5857,264.8697,265.2002,300.6202,282.2661,281.1272,289.4748,268.7531,281.7627,269.0974,280.2042,292.6620,282.7456,285.6897,293.7839,303.2058,276.7672,288.3006,287.3620,261.5529,292.4470,289.6915,285.5125,294.6789,286.0268,292.8405,286.9804,269.4604,290.6091,269.9812,294.0790,284.2580,284.6433,289.3473,289.6198,285.9768,284.0193,284.5668,290.7410,285.8841,286.7668,296.8881,288.0508,289.6457,284.3018,276.7075,259.3147,266.7934,297.8552,294.6379,280.9094,263.9404,273.1802,268.8399,269.0167,269.7738,270.2464,270.6483,270.2149,269.6735,293.5835,269.0901,268.7726,268.2817,264.2102,262.1564,284.3797,285.8277,278.7155,0.0000,284.0985,288.5704,269.7099,267.0132,282.2075,273.4057,273.1244,277.7752,283.0418,283.5400,265.6836,270.0242,295.3681,294.3896,271.7204,270.9452,265.5746,276.2741,283.9477,267.3561,286.8043,287.2606,269.6560,270.3593,262.4335,275.0956,272.6741,297.0636,279.8668,272.2045,272.2542,262.3605,263.3992,274.3736,289.5405,265.2883,273.9037,269.5639,270.2618,270.5275,278.2736,266.8620,268.6778,266.1471,266.1491,287.1948,262.7995,266.1706,264.1787,282.8615,283.7598,300.6456,300.6457,297.4780,264.5601,274.1931,261.2519,269.3472,267.1464,267.0968,266.3820,280.2381,0.0000,276.1353,264.7392,289.6079,289.7081,266.4862,265.9245,296.2532,271.7490,269.1652,290.0686,282.0163,274.7695,282.3029,307.2585,276.8876,287.2829,308.6093,315.7541,300.6408,290.7439,263.7571,289.9381,289.7610,286.9771,290.2442,285.7359,270.9292,277.6716,278.1774,298.4772,307.2444,275.4456,288.5507,289.8289,289.8691,289.1851,287.1948,289.7844,289.7938,291.2213,289.9097,289.8258,286.0794,269.0901,262.1632,266.3841,0.0000,271.9921,269.4761,271.9920,266.2696,266.3870,267.0465,270.9966,274.0375,299.6496,264.8704,273.6254,273.3791,273.5705,270.9932,271.2836,291.0012,268.0583,270.9922,276.3853,282.8070,295.2154,295.8718,302.7964,280.2381,287.9041,280.2381,284.1808,284.4730,266.1137,270.4479
48.0000,279.5749,259.4082,259.6607,260.8600,255.3708,269.9549,268.7157,289.8011,264.9528,292.0700,279.8717,289.3638,263.4086,270.8461,261.1482,259.3337,268.2994,267.7933,270.2600,256.2952,264.5069,261.6548,262.8054,262.8938,272.4767,276.2745,276.8066,274.1740,292.0080,259.1764,260.5493,260.8558,294.9628,281.6334,280.3771,284.3927,264.2599,279.3407,264.6263,280.1774,292.0961,278.6686,280.7866,293.1692,297.4220,272.4288,284.8954,283.9974,257.5983,290.2237,287.8685,280.7560,291.5901,282.2522,288.7668,282.1253,264.9732,288.2211,265.7195,290.0298,280.6077,280.9963,286.7716,287.0766,282.7722,280.3192,280.8428,287.0655,282.1809,283.0101,293.9849,284.3927,285.6869,280.6507,272.6513,254.9085,262.3085,292.3082,289.2773,277.8786,260.5707,268.6972,264.3424,264.5191,265.2505,265.6909,266.0806,265.6698,265.1425,288.8237,264.5824,264.3114,263.8806,259.9034,257.8201,280.4602,281.8828,274.7457,0.0000,279.2178,283.5120,265.1786,263.3774,281.2260,269.4650,269.1772,273.9957,279.3551,279.8741,261.0085,265.4689,292.4548,289.0413,267.0949,269.1198,262.7390,271.9947,282.2586,263.1165,281.9768,283.6753,265.1347,265.7898,258.0108,270.8600,268.2930,291.6417,276.1619,267.9900,268.0389,257.9193,259.4089,272.4860,285.2229,260.9418,269.3100,265.0379,265.7108,265.9586,273.8821,267.3073,268.3137,262.0944,262.0961,283.6203,258.9435,262.1324,260.1769,279.1489,280.0563,295.5325,295.5325,292.5170,260.2183,269.3569,257.4705,264.7147,262.7886,262.7762,262.2141,276.5274,0.0000,272.0313,260.8205,287.7942,287.8049,262.3087,261.8015,290.8558,267.0647,264.6524,288.4444,280.6462,270.7221,280.9202,304.3444,272.7893,286.7702,308.7460,309.6269,294.9859,286.2995,259.4424,287.5434,287.3697,283.8478,288.3576,282.1345,269.1261,275.8037,276.2833,298.2745,307.3041,273.5466,284.9378,286.4040,286.4554,285.6840,283.6203,286.3583,286.1367,287.5398,286.4922,286.3597,282.4936,264.5824,257.8267,262.2162,0.0000,267.6143,264.9765,267.6142,262.1726,262.2550,262.6545,266.5069,269.8746,294.0580,260.5501,269.6121,269.4422,269.5724,266.5956,266.9073,287.0148,263.7805,266.5947,274.1477,282.7963,289.8228,290.4423,297.0332,276.5274,284.2845,276.5274,280.4618,280.7654,261.7697,266.1986
