"NODO DE ENVIO :","TALARA 220","PIURA OESTE 220","PIURA OESTE 220","LA NINA 220","CHICLAYO OESTE 220","GUADALUPE 220","TRUJILLO 220","CHIMBOTE 220","CHIMBOTE 220","PARAMONGA NUEVA 220","PARAMONGA NUEVA 220","MEDIO MUNDO 220","LOMERA 220","PUERTO CHANCAY 220","VENTANILLA 220","VENTANILLA 220","VENTANILLA 220","VENTANILLA 220","VENTANILLA 220","SAN JUAN 220","SANTA ROSA 220 B","SAN JUAN 220","SAN JUAN 220","INDEPENDENCIA 220","DERIVACION 220","CHILCA REP 220","CHILCA REP 220","NUEVA CHINCHA 220","CANTERA 220","CHILCA REP 220","CHILCA REP 220","CHILCA REP 220","POMACOCHA 220","POMACOCHA 220","PACHACHACA 220","PACHACHACA 220","PACHACHACA 220","CALLAHUANCA EDN 220","CALLAHUANCA EDN 220","REFINERIA ZINC 220","REFINERIA ZINC 220","CAMPO ARMINO 220","CAMPO ARMINO 220","CAMPO ARMINO 220","CAMPO ARMINO 220","HUANCAVELICA 220","CAMPO ARMINO 220","CAMPO ARMINO 220","CAMPO ARMINO 220","HUAYUCACHI 220","PACHACHACA 220","AGUAYTIA 220","TINGO MARIA 220","VIZCARRA 220","CONOCOCHA 220","CALLAHUANCA 60","MOYOPAMPA 60","MOYOPAMPA 60","HUANUCO 138","PARAGSHA 138","CARHUAMAYO 138","CARIPA138","CAMPO ARMINO 220","CAMPO ARMINO 220","COTARUSE 220","COTARUSE 220","OROYA NUEVA 220","CARHUAMAYO 220","PARAGSHA2 220","SANTUARIO 138","SANTUARIO 138","SANTUARIO 138","CALLALLI 138","QUENCORO 138","DOLORESPATA 138","ABANCAY NUEVA 138","TINTAYA 138","AYAVIRI138","AZANGARO 138","JULIACA 138","ARICOTA II 66","TOMASIRI 66","MOQUEGUA 138","SOCABAYA 220","MACHUPICCHU 138","MACHUPICCHU 138","CHILOTA 220","MOQUEGUA 220","AGUAYTIA 138","CERRO VERDE 138","CHAPARRAL 138","CHIMBOTE 138","CHIMBOTE 138","CHIMBOTE 138","CARHUAMAYO 220","CARHUAMAYO 220","PARAGSHA2 220","HUINCO 220","HUINCO 220","VENTANILLA 220","VENTANILLA 220","CHAVARRIA 220 B","CHAVARRIA 220 A","TRUJILLO 220","CHILCA CTM 500","CARABAYLLO 220","CARABAYLLO 220","INDEPENDENCIA 220","KIMAN AYLLU 220","KIMAN AYLLU 220","HUALLANCA 138","PARAMONGA NUEVA 220","CHICLAYO OESTE 220","SOCABAYA 220","CONOCOCHA 220","CONOCOCHA 220","TRUJILLO 220","GUADALUPE 220","MEDIO MUNDO 220","CARABAYLLO 500","CHIMBOTE 500","PIURA OESTE 220","POMACOCHA 220","PIEDRA BLANCA 138","CHILCA CTM 500","POROMA 220","POROMA500","MONTALVO 220","HUANZA 220","INDUSTRIALES 220B","OCONA 500","SOCABAYA 220","SOCABAYA 220","TRUJILLO 500","INDUSTRIALES 60","SOCABAYA 138","MOQUEGUA 220","CARABAYLLO 220","CHAVARRIA 60 B","CHAVARRIA 60 B","CHAVARRIA 220 A","CHILCA REP 220","TINTAYA 138","COMBAPATA 138","ALTO PRADERA 220","SANTA TERESA 220","SURIRAY 220","SURIRAY 220","SURIRAY 220","CHILCA REP 220","ASIA 220","LOMERA 220","CHAGLLA 220","CHAGLLA 220","RAMADA 220","RAMADA 220","REQUE 220","REQUE 220","SAN JOSE 500","OQUENDO 60","POROMA 220","VENTANILLA 220","CHAVARRIA 60 B","BARSI 60","CHILLON 60","HUAMPANI 60","HUARANGAL 60","ARICOTA138","ILO ELS 138","MOYOPAMPA 60","MOQUEGUA 138","LOMERA 60","SANTA ROSA EDS 60","MIRADOR 220","CARHUAMAYO 138","PARAGSHA 50","INDUSTRIALES 60","SURIRAY 220","ABANCAY NUEVA 138","SANTA ISABEL 220","MOQUEGUA 220","MOQUEGUA 220","YANANGO 220","CHIMAY 220","SANTA ISABEL 220","CHAVARRIA 60 B","CHILLON 60","HUACHIPA 60","CHAVARRIA 60 A","CHIRIBAMBA 220","PLANICIE 220 A","PLANICIE 220 B","COLCABAMBA 500","POROMA500","YARABAMBA 500","CARHUAQUERO 220","CAJAMARCA 220","CACLIC 220","CERRO DEL AGUILA 220","CERRO DEL AGUILA 220","YARABAMBA 220","YARABAMBA 220","CARAPONGO 500","CARAPONGO 220 B","PLANICIE60","MANCHAY 60","PLANICIE 220 B","COBRIZAI 69","MOLLEPATA220","SOCABAYA 220","CAMPO ARMINO 220","CARAPONGO 220 A","CARAPONGO 220 B","CARAPONGO 220 B","MARCONA 60 B","MARCONA 60 B","AZANGARO 138","PUMIRI220","CALLAHUANCA 220","MATUCANA 220","CALLAHUANCA 60","CALLAHUANCA 60","CARAPONGO 220 A","CARAPONGO 220 A","SAN MIGUEL 60","SAN MIGUEL 60","LA NINA 220","FELAM 220","SAN GABAN 138","SAN GABAN 138","ANGEL 138","SAN RAFAEL 138","MONTALVO 220","SAN GABAN 138","MEDIO MUNDO 220","MEDIO MUNDO 220","TINGO MARIA 138","AUCAYACU 138","BELLAVISTA 138","TARAPOTO 138","PARINAS 220","PAMPA HONDA 220","PAMPA HONDA 220","AGUAYTIA 138","HUANZA 220","SAN ROMAN 220","SAN ROMAN 138","PUNO 220","MAZUCO 138","SOCABAYA 138","CINCO MANANTIALES 138","OXIDOS CERRO 138","PARAGSHA2 220","TOCACHE 138","JUANJUI 138","MOQUEGUA 138","MOQUEGUA 138","MILL SITE 138","PUSHBACK 138","MILL SITE 138","MILL SITE 138","TOQUEPALA 138","MILL SITE 138","PLAZA TOQUEPALA 138","PLAZA TOQUEPALA 138","ILO3 138","ILO ELS 138","ILO 138","QUEBRADA HONDA 138","PLAZA TOQUEPALA 138","MILL SITE 138","CARHUAMAYO NUEVA 138","CHILCA CTM 220 A","DERIVACION 220  BARRA II","SANTA ROSA 220 A","DERIVACION 220","CARAPONGO 220 A","CARAPONGO 500","CAMPAS 220","COLCABAMBA 500","PLANICIE 500","DESIERTO220","CAHUACHI 220","VALLE DEL CHIRA 220","FLAMENCO220","BARRA3HERMANAS","ERSUR 220","BARRAPTALOMITAS","BARRAPTALOMITAS2","HUANCAVELICA 220","ZAPALLAL 220","CHILCA CTM 500","CHAPARRAL 138","CAMPO ARMINO 220","CAMPO ARMINO 220","MOQUEGUA 138","BARRAPTALOMITAS","PUNO 220","ZAPALLAL 220","PIURA OESTE 220","BALNEARIO 220","OROYA NUEVA 220","OROYA NUEVA 138","CARHUAMAYO 138","PARAGSHA 138","ARICOTA138","MOQUEGUA 220","SOCABAYA 220","LOS HEROES 220 A","AGUAYTIA 220","PARAGSHA2 220","PUCALLPA 138","INDEPENDENCIA 220","CHILLON 220","BARSI 220","CHAVARRIA 220 A","CHAVARRIA 220 A","CARABAYLLO 500","CHILCA CTM 500","CARHUAMAYO 220","KIMAN AYLLU 220","CHIMBOTE 500","TRUJILLO 500","POROMA500","MONTALVO 500","LA NINA 500","TINTAYA 220","CHIMBOTE 220","ABANCAY NUEVA 220","SANTA ROSA 220 A","SANTA ROSA 220 A","MALVINAS 220","LOMERA 220","INDUSTRIALES 220 A","MIRADOR 220","TINGO MARIA 220","ILO 3 220","BELAUNDE 220","YARABAMBA 500","COLCABAMBA 500","CARAPONGO 500","MANCHAY 220","CAMPO ARMINO 220","MOLLEPATA220","SAN JOSE 500","SAN JOSE 500","MARCONA220","MARCONA220","PUMIRI220","CALLAHUANCA EDN 220","SAN MIGUEL 220","SAN ROMAN 220","CAMPAS 500","PLANICIE 220 A","CHILCA CTM 500"
"NODO DE RECEPCION :","ZORRITOS 220","VALLE DEL CHIRA 220","LA NINA 220","CHICLAYO OESTE 220","CARHUAQUERO 220","REQUE 220","GUADALUPE 220","TRUJILLO 220","TRUJILLO 220","CHIMBOTE 220","CHIMBOTE 220","HUACHO 220","HUACHO 220","HUACHO 220","ZAPALLAL 220","ZAPALLAL 220","CHAVARRIA 220 A","CHAVARRIA 220 A","CHAVARRIA 220 A","INDUSTRIALES 220B","SAN JUAN 220","BALNEARIO 220","BALNEARIO 220","ICA 220","ICA 220","ASIA 220","DESIERTO220","INDEPENDENCIA 220","INDEPENDENCIA 220","SAN JUAN 220","SAN JUAN 220","SAN JUAN 220","SAN JUAN 220","SAN JUAN 220","POMACOCHA 220","CALLAHUANCA 220","CALLAHUANCA 220","CARAPONGO 220 A","CARAPONGO 220 B","CHAVARRIA 220 A","CHAVARRIA 220 A","POMACOCHA 220","POMACOCHA 220","HUANCAVELICA 220","HUANCAVELICA 220","INDEPENDENCIA 220","PACHACHACA 220","PACHACHACA 220","HUAYUCACHI 220","ORCOTUNA 220","OROYA NUEVA 220","TINGO MARIA 220","VIZCARRA 220","CONOCOCHA 220","PARAMONGA NUEVA 220","HUACHIPA 60","SANTA ROSA EDS 60","SANTA ROSA EDS 60","PIEDRA BLANCA 138","HUANUCO 138","CARIPA138","OROYA NUEVA 138","COTARUSE 220","COTARUSE 220","SOCABAYA 220","SOCABAYA 220","CARHUAMAYO 220","PARAGSHA2 220","VIZCARRA 220","SOCABAYA 138","JESUS 138","CALLALLI 138","TINTAYA 138","DOLORESPATA 138","CACHIMAYO 138","CACHIMAYO 138","AYAVIRI138","AZANGARO 138","JULIACA 138","SAN ROMAN 138","TOMASIRI 66","LOS HEROES 66","ILO 138","MOQUEGUA 220","QUENCORO 138","CACHIMAYO 138","MOQUEGUA 220","LOS HEROES 220 A","PUCALLPA 138","REPARTICION 138","MOLLENDO 138","HUALLANCA 138","HUALLANCA 138","HUALLANCA 138","PARAGSHA2 220","PARAGSHA2 220","CONOCOCHA 220","CARAPONGO 220 B","CARAPONGO 220 A","CHILLON 220","CHILLON 220","BARSI 220","BARSI 220","CAJAMARCA 220","CARAPONGO 500","ZAPALLAL 220","ZAPALLAL 220","ICA 220","RAMADA 220","RAMADA 220","KIMAN AYLLU 138","PARAMONGA EXISTENTE 138","FELAM 220","MOQUEGUA 220","KIMAN AYLLU 220","KIMAN AYLLU 220","GUADALUPE 220","REQUE 220","HUACHO 220","CHIMBOTE 500","TRUJILLO 500","TALARA 220","CARHUAMAYO 220","TINGO MARIA 138","POROMA500","MARCONA220","OCONA 500","MOQUEGUA 220","CARABAYLLO 220","SANTA ROSA 220 B","SAN JOSE 500","TINTAYA 220","TINTAYA 220","LA NINA 500","HUACHIPA 60","CERRO VERDE 138","ILO2 220","MIRADOR 220","OQUENDO 60","HUARANGAL 60","CHAVARRIA 220 B","CHILCA CTM 220 B","COMBAPATA 138","QUENCORO 138","SAN JUAN 220","SURIRAY 220","ABANCAY NUEVA 220","COTARUSE 220","COTARUSE 220","ALTO PRADERA 220","CANTERA 220","ZAPALLAL 220","PARAGSHA2 220","PARAGSHA2 220","PAMPA HONDA 220","PAMPA HONDA 220","CHICLAYO OESTE 220","CHICLAYO OESTE 220","MONTALVO 500","CHILLON 60","MARCONA220","CHAVARRIA 220 A","ZAPALLAL 60","MALVINAS 60","ZAPALLAL 60","HUACHIPA 60","ZAPALLAL 60","ILO3 138","ILO3 138","BALNEARIOS 60 A","TOQUEPALA 138","ZAPALLAL 60","MIRADOR 60","MALVINAS 220","CINCO MANANTIALES 138","CARHUAMAYO 50","SANTA ROSA LDS 60","MACHUPICCHU 138","ABANCAY 138","YAUPI 138","ILO 3 220","ILO 3 220","PACHACHACA 220","YANANGO 220","CARHUAMAYO 220","CHILLON 60","HUARANGAL 60","SANTA ROSA LDS 60","CHILLON 60","INDEPENDENCIA 220","INDUSTRIALES 220 A","INDUSTRIALES 220 A","POROMA500","YARABAMBA 500","MONTALVO 500","CAJAMARCA 220","CACLIC 220","BELAUNDE 220","COLCABAMBA 220","COLCABAMBA 220","SOCABAYA 220","SOCABAYA 220","CARABAYLLO 500","REFINERIA ZINC 220","HUACHIPA 60","PLANICIE60","MANCHAY 220","MOLLEPATA 60","HUANCAVELICA 220","SAN JOSE 220","COLCABAMBA 220","SANTA ROSA 220 B","SANTA ROSA 220 B","REFINERIA ZINC 220","SAN NICOLAS 60","SAN NICOLAS 60","PUMIRI138","SAN ROMAN 220","CALLAHUANCA EDN 220","CALLAHUANCA EDN 220","HUAMPANI 60","MOYOPAMPA 60","SAN MIGUEL 220","SAN MIGUEL 220","HUACHIPA 60","HUACHIPA 60","PIURA OESTE 220","LA NINA 220","AZANGARO 138","ANGEL 138","SAN RAFAEL 138","AZANGARO 138","LOS HEROES 220 A","MAZUCO 138","PARAMONGA NUEVA 220","PARAMONGA NUEVA 220","AUCAYACU 138","TOCACHE 138","TARAPOTO 138","BELAUNDE 138","TALARA 220","CAJAMARCA 220","CAJAMARCA 220","PUCALLPA 138","ORCOTUNA 220","PUNO 220","PUNO 138","CHILOTA 220","PTO MALDONADO 138","JESUS 138","OXIDOS CERRO 138","PARAGSHA 138","FRANCOISE 220","JUANJUI 138","BELLAVISTA 138","BOTIFLACA 138","BOTIFLACA 138","PUSHBACK 138","BOTIFLACA 138","INTIPAMPA 138","TOQUEPALA 138","ARICOTA138","PLAZA TOQUEPALA 138","ILO3 138","QUEBRADA HONDA 138","PANAMERICANA SOLAR 138","ILO 138","REFINERIA 138","ILO3 138","LIXIVIACION 138","LIXIVIACION 138","CARHUAMAYO 138","CHILCA CTM 220 B","CAHUACHI 220","SANTA ROSA 220 B","DERIVACION 220  BARRA II","CARAPONGO 220 B","CAMPAS 500","YANANGO 220","CAMPAS 500","CARABAYLLO 500","NUEVA CHINCHA 220","MARCONA220","PARINAS 220","POROMA 220","MARCONA220","MARCONA220","DERIVACION 220","DERIVACION 220  BARRA II","CHIRIBAMBA 220","PUERTO CHANCAY 220","PLANICIE 500","REPARTICION 138","COTARUSE 220","COTARUSE 220","INTIPAMPA 138","BARRAPTALOMITAS2","PUNO 138","HUARANGAL 60","PIURA OESTE 60","BALNEARIOS 60 A","OROYA NUEVA 50","OROYA NUEVA 50","CARHUAMAYO 50","PARAGSHA 50","ARICOTA II 66","MOQUEGUA 138","SOCABAYA 138","LOS HEROES 66","AGUAYTIA 138","PARAGSHA 138","PUCALLPA 60","INDEPENDENCIA 60","CHILLON 60","BARSI 60","CHAVARRIA 60 B","CHAVARRIA 60 A","CARABAYLLO 220","CHILCA CTM 220 B","CARHUAMAYO NUEVA 138","KIMAN AYLLU 138","CHIMBOTE 220","TRUJILLO 220","POROMA 220","MONTALVO 220","LA NINA 220","TINTAYA 138","CHIMBOTE 138","ABANCAY NUEVA 138","SANTA ROSA LDS 60","SANTA ROSA EDS 60","MALVINAS 60","LOMERA 60","INDUSTRIALES 60","MIRADOR 60","TINGO MARIA 138","ILO3 138","BELAUNDE 138","YARABAMBA 220","COLCABAMBA 220","CARAPONGO 220 A","MANCHAY 60","COBRIZAI 69","MOLLEPATA 60","SAN JOSE 220","SAN JOSE 220","MARCONA 60 B","MARCONA 60 B","PUMIRI138","CALLAHUANCA 60","SAN MIGUEL 60","SAN ROMAN 138","CAMPAS 220","PLANICIE 500","CHILCA CTM 220 B"
"ETAPA \ EQUIPO","L2249","L2248","L2241","L2239","L2240","L2236","L2234","L2232","L2233","L2215","L2216","L2213","L2214","L2212","L2242","L2243","L2244","L2245","L2246","L2018","L2011","L2012","L2013","L2209","L2211","L2090","L2091","L2208","L2207","L2093","L2094","L2095","L2205","L2206","L2226","L2222","L2223","L2008","L2009","L2014","L2015","L2201","L2202","L2203","L2204","L2231","L2218","L2219","L2220","L2221","L2224","L2251","L2252","L2253","L2278","L6031","L6011","L6020","L1121","L1120","L1702","L1705","L2051CS","L2052CS","L2053CS","L2054CS","L2259","L2258","L2254","L1021","L1022","L1020","L1008","L1004","L1003","L1007","L1006","L1042","L1011","L1012","L6620","L6637","L1383","L2025","L1002","L1001","L2030","L2029","L1125","L1029","L1030","L1103","L1104","L1105","L2267","L2268","L2264","L2001","L2002","L2016","L2017","L2005","L2006","L2260","L5001","L2107","L2108","L2210","L2272","L2274","L1131","L1101","L2238","L2026","L2269","L2270","L2235","L2237","L2279","L5006","L5008","L2250","L2294","L1142","L5032","L2292","L5034","L2057","L2110","L2010","L5036 CS","L2022","L2023","L5010","L659","L10231024","L20272028","L21122113","L6171826","L63694344","INTCHAVARRIA 220","R26","L1005","L1050","L2092","L2049","L2050","L2060","L2059","L2088","L2089","L2117","L2150","L2151","L2273","L2275","L2296","L2297","L5037 CS","L653558","L2293","L2247","CHARIAZAPAL","BARSIMALVIN","CHLLONZAPAL","HPNIHUCPA60","HURANZAPALL","LARQLILO3","L1392","LMO60BAL60","L1025","LMRAZAPAL60","LSROMIRA60","MIRAMALVIN","L1703","PGSHCHYO50","SROSAIND60","L1038","L1039A","L1701TR","L2033","L2034","L2256","L2257","L22652266","L63525554","L65548644","L657658","L6979884","L2132","L2118","L2119","L5031 CS","L5033CS","L5035","L2190","L2192","L2194","L2140","L2141","L2065","L2066","L5003","L2709","L641642","L6412","L212324","L60616263","L2145","L2074","R28L2225","L2701","L2702","L2708","L6627","L6628","L1045","L2041","L2716","L2007","L6040","L6111","L2127","L2128","L6423","L6424","L2162","L2164","L1010","L1013","L1051","L1009","L2036","L1014","L2125","L2126","L1122","L1124","L1017","L1018","L2295","L2283","L2287","L1156","L2116","L2040","L1046","L2039","L1015","L1148","L1708","L1709","L2271","L1016","L1019","L1381","L1382","L13862","L13861","L1394","L1388","L1026","L1395","L1393","L13851","L1390","L1391","L1387","L13852","L1398","L1389","L1707","INTCHILCA CTM 220","L2312","INTSANTA ROSA 220","INT  DERIVACION 220","INT  CARAPONGO 220","L5022CS","L2146","L5021CS","L5004","L2307","L2315","L2147","L2082","L2298","L2300","L2313","L2314","L2130","L2311","L5002","L1056","L2051","L2052","L1384","INTPTALOMITAS 33","AT220138PUN","T22060ZAP","T15328326","TR12345","T22050ORO","T13850ORO","T13850CAR","T13850PRG","T13866ARI","AT220138MOQ","AT220138SOC","T22066LHE","AT220138AGU","AT220138PSG","T13860PUC","T34261","T22060CHL","T22060BRS","T22060CHV2","T22060CHV1","T500220CRB","AT72500220","AUT201","AUT501","AT84523","AT85523","AUT5371","AUT5671","AT91LANINA","TTIN220138","AT1130211","AT90212","TRSROSALDS","TRSROSAEDN","TRMALVINAS","TRLOMERA","TIND22060","TRMIR22060","AT82211AT1","TILO3220138","TBEL220138","TRYARABAMBA","TRCOLCABAM","AT114","TRMANCHAY","TRCOBRIZAI","T107261","ATXF001","ATXF002","T6261","T62161","AT4","TRCALLAHUAN","TRA1SM","TR3SAN ROMAN","TRCAMPAS","TR220500PLANICIE","AT133500220"
1.00,33.91,18.75,-63.68,-5.94,-66.05,32.14,40.19,63.85,64.14,75.83,0.00,-20.41,-61.24,-43.00,-23.13,-23.13,46.90,46.90,45.05,131.54,-130.83,98.13,72.63,-17.25,84.46,85.60,75.79,-1.96,39.81,137.54,143.16,143.16,52.62,52.62,72.48,83.27,83.27,153.55,153.67,95.46,95.46,51.42,51.42,91.62,91.62,76.05,45.94,45.94,64.82,68.08,-166.28,-43.09,-33.75,-5.74,48.39,23.50,21.65,21.65,18.61,34.45,-30.27,38.50,0.00,0.00,113.23,113.23,-129.05,-21.92,152.19,22.42,26.68,29.52,9.45,-13.96,-30.54,15.20,-35.58,-37.64,24.86,5.00,-0.72,-1.53,30.66,66.56,41.30,46.35,18.29,15.96,23.17,27.68,9.18,-64.88,-64.89,-64.94,-21.38,-21.68,133.78,34.04,33.95,70.98,70.98,74.36,79.04,-31.10,189.25,22.27,22.27,-18.67,103.99,103.99,44.12,-13.10,18.12,66.56,38.36,38.36,43.19,32.13,-20.34,301.75,307.26,6.54,-130.51,24.65,241.99,0.32,341.16,320.77,66.93,131.01,337.93,65.48,65.64,166.29,-14.11,52.60,1.26,150.35,-18.82,-2.02,74.36,31.51,-33.11,-36.51,68.55,88.00,36.66,72.70,50.16,180.18,56.36,39.21,230.05,230.05,100.92,100.92,31.89,31.84,113.08,13.12,0.32,46.90,-3.76,0.03,-3.79,3.35,-1.27,-3.73,-33.70,6.44,40.37,9.01,10.77,109.45,46.23,-5.06,-34.86,-71.53,21.36,-101.28,69.05,19.98,-18.07,149.05,234.30,-1.48,-0.33,-15.59,-5.41,75.22,216.65,-73.23,586.70,457.82,233.28,-78.09,22.97,22.90,287.25,287.55,102.77,102.77,360.61,192.21,-22.68,6.73,73.23,4.61,-14.39,69.03,68.28,-17.44,-17.61,192.19,24.20,24.20,33.90,33.87,165.19,134.20,34.17,12.15,32.06,32.06,29.87,29.87,64.28,-8.62,69.24,24.91,83.66,51.54,23.29,17.62,10.43,10.43,39.06,37.11,15.82,-10.11,12.30,98.56,98.56,17.00,-67.11,29.61,9.16,26.56,14.86,-12.28,11.24,6.56,17.97,28.41,26.73,49.82,47.54,-0.11,-10.26,-40.19,-47.84,-7.99,23.01,-28.76,-13.51,0.00,25.25,10.88,-21.82,3.02,20.33,34.03,169.37,0.00,-226.61,-42.22,180.29,-212.38,-166.15,46.98,111.95,38.99,-15.33,-18.87,33.90,90.46,95.11,42.38,42.36,75.73,-42.86,329.33,-9.18,152.97,152.97,40.71,1.54,3.02,80.17,91.49,170.68,-37.90,38.22,18.05,8.19,-4.27,215.34,59.67,39.12,40.21,77.57,39.44,71.25,141.95,153.25,100.91,121.59,128.36,-207.14,34.05,-17.37,-8.46,123.40,16.51,344.38,146.42,-57.73,-63.00,36.58,126.71,99.64,109.33,22.03,43.88,40.71,-9.50,88.50,27.00,205.61,-639.64,40.68,6.73,18.58,14.39,110.77,111.69,38.45,39.27,-33.87,-8.48,59.76,4.16,-166.13,-216.65,-204.10
2.00,33.24,14.27,-57.78,-2.59,-60.11,29.40,42.30,63.85,64.15,76.09,0.00,-22.36,-59.05,-41.73,-21.27,-21.27,47.54,47.54,45.66,140.35,-139.55,92.65,68.57,-17.46,84.46,85.92,77.43,0.25,42.18,142.55,148.39,148.39,47.74,47.74,66.98,81.87,81.87,153.50,153.61,87.52,87.52,49.81,49.81,88.36,88.36,73.14,44.73,44.73,61.86,66.91,-162.13,-41.90,-32.19,-3.26,43.73,22.95,21.64,21.64,18.67,33.70,-26.84,35.52,0.00,0.00,119.15,119.15,-127.73,-21.07,152.78,-2.58,2.05,22.99,3.02,-14.79,-30.45,15.18,-37.69,-39.68,24.60,5.36,-0.84,-1.60,30.52,63.62,41.05,45.96,18.80,15.49,22.54,26.67,8.91,-63.64,-63.65,-63.70,-20.55,-20.83,135.16,10.20,10.12,67.90,67.90,72.00,76.53,-27.02,191.23,19.79,19.79,-18.89,100.96,100.96,48.57,-13.91,14.89,63.62,42.59,42.59,45.46,29.39,-22.30,303.89,306.37,2.98,-128.14,24.71,266.22,13.49,355.73,323.39,65.80,139.75,352.22,66.25,66.41,161.51,-13.22,51.23,1.25,142.24,-18.96,-1.98,72.00,52.06,-35.00,-38.54,72.10,88.00,36.12,73.63,50.80,186.08,57.96,38.37,230.06,230.06,97.84,97.84,29.16,29.12,112.56,12.98,13.49,47.54,-3.74,0.08,-3.55,3.81,-1.34,-3.71,-33.30,5.71,40.47,8.81,11.15,106.49,45.43,-5.01,-33.00,-72.56,20.84,-101.30,68.87,19.92,-19.87,149.06,234.33,-1.50,-0.23,-14.91,-5.81,72.33,198.19,-59.36,613.47,479.59,236.05,-77.50,22.38,22.31,287.25,287.55,112.00,112.00,343.74,183.83,-20.20,6.96,59.36,4.42,-14.15,54.65,72.76,-31.24,-31.40,183.81,24.03,24.03,33.77,33.74,162.42,134.20,32.77,11.42,29.52,29.52,27.37,27.37,58.28,-12.15,69.81,25.11,83.86,52.39,22.91,16.83,12.59,12.59,38.99,36.98,15.79,-8.87,15.32,95.40,95.40,16.54,-65.97,29.85,9.15,27.17,14.25,11.66,9.59,5.19,19.16,28.55,26.70,49.78,47.50,-0.32,-10.42,-40.29,-48.05,-8.09,23.44,-28.76,-13.30,0.00,25.14,10.83,-22.00,2.66,20.45,35.33,163.40,0.00,-216.40,-42.22,173.55,-191.73,-167.95,24.37,118.92,41.04,-15.11,-22.71,46.84,73.80,84.43,42.38,42.36,72.81,-41.61,317.78,-8.91,158.43,158.43,40.81,1.54,2.65,76.84,87.78,161.16,-35.03,35.29,16.71,8.09,-4.40,214.06,107.13,38.27,39.12,76.94,38.39,71.20,135.77,148.38,96.86,117.24,116.41,-214.52,35.35,-22.49,-5.47,127.16,29.68,346.63,141.36,-55.43,-59.78,36.04,122.00,94.14,106.37,20.68,43.63,35.59,-9.86,88.27,25.20,224.09,-644.12,38.87,6.96,18.33,14.15,118.07,119.05,38.33,39.16,-33.74,-11.15,54.76,3.80,-167.93,-198.19,-211.37
3.00,32.61,13.35,-55.88,-0.51,-58.89,26.51,45.73,64.69,64.99,77.06,0.00,-25.62,-55.14,-38.73,-16.23,-16.23,46.38,46.38,44.55,135.58,-134.83,87.27,64.59,1.78,41.82,100.59,90.41,13.99,54.32,137.01,142.61,142.61,46.59,46.59,69.59,79.36,79.36,151.55,151.66,81.53,81.53,48.01,48.01,95.13,95.13,80.57,42.76,42.76,59.23,65.03,-163.96,-40.59,-30.44,0.40,39.20,22.75,21.63,21.63,18.96,33.18,-31.68,37.98,0.00,0.00,119.93,119.93,-125.77,-19.06,155.33,-8.13,-3.63,20.23,2.66,-15.13,-29.99,15.07,-37.84,-40.06,24.34,5.69,-0.82,-1.75,30.73,63.24,40.64,45.48,19.23,15.39,21.84,26.58,8.86,-62.06,-62.07,-62.12,-18.60,-18.85,138.68,10.20,10.12,65.22,65.22,68.63,72.95,-23.91,187.86,16.08,16.08,1.93,96.99,96.99,54.01,-13.48,12.95,63.24,48.37,48.37,49.14,26.50,-25.54,313.90,311.62,2.34,-127.48,25.00,272.82,14.54,358.82,325.10,64.00,135.02,355.24,66.11,66.27,161.61,-13.45,50.82,1.25,133.81,-18.52,-1.70,68.63,48.24,-35.52,-38.92,67.40,88.00,35.62,74.45,51.37,180.03,70.44,35.33,230.06,230.06,94.03,94.03,26.29,26.25,113.61,13.41,14.54,46.38,-3.43,-0.02,-3.04,4.12,-1.51,-3.71,-33.59,5.95,40.46,8.13,10.92,99.35,47.48,-5.37,-32.95,-73.46,20.45,-102.60,69.10,19.99,-20.25,149.06,235.62,-1.42,0.01,-14.61,-5.49,79.70,191.09,-55.72,618.56,484.44,236.66,-75.22,20.72,20.66,287.25,287.55,114.05,114.05,339.18,177.84,-19.87,6.68,55.72,4.38,-13.11,49.31,68.34,-30.25,-30.40,177.82,23.94,23.94,33.65,33.62,157.47,134.20,32.09,11.26,28.68,28.68,26.68,26.68,56.34,-14.39,69.89,25.54,84.29,52.16,22.86,16.25,15.66,15.66,39.12,37.20,15.94,-7.61,15.21,91.71,91.71,16.02,-64.14,30.09,9.13,27.79,13.78,16.56,11.52,7.10,18.99,28.39,26.61,50.07,47.78,-0.04,-10.15,-40.28,-48.07,-8.12,23.35,-28.80,-13.39,0.00,25.55,10.83,-21.96,2.70,20.41,33.37,163.41,0.00,-208.95,-20.91,164.50,-182.69,-168.33,14.90,119.26,53.93,-14.64,-22.95,45.52,71.04,82.96,20.95,20.94,80.29,-38.62,310.99,-8.86,158.57,158.57,40.80,0.21,2.27,73.50,85.54,151.81,-38.83,37.71,17.54,7.62,-4.43,215.21,115.20,38.13,37.89,76.99,37.21,71.36,130.42,141.45,92.48,112.08,102.34,-212.61,33.39,-27.49,-0.90,132.42,33.12,348.30,141.55,-55.74,-55.98,35.55,118.51,90.18,99.25,19.82,43.56,34.32,-10.29,88.56,24.18,228.19,-639.71,31.03,6.68,19.07,13.11,119.04,120.03,38.09,38.91,-33.62,-12.20,53.37,3.43,-168.31,-191.09,-209.49
4.00,32.06,12.93,-54.62,1.27,-53.64,26.47,47.19,65.38,65.68,78.51,0.00,-30.71,-49.28,-34.38,-10.64,-10.64,45.41,45.41,43.62,135.43,-134.68,83.77,62.00,1.18,41.82,100.78,91.62,14.98,55.67,135.78,141.33,141.33,43.85,43.85,68.42,76.45,76.45,149.26,149.36,78.32,78.32,47.72,47.72,94.37,94.37,79.96,42.56,42.56,57.46,64.44,-157.27,-39.25,-28.89,6.57,29.23,22.61,21.70,21.70,19.79,33.56,-32.10,37.46,0.00,0.00,121.43,121.43,-120.89,-15.72,159.89,-21.04,-16.53,17.58,-0.67,-16.09,-30.49,15.12,-38.67,-40.87,23.80,5.36,-0.79,-1.67,30.26,60.18,41.00,45.75,18.51,14.76,21.07,25.89,8.60,-58.98,-58.99,-59.03,-15.34,-15.55,144.86,10.21,10.13,61.64,61.64,67.73,71.99,-16.36,188.20,13.10,13.10,1.28,88.95,88.95,64.73,-13.20,11.23,60.18,59.39,59.39,50.71,26.46,-30.62,331.32,319.63,1.73,-122.70,25.81,279.71,14.83,362.68,320.92,63.44,134.87,359.03,66.81,66.97,162.83,-12.97,50.20,1.24,128.66,-18.80,-1.44,67.73,52.65,-36.02,-39.35,67.25,88.00,35.91,74.00,51.06,178.14,71.29,31.08,230.06,230.06,86.20,86.20,26.26,26.22,110.76,13.13,14.83,45.41,-3.27,0.57,-2.14,4.46,-1.88,-3.54,-33.11,5.94,38.93,7.41,11.38,95.95,48.02,-5.67,-32.41,-72.99,20.69,-102.43,66.98,19.38,-20.15,149.05,235.46,-1.47,0.46,-14.67,-5.94,79.10,183.54,-53.00,625.53,490.92,234.60,-69.25,19.20,19.14,287.25,287.55,118.09,118.09,340.99,174.32,-19.15,6.29,53.00,4.14,-12.82,41.00,68.75,-32.58,-32.72,174.30,23.47,23.47,32.81,32.78,151.73,134.20,31.48,10.87,28.11,28.11,26.11,26.11,55.06,-16.25,69.91,26.15,84.90,51.65,22.16,15.82,21.06,21.06,39.44,37.45,16.39,-6.56,15.11,83.97,83.97,15.46,-63.57,29.20,8.85,26.84,13.45,28.71,12.54,8.15,18.38,28.73,26.84,48.76,46.53,-4.33,-8.36,-38.77,-46.36,-7.90,23.98,-27.61,-12.74,0.00,25.25,10.80,-21.14,2.34,20.70,33.24,163.45,0.00,-204.00,-20.91,157.41,-175.87,-168.23,8.14,124.23,54.10,-15.33,-24.06,42.86,69.52,83.65,20.95,20.94,79.67,-34.29,308.39,-8.60,160.23,160.23,39.25,0.21,2.33,70.19,84.07,145.73,-36.97,37.20,17.30,7.63,-4.38,208.13,137.77,36.80,36.55,76.79,35.92,74.18,123.27,139.60,88.57,107.62,91.79,-214.87,33.26,-37.96,8.14,139.01,36.21,343.41,142.67,-53.82,-46.96,35.84,116.12,87.64,95.86,18.21,41.31,32.57,-10.50,85.86,22.72,236.29,-640.11,22.74,6.29,19.63,12.82,122.32,123.34,37.36,38.17,-32.78,-13.36,52.24,3.49,-168.21,-183.54,-211.72
5.00,31.81,12.12,-53.58,1.10,-51.45,26.83,46.02,64.69,64.99,76.99,0.00,-31.44,-48.50,-33.84,-9.06,-9.06,45.15,45.15,43.37,134.46,-133.72,81.60,60.39,2.90,41.82,103.39,93.93,16.24,57.01,134.28,139.76,139.76,41.93,41.93,68.86,74.21,74.21,147.46,147.56,75.82,75.82,47.06,47.06,94.67,94.67,79.99,41.87,41.87,56.01,63.36,-154.65,-38.75,-27.46,6.09,27.19,22.42,21.91,21.91,19.13,32.63,-34.72,39.38,0.00,0.00,123.12,123.12,-117.35,-17.00,158.24,-30.33,-25.77,16.12,-3.25,-16.47,-30.70,15.28,-39.39,-41.62,23.56,5.20,-0.69,-1.67,30.19,59.25,41.17,45.88,18.14,14.85,20.84,26.22,8.84,-58.20,-58.21,-58.25,-16.58,-16.81,143.22,10.21,10.14,60.61,60.61,66.87,71.08,-14.72,185.43,11.47,11.47,3.14,86.97,86.97,67.22,-12.68,11.38,59.25,59.39,59.39,49.45,26.82,-31.34,325.61,315.73,1.20,-119.82,25.16,289.37,15.85,368.61,322.17,62.38,133.91,364.84,67.68,67.84,160.85,-13.08,49.56,1.25,124.86,-18.55,-1.31,66.88,53.95,-36.55,-40.13,66.16,88.00,35.87,73.78,50.91,176.38,73.75,30.61,230.06,230.06,84.09,84.09,26.61,26.57,110.64,13.38,15.85,45.15,-3.13,0.71,-2.00,4.34,-2.00,-3.50,-33.11,6.20,38.44,7.25,11.17,94.43,47.50,-5.44,-32.19,-72.57,20.50,-103.31,66.60,19.27,-20.22,149.05,222.74,-1.42,0.57,-14.33,-5.73,79.12,179.29,-50.86,635.75,499.63,236.10,-67.27,18.61,18.56,287.24,287.54,121.53,121.53,332.05,171.98,-18.92,6.02,50.86,4.20,-13.00,36.55,68.48,-33.53,-33.67,171.96,23.57,23.57,32.46,32.43,147.30,134.20,31.32,10.38,27.64,27.64,25.55,25.55,54.00,-16.08,69.94,26.16,84.91,51.70,22.27,15.59,21.85,21.85,38.07,36.21,16.53,-6.07,15.55,81.72,81.72,15.29,-62.52,28.89,8.66,26.63,13.21,37.61,13.23,8.70,19.40,29.12,27.26,48.72,46.50,-5.14,-7.49,-38.30,-45.72,-7.74,24.02,-27.29,-12.46,0.00,25.41,10.82,-21.01,2.35,20.73,31.09,163.39,0.00,-200.19,-20.91,153.54,-165.71,-168.29,-2.14,122.17,55.75,-15.68,-24.34,40.35,68.37,84.25,20.95,20.94,79.70,-33.76,302.06,-8.84,162.12,162.12,38.77,0.21,2.23,69.11,83.30,141.95,-37.88,39.09,18.29,7.56,-4.26,207.35,154.46,37.00,36.16,75.26,35.54,73.00,121.20,137.83,86.62,105.31,85.77,-215.46,31.11,-41.03,6.45,136.42,40.84,344.77,140.37,-52.45,-48.71,35.80,114.65,85.30,94.34,17.89,40.92,30.30,-11.43,85.37,22.14,243.18,-639.83,18.75,6.02,19.67,13.00,125.24,126.29,37.63,38.44,-32.43,-14.17,51.12,3.46,-168.27,-179.29,-212.30
6.00,31.83,11.41,-52.19,2.20,-50.10,25.92,45.13,63.48,63.78,77.02,0.00,-32.13,-48.85,-34.29,-7.62,-7.62,44.88,44.88,43.12,134.28,-133.55,79.71,59.00,2.76,41.82,103.72,94.80,17.22,58.39,133.77,139.23,139.23,39.35,39.35,69.35,71.50,71.50,144.99,145.09,72.84,72.84,46.87,46.87,94.24,94.24,79.22,41.64,41.64,54.79,62.31,-149.56,-38.13,-27.45,3.74,23.89,22.26,21.55,21.55,18.98,32.14,-36.32,39.57,0.00,0.00,124.16,124.16,-112.18,-19.40,155.66,-32.61,-27.97,15.45,-3.86,-16.66,-30.76,15.20,-39.33,-41.63,23.61,5.45,-0.90,-1.77,30.53,60.64,41.22,45.92,18.38,15.12,20.52,26.04,8.59,-58.17,-58.18,-58.22,-18.92,-19.18,140.12,10.21,10.14,59.69,59.69,65.19,69.30,-14.26,183.76,8.88,8.88,2.98,85.62,85.62,67.51,-13.79,10.36,60.64,58.39,58.39,48.49,25.91,-32.03,322.45,310.16,0.50,-115.36,25.02,297.91,16.64,373.98,329.11,61.36,133.73,370.10,67.84,68.00,156.01,-12.75,50.39,1.24,123.25,-18.37,-1.23,65.20,55.88,-36.91,-40.29,66.43,88.00,36.02,73.82,50.94,175.39,74.12,31.25,230.06,230.06,82.87,82.87,25.70,25.66,114.41,13.57,16.64,44.88,-3.06,0.21,-1.98,4.39,-2.07,-3.72,-33.06,5.83,40.72,7.24,11.65,90.27,47.64,-5.51,-31.84,-72.78,20.72,-101.95,68.94,19.94,-19.62,149.05,203.95,-1.38,0.62,-14.40,-5.61,78.36,175.71,-49.21,644.40,507.30,239.74,-65.67,19.01,18.96,287.27,287.57,123.45,123.45,324.18,169.00,-18.23,5.82,49.21,4.14,-13.04,33.03,68.04,-34.41,-34.55,168.98,23.68,23.68,32.62,32.59,141.96,134.20,31.01,10.45,27.49,27.49,25.31,25.31,52.59,-17.26,70.18,26.23,84.98,52.05,22.71,15.42,22.67,22.67,38.48,36.62,15.80,-6.27,15.37,80.60,80.60,15.05,-61.50,29.14,8.81,26.90,13.13,39.92,13.23,8.56,18.58,28.03,26.40,49.88,47.60,-0.29,-10.72,-40.54,-48.43,-8.23,23.08,-28.92,-13.33,0.00,25.40,10.82,-22.16,2.90,20.32,29.54,163.44,0.00,-198.07,-20.91,149.14,-156.33,-167.70,-10.97,120.80,56.61,-16.35,-25.17,38.35,68.31,84.57,20.95,20.94,78.92,-34.20,297.09,-8.59,163.68,163.68,41.07,0.21,2.21,67.89,81.93,138.67,-37.91,39.28,18.20,7.81,-4.52,213.96,160.38,37.71,35.60,74.64,35.00,74.11,119.37,134.37,85.00,103.45,80.00,-216.48,29.55,-40.23,8.94,136.23,44.44,352.16,135.70,-52.14,-43.78,35.94,113.41,84.41,90.19,17.60,40.17,32.86,-10.81,88.36,22.53,247.02,-639.44,15.59,5.82,19.89,13.04,125.96,127.01,38.03,38.85,-32.59,-14.58,50.64,3.37,-167.68,-175.71,-213.30
7.00,31.36,10.73,-51.23,2.35,-49.73,26.04,45.55,63.69,63.99,74.68,0.00,-33.37,-46.36,-32.08,-7.55,-7.55,44.90,44.90,43.13,136.69,-135.92,79.55,58.88,1.85,41.82,101.32,91.79,15.28,55.76,134.71,140.21,140.21,35.16,35.16,67.91,67.75,67.75,141.31,141.40,72.05,72.05,49.08,49.08,91.83,91.83,77.30,43.94,43.94,54.84,62.43,-132.58,-37.67,-27.24,-0.73,19.40,22.20,21.62,21.62,17.70,30.78,-35.30,35.24,0.00,0.00,123.36,123.36,-99.40,-23.04,150.59,-32.83,-28.27,15.61,-4.10,-16.83,-30.61,15.25,-39.85,-42.31,23.81,5.37,-0.69,-1.54,30.49,58.88,41.11,45.78,18.37,15.31,20.36,27.17,8.65,-57.11,-57.12,-57.16,-22.48,-22.78,134.07,10.21,10.13,59.59,59.59,64.52,68.58,-13.31,185.44,10.75,10.75,2.01,84.08,84.08,71.05,-13.07,10.55,58.88,55.50,55.50,48.95,26.04,-33.27,320.31,309.94,-0.03,-103.11,23.77,294.01,17.54,368.98,321.29,61.48,136.12,365.20,67.77,67.93,156.42,-13.82,50.51,1.24,119.93,-18.39,-1.33,64.53,58.25,-36.79,-40.35,70.02,88.00,35.76,74.18,51.18,174.69,71.43,28.69,230.06,230.06,81.42,81.42,25.83,25.79,110.50,13.55,17.54,44.90,-3.05,-0.33,-1.91,3.41,-1.80,-3.60,-32.58,5.81,40.00,6.86,11.37,89.52,47.03,-5.37,-33.63,-73.13,20.41,-90.54,67.12,19.42,-16.10,149.05,167.08,-1.39,0.48,-14.80,-5.66,76.46,183.57,-58.04,638.57,500.34,235.76,-65.06,18.39,18.34,287.26,287.56,122.04,122.04,325.23,168.21,-19.96,5.12,58.04,4.06,-12.83,34.95,67.24,-36.67,-36.81,168.19,23.63,23.63,32.83,32.81,134.55,134.20,32.00,9.48,27.81,27.81,25.65,25.65,51.62,-17.81,70.39,25.91,84.65,52.72,22.69,15.45,23.92,23.92,37.54,35.54,14.85,-6.89,15.59,79.24,79.24,14.93,-61.61,29.25,8.83,26.95,13.14,39.97,12.05,7.39,18.84,27.08,25.51,45.78,43.69,-3.30,-13.40,-39.83,-47.33,-7.83,24.46,-27.92,-12.78,0.00,24.94,10.82,-21.47,2.22,21.00,29.56,163.42,0.00,-198.30,-20.91,148.95,-157.55,-164.18,-6.24,117.88,54.24,-17.08,-25.62,37.59,68.28,84.55,20.95,20.94,76.99,-32.01,302.05,-8.65,162.21,162.21,40.33,0.21,2.27,67.02,81.23,138.38,-33.61,35.01,17.81,8.19,-4.25,204.83,159.66,37.87,35.32,74.69,34.72,67.71,119.17,132.99,84.91,103.42,80.29,-217.65,29.58,-42.79,7.06,135.75,46.99,344.30,136.17,-52.29,-48.25,35.68,115.03,83.02,89.44,17.66,40.31,30.29,-10.56,86.03,21.92,244.19,-638.62,17.43,5.12,19.38,12.83,125.49,126.54,38.36,39.18,-32.81,-14.62,51.31,3.46,-164.17,-183.57,-214.46
8.00,31.30,10.59,-51.34,2.48,-49.74,25.70,45.49,63.24,63.53,74.93,0.00,-33.53,-46.27,-32.23,-6.59,-6.59,44.71,44.71,42.95,135.30,-134.55,79.01,58.48,2.29,41.82,103.52,94.09,16.68,57.30,134.01,139.48,139.48,35.39,35.39,68.60,67.59,67.59,141.20,141.29,70.82,70.82,48.50,48.50,92.47,92.47,78.54,43.32,43.32,54.30,62.01,-134.70,-37.14,-26.55,-0.01,19.69,22.07,21.57,21.57,17.73,30.73,-37.55,37.17,0.00,0.00,124.28,124.28,-99.27,-23.61,150.20,-34.23,-29.59,15.30,-4.72,-16.98,-30.80,15.36,-39.72,-42.16,23.86,5.29,-0.78,-1.60,30.06,59.52,41.23,45.89,18.20,15.38,20.02,27.49,8.56,-57.44,-57.45,-57.49,-23.03,-23.34,133.96,10.21,10.14,59.02,59.02,64.08,68.11,-13.45,184.33,9.51,9.51,2.48,84.03,84.03,70.05,-13.69,10.63,59.52,55.67,55.67,48.88,25.70,-33.43,319.77,308.51,-0.23,-103.52,23.78,297.38,16.55,373.93,325.85,61.07,134.74,370.05,67.89,68.05,155.47,-13.60,52.61,1.24,119.48,-18.27,-1.18,64.08,57.41,-36.98,-40.48,69.49,88.00,35.74,74.01,51.07,173.88,74.02,29.08,230.06,230.06,81.26,81.26,25.49,25.45,112.39,13.66,16.55,44.71,-2.97,-0.28,-1.80,3.36,-2.05,-3.70,-32.27,5.81,40.54,6.94,11.37,88.22,47.35,-5.40,-33.13,-72.83,20.28,-88.71,67.94,19.65,-16.62,149.05,163.88,-1.37,0.65,-14.60,-5.54,77.69,181.27,-57.73,642.26,507.30,238.63,-64.88,17.95,17.90,287.25,287.55,124.05,124.05,322.53,166.82,-20.01,5.07,57.73,4.07,-12.50,32.93,66.97,-36.00,-36.14,166.81,23.26,23.26,32.84,32.81,134.23,134.20,31.85,9.65,27.59,27.59,25.32,25.32,51.73,-18.19,70.67,25.96,84.71,53.16,22.87,15.34,23.70,23.70,37.43,35.68,14.72,-6.86,15.87,78.96,78.96,14.69,-61.20,29.15,8.85,26.72,13.01,41.47,11.91,7.28,19.07,27.17,25.56,47.68,45.51,-1.90,-12.48,-40.37,-48.08,-8.06,23.77,-28.68,-13.26,0.00,24.74,10.80,-21.94,2.54,20.65,27.77,163.48,0.00,-196.89,-20.91,146.95,-154.28,-164.70,-10.04,117.64,56.19,-16.89,-26.08,40.60,68.32,83.48,20.95,20.94,78.24,-32.15,299.49,-8.56,163.30,163.30,40.88,0.21,2.40,67.01,81.80,137.44,-35.86,36.91,17.96,8.58,-4.37,209.58,165.37,38.12,34.74,73.27,34.17,72.36,118.02,132.07,83.90,102.15,77.77,-217.29,27.79,-42.40,7.96,135.13,41.92,349.05,135.21,-51.76,-46.22,35.66,113.52,83.13,88.14,17.19,38.90,31.15,-10.71,87.08,21.48,248.21,-638.33,15.76,5.07,19.13,12.50,126.94,128.00,37.75,38.56,-32.81,-14.71,50.65,3.57,-164.69,-181.27,-214.10
9.00,31.81,10.45,-52.19,1.58,-52.06,26.22,46.56,64.40,64.70,77.04,0.00,-31.73,-48.04,-33.39,-7.19,-7.19,44.59,44.59,42.83,136.25,-135.49,80.47,59.55,3.12,41.82,102.48,94.08,15.92,58.35,133.95,139.41,139.41,39.84,39.84,68.45,72.72,72.72,145.70,145.80,73.23,73.23,46.93,46.93,93.45,93.45,79.23,41.77,41.77,55.52,62.69,-151.49,-37.52,-27.06,5.40,25.57,22.39,21.80,21.80,19.10,32.44,-36.41,39.17,0.00,0.00,124.24,124.24,-113.12,-19.02,156.23,-31.97,-27.23,15.87,-3.89,-16.70,-30.80,15.44,-38.98,-41.44,24.04,4.78,-0.73,-1.57,29.87,60.47,41.43,46.18,17.33,15.70,20.24,28.96,8.61,-57.99,-58.00,-58.04,-18.55,-18.81,141.20,10.21,10.14,59.83,59.83,64.87,68.95,-14.91,183.77,9.65,9.65,3.38,86.25,86.25,68.17,-13.57,11.86,60.47,58.88,58.88,50.03,26.21,-31.63,324.86,314.50,-0.23,-116.27,25.11,295.24,16.94,373.96,328.32,61.73,135.68,370.07,67.99,68.16,160.06,-13.81,52.27,1.23,120.61,-18.33,-1.18,64.87,58.42,-36.66,-40.44,69.09,88.00,36.03,73.42,50.66,174.02,72.79,30.03,230.06,230.06,83.44,83.44,26.00,25.96,114.27,13.61,16.94,44.59,-3.00,-0.91,-1.81,3.24,-2.08,-3.76,-32.24,5.89,40.69,7.00,11.45,88.58,48.17,-5.46,-33.82,-72.11,20.49,-102.06,68.33,19.77,-20.26,149.05,207.16,-1.38,0.67,-14.99,-5.53,78.37,184.15,-59.02,642.35,507.30,239.60,-67.13,18.18,18.14,287.23,287.53,123.64,123.64,328.72,169.23,-20.52,5.39,59.02,4.38,-13.21,32.38,69.44,-35.09,-35.23,169.21,23.40,23.40,32.79,32.77,144.36,134.20,32.51,9.78,28.16,28.16,25.98,25.98,52.59,-17.69,70.65,25.73,84.48,53.33,23.23,15.45,21.96,21.96,38.68,36.63,15.55,-6.39,16.39,81.14,81.14,14.85,-61.87,28.67,8.78,25.82,13.06,39.52,11.82,7.22,18.57,28.29,26.64,49.32,47.07,-1.04,-11.12,-40.51,-48.24,-8.07,23.58,-29.01,-13.54,0.00,24.74,10.09,-22.09,2.63,20.56,29.72,163.17,0.00,-200.60,-20.91,148.23,-159.91,-168.33,-8.01,117.37,56.74,-17.28,-25.99,43.40,68.92,82.91,20.95,20.94,78.93,-33.31,302.12,-8.61,163.79,163.79,41.03,0.21,2.83,68.16,83.66,139.98,-38.92,38.88,17.93,8.04,-4.32,212.22,161.48,38.80,35.12,74.11,34.54,72.28,119.64,133.70,85.18,103.55,78.52,-217.49,29.73,-40.52,6.95,136.19,39.89,351.89,139.57,-51.54,-47.58,35.95,115.38,84.96,88.50,18.01,39.86,31.92,-10.59,87.58,21.72,247.39,-640.76,14.63,5.39,18.76,13.21,126.01,127.06,37.97,38.79,-32.77,-13.60,51.98,4.00,-168.31,-184.15,-214.30
10.00,32.06,11.37,-53.86,1.06,-53.13,26.50,47.48,64.20,64.50,78.73,0.00,-30.39,-49.53,-34.54,-8.77,-8.77,44.81,44.81,43.04,136.03,-135.28,83.21,61.58,3.45,41.82,102.52,93.56,15.97,56.86,134.53,140.02,140.02,43.34,43.34,67.47,76.19,76.19,148.74,148.84,75.83,75.83,46.24,46.24,94.50,94.50,79.89,41.15,41.15,57.09,63.25,-160.10,-38.43,-27.44,8.71,28.79,22.49,21.73,21.73,19.62,33.37,-33.07,38.13,0.00,0.00,122.98,122.98,-121.69,-16.56,159.86,-25.52,-20.84,17.34,-2.14,-16.01,-30.74,15.46,-38.56,-41.01,24.31,4.46,-0.64,-1.56,30.10,61.03,41.56,46.43,17.28,16.07,20.55,29.38,8.62,-58.70,-58.71,-58.75,-16.16,-16.38,145.56,10.21,10.14,60.97,60.97,65.56,69.68,-15.41,185.08,10.79,10.79,3.74,87.27,87.27,65.56,-14.28,12.54,61.03,61.01,61.01,51.02,26.49,-30.30,328.51,316.21,0.28,-123.69,25.63,288.36,15.18,370.90,329.41,62.27,135.47,367.08,67.67,67.83,162.69,-13.56,52.70,1.22,123.72,-18.59,-1.28,65.56,56.28,-35.95,-39.92,69.42,88.00,36.36,72.86,50.27,174.76,74.03,31.21,230.06,230.06,84.56,84.56,26.28,26.24,113.94,13.35,15.18,44.81,-3.13,-1.44,-1.96,3.29,-2.05,-3.79,-32.52,5.89,40.87,7.27,11.59,89.36,47.35,-5.43,-33.48,-71.50,20.79,-101.51,68.71,19.88,-21.69,149.06,233.68,-1.43,0.61,-14.96,-5.72,79.02,186.04,-60.39,635.39,502.68,238.92,-68.51,18.45,18.40,287.23,287.53,121.66,121.66,335.41,171.83,-20.72,5.51,60.39,4.40,-14.27,36.19,69.20,-33.53,-33.67,171.81,23.38,23.38,33.01,32.99,151.22,134.20,32.60,10.37,28.28,28.28,26.16,26.16,54.29,-17.37,70.80,25.87,84.62,53.48,23.61,15.26,20.61,20.61,39.33,37.43,15.93,-6.37,16.07,82.36,82.36,15.08,-62.41,28.68,8.67,25.75,12.71,33.27,11.38,6.74,17.21,29.40,27.43,49.61,47.34,-1.03,-11.10,-40.69,-48.37,-8.02,23.54,-29.15,-13.71,0.00,24.98,10.09,-22.11,2.57,20.48,32.14,163.18,0.00,-203.29,-20.91,151.99,-167.87,-169.77,-1.45,119.09,56.75,-17.03,-26.04,45.62,71.16,83.85,20.95,20.94,79.60,-34.45,305.75,-8.62,162.66,162.66,41.21,0.21,2.91,69.60,85.56,144.74,-39.02,37.86,17.84,9.49,-4.25,213.54,149.28,39.55,35.66,74.81,35.05,71.47,121.92,135.13,87.30,106.03,83.38,-216.42,32.16,-38.42,8.82,135.41,34.16,350.89,142.22,-52.17,-43.72,36.28,115.70,87.35,89.28,18.32,39.04,34.24,-11.12,88.07,21.99,243.43,-640.53,17.21,5.51,20.18,14.27,124.70,125.74,37.66,38.47,-32.99,-12.82,52.33,4.21,-169.75,-186.04,-213.24
11.00,32.53,12.77,-58.94,-0.97,-61.50,26.50,49.33,66.60,66.91,78.98,0.00,-25.96,-53.95,-37.67,-14.76,-14.76,46.45,46.45,44.63,136.41,-135.65,91.09,67.42,-1.43,53.98,99.61,89.71,11.41,52.83,137.93,143.56,143.56,47.89,47.89,69.47,80.97,80.97,152.43,152.53,80.56,80.56,48.44,48.44,95.11,95.11,80.86,43.19,43.19,61.03,65.41,-165.85,-39.56,-30.13,1.95,39.18,22.90,21.65,21.65,19.49,34.43,-33.00,37.54,0.00,0.00,118.32,118.32,-124.88,-18.74,156.88,-13.72,-9.23,19.32,0.64,-14.80,-29.49,15.19,-39.55,-41.92,24.70,5.13,-0.74,-1.40,30.15,58.76,40.36,45.24,19.03,15.74,21.29,27.30,7.67,-61.91,-61.92,-61.96,-18.28,-18.53,140.59,10.21,10.13,63.68,63.68,67.92,72.19,-24.08,189.87,15.79,15.79,-1.55,98.84,98.84,54.46,-13.12,15.08,58.76,50.07,50.07,53.01,26.49,-25.88,325.76,322.78,1.29,-127.23,25.50,260.65,11.88,351.26,331.15,64.36,135.84,347.84,66.35,66.51,169.66,-13.74,51.02,1.16,134.17,-19.34,-1.61,67.92,47.97,-35.66,-39.00,71.71,88.00,35.12,74.99,51.75,178.84,70.48,34.09,230.05,230.05,95.91,95.91,26.28,26.24,105.34,12.59,11.88,46.45,-3.51,-2.39,-2.30,2.93,-1.87,-3.76,-32.65,6.13,40.76,7.83,11.62,94.08,46.96,-5.30,-33.93,-73.86,19.83,-101.20,68.26,19.75,-19.88,149.05,234.23,-1.58,0.42,-15.16,-6.36,79.99,199.61,-65.95,604.84,474.88,227.47,-77.96,20.54,20.48,287.22,287.52,114.04,114.04,351.11,177.01,-22.48,7.15,65.95,4.29,-14.98,44.74,66.61,-29.09,-29.24,176.99,23.80,23.80,33.99,33.97,160.65,134.20,33.68,10.95,29.94,29.94,27.57,27.57,59.45,-15.93,71.60,26.46,85.21,54.39,23.35,13.81,16.32,16.32,39.99,37.86,15.63,-7.67,16.16,93.63,93.63,15.62,-64.51,30.28,8.72,28.24,11.26,21.81,11.62,6.95,18.02,29.38,27.56,49.85,47.57,-0.62,-10.75,-40.99,-48.56,-8.32,23.23,-29.24,-13.59,-0.96,25.57,10.85,-22.31,2.78,20.37,32.19,163.10,0.00,-212.93,-26.99,163.14,-194.08,-167.95,26.74,119.24,54.16,-16.27,-25.49,48.29,73.71,85.11,27.06,27.04,80.57,-37.56,319.53,-7.67,156.39,156.39,40.01,0.54,2.01,73.59,93.27,158.45,-41.63,37.28,18.21,9.33,-4.58,212.88,125.84,38.96,36.94,75.47,36.30,74.34,127.33,139.99,92.36,112.04,101.76,-212.16,32.21,-26.78,-0.45,135.17,25.11,330.93,149.21,-55.55,-57.57,35.04,121.02,91.66,93.99,19.86,42.14,39.94,-9.57,87.49,24.05,228.18,-637.92,32.49,7.15,21.69,14.98,119.52,120.52,37.54,38.35,-33.97,-10.77,55.16,3.59,-167.93,-199.61,-209.05
12.00,33.32,14.83,-64.11,-1.48,-65.96,27.81,51.82,69.66,69.98,81.77,0.00,-30.87,-48.35,-33.63,-11.08,-11.08,45.98,45.98,44.17,135.25,-134.50,96.43,71.37,-2.04,53.98,94.73,87.95,9.34,53.20,139.69,145.40,145.40,47.55,47.55,70.62,80.78,80.78,152.86,152.96,82.99,82.99,49.43,49.43,94.41,94.41,80.12,44.09,44.09,62.46,66.28,-163.93,-40.45,-30.37,7.61,31.84,22.85,20.77,20.77,21.00,36.57,-36.89,38.55,0.00,0.00,116.02,116.02,-120.26,-14.96,163.27,-30.74,-25.24,16.26,-1.68,-14.85,-31.28,16.00,-41.70,-43.94,23.45,3.28,-0.57,-1.15,29.99,46.99,41.63,46.55,13.54,15.83,21.86,18.29,7.57,-59.53,-59.54,-59.58,-14.60,-14.80,148.23,10.21,10.13,60.90,60.90,73.86,78.51,-20.88,195.51,13.84,13.84,-2.21,93.16,93.16,62.52,-13.03,15.75,46.99,60.21,60.21,55.68,27.80,-30.77,352.91,342.39,2.66,-123.84,26.99,248.56,7.64,344.79,350.83,65.22,134.69,341.49,71.72,71.89,179.52,-14.75,42.60,1.16,141.17,-19.04,-1.55,73.86,50.29,-36.22,-39.31,74.95,88.00,35.70,73.06,50.42,179.68,67.51,30.28,230.06,230.06,90.24,90.24,27.58,27.53,84.61,12.90,7.64,45.98,-3.33,2.64,-2.08,4.26,-1.74,-3.81,-32.96,6.70,40.51,7.27,13.54,105.71,48.61,-5.64,-34.33,-71.19,19.60,-102.18,65.97,19.09,-18.97,149.06,235.22,-1.52,0.40,-14.38,-6.27,79.25,199.08,-61.42,590.77,468.31,209.68,-72.02,19.51,19.45,287.24,287.54,119.78,119.78,371.15,179.74,-21.67,5.29,61.42,4.57,-15.16,31.21,65.09,-31.55,-31.71,179.72,24.07,24.07,31.29,31.26,160.27,134.20,32.09,11.42,28.83,28.83,26.83,26.83,64.72,-15.62,70.90,25.88,84.63,53.64,23.94,15.10,21.38,21.38,40.36,38.19,16.19,-6.95,16.33,87.89,87.89,16.03,-65.36,26.37,8.10,22.79,12.24,39.87,13.09,8.53,16.30,30.12,28.29,49.91,47.64,-0.21,-10.37,-43.13,-48.19,-8.19,23.16,-29.40,-13.60,-4.59,25.64,10.88,-22.49,2.86,20.36,30.22,163.08,0.00,-205.69,-26.99,165.70,-205.95,-167.05,39.59,129.07,53.16,-15.66,-25.09,52.30,77.18,87.36,27.06,27.04,79.83,-33.54,328.86,0.13,155.89,155.89,33.47,0.54,3.55,69.25,100.14,167.74,-44.32,38.28,18.48,8.65,-4.40,206.27,158.82,39.63,37.92,74.37,37.24,72.01,121.78,152.22,87.96,107.14,104.02,-213.31,30.23,-35.25,6.49,144.35,12.76,292.54,158.79,-55.88,-54.15,35.62,121.12,84.33,105.60,18.07,41.22,35.30,-10.23,84.58,23.18,239.66,-636.44,29.94,5.29,20.40,15.16,126.69,127.75,37.37,38.18,-31.26,-12.01,53.67,4.82,-167.03,-199.08,-210.18
13.00,33.56,14.35,-62.75,-0.96,-67.70,30.67,48.12,68.39,68.70,80.20,0.00,-26.28,-52.56,-36.46,-19.05,-19.05,48.18,48.18,46.29,137.58,-136.81,114.74,84.92,-0.99,56.35,93.48,83.54,14.00,49.31,146.97,153.00,153.00,53.28,53.28,72.30,87.09,87.09,157.63,157.75,91.25,91.25,51.95,51.95,96.86,96.86,81.91,46.48,46.48,68.95,68.62,-171.00,-41.94,-32.44,5.32,41.21,23.28,20.37,20.37,21.06,38.58,-36.27,39.24,0.00,0.00,110.07,110.07,-124.30,-17.52,161.87,-34.26,-28.02,15.67,-1.68,-13.00,-32.92,16.50,-41.83,-43.97,22.79,1.04,-0.10,-0.54,29.21,34.22,43.00,48.24,8.23,16.43,22.77,4.77,8.10,-62.46,-62.47,-62.51,-17.09,-17.32,146.19,10.22,10.13,64.51,64.51,79.45,84.44,-24.89,203.36,21.92,21.92,-1.07,98.83,98.83,52.51,-12.69,15.86,34.22,53.41,53.41,51.71,30.66,-26.20,342.31,334.11,2.37,-128.19,27.05,212.09,5.75,315.42,361.00,67.49,137.00,312.66,71.93,72.10,174.52,-15.83,29.04,1.15,156.94,-19.84,-1.91,79.45,41.72,-33.97,-37.39,81.76,88.00,37.27,70.20,48.44,187.24,66.77,32.73,230.06,230.06,95.85,95.85,30.43,30.38,56.24,12.09,5.75,48.18,-3.75,2.54,-2.49,4.12,-1.52,-3.82,-33.28,7.00,39.01,7.90,12.55,117.06,46.51,-5.53,-35.62,-67.93,20.67,-101.22,61.03,17.66,-16.41,149.05,234.27,-1.68,0.17,-14.32,-6.91,81.03,221.15,-66.47,549.30,428.69,181.05,-74.98,21.64,21.57,287.26,287.56,114.92,114.92,390.98,187.27,-23.68,6.18,66.47,5.12,-16.86,32.76,60.26,-25.46,-25.63,187.24,24.09,24.09,29.13,29.11,172.71,134.20,32.94,12.97,30.75,30.75,28.51,28.51,63.33,-16.89,69.75,24.85,83.60,52.51,24.77,17.07,16.34,16.34,40.72,38.78,15.90,-8.00,16.50,93.53,93.53,16.70,-67.63,22.57,7.51,17.13,13.71,44.68,13.92,9.65,14.07,30.35,28.50,49.03,46.79,1.03,-9.19,-45.00,-46.22,-7.69,22.75,-29.02,-13.31,-10.61,25.34,10.80,-22.28,2.95,20.09,28.22,163.16,0.00,-222.49,-28.17,182.11,-239.61,-164.49,76.09,127.75,49.85,-16.08,-25.17,54.97,80.10,88.92,28.25,28.23,81.63,-36.37,349.71,11.35,147.68,147.68,23.17,0.93,5.43,74.69,98.26,199.57,-47.39,38.95,17.96,8.05,-3.89,192.81,160.08,41.06,39.51,72.48,38.77,75.32,129.00,163.72,94.22,114.50,133.71,-209.07,28.23,-28.29,4.42,141.47,5.93,235.73,154.24,-53.92,-55.14,37.19,128.29,93.96,116.92,19.83,44.96,39.68,-9.66,78.28,25.33,229.95,-631.65,51.59,6.19,20.43,16.86,126.62,127.68,37.13,37.92,-29.11,-9.12,57.05,6.46,-164.48,-221.15,-206.00
14.00,33.13,13.73,-64.12,0.61,-63.37,32.44,49.50,70.52,70.85,79.15,0.00,-28.86,-49.81,-33.72,-21.82,-21.82,48.62,48.62,46.70,135.26,-134.52,125.73,93.06,0.42,56.35,92.65,81.23,18.07,47.37,150.78,156.97,156.97,57.16,57.16,73.32,89.66,89.66,159.51,159.64,94.69,94.69,55.59,55.59,100.57,100.57,85.24,50.02,50.02,73.91,70.85,-165.21,-44.29,-34.57,7.45,34.35,23.71,20.68,20.68,22.29,40.75,-37.89,37.69,0.00,0.00,100.68,100.68,-118.25,-13.76,166.36,-36.74,-30.28,16.11,-0.86,-11.90,-32.82,16.45,-42.64,-45.17,22.31,-0.16,0.38,-0.07,27.78,23.29,43.08,48.48,5.86,16.11,24.07,-20.58,8.03,-59.05,-59.06,-59.10,-13.42,-13.61,150.93,10.22,10.12,66.44,66.44,80.75,85.83,-17.53,212.00,29.27,29.27,0.45,94.52,94.52,61.93,-13.27,13.15,23.29,60.15,60.15,53.19,32.43,-28.77,353.97,343.77,2.00,-123.05,28.25,170.76,4.55,279.04,351.72,69.66,134.71,276.87,71.32,71.50,177.95,-15.85,3.76,1.15,165.19,-19.96,-1.95,80.76,28.19,-31.91,-35.50,84.59,88.00,37.68,69.67,48.07,191.64,67.24,29.27,230.06,230.06,91.69,91.69,32.19,32.14,31.53,11.96,4.55,48.62,-3.74,3.04,-2.32,4.49,-1.43,-3.72,-33.69,8.02,35.60,7.62,11.91,120.93,47.34,-5.83,-35.56,-67.44,21.12,-100.59,52.66,15.23,-11.38,149.06,233.65,-1.71,0.16,-14.23,-6.86,84.34,235.75,-70.09,500.95,378.98,151.89,-70.11,23.54,23.46,287.26,287.56,105.52,105.52,417.62,190.01,-24.13,6.83,70.09,5.26,-17.38,36.60,52.88,-18.44,-18.62,189.99,23.45,23.45,27.90,27.88,177.79,134.20,33.23,13.55,31.72,31.72,29.88,29.88,64.73,-17.10,69.22,24.11,82.86,52.22,24.22,18.35,18.93,18.93,41.78,39.60,16.77,-8.68,16.41,89.45,89.45,17.66,-69.79,20.65,7.01,14.52,14.58,47.48,16.29,12.12,15.35,31.44,29.31,46.55,44.43,-1.35,-6.06,-44.56,-42.22,-7.01,22.51,-27.90,-12.88,-19.54,25.61,10.72,-21.36,2.96,19.90,27.98,163.37,0.00,-231.97,-28.17,192.75,-275.40,-159.48,117.29,133.05,48.03,-17.76,-25.15,53.57,81.38,88.47,28.25,28.23,84.99,-33.64,369.71,33.71,137.55,137.55,12.07,0.93,6.11,77.70,102.08,218.68,-47.61,37.43,18.51,7.56,-3.30,171.73,139.91,40.19,41.76,73.11,40.94,82.18,132.86,166.41,97.03,117.54,154.52,-202.48,27.99,-38.68,6.15,148.07,4.55,181.99,158.09,-53.64,-58.68,37.59,132.94,98.79,120.78,20.54,47.03,44.04,-9.88,67.59,27.21,211.12,-624.30,69.34,6.83,21.35,17.38,121.27,122.28,36.64,37.43,-27.88,-7.83,59.78,7.17,-159.47,-235.75,-199.51
15.00,33.62,15.54,-67.93,-1.82,-75.29,32.78,49.70,69.83,70.15,77.85,0.00,-24.82,-54.63,-36.36,-32.13,-32.13,52.00,52.00,49.95,110.02,-109.53,136.46,101.00,-3.96,68.16,86.43,73.81,9.65,39.71,140.07,145.80,145.80,68.03,68.03,85.23,91.27,91.27,159.74,159.87,97.07,97.07,60.26,60.26,105.92,105.92,90.33,53.82,53.82,76.76,72.58,-165.03,-51.78,-41.97,-3.87,40.67,24.62,21.11,21.11,23.32,41.59,-36.26,35.86,0.00,0.00,90.81,90.81,-119.80,-16.30,162.89,-21.14,-14.96,22.22,4.89,-10.82,-32.46,16.58,-41.33,-43.83,21.98,-1.12,0.24,-0.17,27.41,19.16,42.98,48.53,3.11,14.13,28.14,-52.68,8.40,-63.06,-63.06,-63.11,-15.90,-16.11,143.97,26.34,26.24,70.01,70.01,83.93,89.21,-24.88,247.38,41.07,41.07,-4.29,101.97,101.97,48.98,-13.94,16.65,19.16,48.02,48.02,53.40,32.77,-24.75,349.28,341.92,3.11,-125.50,29.24,143.43,5.66,249.71,342.19,71.28,109.65,247.97,70.96,71.14,181.66,-15.12,-29.47,1.15,181.50,-20.57,-2.16,83.93,-45.69,-29.72,-33.54,72.76,88.00,37.57,69.58,48.01,181.66,59.67,30.79,230.06,230.06,99.03,99.03,32.54,32.49,15.69,11.35,5.66,52.00,-4.00,2.62,-2.44,5.44,-1.32,-3.60,-35.36,11.14,32.88,7.90,8.24,130.57,47.04,-5.48,-34.74,-67.16,20.88,-99.99,46.86,13.55,-3.50,149.06,233.04,-1.83,0.07,-14.32,-7.27,89.40,264.32,-75.92,459.04,336.79,134.94,-70.91,28.52,28.41,287.24,287.54,93.60,93.60,437.31,193.08,-23.78,9.66,75.92,5.50,-17.18,56.18,41.91,10.14,9.94,193.05,23.59,23.59,26.94,26.93,180.94,134.20,33.62,14.93,35.37,35.37,33.17,33.17,68.61,-15.93,67.87,22.92,81.67,50.86,22.12,20.35,14.92,14.92,42.47,40.27,15.76,-12.66,15.85,96.77,96.77,20.65,-71.48,19.05,6.70,12.22,16.63,32.15,16.17,11.98,15.00,31.44,29.42,44.59,42.56,-2.64,-3.64,-42.84,-39.62,-7.08,21.66,-27.23,-12.51,-27.39,27.08,10.80,-20.90,3.48,19.54,30.77,173.57,0.00,-239.15,-34.07,211.13,-297.85,-151.62,147.89,147.20,40.53,-19.08,-24.86,52.24,83.15,88.00,34.18,34.17,90.14,-36.26,412.66,63.54,127.79,127.79,6.83,0.98,6.81,84.76,106.70,237.33,-45.88,35.62,19.97,8.46,-3.49,159.66,80.04,36.14,48.84,76.35,47.72,84.21,140.01,172.95,102.41,123.70,192.86,-170.61,30.79,-28.94,3.42,142.67,8.44,149.26,161.67,-55.73,-61.22,37.48,136.81,102.10,130.39,23.84,56.13,50.67,-10.04,60.17,32.22,187.27,-613.33,107.33,9.66,21.35,17.18,114.87,115.83,37.15,37.95,-26.93,-5.13,66.37,7.82,-151.61,-264.32,-168.11
16.00,33.53,16.03,-68.82,-0.75,-76.82,32.84,52.20,72.54,72.87,78.55,0.00,-26.38,-52.83,-34.92,-34.65,-34.65,52.47,52.47,50.40,115.38,-114.83,140.88,104.27,-2.82,68.16,86.86,74.79,9.32,40.63,143.19,149.05,149.05,67.56,67.56,84.31,92.14,92.14,159.89,160.04,101.74,101.74,61.77,61.77,106.66,106.66,91.34,55.37,55.37,77.44,74.07,-160.83,-56.32,-46.27,-5.85,38.80,24.98,21.17,21.17,25.09,43.76,-35.98,35.48,0.00,0.00,88.43,88.43,-117.60,-14.69,165.68,-25.48,-19.30,21.24,4.44,-10.80,-32.86,16.59,-41.67,-44.07,21.38,-2.13,-1.45,-1.93,32.24,12.61,42.96,48.44,1.34,11.81,30.66,-63.12,8.46,-62.69,-62.70,-62.75,-14.33,-14.53,145.79,29.11,29.01,71.59,71.59,85.87,91.28,-24.20,260.62,45.97,45.97,-3.05,103.69,103.69,51.23,-13.75,16.23,12.61,48.83,48.83,56.09,32.83,-26.30,361.84,353.63,3.30,-123.07,30.95,132.80,5.91,238.49,329.71,72.73,114.97,236.91,71.01,71.18,186.11,-15.28,-38.46,1.17,184.79,-21.07,-2.39,85.88,-60.17,-29.73,-32.79,75.19,88.00,37.43,69.67,48.08,185.19,59.96,29.27,230.06,230.06,100.57,100.57,32.60,32.55,3.92,10.85,5.91,52.47,-4.21,1.39,-2.55,5.14,-1.13,-4.81,-30.81,10.56,0.00,8.04,7.57,133.42,47.89,-5.78,-35.91,-67.19,20.73,-100.68,52.66,15.23,-1.50,149.06,233.74,-1.93,-0.07,-15.21,-7.70,90.40,275.62,-77.13,444.99,322.22,122.39,-71.71,32.17,32.03,287.25,287.55,92.82,92.82,453.83,197.76,-23.67,9.93,77.13,5.63,-16.45,52.44,40.21,10.47,10.26,197.73,23.29,23.29,25.70,25.69,182.67,134.20,34.54,15.07,37.16,37.16,34.61,34.61,69.53,-17.79,67.40,22.69,81.45,50.23,19.61,21.46,16.31,16.31,44.01,41.57,16.13,-14.26,15.35,98.17,98.17,22.49,-72.92,17.36,6.13,10.18,17.75,36.26,16.56,12.34,14.19,32.94,30.33,0.00,62.94,6.04,0.00,-63.36,-10.03,-10.03,12.20,-36.00,-18.06,-30.95,22.44,10.79,-26.34,8.17,14.85,31.48,214.21,0.00,-250.40,-34.07,217.88,-308.94,-149.64,161.13,154.70,41.03,-19.57,-25.03,51.14,86.37,87.49,34.18,34.17,91.15,-34.84,431.57,71.54,125.12,125.12,26.46,0.98,7.17,86.57,107.82,245.01,-43.85,35.24,19.55,8.45,-5.24,127.21,80.32,31.33,53.22,77.32,51.88,84.39,143.17,176.95,105.66,127.57,204.53,-183.79,31.50,-30.80,3.98,149.90,10.05,124.97,166.58,-55.63,-65.44,37.34,141.73,108.43,133.24,23.56,58.43,51.09,-10.33,67.59,35.81,185.70,-611.64,115.07,9.93,20.11,16.45,115.27,116.23,36.72,37.51,-25.69,-3.72,69.25,8.27,-149.62,-275.62,-181.10
17.00,34.50,18.43,-75.95,-2.65,-80.58,36.05,54.60,73.86,74.20,79.94,0.00,-28.10,-51.25,-32.08,-26.43,-26.43,60.61,60.61,58.22,119.90,-119.31,150.77,111.60,-14.25,95.14,82.09,69.70,3.21,34.61,153.13,159.42,159.42,67.69,67.69,84.32,92.94,92.94,159.65,159.79,99.02,99.02,62.03,62.03,103.21,103.21,86.41,55.63,55.63,80.03,73.68,-161.58,-59.98,-77.18,-25.17,37.12,25.68,21.52,21.52,-6.19,12.02,-31.85,37.71,0.00,0.00,87.19,87.19,-119.05,-14.04,179.12,-25.14,-18.77,22.98,4.64,-11.28,-35.03,17.53,-40.52,-43.18,21.57,-3.91,-1.79,-2.30,32.07,12.58,44.78,50.35,-1.75,10.96,32.60,-66.19,8.78,-63.88,-63.88,-63.93,-13.70,-13.88,151.19,30.86,30.75,77.80,77.80,91.45,97.20,-25.50,280.81,44.04,44.04,-15.43,110.48,110.48,45.56,-13.61,19.07,12.58,42.57,42.57,58.66,36.04,-28.01,377.74,366.00,4.78,-124.21,0.00,137.22,4.59,241.76,335.14,72.33,119.46,240.13,72.13,72.31,197.86,-15.79,-41.94,1.22,193.39,-21.62,-2.28,91.45,-86.95,-28.46,-31.69,83.27,88.00,38.63,66.70,46.02,196.27,55.91,24.63,230.06,230.06,107.38,107.38,35.78,35.73,3.62,10.29,4.59,60.61,-4.14,2.55,-1.64,4.85,-1.28,-4.97,-30.85,10.71,0.00,7.19,6.68,139.11,38.65,-3.42,-37.65,-63.36,20.98,-99.29,53.18,15.38,-1.15,149.06,232.37,-2.05,0.27,-16.22,-7.76,85.50,294.02,-82.44,445.70,326.64,123.90,-76.83,42.46,42.21,287.23,287.53,94.34,94.34,467.27,195.01,-25.49,11.20,82.44,5.78,-17.86,52.59,40.52,14.36,14.16,194.99,23.36,23.36,25.01,25.00,184.24,134.20,36.00,14.97,40.21,40.21,37.20,37.20,76.81,-17.02,66.89,22.60,81.35,49.40,18.95,22.01,18.08,18.08,39.99,37.57,10.91,-22.78,15.22,105.09,105.09,23.91,-72.54,15.41,5.63,7.08,19.15,36.31,7.10,3.00,15.43,28.82,26.16,0.00,64.15,9.06,0.00,-64.82,-10.45,-10.45,11.61,-37.25,-18.76,-32.64,22.01,10.65,-27.20,8.55,14.61,25.54,301.84,0.00,-267.14,-47.56,214.79,-307.69,-149.27,160.22,162.20,35.74,-19.97,-24.84,51.09,89.49,87.61,47.76,47.74,86.17,-32.01,457.62,71.22,126.55,126.55,27.26,0.38,8.32,91.74,118.20,262.20,-43.15,37.45,18.72,11.65,-5.50,129.65,78.75,29.83,56.59,59.16,55.07,86.54,155.57,188.42,113.09,135.43,209.66,-214.20,25.55,-23.01,7.12,150.78,7.44,126.14,178.49,-53.42,-63.64,38.54,151.14,115.76,138.92,26.62,61.49,53.98,16.88,68.25,45.90,188.74,-611.92,120.46,11.20,20.19,17.86,117.00,117.98,37.12,37.92,-25.00,-1.67,74.44,9.54,-149.26,-294.02,-211.06
18.00,34.92,19.26,-77.83,-2.35,-83.12,36.32,56.02,76.02,76.36,83.39,0.00,-31.76,-46.23,-30.05,-9.60,-9.60,72.31,72.31,69.46,113.12,-112.60,154.41,114.29,-13.35,95.14,84.78,71.46,2.74,35.16,152.31,158.56,158.56,68.04,68.04,86.51,90.23,90.23,155.78,155.91,82.19,82.19,62.25,62.25,104.83,104.83,87.42,55.70,55.70,79.15,71.98,-156.50,-63.07,-80.58,-27.72,32.01,25.71,20.34,20.34,-6.20,13.05,-29.85,34.54,0.00,0.00,84.03,84.03,-116.33,-13.26,180.12,-24.98,-18.35,23.51,5.04,-10.71,-34.90,17.35,-39.84,-42.60,21.63,-4.91,-1.75,-2.16,32.15,11.91,44.96,50.67,-3.61,10.85,34.15,-69.53,8.69,-63.82,-63.83,-63.87,-12.93,-13.11,151.21,31.55,31.46,80.93,80.93,96.46,102.53,-26.54,278.07,28.70,28.70,-14.45,111.51,111.51,44.89,-14.12,19.08,11.91,43.85,43.85,60.19,36.31,-31.67,393.91,377.73,5.40,-121.62,0.00,134.54,2.32,241.81,336.89,70.68,112.72,240.18,72.56,72.73,202.36,-16.38,-46.27,1.26,201.13,-21.82,-1.80,96.47,-94.44,-27.89,-31.13,81.56,88.00,39.36,65.90,45.47,195.99,56.99,24.55,230.06,230.06,108.33,108.33,36.02,35.96,3.14,10.09,2.32,72.31,-4.13,6.66,-1.34,3.40,-2.44,-4.89,-31.67,10.53,0.00,8.06,5.26,142.25,38.70,-3.37,-38.54,-62.74,21.89,-98.04,52.33,15.14,0.57,149.06,231.11,-2.09,1.00,-16.36,-7.76,86.51,302.62,-84.26,441.11,327.12,122.82,-78.29,42.24,41.99,287.22,287.52,95.03,95.03,468.14,178.11,-25.95,11.11,84.26,5.84,-18.53,49.65,36.50,24.05,23.86,178.09,23.61,23.61,24.58,24.57,178.91,134.20,37.67,15.70,42.13,42.13,38.91,38.91,78.73,-17.69,66.10,21.86,80.61,48.64,18.89,23.70,21.73,21.73,40.25,37.92,10.76,-24.67,15.27,105.96,105.96,25.05,-70.89,14.30,5.31,5.38,20.50,36.68,6.49,2.39,15.52,28.75,26.03,0.00,65.69,9.06,0.00,-63.82,-10.33,-10.33,10.77,-36.68,-18.41,-33.53,22.50,10.65,-26.84,8.97,14.19,27.44,301.51,0.00,-273.06,-47.56,193.82,-306.94,-147.56,161.19,155.73,36.28,-20.31,-24.43,54.20,92.31,89.65,47.76,47.74,87.19,-29.99,459.79,71.31,126.65,126.65,25.69,0.38,8.91,92.68,120.50,268.53,-40.76,34.32,18.57,11.67,-5.46,129.35,76.63,29.66,59.29,60.38,57.63,86.72,161.84,198.74,114.42,136.50,188.33,-210.10,27.45,-21.65,11.16,158.11,-0.21,124.61,183.12,-52.57,-60.71,39.27,155.60,117.24,142.05,21.68,63.03,58.54,17.15,67.17,45.67,190.13,-607.89,116.13,11.11,21.07,18.53,117.26,118.24,37.44,38.24,-24.57,0.76,77.86,10.22,-147.54,-302.62,-207.02
19.00,35.87,22.25,-82.14,-2.77,-83.43,38.48,57.68,78.28,78.63,83.66,0.00,-34.06,-44.97,-26.30,-7.28,-7.28,70.02,70.02,67.27,117.15,-116.59,160.40,118.72,-22.96,118.46,83.20,67.73,-1.39,30.96,159.07,165.61,165.61,64.30,64.30,86.00,86.80,86.80,151.88,152.01,93.36,93.36,63.00,63.00,100.93,100.93,82.70,56.48,56.48,81.53,71.75,-146.02,-64.97,-84.46,-29.79,29.18,25.95,20.39,20.39,-6.19,13.53,-27.32,30.43,0.00,0.00,83.88,83.88,-111.23,-10.60,181.90,-27.07,-20.27,23.77,5.02,-10.80,-35.62,17.76,-38.50,-41.21,21.11,-6.12,-1.75,-2.10,32.63,11.71,45.62,51.38,-6.35,10.98,35.42,-72.38,8.93,-62.85,-62.86,-62.91,-10.34,-10.48,152.09,53.70,53.60,83.19,83.19,99.34,105.59,-24.37,293.86,33.28,33.28,-24.85,112.85,112.85,47.88,-13.16,19.72,11.71,44.65,44.65,61.97,38.47,-33.95,410.61,391.15,7.38,-116.02,0.00,139.44,2.01,245.93,340.19,70.46,116.73,244.25,73.59,73.76,210.26,-16.49,-48.04,1.28,204.13,-21.82,-1.56,99.35,-86.70,-27.80,-31.05,86.56,88.00,39.73,64.72,44.66,203.83,52.98,17.74,230.06,230.06,109.70,109.70,38.16,38.10,3.35,10.10,2.01,70.02,-3.73,7.11,0.01,3.03,-2.36,-4.90,-32.09,10.17,0.00,6.17,5.98,145.22,39.46,-3.28,-39.48,-61.12,21.84,-98.78,52.60,15.22,2.16,149.06,231.86,-2.09,1.33,-17.08,-7.35,81.82,311.07,-86.25,442.47,332.98,124.39,-78.64,46.71,46.40,287.18,287.48,97.15,97.15,486.09,189.56,-26.81,11.12,86.25,5.77,-19.47,47.75,36.09,26.09,25.90,189.54,24.99,24.99,23.25,23.24,172.14,134.20,38.47,15.68,43.90,43.90,40.44,40.44,83.14,-17.52,64.76,20.46,79.22,47.50,19.09,26.25,23.82,23.82,41.83,39.26,10.94,-25.98,15.25,107.39,107.39,25.98,-70.67,12.20,4.86,2.45,22.42,39.00,5.89,1.75,17.84,30.06,26.79,0.00,63.96,9.26,0.00,-64.29,-10.31,-10.31,11.43,-36.75,-18.36,-33.82,22.60,10.68,-26.95,8.68,14.54,31.28,300.44,0.00,-285.14,-59.22,200.58,-303.38,-145.98,159.16,167.00,32.58,-20.55,-23.83,57.52,95.13,91.76,59.52,59.50,82.43,-26.25,479.62,71.07,127.82,127.82,25.83,2.58,9.74,95.93,124.11,278.94,-35.30,30.26,19.11,11.86,-5.43,128.68,79.64,29.99,61.50,63.29,59.72,88.83,166.35,204.67,118.16,140.00,200.70,-213.43,31.30,-22.76,14.01,163.48,-4.02,126.45,191.14,-51.08,-62.14,39.63,160.78,124.03,145.00,27.22,61.78,58.57,19.11,67.50,50.05,194.36,-607.39,110.31,11.12,21.50,19.47,119.16,120.16,39.12,39.96,-23.24,1.79,80.93,10.99,-145.97,-311.07,-210.30
20.00,37.32,23.62,-84.50,-2.98,-84.53,40.26,58.08,79.48,79.84,85.22,0.00,-35.53,-43.35,-25.12,-10.61,-10.61,71.07,71.07,68.27,119.10,-118.52,163.24,120.82,-22.35,118.46,84.77,70.65,1.06,33.32,162.32,169.01,169.01,64.94,64.94,87.25,87.43,87.43,154.00,154.13,94.80,94.80,63.77,63.77,103.36,103.36,84.87,57.15,57.15,76.69,66.18,-146.88,-66.51,-88.21,-30.78,27.62,26.81,21.31,21.31,-6.18,14.33,-30.97,33.59,0.00,0.00,82.33,82.33,-109.67,-9.63,184.91,-20.13,-13.44,25.88,6.99,-10.74,-35.44,17.68,-37.17,-39.86,20.97,-6.71,-1.57,-2.19,32.52,12.75,45.61,51.41,-7.61,11.54,36.45,-73.69,8.84,-62.73,-62.73,-62.78,-9.39,-9.52,154.44,53.70,53.60,84.40,84.40,101.01,107.37,-23.54,296.01,38.52,38.52,-24.19,114.07,114.07,46.89,-13.09,19.85,12.75,46.05,46.05,62.40,40.24,-35.42,421.50,398.85,8.63,-115.27,0.00,132.11,0.31,242.85,339.32,91.17,118.66,241.21,73.56,73.73,214.61,-17.08,-50.32,1.38,211.26,-21.93,-1.71,101.02,-84.79,-27.50,-30.65,88.16,88.00,39.88,64.57,44.55,208.12,56.87,16.63,230.06,230.06,110.88,110.88,39.92,39.86,4.80,9.99,0.31,71.07,-3.84,7.31,-0.26,3.53,-2.18,-4.98,-31.73,10.62,0.00,6.38,5.52,149.57,40.19,-3.58,-39.80,-61.01,22.07,-96.63,52.80,15.27,2.51,149.05,229.71,-2.11,1.15,-16.69,-7.43,83.97,317.32,-86.81,434.65,328.48,124.22,-78.29,49.32,48.98,287.17,287.47,95.06,95.06,493.27,191.12,-27.58,10.69,86.81,6.11,-19.61,49.44,36.11,27.42,27.23,191.10,25.08,25.08,22.78,22.77,173.39,134.20,39.30,17.09,44.32,44.32,40.70,40.70,85.56,-17.23,63.61,19.60,78.35,46.22,19.60,28.18,25.74,25.74,43.24,40.78,10.79,-27.51,15.56,108.56,108.56,26.73,-65.26,11.37,4.64,1.29,23.38,32.24,7.88,3.69,16.40,30.28,27.27,0.00,61.95,9.60,0.00,-65.11,-10.22,-10.22,11.07,-37.10,-18.65,-33.78,21.75,10.83,-27.11,8.87,14.37,28.67,300.19,0.00,-291.65,-59.22,202.94,-310.84,-145.63,167.08,167.00,35.44,-20.74,-22.55,61.45,97.92,94.06,59.52,59.50,84.62,-25.08,485.92,71.16,126.75,126.75,26.41,2.58,10.07,97.46,126.22,283.87,-37.73,33.38,19.43,11.46,-5.26,127.50,64.82,31.06,63.27,62.25,61.39,96.39,168.77,208.10,119.77,141.94,197.90,-214.14,28.69,-22.45,16.90,167.26,-11.30,127.56,195.64,-51.38,-60.21,39.79,163.27,128.15,149.35,26.72,60.95,61.32,21.30,67.76,52.59,190.18,-607.40,112.74,10.70,20.70,19.61,116.93,117.90,39.22,40.06,-22.77,-1.21,81.45,11.35,-145.61,-317.32,-211.00
21.00,38.38,24.65,-87.43,-3.67,-84.61,42.50,58.02,80.48,80.84,85.42,0.00,-37.19,-40.91,-22.85,-12.85,-12.85,71.54,71.54,68.72,126.69,-126.03,167.42,123.92,-34.81,148.25,76.84,62.03,-7.32,26.36,170.34,177.37,177.37,62.62,62.62,84.56,87.00,87.00,154.78,154.91,98.89,98.89,65.44,65.44,96.90,96.90,78.54,59.00,59.00,73.53,62.24,-139.31,-68.85,-90.90,-32.37,25.97,27.69,21.45,21.45,-6.18,14.75,-27.80,30.69,0.00,0.00,83.90,83.90,-106.86,-7.97,186.46,-13.96,-7.09,27.55,8.05,-10.63,-35.58,17.75,-37.15,-39.71,21.15,-6.62,-1.50,-1.93,32.05,12.39,45.60,51.38,-7.71,11.62,37.62,-75.99,8.85,-62.20,-62.21,-62.25,-7.78,-7.88,155.28,53.70,53.60,85.67,85.67,103.70,110.23,-22.54,300.98,44.12,44.12,-37.68,114.66,114.66,48.63,-13.36,20.19,12.39,46.47,46.47,62.33,42.48,-37.07,430.13,405.61,9.46,-111.54,0.00,131.70,-1.59,246.80,341.96,109.06,126.20,245.11,73.31,73.49,219.19,-17.92,-50.76,1.38,218.10,-22.12,-1.82,103.71,-71.13,-27.47,-30.84,95.50,88.00,39.73,64.63,44.59,216.53,46.44,13.91,230.06,230.06,111.34,111.34,42.13,42.06,5.11,9.79,-1.59,71.54,-3.90,7.47,-0.19,4.12,-2.01,-4.88,-32.14,10.28,0.00,6.19,6.47,154.70,39.46,-3.43,-41.67,-60.97,21.85,-97.32,52.15,15.08,2.95,149.06,230.40,-2.15,1.07,-17.45,-7.54,77.69,325.06,-87.82,435.90,334.29,125.39,-78.58,50.20,49.85,287.17,287.47,97.21,97.21,501.56,195.46,-28.41,10.41,87.82,5.71,-19.97,46.59,41.12,23.04,22.85,195.44,24.01,24.01,23.04,23.03,172.55,134.20,40.05,18.12,45.15,45.15,41.47,41.47,88.56,-16.10,63.57,19.59,78.35,46.15,19.74,28.07,26.62,26.62,43.73,41.28,10.65,-28.88,15.75,108.88,108.88,27.60,-61.43,11.61,4.75,1.48,23.13,26.77,7.40,3.10,17.87,30.75,27.44,0.00,66.10,9.12,0.00,-63.51,-10.05,-10.05,11.01,-36.39,-18.27,-33.69,21.92,10.86,-26.60,8.94,14.37,31.15,300.14,0.00,-297.93,-74.11,206.47,-314.24,-145.19,170.97,168.44,26.93,-23.08,-21.94,66.73,100.54,96.30,74.58,74.55,78.24,-22.82,495.16,71.15,128.45,128.45,24.55,2.65,10.12,99.19,130.17,291.14,-32.91,30.51,19.47,11.97,-5.20,129.72,55.73,31.27,65.32,63.30,63.31,94.31,171.31,213.63,121.85,144.29,198.37,-220.96,31.17,-22.80,18.53,169.34,-20.25,129.03,200.16,-52.33,-60.40,39.64,167.19,130.51,154.45,27.00,61.64,63.02,21.62,66.93,54.89,194.49,-612.39,112.78,10.41,21.33,19.97,118.69,119.68,37.96,38.78,-23.03,-3.61,82.99,11.37,-145.18,-325.06,-217.72
22.00,39.39,25.73,-89.67,-4.89,-84.99,45.11,57.15,81.08,81.44,86.10,0.00,-38.02,-40.96,-22.44,-14.03,-14.03,71.48,71.48,68.67,132.72,-132.00,170.79,126.42,-31.80,148.25,78.75,64.13,-4.68,28.34,175.47,182.73,182.73,60.99,60.99,82.33,87.09,87.09,155.16,155.30,102.41,102.41,65.56,65.56,97.34,97.34,78.51,59.28,59.28,72.65,60.85,-136.56,-70.99,-93.69,-35.08,23.76,28.05,21.63,21.63,-6.18,15.65,-28.39,30.50,0.00,0.00,83.66,83.66,-104.89,-6.86,188.65,-12.94,-5.97,28.23,8.11,-10.38,-35.82,17.82,-37.72,-40.27,21.50,-6.45,-1.28,-1.83,32.35,12.89,45.82,51.64,-6.35,12.47,38.81,-77.54,9.08,-61.67,-61.68,-61.72,-6.69,-6.78,156.32,53.70,53.60,86.90,86.90,104.87,111.47,-22.23,305.22,46.69,46.69,-34.42,114.71,114.71,48.79,-14.11,21.51,12.89,46.71,46.71,61.40,45.10,-37.90,436.15,410.43,10.04,-109.39,0.00,129.71,-0.57,248.06,341.13,115.08,132.18,246.35,73.13,73.31,223.34,-18.44,-54.10,1.39,221.67,-22.27,-1.89,104.88,-61.15,-27.16,-30.38,99.56,88.00,40.00,64.16,44.27,222.32,49.10,13.01,230.06,230.06,111.45,111.45,44.71,44.64,5.41,9.64,-0.57,71.48,-3.93,7.61,-0.13,3.92,-1.90,-4.92,-32.28,10.09,0.00,6.05,7.39,156.95,39.87,-3.30,-42.76,-60.44,22.06,-96.86,52.53,15.20,3.11,149.06,229.92,-2.18,1.03,-17.85,-7.59,77.65,329.98,-89.64,433.16,335.69,126.80,-78.98,49.73,49.39,287.19,287.49,97.17,97.17,508.42,198.98,-29.45,10.52,89.64,6.06,-20.49,49.20,41.18,19.49,19.30,198.96,24.33,24.33,23.60,23.59,172.73,134.20,40.84,18.13,45.57,45.57,41.95,41.95,90.87,-14.99,63.04,18.78,77.53,45.94,20.53,29.34,27.62,27.62,43.72,41.15,10.47,-30.20,16.80,109.07,109.07,28.47,-60.07,12.25,4.84,2.29,24.25,26.03,7.29,2.89,17.66,30.44,27.35,0.00,66.84,9.12,0.00,-63.88,-9.83,-9.83,10.86,-36.48,-18.49,-33.41,22.05,10.86,-26.53,8.92,14.23,31.62,299.18,0.00,-302.77,-74.11,209.57,-316.91,-145.03,173.83,170.56,29.41,-27.11,-22.47,76.05,102.63,98.34,74.58,74.55,78.20,-22.41,502.24,70.92,128.45,128.45,24.88,2.65,9.95,100.66,133.00,297.00,-32.12,30.33,20.12,11.82,-4.93,129.90,50.66,32.91,67.39,63.57,65.26,92.60,173.78,216.04,123.91,146.60,201.17,-225.52,31.64,-22.43,19.56,169.96,-27.53,130.71,204.39,-52.66,-59.92,39.91,170.36,132.09,156.70,27.94,61.97,64.32,22.25,67.42,57.09,194.42,-612.48,112.81,10.52,20.46,20.49,119.16,120.15,38.83,39.67,-23.59,-4.19,83.94,11.29,-145.02,-329.98,-222.21
23.00,40.50,25.52,-91.38,-4.91,-84.81,47.07,56.36,80.81,81.17,86.46,0.00,-38.63,-39.86,-21.59,-15.56,-15.56,71.63,71.63,68.81,136.55,-135.79,174.29,129.01,-41.70,171.64,73.23,57.71,-12.62,20.59,180.83,188.32,188.32,59.90,59.90,81.35,87.11,87.11,155.21,155.34,106.04,106.04,66.93,66.93,92.77,92.77,73.95,60.71,60.71,73.69,60.71,-131.99,-72.72,-94.43,-35.34,23.27,28.35,21.53,21.53,-6.16,16.06,-26.53,28.34,0.00,0.00,85.54,85.54,-103.07,-6.19,188.70,-12.20,-5.04,27.82,8.47,-10.00,-35.59,17.57,-37.55,-40.00,21.81,-6.45,-1.20,-1.71,32.29,14.01,45.95,51.90,-6.09,13.19,39.67,-77.69,9.29,-62.32,-62.33,-62.38,-6.04,-6.13,156.27,55.06,54.96,88.09,88.09,106.12,112.80,-22.06,309.23,49.92,49.92,-45.13,114.76,114.76,46.81,-13.76,21.23,14.01,46.80,46.80,60.56,47.06,-38.51,441.13,411.93,10.02,-107.13,0.00,125.71,-4.17,251.36,344.32,118.81,135.99,249.61,72.79,72.97,224.45,-18.28,-54.00,1.36,223.80,-22.61,-1.98,106.13,-54.70,-27.06,-30.34,104.76,88.00,40.74,63.44,43.77,227.76,43.67,12.14,230.06,230.06,111.46,111.46,46.66,46.59,8.06,9.30,-4.17,71.63,-4.06,8.14,-0.15,3.98,-1.87,-4.98,-32.07,9.92,0.00,6.18,7.52,160.54,39.37,-3.18,-43.15,-59.96,23.04,-96.48,53.75,15.55,3.97,149.06,229.55,-2.25,1.01,-18.39,-7.85,73.14,333.89,-91.02,429.19,340.27,129.50,-79.74,48.44,48.11,287.20,287.50,98.12,98.12,515.49,202.37,-29.47,10.71,91.02,5.86,-21.12,47.87,43.21,17.63,17.43,202.34,24.10,24.10,24.01,23.99,172.77,134.20,41.28,18.24,46.40,46.40,42.61,42.61,92.62,-14.61,63.52,18.59,77.35,46.95,21.28,29.02,28.39,28.39,43.33,40.74,9.97,-30.73,18.29,109.03,109.03,29.09,-59.94,12.58,4.91,2.60,24.10,25.69,7.81,3.52,18.07,30.56,27.15,0.00,66.21,9.67,0.00,-63.22,-9.80,-9.80,10.21,-36.74,-18.66,-32.11,21.68,10.83,-26.69,9.21,13.89,33.47,299.29,0.00,-306.64,-85.80,213.08,-321.90,-144.17,179.76,173.13,22.37,-25.16,-22.66,84.44,104.52,100.11,86.43,86.39,73.63,-21.56,508.77,70.13,128.47,128.47,28.36,5.10,9.98,102.34,136.67,303.08,-29.33,28.19,20.60,11.83,-4.84,133.73,50.35,34.37,68.87,65.16,66.64,89.07,176.16,218.62,126.32,149.38,206.12,-228.88,33.49,-22.35,22.91,170.47,-43.25,136.02,205.69,-52.79,-55.71,40.64,173.14,133.23,160.28,27.73,62.24,62.85,21.24,68.99,55.89,196.30,-614.53,114.73,10.71,20.89,21.12,119.44,120.43,38.47,39.30,-23.99,-4.24,85.27,11.36,-144.16,-333.89,-225.52
24.00,41.07,25.38,-100.45,-9.79,-89.93,50.18,57.68,83.87,84.24,92.54,0.00,-41.33,-37.43,-20.01,-13.42,-13.42,70.65,70.65,67.87,136.44,-135.68,161.74,119.72,-39.40,171.64,73.90,57.12,-12.04,19.50,175.70,182.97,182.97,59.54,59.54,80.43,87.42,87.42,156.36,156.50,108.50,108.50,66.61,66.61,92.95,92.95,74.03,60.45,60.45,73.81,60.99,-133.36,-69.83,-92.99,-30.42,22.83,28.52,21.25,21.25,-6.16,15.93,-27.36,28.31,0.00,0.00,86.00,86.00,-102.85,-4.51,190.90,-12.91,-5.75,27.64,8.01,-10.07,-35.89,17.68,-37.81,-40.33,21.69,-5.83,-0.47,-0.95,29.92,13.94,45.82,51.67,-5.56,12.87,38.24,-77.14,9.08,-62.86,-62.87,-62.92,-4.40,-4.46,159.92,54.10,54.00,87.87,87.87,105.75,112.40,-24.87,311.17,47.83,47.83,-42.65,117.73,117.73,44.90,-14.63,25.82,13.94,51.22,51.22,61.97,50.17,-41.21,473.72,443.28,9.74,-107.13,0.00,120.73,-5.85,251.24,342.14,119.86,135.87,249.48,72.46,72.63,237.52,-18.96,-53.00,1.35,220.38,-22.89,-2.28,105.75,-51.92,-27.07,-30.53,100.11,88.00,40.27,63.69,43.95,222.35,44.03,10.85,230.06,230.06,114.22,114.22,49.74,49.67,7.59,9.02,-5.85,70.65,-4.23,8.81,-0.37,5.12,-1.43,-4.14,-34.65,9.58,0.00,6.12,10.32,159.74,39.40,-3.19,-43.77,-59.91,22.46,-100.60,48.04,13.90,2.77,149.06,233.73,-2.30,0.70,-18.18,-8.22,73.21,331.93,-90.28,424.42,339.96,129.52,-84.37,46.66,46.36,287.18,287.48,97.91,97.91,532.45,204.46,-30.62,9.85,90.28,5.72,-21.35,49.09,44.01,12.27,12.07,204.44,23.60,23.60,24.12,24.11,173.36,134.20,40.26,17.56,45.52,45.52,42.03,42.03,101.95,-9.36,63.64,18.41,77.16,47.31,20.93,29.27,31.01,31.01,44.08,41.48,10.57,-29.50,19.07,111.63,111.63,28.05,-60.21,13.07,5.15,3.33,24.03,26.38,8.05,3.82,18.23,31.06,27.90,43.62,41.63,-8.45,-17.51,-50.62,-8.31,-8.31,13.37,-30.85,-14.93,-31.53,24.26,10.79,-23.03,7.67,15.48,32.81,298.36,0.00,-295.70,-85.80,211.73,-328.27,-145.36,185.03,180.31,22.09,-25.80,-23.52,90.03,105.79,101.05,86.43,86.39,73.70,-19.98,514.01,69.21,127.91,127.91,18.25,5.10,9.74,99.60,140.26,281.28,-30.93,28.16,20.75,11.95,-4.18,140.20,51.62,33.70,66.39,64.15,64.31,84.50,175.71,217.84,127.00,150.49,197.49,-229.84,32.83,-19.63,23.18,163.28,-52.38,135.61,218.46,-52.69,-55.93,40.17,173.42,122.00,159.48,26.57,58.90,60.24,22.73,61.68,54.18,195.89,-615.30,106.05,9.85,21.87,21.35,119.51,120.51,37.60,38.41,-24.11,-5.97,84.10,10.99,-145.35,-331.93,-226.47
25.00,34.79,-17.82,-53.35,-12.96,-146.01,24.22,29.02,84.35,84.72,170.11,170.11,-178.37,114.64,105.63,14.50,14.50,56.95,56.95,54.71,94.75,-94.38,160.80,119.02,-49.12,192.19,66.50,50.16,-16.61,14.71,170.34,177.37,177.37,23.59,23.59,102.55,31.10,31.10,104.80,104.97,125.90,125.90,84.09,84.09,85.94,85.94,68.20,76.25,76.25,60.40,49.25,32.44,-64.14,-93.10,-14.95,-0.42,26.49,20.51,20.51,-6.14,15.48,-50.82,3.30,0.00,0.00,87.37,87.37,39.45,89.95,207.48,-44.36,-36.62,18.80,0.63,-10.21,-35.68,17.58,-40.75,-43.06,21.07,-5.01,-0.73,-1.13,30.18,9.77,45.34,51.07,-5.15,11.91,35.20,-78.79,9.07,-74.38,-74.39,-74.45,87.75,88.96,180.00,127.63,127.50,87.01,87.01,104.75,111.34,-82.04,271.98,149.89,149.89,-53.16,126.58,126.58,10.16,-13.11,28.25,9.77,80.08,80.08,31.19,24.21,-177.82,0.00,241.24,-33.96,21.04,0.00,160.72,-5.77,275.39,346.43,134.00,94.47,273.28,73.88,74.05,132.49,-16.75,-54.44,1.35,220.86,-19.25,-0.38,104.75,-129.67,-28.76,-32.13,98.35,88.00,39.60,64.77,44.70,214.75,36.40,-124.80,93.41,93.41,123.22,123.22,24.00,23.96,9.09,12.69,-5.77,56.95,-0.25,10.57,8.58,4.30,0.52,-4.15,-34.82,11.94,0.00,-8.67,8.40,158.49,53.38,-6.59,-36.35,-61.08,21.90,-100.66,47.66,13.79,47.73,149.06,233.79,-1.56,2.07,-13.93,-3.28,67.43,341.27,-91.50,439.40,376.31,134.57,-57.04,36.21,36.03,287.20,287.50,113.09,113.09,335.96,221.93,-26.99,11.94,91.50,5.41,-20.58,22.20,6.89,49.35,49.10,221.91,23.67,23.67,23.75,23.73,61.87,134.20,37.92,19.50,43.57,43.57,40.34,40.34,53.77,-5.27,64.26,19.25,78.00,47.67,20.14,27.98,168.37,168.37,44.47,41.84,13.60,-21.25,-22.83,120.91,120.91,25.82,-48.74,13.40,5.28,4.21,23.07,57.33,22.06,17.75,17.94,31.34,28.44,43.10,41.14,-9.45,-18.51,-51.92,-8.55,-8.55,13.15,-31.09,-15.16,-32.53,24.58,10.79,-23.13,7.78,15.37,25.75,298.35,0.00,-287.06,-96.07,261.90,-232.40,-100.49,132.97,92.94,15.80,-28.49,-66.62,96.55,107.13,102.10,96.86,96.81,67.85,106.44,435.59,70.93,127.55,127.55,16.27,8.26,9.18,95.76,141.01,279.64,-7.03,3.30,23.17,8.98,-4.42,138.04,112.33,31.96,61.11,44.60,59.36,83.95,174.00,215.79,120.89,139.06,388.38,-190.70,25.76,18.89,-241.24,68.07,-58.74,142.16,114.64,-49.96,-94.00,39.50,160.48,126.29,158.24,10.16,66.74,61.97,28.59,61.19,43.95,226.27,-578.30,167.70,11.94,20.63,20.58,130.41,131.50,37.57,38.38,-23.73,-14.35,80.72,10.29,-100.49,-341.27,-187.91
26.00,35.95,-18.54,-56.39,-13.84,-137.47,26.62,28.70,85.01,85.38,167.95,167.95,-175.39,111.67,102.64,8.43,8.43,60.79,60.79,58.39,103.04,-102.61,160.44,118.75,-49.75,192.19,61.78,45.29,-19.59,10.19,172.92,180.07,180.07,24.29,24.29,99.52,36.24,36.24,110.57,110.74,115.09,115.09,85.74,85.74,84.36,84.36,66.54,78.09,78.09,61.21,50.84,30.18,-63.92,-92.45,-14.19,1.00,26.37,20.20,20.20,-6.15,14.96,-52.40,5.61,0.00,0.00,85.57,85.57,39.51,77.39,207.19,-43.85,-36.26,18.99,0.11,-10.20,-35.14,17.42,-42.26,-44.61,20.96,-4.09,-0.57,-1.10,30.09,7.22,44.56,50.17,-2.84,11.21,35.05,-78.54,9.09,-73.93,-73.93,-73.99,75.49,76.53,180.00,82.50,82.37,85.43,85.43,104.52,111.09,-78.56,280.43,152.20,152.20,-53.85,128.35,128.35,11.29,-12.90,28.57,7.22,79.76,79.76,30.85,26.61,-174.86,0.00,243.91,-34.31,21.01,0.00,145.43,-7.10,266.95,331.64,135.56,102.71,264.97,73.24,73.42,136.14,-16.67,-53.90,1.36,222.06,-19.37,-0.59,104.52,-128.82,-29.02,-32.05,103.05,88.00,38.58,66.41,45.83,216.01,32.55,-121.08,111.29,111.29,124.84,124.84,26.39,26.35,3.97,12.56,-7.10,60.79,-0.48,9.22,7.98,4.40,0.66,-3.92,-34.86,11.93,0.00,-8.00,9.03,161.11,52.37,-6.36,-35.81,-62.83,21.05,-100.97,44.15,12.77,49.18,149.06,192.91,-1.59,1.83,-13.53,-3.72,65.78,342.86,-90.52,422.05,364.72,128.24,-62.38,37.21,37.02,287.21,287.51,110.63,110.63,335.50,211.10,-26.29,12.08,90.52,5.04,-20.50,23.60,6.73,35.54,35.29,211.08,23.77,23.77,24.10,24.09,72.08,134.20,37.61,18.62,41.65,41.65,38.69,38.69,56.86,-3.70,65.12,20.15,78.91,48.42,19.09,25.94,165.19,165.19,45.00,42.74,13.58,-21.20,-21.72,122.41,122.41,25.71,-50.29,14.46,5.48,5.97,21.78,56.53,21.06,16.74,16.26,32.18,29.32,39.75,37.93,-12.31,-18.35,-50.85,-8.13,-8.13,14.34,-29.46,-14.43,-33.89,24.82,10.79,-21.86,7.19,15.96,22.68,297.35,0.00,-275.97,-96.07,265.24,-248.05,-99.04,150.26,97.80,11.06,-29.05,-66.75,105.87,108.66,103.49,96.86,96.81,66.18,103.41,442.08,70.91,124.71,124.71,11.75,8.26,8.49,95.09,140.13,279.01,-9.36,5.61,22.69,8.47,-4.22,125.69,109.27,30.23,60.85,44.45,59.11,74.50,170.84,215.31,117.92,136.24,392.68,-190.63,22.69,14.83,-243.91,67.12,-70.71,130.73,118.39,-51.21,-101.69,38.49,159.72,115.98,160.84,9.41,68.53,60.55,28.18,56.71,43.93,221.34,-578.15,192.22,12.08,21.84,20.50,128.87,129.94,37.58,38.39,-24.09,-15.67,77.41,9.58,-99.04,-342.86,-187.84
27.00,36.56,-19.27,-55.92,-14.86,-139.35,24.32,24.93,81.98,82.34,163.55,163.55,-170.10,105.89,97.95,8.73,8.73,60.91,60.91,58.51,104.53,-104.09,158.89,117.61,-52.97,194.98,61.79,45.98,-19.77,11.27,172.43,179.56,179.56,25.98,25.98,98.34,39.79,39.79,111.98,112.16,114.44,114.44,84.99,84.99,84.92,84.92,67.09,77.43,77.43,62.50,61.69,21.59,-69.21,-95.84,-17.53,3.37,25.31,19.66,19.66,-6.14,14.82,-52.62,8.96,0.00,0.00,85.67,85.67,31.38,76.92,208.46,-42.63,-35.09,19.15,0.16,-10.28,-35.26,17.35,-42.43,-45.05,21.48,-4.25,-0.43,-1.03,29.35,7.63,44.85,50.51,-2.86,10.87,37.44,-73.16,9.58,-73.93,-73.93,-73.99,75.04,76.07,180.00,73.69,73.56,84.87,84.87,105.12,111.73,-78.04,282.80,146.61,146.61,-57.33,125.22,125.22,11.02,-12.07,29.66,7.63,76.90,76.90,26.80,24.31,-169.58,0.00,234.71,-34.73,13.81,0.00,143.68,-9.30,270.72,328.80,110.99,104.20,268.69,73.25,73.43,128.43,-15.81,-49.89,1.34,216.09,-19.29,-0.58,105.12,-128.57,-28.78,-31.73,101.66,88.00,39.16,65.82,45.42,216.09,32.27,-116.11,114.83,114.83,121.74,121.74,24.10,24.07,5.40,12.64,-9.30,60.91,-0.52,8.72,7.74,3.78,0.55,-3.73,-35.29,11.41,0.00,-7.63,8.56,161.41,52.91,-6.26,-35.16,-62.40,21.69,-100.81,42.50,12.30,47.76,149.06,207.87,-1.57,1.82,-13.93,-3.70,66.33,337.60,-90.08,420.43,369.93,130.60,-51.10,43.57,43.30,287.21,287.51,111.97,111.97,337.43,210.44,-25.33,12.40,90.08,5.27,-19.91,23.01,7.22,31.53,31.27,210.42,23.23,23.23,24.71,24.70,79.13,134.20,36.60,16.70,40.86,40.86,38.08,38.08,56.38,-2.77,66.27,21.20,79.95,49.54,18.70,24.02,160.08,160.08,45.00,42.47,15.51,-23.03,-20.90,119.29,119.29,27.46,-60.89,14.87,5.52,6.30,20.98,55.29,21.06,16.46,19.13,33.00,29.45,40.91,39.04,-9.60,-13.23,-48.16,-7.83,-7.83,10.81,-27.99,-13.42,-33.91,25.13,10.65,-21.01,8.94,14.21,23.58,297.37,0.00,-270.92,-97.46,267.23,-251.35,-100.46,152.17,102.93,11.38,-29.40,-66.96,113.78,109.95,104.61,98.28,98.22,66.73,98.64,441.93,68.36,125.48,125.48,8.76,10.04,8.56,94.37,140.34,276.32,-9.80,8.94,23.28,8.13,-4.11,126.14,110.95,29.50,65.00,45.82,63.01,83.19,169.72,216.55,116.92,135.18,399.57,-190.78,23.59,15.55,-234.71,65.71,-83.00,134.50,110.81,-51.20,-94.02,39.06,156.57,114.01,161.14,10.22,68.32,54.30,26.20,54.60,46.52,224.02,-578.65,195.95,12.40,20.22,19.91,129.99,131.07,36.78,37.57,-24.70,-11.45,76.20,9.77,-100.46,-337.60,-187.98
28.00,36.96,-19.79,-54.42,-13.25,-135.05,24.92,25.56,83.52,83.89,163.97,163.97,-171.99,109.54,100.85,16.59,16.59,56.71,56.71,54.47,92.04,-91.69,156.38,115.75,-52.79,194.98,65.04,48.98,-16.96,14.00,167.73,174.65,174.65,22.68,22.68,101.26,29.83,29.83,104.15,104.31,125.78,125.78,80.42,80.42,82.37,82.37,64.54,72.69,72.69,50.19,49.48,23.18,-70.81,-98.26,-19.77,0.24,26.65,20.13,20.13,-6.18,15.10,-50.82,6.46,0.00,0.00,95.82,95.82,30.77,83.91,209.31,-13.41,-6.38,26.74,7.31,-10.35,-36.54,17.95,-36.85,-39.20,23.07,-3.64,-0.75,-1.24,29.94,33.25,46.06,51.83,-0.01,10.71,38.32,-64.13,9.77,-72.86,-72.87,-72.93,81.85,82.98,180.00,136.11,135.98,85.27,85.27,107.14,113.88,-75.87,261.81,141.41,141.41,-57.14,126.49,126.49,15.31,-12.93,28.05,33.25,77.34,77.34,27.47,24.91,-171.46,0.00,238.00,-34.95,13.34,0.00,198.19,-8.73,322.12,279.80,134.29,91.78,319.23,72.68,72.85,128.25,-17.38,-39.41,1.35,213.18,-19.00,-0.26,107.14,-117.09,-28.89,-32.00,94.58,88.00,40.07,63.72,43.97,212.87,34.92,-119.12,105.37,105.37,122.99,122.99,24.70,24.66,61.31,12.93,-8.73,56.71,-0.25,9.73,8.29,4.76,0.21,-3.80,-35.74,12.60,0.00,-8.08,9.60,159.66,54.09,-6.28,-37.56,-59.77,21.99,-100.08,43.75,12.66,41.44,149.06,233.22,-1.51,2.16,-14.32,-3.18,63.81,332.30,-89.37,485.70,438.10,186.08,-53.55,44.98,44.69,287.19,287.49,117.11,117.11,318.32,222.07,-26.78,10.90,89.37,5.07,-20.03,28.07,16.27,45.60,45.36,222.05,23.51,23.51,27.09,27.07,59.34,134.20,37.65,18.43,43.54,43.54,40.20,40.20,54.86,-4.38,65.68,21.08,79.83,48.59,17.29,24.62,161.58,161.58,45.00,42.49,13.76,-21.88,-20.48,120.54,120.54,28.11,-48.97,17.30,6.07,8.97,21.45,26.58,20.74,16.17,19.07,33.12,29.32,41.90,39.99,-6.69,-14.43,-49.21,-8.21,-8.21,9.56,-28.65,-13.91,-33.85,25.54,10.67,-21.36,9.60,13.61,26.81,297.32,0.00,-274.22,-97.46,250.76,-202.19,-106.78,96.17,85.96,13.84,-29.94,-66.79,117.41,110.49,104.93,98.28,98.22,64.18,101.59,419.55,62.57,138.75,138.75,9.95,10.04,8.32,93.69,138.05,271.95,-7.60,6.45,23.52,7.67,-4.43,129.18,64.15,27.94,66.53,47.20,64.45,82.98,170.52,220.70,117.99,135.85,363.45,-196.50,26.83,13.86,-238.00,69.00,-85.37,245.26,110.50,-52.80,-99.69,39.97,160.10,113.86,159.40,9.57,65.96,53.16,27.00,56.19,46.66,234.33,-587.64,145.02,10.91,20.64,20.03,126.92,127.98,37.54,38.34,-27.07,-15.57,80.44,9.71,-106.77,-332.30,-193.62
29.00,35.24,-20.24,-52.15,-12.33,-138.27,24.41,25.35,84.14,84.51,167.50,167.50,-178.37,114.80,106.47,11.85,11.85,57.51,57.51,55.25,113.90,-113.37,159.43,118.00,-53.52,197.61,68.55,50.57,-16.00,12.99,184.08,191.71,191.71,17.07,17.07,96.33,31.09,31.09,104.97,105.14,130.54,130.54,84.06,84.06,81.68,81.68,63.24,76.65,76.65,54.26,51.63,39.76,-72.86,-100.81,-22.30,-4.70,27.06,21.33,21.33,0.22,21.98,-54.61,3.72,0.00,0.00,87.01,87.01,44.49,90.87,210.27,-44.20,-36.25,19.40,-0.80,-11.19,-37.38,18.42,-41.09,-43.80,21.02,-6.86,-0.32,-1.14,29.90,4.78,46.87,52.64,-7.74,11.52,39.44,-58.46,9.95,-72.81,-72.82,-72.87,88.64,89.86,180.00,116.76,116.63,88.32,88.32,106.77,113.48,-77.22,283.25,155.73,155.73,-57.93,126.46,126.46,14.62,-11.82,27.08,4.78,78.55,78.55,27.24,24.40,-177.82,0.00,238.59,-35.61,26.77,0.00,166.87,-9.27,292.04,346.88,136.38,113.50,289.67,75.21,75.39,126.30,-15.89,-33.99,1.35,220.79,-19.99,-0.36,106.77,-100.35,-28.08,-31.37,108.10,88.00,40.49,62.35,43.03,230.93,38.60,-126.38,97.68,97.68,122.91,122.91,24.19,24.15,5.88,11.94,-9.27,57.51,-0.36,8.99,9.13,4.10,0.29,-3.87,-35.79,10.75,0.00,-8.86,9.67,161.94,58.96,-7.21,-37.79,-57.88,21.94,-99.90,44.06,12.74,48.03,149.05,228.94,-1.71,2.35,-16.22,-3.87,62.51,344.99,-94.06,444.38,401.51,135.77,-51.51,45.29,45.01,287.22,287.52,124.60,124.60,339.11,226.96,-25.93,12.53,94.06,5.11,-20.69,4.38,8.34,33.90,33.65,226.93,23.47,23.47,22.76,22.75,61.84,134.20,39.06,17.47,45.67,45.67,41.41,41.41,52.55,-5.26,64.62,20.04,78.80,47.62,19.78,26.49,168.32,168.32,44.95,42.24,14.30,-21.75,-21.15,120.43,120.43,28.93,-51.07,11.25,4.60,1.08,22.78,57.62,23.97,19.36,18.52,32.13,28.79,42.04,40.13,-5.54,-14.63,-49.17,-7.82,-7.82,8.17,-28.70,-13.84,-33.73,25.35,10.83,-21.47,10.30,12.93,28.95,297.19,0.00,-294.23,-98.78,267.05,-228.78,-100.19,129.62,99.58,14.85,-30.77,-67.82,120.71,110.92,105.18,99.61,99.56,62.87,107.29,446.01,60.78,133.58,133.58,10.37,11.51,10.16,99.66,139.29,277.25,-4.77,3.72,24.59,7.29,-3.97,130.42,132.90,31.22,68.49,52.25,66.28,81.72,176.60,219.94,124.33,142.90,397.67,-204.80,28.96,16.22,-238.59,71.61,-89.68,140.13,108.65,-48.12,-95.39,40.39,166.12,127.75,161.68,11.58,68.65,58.45,27.49,56.59,47.66,249.31,-579.79,172.14,12.54,21.03,20.69,140.05,141.21,36.92,37.72,-22.75,-14.70,82.88,11.46,-100.18,-344.99,-201.80
30.00,37.06,-19.82,-55.16,-13.34,-138.87,25.06,25.95,83.97,84.34,167.97,167.97,-178.37,114.86,106.37,14.27,14.27,56.69,56.69,54.46,95.93,-95.56,157.06,116.25,-54.89,197.61,63.06,47.19,-20.89,11.95,171.55,178.63,178.63,21.21,21.21,102.31,29.09,29.09,102.63,102.80,129.36,129.36,84.44,84.44,83.46,83.46,64.83,76.61,76.61,54.68,50.75,38.25,-73.14,-99.97,-21.28,-4.52,26.97,20.98,20.98,-6.17,15.65,-52.20,3.18,0.00,0.00,85.77,85.77,42.32,90.22,209.89,-36.03,-28.08,21.22,0.92,-10.79,-37.03,18.22,-40.07,-42.78,21.05,-7.45,-0.28,-1.13,29.43,4.77,46.89,52.77,-8.88,11.56,39.53,-51.60,9.72,-72.91,-72.92,-72.98,88.01,89.22,180.00,136.10,135.98,87.46,87.46,105.54,112.18,-77.05,272.11,152.37,152.37,-59.42,126.73,126.73,13.76,-11.72,27.67,4.77,78.96,78.96,27.89,25.05,-177.82,0.00,239.34,-35.02,24.23,0.00,162.46,-7.20,288.12,345.56,135.52,95.65,285.81,74.77,74.95,129.35,-16.03,-27.56,1.34,217.50,-19.80,-0.28,105.54,-124.75,-27.39,-31.04,95.95,88.00,40.97,61.87,42.69,218.21,32.54,-126.15,96.83,96.83,123.19,123.19,24.81,24.77,4.79,12.13,-7.20,56.69,-0.28,9.70,9.19,3.60,0.24,-3.84,-34.94,12.23,0.00,-8.95,8.73,159.62,56.74,-6.69,-37.14,-57.55,22.62,-98.25,43.85,12.68,48.58,149.05,231.41,-1.67,2.39,-15.48,-3.72,64.09,343.58,-94.61,440.68,395.80,134.12,-52.09,45.17,44.89,287.24,287.54,122.73,122.73,337.06,225.40,-26.52,12.63,94.61,5.40,-21.14,6.86,6.57,47.96,47.71,225.38,23.94,23.94,22.51,22.50,57.86,134.20,39.47,17.84,45.94,45.94,41.83,41.83,55.61,-3.72,64.03,19.48,78.24,47.07,19.78,27.51,168.42,168.42,44.70,42.22,14.62,-21.57,-19.83,120.72,120.72,29.00,-50.20,10.61,4.39,0.12,23.08,49.81,21.58,16.91,18.42,33.17,29.20,41.25,39.37,-6.27,-15.33,-48.99,-7.78,-7.78,9.02,-28.56,-13.50,-33.12,24.60,10.79,-21.60,9.83,13.32,28.64,297.18,0.00,-286.65,-98.78,261.27,-229.89,-99.64,131.29,92.05,12.01,-31.33,-67.22,122.99,111.01,105.18,99.61,99.56,64.46,107.20,437.02,58.25,132.30,132.30,10.81,11.51,10.48,98.10,139.66,273.13,-4.10,3.18,24.09,7.92,-3.95,128.75,123.31,31.25,68.64,49.16,66.43,82.34,174.88,217.41,122.93,141.25,388.49,-192.51,28.65,16.42,-239.34,69.24,-88.01,137.53,111.55,-48.22,-95.00,40.87,163.98,122.41,159.36,11.28,68.06,57.50,26.35,56.32,47.69,245.57,-578.05,164.23,12.63,20.67,21.14,138.63,139.78,38.39,39.22,-22.50,-14.01,83.71,11.85,-99.64,-343.58,-189.69
31.00,35.54,-20.20,-50.16,-10.90,-137.40,24.00,25.17,84.26,84.63,168.02,168.02,-178.37,115.13,106.37,13.33,13.33,56.95,56.95,54.70,102.09,-101.67,157.63,116.68,-54.26,197.65,65.81,50.30,-18.97,13.77,175.37,182.62,182.62,19.95,19.95,100.72,29.13,29.13,102.32,102.49,130.06,130.06,84.01,84.01,84.35,84.35,64.91,76.29,76.29,56.73,49.80,39.61,-73.25,-101.75,-22.72,-5.53,26.94,21.73,21.73,-6.17,15.68,-51.44,3.17,0.00,0.00,85.45,85.45,43.06,90.30,210.44,-25.26,-17.43,23.39,3.92,-10.39,-37.14,18.28,-38.48,-41.19,20.91,-7.32,0.26,-0.97,30.18,8.55,46.89,52.80,-8.97,13.35,39.85,-46.99,9.85,-72.76,-72.76,-72.82,88.09,89.30,180.00,136.11,135.98,87.83,87.83,105.72,112.37,-77.33,279.87,153.71,153.71,-58.73,126.40,126.40,13.63,-13.01,25.10,8.55,78.75,78.75,27.05,23.99,-177.82,0.00,237.99,-35.63,25.21,0.00,165.15,-7.68,290.94,345.28,134.59,101.77,288.59,74.59,74.77,123.52,-15.46,-24.26,1.59,219.66,-20.00,-0.29,105.73,-120.89,-27.17,-30.75,100.11,88.00,40.92,61.92,42.73,221.81,36.35,-125.92,95.96,95.96,122.92,122.92,23.74,23.70,11.02,11.93,-7.68,56.95,-0.36,9.89,9.16,3.16,0.12,-3.84,-35.65,11.32,0.00,-8.73,6.98,160.54,57.49,-7.38,-36.63,-57.57,22.51,-96.02,45.05,13.03,49.06,149.06,229.15,-1.71,2.45,-15.66,-3.89,64.17,345.08,-95.28,441.11,398.90,140.05,-52.03,44.93,44.65,287.23,287.53,121.24,121.24,338.26,226.47,-25.98,13.02,95.28,5.67,-22.00,11.64,4.64,48.07,47.82,226.44,23.62,23.62,22.37,22.36,57.94,134.20,39.93,18.10,46.53,46.53,42.15,42.15,50.53,-6.03,63.01,18.55,77.31,46.08,21.46,29.26,168.43,168.43,44.68,42.00,14.08,-22.34,-20.66,120.50,120.50,29.23,-49.28,10.53,4.46,0.03,24.13,39.35,21.75,17.02,16.60,32.10,28.71,41.54,39.65,-5.41,-14.90,-48.50,-7.23,-7.23,6.86,-28.04,-13.27,-31.35,25.22,10.83,-21.19,10.96,12.28,27.87,296.83,0.00,-299.08,-98.80,263.81,-227.50,-99.17,129.36,96.94,14.15,-31.61,-68.15,125.04,111.27,105.52,99.64,99.58,64.55,107.19,443.45,58.41,132.12,132.12,11.49,11.63,10.50,99.16,143.94,274.14,-3.49,3.17,21.80,7.63,-3.40,131.77,107.13,34.70,69.20,48.98,66.95,84.36,175.64,217.79,123.85,142.33,394.26,-194.10,27.88,16.62,-237.99,73.47,-90.84,149.59,105.50,-49.32,-94.15,40.82,165.10,133.73,160.28,10.80,68.62,58.72,28.03,57.86,47.56,242.60,-576.12,168.36,13.03,20.64,22.00,136.89,138.03,37.72,38.53,-22.36,-13.30,84.34,11.78,-99.16,-345.08,-191.25
32.00,37.65,-19.85,-54.51,-12.35,-137.92,24.88,26.23,84.79,85.17,168.05,168.05,-178.37,115.11,106.25,16.64,16.64,55.35,55.35,53.17,111.84,-111.33,157.43,116.53,-54.80,197.65,68.44,52.98,-14.75,17.51,183.98,191.60,191.60,13.76,13.76,95.83,26.70,26.70,100.60,100.77,133.47,133.47,80.46,80.46,79.38,79.38,60.15,73.12,73.12,57.59,46.87,38.89,-72.23,-101.81,-22.80,-5.69,26.98,21.25,21.25,-6.18,15.91,-51.02,3.46,0.00,0.00,92.39,92.39,42.44,90.53,210.47,-19.32,-11.59,25.32,4.65,-10.93,-37.90,18.50,-36.84,-39.32,21.93,-6.45,0.22,-0.62,30.56,22.15,47.57,53.48,-6.51,14.30,39.46,-40.30,10.06,-72.53,-72.54,-72.59,88.31,89.52,180.00,136.10,135.98,87.65,87.65,105.69,112.34,-76.89,280.82,149.88,149.88,-59.31,126.95,126.95,14.06,-12.15,25.79,22.15,78.79,78.79,28.20,24.87,-177.82,0.00,240.83,-34.94,25.24,0.00,200.60,-8.08,323.28,320.97,131.72,111.45,320.38,74.71,74.89,128.48,-16.31,-16.04,1.29,214.10,-20.02,-0.20,105.70,-90.59,-27.85,-31.41,108.18,88.00,41.52,60.91,42.03,230.72,38.34,-125.70,95.12,95.12,123.57,123.57,24.63,24.59,41.65,11.90,-8.08,55.35,-0.32,10.41,9.33,3.12,-0.04,-3.86,-35.38,11.00,0.00,-8.78,10.50,159.32,57.05,-7.35,-38.51,-56.47,22.88,-96.79,46.73,13.52,44.66,149.07,229.87,-1.72,2.59,-16.40,-3.86,59.45,340.20,-94.12,480.88,442.31,171.74,-53.13,45.16,44.88,287.22,287.51,126.45,126.45,327.27,229.89,-26.84,12.23,94.12,5.43,-22.07,11.87,10.38,34.66,34.42,229.87,24.19,24.19,24.12,24.11,53.10,134.20,40.04,16.55,46.05,46.05,41.80,41.80,54.95,-3.67,63.36,18.50,77.26,46.74,21.73,29.24,168.65,168.65,44.96,42.38,13.81,-22.57,-19.73,121.25,121.25,28.94,-46.40,12.61,5.00,2.48,24.15,33.55,21.26,16.44,16.82,32.20,28.93,41.86,39.95,-6.46,-15.89,-48.63,-7.25,-7.25,6.60,-28.20,-13.15,-29.41,24.85,10.83,-21.48,11.08,12.16,27.32,298.09,0.00,-291.66,-98.80,258.96,-198.07,-103.57,95.22,97.26,17.40,-31.82,-66.94,126.45,111.99,106.89,99.64,99.58,59.78,107.07,438.86,56.21,140.54,140.54,14.64,11.63,10.12,98.47,138.26,273.78,-3.59,3.46,21.28,7.41,-3.40,134.20,103.26,35.92,68.52,47.77,66.31,84.08,175.28,217.73,124.14,142.54,383.83,-210.12,27.33,15.59,-240.83,71.46,-93.03,211.82,110.55,-49.09,-98.01,41.41,167.27,124.14,159.06,10.59,66.97,54.41,29.12,60.01,48.14,253.02,-581.81,150.85,12.24,20.59,22.07,137.36,138.51,38.71,39.55,-24.11,-14.71,83.65,11.45,-103.56,-340.20,-207.04
33.00,37.03,-20.78,-52.34,-12.24,-135.74,23.49,24.60,83.83,84.20,168.64,168.64,-178.37,118.37,110.03,21.01,21.01,54.32,54.32,52.19,107.22,-106.76,153.90,113.91,-58.25,198.42,65.10,49.18,-16.20,14.20,178.71,186.11,186.11,14.06,14.06,95.95,25.23,25.23,99.49,99.65,128.56,128.56,79.60,79.60,77.71,77.71,58.19,72.25,72.25,58.56,45.21,39.13,-70.94,-99.23,-19.80,-4.17,26.68,21.42,21.42,-6.17,15.64,-52.03,2.72,0.00,0.00,96.00,96.00,43.81,91.20,209.33,-15.40,-7.76,24.49,4.59,-11.12,-37.67,18.32,-36.61,-39.20,22.46,-5.32,0.77,-0.11,30.06,27.27,47.28,53.12,-3.87,17.35,38.55,-23.97,9.92,-73.26,-73.27,-73.32,88.96,90.18,180.00,136.11,135.99,85.32,85.32,103.01,109.49,-77.50,275.72,146.22,146.22,-63.05,126.80,126.80,11.97,-11.32,25.19,27.27,79.53,79.53,26.44,23.48,-177.82,0.00,237.26,-35.63,26.22,0.00,209.87,-11.83,335.40,324.90,130.09,106.87,332.27,73.55,73.72,124.07,-16.47,0.74,1.23,210.03,-19.57,-0.56,103.01,-95.37,-28.20,-31.94,104.16,88.00,41.30,61.44,42.39,224.71,35.60,-130.82,92.97,92.97,123.17,123.17,23.28,23.24,54.14,12.36,-11.83,54.32,-0.10,11.60,9.49,3.18,1.21,-4.09,-34.22,11.27,0.00,-10.34,10.14,154.48,56.38,-6.66,-37.77,-57.14,22.85,-96.58,50.07,14.48,43.73,149.05,229.67,-1.63,1.93,-15.54,-3.68,57.52,333.47,-91.74,491.95,459.30,182.54,-52.89,43.40,43.14,287.20,287.50,129.04,129.04,319.38,223.99,-27.12,12.21,91.74,5.37,-22.35,6.93,11.42,37.28,37.04,223.97,24.23,24.23,25.36,25.35,50.18,134.20,39.48,16.69,45.15,45.15,40.94,40.94,52.74,-3.20,63.95,18.58,77.34,47.72,24.70,28.56,168.81,168.81,44.87,42.29,14.25,-21.59,-19.90,120.61,120.61,28.28,-44.77,14.45,5.52,4.89,23.76,29.67,20.11,15.45,16.99,32.18,29.12,43.19,41.22,-7.74,-16.74,-47.41,-7.05,-7.05,6.95,-29.33,-13.91,-26.00,23.92,10.72,-22.13,10.76,12.24,27.47,297.99,0.00,-287.75,-99.18,250.88,-189.07,-104.47,85.25,95.27,14.26,-28.18,-67.30,127.68,112.53,108.30,100.03,99.97,57.82,110.91,430.08,43.12,142.86,142.86,23.58,12.22,9.56,90.81,135.66,267.65,-4.71,2.72,23.10,7.89,-2.97,145.15,112.22,41.90,66.93,46.51,64.82,84.21,170.61,212.20,120.13,138.32,374.02,-207.61,27.48,17.41,-237.26,72.21,-102.27,235.07,106.17,-49.35,-91.50,41.20,164.20,123.31,154.23,12.45,66.13,55.20,27.84,64.28,46.84,258.20,-582.83,144.67,12.21,20.74,22.35,137.14,138.29,38.30,39.12,-25.35,-15.41,81.92,10.84,-104.46,-333.47,-204.56
34.00,39.62,-19.81,-52.57,-12.70,-134.01,23.33,25.23,83.15,83.52,163.91,163.91,-172.09,108.38,99.80,18.19,18.19,55.07,55.07,52.90,110.96,-110.46,152.40,112.80,-59.62,198.42,42.72,28.28,-36.58,-6.91,178.63,186.03,186.03,15.92,15.92,94.03,28.91,28.91,103.02,103.18,130.34,130.34,77.94,77.94,63.90,63.90,44.30,70.73,70.73,59.68,45.29,24.27,-69.40,-99.78,-20.51,-0.72,26.61,21.29,21.29,-6.18,15.56,-48.51,2.78,0.00,0.00,102.79,102.79,31.51,83.21,209.59,-3.28,4.09,26.93,6.45,-10.85,-38.11,18.41,-35.00,-37.56,23.42,-4.70,1.00,0.02,31.73,39.35,47.76,53.70,-1.84,20.27,37.54,1.97,9.81,-72.24,-72.24,-72.30,81.17,82.28,180.00,136.10,135.98,86.59,86.59,102.19,108.62,-75.34,270.29,140.28,140.28,-64.53,126.05,126.05,14.77,-11.85,25.16,39.35,77.45,77.45,27.12,23.32,-171.57,0.00,236.30,-34.26,14.98,0.00,234.77,-16.41,364.39,331.15,130.17,110.59,360.70,74.07,74.25,125.18,-17.33,26.84,1.24,208.50,-20.50,-0.29,102.19,-83.28,-28.90,-32.78,103.39,88.00,41.96,60.40,41.68,225.05,17.97,-117.90,106.22,106.22,122.46,122.46,23.12,23.09,79.56,11.43,-16.41,55.07,-0.63,12.08,8.84,2.66,-0.33,-4.28,-34.03,10.85,0.00,-7.72,10.66,155.04,54.76,-6.59,-38.66,-56.05,23.41,-97.01,57.87,16.74,37.21,149.05,230.10,-1.82,2.62,-15.37,-4.49,43.77,329.69,-91.46,527.23,498.29,209.85,-51.58,45.12,44.83,287.22,287.51,134.33,134.33,310.67,226.65,-27.17,10.87,91.46,4.92,-23.48,6.92,25.67,32.92,32.68,226.63,24.02,24.02,26.91,26.89,57.51,134.20,39.95,16.57,44.75,44.75,40.44,40.44,52.97,-2.15,64.19,18.41,77.17,48.30,27.61,28.51,162.26,162.26,45.00,42.47,14.74,-24.58,-18.83,119.92,119.92,27.54,-44.86,16.15,5.98,6.80,23.34,17.77,19.01,14.24,17.54,32.95,29.50,45.25,43.18,-9.63,-19.58,-47.37,-6.88,-6.88,7.38,-30.30,-14.67,-17.52,23.62,10.82,-22.63,10.68,12.53,28.19,297.85,0.00,-286.46,-99.18,248.36,-174.57,-110.99,64.11,91.17,-6.95,-20.18,-65.15,128.36,112.52,109.88,100.03,99.97,43.94,100.52,422.16,20.37,152.24,152.24,36.07,12.22,9.35,96.94,133.67,265.03,-7.26,2.78,21.92,8.42,-2.61,163.04,112.09,47.69,65.18,48.04,63.18,77.39,173.14,210.52,123.94,142.70,360.53,-213.56,28.20,14.82,-236.30,69.87,-111.64,287.67,107.00,-50.10,-97.33,41.85,164.33,121.84,154.80,9.51,65.13,53.10,29.95,74.24,48.50,268.79,-597.06,133.49,10.87,20.59,23.48,138.54,139.69,38.26,39.08,-26.89,-15.12,80.93,10.68,-110.98,-329.69,-210.42
35.00,38.83,19.10,-90.10,-8.53,-76.78,46.89,48.90,81.96,82.33,66.10,66.10,-50.29,-29.14,-13.45,-3.60,-3.60,67.16,67.16,64.52,145.35,-144.49,152.27,112.70,-61.62,198.42,27.33,11.84,-50.40,-22.02,178.81,186.21,186.21,52.40,52.40,72.39,82.47,82.47,153.32,153.44,109.91,109.91,61.74,61.74,41.88,41.88,43.95,56.18,56.18,70.08,55.32,-138.35,-66.49,-83.28,-26.25,45.91,28.14,23.00,23.00,-6.18,15.74,-25.96,27.50,0.00,0.00,117.85,117.85,-106.32,-7.91,185.49,4.62,11.83,27.08,7.45,-10.93,-39.16,18.72,-32.20,-34.66,24.02,-4.59,1.37,0.56,30.16,51.01,48.39,54.32,-1.04,19.85,36.09,34.91,10.01,-60.34,-60.35,-60.39,-7.71,-7.82,156.51,67.84,67.75,84.41,84.41,102.24,108.67,-21.90,283.92,42.85,42.85,-66.70,109.59,109.59,53.24,-11.95,20.59,51.01,40.16,40.16,52.55,46.88,-50.14,391.25,401.70,5.42,-109.52,0.00,244.30,-17.04,390.62,324.85,123.62,144.71,386.39,74.14,74.32,211.32,-19.68,60.14,1.21,207.44,-23.70,-2.01,102.24,-8.17,-30.90,-34.81,103.88,88.00,42.35,59.37,40.97,225.03,2.42,4.00,230.06,230.06,106.35,106.35,46.52,46.44,104.88,8.20,-17.04,67.16,-4.09,12.28,1.10,3.91,-1.86,-3.31,-35.93,9.49,33.69,4.92,11.68,154.60,40.45,-3.41,-43.60,-54.70,23.49,-96.44,57.54,16.65,-11.84,149.06,229.52,-2.47,1.35,-17.19,-9.10,0.00,307.23,-83.97,580.00,533.69,235.44,-77.22,41.84,41.59,287.22,287.52,138.29,138.29,451.44,206.29,-30.41,7.61,83.97,4.13,-24.82,7.05,86.43,1.26,1.08,206.27,24.16,24.16,27.68,27.66,163.61,134.20,41.01,15.70,43.57,43.57,39.85,39.85,91.31,-5.88,63.85,18.30,77.06,47.78,27.05,28.32,40.42,40.42,39.26,36.94,11.95,-26.47,20.06,103.91,103.91,26.47,-54.67,16.73,6.27,7.14,22.92,10.07,4.96,0.16,17.30,27.57,24.76,39.85,38.03,-0.28,-10.38,-34.48,-38.93,-5.60,14.37,-24.18,-10.84,-8.83,25.26,10.83,-18.78,7.24,16.01,32.73,299.76,0.00,-291.34,-99.18,193.77,-230.83,-159.94,71.80,152.56,-22.67,-19.50,-25.68,128.53,112.42,110.89,100.03,99.97,0.00,-13.43,461.23,-10.01,169.62,169.62,31.63,12.22,9.58,95.91,130.15,264.81,-32.49,27.36,18.21,10.82,-2.30,181.21,123.77,46.71,62.66,63.82,60.81,64.10,168.79,210.62,125.30,148.48,170.91,-252.26,32.75,-25.05,-15.40,147.52,-113.00,338.42,191.82,-50.26,-51.13,42.24,170.50,120.60,154.36,25.14,53.20,52.49,16.41,73.82,48.68,276.72,-657.68,62.53,7.61,20.18,24.82,138.63,139.79,38.08,38.89,-27.66,-9.61,79.74,10.87,-159.92,-307.23,-248.56
36.00,38.82,20.26,-82.42,-8.01,-70.40,44.69,43.01,77.74,78.09,59.03,59.03,-40.90,-38.26,-21.97,5.17,5.17,64.50,64.50,61.96,132.19,-131.48,165.56,122.55,-62.58,198.42,18.27,1.25,-57.56,-32.20,169.66,176.67,176.67,56.18,56.18,77.51,81.46,81.46,148.71,148.79,109.39,109.39,58.78,58.78,39.59,39.59,37.13,52.88,52.88,79.52,62.40,-149.94,-65.13,-81.31,-31.14,46.63,26.42,22.06,22.06,-6.18,17.20,-28.32,29.70,0.00,0.00,124.20,124.20,-112.64,-12.85,178.47,3.76,11.40,27.41,8.37,-16.25,-47.30,15.22,-25.67,-28.08,24.89,-8.47,0.56,-0.32,30.47,58.05,46.44,49.76,-9.84,18.62,35.48,33.99,10.00,-58.10,-58.11,-58.15,-12.53,-12.70,148.56,30.63,30.56,80.90,80.90,103.38,109.88,-20.88,265.52,22.24,22.24,-67.73,105.58,105.58,58.90,-16.65,19.59,58.05,33.57,33.57,46.22,44.67,-40.78,328.81,356.80,6.37,-116.73,0.00,268.77,-16.49,410.89,344.79,84.77,131.66,406.20,75.70,75.88,196.20,-18.83,57.47,1.23,210.50,-22.73,-1.51,103.38,-28.50,-34.17,-39.47,99.74,88.00,41.52,63.10,43.54,212.80,-6.08,14.24,230.06,230.06,102.44,102.44,44.33,44.26,120.24,9.17,-16.49,64.50,-3.83,16.16,0.79,3.13,-2.65,-3.47,-34.87,9.92,37.03,5.77,8.33,151.58,40.65,-3.32,-41.19,-60.18,26.17,-94.70,64.19,18.57,-13.91,149.06,227.76,-2.27,1.70,-15.97,-8.29,0.00,303.30,-83.64,607.90,561.65,251.90,-71.42,41.18,40.95,287.20,287.50,143.37,143.37,411.12,145.06,-30.17,8.13,83.64,4.53,-27.67,2.98,85.17,18.61,18.48,145.04,24.73,24.73,26.43,26.42,161.61,134.20,39.13,15.84,43.50,43.50,40.00,40.00,83.43,-5.83,61.29,15.79,74.55,45.46,26.41,33.53,30.78,30.78,37.43,35.35,11.88,-27.00,19.87,100.05,100.05,26.03,-61.58,11.98,5.90,-1.45,27.08,11.76,5.99,1.24,16.12,25.02,23.41,43.79,41.79,-1.13,-11.27,-36.97,-43.01,-6.41,19.32,-25.88,-11.62,-2.48,23.51,10.99,-20.10,4.83,18.49,31.74,300.68,0.00,-300.03,-99.18,130.28,-204.03,-162.01,42.70,130.70,-32.06,-19.14,-24.81,127.17,112.11,110.24,100.03,99.97,0.00,-21.93,435.30,-10.00,173.65,173.65,37.16,12.22,13.43,90.96,127.65,287.92,-37.84,29.54,19.39,11.03,-2.95,198.34,127.57,44.86,61.60,65.30,59.81,41.74,161.77,212.97,118.90,140.96,170.86,-242.45,31.76,-30.01,-31.48,143.10,-110.39,370.08,176.74,-47.86,-72.16,41.42,166.91,132.87,151.35,24.02,51.80,58.56,15.80,82.30,48.79,286.90,-656.40,57.75,8.13,21.08,27.67,140.79,141.97,38.39,39.21,-26.42,-2.34,80.04,14.38,-161.99,-303.30,-238.89
37.00,41.96,27.35,-86.27,-5.41,-64.47,52.38,44.68,82.81,83.18,64.16,64.16,-49.30,-28.36,-13.93,7.89,7.89,61.67,61.67,59.25,150.54,-149.62,178.66,132.24,-60.21,198.42,30.74,9.66,-51.25,-25.80,190.94,198.88,198.88,46.44,46.44,73.67,75.27,75.27,144.30,144.38,125.65,125.65,56.43,56.43,39.74,39.74,31.47,50.83,50.83,71.46,45.34,-140.52,-71.89,-94.83,-37.02,36.78,28.73,22.08,22.08,-6.15,21.53,-32.93,30.67,0.00,0.00,125.40,125.40,-102.98,-6.75,189.86,15.31,23.68,31.84,11.98,-16.52,-50.55,14.79,-21.91,-24.89,26.00,-10.81,0.86,-0.40,32.37,63.45,48.69,52.04,-16.20,20.58,39.09,37.10,10.87,-56.35,-56.35,-56.40,-6.58,-6.67,156.74,68.37,68.30,83.71,83.71,107.64,114.41,-12.91,273.39,29.13,29.13,-65.17,110.87,110.87,61.16,-20.78,16.62,63.45,39.43,39.43,48.02,52.36,-49.15,373.68,387.87,11.23,-107.81,0.00,291.85,-12.30,425.97,363.28,126.84,149.85,420.93,78.16,78.35,209.00,-19.71,61.21,1.33,217.63,-23.23,-1.53,107.65,20.75,-32.37,-38.79,115.72,88.00,45.43,56.91,39.27,237.32,1.13,5.65,230.05,230.05,107.52,107.52,51.93,51.85,129.92,8.67,-12.30,61.67,-3.85,15.60,1.35,1.27,-2.63,-3.62,-37.05,8.56,38.67,5.19,10.86,154.28,42.61,-3.91,-45.47,-53.62,30.48,-91.90,68.79,19.90,-16.68,149.05,224.96,-2.37,1.84,-18.86,-8.45,0.00,318.07,-96.30,632.27,581.82,264.72,-73.86,51.44,51.07,287.16,287.46,146.62,146.62,432.93,161.81,-36.01,9.84,96.30,5.64,-33.96,5.44,88.55,14.21,14.09,161.79,25.03,25.03,26.23,26.21,149.39,134.20,44.96,18.01,48.17,48.17,44.21,44.21,87.37,-8.01,61.00,14.55,73.31,46.04,28.73,34.95,39.09,39.09,42.37,39.41,11.79,-33.23,20.16,104.99,104.99,28.67,-44.91,9.11,6.22,-7.52,28.05,2.47,9.46,4.95,14.79,29.18,25.53,46.58,44.46,-0.67,-10.94,-38.51,-44.26,-6.05,20.14,-26.53,-12.05,-0.02,23.93,11.00,-20.48,4.60,19.01,29.97,301.47,0.00,-327.54,-99.18,126.23,-185.73,-164.76,21.52,134.00,-23.84,-20.34,-22.91,125.41,111.68,109.54,100.03,99.97,0.00,-13.91,453.49,-10.87,179.10,179.10,38.99,12.23,16.63,93.59,131.87,310.67,-38.01,30.50,20.27,10.75,-2.44,211.13,116.35,49.10,67.87,65.15,65.70,43.53,167.39,221.74,124.81,147.35,150.50,-267.52,29.98,-28.97,-18.70,160.72,-99.63,392.43,189.31,-45.62,-59.81,45.31,182.77,144.51,154.04,22.71,48.83,62.97,22.48,88.16,58.79,293.41,-659.68,25.46,9.84,23.28,33.96,143.24,144.44,39.28,40.12,-26.21,-5.75,88.47,17.04,-164.74,-318.07,-263.59
38.00,44.01,22.76,-88.00,-2.29,-66.08,53.19,49.82,87.19,87.57,67.68,67.68,-51.00,-25.01,-9.96,7.61,7.61,58.83,58.83,56.51,161.91,-160.83,180.61,133.69,-58.81,198.42,36.21,13.75,-49.32,-23.22,200.14,208.48,208.48,43.99,43.99,68.41,76.00,76.00,145.30,145.39,145.37,145.37,55.93,55.93,40.30,40.30,30.71,50.69,50.69,74.78,45.59,-137.64,-72.77,-97.81,-35.01,36.05,28.82,22.59,22.59,-6.19,22.97,-34.89,30.13,0.00,0.00,123.47,123.47,-98.78,-3.88,195.30,14.45,23.18,31.29,11.81,-16.17,-50.46,14.74,-22.24,-25.31,26.50,-11.19,1.12,-0.21,32.60,62.61,49.04,52.55,-16.21,20.87,39.35,37.44,10.72,-56.44,-56.44,-56.48,-3.78,-3.83,162.29,82.81,82.74,89.62,89.62,111.61,118.63,-12.83,291.23,38.46,38.46,-63.65,113.96,113.96,58.94,-27.81,13.19,62.61,43.43,43.43,53.53,53.17,-50.84,405.80,411.35,5.20,-103.74,0.00,287.05,-13.13,420.22,358.25,130.40,161.11,415.32,78.16,78.35,217.62,-19.21,62.04,1.34,224.37,-23.53,-1.28,111.61,38.83,-31.53,-38.17,125.76,88.00,46.21,55.69,38.43,245.97,5.24,0.14,230.06,230.06,110.67,110.67,52.73,52.65,128.58,8.37,-13.13,58.83,-3.73,15.92,2.09,1.62,-3.05,-3.46,-37.66,7.37,37.05,4.75,13.56,159.96,42.98,-3.92,-45.30,-52.35,31.30,-91.04,67.33,19.48,-17.33,149.06,224.10,-2.43,2.28,-19.29,-8.05,0.00,315.41,-99.83,624.23,574.04,261.13,-80.45,53.31,52.92,287.17,287.47,144.78,144.78,464.17,181.47,-37.27,10.29,99.83,6.06,-35.60,4.28,87.99,7.82,7.68,181.45,25.28,25.28,26.62,26.61,150.84,134.20,44.71,18.43,47.52,47.52,44.03,44.03,89.15,-10.77,61.95,15.52,74.28,46.87,28.88,33.18,40.12,40.12,44.58,41.15,11.57,-33.27,11.75,108.24,108.24,28.86,-45.16,9.01,6.34,-8.15,26.88,3.98,10.21,5.71,13.38,30.28,26.21,45.77,43.68,-3.89,-8.67,-36.91,-42.16,-5.54,20.61,-25.21,-11.43,0.00,24.23,10.97,-19.48,4.33,19.22,29.08,302.45,0.00,-337.17,-99.18,143.85,-193.88,-165.41,29.08,156.62,-19.45,-21.55,-30.52,122.49,110.91,108.71,100.03,99.97,0.00,-9.95,473.55,-10.72,177.75,177.75,37.35,12.23,17.16,102.23,145.95,314.06,-39.32,29.96,20.97,10.90,-2.08,206.46,121.17,49.54,68.31,64.09,66.12,44.52,179.21,229.90,134.43,157.37,172.43,-277.10,29.09,-27.50,-10.87,175.48,-98.52,387.54,197.69,-45.00,-54.08,46.08,183.34,153.56,159.70,24.87,45.57,63.99,24.57,86.31,60.59,289.71,-659.15,20.12,10.29,23.41,35.60,141.15,142.33,39.17,40.01,-26.61,-6.30,88.12,17.53,-165.39,-315.41,-273.03
39.00,44.81,20.91,-86.53,-1.53,-68.81,51.91,50.73,89.32,89.71,69.21,69.21,-52.32,-23.71,-8.93,8.36,8.36,58.21,58.21,55.92,165.94,-164.81,178.73,132.30,-58.37,197.74,37.98,15.30,-48.41,-22.16,202.18,210.61,210.61,41.63,41.63,67.02,75.16,75.16,144.60,144.70,148.56,148.56,55.23,55.23,39.94,39.94,29.46,50.09,50.09,74.92,45.17,-136.62,-72.11,-97.70,-33.39,36.35,28.74,22.54,22.54,-6.19,23.26,-34.89,30.40,0.00,0.00,124.47,124.47,-98.30,-3.37,195.66,14.80,23.58,31.25,11.51,-16.30,-50.16,14.69,-23.12,-26.38,26.46,-10.40,1.25,-0.07,32.23,61.32,48.89,52.39,-15.10,20.88,38.91,37.12,10.81,-57.09,-57.09,-57.14,-3.28,-3.33,163.16,84.59,84.52,90.10,90.10,111.86,118.90,-14.51,293.93,38.83,38.83,-63.18,115.03,115.03,56.97,-27.54,12.59,61.32,44.51,44.51,54.51,51.90,-52.16,416.10,419.79,3.11,-103.05,0.00,293.96,-10.40,422.01,355.40,129.98,165.11,417.07,77.84,78.03,218.63,-18.70,61.92,1.33,221.45,-23.82,-1.37,111.87,48.05,-31.57,-38.39,129.38,88.00,46.07,55.98,38.63,247.02,6.83,-0.94,230.05,230.05,111.85,111.85,51.47,51.39,125.97,8.07,-10.40,58.21,-3.82,15.23,2.17,1.32,-2.97,-3.35,-37.50,6.85,35.82,4.69,14.26,159.43,44.23,-4.52,-45.26,-52.69,31.22,-91.26,66.20,19.15,-18.21,149.05,224.32,-2.49,2.26,-19.84,-8.30,0.00,310.37,-101.92,631.49,576.48,260.79,-80.52,53.32,52.93,287.17,287.47,146.12,146.12,467.10,184.68,-37.89,10.88,101.92,6.17,-35.96,5.25,89.19,3.15,3.01,184.66,25.19,25.19,26.95,26.93,149.18,134.20,44.91,18.04,47.25,47.25,43.81,43.81,87.64,-11.72,62.94,16.84,75.60,47.47,28.81,31.28,41.48,41.48,44.79,41.73,12.10,-33.03,8.65,109.54,109.54,28.54,-44.74,9.83,6.63,-6.95,22.37,3.75,10.78,6.26,12.74,30.32,26.61,45.63,43.55,-5.99,-6.50,-35.70,-40.71,-5.29,20.72,-24.37,-10.65,0.00,24.01,10.97,-19.16,4.27,19.28,28.99,303.42,0.00,-335.81,-98.85,144.51,-188.50,-166.29,22.79,162.13,-18.06,-22.78,-32.62,118.43,110.01,108.10,99.68,99.63,0.00,-8.92,474.01,-10.81,178.84,178.84,36.11,11.67,16.78,102.32,146.96,310.80,-38.77,30.23,19.63,10.73,-1.95,203.66,121.11,49.48,67.55,65.01,65.41,44.34,180.16,230.42,135.99,159.20,170.66,-282.21,29.00,-27.55,-9.29,182.90,-89.02,384.61,198.66,-45.62,-53.88,45.95,182.25,153.29,159.17,24.65,44.17,61.62,25.13,84.86,60.53,292.40,-660.34,14.49,10.88,23.22,35.96,143.31,144.50,39.70,40.55,-26.93,-6.58,87.67,17.04,-166.27,-310.37,-278.06
40.00,45.03,21.37,-85.33,-1.17,-67.93,51.29,51.19,89.35,89.74,69.23,69.23,-52.17,-23.94,-9.36,7.70,7.70,58.37,58.37,56.07,165.02,-163.90,175.82,130.14,-60.25,197.74,37.06,14.29,-49.47,-23.36,200.99,209.37,209.37,41.18,41.18,67.25,74.61,74.61,144.26,144.36,148.66,148.66,55.24,55.24,39.28,39.28,28.67,50.10,50.10,74.47,45.05,-135.70,-70.86,-95.92,-32.66,36.11,28.62,22.49,22.49,-6.19,23.04,-35.01,30.84,0.00,0.00,123.15,123.15,-98.09,-3.34,194.27,14.42,23.14,31.46,11.21,-16.59,-50.07,14.72,-23.16,-26.36,26.47,-10.89,1.16,-0.08,32.34,60.56,48.63,52.05,-15.26,20.57,38.23,37.51,10.74,-56.90,-56.90,-56.94,-3.26,-3.30,162.17,83.89,83.82,90.46,90.46,111.50,118.52,-14.44,293.23,39.18,39.18,-65.21,115.00,115.00,57.73,-28.06,12.08,60.56,44.52,44.52,55.01,51.27,-52.01,414.97,419.30,3.59,-102.75,0.00,296.80,-9.20,420.31,352.66,129.86,164.19,415.40,77.90,78.09,217.98,-18.57,62.62,1.34,219.81,-23.93,-1.41,111.51,47.32,-31.72,-38.52,126.60,88.00,45.55,56.79,39.19,246.82,5.80,-0.23,230.05,230.05,111.81,111.81,50.85,50.77,124.53,7.97,-9.20,58.37,-3.90,14.70,2.03,1.28,-3.02,-3.34,-37.12,6.79,36.39,4.95,14.35,159.00,44.21,-4.62,-45.08,-53.55,30.67,-91.04,65.92,19.07,-18.18,149.05,224.09,-2.52,2.25,-19.82,-8.40,0.00,305.96,-102.08,634.71,574.23,259.11,-81.43,51.56,51.19,287.17,287.47,145.70,145.70,464.02,184.78,-37.53,11.06,102.08,5.96,-35.27,5.51,89.71,2.13,2.00,184.76,24.88,24.88,26.78,26.76,148.08,134.20,44.76,17.91,46.94,46.94,43.37,43.37,86.41,-11.91,63.05,17.62,76.38,46.97,28.45,30.28,41.35,41.35,44.56,41.28,12.16,-32.17,8.25,109.49,109.49,28.04,-44.62,9.46,6.34,-7.35,21.74,3.97,11.75,7.22,14.38,29.69,26.38,43.29,41.31,-3.82,-10.30,-36.27,-41.40,-5.42,20.11,-24.39,-10.67,0.00,23.60,10.97,-19.18,4.57,18.97,29.20,303.36,0.00,-331.95,-98.85,144.74,-185.72,-166.26,20.01,163.25,-19.79,-23.05,-31.83,111.01,108.75,108.14,99.68,99.63,0.00,-9.35,470.71,-10.74,179.44,179.44,36.68,11.67,16.81,102.87,143.63,305.73,-38.05,30.66,19.98,11.11,-2.09,199.90,121.63,48.82,66.37,65.84,64.30,45.18,180.89,229.68,136.70,160.06,169.84,-281.78,29.21,-27.47,-9.90,182.89,-79.19,381.51,198.04,-45.51,-54.52,45.43,180.27,151.42,158.74,24.18,45.27,60.42,24.62,84.51,58.88,291.56,-660.86,14.10,11.06,23.21,35.27,143.21,144.40,40.21,41.07,-26.76,-6.99,86.79,17.24,-166.24,-305.96,-277.64
41.00,44.47,23.15,-85.85,-1.92,-67.60,50.36,51.34,89.01,89.40,68.89,68.89,-51.80,-24.93,-9.96,6.93,6.93,58.90,58.90,56.59,161.91,-160.83,171.32,126.81,-61.24,197.61,35.05,12.96,-50.27,-24.31,198.54,206.81,206.81,40.73,40.73,68.59,73.30,73.30,143.36,143.46,146.09,146.09,55.87,55.87,39.20,39.20,28.35,50.62,50.62,72.92,45.09,-132.63,-68.94,-92.40,-31.52,36.25,28.45,22.56,22.56,-6.19,22.38,-34.14,30.70,0.00,0.00,124.21,124.21,-98.33,-4.11,191.15,15.96,24.42,32.20,11.09,-17.06,-49.57,14.54,-23.45,-26.56,26.20,-9.95,0.90,-0.31,32.59,61.88,47.98,51.24,-13.61,20.21,37.24,37.07,10.56,-57.25,-57.26,-57.30,-4.01,-4.06,159.76,81.29,81.22,90.20,90.20,110.38,117.33,-14.93,291.52,39.29,39.29,-66.29,114.82,114.82,56.82,-27.63,12.55,61.88,43.89,43.89,55.17,50.35,-51.64,411.32,417.27,5.72,-102.47,0.00,300.11,-8.20,419.42,355.69,129.90,161.11,414.53,77.40,77.59,218.05,-18.04,60.79,1.35,216.75,-23.99,-1.46,110.39,42.48,-32.55,-38.85,123.31,88.00,44.69,58.37,40.27,244.90,4.30,0.20,230.06,230.06,111.46,111.46,49.94,49.86,126.14,7.91,-8.20,58.90,-3.92,14.35,2.02,1.49,-2.91,-3.46,-37.29,6.89,37.53,4.88,13.60,158.15,45.23,-4.44,-44.21,-55.34,29.99,-91.21,67.44,19.51,-17.40,149.05,224.26,-2.53,2.19,-19.63,-8.50,0.00,299.28,-101.24,638.55,572.62,260.29,-81.97,49.03,48.70,287.17,287.47,144.48,144.48,457.14,182.20,-35.87,10.87,101.24,5.83,-34.12,7.67,90.44,2.51,2.37,182.18,24.80,24.80,26.97,26.96,145.51,134.20,44.25,17.84,46.37,46.37,42.74,42.74,86.94,-10.82,62.98,18.39,77.15,46.17,28.19,29.45,41.07,41.07,43.55,40.34,11.95,-30.41,9.92,108.98,108.98,27.32,-44.66,10.47,6.47,-5.51,21.08,2.04,10.61,6.07,15.08,29.46,25.82,44.62,42.59,-1.45,-11.10,-37.39,-42.94,-5.85,19.71,-25.40,-11.29,0.00,24.10,10.97,-19.81,4.77,18.78,31.68,303.31,0.00,-326.57,-98.78,143.41,-181.93,-165.47,16.99,163.88,-22.02,-23.17,-29.00,103.58,107.46,107.71,99.61,99.56,0.00,-9.95,464.60,-10.56,179.16,179.16,37.83,11.30,15.97,102.56,140.75,297.91,-34.72,30.52,20.57,11.00,-2.40,205.59,115.18,48.20,64.65,68.39,62.69,45.18,180.37,227.38,136.33,159.74,166.95,-279.30,31.70,-28.37,-11.42,181.00,-69.77,384.28,197.89,-46.51,-55.99,44.57,177.07,149.24,157.89,24.73,46.71,58.22,23.04,86.45,56.41,289.12,-661.58,15.49,10.88,22.46,34.12,141.98,143.16,39.87,40.73,-26.96,-7.77,85.54,16.43,-165.46,-299.28,-275.19
42.00,43.41,20.92,-86.49,-2.89,-67.99,49.43,51.02,87.79,88.17,69.47,69.47,-51.83,-25.75,-10.47,4.05,4.05,60.68,60.68,58.29,165.78,-164.66,165.81,122.73,-62.28,197.61,33.40,11.98,-51.69,-25.21,197.25,205.46,205.46,40.90,40.90,67.09,75.56,75.56,146.09,146.19,138.83,138.83,56.10,56.10,38.45,38.45,28.19,50.95,50.95,71.76,46.14,-135.66,-66.92,-89.43,-28.54,38.29,28.21,22.82,22.82,-6.20,21.48,-37.90,35.80,0.00,0.00,125.98,125.98,-99.79,-3.87,190.33,18.04,26.18,32.21,10.97,-17.56,-48.80,14.15,-24.65,-27.75,26.07,-8.49,0.62,-0.63,31.92,61.96,46.99,50.06,-10.14,19.49,36.26,36.40,10.58,-58.28,-58.29,-58.33,-3.78,-3.83,160.05,85.29,85.21,89.60,89.60,108.53,115.36,-15.91,294.02,41.69,41.69,-67.41,114.54,114.54,54.22,-26.84,13.68,61.96,44.50,44.50,54.82,49.41,-51.67,411.88,414.68,4.63,-103.88,0.00,300.92,-7.51,416.96,355.38,130.92,164.95,412.13,76.05,76.23,217.54,-17.48,61.05,1.30,213.98,-23.84,-1.50,108.54,43.36,-33.22,-39.33,121.97,88.00,43.64,60.46,41.72,243.64,3.09,0.59,230.06,230.06,110.97,110.97,49.01,48.93,126.10,8.05,-7.51,60.68,-3.90,13.25,1.91,1.53,-2.81,-3.56,-36.52,6.45,38.34,4.86,13.54,157.12,46.63,-4.75,-43.40,-57.83,29.34,-92.82,68.12,19.71,-18.06,149.05,225.87,-2.50,2.10,-19.52,-8.46,0.00,293.16,-101.03,640.55,569.16,259.32,-81.90,46.50,46.20,287.20,287.50,143.47,143.47,454.06,200.36,-35.37,11.06,101.03,5.37,-32.40,7.72,93.05,-4.37,-4.53,200.34,24.88,24.88,27.68,27.67,149.96,134.20,43.82,17.49,45.23,45.23,41.36,41.36,87.60,-10.03,63.35,18.89,77.65,46.38,27.50,28.90,41.25,41.25,42.83,39.82,12.14,-28.71,9.81,108.26,108.26,26.60,-45.69,12.44,6.66,-2.13,20.52,-0.53,11.77,7.15,16.66,28.78,25.49,46.92,44.78,-0.57,-10.08,-38.19,-44.19,-6.31,20.63,-26.39,-12.01,0.00,23.67,10.93,-20.35,4.26,19.20,29.65,303.43,0.00,-320.44,-98.78,166.18,-183.34,-166.14,17.74,168.17,-23.67,-22.67,-28.20,96.14,106.10,105.82,99.61,99.56,0.00,-10.46,462.76,-10.58,178.68,178.68,38.65,11.30,14.57,102.52,145.35,288.35,-36.31,35.56,20.90,10.98,-2.76,209.41,108.10,46.80,62.95,68.03,61.09,44.97,179.17,223.57,134.63,157.92,167.99,-279.85,29.67,-26.59,-8.29,178.94,-61.14,383.28,197.49,-48.35,-49.33,43.53,172.95,147.22,156.87,25.16,46.20,56.48,22.10,87.32,53.96,287.10,-664.26,22.47,11.06,22.37,32.40,140.82,141.99,39.84,40.69,-27.67,-8.78,82.76,15.16,-166.12,-293.16,-275.74
43.00,42.06,17.15,-84.06,-0.46,-65.34,46.76,54.70,87.56,87.94,71.67,71.67,-51.63,-24.83,-10.37,4.00,4.00,61.24,61.24,58.83,158.01,-156.98,157.77,116.78,-61.80,194.98,36.83,15.84,-46.39,-20.58,187.71,195.50,195.50,42.97,42.97,68.26,75.49,75.49,146.61,146.71,132.96,132.96,56.83,56.83,40.67,40.67,35.08,51.60,51.60,68.45,47.06,-134.91,-63.88,-85.10,-25.38,38.05,27.78,22.92,22.92,-6.20,20.05,-33.19,31.51,0.00,0.00,126.66,126.66,-100.62,-4.34,188.60,13.56,21.37,30.29,9.32,-18.21,-47.79,14.80,-27.36,-30.29,25.79,-6.27,0.45,-0.65,31.91,60.10,46.57,49.62,-5.54,18.62,34.47,35.03,10.12,-59.76,-59.77,-59.81,-4.24,-4.30,159.58,77.20,77.13,88.59,88.59,105.62,112.27,-16.23,289.89,40.84,40.84,-66.89,115.14,115.14,52.07,-31.11,11.45,60.10,45.98,45.98,58.77,46.75,-51.48,417.53,415.77,1.14,-104.44,0.00,297.44,-7.17,411.21,348.15,131.83,157.25,406.52,74.55,74.73,216.55,-17.73,58.50,1.32,208.07,-23.78,-1.53,105.63,28.32,-33.63,-38.94,114.81,88.00,42.00,62.34,43.01,232.64,6.86,1.15,230.06,230.06,111.64,111.64,46.38,46.30,122.33,8.12,-7.17,61.24,-3.94,12.48,1.68,1.58,-2.81,-3.43,-36.53,6.90,37.43,5.14,12.67,153.11,44.93,-4.58,-42.70,-59.36,27.06,-94.24,67.10,19.41,-17.54,149.05,227.30,-2.48,2.03,-18.60,-8.53,0.00,285.35,-100.52,637.86,561.28,254.79,-88.22,42.43,42.18,287.22,287.52,142.00,142.00,450.66,194.08,-34.09,9.86,100.52,5.04,-29.51,8.23,93.54,-2.65,-2.80,194.06,24.80,24.80,28.63,28.61,149.84,134.20,43.07,17.49,43.27,43.27,39.78,39.78,85.11,-12.72,64.26,19.59,78.34,47.38,26.50,27.08,41.08,41.08,41.94,39.05,13.03,-26.39,6.28,109.02,109.02,25.28,-46.60,15.26,7.00,2.70,19.23,2.98,10.60,5.75,17.87,27.84,25.38,46.07,43.97,-0.09,-9.64,-37.29,-43.35,-6.36,19.95,-25.67,-11.58,0.00,24.05,10.86,-19.89,4.51,18.80,31.02,303.66,0.00,-308.54,-97.46,162.82,-185.97,-165.61,20.92,168.72,-18.96,-21.96,-30.98,88.84,104.60,103.90,98.28,98.22,0.00,-10.37,455.45,-10.12,177.11,177.11,37.73,9.83,12.56,101.16,139.27,274.38,-34.73,31.33,19.26,9.57,-2.94,206.27,110.72,44.95,59.84,67.62,58.15,45.84,177.16,217.59,132.94,156.16,159.47,-272.53,31.04,-24.86,-3.88,181.05,-53.50,375.04,196.77,-49.96,-40.31,41.89,166.29,141.99,152.88,23.68,46.68,54.61,20.86,86.01,49.97,284.14,-664.77,24.39,9.86,21.13,29.51,139.94,141.10,39.39,40.24,-28.61,-9.94,79.61,13.28,-165.59,-285.35,-268.52
44.00,40.21,17.38,-81.05,-0.51,-67.32,43.02,53.88,84.43,84.80,68.07,68.07,-51.57,-24.97,-10.63,0.64,0.64,63.23,63.23,60.74,151.17,-150.23,149.09,110.35,-63.32,194.98,70.76,51.23,-11.28,14.04,176.74,184.06,184.06,45.18,45.18,70.16,76.19,76.19,148.16,148.27,123.85,123.85,55.78,55.78,53.58,53.58,63.83,50.42,50.42,63.72,46.93,-139.35,-60.03,-78.51,-21.18,45.04,27.34,23.23,23.23,-6.20,18.41,-33.84,34.20,0.00,0.00,125.38,125.38,-104.81,-6.47,184.34,15.47,22.74,30.20,9.09,-19.32,-46.62,15.14,-29.43,-32.19,25.22,-4.02,0.15,-0.77,31.78,59.08,46.01,48.99,-0.60,17.57,32.43,32.87,9.68,-60.43,-60.44,-60.48,-6.31,-6.40,157.21,73.29,73.20,88.09,88.09,100.94,107.29,-19.19,285.82,43.42,43.42,-68.54,112.27,112.27,51.53,-18.16,11.46,59.08,43.47,43.47,57.89,43.00,-51.42,401.01,400.52,1.88,-108.41,0.00,291.19,-6.95,401.88,340.97,131.72,150.47,397.39,72.77,72.94,208.55,-17.56,57.95,1.26,203.38,-24.11,-1.82,100.94,9.61,-33.54,-38.26,104.19,88.00,40.58,64.29,44.36,221.50,40.40,1.56,230.06,230.06,108.88,108.88,42.67,42.60,119.14,7.79,-6.95,63.23,-4.16,10.04,1.38,1.96,-2.44,-3.38,-36.17,7.48,37.31,5.29,12.32,146.86,44.02,-3.94,-41.23,-61.24,25.31,-96.32,66.68,19.29,-16.39,149.06,229.38,-2.55,1.74,-17.45,-9.03,0.00,278.01,-98.74,628.06,548.16,249.56,-86.35,37.86,37.66,287.23,287.53,138.20,138.20,437.03,199.58,-33.25,9.72,98.74,5.05,-26.32,11.67,85.94,-2.71,-2.88,199.56,24.65,24.65,29.22,29.20,151.22,134.20,41.92,17.37,40.88,40.88,37.77,37.77,82.02,-12.62,65.05,20.49,79.24,47.99,25.33,25.29,40.92,40.92,39.57,36.98,12.71,-23.87,7.27,106.34,106.34,23.79,-46.46,17.81,7.30,7.28,18.20,0.11,9.60,4.82,18.75,26.99,24.14,46.06,43.96,0.48,-9.58,-37.17,-43.56,-6.69,19.61,-25.59,-11.50,0.00,24.32,10.77,-19.86,4.56,18.56,31.02,301.78,0.00,-294.89,-97.46,176.10,-187.18,-164.48,23.27,166.19,16.09,-20.92,-29.38,81.96,102.71,101.86,98.28,98.22,0.00,-10.62,445.52,-9.68,172.85,172.85,37.61,9.83,10.51,100.29,132.35,259.28,-35.00,33.98,20.81,10.02,-3.32,204.88,101.76,42.75,56.30,67.07,54.80,47.26,176.14,207.95,132.47,156.09,160.06,-262.23,31.03,-24.05,-4.71,174.00,-46.56,366.67,188.70,-51.87,-41.67,40.48,158.87,135.76,146.64,23.41,47.26,56.18,18.16,85.48,45.49,276.55,-657.21,35.18,9.73,20.65,26.32,137.04,138.18,39.22,40.06,-29.20,-11.66,75.58,11.32,-164.46,-278.01,-258.38
45.00,38.23,13.61,-72.83,1.27,-60.31,40.66,51.62,79.58,79.93,66.45,66.45,-49.79,-28.23,-14.11,2.27,2.27,63.74,63.74,61.23,153.54,-152.58,136.72,101.19,-64.65,192.19,61.58,43.48,-15.96,9.02,177.25,184.58,184.58,43.24,43.24,67.54,77.07,77.07,147.18,147.30,112.43,112.43,51.97,51.97,66.79,66.79,47.46,46.82,46.82,67.22,56.41,-145.46,-54.78,-70.37,-15.26,47.64,25.71,22.03,22.03,-6.21,15.76,-30.89,33.66,0.00,0.00,123.57,123.57,-110.29,-9.04,180.04,8.49,15.22,28.11,7.51,-15.53,-39.55,16.62,-32.31,-34.87,24.94,-1.76,-0.15,-1.11,31.02,57.81,46.23,50.94,3.78,16.55,29.63,32.33,10.47,-55.22,-55.22,-55.26,-8.81,-8.93,155.39,64.86,64.77,85.50,85.50,96.36,102.42,-18.08,290.41,35.74,35.74,-69.97,108.21,108.21,40.38,-14.78,9.42,57.81,44.27,44.27,55.47,40.65,-49.63,382.28,378.88,-1.23,-113.04,0.00,298.01,-5.26,400.89,338.20,94.60,152.82,396.43,71.87,72.04,195.65,-15.37,55.48,1.26,191.62,-23.44,-1.76,96.36,10.63,-32.84,-36.74,105.28,88.00,40.94,63.35,43.71,221.63,32.45,6.13,230.06,230.06,104.91,104.91,40.34,40.28,116.98,8.46,-5.26,63.74,-4.07,10.22,0.83,2.08,-2.45,-3.42,-35.14,6.00,37.62,5.77,12.91,140.79,42.48,-3.86,-39.10,-60.01,24.19,-99.00,66.60,19.27,-16.34,149.06,232.05,-2.42,1.60,-18.02,-8.64,46.90,264.73,-94.21,628.51,546.89,247.90,-86.38,32.84,32.69,287.23,287.53,138.69,138.69,420.81,207.80,-29.67,9.62,94.21,4.90,-22.46,10.56,74.76,-13.32,-13.50,207.78,24.38,24.38,30.12,30.10,152.95,134.20,39.17,14.59,38.72,38.72,35.96,35.96,73.61,-14.10,66.47,21.86,80.61,49.32,24.30,23.02,39.20,39.20,37.51,35.27,13.16,-20.70,4.79,102.40,102.40,21.74,-55.74,20.51,7.75,11.80,16.76,5.52,7.94,3.18,18.65,26.31,23.62,46.82,44.69,0.70,-9.30,-37.49,-44.20,-7.02,19.52,-26.11,-11.77,0.00,24.06,10.72,-20.23,4.53,18.47,30.87,303.93,0.00,-278.34,-96.07,191.22,-175.90,-164.42,11.98,172.27,9.74,-19.83,-31.28,75.73,100.37,99.47,96.86,96.81,47.10,-14.09,438.26,-10.47,171.09,171.09,37.93,8.02,8.69,96.22,122.85,237.78,-35.67,33.45,19.27,10.20,-3.61,205.83,104.69,40.71,51.43,65.68,50.18,71.51,170.98,198.52,127.16,150.23,169.33,-263.90,30.89,-14.36,-1.33,166.06,-37.21,362.86,176.44,-52.59,-31.61,40.84,151.27,126.83,140.58,22.10,45.89,50.54,15.32,85.38,40.56,277.52,-646.07,44.69,9.62,20.25,22.46,137.64,138.79,38.61,39.44,-30.10,-7.99,71.95,9.52,-164.40,-264.73,-260.02
46.00,37.00,13.28,-68.52,0.99,-60.15,37.74,48.44,76.04,76.38,65.35,65.35,-47.78,-30.88,-16.73,7.21,7.21,63.01,63.01,60.53,149.16,-148.24,128.65,95.22,-65.77,192.19,56.11,37.98,-21.16,4.01,171.88,178.98,178.98,44.54,44.54,68.34,76.80,76.80,149.92,150.03,102.85,102.85,52.61,52.61,64.44,64.44,46.00,47.40,47.40,54.76,48.83,-150.16,-51.00,-64.66,-13.42,50.97,26.94,22.49,22.49,-6.21,13.91,-28.95,34.18,0.00,0.00,123.86,123.86,-114.39,-11.46,176.74,16.62,22.58,29.90,9.51,-14.00,-36.37,17.66,-33.33,-35.84,24.68,-0.12,-0.44,-1.40,30.69,59.33,45.97,51.34,7.48,15.83,27.63,31.42,10.15,-55.89,-55.89,-55.93,-11.18,-11.34,153.07,71.59,71.52,82.10,82.10,92.49,98.30,-20.64,204.63,25.34,25.34,-71.19,105.85,105.85,39.56,-13.03,9.69,59.33,42.43,42.43,52.05,37.72,-47.63,352.37,356.92,-1.04,-116.86,0.00,279.56,-1.76,390.78,336.33,126.70,148.48,386.54,71.12,71.29,184.00,-17.29,55.04,1.27,181.74,-22.60,-1.50,92.49,151.01,-32.77,-36.34,101.89,88.00,39.85,64.33,44.39,215.05,26.72,9.42,230.06,230.06,102.61,102.61,37.44,37.38,116.99,9.30,-1.76,63.01,-3.80,10.08,0.74,3.37,-2.61,-3.50,-34.75,6.84,38.28,5.75,13.45,132.16,41.18,-3.89,-41.40,-60.57,22.06,-98.96,67.29,19.47,-21.88,149.06,231.99,-2.25,1.66,-17.93,-8.04,45.45,248.89,-88.69,633.42,532.02,245.28,-83.51,29.63,29.51,287.24,287.54,132.81,132.81,388.74,198.85,-30.87,7.28,88.69,4.28,-20.39,18.44,88.38,-14.34,-14.49,198.82,24.57,24.57,30.75,30.73,152.42,134.20,39.68,16.08,38.32,38.32,35.55,35.55,69.22,-13.79,67.00,22.65,81.40,49.55,23.56,21.75,37.26,37.26,35.80,33.70,13.29,-18.38,5.19,100.12,100.12,20.27,-48.33,22.55,7.98,15.36,15.90,-3.55,6.86,2.02,18.76,25.20,23.20,48.52,46.30,1.41,-8.66,-38.14,-45.25,-7.43,19.46,-26.90,-12.39,0.00,24.05,10.79,-20.62,4.66,18.50,29.88,-16.36,0.00,-267.66,-96.07,162.96,-189.73,-169.96,20.35,112.51,3.83,-19.09,-30.20,71.43,96.72,96.06,96.86,96.81,45.64,-16.71,362.30,-10.15,171.69,171.69,38.60,8.02,7.17,91.21,114.30,223.76,-36.31,33.97,17.63,10.06,-3.94,209.50,84.48,39.26,47.95,63.98,46.86,59.74,164.16,190.56,120.66,142.79,107.14,-173.34,29.90,-13.24,-8.56,155.66,-25.57,360.25,164.60,-55.38,-33.83,39.75,149.76,117.65,131.98,21.45,41.47,49.31,13.43,86.25,37.40,265.75,-659.66,5.22,7.28,20.13,20.39,132.77,133.88,38.95,39.79,-30.73,-13.98,71.13,8.10,-169.94,-248.89,-170.80
47.00,35.65,10.07,-60.73,2.18,-62.04,33.37,48.52,73.02,73.36,63.66,63.66,-43.87,-35.97,-21.09,9.55,9.55,64.55,64.55,62.01,134.87,-134.13,115.26,85.31,-55.66,166.53,60.28,45.09,-13.70,11.95,155.46,161.85,161.85,46.54,46.54,71.26,75.14,75.14,148.19,148.29,85.80,85.80,51.89,51.89,70.74,70.74,53.63,46.49,46.49,53.93,52.60,-150.16,-47.50,-38.51,-2.24,55.47,25.92,21.96,21.96,19.96,38.72,-31.52,32.92,0.00,0.00,125.42,125.42,-116.13,-14.48,160.14,13.19,18.62,29.12,8.14,-14.99,-34.79,17.12,-34.96,-37.29,24.48,1.51,-0.63,-1.50,30.98,59.38,44.59,49.73,10.65,15.50,25.57,29.82,9.59,-56.57,-56.58,-56.62,-14.12,-14.32,142.07,53.67,53.59,76.74,76.74,88.12,93.66,-23.57,193.57,15.81,15.81,-60.24,103.67,103.67,39.54,-12.59,8.89,59.38,40.54,40.54,52.14,33.36,-43.73,326.85,338.20,-3.95,-118.40,25.98,284.60,1.44,390.17,335.90,108.66,134.32,385.94,70.37,70.54,173.82,-16.00,53.98,1.27,172.37,-22.15,-1.23,88.12,123.62,-33.98,-37.74,86.16,88.00,38.41,67.48,46.56,198.24,33.57,14.31,230.06,230.06,100.33,100.33,33.10,33.05,116.44,9.76,1.44,64.55,-3.58,10.04,0.91,4.50,-2.93,-3.55,-34.77,7.41,39.01,5.68,11.98,125.21,49.12,-5.49,-38.90,-64.47,21.18,-100.68,68.07,19.69,-20.51,149.06,233.70,-2.15,1.89,-17.12,-8.01,53.00,235.00,-81.96,637.51,531.02,245.08,-82.38,24.34,24.26,287.24,287.54,132.22,132.22,360.55,181.76,-26.76,6.19,81.96,4.19,-18.00,20.67,83.57,-11.22,-11.36,181.74,24.27,24.27,31.44,31.42,149.14,134.20,36.76,15.13,36.23,36.23,33.55,33.55,61.28,-15.46,67.89,23.54,82.29,50.36,23.24,19.91,33.54,33.54,40.39,38.08,17.04,-12.41,2.60,97.71,97.71,18.76,-52.02,24.59,8.25,18.84,14.92,-1.42,13.43,8.69,19.96,29.18,27.14,48.74,46.52,0.89,-9.47,-38.86,-46.28,-7.75,20.97,-27.46,-12.74,0.00,24.61,10.91,-20.98,3.91,19.26,37.15,-16.31,0.00,-245.67,-83.25,151.41,-179.43,-168.58,11.36,104.69,10.78,-17.56,-32.48,67.36,93.46,92.69,83.84,83.80,53.25,-21.06,340.49,-9.59,170.21,170.21,39.34,4.24,5.73,86.06,104.84,200.48,-34.57,32.72,19.52,8.41,-4.22,211.64,84.12,38.61,44.37,81.43,43.44,69.04,153.46,181.56,111.78,132.89,96.38,-159.60,37.17,-12.52,-14.81,146.72,-15.10,359.50,154.22,-56.85,-37.23,38.32,139.28,106.14,125.05,21.66,41.55,46.92,-9.18,87.25,32.16,264.57,-654.88,12.09,6.19,19.40,18.00,132.75,133.85,39.04,39.88,-31.42,-13.80,67.13,6.74,-168.56,-235.00,-157.26
48.00,34.03,12.54,-60.51,0.28,-62.08,32.19,46.87,70.44,70.76,62.77,62.77,-42.04,-38.19,-23.70,11.76,11.76,64.71,64.71,62.16,118.54,-117.96,106.44,78.78,-55.76,166.53,56.46,40.67,-17.61,8.09,138.81,144.48,144.48,50.72,50.72,75.68,74.63,74.63,147.04,147.13,76.71,76.71,51.77,51.77,71.72,71.72,55.12,46.06,46.06,55.31,56.62,-154.45,-44.95,-35.48,-1.49,56.98,25.01,21.59,21.59,19.25,36.18,-29.31,32.81,0.00,0.00,126.35,126.35,-120.00,-17.23,157.16,9.49,14.59,28.05,6.90,-15.38,-33.07,16.25,-36.24,-38.53,24.18,2.63,-0.54,-1.41,30.92,59.15,43.19,48.19,13.47,15.91,24.25,28.85,9.40,-57.21,-57.22,-57.26,-16.81,-17.04,139.67,53.67,53.60,74.29,74.29,84.43,89.74,-24.70,176.68,8.04,8.04,-60.35,101.93,101.93,38.61,-11.55,10.72,59.15,39.01,39.01,50.37,32.17,-41.91,310.93,325.78,-0.84,-122.41,25.29,283.93,2.21,388.79,333.65,93.35,118.11,384.59,69.83,70.00,170.44,-15.65,53.88,1.27,161.52,-21.60,-1.30,84.43,97.82,-35.00,-38.89,70.55,88.00,37.61,69.70,48.10,180.98,28.69,17.93,230.06,230.06,98.82,98.82,31.93,31.88,114.97,10.32,2.21,64.71,-3.55,9.25,0.32,4.67,-2.72,-3.58,-34.41,8.38,39.31,6.03,10.14,118.44,47.54,-5.35,-37.14,-67.42,21.25,-100.09,68.13,19.71,-20.57,149.06,233.10,-2.04,1.61,-15.91,-7.74,54.47,223.56,-76.28,639.47,528.72,244.62,-80.73,23.17,23.10,287.25,287.55,131.52,131.52,343.30,172.66,-25.31,6.05,76.28,3.92,-16.85,23.73,82.66,-2.81,-2.95,172.64,24.05,24.05,31.74,31.72,148.13,134.20,35.12,14.48,34.71,34.71,32.26,32.26,61.06,-13.46,68.67,24.53,83.28,50.86,23.57,18.51,32.02,32.02,39.61,37.54,16.14,-11.58,6.30,96.40,96.40,17.79,-55.94,25.94,8.32,21.35,14.04,1.34,12.30,7.64,18.55,29.04,27.08,49.18,46.94,1.07,-9.50,-39.15,-46.52,-7.70,21.10,-27.63,-12.68,0.00,24.68,10.92,-21.21,3.85,19.32,36.61,-16.28,0.00,-230.18,-83.25,142.77,-176.88,-168.64,8.73,94.50,6.25,-16.46,-28.55,64.00,91.38,89.48,83.84,83.80,54.75,-23.66,318.76,-9.40,169.46,169.46,39.64,4.24,4.57,81.15,98.83,185.14,-35.02,32.61,18.35,8.25,-4.13,211.22,86.57,39.35,42.09,80.05,41.24,64.39,148.57,173.97,107.04,127.79,85.02,-146.65,36.63,-11.97,-17.97,138.25,-10.20,357.57,150.98,-57.93,-36.92,37.52,131.86,98.06,118.30,20.26,41.93,42.87,-9.65,87.32,31.03,263.17,-653.99,9.95,6.05,19.57,16.85,132.82,133.92,37.87,38.68,-31.72,-12.49,64.56,5.69,-168.63,-223.56,-144.50
