"ETAPA \ BARRA","AGUAYTIA 220","BALNEARIO 220","BALNEARIOS 60 A","CALLAHUANCA 220","CALLAHUANCA 60","CARHUAMAYO 220","CARHUAMAYO NUEVA 138","CARHUAQUERO 220","CHAVARRIA 220 A","CHICLAYO OESTE 220","CHIMBOTE 220","GUADALUPE 220","HUACHIPA 60","HUACHO 220","HUANCAVELICA 220","HUAYUCACHI 220","ICA 220","INDEPENDENCIA 220","MARCONA220","MOYOPAMPA 60","OROYA NUEVA 220","OROYA NUEVA 138","OROYA NUEVA 50","PACHACHACA 220","PARAGSHA2 220","PARAGSHA 138","PARAGSHA 50","PARAMONGA NUEVA 220","PIURA OESTE 220","SAN JUAN 220","SANTA ROSA 220 A","SANTA ROSA EDS 60","TALARA 220","TINGO MARIA 138","TINGO MARIA 220","TRUJILLO 220","VENTANILLA 220","VIZCARRA 220","ZAPALLAL 220","AGUAYTIA 138","PUCALLPA 138","HUALLANCA 138","CHIMBOTE 138","PUCALLPA 60","ZORRITOS 220","ABANCAY NUEVA 138","ARICOTA138","ARICOTA II 66","CAMPO ARMINO 220","AYAVIRI138","AZANGARO 138","CACHIMAYO 138","CALLALLI 138","CERRO VERDE 138","COMBAPATA 138","DOLORESPATA 138","DESIERTO220","JULIACA 138","MACHUPICCHU 138","MOLLENDO 138","MOQUEGUA 220","MOQUEGUA 138","PUNO 220","PUNO 138","SANTUARIO 138","SOCABAYA 220","SOCABAYA 138","ILO 138","LOS HEROES 220 A","LOS HEROES 66","TINTAYA 138","TOMASIRI 66","REPARTICION 138","ILO2 220","COTARUSE 220","CHILCA REP 220","CANTERA 220","PIURA OESTE 60","LA NINA 220","CONOCOCHA 220","HUINCO 220","INDEPENDENCIA 60","CHILLON 220","CHILLON 60","CHAVARRIA 60 A","CHAVARRIA 60 B","BARSI 60","BARSI 220","OQUENDO 60","CAJAMARCA 220","PLANICIE 220 A","CARABAYLLO 220","CARABAYLLO 500","CHILCA CTM 500","CHILCA CTM 220 A","KIMAN AYLLU 138","KIMAN AYLLU 220","PARAMONGA EXISTENTE 138","MACHALA 200","CHIMBOTE 500","TRUJILLO 500","HUARANGAL 60","POMACOCHA 220","PIEDRA BLANCA 138","POROMA 220","POROMA500","OCONA 500","MONTALVO 500","MONTALVO 220","HUANZA 220","INDUSTRIALES 220 A","TINTAYA 220","LA NINA 500","INDUSTRIALES 60","CARHUAMAYO 50","CARIPA138","HUAMPANI 60","HUANUCO 138","REFINERIA ZINC 220","QUENCORO 138","ILO 3 220","MIRADOR 220","MIRADOR 60","ALTO PRADERA 220","ABANCAY NUEVA 220","LOMERA 220","REQUE 220","SAN JOSE 500","SANTA TERESA 220","SURIRAY 220","ASIA 220","CERRO DEL AGUILA 220","CHAGLLA 220","RAMADA 220","SANTA ROSA LDS 60","LOMERA 60","ZAPALLAL 60","MALVINAS 220","MALVINAS 60","ABANCAY 138","YAUPI 138","SANTA ISABEL 220","YANANGO 220","CHIMAY 220","ILO3 138","MATUCANA 220","COLCABAMBA 500","COLCABAMBA 220","YARABAMBA 500","YARABAMBA 220","BELAUNDE 220","BELAUNDE 138","CACLIC 220","INDUSTRIALES 220B","PLANICIE60","COBRIZAI 69","MOLLEPATA 60","MOLLEPATA220","CARAPONGO 500","CARAPONGO 220 A","SAN JOSE 220","MARCONA 60 A","SAN NICOLAS 60","CALLAHUANCA EDN 220","PUMIRI138","PUMIRI220","SAN MIGUEL 220","SAN MIGUEL 60","FELAM 220","MANCHAY 60","MANCHAY 220","SAN RAFAEL 138","SAN GABAN 138","MARCONA 60 B","ANGEL 138","PTO MALDONADO 138","MEDIO MUNDO 220","AUCAYACU 138","BELLAVISTA 138","TARAPOTO 138","PARINAS 220","PAMPA HONDA 220","ORCOTUNA 220","SAN ROMAN 138","SAN ROMAN 220","CHILOTA 220","MAZUCO 138","JESUS 138","CARHUAMAYO 138","CINCO MANANTIALES 138","OXIDOS CERRO 138","TOCACHE 138","JUANJUI 138","FRANCOISE 220","BOTIFLACA 138","MILL SITE 138","PLAZA TOQUEPALA 138","QUEBRADA HONDA 138","PANAMERICANA SOLAR 138","TOQUEPALA 138","ILO ELS 138","REFINERIA 138","LIXIVIACION 138","PUSHBACK 138","INTIPAMPA 138","PLANICIE 220 B","CHILCA CTM 220 B","CARAPONGO 220 B","CHILCA 1 220","DERIVACION 220","CHAVARRIA 220 B","DERIVACION 220  BARRA II","CAMPAS 220","CAMPAS 500","PLANICIE 500","NUEVA CHINCHA 220","CAHUACHI 220","VALLE DEL CHIRA 220","SANTA ROSA 220 B","ERSUR 220","FLAMENCO220","BARRA3HERMANAS","BARRAPTALOMITAS","PUERTO CHANCAY 220","CHAPARRAL 138","CHIRIBAMBA 220","BARRAPTALOMITAS2"
1.0000,175.3280,181.6426,181.8606,179.2690,174.3268,169.8590,169.3194,183.1727,183.6826,189.4985,185.5604,189.0074,184.7151,177.8477,177.9669,175.7714,186.0711,185.8119,186.7574,180.2610,175.7909,172.3047,174.1404,177.4303,169.2498,171.1129,171.4035,178.3273,193.3425,181.4910,183.2115,183.7592,193.7513,174.8935,175.1551,187.5032,183.4841,174.8255,183.2580,175.6403,181.8000,173.1954,185.9521,182.3542,196.3923,179.9325,195.5944,194.6924,174.5521,193.4639,188.5288,185.8509,200.2348,195.1391,194.6317,186.9577,184.9351,192.0194,177.5390,201.3251,194.1754,194.3876,192.0264,192.2463,194.1475,193.6873,194.0822,198.2613,195.4853,196.3182,202.8922,196.3085,197.5550,194.2069,182.7408,179.3342,183.4471,193.5899,189.8998,175.1197,181.0333,186.7518,183.5317,183.7038,183.9606,184.2914,184.2650,184.0732,184.0361,183.5095,184.3533,183.1940,182.8570,182.3042,181.1916,174.4234,176.3572,178.2920,0.0000,185.7217,187.2212,183.7016,177.9625,174.3475,186.5418,186.2368,191.0784,193.4978,193.9496,179.0424,184.9376,202.1244,189.3685,186.1998,169.5294,168.5713,186.3813,174.4254,182.9428,187.1594,195.5643,183.7238,184.0070,180.9747,178.9594,178.2840,189.4220,193.1511,177.7355,177.7818,181.0969,175.3211,159.3285,179.6822,183.1342,179.2971,183.7620,184.1283,184.3629,180.5826,166.0321,167.5161,178.9770,177.3497,195.4856,177.6146,178.9871,176.9696,193.0048,193.5560,188.8308,189.8462,186.3019,182.7941,187.5261,173.7555,180.3749,178.9298,182.3230,182.4567,193.6068,0.0000,189.1699,179.3120,188.7135,189.8445,182.5760,182.3649,190.1034,186.0325,184.3966,178.7386,165.6660,187.1987,165.9423,176.5225,178.1958,178.2429,194.1069,195.7299,193.8098,180.7941,176.2550,191.9058,191.5100,193.2783,169.0550,194.3619,169.5592,172.1159,171.1587,185.7281,192.7870,169.6700,196.3343,196.8411,196.8346,196.3627,195.4856,196.8157,197.5470,198.5821,196.8683,196.8783,195.0678,184.3533,181.1940,182.4579,0.0000,184.4939,183.6604,184.4938,179.6442,179.9261,182.9649,185.6706,186.4252,194.1962,183.2095,185.9246,186.5231,186.0660,183.1515,181.2665,198.7069,181.0618,183.1519
2.0000,175.3280,181.4869,181.6974,179.0473,174.1730,169.8574,169.2512,182.6816,183.3905,188.8476,185.2239,188.3579,184.4079,177.8477,177.7176,175.4852,185.8186,185.5730,186.5515,179.8813,175.5236,172.1533,173.9398,177.2077,169.2422,171.1326,171.4321,178.2753,192.5169,181.3436,182.9487,183.4697,192.8286,174.8463,175.1237,187.0607,183.1861,174.8083,182.9698,175.6291,181.5657,173.0621,185.6476,182.0997,195.3850,179.5839,195.3051,194.4087,174.3165,193.0720,188.1171,185.3843,200.0677,194.8838,194.2240,186.4561,184.7624,191.6271,177.2203,200.9280,193.9224,194.1379,191.6647,191.8820,194.1475,193.4431,193.8426,197.9996,195.2134,196.0333,202.6236,196.0173,197.2330,193.9537,182.4688,179.3342,183.2991,192.7506,189.3135,175.1007,181.0333,186.4895,183.2318,183.4035,183.6567,183.9729,183.9579,183.7689,183.7246,183.1854,184.0723,182.9096,182.6085,182.1079,181.0645,174.3527,176.3572,178.2360,0.0000,185.3622,186.7887,183.3889,177.7690,174.2734,186.3533,186.0381,190.8502,193.2523,193.6986,178.7598,184.6393,201.8515,188.8134,185.8703,169.4009,168.4513,185.9467,174.2974,182.7032,186.6587,195.2978,183.4149,183.6812,180.8810,178.6260,178.2278,188.7713,192.9095,177.4185,177.4646,181.0264,175.0993,159.3215,179.5378,182.8741,179.1162,183.4581,183.8066,184.0297,180.2314,166.0223,167.5161,178.7518,177.1265,195.2163,177.3950,178.7706,176.7457,192.7627,193.3127,188.4386,189.4389,185.9422,182.5593,187.1368,173.5380,180.0440,178.6427,182.0928,182.2306,193.3648,0.0000,189.1549,179.0903,188.3040,189.4475,182.3451,182.1497,189.5063,185.6935,184.1136,178.2360,165.1388,187.0110,165.4174,175.3998,178.1655,178.1054,193.5328,195.0722,192.8835,180.5994,175.9693,191.5255,191.1335,192.9733,168.3458,194.1845,169.4851,172.0880,171.1766,185.3801,192.2424,169.6333,196.1090,196.5479,196.5421,196.0813,195.2163,196.5229,197.2757,198.3200,196.5756,196.5904,194.8062,184.0723,181.0669,182.2318,0.0000,184.2577,183.3702,184.2576,179.4188,179.7041,182.7273,185.4638,186.2085,193.2945,182.9469,185.7576,186.3377,185.7705,182.9171,181.0847,198.3621,180.8164,182.9175
3.0000,175.3280,181.4118,181.6087,179.0311,174.1731,169.9035,169.3162,182.5679,183.3076,188.7058,185.2914,188.2531,184.3038,179.3093,177.8860,175.5320,186.3843,185.9537,187.0160,179.7556,175.5783,172.1664,173.9736,177.2377,169.3329,171.2777,171.5738,179.2799,192.2714,181.2775,182.8724,183.3842,192.5156,174.8606,175.1674,187.0353,183.1167,175.0318,182.9737,175.6194,181.3626,173.0547,185.7323,181.8791,194.9942,179.5777,195.4864,194.5950,174.4103,193.1365,188.1519,185.2277,200.1201,195.0079,194.1177,186.2521,185.0034,191.6744,177.2359,200.9028,194.0833,194.3015,191.7270,191.9384,194.1475,193.5888,193.9774,198.1747,195.3544,196.1571,202.7260,196.1391,197.3096,194.1147,182.5386,179.3342,183.4841,192.4984,189.2038,175.4178,181.0333,186.8915,183.1608,183.3073,183.5508,183.8478,183.8504,183.6696,183.6112,183.1067,184.0542,182.9086,182.6095,182.1249,181.0757,174.3240,176.3572,179.2515,0.0000,185.3944,186.7731,183.3354,177.7890,174.2793,186.6633,186.2543,191.0335,193.4129,193.8600,178.7732,184.6148,201.9577,188.7220,185.8444,169.4906,168.4300,185.8266,174.2867,182.6576,186.4389,195.4695,183.3901,183.6525,180.8340,178.6316,179.7154,188.6354,193.0764,177.4360,177.4821,181.1013,175.1923,159.4069,179.5033,182.7962,180.6446,183.3950,183.7624,183.9748,180.2322,166.0172,167.5161,178.8039,177.1781,195.3889,177.3780,178.8651,176.8397,192.9188,193.4606,188.1599,189.1380,185.7586,182.4855,187.0148,173.6144,180.2131,178.8064,182.0964,182.1945,193.5348,0.0000,190.4670,179.0731,188.3401,189.4890,182.3060,182.1144,189.3933,185.6274,184.0936,178.2397,165.0867,187.5609,165.3682,175.0796,179.3762,178.0712,193.1826,194.6203,192.5750,180.5525,176.0112,191.5790,191.1869,193.0790,168.1915,194.2648,169.5528,172.1958,171.3213,185.2576,191.9289,169.7287,196.3151,196.7368,196.7325,196.2630,195.3889,196.7115,197.4523,198.4953,196.7655,196.7840,194.9767,184.0542,181.0781,182.1956,0.0000,185.1413,183.2871,185.1412,179.4724,179.7553,182.7279,185.7648,186.8045,193.0026,182.8706,186.2623,186.6502,186.2580,184.0393,181.6271,198.4077,181.0678,184.0396
4.0000,175.3280,181.2576,181.4540,178.7505,174.1730,169.8842,169.2320,182.1705,182.9394,188.1531,184.7661,187.7241,183.9367,177.8477,177.4796,175.1043,185.9819,185.6032,186.4835,179.3738,175.1438,171.9343,173.6545,176.8959,169.2682,171.1595,171.4481,178.2082,191.5866,181.1259,182.5492,183.0214,191.7831,174.7910,175.0892,186.5222,182.7290,174.8167,182.5344,175.6132,181.2312,172.9283,185.1984,181.7364,194.2111,178.8414,194.3455,193.4478,174.0011,191.4712,186.8569,184.2936,198.9977,194.1961,192.4490,185.2521,184.7800,190.5015,176.5525,200.0030,193.1756,193.3812,190.5930,190.8119,194.1475,192.7395,193.1750,197.1365,194.4446,195.2651,200.2975,195.1975,196.4504,193.2069,181.8712,179.3342,183.2762,191.8078,188.6242,175.0941,180.9355,186.5272,182.7723,182.9448,183.1854,183.4783,183.4623,183.2877,183.2442,182.7914,183.6388,182.4817,182.2379,181.8120,180.8731,174.3159,176.3572,178.1699,0.0000,184.8871,186.2515,182.9085,177.4975,174.1862,186.0972,185.6966,190.2933,192.5576,192.9686,178.3495,184.1793,199.5584,188.1547,185.3618,169.4252,168.2613,185.4583,174.1463,182.3322,185.4172,194.4638,182.9518,183.1935,180.7355,177.9146,178.1976,188.0865,192.2549,176.7512,176.7971,181.0292,174.7839,159.3460,179.3584,182.4852,179.0161,182.9947,183.3172,183.5235,179.4778,166.0257,167.5161,178.4196,176.7972,194.3778,177.1011,178.4488,176.4274,192.0870,192.6162,187.7667,188.7332,185.4024,182.2039,186.4892,173.3031,179.7113,178.3672,181.7474,181.8804,192.7093,0.0000,189.8718,178.7936,187.0535,188.2404,181.9873,181.8070,188.8244,185.1445,183.6769,176.9373,163.8703,187.0216,164.1502,173.5414,178.1261,177.9432,192.7210,194.0764,191.8481,180.3587,175.5841,190.4214,190.0162,192.0605,166.8853,193.7201,169.4644,172.0913,171.2033,185.0010,191.4991,169.6734,195.2800,195.5571,195.5581,195.1687,194.3778,195.5337,196.4060,197.4554,195.5901,195.5588,193.9847,183.6388,180.8754,181.8815,0.0000,184.7076,182.9221,184.7075,179.0847,179.3743,182.3703,185.4833,186.3043,192.2853,182.5475,185.7551,186.0847,185.7611,183.6108,180.8100,197.5361,180.6829,183.6112
5.0000,175.1439,180.4095,180.5872,178.1217,173.8287,169.7138,169.0256,181.8127,182.2087,187.6632,184.2729,187.2247,183.2003,177.8477,176.7739,174.4732,185.0990,184.7233,185.8258,178.5644,174.5829,171.4266,173.1205,176.2915,169.1085,171.0115,171.3056,178.1090,191.0553,180.2840,181.7935,182.2309,191.2683,174.6038,174.9073,186.0048,182.0324,174.6872,181.8499,175.4187,180.8295,172.7455,184.7439,181.3160,193.6676,178.2696,193.7844,192.8926,173.3612,190.9522,186.3090,183.7330,198.8135,193.6832,191.9306,184.7018,183.8839,189.9214,175.9847,199.3545,192.6296,192.8391,190.0250,190.2344,194.1475,192.2148,192.6732,196.5972,193.8863,194.6972,199.8233,194.6104,195.9122,192.6606,181.2769,178.4475,182.3796,191.2735,188.1112,174.9965,180.2294,185.6150,182.0739,182.2276,182.4380,182.7153,182.7204,182.5478,182.5026,182.5024,182.8771,181.7902,181.5295,181.0694,180.0801,174.2104,176.3572,178.0527,0.0000,184.3563,185.7317,182.1958,176.8850,173.9888,185.4692,185.0639,189.7209,192.0144,192.4219,177.7771,183.4055,199.0698,187.6418,184.5685,169.2029,167.8158,184.7994,173.9265,181.6174,184.8776,193.9124,182.2440,182.4877,179.8736,177.3445,178.2550,187.5951,191.7092,176.1824,176.2283,180.1243,174.1412,159.1957,179.2248,181.7200,179.1901,182.2827,182.5927,182.7878,178.9035,165.9774,167.4712,177.7579,176.1415,193.8240,176.4776,177.7929,175.7786,191.5462,192.0888,187.3796,188.3446,185.0618,181.4273,185.6367,172.6547,178.9616,177.6407,181.0344,181.1708,192.1676,0.0000,189.1863,178.1641,186.5042,187.6860,181.2769,181.1058,188.3426,184.3358,182.9140,176.4488,163.3923,186.3391,163.6728,172.8908,178.0719,177.6815,192.1243,193.4404,191.3299,180.1803,174.9616,189.8463,189.4488,191.5089,166.3364,193.3793,169.2497,171.9079,171.0541,184.5771,190.9325,169.5155,194.7624,194.9920,194.9932,194.6085,193.8240,194.9688,195.8556,196.9152,195.0250,194.9930,193.4362,182.8772,180.0824,181.1718,0.0000,183.9032,182.1893,183.9031,178.4153,178.6982,181.6384,184.5908,185.5970,191.7556,181.7918,185.1155,185.4573,185.1353,182.8143,180.3783,196.9643,179.9092,182.8147
6.0000,175.1392,180.3648,180.5392,178.1054,173.8287,169.7649,169.0706,181.7543,182.1912,187.5616,184.2892,187.1574,183.0062,178.6508,176.7584,174.4655,185.1134,184.7180,185.8656,178.5338,174.6075,171.5154,173.1848,176.2964,169.1761,171.0604,171.3635,178.6696,190.8337,180.2416,181.7661,182.2072,191.0078,174.5959,174.9218,185.9695,182.0324,174.8162,181.8605,175.4084,180.7074,172.7415,184.7676,181.1838,193.3767,178.2192,193.9952,193.1077,173.3545,190.9179,186.2605,183.6717,198.8074,193.6357,191.9381,184.6360,183.8617,189.8987,175.9458,199.2279,192.6582,192.8708,190.0148,190.2290,194.1475,192.1948,192.6475,196.6670,193.9165,194.7155,199.8096,194.6466,195.8561,192.6891,181.2510,178.4101,182.3669,191.0445,188.0054,175.1778,180.2038,185.6075,182.0734,182.2117,182.4123,182.6833,182.6890,182.5226,182.4781,182.4614,182.8265,181.7898,181.5146,181.0462,180.0517,174.2082,176.3572,178.6399,0.0000,184.3542,185.6993,182.1869,176.8889,173.9779,185.4856,185.0671,189.7129,192.0168,192.4440,177.7771,183.3407,199.0524,187.5505,184.4693,169.2034,167.9140,184.5979,173.9106,181.5933,184.8230,194.0058,182.2367,182.4798,179.8315,177.2998,179.0728,187.4989,191.6969,176.1439,176.1897,180.0883,174.1339,159.2592,179.2065,181.7058,180.0317,182.2814,182.5811,182.7769,178.8473,166.0296,167.5161,177.7499,176.1337,193.9251,176.4610,177.7852,175.7713,191.5375,192.0701,187.2836,188.2441,184.9919,181.3963,185.5383,172.6830,178.9005,177.6084,181.0173,181.1450,192.1490,0.0000,189.2425,178.1473,186.4577,187.6477,181.2454,181.0586,188.2402,184.2658,182.8626,176.3246,163.2445,186.3820,163.5265,172.4631,178.7413,177.6020,191.9006,193.2369,191.0663,180.1555,174.9550,189.8290,189.4293,191.5230,166.1089,193.3584,169.2917,171.9533,171.1021,184.3138,190.7004,169.6058,194.8202,195.2307,195.2279,194.7772,193.9251,195.2060,195.9384,196.9852,195.2603,195.2787,193.5251,182.8265,180.0541,181.1461,0.0000,183.9345,182.1708,183.9344,178.4060,178.6871,181.6127,184.5739,185.6410,191.4992,181.7645,185.1480,185.4741,185.1927,182.8499,180.6814,196.8867,179.8977,182.8502
7.0000,174.9912,180.5697,180.7494,178.1657,173.8287,169.7400,169.0734,181.7092,182.2173,187.4889,184.1945,187.0933,183.1371,177.8477,176.9676,174.5284,185.4835,185.0840,186.0775,178.5901,174.6455,171.5011,173.1911,176.3685,169.1206,170.9939,171.2895,178.1001,190.6721,180.4470,181.8369,182.2778,190.8100,174.4588,174.7796,185.8910,182.0324,174.6647,181.8678,175.2580,180.5100,172.7271,184.6536,180.9821,193.1419,178.3580,194.2169,193.3303,173.4745,191.1474,186.5318,183.8361,198.8573,193.8675,192.0870,184.8067,184.2235,190.1826,176.0886,199.4580,192.8792,193.1010,190.2746,190.4898,194.1475,192.3870,192.8369,196.8656,194.1566,194.9653,199.9760,194.9508,196.1806,192.9105,181.3998,178.7260,182.7185,190.8804,187.9068,174.9867,180.2688,186.0162,182.0730,182.2345,182.4358,182.7019,182.7129,182.5463,182.4973,182.4184,182.9263,181.8154,181.5815,181.1754,180.2464,174.2381,176.3572,178.0568,0.0000,184.2835,185.6198,182.2112,176.9775,173.8522,185.6657,185.2405,189.9012,192.2212,192.6610,177.7771,183.4436,199.2291,187.4563,184.5786,169.2371,167.8663,184.8296,173.8071,181.6508,184.9973,194.2231,182.2574,182.4895,180.0783,177.4405,178.2118,187.4276,191.8921,176.2867,176.3325,180.4548,174.2541,159.2071,179.1876,181.7783,179.0529,182.2849,182.5988,182.7903,178.9799,166.0118,167.5007,177.8464,176.2294,194.1351,176.5205,177.9073,175.8926,191.7345,192.2624,187.2344,188.1911,184.9457,181.4997,185.6602,172.6448,179.3120,177.8897,181.1000,181.2104,192.3419,0.0000,189.4586,178.2074,186.7288,187.9156,181.3132,181.1339,188.1635,184.3747,182.9622,176.6144,163.4887,186.6005,163.7724,172.6669,178.0668,177.4856,191.7802,193.1333,190.8679,180.1300,175.0087,190.1032,189.6953,191.7586,166.3304,193.4825,169.2933,171.9206,171.0367,184.2696,190.5922,169.5344,195.1560,195.4478,195.4444,194.9897,194.1351,195.4232,196.1326,197.1841,195.4769,195.5108,193.7517,182.9263,180.2487,181.2115,0.0000,184.2621,182.2001,184.2620,178.5052,178.7892,181.7078,184.9470,185.8942,191.3121,181.8353,185.3520,185.6542,185.4177,183.1798,180.3895,197.1825,180.1681,183.1801
8.0000,174.9233,180.5240,180.7015,178.1335,173.8287,169.6947,169.0303,181.6779,182.2066,187.4640,184.1375,187.0891,183.1329,177.8477,176.8351,174.4566,185.3441,184.9571,185.9716,178.5055,174.5964,171.4768,173.1593,176.3139,169.0781,170.9261,171.2216,178.0904,190.6106,180.4018,181.8126,182.2430,190.7337,174.3920,174.7152,185.8519,182.0324,174.6281,181.8481,175.1896,180.4318,172.7231,184.5841,180.9030,193.0387,177.9214,194.2223,193.3330,173.3687,191.0513,186.4362,183.3913,198.7845,193.8511,191.8239,184.3627,184.1344,190.1186,175.6525,199.4593,192.8428,193.0688,190.2138,190.4342,194.1475,192.3365,192.7960,196.7775,194.1174,194.9203,199.8848,194.8358,196.2088,192.8739,180.9406,178.6774,182.6600,190.8188,187.8601,174.9632,180.2431,185.8694,182.0729,182.2310,182.4268,182.6937,182.7057,182.5369,182.4920,182.3893,182.8907,181.7912,181.5507,181.1378,180.2050,174.2393,176.3572,178.0512,0.0000,184.2349,185.5761,182.1895,176.9172,173.7812,185.5790,185.1715,189.8440,192.1705,192.6215,177.7771,183.4087,199.1483,187.4102,184.5471,169.1790,167.8319,184.8855,173.7257,181.6280,184.5599,194.1991,182.2336,182.4693,180.0293,177.0038,178.2299,187.4060,191.8360,175.8498,175.8955,180.3843,174.1756,159.1670,179.1730,181.7479,179.1104,182.2777,182.5748,182.7644,178.5449,165.9721,167.4579,177.7961,176.1794,194.1108,176.4890,177.8460,175.8133,191.6773,192.2121,187.1541,188.1091,184.8897,181.4704,185.6163,172.6563,179.0321,177.7039,181.0673,181.1846,192.2901,0.0000,189.3043,178.1757,186.6351,187.8312,181.2894,181.1168,188.1379,184.3327,182.9265,176.3595,163.3036,186.4886,163.5843,172.3846,178.0614,177.4148,191.6467,192.9704,190.7923,180.1109,174.9474,190.0401,189.6283,191.7094,166.1224,193.4589,169.2473,171.8632,170.9693,184.1853,190.4614,169.5151,195.1975,195.4713,195.4653,194.9877,194.1108,195.4462,196.0761,197.0669,195.4985,195.5389,193.7349,182.8907,180.2073,181.1856,0.0000,184.1339,182.1886,184.1338,178.4554,178.7408,181.6739,184.8420,185.7685,191.2432,181.8110,185.2401,185.5670,185.3143,183.0562,180.3771,197.2024,180.0378,183.0565
9.0000,174.9613,180.6051,180.7868,178.1779,173.8287,169.7286,169.0634,181.8223,182.2284,187.6644,184.2529,187.2816,183.1955,177.8477,177.0137,174.5300,185.9827,185.3767,186.1904,178.6005,174.6476,171.5332,173.2078,176.3719,169.1072,170.9463,171.2429,178.1170,190.8124,180.4818,181.8528,182.2854,190.9380,174.4423,174.7601,185.9898,182.0324,174.6545,181.8825,175.2255,180.4266,172.7476,184.6985,180.8942,193.2458,177.9617,194.2578,193.3603,173.4570,191.0929,186.4681,183.4712,198.7730,193.9208,191.9119,184.4499,184.4383,190.1679,175.6737,199.6326,192.8985,193.1221,190.2599,190.4818,194.1475,192.3856,192.8479,196.8327,194.1990,195.0228,199.9226,194.9948,196.3566,192.9294,180.9264,178.7700,182.9118,191.0231,188.0377,174.9841,180.2874,186.2680,182.0734,182.2353,182.4475,182.7151,182.7377,182.5624,182.5043,182.5027,182.9669,181.8332,181.6103,181.2087,180.2835,174.2547,176.3572,178.0917,0.0000,184.3494,185.7111,182.2253,176.9790,173.8283,185.7109,185.2761,189.9182,192.2268,192.6785,177.7771,183.4876,199.1915,187.5790,184.6376,169.2114,167.9241,184.9871,173.7627,181.6679,184.6451,194.2456,182.2738,182.5102,180.1161,177.0341,178.2402,187.6051,191.8954,175.8698,175.9156,180.5248,174.2591,159.1945,179.2267,181.7869,179.1432,182.2934,182.6098,182.7912,178.5914,165.9945,167.4869,177.8648,176.2475,194.1559,176.5327,177.9276,175.8976,191.7323,192.2628,187.3437,188.3089,185.0430,181.5202,185.7031,172.6472,179.3285,177.9229,181.1278,181.2291,192.3498,0.0000,189.5464,178.2197,186.6677,187.8690,181.3341,181.1592,188.3473,184.4159,183.0031,176.3045,163.2740,186.7095,163.5535,172.3905,178.0770,177.4842,191.9588,193.2383,190.9951,180.1821,175.0101,190.0874,189.6732,191.7561,166.1064,193.4990,169.2822,171.8910,170.9896,184.3543,190.7526,169.5319,195.2283,195.5017,195.4962,195.0256,194.1559,195.4768,196.1174,197.1222,195.5293,195.5646,193.7819,182.9669,180.2859,181.2301,0.0000,185.1498,182.2117,185.1497,178.5254,178.8119,181.7405,185.2029,186.2535,191.4456,181.8512,185.4501,185.6982,185.5336,184.4134,180.3988,197.3580,180.3103,184.4138
10.0000,175.0692,180.7996,180.9900,178.3075,173.8287,169.7814,169.1229,181.9718,182.4057,187.9047,184.4201,187.5416,183.3771,177.8477,177.1682,174.6849,186.1927,185.5895,186.3210,178.7623,174.7360,171.5583,173.2507,176.4903,169.1575,171.0111,171.3085,178.1505,191.0964,180.6723,182.0327,182.4784,191.2266,174.5426,174.8539,186.1754,182.2009,174.6977,182.0487,175.3368,180.6055,172.8054,184.8602,181.0791,193.5498,178.2226,194.3386,193.4269,173.5998,191.2312,186.6062,183.7925,198.8024,194.0557,192.1564,184.7840,184.6411,190.3433,175.8881,199.8634,193.0089,193.2256,190.4177,190.6475,194.1475,192.5041,192.9651,196.9916,194.3428,195.1958,200.0370,195.1377,196.5695,193.0400,181.0932,178.9544,183.1489,191.3115,188.2723,175.0164,180.4526,186.4946,182.2425,182.4101,182.6307,182.9040,182.9237,182.7447,182.6867,182.6086,183.1638,182.0013,181.7819,181.3805,180.4597,174.2710,176.3572,178.1432,0.0000,184.5236,185.8985,182.3952,177.1055,173.9308,185.8307,185.4049,190.0369,192.3413,192.7905,177.8927,183.6884,199.3121,187.8032,184.8405,169.2739,167.9618,185.2785,173.8720,181.8365,184.9719,194.3523,182.4483,182.6884,180.3044,177.2719,178.2232,187.8486,192.0101,176.0833,176.1291,180.7161,174.4017,159.2418,179.2735,181.9624,179.0912,182.4663,182.7878,182.9696,178.8722,166.0303,167.5161,178.0117,176.3930,194.2635,176.6614,178.0724,176.0415,191.8500,192.3812,187.5159,188.4886,185.1837,181.7027,186.0048,172.7642,179.5471,178.1048,181.2969,181.3951,192.4628,0.0000,189.6731,178.3497,186.8072,188.0172,181.5009,181.3225,188.5942,184.6669,183.2009,176.4434,163.3939,186.8376,163.6741,172.5832,178.0947,177.6177,192.2418,193.5169,191.2838,180.2454,175.1592,190.2543,189.8328,191.8901,166.2429,193.5845,169.3421,171.9539,171.0542,184.5320,191.0194,169.5745,195.2744,195.5785,195.5754,195.1196,194.2635,195.5538,196.2576,197.2958,195.6079,195.6467,193.8780,183.1638,180.4620,181.3962,0.0000,185.3437,182.3894,185.3436,178.6755,178.9654,181.9168,185.4129,186.4113,191.7371,182.0312,185.5681,185.8167,185.6624,184.6106,180.5037,197.5764,180.4877,184.6109
11.0000,175.2452,180.6018,180.7951,178.2644,173.8287,169.7559,169.0864,182.1746,182.3984,188.1904,184.5004,187.8076,183.4220,177.8477,177.1519,174.6715,186.3759,185.6497,186.1847,178.6713,174.6538,171.3930,173.1161,176.4091,169.1398,171.0045,171.3107,178.1569,191.6127,180.4666,181.9880,182.4310,191.7753,174.7171,174.9996,186.3331,182.1974,174.7226,182.0384,175.5213,180.9595,172.8417,184.9272,181.4484,194.1398,178.1698,194.1246,193.2165,173.5519,191.0714,186.4328,183.8128,198.6903,193.9099,192.1046,184.8146,184.5630,190.1320,175.8275,199.3799,192.8650,193.0901,190.2219,190.4359,194.1475,192.3879,192.8498,196.8025,194.1736,195.0110,199.9223,194.9024,196.3028,192.8950,181.0117,178.5600,182.9895,191.8480,188.5585,175.0258,180.4148,186.5732,182.2401,182.3947,182.6412,182.9326,182.9321,182.7473,182.6965,182.7622,183.1250,181.9843,181.7293,181.2578,180.2417,174.2825,176.3572,178.1253,0.0000,184.6107,186.0481,182.3966,177.0052,174.0882,185.7004,185.2778,189.9069,192.2077,192.6480,177.8771,183.6611,199.1938,188.0608,184.8277,169.2253,167.7898,185.3923,173.9959,181.8046,184.9836,194.1585,182.4515,182.7140,180.0288,177.2143,178.2283,188.1312,191.8786,176.0219,176.0677,180.4027,174.3349,159.2252,179.3455,181.9095,179.1076,182.4650,182.7957,182.9804,178.8129,166.0269,167.5161,177.9371,176.3191,194.0600,176.6195,177.9916,175.9741,191.7250,192.2642,187.7370,188.7269,185.3726,181.6189,186.1168,172.7435,179.6293,178.1414,181.2290,181.3571,192.3313,0.0000,189.5720,178.3073,186.6322,187.8344,181.4670,181.2834,188.8810,184.7023,183.1640,176.2852,163.2387,186.7003,163.5191,172.2594,178.1000,177.8322,192.6318,193.8947,191.8321,180.3413,175.1455,190.0498,189.6359,191.7295,166.0543,193.5050,169.3020,171.9305,171.0472,184.8482,191.3953,169.5520,195.2103,195.3665,195.3631,194.9105,194.0061,195.3423,196.0476,197.1209,195.3956,195.4576,193.7188,183.1250,180.2440,181.3582,0.0000,185.6629,182.3797,185.6628,178.6011,178.8904,181.8429,185.4083,186.2884,192.2886,181.9863,185.4262,185.6852,185.5268,185.1297,180.4973,197.2436,180.5013,185.1298
12.0000,175.2992,181.2666,181.4971,178.5388,173.8287,169.8117,169.1505,182.4859,182.7479,188.6619,184.8147,188.2928,183.8095,177.8477,177.3288,174.8921,186.6137,185.9665,186.1037,179.1891,174.8406,171.5116,173.2638,176.6571,169.1808,171.0378,171.3448,178.1859,192.1480,181.1185,182.3961,182.8333,192.3356,174.7889,175.0540,186.7085,182.5307,174.7589,182.3571,175.5750,181.0042,172.9463,185.2103,181.4923,194.7520,177.7824,193.3857,192.5693,173.7150,190.3170,185.6009,183.2849,198.3995,193.2169,191.4324,184.2597,185.0239,189.3071,175.5425,196.9453,192.1955,192.4309,189.4287,189.6297,194.1475,191.9259,192.3895,196.0539,193.2398,193.8894,199.4422,193.7611,194.7978,192.2248,180.8305,179.3342,183.5183,192.3893,189.0039,175.0529,180.7619,186.8966,182.5712,182.7398,182.9777,183.2499,183.2947,183.1032,183.0245,182.9735,183.5752,182.3155,182.1100,181.6822,180.7893,174.3354,176.3572,178.1515,0.0000,184.9528,186.4201,182.6847,177.2944,174.1939,185.5990,185.2168,189.5819,191.6668,191.9956,178.1718,184.1414,198.6944,188.4909,185.3517,169.2486,167.8372,185.8409,174.1701,182.1541,184.4215,193.3211,182.7855,183.0417,180.7264,176.8761,178.1770,188.6048,191.4325,175.7385,175.7842,181.0812,174.5059,159.2638,179.4408,182.3321,178.9471,182.7769,183.1367,183.3197,178.3791,166.0288,167.5161,178.1923,176.5720,193.2159,176.8921,178.1701,176.1466,191.2524,191.8062,187.7815,188.7640,185.4962,182.0861,186.6004,172.9738,179.6622,178.2565,181.6054,181.7059,191.8976,0.0000,189.5063,178.5825,185.8014,187.0221,181.8184,181.6207,189.3306,185.1706,183.6148,175.4070,162.3360,186.6118,162.6196,170.3983,178.1129,177.8639,192.3549,193.6854,192.3908,180.4694,175.3769,189.2341,188.8325,190.9929,164.8945,193.2138,169.3596,171.9765,171.0811,184.7201,191.1181,169.5691,194.4910,194.6109,194.6042,194.1082,192.8530,194.5874,195.2585,196.3711,194.6375,194.6984,192.9421,183.5752,180.7916,181.7070,0.0000,185.7910,182.7335,185.7908,178.8594,179.1586,182.2555,185.7997,186.2372,192.8508,182.3945,185.3572,185.5826,185.4513,185.2603,180.6982,194.8812,180.7326,185.2604
13.0000,174.4316,178.1658,178.3892,175.8509,171.5901,167.8795,167.1426,181.5377,179.9846,187.2870,183.1050,186.8232,180.9192,177.8477,174.4020,172.2505,183.8229,183.0401,182.3986,176.3935,172.2983,168.8881,170.6355,173.9585,167.4230,169.2464,169.5723,177.7646,190.4401,178.0097,179.5599,179.9847,190.6311,173.9528,174.1453,185.0488,179.8020,173.7235,179.7254,174.7180,180.3594,172.2931,183.6395,180.8667,193.0611,173.8476,188.0156,187.2452,170.7721,184.8740,180.6144,179.2549,193.3531,188.0252,186.3110,180.1921,181.9395,184.3135,171.6927,188.1496,186.9906,187.2116,184.3918,184.5983,190.4629,187.1179,187.5955,190.5986,187.9015,188.4743,193.0234,188.4192,187.9566,187.0191,176.8352,175.9791,180.3656,190.6753,187.3546,174.2719,177.9707,184.0037,179.8425,179.9442,180.1955,180.4600,180.5679,180.3616,180.2318,182.2083,180.6858,179.6523,179.3623,178.7069,177.6828,173.9606,176.3170,177.7263,0.0000,183.1223,184.7164,180.0116,174.5544,173.1980,181.8017,181.4143,185.1143,186.7034,186.8129,176.0992,181.2687,192.2888,186.8402,182.4773,167.1543,165.4885,182.2533,172.8402,179.3532,180.2955,187.8818,180.1308,180.4023,177.5101,172.9699,178.2655,187.2147,186.6611,171.8805,171.9252,177.7808,171.4995,157.6087,179.0691,179.4947,179.1975,180.0606,180.4860,180.6694,174.3904,164.1793,165.6591,175.2784,173.6846,187.7694,174.2298,175.0645,173.1120,186.4400,187.0097,187.3123,188.3868,184.8855,179.1839,183.4659,169.9837,176.8676,175.3876,178.7864,178.9002,187.1327,0.0000,185.7593,175.8948,180.8125,182.0285,179.0085,178.8010,187.8099,182.1536,180.7227,170.8518,158.2223,182.8971,158.4933,167.0064,177.8822,177.1365,192.1647,193.5184,190.6837,179.9850,172.8185,184.2206,183.8163,185.8687,161.0360,188.8160,167.3392,170.0503,169.2848,184.2600,190.8812,167.7629,189.1262,189.2041,189.1947,188.6745,187.0758,189.1820,189.7968,190.9070,189.2279,189.2991,187.4629,180.6858,177.6851,178.9013,0.0000,183.0897,179.9650,183.0895,175.9184,176.2092,179.4039,182.7910,182.8544,191.1400,179.5582,181.6824,181.7850,181.7653,182.8102,179.0377,186.1248,177.8054,182.8103
14.0000,175.0525,178.6413,178.9070,176.0026,171.5705,168.0296,167.2784,181.8163,180.2810,187.6593,183.2873,187.1769,181.1848,177.8477,174.0967,172.1722,182.9361,182.4160,181.5463,176.9267,172.3949,168.9476,170.7075,174.0445,167.5797,169.3987,169.7208,177.8143,190.9078,178.4648,179.8782,180.3252,191.0875,174.5248,174.6635,185.3076,180.0821,173.9200,179.9321,175.3667,181.5643,172.4288,183.7819,182.1219,193.5049,173.5033,185.7289,184.9496,170.5604,183.2306,178.9323,178.9264,191.7441,185.8571,185.4281,179.8794,181.4662,182.5217,171.2103,182.4083,184.9154,185.1168,182.5597,182.7544,188.8261,185.4523,185.8669,188.3724,185.8083,186.3918,191.4328,186.2736,184.1432,184.9441,176.1917,176.4578,180.3085,191.1577,187.6940,174.3964,178.1844,183.4017,180.1237,180.2340,180.5010,180.7720,180.8841,180.6723,180.5334,182.4149,180.9313,179.8460,179.5691,178.8825,177.9654,174.0768,176.3572,177.7689,0.0000,183.3357,184.9697,180.2399,174.6672,173.7406,180.9555,180.6191,183.7277,184.8659,184.7515,176.1037,181.5502,190.6629,187.1617,182.7700,167.3092,165.5630,182.3077,173.3316,179.5848,179.9477,185.6551,180.3558,180.6261,177.9768,172.5552,178.2743,187.5841,185.0076,171.3951,171.4396,178.0757,171.2824,157.7562,179.1854,179.8263,179.2297,180.3387,180.7383,180.9374,174.1244,164.3637,165.8230,175.2494,173.6558,185.5379,174.3816,174.8381,172.8929,184.7574,185.3519,187.5328,188.6106,185.0994,179.5352,183.8437,169.7498,176.6646,175.1295,178.9707,179.1150,185.4835,0.0000,184.8333,176.0481,179.1221,180.3164,179.2243,178.9970,188.1800,182.4573,180.9702,169.4006,157.0038,182.0393,157.2660,166.4948,177.9109,177.7748,193.0695,194.3788,191.1417,180.1272,172.7522,182.4080,182.0245,183.9105,160.0758,187.1395,167.4759,170.1964,169.4369,185.0379,191.7761,167.9354,186.9405,186.8976,186.8905,186.4042,184.6938,186.8770,187.5655,188.6771,186.9227,186.9634,185.1085,180.9313,177.9677,179.1162,0.0000,182.2268,180.2634,182.2266,175.8811,176.1798,179.6146,182.1104,182.0183,191.6072,179.8764,180.8609,180.9392,180.9258,181.9508,179.1681,180.4344,177.3755,181.9508
15.0000,175.3280,178.7927,179.0928,175.9859,171.4133,167.8075,166.9874,182.4275,180.5728,188.5285,183.7195,187.9649,181.6171,177.8477,174.0328,172.1131,183.1125,182.5593,181.2429,177.1392,172.1057,168.6542,170.4186,173.7209,167.4021,169.2181,169.5547,177.8666,191.8965,178.5919,180.1289,180.6156,192.1258,174.8054,174.8944,185.8656,180.3739,173.9081,180.1603,175.6973,182.9996,172.5573,184.2235,183.6570,194.6435,173.5520,184.4475,183.6685,170.3839,182.4997,178.1910,179.1620,190.9085,184.7391,185.2543,180.1643,181.5870,181.6814,171.1263,179.1275,183.8032,183.9905,181.6699,181.8524,188.0005,184.6021,184.9871,187.2568,184.6538,185.2249,190.6542,184.9816,181.9702,183.8315,175.9286,176.4578,180.4189,192.1659,188.4489,174.3777,178.3502,183.5935,180.4193,180.5404,180.8124,181.1069,181.2179,180.9937,180.8571,182.8715,181.2203,180.0556,179.7564,178.9512,178.0111,174.0667,176.3572,177.8233,0.0000,183.7774,185.5146,180.5140,174.1517,173.9723,180.5773,180.2302,183.0165,183.8995,183.6493,176.1403,181.9162,189.8659,187.8738,183.2491,166.9906,165.2983,182.9925,173.4665,179.7769,180.2098,184.4514,180.6096,180.8819,178.0696,172.5360,178.3308,188.4403,184.1499,171.3067,171.3512,178.1139,171.1280,157.5891,179.3925,180.0466,179.4135,180.6448,181.0317,181.2554,174.2263,164.1485,165.6045,175.1692,173.5766,184.3334,174.3718,174.6968,172.7370,183.8865,184.5049,188.3555,189.4941,185.7478,179.7559,184.3750,169.3575,176.8477,175.1495,179.1138,179.2816,184.6306,0.0000,184.5213,176.0382,178.3728,179.5404,179.4047,179.1625,189.0205,182.8625,181.2626,168.8485,156.6268,181.7364,156.8813,167.3172,177.9389,178.2664,194.7518,196.0827,192.1751,180.4052,172.7070,181.5448,181.1739,182.9016,160.0553,186.2952,167.1888,169.9601,169.2544,186.0446,193.3686,167.7619,185.7521,185.5999,185.6004,185.1560,183.3987,185.5805,186.4223,187.5598,185.6301,185.6290,183.7205,181.2203,178.0134,179.2830,0.0000,182.3599,180.5534,182.3597,175.8254,176.1507,179.7869,182.2574,181.8748,192.6323,180.1270,180.5754,180.5610,180.6236,182.1479,179.3125,177.0652,177.3922,182.1480
16.0000,175.3280,180.7339,181.0645,177.7743,172.9104,169.0817,168.2684,183.6227,182.5467,190.2521,185.2569,189.6621,183.7148,177.8477,175.9094,174.0476,185.1752,184.6189,182.9550,179.0979,173.8385,170.7465,172.4193,175.4776,168.5342,170.2259,170.5338,178.1703,193.9589,180.5147,182.0855,182.6071,194.2509,174.9974,175.1382,187.5080,182.3421,174.4960,182.0677,175.7343,183.7836,173.0275,185.6960,184.5085,196.8418,175.3527,186.5822,185.8653,172.1650,184.5731,180.3221,181.1823,192.9139,186.3840,187.2689,182.2516,183.5894,183.7808,172.9176,179.6308,185.6088,185.8206,183.7097,183.8979,190.0078,186.4225,186.7944,189.1435,186.3438,186.8003,192.6138,186.6143,182.9575,185.6376,177.7421,178.2455,182.3366,194.2460,190.2559,174.8481,179.9179,185.7271,182.3908,182.5566,182.8114,183.1322,183.2220,182.9904,182.8810,183.8100,183.2244,181.9722,181.6386,180.8168,179.8488,174.2515,176.3572,178.1207,0.0000,185.3940,187.1641,182.5168,175.9030,174.3449,182.3271,182.0115,184.8186,185.6984,185.4372,178.4342,183.9713,191.8044,189.6439,185.3742,168.3649,167.2047,185.1984,174.2018,181.6681,182.3046,186.3431,182.5604,182.8429,179.9564,174.3326,178.3016,190.1597,185.9605,173.0978,173.1428,179.9656,172.8975,158.6548,179.8212,181.9884,179.3428,182.6278,183.0102,183.2541,176.0030,165.3869,166.8586,176.9713,175.3621,186.2317,176.1442,176.4894,174.5231,185.6945,186.3235,189.6088,190.7580,186.8517,181.7043,186.6672,171.0377,178.8600,177.0751,180.9840,181.1489,186.4448,0.0000,186.2227,177.8275,180.4999,181.6449,181.2847,181.0294,190.8258,185.0132,183.2699,171.0424,158.6666,183.4469,158.9241,169.4611,178.1042,178.7601,196.7073,198.0434,194.2993,180.9796,174.6938,183.6207,183.2415,184.8320,162.2553,188.1781,168.4886,171.1260,170.2672,187.1481,195.2108,168.9104,187.7726,187.7679,187.7687,187.1917,185.2212,187.7461,188.3201,189.4496,187.7988,187.8441,185.5877,183.2244,179.8511,181.1503,0.0000,184.3020,182.5270,184.3018,177.6375,177.9708,181.6901,184.3031,183.6616,194.7653,182.0835,182.2662,182.3092,182.3015,184.0801,180.5162,177.6086,179.3405,184.0802
17.0000,216.9565,322.9675,323.6434,323.0932,311.9807,169.8292,203.6608,290.3594,325.1262,307.5432,302.6786,307.7657,328.1998,283.5645,316.6815,313.3092,331.0451,330.1846,325.2345,320.5545,368.3499,283.9001,320.1543,330.9528,179.7047,197.0753,198.2540,276.5052,315.8864,322.5368,324.8292,325.7452,314.4384,217.0211,218.1538,305.8685,324.2222,221.0340,321.9742,217.4993,228.2694,269.9315,298.6212,229.2396,316.7049,313.4999,331.4055,330.1228,310.6185,326.8182,319.7592,323.8250,335.6971,328.9703,332.7263,325.6932,328.2700,326.1227,308.9872,315.7500,329.0381,329.4286,325.8826,326.3013,326.3997,329.9738,330.0643,335.4904,330.5020,331.3797,340.0228,331.5381,321.8848,329.0899,317.4122,318.4408,326.0370,316.3985,310.1084,235.4743,320.9537,331.8529,324.3043,324.2367,325.4075,325.6136,325.9806,325.8898,324.9494,284.9239,325.1229,321.9556,321.2462,320.8423,319.8640,269.6163,259.7513,276.4637,0.0000,308.0610,307.9636,322.9694,315.2080,214.0561,324.0385,323.4900,327.8077,328.9887,328.7058,319.2139,326.5825,338.7737,310.2254,329.4718,203.9939,258.1005,333.5363,209.5765,324.5375,325.7148,330.5536,323.2939,324.1694,321.5527,311.5900,286.2875,307.5817,329.4729,309.3040,309.3844,321.6560,310.0092,169.1707,271.2951,324.7279,292.1813,322.1040,324.3089,325.2110,314.7582,166.0496,167.5161,320.5120,317.5976,330.3689,320.0700,315.1711,312.9239,328.8423,329.8419,286.4276,285.0318,285.7463,324.2734,332.6736,308.3246,322.4262,318.9379,321.0666,323.8560,330.3655,0.0000,330.9367,322.9944,320.0852,322.1036,324.1011,323.3687,309.9222,329.0537,325.2149,303.2836,281.3608,326.1015,281.8163,301.1040,279.8314,226.2641,277.0423,287.2029,317.2423,275.2116,314.1786,325.8075,325.0414,327.7656,287.7483,329.4272,206.2640,203.8234,197.3059,248.3363,272.3253,180.1081,333.0694,333.5715,333.6011,332.3257,328.5101,333.5281,334.0674,336.0332,333.6465,333.6820,329.2072,325.1229,319.8681,323.8589,0.0000,329.1142,325.0983,329.1137,320.1234,317.7694,321.8964,329.6055,326.9817,317.7744,324.8266,323.9784,324.0030,324.0124,328.8440,307.8259,312.1780,322.0069,328.8441
18.0000,223.3977,237.2288,237.7198,232.4903,226.4520,219.7214,218.9873,240.3541,239.2439,249.4240,242.4094,248.5314,240.8277,230.3101,230.0685,228.2609,242.2480,241.5517,238.2641,234.6782,226.3022,220.8333,223.3643,229.0651,218.9371,221.4914,221.9246,231.0770,254.0673,236.9012,238.6289,239.3446,253.0071,224.2879,224.5347,245.5397,239.0136,226.0260,238.6165,223.9841,235.6320,225.6547,242.9169,236.6815,254.9351,229.4818,243.2734,242.3715,225.0703,239.7594,234.6835,237.2769,246.3277,241.0485,243.8906,238.7267,240.5513,239.3799,226.0778,230.9426,241.2031,241.5042,239.1221,239.4329,239.6846,241.7644,241.8512,246.0413,242.2146,242.7835,249.1979,242.8686,235.5087,241.2416,232.0667,234.0332,239.0451,254.4906,249.2305,226.8612,232.8583,242.7938,239.0875,239.4317,239.6098,240.0713,240.1924,239.8789,239.8018,240.2513,240.2700,238.5040,237.9513,236.8609,235.7834,226.9693,229.4430,230.8563,0.0000,242.6769,245.0635,239.3926,229.7745,224.1770,237.4369,237.1667,240.2554,241.1735,240.9483,235.3226,241.3629,248.2976,248.4010,243.3389,219.0301,216.7379,243.9628,225.4512,237.6832,238.7653,242.4273,239.3623,239.7386,236.2474,228.0291,230.8569,249.2841,241.5007,226.3039,226.3628,236.2038,225.9603,206.1034,234.4537,238.4647,232.1499,239.4693,240.0141,240.3872,230.4267,214.7164,216.5932,231.3686,229.2649,242.3039,230.4631,230.6070,228.0848,241.0773,241.6698,248.6213,250.3131,244.6401,238.2091,245.2515,223.4577,234.2030,231.7023,236.9908,236.9008,242.0734,0.0000,242.4891,232.5688,234.9206,236.3985,237.1103,236.6891,250.1113,242.8513,240.3363,222.6658,206.6968,238.9079,207.0247,222.0522,230.8371,230.0077,258.3042,261.0831,255.1947,236.1335,229.2978,239.1120,238.5338,240.3893,211.6181,241.5675,219.2434,222.6700,221.5456,243.0261,255.9212,219.4391,244.2923,244.9017,244.9385,243.8720,240.9081,244.8673,245.0089,246.4394,244.9675,244.9448,241.4131,240.2700,235.7864,236.9026,0.0000,240.8988,239.2197,240.8985,232.2753,232.7502,238.0729,241.3655,239.4897,255.6195,238.6260,237.3103,237.4054,237.3033,240.6852,235.5563,228.2754,234.5917,240.6853
19.0000,224.1341,237.0809,237.5915,232.4140,226.3177,220.0812,219.7339,240.9654,239.2514,250.2235,242.6865,249.1710,240.9234,230.4787,230.1293,228.3185,242.3346,241.6351,238.0468,234.6501,226.4568,221.3795,223.7576,229.1088,219.3416,222.5102,222.8739,231.2880,255.4565,236.7369,238.6021,239.3567,254.5880,225.6966,225.1582,245.9250,239.0204,226.4579,238.5663,224.7510,237.0196,226.0691,243.1551,238.1252,256.6666,229.8355,243.2892,242.3619,225.0744,240.1512,235.2078,237.8207,246.4202,240.9322,244.2766,239.3282,240.5154,239.7903,226.3330,230.5804,241.1604,241.4490,239.4368,239.7579,239.6846,241.7510,241.8249,246.0007,242.2460,242.8709,249.3185,242.9553,235.1362,241.2003,232.2162,233.6272,238.9149,255.9250,249.9967,227.2281,232.7833,242.9449,239.0973,239.4431,239.6222,240.0928,240.2306,239.9120,239.8193,240.6092,240.1559,238.4298,237.8513,236.5293,235.3784,227.4256,229.7999,231.0483,0.0000,242.9761,245.5040,239.3771,229.8194,225.6445,237.2001,236.9838,240.1674,241.1339,240.9024,235.2885,241.3017,248.4092,249.1335,243.3340,219.9856,217.3072,244.4008,227.0558,237.6255,239.3471,242.3963,239.3229,239.6896,236.0055,228.3349,231.0446,250.0583,241.4588,226.5572,226.6162,235.9288,225.9112,206.4843,234.8121,238.4413,232.3750,239.4702,240.0172,240.4227,230.8169,215.0482,216.9397,231.2914,229.1884,242.2784,230.2898,230.5183,228.0351,241.0455,241.6517,247.9529,247.9530,244.4846,238.1490,245.3172,223.3828,234.4687,231.8507,236.8611,236.8245,242.0314,0.0000,242.5311,232.4905,235.4349,236.8614,237.0446,236.6174,250.9142,242.8103,240.2250,223.5782,207.7284,238.7236,208.0482,224.6356,231.0347,230.1988,250.2684,262.5571,256.7184,236.4914,229.3421,239.4852,238.9052,240.4850,213.2864,241.5688,220.0054,223.5679,222.5609,240.2091,248.7556,219.8761,244.1400,244.9256,244.9645,243.8741,240.8564,244.8906,244.9925,246.4008,244.9931,244.9301,241.3611,240.1559,235.3814,236.8264,0.0000,240.7693,239.2254,240.7689,232.1863,232.6521,237.8963,241.4042,239.3103,257.1319,238.5991,237.0342,237.1626,237.0111,240.4679,235.5877,227.8711,234.6614,240.4679
20.0000,223.2271,235.5866,236.1043,231.0955,225.1109,218.8494,218.4888,239.8440,237.8633,249.0573,241.3166,247.8838,239.6214,229.0802,228.6527,226.8700,240.7599,240.1367,236.0732,233.1689,225.1282,220.1342,222.4716,227.7295,218.1313,221.2752,221.6378,229.9299,254.3674,235.2361,237.2242,237.9998,253.5194,224.7624,224.1914,244.6215,237.5962,225.2832,236.9879,223.8556,236.3599,224.8934,241.7932,237.4868,255.6523,228.4939,241.8582,240.9193,223.6110,238.9976,234.1105,236.5535,245.9037,239.4706,243.0533,238.0854,238.9988,238.6279,225.0167,228.8066,239.6852,239.9651,238.2356,238.5580,239.6846,240.2973,240.4338,244.4576,240.8022,241.4519,248.0602,241.5868,233.4175,239.7290,230.8429,231.9867,237.3897,254.8451,248.7796,226.0104,232.7464,241.5167,237.6742,238.0257,238.2467,238.7214,238.8326,238.5222,238.4251,239.4537,238.3974,236.8196,236.2870,234.6966,233.6191,226.2705,228.6276,229.6584,0.0000,241.6163,244.1992,237.7948,228.4218,224.6913,235.3222,235.2562,238.5807,239.6476,239.4230,233.7274,239.5615,247.1129,247.9026,241.5342,218.7790,216.1686,243.5510,226.0539,236.3033,238.1053,240.9242,237.7448,238.0903,234.4530,227.0056,229.6297,248.8726,239.9435,225.2385,225.2971,234.3399,224.4325,205.3451,233.6458,237.1380,230.9252,238.0215,238.4738,238.9046,229.4551,213.8470,215.7266,229.7680,227.6787,240.8111,228.9851,228.9975,226.5424,239.5652,240.1906,246.9726,246.9727,243.4212,236.7413,243.4152,221.9864,232.9357,230.3582,235.3166,235.5207,240.5048,0.0000,240.5394,231.1734,234.3325,235.7330,235.7400,235.3607,249.7231,240.9315,238.4670,222.6365,207.0721,236.7550,207.3792,226.2825,229.6610,229.2683,249.5255,261.8872,255.6835,235.3278,227.8772,238.3079,237.7300,239.1896,213.1216,240.6541,218.7683,222.3189,221.3254,239.2681,247.9791,218.6600,242.6318,243.5013,243.5370,242.4254,239.3820,243.4659,243.4860,244.8552,243.5664,243.5019,239.8762,238.3974,233.6221,235.5230,0.0000,239.0475,237.8382,239.0471,230.6502,231.1351,236.2163,239.9081,237.4164,256.0883,237.2211,234.9325,235.2773,234.9407,238.7289,234.0758,226.1672,233.1761,238.7289
21.0000,224.1338,235.9395,236.4702,231.3752,225.3455,219.2687,218.8856,240.6426,238.2350,249.9123,241.9872,248.6200,239.9847,229.7002,228.6956,227.0402,240.4227,240.0410,235.5465,233.6106,225.4434,220.4453,222.7840,228.0046,218.5898,221.7436,222.1130,230.5661,255.2754,235.5798,237.5814,238.3735,254.5280,225.6351,225.0204,245.3280,237.9715,225.8954,237.3522,224.7866,237.7880,225.5485,242.5123,238.9598,256.7971,228.4508,241.3177,240.3591,223.7086,238.8875,234.0021,236.4459,245.8269,239.1866,242.8877,237.9758,239.0309,238.3710,224.9407,228.3290,239.4026,239.6728,237.9874,238.3029,239.6846,240.0735,240.2139,244.1507,240.5279,241.2052,247.8837,241.1599,232.9773,239.4465,230.7601,232.2846,237.4945,255.7583,249.5666,226.6233,232.7464,241.4696,238.0509,238.3968,238.6240,239.1070,239.2270,238.9103,238.8048,240.2213,238.7370,237.1725,236.6178,234.9566,233.8923,226.9074,229.3146,230.2977,0.0000,242.2573,244.8985,238.1735,228.7048,225.5310,234.9573,235.0585,238.3669,239.4045,239.1532,234.0258,239.9273,246.9249,248.6741,241.9258,219.2022,216.5192,244.2096,226.8339,236.6020,237.9802,240.5475,238.1225,238.4771,234.7890,226.9478,230.2583,249.7087,239.7226,225.1636,225.2221,234.5673,224.5232,205.7767,234.3702,237.5102,231.5698,238.4003,238.8707,239.3146,229.4422,214.2357,216.1311,229.9614,227.8704,240.4255,229.2623,229.0840,226.6338,239.3358,239.9664,247.9624,247.9625,244.3057,237.0952,243.7962,222.0762,232.9677,230.3967,235.6125,235.8006,240.2899,0.0000,239.8062,231.4533,234.2164,235.5786,236.0234,235.6310,250.5466,241.2900,238.8076,222.6660,207.1852,236.2048,207.4880,227.0625,230.2921,230.2181,250.9378,263.4457,256.6135,236.0646,228.0658,238.0570,237.5041,238.8797,213.4745,240.5210,219.1708,222.7569,221.7891,240.4879,249.3686,219.1477,242.3028,242.9363,242.9750,241.9507,238.9727,242.9028,243.1513,244.5478,243.0033,242.9636,239.3987,238.7370,233.8953,235.8029,0.0000,238.2040,238.2091,238.2036,230.8374,231.3228,236.5275,239.8805,236.7944,257.0144,237.5782,234.2664,234.9039,234.3171,237.5761,234.5350,225.6843,233.1652,237.5763
22.0000,224.3162,235.7122,236.2540,231.0990,225.0610,219.0053,218.5848,240.0487,237.9843,249.2788,241.4454,247.7659,239.7451,229.2462,228.4215,226.7284,240.1421,239.8000,234.3970,233.4132,225.1441,220.0661,222.4305,227.7075,218.3388,221.5625,221.9463,230.0797,254.9898,235.3465,237.3375,238.1394,254.2952,225.8278,225.1371,244.7571,237.7060,225.6448,237.0163,224.9879,238.3752,225.0995,241.9443,239.5819,256.6020,228.3685,241.3272,240.3573,223.3831,238.7572,233.9092,236.4360,245.7708,239.0278,242.8086,237.9779,238.7761,238.3513,224.8157,228.2505,239.3570,239.6274,237.9478,238.2710,239.6846,239.8712,240.0254,244.1830,240.5197,241.2213,247.7123,241.1985,232.8222,239.4017,230.5844,232.0358,237.2958,255.4897,249.0769,226.2754,232.7464,241.2505,237.7864,238.1379,238.3836,238.8743,238.9732,238.6642,238.5600,239.6694,238.3534,236.8224,236.2668,234.5396,233.5456,226.4718,228.8545,229.7005,0.0000,241.7397,244.3528,237.8549,228.4180,225.6879,234.1038,234.4602,238.0259,239.2700,239.1052,233.6873,239.5581,246.7552,248.1694,241.5358,218.9101,216.1710,243.9241,226.9170,236.3394,237.9779,240.5307,237.7946,238.1374,234.5536,226.8449,229.8243,249.0398,239.5054,225.0378,225.0963,234.3663,224.1585,205.5403,233.8685,237.2975,231.1833,238.1366,238.5738,239.0449,229.3776,213.9495,215.8594,229.5931,227.5054,240.4096,228.9892,228.6836,226.2658,239.1447,239.7592,247.4318,247.4318,243.7649,236.8538,243.4371,221.6926,232.8354,230.1838,235.2687,235.5353,240.0603,0.0000,238.7048,231.1775,234.1268,235.5011,235.7608,235.3738,250.0011,240.9036,238.4251,222.6841,207.2546,235.0718,207.5547,227.6366,229.8204,230.4703,251.1518,262.8561,256.3548,235.5487,227.7502,238.0292,237.4582,238.8471,213.6747,240.4071,218.8766,222.5192,221.6109,240.7899,249.6004,218.8832,242.2403,242.9542,242.9959,241.9535,238.9538,242.9203,243.1711,244.5801,243.0234,242.9689,239.3714,238.3534,233.5486,235.5377,0.0000,237.6458,237.9591,237.6454,230.4633,230.9544,236.1538,239.6399,235.8355,256.7552,237.3343,232.9649,234.0392,233.0916,237.0088,234.1552,225.5156,232.9042,237.0090
23.0000,225.2222,235.7530,236.2988,231.1999,225.1503,219.3013,218.8347,240.7517,238.1160,250.2184,242.0077,248.6416,239.9499,229.6992,228.3153,226.7628,239.5850,239.4444,234.2085,233.4098,225.3079,220.2502,222.6050,227.8165,218.6771,221.8874,222.2702,230.5672,256.2731,235.3814,237.4480,238.2458,255.6575,226.7807,225.9871,245.4312,237.8466,226.1679,237.1686,225.9115,239.6579,225.6595,242.5266,240.8969,258.0696,228.3283,241.7681,240.8049,223.3648,238.8722,234.0982,236.5582,245.7516,238.9468,242.9125,238.1470,238.5296,238.5220,224.7416,227.9754,239.3977,239.6685,238.1022,238.4304,239.6846,239.8284,239.9842,244.2807,240.5883,241.2830,247.6966,241.4263,232.5344,239.4424,230.4311,231.9725,237.0933,256.8055,249.9713,226.7773,232.7464,240.8925,237.9281,238.2728,238.5131,239.0059,239.1125,238.8021,238.6935,240.3411,238.4937,236.9690,236.3978,234.5834,233.5456,227.0222,229.4303,230.2087,0.0000,242.2832,245.0138,238.0082,228.5185,226.5555,233.8844,234.3359,237.9602,239.2578,239.1300,233.8005,239.7168,246.7432,249.0175,241.7172,219.1654,216.4175,244.1597,227.6217,236.4417,238.1542,240.7172,237.9579,238.3164,234.5542,226.7867,230.3482,249.9691,239.4664,224.9609,225.0194,234.2437,224.1512,205.8589,234.4906,237.4054,231.8576,238.2814,238.7441,239.2216,229.3368,214.2642,216.1619,229.6478,227.5597,240.6160,229.0890,228.6831,226.2583,239.1101,239.7162,248.0508,248.0509,244.4089,236.9459,243.6871,221.7180,232.6977,230.0719,235.3695,235.6301,240.0164,0.0000,238.4814,231.2783,234.3145,235.6751,235.8591,235.4718,250.8172,241.0981,238.5671,222.8056,207.4556,234.8769,207.7514,228.3796,230.2904,231.2681,251.5113,263.4575,257.6884,236.1856,227.7959,238.1954,237.6202,238.9673,214.0405,240.3915,219.1304,222.8117,221.9350,241.2256,249.9840,219.2464,242.3441,243.4441,243.5088,242.3147,239.1660,243.4070,243.3143,244.6780,243.5298,243.4011,239.5047,238.4937,233.5486,235.6325,0.0000,236.6883,238.0893,236.6879,230.5134,231.0039,236.2576,239.3519,235.3950,258.0976,237.4447,232.6411,233.8081,232.8197,235.7025,234.4190,225.2307,232.7009,235.7028
24.0000,225.3414,236.9741,237.5399,232.0079,225.8004,219.9444,219.5365,241.2907,239.0975,250.8516,242.7609,249.1911,240.6613,230.4638,229.0316,227.5426,240.3101,240.2919,234.2728,234.5908,226.0490,220.9523,223.3198,228.6088,219.2853,222.4805,222.8566,231.2830,257.0671,236.5963,238.4435,239.2565,256.4804,226.8855,226.1726,246.1616,238.8378,226.6850,238.1875,226.0120,239.3754,226.3123,243.2373,240.5798,258.9342,228.4900,241.5542,240.5867,224.0508,238.6343,233.7926,236.5534,245.6457,238.9074,242.8576,238.0941,239.5693,238.2374,224.9456,227.9329,239.2664,239.5190,237.8513,238.1729,239.6846,239.8368,239.9842,243.9008,240.4551,241.1592,247.6315,241.3457,232.5628,239.3105,230.7132,233.3626,238.2047,257.6098,250.6996,227.3693,232.7464,241.7456,238.9200,239.2722,239.5020,240.0048,240.1026,239.7916,239.6940,240.9074,239.5966,237.9945,237.3916,235.7324,234.8221,227.6960,230.0375,230.9212,0.0000,243.0585,245.7542,239.0393,229.3512,226.7574,234.0061,234.6294,238.0511,239.2028,239.0079,234.7526,240.8226,246.6743,249.7436,242.8619,219.8785,217.0781,244.5470,228.0150,237.3107,238.0822,240.5431,238.9876,239.3534,235.8341,226.9695,231.0706,250.5889,239.4631,225.1670,225.2256,235.5365,224.8082,206.4313,235.0776,238.3936,232.4909,239.2852,239.7781,240.2617,229.4932,214.8932,216.7959,230.4450,228.3497,240.4495,229.8898,229.3330,226.9216,239.1049,239.7273,248.5030,248.5031,244.9153,237.9946,244.7720,222.5342,233.3483,230.7759,236.3377,236.4718,240.0140,0.0000,238.4507,232.0867,234.0111,235.3901,236.6954,236.2476,251.4874,242.2197,239.6698,222.3977,207.1122,234.9282,207.4055,228.0081,231.0276,231.4593,252.1068,263.5057,258.3901,236.7663,228.6006,237.9224,237.3548,238.7781,213.6933,240.3918,219.8274,223.4634,222.5298,241.6071,250.5364,219.8418,242.0705,243.2144,243.2815,242.3845,239.0208,243.1779,242.8738,244.2954,243.3016,243.1520,239.3535,239.5966,234.8251,236.4742,0.0000,237.1697,239.0718,237.1693,231.3123,231.7968,237.3225,240.3029,235.5751,258.8359,238.4402,232.6337,233.9171,232.7915,236.1606,235.3438,225.2379,233.4686,236.1609
25.0000,222.4093,234.9210,235.4796,230.2341,224.1378,217.9877,217.6237,239.0006,237.0396,248.5132,240.6892,246.7781,238.6008,228.4086,227.0984,225.7309,237.6231,237.8712,232.2812,232.6405,224.1672,219.0877,221.4608,226.7522,217.2980,220.4739,220.8445,229.1958,254.9314,234.5457,236.2591,237.0628,254.3943,224.0303,223.4159,243.9732,236.7987,224.4694,236.2222,223.0264,235.2996,224.2474,241.1827,236.4056,256.8843,227.1752,240.7975,239.8960,222.2989,239.6718,233.6896,235.5237,247.1856,238.2344,243.9722,237.2009,237.2773,237.6933,223.6273,227.1833,238.3897,238.6598,237.3139,237.5774,239.6846,239.1322,239.2954,243.2975,239.4597,240.0601,251.0688,240.3062,231.8673,238.4335,229.4036,231.3785,235.9948,255.4806,248.5016,225.2348,232.7464,239.3045,236.8796,237.2209,237.4445,237.9484,238.0494,237.7309,237.6410,238.7144,237.6875,236.0501,235.4867,233.8536,232.9067,225.5782,227.9193,228.8272,0.0000,240.9758,243.5974,237.0609,227.4580,224.0239,232.2271,233.0203,236.9252,238.3285,238.1126,232.8483,238.9003,249.9658,247.5502,240.9204,217.9447,215.1015,242.2896,225.5100,235.5063,237.2629,239.7744,237.0278,237.3899,233.7948,225.6697,229.0143,248.2385,238.5535,223.8530,223.9112,233.4555,223.0853,204.5603,232.9215,236.1961,230.4327,237.2525,237.8073,238.2773,228.1783,212.9808,214.8671,228.6526,226.5734,239.6893,228.1344,227.5994,225.1824,238.2566,238.9993,246.5368,246.5368,242.8414,235.8433,242.8409,220.7599,231.3836,228.8303,234.4739,234.7339,239.1276,0.0000,236.4329,230.3146,233.8829,235.1672,234.9392,234.4782,249.1773,240.3103,237.7599,222.1862,206.8993,232.9312,207.1932,227.4712,228.9514,228.6097,249.0758,262.1848,256.1969,234.5986,226.7755,237.3789,236.8967,238.0699,213.3975,239.9248,217.9032,221.4770,220.5226,238.7963,247.5322,217.8379,241.2689,242.4324,242.5043,241.6327,238.2976,242.3956,242.3463,243.6912,242.5229,242.3620,238.5248,237.6875,232.9096,234.7362,0.0000,233.9819,237.0064,233.9815,229.5201,230.0028,235.4226,237.9430,233.2041,256.6709,236.2567,230.5947,232.1272,230.7267,232.4857,233.3450,224.5576,231.3451,232.4861
26.0000,220.1755,233.1861,233.7388,228.6422,222.6188,216.2035,215.8876,236.2556,235.3640,245.6030,238.3092,243.8982,236.8504,226.2968,225.2687,223.9640,235.4869,235.8214,230.2862,231.0708,222.4478,217.4293,219.7718,225.0524,215.4703,218.5990,218.9535,227.0596,252.0041,232.8147,234.6005,235.3968,251.4877,221.7550,221.2026,241.4403,235.0959,222.3805,234.4392,220.7773,232.7440,221.9411,238.7637,233.8224,253.9763,225.2317,239.1829,238.2902,220.5658,237.8842,231.7482,233.4527,246.4949,236.8046,242.1828,235.1204,235.3236,235.7700,221.7960,225.6935,236.8296,237.0993,235.4691,235.7135,239.6846,237.6147,237.8577,241.6258,237.8732,238.4571,249.5536,238.6374,230.4615,236.8729,227.6183,229.6370,234.0354,252.5434,245.7775,223.1145,232.2906,237.2366,235.1754,235.5234,235.7769,236.2789,236.3587,236.0454,235.9574,236.1122,235.8432,234.2606,233.7113,232.1020,231.1595,223.2728,225.5761,226.7223,0.0000,238.6310,241.0983,235.2716,225.7399,221.7797,230.3249,231.2324,235.3033,236.7820,236.5587,231.0665,237.0352,248.4177,244.8671,238.9942,216.2450,213.4660,240.1586,223.3158,233.9395,235.1997,238.1836,235.2310,235.5817,232.0476,223.7807,226.8385,245.3331,237.0051,222.0217,222.0795,231.6326,221.3751,202.8396,230.4577,234.5695,228.1237,235.5335,236.0112,236.4808,226.1857,211.2746,213.1239,226.9391,224.8756,238.0970,226.5599,225.8744,223.4562,236.7055,237.4756,243.6183,243.6184,240.0727,234.1672,240.8430,218.9659,229.4866,226.9613,232.7491,233.1989,237.5961,0.0000,234.3942,228.7250,231.9453,233.2572,233.3931,232.9437,246.3409,238.3792,235.9143,220.1325,204.7995,230.9272,205.1003,223.7307,226.8211,226.2678,246.3143,258.5801,253.0646,232.0947,225.0063,235.4851,235.0201,236.3717,210.7235,238.9520,216.1663,219.6523,218.6491,236.2171,244.7938,216.0006,239.7074,240.8077,240.8852,239.9853,236.7262,240.7714,240.6894,242.0148,240.9017,240.7144,236.9636,235.8432,231.1624,233.2014,0.0000,231.8864,235.3317,231.8860,227.8006,228.2829,233.6451,235.9350,231.1651,253.5917,234.5982,228.5811,230.2174,228.6768,230.3923,231.4398,223.1642,229.4293,230.3927
27.0000,217.6251,229.7697,230.3072,225.3563,219.4743,213.1889,212.8321,232.4484,231.9281,241.6040,234.7528,239.9320,233.4485,223.1243,221.9845,220.6960,231.6450,232.1601,226.9240,227.6652,219.3232,214.4628,216.7413,221.8571,212.4806,215.5701,215.9206,223.8668,248.1157,229.4081,231.1689,231.9275,247.5790,219.0294,218.4788,237.7625,231.6632,219.3294,231.0233,218.2616,230.9383,218.6210,235.2137,232.0809,250.0178,222.4030,236.3220,235.4273,217.4465,235.3404,229.1041,230.6172,245.5148,234.3457,239.5684,232.2830,231.7315,233.1177,219.0082,223.5035,234.1666,234.4507,232.8094,233.0437,239.6846,235.0154,235.3890,238.9401,235.2201,235.8200,247.2110,235.9332,228.1733,234.2102,224.7587,226.2901,230.5595,248.6541,241.9804,219.9731,228.9235,233.5521,231.7410,232.0770,232.3330,232.8250,232.9148,232.6032,232.5061,232.4197,232.4032,230.8482,230.3072,228.7412,227.8042,219.9281,222.2204,223.5631,0.0000,235.0577,237.4386,231.8265,222.5275,218.9857,227.1009,228.0995,232.4437,234.1013,233.8937,227.6990,233.5681,246.0164,241.0958,235.5089,213.1553,210.5868,236.7493,220.3555,230.5453,232.3762,235.4483,231.7937,232.1313,228.6611,220.9726,223.7115,241.3393,234.2712,219.2318,219.2888,228.2341,218.2507,200.0254,226.9511,231.1233,225.0932,232.0936,232.5660,233.0297,223.3411,208.3168,210.1472,223.7038,221.6696,235.3415,223.3030,222.6911,220.3025,234.0312,234.8631,239.7513,239.7514,236.2883,230.7417,237.2729,216.0360,225.9200,223.5735,229.3705,229.8186,234.8587,0.0000,230.9011,225.4370,229.2999,230.6181,230.0130,229.5873,242.4647,234.8731,232.4729,217.3331,202.0127,227.5463,202.3191,219.7033,223.6367,223.4624,243.1674,254.2174,249.0652,228.5359,221.7237,232.8260,232.3679,233.7003,207.3544,237.2998,213.1106,216.5783,215.6188,233.2983,241.6810,213.0346,236.9440,237.9158,237.9914,237.1453,233.9605,237.8813,237.9802,239.3267,238.0080,237.7914,234.6411,232.4033,227.8071,229.8210,0.0000,227.7745,231.8959,227.7742,224.5510,225.0213,230.2463,232.3012,227.5617,249.6141,231.1666,225.2134,226.9887,225.2857,225.9977,228.1136,220.9494,225.9975,225.9983
28.0000,221.5985,233.6648,234.2127,229.1170,223.1304,216.7121,216.3990,236.3880,235.8532,245.6908,238.7640,243.9478,237.4893,226.9248,225.6391,224.3321,235.4563,236.0227,230.4823,231.4110,222.8652,217.6951,220.0572,225.5063,216.0057,219.1255,219.4848,227.6834,252.2113,233.2959,235.0776,235.8427,251.6768,223.0317,222.4062,241.8101,235.5822,223.0964,234.9144,222.2638,235.5246,222.4094,239.2457,236.7198,254.1518,225.9488,240.2232,239.3145,221.0092,238.8120,232.7640,234.3240,246.9614,237.6174,242.9928,235.9998,235.6354,236.9035,222.5026,226.9907,237.7572,238.0475,236.5337,236.8009,239.6846,238.3649,238.5862,242.7010,238.8634,239.4793,250.3837,239.6341,231.5685,237.8014,228.3194,230.1121,234.4457,252.7476,246.0764,223.7328,232.7464,237.4391,235.6620,236.0078,236.2653,236.7669,236.8710,236.5469,236.4434,236.3962,236.3189,234.7306,234.1792,232.5687,231.6286,223.7465,226.0591,227.3765,0.0000,239.0622,241.4799,235.7390,226.2113,222.9059,230.6492,231.6760,235.9540,237.6054,237.4712,231.5060,237.5106,249.2682,245.1816,239.4945,216.6908,213.8981,240.8037,224.1513,234.4295,236.0850,239.1649,235.6959,236.0396,232.5393,224.4930,227.5311,245.4148,237.7534,222.7279,222.7858,232.1102,221.8153,203.3442,230.8540,235.0300,228.9561,236.0230,236.4847,236.9541,226.8892,211.7875,213.6318,227.3931,225.3256,239.0680,227.0306,226.3203,223.9005,237.4726,238.2231,244.0253,244.0254,240.4215,234.6453,241.3314,219.6170,229.6382,227.2593,233.2175,233.6839,238.3327,0.0000,234.5913,229.2003,232.9650,234.2897,233.8889,233.4684,246.5830,238.8539,236.3904,220.9999,205.4047,231.1286,205.7171,223.5842,227.4486,227.5391,247.8571,259.1522,253.1640,232.4601,225.3847,236.5902,236.0900,237.3725,210.8926,239.4452,216.6694,220.1732,219.1765,237.5667,246.3171,216.5786,240.7242,241.8755,241.9486,241.0087,237.6737,241.8383,241.7358,243.0956,241.9669,241.7962,238.1188,236.3189,231.6316,233.6864,0.0000,231.4629,235.8205,231.4625,228.2557,228.7375,234.1138,236.1954,231.1755,253.7220,235.0753,228.7205,230.5344,228.8100,229.6506,231.9715,224.3040,229.7340,229.6512
29.0000,183.0619,192.6944,193.1533,188.9958,183.2080,179.0783,178.6554,194.9139,194.6168,202.5694,196.8376,201.0982,196.1575,187.1476,186.3115,184.6746,193.8155,194.4753,190.8483,191.1072,184.4223,181.1739,182.8710,186.3284,178.4501,180.7830,181.0487,187.7814,207.8141,192.3912,193.9927,194.7200,207.3359,184.0919,183.6684,199.3626,194.3781,184.1747,193.7613,183.6267,194.8929,183.3949,197.2088,195.9084,209.3450,187.7743,200.1568,199.3478,182.6011,199.5512,194.4917,194.9986,208.1560,198.3084,202.6753,196.4739,194.1792,197.8304,184.8779,189.9063,198.1784,198.3982,197.4571,197.6772,203.5469,198.6677,199.0444,202.2439,199.2100,199.8190,209.1596,199.8939,193.5730,198.2156,189.6675,189.5956,193.1751,208.2501,202.8368,184.6341,191.6860,198.2566,194.4447,194.7117,194.9768,195.4061,195.4338,195.1789,195.1083,194.9106,195.0500,193.5936,193.1675,191.8880,191.0177,184.5084,186.4176,187.4907,0.0000,197.0982,199.0842,194.4678,186.8570,183.9893,191.1478,192.0073,196.2024,197.9734,197.9408,188.8850,196.0540,208.1426,202.1067,197.7603,179.0187,177.6351,198.6779,185.0186,193.4111,196.5846,199.3337,194.4266,194.7459,191.7114,186.5537,187.6408,202.3364,197.9879,185.0649,185.1130,191.2414,183.3056,167.9899,190.3555,193.9412,188.8018,194.7286,195.0861,195.4856,188.5528,174.9556,176.5107,187.8174,186.1095,199.2565,187.2683,187.0575,185.0288,197.8215,198.5270,201.0292,201.0293,198.1392,193.6041,199.3726,181.3905,189.7202,187.6968,192.4041,192.7900,198.4789,0.0000,194.2906,189.0579,194.6503,195.7144,192.9687,192.6451,203.2684,197.2479,195.1106,184.8443,171.9600,191.3821,172.2131,188.1438,187.5827,187.8469,204.7943,212.8175,208.5896,191.6752,185.2955,197.5428,197.1326,198.0002,176.9322,200.9637,178.9168,181.7279,180.8277,196.2247,203.5128,178.9151,200.5598,201.5352,201.5961,200.8489,198.1159,201.5045,201.4669,202.5711,201.6112,201.4569,198.3588,195.0500,191.0201,192.7920,0.0000,190.1735,194.5902,190.1732,188.5207,188.8983,193.1494,194.6423,190.9502,209.0578,193.9906,189.3750,191.0520,189.4572,188.2055,191.3253,187.6314,189.5328,188.2061
30.0000,183.7769,193.3162,193.7755,189.5348,183.7094,179.6132,179.2504,195.6841,195.2086,203.2969,197.5226,201.8139,196.6891,187.7500,187.1314,185.4601,194.7025,195.3200,192.0458,191.6852,184.8279,181.0250,182.8710,186.8737,179.0133,181.5367,181.8264,188.3951,208.5644,193.0129,194.5800,195.3190,208.1262,184.8409,184.3724,200.0735,194.9826,184.8157,194.4089,184.3458,195.6956,184.1566,197.8769,196.7186,210.1779,189.1096,202.1096,201.3009,183.3904,201.3136,196.2824,196.4530,209.8936,200.1370,204.3000,197.9632,194.9693,199.6904,186.1618,192.9919,199.9706,200.2015,199.2903,199.5225,205.2244,200.2972,200.7036,204.1008,201.0421,201.6629,210.8725,201.9633,196.1387,200.0076,190.9520,190.2452,193.9127,208.9998,203.5374,185.2829,191.6860,198.2566,195.0493,195.3189,195.5709,196.0049,196.0252,195.7717,195.7119,195.7065,195.7605,194.2507,193.8163,192.5753,191.6908,185.3100,187.1661,188.0998,0.0000,197.7816,199.7831,195.1049,187.4379,184.7298,192.3268,193.1589,197.6654,199.6591,199.7190,189.5737,196.7657,209.8632,202.8066,198.5029,179.5588,177.6598,199.4078,185.7466,193.9587,198.0846,201.2380,195.0764,195.3904,192.3410,187.8664,188.2162,203.0622,199.5924,186.3498,186.3982,191.9144,184.1059,168.5202,191.1222,194.5124,189.3182,195.3396,195.7327,196.1331,189.9063,175.4850,177.0408,188.5242,186.8101,201.1649,187.8020,187.8810,185.8366,199.4457,200.1502,202.1536,202.1537,199.1079,194.1997,200.2025,182.0414,190.6763,188.5616,193.0469,193.3257,200.0819,0.0000,195.6003,189.5967,196.4440,197.5173,193.5063,193.1539,203.9728,198.0296,195.8219,186.5986,173.7198,192.6032,173.9687,190.5566,188.1919,188.6150,205.5664,215.0552,209.3963,192.4493,186.0670,199.3921,198.9632,199.8195,179.0400,202.6353,179.4973,182.4021,181.5789,196.9807,204.2850,179.4744,202.5305,203.4998,203.5614,202.8048,200.1419,203.4680,203.3429,204.4311,203.5768,203.4395,200.2120,195.7605,191.6933,193.3276,0.0000,191.1296,195.1817,191.1293,189.2434,189.6250,193.8193,195.4637,192.0765,209.8478,194.5779,190.5657,192.2300,190.6415,189.1422,191.9563,190.6883,190.3625,189.1427
31.0000,184.0567,193.5060,193.9596,189.7407,183.9234,179.8351,179.4966,196.0180,195.4286,203.6363,197.8466,202.1444,196.9237,187.9639,187.3340,185.7979,194.4123,195.2145,192.4337,191.8120,184.9860,180.9714,182.8710,187.0801,179.2499,181.8558,182.1567,188.6205,209.0515,193.2058,194.8223,195.5522,208.6133,185.1467,184.6565,200.4019,195.2033,185.0678,194.6445,184.6254,195.9694,184.4669,198.2121,196.9919,210.6765,189.8827,203.3198,202.4339,183.7223,202.4660,197.5794,197.2831,210.7497,201.3344,205.1501,198.8017,194.9454,200.9443,186.9592,196.1915,201.0285,201.2791,200.5103,200.7577,206.0801,201.1843,201.6314,205.2331,202.3360,203.1126,211.7504,203.3100,198.4731,201.0652,191.8139,190.4444,193.9429,209.4957,203.9190,185.5386,191.6860,198.2566,195.2695,195.5373,195.7845,196.2124,196.2306,195.9845,195.9240,196.0251,195.9870,194.4905,194.0505,192.8202,191.9190,185.6061,187.4677,188.3140,0.0000,198.0937,200.1125,195.3356,187.6481,185.0343,192.8085,193.6633,198.4119,200.6022,200.7530,189.8403,196.9860,210.7595,203.1774,198.7187,179.8027,177.7003,199.5141,186.0524,194.1666,198.9184,202.3784,195.3060,195.6173,192.5380,188.6540,188.4481,203.4002,200.4525,187.1491,187.1978,192.0509,184.4353,168.7426,191.4370,194.7570,189.5883,195.5568,195.9572,196.3587,190.6598,175.7017,177.2594,188.8003,187.0836,202.2884,188.0059,188.2154,186.1692,200.3369,201.0323,202.4414,202.4415,199.4103,194.4299,200.3774,182.6232,190.6851,188.7118,193.2806,193.5326,200.9269,0.0000,195.9087,189.8026,197.7378,198.7829,193.7135,193.3685,204.3380,198.2348,196.0477,188.0867,175.1291,192.9767,175.3788,192.6013,188.4097,188.9611,206.1177,215.3331,209.9304,192.7666,186.3945,200.6365,200.2010,200.9527,180.6602,203.5307,179.7416,182.6863,181.8961,197.4965,204.8296,179.7218,203.7141,204.7600,204.8170,204.0072,201.2863,204.7266,204.4714,205.5632,204.8335,204.6948,201.6652,195.9870,191.9214,193.5344,0.0000,190.6184,195.4026,190.6181,189.5259,189.9071,194.0542,195.4030,192.1846,210.3710,194.8200,190.9616,192.7111,191.0184,188.3386,192.1839,193.9162,190.4448,188.3393
32.0000,187.1045,196.9973,197.4556,193.0885,187.1541,182.9247,182.6047,199.0984,198.9777,206.6977,201.0743,205.1834,200.3328,191.1895,190.7144,189.1417,197.8953,198.6620,196.1477,195.3375,188.2025,184.0240,185.9777,190.3841,182.3120,184.9707,185.2826,191.8303,211.9784,196.6948,198.4296,199.1714,211.5025,188.2288,187.7301,203.5786,198.7329,188.1759,198.1208,187.6791,199.1390,187.4253,201.4488,200.1720,213.5657,193.6616,207.7263,206.7610,187.0574,206.4350,201.4477,201.1740,214.6275,205.7913,209.2073,202.7193,198.3808,204.9888,190.6314,202.6925,205.2459,205.4987,204.5563,204.8138,209.5708,205.2632,205.7403,209.5886,206.7744,207.6989,215.9146,207.9126,204.0386,205.2818,195.5422,193.8612,197.3612,212.4059,207.0028,188.6445,194.4944,199.8209,198.7998,199.0746,199.3406,199.7729,199.7849,199.5409,199.4733,199.1382,199.4653,197.9569,197.4883,196.2687,195.3547,188.5801,190.5018,191.5279,0.0000,201.3305,203.2966,198.8287,190.9749,188.1383,196.5202,197.3756,202.3753,204.7349,204.9563,193.2335,200.4794,214.9443,206.2810,202.2696,182.8797,180.7226,203.1530,189.2193,197.6095,202.8335,206.7062,198.7869,199.1012,195.9964,192.3850,191.6866,206.4579,204.5286,190.8249,190.8745,195.4663,187.7979,171.6252,194.5097,198.3705,192.8593,199.0869,199.4536,199.8689,194.4892,178.7315,180.3095,192.1968,190.4493,206.6142,191.3229,191.6576,189.5634,204.4157,205.1071,205.6640,205.6640,202.5811,198.0082,203.8482,185.8429,194.2016,192.1397,196.7138,196.9432,205.0087,0.0000,199.7802,193.1513,201.6157,202.7132,197.1246,196.7545,207.3748,201.7095,199.5263,191.5823,178.4169,196.7193,178.6694,196.2730,191.6293,192.0551,209.2679,218.7860,212.8964,195.8516,189.7456,204.6774,204.2183,205.0752,184.0344,207.4435,182.8471,185.8291,185.0123,200.6367,207.9769,182.7851,208.0081,209.2232,209.2780,208.4102,205.6541,209.1879,208.8248,209.9257,209.2959,209.1384,206.0537,199.4653,195.3572,196.9451,0.0000,194.1186,198.9552,194.1184,192.9406,193.3291,197.5037,198.8396,195.8359,213.3142,198.4269,194.6841,196.4207,194.6852,191.8008,195.5674,200.2895,193.8518,191.8015
33.0000,177.3539,195.5245,195.9725,192.2397,186.1173,169.9375,172.7045,194.5009,197.4488,202.3669,197.1658,200.9547,198.8410,187.0102,189.6263,188.0580,196.1786,197.0995,194.9404,193.8835,192.1782,181.1398,186.0173,190.6889,170.2837,174.0354,174.4008,186.9203,207.7855,195.2289,196.9491,197.6874,207.9481,178.0985,177.9607,199.5694,197.1592,178.8569,196.4173,177.8941,188.6655,182.7735,197.1135,189.6364,209.9880,192.7237,206.9683,205.9519,186.1406,205.5931,200.5189,200.2766,214.2807,205.5047,208.4149,201.8377,196.8118,204.1641,189.7212,204.6553,204.5934,204.8183,203.7543,204.0140,209.5708,204.5975,205.1598,208.8818,206.2245,207.2403,215.2339,207.3985,204.9241,204.6296,194.6211,192.4119,195.8600,208.2011,202.9122,180.5965,193.1485,198.2566,197.2242,197.4524,197.7919,198.1868,198.2073,197.9977,197.8652,194.1148,197.8303,196.2716,195.8025,194.7077,193.8314,183.7340,184.4532,186.6130,0.0000,197.8668,199.5245,197.1146,189.7819,177.8532,195.4104,196.2792,201.5257,204.0437,204.3110,191.7458,198.8178,214.2693,202.2968,200.5636,173.0017,176.0454,201.7123,178.5546,196.2116,201.9555,206.0720,197.1111,197.4578,194.5301,191.4611,187.6589,202.1433,203.7837,189.9141,189.9635,194.0048,186.7322,160.3020,188.9218,196.9001,189.1466,197.2697,197.7820,198.2307,193.5321,166.0504,167.5161,191.3332,189.5934,205.9906,190.4630,190.4750,188.4877,203.6992,204.4333,200.4461,200.4462,197.4552,196.5314,202.3788,184.9511,193.0899,191.0465,195.1352,195.5805,204.2726,0.0000,198.5833,192.2832,200.6932,201.8293,195.7574,195.3717,203.1537,200.1648,197.8917,190.4146,177.3083,195.5051,177.5604,194.5467,187.0470,181.6668,197.5878,213.2072,208.0317,190.4234,188.6025,203.8584,203.3920,204.3502,182.6973,207.0528,173.1452,175.4073,174.0928,189.6253,196.4006,170.7257,207.2429,208.4581,208.5179,207.7176,205.1713,208.4233,208.1481,209.2178,208.5341,208.3718,205.2434,197.8303,193.8338,195.5824,0.0000,192.2229,197.4267,192.2227,191.9317,192.0508,195.8660,197.2612,194.4055,208.6648,196.9465,193.5116,195.3113,193.4738,189.6800,192.9521,202.3118,192.5777,189.6807
34.0000,175.9325,193.0333,193.4609,189.8854,183.9418,169.8181,172.0710,192.1545,195.0484,199.7106,194.8371,198.3533,196.2973,184.6222,186.8493,185.6785,192.5377,193.2001,192.9676,191.4822,188.9291,179.1790,183.4990,188.0858,169.9342,173.4759,173.8263,184.5595,204.9520,192.7482,194.5543,195.2741,205.1340,176.7004,176.5897,197.1426,194.7564,177.6542,194.0263,176.4531,186.8261,180.7359,194.8529,187.7610,207.1430,190.7373,206.0874,205.0960,183.7720,204.3517,199.3862,198.2020,212.8545,204.5335,206.5861,199.7501,193.3650,203.0442,187.7734,206.7894,203.4978,203.7386,202.6414,202.9140,208.2878,203.2339,203.8452,207.8855,205.1263,206.1167,213.7396,206.3429,205.3806,203.5307,192.6371,189.9425,192.6240,205.3411,200.3025,179.1247,191.6860,198.2565,194.8193,195.0579,195.3942,195.7873,195.7717,195.5747,195.4680,191.8984,195.3891,193.8895,193.4346,192.3687,191.4472,181.7106,182.5929,183.8786,0.0000,195.4654,197.0685,194.7010,187.4130,176.5905,193.5294,194.3850,199.9876,202.7896,203.2017,189.3897,196.3443,212.8143,199.7099,198.0405,172.3649,174.4616,199.0049,177.5578,193.9173,199.8656,205.1092,194.7107,195.0500,192.0420,189.4938,185.1985,199.4957,202.4073,187.9651,188.0140,191.3060,184.4862,159.9732,186.8994,194.5196,186.5355,194.8902,195.3668,195.8085,191.5388,166.0561,167.5161,188.9930,187.2746,205.0347,188.1352,188.2748,186.2206,202.3510,203.0648,198.2539,198.2539,195.2514,194.1159,199.7168,182.5993,190.2365,188.2450,192.7973,193.3166,202.8846,0.0000,196.5136,189.9331,199.5621,200.6904,193.4807,193.0968,200.4711,197.6163,195.4482,189.4369,176.3838,193.5218,176.6354,193.6893,184.6714,180.0813,194.8260,210.7439,205.2221,188.3457,186.2264,202.7460,202.2701,203.2503,181.7850,205.7348,172.4686,174.7820,173.5312,187.5643,193.7463,170.3600,206.3004,207.5798,207.6398,206.7913,204.3504,207.5438,207.1683,208.2199,207.6559,207.4944,204.2545,195.3891,191.4496,193.3185,0.0000,189.1724,195.0263,189.1723,189.6138,189.7735,193.4922,193.5860,192.0748,205.8448,194.5518,191.5463,193.4312,191.5229,186.6895,190.5603,204.3496,189.3603,186.6902
35.0000,175.3810,191.6724,192.0783,188.8243,183.0618,169.7867,171.4050,190.7795,193.8682,198.2991,193.6531,197.0003,195.1514,183.5990,185.0615,184.3892,189.6799,190.0903,191.8951,190.2173,187.5688,178.8950,182.8710,186.8967,169.7736,172.6655,173.0263,183.6072,203.6087,191.3967,193.3732,194.0855,203.9147,175.8859,176.1555,195.9244,193.5622,177.1428,192.8018,175.8704,185.6055,179.6243,193.7177,186.4828,206.1920,189.7179,206.0095,205.0548,182.4772,204.0372,199.2260,197.1185,212.1582,204.3428,205.6877,198.6529,190.7957,202.9395,186.7714,209.1535,203.2647,203.5246,202.5024,202.8033,207.6713,202.7427,203.3835,207.7103,204.8660,205.8129,213.1392,206.1999,206.3621,203.2968,191.6407,188.5414,190.3242,203.9796,199.0144,178.4589,191.6860,191.0485,193.6236,193.8661,194.2142,194.6025,194.5783,194.3804,194.2790,190.5752,194.0335,192.6598,192.2238,191.1497,190.1645,180.5597,181.5863,182.9341,0.0000,194.2393,195.8128,193.4592,186.2847,175.7427,192.5951,193.4655,199.3684,202.4087,202.9498,188.1553,194.9468,212.2543,198.4044,196.5455,171.6312,174.0885,197.6393,176.6299,192.8634,198.7587,205.0593,193.4561,193.7794,190.6574,188.4844,184.1344,198.0936,201.9246,186.9639,187.0125,189.5516,183.3092,159.8217,185.7511,193.3796,185.3853,193.7041,194.0938,194.5163,190.5211,166.0481,167.5161,187.8266,186.1186,204.9959,187.0860,187.1582,185.0325,201.8840,202.5704,196.2458,197.2229,193.5521,192.8935,198.1332,181.4397,188.3401,186.4375,191.6222,192.2961,202.3920,0.0000,195.4340,188.8739,199.4043,200.5297,192.4508,192.1168,199.0876,196.1278,194.0891,189.1668,176.0864,192.4463,176.3400,192.4868,183.6850,180.3739,202.6131,205.5604,203.9907,187.1486,184.9451,202.6308,202.1324,203.0561,181.3053,205.2215,171.7953,174.0328,172.7225,190.6483,200.7367,170.2036,206.0779,207.4828,207.5460,206.7037,204.6343,207.4462,207.0493,208.0444,207.5612,207.3698,204.3818,194.0335,190.1669,192.2980,0.0000,186.9168,193.8456,186.9169,188.4498,188.6306,192.2509,190.7554,190.6043,204.5569,193.3707,190.4735,192.4974,190.4630,184.4813,189.4094,206.6226,187.0525,184.4820
36.0000,175.3280,191.0473,191.4392,188.5404,183.0978,166.4752,168.8115,188.3965,193.2559,195.4760,191.5871,194.1847,194.2938,182.1439,184.5871,184.0224,188.8634,189.2256,191.6346,189.6952,188.5739,178.0791,182.8710,186.9053,166.7319,170.0177,170.4115,181.9549,200.5990,190.7763,192.7717,193.4185,200.9357,175.2280,175.3938,193.7217,192.9147,174.9872,192.0814,175.7937,185.0475,177.8137,191.4181,185.8813,203.1974,189.5156,206.6302,205.7758,182.1513,204.7012,200.0843,196.8199,212.3728,204.7754,205.6689,198.3154,189.9722,203.7971,186.6004,211.0097,203.6630,203.9348,203.2754,203.6167,207.9546,202.9569,203.6271,208.3075,205.0703,205.8501,213.4207,206.4342,207.4090,203.6954,191.5239,187.9928,189.6192,200.9468,196.4466,176.2875,191.5465,189.9922,192.9730,193.1578,193.6453,194.0557,193.9243,193.7509,193.6574,188.2641,193.3161,191.9448,191.5086,190.5344,189.5723,178.8820,179.4560,181.2657,0.0000,192.3541,193.6831,192.6786,185.8859,174.7649,192.3965,193.2711,199.4505,202.6910,203.3321,187.5520,194.2015,212.5557,195.9362,195.7304,168.9874,172.5844,201.2887,175.0103,192.3407,198.3700,205.6622,192.7462,193.0740,190.0466,188.3016,182.6881,195.2716,202.1295,186.7952,186.8438,188.9445,182.9508,156.9584,183.5393,192.8017,183.9596,192.9723,193.3908,193.8343,190.3202,162.8497,164.2917,187.4743,185.7698,205.6276,186.7999,186.7722,184.6708,202.1020,202.7802,193.4138,194.1984,190.9697,192.2875,197.4617,181.2106,187.8927,185.9948,190.9837,191.7943,202.5937,0.0000,195.2616,188.5850,200.2598,201.3567,191.9348,191.5670,196.3905,195.4370,193.3709,190.1484,177.1404,192.1930,177.3880,194.7616,182.1217,179.4099,199.9257,202.6747,201.0109,184.9088,184.5437,203.4583,202.9367,203.6454,182.7657,205.4853,169.2472,171.4091,170.0761,188.9608,198.2275,167.1282,206.4793,208.0674,208.1341,207.3213,205.5626,208.0301,207.6675,208.6445,208.1487,207.9352,205.0231,193.3161,189.5748,191.7964,0.0000,186.2911,193.2334,186.2912,188.0531,188.1556,191.5678,189.8802,190.2090,201.5446,192.7692,190.2028,192.2991,190.2013,183.8765,188.4170,208.3936,186.4243,183.8771
37.0000,175.3280,183.7828,184.1674,180.8752,175.5256,169.8131,169.5493,184.7483,185.7576,191.0286,186.6363,189.6300,186.8350,177.8477,177.8539,177.3255,182.2995,182.4468,184.9207,182.4472,177.4672,172.7720,175.0558,178.8640,169.2756,171.4048,171.7424,178.2211,195.7712,183.5236,185.2923,185.9628,196.1875,175.4997,175.5374,188.8789,185.5006,175.0331,184.9626,175.8305,185.8336,174.2607,186.8184,186.7351,198.5100,183.6211,199.9000,199.0410,175.3781,198.8400,194.7291,191.0772,205.1830,197.9381,199.5786,192.6476,183.0269,198.2287,180.5086,204.6806,196.9743,197.2366,197.5177,197.9144,200.7072,196.1311,196.7622,201.5568,198.4667,199.3142,206.3966,199.8964,200.7567,197.0061,184.9129,180.9074,182.6737,196.1106,191.6260,175.3330,183.9576,183.1368,185.5555,185.7392,186.1348,186.5505,186.4608,186.2542,186.1964,184.9300,186.0746,184.8458,184.4213,183.4442,182.4864,175.4732,176.9989,177.5206,0.0000,186.9908,188.6089,185.4994,179.3096,175.3194,185.6298,186.4396,192.6259,195.9338,196.6357,180.6491,186.8936,205.5839,191.0273,188.3093,169.7093,168.9843,189.3332,176.1277,184.5972,192.6939,198.9679,185.5928,185.9007,182.8408,182.3029,178.2496,190.8071,195.3193,180.6895,180.7365,181.8897,176.2024,159.3532,180.6826,185.3099,179.2109,185.7520,186.1829,186.5601,184.5320,166.0417,167.5161,180.1804,178.5421,198.9326,179.2102,179.9148,177.8588,195.3224,195.9557,191.2708,192.3691,188.2574,184.8629,189.9080,174.2344,181.5853,179.4416,183.8255,184.1959,195.7451,0.0000,188.4220,180.9228,194.8866,195.8702,184.3382,184.0218,191.7168,188.0460,186.1264,185.4914,173.1802,185.4634,173.4022,193.5749,178.1306,179.7578,200.2557,202.5414,196.2573,181.9153,177.8168,197.8224,197.2861,197.4136,179.7110,198.5143,169.8066,172.3888,171.4493,189.4289,198.5982,169.6406,199.6971,201.2820,201.3490,200.5735,198.9282,201.2456,200.9619,201.8830,201.3624,201.1498,198.3561,186.0746,182.4888,184.1972,0.0000,180.1648,185.7380,180.1649,180.8340,181.1279,184.4459,182.9933,183.6734,196.7505,185.2898,183.5171,185.5363,183.5351,178.0810,182.3403,201.9535,179.6729,178.0816
38.0000,185.4821,193.7572,194.1850,190.2805,184.5693,180.4773,179.7911,197.5195,195.8524,204.2669,198.3757,202.5812,197.0118,188.2160,187.5646,187.0800,192.5007,192.5927,194.8083,192.2608,185.6237,180.6428,182.8710,187.9332,179.8896,182.1425,182.5371,188.8728,209.6282,193.4661,195.2959,196.0291,210.1540,186.2331,186.1196,201.1040,195.6376,185.9154,195.1836,186.0423,197.2114,185.5108,198.6827,198.2181,212.5127,192.7245,210.2464,209.2859,184.7608,209.5716,205.4438,199.2360,214.9779,208.2674,209.4257,201.2922,193.1095,209.2185,189.5824,215.7884,207.3388,207.6049,208.3542,208.8356,209.5708,206.3512,206.9780,212.1884,209.0603,210.0787,216.9819,210.6701,211.5185,207.3733,194.5082,190.5907,192.7766,210.0500,204.5311,186.2797,191.6860,193.3493,195.6997,195.8875,196.2701,196.7462,196.6563,196.4093,196.3769,197.4754,196.4414,195.0589,194.5588,193.4204,192.3554,186.7266,188.5344,188.1388,0.0000,198.6323,200.7165,195.8029,188.7080,186.2130,195.5482,196.3836,202.7805,206.2118,206.9820,190.6175,197.3151,216.1788,203.7667,198.8353,179.8370,177.4192,200.7069,187.4120,194.3446,201.5298,209.3957,195.8687,196.2207,192.7187,191.4159,188.6247,203.9998,205.5637,189.7841,189.8335,191.7690,185.6445,169.3450,192.6821,195.2609,189.6027,195.9678,196.4871,196.8714,193.8018,176.3605,177.9057,189.7635,188.0383,209.3473,188.5328,189.5659,187.3897,205.5479,206.1737,205.1650,206.5879,201.5077,194.8515,201.2726,183.2468,192.2419,189.5509,193.8092,193.8501,206.0032,0.0000,198.5551,190.3345,205.6106,206.6377,194.0182,193.6315,204.7929,198.9287,196.5051,195.6932,182.6900,195.3879,182.9250,204.2442,188.6641,191.3575,215.9155,218.5641,210.2421,194.0715,187.6030,208.7463,208.1405,208.0186,189.5741,208.3772,180.0043,182.9660,182.1825,202.9202,213.9238,180.3031,210.1395,211.6779,211.7541,210.9976,209.3473,211.6410,211.5715,212.5325,211.7664,211.4984,208.7326,196.4414,192.3579,193.8513,0.0000,190.1474,195.8287,190.1474,190.4988,190.8686,194.5689,193.1458,193.6545,210.7834,195.2931,193.2737,195.4512,193.3474,187.9596,192.6166,212.8229,189.5557,187.9603
39.0000,215.1314,223.8900,224.3768,219.9293,213.3250,208.8048,207.9873,229.2913,226.4418,237.3608,229.9460,235.3542,227.6767,218.0347,216.8856,216.1857,222.9497,222.8861,224.7946,222.2784,214.5835,208.6730,211.2983,217.2338,208.1768,210.7895,211.2507,218.8365,243.7762,223.5561,225.7546,226.6059,244.5168,216.1399,215.8784,233.2672,226.2092,215.3894,225.6849,215.7774,228.6527,215.0580,230.3283,229.8131,247.3474,222.6510,242.2964,241.1894,213.5358,241.5724,236.8647,230.1847,246.8236,240.0437,241.6636,232.5452,223.3474,241.3107,218.9835,248.9266,239.1274,239.4533,240.2897,240.8569,239.8141,237.9072,238.5442,244.6567,241.1173,242.2989,249.9765,242.8970,243.8447,239.1670,224.6138,220.1464,222.9379,244.2876,237.4945,215.8108,221.2562,223.7696,226.2841,226.4975,226.9254,227.4859,227.3967,227.0977,227.0625,229.0149,227.0743,225.5227,224.9288,223.5329,222.2611,216.4265,218.5435,218.0063,0.0000,230.2168,232.7922,226.4562,218.1332,216.0343,225.7413,226.7168,233.9395,237.8182,238.7167,220.0685,228.0575,249.0925,236.5542,229.7778,208.0532,204.9938,232.0859,217.2588,224.6309,232.8090,241.4337,226.4628,226.8805,222.6622,221.1178,218.5351,237.0428,237.0827,219.2145,219.2715,221.6084,214.5197,195.9739,223.3892,225.7130,219.7218,226.6094,227.1784,227.6160,223.9122,204.0604,205.8373,219.3056,217.3114,241.3557,217.9089,219.0253,216.5365,237.0373,237.7108,237.7664,239.4258,233.6038,225.2207,232.8905,211.7575,222.4619,219.2580,224.0269,224.0423,237.5823,0.0000,227.0358,219.9914,237.0614,238.2629,224.2357,223.7766,237.8777,230.0618,227.1507,225.5151,210.2877,225.2579,210.5710,233.8531,218.5818,221.8503,249.3792,252.4479,244.6225,225.0166,216.7599,240.7558,240.0358,239.9046,217.6401,239.5919,208.2317,211.7006,210.8345,234.6977,247.1398,208.6560,242.5745,243.9226,244.0093,243.1740,241.3557,243.8817,243.9431,245.0535,244.0236,243.7261,240.6910,227.0743,222.2640,224.0438,0.0000,220.4853,226.4116,220.4854,220.1518,220.5791,224.9035,223.4538,223.8167,245.2387,225.7513,222.9792,225.6333,223.1282,218.2958,222.8676,245.3969,219.2613,218.2964
40.0000,215.9796,224.8974,225.3809,220.9643,214.3513,209.8487,209.0381,230.2556,227.4840,238.3902,230.9282,236.4408,228.7907,219.0105,217.9405,217.2118,224.0400,223.9447,226.1123,223.3191,215.6575,209.8283,212.4251,218.2895,209.2113,211.8589,212.3157,219.8145,244.7301,224.5663,226.7866,227.6437,245.4427,216.9941,216.7608,234.2624,227.2503,216.3669,226.7130,216.6206,229.3928,215.9689,231.3030,230.5439,248.2478,223.7437,243.4804,242.3684,214.5705,242.3840,237.6484,231.1984,247.2224,240.9856,242.6187,233.5404,224.4062,242.1213,220.0792,249.9072,240.1260,240.4385,241.1348,241.6990,239.8141,238.8668,239.4517,245.6819,242.1098,243.2804,250.8563,243.9155,244.8175,240.1657,225.7773,221.1471,223.9833,245.2413,238.4813,216.7866,222.2790,224.8121,227.3261,227.5463,227.9690,228.5325,228.4487,228.1454,228.1104,229.9573,228.0518,226.5465,225.9481,224.5565,223.2765,217.3545,219.4777,218.9774,0.0000,231.2073,233.7850,227.4976,219.1893,216.9259,227.0257,227.8812,234.9949,238.8173,239.7173,221.0754,229.0132,249.9865,237.5427,230.7255,209.1703,206.1762,233.0291,218.2328,225.6685,233.8074,242.4990,227.4817,227.8909,223.6743,222.2124,219.5131,238.0814,238.0909,220.3123,220.3696,222.6258,215.5569,196.9479,224.3292,226.7480,220.7059,227.6562,228.2019,228.6402,225.0104,205.0824,206.8671,220.3468,218.3434,242.4400,218.9337,220.0832,217.5835,238.0305,238.6758,238.5736,240.2133,234.4755,226.2474,233.7461,212.6952,223.6026,220.3382,225.0516,225.0782,238.5864,0.0000,228.3316,221.0260,237.8480,239.0615,225.2755,224.8473,238.8705,230.9715,228.1281,226.2052,210.8961,226.5877,211.1821,234.1051,219.5603,222.7009,249.9950,253.0528,245.5522,225.9579,217.7832,241.5811,240.8618,240.8234,218.1444,240.1958,209.2960,212.7785,211.9043,235.5255,247.7810,209.7070,243.4262,245.1445,245.2294,244.3593,242.4400,245.1017,244.9827,246.0803,245.2446,244.9747,241.7414,228.0518,223.2794,225.0796,0.0000,221.6348,227.4533,221.6348,221.1944,221.6203,225.9161,224.5129,225.0965,246.1717,226.7833,224.3016,226.9281,224.5183,219.4340,223.8764,246.3722,220.3177,219.4346
41.0000,214.1993,223.8958,224.3600,220.0460,213.4911,208.9397,208.1455,228.9108,226.4957,236.9812,229.7611,235.1443,227.8162,218.0047,217.2340,216.3556,223.7740,223.4295,225.8593,222.3511,214.7889,209.0298,211.6060,217.4139,208.2849,211.0238,211.4837,218.7784,243.0938,223.5771,225.7974,226.6371,243.7525,215.1371,215.0693,233.0134,226.2657,215.1750,225.7447,214.8106,226.9779,214.6640,230.1610,228.0744,246.4816,222.7766,243.0815,241.9984,213.8065,241.6185,236.7729,230.0937,247.0836,240.3814,241.6571,232.3978,223.7551,241.2112,219.2095,249.0887,239.5850,239.9061,240.3061,240.8421,239.8141,238.3192,238.9184,245.1767,241.5084,242.6211,250.2886,243.3149,244.1150,239.6246,224.9862,220.2109,223.2332,243.5859,237.0952,215.6449,221.3372,224.2799,226.3410,226.5615,226.9756,227.5346,227.4608,227.1513,227.1184,228.6473,227.0364,225.5824,224.9847,223.6399,222.3536,215.9736,218.1980,217.9895,0.0000,230.0382,232.5450,226.5355,218.3039,215.1995,226.6645,227.3634,234.4566,238.2705,239.1741,220.1549,227.9621,249.3984,236.1866,229.6395,208.2821,205.3566,231.9268,216.7593,224.7071,232.6742,242.0034,226.5084,226.9358,222.7001,221.2928,218.5110,236.6904,237.5409,219.4439,219.5010,221.7546,214.8091,196.0756,223.0404,225.7596,219.7122,226.6764,227.2060,227.6221,224.0021,204.1789,205.9648,219.5112,217.5151,241.9501,218.0231,219.3340,216.8287,237.4809,238.1291,237.3143,238.9525,233.1921,225.2582,232.5840,211.8966,222.7719,219.5633,224.1113,224.1245,238.0379,0.0000,228.0484,220.1066,236.9739,238.1927,224.3210,223.9187,237.4757,229.8792,227.1114,225.3628,210.0434,226.3276,210.3319,232.4017,218.5357,220.9817,248.9176,251.9144,243.8625,224.6642,216.9176,240.7052,240.0050,240.1507,217.0758,239.8254,208.4078,211.9079,211.0687,234.2196,246.6528,208.8008,242.9479,244.7603,244.8432,243.9100,241.9501,244.7165,244.4731,245.5734,244.8589,244.6081,241.2499,227.0364,222.3565,224.1259,0.0000,221.8595,226.4650,221.8596,220.3594,220.7828,224.9567,223.9174,225.0036,244.4779,225.7942,224.0811,226.5775,224.3399,219.9880,222.8940,245.6343,219.6864,219.9885
42.0000,214.2419,224.1807,224.6297,220.3917,213.8606,209.2779,208.5015,229.3415,226.8249,237.4536,230.2478,235.8072,228.1550,218.3327,217.5539,216.6429,224.1175,223.7449,226.5518,222.6695,215.1442,209.4077,211.9849,217.7645,208.6185,211.3607,211.8171,219.1215,243.3211,223.8707,226.1199,226.9712,243.9179,215.1800,215.1573,233.5076,226.5970,215.4851,226.0864,214.8417,226.7749,215.1037,230.6749,227.8503,246.5736,222.9445,243.9068,242.8816,214.1585,241.8932,236.9774,230.0900,247.3557,240.9164,241.8112,232.3583,224.0706,241.4336,219.4530,249.8116,240.2092,240.5599,240.6057,241.1242,239.8141,238.8735,239.4452,245.8162,242.0509,243.0756,250.7455,243.9178,244.6471,240.2487,225.3422,220.5204,223.5233,243.8038,237.4901,215.9945,221.6767,224.5837,226.6723,226.8923,227.3028,227.8605,227.7932,227.4805,227.4466,229.0902,227.3690,225.9266,225.3371,223.9994,222.6954,216.4147,218.6363,218.3233,0.0000,230.5056,233.0212,226.8748,218.6476,215.2495,227.3462,227.9464,235.0390,238.8620,239.7891,220.4781,228.2819,249.8642,236.6015,229.9738,208.6549,205.6823,232.3168,216.8245,225.0481,232.6477,242.6903,226.8395,227.2570,223.0003,221.4983,218.8354,237.1933,238.1211,219.6901,219.7472,222.0570,215.1930,196.3897,223.4859,226.0695,220.0279,227.0044,227.5309,227.9404,224.1449,204.5182,206.3018,219.8920,217.8927,242.6338,218.3654,219.7479,217.2163,238.0521,238.6860,237.4581,239.0852,233.4781,225.5737,232.7888,212.2985,222.8872,219.7908,224.4651,224.4682,238.6201,0.0000,228.7754,220.4523,237.1825,238.4177,224.6646,224.2750,237.8867,230.1500,227.4433,225.5136,210.0855,227.0249,210.3793,231.7416,218.8725,220.9337,248.4111,251.4424,244.0287,225.1103,217.2101,240.9603,240.2689,240.6120,216.9445,240.1621,208.7635,212.2580,211.4064,233.9104,246.1744,209.1499,243.8678,245.5868,245.6654,244.6731,242.6338,245.5419,245.1217,246.2139,245.6825,245.4632,241.9513,227.3690,222.6983,224.4696,0.0000,222.3000,226.7938,222.3000,220.7435,221.1658,225.3058,224.2301,225.6071,244.6421,226.1167,224.8441,227.2680,225.0735,220.4252,223.2308,246.2245,220.0046,220.4256
43.0000,215.6230,226.0288,226.4609,222.3258,215.7713,210.9971,210.2347,231.4209,228.7959,239.7426,232.5593,238.2948,230.0632,220.3589,219.3751,218.3584,226.0808,225.8366,228.4796,224.5320,216.9545,211.1576,213.7674,219.6123,210.3334,213.1015,213.5648,221.1395,245.4503,225.7280,228.0728,228.9361,246.0114,216.6012,216.6217,235.7873,228.5619,217.2489,228.0364,216.2084,227.8448,217.0142,233.0989,228.8933,248.6379,224.2987,245.5723,244.5596,215.9234,243.0612,238.0820,231.3593,248.0084,242.4126,243.0493,233.6250,226.1122,242.5473,220.8661,251.1158,241.8146,242.1743,241.8196,242.3173,239.8141,240.4290,240.9230,247.4866,243.5991,244.5742,252.1210,245.3031,246.1100,241.8542,226.8718,222.3742,225.5036,245.9266,239.7176,217.8487,223.6659,226.6593,228.6376,228.8680,229.2619,229.8089,229.7592,229.4451,229.4063,231.1473,229.3167,227.8737,227.3056,225.9295,224.5986,218.2351,220.5921,220.3446,0.0000,232.7604,235.2930,228.8196,220.4950,216.6792,229.2671,229.7983,236.7304,240.4661,241.3965,222.3327,230.2209,251.2691,238.8429,231.9255,210.3723,207.3471,234.0341,218.2816,227.1187,233.9538,244.3281,228.7775,229.1933,224.8602,222.8801,220.8888,239.5140,239.7392,221.1053,221.1628,223.9662,216.9842,198.0040,225.4912,228.0026,222.1382,228.9630,229.4598,229.8594,225.4678,206.1407,207.9725,221.7655,219.7489,244.2737,220.2831,221.5897,219.0243,239.6459,240.2492,239.2169,240.8489,235.3785,227.5035,234.7125,214.1923,224.4089,221.4830,226.4256,226.4825,240.2370,0.0000,230.6999,222.3883,238.2918,239.5442,226.6740,226.2868,240.1501,232.0855,229.3913,226.4902,210.9080,228.9238,211.2075,231.7332,220.8957,222.2782,249.4320,252.5719,246.1250,227.1314,218.9460,242.1170,241.4389,242.0245,217.5367,241.1239,210.4946,214.0120,213.1479,235.0951,247.2198,210.8720,245.5474,247.2781,247.3566,246.3328,244.2737,247.2325,246.7828,247.8871,247.3740,247.1495,243.5869,229.3167,224.6015,226.4840,0.0000,224.0743,228.7634,224.0744,222.6256,223.0551,227.2553,226.2923,227.4756,246.7460,228.0696,226.8277,229.1966,227.0368,222.0812,225.2094,247.6391,221.9323,222.0819
44.0000,211.1651,223.1005,223.4953,219.5449,213.1661,208.0115,207.3646,226.9320,225.7959,235.1521,228.7659,233.9258,227.0362,216.9986,217.7473,215.8747,225.9836,226.1518,226.5683,221.5471,214.1796,208.5128,211.0865,216.8939,207.2653,210.0169,210.4543,217.7178,240.3359,222.8272,225.0997,225.9168,240.7190,212.1767,212.3309,231.6993,225.5566,213.6789,225.0364,211.6917,222.1374,213.2688,229.2721,223.0784,243.0970,221.8402,243.2526,242.3029,213.7067,240.1886,234.8806,229.0928,247.0664,240.2625,240.6279,231.2103,225.3781,239.2233,218.5595,248.6377,239.5020,239.8652,238.7291,239.1536,239.8141,238.2807,238.8593,245.1616,241.1331,241.9918,250.0353,242.7855,243.7269,239.5412,224.5925,219.6931,224.2630,240.7700,235.2386,214.3208,220.8574,227.0188,225.6299,225.8874,226.2433,226.7675,226.6979,226.4035,226.3913,226.7723,226.2888,224.8907,224.3578,223.1207,221.8370,214.4924,216.7601,216.9872,0.0000,228.9898,231.2582,225.7937,217.7600,212.3720,227.1522,227.5570,234.5063,238.2258,239.0969,219.8248,227.1423,249.1178,234.4494,228.7752,207.4844,204.5495,230.7056,214.1850,224.3014,231.5540,241.9978,225.7393,226.1343,222.0476,220.4902,217.4608,234.9588,237.5208,218.7964,218.8533,221.7699,214.6565,195.1159,221.4095,225.0342,218.5681,225.9549,226.3822,226.7577,222.8834,203.2125,205.0249,219.1298,217.1373,241.9498,217.5271,219.1430,216.6748,237.4446,238.0958,233.8472,235.3417,230.4823,224.5480,231.3072,212.0973,222.2566,219.6035,223.5555,223.6385,238.0307,0.0000,228.7915,219.6059,235.0922,236.3698,223.8194,223.4738,235.6017,228.8694,226.3595,223.2654,207.6740,227.0239,207.9812,226.5095,217.5001,217.3631,242.3186,245.4608,240.8303,222.9655,216.4588,238.8865,238.2795,239.3193,213.6628,239.6882,207.6092,210.9955,210.0650,229.1155,240.2695,207.7978,243.1946,244.9327,245.0098,244.0026,241.9498,244.8875,244.4318,245.5582,245.0273,244.8016,241.2677,226.2888,221.8399,223.6401,0.0000,223.4195,225.7648,223.4194,219.9890,220.4164,224.3386,226.0119,225.9302,241.4384,225.0966,224.9812,227.0884,225.1906,221.4314,222.0753,245.2271,221.0674,221.4321
45.0000,184.8209,222.6029,222.9859,220.8795,213.7617,169.8399,179.3846,215.0454,224.9736,224.7508,219.9970,224.0539,226.5265,207.5891,218.3631,216.0555,226.0982,226.3893,226.4534,221.3091,231.2520,203.2140,215.3161,221.9568,172.2451,179.0207,179.6176,205.9218,230.3937,222.3454,224.4554,225.2410,230.6943,185.5801,185.9535,222.5095,224.5636,187.7090,223.5531,185.2533,193.8188,201.5033,219.1362,194.5902,232.8724,222.5654,243.1882,242.2810,214.5213,239.6873,234.1795,230.8298,247.0366,240.1740,241.2081,232.6045,225.3620,238.5084,219.1729,248.6353,239.3273,239.6936,238.1377,238.5292,239.8141,238.1881,238.7677,244.9199,240.8652,241.6462,249.9820,242.5567,243.5582,239.3665,224.9886,219.2288,224.0930,230.7943,225.7253,192.2163,220.5967,227.4946,224.6311,224.7550,225.3338,225.7138,225.7238,225.5355,225.2812,213.3623,225.1090,223.4512,222.9515,222.0906,220.9995,202.0894,200.5235,205.2733,0.0000,221.6744,222.8893,224.2923,217.9648,184.9213,227.0060,227.3298,234.3411,238.0613,238.9240,218.8830,225.9624,249.0431,225.3221,227.7034,179.5792,193.3622,230.4558,184.8448,223.9897,232.8073,241.8404,224.3238,224.8044,221.5678,221.1514,208.6536,224.6420,237.3645,219.4016,219.4586,221.3790,214.9035,162.1484,206.4499,224.3987,211.0221,224.1704,224.9896,225.4718,223.5258,166.0619,167.5161,220.2153,218.2129,241.8008,218.7880,219.0177,216.9241,237.2849,237.9999,216.8863,217.2257,215.2189,223.9434,230.1356,213.0628,222.5103,220.0617,222.4932,223.3744,237.9049,0.0000,228.6475,220.8789,234.3949,235.7000,223.5445,223.1638,225.6748,227.7054,225.1781,222.3944,206.7197,226.9005,207.0331,224.4067,206.7794,190.7866,217.4110,222.3759,230.8042,208.4465,216.4738,238.2202,237.6433,238.9485,212.3259,239.5935,180.2817,181.5435,179.1159,202.7348,215.0667,172.6962,243.0292,244.8680,244.9426,243.8852,241.8008,244.8222,244.2081,245.3162,244.9609,244.7184,241.1256,225.1090,221.0023,223.3763,0.0000,223.4800,224.9451,223.4799,220.5972,220.1438,223.0980,226.0933,225.8619,231.3993,224.4528,224.8980,226.9471,225.1139,221.5060,217.6726,245.1090,221.5343,221.5053
46.0000,192.6471,193.0252,193.3245,190.1725,184.7936,180.9685,180.1168,195.7524,195.2714,202.6847,197.7319,201.8022,196.4094,188.2682,188.6046,186.7375,195.8026,196.0176,196.6539,191.7017,185.8000,180.6379,182.9705,188.0160,180.5081,183.0806,183.5361,189.0472,207.1621,192.8189,194.7156,195.3718,207.8383,191.2583,191.0155,200.0603,195.0492,187.1644,194.6276,193.0585,201.1952,184.5940,198.2114,201.9278,211.0336,192.7600,211.4896,210.7335,185.1752,208.2582,203.1864,199.9055,216.9181,209.0588,209.4046,201.3438,195.2501,206.8768,189.8963,216.1026,208.0953,208.4165,206.6732,206.9659,211.9529,207.2336,207.8839,212.9237,209.3485,209.9609,217.8085,210.8083,211.8886,208.1295,195.0512,190.1815,194.1824,207.4811,202.9474,186.7873,191.6860,196.9619,195.1080,195.3242,195.6207,196.0308,195.9808,195.7487,195.7262,195.8717,195.6591,194.5119,194.1094,193.1135,192.0142,185.7949,187.9070,188.4689,0.0000,197.8856,199.7136,195.2168,188.7601,190.1178,197.1729,197.4700,203.7254,207.0502,207.7495,190.1374,196.3533,216.9070,202.3071,197.7169,179.9928,177.2383,198.9297,189.1069,194.2254,201.5350,210.2836,195.1856,195.5076,192.1606,191.5742,188.7023,202.5460,206.4403,190.0979,190.1473,191.9654,186.0046,169.9272,191.6101,194.6643,189.7284,195.3778,195.6978,195.9954,193.5491,176.8472,178.3928,189.8115,188.0856,210.2543,188.4216,189.8970,187.7535,206.4109,207.0594,201.4396,202.5275,198.7933,194.2552,199.5292,184.0992,191.7954,189.9127,193.4748,193.6436,206.9027,0.0000,198.6400,190.2222,203.3735,204.5275,193.7874,193.5471,203.1915,197.6502,195.7146,192.8686,179.0530,197.0523,179.3362,192.8066,188.7896,194.6703,210.1824,211.4231,207.8864,192.8481,187.2402,206.6703,206.2132,207.5729,183.4074,209.6088,180.3226,183.6003,183.1120,202.2395,208.9774,180.9907,211.3237,212.9484,213.0125,212.0885,210.2543,212.9084,212.3060,213.2682,213.0287,212.8220,209.6707,195.6591,192.0167,193.6451,0.0000,193.6800,195.2463,193.6799,190.5418,190.8984,194.0928,195.8212,195.9965,208.2780,194.7132,195.2779,197.1224,195.4825,191.9622,192.2855,213.1759,191.5326,191.9616
47.0000,182.3034,183.1852,183.4361,180.8566,175.8959,172.0462,171.1479,185.2593,185.4552,191.7870,187.4404,191.0302,186.6261,178.9495,179.0439,177.2109,185.8269,186.0498,186.7472,181.9146,176.9959,173.2324,175.1639,178.8358,171.5352,173.6506,174.0257,179.7525,195.7611,183.0072,184.9454,185.5437,196.2721,180.9349,180.8536,189.5199,185.2202,177.6598,184.7755,182.6704,189.9218,174.9893,187.8846,190.5744,199.1928,182.5552,200.4985,199.7719,175.8430,197.2015,192.2954,189.0332,205.5940,198.3112,198.1656,190.3088,185.3063,195.8246,179.9299,204.7509,197.3786,197.6826,195.7077,195.9665,200.8635,196.5769,197.1821,201.9390,198.5736,199.1651,206.4994,199.9080,200.9160,197.4110,184.9620,180.5021,184.2450,196.0442,192.0891,177.3479,183.6702,186.9794,185.2739,185.4807,185.7702,186.1364,186.0896,185.8836,185.8511,185.4798,185.6532,184.6612,184.3117,183.3584,182.2900,176.1736,178.1667,179.5850,0.0000,187.5946,189.2173,185.3024,179.4539,179.8701,187.1999,187.4623,193.3169,196.4118,197.0582,180.4873,186.2827,205.6476,191.5215,187.5178,171.1704,169.4955,188.7834,178.9459,184.6532,190.5013,199.4211,185.2817,185.5754,182.3731,181.4763,179.3778,191.6683,195.8550,180.1252,180.1720,182.1562,176.6386,161.4801,181.5709,184.9229,180.3854,185.5118,185.7579,186.0363,183.2868,168.0924,169.5825,180.3201,178.6804,199.3884,179.1909,180.3401,178.2995,195.8084,196.4150,190.4780,191.4449,188.1029,184.4751,189.0081,174.9224,181.8267,180.1815,183.7598,184.1482,196.3002,0.0000,189.1699,180.9034,192.4774,193.5958,184.2766,184.1070,192.3122,187.3660,185.7022,182.3234,169.1656,187.1876,169.4383,181.2426,179.4775,184.0577,198.1520,199.2261,196.3244,182.7076,177.6953,195.6592,195.2359,196.7229,172.9695,198.7286,171.3731,174.3141,173.6860,190.8964,197.0337,171.9944,200.4527,201.8771,201.9411,201.1031,199.3884,201.8398,201.3330,202.2658,201.9562,201.7704,198.8435,185.6532,182.2923,184.1498,0.0000,183.8334,185.4317,183.8333,180.9932,181.3174,184.2698,185.8486,186.0819,196.7228,184.9432,185.4243,187.1528,185.6320,182.1979,182.6300,202.0878,181.8112,182.1973
48.0000,180.3700,181.8558,182.0861,179.5487,174.8741,170.6316,169.7864,183.4557,183.9952,189.7513,185.7550,189.0761,185.1949,177.8477,177.6324,175.9211,184.3682,184.6309,185.2964,180.4642,175.6257,171.9386,173.8334,177.4793,170.0971,172.1174,172.4778,178.4843,193.4752,181.6919,183.5240,184.0746,193.9298,179.0538,179.0206,187.7072,183.7539,176.1196,183.3309,180.7131,187.4864,173.3929,186.2001,188.0959,196.6968,180.8392,198.8462,198.1145,174.4857,195.2497,190.2996,187.0285,203.8109,196.5713,196.1785,188.2274,183.9680,193.8243,178.3051,202.7461,195.7236,196.0238,193.7740,194.0136,199.1176,194.9268,195.5097,200.2478,196.9291,197.5288,204.7007,198.1708,199.0592,195.7556,183.4001,179.3753,182.9127,193.7352,190.0929,175.8685,182.8101,185.5620,183.8046,184.0035,184.2926,184.6369,184.5971,184.4000,184.3597,183.7776,184.1624,183.2238,182.9012,182.0027,181.0156,174.5756,176.5801,178.3287,0.0000,185.9067,187.4219,183.8182,178.0920,177.9796,185.7369,185.9981,191.7376,194.7725,195.4087,179.5581,184.7655,203.8514,189.5653,185.9518,169.8168,168.2225,187.2810,177.0256,183.2870,188.4285,197.7581,183.8072,184.0824,181.1219,179.8039,178.2668,189.6456,194.2250,178.5015,178.5480,180.9392,175.2824,160.1262,179.9286,183.5137,179.2508,184.0356,184.2568,184.5163,181.5525,166.7091,168.1878,178.9490,177.3219,197.7264,177.8964,178.9599,176.9305,194.1757,194.7688,189.1719,190.1414,186.6091,183.0795,187.2643,173.7061,180.1039,178.6395,182.3778,182.8079,194.6649,0.0000,187.8872,179.5964,190.4840,191.6133,182.9304,182.7897,190.2994,185.7367,184.2082,180.3283,167.2030,185.7454,167.4784,178.4220,178.2832,182.1621,196.1965,197.2876,193.9804,181.0474,176.4583,193.6866,193.2754,194.9227,170.7265,197.0018,170.0057,172.8487,172.1548,189.0493,195.0499,170.5372,198.7833,200.2276,200.2902,199.4359,197.7264,200.1903,199.6391,200.5718,200.3054,200.1169,197.1873,184.1624,181.0180,182.8094,0.0000,182.3850,183.9738,182.3849,179.6171,179.9411,182.8636,184.4690,184.6079,194.3758,183.5220,183.9912,185.6915,184.2015,180.7622,181.3119,200.1858,180.3965,180.7616
