"ETAPA \ BARRA","AGUAYTIA 220","BALNEARIO 220","BALNEARIOS 60 A","CALLAHUANCA 220","CALLAHUANCA 60","CARHUAMAYO 220","CARHUAMAYO NUEVA 138","CARHUAQUERO 220","CHAVARRIA 220 A","CHICLAYO OESTE 220","CHIMBOTE 220","GUADALUPE 220","HUACHIPA 60","HUACHO 220","HUANCAVELICA 220","HUAYUCACHI 220","ICA 220","INDEPENDENCIA 220","MARCONA220","MOYOPAMPA 60","OROYA NUEVA 220","OROYA NUEVA 138","OROYA NUEVA 50","PACHACHACA 220","PARAGSHA2 220","PARAGSHA 138","PARAGSHA 50","PARAMONGA NUEVA 220","PIURA OESTE 220","SAN JUAN 220","SANTA ROSA 220 A","SANTA ROSA EDS 60","TALARA 220","TINGO MARIA 138","TINGO MARIA 220","TRUJILLO 220","VENTANILLA 220","VIZCARRA 220","ZAPALLAL 220","AGUAYTIA 138","PUCALLPA 138","HUALLANCA 138","CHIMBOTE 138","PUCALLPA 60","ZORRITOS 220","ABANCAY NUEVA 138","ARICOTA138","ARICOTA II 66","CAMPO ARMINO 220","AYAVIRI138","AZANGARO 138","CACHIMAYO 138","CALLALLI 138","CERRO VERDE 138","COMBAPATA 138","DOLORESPATA 138","DESIERTO220","JULIACA 138","MACHUPICCHU 138","MOLLENDO 138","MOQUEGUA 220","MOQUEGUA 138","PUNO 220","PUNO 138","SANTUARIO 138","SOCABAYA 220","SOCABAYA 138","ILO 138","LOS HEROES 220 A","LOS HEROES 66","TINTAYA 138","TOMASIRI 66","REPARTICION 138","ILO2 220","COTARUSE 220","CHILCA REP 220","CANTERA 220","PIURA OESTE 60","LA NINA 220","CONOCOCHA 220","HUINCO 220","INDEPENDENCIA 60","CHILLON 220","CHILLON 60","CHAVARRIA 60 A","CHAVARRIA 60 B","BARSI 60","BARSI 220","OQUENDO 60","CAJAMARCA 220","PLANICIE 220 A","CARABAYLLO 220","CARABAYLLO 500","CHILCA CTM 500","CHILCA CTM 220 A","KIMAN AYLLU 138","KIMAN AYLLU 220","PARAMONGA EXISTENTE 138","MACHALA 200","CHIMBOTE 500","TRUJILLO 500","HUARANGAL 60","POMACOCHA 220","PIEDRA BLANCA 138","POROMA 220","POROMA500","OCONA 500","MONTALVO 500","MONTALVO 220","HUANZA 220","INDUSTRIALES 220 A","TINTAYA 220","LA NINA 500","INDUSTRIALES 60","CARHUAMAYO 50","CARIPA138","HUAMPANI 60","HUANUCO 138","REFINERIA ZINC 220","QUENCORO 138","ILO 3 220","MIRADOR 220","MIRADOR 60","ALTO PRADERA 220","ABANCAY NUEVA 220","LOMERA 220","REQUE 220","SAN JOSE 500","SANTA TERESA 220","SURIRAY 220","ASIA 220","CERRO DEL AGUILA 220","CHAGLLA 220","RAMADA 220","SANTA ROSA LDS 60","LOMERA 60","ZAPALLAL 60","MALVINAS 220","MALVINAS 60","ABANCAY 138","YAUPI 138","SANTA ISABEL 220","YANANGO 220","CHIMAY 220","ILO3 138","MATUCANA 220","COLCABAMBA 500","COLCABAMBA 220","YARABAMBA 500","YARABAMBA 220","BELAUNDE 220","BELAUNDE 138","CACLIC 220","INDUSTRIALES 220B","PLANICIE60","COBRIZAI 69","MOLLEPATA 60","MOLLEPATA220","CARAPONGO 500","CARAPONGO 220 A","SAN JOSE 220","MARCONA 60 A","SAN NICOLAS 60","CALLAHUANCA EDN 220","PUMIRI138","PUMIRI220","SAN MIGUEL 220","SAN MIGUEL 60","FELAM 220","MANCHAY 60","MANCHAY 220","SAN RAFAEL 138","SAN GABAN 138","MARCONA 60 B","ANGEL 138","PTO MALDONADO 138","MEDIO MUNDO 220","AUCAYACU 138","BELLAVISTA 138","TARAPOTO 138","PARINAS 220","PAMPA HONDA 220","ORCOTUNA 220","SAN ROMAN 138","SAN ROMAN 220","CHILOTA 220","MAZUCO 138","JESUS 138","CARHUAMAYO 138","CINCO MANANTIALES 138","OXIDOS CERRO 138","TOCACHE 138","JUANJUI 138","FRANCOISE 220","BOTIFLACA 138","MILL SITE 138","PLAZA TOQUEPALA 138","QUEBRADA HONDA 138","PANAMERICANA SOLAR 138","TOQUEPALA 138","ILO ELS 138","REFINERIA 138","LIXIVIACION 138","PUSHBACK 138","INTIPAMPA 138","PLANICIE 220 B","CHILCA CTM 220 B","CARAPONGO 220 B","CHILCA 1 220","DERIVACION 220","CHAVARRIA 220 B","DERIVACION 220  BARRA II","CAMPAS 220","CAMPAS 500","PLANICIE 500","NUEVA CHINCHA 220","CAHUACHI 220","VALLE DEL CHIRA 220","SANTA ROSA 220 B","ERSUR 220","FLAMENCO220","BARRA3HERMANAS","BARRAPTALOMITAS","PUERTO CHANCAY 220","CHAPARRAL 138","CHIRIBAMBA 220","BARRAPTALOMITAS2","YSHCAYUCRO 220","PAQUILLUSI 220","MIGUEL GRAU 500","MIGUEL GRAU 220","ALIPIO ROSALES 220","SUNNY","CUAJONE 138","SAN MARTIN 220","SAN LUIS 220","CERRO VERDE 220","PORTILLO 60"
1.0000,282.9735,283.3537,283.8769,275.6164,266.5500,265.5045,264.2197,287.4017,284.1234,295.6750,288.9834,295.0587,285.7649,276.3734,268.1255,263.5176,279.7075,279.8622,276.0376,279.5835,270.1704,263.9236,266.7552,272.3925,265.6440,268.8051,269.4123,276.9383,297.0577,283.0926,283.3705,283.8749,296.8179,281.2508,280.9012,292.1495,283.8415,276.2478,282.7929,283.4879,293.6376,273.4778,289.6874,294.5507,298.0047,260.9953,279.6940,278.5072,262.9645,268.6311,262.5346,267.1126,282.0624,277.6515,273.8889,268.1397,282.5391,269.4070,254.6920,273.5522,275.4637,275.8402,269.9974,270.2755,278.2138,276.1811,276.8695,281.5512,277.2420,278.2265,280.0678,280.1917,278.5954,275.5090,264.2015,281.5422,282.1908,297.3844,295.1117,275.7764,277.1876,281.2754,283.9172,284.1730,284.5753,285.0927,284.9251,284.5500,284.6967,288.5285,284.4841,282.6445,282.3476,281.3715,281.5420,276.6861,279.8875,276.0931,0.0000,288.9741,291.5678,283.6988,273.8234,279.2536,275.3919,275.4356,274.6829,274.2851,274.8259,277.8795,285.4563,278.3216,294.9979,287.2243,264.0508,260.1462,274.7601,277.1336,282.0503,268.0431,278.2011,283.7265,284.1765,283.0224,259.1179,279.4523,295.5801,274.0441,254.9612,255.0276,282.3824,264.5781,253.4396,283.9834,283.7742,280.2959,284.3324,284.5082,284.8158,262.1804,259.4649,261.6971,272.8531,270.3263,278.1660,273.0938,270.5236,267.1309,275.2456,276.0565,296.3387,297.9376,292.7783,283.3015,289.3105,262.4328,271.7044,269.6285,281.1281,281.0827,274.2690,0.0000,279.5247,275.6935,262.8496,265.4250,281.3317,281.3197,295.6873,286.9245,284.5570,248.4585,229.7160,276.6310,230.0253,248.4900,276.8067,285.8885,307.1848,308.4369,296.9941,285.3256,263.5176,269.3470,268.8255,272.9605,235.7435,277.8710,264.5237,269.4673,268.8484,296.4753,305.6645,266.3373,280.0243,281.6192,281.7002,280.5242,278.1660,281.5677,280.7141,281.9903,281.7207,281.5228,277.4398,284.4841,281.5405,281.0853,0.0000,276.6633,283.7600,276.6630,273.7971,274.4162,282.4893,281.9456,276.9335,298.3169,283.3679,275.0931,275.3852,275.1866,275.1282,280.4299,277.0445,272.7533,275.1280,268.7593,251.6101,295.5320,296.0063,297.8436,274.2690,279.3526,274.2690,277.0602,276.8187,281.1162
2.0000,286.5667,287.7033,288.2264,279.7949,270.6192,269.5729,268.2662,290.8933,288.2412,299.2103,292.8641,298.6580,289.8350,280.3093,272.6476,267.8978,284.7304,284.6515,281.4542,283.7630,274.5413,268.6804,271.4141,276.7278,269.6489,272.7669,273.3631,280.7933,300.6869,287.4492,287.5650,288.0776,300.3864,284.8231,284.5500,295.8999,287.9621,280.1260,286.9624,287.0680,296.9510,277.0717,293.5684,297.8401,301.5362,265.7198,286.0229,284.8135,267.3964,273.8221,267.7848,271.7108,284.4235,283.0422,278.6224,272.6817,287.2150,274.9743,259.2950,278.5353,281.6788,282.0627,275.6388,275.9482,278.2138,281.8723,282.2717,287.9275,283.4818,284.4754,285.1857,286.4631,283.8760,281.7256,269.0122,286.0428,286.8132,301.0022,298.7888,279.6206,280.7389,286.0838,288.0366,288.3041,288.6837,289.1920,289.0412,288.6848,288.8101,292.1152,288.7944,286.8393,286.5861,285.7822,286.0425,280.3219,283.5604,279.8379,0.0000,292.8576,295.3487,287.8439,278.1686,282.8505,280.7626,280.7814,280.9748,280.4365,281.0407,282.0034,289.7546,283.6030,298.6800,291.5355,268.1478,264.7261,278.8146,280.8053,286.1909,272.5767,284.4905,287.8823,288.2940,287.4380,263.8016,283.4555,299.1256,280.7612,259.5695,259.6370,286.9372,269.0480,257.2608,287.6123,287.9660,284.1504,288.4550,288.6496,288.9677,266.9262,263.4144,265.6962,277.2606,274.6929,284.4576,277.2296,275.1052,271.6439,281.0961,281.7732,299.7383,301.2903,296.2490,287.5352,293.5902,266.6958,276.2781,274.1463,285.3974,285.2216,280.9587,0.0000,285.2119,279.8686,268.1092,270.7028,285.4666,285.4382,299.3080,291.2345,288.8653,253.3777,234.1793,282.0879,234.4991,252.7553,280.6983,289.4257,310.4416,311.6292,300.5662,288.9412,267.8978,274.9372,274.3621,278.8927,240.1227,281.4437,268.5915,273.5306,272.8135,299.9202,308.9411,270.3626,286.3338,287.9925,288.0772,286.9093,284.4576,287.9396,287.0632,288.3776,288.0978,287.8931,283.7040,288.7944,286.0408,285.2241,0.0000,281.9021,287.9348,281.9018,278.2222,278.8348,286.7958,286.6776,282.3117,301.9255,287.5625,280.4795,280.7557,280.6206,280.4269,284.5132,282.2334,277.3805,280.4265,272.7162,256.6132,299.2000,299.6641,301.3816,280.9587,285.6483,280.9587,283.2874,282.6911,285.2583
3.0000,285.8542,287.1275,287.6330,279.3264,270.2302,269.1720,267.8545,290.0618,287.6767,298.2582,292.1126,297.7701,289.2849,279.7521,272.5062,267.6397,285.4479,284.8597,281.6226,283.2047,274.1512,268.3068,271.0448,276.3293,269.2454,272.4269,273.0296,280.2310,299.7097,286.8856,286.9906,287.4997,299.3414,284.1228,283.8900,295.0895,287.4259,279.6291,286.4111,286.3412,295.9397,276.4282,292.7969,296.8030,300.4388,265.4946,286.1214,284.9224,267.1543,273.9499,267.8842,271.4309,284.5681,283.0308,278.5208,272.3693,287.1574,275.0286,259.0840,278.5152,281.7085,282.0947,275.6958,275.9989,278.2138,281.8671,282.2578,287.8797,283.4970,284.4758,285.3254,286.5386,283.8711,281.7553,268.8440,285.5591,286.6536,300.0118,297.8864,279.0886,280.2278,286.2911,287.4976,287.7630,288.1005,288.5862,288.4390,288.0938,288.2339,291.3592,288.2119,286.2915,286.0486,285.3013,285.5589,279.7064,282.9142,279.2772,0.0000,292.1134,294.5452,287.2600,277.7672,282.1562,280.7362,280.7199,280.9556,280.4488,281.0625,281.4642,289.1532,283.7232,297.7767,290.9224,267.7178,264.2984,278.2578,280.1172,285.6657,272.2737,284.5260,287.3054,287.7019,286.9004,263.5931,282.9083,298.1838,280.7598,259.3597,259.4273,286.5510,268.7836,256.8759,286.9132,287.3765,283.6303,287.8846,288.0575,288.3695,266.6904,263.0098,265.2958,276.8798,274.3157,284.4948,276.7639,274.8207,271.3767,281.0928,281.7680,299.0491,300.5883,295.5317,286.9634,292.7573,266.4743,276.0108,273.9440,284.8875,284.7025,280.9594,0.0000,285.5407,279.3985,268.2075,270.7913,284.9445,284.9431,298.3928,290.5273,288.2793,253.6278,234.2816,282.2690,234.6083,252.4403,280.1371,288.7405,309.7318,311.0933,299.5206,288.2251,267.6397,274.9958,274.4250,278.9466,240.0564,281.4172,268.1817,273.1810,272.4738,299.2694,308.2282,269.9715,286.4175,288.0877,288.1713,286.9814,284.4948,288.0345,287.0301,288.2929,288.1927,287.9974,283.7534,288.2119,285.5572,284.7049,0.0000,283.5905,287.3549,283.5903,277.8408,278.4478,286.2669,286.7208,282.9649,300.9128,286.9881,280.6445,280.7325,280.8641,282.8941,283.9596,282.2238,277.3755,282.8939,272.2737,256.6971,298.2778,298.7250,300.2924,280.9594,285.7292,280.9594,283.2909,282.6891,284.6987
4.0000,260.3793,262.2620,262.7106,255.2160,246.9771,245.7528,244.6044,264.2646,262.8348,271.6513,266.3984,271.2790,263.9949,255.3668,249.2443,244.8150,261.1268,260.4901,258.1606,258.7020,250.4567,245.1377,247.6349,252.5034,245.7717,248.6878,249.2309,255.7273,272.9430,262.0503,262.1488,262.5979,272.5442,258.8125,258.6499,268.9735,262.6492,255.0469,261.6576,260.8078,269.2512,252.0226,267.0035,270.0105,273.5023,243.2999,262.7151,261.6057,244.4061,252.1867,246.4298,248.8101,265.1279,260.7600,256.0000,249.7164,262.5346,252.9221,237.4510,256.4644,258.9221,259.2688,253.5363,253.7948,261.7263,259.4323,260.0673,264.4898,260.5389,261.4412,262.9754,263.2443,261.4683,258.9649,246.4557,260.9196,261.9875,273.1995,271.3819,254.5775,256.0183,261.7920,262.7117,262.9420,263.2195,263.6530,263.4917,263.1613,263.3519,265.4439,263.2903,261.5484,261.3211,260.7136,260.9194,254.9957,257.9057,254.8463,0.0000,266.4133,268.5049,262.4184,253.8054,257.0878,257.3823,257.3520,258.0134,257.8006,258.3326,257.1381,264.1208,261.3388,271.2862,265.6917,244.4624,241.3968,254.3766,255.3657,260.9860,249.6750,261.4229,262.4517,262.8223,262.0839,241.5898,258.3115,271.5950,258.0317,237.7057,237.7676,261.8447,245.9214,234.4805,261.4809,262.4893,258.8468,263.0210,263.1141,263.3489,244.3742,240.1163,242.2094,253.1529,250.8085,261.3878,252.8740,251.4623,248.2942,258.4853,259.3096,271.9174,273.2513,268.9587,262.1234,267.4513,244.0163,252.2046,250.4776,260.2988,260.1065,258.2177,0.0000,261.5933,255.2812,246.7332,249.1744,260.3143,260.2824,271.8115,265.4199,263.3504,233.0128,215.2534,258.7534,215.5528,231.4422,255.6743,262.8533,281.0090,281.9281,272.7029,262.6518,244.8150,252.8968,252.4037,256.4506,220.4121,261.0737,244.8959,249.3966,248.7307,272.0478,279.7378,246.4304,263.1583,264.5170,264.5983,263.5834,261.3878,264.4698,263.7061,264.8664,264.6162,264.3636,260.7217,263.2903,260.9180,260.1087,0.0000,259.6115,262.4832,259.6114,254.0438,254.6003,261.5398,262.1556,259.2600,273.9879,262.1466,257.2696,257.3809,257.4690,258.9945,259.3412,259.9292,253.6772,258.9944,248.4815,236.2053,271.7157,272.1000,273.3748,258.2177,262.5380,258.2177,260.5455,260.1311,260.0432
5.0000,249.8446,251.7591,252.1786,245.1309,237.3010,235.9824,234.8872,253.4319,252.4537,260.4832,255.5231,260.1564,253.4956,245.1387,239.5309,235.1921,251.2241,250.4183,248.3470,248.1559,240.5489,235.5032,237.8774,242.5175,235.9865,238.7836,239.3015,245.4580,261.7227,251.5620,251.7192,252.1469,261.2901,248.3566,248.2107,257.9906,252.3133,244.8145,251.2686,250.2484,258.2009,241.7753,256.0498,258.9160,262.1658,233.9287,252.7403,251.6662,234.8202,242.7568,237.1522,239.2396,256.0990,251.1871,246.3603,240.1226,252.2562,243.3787,228.3093,248.1330,249.1557,249.4851,243.9827,244.2243,253.4634,249.7728,250.4666,254.4506,250.7147,251.5913,253.2718,253.3194,252.0741,249.1968,236.9837,250.4885,251.6952,261.9660,260.2649,244.3446,246.1971,251.6800,252.3714,252.5876,252.8200,253.2266,253.0096,252.7030,252.9592,254.6110,252.7298,251.1511,250.9149,250.3356,250.4883,244.6970,247.4373,244.6125,0.0000,255.5693,257.5441,251.9935,243.7525,246.7093,247.5209,247.4737,248.2398,248.0963,248.5939,246.9151,253.5095,251.6500,260.1694,254.9973,234.7506,231.9172,244.1115,245.0720,250.6798,240.1031,251.5245,252.0043,252.3485,251.5906,232.2917,247.9884,260.4341,248.3143,228.5549,228.6144,251.4326,236.2854,225.1448,250.8412,252.0395,248.4320,252.6261,252.6462,252.8658,234.9587,230.5645,232.5777,243.1706,240.9185,251.4887,242.8816,241.6158,238.5651,248.7876,249.6451,260.7885,262.0472,257.9914,251.6797,256.4382,234.0995,242.6183,240.7803,249.9574,249.8356,248.4977,0.0000,251.6734,245.1936,237.4482,239.8277,250.0320,250.0366,260.6752,254.6301,252.7845,224.1179,207.0002,248.9140,207.2901,221.9958,245.4162,252.2120,269.4786,270.3355,261.4419,251.9555,235.1921,243.3624,242.9002,246.7825,211.8162,251.8990,235.1690,239.4759,238.8242,260.9822,268.2662,236.6329,253.1925,254.4742,254.5510,253.5241,251.4887,254.4292,253.6962,254.8128,254.5686,254.3084,250.8663,252.7298,250.4871,249.8378,0.0000,250.1479,252.0441,250.1477,244.0284,244.5610,251.1109,251.9421,249.5405,262.6932,251.7171,247.4829,247.5204,247.7414,249.8189,249.0113,250.8626,243.8223,249.8188,238.5590,227.3451,260.5724,260.9328,262.0504,248.4977,252.6042,248.4977,250.8107,250.4343,249.5982
6.0000,257.0370,259.4048,259.8256,252.7111,244.7091,242.9308,241.8544,260.9471,260.2704,268.2198,263.3098,267.9212,261.2732,252.6188,246.9422,242.5294,258.9368,258.0608,256.2494,255.7303,247.8764,242.7669,245.1851,249.9591,242.8450,245.6382,246.1468,252.9427,269.4979,259.2070,259.4471,259.8764,269.0309,255.5067,255.3840,265.7607,260.1510,252.0117,259.0087,257.4461,265.5018,249.0221,263.8867,266.2262,269.9109,241.4250,261.3534,260.2787,242.1654,250.7273,244.9403,246.9781,264.4611,260.0984,254.4104,247.9112,259.9151,251.3983,235.6327,267.5347,257.4048,257.7610,252.0239,252.2691,261.7263,258.0303,258.8239,263.0136,258.9661,259.8145,261.5842,261.6018,263.1330,257.4475,244.5759,258.0913,259.3336,269.7389,268.0376,251.5976,254.2399,259.3261,260.2097,260.4282,260.6428,261.0530,260.7714,260.4763,260.7939,262.1674,260.4428,258.8778,258.6226,257.9976,258.0911,251.9769,254.8134,252.1782,0.0000,263.3396,265.3169,259.7607,251.2176,253.7890,255.4090,255.3540,256.3031,256.2794,256.8066,254.5113,261.2316,259.9407,267.9433,262.7383,241.8127,239.0240,251.6626,252.0606,258.4593,247.9088,259.9378,259.7497,260.1019,259.2291,239.7394,255.5888,268.1753,256.4533,235.8858,235.9472,259.0443,243.6730,231.2717,258.2898,259.7688,256.0483,260.4434,260.4150,260.6540,242.4798,237.3621,239.4296,250.7030,248.3812,259.9062,250.3934,249.1677,246.0240,256.9803,257.8924,268.4210,269.7119,265.5744,259.3876,264.2202,241.9676,249.6973,248.1076,257.6510,257.5928,256.6394,0.0000,259.7530,252.7770,245.2478,247.7189,257.7910,257.8098,268.4296,262.3751,260.4981,231.3604,213.6656,256.8354,213.9660,228.8557,252.9045,259.4635,277.1479,278.0398,269.1872,259.4324,242.5294,251.3809,250.9019,254.9368,218.5191,260.2331,242.1532,246.4723,245.6841,268.4627,275.9072,243.5117,261.7107,263.1443,263.2203,262.0968,259.9062,263.0963,262.2123,263.3885,263.2396,263.0550,259.2510,260.4428,258.0901,257.5951,0.0000,257.9739,259.7871,257.9737,251.5937,252.1456,258.8036,259.6008,257.4432,270.4791,259.4451,255.3378,255.4086,255.6205,257.6755,256.6556,264.4785,251.3252,257.6754,245.5383,234.8255,268.3465,268.7076,269.7955,256.6394,261.0706,256.6394,259.0444,258.6922,257.2545
7.0000,239.8307,242.2036,242.5963,235.9024,228.4183,227.0540,226.0820,243.3911,242.6823,250.2208,245.6924,249.9460,243.7759,235.7071,230.8657,226.7633,242.1511,241.2483,239.8995,238.7881,231.6097,226.9060,229.1373,233.5263,227.0003,229.5991,230.0737,235.9908,251.4544,242.0223,242.0982,242.4908,251.0156,238.4023,238.3180,247.9369,242.5085,235.3246,241.6409,240.2060,247.5948,232.3375,246.2314,248.2591,251.8272,226.1543,245.3964,244.3639,226.4164,235.3921,229.9708,231.4490,248.3312,244.1586,238.6564,232.3463,242.9572,236.0658,220.7246,251.2441,241.7208,242.0298,236.6518,236.8848,245.7991,242.1962,242.9509,246.9719,243.2138,244.0421,245.5654,245.7384,247.0516,241.7611,229.0710,241.0649,242.3184,251.6824,250.0811,234.8846,236.8387,242.4233,242.5632,242.7713,243.0182,243.3962,243.2477,242.9640,243.1309,244.5166,243.1574,241.5616,241.3867,240.9292,241.0648,235.0942,237.7553,235.1592,0.0000,245.7133,247.5354,242.3167,234.7304,236.8720,239.1459,239.0859,240.3621,240.6881,241.1733,237.4872,243.8917,244.0266,249.9933,245.3254,226.0274,223.4259,234.9673,235.4040,241.1168,232.3552,244.0952,242.3444,242.6670,242.0703,224.5686,238.4782,250.1799,240.6900,220.9609,221.0184,241.9917,227.8036,216.5715,240.9545,242.3946,238.9547,242.8394,242.9215,243.1266,227.1434,221.8246,223.7713,234.2278,232.0783,244.0789,233.7345,232.9255,230.0014,241.2165,242.0655,249.9747,251.1325,247.4821,242.0784,246.6567,226.2932,233.3946,231.9430,240.5081,240.3391,240.8917,0.0000,243.1336,235.9595,230.2598,232.5821,240.5234,240.5183,250.4408,244.9617,243.2083,217.1755,200.5492,240.4526,200.8321,214.6328,235.9622,241.9323,257.5076,258.0451,251.1633,242.0050,226.7633,236.0468,235.5923,239.3985,205.0451,244.3156,226.3574,230.3900,229.6423,249.9369,256.4387,227.6056,245.4980,247.0860,247.1614,246.1747,244.0789,247.0409,246.2281,247.3244,247.1785,246.9755,243.4294,243.1574,241.0637,240.3411,0.0000,241.4149,242.3841,241.4148,235.0533,235.5553,241.6099,242.6799,240.9716,252.3690,242.0963,239.0207,239.1454,239.3245,241.1984,239.4558,248.3331,234.9587,241.1983,229.4275,220.4766,250.3721,250.7123,251.7213,240.8917,244.8791,240.8917,243.1544,242.8223,240.1155
8.0000,259.4527,261.6310,262.0527,254.7875,246.7010,245.3153,244.2058,263.1121,262.5322,270.4073,265.3984,270.0958,263.2894,254.8139,248.9815,244.4849,261.2637,260.3671,257.9486,257.9886,250.0934,244.9570,247.3863,252.1239,245.3015,248.1747,248.7002,255.1231,271.6931,261.4363,261.6025,262.0291,271.2313,257.9293,257.8009,267.8852,262.4798,254.4170,261.2309,259.8630,267.9431,251.1455,265.9432,268.6697,272.1046,243.1658,262.7092,261.6105,244.0861,251.9754,246.1799,248.7815,264.9889,260.5834,256.0152,249.7086,262.2973,252.6985,237.3086,256.4019,258.7038,259.0449,253.3165,253.5768,261.7263,259.2234,259.8684,264.3134,260.3201,261.2098,262.8455,263.1456,261.3658,258.7472,246.2592,260.3716,261.6487,271.9361,270.2175,253.9175,255.5617,261.6598,262.5375,262.7489,262.9093,263.3198,262.9985,262.6907,263.0894,264.3687,262.6472,261.0795,260.7946,260.1915,260.3714,254.1856,257.0230,254.2571,0.0000,265.4512,267.4430,261.9764,253.4324,256.2390,257.1039,257.0609,257.7663,257.5817,258.1129,256.6760,263.4418,261.1927,270.1176,264.9662,244.1033,241.2374,253.9047,254.5796,260.5570,249.6969,261.2636,261.9575,262.3254,261.4785,241.4420,257.7989,270.3608,257.8058,237.5620,237.6239,261.3372,245.5751,234.0321,260.5067,261.9232,258.2702,262.7247,262.6215,262.8393,244.2476,239.6916,241.7796,252.7359,250.3953,261.2418,252.4485,251.0908,247.9443,258.2666,259.0988,270.6205,271.9002,267.7552,261.5608,266.4949,243.6248,251.9808,250.2218,259.7948,259.6428,257.9920,0.0000,261.2775,254.8516,246.4884,248.9579,259.8386,259.8324,270.6333,264.6166,262.7027,232.4603,214.6682,258.5155,214.9708,229.7613,255.0923,261.9166,279.6327,280.3612,271.3939,261.6478,244.4849,252.6771,252.1833,256.2357,219.4743,260.9383,244.5041,248.9621,248.2199,270.9822,278.3989,245.9772,262.8738,264.5107,264.5891,263.5120,261.2418,264.4622,263.5270,264.6930,264.6083,264.4033,260.5577,262.6472,260.3700,259.6451,0.0000,260.2667,261.9619,260.2665,253.6216,254.1727,260.9886,261.9672,259.3367,272.6881,261.6004,256.9695,257.1034,257.2816,260.0745,258.8677,259.8391,253.4690,260.0744,247.9537,236.0001,270.5265,270.8924,271.9913,257.9920,262.2343,257.9920,260.3358,259.9174,259.4270
9.0000,242.7570,245.0436,245.4329,238.6911,231.1472,229.6319,228.6393,246.3062,245.9467,253.1427,248.5408,252.8705,246.6838,238.6261,233.2898,229.0740,244.8488,243.9366,241.9731,241.7548,234.1845,229.3848,231.6525,236.1178,229.5941,232.2007,232.6766,238.8578,254.2462,244.8638,245.0656,245.4557,253.7571,241.3419,241.2235,250.8214,245.8957,238.1014,244.7197,243.1377,250.6342,235.1429,249.0606,251.3082,254.5234,228.0534,246.8428,245.8161,228.7125,236.7536,231.2799,233.3709,249.7030,245.3748,240.4246,234.2626,245.7114,237.4178,222.5801,248.1330,243.0542,243.3839,237.9975,238.2370,247.2351,243.6334,244.3613,248.2930,244.5679,245.3953,247.0177,247.1220,247.4952,243.0944,230.9962,243.8617,245.0779,254.4640,252.9304,237.6742,239.7380,245.1231,245.9497,246.1500,246.2959,246.6766,246.3732,246.0853,246.4642,247.4740,246.0239,244.5784,244.3070,243.7408,243.8615,237.9670,240.6138,238.0110,0.0000,248.5840,250.4104,245.4253,237.3015,239.7441,241.1993,241.1530,242.0261,241.9916,242.4903,240.4533,246.7634,245.4542,252.8349,248.1908,228.5879,225.8913,237.9220,238.1551,244.1268,234.2596,245.4633,245.3982,245.7465,244.9005,226.4540,241.4733,253.1022,242.1578,222.8182,222.8762,244.7636,230.1430,219.0460,243.8595,245.3643,241.9705,246.1259,246.0185,246.2185,229.0481,224.3698,226.3230,236.8062,234.6131,245.4384,236.5014,235.3373,232.3634,242.6513,243.5044,253.2903,254.4883,250.6271,245.0154,249.5533,228.0414,236.2436,234.4859,243.3837,243.2811,242.3324,0.0000,245.0481,238.7527,231.5718,233.9151,243.4659,243.4717,253.3559,247.8306,246.0751,218.2619,201.5766,242.5007,201.8597,215.6639,238.8545,245.0851,261.7735,262.4199,253.9088,244.9254,229.0740,237.3959,236.9366,240.7361,206.0566,245.7426,228.9160,232.9936,232.2446,253.6008,260.6058,230.2054,247.0921,248.5371,248.6101,247.5795,245.4384,248.4913,247.5642,248.6467,248.6280,248.4565,244.8102,246.0239,243.8605,243.2833,0.0000,244.1167,245.4024,244.1166,237.6461,238.1663,244.4842,245.4199,243.2642,255.1476,245.0636,241.0329,241.1988,241.3619,244.0275,242.4755,247.6906,237.4862,244.0274,232.0812,221.7402,253.2016,253.5289,254.4254,242.3324,246.4987,242.3324,244.5926,244.2627,243.0669
10.0000,264.4946,267.2287,267.6760,260.1531,251.8626,250.4054,249.3399,269.3698,268.1724,276.9118,271.4774,276.5450,269.0498,260.3525,253.9931,249.4311,266.6644,265.7402,262.8476,263.7692,255.2470,250.0176,252.4657,257.3266,250.3937,253.2553,253.7854,260.6500,278.2059,267.0205,267.2021,267.6366,277.7696,262.7152,262.7814,274.1056,268.1220,259.7677,266.8329,264.9203,273.3056,256.8527,272.0735,274.0596,278.6616,247.7089,267.1808,266.0541,248.9749,255.9423,250.1664,253.4731,266.7592,264.4988,260.3854,254.3834,267.7045,256.9175,241.7507,260.7134,262.9686,263.3360,257.5040,257.8004,261.7263,263.2478,263.7122,268.8006,264.6821,265.6207,266.7323,267.5555,265.5215,263.0130,250.8258,265.8764,267.1553,278.4682,276.6353,259.3795,261.0022,267.0698,268.1822,268.4021,268.5528,268.9713,268.6631,268.3389,268.7425,270.5971,268.2019,266.6669,266.3600,265.6727,265.8762,259.9277,262.8533,259.7142,0.0000,271.5079,273.6404,267.6230,258.6492,261.1009,261.8832,261.8398,262.0919,261.7632,262.3488,262.1695,269.0069,265.1704,276.5220,270.5630,249.2554,246.3683,259.5004,259.6185,266.1175,254.3269,265.6344,267.5846,267.9837,267.0487,245.9451,263.4063,276.8566,261.9284,242.0066,242.0696,266.8770,250.4881,238.8904,266.5271,267.5344,264.0374,268.3803,268.2679,268.4877,248.7947,244.6798,246.8024,257.9287,255.5400,265.6028,257.7672,256.1109,252.9047,262.4180,263.1428,277.2802,278.6807,274.2284,267.1567,272.1224,248.3770,257.2338,255.3258,265.3042,265.1702,262.0595,0.0000,266.4332,260.2209,250.4766,252.9501,265.3783,265.3978,277.1366,270.1918,268.2594,236.1726,218.1550,263.4419,218.4594,233.7108,260.6283,267.2811,286.5088,287.3670,277.9412,267.7300,249.4311,256.8729,256.3316,260.4666,223.1239,263.5220,249.6445,254.1535,253.3046,276.9977,285.1473,251.0730,267.4755,269.0199,269.1003,267.9629,265.6028,268.9697,267.9783,269.1904,269.1200,268.9183,264.9091,268.2019,265.8747,265.1727,0.0000,265.6637,267.5776,265.6635,258.8316,259.3991,266.5256,267.3423,264.4178,279.2567,267.2000,261.8141,261.8823,262.1808,265.5666,264.4466,264.0428,258.6224,265.5665,253.1589,239.7844,276.9596,277.3491,278.5468,262.0498,266.8120,262.0595,264.4501,263.9868,265.1117
11.0000,266.2494,268.2987,268.7495,261.2849,252.9639,251.5405,250.4739,271.1264,269.4110,278.7407,273.0326,278.3241,270.3729,261.7181,254.8255,250.3325,267.3388,266.5271,263.2522,265.1019,256.1740,250.5211,253.0790,258.3135,251.5940,254.6248,255.1804,262.1268,280.0503,268.0846,268.3903,268.8205,279.6458,264.4657,264.4731,275.7383,269.3557,261.2234,268.0327,266.6907,275.3861,258.3630,273.6760,276.1681,280.5496,248.4622,267.4466,266.3087,249.8304,256.3030,250.5291,254.3411,266.8637,264.6982,261.0252,255.2571,268.5261,257.2841,242.4628,260.9824,263.1877,263.5599,257.8412,258.1433,261.7263,263.4384,263.8976,269.1333,264.9490,265.9195,267.0423,267.8984,265.7711,263.2322,251.4943,266.8164,268.0363,280.3279,278.4015,260.8338,262.7069,267.8713,269.4168,269.6286,269.7969,270.2213,269.8907,269.5643,269.9818,272.3329,269.3221,267.8483,267.5129,266.6917,266.8161,261.4387,264.4367,261.3377,0.0000,273.0381,275.2612,268.8472,259.6435,262.8094,262.3783,262.3527,262.3057,261.9449,262.5545,263.3314,270.1412,265.4815,278.2829,271.7118,250.3700,247.0848,260.7871,261.2551,267.3512,255.1840,265.8826,268.7925,269.2129,268.0691,246.6686,264.7224,278.6776,262.0150,242.7180,242.7812,267.8003,251.3254,240.0356,268.1852,268.7317,265.4516,269.6144,269.4912,269.7184,249.5773,245.7847,247.9193,258.8857,256.4882,265.8479,258.8915,256.9500,253.7499,262.6260,263.3387,279.2315,280.6781,276.0996,268.3149,273.3394,249.5042,258.0163,256.1768,266.4257,266.3986,262.0772,0.0000,266.7467,261.3560,250.8359,253.2950,266.6093,266.6442,278.9395,271.3469,269.3812,236.6113,218.5868,263.8478,218.8904,234.4966,262.0575,269.1286,288.7862,289.7003,279.8219,269.4116,250.3325,257.2253,256.6775,260.7541,223.6739,263.6641,250.7781,255.4316,254.6716,279.0665,287.3925,252.2625,267.7487,269.2864,269.3650,268.2212,265.8479,269.2359,268.2813,269.5647,269.3854,269.2019,265.1447,269.3221,266.8149,266.4011,0.0000,266.2250,268.7782,266.2248,259.7904,260.3660,267.6283,268.1456,264.8299,281.1450,268.3881,262.2000,262.3767,262.5156,266.1197,265.7077,264.2985,259.4372,266.1196,254.4364,240.1114,278.7422,279.1503,280.4336,262.0577,267.0769,262.0772,264.5374,264.1223,266.3841
12.0000,264.7403,266.3690,266.8340,259.2179,250.8759,249.7525,248.6968,269.5861,267.3681,277.2008,271.2765,276.7582,268.1802,260.7773,252.8113,248.3857,265.1765,264.4295,260.8318,263.1504,254.2592,248.7017,251.2133,256.3466,249.8333,252.7548,253.2956,260.9284,278.4848,266.1486,266.3586,266.7751,278.1249,262.9840,262.9518,274.0716,267.3407,259.6507,266.1158,265.1845,273.9390,256.7304,271.9098,274.7263,279.0433,246.2647,264.7314,263.6429,247.8306,253.8795,248.0761,252.2075,265.5748,262.2929,258.7343,253.1530,266.3930,254.6846,240.3343,258.0883,260.5284,260.8969,255.2450,255.5161,261.7263,261.0259,261.5901,266.3632,262.1285,262.9895,264.7511,264.8641,262.9952,260.5711,249.2546,264.9194,265.9827,278.7691,276.7983,259.3111,259.7595,265.7918,267.4017,267.6245,267.7235,268.1277,267.8933,267.5626,267.9292,270.7344,267.3913,265.9156,265.5530,264.7304,264.9191,259.8327,262.8462,260.0246,0.0000,271.2850,273.5762,266.9267,257.6904,261.3045,260.0202,260.0127,259.6855,259.3084,259.9012,261.4314,268.2284,263.1365,276.6757,269.8437,248.5995,245.3552,258.7057,259.6939,265.2243,253.0809,263.1725,266.8470,267.2921,266.1372,244.4917,263.3137,277.1335,259.2760,240.5859,240.6485,265.8278,249.3057,238.3560,266.5913,266.7068,263.9184,267.6162,267.5107,267.7397,247.3553,244.0487,246.1619,256.8725,254.4937,263.1447,256.8420,254.8784,251.7107,260.1044,260.9181,277.4458,278.8896,274.4011,266.3062,271.3338,247.4462,256.1511,254.2272,264.4305,264.2514,259.2528,0.0000,264.3473,259.2869,248.3848,250.8542,264.4637,264.4592,277.3618,269.3910,267.4499,234.2902,216.3176,261.4072,216.6247,230.9457,260.9774,267.5622,286.7397,287.5701,278.3014,267.8164,248.3857,254.6375,254.1147,258.1241,221.0964,262.1230,248.9975,253.6035,252.8022,277.3220,285.3823,250.4532,265.0308,266.5587,266.6386,265.5047,263.1296,266.5087,265.4947,266.7928,266.6586,266.4660,262.3713,267.3913,264.9176,264.2539,0.0000,263.9332,266.7563,263.9330,257.7670,258.3396,265.6733,265.9982,262.3333,279.6007,266.3564,259.7677,260.0181,260.0733,263.8288,264.1514,261.4716,257.3900,263.8287,252.7477,237.7977,277.1460,277.5627,278.9250,259.2196,264.3669,259.2505,261.9363,261.6495,264.3319
13.0000,264.4343,266.5160,266.9823,259.5954,251.3090,249.1708,248.0777,270.0014,267.6085,277.7399,271.6080,277.2545,268.5517,261.4647,252.8474,248.3986,265.2432,264.5448,260.9034,263.1659,254.2179,248.8318,251.3145,256.4123,249.0802,251.8713,252.3996,261.4305,278.9591,266.2909,266.6476,267.0799,278.6242,262.5940,262.6072,274.4618,267.5630,259.3497,266.3373,264.8906,273.8858,256.7817,272.2497,274.6949,279.5646,245.9171,264.5482,263.4723,247.8322,253.9768,248.2451,251.8649,265.6551,262.2165,258.4574,252.8317,266.5116,254.8574,240.0700,256.2273,260.5378,260.9014,255.3776,255.6588,261.7263,261.1864,261.7208,266.2190,262.0001,262.7874,264.8662,264.2137,262.0872,260.5799,249.0663,265.0001,266.0840,279.2469,277.2568,259.2000,261.4647,265.9739,267.6205,267.8258,267.9539,268.3387,268.1158,267.7924,268.1331,271.0470,267.5376,266.1312,265.7822,264.8899,264.9999,259.8203,262.9011,260.6539,0.0000,271.6205,273.9572,267.0862,257.7074,260.8322,260.1569,260.1527,260.0187,259.3363,259.9177,261.6433,268.3822,263.2652,277.1247,269.9773,247.9714,245.2617,258.5746,259.0528,265.6357,252.7704,262.9889,267.0554,267.4799,266.2401,244.2022,263.7632,277.6657,259.7047,240.3215,240.3841,265.8928,249.3686,236.5802,266.7554,266.9977,264.2501,267.8009,267.7291,267.9536,246.9201,243.4669,245.5830,257.0237,254.6434,262.9504,257.4088,254.9879,251.7743,260.1520,261.0841,277.9462,279.4508,274.8277,266.5598,271.2952,246.7177,256.5744,254.3382,264.6741,264.7042,259.4854,0.0000,264.2924,259.6711,248.5513,251.0032,264.9086,264.9429,277.8640,269.4349,267.5931,234.5775,216.6851,261.4843,216.9872,231.9928,261.5614,267.1184,286.6776,287.8476,278.8023,268.0208,248.3986,254.7946,254.2593,258.1927,221.7525,262.2348,248.3834,252.8509,251.9222,276.7729,285.2351,249.6409,264.9699,266.3915,266.4699,265.3232,262.6434,266.3425,265.3419,266.6099,266.4903,266.3019,262.1568,267.5377,264.9987,264.7068,0.0000,263.8732,267.0258,263.8730,257.9262,258.5022,265.8642,266.1274,262.3708,280.0898,266.6454,259.8063,260.1542,260.0759,263.6783,264.5449,259.5439,257.4569,263.6782,252.1889,237.9389,277.6022,278.0238,279.4431,259.4345,264.3198,259.4282,262.1433,261.8353,264.4872
14.0000,285.1089,287.5235,288.0472,279.8556,270.8363,268.3726,267.1694,290.3989,288.6404,298.6687,292.3395,298.2136,289.6054,281.9981,272.8721,268.2157,285.9573,285.1788,282.1818,283.6035,273.9853,268.0263,270.7697,276.4592,268.2331,271.2021,271.7874,281.7712,299.7251,287.2687,287.6195,288.0741,299.1844,283.0701,283.0217,295.3368,288.5924,279.2294,287.2825,285.6317,295.9462,276.2218,292.9815,296.8742,300.0245,266.1290,286.9425,285.7093,267.5718,275.1594,269.1695,272.5407,285.3525,283.5130,279.7415,273.6347,287.1911,276.6029,259.8112,272.2354,283.3815,283.7178,277.2205,277.5439,279.5970,283.2642,283.5487,289.0257,284.8975,285.7762,286.5474,286.5988,281.1944,283.4265,269.4855,285.8904,286.9605,300.0071,298.0999,279.0894,281.9981,286.6591,288.6541,288.8733,289.0173,289.4364,289.1956,288.8498,289.2104,291.5340,288.6456,287.0633,286.6622,285.7822,285.8902,279.4718,282.8275,280.8855,0.0000,292.3940,294.7895,288.0916,277.8536,281.1386,281.4771,281.4581,281.7248,282.2953,282.8175,282.2210,289.5749,284.9857,297.9488,291.3442,266.8499,263.9893,278.6020,279.1538,286.4906,273.5761,285.5679,288.0572,288.5103,287.2035,264.2560,284.4697,298.5994,281.6602,260.0796,260.1473,286.7964,269.2421,254.7716,286.9519,288.0047,284.9149,288.8547,288.7845,289.0336,267.1903,262.2487,264.5163,277.3564,274.7877,285.5080,277.2970,275.3238,271.8396,282.4640,283.2098,299.0094,300.6148,295.6132,287.5330,292.7073,266.2288,277.0158,274.5206,285.4940,285.4929,281.4234,0.0000,285.9017,279.9367,269.5005,272.1194,285.7094,285.7186,298.7948,290.7127,288.7058,254.4264,235.2504,282.8030,235.5662,252.9243,281.9963,287.8865,308.8233,310.0663,299.3722,288.3044,268.2157,276.5414,275.9104,280.5518,241.2704,282.7966,267.4631,272.1871,271.2540,298.1409,307.2757,268.8111,287.8469,288.9686,289.0535,287.8968,284.7471,288.9195,288.0848,289.4389,289.0744,288.8419,284.3278,288.6456,285.8891,285.4956,0.0000,284.7493,288.0260,284.7491,278.3493,278.9680,286.7958,286.7392,283.5492,300.8355,287.6171,280.9480,281.4740,281.2368,284.5390,285.3383,275.8387,277.7230,284.5389,271.5683,257.9560,298.4127,298.8189,299.9206,281.3582,287.1921,281.2478,284.2657,283.9478,285.1350
15.0000,261.9062,268.2276,268.7540,260.8489,252.2375,249.9060,249.3247,270.9589,269.3509,279.0196,272.8654,278.5544,270.3935,262.9078,253.8536,249.4527,266.0005,265.4714,261.3550,264.7908,255.1758,249.9866,252.3815,257.4862,249.7140,252.9107,253.3453,262.5543,279.9670,267.9636,268.3516,268.8050,279.4844,261.7192,261.0443,275.6599,269.2977,259.4667,267.9888,262.4456,273.1062,257.5884,273.4924,274.0659,280.2911,246.9071,263.1399,262.0005,248.7849,253.7790,248.1277,253.0388,265.3328,261.0182,259.0475,254.1017,267.5235,254.7974,241.0279,248.1330,260.3744,260.6380,255.2698,255.5603,261.7263,261.0492,261.4604,265.4120,261.6263,262.3944,264.4951,262.9434,257.2808,260.4152,249.9306,266.5138,267.3753,280.2490,278.3817,259.7223,262.9807,266.8702,269.3586,269.5448,269.7305,270.1510,269.9083,269.5609,269.9050,271.7528,269.2579,267.7560,267.3261,266.3553,266.5136,260.4877,263.5451,261.7329,0.0000,272.9211,275.2036,268.8232,258.7970,260.4489,260.6042,260.6078,259.5697,259.5160,259.8806,263.2393,270.1958,262.8951,278.2573,271.9433,249.3608,246.2625,259.9463,259.6525,267.2041,254.0092,262.0922,268.7568,269.2004,267.8522,245.1498,265.3485,278.9485,258.9372,241.2755,241.3383,267.3122,250.2922,237.1817,267.4272,268.7393,266.0322,269.5543,269.4897,269.7337,247.9089,244.2224,246.3228,258.1872,255.7961,262.0357,258.4691,255.9143,252.7069,260.0899,260.9918,277.4937,277.4937,274.9487,268.2561,273.3516,246.9226,258.2842,255.5681,266.1648,266.2425,258.5299,0.0000,264.8989,260.9296,248.4259,250.8458,266.4632,266.4544,279.1271,271.3216,269.3191,234.7635,217.2403,261.9368,217.5230,235.1079,262.8287,265.8920,283.1447,288.5007,279.6605,268.7021,249.4527,254.7015,254.1534,258.0344,223.2827,262.1069,249.6079,253.8909,252.9604,274.7828,281.9913,250.2501,264.1883,264.9948,265.0748,264.1157,261.0472,264.9527,264.5013,265.8060,265.0929,264.8836,260.4805,269.2579,266.5122,266.2453,0.0000,264.5125,268.7511,264.5123,259.1000,259.6731,267.4237,267.0547,262.8280,281.0225,268.3492,260.1693,260.6026,260.5673,264.3171,266.1195,250.4526,258.4320,264.3171,252.7881,237.7897,278.7044,279.0833,280.1906,258.4576,263.6201,258.2720,261.5240,261.5380,266.1306
16.0000,262.2955,268.0878,268.6367,261.0452,252.4486,249.9174,249.2631,270.8340,269.1934,279.0555,272.6838,278.5318,270.4571,261.2709,253.3073,248.9270,265.3148,264.8837,259.9405,264.7152,255.1032,249.9493,252.3442,257.3602,249.7614,252.9868,253.4372,261.3253,279.9891,267.8050,268.2356,268.7043,279.5117,262.0287,261.2896,275.5341,269.1160,259.2362,267.6819,262.8719,274.2773,257.4177,273.3012,275.3042,280.3335,245.9181,260.3833,259.2813,248.2212,251.6750,245.9800,252.1422,264.3990,258.8726,257.6868,253.2459,266.9625,252.5277,240.0585,248.1330,257.8151,258.0354,252.9673,253.2447,261.7263,258.9378,259.4464,262.7519,258.8832,259.5534,262.4482,260.0127,254.6749,257.8549,248.8665,266.2265,266.9711,280.2864,278.3548,259.3135,262.8028,266.2818,269.1794,269.4033,269.5827,270.0113,269.7889,269.4243,269.7646,271.6063,269.0586,267.4693,267.0753,266.0387,266.2263,260.2993,263.2973,260.4847,0.0000,272.7495,275.0765,268.5857,258.6194,260.7591,259.2235,259.2520,257.5005,257.0700,257.3500,262.9571,270.0427,260.7816,278.2244,271.8054,249.2481,246.2013,260.1174,259.9752,267.0570,253.1436,259.3783,268.5360,268.9689,267.6577,244.1557,264.2848,278.9750,256.5517,240.3033,240.3659,267.0090,249.6768,237.6212,267.2202,268.6423,264.8844,269.3823,269.3337,269.5879,246.9202,244.2624,246.3458,257.7745,255.4087,259.3414,259.4412,255.2498,252.0858,257.8756,258.8782,277.6342,277.6342,274.9487,268.1298,273.3955,246.3791,257.7819,255.0453,265.9041,266.1046,256.0608,0.0000,263.2192,261.1327,246.2758,248.7024,266.3364,266.3258,279.1457,271.2287,269.1234,232.6752,215.3413,260.4920,215.6197,233.2012,261.4098,266.3556,284.1780,289.3833,279.6868,268.5109,248.9270,252.4204,251.8975,255.6005,221.3693,260.7837,249.5447,253.8565,253.0335,275.5443,282.9805,250.3073,261.2821,262.2139,262.2939,261.3305,258.1975,262.1731,261.8414,263.1542,262.3112,262.1539,257.3846,269.0586,266.2247,266.1075,0.0000,263.5913,268.6283,263.5910,258.6557,259.2204,267.1695,266.4448,261.5380,281.0616,268.2331,258.7191,259.2230,259.1687,263.3966,265.3214,247.8875,257.8693,263.3965,252.6974,235.7579,278.6860,279.0768,280.2304,255.9852,260.7002,255.7587,259.1561,259.3331,266.1174
17.0000,277.1423,287.7115,288.4159,278.9330,270.3160,263.4898,262.8529,292.9945,293.5162,302.4906,294.8953,301.7936,292.1203,283.6326,251.2383,170.3643,276.6908,276.1891,270.8379,285.2997,267.3648,262.7504,264.9230,269.1644,263.9213,267.3214,267.7504,282.3656,303.6493,287.3645,290.1251,291.0422,303.2888,277.0544,276.7187,298.2133,293.8364,276.1868,294.8049,277.8156,291.1654,277.9302,295.3278,292.3679,304.2843,250.6270,267.7125,266.5726,241.5155,257.4336,251.8084,257.4757,267.0223,264.1178,263.1904,258.7232,280.9845,258.9420,244.5296,248.1330,265.0287,265.2429,259.4261,259.7029,261.7263,265.0922,265.2046,270.1265,266.1594,266.8499,267.9499,267.1828,257.8450,265.0703,252.7312,284.9714,282.1341,304.0201,301.6292,277.4715,283.6670,277.6647,293.9145,294.1793,294.1083,294.8284,294.4424,293.8447,294.6019,293.5387,290.1836,295.3370,288.5226,285.6231,284.9711,280.9299,283.4494,281.4714,0.0000,295.0623,297.7596,295.0580,270.1058,275.8272,270.0681,270.1952,265.9172,264.5661,264.6307,0.6491,291.3465,266.6354,301.5068,293.4691,263.0828,259.1218,280.2550,275.2266,289.0008,258.6186,266.6128,295.1962,294.9235,286.9674,248.5744,288.8923,302.3828,264.2217,244.7516,244.8154,284.5988,253.6681,251.0931,288.1922,290.6050,289.9095,294.6158,294.5382,294.6341,251.7238,257.5413,259.7300,271.7655,269.2714,266.5806,276.4888,266.3841,256.1154,265.4964,265.1267,300.9935,300.9936,297.6745,289.4538,295.4755,240.4223,254.9891,252.7865,286.0480,287.4095,263.2900,0.0000,274.2092,279.1208,252.1197,254.6489,287.6716,287.4332,302.5838,292.8429,290.2606,237.9307,220.0035,271.4307,220.2986,238.6225,283.3427,281.9686,302.4120,315.3456,303.4807,289.7599,145.5963,258.8103,258.2288,262.4554,225.8727,264.6660,263.1716,268.0136,267.3638,292.3713,301.0073,264.5397,268.6438,269.6032,269.6862,268.6680,265.3040,269.5608,269.1930,270.5453,269.7043,269.5780,264.2537,290.1836,284.9705,287.4153,0.0000,274.8178,291.3475,274.8176,272.9642,274.0935,287.8953,279.3349,272.5561,304.9066,290.1200,269.4925,270.0680,270.1230,274.6148,283.6326,249.5169,261.0276,274.6147,268.0763,241.3948,302.0663,302.5331,304.1562,263.2088,268.0586,262.9575,265.9405,265.6822,287.3686
18.0000,277.1423,288.2175,288.9626,279.4161,270.6993,263.9903,263.4031,294.4369,294.1941,304.3471,296.0457,303.4956,292.8506,284.3018,251.7041,170.6750,277.2427,276.6990,271.0903,286.0856,267.7369,262.8458,265.0842,269.5853,264.4380,267.9510,268.3882,283.0967,305.5549,287.8435,290.7335,291.7147,305.2893,277.3662,276.9870,299.6009,294.4917,276.8530,295.3615,277.8551,292.0049,279.1269,296.4808,293.2797,306.3800,251.5455,268.0331,266.8759,241.8801,258.0184,252.4351,258.6595,267.3639,264.1604,264.0997,259.9456,281.4518,259.5441,245.3652,248.1330,265.2730,265.4893,259.9405,260.2176,261.7263,265.3338,265.4078,270.4979,266.4804,267.2218,268.4536,267.8308,257.2138,265.3155,253.4385,285.1778,282.5436,305.9644,303.3514,278.2385,284.3018,278.2248,294.5707,294.7616,294.8458,295.6158,295.1249,294.5205,295.2976,294.9796,290.6142,295.8595,289.0204,285.7822,285.1774,282.1234,284.5940,282.1723,0.0000,296.2185,299.1253,295.6763,270.5536,276.2736,270.3165,270.4534,266.1342,264.8008,264.8647,0.6491,291.8399,267.1292,303.2139,293.9769,263.6620,259.3788,281.1923,275.9463,289.5577,259.8243,266.8730,295.7977,295.5282,287.3667,249.4257,289.5656,304.2147,264.4306,245.5850,245.6490,284.9069,254.0418,251.4596,289.4638,291.2414,290.7995,295.2578,295.2069,295.3400,252.7071,258.0892,260.2478,272.1400,269.6198,266.8369,276.9689,266.7659,256.4926,265.7475,265.3671,303.0943,303.0943,299.4679,290.0307,296.1610,240.2279,256.0178,253.4386,286.4976,287.9314,263.4744,0.0000,274.7452,279.6055,252.7365,255.2217,288.2074,287.9672,304.4254,293.3679,290.6963,238.9495,221.1033,271.7293,221.3915,241.4496,284.0406,282.4761,303.5701,318.6935,305.4875,291.0777,145.8655,259.3704,258.7768,262.8347,227.5497,264.8235,263.7227,268.6338,267.9941,293.3118,302.1457,265.0513,268.9584,269.9215,270.0063,268.9777,265.4934,269.8787,269.5375,270.9207,270.0243,269.9134,264.4130,290.6142,285.1761,287.9374,0.0000,275.2911,291.9781,275.2909,273.3463,274.5033,288.2767,279.8363,272.9081,306.9019,290.7283,269.6417,270.3165,270.3018,275.0878,284.3018,248.7072,261.5104,275.0877,268.6682,241.9378,303.8253,304.3358,306.2377,263.3926,268.4151,263.1307,266.1705,265.9265,288.1331
19.0000,277.1423,288.7747,289.5563,280.2699,271.5207,264.2374,263.6411,295.8724,294.9056,305.9119,297.1060,304.9289,293.6567,284.8272,251.9040,170.9539,276.6565,276.4606,270.9439,286.9427,268.2435,263.4876,265.6708,270.1301,264.5827,268.1309,268.5522,283.6762,307.0173,288.3732,291.4360,292.6037,306.8434,277.4826,277.1250,300.8397,295.1799,277.2447,295.9106,277.8943,292.8421,280.1365,297.5771,294.1891,308.0039,252.1130,267.9899,266.7910,242.2054,258.5031,252.9937,259.4729,267.5364,264.0513,264.7314,260.8276,281.4500,259.9969,245.8866,248.1330,265.3163,265.5213,260.3122,260.5907,261.7263,265.3844,265.4341,270.6204,266.5855,267.3864,268.7846,267.6804,256.5602,265.3591,253.8484,285.4036,282.6246,307.4385,304.7300,278.7663,284.8272,277.8770,295.2623,295.4455,295.5919,296.3929,295.8568,295.2366,296.0330,296.2983,291.0261,296.3723,289.5253,285.9761,285.4030,283.0892,285.5660,282.7465,0.0000,297.2739,300.3328,296.2595,271.0673,276.4865,270.3479,270.5155,266.1457,264.8360,264.9027,0.6491,292.3109,267.4559,304.5873,294.4578,263.9893,260.0919,282.2287,276.3518,290.1898,260.6915,266.8940,296.3664,295.9887,287.7975,249.9500,290.1389,305.7585,264.4290,246.1040,246.1680,285.1074,254.3695,250.7807,290.6083,291.9757,291.5227,295.9402,295.8931,296.0629,253.3125,258.3643,260.5054,272.5365,270.0124,266.8566,278.4554,267.0949,256.8233,265.7998,265.4163,304.8330,304.8331,301.0182,290.6911,296.6611,240.6293,256.2809,253.6847,286.9685,288.5396,263.4437,0.0000,274.6848,280.4658,253.2788,255.6849,288.8291,288.5964,305.8762,293.7873,291.1116,239.9355,222.3491,271.5950,222.6213,245.2217,284.5946,282.6990,304.1104,321.3888,307.0426,292.2757,146.1110,259.7841,259.1899,263.0392,229.7631,264.8669,263.9860,268.8762,268.1768,293.7116,302.6816,265.2482,268.9210,269.9018,269.9880,268.9924,265.4645,269.8591,269.6435,271.0461,270.0058,269.8886,264.3399,291.0261,285.4013,288.5459,0.0000,274.1572,292.6849,274.1569,273.7343,274.9063,288.6713,279.7524,272.4552,308.4278,291.4305,269.3972,270.3479,270.0142,273.4839,284.8272,247.8635,261.5424,273.4837,268.9276,242.3769,305.2223,305.7491,307.8507,263.3612,268.3867,263.0809,266.2238,265.9706,289.0243
20.0000,277.1423,290.5789,291.3896,281.5835,272.6315,266.0591,265.5272,297.8695,296.7064,308.0339,298.9969,306.9040,295.3369,286.6394,253.2057,171.8764,277.9946,277.8701,271.9413,288.5192,269.7580,264.8571,267.0871,271.5983,266.5162,270.1172,270.5352,285.4628,309.2301,290.1609,293.2396,294.5114,309.0883,278.0056,277.6745,302.8269,296.9827,278.7931,297.6933,277.9071,293.1148,281.8746,299.4623,294.4852,310.2832,253.1573,268.4660,267.1997,243.4757,259.2540,253.7898,260.6244,267.9788,264.5701,265.9184,262.0131,282.9789,260.6801,246.9281,248.1330,265.9717,266.1526,261.0001,261.2679,261.9746,266.0776,266.0868,271.1505,267.3881,268.3157,269.4428,268.7029,256.5766,266.0153,254.8938,287.0943,284.1532,309.6717,306.8453,280.4668,286.6394,279.2534,297.0671,297.2563,297.4002,298.2119,297.6925,297.0622,297.8492,298.2280,292.8215,298.1461,291.2538,287.6474,287.0938,284.8215,287.3295,284.5348,0.0000,299.1766,302.3119,298.0679,272.5843,277.3174,271.4171,271.6055,266.9898,265.5264,265.5751,0.6491,294.1426,268.1208,306.7022,296.3235,265.8705,261.4724,283.7261,277.8059,291.8928,261.8724,267.4749,298.1477,297.7063,289.5503,250.9914,291.9436,307.8570,265.1653,247.1444,247.2087,286.7407,255.6843,253.4357,292.4372,293.7949,293.3498,297.7551,297.7152,297.9053,254.3372,260.1491,262.3032,274.0180,271.4803,267.4332,279.1193,268.4611,258.1508,266.5237,266.1155,307.0022,307.0023,303.0741,292.4907,298.6679,242.3604,257.3023,254.9208,288.6558,290.2201,264.1690,0.0000,275.5153,281.7763,254.0644,256.4151,290.5123,290.2368,307.9852,295.6950,292.9100,241.1320,223.8516,272.5566,224.1048,249.2227,286.4018,283.3973,305.6089,324.1058,309.2878,294.1306,146.9129,260.4674,259.8884,263.7038,232.3611,265.3902,265.8562,270.7953,270.1606,294.8197,304.1181,267.2144,269.4582,270.3856,270.4721,269.5243,266.0150,270.3438,270.1906,271.5727,270.4894,270.3827,264.8563,292.8216,287.0919,290.2264,0.0000,275.2892,294.4957,275.2889,275.2238,276.4109,290.3960,281.2398,273.4893,310.6880,293.2339,270.2928,271.4169,270.9716,274.5477,286.6394,247.6293,262.8867,274.5476,270.7916,243.0691,307.3623,307.9117,310.1246,264.0883,268.9411,263.7928,266.8889,266.6615,290.7080
21.0000,277.1423,288.7809,289.6121,279.6821,270.6799,264.1257,263.5066,289.5595,294.7796,296.3327,294.1276,296.9131,293.5625,284.4335,251.4687,170.7201,275.5302,275.7784,269.8344,286.8890,267.9369,263.1665,265.3571,269.7740,264.5270,268.1076,268.5261,282.8908,302.1442,288.3496,291.3576,292.6295,302.1025,277.4159,277.0137,296.8199,295.0355,276.5314,295.6363,277.9305,293.6156,277.3607,294.6013,295.0292,303.3375,251.8258,267.0195,265.7350,241.8114,258.3681,252.9471,259.3418,267.3527,263.6335,264.7962,260.7518,280.9972,259.6673,245.6059,252.4453,264.5981,264.7772,259.9388,260.1981,261.7263,264.8315,264.9286,269.7599,266.0653,267.0365,268.4470,267.3655,256.5055,264.6421,253.4872,285.2559,282.2359,302.5979,299.2326,277.6521,284.5740,277.2281,295.1217,295.3238,295.5015,296.3379,295.7712,295.1451,295.9495,291.7160,290.8832,296.0598,289.1197,285.7822,285.2553,280.2720,282.7386,281.9868,0.0000,294.2928,296.4687,296.0568,270.7766,276.5372,269.6059,269.8274,265.4586,264.1515,264.1934,0.6491,292.2460,267.1161,299.4991,294.4652,263.8462,259.7421,281.9583,276.6385,289.9403,260.5890,266.0782,296.1377,295.7032,287.7360,249.6558,289.7879,295.4483,263.7453,245.8210,245.8850,284.8855,253.9465,251.5443,286.9812,291.9283,291.1480,295.8429,295.7793,296.0019,253.0327,258.2892,260.4094,272.1414,269.6217,266.0307,277.2346,266.6421,256.3961,265.1784,264.8547,300.6664,300.6665,296.6497,290.6258,296.8951,240.1096,256.0076,253.3101,286.6311,288.2603,262.7455,0.0000,273.4899,279.8737,253.2088,255.4964,288.5609,288.2764,298.5439,293.8312,290.9740,240.6494,223.5614,270.4830,223.8059,250.3180,284.0582,282.9490,306.0300,318.3104,302.2994,288.3760,145.9202,259.4347,258.8732,262.4926,232.5580,264.5551,263.8460,268.7884,268.1512,294.7240,304.4610,265.2354,268.1163,268.9354,269.0217,268.0770,264.6118,268.8940,268.8081,270.1836,269.0392,268.9386,263.4125,290.8832,285.2535,288.2667,0.0000,272.1552,292.6022,272.1549,273.3351,274.5100,288.4022,279.2166,271.0649,303.6247,291.3518,267.7891,269.6048,268.8035,270.8785,284.4335,248.7895,261.0120,270.8785,268.5549,242.1982,300.1593,300.7912,303.1720,262.6650,267.5978,262.3623,265.5869,265.4071,288.9410
22.0000,277.1423,288.8437,289.6840,279.7067,270.6757,264.1053,263.4836,289.7350,294.8808,296.4593,294.2339,296.9364,293.6602,284.5257,251.4028,170.7094,275.3123,275.6431,269.4180,286.9352,267.9236,263.1449,265.3438,269.7633,264.5066,268.0541,268.4680,282.9760,302.3512,288.4060,291.4336,292.7042,302.3383,277.4905,277.0480,296.9574,295.1349,276.5368,295.7093,277.9435,293.8951,277.4711,294.7030,295.3327,303.5951,251.9004,266.6575,265.3639,241.7695,257.9827,252.5609,259.5656,267.1991,263.2630,264.8078,261.0233,280.9381,259.3001,245.6581,251.7710,264.2454,264.4182,259.5704,259.8265,261.7263,264.5256,264.6285,269.4042,265.7411,266.7343,268.0955,267.1720,255.8756,264.2895,253.4333,285.2599,282.1405,302.8096,299.3906,277.6935,284.6213,277.0748,295.2222,295.4241,295.6143,296.4622,295.8689,295.2468,296.0635,291.8734,290.9362,296.1247,289.1683,285.7822,285.2594,280.3902,282.8444,282.0751,0.0000,294.4032,296.6023,296.1333,270.7627,276.6048,269.3117,269.5592,265.1520,263.8180,263.8479,0.6491,292.3190,266.7584,299.6645,294.5611,263.8262,259.6830,282.0279,276.6907,289.9966,260.8838,265.7190,296.2269,295.8069,287.7738,249.6984,289.8768,295.5580,263.4243,245.8703,245.9343,284.8581,253.8828,251.5248,287.1091,292.0114,291.2590,295.9446,295.8835,296.1243,253.1298,258.2717,260.3904,272.1102,269.5903,265.6728,277.2598,266.5606,256.3318,264.8658,264.5479,300.9939,300.9940,296.9092,290.6970,296.9447,240.3040,255.7812,253.2031,286.6651,288.3082,262.4202,0.0000,272.9347,279.8992,252.8246,255.1283,288.6111,288.3246,298.6601,293.8803,291.0277,240.2482,223.2744,270.0271,223.5141,250.2361,284.1516,283.1778,306.7979,319.1127,302.5356,288.5119,145.9183,259.0663,258.5051,262.1300,232.3397,264.3702,263.8193,268.7300,268.0964,295.3468,305.2161,265.2080,267.7431,268.5702,268.6552,267.7129,264.2468,268.5289,268.4594,269.8247,268.6727,268.5719,263.0081,290.9363,285.2574,288.3146,0.0000,271.6294,292.6867,271.6291,273.3030,274.4819,288.4379,279.1316,270.6144,303.8716,291.4278,267.3223,269.3080,268.3096,270.1837,284.5257,248.1164,260.9195,270.1839,268.5531,241.8492,300.3348,300.9771,303.4262,262.3398,267.2293,262.0338,265.2798,265.0938,289.0100
23.0000,277.1423,288.9653,289.8128,280.2083,271.2289,264.1403,263.5106,290.3014,295.0290,297.1990,294.6160,297.5798,293.9177,281.7542,251.1827,170.7127,273.9177,274.8496,269.0387,287.1914,268.1209,263.3694,265.5928,269.9771,264.4901,267.9780,268.3787,281.2046,303.1615,288.5193,291.6120,292.9032,303.2271,277.4839,276.9928,297.4477,295.2569,276.2262,295.7127,277.9588,294.2234,277.6918,295.0993,295.6893,304.5811,251.8564,266.9049,265.6151,241.7598,258.1162,252.6911,259.6923,267.2728,263.2988,264.9692,261.1821,280.4206,259.4743,245.6325,251.8227,264.4186,264.6034,259.7348,259.9929,261.7263,264.5887,264.6875,269.5865,265.9381,266.9390,268.2097,267.5232,255.8184,264.4588,253.3413,285.2504,281.7269,303.6483,300.0745,277.1996,284.8687,276.2734,295.3461,295.5893,295.7850,296.6494,296.0202,295.3942,296.2415,292.3096,291.0016,296.1593,289.2524,285.7822,285.2498,280.5456,282.9158,280.2679,0.0000,294.7808,297.0857,296.1977,270.9317,276.6058,269.1764,269.4591,265.2173,263.9625,264.0078,0.6491,292.4069,266.8724,300.3454,294.6615,263.8937,259.7204,282.3044,276.7041,290.1903,261.0443,265.9168,296.3112,295.8865,287.8426,249.6531,288.3147,296.2800,263.5639,245.8420,245.9060,284.7248,253.8922,251.6444,287.3518,292.2016,289.5949,296.0672,296.0139,296.2626,253.0679,258.3282,260.4341,272.1967,269.6986,265.8653,278.4466,266.5813,256.3413,264.9586,264.6115,301.7100,301.7101,297.4982,290.8595,297.0100,240.7400,255.3131,252.9366,286.7536,288.5120,262.5799,0.0000,272.6870,280.4066,252.9555,255.2639,288.8171,288.5342,299.3911,293.9347,291.0941,240.3459,223.3806,269.6784,223.6195,250.8920,281.7616,283.3017,307.5015,320.2877,303.4224,288.8112,145.9202,259.2344,258.6644,262.3035,232.6040,264.4190,263.8464,268.7104,268.0222,295.7555,305.8783,265.1862,268.1204,268.8136,268.8989,267.9448,264.4362,268.7720,268.6484,270.0080,268.9164,268.8417,263.1483,291.0017,285.2479,288.5185,0.0000,269.0624,292.8548,269.0621,273.3729,274.5477,288.4946,278.4924,269.5499,304.7185,291.6061,266.9184,269.1696,267.8434,266.6046,281.7542,248.0670,260.4794,266.6043,268.3922,241.9778,301.0491,301.7201,304.3964,262.5036,267.5682,262.1926,265.3692,265.1500,289.2534
24.0000,277.1423,288.9965,289.8531,280.0825,271.0648,264.1618,263.5492,290.5192,295.0765,297.4400,294.7294,297.7381,293.8125,282.4008,251.0083,170.6340,273.6548,274.6218,268.5544,287.2939,268.0236,263.1779,265.4092,269.8846,264.5422,268.0581,268.4700,281.6803,303.4596,288.5462,291.6302,292.9156,303.6255,277.5744,277.0605,297.5823,295.3078,276.3922,295.7637,277.9487,294.0077,277.8225,295.2163,295.4550,305.0940,251.6507,266.3237,265.0232,241.5945,257.7403,252.3349,259.5110,267.0088,262.6036,264.6730,261.0056,280.2093,259.0747,245.4309,247.1969,263.8774,264.0498,259.3075,259.5633,261.7263,264.1169,264.2032,269.0478,265.4107,266.4288,267.8688,267.0286,254.2718,263.9211,253.1096,285.2515,281.5998,303.9512,300.3026,277.4166,284.9004,276.0047,295.3975,295.6263,295.8418,296.7158,296.0480,295.4312,296.2949,292.4904,291.0255,296.1964,289.2694,285.7822,285.2509,280.6841,283.0856,280.7622,0.0000,294.8925,297.2258,296.2283,270.8668,276.7324,268.7529,269.0624,264.7252,263.4394,263.4763,0.6491,292.4297,266.5073,300.5739,294.6733,263.9037,259.6676,282.2774,276.9023,290.1946,260.8670,265.3628,296.3511,295.9365,287.8542,249.4448,288.7241,296.5070,263.0318,245.6395,245.7034,284.6781,253.7192,251.6940,287.5241,292.2256,290.1137,296.1155,296.0547,296.3158,252.8654,258.3586,260.4593,272.0832,269.5634,265.3162,278.1256,266.3993,256.1665,264.4689,264.1387,301.9031,301.9032,297.6925,290.8798,297.1042,240.3431,255.3210,252.8156,286.7501,288.5025,262.0290,0.0000,272.0114,280.2802,252.5969,254.8930,288.8020,288.4989,299.6163,294.0000,291.1190,240.1594,223.3375,269.1287,223.5695,251.3561,282.3421,283.3860,307.5492,320.6702,303.8209,288.9853,145.8657,258.8249,258.2562,261.8160,232.7884,264.1008,263.8828,268.7871,268.1023,295.7619,305.9316,265.2472,267.4111,268.2319,268.3199,267.3792,263.8861,268.1905,268.1058,269.4711,268.3369,268.2360,262.6045,291.0255,285.2490,288.5092,0.0000,268.7916,292.8792,268.7913,273.2636,274.4424,288.5067,278.2561,269.1204,305.0711,291.6243,266.4365,268.7398,267.3490,266.3784,282.4008,245.6179,260.2842,266.3783,268.4941,241.6263,301.2953,301.9833,304.8910,261.9493,266.8883,261.6426,264.8862,264.6782,289.2619
25.0000,277.1423,289.0327,289.8940,280.0910,271.0626,264.1859,263.5649,290.4786,295.0991,297.4034,294.7107,297.6219,293.5777,282.3739,250.8826,170.6186,273.0795,274.3144,268.1749,287.4508,268.0583,263.2885,265.4940,269.8986,264.5682,268.1131,268.5214,281.7036,303.5671,288.5807,291.6674,292.9888,303.7679,277.4805,277.0251,297.5693,295.3271,276.4176,295.7745,277.9328,293.6664,277.8845,295.1749,295.0843,305.2846,251.4690,266.4280,265.1475,241.5522,257.4344,251.9710,259.2117,266.9100,262.4552,264.4262,260.6913,279.9989,258.7756,245.2661,246.8955,263.7955,263.9920,259.0562,259.3150,261.7263,263.9838,264.0741,269.0097,265.3328,266.3304,267.7182,266.9516,254.0436,263.8390,252.9892,285.2508,281.4545,304.0689,300.3385,277.4484,284.9088,275.7295,295.4166,295.6428,295.8653,296.7393,296.0939,295.4699,296.3151,292.4989,291.0253,296.2056,289.2713,285.7822,285.2502,280.7943,283.1407,280.8049,0.0000,294.8820,297.2211,296.2520,270.8851,276.6900,268.4657,268.8121,264.5351,263.3267,263.3793,0.6491,292.4255,266.3362,300.6187,294.6553,263.9313,259.7941,282.2862,276.9611,290.2083,260.5285,265.3390,296.3701,295.9471,287.8663,249.2797,288.7000,296.4581,262.8721,245.4757,245.5396,284.6236,253.6536,251.7189,287.5666,292.2654,290.0345,296.1340,296.0907,296.3564,252.6732,258.3481,260.4693,272.0459,269.5268,265.2863,278.1340,266.3146,256.1002,264.3380,264.0044,301.7395,301.7395,297.6111,290.9164,297.1025,240.7887,254.8883,252.6182,286.7480,288.5110,261.8592,0.0000,271.6240,280.2887,252.2446,254.5984,288.7992,288.4546,299.6157,294.0083,291.1189,239.4532,222.6136,268.7616,222.8484,249.7906,282.3294,283.0435,305.9170,320.3671,303.9616,289.0203,145.8534,258.5510,257.9827,261.6517,231.8139,264.0111,263.9058,268.8449,268.1581,294.8898,304.4197,265.2481,267.6087,268.3344,268.4183,267.4159,263.8520,268.2920,268.0729,269.4356,268.4367,268.3568,262.6232,291.0253,285.2483,288.5176,0.0000,267.6168,292.9169,267.6164,273.2217,274.3990,288.5069,278.0006,268.4862,305.2087,291.6615,266.0681,268.4428,266.8860,264.7571,282.3739,245.3710,260.0891,264.7570,268.5218,241.3469,301.3552,302.0603,305.0736,261.7779,267.0386,261.4730,264.7410,264.5463,289.2894
26.0000,277.1423,288.9703,289.8134,280.2462,271.3087,264.5600,263.9158,296.0893,295.1999,306.4505,297.4280,304.8272,293.4613,282.6475,250.7001,170.5365,272.7523,274.0052,267.8949,287.3634,268.3125,263.7541,265.9135,270.0295,265.0032,268.4250,268.8195,282.4087,308.2210,288.5280,291.7129,293.0403,308.2991,277.7159,277.2418,301.2534,295.4343,277.1956,295.9395,277.9119,293.2183,280.3322,297.9085,294.5976,309.8146,250.8661,266.0834,264.7988,241.4170,256.8529,251.3659,258.2796,266.7196,262.4183,263.5792,259.6727,279.7361,258.2079,244.7114,250.3529,263.5439,263.7260,258.5555,258.8074,261.7263,263.7525,263.8784,268.6866,265.0590,266.0531,267.2169,266.6463,254.6607,263.5866,252.5837,285.2149,281.2350,308.7080,305.5263,278.5533,285.0957,275.3373,295.5217,295.7109,295.9670,296.8376,296.1855,295.5600,296.3990,296.5575,291.0901,296.3882,289.5219,285.7822,285.2144,283.2480,285.6544,281.4972,0.0000,297.6007,300.7786,296.3569,270.9653,276.8809,268.1887,268.5630,264.3287,263.0967,263.1389,0.6491,292.4623,265.8434,305.4151,294.6656,264.3190,260.1943,282.2151,277.0662,290.3181,259.4942,265.0452,296.5070,296.0812,287.8065,248.7282,288.9393,306.1948,262.6805,244.9247,244.9885,284.5181,253.5650,252.1325,290.7696,292.3014,290.3146,296.1913,296.1921,296.4463,252.0331,258.6993,260.8318,272.1098,269.6125,264.9974,278.3615,266.2574,256.0108,264.1036,263.7731,305.5756,305.5757,301.5331,290.9381,296.9109,240.1910,254.9200,252.4697,286.9043,288.6285,261.6898,0.0000,271.4543,280.4441,251.6485,254.0436,288.9053,288.5608,306.5084,293.9556,291.1808,238.5926,221.5950,268.4729,221.8403,246.3405,282.7618,283.2582,306.2059,323.8036,308.4841,292.4636,145.8034,258.0146,257.4534,261.2769,229.8740,263.8566,264.2568,269.1449,268.4677,295.0858,304.6896,265.6684,267.1830,267.9889,268.0740,267.0926,263.5617,267.9470,267.7458,269.1070,268.0915,267.9821,262.3345,291.0901,285.2126,288.6351,0.0000,267.3425,292.9771,267.3421,273.2740,274.4472,288.6278,277.6964,268.2150,309.8153,291.7070,265.8081,268.1548,266.6207,264.5067,282.6475,246.8320,259.8578,264.5065,269.1576,240.8211,306.1434,306.7645,309.6024,261.6119,266.6178,261.3036,264.5148,264.3145,289.2477
27.0000,277.1423,288.7537,289.5789,279.9645,271.0869,264.1578,263.5037,294.5513,294.8479,304.6870,296.4070,303.1186,292.9556,282.0204,250.3803,170.3193,272.3730,273.7145,267.2932,286.9724,267.9770,263.4048,265.5744,269.7211,264.5715,267.9970,268.4108,281.7523,306.6619,288.3250,291.3977,292.6539,306.6004,277.4493,277.0138,300.0169,295.0841,276.6517,295.6346,277.8915,292.7819,279.3550,296.8311,294.1236,308.0821,250.2569,265.0864,263.7879,241.1357,256.0476,250.4876,257.4118,266.4002,261.9040,262.7939,258.7698,279.5102,257.3851,244.1175,249.9913,262.8812,263.0375,257.7613,258.0103,261.7263,263.1663,263.3251,267.9002,264.3712,265.3804,266.5148,266.0547,254.3017,262.9258,252.0588,285.1967,281.0811,307.1377,304.0533,277.8978,284.8328,275.0430,295.1694,295.3680,295.6056,296.4643,295.8423,295.2147,296.0389,295.1844,290.8999,296.1069,289.2475,285.7822,285.1962,282.3170,284.6501,280.8525,0.0000,296.5989,299.5786,296.0175,270.6584,276.4529,267.5975,268.0062,263.7328,262.4669,262.4974,0.6491,292.2242,265.1194,303.9633,294.4155,263.8544,259.7845,281.7810,276.3062,290.0323,258.6066,264.2704,296.1903,295.7734,287.6699,248.1395,288.4065,304.4401,262.0646,244.3331,244.3967,284.4317,253.2354,251.7217,289.5901,291.9685,289.5892,295.8381,295.8485,296.0832,251.4283,258.3445,260.4512,271.8167,269.3221,264.2235,278.0824,265.8904,255.6780,263.4949,263.1858,303.7915,303.7915,299.9328,290.6502,296.6572,240.4608,254.1039,251.9937,286.6642,288.3624,261.0757,0.0000,270.7278,280.1629,250.7801,253.2287,288.6286,288.2633,304.8843,293.7590,290.9885,237.4433,220.0587,267.8871,220.3271,242.2110,282.1206,282.8288,305.1480,321.2674,306.7709,291.2271,145.6224,257.2073,256.6467,260.5450,227.1350,263.4743,263.8384,268.7008,268.0393,294.2890,303.6640,265.2322,266.2106,266.9767,267.0647,266.2125,262.7926,266.9369,266.9616,268.3169,267.0809,266.8950,261.5764,290.8999,285.1948,288.3689,0.0000,266.8718,292.6521,266.8715,272.9787,274.1366,288.4546,277.4211,267.6559,308.1705,291.3920,265.2211,267.5501,265.9489,264.0202,282.0204,246.4877,259.5494,264.0198,268.6586,240.0485,304.6622,305.2647,307.8729,260.9980,265.6545,260.6904,263.8825,263.7153,288.8278
28.0000,277.1423,288.8085,289.6343,280.0236,271.1844,264.1884,263.4997,294.0048,294.9088,304.3647,296.2831,302.8027,293.1497,281.9299,250.4913,170.3610,272.4225,273.7947,267.4597,286.7908,268.0299,263.2714,265.5414,269.7990,264.5866,268.1804,268.6009,281.5464,306.6176,288.3796,291.4262,292.5894,306.5984,277.4140,276.9806,299.8398,295.1449,276.4472,295.6794,277.9016,292.9967,278.5715,296.6760,294.3570,308.1220,250.7183,266.2457,265.0133,241.2210,256.9041,251.3864,257.9324,266.5940,262.5627,263.4398,259.3042,279.6021,258.2939,244.5246,250.9826,263.6027,263.8098,258.6214,258.8787,261.7263,263.7502,263.8930,268.8063,265.0094,265.9074,267.2728,266.4250,255.2882,263.6484,252.4183,285.2124,281.1354,307.1028,303.9277,277.4801,284.8783,275.1384,295.2312,295.4486,295.6647,296.5229,295.9118,295.2782,296.1077,294.5123,290.8869,296.1518,289.2739,285.7822,285.2120,281.2219,283.3629,280.6424,0.0000,296.4838,299.4281,296.0566,270.7605,276.5053,267.7490,268.1852,264.2056,263.1307,263.1923,0.6491,292.2109,265.9061,303.8496,294.3921,263.8634,259.4435,281.8402,276.5449,290.0873,259.1571,265.1364,296.2695,295.9285,287.7171,248.5648,288.3738,304.1188,262.6722,244.7403,244.8040,284.4821,253.3297,251.7364,288.5870,291.9959,289.5488,295.9051,295.9183,296.1510,251.9427,258.3981,260.4912,271.8852,269.3902,265.0848,278.1407,265.9916,255.7732,264.0923,263.7661,303.2062,303.2063,299.3131,290.6851,296.5247,240.2061,254.4717,252.1773,286.6967,288.4086,261.6956,0.0000,271.1309,280.2216,251.6725,254.0858,288.6806,288.3599,304.6750,293.6795,290.9752,238.5005,221.0810,268.0566,221.3484,244.0121,281.9887,282.8774,305.6647,320.8367,306.7673,290.3194,145.6549,258.0919,257.5170,261.3408,228.3952,263.8656,263.8357,268.8370,268.2219,294.5731,304.1515,265.2938,267.3718,268.1429,268.2276,267.1963,263.6469,268.1006,267.8540,269.2310,268.2456,268.1518,262.5582,290.8869,285.2105,288.4151,0.0000,266.9195,292.6921,266.9192,273.0471,274.2076,288.4673,277.5106,267.7708,308.1579,291.4205,265.3890,267.6886,266.1476,264.0467,281.9299,247.4587,259.6487,264.0460,268.5434,240.8611,304.5649,305.1885,307.9059,261.6201,266.7926,261.3094,264.5140,264.3186,288.8028
29.0000,277.1423,288.6659,289.4724,279.8592,271.0356,263.8567,263.1753,293.8826,294.7313,303.9301,295.9157,302.3165,292.9483,281.6001,250.1855,170.2393,271.5346,273.1903,266.9576,286.4608,267.7794,262.9754,265.2805,269.5832,264.2342,267.7684,268.1844,281.1832,306.0845,288.2470,291.2701,292.4284,305.9879,277.2624,276.8293,299.4718,294.9736,276.0796,295.5434,277.8969,292.8973,278.1284,296.2732,294.2490,307.4700,250.6530,266.2407,265.0282,241.0558,256.7957,251.2915,257.8736,266.7155,262.3296,263.3316,259.2310,279.1478,258.2029,244.4919,247.1925,263.5927,263.8083,258.5373,258.7878,261.7263,263.6582,263.7836,268.7718,264.9678,265.8376,267.1257,266.4948,254.5969,263.6381,252.4231,285.1831,280.7936,306.5571,303.4612,277.1123,284.7459,274.4790,295.0590,295.2820,295.4769,296.3268,295.7192,295.0942,295.9250,294.2037,290.8108,296.0270,289.1464,285.7822,285.1826,280.8397,282.9813,280.2637,0.0000,296.1361,299.0482,295.9359,270.5345,276.2885,267.4004,267.8791,264.0811,263.1098,263.1867,0.6491,292.1072,265.7454,303.3820,294.2646,263.5182,258.9949,281.5975,276.1914,289.9395,259.0802,265.1191,296.1221,295.7882,287.6223,248.5233,288.1038,303.6762,262.6314,244.7077,244.7714,284.3171,253.1408,251.4011,288.2389,291.8304,289.1745,295.7414,295.7386,295.9582,251.8391,258.0740,260.1642,271.7184,269.2248,265.0640,277.9785,265.7843,255.5825,264.0226,263.6734,302.7541,302.7542,298.9254,290.5347,296.5775,240.4602,253.8264,251.7742,286.5780,288.2746,261.6708,0.0000,270.5598,280.0582,251.5758,253.9797,288.5452,288.2105,304.2253,293.6774,290.8990,238.4897,221.1040,267.5460,221.3697,242.0510,281.6447,282.6326,305.2253,320.0952,306.1543,289.9826,145.5548,258.0021,257.4257,261.2904,228.1556,263.7834,263.4977,268.4206,267.8095,294.1746,303.7134,264.9262,267.3225,268.1244,268.2072,267.1682,263.6284,268.0824,267.8152,269.1909,268.2252,268.1357,262.6937,290.8108,285.1815,288.2810,0.0000,265.6974,292.5268,265.6970,272.8827,274.0364,288.3877,276.9764,267.0277,307.6230,291.2645,264.8892,267.3280,265.5983,262.5218,281.6001,245.8653,259.2283,262.5218,268.1864,240.7605,304.0808,304.6881,307.2601,261.5985,266.7690,261.2852,264.4384,264.2382,288.5667
30.0000,277.1423,288.5595,289.3564,279.7501,270.9670,263.7119,263.0239,293.6228,294.5497,303.3669,295.5609,301.7408,292.7320,281.3080,250.1826,170.1887,271.5580,273.1888,267.0813,286.2027,267.6675,262.8048,265.1511,269.4847,264.0808,267.6344,268.0471,280.9017,305.3575,288.1477,291.1278,292.2740,305.1801,277.1957,276.7635,299.0043,294.7961,275.8844,295.4076,277.8935,292.8239,277.8261,295.9280,294.1693,306.6523,250.6694,266.7593,265.5271,241.0174,257.2594,251.7975,257.7771,266.9312,262.8617,263.3490,259.1261,279.0854,258.6927,244.5021,248.0314,264.1669,264.3774,259.0430,259.2928,261.7263,264.1136,264.2258,269.2539,265.5919,266.5033,267.4876,267.4399,255.4841,264.2117,252.4692,285.1760,280.7286,305.8155,302.8559,276.8836,284.6313,274.5021,294.8800,295.1038,295.2799,296.1149,295.5227,294.9154,295.7278,293.8719,290.6974,295.9048,289.0315,285.7822,285.1757,280.5356,282.6932,279.9933,0.0000,295.7714,298.5921,295.7978,270.4318,276.2041,267.5556,268.0454,264.5389,263.6720,263.7644,0.6491,291.9595,266.1388,302.7738,294.0550,263.3867,258.6913,281.3194,276.0761,289.8082,258.9807,265.6687,295.9751,295.6418,287.5504,248.5430,287.8855,303.1109,263.2151,244.7193,244.7830,284.2884,253.1222,251.2554,287.9301,291.6831,288.9726,295.5649,295.5675,295.7913,251.8670,257.9310,260.0210,271.6739,269.1811,265.6106,277.8699,265.7811,255.5638,264.5076,264.1286,302.3468,302.3469,298.5599,290.4029,296.4476,240.0333,254.1225,251.8568,286.4849,288.1587,262.3037,0.0000,270.5131,279.9487,252.0773,254.4516,288.4225,288.0913,303.6084,293.5678,290.7844,239.1447,222.1227,267.6729,222.3678,247.9697,281.3494,282.4493,304.5694,319.6097,305.3411,289.6671,145.5054,258.4962,257.9205,261.8290,230.8153,264.0745,263.3427,268.2588,267.6745,293.6745,303.0827,264.7640,267.8354,268.6420,268.7224,267.6775,264.1864,268.6002,268.3261,269.6714,268.7409,268.6555,263.3356,290.6975,285.1747,288.1650,0.0000,265.7900,292.3725,265.7897,272.8413,273.9887,288.3086,276.9355,267.1621,306.8021,291.1222,265.0061,267.4772,265.6743,262.6341,281.3080,246.7405,259.2260,262.6341,268.0104,241.2078,303.4425,304.0215,306.4432,262.2384,267.2936,261.9191,264.9844,264.7201,288.3485
31.0000,277.1423,285.1020,285.8831,276.3978,267.7459,260.8958,260.0720,290.6636,291.0088,300.0824,292.2513,298.4464,289.1112,278.1917,246.9974,167.9948,268.3373,269.9924,263.0469,282.7350,264.5561,259.6897,262.0269,266.2673,261.3538,264.9076,265.3468,277.9283,302.0565,284.6991,287.6222,288.7329,301.8968,276.6660,276.0457,295.6835,291.2554,273.5204,291.8743,277.8962,292.8818,274.7879,292.6526,294.2322,303.3531,246.8886,261.6082,260.4022,237.8464,253.1144,247.6076,253.8982,265.1178,258.8259,259.3338,255.2320,275.8218,254.1392,240.8046,244.9093,258.9372,259.1536,254.4197,254.6434,261.7263,259.6362,259.9928,263.9249,260.3654,261.2725,263.4349,262.1998,252.2476,258.9812,248.6979,281.8116,277.4533,302.5200,299.5386,274.2149,281.2118,271.4064,291.3381,291.5586,291.7301,292.5546,291.9627,291.3637,292.1735,290.8318,287.2344,292.3665,285.5858,282.4114,281.8113,277.5303,279.7746,277.0450,0.0000,292.4401,295.2690,292.2339,267.2132,275.2711,263.4885,263.9941,260.1153,258.4408,258.5027,0.6491,288.4610,261.9591,299.4603,290.4975,260.3781,255.7340,277.9880,274.3279,286.3271,255.0799,260.4720,292.4293,292.1174,284.1247,244.8050,284.5677,299.8247,258.5757,241.0214,241.0841,280.9468,249.7840,248.6604,284.9550,288.1684,285.5922,292.0096,292.0103,292.2229,248.0868,255.1635,257.2386,268.2678,265.8062,260.4157,274.5398,262.2669,252.1934,259.7544,259.6150,299.2256,299.2257,295.4706,286.9112,292.9942,236.8554,250.9291,248.6658,283.0498,284.6968,257.6676,0.0000,266.2608,276.5938,247.8765,250.2141,284.9535,284.6145,300.2736,290.1148,287.3207,235.2987,218.7378,263.6000,218.9692,245.3014,278.2855,281.9848,304.5341,316.4501,302.0565,286.6730,143.6457,253.9259,253.4059,256.8976,227.7191,261.2424,260.3950,265.3972,264.9400,293.3972,303.0083,262.0204,262.6427,263.4556,263.5361,262.4966,259.0644,263.4139,263.0460,264.3166,263.5539,263.4498,258.2540,287.2344,281.8104,284.7031,0.0000,262.2856,288.8518,262.2852,269.4066,270.5361,284.8817,273.6874,263.2913,303.4911,287.6168,260.9980,263.4086,261.7312,259.1093,278.1917,243.6680,256.0343,259.1086,265.3004,237.1909,300.1320,300.7135,303.1463,257.6138,262.0970,257.2987,260.4099,260.1971,284.8545
32.0000,277.1423,288.1812,288.9658,279.3928,270.6659,263.4855,262.7864,293.4709,294.1398,302.9389,295.1554,301.3037,292.2331,280.9037,249.8328,169.8906,271.5005,273.1139,266.1210,285.8837,267.3734,262.6055,264.8972,269.1508,263.8679,267.4207,267.8369,280.5642,304.9378,287.7781,290.7232,291.8481,304.8235,277.1626,276.7187,298.5733,294.3865,275.6991,295.0088,277.8817,292.5721,277.5344,295.5266,293.8958,306.3238,249.8917,265.6871,264.4989,240.5554,256.4045,250.9410,257.0208,266.6191,262.2746,262.4884,258.3699,278.9587,257.6080,243.7401,248.1330,262.6711,262.9297,257.9066,258.1383,261.7263,263.0387,263.2686,267.8654,264.1346,265.0236,266.6137,266.2166,256.3348,262.7143,251.6970,284.8921,280.5698,305.3898,302.4233,276.6470,284.2564,274.5655,294.4698,294.6963,294.8713,295.7058,295.1030,294.4968,295.3194,293.6536,290.3197,295.5129,288.6592,285.4907,284.8917,280.2611,282.4408,279.6808,0.0000,295.3618,298.1680,295.3758,270.1119,276.1516,266.6381,267.1722,263.7289,262.1346,262.2189,0.6491,291.5519,265.2426,302.3468,293.6122,263.1718,258.6571,281.0463,275.9841,289.4250,258.2226,264.3528,295.5714,295.2504,287.2121,247.7771,287.4435,302.6813,262.3798,243.9578,244.0213,284.0675,252.6247,251.0525,287.7015,291.2704,288.3717,295.1484,295.1482,295.3596,251.0929,257.7107,259.7980,271.2391,268.7500,264.2886,277.5147,265.2469,255.0614,263.2943,263.0256,302.0722,302.0723,298.3119,290.0068,296.0296,239.5835,253.8332,251.5369,286.1144,287.7791,261.5735,0.0000,269.3342,279.5910,251.2092,253.5326,288.0363,287.7018,303.1324,293.1768,290.4059,238.6130,221.8849,266.6846,222.1162,248.9063,280.9676,282.4779,305.0317,319.4179,304.9870,289.4435,145.2521,257.3935,256.8486,260.5069,230.9907,263.4445,263.1176,268.0560,267.4554,293.8637,303.5008,264.5588,266.5752,267.5511,267.6294,266.4891,262.9671,267.5073,266.9685,268.2459,267.6487,267.5323,262.5279,290.3197,284.8908,287.7854,0.0000,265.5549,291.9633,265.5545,272.3959,273.5374,287.9598,276.8180,266.4428,306.4041,290.7177,264.0438,266.5487,264.5748,262.4633,280.9037,247.5455,258.9824,262.4631,267.7903,240.3366,303.0169,303.5983,306.1106,261.5339,265.9969,261.2155,264.1006,263.6967,287.9696
33.0000,277.1423,288.4570,289.2348,279.6548,270.9120,264.4815,263.8311,294.7259,294.3267,303.8908,296.1611,302.2071,292.4131,286.1205,250.5435,170.3451,272.1418,273.6911,267.5402,286.1148,268.0439,263.4468,265.6663,269.7107,264.9848,268.5171,268.9261,284.8182,305.9148,288.0589,290.9702,292.1022,305.7822,277.4988,277.1978,299.5343,294.5591,277.3360,295.1389,277.8684,292.2879,278.9211,296.5781,293.5871,307.2850,251.4799,268.9930,267.7955,241.3222,258.8789,253.4103,258.9037,268.1138,265.0107,264.7495,260.3114,279.4029,260.3028,245.3003,248.1330,265.8236,266.1224,260.6540,260.8994,262.4153,265.7033,265.8643,271.1067,267.3592,268.2698,269.0643,269.3999,259.6195,265.8660,253.2164,285.1805,281.0354,306.3754,303.3716,278.7670,284.5310,275.1667,294.6420,294.8455,295.0391,295.8580,295.2895,294.6927,295.4673,294.9834,290.6103,295.6985,288.9746,285.7822,285.1802,281.7202,284.0728,283.9130,0.0000,296.2244,299.0853,295.4681,270.6805,276.6491,268.1242,268.6800,266.3208,265.2007,265.3582,0.6491,291.8270,267.7601,303.2933,293.8568,264.2381,259.5313,281.3093,276.8085,289.6746,260.1633,267.6171,295.7616,295.4458,287.4925,249.3400,290.3847,303.6254,265.4544,245.5158,245.5797,284.4182,253.4251,252.1150,289.1975,291.5125,291.3037,295.3674,295.3412,295.5565,252.6652,258.6865,260.7809,271.8424,269.3249,267.5375,277.5249,266.0854,255.8695,266.0776,265.6876,303.4290,303.4290,299.6590,290.2620,296.3900,240.5695,254.3978,252.2131,286.4511,288.0448,264.7942,0.0000,271.0457,279.8469,253.6873,256.0498,288.2985,287.9549,304.0581,293.5039,290.6967,240.7269,223.8170,268.1236,224.0521,250.5779,285.5446,282.7563,304.9099,320.8215,305.9456,290.8925,145.6024,260.1031,259.5291,263.4501,232.7903,265.4075,264.1583,269.1331,268.5547,293.9983,303.4230,265.6654,269.9050,270.8824,270.9582,269.7816,266.3174,270.8375,270.2161,271.5106,270.9785,270.8623,266.2626,290.6103,285.1792,288.0510,0.0000,266.3579,292.1935,266.3576,273.0086,274.1401,288.2596,277.3061,267.6614,307.3817,290.9647,265.4660,268.0207,265.9233,263.2158,291.8222,250.5719,259.6431,263.2147,269.2117,242.7228,303.9710,304.5620,307.0713,264.7694,269.3085,264.4841,267.0678,266.4669,288.2043
34.0000,277.1423,284.0824,284.8361,275.5645,267.0629,260.6034,259.8325,289.4622,289.7680,298.3856,291.3422,296.8389,287.9086,281.1123,246.7478,167.7515,267.7627,269.3640,263.7548,281.8070,264.0320,259.2557,261.5367,265.6941,261.1541,264.6584,265.0899,280.0432,300.3457,283.6991,286.5152,287.6063,300.1363,276.5019,276.0129,294.4833,289.9904,273.7164,290.5762,277.8471,291.8358,274.3492,291.7997,293.0960,301.5804,247.8576,266.0523,264.7770,237.7355,255.9317,250.4596,255.1106,266.3178,263.1965,261.3421,256.4999,275.0245,257.2665,241.7741,252.7895,262.7544,263.0547,257.6339,257.8683,261.7263,262.8083,263.2157,268.0803,264.5613,265.6561,266.1019,266.4963,261.1309,262.7953,249.6576,280.9606,276.6769,300.7671,297.9836,274.6574,280.2221,270.7553,290.0700,290.2755,290.4666,291.2651,290.7089,290.1261,290.8831,289.8979,286.1624,291.1599,284.5675,281.5784,280.9603,277.1109,279.4972,279.1385,0.0000,291.3765,294.0513,290.8819,266.6279,275.0948,264.4174,265.0002,263.2874,261.9932,262.2509,0.6491,287.3310,264.7980,297.9213,289.3167,260.1466,255.3705,277.1630,274.1277,285.2741,256.3590,264.7573,291.2010,290.8949,283.1702,245.7736,285.5201,298.1419,262.6641,241.9897,242.0528,280.1388,249.7108,248.4702,284.3861,287.0379,286.2204,290.7764,290.7629,290.9565,249.0286,254.8255,256.9286,267.8326,265.3746,264.6828,273.7071,262.2194,252.1195,263.0269,262.7560,297.8600,297.8601,294.3172,285.8302,291.5261,236.9024,250.5796,248.3986,282.1231,283.6949,262.0928,0.0000,267.0354,275.7548,250.7378,253.1140,283.9388,283.6188,298.5387,288.8580,286.2433,237.7509,221.0267,264.3089,221.2601,246.9325,280.6558,281.4683,302.1114,314.5836,300.2892,286.0020,143.3726,257.0790,256.5254,260.4049,229.7373,263.4111,260.1483,265.1339,264.6935,292.0611,300.7662,261.8318,266.8081,267.9604,268.0352,266.8815,263.8481,267.9145,267.2340,268.4762,268.0549,267.9171,263.7124,286.1624,280.9596,283.7009,0.0000,262.1293,287.7018,262.1290,268.9779,270.0852,283.9099,272.9275,263.7042,301.7316,286.5099,261.7423,264.3018,262.1673,258.9753,287.0939,255.6930,255.6409,258.9749,265.2963,239.9398,298.5475,299.0947,301.3744,262.0769,266.2077,261.8935,264.2234,263.5767,283.8336
35.0000,277.1423,288.6133,289.3220,280.4541,270.9022,268.3788,267.8746,291.8973,289.3022,300.5731,293.5746,299.0632,290.5639,280.4257,271.2929,267.2530,280.4940,281.9562,276.2000,285.3741,273.9028,268.0180,270.7136,276.4085,268.1549,271.9128,272.3685,280.4808,302.4568,288.2360,288.6573,289.3608,302.1416,277.9666,277.3594,296.7845,288.9652,277.5957,287.6453,277.8385,291.6527,276.7504,294.1871,292.8972,303.5388,265.7034,282.9230,281.5274,266.2837,272.3614,266.5101,273.2860,282.1453,280.6263,279.0413,274.6996,285.0751,273.7803,259.2136,274.7563,279.1358,279.4646,274.0776,274.3990,276.2071,279.5771,280.0284,284.9719,281.2299,282.5100,283.2162,283.5933,280.8737,279.1793,268.1199,286.0863,285.6476,302.8720,300.1684,278.0044,282.3970,283.3491,289.0473,289.3345,289.8065,290.3700,290.2690,289.8455,289.9219,292.4554,289.3709,287.4593,287.0731,285.7822,286.0860,279.5106,282.3473,279.6050,0.0000,293.6520,296.3086,288.6333,277.8453,277.5998,276.7684,277.2782,278.3516,277.9367,278.5129,282.6134,290.5251,281.6949,300.0924,292.4378,268.1239,263.9229,280.2732,278.7343,287.0419,274.4736,281.5815,288.7566,289.1761,287.9360,263.6099,283.8174,300.3353,278.5865,259.4639,259.5314,286.5983,267.8611,255.1309,287.1021,289.1781,284.4896,289.4583,289.7620,290.1518,266.9730,262.4369,264.5980,276.7513,274.2115,281.5195,278.6032,273.8364,270.4448,278.6099,279.4560,300.3453,300.3454,296.8398,288.5532,294.7502,264.2738,276.7626,273.4990,285.7594,286.0233,278.5618,0.0000,279.7089,280.5500,266.8037,269.2844,286.2751,286.0986,300.6739,292.0721,289.4518,253.0291,235.2085,276.7918,235.4579,262.6160,280.5862,282.6424,301.8392,317.1082,302.2894,288.6723,267.2530,273.5615,272.9173,276.8241,244.4596,279.4963,268.1872,272.8584,271.9636,292.6408,300.6493,268.8121,283.5040,284.9624,285.0441,283.8768,281.1098,284.9117,284.1306,285.4119,285.0644,284.8876,280.6559,289.3709,286.0840,286.0265,0.0000,275.1285,289.0497,275.1282,277.6937,278.3275,287.1613,284.0775,276.3509,303.7830,288.6541,274.1328,276.6393,274.5136,272.2062,284.9868,277.9065,275.5020,272.2061,271.1838,255.2686,300.7031,301.2429,303.3395,278.5546,282.8585,278.4621,280.9406,280.3803,286.5565
36.0000,265.0676,268.6231,269.2801,260.8671,251.9451,250.5989,249.8283,272.0041,269.4165,279.7974,273.1856,278.4685,270.4762,262.8293,252.5133,248.9239,260.7793,262.0521,257.2880,265.5229,255.3193,249.8666,252.4027,257.4574,250.5620,253.9838,254.4472,262.6779,281.4883,268.2731,268.7326,269.3773,281.1959,264.6539,263.7066,276.2942,269.1283,260.4564,268.0089,265.7329,278.9344,258.1416,273.6384,280.1237,282.5226,247.4115,263.8487,262.6571,247.9704,254.4603,248.9608,254.6116,265.5156,262.1337,260.4913,255.9369,265.0760,255.6680,241.3670,258.6010,260.0747,260.4133,255.8642,256.1777,261.7263,260.6836,261.3539,265.6622,261.8552,262.8877,264.6398,264.3148,263.2225,260.1155,249.6642,266.4037,265.7141,281.8686,279.3974,260.2946,262.8293,262.9914,269.2035,269.4375,269.8761,270.3959,270.3091,269.9183,269.9816,272.6587,269.5027,267.7981,267.3602,266.1920,266.4034,260.9611,263.5924,261.8593,0.0000,273.3176,275.8179,268.8928,258.8098,263.4415,257.8187,258.2782,259.0039,258.9464,259.4694,263.2840,270.5683,263.1124,279.3189,272.3527,249.9271,246.0008,260.7905,262.7882,267.2469,255.6778,262.5397,268.9647,269.3634,268.0371,245.4723,265.3246,279.5882,259.0841,241.6015,241.6645,266.7917,249.4640,238.3925,267.8526,269.2158,266.0582,269.5930,269.8616,270.2280,248.6070,245.0634,247.0738,257.7431,255.3562,262.4952,258.4881,255.0445,251.8703,259.6982,260.5464,280.1752,280.1752,276.8477,268.6195,274.4086,246.2149,257.7525,254.6614,266.1218,266.2821,259.2013,0.0000,260.3796,260.9487,249.2256,251.5298,266.5135,266.3490,279.9043,271.9823,269.5765,236.3994,219.8798,257.8067,220.1061,246.9686,262.8642,269.0411,286.8452,296.1535,281.3318,269.2611,248.9239,255.4231,254.8381,258.1849,228.8515,262.1984,250.1192,254.6739,254.0253,278.3581,285.7683,251.1373,264.3056,265.7006,265.7774,264.6877,262.3737,265.6527,264.9025,266.0726,265.7962,265.6158,261.7476,269.5027,266.4019,266.2850,0.0000,256.0300,269.1243,256.0297,258.6233,259.2131,267.4506,264.0827,257.3461,282.7018,268.7297,255.4055,257.7031,255.8099,253.3706,266.1033,261.4850,256.2799,253.3707,253.5531,238.4381,279.8798,280.3747,282.3326,259.2008,263.6834,259.1773,261.6412,261.3114,266.6951
37.0000,277.1423,288.5269,289.2732,280.0433,270.2867,269.3429,268.7591,294.2930,289.3054,302.3187,294.3086,300.5541,290.7253,282.6921,271.4286,267.6617,280.4343,281.7574,275.8404,285.6185,274.2935,268.6152,271.2552,276.5295,269.2668,273.0806,273.5230,282.5301,303.6601,288.1261,288.5148,289.1306,303.6707,278.8095,278.0598,297.9690,289.0418,279.0842,287.9075,277.9496,294.0254,278.3582,294.8108,295.4743,305.3293,265.1324,282.3165,280.9919,266.2887,273.1536,267.5186,271.6825,281.7586,280.0065,279.5174,273.8349,284.9453,274.7155,258.5263,278.5803,277.8588,278.2453,274.5997,275.0427,275.3375,278.3123,278.8900,284.2697,280.0577,281.3383,283.3082,283.2060,282.2068,277.9053,267.4430,286.0669,285.6636,304.0912,301.4461,279.6411,281.5996,282.8053,289.1273,289.3606,289.8420,290.4542,290.3817,289.9189,289.9855,294.8424,289.5849,287.6710,287.1654,285.7822,286.0666,281.4074,284.1921,281.6991,0.0000,294.4357,297.3757,288.8540,278.0286,278.8548,276.2093,276.6748,276.4716,276.5363,277.1486,282.8230,290.7863,281.7864,301.3266,292.7842,269.1025,264.5975,280.5502,280.8224,286.4950,273.7838,280.7428,288.9581,289.4693,287.8774,263.0037,285.2754,302.0404,276.1111,258.7843,258.8516,286.6403,267.7834,256.3925,289.1995,289.0697,286.2975,289.5733,289.8866,290.2685,266.7158,263.5744,265.6306,276.6844,274.1224,280.6914,277.6873,273.6932,270.3662,277.4061,278.1733,304.8535,304.8536,300.4166,288.4185,295.3543,264.3112,278.1707,274.2621,285.7377,285.6196,276.3031,0.0000,279.4134,280.1279,267.7605,270.0187,285.8978,285.7000,302.2137,292.4930,289.6705,254.8908,237.7338,276.4303,237.9438,273.1584,282.7294,284.2211,306.1791,325.6418,303.8267,290.8537,267.6617,274.2910,273.5978,276.4606,249.4941,278.5721,269.0927,274.0286,273.1318,295.6715,304.8548,269.9085,282.6606,284.2924,284.3799,283.1575,280.6772,284.2388,283.4611,284.7278,284.4003,284.1870,279.9170,289.5849,286.0647,285.6221,0.0000,275.2150,288.9786,275.2146,277.6169,278.2509,287.2447,283.9253,276.1706,305.1621,288.5115,273.9029,276.0948,274.3399,272.4427,285.9896,281.0534,275.5070,272.4425,272.4551,255.9647,301.9334,302.4543,305.0896,276.3031,281.9659,276.3004,279.2146,278.9785,286.6278
38.0000,277.1423,288.8810,289.6687,280.3778,270.5482,269.2944,268.7640,289.5245,289.7554,294.0033,292.1361,294.0223,291.3035,280.9704,271.9361,268.1035,281.3383,282.4643,276.6278,286.3754,274.2703,268.1407,270.9072,276.6643,269.1817,273.0900,273.5317,280.9790,299.7870,288.4550,288.9049,289.5658,299.9297,278.9414,278.0293,294.8933,289.4452,278.3385,287.9999,277.9734,294.5372,276.3694,292.6796,296.0302,301.6918,265.9113,282.2247,280.8374,266.5848,273.3945,267.7790,272.6640,281.4773,280.4331,280.1929,274.8044,285.5057,275.1206,259.1995,279.5618,278.1306,278.4957,274.9451,275.4021,275.5815,278.6586,279.2456,284.4761,280.4336,281.8205,283.4561,283.5615,282.9338,278.1778,267.9300,286.1459,286.2929,300.2568,296.9408,278.4961,282.1582,283.5597,289.5396,289.8139,290.3733,291.0626,290.8476,290.3367,290.5271,291.4410,289.6283,287.7435,287.1682,285.7822,286.1454,279.3167,282.0421,280.1347,0.0000,292.2600,294.4252,289.0987,278.1692,279.1520,276.7927,277.2048,276.8820,276.8510,277.4420,282.8943,290.8452,281.9925,297.2266,292.8109,269.1203,264.1919,281.4847,281.4552,286.8172,274.7288,280.9197,289.1998,289.7624,288.1234,263.6895,284.3659,293.0010,276.4685,259.4538,259.5214,286.9560,268.0860,256.8154,286.4843,289.4858,285.4034,290.0269,290.2530,290.6239,267.5915,263.6000,265.6132,276.8728,274.3321,280.8593,278.2548,274.0035,270.6718,277.7549,278.5210,302.3007,302.3008,297.5104,288.7937,295.5440,263.7881,279.7161,275.1437,285.8305,285.9108,276.6594,0.0000,280.2002,280.4669,268.0221,270.2974,286.2015,286.0310,295.9442,292.5768,289.7244,255.1496,237.8915,277.2328,238.1060,272.3777,281.1087,285.0395,309.7134,324.2377,300.0798,287.9441,268.1035,274.6619,273.9410,276.7690,249.2757,278.9081,269.0859,274.0039,273.1408,297.9385,308.2175,269.7935,282.7302,284.2069,284.2951,283.2011,280.8593,284.1554,283.6829,284.9303,284.3148,284.0337,280.0767,289.6283,286.1428,285.9136,0.0000,276.2525,289.3777,276.2522,277.8082,278.4634,287.2771,284.5980,277.0931,301.3554,288.9014,274.8001,276.6937,275.2804,273.5781,285.4111,281.8979,276.0925,273.5778,272.0487,256.2289,297.8627,298.4848,301.4346,276.6594,282.0665,276.6594,279.5526,279.3169,287.2800
39.0000,277.4140,288.9174,289.7101,280.1767,270.2713,269.5537,268.9810,290.3748,289.7389,294.8298,292.5705,294.7267,291.1516,281.6560,272.2257,268.4088,281.7384,282.7648,277.2903,286.4236,274.5345,268.7546,271.4419,276.7964,269.4363,273.2648,273.6822,281.4413,300.5645,288.4915,288.8764,289.5196,300.7902,279.2278,278.3383,295.4864,289.4447,278.7149,288.0758,278.2413,294.7276,276.8999,293.1048,296.2135,302.6314,266.5090,282.7516,281.3574,266.8703,273.8631,268.1905,273.2800,282.2283,281.0194,280.8750,275.4223,285.7565,275.6330,259.7621,279.9662,278.7120,279.0783,275.4686,275.9381,276.1356,279.2288,279.8210,285.0783,281.0276,282.4280,284.0572,284.1818,283.5435,278.7597,268.4851,286.1735,286.4907,301.0459,297.6464,278.9112,281.6454,283.8549,289.5376,289.7848,290.3447,291.0257,290.8760,290.3528,290.4938,292.1428,289.7003,287.8100,287.2285,285.7822,286.1731,279.8690,282.5821,280.2986,0.0000,292.6956,294.9856,289.1807,278.3164,279.4710,277.3137,277.6892,277.4141,277.4215,278.0170,282.9598,290.9032,282.5690,297.9267,292.8351,269.4883,264.6544,281.4397,281.8450,286.7313,275.3504,281.4956,289.2557,289.8373,288.1646,264.2666,284.8148,293.8053,277.0240,260.0168,260.0845,287.0474,268.3503,257.0584,287.0870,289.4546,285.9932,290.0283,290.2849,290.6529,268.2160,263.8776,265.8789,277.0095,274.4442,281.4320,277.6161,274.2573,270.9386,278.3211,279.0894,303.1355,303.1356,298.2824,288.7808,295.9546,264.2985,279.9604,275.4462,285.8672,285.8074,277.2138,0.0000,280.9209,280.2588,268.4425,270.7730,286.0968,285.8915,296.6929,292.8211,289.7996,255.2660,237.6251,277.9028,237.8593,269.9790,281.6729,285.3457,310.2869,325.1968,300.9396,288.5722,268.4088,275.1786,274.4511,277.3177,248.0498,279.4840,269.3245,274.2170,273.3169,298.3258,308.7978,269.9291,283.3367,284.7341,284.8247,283.7750,281.4320,284.6830,284.2853,285.5342,284.8438,284.5321,280.6440,289.7003,286.1703,285.8102,0.0000,276.8274,289.3639,276.8271,277.9523,278.6128,287.3155,284.8884,277.7441,302.1791,288.8729,275.5627,277.2214,276.0399,274.2123,285.7124,282.4443,276.3863,274.2117,272.3521,256.6797,298.5832,299.2208,302.3615,277.2138,282.6587,277.2138,280.1224,279.8927,287.2394
40.0000,277.1423,288.9408,289.7333,280.1880,270.3151,269.5054,268.9730,289.9237,289.7209,294.3567,292.2478,294.2307,291.3181,280.9816,272.4114,268.5855,281.9162,282.9005,277.7727,286.4294,274.4884,268.5313,271.2583,276.8124,269.3801,273.3077,273.7358,280.9852,300.1361,288.5172,288.8746,289.5346,300.3474,278.9281,278.0718,295.1044,289.4182,278.4935,288.0057,277.9597,294.2433,276.5677,292.7582,295.7110,302.1930,266.9396,283.0955,281.6873,267.0450,274.1748,268.4746,273.5822,282.7213,281.3056,281.1783,275.6909,285.8609,275.9060,260.1760,280.1016,278.9747,279.3166,275.7407,276.2062,276.4713,279.5266,280.1162,285.3498,281.2918,282.6996,284.4138,284.4452,283.7933,279.0224,268.9699,286.2184,286.5647,300.6155,297.2248,278.6284,281.6477,283.9929,289.5121,289.7714,290.3361,291.0250,290.8480,290.3231,290.4878,291.7091,289.5936,287.7523,287.1854,285.7822,286.2180,279.5185,282.2103,280.0217,0.0000,292.3896,294.6206,289.1342,278.3462,279.2162,277.7184,278.0514,277.7304,277.7015,278.2874,282.9023,290.7810,282.9039,297.5114,292.7109,269.4941,264.5284,281.5278,281.6812,286.7296,275.6275,281.7786,289.2085,289.7899,288.2006,264.7009,284.3939,293.3301,277.3207,260.4332,260.5010,287.0950,268.5129,257.0047,286.6825,289.4473,285.5072,290.0073,290.2456,290.6039,268.6585,263.8065,265.8212,277.0779,274.5120,281.7336,277.6270,274.4150,271.1029,278.6178,279.3872,302.5562,302.5563,297.7861,288.7857,295.4695,264.5187,280.0915,275.6112,285.8528,285.8096,277.5091,0.0000,281.3731,280.2699,268.7273,271.0629,286.1083,285.9602,296.2103,292.5162,289.6909,255.5244,237.7665,278.3976,238.0060,269.3177,281.1172,284.9959,309.6811,324.2242,300.4962,288.1582,268.5855,275.4522,274.7273,277.5853,247.9843,279.7860,269.3186,274.2399,273.3598,297.8975,308.2128,269.9278,283.3214,285.0942,285.1853,284.0860,281.7336,285.0421,284.5676,285.8067,285.2052,284.9035,280.9159,289.5936,286.2149,285.8124,0.0000,277.0978,289.3528,277.0975,278.0257,278.6882,287.2785,284.9950,278.1660,301.7388,288.8711,276.1352,277.6382,276.6519,274.4800,285.4189,282.6589,276.5525,274.4796,272.2271,256.9545,298.1640,298.8006,301.9222,277.5091,282.6103,277.5091,280.4217,280.1876,287.2990
41.0000,277.3438,288.9067,289.6818,280.2761,270.4321,269.9143,269.3467,290.3357,289.7505,294.6237,292.5410,294.5441,291.1100,281.2199,272.5747,268.7382,282.0560,282.9947,278.3581,286.4529,274.7613,268.8849,271.5927,277.0085,269.8479,273.8182,274.2719,281.3365,300.3037,288.4934,288.8702,289.5195,300.5030,279.1809,278.3548,295.3759,289.4533,279.0100,288.0537,278.1495,294.1936,277.3535,293.1149,295.6396,302.3360,266.7456,283.8200,282.4444,267.2329,274.5910,268.8266,273.2948,283.3518,281.7996,281.1573,275.3915,285.9200,276.2291,260.1146,280.3855,279.5083,279.8639,276.1166,276.5727,276.9787,280.0257,280.6190,285.9369,281.7693,283.1183,284.9144,284.9279,284.2359,279.5564,269.0849,286.1947,286.5906,300.7736,297.4333,279.2226,281.6742,284.0766,289.5474,289.8047,290.3643,291.0538,290.8687,290.3347,290.5189,292.2652,289.6250,287.7950,287.2367,285.7822,286.1942,280.4578,283.2538,280.4068,0.0000,292.6466,294.8833,289.1923,278.5378,279.4760,278.2646,278.5504,278.2443,278.2193,278.8141,282.9445,290.7848,283.3804,297.7226,292.6770,269.8346,264.8812,281.5401,281.9572,286.7577,275.3504,282.3631,289.2396,289.8341,288.1759,264.6102,284.5388,293.6036,277.8367,260.3734,260.4411,287.0844,268.7291,257.4512,287.5033,289.4331,285.6191,290.0462,290.2561,290.5908,268.3267,264.1803,266.2135,277.2393,274.6722,282.3213,277.7120,274.6548,271.3212,279.1209,279.8877,302.8127,302.8128,298.1638,288.7766,295.7965,264.8083,280.0364,275.6839,285.9050,285.8366,278.0326,0.0000,282.0808,280.3556,269.0839,271.4354,286.1251,285.9376,296.4359,292.6899,289.7237,255.8096,237.8600,278.9924,238.1088,268.6026,281.4157,285.2207,309.6833,323.9461,300.6502,288.9033,268.7382,275.8031,275.0895,278.0408,247.6960,280.2833,269.6960,274.6990,273.8673,297.9985,308.2170,270.5391,283.9607,285.8187,285.9048,284.6947,282.3213,285.7655,285.1482,286.3965,285.9265,285.6844,281.5121,289.6250,286.1912,285.8394,0.0000,277.3381,289.3537,277.3378,278.1843,278.8449,287.3023,285.0692,278.6406,301.8944,288.8667,276.7917,278.1993,277.3372,274.6963,285.5374,283.0527,276.6888,274.6959,272.7333,257.3076,298.3642,298.9886,302.0670,278.0326,283.2652,278.0326,280.9556,280.6961,287.2623
42.0000,277.1423,288.8541,289.6174,280.2879,270.4792,269.9190,269.3646,290.3284,289.7209,294.8645,292.6958,294.8857,291.1606,281.2076,272.6291,268.7698,282.1756,283.0479,278.9662,286.3727,274.7907,268.9311,271.6322,277.0401,269.8506,273.8470,274.2941,281.3215,300.3043,288.4476,288.8390,289.5141,300.4479,278.9253,278.1564,295.5183,289.4261,278.9562,288.0392,277.9335,293.6799,277.3584,293.3192,295.0990,302.2492,266.8941,284.2670,282.9315,267.3187,274.7793,269.0083,273.2318,283.7670,282.0962,281.0990,275.2813,285.9463,276.4114,260.2075,280.5731,279.8774,280.2586,276.3360,276.7805,277.2853,280.3541,280.9370,286.3201,282.0768,283.3627,285.1710,285.2573,284.4353,279.9249,269.2296,286.1769,286.5619,300.7580,297.5366,279.1989,281.6712,284.1273,289.5199,289.7746,290.3318,291.0189,290.8207,290.2902,290.4861,292.2396,289.5761,287.7834,287.2353,285.7822,286.1764,280.4090,283.2617,280.3851,0.0000,292.7748,295.0166,289.1755,278.5625,279.2148,278.7528,278.9814,278.6237,278.5745,279.1780,282.9330,290.7147,283.6337,297.8090,292.5900,269.8807,264.9368,281.5354,281.6824,286.7491,275.2419,282.7604,289.2078,289.7879,288.1357,264.7371,284.5307,293.8961,278.1893,260.4697,260.5375,287.0480,268.8510,257.4536,287.5127,289.3900,285.6303,290.0170,290.2102,290.5341,268.5311,264.1463,266.2019,277.3189,274.7513,282.7109,277.7232,274.8061,271.4444,279.4642,280.2194,302.3573,302.3574,297.8840,288.7419,295.5808,264.8070,279.9563,275.6589,285.9104,285.8336,278.3860,0.0000,282.8144,280.3669,269.2692,271.6342,286.1225,285.9625,296.6200,292.5579,289.6743,256.0334,238.0587,279.6334,238.3081,268.4331,281.4008,284.8277,308.6045,322.7022,300.5941,288.9071,268.7698,276.0038,275.2942,278.3415,247.9149,280.5784,269.7180,274.7206,273.8957,297.3156,307.1788,270.5494,284.6005,286.2534,286.3394,285.1473,282.7109,286.2000,285.5301,286.7739,286.3610,286.1371,281.9177,289.5761,286.1735,285.8363,0.0000,277.6370,289.3181,277.6368,278.2676,278.9257,287.2920,285.1018,279.1551,301.8635,288.8355,277.4524,278.7019,278.0161,275.0142,285.5238,283.2485,276.7427,275.0137,272.7279,257.4961,298.4300,299.0313,301.9851,278.3860,283.9046,278.3860,281.2733,281.0261,287.2476
43.0000,277.1423,288.6866,289.4164,280.2589,270.5299,269.6968,269.1532,289.3060,289.6258,293.9082,292.2034,294.3918,290.9347,280.9753,272.5762,268.6058,282.6071,283.2253,279.1093,286.0767,274.6658,268.8012,271.5035,276.9518,269.6046,273.6087,274.0521,281.0667,298.4242,288.2996,288.7253,289.3744,296.8136,278.6759,277.9756,294.7892,289.3206,278.6330,287.9220,277.8993,292.9493,276.6670,292.9142,294.3054,298.5932,266.6269,284.1326,282.8394,267.2570,274.1553,268.3652,272.9091,283.4557,281.8262,280.5960,274.9885,286.0072,275.7177,259.9804,280.0240,279.7094,280.0963,275.7541,276.1674,276.9747,280.1559,280.7140,286.1320,281.7977,282.9984,284.7100,284.9173,284.0053,279.7565,269.0354,286.1424,286.5865,298.8531,296.2271,278.8271,281.6819,284.3104,289.4131,289.6771,290.2243,290.8957,290.6640,290.1492,290.3732,291.2960,289.4944,287.6729,287.1402,285.7822,286.1419,279.6503,282.6134,280.2030,0.0000,292.2460,294.2701,289.0415,278.4658,278.8648,278.8653,279.0577,278.5557,278.4127,279.0149,282.8241,290.6040,283.1681,296.4669,292.4725,269.6615,264.7840,281.2521,281.1280,286.8177,275.0458,282.5853,289.0745,289.6509,288.0251,264.4936,284.3378,293.0165,278.0522,260.2420,260.3098,287.0210,268.8060,257.2188,286.7278,289.2584,285.3895,289.9013,290.0632,290.3771,268.2189,263.8885,265.9659,277.2725,274.7050,282.5392,277.6957,274.7741,271.3991,279.2978,280.0281,300.7294,300.7295,296.5596,288.6200,295.4680,264.9107,279.4404,275.4042,285.8511,285.8445,278.2512,0.0000,282.7091,280.3392,268.6355,271.0353,286.1227,285.9547,295.4654,292.4668,289.5919,255.1948,237.1544,279.7419,237.4095,266.0399,281.1552,284.2984,306.7974,319.6846,297.1190,288.0763,268.6058,275.3666,274.6804,277.9582,246.5809,280.2948,269.5049,274.4728,273.6573,296.1919,305.4558,270.2809,284.4296,286.1089,286.1939,284.9432,282.5392,286.0555,285.3326,286.5824,286.2155,286.0003,281.7604,289.4945,286.1392,285.8475,0.0000,278.5887,289.1955,278.5885,278.2238,278.8780,287.2274,285.1860,279.5302,299.3866,288.7220,277.6546,278.8269,278.1834,276.3872,285.3639,282.7817,276.7799,276.3868,272.4436,256.9283,296.9535,297.4203,298.3579,278.2512,283.7388,278.2512,281.0825,280.8310,287.0183
44.0000,277.1423,288.4086,289.1002,280.0632,270.4323,269.1786,268.6120,288.1178,289.3644,292.9129,291.6443,293.5330,290.4824,280.4701,272.3382,268.1727,282.5509,283.3134,278.8618,285.5007,274.2873,268.3331,271.0914,276.6355,269.0696,273.0765,273.5314,280.5000,297.8238,288.0448,288.4678,289.0857,296.7649,278.3334,277.6809,294.0778,289.0521,278.0036,287.6753,277.8457,291.8041,275.7032,292.3608,293.0616,298.4105,266.4223,283.1797,281.9264,266.9871,272.8134,266.9620,273.4451,282.3239,280.8974,279.8390,275.1639,286.0554,274.2624,259.7688,278.5665,278.8523,279.2374,274.4310,274.8075,275.8967,279.3420,279.8585,285.1025,280.8126,281.9231,283.5270,283.7533,282.8207,278.8987,268.6324,286.1030,286.5223,298.2197,295.5357,278.1561,281.5640,284.6989,289.1420,289.4137,289.9474,290.5991,290.3411,289.8443,290.0901,290.1641,289.3236,287.4495,286.9406,285.7822,286.1026,278.6636,281.6850,279.6164,0.0000,291.6835,293.6057,288.7671,278.1244,278.3688,278.5759,278.7413,277.9603,277.6099,278.1858,282.6044,290.3862,281.9832,295.7956,292.2100,269.0035,264.1148,280.7211,280.3209,286.7414,275.0934,281.6668,288.8030,289.3716,287.8370,264.2422,283.8899,292.0461,277.3270,260.0236,260.0913,286.9517,268.5324,256.7082,285.7038,288.9757,284.7094,289.6178,289.7556,290.0488,267.9399,263.3078,265.4240,277.0447,274.4793,281.6233,277.5044,274.4972,271.1230,278.5212,279.2237,299.0160,299.0161,295.1077,288.3633,295.2303,264.8433,278.6616,274.9310,285.6844,285.7248,277.5301,0.0000,282.3884,280.1460,267.2449,269.6992,285.9865,285.8047,294.6198,292.2843,289.4180,253.5772,235.4827,279.4872,235.7449,262.6149,280.6136,283.6418,304.8867,316.7875,296.9938,287.0208,268.1727,273.9769,273.3220,276.8608,244.3285,279.3114,268.9433,273.8800,273.1234,294.8341,303.6023,269.7848,283.5337,285.1432,285.2259,283.9915,281.6233,285.0906,284.3170,285.5452,285.2468,285.0469,280.8720,289.3236,286.1002,285.7279,0.0000,278.4621,288.9224,278.4618,278.0009,278.6449,287.0926,285.2432,279.2911,298.9032,288.4647,277.4722,278.5462,277.9576,276.2615,285.0216,281.5130,276.6693,276.2611,271.8673,255.6618,296.2982,296.7885,298.1844,277.5301,282.8502,277.5301,280.3002,280.0141,286.5682
45.0000,292.6012,288.5754,289.2346,280.5677,271.1022,271.4337,270.2224,294.6311,289.6411,302.5588,294.8987,301.4707,290.6778,282.1906,272.6351,268.4094,283.1498,283.6981,279.2693,285.6859,275.4533,269.1111,272.0426,277.4395,271.7690,275.9430,276.5450,282.8740,302.5815,288.2330,288.6899,289.3070,300.6699,291.2279,289.8103,298.3082,289.3448,283.0699,288.0549,293.2931,307.0042,279.4866,295.7134,308.2391,302.2738,266.5067,283.3532,282.1425,267.3620,272.5539,266.6446,273.6023,282.2403,280.9255,279.5963,275.0666,286.3180,273.8881,259.8856,278.2318,278.9916,279.3810,274.1860,274.5412,275.8263,279.4417,279.9275,285.2146,280.8370,281.8601,283.4302,283.7129,282.6691,279.0379,268.8349,286.1257,286.6436,302.9817,301.0768,282.1518,281.5544,285.1068,289.4329,289.6936,290.1828,290.7983,290.5405,290.0729,290.3239,295.3461,289.4033,287.8053,287.3761,285.7822,286.1252,282.6870,285.9902,281.9348,0.0000,294.8842,297.6623,289.0995,278.9102,289.2956,278.8904,279.0373,278.1634,277.7537,278.3269,282.9541,290.4236,281.8795,300.9165,292.1160,270.2456,265.0520,280.9084,287.3834,287.1381,274.9452,281.8102,289.0981,289.6649,287.9490,264.3539,285.0353,302.3886,277.4901,260.1415,260.2093,286.9807,268.9083,259.2835,290.4088,289.1727,285.9461,289.8858,289.9978,290.2888,267.9479,265.4489,267.6206,277.4660,274.8967,281.7725,277.9974,274.8770,271.5025,278.6589,279.3287,303.5940,303.5940,299.9494,288.5773,295.1775,265.5933,278.2982,274.9647,286.0295,286.0500,277.6940,0.0000,282.8776,280.6438,266.9381,269.4310,286.3016,286.1819,302.0477,292.2650,289.4931,253.0486,234.7606,279.9106,235.0342,259.9754,282.6914,296.3986,317.0529,320.2523,300.9705,291.8620,268.4094,273.6678,273.0409,276.8136,242.9685,279.2819,270.5574,276.1460,275.9718,307.3410,315.8082,272.5075,283.6806,285.3080,285.3911,284.1857,281.7725,285.2553,284.4261,285.6578,285.4120,285.2131,281.0215,289.4033,286.1223,286.0532,0.0000,279.5949,289.1466,279.5946,278.3922,279.0367,287.3049,285.5500,279.9114,303.3733,288.6869,277.9309,278.8670,278.3630,277.8034,285.8974,281.3051,277.0006,277.8029,274.9606,255.4076,301.3571,301.7049,302.0658,277.6940,282.9939,277.6940,280.4431,280.1266,286.7769
46.0000,289.9143,288.3023,288.9309,280.0859,270.6731,270.3338,269.2347,292.1815,289.0379,300.1167,293.3633,299.2185,290.1356,281.0677,272.0225,267.6750,282.5748,283.1783,278.7530,284.9823,274.7506,268.5353,271.4475,276.8441,270.5480,274.5673,275.1342,281.5677,300.3354,287.9823,288.2272,288.8057,298.2862,288.5529,287.3246,296.4784,288.7425,281.3694,287.5327,290.5563,303.2623,277.6808,294.1026,304.4064,299.7700,265.5549,282.3205,281.1475,266.7901,271.2127,265.2720,272.6336,281.1039,279.8556,278.1474,273.8550,285.9050,272.4393,258.9825,276.7364,278.0325,278.4188,272.8572,273.1851,274.6396,278.4740,278.9202,284.1163,279.7703,280.7192,282.2032,282.6433,281.3695,278.0784,267.9956,286.1169,286.3133,300.7131,298.9482,280.5478,281.1444,284.5277,288.8261,289.0908,289.5573,290.1455,289.9147,289.4753,289.6922,293.0350,289.1102,287.3338,286.9342,285.7822,286.1166,280.8211,284.0550,280.5937,0.0000,293.3835,295.8868,288.5250,278.3163,286.7086,278.3724,278.5032,277.3953,276.8206,277.3845,282.4900,290.0919,280.6414,298.8131,291.7930,269.2600,264.2095,280.1643,284.9576,286.6807,273.6823,280.8050,288.5511,289.0800,287.7785,263.4355,284.1437,299.9767,276.6091,259.2393,259.3068,286.8314,268.3629,258.1185,288.3022,288.6887,284.9032,289.2692,289.4029,289.6785,266.9281,264.3108,266.5099,277.0106,274.4454,280.7709,277.5225,274.3464,270.9520,277.7294,278.3710,300.4974,300.4974,297.1883,288.1659,294.6454,265.0170,277.3188,274.1711,285.6455,285.6337,276.8178,0.0000,282.4148,280.1644,265.5742,268.0944,285.8768,285.7550,299.7199,291.8910,289.1948,251.5363,233.1227,279.3675,233.4068,256.2928,281.4615,293.3387,312.3523,315.7324,298.5790,289.6970,267.6750,272.2804,271.6810,275.6764,240.6705,278.1533,269.5518,274.9203,274.6005,303.4599,311.2064,271.2820,282.6666,284.2556,284.3381,283.1871,280.7709,284.2036,283.3402,284.5544,284.3586,284.1649,280.0344,289.1102,286.1143,285.6367,0.0000,279.0621,288.6394,279.0618,277.9426,278.5629,287.0331,285.0654,279.4330,301.0417,288.2243,277.4595,278.3528,277.8255,277.2741,285.1530,279.9451,276.4241,277.2735,273.6234,254.1405,299.2146,299.5379,299.5799,276.8178,281.9897,276.8178,279.4855,279.1548,286.1617
47.0000,288.1610,288.0943,288.6811,280.0201,270.7499,269.8710,268.8814,290.9044,289.3638,298.6127,292.6015,297.7704,290.0486,280.7892,271.7630,267.2567,282.7595,283.1830,278.6559,284.6500,274.4732,268.3034,271.2092,276.6284,270.0283,273.9583,274.4853,281.1446,298.8983,287.7993,288.1718,288.7403,296.7649,286.8520,285.7837,295.4428,289.2868,280.6099,287.6534,288.7501,300.3931,277.1368,293.3370,301.4411,298.1092,264.5084,281.6370,280.4531,266.5319,270.1093,264.1554,271.0783,280.0646,279.1972,276.6797,272.1752,285.8979,271.3498,258.0403,275.7017,277.4672,277.8425,271.8919,272.2213,273.8699,277.8968,278.3138,283.4978,279.1849,280.1320,281.2035,281.8268,280.5414,277.5124,267.3003,286.0599,286.1621,299.2455,297.6625,279.9747,281.1693,284.5294,289.3612,289.5889,289.8690,290.4148,289.9830,289.5781,290.0767,291.9822,288.9114,287.3939,286.8782,285.7822,286.0596,280.4147,283.6559,280.1295,0.0000,292.6317,294.9055,288.6262,278.0788,285.0546,278.1691,278.2844,276.9944,276.2781,276.8345,282.5489,289.8437,279.6619,297.5404,291.4747,268.9734,263.8442,279.8768,283.3867,286.7624,272.0257,280.1899,288.6005,289.1292,287.6312,262.4850,283.9857,298.4816,276.1184,258.3021,258.3694,286.7196,268.1483,257.6214,287.6085,288.5991,284.5147,289.5947,289.4809,289.7646,265.7894,263.8265,266.0402,276.8769,274.3129,280.1571,277.4606,274.1605,270.7354,277.1861,277.8025,298.7978,298.7979,295.7742,288.0798,293.9971,265.0178,276.5492,273.7009,285.6012,285.6589,276.3369,0.0000,282.2680,280.1019,264.4707,267.0387,285.8944,285.8435,298.3595,291.4611,288.9895,250.1054,231.5871,279.2828,231.8805,252.7123,281.0997,291.3829,309.4872,312.7537,297.0408,288.9016,267.2567,271.2515,270.6659,274.9090,238.4404,277.4371,269.1884,274.3971,273.9939,301.0214,308.3807,270.7609,281.9756,283.5822,283.6631,282.4997,280.1571,283.5307,282.7002,283.9241,283.6835,283.4866,279.4313,288.9114,286.0576,285.6621,0.0000,279.6185,288.6363,279.6182,277.8153,278.4352,286.9650,285.0668,279.5158,299.5221,288.1690,277.4177,278.1518,277.8120,278.1513,285.1259,279.0533,276.2677,278.1509,273.0873,253.1398,297.8987,298.1869,297.9387,276.3369,281.3213,276.3369,278.9621,278.5960,285.9779
48.0000,286.0663,287.2716,287.8287,279.3670,270.2516,269.0087,268.1145,289.4957,288.4720,297.2365,291.5630,296.4389,288.9115,279.7373,271.5724,267.1046,282.4837,282.7666,279.8603,283.8101,273.8667,267.9211,270.7207,276.0804,269.0839,272.8868,273.3853,280.0290,298.1161,286.9971,287.3202,287.8604,296.7649,284.7588,283.8507,294.2927,288.4017,279.3069,286.8456,286.6151,297.4509,275.9778,292.2552,298.4260,297.9640,265.0132,284.3577,283.1568,266.5068,272.1191,266.1062,271.2575,282.3006,281.5941,277.6769,272.3042,285.3760,273.4655,258.5662,277.5688,280.1568,280.5310,274.1069,274.4400,276.1254,280.3850,280.7737,286.1774,281.9126,282.8838,283.3624,284.7529,282.6769,280.2019,268.0223,285.4320,285.5453,298.4342,296.6605,278.7734,280.4443,284.0661,288.4731,288.7042,288.9565,289.4803,289.0424,288.6658,289.1639,290.5823,288.1768,286.6204,286.1486,285.2083,285.4317,279.2466,282.4087,279.0194,0.0000,291.6013,293.8106,287.7876,277.4980,283.0194,279.4223,279.4942,279.5680,278.9493,279.5352,281.7882,289.0626,281.8368,296.5671,290.6537,268.2216,263.5629,279.3554,281.4545,285.9905,272.2001,282.8934,287.7537,288.2616,286.8820,263.0340,283.0011,297.1125,279.3041,258.8331,258.9004,286.0505,268.1880,256.7199,286.2947,287.7226,283.3616,288.7016,288.5785,288.8517,266.2635,262.9342,265.1697,276.5966,274.0352,282.8608,276.8111,274.2506,270.7755,279.6259,280.2888,296.8902,296.8902,294.0938,287.2402,293.0965,265.3240,275.8308,273.3079,284.9381,284.9224,279.4968,0.0000,283.3069,279.4462,266.4364,269.0701,285.1404,285.0555,297.1792,290.6701,288.2506,251.5505,232.8046,280.4614,233.1059,252.6601,280.0062,289.0254,306.1878,309.6453,296.9472,287.5640,267.1046,273.4111,272.8129,277.3640,239.2136,279.7918,268.4219,273.4438,272.9258,298.0989,305.1176,269.8200,284.7048,286.3157,286.3978,285.2541,282.8608,286.2639,285.3742,286.6099,286.4180,286.2196,282.1323,288.1768,285.4301,284.9254,0.0000,279.7658,287.7647,279.7656,277.5541,278.1627,286.2770,284.5685,280.3957,298.9580,287.3176,278.6842,279.4083,279.0462,278.2759,284.2279,281.1060,275.9889,278.2753,272.0649,255.0654,296.9714,297.3134,297.8017,279.4968,284.0458,279.4968,281.7935,281.1980,285.1267
