"ETAPA \ BARRA","AGUAYTIA 220","BALNEARIO 220","BALNEARIOS 60 A","CALLAHUANCA 220","CALLAHUANCA 60","CARHUAMAYO 220","CARHUAMAYO NUEVA 138","CARHUAQUERO 220","CHAVARRIA 220 A","CHICLAYO OESTE 220","CHIMBOTE 220","GUADALUPE 220","HUACHIPA 60","HUACHO 220","HUANCAVELICA 220","HUAYUCACHI 220","ICA 220","INDEPENDENCIA 220","MARCONA220","MOYOPAMPA 60","OROYA NUEVA 220","OROYA NUEVA 138","OROYA NUEVA 50","PACHACHACA 220","PARAGSHA2 220","PARAGSHA 138","PARAGSHA 50","PARAMONGA NUEVA 220","PIURA OESTE 220","SAN JUAN 220","SANTA ROSA 220 A","SANTA ROSA EDS 60","TALARA 220","TINGO MARIA 138","TINGO MARIA 220","TRUJILLO 220","VENTANILLA 220","VIZCARRA 220","ZAPALLAL 220","AGUAYTIA 138","PUCALLPA 138","HUALLANCA 138","CHIMBOTE 138","PUCALLPA 60","ZORRITOS 220","ABANCAY NUEVA 138","ARICOTA138","ARICOTA II 66","CAMPO ARMINO 220","AYAVIRI138","AZANGARO 138","CACHIMAYO 138","CALLALLI 138","CERRO VERDE 138","COMBAPATA 138","DOLORESPATA 138","DESIERTO220","JULIACA 138","MACHUPICCHU 138","MOLLENDO 138","MOQUEGUA 220","MOQUEGUA 138","PUNO 220","PUNO 138","SANTUARIO 138","SOCABAYA 220","SOCABAYA 138","ILO 138","LOS HEROES 220 A","LOS HEROES 66","TINTAYA 138","TOMASIRI 66","REPARTICION 138","ILO2 220","COTARUSE 220","CHILCA REP 220","CANTERA 220","PIURA OESTE 60","LA NINA 220","CONOCOCHA 220","HUINCO 220","INDEPENDENCIA 60","CHILLON 220","CHILLON 60","CHAVARRIA 60 A","CHAVARRIA 60 B","BARSI 60","BARSI 220","OQUENDO 60","CAJAMARCA 220","PLANICIE 220 A","CARABAYLLO 220","CARABAYLLO 500","CHILCA CTM 500","CHILCA CTM 220 A","KIMAN AYLLU 138","KIMAN AYLLU 220","PARAMONGA EXISTENTE 138","MACHALA 200","CHIMBOTE 500","TRUJILLO 500","HUARANGAL 60","POMACOCHA 220","PIEDRA BLANCA 138","POROMA 220","POROMA500","OCONA 500","MONTALVO 500","MONTALVO 220","HUANZA 220","INDUSTRIALES 220 A","TINTAYA 220","LA NINA 500","INDUSTRIALES 60","CARHUAMAYO 50","CARIPA138","HUAMPANI 60","HUANUCO 138","REFINERIA ZINC 220","QUENCORO 138","ILO 3 220","MIRADOR 220","MIRADOR 60","ALTO PRADERA 220","ABANCAY NUEVA 220","LOMERA 220","REQUE 220","SAN JOSE 500","SANTA TERESA 220","SURIRAY 220","ASIA 220","CERRO DEL AGUILA 220","CHAGLLA 220","RAMADA 220","SANTA ROSA LDS 60","LOMERA 60","ZAPALLAL 60","MALVINAS 220","MALVINAS 60","ABANCAY 138","YAUPI 138","SANTA ISABEL 220","YANANGO 220","CHIMAY 220","ILO3 138","MATUCANA 220","COLCABAMBA 500","COLCABAMBA 220","YARABAMBA 500","YARABAMBA 220","BELAUNDE 220","BELAUNDE 138","CACLIC 220","INDUSTRIALES 220B","PLANICIE60","COBRIZAI 69","MOLLEPATA 60","MOLLEPATA220","CARAPONGO 500","CARAPONGO 220 A","SAN JOSE 220","MARCONA 60 A","SAN NICOLAS 60","CALLAHUANCA EDN 220","PUMIRI138","PUMIRI220","SAN MIGUEL 220","SAN MIGUEL 60","FELAM 220","MANCHAY 60","MANCHAY 220","SAN RAFAEL 138","SAN GABAN 138","MARCONA 60 B","ANGEL 138","PTO MALDONADO 138","MEDIO MUNDO 220","AUCAYACU 138","BELLAVISTA 138","TARAPOTO 138","PARINAS 220","PAMPA HONDA 220","ORCOTUNA 220","SAN ROMAN 138","SAN ROMAN 220","CHILOTA 220","MAZUCO 138","JESUS 138","CARHUAMAYO 138","CINCO MANANTIALES 138","OXIDOS CERRO 138","TOCACHE 138","JUANJUI 138","FRANCOISE 220","BOTIFLACA 138","MILL SITE 138","PLAZA TOQUEPALA 138","QUEBRADA HONDA 138","PANAMERICANA SOLAR 138","TOQUEPALA 138","ILO ELS 138","REFINERIA 138","LIXIVIACION 138","PUSHBACK 138","INTIPAMPA 138","PLANICIE 220 B","CHILCA CTM 220 B","CARAPONGO 220 B","CHILCA 1 220","DERIVACION 220","CHAVARRIA 220 B","DERIVACION 220  BARRA II","CAMPAS 220","CAMPAS 500","PLANICIE 500","NUEVA CHINCHA 220","CAHUACHI 220","VALLE DEL CHIRA 220","SANTA ROSA 220 B","ERSUR 220","FLAMENCO220","BARRA3HERMANAS","BARRAPTALOMITAS","PUERTO CHANCAY 220","CHAPARRAL 138","CHIRIBAMBA 220","BARRAPTALOMITAS2","YSHCAYUCRO 220","PAQUILLUSI 220","MIGUEL GRAU 500","MIGUEL GRAU 220","ALIPIO ROSALES 220","SUNNY","CUAJONE 138","SAN MARTIN 220","SAN LUIS 220","CERRO VERDE 220","PORTILLO 60"
1.0000,338.9594,362.2596,363.0727,351.7679,341.6869,333.3698,332.3580,370.2723,366.9152,381.9433,373.1685,380.8427,367.7485,361.1428,317.2958,215.3254,345.4845,346.6265,339.0880,360.1505,337.7783,331.5105,334.4936,339.9352,334.1071,338.2461,338.8767,360.9074,386.1277,361.8851,365.3617,366.7379,389.7486,340.4421,341.7656,377.3218,370.1276,348.4654,371.2317,339.5584,351.3716,351.9264,373.8426,352.4343,391.1716,320.7031,341.9871,340.7643,305.9228,326.8223,319.5640,327.8251,340.4516,337.4323,334.4059,328.9168,353.4490,328.1375,312.8678,332.5179,336.0526,336.5291,328.9439,329.2227,333.6816,335.9104,336.4418,343.7649,338.3726,339.5686,340.4411,342.5261,338.6673,336.1021,325.6511,359.0226,354.5577,386.4741,382.2952,351.5175,356.3599,348.4609,370.2280,370.5301,370.5308,371.4742,370.8436,370.0885,371.1313,371.2078,364.6586,371.9794,363.4588,359.8283,359.0223,355.5693,358.9271,362.7698,0.0000,373.0962,376.7310,371.5073,341.1741,340.4019,339.7501,340.1633,335.8261,334.9969,335.3233,0.6589,365.7892,338.6517,382.2885,366.4814,332.5632,326.5068,354.9699,342.6141,364.0850,328.7402,339.5535,371.7707,371.4566,361.4657,318.2295,365.9957,381.7722,334.0894,313.1763,313.2578,358.2466,320.9956,318.7580,364.7252,365.8478,367.3344,371.1604,370.9453,371.0437,322.1395,325.8159,328.6016,342.8668,339.6919,339.5233,348.6740,336.3386,323.8215,336.5828,335.8250,379.6757,381.7553,375.9029,364.5165,373.7466,306.4516,320.1648,318.6619,360.3726,362.0685,333.8268,0.0000,340.3686,351.9931,319.9531,323.1505,362.4136,362.5030,382.4548,369.5066,364.7668,302.5875,279.5248,339.4533,279.9137,301.1067,361.1805,348.1357,385.2519,390.5301,390.2635,366.6331,183.8984,328.0625,327.4518,332.8696,286.4638,336.2004,332.7448,339.1965,338.3030,365.3243,382.2318,335.1635,341.7559,343.9631,344.0632,342.5361,339.5233,343.9010,342.7551,344.3157,344.0886,343.8137,338.5863,364.6586,359.0221,362.0754,0.0000,340.2704,369.7464,340.2700,344.3511,345.7404,362.5645,351.2052,340.2173,389.1740,365.3555,337.0416,339.7133,336.9893,337.8057,367.5250,336.7762,328.8276,337.8005,339.4477,306.3311,383.2691,384.1759,391.0277,333.8268,340.9207,333.8268,337.1516,336.7275,362.6234
2.0000,254.6506,267.8651,268.4511,260.2220,252.8582,246.9593,246.0609,273.2574,271.1937,281.6705,275.5375,280.9494,271.8153,267.1742,234.8264,159.2799,256.3454,256.8378,251.4859,265.9697,250.1145,245.7628,247.8847,251.5725,247.5611,250.6014,251.0869,267.0747,284.6645,267.6003,270.0690,271.0656,287.2373,254.8669,255.6938,278.4849,273.5298,258.5796,274.3961,255.0802,263.5479,260.0477,276.0292,264.3094,288.1339,237.4877,254.0522,253.1634,226.3036,242.9535,237.4859,242.5927,254.6609,251.4716,248.0308,243.3775,261.7398,243.7919,231.6992,254.8667,249.6723,250.0304,244.4118,244.6026,250.8499,249.7899,250.3946,255.4679,251.3468,252.2001,253.2615,254.4337,253.7531,249.7090,241.3057,265.6069,262.4818,284.8944,281.9741,260.4174,263.4701,258.1777,273.6014,273.8235,273.8117,274.4917,274.0347,273.4912,274.2505,274.0842,269.5770,274.9602,268.7077,266.1505,265.6066,262.8453,265.3616,268.4833,0.0000,275.4888,278.0625,274.5490,252.4675,254.3078,251.9284,252.2171,249.3277,248.9006,249.1278,0.6589,270.3888,251.8789,281.9702,270.8940,246.1871,242.0886,262.2976,254.8994,269.1555,243.2643,252.2742,274.7625,274.5080,267.3315,235.6917,270.6288,281.5587,248.1819,231.9321,231.9925,265.0897,237.2854,236.1880,269.4740,270.4123,271.5091,274.2805,274.1243,274.1837,238.5461,241.3407,243.4177,253.6262,251.2776,252.2515,258.0655,248.8304,239.5397,250.1298,249.7054,280.2739,281.7080,277.5132,269.4689,276.0362,226.8806,236.7181,235.7499,266.4633,267.6886,247.9923,0.0000,253.0347,260.3862,237.7790,240.1911,267.9381,268.0272,282.0644,273.0304,269.6533,224.8584,207.6230,251.8336,207.9170,223.0846,267.2417,260.2624,285.5558,288.6747,287.6144,270.8294,136.0460,243.7487,243.3189,247.3158,212.5746,251.0331,246.3652,251.2217,250.6408,272.1905,283.5449,248.3396,253.9142,255.5111,255.5849,254.4700,252.2515,255.4654,254.7119,255.8769,255.6039,255.4068,251.5471,269.5770,265.6062,267.6937,0.0000,253.0463,273.2464,253.0460,254.7127,255.7282,268.0837,260.1400,252.5331,286.8537,270.0646,249.9682,251.9047,249.6887,251.6315,271.7432,254.0943,243.4781,251.6281,251.5055,227.6896,282.6585,283.2945,288.0517,247.9923,253.2892,247.9923,250.5897,250.3604,267.9479
3.0000,282.0625,296.9029,297.5297,288.5252,280.4250,273.8026,272.9031,302.7821,300.6200,312.1271,305.4296,311.4547,301.3941,296.0498,260.9183,176.9509,284.2745,284.8730,280.0531,294.6567,277.3186,272.1608,274.5947,279.0617,274.4544,277.8963,278.4335,295.9462,315.4738,296.6220,299.3786,300.4609,318.3728,282.3251,283.2571,308.6372,303.2079,286.6140,304.2332,282.5286,291.7134,288.2268,305.9730,292.5394,319.3434,264.6114,284.2464,283.2416,251.6086,271.3516,265.3375,270.1694,282.5871,280.3108,276.4709,271.0260,290.2563,272.4881,258.1446,276.0191,279.3834,279.7795,273.2162,273.4447,276.9662,279.0796,279.5143,285.7491,281.2619,282.2260,282.6557,284.6653,281.2496,279.4245,268.8591,294.4645,291.0241,315.7210,312.5049,288.6391,292.1446,286.3248,303.2850,303.5328,303.4931,304.2262,303.7489,303.1557,303.9794,303.7254,298.8840,304.8843,297.9438,295.1582,294.4643,291.3530,294.1245,297.4710,0.0000,305.3625,308.1803,304.3806,280.0644,281.7145,280.7453,281.0440,278.9689,278.4803,278.7831,0.6589,299.7625,281.2059,312.4980,300.3142,273.0479,268.2025,290.6359,282.3881,298.4322,270.9136,282.2629,304.6154,304.3234,296.3395,262.5960,299.9487,312.0236,278.2092,258.4040,258.4713,293.8797,264.0296,261.8458,298.6614,299.7460,300.8822,304.0339,303.8672,303.9217,265.8058,267.5496,269.8662,281.6224,279.0146,282.2366,285.9819,276.6718,266.3540,279.5546,279.0014,310.4072,311.9879,307.4376,298.7086,305.8804,252.0371,263.0543,261.9327,295.5002,296.8246,277.9668,0.0000,281.4496,288.7043,265.6656,268.3276,297.0973,297.2199,312.5908,302.6474,298.9654,251.1767,231.8747,280.3530,232.2056,248.7403,296.1274,288.2211,315.9163,319.3500,318.8019,300.1530,151.0880,272.4550,271.9432,276.6106,237.2734,279.1850,273.2312,278.6109,277.9411,301.3138,313.7154,275.3048,284.1115,285.8850,285.9688,284.7217,282.2366,285.8339,284.8935,286.1872,285.9898,285.7708,281.4691,298.8840,294.4644,296.8301,0.0000,280.6276,302.8872,280.6273,282.8508,283.9714,297.2585,288.4969,280.8324,317.9039,299.3738,278.5085,280.7210,278.0534,278.8285,301.2266,279.6409,270.3386,278.8234,278.8066,254.3616,313.2581,313.9621,319.2578,277.9668,283.4144,277.9668,280.4254,279.8648,296.9596
4.0000,244.9013,258.1156,258.6491,250.8070,243.7992,238.0058,237.2462,262.7522,261.2677,270.7693,265.2395,270.2417,261.8888,257.8241,226.9842,153.8668,247.9022,248.1324,244.4365,255.8787,241.0753,236.5842,238.7031,242.6036,238.5662,241.5782,242.0386,257.5495,273.5899,257.8812,260.2020,261.1295,276.0079,245.1611,245.9935,267.9121,263.5026,249.0861,264.4597,245.2926,253.0006,250.2811,265.7151,253.6936,276.7763,230.5142,248.0261,247.1426,218.7974,237.2561,231.9127,235.4447,248.6832,245.6404,241.3905,236.2198,252.7148,238.0755,224.9049,249.1337,244.0053,244.3409,238.7118,238.8927,244.9426,243.9960,244.5743,249.4391,245.6281,246.4756,247.2727,248.6416,247.9207,244.0411,234.2673,256.1419,253.3025,273.7866,271.1257,250.8911,253.9454,249.3957,263.5676,263.7810,263.7238,264.3442,263.9503,263.4446,264.1469,263.6340,259.8446,265.0279,259.0188,256.7086,256.1417,253.0135,255.4542,258.8776,0.0000,265.1809,267.5300,264.5556,243.4739,244.6448,244.8278,245.0586,243.5608,243.2549,243.4930,0.6589,260.5902,245.9423,271.1196,261.0585,237.3688,233.1150,252.4069,245.2571,259.3939,236.1538,246.4361,264.7513,264.4823,257.6828,228.7828,260.9696,270.6884,243.0338,225.1319,225.1905,255.6924,229.4578,227.6062,259.3307,260.5083,261.6607,264.2169,264.0677,264.1025,231.5316,232.5828,234.5890,244.8999,242.6321,246.4089,248.5956,240.6572,231.6378,244.2517,243.9084,269.2814,270.6239,266.7678,259.6380,265.7866,219.4167,228.6467,227.8067,256.9167,258.0115,242.8239,0.0000,246.3027,250.9621,232.1999,234.5486,258.2434,258.3545,271.1999,263.0533,259.9132,219.5919,202.6221,244.7653,202.9163,216.9223,257.7890,250.2419,273.8981,276.7744,276.3797,260.6013,131.3836,238.0488,237.6260,241.6273,207.1828,245.1422,237.5272,242.1891,241.6165,261.5039,272.0315,239.3096,248.0412,249.4469,249.5222,248.5030,246.4089,249.4038,248.6961,249.8197,249.5396,249.2769,245.7542,259.8446,256.1416,258.0161,0.0000,245.2712,263.2146,245.2711,245.9738,246.9482,258.4599,251.2207,245.2387,275.6393,260.1979,243.1852,244.8067,242.7700,244.0268,262.0230,248.2923,235.2982,244.0234,242.3480,222.3407,271.7506,272.3353,276.7137,242.8239,247.4412,242.8239,245.0588,244.6405,257.9829
5.0000,238.1658,251.4345,251.9409,244.3757,237.5908,231.7975,231.0821,255.4398,254.4647,263.2358,258.0659,262.7970,255.0903,250.9877,221.4094,150.0798,241.4921,241.7716,239.3212,249.0786,234.8994,230.4902,232.5741,236.4365,232.3120,235.2687,235.7223,250.6811,265.9633,251.2152,253.4405,254.3264,268.1875,238.4243,239.2604,260.5980,256.6167,242.4065,257.6016,238.5375,245.8562,243.4639,258.4934,246.5142,268.8975,225.5313,244.0160,243.1395,213.5169,233.2532,228.0184,230.3740,244.3917,241.5360,236.7706,231.1695,246.2127,234.1535,220.0649,244.8130,240.1990,240.5234,234.8065,234.9877,240.7739,239.9544,240.5109,245.5364,241.7787,242.6130,243.0278,244.6697,243.7145,240.2338,229.2459,249.6086,246.8299,266.1515,263.6347,244.1633,247.4022,242.9786,256.6779,256.8889,256.8094,257.3945,257.0332,256.5569,257.2209,256.3248,253.1464,258.1767,252.3369,250.1876,249.6085,246.1453,248.4825,251.9577,0.0000,258.0238,260.2366,257.6796,237.2717,237.9634,239.7714,239.9771,239.3570,239.4576,239.7047,0.6589,253.8495,241.7458,263.6280,254.2927,231.1749,227.0184,245.6192,238.6437,252.6874,231.1482,242.5478,257.8690,257.5960,251.0453,223.8521,254.1053,263.1689,239.2320,220.2868,220.3442,249.1598,223.9725,221.6392,252.1962,253.7270,254.7230,257.3092,257.1716,257.2027,226.5030,226.5030,228.4643,238.8493,236.6375,242.5188,242.2197,234.9436,226.1004,240.2061,239.8686,261.6040,262.8755,259.2537,252.8997,258.8111,214.0024,223.0571,222.2086,250.3323,251.3636,239.0451,0.0000,241.3166,244.5254,228.3029,230.6162,251.5860,251.7051,263.6708,256.2208,253.2110,215.7774,199.0817,239.6685,199.3718,212.7775,250.9302,243.2826,265.8395,268.6013,268.5392,253.4145,128.1281,234.1366,233.7091,237.7676,203.4487,241.0246,231.3487,235.8538,235.3051,254.0582,264.0622,233.0413,244.0809,245.4158,245.4892,244.5241,242.5188,245.3741,244.7847,245.9079,245.5062,245.2447,241.8777,253.1464,249.6086,251.3679,0.0000,238.8955,256.3323,238.8954,239.9099,240.8540,251.8237,244.7513,239.7243,267.8986,253.4365,238.1329,239.7506,237.7163,237.4051,255.1723,244.0510,229.4168,237.4009,235.9494,218.6130,264.2245,264.7784,268.8410,239.0451,243.5093,239.0451,241.1053,240.6285,251.1894
6.0000,243.7204,256.9460,257.4637,249.7644,242.8363,237.1069,236.3780,261.2364,260.0588,269.1442,263.7671,268.6913,260.7903,256.6706,226.1942,153.3331,246.8157,247.0745,244.1215,254.5563,240.1888,235.8361,237.9026,241.6877,237.6547,240.6580,241.1127,256.3870,271.8412,256.7208,259.0092,259.9130,274.1500,243.9687,244.8341,266.3671,262.2730,248.0359,263.2590,244.1028,251.6326,249.0124,264.2016,252.3096,274.8859,230.2698,248.3664,247.5045,218.1088,237.4426,232.0770,235.2754,248.7760,245.6438,241.4292,236.0725,251.6383,238.2173,224.6531,249.3369,244.0415,244.3856,238.8321,239.0120,244.9619,243.9883,244.5628,249.5900,245.6546,246.4723,247.4531,248.7163,247.9644,244.0775,233.9638,255.0406,252.2230,272.0241,269.4902,249.7797,252.8349,248.3015,262.3359,262.5422,262.4833,263.0900,262.6890,262.2031,262.8986,262.1551,258.6692,263.8350,257.8603,255.6218,255.0405,251.7803,254.1543,257.7203,0.0000,263.7253,265.9974,263.3278,242.5528,243.4832,244.4495,244.6492,243.4334,243.2595,243.5133,0.6589,259.3971,246.1067,269.4745,259.8604,236.5546,232.4041,251.1367,244.1495,258.2484,236.0375,246.5734,263.5325,263.2591,256.5392,228.5299,259.8054,269.0752,243.0338,224.8795,224.9381,254.5912,228.7328,226.7369,257.9334,259.3043,260.5366,262.9760,262.8282,262.8627,231.3008,231.6892,233.6967,243.9962,241.7368,246.5566,247.5601,239.8961,230.9057,244.2172,243.8952,267.6307,268.9275,265.1913,258.4530,264.4430,218.9274,227.6791,226.9627,255.7998,256.8833,242.8278,0.0000,246.2265,249.9167,232.3624,234.7004,257.1153,257.2546,269.5676,261.7934,258.7354,219.7321,202.7122,244.5069,203.0086,216.7531,256.6316,248.9629,272.1153,274.8407,274.5140,259.1766,130.9090,238.1828,237.7579,241.7092,207.1834,245.1363,236.6693,241.3254,240.6978,260.0233,270.2958,238.4325,248.1599,249.7910,249.8653,248.7704,246.5566,249.7460,248.8400,249.9760,249.8837,249.6839,245.8814,258.6692,255.0405,256.8878,0.0000,244.2246,261.9854,244.2245,245.0664,246.0289,257.3204,250.1484,244.7292,273.8220,259.0051,242.8385,244.4318,242.4706,242.8354,260.8395,248.3848,234.4048,242.8316,241.3761,222.4846,270.0797,270.6396,274.8272,242.8278,247.5355,242.8278,245.1003,244.6592,256.7500
7.0000,243.8511,256.9274,257.4425,249.7795,242.8538,237.1725,236.4317,261.3827,260.0510,269.2550,263.8962,268.7810,260.8650,256.6946,226.1783,153.3315,246.6469,247.0054,243.9560,254.6439,240.2361,235.9138,237.9744,241.7161,237.7255,240.7080,241.1664,256.4333,271.9628,256.7032,259.0063,259.9342,274.2484,244.1041,244.9647,266.5029,262.2575,248.1562,263.2505,244.2332,251.7568,249.1126,264.3608,252.4333,274.9849,230.4904,248.3330,247.4413,218.0979,237.5113,232.1114,235.6124,248.9452,245.7122,241.6720,236.4217,251.6022,238.2775,224.8421,249.6459,244.0435,244.3658,238.8821,239.0670,245.0616,244.0151,244.5975,249.6155,245.7030,246.5683,247.5862,248.7891,248.1658,244.0797,234.0710,255.0313,252.2106,272.1470,269.6166,249.8764,252.8384,248.2557,262.3204,262.5325,262.4571,263.0563,262.6835,262.1853,262.8755,262.3172,258.6572,263.8270,257.8605,255.6125,255.0312,251.8482,254.2688,257.7545,0.0000,263.8386,266.1266,263.3242,242.5835,243.6029,244.3852,244.5956,243.4157,243.2664,243.5164,0.6589,259.3878,246.2241,269.6016,259.8571,236.5983,232.4694,251.2171,244.2388,258.2506,236.3903,246.5698,263.5148,263.2282,256.5288,228.7223,259.8123,269.1827,243.0338,225.0672,225.1258,254.5774,228.7171,226.8045,258.0677,259.2991,260.5324,262.9615,262.8039,262.8156,231.5501,231.7649,233.7664,243.9919,241.7325,246.5622,247.5747,239.8766,230.8899,244.2315,243.9194,267.8660,269.1751,265.3892,258.4466,264.3957,218.7297,227.7928,226.9816,255.7970,256.8867,242.8293,0.0000,246.1489,249.9315,232.3999,234.7600,257.1213,257.2724,269.7010,261.7599,258.7229,219.5207,202.5846,244.3351,202.8772,216.6100,256.6684,249.1311,272.4264,275.1896,274.6103,259.3183,130.9067,238.2392,237.8126,241.7349,207.0430,245.1956,236.7237,241.4006,240.7487,260.2250,270.5863,238.5061,247.9320,249.7668,249.8450,248.7664,246.5622,249.7217,248.8597,250.0047,249.8637,249.6248,245.8604,258.6573,255.0312,256.8913,0.0000,243.8388,261.9682,243.8386,245.0590,246.0194,257.3156,250.1037,244.5022,273.9333,259.0022,242.5831,244.3676,242.3464,242.2982,260.8431,248.6191,234.3684,242.2942,241.4547,222.5411,270.2054,270.7634,274.9258,242.8293,247.2898,242.8293,245.1366,244.6845,256.8126
8.0000,243.1246,256.3633,256.8724,249.2582,242.3355,236.6416,235.9367,260.5589,259.4819,268.3720,263.1207,267.9310,260.3172,256.0950,225.7662,153.0416,246.3145,246.5969,243.5215,254.7808,239.7357,235.4986,237.5056,241.2222,237.1744,240.1221,240.5670,255.8107,271.0504,256.1451,258.4420,259.3759,273.2900,243.3774,244.2533,265.7015,261.6815,247.5009,262.6689,243.5001,250.8936,248.3736,263.5575,251.5583,274.0063,230.1961,248.3240,247.4424,217.7108,237.3796,231.9839,235.3528,248.8645,245.6446,241.5368,236.1704,251.1500,238.1286,224.5668,249.7897,243.9910,244.3257,238.7421,238.9262,244.9630,243.9176,244.5048,249.5003,245.6424,246.4925,247.4587,248.6230,248.2089,244.0275,233.7849,254.4940,251.7403,271.2305,268.7524,249.2220,252.2957,247.8345,261.7440,261.9523,261.8879,262.4891,262.0997,261.6062,262.3023,261.5058,258.0935,263.2456,257.2916,255.0723,254.4939,251.1275,253.5243,257.1329,0.0000,263.0802,265.3286,262.7317,242.0888,242.9015,244.0165,244.2397,243.3040,243.2028,243.4610,0.6589,258.8218,246.0975,268.7368,259.2905,236.1319,232.1847,250.8093,243.5823,257.6935,236.1443,246.5255,262.9299,262.6360,255.9779,228.4367,259.2189,268.3049,243.0338,224.7913,224.8498,254.0765,228.3030,226.2788,257.2936,258.7319,259.9322,262.3808,262.2220,262.2347,231.2396,231.2472,233.2435,243.5072,241.2523,246.5127,247.0578,239.4371,230.4719,244.1251,243.8207,266.9735,268.2605,264.5419,257.8838,263.8143,218.4830,227.2694,226.5375,255.2449,256.3354,242.8225,0.0000,245.3368,249.4096,232.2722,234.6299,256.5707,256.7210,268.8407,261.1847,258.1587,219.3212,202.3855,243.8318,202.6786,216.3050,256.0550,248.3691,271.4521,274.1571,273.6491,258.5337,130.6540,238.0951,237.6732,241.5966,206.7636,245.1029,236.2337,240.8516,240.1640,259.4227,269.6335,237.9554,248.0387,249.7581,249.8347,248.7556,246.5127,249.7128,248.7655,249.8701,249.8537,249.6411,245.8289,258.0935,254.4939,256.3399,0.0000,243.6508,261.3950,243.6507,244.5731,245.5301,256.7574,249.6742,244.1577,272.9765,258.4380,242.1139,243.9953,241.8141,242.2263,260.2547,248.6930,233.9576,242.2229,240.8724,222.4177,269.3285,269.8754,273.9500,242.8225,247.4138,242.8225,245.0729,244.5941,256.4934
9.0000,255.3817,257.4599,257.9706,250.3720,243.4347,238.6150,237.5268,262.2423,260.5878,269.7690,264.4581,269.2439,261.3175,257.8182,226.7055,153.6595,247.6903,247.8269,244.1515,255.8599,241.0456,236.2904,238.4872,242.4013,239.4125,242.5721,243.1137,257.8273,272.4078,257.2412,259.5411,260.4756,274.6423,253.4270,253.7663,267.0633,262.8165,251.3173,263.8310,255.7807,263.6380,250.2143,264.9295,264.3444,275.3487,230.6495,248.4229,247.5420,218.5621,237.4068,231.9998,235.7746,248.8785,245.8120,241.8184,236.5791,252.3296,238.2049,225.0310,250.0875,244.0911,244.4370,238.8173,239.0050,245.0941,244.0668,244.6603,249.6154,245.7651,246.6247,247.5015,248.8439,248.4328,244.1270,234.3022,255.5556,252.8926,272.5890,270.0990,252.0745,253.3638,249.0894,262.8793,263.0812,263.0147,263.6184,263.2191,262.7259,263.4319,263.3653,259.1853,264.3920,258.4020,256.1289,255.5554,253.1987,255.7209,259.1783,0.0000,264.3960,266.6761,263.8922,243.2759,251.5632,244.5859,244.8159,243.4832,243.3138,243.5622,0.6589,259.9114,246.1460,270.0882,260.3791,237.4971,233.0884,251.9347,249.5246,258.7857,236.5440,246.6233,264.0691,263.7804,257.0545,228.9014,260.6878,269.6884,243.0338,225.2559,225.3145,255.1576,229.1606,228.4138,259.3366,259.8304,261.3884,263.5240,263.3471,263.3572,231.6719,233.1587,235.1810,244.4984,242.2344,246.6020,248.1596,240.3102,231.3376,244.2982,243.9725,269.3911,270.5990,266.6895,258.9822,264.9674,219.4319,228.1982,227.4856,256.3299,257.4205,242.8295,0.0000,246.2950,250.5219,232.2914,234.6706,257.6522,257.7863,270.2010,262.3003,259.2509,219.2097,202.3059,244.4924,202.5977,216.1070,257.9410,257.9015,277.2581,278.4941,275.0020,260.5243,131.1863,238.1687,237.7406,241.6899,206.6573,245.2551,237.8213,242.8713,242.6013,267.5768,275.8459,240.1440,248.2683,249.8523,249.9248,248.8143,246.6020,249.8071,248.8741,249.9825,249.9436,249.7539,245.9355,259.1853,255.5553,257.4251,0.0000,245.2386,262.5218,245.2385,245.5519,246.5100,257.8444,250.8829,245.0924,274.3458,259.5371,242.7036,244.5648,242.4636,244.1138,261.6242,248.9396,235.0096,244.1111,243.2968,222.4563,270.6813,271.2285,275.2941,242.8295,247.6521,242.8295,245.1528,244.7230,257.5720
10.0000,291.0085,293.2756,293.8654,285.1488,277.2225,271.6966,270.4592,298.9397,296.8478,307.5306,301.4396,306.9204,297.6429,293.6870,258.1854,174.9349,282.7332,282.5391,277.7862,291.6115,274.4546,268.9711,271.4905,276.0190,272.6094,276.1616,276.7778,293.6885,310.4891,293.0226,295.6466,296.6944,313.0046,288.7957,289.1453,304.3981,299.3910,286.2429,300.5363,291.4697,300.5504,285.1144,302.0316,301.3669,313.8037,262.3711,282.1235,281.1038,248.8102,269.4261,263.2852,268.2150,281.6959,278.4855,274.7399,269.1118,287.4831,270.4306,255.9618,275.1876,277.1975,277.5901,271.1263,271.3556,276.9662,277.0239,277.5759,283.4505,279.1387,280.1436,280.8234,282.5100,279.8573,277.2381,266.4475,291.0814,288.1932,310.6979,307.8787,287.1344,288.5871,283.9803,299.4629,299.6924,299.6211,300.3124,299.8723,299.3016,300.0965,300.2044,295.2301,301.1722,294.3421,291.7186,291.0812,288.4647,291.4029,295.1925,0.0000,301.3418,303.9557,300.6153,277.0197,286.6408,278.1644,278.4282,276.6316,276.3041,276.5974,0.6589,296.0621,279.3044,307.8588,296.5966,270.4034,265.3480,287.0091,284.2533,294.7701,269.0428,280.0770,300.8253,300.5197,292.8039,260.3585,296.9505,307.4369,275.9962,256.2158,256.2825,290.6725,260.8596,260.0857,295.5706,295.9831,297.7276,300.1979,300.0113,300.0267,263.5496,265.4806,267.7851,278.3890,275.8111,280.0509,282.6303,273.5406,263.3378,277.3954,276.9316,307.1909,308.5946,304.0591,295.0089,301.8449,249.6143,260.0975,259.1462,291.9626,293.2078,275.7585,0.0000,279.1854,285.3207,263.6198,266.3316,293.4730,293.6200,308.0199,298.7911,295.3057,248.4862,229.2783,278.1236,229.6115,245.0325,293.8212,293.9764,316.2401,317.6403,313.4151,296.9379,149.3469,270.3881,269.8827,274.4276,234.2506,277.8970,270.7884,276.5171,276.1949,305.1068,314.6202,273.4313,281.9875,283.7608,283.8424,282.5640,280.0509,283.7093,282.6229,283.8669,283.8639,283.6628,279.2977,295.2302,291.0811,293.2130,0.0000,280.5269,299.0563,280.5267,279.5878,280.6830,293.6956,285.8372,279.3334,312.6762,295.6420,276.1003,278.1380,275.8967,279.8382,298.0226,278.4215,267.7574,279.8363,277.0645,252.4695,308.5320,309.1506,313.7424,275.7585,281.2646,275.7585,278.2979,277.7760,293.4453
11.0000,292.2369,294.3061,294.9145,286.0591,278.0479,272.5367,271.2914,300.2543,297.9054,308.9306,302.6030,308.2455,298.7262,294.7183,258.8181,175.4220,283.5849,283.2729,277.9910,292.7443,275.2292,269.5635,272.1476,276.8197,273.4717,277.0414,277.6680,294.7254,312.1178,294.0418,296.6911,297.7449,314.7174,290.0162,290.3247,305.6891,300.4609,287.2609,301.5809,292.7095,302.0191,286.1804,303.1682,302.8562,315.5186,262.7604,282.0219,280.9774,249.4217,269.4945,263.3926,268.7422,281.6387,278.4722,275.0994,269.6726,288.0919,270.5118,256.3532,275.2337,277.1364,277.5242,271.1769,271.4098,276.9662,277.0030,277.5634,283.4443,279.1358,280.1897,280.8192,282.5595,279.8801,277.1766,266.7893,292.0187,289.0291,312.3599,309.3396,288.1567,289.5585,284.7003,300.5343,300.7673,300.7032,301.4063,300.9761,300.3860,301.1825,301.4809,296.2326,302.2096,295.3389,292.6471,292.0185,289.5718,292.5159,296.1975,0.0000,302.5247,305.2357,301.6745,277.8267,287.8383,278.4421,278.7316,276.6000,276.2237,276.5307,0.6589,297.0830,279.3096,309.3273,297.6247,271.2132,265.9181,288.0038,285.4129,295.7734,269.5915,280.0158,301.8968,301.6169,293.7917,260.7414,297.9829,308.8250,275.8220,256.6054,256.6722,291.5750,261.4871,260.9084,296.7653,297.0396,298.7421,301.2750,301.0948,301.1055,263.9297,266.3314,268.6258,279.1654,276.5803,279.9879,283.5344,274.1878,263.9712,277.3666,276.9135,308.6082,310.0437,305.4394,296.0472,302.9520,250.3456,260.7930,259.8285,292.9250,294.1947,275.5088,0.0000,279.3380,286.2334,263.7212,266.4061,294.4653,294.6104,309.4545,299.8411,296.3101,248.8609,229.7594,278.2747,230.0861,245.8213,294.8599,295.2095,317.7944,319.2859,315.1325,298.1579,149.7764,270.4537,269.9468,274.4141,234.8755,277.9139,271.6124,277.3645,277.0736,306.4257,316.1380,274.2953,281.8713,283.6639,283.7458,282.4995,279.9879,283.6126,282.5980,283.9003,283.7671,283.5458,279.2232,296.2326,292.0183,294.2000,0.0000,281.5422,300.1274,281.5420,280.3662,281.4714,294.6738,286.4122,279.7850,314.3600,296.6864,276.2187,278.4140,276.0588,281.1035,299.0624,278.4516,268.4295,281.1029,277.9751,252.5401,310.0408,310.6985,315.4578,275.4981,281.1600,275.5088,278.1271,277.7172,294.5157
12.0000,292.2517,294.0883,294.7318,285.7142,277.6268,272.2336,270.9780,300.4629,297.6864,309.2059,302.5302,308.4862,298.3962,294.5132,258.2188,175.0644,282.7384,282.6127,276.6057,292.6794,274.8408,269.1778,271.7390,276.4128,273.1897,276.7571,277.3807,294.5245,312.3060,293.8033,296.4629,297.5262,314.9459,290.0369,290.3098,305.7471,300.2296,287.1273,301.3117,292.7328,302.2114,286.1567,303.0824,303.0638,315.7941,261.6685,279.7401,278.7546,248.7698,267.5562,261.4218,267.7951,280.6024,276.4690,273.6054,268.7485,287.5284,268.3213,255.2741,272.2685,274.8646,275.2579,269.0066,269.2053,276.9661,275.0356,275.6732,280.9735,276.6814,277.6048,279.0276,279.8556,277.4280,274.9032,265.5621,291.6607,288.4909,312.5543,309.4964,288.0098,289.2607,284.0964,300.3042,300.5384,300.4838,301.1942,300.7962,300.1858,300.9630,301.5949,295.9302,301.9270,295.0410,292.2627,291.6604,289.5350,292.4765,295.9751,0.0000,302.4648,305.2700,301.4180,277.4370,287.8671,277.0732,277.3857,274.6000,273.9925,274.2627,0.6589,296.8231,277.4570,309.4727,297.3901,270.8905,265.6836,287.6899,285.4600,295.4889,268.6409,277.6549,301.6680,301.4286,293.5063,259.6355,297.7537,309.0948,273.5353,255.5229,255.5894,291.1596,260.7924,260.6394,296.7921,296.8279,298.5319,301.0442,300.8911,300.9033,262.8459,266.0352,268.3270,278.6291,276.0490,277.6270,283.1944,273.4493,263.2699,275.3111,274.9459,308.6098,310.0528,305.4985,295.8164,302.6199,249.2031,260.7192,259.4088,292.5885,293.8921,273.1079,0.0000,277.7542,285.8902,261.7492,264.4285,294.1611,294.2868,309.6838,299.5316,296.0084,247.0641,228.0136,276.8853,228.3424,243.2145,294.6566,295.2431,317.7037,319.1165,315.3658,298.2087,149.4948,268.2837,267.8162,272.1970,232.9515,276.6547,271.3032,277.0899,276.7892,306.4285,316.0593,273.9657,279.6304,281.3723,281.4522,280.1539,277.5153,281.3212,280.1376,281.4086,281.4737,281.2730,276.8720,295.9302,291.6600,293.8975,0.0000,280.3566,299.9009,280.3564,279.8180,280.9257,294.3533,285.7618,278.4281,314.5766,296.4581,274.7521,277.0440,274.6157,279.8088,298.8169,275.5843,267.8056,279.8079,277.7336,250.6654,310.1981,310.8632,315.7265,273.0829,278.9215,273.0848,275.9481,275.6540,294.3055
13.0000,298.3725,300.4038,301.0984,292.0879,283.8215,277.1759,275.8105,308.2190,304.1559,317.5018,309.9419,316.6138,305.0307,301.0896,263.8588,178.9766,288.4387,288.5192,281.7297,299.0698,280.6472,275.2927,277.8030,282.3503,277.8813,281.2506,281.8452,301.0181,321.3335,300.0867,302.9156,304.0547,325.3885,295.9980,296.3029,313.5057,306.6785,292.8604,307.7914,298.8881,309.0518,292.8025,310.5247,309.9660,326.2863,266.7598,284.3196,283.2805,254.3078,271.8057,265.7422,273.0622,282.5607,280.1495,278.3036,274.0410,293.5746,272.9092,260.2674,272.0642,279.6173,280.0013,273.5707,273.7988,276.9662,279.4325,279.8028,285.7446,281.4282,282.3723,283.2289,284.0132,279.2759,279.6563,270.7174,297.7330,294.4466,321.5799,317.9418,293.9910,295.9463,290.1122,306.7515,306.9815,306.9359,307.6383,307.3267,306.6895,307.4053,309.1545,302.2564,308.4248,301.4174,298.3804,297.7328,296.1929,299.2248,302.5514,0.0000,309.8577,313.0102,307.8316,283.3464,293.6353,282.2564,282.5886,279.0773,278.8097,279.0374,0.6589,303.2237,281.7560,317.9327,303.8067,275.8377,271.4822,293.8671,290.8777,301.9439,273.8930,282.2178,308.1603,307.8604,299.7062,264.6836,304.2814,317.3639,277.7459,260.5173,260.5852,297.1773,266.8493,263.3859,303.9126,303.3035,305.0329,307.4703,307.4020,307.4212,267.9175,270.8525,273.1932,284.6417,282.0059,282.1735,289.8960,279.3713,269.0709,279.9122,279.3848,316.8167,318.4297,313.4151,302.2279,309.0159,254.6893,266.4112,265.0661,298.8899,300.3324,277.1776,0.0000,282.8415,292.2728,266.0725,268.7561,300.6135,300.7606,318.0837,305.8975,302.3344,251.2399,231.8154,282.0199,232.1524,247.6749,301.1870,301.4868,326.0059,327.8396,325.7074,305.4553,152.8305,272.8493,272.3287,276.8596,237.0130,279.4581,276.1726,281.8473,281.2912,313.3696,324.1424,278.6190,284.3739,286.0173,286.0972,284.7563,281.6723,285.9663,284.8437,286.2115,286.1196,285.9375,281.2788,302.2564,297.7325,300.3380,0.0000,285.7882,306.3564,285.7880,285.8588,286.9923,300.6396,291.7868,283.5506,324.1065,302.9106,279.7456,282.2244,279.7298,285.2073,305.3332,275.2459,273.5523,285.2060,282.8134,254.7678,318.8014,319.6043,326.1947,277.1323,283.6696,277.0583,280.2443,280.0470,300.7481
14.0000,302.0088,303.4569,304.2221,294.8221,286.3104,279.6925,278.3063,311.4975,307.2014,320.8956,313.0863,320.0188,308.2198,304.1663,266.0582,180.5203,290.8897,291.0792,283.0792,302.2648,283.1455,277.6812,280.2267,284.8712,280.4191,283.6825,284.2716,304.0752,324.6479,303.0989,305.9410,307.0820,328.7284,299.5181,299.7384,316.7397,309.7274,295.7652,310.8122,302.5767,313.7875,295.6453,313.7116,314.7962,329.6509,268.6853,284.3631,283.2820,256.3272,272.5352,266.5399,275.2589,282.7830,279.9444,279.8978,276.3265,296.2335,273.7619,262.1311,266.2504,280.2969,280.6474,274.3666,274.6048,276.9662,280.0352,280.2685,286.2528,282.0437,283.0063,283.8870,284.2700,276.4225,280.3365,272.5082,300.5768,297.2055,324.9014,321.2361,296.8885,298.8037,292.7356,309.8020,310.0187,310.0075,310.7292,310.4230,309.7760,310.4728,312.4073,305.2501,311.4329,304.3343,301.1808,300.5765,298.9863,302.1770,305.6267,0.0000,312.9981,316.2231,310.8822,285.8847,297.0038,283.6539,284.0202,279.5868,279.6136,279.7612,0.6589,306.3015,282.4073,321.2194,306.9153,278.3339,273.8838,296.5661,293.9654,304.8754,276.1555,282.5312,311.2177,310.9273,302.6628,266.5571,307.3634,320.7594,277.9071,262.3783,262.4466,299.9777,268.9118,265.7912,306.9991,306.3612,308.2365,310.5293,310.4958,310.5477,269.8526,273.3301,275.6815,287.0712,284.4128,282.4640,292.6126,281.4935,271.1506,280.6085,280.0208,320.6178,322.3038,316.9576,305.2501,312.3204,256.1317,269.1703,267.4454,301.7350,303.2321,277.1402,0.0000,284.5187,295.0117,266.8640,269.5194,303.5285,303.6751,321.4332,309.0548,305.3319,252.2921,233.0453,283.3665,233.3704,250.9685,304.2563,305.2143,330.9330,332.7591,329.0468,308.5886,154.1806,273.6708,273.1301,277.5972,238.9929,279.7977,278.6637,284.3152,283.7243,317.5517,328.9483,281.1441,284.8018,286.0686,286.1527,284.9398,281.5485,286.0212,285.3072,286.7174,286.1736,285.9461,281.3287,305.2501,300.5760,303.2379,0.0000,288.1222,309.4089,288.1219,288.2903,289.4377,303.5445,294.4157,285.1221,327.4233,305.9359,280.9991,283.6191,280.9294,287.7188,308.3749,269.2927,275.8909,287.7182,285.4599,255.4914,322.0960,322.9029,329.5553,277.0693,284.1278,276.9130,280.5049,280.5359,303.7943
15.0000,302.6176,302.4362,303.2623,293.5502,284.8354,278.7488,277.6854,310.7313,306.1765,320.2368,312.0355,319.2159,307.4096,303.1934,264.1396,179.2928,288.8068,289.2506,279.8135,301.4886,281.8791,276.7209,279.1393,283.4822,279.5422,283.3302,283.8562,303.1067,323.9554,302.0377,304.9053,306.0802,328.0341,300.8323,300.0461,315.7252,308.6845,295.0770,309.6677,303.2653,316.0777,294.8571,312.6384,317.2313,329.0213,264.4431,278.6460,277.5954,254.2956,268.4789,262.4606,271.3979,280.8740,275.0727,276.1327,272.5847,294.6315,269.4127,257.9570,257.3224,275.2366,275.5301,269.9240,270.1542,276.9660,275.5922,275.9568,280.8976,276.7222,277.5688,279.8051,278.2295,269.4395,275.2754,267.9040,299.2643,295.7306,324.2460,320.4269,296.0669,297.6315,290.8854,308.7629,308.9767,308.9885,309.7293,309.4420,308.7733,309.4548,311.3959,304.1652,310.2431,303.1316,299.7991,299.2639,298.1693,301.2771,304.6321,0.0000,311.9827,315.2699,309.8299,284.5028,298.1254,280.3998,280.8167,275.2748,274.6995,274.7555,0.6589,305.3352,278.1941,320.4298,306.0009,277.8608,272.9731,295.6458,294.7197,303.7104,272.4217,277.1232,310.1164,309.8308,301.5204,262.2958,306.3584,320.0776,273.0841,258.1949,258.2621,298.6210,266.8658,264.9602,306.0409,305.3636,307.4116,309.5035,309.4770,309.5558,265.6267,272.4714,274.7776,285.4098,282.7669,277.0615,291.3546,279.4039,269.0877,275.9937,275.5808,318.5186,318.5186,315.4374,304.2080,311.8134,253.4613,267.8545,265.7179,300.4610,302.0424,272.2068,0.0000,281.0660,293.7433,262.7717,265.3820,302.3638,302.4894,320.7023,308.2544,304.2532,248.5249,229.8212,280.1246,230.1283,249.1808,303.2851,305.9773,327.6870,332.0010,328.3495,307.6129,153.2008,269.2881,268.7835,272.8390,236.2317,276.9201,278.0449,283.7827,283.3656,317.0681,326.2015,280.2728,279.4584,280.3206,280.4060,279.2944,275.9215,280.2773,279.9173,281.3478,280.4254,280.2020,275.2213,304.1652,299.2630,302.0484,0.0000,285.4180,308.3752,285.4176,286.6003,287.7405,302.3207,292.7477,282.0308,326.7331,304.9000,277.6789,280.3634,277.6509,284.8376,307.2939,260.1414,274.0043,284.8366,284.5973,251.5693,321.3319,322.1487,328.9149,272.1320,278.8291,271.9012,275.6469,275.9550,302.9054
16.0000,277.2256,275.0160,275.8259,266.7265,258.6050,253.5407,252.4427,283.9518,278.5294,292.7527,284.5200,291.6706,279.9336,276.0258,238.9311,162.4075,260.5472,261.5898,251.3926,274.7613,256.0068,251.1562,253.4059,257.3642,254.3906,257.9208,258.4394,276.0512,296.0721,274.6138,277.3395,278.4642,299.9176,275.5555,274.5945,288.1714,280.8478,269.0687,281.6175,277.8881,291.0187,268.9797,285.0992,292.2013,300.9309,237.5777,247.0753,246.1153,229.9936,238.8336,233.4198,243.7699,249.9019,244.8033,246.8934,244.8319,266.8811,239.5216,231.6970,233.5184,244.2185,244.4111,239.8870,240.0875,246.3083,245.2731,245.6016,249.1115,245.4777,246.2341,249.0331,246.6659,239.7462,244.2530,240.5657,271.8193,268.0739,296.3656,292.7099,269.8731,270.5648,263.0794,280.9246,281.1193,281.1612,281.8691,281.5889,280.9600,281.5917,284.4533,276.5680,282.0853,275.5806,272.2796,271.8189,272.0544,274.9169,277.4159,0.0000,284.4661,287.7037,281.8491,258.3151,272.8494,251.8856,252.3110,245.7348,243.7986,243.7996,0.6589,277.7479,247.5754,292.6996,278.4081,252.5516,247.8826,269.1289,269.2838,276.1395,244.6438,245.8066,282.0719,281.8157,274.0744,235.6067,278.8238,292.5833,243.0338,231.9102,231.9706,271.0906,241.3550,241.1206,279.4059,277.7973,279.9930,281.6136,281.5901,281.7118,238.6990,247.8406,249.9324,258.7366,256.3407,245.7860,264.7367,252.6821,243.3644,245.5262,245.2651,291.7712,291.7713,288.5544,276.6765,283.9558,229.0753,242.4954,240.4306,273.0328,274.5744,242.0885,0.0000,253.0403,266.9072,233.6946,236.0260,274.8949,275.0160,293.0832,280.4873,276.6539,221.0326,204.4601,251.7472,204.7300,222.5596,276.1685,280.7187,302.4317,305.9425,300.2059,280.8874,138.8673,239.3759,238.9351,242.2734,210.3296,246.4493,252.7735,258.1624,257.9476,291.6941,300.9069,255.0688,247.5324,248.5765,248.6579,247.7797,244.6850,248.5385,248.3315,249.5108,248.6738,248.4898,243.5752,276.5680,271.8178,274.5801,0.0000,256.1421,280.5745,256.1416,259.7873,260.8336,274.7788,265.0134,253.3072,298.6889,277.3344,249.3746,251.8531,249.4000,254.9140,279.5683,232.0835,247.8316,254.9103,259.1234,223.7412,293.5638,294.3399,300.8160,242.0187,246.9690,241.7706,245.2436,245.5647,275.7920
17.0000,323.2362,318.2201,319.2266,308.5279,298.8933,293.8600,292.4299,331.1608,322.5113,341.6172,330.8386,340.0829,324.4792,320.2646,274.4837,187.1268,295.9739,299.1575,0.0001,318.8996,296.1260,290.4370,293.0568,297.4955,295.0293,299.3260,299.9698,320.5357,345.4649,317.7100,321.0890,322.4856,350.2199,321.1639,319.8945,335.4684,325.2848,312.6863,326.0593,324.0807,340.8516,313.0241,331.5955,342.3626,351.5433,272.1883,278.7914,277.6927,264.5883,270.3618,264.2057,279.3772,281.9629,276.0680,281.2989,280.5587,306.3817,271.0063,265.3785,254.8673,275.6352,275.8457,271.2910,271.5281,276.9662,277.3539,277.5502,281.4466,277.0721,277.9514,281.8521,278.3108,268.0595,275.6765,275.3431,314.0355,308.2486,345.8618,341.2443,313.5906,313.0853,300.8837,325.3803,325.6013,325.6773,326.5358,326.1660,325.4163,326.1869,331.5236,320.1844,326.5312,319.0196,314.8262,314.0350,316.5797,319.9606,322.1546,0.0000,330.7391,334.8716,326.4034,298.6121,317.8895,288.7941,288.8084,278.9507,275.1689,275.1375,0.6589,321.6646,280.1730,341.2183,322.4706,292.5581,286.8973,312.2520,313.4900,319.5999,280.2633,277.4351,326.6078,326.2963,316.9521,269.8530,323.3015,341.3763,274.8441,265.6185,265.6877,312.6967,277.8809,279.6394,325.3887,321.6730,325.0616,326.1954,326.1390,326.3256,273.5427,287.3118,289.7024,298.6643,295.8987,277.4123,306.2312,291.0489,280.1944,277.7475,277.3620,340.9439,340.9440,336.7935,320.2671,329.3119,263.0547,279.1923,276.4231,315.9204,317.7249,273.6143,0.0000,0.0001,308.7419,264.5057,267.0992,318.1109,318.2498,341.8402,324.9697,320.2921,250.4459,231.5668,0.0001,231.8779,252.6651,320.6058,327.3035,352.6206,359.0445,350.5622,327.1852,160.1002,270.7866,270.2860,273.7113,238.1312,278.0795,292.8344,299.3752,299.3501,340.2748,350.8994,295.8409,279.3862,280.4904,280.5868,279.6305,276.0945,280.4479,280.5633,281.9020,280.6042,280.4675,274.6106,320.1844,314.0337,317.7319,0.0000,0.0001,324.9676,0.0001,299.8522,301.1141,317.9875,303.7671,0.0001,348.6753,321.0828,0.0001,288.7577,0.0001,0.0001,323.9382,257.3265,284.1757,0.0001,300.6979,253.1971,342.3078,343.2791,351.3877,273.5331,278.7521,273.2284,277.2829,277.6683,319.7569
18.0000,336.4295,329.3374,330.4522,319.0271,308.8316,304.3039,302.6869,344.3997,333.8270,355.3997,343.2707,353.5985,336.1255,331.8584,282.9999,192.9951,305.9405,309.1161,0.0000,330.6391,306.2021,300.2498,302.9760,307.4699,305.6537,310.1985,310.8976,332.2989,359.3837,328.7642,332.3238,333.8468,364.4537,334.2957,332.7618,348.3941,336.7254,324.4717,337.4103,337.3576,355.8159,324.9887,344.0898,357.4792,365.9100,278.8392,282.0857,280.9615,272.5389,273.7483,267.5787,285.9376,283.5841,278.9766,286.3171,287.0798,316.6661,274.4989,271.8023,256.7125,278.8484,279.0692,274.6933,274.9424,276.9662,280.6056,280.6170,284.7663,280.3580,281.2802,285.1978,281.6713,270.3026,278.8929,282.0004,324.6851,318.7045,359.8433,354.7789,325.3278,323.8322,310.9009,336.8295,337.0488,337.1750,338.1029,337.6949,336.8976,337.7042,344.6339,331.2788,337.8423,330.0485,325.4517,324.6845,328.6914,332.2560,334.0061,0.0000,343.1626,347.7319,337.8134,308.6644,330.7139,295.1396,295.1582,282.8173,278.4143,278.3427,0.6589,332.9150,283.5446,354.7356,333.7957,302.7968,296.7696,323.4944,325.7881,330.6294,286.6915,280.6575,338.0280,337.7115,327.8962,276.4045,334.8784,355.1163,277.6795,272.0488,272.1197,323.3438,286.1134,289.7099,338.0807,332.9639,337.0066,337.6797,337.6373,337.8782,280.2951,297.5739,300.0195,308.1594,305.3060,280.6255,316.6561,299.5814,288.4949,281.2816,280.6490,355.1699,355.1700,350.5338,331.4577,341.0707,270.8661,288.1037,285.0977,326.7083,328.6308,276.4187,0.0000,0.0000,319.2523,267.8742,270.4561,329.0083,329.1655,355.5458,336.3753,331.3959,253.8760,234.9909,0.0000,235.2932,258.3907,332.3044,341.1429,369.9832,375.1125,364.8147,340.0032,165.2122,274.2293,273.6984,277.0299,242.2778,280.1448,303.1173,310.0924,310.2196,355.7459,367.9775,306.5361,282.9105,283.8085,283.9065,282.9191,279.1934,283.7652,283.8867,285.2300,283.9254,283.8290,277.5737,331.2789,324.6826,328.6384,0.0000,0.0000,336.4040,0.0000,309.3449,310.6599,328.9164,313.9519,0.0000,362.8287,332.3170,0.0000,295.0996,0.0000,0.0000,335.3798,259.3179,293.2507,0.0000,311.6583,256.3793,355.9294,356.9880,365.7362,276.3348,282.2933,276.0171,280.3020,280.7929,331.2556
19.0000,342.2464,333.5236,334.6994,322.9219,312.4738,308.3313,306.5811,350.1740,338.1188,361.4903,348.4029,359.4982,340.6383,336.3804,285.7083,194.9762,309.3589,312.6021,0.0000,335.1675,309.9500,303.9393,306.6998,311.1068,309.8005,314.4553,315.1711,336.9374,365.3879,332.9133,336.5788,338.1634,370.6856,340.0343,338.3315,353.8635,341.0742,329.2718,341.6810,343.2367,362.9561,330.0518,349.2572,364.7333,372.2965,280.3823,280.7320,279.5593,275.0798,273.3157,267.1919,287.5264,283.4134,277.9596,287.0615,288.7027,320.4165,273.8827,273.2589,255.3784,277.6527,277.8602,273.9815,274.2130,276.9662,279.6538,279.6896,283.5327,279.2558,280.2644,284.6821,280.5081,268.9285,277.6979,283.4477,328.5742,322.4196,365.8747,360.5901,330.0912,327.8554,314.4293,341.1835,341.4080,341.5559,342.5205,342.0827,341.2644,342.0977,350.2732,335.4229,342.0783,334.1826,329.3293,328.5735,333.8387,337.4425,338.6688,0.0000,348.2865,353.1461,342.1377,312.3343,336.2717,296.1024,296.1253,281.9543,277.2673,277.1464,0.6589,337.1469,282.9633,360.5303,338.0570,306.6964,300.4949,327.8655,331.0140,334.7721,288.2759,279.3750,342.3387,342.0267,331.9617,277.9016,339.3081,361.1770,276.0721,273.5069,273.5781,327.2064,288.6859,293.6403,343.4758,337.2609,341.5201,342.0521,342.0058,342.2807,281.9024,301.5343,303.9996,311.4057,308.5220,279.3340,320.5249,302.2019,291.0890,280.4202,279.7064,361.4387,361.4388,356.4973,335.6868,345.5183,273.5978,290.8484,287.8492,330.7046,332.7135,274.8170,0.0000,0.0000,323.1527,267.4677,269.9641,333.1165,333.2906,361.5137,340.6511,335.5453,254.0775,235.5341,0.0000,235.8182,261.7970,336.8937,347.2686,377.7940,382.7577,371.0523,345.4687,166.9715,273.5701,273.0625,276.0743,243.8226,279.5316,307.0267,314.2296,314.4736,362.7231,375.6624,310.7168,281.6078,282.4646,282.5598,281.5584,277.8166,282.4221,282.6424,283.9955,282.5779,282.4891,276.2897,335.4230,328.5713,332.7215,0.0000,0.0000,340.7534,0.0000,312.5731,313.9129,332.9805,317.6501,0.0000,368.9748,336.5717,0.0000,296.0597,0.0000,0.0000,339.7438,257.9425,296.2584,0.0000,315.9901,255.9129,361.7793,362.8807,372.0990,274.7325,281.0188,274.4137,278.9635,279.6660,335.6796
20.0000,342.3259,332.5943,333.7923,322.0476,311.5582,307.5936,305.7709,350.0716,336.9124,361.8575,348.2583,359.7165,339.8285,335.8042,284.6016,194.4948,306.1140,310.2497,0.0000,334.5017,309.1717,303.0945,305.8836,310.3162,309.0709,313.7922,314.5242,336.3880,365.9018,331.9679,335.2233,336.7427,371.2759,340.0658,338.2625,353.8999,340.2844,328.6981,340.9411,343.3573,363.9174,329.4139,349.1273,365.7705,372.9415,280.1704,280.6687,279.4722,274.3694,273.6614,267.6216,287.5467,283.5249,278.6636,287.2365,288.7792,318.5186,274.1524,273.0504,267.5319,277.5919,277.7920,274.1897,274.4043,276.9662,279.7130,279.8652,283.5179,279.2566,280.3148,284.8339,280.6479,271.6813,277.6380,283.1386,327.7061,320.8634,366.4320,360.9276,329.4284,326.9317,311.8665,340.3963,340.6076,340.7524,341.7414,341.1705,340.3607,341.3120,349.9680,334.7866,341.3312,333.4270,328.5254,327.7055,332.9764,336.5443,338.1290,0.0000,348.1230,353.1601,341.4247,311.5402,336.2469,295.7508,295.7694,281.7935,277.2092,277.0813,0.6589,336.5590,283.1639,360.8537,337.4770,305.8585,299.6557,327.0341,330.8762,333.8575,288.3531,279.3054,341.5551,341.2788,331.0651,277.6832,338.7114,361.5202,275.9886,273.2966,273.3678,326.1175,288.0174,292.9489,342.8423,335.9416,341.1326,341.2867,341.1679,341.5055,281.6931,300.8235,303.2766,310.6946,307.8178,279.2640,319.6558,301.5562,290.4148,280.3909,279.7539,361.4256,361.4257,356.3422,334.4317,345.3292,272.8447,289.7786,286.7634,329.9085,331.7763,274.7335,0.0000,0.0000,322.2765,267.8796,270.2917,332.1972,332.3367,361.9423,340.2831,334.9124,255.1105,236.9696,0.0000,237.2301,266.9120,336.3348,347.4564,378.6064,383.5489,371.6441,344.9272,166.5600,273.8088,273.3144,276.1458,246.6723,279.6669,306.2202,313.4901,313.8079,363.2374,376.4394,309.8277,281.4946,282.4045,282.5014,281.5227,277.6951,282.3619,282.6222,283.9812,282.5193,282.4146,276.1829,334.7866,327.7036,331.7841,0.0000,0.0000,339.9344,0.0000,311.8647,313.1956,332.2321,315.5188,0.0000,369.5464,335.2175,0.0000,295.7109,0.0000,0.0000,339.0648,263.4512,294.6725,0.0000,315.2796,256.2235,362.1521,363.2970,372.7354,274.6488,280.9024,274.3289,278.9618,279.7015,334.7081
21.0000,339.4773,329.7183,330.9275,319.1529,308.6935,304.8147,302.9743,346.8738,334.0863,358.4195,345.0357,355.9983,337.0197,332.5523,281.6797,192.4918,303.1758,307.2539,0.0000,331.6922,306.3197,300.3232,303.0823,307.4252,306.3026,310.9691,311.7009,333.0860,362.7573,329.0833,332.4263,333.9799,368.1532,337.2138,335.3888,350.6198,337.3504,325.7006,337.9062,340.5142,361.1919,326.4660,345.8624,363.0557,369.9353,276.6157,275.2360,274.0018,271.4673,269.4240,263.2770,283.7369,281.6845,274.6506,283.2788,284.9435,315.4463,269.4324,269.5739,263.5332,272.2893,272.4691,269.4247,269.6001,276.9661,275.5309,275.8942,278.0262,274.1508,275.3064,280.8079,275.8618,267.5477,267.5202,279.5997,324.7229,317.8616,363.3057,357.6853,326.3818,324.0546,308.8467,337.4634,337.6809,337.8518,338.8498,338.2820,337.4755,338.4041,346.7557,331.7868,338.2784,330.4367,325.5192,324.7223,330.0387,333.4780,334.8154,0.0000,344.9225,349.9110,338.4168,308.6487,333.4336,291.9260,291.9513,277.6054,272.3867,272.0006,0.6589,333.5796,279.0160,357.6300,334.4995,303.0136,296.9048,324.3271,328.1189,330.9333,284.4959,273.9242,338.5673,338.2828,328.1362,274.1668,335.5371,358.0374,271.6376,269.8196,269.8899,323.1310,284.9665,290.3250,339.6908,333.1577,337.8836,338.3465,338.2583,338.6230,278.1422,298.1137,300.5402,307.6409,304.7925,273.8781,316.7850,298.3542,287.3385,275.9262,275.5500,358.2981,358.2982,353.1765,331.6131,342.2461,269.7713,286.9649,283.8660,326.9264,328.8564,270.4570,0.0000,0.0000,319.3822,263.5311,265.9453,329.2845,329.4382,358.6109,337.2249,331.9133,251.0055,233.3768,0.0000,233.6217,263.7885,333.0195,344.5736,375.6574,380.6010,368.5114,341.7534,164.8884,269.0828,268.6612,271.1041,243.2827,277.0277,303.4148,310.6297,310.9808,360.2242,373.4901,307.2001,276.0480,276.9399,277.0343,276.0536,272.3067,276.8985,277.1603,278.4787,277.0518,276.9607,270.8398,331.7868,324.7202,328.8643,0.0000,0.0000,337.0207,0.0000,308.7879,310.1131,329.2420,312.4828,0.0000,366.4265,332.4202,0.0000,291.8823,0.0000,0.0000,335.9495,259.4529,291.7193,0.0000,312.4274,252.1033,358.9469,360.1144,369.7091,270.3811,275.4735,270.0583,274.7065,275.4928,331.9334
22.0000,344.1912,333.5996,334.8485,322.8413,312.1918,308.5041,306.5913,351.4018,337.9452,363.1429,349.2988,360.5959,340.9025,336.5779,284.9000,194.6975,306.9605,310.9986,0.0000,335.7566,309.9280,303.9314,306.6981,310.9919,310.0418,314.7182,315.4593,337.1741,367.2939,332.9426,336.2409,337.8376,372.8208,341.8978,339.9637,355.0177,341.3140,329.8134,341.8646,345.2625,366.6373,330.5733,350.1562,368.5639,374.6809,279.4426,277.2272,275.9675,274.4803,271.2758,265.1190,286.8002,282.5187,276.4020,285.7882,288.0284,319.2700,271.3823,272.3322,264.7789,274.2905,274.4655,271.3636,271.5498,276.9662,277.4522,277.7088,280.1237,276.2077,277.4088,282.6059,278.1059,269.0022,269.4793,282.3464,328.5072,321.6893,367.8270,362.2194,330.4654,327.7947,312.6379,341.4298,341.6523,341.8292,342.8519,342.2454,341.4248,342.3942,351.2556,335.7161,342.2328,334.3036,329.2942,328.5066,334.1724,337.7108,338.8995,0.0000,349.1785,354.2839,342.3762,312.2314,338.0129,294.7098,294.7288,279.7926,274.3725,273.9990,0.6589,337.5594,280.8535,362.1398,338.5067,306.6032,300.5129,328.1447,332.5206,334.7645,287.5701,275.9212,342.5263,342.2232,331.9779,276.9478,339.5338,362.7407,273.5929,272.5764,272.6474,326.9690,288.0828,293.8690,344.0760,336.9918,341.8863,342.3259,342.2219,342.6020,280.9754,301.7608,304.1937,311.1027,308.2222,275.8731,320.4459,301.5843,290.4806,277.9439,277.4865,363.2018,363.2019,357.9035,335.4386,346.4659,272.7921,290.3164,287.1477,330.7243,332.6521,272.3531,0.0000,0.0000,323.0731,265.3738,267.7928,333.0786,333.2049,363.3065,341.3126,335.8460,252.7780,235.0145,0.0000,235.2617,266.6515,337.0900,349.5127,381.6665,386.2598,373.1832,346.1795,166.7823,271.0223,270.5810,273.0762,245.2667,278.2416,307.0365,314.3432,314.7285,365.7675,379.4312,310.9959,278.0113,278.9403,279.0337,278.0425,274.2674,278.8988,279.2211,280.5780,279.0514,278.9531,272.7870,335.7161,328.5044,332.6601,0.0000,0.0000,340.9765,0.0000,312.2537,313.5930,333.0958,316.2990,0.0000,371.0643,336.2348,0.0000,294.6699,0.0000,0.0000,339.9330,260.8063,295.1433,0.0000,316.2707,253.8546,363.4656,364.6344,374.4429,272.2696,277.4633,271.9513,276.6215,277.4087,335.8473
23.0000,321.1261,331.8801,333.1417,320.9118,310.1995,305.2159,304.2066,348.3726,336.1635,360.1429,346.7558,357.1581,338.9845,332.8103,283.3719,193.6516,305.3348,309.3678,0.0000,334.0892,307.4609,301.7994,304.3743,308.8643,306.3821,310.9790,311.5542,333.0344,364.7605,331.2158,334.4682,336.0528,370.2538,322.7757,321.9582,352.3363,339.4655,322.8027,339.9050,322.1455,342.4964,327.2178,347.5358,344.3309,372.2152,278.2291,276.5798,275.3186,272.9901,270.7129,264.5803,285.7092,282.2745,275.7818,285.0071,286.9909,317.6211,270.7835,271.1300,264.5593,273.5544,273.7381,270.7429,270.9263,276.9662,276.7424,277.0476,279.4129,275.4940,276.7011,282.0438,277.3108,268.5348,268.7562,280.9958,326.7895,320.0222,365.3196,359.5625,325.2106,325.9633,311.0065,339.5826,339.8251,340.0223,341.0583,340.4577,339.6244,340.5856,348.0599,334.0059,340.3124,332.4503,327.5454,326.7888,330.4966,333.7655,334.7829,0.0000,346.6846,351.6659,340.4735,310.1199,321.7287,293.4232,293.4522,278.9082,273.6326,273.2587,0.6589,335.8732,280.2779,359.5137,336.8343,304.5976,298.3956,326.3808,321.7751,332.9417,286.5453,275.2094,340.6647,340.3803,330.2618,275.7233,336.5887,359.6708,272.8612,271.3714,271.4421,325.2609,286.5624,291.2735,340.4653,335.2296,338.9927,340.4771,340.4070,340.7940,279.7827,298.5679,300.9611,309.3784,306.5397,275.1586,318.5366,300.0236,288.9476,277.1760,276.7671,360.5846,360.5847,355.0196,333.6771,345.1422,271.2989,288.8743,285.6617,328.9126,330.8296,271.6594,0.0000,0.0000,321.1481,264.8314,267.2342,331.2525,331.3171,360.4878,339.8109,334.1390,252.3825,234.7666,0.0000,235.0071,267.0882,333.1085,330.0896,360.8449,384.9264,370.5974,342.6852,165.8796,270.4150,269.9803,272.3909,245.2155,277.8195,304.6281,311.2584,311.0129,345.7059,358.7227,307.3121,277.3749,278.2997,278.3946,277.3571,273.5373,278.2576,278.5115,279.8687,278.4128,278.3164,272.0968,334.0059,326.7866,330.8376,0.0000,0.0000,339.1514,0.0000,310.5523,311.9013,331.3072,314.6576,0.0000,368.5407,334.4622,0.0000,293.3770,0.0000,0.0000,337.3057,260.4255,293.5745,0.0000,312.1328,253.3251,360.8605,362.0579,371.9580,271.5805,276.8034,271.2586,275.9399,276.7169,334.0710
24.0000,321.1261,332.9148,334.1978,321.8060,311.1679,305.4412,304.4487,349.9591,337.6817,361.9807,348.3199,358.9207,339.9807,334.4975,281.2602,217.5767,305.0539,309.0677,0.0000,335.4545,307.4896,301.9247,304.4569,308.8322,306.6914,311.3072,311.8842,334.5283,366.6949,332.2427,335.8585,337.5330,372.3208,322.8119,322.1083,353.9614,341.3493,323.4269,342.0465,322.1107,341.7457,328.5148,349.0790,343.5155,374.3714,277.1880,276.2065,274.9451,270.2577,270.1853,264.0765,284.8331,282.0061,275.2913,284.3577,286.1446,317.6950,270.2523,270.1512,263.9371,273.1752,273.3674,270.2308,270.3805,276.9662,276.2532,276.5763,279.0277,275.1559,276.3852,281.5485,277.2153,267.9645,268.3838,279.8896,327.6996,320.2798,367.2669,361.3789,326.1059,327.2686,310.6896,341.4678,341.7160,341.8595,342.9392,342.2608,341.4052,342.4784,349.5252,335.2556,342.5653,333.7937,328.6078,327.6990,331.7575,334.9714,336.2953,0.0000,348.2460,353.3007,342.5090,310.0299,321.8419,293.2594,293.2995,278.5390,273.2708,272.8796,0.6589,337.1397,279.7991,361.3279,338.0952,304.8177,298.5342,327.5183,322.0390,334.3658,285.7090,274.8317,342.7506,342.3698,331.2333,274.6898,338.4628,361.4965,272.4532,270.3870,270.4574,325.9610,285.4009,291.5677,341.7976,336.6185,340.7971,342.4090,342.2968,342.6732,278.6891,298.7734,301.1773,309.6611,306.8198,274.7735,319.4389,299.8808,287.7763,276.8335,276.2833,361.9618,361.9619,356.4484,334.9792,346.4062,268.6722,286.6507,283.5191,330.0674,332.1547,271.1765,0.0000,0.0000,322.0579,264.3287,266.7365,332.5592,332.5506,362.3550,341.0920,335.3894,251.9781,234.4383,0.0000,234.6760,267.1353,334.6889,329.9979,360.1623,386.2185,372.6679,344.0576,186.3714,269.8922,269.4647,271.9615,245.1492,277.5051,304.8667,311.5572,311.3410,345.2957,358.0944,307.6224,277.1160,277.9133,278.0069,277.0194,273.1446,277.8714,278.1196,279.4845,278.0247,277.9341,271.7494,335.2556,327.6970,332.1632,0.0000,0.0000,340.9528,0.0000,310.8742,312.2966,332.5341,314.5528,0.0000,370.5676,335.8521,0.0000,293.2062,0.0000,0.0000,339.2808,259.8543,292.1705,0.0000,312.6193,252.8533,362.7055,363.9303,374.1005,271.0934,276.5229,270.7778,275.4519,276.2298,335.3604
25.0000,321.1260,329.8799,331.1495,319.0333,308.4501,303.5665,302.6060,344.4350,334.0922,355.9693,343.4420,352.8319,336.0380,330.4355,281.9600,192.6520,303.7475,307.6674,0.0000,331.8202,306.0293,301.7731,303.6365,307.2593,304.6234,308.7128,309.2250,330.5725,360.1995,329.2145,332.4263,334.0433,364.3784,321.9101,321.2131,348.6801,337.3203,320.7587,337.7361,322.0546,340.5431,323.9855,344.1583,342.2094,366.4644,277.1498,278.0539,276.8455,271.7167,271.1156,265.0629,284.6919,282.2273,276.2051,284.5582,285.9680,315.7744,271.4839,270.2062,264.6508,275.0405,275.2455,271.5747,271.7776,276.9662,277.2706,277.5342,280.8387,276.7703,277.8760,282.3907,278.3576,268.7208,275.0862,280.1692,324.8166,318.1142,360.7821,355.4157,322.8193,323.9470,309.2864,337.4357,337.6747,337.9022,338.9420,338.3145,337.4935,338.4533,344.2088,331.8726,338.1519,330.3201,325.5641,324.8160,327.2484,330.3908,332.2873,0.0000,343.4084,348.0565,338.2810,308.4638,320.6066,292.6533,292.7146,279.1082,274.6763,274.5366,0.6589,333.7169,280.6695,355.3570,334.6469,303.1986,299.8407,324.3140,320.1325,330.8738,285.5164,276.6744,338.5039,338.2092,328.2293,274.7416,334.2256,355.4725,273.4536,270.4460,270.5165,323.2949,285.2421,289.6013,336.8809,333.1758,336.3130,338.3176,338.2629,338.6511,278.5544,296.8900,299.3083,307.7484,304.9245,276.6177,316.6676,298.6530,287.6163,277.8559,277.2988,355.7481,355.7482,350.6497,331.6450,342.6012,270.2135,287.2441,284.1763,326.8732,328.7837,272.2191,0.0000,0.0000,319.2639,265.3248,267.7567,329.1644,329.1147,356.3772,337.5208,332.0021,252.6155,235.0807,0.0000,235.3164,266.3994,330.6813,328.8729,357.9547,378.8388,364.8483,339.0268,164.9874,271.1710,270.7069,273.5479,245.4301,278.1300,303.1219,309.3356,308.7569,343.6859,355.9734,305.5093,278.9980,279.7708,279.8631,278.8565,274.9696,279.7290,279.9318,281.2948,279.8812,279.8022,273.6657,331.8727,324.8138,328.7917,0.0000,0.0000,337.0195,0.0000,308.9121,310.2407,329.2248,312.8449,0.0000,363.5807,332.4202,0.0000,292.5873,0.0000,0.0000,335.0601,260.5783,292.0515,0.0000,310.1857,253.8204,356.6012,357.7054,366.2074,272.1363,278.3956,271.8188,276.4702,277.2402,331.7971
26.0000,321.1260,329.8284,331.1098,318.9704,308.4082,303.5742,302.6063,343.9772,334.0789,355.4591,343.1345,352.3461,335.6091,330.3416,281.7922,192.5713,303.5332,307.4646,0.0000,331.8618,306.0329,301.9215,303.7320,307.2192,304.6244,308.7140,309.2125,330.4623,359.8673,329.1579,332.4263,334.0297,364.0406,321.8369,321.1822,348.2562,337.2314,320.7184,337.6274,322.0761,341.0033,323.6813,343.8570,342.7092,366.0946,276.7630,278.0942,276.8813,271.5996,270.9207,264.8167,283.9700,282.2581,276.1753,284.0370,285.1904,315.5857,271.2663,269.8498,264.5148,275.0523,275.2631,271.4226,271.6339,276.9662,277.2222,277.4914,280.9324,276.8065,277.9258,282.3208,278.6219,268.7071,275.0988,279.9893,324.7114,318.0351,360.4607,355.0412,322.7184,323.8715,309.0430,337.3462,337.5880,337.8189,338.8517,338.2854,337.4532,338.3634,343.8224,331.7860,338.0427,330.2141,325.4603,324.7107,326.9721,330.1207,332.1489,0.0000,343.0978,347.6750,338.1237,308.4233,320.5277,292.4125,292.4927,279.0107,274.6686,274.5454,0.6589,333.6294,280.5855,354.9888,334.5598,303.2541,300.0395,324.4393,320.0404,330.7997,284.7140,276.7034,338.4135,338.1086,328.1452,274.3976,334.1701,354.9661,273.4091,270.0939,270.1642,323.1819,285.1188,289.6025,336.5389,333.1827,336.4357,338.2134,338.2128,338.6104,278.1496,296.9148,299.3233,307.6434,304.8203,276.6434,316.6048,298.5215,287.4918,277.8146,277.2493,355.2678,355.2679,350.2095,331.6311,342.5698,270.3321,286.8052,283.9134,326.7748,328.7071,272.1762,0.0000,0.0000,319.2005,265.0884,267.5638,329.0725,328.9640,355.9334,337.4735,331.9164,252.1145,234.1429,0.0000,234.4026,262.3726,330.5772,328.7496,357.6348,377.8998,364.5118,338.6671,164.9202,270.9869,270.5306,273.4807,243.3144,278.1023,303.1355,309.3685,308.7602,343.4924,355.6607,305.5027,279.0034,279.8123,279.9062,278.8691,274.9936,279.7703,280.0061,281.3919,279.9242,279.8095,273.7778,331.7860,324.7085,328.7151,0.0000,0.0000,336.9396,0.0000,308.8015,310.1294,329.1225,312.6350,0.0000,363.2396,332.4200,0.0000,292.3347,0.0000,0.0000,334.9567,260.5281,291.8701,0.0000,310.1564,253.6375,356.2413,357.3571,365.8429,272.0939,278.4012,271.7746,276.4247,277.1998,331.7433
27.0000,300.4659,299.0208,300.1593,289.3460,279.8717,276.2000,274.9593,311.9284,302.9487,322.0903,311.1517,319.3943,304.4387,300.0133,255.5498,174.6388,275.2072,278.7727,0.0000,300.8198,277.8814,273.8981,275.6162,278.8097,277.3670,281.1762,281.7098,300.3744,325.9479,298.4266,301.4721,302.9097,329.3864,299.4033,298.3366,315.7042,305.7638,293.1578,306.1367,301.3780,319.5642,293.9888,311.8589,321.2034,331.1974,251.1440,252.1991,251.0660,246.3297,246.0098,240.3772,257.6700,257.3364,250.9250,257.9715,258.7716,286.1870,246.2463,244.8503,240.4739,249.6599,249.8317,246.3840,246.5698,253.2548,251.7201,252.0616,254.8229,251.2888,252.3562,256.4708,253.0088,244.3855,249.7033,254.0504,294.3931,288.2918,326.4944,321.6946,294.1058,293.7117,280.1783,305.8668,306.0837,306.2890,307.2155,306.6861,305.9638,306.7782,311.9784,300.7496,306.5022,299.4071,295.0859,294.3925,297.1340,300.0907,301.9108,0.0000,311.0847,315.1742,306.5573,279.8969,297.0223,265.0567,265.1566,253.1615,249.3279,249.2112,0.6589,302.3942,254.8377,321.6463,303.2423,275.3417,272.4446,294.2438,294.2393,299.9809,258.3642,251.0592,306.8218,306.5198,297.5131,248.9902,303.2624,321.6636,248.1801,245.0730,245.1368,292.9999,258.5715,263.6892,305.6647,302.1400,305.2922,306.6466,306.6524,307.0435,252.4268,270.1330,272.3294,279.0064,276.4464,251.0018,287.1973,270.7107,260.7237,252.1940,251.7351,322.1749,322.1750,317.6506,300.7311,310.2912,245.2542,259.9384,257.4085,296.3020,298.0971,247.0499,0.0000,0.0000,289.5519,240.6282,242.9132,298.4535,298.4068,322.4973,305.7659,300.8653,228.6714,212.0265,0.0000,212.2799,235.9141,300.3672,305.8404,332.6409,342.1608,329.7756,307.5113,149.5667,245.9917,245.5827,248.2371,219.5204,253.1703,275.4469,281.4329,281.2083,319.5470,330.8087,278.1963,252.9370,253.7578,253.8455,252.9706,249.5019,253.7209,253.9374,255.2382,253.8605,253.6737,248.6081,300.7496,294.3905,298.1044,0.0000,0.0000,305.5005,0.0000,280.0403,281.2387,298.3954,283.4987,0.0000,328.8622,301.4663,0.0000,264.9694,0.0000,0.0000,303.8933,236.9171,264.6670,0.0000,282.4837,230.2699,322.7511,323.7333,330.9713,246.9752,252.3985,246.6853,250.9052,251.6638,300.8259
28.0000,321.1260,326.1736,327.4120,315.2957,304.8744,300.5316,299.4159,339.7379,330.4360,350.7859,339.0671,347.9266,332.2546,327.7829,279.0991,190.5013,302.3288,305.3276,0.0000,327.8920,302.7461,298.5808,300.3976,303.8615,301.6465,305.7804,306.3022,327.7130,354.8154,325.5291,328.8168,330.3810,358.5336,321.2311,320.3974,343.9849,333.5341,318.1536,333.9655,322.1192,341.9306,320.2273,339.7909,343.7163,360.4830,274.1235,275.6647,274.4802,268.7422,268.5806,262.4420,281.3529,281.0659,273.9567,281.6637,282.5603,312.9854,268.9563,267.2509,262.7590,272.5597,272.7922,269.0552,269.2647,276.4719,274.7354,275.1219,278.3219,274.3108,275.4141,279.9974,276.3509,267.1202,272.6076,277.2509,321.1805,315.1502,355.3722,350.3267,319.8715,320.3449,306.8748,333.6470,333.8763,334.0962,335.1100,334.5348,333.7421,334.6341,339.8053,328.0717,334.3466,326.5813,321.9002,321.1798,323.6322,326.7292,329.3870,0.0000,339.0210,343.4040,334.4417,305.0763,319.4427,288.9443,289.0811,276.1681,272.1515,272.0447,0.6589,329.8684,278.2091,350.2714,330.7919,299.9911,296.8387,320.6687,318.0030,327.1603,282.1044,274.1903,334.6923,334.3702,324.5606,271.7665,331.1036,350.3337,270.8087,267.4931,267.5628,319.8915,282.0444,286.5330,332.8546,329.5414,333.3155,334.5089,334.4977,334.9200,275.5247,293.9518,296.3290,304.2472,301.4301,274.1175,312.5441,295.2477,284.3919,275.2513,274.7466,351.0173,351.0174,346.0339,328.0169,338.5553,267.5402,283.9452,281.1443,323.1894,325.0918,269.5842,0.0000,0.0000,315.5193,262.7176,265.2286,325.4857,325.4684,351.1970,333.5720,328.1986,249.7878,231.6374,0.0000,231.9126,258.2507,327.9120,328.3472,358.0083,373.0041,358.9581,334.8859,163.1424,268.6519,268.1820,271.0490,239.9654,276.3473,299.9469,306.2608,305.8218,343.5451,355.9734,302.5436,276.4612,277.3517,277.4382,276.3386,272.4791,277.3098,277.3499,278.7755,277.4575,277.3442,271.7413,328.0717,321.1775,325.0997,0.0000,0.0000,333.2367,0.0000,305.3984,306.7256,325.4951,310.2510,0.0000,357.9769,328.8105,0.0000,288.8320,0.0000,0.0000,331.7018,258.9312,289.3890,0.0000,307.2171,251.4239,351.4391,352.4747,360.2405,269.5043,275.8761,269.1873,273.8173,274.6782,328.0363
29.0000,321.1260,329.7349,330.9818,318.9208,308.3532,303.4657,302.4928,342.8521,334.0560,354.0115,342.3401,350.9234,336.3405,330.0721,282.1205,192.5554,305.5376,308.5955,0.0000,331.6891,305.9550,301.8488,303.6530,307.1532,304.4955,308.6101,309.0935,330.1315,358.0464,329.0814,332.4263,334.0507,361.8078,321.7698,321.1212,347.2720,337.1808,320.4901,337.5265,322.1400,342.3790,323.1517,343.0326,344.2034,363.7664,277.3061,278.3964,277.2143,271.6450,271.3032,265.2755,284.6384,282.3136,276.4899,284.5687,285.8308,316.3438,271.7783,270.3260,265.3395,275.3052,275.5462,271.8356,272.0418,276.9662,277.3517,277.6440,281.0307,277.0246,278.1042,282.4806,278.9226,269.6986,275.3523,280.3753,324.6519,318.5379,358.5888,353.5817,322.4057,323.8238,310.1611,337.2974,337.5442,337.7823,338.8259,338.1582,337.3841,338.3303,342.8876,331.6506,337.9292,330.0920,325.3718,324.6512,326.5030,329.5529,331.8018,0.0000,342.3248,346.6921,338.0894,308.3603,320.4135,291.7770,291.9335,278.9494,274.8868,274.7868,0.6589,333.4867,280.7786,353.5263,334.4181,303.1785,299.9847,324.4073,319.8341,330.7472,285.3726,276.9268,338.3257,338.0078,328.0984,274.8934,333.9792,353.5228,273.5651,270.5697,270.6401,323.3270,285.0455,289.4798,335.8015,333.1760,336.2623,338.1845,338.1466,338.6029,278.7505,296.8404,299.2294,307.5090,304.6872,276.8499,316.5560,298.3578,287.4180,277.9591,277.3699,354.4304,354.4305,349.3012,331.6125,342.4538,270.6906,286.9069,284.1732,326.6773,328.6587,272.3510,0.0000,0.0000,319.1513,265.5355,267.9618,329.0584,329.0801,354.4726,337.2875,331.7821,252.8590,234.8793,0.0000,235.1374,264.2629,330.2720,328.8470,358.3650,377.0058,362.2401,337.8729,164.9009,271.4451,270.9616,273.8094,244.3638,278.2250,303.0253,309.2234,308.6555,343.9479,356.3507,305.3559,279.2449,280.0999,280.1863,279.0654,275.2037,280.0579,280.0626,281.4854,280.2055,280.0951,274.5566,331.6506,324.6487,328.6668,0.0000,0.0000,336.8944,0.0000,308.6631,310.0022,329.0145,313.5738,0.0000,361.2349,332.4198,0.0000,291.6525,0.0000,0.0000,334.7929,261.4504,292.5073,0.0000,309.9730,254.0148,354.6880,355.7180,363.5236,272.2732,278.6553,271.9569,276.5537,277.3307,331.8340
30.0000,321.1261,332.6705,333.9390,321.7668,311.1000,306.2030,305.2610,346.6593,336.9097,357.8616,345.7883,354.6906,339.4360,333.0897,284.7075,194.2930,308.3988,311.4821,0.0000,334.6356,308.7837,304.9241,306.6499,309.9413,307.2216,311.3997,311.8838,333.1600,361.9831,332.0051,335.2257,336.8576,365.8374,322.3965,321.9173,350.8738,340.1801,323.0025,340.5586,322.1518,342.6340,326.4932,346.4821,344.4802,367.8380,279.8203,280.9410,279.7471,274.0671,273.8589,267.9331,287.2073,283.5630,278.8734,286.9767,288.3927,319.2999,274.3754,272.7319,268.4980,277.6625,277.9092,274.3819,274.5930,276.9662,279.5920,279.8077,283.5247,279.4237,280.5195,284.8235,281.3317,272.9294,277.7083,282.8158,327.5765,321.4974,362.5514,357.3701,325.2391,326.6710,313.0847,340.2981,340.5460,340.7710,341.8230,341.1293,340.3477,341.3309,346.5963,334.6506,340.9665,333.0707,328.2935,327.5758,329.8758,332.8759,334.8906,0.0000,345.7651,350.2715,341.1506,311.1577,321.4817,294.2812,294.4425,281.3455,277.2217,277.1323,0.6589,336.5152,283.1893,357.3167,337.4663,305.9476,303.0378,327.3542,321.8003,333.6741,287.9082,279.3703,341.3418,341.0199,331.0401,277.3545,337.0042,357.3601,275.9144,272.9779,273.0490,326.2774,287.5712,292.0959,339.3019,335.9978,339.2893,341.2013,341.1351,341.6021,281.3295,299.5041,301.9229,310.2433,307.3704,279.2985,319.3798,300.9909,289.9647,280.2733,279.6176,358.5787,358.5788,353.2485,334.4423,345.5050,272.8006,289.8569,286.8865,329.6058,331.5615,274.7065,0.0000,0.0000,321.9983,268.1760,270.5106,331.9774,332.0149,358.2529,340.3310,334.7838,255.9440,238.2138,0.0000,238.4508,271.2428,333.2976,329.5491,359.5508,381.9355,366.2777,341.4332,166.3843,274.0124,273.5219,276.2719,249.1410,279.6805,305.8063,312.0681,311.4470,344.8504,357.4982,308.1589,281.6470,282.6680,282.7580,281.6002,277.6578,282.6245,282.5544,283.9872,282.7782,282.6558,277.0258,334.6506,327.5733,331.5696,0.0000,0.0000,339.8803,0.0000,311.4087,312.7564,331.9826,316.5254,0.0000,365.2432,335.2197,0.0000,294.1533,0.0000,0.0000,337.8202,264.5715,295.2113,0.0000,312.7319,256.4310,358.5157,359.5787,367.5898,274.6311,281.0282,274.3107,278.8519,279.5900,334.7634
31.0000,321.1261,332.4807,333.7309,321.6608,311.0225,306.1074,305.2001,346.8637,336.7505,358.1199,345.9202,354.9280,339.2437,332.9558,284.8468,194.3301,308.6492,311.7543,0.0000,334.4606,308.7096,304.8452,306.5788,309.8745,307.1139,311.2283,311.6967,333.0117,362.5008,331.8256,335.0711,336.7121,366.5072,322.3400,321.8653,351.0772,340.0178,322.9035,340.4325,322.1419,342.4204,326.6095,346.6150,344.2483,368.4993,280.0765,281.5787,280.3979,274.1764,274.1732,268.2220,287.6160,283.7481,278.7462,287.3539,288.7882,319.4201,274.7457,272.9932,257.4011,278.1934,278.4610,274.7606,274.9697,276.9662,279.9527,280.0619,284.0307,279.9718,281.0613,285.1413,282.0013,271.2996,278.2374,283.0281,327.4667,321.5373,363.0971,357.7228,325.1611,326.5398,313.5787,340.1345,340.3775,340.5990,341.6446,340.9548,340.1793,341.1568,346.7452,334.5043,340.8520,332.9660,328.1937,327.4660,329.9288,332.9222,334.7158,0.0000,345.8904,350.4723,341.0075,311.0812,321.4058,294.4753,294.6438,281.8417,277.7447,277.6574,0.6589,336.3433,283.4886,357.6817,337.2738,305.9488,302.9122,327.2060,321.6828,333.5319,288.2870,279.9433,341.2184,340.9223,330.8809,277.6016,336.8596,357.6149,276.5274,273.2368,273.3079,326.1891,287.6516,291.9934,339.3894,335.8400,339.0862,341.0323,340.9747,341.4290,281.5632,299.4259,301.8352,310.2246,307.3520,279.8642,319.2737,301.0523,290.0459,280.7080,279.9824,358.7525,358.7526,353.4310,334.2817,345.2699,273.4391,289.6843,286.9559,329.5049,331.4282,275.3934,0.0000,0.0000,321.8913,268.4687,270.8176,331.8315,331.8685,358.5647,340.1333,334.6359,256.2249,238.7108,0.0000,238.9358,273.0250,333.1568,329.3976,359.0100,382.4302,366.9702,341.5367,166.3999,274.3850,273.8799,276.7262,250.1543,279.8475,305.7436,311.9338,311.2771,344.4533,356.9849,308.0392,282.2477,283.3001,283.3891,282.1958,278.2593,283.2562,283.0781,284.4919,283.4095,283.2855,277.8788,334.5043,327.4636,331.4363,0.0000,0.0000,339.7138,0.0000,311.3940,312.7425,331.8667,316.7045,0.0000,365.8126,335.0650,0.0000,294.3430,0.0000,0.0000,337.6914,260.1091,295.4024,0.0000,312.6329,256.7220,358.9187,360.0195,368.2562,275.3276,281.6411,275.0047,279.4195,280.0182,334.6009
32.0000,367.2168,381.6557,383.0804,369.2761,357.1151,351.1348,350.1458,396.5637,386.5273,408.9459,395.8342,405.5286,389.3825,381.7064,327.5217,223.2701,354.6895,358.1993,0.0000,383.8304,354.3157,349.7652,351.7880,355.7616,352.2135,357.0100,357.5644,381.6573,412.6112,380.9111,384.6109,386.4977,415.3703,368.7785,368.3052,401.4238,390.2520,369.9698,390.7124,368.3666,391.3132,373.8667,396.6217,393.3815,417.7126,323.0712,326.1921,324.8356,315.1620,317.2299,310.3412,332.0412,328.3354,322.9602,332.3023,333.4882,366.9408,317.9729,314.8648,299.8738,322.1735,322.5025,318.0236,318.2680,320.5076,323.9927,324.1702,328.8042,324.2653,325.5317,329.9370,326.8411,315.5597,322.2229,326.2847,375.9898,369.3245,413.2465,408.0417,372.5473,374.8773,360.2679,390.3853,390.6797,390.9318,392.1322,391.3136,390.4401,391.5730,396.6052,383.9395,391.2122,382.1456,376.8182,375.9890,377.6845,381.1028,383.6233,0.0000,395.8171,400.6947,391.3573,357.1393,367.8904,339.4689,339.6746,325.9441,321.6189,321.5493,0.6589,386.0203,328.0505,407.9516,387.0800,350.9686,347.5052,375.5996,368.5701,382.8752,332.9453,324.2386,391.6215,391.2551,379.8428,320.1767,386.3136,408.4053,320.2358,315.1431,315.2251,374.6020,330.7179,334.8448,388.3660,385.4809,388.6206,391.4162,391.3515,391.8885,324.8173,343.4912,346.2428,356.4171,353.1464,324.1404,366.5352,346.1729,333.4707,324.8651,324.0141,410.2257,410.2258,404.1866,383.7109,396.1837,313.5893,333.6036,330.0868,378.2524,380.4746,319.0566,0.0000,0.0000,369.5403,310.6327,313.3827,380.9454,380.9937,409.1520,390.3489,384.0900,296.2985,275.9007,0.0000,276.1684,314.9281,381.8676,376.8911,410.8686,436.9056,416.0759,390.7741,191.1246,317.5678,316.9784,320.3841,288.7263,323.8948,350.7647,357.8476,357.0669,394.1681,408.5461,353.2508,326.9112,328.1743,328.2739,326.9071,322.3797,328.1231,327.6663,329.3387,328.2974,328.1583,322.2058,383.9395,375.9863,380.4837,0.0000,0.0000,389.9114,0.0000,357.7736,359.3204,380.9386,363.8358,0.0000,415.8203,384.6039,0.0000,339.3092,0.0000,0.0000,387.4087,302.9574,339.5591,0.0000,358.4347,297.0717,409.1530,410.2017,417.4524,318.9925,326.2092,318.6530,323.5615,324.1243,384.0489
33.0000,430.0405,461.5047,462.8889,436.6777,423.2729,414.2156,413.1770,451.7468,459.0473,459.7339,456.4256,459.3488,459.8924,447.2757,426.7861,266.8226,646.3856,563.9975,255.4959,457.3058,419.1569,414.3032,416.5249,421.1293,414.8455,420.2232,420.8093,446.3532,467.8752,460.6641,457.7330,459.3175,466.5275,431.7034,431.3296,460.5680,460.3639,433.2189,459.7657,431.3837,458.1861,431.8364,457.5401,460.6020,469.4356,345.5141,336.4878,334.9846,377.1695,329.8459,322.2615,354.4307,341.6047,336.1044,350.7203,355.7168,532.4981,329.8729,336.8645,318.9813,331.9940,332.3520,329.6009,330.0494,332.9494,336.0448,336.4419,339.0910,334.4008,335.9311,343.9006,337.1695,332.0076,332.0447,350.6207,460.8613,516.6166,468.6206,463.7300,435.2440,442.9259,567.2913,460.5216,460.9031,461.4678,462.8021,462.6429,461.7214,462.0352,454.9175,449.1216,460.0646,445.8522,441.1020,460.8598,436.3982,440.9065,448.7017,0.0000,456.1590,459.7550,460.8903,424.5493,431.1265,301.0270,338.5874,332.2561,330.3113,331.0998,0.6589,451.5518,341.0839,464.1107,452.7983,414.3862,411.3466,445.8482,432.8583,452.3055,354.9199,334.4203,461.5074,461.6240,461.7381,342.9155,453.4824,458.1579,328.5015,337.2281,337.3159,481.2996,376.1715,394.3885,447.5325,458.7621,455.9686,461.5440,462.2614,463.0298,347.4044,405.1905,408.4412,408.3618,404.6146,334.3193,433.4279,381.4104,379.3024,332.8323,335.8462,470.5448,470.5450,463.6371,458.4379,466.0553,380.3575,428.5950,428.2771,440.4490,449.5383,328.8002,0.0000,253.0405,436.9815,322.5590,325.3170,450.0805,450.0894,462.6824,458.0823,449.3098,307.4756,286.3005,255.4120,286.5786,326.2801,446.9746,441.1300,480.7980,501.0710,467.8056,449.7088,228.2236,329.4038,328.6979,331.0990,299.4629,336.2653,413.9341,421.7948,420.3093,461.2719,478.0895,416.0154,337.0171,338.5838,338.6897,337.2359,332.8363,338.5282,337.9348,339.6478,338.7136,338.5284,332.6811,449.1216,460.8249,449.5520,0.0000,-0.0333,460.3006,0.0333,408.2792,406.9477,445.1459,547.3214,241.1496,470.1357,457.7274,253.2197,300.8799,253.2639,0.0000,455.1750,322.3055,480.5145,0.0000,421.1041,308.3848,465.0508,465.9470,469.1766,328.7547,336.2759,328.5119,334.4340,335.8714,456.0091
34.0000,372.2826,397.8846,399.0948,378.3238,366.7042,358.8306,357.9698,394.5288,397.2463,403.1210,398.0381,402.2213,398.1185,387.5116,362.4527,230.7798,515.4883,461.5328,246.6263,395.1835,363.0429,358.6478,360.6505,364.7693,359.4394,364.1541,364.6583,386.5964,411.5328,397.1679,395.9447,397.3779,413.7398,373.8133,373.5150,402.2865,398.9312,375.5174,398.6235,373.4154,396.0031,375.8942,398.9212,398.0391,416.1448,306.7476,303.0995,301.6136,326.1825,296.3119,289.5096,314.9573,307.0960,303.5164,313.1831,316.2089,442.3844,296.4384,299.0690,295.8634,298.8120,299.1404,296.2618,296.6137,299.4811,302.3664,302.8836,305.4079,301.4821,303.1115,308.8591,303.5482,303.5273,293.5666,310.9646,396.3552,432.2917,412.1689,406.6694,377.4332,383.7963,464.1453,399.0662,399.3943,399.8429,401.0112,400.6957,399.8969,400.3633,396.6482,389.7643,398.9663,387.2292,382.8063,396.3541,379.6019,383.2627,387.8113,0.0000,397.8443,401.6194,399.5039,367.4073,373.3354,278.9366,305.3830,299.8132,297.8386,298.2613,0.6589,391.8138,306.5627,407.0163,392.8520,359.0206,356.0179,385.9158,374.8693,391.9187,315.5467,301.3638,400.0379,400.1030,397.6985,304.3618,392.9574,401.8597,296.6985,299.3786,299.4565,409.7790,328.7413,341.7144,389.5817,396.8236,394.8611,399.9651,400.4668,401.1057,308.3980,351.0036,353.8249,356.2106,352.9422,301.2834,375.5096,335.5964,331.4774,300.1479,302.1985,409.7463,409.7464,403.9773,396.2370,403.8663,328.3327,364.6821,363.9483,382.6939,389.5259,297.0054,0.0000,245.0566,378.5882,289.7865,292.3416,390.0221,390.0062,405.6611,397.2274,389.9215,276.0398,257.0801,246.6465,257.3273,292.3847,387.1937,381.7633,414.7517,436.1561,414.5277,391.6607,197.4098,296.0257,295.4230,297.8018,268.8878,302.6332,358.6171,365.4826,364.2274,398.6037,412.5316,360.5197,303.4923,305.0557,305.1524,303.8629,300.5344,305.0033,304.4272,305.9107,305.1736,304.9933,299.9842,389.7644,396.3299,389.5371,0.0000,-0.0234,398.8221,0.0234,356.4383,355.7990,386.4439,451.5470,169.7248,414.5536,395.9395,244.4874,278.7970,244.4763,0.0000,394.5397,299.0320,401.3382,0.0000,364.9583,277.1257,408.1485,409.2298,415.8877,296.9850,302.7881,296.8647,301.5278,302.4046,394.4783
35.0000,2330.4143,2507.2425,2514.7640,2383.5120,2311.0287,2257.3285,2252.8050,2458.0813,2501.9115,2503.3331,2490.1584,2503.4244,2503.7827,2435.7265,2295.4703,1456.5269,3296.0891,2935.2712,1563.8002,2486.8856,2286.8420,2258.6956,2271.4309,2299.0025,2260.1493,2290.2216,2293.2864,2428.3736,2548.8659,2502.8379,2493.9545,2503.2276,2540.6770,2339.4737,2339.2787,2511.5810,2511.9435,2356.4045,2509.9336,2337.2066,2472.4758,2351.7669,2495.7338,2484.6671,2555.8368,1944.0433,1935.9608,1926.7699,2062.2198,1889.6308,1846.8374,1996.1390,1956.6107,1937.4279,1989.8098,2004.1823,2804.6478,1891.2631,1895.5138,1909.4494,1907.0255,1909.2218,1890.2039,1892.5147,1909.2856,1927.4439,1930.9869,1950.4348,1924.1165,1934.3417,1968.3779,1941.7165,1947.0295,1873.5463,1971.0956,2499.2651,2737.9657,2552.8625,2526.8635,2367.9987,2417.4707,2951.5900,2512.7822,2514.9512,2517.7986,2525.1392,2523.1135,2518.1165,2521.0520,2475.0774,2454.1798,2512.2900,2438.0646,2412.5086,2499.2578,2375.1751,2398.0622,2436.1478,0.0000,2489.0728,2507.3885,2515.2143,2315.7095,2338.7889,1768.9881,1936.9986,1909.5735,1900.3469,1903.3971,0.6589,2466.6176,1954.1301,2529.1657,2472.9442,2259.5634,2241.2796,2430.6823,2353.0414,2468.4747,1999.9421,1924.9986,2518.9218,2519.1354,2506.6030,1929.0558,2471.6923,2495.0989,1893.1889,1897.4807,1897.9748,2587.9000,2077.6365,2148.6950,2434.5608,2499.3359,2482.8462,2518.4606,2521.6156,2525.5161,1954.4124,2207.7043,2225.6783,2247.1306,2226.5107,1924.6104,2365.7609,2120.4578,2094.9284,1913.4497,1926.2896,2550.7368,2550.7375,2517.4173,2496.0798,2539.9675,2078.5154,2308.2020,2304.6447,2410.5421,2453.5608,1896.1949,0.0000,1548.6889,2385.1569,1848.5684,1864.6198,2456.4818,2456.0590,2519.5636,2499.7720,2455.1408,1761.7844,1640.4558,1563.2116,1642.0497,1866.4968,2432.7706,2384.3355,2569.7975,2709.4944,2547.6085,2446.5217,1244.8270,1888.6245,1884.7076,1900.3206,1715.6792,1929.4467,2256.8464,2299.2818,2290.7007,2480.6295,2557.8708,2266.9205,1937.1752,1948.1931,1948.8138,1940.3582,1922.6733,1947.8527,1944.3779,1953.6423,1948.9483,1947.5857,1916.8304,2454.1799,2499.1028,2453.6309,0.0000,-0.1485,2511.3404,0.1484,2248.7311,2244.6674,2433.8944,2866.2822,1077.3666,2560.3243,2493.9225,1550.1029,1768.1099,1550.2032,-0.0001,2482.6421,1930.7500,2546.3396,0.0000,2293.2605,1767.5694,2534.0633,2538.7931,2554.5298,1896.1269,1932.6733,1895.8655,1923.5846,1928.1503,2483.3835
36.0000,372.8281,400.7393,401.9571,380.8517,369.1898,361.1908,360.3877,395.2101,399.7450,403.1490,399.2262,402.7847,399.4831,389.8970,367.6733,233.5561,526.8955,468.9619,251.5674,398.1404,365.7463,360.4420,362.9183,367.7541,361.7191,366.8389,367.3810,388.8542,412.4497,400.0309,398.4499,399.9153,414.7398,374.4291,374.3588,403.3979,401.3348,377.4157,401.3097,373.8797,394.8042,377.3286,399.8159,396.6898,417.1567,313.4397,313.9137,312.5736,330.5906,306.7681,300.0099,322.4362,316.7296,313.5886,322.3504,323.8374,448.2325,307.0874,305.5450,311.0807,308.6719,309.0887,306.7283,307.1448,308.7352,311.7290,312.3597,316.0949,311.2765,312.7480,319.0850,314.9752,315.8138,303.2537,317.3964,399.6893,437.6310,413.0775,407.4935,379.3423,386.0012,470.8455,401.4679,401.7966,402.1729,403.3476,403.1984,402.3825,402.7335,397.6607,392.5103,401.7313,389.8390,385.8067,399.6882,381.2770,384.6441,390.1320,0.0000,399.1613,402.7411,402.0962,370.4839,374.5366,284.6983,311.6419,308.3755,307.4759,308.0259,0.6589,394.4775,316.8094,407.9049,395.4723,361.2641,356.6394,388.8228,377.2614,393.8588,323.1233,311.8799,402.7063,402.7817,400.6839,310.9529,395.4724,401.8597,306.2421,305.8575,305.9372,413.7891,333.0390,343.9108,390.7706,399.3181,397.3545,402.4073,403.0094,403.6244,315.1960,353.2895,356.1431,359.7204,356.3895,311.8271,378.0061,339.8924,335.8106,309.4169,311.5196,410.4319,410.4320,404.8252,398.8284,406.4905,333.4927,369.9491,369.3190,385.3875,391.7797,306.8264,0.0000,249.8015,381.1053,300.2573,302.6989,392.2364,392.0265,406.1117,400.0170,392.6649,286.8786,267.3687,251.5525,267.6154,307.8079,389.5030,381.3952,409.5687,436.8018,415.5345,392.7928,199.6172,306.5664,305.9135,307.9728,280.7131,312.1331,360.9730,368.1258,366.9118,396.3243,407.8701,362.7514,313.9558,315.8183,315.9202,314.5467,311.7385,315.7612,315.0965,316.6271,315.9429,315.7065,310.6753,392.5104,399.6640,391.7896,0.0000,-0.0238,401.1560,0.0238,360.0026,359.3352,389.1949,458.0039,172.9917,415.4902,398.4447,249.3379,284.5625,249.3850,0.0000,397.1142,314.1159,407.4313,0.0000,367.1274,286.9439,409.0386,410.1427,416.8989,306.8240,313.1699,306.8130,311.2272,311.8866,396.9801
37.0000,373.5813,398.5511,399.7298,378.9453,367.4338,359.6161,358.7279,394.8515,397.5788,403.0115,397.5745,402.0299,397.4401,387.8806,366.4266,232.6330,524.8714,467.0776,251.1145,396.1981,363.9934,358.6266,361.0392,365.9910,360.1857,365.3091,365.8533,386.9083,410.6350,397.8658,396.3139,397.6760,412.9042,375.1162,374.7063,401.9539,399.1054,376.0979,399.1816,374.7325,397.6954,375.6057,398.1337,399.7652,415.3827,311.5395,313.8960,312.4559,329.2626,307.4406,300.8944,318.6438,316.8948,313.7268,321.4969,320.8982,446.2179,308.1546,303.7436,312.9801,308.6411,309.0580,307.5340,308.0438,308.8292,311.6062,312.3095,316.0995,311.5610,313.2584,319.1775,315.4442,316.7421,303.2239,316.0004,397.6894,435.7776,411.2321,406.1148,377.7225,384.0189,468.9799,399.2327,399.5407,399.9148,401.0559,400.9891,400.1551,400.4555,396.7978,390.4940,399.6363,387.8505,383.8813,397.6884,379.4216,382.7104,388.0496,0.0000,397.5163,401.2280,399.8735,368.6797,375.0743,284.1758,311.0107,308.1059,307.3927,307.9778,0.6589,392.3733,316.9652,406.4068,393.3187,359.6558,355.3997,386.9782,377.4995,391.7872,320.5217,311.9139,400.5537,400.6595,398.5565,309.1884,393.3910,401.8597,306.1229,304.0682,304.1474,411.8349,331.7383,342.4246,389.3236,397.2281,395.2074,400.1382,400.7784,401.3146,313.4399,351.7259,354.5805,358.1370,354.8509,311.8477,376.1119,338.5919,334.4993,309.2655,311.3906,411.3762,411.3763,404.9817,396.6854,404.5919,331.0935,370.5987,368.8361,383.4442,389.7525,306.7389,0.0000,248.9837,379.1955,301.1135,303.4303,390.2056,390.0072,405.2459,398.0368,390.6492,288.1308,268.8610,251.0643,269.0918,312.8499,387.5250,382.7932,413.6308,440.9499,413.6863,391.5121,198.7780,307.4950,306.7681,308.3489,283.4367,312.2141,359.3384,366.4708,365.3763,399.0601,411.7783,361.1519,314.0248,315.8161,315.9157,314.5233,311.8477,315.7587,315.1735,316.6249,315.9383,315.7305,310.7949,390.4940,397.6644,389.7622,0.0000,-0.0237,398.9241,0.0237,358.4211,357.7509,387.2071,456.0157,172.5554,413.6173,396.3088,248.9085,284.0524,248.9984,0.0000,395.0275,315.5864,405.9460,0.0000,365.5678,287.6373,407.4687,408.4804,415.1130,306.7389,313.2241,306.7389,311.0940,311.7554,394.9392
38.0000,374.1510,397.0119,398.2130,377.2449,365.6852,358.2249,357.2677,395.6936,396.2267,403.1688,397.3604,402.3182,395.7736,387.1350,363.8548,231.0777,522.1037,464.6647,247.3975,393.6622,362.2284,356.9514,359.3067,364.0934,358.9046,363.7194,364.2749,386.3023,411.1475,396.3067,394.8927,396.2382,413.6734,375.9980,375.1743,402.0435,397.9380,375.5965,397.8708,375.3279,398.8167,375.8527,398.0145,400.9340,416.3869,307.1783,303.0599,301.5708,326.6053,298.5901,291.9655,313.8980,308.4431,305.3906,314.8143,315.9767,444.1809,298.7719,299.3573,304.1067,298.3655,298.7439,298.0488,298.5171,300.6536,303.2861,303.9953,305.4986,301.5115,303.2991,310.4278,305.1780,308.3831,282.8608,311.2932,395.8698,433.8890,411.7788,406.3474,377.2424,382.4709,466.6013,398.0747,398.3729,398.7875,399.9912,399.8456,398.9435,399.3485,397.4752,389.0066,398.2401,386.4296,382.1684,395.8686,379.5603,382.8719,387.4414,0.0000,397.2556,401.2437,398.7059,366.7789,375.6976,279.7065,306.2054,300.9029,298.1131,298.1800,0.6589,390.8540,308.2134,406.6780,391.8015,358.1580,353.9621,385.7174,377.6089,390.2932,315.5178,301.4254,399.2840,399.5215,396.8838,304.7519,392.5268,401.8597,297.8455,299.6759,299.7539,410.0456,328.9637,341.2067,389.7113,395.8276,394.8810,399.0209,399.5517,400.0557,309.2009,350.4392,353.2399,355.8587,352.5933,301.3478,374.4304,335.6857,331.7018,300.7633,303.0880,413.7558,413.7559,406.6289,395.2308,403.3043,328.1680,368.8620,366.6174,381.8788,388.1807,298.4644,0.0000,245.8734,377.5002,292.1842,294.5128,388.6097,388.3699,405.4014,396.6241,389.1753,279.3544,260.4909,247.4049,260.7242,300.5989,386.8654,384.5934,419.5940,446.2349,414.4538,391.9802,197.5480,298.0868,297.4427,298.4514,273.7338,303.9407,357.8696,364.9151,363.7858,402.9893,417.4945,359.8226,303.2966,304.9303,305.0306,303.8269,301.3478,304.8769,304.6095,306.0053,305.0510,304.7349,300.4564,389.0066,395.8443,388.1907,0.0000,-0.0235,397.7482,0.0235,356.1108,355.4691,385.6810,453.9099,170.4365,414.2926,394.8874,245.2850,279.6009,245.3237,0.0000,393.9262,307.0689,403.3947,0.0000,364.5275,279.1839,407.8001,408.8635,416.0794,298.4644,302.5699,298.4644,302.7346,303.4139,393.1579
39.0000,376.8007,398.7076,399.8945,378.6143,366.9662,360.6989,359.6645,397.5986,397.8864,404.6215,399.2369,404.1335,397.7937,389.0243,365.6194,232.1587,524.4747,466.8129,248.7661,394.5935,364.1253,358.7709,361.1463,365.8137,361.5833,366.5793,367.1725,388.3375,412.9979,398.0108,396.5351,397.9204,415.3703,378.7343,377.8541,403.9658,399.6358,378.1091,399.6086,377.9803,401.5198,377.8636,399.9265,403.6416,418.2182,308.9352,304.5386,303.0236,328.1459,299.8867,293.1357,315.5813,310.0920,307.0439,316.4439,317.6660,446.1977,300.1851,300.9868,305.8364,299.9341,300.3037,299.4816,299.9703,302.3502,304.9151,305.6403,307.0960,303.1236,304.9528,312.0223,306.9099,310.0825,284.3477,312.9133,397.5831,435.9036,413.6559,408.1119,379.5963,383.2283,468.7761,399.7739,400.0634,400.4712,401.6846,401.5530,400.6384,401.0422,399.5355,390.5148,399.9722,388.0582,383.7928,397.5820,381.6537,385.0266,389.4819,0.0000,399.1067,403.1293,400.4797,368.5515,378.5518,281.2633,307.8663,302.5136,299.6921,299.7530,0.6589,392.3073,309.7776,408.4865,393.2437,360.5185,355.9409,386.6633,380.7224,391.8454,317.2112,302.9748,401.0243,401.3029,398.5944,306.4382,394.3816,403.2108,299.4295,301.3077,301.3862,411.8722,330.4767,344.7430,391.8246,397.4624,396.8673,400.7394,401.2601,401.7515,311.0641,352.8784,355.6875,357.4453,354.1354,302.8960,375.2895,337.2463,333.2501,302.3686,304.7154,415.9687,415.9689,408.7799,396.8880,404.3937,329.4683,370.9189,368.4873,383.4765,389.6992,300.0518,0.0000,246.7490,378.8620,293.3758,295.8298,390.1656,390.0330,406.9884,397.8994,390.6822,279.6987,260.3777,248.7380,260.6339,297.2697,388.8370,387.5544,423.5436,448.5002,416.1575,394.0787,198.4591,299.5078,298.8430,299.9653,272.2294,305.6158,360.2725,367.5912,366.6406,406.4073,421.3723,362.5208,304.7942,306.4169,306.5194,305.3375,302.8960,306.3639,306.1931,307.6072,306.5396,306.1816,301.9961,390.5148,397.5575,389.7092,0.0000,-0.0236,399.4289,0.0236,357.6968,357.0440,387.2834,456.0095,171.3129,416.1138,396.5297,246.6759,281.1707,246.7263,0.0000,395.7203,308.7776,405.3135,0.0000,367.1092,280.4323,409.6166,410.6918,417.8903,300.0518,304.0203,300.0518,304.3409,305.0469,394.5521
40.0000,379.9521,402.4096,403.5928,382.1998,370.4979,364.1121,363.0972,400.2097,401.5846,407.0155,402.1894,406.6264,401.5501,392.5503,369.2669,234.4383,529.5426,471.3251,251.4181,398.3364,367.6514,362.4066,364.7433,369.3430,364.9667,369.9752,370.5685,391.7718,414.5405,401.7161,400.2052,401.5004,415.3703,381.8745,381.0522,406.7129,403.4036,381.4288,403.3472,381.1313,404.6570,380.6724,402.9140,406.7775,418.3153,311.9882,308.0638,306.5477,331.4048,303.0545,296.1657,318.6639,313.5816,310.3387,319.6725,320.7542,450.4872,303.3163,304.0418,309.0212,303.1467,303.5059,302.6202,303.1091,305.5537,308.1807,308.9171,310.4318,306.3346,308.1469,315.4024,310.1289,313.3849,287.3937,316.2143,401.3109,440.0558,415.2039,410.2430,382.8583,386.8158,473.3191,403.5446,403.8428,404.2524,405.4861,405.3320,404.3936,404.8354,402.2767,394.1196,403.7046,391.6370,387.3871,401.3098,384.4775,387.9467,392.9253,0.0000,402.0600,405.8546,404.2684,372.1116,381.7662,284.3332,311.1758,305.7632,302.9036,302.9641,0.6589,395.8893,313.1109,410.5868,396.8357,364.0237,359.5876,390.3717,384.1066,395.5198,320.3086,306.2943,404.7820,405.1144,402.3234,309.5286,398.0352,405.6126,302.6442,304.3667,304.4460,415.7583,333.7560,347.9691,394.6648,401.1346,400.6533,404.5375,405.0177,405.4966,314.0517,356.2358,359.0607,360.8952,357.5535,306.2380,378.8421,340.5920,336.5569,305.6079,307.9793,418.5221,418.5222,411.4114,400.5667,408.1792,332.6043,374.7436,372.2026,387.0485,393.3472,303.2759,0.0000,249.1775,382.4484,296.4145,298.9247,393.8206,393.7073,409.2547,401.5824,394.2902,282.3768,262.7067,251.3297,262.9738,298.5028,392.3142,390.7233,426.7705,450.5395,416.3072,396.8912,200.3954,302.6415,301.9687,303.1495,274.1916,308.8857,363.7238,371.0756,370.0399,409.6322,424.5947,365.9550,307.8524,309.9716,310.0716,308.7841,306.2380,309.9162,309.5370,310.9512,310.0935,309.7509,305.2955,394.1196,401.2851,393.3573,0.0000,-0.0238,403.1945,0.0238,361.1483,360.4843,390.8707,460.3934,173.0700,417.1906,400.1999,249.3509,284.2566,249.3822,0.0000,399.3801,312.0439,409.3045,0.0000,370.4571,283.3661,411.5775,412.5140,417.9958,303.2759,307.0661,303.2759,307.6191,308.3141,398.2356
41.0000,376.3120,398.9670,400.0841,379.1346,367.6213,361.4338,360.3736,397.1639,398.2170,404.1277,399.3349,403.7143,397.9526,389.4329,366.3105,232.6111,525.1517,467.4170,250.1000,394.8487,364.8643,359.6917,362.0246,366.4854,362.2818,367.4141,368.0389,388.7111,412.9443,398.3116,396.8422,398.1131,415.3704,378.2483,377.5466,403.9497,400.0891,378.4093,400.0721,377.4430,399.9871,377.7887,400.0277,402.0191,418.2092,309.5760,306.6592,305.2091,328.9106,301.0617,294.1380,315.8901,311.8067,308.6450,317.1209,317.9071,446.7094,301.2612,301.6798,307.5183,301.5479,301.9236,300.6671,301.1375,303.7846,306.5068,307.2359,308.8844,304.6187,306.3259,313.4516,308.5343,311.6698,285.8778,313.9061,398.0341,436.3709,413.6096,407.9716,379.8879,383.6541,469.3814,400.2293,400.5322,400.9101,402.1302,401.9474,401.0166,401.5000,399.1924,390.8881,400.4315,388.4687,384.2517,398.0331,381.5570,384.9791,389.8809,0.0000,399.2063,403.1350,401.0044,369.2169,378.2181,282.7325,309.3518,304.0937,301.2881,301.3572,0.6589,392.5718,311.1770,408.3888,393.5004,361.2253,356.7874,386.9894,380.6959,392.2805,317.4906,304.7441,401.4516,401.7857,398.9736,307.1492,394.8040,402.7305,301.0394,302.0064,302.0850,412.3290,331.2882,345.4089,391.6561,397.7332,397.2490,401.2233,401.6384,402.0809,311.6349,353.7792,356.4881,358.1372,354.8210,304.6931,375.8015,338.1074,334.0684,303.9442,306.3063,414.6406,414.6407,407.8932,397.1938,404.8886,330.4437,371.1498,368.9898,383.9216,390.1322,301.6921,0.0000,248.2674,379.3789,294.3969,296.9403,390.5867,390.4422,406.6479,398.3170,391.0579,280.0233,260.5487,250.0771,260.8119,295.0839,389.2277,386.8542,421.9035,445.1649,416.1403,393.8640,198.8286,300.6389,299.9828,301.3724,271.7465,307.1472,360.9946,368.3903,367.4762,405.2699,419.7709,363.3040,306.3521,308.5410,308.6363,307.2899,304.6931,308.4848,307.9796,309.4000,308.6593,308.3780,303.7549,390.8881,398.0088,390.1422,0.0000,-0.0237,399.8690,0.0237,358.3891,357.7186,387.6858,456.5240,171.9799,416.0624,396.8370,248.1188,282.6698,248.2292,0.0000,396.1635,310.3941,405.9816,0.0000,367.6851,281.4850,409.5269,410.6195,417.8800,301.6921,305.5882,301.6921,306.1033,306.6821,394.7799
42.0000,383.0348,407.2344,408.3428,387.1822,375.5269,368.8498,367.8050,404.4619,406.5675,411.3876,407.3022,411.1209,406.3391,397.3404,373.8644,237.4406,535.8795,477.0043,255.4118,402.9820,372.4674,367.1789,369.5828,374.1522,369.6815,375.0053,375.6250,396.5187,419.8414,406.5822,405.1863,406.5582,421.3620,384.9646,384.4109,411.6653,408.4898,385.8362,408.3855,384.1560,406.4886,385.0579,408.1586,408.5013,424.2068,315.6318,313.3762,311.9581,335.7888,307.1407,300.0666,321.7883,318.2650,315.1563,323.1416,323.7874,455.9336,307.3312,307.6391,313.9462,307.9869,308.4052,306.8010,307.2655,310.1285,312.9962,313.7308,315.5296,311.0220,312.6631,319.8750,315.0284,318.1610,291.9817,320.3284,406.3069,445.3473,420.4991,415.2276,387.3988,391.8648,478.9885,408.6322,408.9435,409.3579,410.5964,410.3046,409.3801,409.9413,406.6619,398.9429,408.7438,396.5552,392.2638,406.3058,388.7903,392.4361,397.6563,0.0000,407.1035,410.8538,409.3412,376.9161,385.0361,288.8140,315.9744,310.5834,307.7066,307.7857,0.6589,400.6182,317.5600,415.6454,401.5518,368.7251,364.0754,395.0940,387.7638,400.7871,323.3747,311.3033,409.7692,410.0470,407.2798,313.2186,402.8954,409.9897,307.4522,307.9759,308.0561,420.8556,338.2447,352.4641,399.1401,406.0735,405.3512,409.6284,409.9870,410.4344,317.6663,361.0134,363.7922,365.6517,362.2658,311.2442,383.7808,345.2273,341.0835,310.3995,312.7950,421.7450,421.7451,415.1477,405.5201,412.9875,337.9256,378.1001,376.3455,391.9606,398.4814,308.1237,0.0000,253.0404,387.4341,300.3375,302.9553,398.9394,398.8239,413.8910,406.3738,399.1149,285.6859,265.7678,255.3415,266.0389,300.4564,397.0844,393.4147,427.8056,451.5253,422.2392,401.3497,202.9604,306.7337,306.0736,307.6669,277.1002,313.5880,368.4397,375.9793,375.0693,411.4528,425.7037,370.7658,313.2471,315.2822,315.3770,313.9731,311.2442,315.2242,314.5891,316.0544,315.4010,315.1391,310.3082,398.9429,406.2811,398.4919,0.0000,-0.0241,408.2947,0.0242,365.9113,365.2298,395.7424,465.9073,175.5861,422.6908,405.1810,253.4858,288.7607,253.4377,0.0001,404.3270,316.8659,414.3355,0.0001,375.1202,287.1870,416.6924,417.6967,423.8937,308.1237,312.4500,308.1237,312.6140,313.1888,403.0546
43.0000,370.9782,395.2220,396.2524,375.9388,364.7463,358.2118,357.2109,394.8340,394.6495,403.0715,397.2805,402.7582,394.6209,385.9706,362.8963,230.4914,520.0982,463.0374,248.2572,390.6814,361.6979,356.6268,358.9434,363.2994,359.0528,364.3029,364.9000,385.3508,411.8583,394.6145,393.2921,394.5370,415.3703,372.8666,372.5000,401.9402,396.5844,374.7556,396.5654,372.0180,392.7036,374.9124,398.2008,394.5677,418.0182,306.1325,304.1892,302.8614,326.0061,297.6104,290.6866,311.8574,308.6141,305.7830,313.1166,313.8082,442.6085,297.6695,298.4220,304.5801,298.9086,299.3294,297.2941,297.7109,300.7710,303.7423,304.4317,306.2547,301.7348,303.2292,310.1733,305.4789,308.5386,283.3752,310.8907,394.4770,432.3027,412.4621,406.5766,376.5200,380.4769,465.0398,396.7208,397.0113,397.3977,398.5866,398.3300,397.4134,397.9636,396.4667,387.3273,396.9323,385.1464,380.8806,394.4759,378.3917,382.0537,386.5528,0.0000,397.0217,401.1631,397.4619,365.9610,372.9832,280.5781,306.9235,301.5360,298.6437,298.7186,0.6589,388.9096,307.9186,406.9670,389.8119,358.0907,353.6218,383.2446,375.7197,389.1301,313.5058,302.1434,397.8711,398.1804,395.3482,303.8328,391.2876,401.8597,298.4246,298.7510,298.8288,408.5551,328.4242,342.3304,388.8236,394.1270,393.5901,397.6709,398.0124,398.3945,308.0593,350.5045,353.2596,355.0769,351.7890,302.0868,372.6356,335.2307,331.1806,301.2536,303.5541,410.2158,410.2159,404.2034,393.6083,400.6462,328.1250,366.4124,365.0184,380.6316,386.9012,299.0800,0.0000,246.3035,376.1829,290.9619,293.5472,387.3445,387.3000,405.3887,394.3880,387.4908,276.5636,257.0809,248.2294,257.3538,288.7781,385.8193,380.5601,411.8889,437.5205,416.0285,391.0624,197.0393,297.1610,296.5503,298.3671,267.5119,304.1951,357.8294,365.2017,364.3635,396.9865,409.9593,360.1223,304.1158,306.0319,306.1241,304.7602,302.0868,305.9755,305.3343,306.7642,306.1474,305.9060,301.1841,387.3273,394.4522,386.9113,0.0000,-0.0232,396.3803,0.0237,355.3301,354.6602,384.2878,452.2479,170.5700,415.2803,393.2871,246.5174,280.5342,246.4559,0.0002,392.6739,307.3223,402.1900,0.0002,364.4125,278.2685,408.1923,409.3619,417.7017,299.0800,303.3528,299.0800,303.3859,303.9305,391.0514
44.0000,368.3647,387.6228,388.7962,375.4901,363.8261,357.0681,356.3056,394.5060,392.5011,403.0505,398.3836,402.9636,394.1070,385.6602,336.9131,229.0370,365.6851,367.9298,353.4007,387.0582,360.9506,355.9424,358.2363,362.7079,357.9373,363.0479,363.6047,384.6901,412.1440,387.0280,390.5596,392.2286,415.3703,370.1870,370.1561,402.7103,396.4121,373.5193,397.0619,369.3260,388.4162,375.1063,399.1236,390.1362,417.8887,336.6762,349.0828,347.6466,324.2270,337.4906,330.0260,345.7933,349.7270,347.2528,350.1774,347.7613,375.6518,338.5545,328.0420,345.5000,343.0228,343.5121,338.6220,338.9618,341.3849,345.1743,345.7999,351.2994,346.0689,347.6404,351.0532,350.4760,350.1158,331.0420,339.7688,383.0534,377.8888,412.7256,407.0276,375.6026,380.1890,369.9552,396.5462,396.8853,397.0564,398.2829,397.4300,396.4648,397.7542,396.1443,389.8931,397.6915,388.2587,383.6774,383.0529,378.4253,381.6188,385.1905,0.0000,398.3539,402.0917,397.7196,364.1113,370.4187,354.5208,355.1914,346.2344,342.9604,342.7457,0.6589,391.4259,349.2240,407.4639,392.3121,357.2077,352.7586,381.1324,373.3725,388.9006,347.4383,346.6984,397.9642,397.8402,386.2811,333.6180,391.2875,401.8597,342.4356,328.3334,328.4189,382.2351,340.0897,341.4943,388.4298,391.3590,393.3958,397.6530,397.3963,397.6706,338.6918,349.3130,352.1012,364.5409,361.1651,346.6405,372.1932,356.0301,342.9726,345.7428,345.1085,408.9082,408.9083,403.3261,389.7008,401.2893,323.3602,343.2492,339.7411,384.6635,386.6095,342.2003,0.0000,350.3985,375.7362,330.3654,333.4698,387.0330,387.0208,405.6154,395.9048,390.0466,313.5919,291.0626,353.3013,291.3948,324.6792,385.3144,377.4077,406.6207,434.4569,416.0379,390.6867,195.7474,338.1150,337.4651,341.1370,302.0841,345.3867,356.9047,364.0680,363.1117,392.8463,404.8312,359.0148,349.0036,351.1601,351.2643,349.7122,346.6405,351.0959,350.2634,351.8794,351.2925,351.0426,345.6284,389.8931,383.0510,386.6177,0.0000,358.0036,396.0204,358.0029,366.0158,367.5074,387.2050,372.8748,355.5713,415.4246,390.5531,351.0844,354.4726,350.9233,355.1015,392.8708,348.6975,349.1069,355.0975,363.3599,316.1132,408.6327,409.7550,417.5944,342.2003,348.1105,342.2003,346.0056,345.7483,388.8029
45.0000,368.6296,390.9679,392.0680,379.0572,367.5270,359.9350,359.3122,394.7644,395.8886,403.0708,400.1168,403.6099,397.6529,388.5504,340.1602,231.1886,369.3002,371.3880,358.5181,390.1815,364.4187,360.4487,362.2730,366.1768,360.6197,365.5000,366.0083,387.3876,412.5211,390.4194,393.9678,395.5965,415.3703,370.3086,370.7386,403.9700,399.8612,375.5246,400.4542,369.5121,387.0063,376.3936,400.7961,388.5820,417.7648,340.5799,357.2025,355.8385,327.5295,344.0502,336.5164,349.4863,356.3414,353.8959,354.9466,351.2750,379.1053,345.2249,331.9302,351.5052,350.9042,351.4196,345.5106,345.8362,347.8104,351.9189,352.5000,359.3224,353.6664,355.0777,357.8255,357.9868,356.4553,344.7461,344.1785,386.5243,381.3000,413.0539,407.6665,377.6939,384.1151,373.3728,399.9959,400.3862,400.5115,401.7237,400.7452,399.8099,401.2210,396.8262,393.1679,401.0997,391.6027,387.1995,386.5238,379.7671,382.9497,388.0138,0.0000,400.1413,403.4318,401.0965,367.5468,370.6854,359.7711,360.4144,352.5559,350.2988,350.3655,0.6589,394.6463,355.9833,408.1554,395.5178,360.2934,357.8947,384.2280,373.9311,392.6488,351.0040,354.6669,401.3257,401.1911,389.7128,337.5914,394.3536,401.8597,349.2478,332.2333,332.3199,385.6775,343.5661,344.0535,389.4673,394.7189,396.2733,401.1089,400.7230,400.9606,342.5099,352.0254,354.8902,368.1713,364.7621,354.6182,375.7283,359.8957,346.5902,352.6585,351.8529,408.5452,408.5453,403.4294,393.1052,404.0646,326.9100,345.6669,342.6223,388.1172,390.2677,349.0101,0.0000,355.1951,379.3049,336.8692,340.0150,390.6838,390.7558,405.9189,398.9140,393.3157,319.7679,296.4328,358.4096,296.7902,327.5780,388.1014,377.0632,404.0345,431.7522,416.0650,391.6234,197.5632,344.8806,344.2190,348.5255,306.5631,351.9264,359.9680,366.8804,365.5752,391.5026,402.3998,361.6853,357.0641,359.3059,359.4120,357.7836,354.6182,359.2400,358.2444,359.9189,359.4414,359.1620,353.6018,393.1679,386.5222,390.2763,0.0000,362.1191,399.4879,362.1185,369.6703,371.1634,390.5923,376.2966,360.3686,415.6354,393.9616,356.2194,359.7275,356.0370,359.2452,396.0767,354.9340,352.4381,359.2371,365.8649,322.3178,409.2397,410.2991,417.4945,349.0101,356.1508,349.0101,352.8299,352.5353,392.0871
46.0000,365.3560,386.5795,387.6167,374.8334,363.4929,356.6032,356.0470,398.3611,391.3093,410.7523,399.4723,408.9810,393.2130,386.1969,335.7685,228.2767,364.5671,366.7343,354.0385,385.4702,360.4662,356.3232,358.1765,362.0974,357.4920,362.2765,362.7720,385.2660,413.5991,386.0672,389.4011,391.0009,415.3703,367.2267,367.6440,404.5416,395.3435,373.2602,396.1934,366.1823,382.5414,376.3877,400.2248,384.0146,417.6856,336.0681,352.5380,351.2412,323.3471,339.3097,331.8524,345.1241,351.4598,349.1244,349.9943,346.5969,374.5613,340.3490,327.5741,346.1000,346.3312,346.8396,340.7309,341.0287,343.0532,347.2958,347.8264,354.4934,348.9154,350.2069,353.0068,353.1542,351.3710,340.2535,339.7168,382.3945,376.6936,414.1068,409.8679,375.9679,379.8381,368.6261,395.4715,395.8235,395.8691,397.0108,396.1002,395.2043,396.5732,398.5769,389.0066,396.8350,387.5841,383.0470,382.3940,380.0249,383.4527,385.8550,0.0000,399.4447,403.7847,396.7300,363.4605,367.4077,355.3417,355.9857,348.0716,345.7419,345.8050,0.6589,390.4246,351.1828,409.8000,391.2690,356.9944,354.0045,379.5885,370.2418,388.2519,346.2627,350.0095,396.8879,396.7078,385.4350,333.1432,391.1645,410.4746,344.7353,327.8727,327.9581,381.3513,339.0083,341.0697,390.5364,390.1186,393.1331,396.5433,396.1461,396.3444,337.8760,348.7042,351.5790,363.9501,360.5800,349.9677,371.5414,355.4602,342.2286,348.0668,347.2380,409.5246,409.5247,404.7433,388.5909,399.9300,322.7668,340.7528,337.9814,383.9871,385.9192,344.5024,0.0000,350.5634,375.0782,332.2051,335.3166,386.3237,386.4069,410.6136,394.7495,389.1476,315.4256,292.0632,353.8986,292.4336,320.8897,385.8785,373.4256,398.2498,431.3488,416.1637,392.8862,195.1295,340.0607,339.4344,343.8521,301.3956,347.1500,356.6753,363.5933,362.3504,386.6429,396.7314,358.5524,352.3684,354.5983,354.7053,353.0677,349.9677,354.5336,353.4501,355.0830,354.7338,354.4452,348.9865,389.0066,382.3925,385.9274,0.0000,357.5052,394.9235,357.5046,365.4207,366.8880,386.4770,371.6707,355.8194,416.3504,389.3954,351.6340,355.3006,351.5788,354.6678,392.5237,349.7508,347.9414,354.6601,363.1578,317.8640,410.7803,411.6313,417.4437,344.5024,351.4803,344.5024,348.2262,347.9093,387.4800
47.0000,321.1261,338.8046,339.6546,328.7899,319.0195,313.0603,312.5425,349.5375,342.9385,360.7903,350.8464,359.2845,344.5656,339.2166,295.0204,200.4737,320.6129,322.2484,312.3683,337.3632,316.4244,312.8639,314.4967,317.8071,313.8867,318.0758,318.4942,338.7700,364.7634,338.3919,341.2776,342.6343,368.5591,322.5229,322.9653,355.3257,346.4879,327.8786,347.4042,321.7921,334.9598,330.7730,351.5024,336.1452,370.3114,295.6044,313.7272,312.6082,284.1836,300.6282,294.0949,303.0763,311.2486,309.5494,308.5084,304.2904,328.8633,301.8405,288.1917,306.3586,308.1849,308.6432,302.3660,302.6416,303.9423,307.9809,308.4541,315.4533,310.3278,311.4248,312.6870,314.1634,311.3326,308.2332,299.2376,335.4179,330.6305,365.1724,360.7072,330.3732,333.0672,323.9752,346.5946,346.8884,346.8843,347.8421,347.0722,346.3288,347.4961,349.8866,341.1024,347.9962,339.9361,336.0520,335.4175,334.0806,337.1086,340.0245,0.0000,350.7916,354.7416,347.8046,318.9598,322.4641,313.5718,314.1099,308.2465,307.1700,307.4869,0.6589,342.2793,311.1329,360.7128,342.9794,313.3818,310.6563,332.3392,324.5153,340.4010,304.0642,311.4523,347.9216,347.7291,337.9141,293.1196,343.2619,360.5544,305.8027,288.4629,288.5380,334.5437,298.0211,299.4672,343.1260,341.8560,344.7736,347.5178,347.1827,347.3569,297.1354,306.0347,308.6108,319.6331,316.6733,311.4166,325.8978,312.5387,300.8522,308.8005,307.9299,358.7659,358.7660,354.8845,340.5764,350.3662,283.7396,298.9450,296.7545,336.8199,338.3995,305.5971,0.0000,309.7571,329.0001,294.4212,297.2141,338.7409,338.8375,361.0339,345.9946,341.2189,279.2874,258.3959,312.2850,258.7344,282.1916,339.1365,327.7270,348.6787,376.1552,369.0270,345.1107,171.3361,301.6665,301.0880,305.5640,266.0880,307.6940,313.0891,319.1599,318.1373,338.7820,347.3548,314.8589,313.5823,315.5500,315.6415,314.1875,311.4166,315.4924,314.4822,315.9727,315.6662,315.4374,310.5544,341.1024,335.4165,338.4065,0.0000,315.0228,346.0986,315.0224,320.9387,322.2137,338.9653,326.4250,313.7824,367.8437,341.2728,310.1392,313.5350,310.1995,312.7449,344.4006,309.8035,305.7247,312.7392,318.9409,281.7446,361.7499,362.6822,370.1074,305.5971,312.7859,305.5971,308.8384,308.5273,339.3698
48.0000,321.1261,341.5045,342.3254,331.4512,321.7370,315.1407,314.7458,350.9607,345.9712,362.1037,352.7466,360.7272,347.2062,341.3204,297.4496,202.0522,323.9385,325.2116,315.7048,339.8459,318.8595,315.4696,317.0719,320.3119,315.8683,319.9359,320.3205,340.7617,366.1597,341.1133,344.4498,345.8273,369.8481,322.7683,323.4039,357.0311,349.1067,329.5352,349.9805,321.7555,334.1861,332.6190,353.3807,335.3048,371.4876,297.5299,316.3327,315.1746,286.5205,302.8552,296.2132,304.6921,313.8163,312.0105,310.4057,305.8224,331.7587,304.0195,290.1289,308.2906,310.7457,311.2020,304.6263,304.8960,306.3391,310.5258,310.9684,318.1074,312.9787,314.1367,315.1875,316.7978,313.5445,310.7943,301.5180,338.0578,333.3899,366.5442,362.2179,332.2191,335.8031,326.9384,349.2100,349.5155,349.5211,350.4526,349.8018,349.0783,350.1107,351.4802,343.5545,350.5971,342.5023,338.6785,338.0574,336.0463,339.0916,341.9668,0.0000,352.7155,356.4880,350.3288,321.4692,322.8614,316.4942,316.9749,310.9243,309.7355,310.0524,0.6589,344.6994,313.5941,362.2346,345.3949,315.6640,313.0094,334.9551,325.2241,343.1613,305.6137,314.0526,350.5495,350.3070,340.6060,295.0990,345.5461,361.8885,308.3924,290.4070,290.4827,337.2133,300.4856,301.3577,344.9345,345.0049,346.9347,350.1044,349.8831,350.0521,299.0057,308.0324,310.6469,322.1989,319.2155,314.0168,328.5372,315.1341,303.3402,311.3775,310.4808,359.8447,359.8448,356.1760,343.6385,352.3251,286.6009,300.7835,298.9733,339.4337,341.1793,308.1926,0.0000,316.8549,331.6646,296.5528,299.4103,341.5154,341.6605,362.4440,348.1706,343.6647,280.9399,259.7763,316.0636,260.1245,282.1722,341.1760,327.8730,348.4640,376.3147,370.3223,346.8586,172.6815,303.8856,303.3133,307.9764,266.9928,310.1151,315.2907,321.2310,320.0041,338.7857,347.1567,316.8570,316.1998,318.1838,318.2782,316.8739,314.0168,318.1255,317.0975,318.6336,318.3027,318.0712,313.1339,343.5545,338.0563,341.1864,0.0000,319.1209,348.7502,319.1205,323.5188,324.8042,341.5282,329.3372,317.3613,369.1872,344.4438,313.4885,316.4623,313.3859,317.3651,346.8018,311.9292,308.3609,317.3613,320.8823,283.8265,363.2386,364.1447,371.3026,308.1926,315.3863,308.1926,311.4300,311.0932,342.1390
