"ETAPA \ BARRA","AGUAYTIA 220","BALNEARIO 220","BALNEARIOS 60 A","CALLAHUANCA 220","CALLAHUANCA 60","CARHUAMAYO 220","CARHUAMAYO NUEVA 138","CARHUAQUERO 220","CHAVARRIA 220 A","CHICLAYO OESTE 220","CHIMBOTE 220","GUADALUPE 220","HUACHIPA 60","HUACHO 220","HUANCAVELICA 220","HUAYUCACHI 220","ICA 220","INDEPENDENCIA 220","MARCONA220","MOYOPAMPA 60","OROYA NUEVA 220","OROYA NUEVA 138","OROYA NUEVA 50","PACHACHACA 220","PARAGSHA2 220","PARAGSHA 138","PARAGSHA 50","PARAMONGA NUEVA 220","PIURA OESTE 220","SAN JUAN 220","SANTA ROSA 220 A","SANTA ROSA EDS 60","TALARA 220","TINGO MARIA 138","TINGO MARIA 220","TRUJILLO 220","VENTANILLA 220","VIZCARRA 220","ZAPALLAL 220","AGUAYTIA 138","PUCALLPA 138","HUALLANCA 138","CHIMBOTE 138","PUCALLPA 60","ZORRITOS 220","ABANCAY NUEVA 138","ARICOTA138","ARICOTA II 66","CAMPO ARMINO 220","AYAVIRI138","AZANGARO 138","CACHIMAYO 138","CALLALLI 138","CERRO VERDE 138","COMBAPATA 138","DOLORESPATA 138","DESIERTO220","JULIACA 138","MACHUPICCHU 138","MOLLENDO 138","MOQUEGUA 220","MOQUEGUA 138","PUNO 220","PUNO 138","SANTUARIO 138","SOCABAYA 220","SOCABAYA 138","ILO 138","LOS HEROES 220 A","LOS HEROES 66","TINTAYA 138","TOMASIRI 66","REPARTICION 138","ILO2 220","COTARUSE 220","CHILCA REP 220","CANTERA 220","PIURA OESTE 60","LA NINA 220","CONOCOCHA 220","HUINCO 220","INDEPENDENCIA 60","CHILLON 220","CHILLON 60","CHAVARRIA 60 A","CHAVARRIA 60 B","BARSI 60","BARSI 220","OQUENDO 60","CAJAMARCA 220","PLANICIE 220 A","CARABAYLLO 220","CARABAYLLO 500","CHILCA CTM 500","CHILCA CTM 220 A","KIMAN AYLLU 138","KIMAN AYLLU 220","PARAMONGA EXISTENTE 138","MACHALA 200","CHIMBOTE 500","TRUJILLO 500","HUARANGAL 60","POMACOCHA 220","PIEDRA BLANCA 138","POROMA 220","POROMA500","OCONA 500","MONTALVO 500","MONTALVO 220","HUANZA 220","INDUSTRIALES 220 A","TINTAYA 220","LA NINA 500","INDUSTRIALES 60","CARHUAMAYO 50","CARIPA138","HUAMPANI 60","HUANUCO 138","REFINERIA ZINC 220","QUENCORO 138","ILO 3 220","MIRADOR 220","MIRADOR 60","ALTO PRADERA 220","ABANCAY NUEVA 220","LOMERA 220","REQUE 220","SAN JOSE 500","SANTA TERESA 220","SURIRAY 220","ASIA 220","CERRO DEL AGUILA 220","CHAGLLA 220","RAMADA 220","SANTA ROSA LDS 60","LOMERA 60","ZAPALLAL 60","MALVINAS 220","MALVINAS 60","ABANCAY 138","YAUPI 138","SANTA ISABEL 220","YANANGO 220","CHIMAY 220","ILO3 138","MATUCANA 220","COLCABAMBA 500","COLCABAMBA 220","YARABAMBA 500","YARABAMBA 220","BELAUNDE 220","BELAUNDE 138","CACLIC 220","INDUSTRIALES 220B","PLANICIE60","COBRIZAI 69","MOLLEPATA 60","MOLLEPATA220","CARAPONGO 500","CARAPONGO 220 A","SAN JOSE 220","MARCONA 60 A","SAN NICOLAS 60","CALLAHUANCA EDN 220","PUMIRI138","PUMIRI220","SAN MIGUEL 220","SAN MIGUEL 60","FELAM 220","MANCHAY 60","MANCHAY 220","SAN RAFAEL 138","SAN GABAN 138","MARCONA 60 B","ANGEL 138","PTO MALDONADO 138","MEDIO MUNDO 220","AUCAYACU 138","BELLAVISTA 138","TARAPOTO 138","PARINAS 220","PAMPA HONDA 220","ORCOTUNA 220","SAN ROMAN 138","SAN ROMAN 220","CHILOTA 220","MAZUCO 138","JESUS 138","CARHUAMAYO 138","CINCO MANANTIALES 138","OXIDOS CERRO 138","TOCACHE 138","JUANJUI 138","FRANCOISE 220","BOTIFLACA 138","MILL SITE 138","PLAZA TOQUEPALA 138","QUEBRADA HONDA 138","PANAMERICANA SOLAR 138","TOQUEPALA 138","ILO ELS 138","REFINERIA 138","LIXIVIACION 138","PUSHBACK 138","INTIPAMPA 138","PLANICIE 220 B","CHILCA CTM 220 B","CARAPONGO 220 B","CHILCA 1 220","DERIVACION 220","CHAVARRIA 220 B","DERIVACION 220  BARRA II","CAMPAS 220","CAMPAS 500","PLANICIE 500","NUEVA CHINCHA 220","CAHUACHI 220","VALLE DEL CHIRA 220","SANTA ROSA 220 B","ERSUR 220","FLAMENCO220","BARRA3HERMANAS","BARRAPTALOMITAS","PUERTO CHANCAY 220","CHAPARRAL 138","CHIRIBAMBA 220","BARRAPTALOMITAS2","YSHCAYUCRO 220","PAQUILLUSI 220","MIGUEL GRAU 500","MIGUEL GRAU 220","ALIPIO ROSALES 220","SUNNY","CUAJONE 138","SAN MARTIN 220","SAN LUIS 220","CERRO VERDE 220","PORTILLO 60","SURIRAY138"
1.0000,258.9948,234.9905,235.1899,236.3319,232.0624,240.3957,238.4967,261.2990,240.0890,263.2478,252.8315,261.2417,238.0446,245.1058,237.8381,236.2774,245.9484,244.4532,249.6636,232.2929,238.3605,235.3625,236.8147,237.6872,241.1394,243.8561,244.4269,247.4477,262.7310,234.7960,236.0771,236.3321,264.2324,257.5794,256.9020,256.7955,239.4865,250.9176,239.9957,259.5174,269.8440,251.6412,253.5834,270.7734,266.4014,250.6002,268.4629,267.8156,234.4605,278.8994,278.5116,258.6590,275.1708,263.6936,269.8762,260.0976,241.6551,275.8300,244.4455,266.5537,263.0265,263.4680,273.6400,273.9485,266.1728,262.1933,262.5914,269.3731,264.2575,264.7514,278.8129,266.8907,265.9627,263.0664,251.2744,231.2533,238.4788,263.0128,260.7051,249.5812,236.0926,244.8136,239.5563,239.7020,240.3563,240.7489,241.0842,240.7103,240.2595,260.9028,239.9630,239.7784,239.3735,236.1022,234.0980,253.0879,254.1836,247.6734,0.0000,252.2719,255.9378,240.4113,238.0656,255.4286,248.7200,248.3638,255.4920,261.5317,262.2040,238.5341,240.6581,277.5064,260.4452,241.9409,238.5140,234.5506,247.7532,252.7884,238.5243,260.1340,266.4069,240.3805,240.9528,233.8455,249.3910,242.9480,262.9310,258.6926,246.7389,246.7839,234.1627,236.0243,232.1930,257.4141,236.3970,243.5439,240.1888,240.7629,240.9009,251.8827,239.8831,240.0451,238.1355,238.1371,266.3858,234.4938,239.0009,237.0179,260.9210,261.9114,269.8584,271.3773,265.6977,235.7682,244.0008,234.3255,240.9199,239.2459,238.4562,237.7284,258.9905,0.0000,251.3651,236.3053,278.2636,277.0186,237.7814,237.2284,262.1378,242.1177,240.0197,285.1780,283.1848,250.1180,283.0881,306.9008,246.4897,262.0569,282.1859,282.7766,264.3446,258.4565,236.5038,274.9753,274.9392,268.4708,290.8781,264.3320,238.8401,244.1544,243.8873,271.9610,280.7472,242.0448,267.8582,269.8454,269.9381,268.8371,266.3858,269.7947,268.5494,269.8221,269.9605,269.7104,265.2320,239.9630,234.1040,237.7299,0.0000,246.6462,240.1094,246.6463,238.3443,238.4751,238.3539,243.3273,249.3638,264.1885,236.0779,249.0484,248.6981,249.3264,246.1498,241.8706,266.1439,240.4575,246.1499,243.7385,276.2894,261.0519,261.5280,266.0732,258.9905,267.1523,258.9905,262.4916,262.6743,237.3130,244.9081
2.0000,276.7102,248.4205,248.6119,250.2258,245.8761,257.9526,255.9511,276.6335,253.7053,278.3949,267.4901,276.2755,251.5313,259.7140,251.3856,249.7667,259.4125,258.0761,263.3537,245.6176,253.5348,250.1876,251.7402,252.1858,259.5420,262.7493,263.3970,262.5891,277.9933,248.2274,249.5831,249.8464,279.5808,275.2652,274.5387,271.6202,253.0688,268.2971,253.6454,277.2516,287.9439,266.8962,268.3314,288.9062,281.8275,264.4025,282.7290,282.0664,247.9333,291.6865,290.7104,272.6199,289.2976,277.6880,283.8565,274.0489,255.2337,288.9570,257.9079,280.5666,276.9894,277.4560,286.8658,287.2388,280.1735,276.1352,276.5629,283.6996,278.2387,278.7184,292.7548,280.9208,279.9575,277.0311,265.1164,244.4330,251.8904,278.3091,275.7935,266.2662,249.9942,258.4819,253.1403,253.2928,253.9729,254.3700,254.7140,254.3358,253.8646,276.4096,253.5261,253.4109,253.0223,249.5285,247.4222,268.6687,269.9919,262.8418,0.0000,266.8608,270.7323,254.0254,252.5953,273.3143,262.4319,262.0662,269.2556,275.4583,276.1413,252.1125,254.2331,291.2867,275.5307,255.5279,255.8788,249.8699,262.1376,271.1673,252.1994,274.0825,280.5567,254.0103,254.5945,247.1978,263.0907,257.0806,278.0602,272.4872,260.2904,260.3378,247.4473,249.5068,254.6987,273.0931,249.9077,257.5081,253.7913,254.3916,254.5306,265.7399,257.3771,257.5657,251.8825,251.8842,280.5374,248.2684,252.5961,250.5574,274.8459,275.8468,285.6223,287.0808,281.3387,249.2563,257.5755,247.7698,254.6001,252.8525,252.0727,251.3948,272.8086,0.0000,265.1367,250.1863,290.5602,289.8410,251.4399,250.8784,277.2687,255.6848,253.5829,294.3265,289.1572,263.8291,289.2236,312.3984,261.3899,279.7097,299.1512,299.2124,279.7008,274.0885,250.0002,288.1605,288.0378,282.0834,296.7084,278.3102,256.2852,262.5338,262.7660,289.5102,297.8174,260.5191,282.0668,284.1809,284.2798,283.1412,280.5374,284.1274,282.8146,284.1724,284.3031,284.0353,279.3161,253.5261,247.4286,251.3965,0.0000,259.8154,253.7259,259.8154,252.0319,252.1250,251.9083,256.9476,262.9101,279.5125,249.5840,262.6565,262.4115,262.9895,259.0630,255.8700,280.1442,254.0354,259.0630,261.6185,289.0781,276.1833,276.6971,281.4881,272.8086,281.3173,272.8086,276.4971,276.6516,250.9155,258.3976
3.0000,292.0532,262.3328,262.5266,264.1526,259.5477,272.3987,270.2801,292.5392,267.9686,294.5484,282.8106,292.2288,265.6281,274.3945,265.6437,263.9831,273.7792,272.4779,278.7413,259.3127,267.7666,264.1688,265.8451,266.3622,274.0799,277.4579,278.1437,277.4508,294.7493,262.1338,263.5794,263.8415,297.4956,290.5604,289.8105,287.2601,267.3055,283.3699,267.9599,292.6126,303.6579,282.1493,283.6615,304.6518,299.8364,279.9862,299.8771,299.1595,262.0982,302.2247,299.5833,288.3056,304.7088,293.9834,298.6346,289.6810,269.4846,300.4514,273.1130,289.7919,293.7802,294.2677,299.1577,299.4951,296.4453,292.6844,293.1406,300.8239,295.1527,295.6807,306.5593,298.0364,294.9603,293.8244,280.4648,258.1709,265.9979,295.0740,292.0528,281.2901,264.0516,272.9138,267.3802,267.5379,268.2422,268.6544,269.0196,268.6340,268.1301,292.2592,267.8534,267.7218,267.3105,263.6437,261.3838,284.0206,285.3699,277.7102,0.0000,282.1508,286.3471,268.3434,266.8030,288.4793,277.9176,277.5265,285.9884,292.2644,292.9520,266.3834,268.5946,304.9257,291.7965,269.9857,270.1686,263.7280,276.7747,286.1757,266.3804,289.6675,297.5601,268.3258,268.9441,261.0611,278.4271,271.6223,294.1819,289.7949,275.4728,275.5230,261.3380,263.7872,268.9664,288.7041,263.9163,272.1521,268.0663,268.7038,268.8567,281.3969,271.7479,271.9722,266.1996,266.2012,297.5425,261.7462,267.0738,264.8976,291.3995,292.4013,301.9187,303.4854,297.4226,263.2310,272.0571,262.2292,268.7768,267.1141,266.3062,265.5312,290.1215,0.0000,280.6083,264.1079,299.5474,299.7461,265.5772,264.9771,293.4983,270.1103,267.9116,298.5785,289.1572,279.2425,289.4455,312.1409,276.1776,295.2464,315.8878,316.0392,297.5103,289.7725,264.2181,299.8422,299.6102,296.6822,296.5980,294.8064,270.6242,277.2271,277.4753,305.6012,314.4563,275.0905,299.1257,301.4233,301.5295,300.3364,297.5425,301.3664,299.9048,301.2796,301.5552,301.2604,296.2469,267.8534,261.3905,265.5328,0.0000,274.0462,267.9903,274.0463,266.3697,266.4640,266.1388,271.2746,277.9709,296.6336,263.5804,277.9470,277.8966,278.3245,272.9772,270.3188,293.3710,268.3509,272.9770,276.3062,294.2966,292.5733,293.2057,299.4652,290.1215,298.3324,290.1215,293.5565,293.3869,264.9428,273.6183
4.0000,284.8687,256.1362,256.3051,258.2833,253.9337,266.1377,264.1017,285.5214,261.6425,287.4461,276.1311,285.2290,259.3386,267.8712,259.6052,257.9428,267.3552,266.1457,272.6750,253.2221,261.6959,258.2524,259.8722,260.3339,267.7549,271.0053,271.6551,270.8803,287.7156,255.9524,257.4098,257.6523,290.3726,283.4501,282.7597,280.4250,260.9937,276.7429,261.6547,285.3952,295.7861,275.5179,276.9675,296.7210,292.6135,274.1007,293.8177,293.0969,256.1933,299.3760,297.3715,282.3606,299.7853,288.2735,293.5055,283.7581,263.2155,297.1880,267.3587,284.0889,288.0881,288.5534,295.5281,295.9112,290.9044,287.0413,287.4487,294.9409,289.4318,289.9786,302.3931,292.3107,289.2397,288.1321,274.7140,252.0975,259.7528,288.0293,285.0848,274.7020,258.0641,266.5608,261.0651,261.2269,261.8981,262.2870,262.6412,262.2748,261.7878,285.3277,261.5668,261.4366,261.0681,257.5244,255.2879,277.3646,278.6792,271.1557,0.0000,275.4790,279.5446,261.9952,260.7332,281.4305,271.9504,271.5698,280.1997,286.5616,287.2557,260.1762,262.2733,300.7780,284.8392,263.6140,263.9935,257.7596,270.6826,279.2140,260.2079,283.7937,291.6996,261.9942,262.5801,254.9072,272.6508,265.1684,287.0958,284.0789,269.7484,269.7975,255.1989,257.8563,262.7579,281.9302,257.7275,265.5811,261.7255,262.3435,262.4846,275.4850,265.5103,265.7246,260.1406,260.1424,291.6779,256.3496,261.0780,258.9420,285.7096,286.7499,294.5693,296.0827,290.2695,257.0585,265.5490,256.1894,262.6805,261.0302,260.1185,259.4034,284.3967,0.0000,274.4649,258.2417,297.3142,297.2258,259.4418,258.8560,286.4748,263.7118,261.6213,297.6318,289.1572,273.1567,289.3964,311.4059,269.6234,287.9915,307.9266,308.0136,290.3913,282.9604,258.1559,296.5143,296.3078,292.0013,296.3734,289.1307,264.4345,270.8615,271.0231,298.0789,306.5574,268.7713,293.1985,295.3258,295.4347,294.3376,291.6779,295.2716,294.0022,295.3920,295.4576,295.0582,290.4269,261.5668,255.2945,259.4050,0.0000,267.6005,261.6631,267.6006,260.3024,260.3853,259.9274,264.9702,271.7704,289.5644,257.4109,271.8406,271.9284,272.2345,266.4474,263.9339,287.6558,262.1963,266.4469,269.9001,294.2966,285.5955,286.2127,292.2589,284.3967,292.4115,284.3967,287.8671,287.7313,258.7860,267.8619
5.0000,296.2535,262.8392,263.0069,265.0941,260.6843,277.1455,274.9739,294.0273,268.3390,295.7249,283.9687,293.4242,265.9143,275.7298,266.2722,264.6596,273.5626,272.6278,278.9419,259.6618,270.0639,266.3310,268.0144,267.9530,279.7667,283.4180,284.1509,279.3083,295.9898,262.6560,264.0792,264.3261,298.6753,295.0123,294.1177,288.3792,267.6840,287.5620,268.4370,296.7864,307.2978,283.9851,284.9296,308.2434,300.9519,280.5423,300.0043,299.2798,262.8913,302.5123,299.7843,288.6678,305.0877,294.3494,298.9214,289.9743,269.7576,300.6443,273.6507,290.1475,294.1213,294.6057,299.3855,299.7096,296.7701,293.0525,293.5038,301.2231,295.4892,296.0294,306.9695,298.4239,295.3584,294.1665,281.1514,258.6586,266.3317,296.3319,293.2408,284.7650,264.6129,273.0726,267.7550,267.9034,268.5786,268.9561,269.3615,268.9888,268.4586,293.9654,268.2745,268.2008,267.8447,264.1421,261.8781,286.0992,287.7031,279.6016,0.0000,283.2268,287.4704,268.7519,268.4034,293.1448,278.2494,277.8863,286.3482,292.6214,293.2985,266.9205,268.9841,305.3093,292.9907,270.3263,274.7166,266.4515,277.7209,291.2874,266.9105,289.9680,297.8346,268.7383,269.3295,261.5638,279.0023,272.5439,295.3614,290.1597,276.0335,276.0839,261.7789,264.4853,279.7700,290.7511,264.4008,272.9686,268.4220,269.0679,269.2051,281.9280,276.2442,276.5783,266.9784,266.9800,297.8096,262.6654,267.7097,265.5991,291.7698,292.7682,303.5570,304.9898,299.0945,263.7362,272.2482,263.1925,269.3646,267.7545,266.8524,266.0960,290.4840,0.0000,280.7876,265.0354,299.7477,299.9505,266.1305,265.5335,294.6969,270.4172,268.3288,298.7995,289.1572,279.4374,289.4570,311.0407,277.7969,299.9987,319.0603,318.1226,298.6928,291.7219,264.8738,300.0473,299.8253,296.9746,296.2418,295.1192,275.2875,282.6273,283.4160,311.0901,317.9807,280.8220,299.4187,301.5405,301.6485,300.5268,297.8096,301.4850,300.2399,301.7074,301.6717,301.2630,296.5241,268.2745,261.8849,266.0976,0.0000,273.3558,268.3601,273.3559,267.0740,267.1186,266.6342,271.4900,277.9010,297.8753,264.0803,278.0934,278.2233,278.4576,271.8732,271.1079,293.7560,268.7908,271.8728,281.3139,294.2966,293.7793,294.4203,300.5914,290.4840,298.6060,290.4840,293.9417,293.7612,265.4332,274.1656
6.0000,295.4069,262.6592,262.8287,264.7539,260.3333,276.4905,274.5623,293.1043,267.9848,294.7974,283.2363,292.6101,265.6630,274.6100,266.6301,264.8311,273.8325,272.8632,278.9145,259.5070,269.0826,263.5928,265.7261,267.4756,279.1217,283.2921,284.1078,278.2994,294.9323,262.4785,263.8361,264.0819,297.5867,294.3139,293.3177,287.6031,267.3283,286.7817,268.0835,295.9277,306.1969,283.2962,284.1404,307.1207,299.8641,280.7541,300.3008,299.5764,263.2287,302.5701,299.8168,288.8908,305.2280,294.4472,299.0660,290.1785,269.8864,300.6862,273.8635,290.2062,294.1960,294.6733,299.4323,299.7545,296.7703,293.1305,293.5809,301.2815,295.5763,296.1147,307.0572,298.4577,295.5311,294.2412,281.3793,258.5788,266.4668,295.2451,292.3052,283.9460,264.3428,273.2962,267.3986,267.5614,268.2217,268.5951,268.9886,268.6246,268.1062,293.0534,268.0094,267.8782,267.5522,263.9307,261.7139,285.4048,286.8871,278.5870,0.0000,282.5206,286.6874,268.3990,268.0331,292.5127,278.2258,277.8719,286.3847,292.6920,293.3702,266.7448,268.7120,305.3860,292.0500,270.0519,274.0082,264.3349,277.4401,290.7946,266.6220,290.1699,297.9729,268.3970,268.9700,261.4199,279.2179,271.7656,294.4520,290.2199,276.2484,276.2988,261.7723,265.1249,279.1268,289.8515,264.1527,272.1702,268.0706,268.7070,268.8396,282.1319,275.7370,276.0184,266.8996,266.9014,297.9607,262.3309,267.9443,265.9097,291.8394,292.8443,302.5200,303.9594,298.1092,263.5090,271.9772,263.5807,269.9173,268.2164,266.6061,265.8245,290.5444,0.0000,280.7933,264.6978,299.7806,299.9896,265.8606,265.2648,293.7485,270.1508,268.0630,298.6816,289.1572,279.4212,289.4509,310.5673,276.7369,299.2376,317.8925,316.9009,297.5993,290.8084,264.9938,300.0903,299.8694,297.0328,296.0890,295.1663,274.8085,282.3226,283.2846,310.2434,316.8652,280.2025,299.4205,301.8478,301.9551,300.7455,297.9607,301.7908,300.3153,301.7428,301.9799,301.6559,296.6577,268.0094,261.7207,265.8259,0.0000,273.3796,268.0055,273.3796,267.0319,267.1004,266.3736,271.6686,277.8634,296.7909,263.8373,278.0712,278.1942,278.3989,271.7979,270.4758,293.8935,269.1004,271.7973,280.6152,294.2966,292.8089,293.4238,299.5027,290.5444,298.6141,290.5444,294.0187,293.8449,265.2082,274.3791
7.0000,290.0938,257.9684,258.1235,260.4305,256.1799,272.2568,270.1345,288.4594,263.3133,290.1686,278.6024,288.0351,261.0839,270.6400,261.4800,259.8810,268.5081,267.6550,274.0059,254.9331,265.2752,261.6844,263.3149,263.1778,274.8049,278.5151,279.2451,274.1353,290.2014,257.7933,259.2012,259.4291,292.7891,288.7516,288.0629,282.9464,262.6712,282.1939,263.4384,290.5994,300.5670,278.7747,279.4929,301.4637,295.0409,275.7038,295.5351,294.8131,258.2112,300.1391,297.9444,283.7765,301.0527,289.7632,294.6865,285.0865,264.8420,297.9962,268.8935,285.5770,289.5401,290.0058,296.4307,296.7939,292.2615,288.4735,288.8926,296.4764,290.9031,291.4458,303.4987,293.8333,290.8704,289.5843,276.4017,253.8686,261.5616,290.5153,287.6204,279.4913,259.7646,268.0846,262.7394,262.8765,263.5403,263.9011,264.2991,263.9338,263.4160,288.3352,263.2989,263.2140,262.8903,259.2844,257.0507,280.8865,282.3218,274.4257,0.0000,277.8904,282.0401,263.7243,263.5937,287.0903,273.3684,273.0326,281.6464,288.0152,288.7063,261.9998,263.9868,301.8630,287.3630,265.2931,269.8236,261.7780,272.7402,285.6319,261.9981,285.1020,293.2443,263.7130,264.2814,256.7153,274.2403,267.5171,289.8318,285.5250,271.3058,271.3553,256.9865,259.7241,274.8113,285.1983,259.5116,268.0260,263.3869,264.0096,264.1207,277.0814,271.4774,271.7755,262.1487,262.1504,293.2329,258.3779,262.9025,260.8443,287.1606,288.1828,297.3920,298.7707,293.1744,258.8619,267.1685,259.1601,264.1047,262.8371,261.9380,261.2204,285.8390,0.0000,275.8547,260.3739,297.8919,297.8705,261.2547,260.6879,289.1010,265.3808,263.3512,297.8067,289.1572,274.5138,289.4055,310.3084,272.6613,293.0063,311.2140,310.7835,292.7968,286.1318,260.0763,297.3414,297.1317,293.1750,296.0064,290.5235,270.4393,277.6947,278.5117,302.4024,310.0043,275.8803,294.6701,297.0636,297.1683,295.9528,293.2329,297.0075,295.5310,296.9303,297.1929,296.8817,291.9579,263.2989,257.0573,261.2219,0.0000,268.0994,263.3334,268.0994,262.2354,262.2710,261.7085,266.5469,272.8374,292.0132,259.2024,273.1925,273.3349,273.4752,266.4627,266.0757,289.2425,263.9271,266.4619,276.2558,294.2966,288.1111,288.7138,294.6827,285.8390,293.8270,285.8390,289.3075,289.1684,260.5895,269.4084
8.0000,287.3289,255.6247,255.7773,258.1328,253.9470,269.6973,267.6426,285.6288,260.9398,287.3604,275.9376,285.2941,258.7283,268.1540,259.1541,257.5832,265.7145,265.0070,271.6802,252.6558,262.8616,259.3126,260.9238,260.8140,272.1970,275.7840,276.5032,271.5967,287.3793,255.4514,256.8573,257.0768,289.9097,286.0061,285.3168,280.2199,260.3033,279.5175,261.0644,287.8304,297.7172,276.0421,276.8113,298.6065,292.1425,273.4725,293.6408,292.9360,255.9309,299.0799,297.1556,281.5167,299.2368,287.7216,292.7864,282.8236,262.2663,296.9097,266.7210,283.3405,287.5644,288.0440,295.2008,295.5902,290.2989,286.4481,286.8580,294.4717,288.9272,289.4591,301.9450,291.8576,288.8131,287.6087,274.2186,251.5499,259.0558,287.6868,284.8435,276.8370,257.4359,265.4242,260.3708,260.5108,261.1596,261.5128,261.9136,261.5568,261.0378,285.5235,260.9061,260.8432,260.5144,256.9507,254.7232,278.1208,279.5722,271.8844,0.0000,275.2422,279.3296,261.3518,261.2197,284.3483,271.1497,270.8175,279.5510,286.0057,286.7154,259.6527,261.5787,300.3353,284.5854,262.8550,267.3655,259.3833,270.3153,282.8760,259.6468,282.8448,291.2898,261.3398,261.9088,254.3830,272.0516,265.0885,287.0343,283.4825,269.1401,269.1891,254.5995,257.4919,272.2033,282.4292,257.1613,265.6243,261.0147,261.6348,261.7533,274.8390,268.9048,269.2122,259.8346,259.8362,291.2732,256.1866,260.6372,258.5766,285.1293,286.1548,294.4450,295.8050,290.2901,256.5186,264.7253,256.2281,262.3717,260.7024,259.5809,258.8787,283.7924,0.0000,273.4403,258.0775,297.0964,296.9782,258.9130,258.3565,286.3238,262.9617,260.9577,297.3103,289.1572,272.1690,289.3796,309.9868,270.1473,290.2039,308.1151,307.6465,289.9159,283.3528,257.7723,296.2227,296.0078,291.5802,295.9150,288.5181,267.9422,275.0504,275.7832,299.4125,306.9230,273.2444,292.8738,295.1558,295.2576,294.0230,291.2732,295.0994,293.5467,294.9225,295.2827,295.0031,290.0109,260.9061,254.7298,258.8801,0.0000,265.1787,260.9597,265.1788,259.9238,259.9591,259.3436,263.9330,270.3204,289.1734,256.8585,270.8862,271.1179,271.1322,263.3606,263.6608,287.1299,261.4741,263.3592,273.6336,294.2966,285.3220,285.9152,291.7872,283.7924,292.0534,283.7924,287.2652,287.1299,258.2488,267.2339
9.0000,293.2874,260.6259,260.7764,263.0938,259.0111,275.1286,273.0397,291.6823,266.0825,293.4520,281.6069,291.3670,263.7631,273.5798,264.1127,262.6129,270.9601,270.2051,276.7317,257.4473,267.9734,264.2242,265.8982,265.8687,277.6955,281.3880,282.1180,277.1248,293.3441,260.4489,261.8746,262.0877,295.8794,291.9466,291.2214,286.0293,265.4386,285.2225,266.2165,293.8014,303.9364,281.7599,282.5172,304.8481,298.1703,278.5740,298.5940,297.8668,260.8160,301.6505,299.1187,286.7230,303.5621,292.6594,297.3403,288.0004,267.4236,299.7417,271.7050,288.4603,292.4221,292.9174,298.3501,298.7015,295.0566,291.3002,291.7532,299.4955,293.8514,294.4138,305.6685,296.7122,293.9105,292.4746,279.1758,256.4764,264.1345,293.6622,290.7689,282.5040,262.4578,270.6419,265.5083,265.6514,266.3089,266.6739,267.0754,266.7103,266.1899,291.5433,266.0305,265.9834,265.6354,261.9695,259.7043,283.9035,285.4000,277.4456,0.0000,280.8844,285.1031,266.5237,266.2985,290.2410,276.1558,275.8107,284.4625,290.8773,291.5779,264.9494,266.7191,304.0213,290.4973,268.0122,272.7891,264.3946,275.5856,288.7014,264.7223,287.9891,296.2220,266.4821,267.0494,259.3613,277.0558,270.3930,293.1229,288.3595,274.0995,274.1495,259.5875,262.4015,277.7010,288.3643,262.1859,270.9385,266.1709,266.7875,266.9077,279.9743,274.4883,274.7043,264.8497,264.8514,296.1988,260.8814,265.6027,263.5064,289.9992,291.0107,300.7797,302.1918,296.5007,261.5311,269.9909,260.9400,267.3983,265.6650,264.6616,263.9287,288.6783,0.0000,278.5520,263.0366,299.0760,299.2013,263.9625,263.3787,292.3272,268.1590,266.0838,298.1570,289.1572,277.2306,289.4237,309.9921,275.6307,296.3012,314.8711,314.3943,295.8771,289.3173,262.8392,299.1112,298.8831,295.6045,295.8995,293.3819,273.3439,280.6190,281.3886,305.8539,313.6331,278.7551,297.9049,300.1390,300.2434,299.0025,296.1988,300.0817,298.5429,299.9541,300.2698,299.9836,294.9147,266.0305,259.7110,263.9302,0.0000,270.4041,266.1028,270.4042,264.9390,264.9758,264.4302,269.1199,275.4418,295.1637,261.8758,275.9508,276.1264,276.1491,268.6070,268.9127,292.2343,266.5273,268.6057,279.1842,294.2966,291.2487,291.8507,297.8043,288.6783,297.0968,288.6783,292.1493,292.0043,263.2416,272.2184
10.0000,295.7354,263.1191,263.2900,265.4135,261.0070,277.2261,275.1360,294.0139,268.5635,295.6351,283.8844,293.6723,266.2541,275.9915,266.5367,265.0172,273.8504,272.9653,279.2930,259.9384,270.2471,266.4597,268.1430,268.2019,279.8318,283.5315,284.2597,279.4869,294.7449,262.9336,264.3369,264.5579,296.1498,294.3931,293.6442,288.2445,267.9130,287.5318,268.6800,296.2546,306.4916,284.0272,284.8360,307.4125,298.5160,281.3455,301.0506,300.2951,263.2287,302.8946,300.0733,289.7564,305.2125,295.0682,299.8581,291.0584,269.9710,301.1370,274.4495,291.0185,294.8117,295.3043,299.8891,300.2209,296.7703,293.6800,294.1307,302.0217,296.3195,296.9333,307.4482,299.3426,296.4263,294.8567,281.8002,258.9270,267.2670,295.0722,292.5970,284.8077,264.8750,273.3904,267.9842,268.1415,268.7898,269.1582,269.5722,269.2042,268.6768,293.9258,268.5330,268.4430,268.0827,264.4067,262.1438,286.1816,287.7394,279.8071,0.0000,283.1511,287.2808,269.0128,268.6529,292.6584,278.6684,278.3086,286.9005,293.2790,293.9727,267.1968,269.2386,305.8104,292.2902,270.5664,274.9101,266.6453,278.0976,291.0605,267.1674,291.0387,298.6591,268.9776,269.5850,261.8379,279.7693,272.8262,295.3256,290.7731,276.8057,276.8562,262.2763,264.8133,279.8351,290.7447,264.6563,273.3655,268.6631,269.2858,269.4132,282.7530,276.2144,276.6026,267.2605,267.2623,298.6370,263.1297,268.0341,265.9285,292.3985,293.3933,303.3870,304.8132,299.0168,263.9988,272.6590,263.8646,269.3215,267.9221,267.1054,266.3594,291.0965,0.0000,281.1399,265.3563,300.0392,300.2838,266.3967,265.8066,294.3206,270.7434,268.5883,298.6049,289.1572,279.7989,289.4469,310.2260,278.0145,298.8155,317.8601,317.3317,296.2505,291.7039,265.2191,300.5288,300.2890,297.5702,295.9893,295.5637,275.4530,282.7794,283.5329,308.5243,316.5763,280.8720,300.2854,302.6117,302.7174,301.4561,298.6370,302.5537,301.0409,302.5317,302.7428,302.4475,297.3253,268.5330,262.1505,266.3610,0.0000,273.2534,268.5842,273.2535,267.3591,267.4048,266.8854,271.7010,278.1042,296.2255,264.3381,278.5331,278.6432,278.6781,271.4928,271.3575,294.7632,269.0841,271.4916,281.3721,294.2966,292.9447,293.4457,298.1544,291.0965,299.4358,291.0965,294.5688,294.4060,265.7246,274.9547
11.0000,298.0717,265.8837,266.0740,267.9771,263.4003,278.3584,276.2473,297.5161,271.5073,299.3888,287.0848,297.3607,269.0429,278.7713,269.1370,267.7608,276.5902,275.7027,281.7802,262.7623,272.2858,268.3348,270.1016,270.5287,281.1254,284.7146,285.4483,282.1898,298.6545,265.6844,267.1348,267.3633,300.1076,296.7266,295.9128,291.6732,270.8464,289.5699,271.5850,298.6083,309.1930,286.8086,288.0157,310.1452,302.5464,283.9932,303.3680,302.5776,265.8750,303.9734,300.9336,292.6819,305.8805,297.2043,302.2156,294.0211,272.7131,302.4510,277.0770,293.3943,297.0565,297.5511,301.3370,301.6654,296.7703,295.8175,296.2043,304.3626,298.6674,299.3474,308.9133,301.7497,298.7641,297.1012,284.2428,261.5942,269.8753,299.0321,296.3078,287.0485,267.6484,276.1515,270.9199,271.0718,271.7529,272.1419,272.5565,272.1718,271.6370,297.2551,271.4725,271.3392,270.9467,267.1764,264.8743,288.8985,290.4912,282.5059,0.0000,286.3761,290.6805,271.9472,270.9865,294.8344,281.1856,280.8248,289.2470,295.5242,296.2215,270.0456,272.2114,307.3302,295.9946,273.5948,276.0332,268.2784,280.8916,292.9411,269.9911,293.9726,300.9521,271.9155,272.5502,264.5650,282.3470,275.6911,299.0689,293.0451,279.3816,279.4325,264.9286,267.5063,281.1287,293.7781,267.4707,276.3433,271.6099,272.2514,272.3866,285.4252,275.9072,276.8539,269.9147,269.9165,300.9271,265.5935,270.7009,268.5895,294.6149,295.5423,307.0286,308.5670,302.5259,266.7853,275.9172,267.6782,271.2372,270.3682,269.9249,269.1483,293.3761,0.0000,283.7033,267.9251,300.9071,301.2541,269.1890,268.5497,298.0745,273.8485,271.5316,299.0699,289.1572,282.2912,289.4710,310.6587,280.7530,301.3575,321.6161,321.2676,300.2042,294.8267,267.9770,301.8617,301.6012,299.4233,296.1452,296.9900,276.5901,283.9498,284.7137,311.5591,320.2296,282.1391,302.5949,304.9478,305.0527,303.7738,300.9271,304.8891,303.3741,304.8761,305.0788,304.7960,299.5968,271.4725,264.8811,269.1499,0.0000,275.8839,271.5289,275.8840,270.0464,270.1179,269.7316,274.4672,280.6380,300.1763,267.1359,280.9825,281.1633,281.1304,274.1002,274.2174,297.1128,271.7386,274.0988,282.9571,294.2966,296.7018,297.2511,302.1725,293.3761,301.7422,293.3761,296.8103,296.5744,268.5239,277.5700
12.0000,300.0821,268.4274,268.6569,270.1673,265.3843,279.3159,277.1941,300.7026,274.0374,302.9308,290.0793,300.8980,271.4038,281.2060,271.2484,269.9541,278.8933,278.0380,283.6815,265.3978,273.9883,269.8940,271.7213,272.4763,282.2306,285.7734,286.5110,284.5594,302.1858,268.2055,269.6254,269.8708,303.6675,298.7452,297.8650,294.8675,273.3691,291.3430,274.0931,300.6353,311.5515,289.4271,291.0213,312.5337,306.1704,286.1929,305.0092,304.1574,267.8775,304.6925,301.5332,295.2379,306.1508,298.6892,304.1089,296.6301,275.1178,303.3548,279.2293,294.6751,298.7347,299.2263,302.3612,302.6785,296.7703,297.4006,297.7240,306.0726,300.4848,301.2675,309.9421,303.4754,300.1383,298.7796,286.1699,264.0617,272.2766,302.5938,299.7194,289.0251,269.9856,278.5079,273.4442,273.6069,274.2834,274.6761,275.1462,274.7372,274.1716,300.2143,274.0579,273.8432,273.4431,269.5949,267.3071,291.4307,293.0012,284.8506,0.0000,289.3690,293.8403,274.4845,272.9603,296.7475,283.1436,282.7927,291.0323,297.2050,297.9050,272.4549,274.8447,308.4138,299.3931,276.2913,276.9956,269.7078,283.3325,294.6551,272.4250,296.5413,302.6402,274.4614,275.1196,267.0709,284.4574,278.1596,302.6103,294.7507,281.4849,281.5362,267.3780,269.5040,282.2340,296.4686,269.9814,278.8140,274.1451,274.8189,274.9583,287.6746,275.6726,277.0458,272.0958,272.0979,302.6086,267.7053,272.7919,270.6384,296.2718,297.1362,309.7513,311.3457,305.3828,269.2832,278.7799,269.4406,273.5837,272.5541,272.3665,271.5541,295.0838,0.0000,285.6460,270.1208,301.5133,301.9346,271.5939,270.8896,301.5669,276.5801,274.1202,299.4597,289.1572,284.1917,289.4912,309.6760,283.1553,303.4603,323.9542,323.4997,303.7627,297.5878,270.2013,302.7915,302.5215,300.7839,295.9565,298.0483,277.5629,284.9758,285.7714,313.8824,322.5777,283.1951,304.3069,306.6218,306.7276,305.4666,302.6086,306.5629,305.0795,306.5885,306.7555,306.4618,301.2670,274.0579,267.3140,271.5558,0.0000,277.9996,274.0601,277.9996,272.2522,272.3486,272.2206,276.8638,282.5072,303.7527,269.6264,282.8498,283.1227,283.0023,276.2007,276.6992,298.4288,273.9383,276.1991,284.3300,294.2966,300.1352,300.7133,305.7861,295.0837,303.4737,295.0838,298.4649,298.1768,271.0241,279.7094
13.0000,300.6523,268.7560,269.0365,270.4326,265.7203,279.3570,277.1653,301.7533,274.3517,304.1480,290.6524,302.0363,271.9670,280.9548,271.4132,270.1756,279.1154,278.1965,283.5898,265.6595,274.1284,269.9783,271.8166,272.6605,282.2787,285.7170,286.4769,284.5371,303.1066,268.4959,269.8950,270.0236,304.5750,299.2978,298.3863,295.7611,273.6705,291.5816,274.3901,301.2192,312.4084,290.1698,291.4862,313.4152,307.1967,285.6132,304.5914,303.6825,268.0264,304.4417,301.3601,294.6679,306.0182,298.1476,303.4220,296.0980,275.3018,303.1034,278.7682,292.1050,298.4129,298.8936,302.0955,302.4059,296.7703,297.1269,297.4422,305.6912,300.2421,301.0957,309.6913,303.0771,298.5861,298.4571,285.7958,264.1431,271.8373,303.5137,300.6486,289.2512,269.9856,278.7327,273.7437,273.8952,274.5964,274.9825,275.4980,275.1035,274.4686,301.1643,274.5562,274.1607,273.7514,269.8469,267.4990,292.2879,293.5460,284.7877,0.0000,289.9020,294.7248,274.7756,273.1425,297.2780,283.0946,282.7494,290.8106,296.8915,297.5854,272.7828,275.4283,308.1571,300.3397,277.0017,276.8615,269.8426,283.6295,295.1390,272.6950,296.0000,302.2839,274.8141,275.4769,267.2834,283.9511,278.1921,303.8147,294.4462,281.0119,281.0631,267.2818,269.7112,282.2820,297.1861,270.2773,278.9868,274.4369,275.2085,275.4213,286.9751,275.6991,277.0241,272.3071,272.3087,302.2497,267.9698,272.9602,270.8031,295.9897,296.8650,311.3824,313.1363,306.7065,269.5579,279.7390,269.3866,273.9182,272.7708,272.6444,271.8128,294.7636,0.0000,285.5863,270.3877,301.3414,301.7497,271.8696,271.1164,302.6585,277.3149,274.6233,299.3636,289.1572,284.0943,289.4862,309.9542,283.0303,304.2240,326.1602,326.0075,304.6785,298.3684,270.4384,302.5437,302.2750,300.4852,296.1095,297.8884,277.5293,284.9278,285.7147,315.0622,324.6180,283.1730,303.9742,306.2478,306.3534,305.0868,302.2361,306.1888,304.7035,306.2065,306.3793,306.0939,300.8624,274.5562,267.5058,271.8145,0.0000,278.0527,274.3760,278.0527,272.4664,272.5655,272.5501,277.0696,282.3762,304.7016,269.8961,282.6933,283.0737,282.8881,276.2288,276.7967,296.1155,274.1006,276.2269,284.4326,294.2966,301.0772,301.6287,306.7947,294.7610,303.1478,294.7616,298.1600,297.9042,271.3077,279.2479
14.0000,301.3536,267.7089,268.0268,269.2375,264.2813,278.9081,276.6298,302.2487,273.3197,304.4196,290.2551,302.2382,270.6094,280.2987,269.7368,268.7362,276.8795,276.2901,281.2753,264.6533,273.0040,268.7915,270.6294,271.3481,281.8842,285.2832,286.0531,284.0514,303.1395,267.4302,268.8639,269.0569,304.5750,299.8886,298.8840,295.5716,272.6363,291.4715,273.3374,301.9717,314.1879,290.0790,291.1188,315.2876,307.1313,283.8247,300.7357,299.8004,266.4077,303.1358,300.2568,293.3462,305.1600,294.7714,302.0340,294.9068,273.4558,301.5327,277.0172,284.6990,295.0418,295.4889,300.2260,300.5765,296.7703,294.2445,294.6087,301.9643,296.8318,297.7143,307.9565,299.5949,293.0705,295.0849,283.8707,263.0568,270.3928,303.5710,300.6418,289.0572,269.2288,276.9721,272.7090,272.8505,273.5612,273.9426,274.4850,274.0897,273.4259,301.5616,273.4769,273.0907,272.6840,268.6829,266.3650,292.2447,293.5936,284.3409,0.0000,289.4847,294.4919,273.7168,271.7161,297.7200,280.8301,280.5075,287.8347,293.5956,294.2219,271.5646,274.4128,306.3096,300.3099,276.1064,276.2914,268.8930,282.5345,295.3013,271.6323,294.7833,298.5505,273.7652,274.4168,266.2000,282.1745,277.3696,304.0751,291.1478,279.2607,279.3116,266.0751,268.0435,281.8904,297.4626,269.2538,278.2149,273.3893,274.1955,274.4368,285.2086,275.8026,276.9395,270.9144,270.9166,298.5036,266.7881,271.3250,269.1717,292.9569,293.9745,312.5307,314.3876,307.5081,268.5184,278.2060,267.4134,272.5352,271.1839,271.5273,270.7408,291.3394,0.0000,283.2070,269.1953,300.2292,300.5453,270.7844,269.9901,302.8125,276.0256,273.5400,298.9259,289.1572,281.7789,289.4636,312.2300,282.4684,305.0766,328.5246,328.3825,304.6770,298.6976,269.0323,300.8871,300.6236,297.8556,297.0027,296.0383,276.9822,284.4564,285.2796,316.6024,326.8562,282.8001,300.3409,302.3758,302.4807,301.2722,298.1964,302.3198,300.9625,302.4769,302.5064,302.1429,297.1155,273.4770,266.3718,270.7426,0.0000,275.7793,273.3447,275.7793,271.0679,271.1770,271.4507,275.0602,280.0855,304.7249,268.8649,280.3242,280.8095,280.5567,273.9430,275.8883,288.5373,272.3334,273.9409,284.0996,294.2966,301.0655,301.6251,306.7395,291.3253,299.5190,291.3012,294.9697,294.9228,270.2281,277.4850
15.0000,303.9795,267.5995,267.9710,268.8816,263.7164,278.9422,276.9752,301.4771,273.0904,304.3338,289.9961,302.0661,270.4261,279.7531,268.3717,267.5145,275.4900,275.1368,278.6106,264.6156,272.7304,268.8536,270.5456,270.9458,281.9900,285.9171,286.6248,283.6680,303.1440,267.2879,268.6543,268.8769,304.5750,303.4479,301.1098,295.2419,272.3893,291.8229,272.9603,304.6994,318.9658,289.8703,290.8296,320.2508,307.2431,281.3230,294.9423,293.9640,264.8542,300.9534,298.5151,291.0864,301.9995,290.1936,299.5331,292.7336,272.6429,298.9761,274.5674,282.0312,290.0919,290.4686,297.2777,297.6685,293.7279,289.9404,290.3064,296.5928,291.7606,292.6586,304.8250,293.9993,287.4519,290.1340,281.2516,262.7648,269.6539,303.6113,300.5175,289.0445,268.8516,275.8933,272.4658,272.6062,273.3528,273.7561,274.3140,273.8810,273.2139,300.6914,273.1562,272.6793,272.2473,268.0942,265.8816,291.9838,293.1807,283.9887,0.0000,289.2241,294.2579,273.4267,271.4483,300.8620,278.0947,277.8110,283.7138,288.7805,289.3105,270.9132,274.2021,303.1401,300.2141,276.0232,276.8522,269.0903,282.0159,297.6402,271.2797,292.5803,292.9777,273.4397,274.0802,266.0267,279.6960,276.9551,303.9755,286.3870,276.8123,276.8628,265.6257,266.5163,281.9951,296.7786,269.0746,278.0200,273.1536,273.9608,274.2095,282.7533,275.7793,276.9585,269.9739,269.9758,292.9179,266.5553,269.8098,267.6385,288.5124,289.6755,309.7025,309.7026,305.6410,268.3249,278.1569,265.4353,271.7641,270.0344,271.0226,270.3614,286.3968,0.0000,280.4658,268.8413,298.4682,298.5815,270.4174,269.5818,302.7573,275.8251,273.2237,298.0514,289.1572,279.1017,289.4182,314.8148,282.0142,309.1130,334.7278,325.0281,304.6861,297.9438,267.8951,298.2300,297.9845,293.8797,297.8378,292.1818,277.3458,284.9303,285.9081,321.7261,332.8835,282.9499,294.9510,296.5685,296.6712,295.5321,292.0599,296.5176,295.5165,297.0923,296.6960,296.3337,291.0856,273.1562,265.8884,270.3635,0.0000,273.9613,273.1162,273.9612,270.0799,270.1714,270.9976,274.1347,277.6986,304.7447,268.6551,277.6711,278.0720,277.8922,272.0928,275.4500,281.7938,271.0515,272.0906,284.1688,294.2966,300.9955,301.5665,306.8349,286.3670,294.2292,286.2946,290.2744,290.4782,270.0257,275.0235
16.0000,305.8666,267.8337,268.2567,268.7850,263.5340,278.7951,277.0011,302.1933,273.3756,305.1949,290.6032,302.7976,272.5510,281.1934,268.0120,267.2027,275.1446,274.9873,277.5470,265.6788,271.8162,266.1714,268.2943,270.3987,281.9963,286.3541,287.1357,284.7662,303.9646,267.5091,268.9575,269.2827,305.4506,305.4547,302.7418,295.9297,272.6896,292.4435,273.2776,306.6508,322.2185,290.4346,291.4608,323.6211,308.1880,280.1349,291.9184,290.8284,264.3454,299.6980,297.5498,289.9564,299.7125,287.4632,298.0701,291.6755,272.6234,297.6449,273.4252,275.6067,287.6732,287.9394,295.7476,296.1658,291.2810,287.8931,288.1398,293.8117,289.3687,290.3858,303.0330,291.2527,282.5625,287.7143,280.0455,262.9961,270.3859,304.4395,301.2914,289.6874,269.0645,275.7589,272.7684,272.9184,273.6136,274.0051,274.5915,274.1678,273.4918,301.4032,273.2596,272.9468,272.4474,268.1814,266.0194,292.5589,293.8191,285.0410,0.0000,289.8066,294.9236,273.7941,270.9201,302.6188,277.0126,276.7537,282.1984,286.4980,286.9544,271.0082,274.3786,301.3681,300.9793,276.1789,276.6958,267.2716,282.3115,298.8797,271.5020,291.5175,290.1345,273.7156,274.3276,266.2732,278.5179,277.9409,304.8181,284.6767,275.6538,275.7040,266.0195,266.0905,281.9963,297.4201,269.3971,279.2198,273.4834,274.2491,274.5161,281.5519,275.8097,276.9336,269.7148,269.7164,290.0965,266.5553,269.3613,267.1683,286.3766,287.6465,311.0689,311.0690,306.6989,268.6082,278.2430,263.6578,272.2130,269.8682,271.1591,270.5756,284.4335,0.0000,279.2336,268.7545,297.4964,297.5052,270.7152,270.0134,303.5852,275.7969,273.3302,297.5730,289.1572,278.0124,289.3933,316.1437,283.2659,311.5535,338.8230,327.8796,305.5637,298.5974,267.6432,296.8510,296.5979,291.8677,298.0503,289.9310,277.3154,285.0788,286.3357,324.9894,336.8485,282.9319,291.6890,293.5786,293.6826,292.6107,288.8870,293.5302,292.7320,294.2979,293.7058,293.3661,287.7402,273.2597,266.0262,270.5777,0.0000,273.3222,273.4015,273.3221,269.8490,269.9685,271.1747,274.0684,276.7333,305.6140,268.9581,276.6162,276.9848,276.8246,271.4126,276.1749,275.0033,270.7744,271.4103,284.3700,294.2966,301.7755,302.3579,307.7691,284.3917,291.0136,284.2051,288.2302,288.4102,270.8895,273.8762
17.0000,306.9809,269.6716,270.1393,270.1607,264.6612,278.0564,275.9373,304.8362,275.3321,307.9913,292.9729,305.1888,274.7066,282.8602,269.3783,268.6877,276.6371,276.4279,278.1710,267.7152,273.0319,269.0524,270.8079,271.6029,280.3250,284.1334,284.8241,286.2367,307.0798,269.3184,270.7047,271.0190,308.7463,306.2941,303.5350,298.4796,274.6459,292.4482,275.1693,307.8468,325.0759,292.0997,293.8583,326.6286,311.6246,281.4117,291.3166,290.2089,265.5995,299.7579,297.5869,291.7404,299.9281,287.3962,299.2722,293.5640,274.1956,297.7834,274.6786,278.2175,287.1885,287.4318,295.7326,296.1643,291.2257,287.7560,288.0496,293.2699,288.8873,289.9283,303.0877,290.7061,282.5766,287.2301,281.0283,264.7284,271.4159,307.6065,304.1323,290.1181,269.7299,277.2181,274.7301,274.8800,275.5993,276.0278,276.6054,276.1663,275.4893,303.8435,275.1800,274.8143,274.2420,269.8425,267.7055,294.1185,295.3362,286.5314,0.0000,292.1684,297.4655,275.7720,272.0229,303.0176,277.5841,277.3452,282.0419,286.0599,286.4705,272.7606,276.3802,301.4180,303.8365,278.2698,275.9371,269.0242,285.2138,298.4081,273.1626,293.3970,289.5530,275.6682,276.3395,268.0854,279.7341,279.7786,307.5501,284.1925,276.8751,276.9256,267.5165,267.3054,269.9188,299.3626,271.1795,281.3317,275.4720,276.2499,276.5484,282.8989,276.0388,276.7463,271.0897,271.0912,289.5187,267.7835,270.5578,268.3877,286.1475,287.5084,314.7601,314.7602,309.8212,270.3703,280.5911,264.9895,273.8194,271.3604,272.8578,272.1584,283.8240,0.0000,279.8957,270.1343,297.5293,297.5526,272.3297,271.6136,306.4038,277.9235,275.2565,297.7156,289.1572,278.6498,289.4007,317.9747,284.8328,312.8695,341.7465,333.9870,308.8664,300.6833,269.1668,296.9136,296.6332,291.6266,298.3583,289.8913,276.3277,283.4660,284.1344,327.2703,339.6877,281.2642,291.2645,292.9761,293.0794,291.9982,288.2133,292.9283,292.1904,293.7561,293.1028,292.8809,286.7229,275.1800,267.7124,272.1605,0.0000,274.4994,275.3595,274.4992,271.2424,271.3830,272.9563,275.5905,277.5593,308.8186,270.7053,277.2254,277.5532,277.4091,272.5460,277.9855,275.2045,272.1701,272.5438,283.3395,294.2966,304.6978,305.3396,311.1843,283.7789,290.5766,283.5023,287.8716,288.2051,272.9892,275.1126
18.0000,310.2908,272.6399,273.1449,272.7353,266.5360,279.2423,277.0055,307.8584,278.5085,311.7000,296.2875,308.8548,279.1794,285.9084,271.9997,271.4102,279.2713,279.1734,280.4733,270.0868,275.0085,270.7730,272.6662,273.8333,281.7444,285.6301,286.3711,289.1880,310.8687,272.2681,273.6839,273.9563,312.4010,309.6193,306.6388,301.9853,277.8145,294.8142,278.2878,311.2129,329.5849,295.0971,297.1424,331.2408,315.4414,284.4332,293.2723,292.1619,268.1438,300.9138,298.4389,295.0260,301.6576,289.1933,301.7667,296.8646,277.0289,299.0761,277.5824,278.9880,289.0895,289.3433,297.0833,297.5067,293.0490,289.7370,290.0196,295.2220,290.8032,291.8456,304.6960,292.6741,283.6553,289.1311,283.7761,267.6469,274.3090,311.4364,307.8112,292.5978,272.6484,279.9804,277.9029,278.0655,278.7834,279.2278,279.8272,279.3730,278.6836,307.0849,278.3287,277.9092,277.2852,272.7732,270.6286,297.0546,298.2250,289.4809,0.0000,295.5044,300.9448,278.9728,274.1848,306.0755,279.8908,279.6716,284.1010,287.9824,288.3701,275.7413,279.6081,303.0014,307.5074,281.5979,276.9251,270.4088,281.8125,300.9606,276.1812,296.6527,291.4630,278.8134,279.4967,271.0436,282.6518,282.9146,311.2523,286.1362,279.7590,279.8100,270.4329,269.8640,271.2855,302.4131,274.1852,284.6916,278.6757,279.4521,279.7788,286.0110,275.7074,277.0173,273.7421,273.7434,291.4227,270.3434,273.1471,270.9566,288.1305,289.4922,318.7733,318.7734,313.4942,273.3424,284.1486,267.6687,276.4485,274.0036,275.8374,275.1315,285.7387,0.0000,282.2817,272.7168,298.3872,298.5213,275.3624,274.8437,310.1406,281.2314,278.4107,298.1065,289.1572,280.9692,289.4210,320.2229,287.8332,316.5316,346.9221,339.6088,312.5633,303.7886,271.9260,298.1924,297.8873,293.2528,299.0611,291.8318,277.4228,284.7834,285.6254,331.6561,344.7652,282.7082,293.3857,294.9431,295.0460,293.9495,290.0625,294.8950,294.1351,295.7123,295.0700,294.8795,288.4713,278.3287,270.6355,275.1336,0.0000,276.9467,278.5370,276.9465,273.9379,274.1181,275.9926,278.3971,279.9004,312.6144,273.6844,279.5095,279.8550,279.6669,274.9367,281.0787,275.9963,274.8404,274.9345,285.0810,294.2966,308.3993,309.0681,314.9819,285.6931,292.7272,285.3956,289.8292,290.1817,274.9315,278.0102
19.0000,312.2789,274.4465,274.9982,274.1613,267.4073,279.9100,277.6285,309.7409,280.2271,313.5612,297.8246,310.6778,281.0691,286.3454,273.3521,272.5528,280.3543,280.4410,281.5209,272.2973,276.1649,271.8091,273.7703,275.1361,282.5149,286.4616,287.1979,289.9432,311.9362,274.0541,275.4576,275.8209,312.4010,311.4660,308.3976,303.6036,279.5015,295.9679,279.8190,313.2581,332.8001,296.8000,298.6614,334.5616,315.5641,286.0687,294.1314,293.0070,269.4689,301.4617,298.8760,297.0054,302.8151,290.2291,303.2490,298.9214,278.5341,299.7856,279.2041,279.9579,290.0465,290.2959,297.8012,298.2207,294.2143,290.7858,291.0882,296.2102,291.7815,292.8477,305.5164,293.5575,284.5317,290.0889,285.1921,269.3572,275.7053,312.5350,309.2062,293.7050,274.3587,281.2263,279.5942,279.7945,280.5418,281.0203,281.5687,281.1011,280.4480,308.8920,280.0391,279.4493,278.8724,274.3453,272.2470,298.7565,299.7880,290.2612,0.0000,297.0578,302.5101,280.4932,275.5154,307.8503,281.0157,280.8257,285.1462,288.9656,289.3326,276.2156,281.3803,303.8242,308.8600,283.4551,277.6193,271.2750,284.0993,302.6003,277.8428,298.6755,292.3744,280.4434,281.1219,272.8141,284.2311,283.8437,313.1090,287.1354,281.3418,281.3931,272.0388,271.2554,272.0295,304.0808,275.9842,285.6135,280.3619,281.1614,281.5131,287.6868,275.5276,277.1643,275.1714,275.1726,292.3299,271.7121,274.5259,272.3166,289.1586,290.5397,321.3921,321.3922,315.7336,275.1189,286.0924,268.8816,278.0363,275.4526,277.4209,276.7761,286.7244,0.0000,283.6082,274.1457,298.8279,299.0303,277.0214,276.4903,311.7460,283.0521,280.1247,298.3094,289.1572,282.0473,289.4316,324.0644,288.4460,318.4532,348.8293,344.0526,312.7007,305.4944,272.9698,298.8824,298.5573,294.0989,300.4437,292.9719,278.0725,285.5304,286.4553,333.7021,346.7124,283.4929,294.3059,295.8023,295.9062,294.7905,290.9364,295.7547,295.1120,296.7021,295.9300,295.7428,289.3486,280.0391,272.2540,276.7783,0.0000,277.7794,280.2560,277.7792,275.3818,275.5802,277.6055,279.8183,280.8786,313.3879,275.4579,280.4400,280.9745,280.6347,275.6064,282.2126,276.8367,276.1595,275.6042,285.9536,294.2966,309.6829,310.2749,315.1070,286.6776,293.6633,286.3736,290.8773,291.2255,276.9677,279.6186
20.0000,295.8707,274.4655,275.0284,274.1485,267.3275,279.3490,277.7159,309.7185,280.3978,313.8453,297.9714,310.8986,281.2057,286.9701,273.2780,272.5278,280.3965,280.4776,281.1788,272.3727,275.9946,272.3144,274.0001,275.0242,281.5490,285.3671,285.9512,289.9316,312.1595,274.0637,275.5190,275.8868,312.4010,298.2392,296.1030,303.7615,279.6738,292.6990,279.9776,296.8334,316.0667,296.1704,298.8308,317.8004,315.6393,286.0954,293.7730,292.6334,269.3926,301.3312,298.7716,297.1368,302.5143,289.8277,303.2093,299.0704,278.5573,299.6747,279.2238,279.1374,289.7512,289.9909,297.6417,298.0661,293.9811,290.5091,290.7970,295.8356,291.4824,292.5555,305.3120,293.0830,283.7329,289.7932,285.1180,269.2892,275.7730,312.7819,309.4259,291.9934,274.2907,281.2813,279.7676,279.9538,280.7222,281.2119,281.7469,281.2835,280.6254,308.6541,280.1486,279.5825,278.9580,274.3717,272.2413,297.8979,298.9296,290.2323,0.0000,297.2103,302.6803,280.6698,275.3937,296.8758,280.7341,280.5685,284.8694,288.6784,289.0411,276.2339,281.5152,303.6234,309.0729,283.6032,278.0581,271.7970,284.4391,296.0481,277.9179,298.8097,292.0533,280.6018,281.2987,272.8001,284.2365,284.2651,313.3823,286.8513,281.3498,281.4011,272.0170,271.1135,271.1017,303.5211,276.0591,286.0641,280.5351,281.3452,281.7217,287.7449,275.6878,277.0333,275.1224,275.1236,292.0122,271.7121,274.4064,272.2107,288.8806,290.2626,321.4115,321.4116,315.6368,275.1678,286.2732,269.2167,277.6782,275.3035,277.4757,276.8273,286.4364,0.0000,283.2679,274.1354,298.7227,298.9171,277.0759,276.5374,312.0221,283.2039,280.2357,298.2645,289.1572,281.6996,289.4292,327.3002,288.7254,305.1178,335.2311,344.7697,312.7529,305.0306,272.9512,298.7526,298.4186,293.8608,301.6378,292.7134,278.1471,285.0144,285.3782,320.1619,333.1119,282.5684,293.9109,295.4603,295.5671,294.5064,290.6051,295.4128,294.7607,296.3269,295.5900,295.3792,289.0297,280.1486,272.2483,276.8296,0.0000,277.5010,280.4272,277.5007,275.3379,275.5364,277.6781,279.8560,280.5867,313.5772,275.5192,279.9860,280.6867,280.2194,275.1797,282.5408,276.0579,276.1290,275.1775,284.7609,294.2966,309.8992,310.4909,315.1786,286.3890,293.2528,286.0853,290.6105,290.9475,277.0948,279.6328
21.0000,295.8707,275.1800,275.7650,274.7002,267.6022,279.5414,277.9825,310.8850,281.0721,314.9530,298.7934,311.9581,281.9379,287.0419,273.6815,272.8401,280.6333,280.8644,281.2262,273.1449,276.1897,271.9600,273.7850,275.4004,281.7994,285.7938,286.4022,290.1841,312.9040,274.7671,276.2133,276.6137,312.6932,298.5003,296.2833,304.6922,280.3344,293.0589,280.5775,296.8697,316.8537,297.0453,299.6532,318.6551,315.9991,286.3703,293.9878,292.8691,269.7429,301.4585,298.8415,297.2726,302.8388,290.0053,303.3243,299.1907,279.0360,299.7518,279.4643,279.2691,289.9027,290.1436,297.7366,298.1593,294.2078,290.6906,290.9859,296.0296,291.5797,292.6094,305.4593,293.1200,283.8491,289.9450,285.4041,269.9430,276.5750,313.5470,310.2909,292.4213,274.8710,281.6424,280.4295,280.6224,281.4077,281.9069,282.4528,281.9712,281.3085,309.7627,280.8904,280.1867,279.5898,274.9858,272.8722,298.7865,299.7659,290.4873,0.0000,298.0305,303.5679,281.2899,275.8104,297.2222,280.9120,280.7801,285.0428,288.8349,289.1927,276.2956,282.3105,303.7637,309.9174,284.4922,278.2852,271.6586,285.0913,296.5669,278.5589,298.9001,292.2290,281.2413,281.9261,273.4986,284.5036,284.6037,314.4824,287.0081,281.6031,281.6545,272.7224,271.5295,271.3435,304.5058,276.7667,286.5144,281.1967,282.0231,282.4034,288.0430,275.6392,277.0731,275.5993,275.6009,292.1934,272.3861,274.8213,272.6016,289.0525,290.4434,323.0988,323.0989,317.0498,275.8643,287.1634,268.9207,278.5789,275.8487,278.0900,277.4590,286.5868,0.0000,283.0642,274.6910,298.7927,298.9940,277.7150,277.1464,313.0035,284.0245,280.9797,298.0950,289.1572,281.7132,289.4204,329.4359,288.8993,305.5240,336.2020,347.6644,313.0915,306.0571,273.2264,298.8354,298.5062,293.9809,302.3865,292.9273,278.4069,285.3609,285.8026,320.8935,334.0523,282.8586,294.0279,295.6735,295.7816,294.7047,290.7783,295.6256,294.9630,296.5208,295.8042,295.5836,289.2089,280.8904,272.8791,277.4614,0.0000,277.4340,281.1020,277.4337,275.8252,276.0351,278.3282,280.2940,280.6051,314.1965,276.2135,279.9508,280.8585,280.1721,274.9429,282.9489,276.1852,276.5259,274.9405,285.0651,294.2966,310.7202,311.2822,315.5349,286.5392,293.3754,286.2333,290.7622,291.1283,277.8141,279.8777
22.0000,295.8707,275.1989,275.7928,274.6440,267.4799,279.5182,277.9094,310.8831,281.1653,315.1913,298.9107,312.1207,282.0495,287.1304,273.6242,272.8412,280.3217,280.6960,280.8803,273.3415,276.1554,271.8959,273.7313,275.3748,281.7827,285.7906,286.4116,290.2813,313.2198,274.7793,276.2774,276.7298,313.0498,298.5873,296.3207,304.8603,280.4212,293.0711,280.6512,296.8837,317.1567,297.1565,299.7499,318.9841,316.4310,286.3022,293.8075,292.6884,269.7495,301.3221,298.7524,297.2751,302.6110,289.7151,303.2501,299.1961,278.9231,299.6315,279.4094,278.5975,289.7019,289.9498,297.5831,298.0109,294.0446,290.4660,290.7628,295.8698,291.4289,292.4881,305.2614,293.4000,283.3068,289.7442,285.3152,269.8682,276.3797,313.8747,310.5396,292.4591,274.8710,281.5322,280.5159,280.6717,281.5186,282.0322,282.5469,282.0721,281.3996,309.7592,280.9311,280.2505,279.6285,274.9886,272.8510,298.8939,299.8289,290.6008,0.0000,298.1558,303.7343,281.3969,275.7955,297.3082,280.6567,280.5511,284.8089,288.6237,288.9888,276.3237,282.3634,303.5701,310.1662,284.5503,278.0708,271.5807,285.2326,296.6509,278.6006,298.8964,292.0392,281.3188,281.9894,273.4761,284.4361,284.7181,314.7087,286.7746,281.5417,281.5930,272.6043,271.5295,271.3274,304.5513,276.8412,286.7585,281.2803,282.1249,282.5301,287.9723,275.6492,277.0649,275.5872,275.5887,291.9974,272.1784,274.7791,272.5816,288.8356,290.2192,322.5504,322.5505,316.7738,275.9157,287.2136,269.4654,278.1458,275.6931,278.1143,277.4896,286.3443,0.0000,282.7704,274.6342,298.7015,298.8892,277.7466,277.1783,313.2430,284.0711,281.0210,298.1100,289.1572,281.3813,289.4212,329.7817,288.9945,305.6516,333.1526,347.8277,313.4481,306.0919,273.2314,298.7028,298.3714,293.7554,302.4968,292.7413,278.3194,285.3019,285.7983,321.1516,331.4844,282.8476,293.8953,295.4743,295.5813,294.5366,290.5758,295.4266,294.7946,296.3590,295.6039,295.3835,289.0089,280.9311,272.8578,277.4920,0.0000,276.8755,281.1956,276.8752,275.8144,276.0254,278.3567,280.1785,280.1913,314.5471,276.2775,279.5242,280.5973,279.7308,274.2237,283.0279,275.6248,276.4249,274.2210,285.0649,294.2966,310.9859,311.5646,315.9548,286.2969,293.2812,285.9867,290.5033,290.8888,277.9565,279.8200
23.0000,295.9987,275.7334,276.3386,274.9663,267.4689,279.5543,277.9222,311.2647,281.7795,315.7354,299.5883,312.5698,282.6353,286.4852,273.7737,272.9313,280.3553,280.8720,280.6693,273.6937,276.3818,272.1407,273.9845,275.6482,281.7759,285.7100,286.3314,289.9128,314.0923,275.3097,276.8011,277.2458,313.8708,298.7627,296.4241,305.4188,281.0413,292.9666,281.2998,297.0363,317.8194,297.0988,300.5088,319.6929,317.2204,285.9033,293.3709,292.2527,269.8864,301.0643,298.5956,296.8519,302.2140,289.3349,302.8875,298.7832,279.2271,299.4823,279.0235,278.0048,289.3597,289.5953,297.3841,297.8067,293.7351,290.1353,290.4179,295.3519,291.0571,292.1074,304.8719,292.9139,282.8049,289.4009,284.8861,270.4227,276.7509,314.7460,311.3991,292.3473,274.8710,281.7675,281.1362,281.3071,282.1375,282.6573,283.1829,282.7124,282.0307,310.0487,281.7128,280.9520,280.3719,275.5657,273.4144,298.8121,299.8874,290.2135,0.0000,298.7874,304.3288,282.0747,276.0792,297.4352,280.5672,280.4875,284.5813,288.2922,288.6558,276.3263,283.1484,303.1989,311.0371,285.3661,278.0324,271.7155,285.0920,296.6850,279.1258,298.4933,291.6295,282.0013,282.6769,274.0142,284.0351,284.6320,315.2375,286.4663,281.1473,281.1986,273.0908,271.6785,271.3201,304.7158,277.3694,286.5696,281.9136,282.7845,283.2036,287.5863,275.6403,277.0722,275.9683,275.9698,291.5910,272.3798,274.9810,272.7528,288.5142,289.8935,322.7790,322.7791,317.0433,276.4410,288.3788,269.5195,278.3528,275.8575,278.7284,277.9977,286.0326,0.0000,282.3468,274.9576,298.5430,298.7105,278.2596,277.6471,313.9202,285.0763,281.8049,298.0727,289.1572,281.1433,289.4193,330.0290,288.4557,306.0175,334.6280,348.2137,314.2670,306.2923,273.3087,298.5340,298.1851,293.5232,302.5163,292.4168,278.3241,285.2222,285.7171,321.9352,332.8529,282.8104,293.4034,295.0320,295.1372,294.0678,290.1668,294.9849,294.3219,295.8341,295.1596,294.9484,288.6410,281.7128,273.4213,277.9999,0.0000,276.6147,281.8105,276.6143,276.2031,276.4058,279.0372,280.4317,279.9474,315.4106,276.8012,279.2732,280.5027,279.4331,273.8182,283.2059,275.0977,276.5848,273.8158,285.0261,294.2966,311.8545,312.4490,316.7489,285.9851,292.7997,285.6724,290.1338,290.5457,278.3082,279.4312
24.0000,296.5761,275.4427,276.0616,274.7712,267.4119,279.5973,277.8750,309.5574,281.4629,314.1295,297.7444,310.9801,282.1405,286.9313,273.5850,272.8615,279.9610,280.5182,280.2319,273.5337,276.2777,272.0627,273.8941,275.4906,281.8982,285.9053,286.5655,290.0478,312.3382,275.0091,276.5062,276.9706,312.4010,299.4451,297.0669,303.7524,280.7090,293.7170,280.8863,297.6013,318.1277,295.6652,298.3852,319.9781,315.7984,285.8945,293.2401,292.1299,269.7673,300.9762,298.5215,297.0542,302.0023,289.1689,302.9663,299.0242,278.8408,299.3856,279.0819,277.7877,289.2253,289.4783,297.2963,297.7270,293.5666,289.9955,290.2753,295.2602,290.9207,291.9616,304.8067,292.7066,282.5274,289.2669,284.8569,269.9430,276.3108,313.0111,309.4871,292.3924,274.8710,281.4084,280.8051,280.9718,281.8500,282.3930,282.8671,282.3867,281.7345,308.2844,281.1641,280.4903,279.8159,275.0818,272.9340,297.3612,298.4574,290.3824,0.0000,297.1562,302.6384,281.6434,275.9191,298.0968,280.2167,280.1579,284.3515,288.1443,288.5124,276.3394,282.6224,303.1349,309.1236,284.8556,277.8503,271.6833,284.5680,297.2932,278.8014,298.7366,291.5034,281.5992,282.2853,273.6445,284.0408,284.6176,313.6343,286.2870,281.1786,281.2299,272.6269,271.6785,271.4336,302.9750,277.0824,286.2788,281.5812,282.4376,282.8618,287.5405,275.6283,277.0820,275.6809,275.6826,291.4549,272.3049,274.8033,272.6150,288.3635,289.7498,320.9273,320.9274,315.2238,276.1447,287.5989,268.9803,278.4660,275.7540,278.2666,277.6688,285.8473,0.0000,281.8468,274.7618,298.4713,298.6465,277.9217,277.3015,312.1764,284.3957,281.2563,297.9757,289.1572,280.6939,289.4142,330.7883,288.7793,306.7468,335.5336,346.5057,312.7711,304.5033,273.2511,298.4450,298.1014,293.4156,302.8514,292.2786,278.2756,285.3157,285.9098,322.8173,333.7712,282.9444,293.4534,294.9010,295.0055,293.9257,290.0269,294.8540,294.2182,295.7449,295.0283,294.8294,288.5580,281.1641,272.9409,277.6712,0.0000,276.0246,281.4938,276.0243,275.9053,276.1103,278.5191,280.0626,279.4509,313.7697,276.5063,278.7969,280.1487,278.9079,273.1073,283.1045,274.8267,276.3311,273.1050,285.1253,294.2966,309.9837,310.6012,315.3151,285.7994,292.8256,285.4849,289.9971,290.4201,277.9892,279.4807
25.0000,297.2860,275.5080,276.1403,274.9008,267.5707,281.5866,279.9280,311.4060,281.3641,315.8679,299.3166,312.7057,281.8662,286.9313,273.4346,272.8000,279.4269,280.1283,279.7787,273.5881,277.0191,272.5410,274.4238,275.9226,284.8613,289.0533,289.7472,290.5965,314.1097,275.0689,276.5156,277.0097,313.9340,300.2799,297.9516,305.3215,280.6036,294.8796,280.7597,298.2727,317.9997,297.6314,300.2032,319.7780,317.3293,285.2838,292.8323,291.7384,269.7208,300.5844,298.1843,296.1473,301.4948,288.6484,302.1141,298.0743,278.5041,298.9019,278.4977,277.0325,288.7824,289.0328,296.8535,297.2842,293.0765,289.5367,289.8032,294.8938,290.4402,291.4527,304.3859,292.2527,281.8688,288.8239,284.4455,269.9430,276.1314,314.8157,311.2203,293.8798,274.8710,281.0116,280.6994,280.8608,281.7444,282.2789,282.7749,282.2850,281.6205,310.2441,281.0294,280.3586,279.7398,275.0056,272.8844,299.4320,300.5568,290.9062,0.0000,298.5494,304.2091,281.4914,276.3868,299.3244,279.8659,279.8350,283.9525,287.7050,288.0722,276.3028,282.4780,302.7055,310.8603,284.6434,279.8570,272.5658,283.8488,299.3330,278.7479,297.7616,291.0768,281.4751,282.1515,273.6732,283.4768,284.6055,315.3708,285.8554,280.6145,280.6657,272.5657,271.6785,284.8672,305.1584,277.0934,286.4394,281.4517,282.3277,282.7445,286.8776,275.9829,278.0707,275.6986,275.7002,291.0337,272.4268,274.7465,272.5689,287.9259,289.2940,322.4895,322.4896,316.9652,276.1662,287.3553,268.8323,278.3451,275.6051,278.2116,277.6265,285.4102,0.0000,281.5100,274.8849,298.1405,298.3139,277.8662,277.2413,313.8846,284.2051,281.1208,297.4363,289.1572,280.2496,289.3862,328.6526,289.0818,307.4139,335.6322,347.7736,314.3260,306.6616,273.1932,297.9974,297.6726,292.9659,302.2433,291.7927,280.3282,287.9430,289.0419,323.2575,333.9179,285.8660,292.9389,294.4849,294.5901,293.5301,289.5972,294.4377,293.8268,295.3784,294.6127,294.4028,288.1296,281.0294,272.8914,277.6290,0.0000,275.2203,281.3949,275.2199,275.8874,276.0829,278.4358,279.6665,278.8560,315.4875,276.5156,278.2642,279.7949,278.4032,272.1120,283.0247,274.1267,276.0862,272.1096,287.6400,294.2966,311.7290,312.3552,316.8499,285.3620,292.2803,285.0458,289.5559,289.9580,277.8462,278.9066
26.0000,296.9658,275.1259,275.7508,274.5187,267.3858,281.1285,279.5258,310.1456,281.0111,314.6232,298.5884,311.6150,281.3433,287.2841,272.7850,272.3950,278.2706,279.1497,278.9165,273.1194,276.4836,271.7966,273.7318,275.4378,284.4212,288.6516,289.3347,290.6430,313.0154,274.6893,276.1420,276.6148,312.7641,299.9216,297.5964,304.4050,280.2522,294.4997,280.4193,297.9584,317.8087,296.9461,299.4853,319.5981,316.0989,284.4882,291.8717,290.7695,269.1372,300.1437,297.8519,295.1707,300.7422,287.8422,301.3201,297.0706,277.7491,298.3537,277.7233,276.2902,287.9931,288.2396,296.2870,296.7169,292.2555,288.7416,288.9599,294.0967,289.6507,290.6767,303.7961,291.5130,281.1660,288.0348,283.7566,269.6039,275.4726,313.7160,310.1458,293.5077,274.8710,279.9077,280.3473,280.4989,281.3924,281.9263,282.4247,281.9303,281.2634,309.1346,280.6079,279.9977,279.3475,274.5999,272.5028,298.7235,299.8380,290.9644,0.0000,297.8187,303.3285,281.1178,275.9150,298.9230,279.1258,279.1207,283.1972,286.9224,287.2872,276.3454,282.0613,302.1043,309.8103,284.2197,279.4907,271.8986,283.4026,298.8363,278.3993,296.7557,290.2242,281.1081,281.7779,273.3013,282.7110,284.6336,314.1505,285.0835,279.8521,279.9031,272.1180,270.9865,284.4278,304.2141,276.7219,286.4244,281.0938,281.9687,282.3821,286.0589,275.5140,277.6105,275.1903,275.1918,290.1753,272.0198,274.1421,271.9650,287.1460,288.5003,320.9737,320.9737,315.6064,275.7913,286.8162,268.8353,277.6989,275.0500,277.8167,277.2784,284.6356,0.0000,280.6780,274.5050,297.8053,297.9277,277.5112,276.8762,312.7079,283.7239,280.6983,297.2880,289.1572,279.3904,289.3785,325.6899,289.2662,307.0543,334.7827,345.3892,313.1550,305.6577,272.8543,297.4596,297.1496,292.2860,301.0792,290.9461,279.9210,287.5423,288.6398,322.7613,333.1184,285.4406,292.1026,293.5178,293.6265,292.6068,288.7361,293.4718,292.9940,294.5812,293.6480,293.4053,287.2740,280.6079,272.5098,277.2809,0.0000,273.8634,281.0418,273.8630,275.3780,275.5797,278.0355,278.8166,277.8317,314.3585,276.1421,277.3225,279.0534,277.4895,270.5600,282.9361,273.4099,275.3069,270.5576,287.2207,294.2966,310.6655,311.2878,315.6289,284.5868,291.4824,284.2717,288.7984,289.1815,277.3993,278.1371
27.0000,297.4770,274.6808,275.2867,274.4186,267.5156,281.2580,279.5397,309.6064,280.7117,313.9969,298.2234,311.0045,281.1298,287.7012,272.4202,272.2182,277.5679,278.5167,278.4121,272.7577,276.6669,272.7090,274.4238,275.4087,284.5429,288.5948,289.2675,290.8825,312.6039,274.2505,275.7764,276.2117,312.4010,300.2479,297.9687,303.9706,279.9592,294.6375,280.1559,298.5056,319.1008,296.7001,299.1206,320.9573,315.7073,284.1637,291.1965,290.0457,268.9471,300.0152,297.7598,294.6581,300.5816,287.5728,300.8483,296.5252,277.1453,298.1679,277.3531,276.3861,287.5431,287.7597,296.0475,296.4703,291.9784,288.3760,288.6166,293.5088,289.2653,290.3672,303.5546,291.0904,281.1724,287.5844,283.4769,269.0983,274.8803,313.3093,309.6910,293.5958,274.8702,279.2309,280.0536,280.1982,281.0741,281.5921,282.1257,281.6244,280.9435,308.7127,280.2023,279.7138,279.0324,274.2368,272.0891,298.5405,299.6659,291.2034,0.0000,297.4491,302.9126,280.8437,275.8254,299.1498,278.7108,278.7169,282.7868,286.4977,286.8489,276.3167,281.6290,301.8615,309.3706,283.7802,279.5587,272.7567,283.4610,298.8693,278.1414,296.2372,289.6833,280.7996,281.4620,272.8430,282.3887,284.7860,313.5266,284.6702,279.5115,279.5625,271.5817,270.8337,284.5496,303.9348,276.3421,286.7462,280.7987,281.6573,282.0557,285.7608,275.6886,277.7578,274.9687,274.9702,289.6380,272.0198,273.9025,271.7522,286.7514,288.1315,320.4373,320.4374,315.1109,275.4080,286.2303,269.0414,276.7051,274.4431,277.5099,277.0311,284.2194,0.0000,280.0446,274.4033,297.7075,297.7935,277.2650,276.6724,312.1811,283.2141,280.2912,297.4707,289.1572,278.8590,289.3880,323.5128,289.5845,307.4812,335.6915,344.4277,312.7824,305.3394,272.6993,297.2547,296.9454,291.9427,300.0926,290.6264,279.9642,287.5351,288.5846,323.4401,333.9836,285.5604,291.3840,292.8509,292.9612,292.0046,288.2000,292.8060,292.4274,293.9923,292.9811,292.6645,286.7381,280.2023,272.0960,277.0337,0.0000,273.1118,280.7423,273.1115,275.1378,275.3240,277.6847,278.1933,277.2564,313.9447,275.7765,276.7600,278.6369,276.9788,269.7324,282.9197,273.4165,274.8362,269.7299,287.3323,294.2966,310.2317,310.8638,315.2404,284.1694,290.7533,283.8580,288.4297,288.8115,277.1315,277.7750
28.0000,298.7354,275.1633,275.7741,274.7189,267.5684,281.8596,280.1325,312.3973,281.1825,317.5066,300.4604,314.1371,281.7092,287.2813,272.8104,272.5329,277.7767,278.8096,279.0102,273.1825,277.0063,272.5760,274.4238,275.8002,285.2267,289.4625,290.1754,291.0971,318.5132,274.7327,276.2352,276.6776,322.1033,301.5597,299.1599,306.7510,280.4316,295.5589,280.6390,299.7867,320.8482,298.6740,301.2938,322.7467,325.3156,284.9135,292.4340,291.3079,269.3897,300.5616,298.1737,295.5499,301.4754,288.5664,301.6616,297.4256,277.5229,298.7911,278.0934,277.7533,288.4219,288.6647,296.6902,297.1087,292.9043,289.2262,289.5256,294.5441,290.1556,291.2301,304.2132,292.0633,282.5195,288.4653,284.1608,269.5930,275.3051,319.2172,314.0587,294.5221,274.8702,279.4936,280.5262,280.6727,281.5439,282.0620,282.6071,282.1071,281.4159,311.1886,280.8342,280.2318,279.6238,274.7774,272.6099,300.4859,301.4358,291.4002,0.0000,299.6724,305.7495,281.3557,276.2569,300.3609,279.3370,279.3418,283.5230,287.3411,287.7089,276.3046,282.2723,302.5368,313.8328,284.4809,280.0803,272.8108,283.9924,299.8894,278.5756,297.1470,290.6971,281.3096,281.9778,273.3322,283.1215,284.7858,316.9765,285.4578,280.2432,280.2943,272.0535,271.3284,285.2334,306.0231,276.8033,286.7847,281.2680,282.1502,282.5515,286.5210,276.2750,278.3501,275.4718,275.4733,290.6516,272.1261,274.4222,272.2401,287.5793,288.9779,323.1779,323.1780,317.7347,275.8725,286.9686,269.3090,277.0141,274.7674,278.0488,277.4557,284.9998,0.0000,280.7216,274.7015,298.1210,298.2444,277.6990,277.0966,316.1557,283.9114,280.9235,297.8399,289.1572,279.4939,289.4072,323.9255,289.5121,308.8903,337.5282,347.7322,322.1106,307.5374,272.9659,297.8657,297.5417,292.7119,300.2935,291.5436,280.5479,288.2692,289.4491,325.1180,335.7987,286.2749,292.5584,294.0939,294.2009,293.1229,289.2040,294.0469,293.4533,295.0293,294.2231,294.0053,287.7153,280.8342,272.6169,277.4581,0.0000,273.3021,281.2134,273.3018,275.6509,275.8408,278.2609,278.5319,277.7555,321.0558,276.2353,277.2959,279.2615,277.5627,269.8207,283.0757,274.7394,275.1881,269.8183,288.0898,294.2966,315.0547,316.0452,324.8040,284.9487,291.9136,284.6376,289.2444,289.6449,277.6101,278.5115
29.0000,303.0410,275.7240,276.3360,275.4264,267.8853,284.2788,282.4253,321.6971,282.1309,327.4892,309.3041,323.9696,282.6645,291.3126,273.3190,272.9172,278.0992,279.1999,279.3414,273.7972,278.3687,274.1970,275.9468,276.8131,288.0481,292.3909,293.1243,296.0831,328.7364,275.2886,276.9083,277.4001,332.4891,305.7423,303.4429,316.2848,281.4119,299.9212,281.6777,304.1128,325.5879,306.7110,309.8491,327.5237,335.8609,285.9494,292.9931,291.8714,269.9225,301.0262,298.5180,296.8866,302.2282,289.3522,302.8527,298.8028,277.9126,299.3234,279.0895,279.1046,289.0392,289.2871,297.2179,297.6308,293.6231,289.8920,290.2172,295.1599,290.7587,291.8248,304.8770,292.7006,283.6870,289.0827,285.0222,269.9430,275.6392,329.4806,324.0268,299.4195,274.8702,279.8916,281.5101,281.6672,282.4958,283.0357,283.5609,283.0672,282.4024,319.9452,281.4483,281.1406,280.1045,275.2165,273.0121,308.4696,308.5478,296.3757,0.0000,309.3401,315.4863,282.4624,277.2908,304.3765,279.7636,279.7746,284.0671,287.9574,288.3236,276.2316,282.9335,303.1732,323.8555,285.2581,282.3176,274.4817,285.4992,303.5949,279.2864,298.5229,291.2984,282.2540,282.9492,273.8227,284.1123,287.4683,326.9357,286.0523,281.2274,281.2787,272.4006,271.6785,288.0548,313.9010,277.4940,289.5238,282.3765,283.1134,283.5384,287.6026,278.6667,280.7485,276.0754,276.0769,291.2484,272.8219,274.8264,272.6844,288.2041,289.6376,332.4570,332.4571,326.7503,276.5172,287.8579,269.9150,277.5138,275.2836,278.5292,278.1042,285.5951,0.0000,281.0198,275.4038,298.4665,298.6364,278.3694,277.7431,326.1619,284.6696,281.5409,298.1085,289.1572,279.7880,289.4211,326.1201,294.0676,313.2089,339.0996,357.2819,332.4977,315.6709,273.2826,298.3790,298.0408,293.3142,301.1429,292.2609,282.8373,290.9179,292.3702,329.7147,337.7957,289.1415,293.2145,294.6505,294.7557,293.7133,289.7963,294.6040,294.0745,295.6475,294.7786,294.5874,288.3285,281.4483,273.0191,278.1068,0.0000,273.4725,282.1623,273.4722,276.2067,276.3116,278.7513,278.9335,278.0230,331.3926,276.9083,277.5842,279.6847,277.8520,269.8900,285.1959,275.9632,275.6500,269.8876,291.5449,294.2966,325.1286,326.1448,335.3240,285.5441,292.5812,285.2308,289.8806,290.3126,278.4669,279.5002
30.0000,296.6132,275.1518,275.7494,274.5646,267.5125,279.5678,277.8148,312.8098,281.2912,318.0017,300.5811,314.5241,281.7650,286.9313,272.6370,272.3579,277.5497,278.6908,278.8558,273.2682,276.0408,271.7185,273.5839,275.2000,281.9236,286.0821,286.7755,290.4909,318.8505,274.7216,276.3121,276.8230,322.5250,299.3442,296.9847,307.0137,280.5432,293.4625,280.7121,297.6678,318.8016,298.3527,301.3823,320.7067,325.8249,285.5263,292.7942,291.6557,269.0960,300.9188,298.4595,296.4866,302.0766,289.2849,302.5361,298.3880,277.4388,299.2003,278.6719,279.6947,288.7784,289.0214,297.0827,297.4988,293.4610,289.6307,289.9878,294.8708,290.5563,291.6621,304.6667,292.6230,284.2195,288.8164,284.5613,269.5719,275.2799,319.5527,314.4025,292.9185,274.8702,279.4251,280.6406,280.8045,281.6558,282.1836,282.6914,282.2148,281.5435,311.3837,280.9272,280.3017,279.6679,274.7982,272.6153,300.0034,300.8586,290.8362,0.0000,299.8199,305.9884,281.5036,275.6310,297.9808,279.2696,279.3012,283.7369,287.6957,288.0600,276.3175,282.3899,302.9846,314.1597,284.6146,277.7787,271.4325,286.8618,297.1623,278.6144,298.0916,291.0609,281.4181,282.1060,273.3322,283.6870,284.6398,317.4545,285.7900,280.8067,280.8579,272.0328,270.9037,271.4645,305.8135,276.8951,286.6913,281.4054,282.2652,282.6981,287.1958,275.6401,277.0724,275.2615,275.2630,291.0134,272.0198,274.1834,271.9630,287.9337,289.3720,324.3135,324.3136,318.4076,275.9279,287.2030,268.8445,277.2538,274.7670,278.0625,277.4753,285.3431,0.0000,280.6926,274.5568,298.4037,298.5478,277.7225,277.0767,316.5857,284.0760,281.0191,298.2168,289.1572,279.3611,289.4268,328.4348,289.0204,306.4720,334.4247,350.0856,322.5260,307.4472,272.8185,298.2519,297.9202,293.1239,302.0973,292.0571,278.2224,285.3992,286.0853,321.8901,332.6896,283.0112,292.9316,294.4544,294.5623,293.4978,289.5735,294.4074,293.8052,295.3579,294.5844,294.3836,288.1056,280.9272,272.6223,277.4778,0.0000,272.8355,281.3221,272.8352,275.4767,275.6912,278.3105,278.4433,277.4784,321.3988,276.3120,277.0635,279.1865,277.3289,269.1840,282.9950,276.6091,275.0362,269.1816,285.3020,294.2966,315.3858,316.3742,325.2983,285.2941,292.2716,284.9826,289.6101,290.0513,278.1934,279.0800
31.0000,297.1478,275.4844,276.0796,274.8582,267.6103,279.7923,277.9173,313.1956,281.5882,318.2973,300.9106,314.8350,282.2333,286.9992,273.3550,272.8088,278.0322,279.1964,279.5608,273.5842,276.5486,272.6657,274.4238,275.6379,282.1631,286.2291,286.9420,290.6343,319.1167,275.0597,276.6210,277.1327,322.7528,299.8509,297.4775,307.3367,280.8377,293.7906,281.0099,298.2132,319.5730,298.7736,301.7089,321.4984,326.0213,286.3590,294.0909,292.9014,269.7020,301.5594,298.9267,297.3179,303.3127,290.6445,303.4578,299.2253,277.9142,299.9096,279.4754,281.7236,290.0312,290.2732,297.8794,298.2911,294.8972,290.8154,291.2180,296.1663,291.9657,293.1796,305.5939,294.2798,286.1098,290.0736,285.3745,269.9430,275.6723,319.8132,314.6928,293.2112,274.8702,279.9143,280.9346,281.0800,281.9675,282.5068,282.9696,282.5044,281.8454,311.7610,281.2654,280.6085,279.9935,275.1616,272.9792,300.4538,301.2619,290.9605,0.0000,300.1430,306.3063,281.7991,276.0483,298.4451,280.0131,280.0501,284.8109,288.9326,289.3112,276.2949,282.7165,303.8988,314.4509,284.9402,277.8248,272.1789,286.5139,297.5578,278.9063,298.9248,292.3588,281.7190,282.4099,273.6820,284.5030,284.8217,317.7526,287.0099,281.6116,281.6630,272.4119,271.6105,271.7001,306.2338,277.2068,286.9122,281.6942,282.5578,282.9960,288.0391,275.5767,277.1242,275.7434,275.7455,292.3066,272.2706,274.7966,272.5822,289.1114,290.5516,324.5315,324.5316,318.6968,276.2439,287.5642,268.8150,278.2987,275.5437,278.4032,277.7655,286.5978,0.0000,281.2858,274.8474,298.8771,299.0949,278.0187,277.4052,316.8604,284.4261,281.3573,298.2654,289.1572,280.0228,289.4293,329.9972,289.1296,307.0868,338.4912,350.6964,322.7538,307.8628,273.1996,298.9786,298.6428,294.1489,302.6072,293.3608,278.3424,285.5331,286.2308,322.9658,336.3473,283.2499,294.2648,295.7661,295.8741,294.8362,290.8925,295.7186,295.0940,296.6555,295.8964,295.6962,289.3911,281.2654,272.9862,277.7679,0.0000,273.3213,281.6189,273.3210,275.9618,276.1730,278.6493,278.9294,278.1472,321.6683,276.6209,277.7614,279.9253,278.0657,269.6159,283.2093,278.7626,275.6704,269.6140,285.5577,294.2966,315.6706,316.6531,325.4997,286.5527,293.6099,286.2435,290.8421,291.2495,278.4177,279.8849
32.0000,297.0737,275.4780,276.0656,274.9418,267.6671,279.8202,277.9921,313.1408,281.6921,318.1483,300.8700,314.6705,282.2459,287.6035,273.6141,272.9640,278.3487,279.4530,280.4494,273.4852,276.6024,272.6613,274.4238,275.7310,282.1907,286.2288,286.9346,291.0557,318.8972,275.0566,276.6641,277.1546,322.5248,299.8331,297.4562,307.2454,280.9561,293.8680,281.1808,298.1260,319.2132,298.8147,301.6479,321.1141,325.8201,287.5565,296.1768,294.9643,269.9442,302.4776,299.6243,298.8245,304.9876,293.0010,304.9766,300.8129,278.0752,301.0384,280.6696,287.2808,291.9728,292.2285,299.1156,299.5134,296.7703,292.6310,293.1255,298.2267,294.0364,295.3238,306.9330,296.8501,290.2347,292.0226,286.4112,269.9430,275.7352,319.5806,314.5217,293.3544,274.8702,280.1972,281.0530,281.2109,282.0406,282.5575,283.0892,282.6184,281.9321,311.7827,281.4241,280.7703,280.1296,275.3356,273.0910,300.5267,301.3322,291.4167,0.0000,300.1064,306.2188,281.9961,276.1312,298.4192,280.9247,280.9586,286.3890,290.8418,291.2462,276.2819,282.8665,305.2604,314.2807,285.1047,277.9329,272.2366,286.6170,297.5093,279.0022,300.5469,294.4000,281.8662,282.5799,273.6816,285.6597,285.2474,317.6011,288.8882,282.7735,282.8250,272.4334,271.7842,271.7289,306.2859,277.2491,287.4054,281.8302,282.6801,283.1073,289.2539,275.5738,277.1266,275.9630,275.9651,294.3418,272.3531,275.1167,272.8591,290.9075,292.3561,324.6568,324.6569,318.7819,276.2759,287.6990,268.9746,278.7540,275.8868,278.5450,277.8593,288.5468,0.0000,282.3055,274.9306,299.5854,299.9246,278.1086,277.4815,316.6754,284.5857,281.5157,298.4214,289.1572,280.9360,289.4374,329.7444,289.6329,307.1388,338.9132,350.3859,322.5233,307.9073,273.3300,300.1194,299.7641,295.7484,302.5715,295.2595,278.4174,285.5710,286.2314,323.1698,336.7339,283.2445,296.2798,297.8520,297.9583,296.9003,292.9893,297.8037,297.1524,298.7193,297.9814,297.7868,291.5987,281.4241,273.0980,277.8616,0.0000,273.7162,281.7231,273.7160,276.1915,276.4007,278.7989,279.1335,278.8730,321.4377,276.6641,278.6392,280.8317,278.9832,269.9481,283.5378,284.2583,275.9285,269.9466,285.6203,294.2966,315.4877,316.4598,325.2938,288.5087,295.6286,288.2093,292.7568,293.0949,278.4133,281.0685
33.0000,296.1165,275.3889,275.9507,275.0749,267.7761,279.6134,277.9523,312.5523,282.0277,316.8698,300.2508,313.4286,282.1751,286.9313,273.5887,273.0329,278.7123,279.6494,281.8274,273.4701,276.3102,271.6758,273.6228,275.6583,281.9088,286.0879,286.8011,290.2884,317.3667,274.9775,276.7712,277.2489,321.0067,298.9500,296.5912,306.3247,281.3036,293.2515,281.5634,297.1411,317.6546,297.8217,301.0555,319.5038,324.2596,288.5176,299.2690,298.0063,270.0231,303.5829,300.5884,299.9128,305.6213,296.1669,306.3004,301.9419,278.2020,302.6008,281.6972,295.8026,294.9137,295.2065,300.8620,301.2436,296.7703,295.1364,295.6350,301.2348,297.1677,298.5598,308.4113,299.9166,295.9474,294.9620,287.3735,269.9430,275.9559,318.0065,313.1487,292.7006,274.8702,280.3654,281.4014,281.5981,282.3862,282.9136,283.4050,282.9605,282.3039,310.9719,281.8898,281.2049,280.5589,275.7006,273.3261,299.5429,300.4861,290.5925,0.0000,299.4860,305.3035,282.3150,276.0449,297.6720,282.3493,282.3582,288.8606,293.7214,294.1804,276.2568,283.3036,306.8711,312.9228,285.5560,277.8478,271.4150,287.7253,297.0286,279.2755,301.6742,297.4843,282.2684,283.0013,273.6242,286.6188,285.0189,316.3278,291.8264,283.7543,283.8060,272.5058,271.7014,271.4581,305.4351,277.3499,287.0473,282.1869,283.0440,283.4916,290.1519,275.6285,277.0819,276.2521,276.2541,297.4068,272.4889,275.4394,273.0500,293.5077,294.8603,323.7049,323.7050,317.9065,276.3379,288.3884,269.3574,278.5145,275.8077,278.8945,278.1197,291.6634,0.0000,283.7164,275.0678,300.5602,301.0131,278.3582,277.6404,315.2963,285.2134,281.9819,298.7746,289.1572,282.3152,289.4557,328.6105,288.8423,306.0705,337.0530,349.0959,321.0143,307.0626,273.3851,301.7138,301.3194,298.1024,302.1503,296.9284,278.3432,285.4427,286.0916,321.6759,334.9345,282.9605,299.3328,300.9813,301.0861,299.9971,296.1827,300.9317,300.1854,301.7293,301.1097,300.8991,295.3059,281.8898,273.3331,278.1218,0.0000,274.4916,282.0589,274.4914,276.5084,276.7062,279.1951,279.2868,280.0655,319.8772,276.7711,280.0391,282.2542,280.3540,270.7920,283.5362,292.6684,275.9908,270.7914,285.2257,294.2966,314.0857,315.0121,323.7415,291.6406,298.6719,291.3857,295.5871,295.7103,278.6107,282.0883
34.0000,295.8707,275.3980,275.9566,275.1343,267.8546,279.6320,277.8928,311.6701,282.0818,316.2080,299.9302,312.8598,281.9829,286.9313,273.6165,273.1447,278.6753,279.3007,282.5089,273.5945,276.4338,271.7973,273.8192,275.7609,281.9150,286.2116,286.9592,289.8993,316.8705,274.9883,276.8044,277.3045,320.5918,298.6653,296.3626,305.8945,281.3605,293.1238,281.6171,296.8797,317.0710,297.5621,300.7196,318.8911,323.8423,289.4735,301.4330,300.1742,270.1977,304.3578,301.1986,301.0354,306.1639,298.2458,307.4374,303.0833,277.9307,303.5733,282.6108,303.7813,296.5293,296.8706,301.9186,302.2986,296.7703,296.3886,296.9532,303.2819,298.9345,300.3671,309.4168,301.8451,301.0070,296.5865,288.1980,269.9430,275.7477,317.4929,312.6695,292.4923,274.6792,279.9820,281.4591,281.6699,282.4395,282.9688,283.4579,283.0150,282.3673,310.4387,281.9450,281.2581,280.6008,275.7775,273.3722,299.2655,300.1662,289.5901,0.0000,299.1774,304.9009,282.3990,276.1310,297.4670,283.0188,283.0130,289.7474,295.2354,295.7549,276.2387,283.3470,307.9263,312.4483,285.5885,277.7286,271.1159,288.3232,297.0105,279.3121,302.8001,299.6025,282.3215,283.0525,273.6320,287.5358,284.9841,315.6810,292.8044,284.6614,284.7133,272.4410,271.8950,271.4720,305.0398,277.3875,286.7813,282.2573,283.0988,283.5493,291.1516,275.6229,277.0864,276.4159,276.4183,299.5344,272.5468,275.7033,273.2746,294.8909,296.1018,323.2304,323.2305,317.4194,276.3657,288.4407,269.6848,278.4502,275.8183,278.9527,278.1460,292.8968,0.0000,284.3790,275.1262,301.1758,301.7076,278.3769,277.6207,314.7193,285.2802,282.0373,299.0837,289.1572,282.9976,289.4717,328.7336,288.6153,305.5873,335.7701,348.1482,320.6105,306.6336,273.4777,302.6909,302.2774,299.4468,302.2417,297.8276,278.2805,285.5148,286.2152,320.8188,333.7243,282.9616,301.1597,303.1651,303.2724,302.1806,298.7982,303.1121,302.2855,303.7864,303.2963,303.0407,297.8209,281.9451,273.3792,278.1482,0.0000,275.0553,282.1130,275.0552,276.6770,276.8731,279.2495,278.9647,280.7058,319.3979,276.8044,280.7447,282.9242,281.0319,271.6168,283.5702,300.5044,275.8699,271.6162,285.1669,294.2966,313.6049,314.5302,323.3264,292.8886,300.4374,292.7327,296.8514,296.9763,278.7341,282.9976
35.0000,295.8707,275.3387,275.9055,274.9359,267.7271,279.6204,277.8091,312.2117,281.8557,316.9809,300.4393,313.6583,281.6274,286.9313,273.0188,273.3088,276.4804,276.6255,282.6157,273.5176,276.3784,272.2246,274.0954,275.5382,281.9379,286.2030,286.9362,290.1510,318.0346,274.9266,276.6754,277.1945,321.8572,298.4774,296.3050,306.6153,281.1193,293.2695,281.3098,296.8544,316.5219,297.7506,301.2802,318.2948,325.1293,290.1989,302.9568,301.7521,270.3536,304.8866,301.6769,302.2576,306.3437,298.3434,308.4990,304.3269,276.1658,304.3981,283.3760,296.2641,297.3293,297.7299,302.6985,303.1339,296.7703,296.6922,297.1909,304.6727,299.8146,301.2200,309.9694,302.6068,300.5249,297.3873,288.7141,269.9430,274.4240,318.6801,313.6847,292.6528,274.6792,277.2792,281.2184,281.4200,282.2268,282.7641,283.2379,282.7826,282.1413,310.7207,281.5827,280.9280,280.2624,275.6047,273.2601,299.3427,300.3515,289.8909,0.0000,299.6634,305.6189,282.0599,275.7234,297.3957,283.1680,283.1563,289.8125,295.8895,296.5017,276.2680,282.9643,308.4756,313.4779,285.1058,277.6848,271.5624,287.8994,297.1658,279.1116,303.9472,301.0027,282.0445,282.8132,273.5875,288.2312,284.8627,316.4574,292.8395,285.3813,285.4333,271.9966,272.2254,271.4948,305.2817,277.2615,286.7280,281.9926,282.8513,283.2943,291.8905,275.6241,277.0854,276.3526,276.3548,300.9512,272.3508,275.8838,273.4659,295.4126,296.4042,321.8394,321.8395,316.8151,276.2529,287.9260,269.7482,277.9317,275.2650,278.7164,277.9440,293.1140,0.0000,284.6067,274.9283,301.6494,302.2000,278.1643,277.4292,315.6027,284.8282,281.6744,299.3241,289.1572,283.1254,289.4842,331.6487,288.8358,304.7432,331.5721,343.9283,321.8816,306.8902,273.6220,303.4666,303.0074,300.2254,303.1784,298.0347,278.2228,285.5377,286.2077,318.5001,329.8398,282.9812,302.2755,304.6813,304.7890,303.6545,300.7452,304.6243,303.7561,305.1881,304.8141,304.5064,299.4315,281.5827,273.2671,277.9463,0.0000,273.8171,281.8868,273.8171,276.6304,276.8473,278.9727,276.7913,280.3907,320.5954,276.6753,280.9153,283.0751,281.1969,270.5559,283.3751,298.9604,274.4505,270.5553,285.2314,294.2966,314.6669,315.6315,324.6108,293.1124,301.5110,293.0596,297.1331,297.2763,278.5413,283.7445
36.0000,295.8707,275.1137,275.6274,274.7865,267.5702,279.3250,277.5434,309.2162,281.4955,312.5506,297.4692,309.5664,281.0552,286.3746,272.5906,273.1590,275.9961,275.7404,283.2759,272.3347,276.1191,272.0741,273.9066,275.2786,281.5146,285.7077,286.4190,289.1004,311.3411,274.6976,276.4200,276.8515,312.4233,298.1889,296.0545,303.1836,280.7415,292.4317,280.9003,296.8711,316.8833,295.3142,298.2244,318.6873,315.7205,289.9728,304.6666,303.5249,269.9511,305.9533,302.6369,299.8477,306.7375,299.7563,308.9570,302.6982,275.4741,306.0924,282.9660,297.8539,298.8327,299.2626,304.2432,304.7822,296.7703,297.9343,298.4539,306.3463,301.2677,302.6048,310.9217,304.3136,302.5170,298.8920,288.7681,269.7700,273.8042,311.8584,308.5767,291.5307,274.6792,276.1411,280.8386,281.0258,281.8827,282.4264,282.8840,282.4232,281.7774,307.7107,281.5085,280.5226,279.8665,275.4026,273.0711,296.9658,298.1853,288.7462,0.0000,296.9414,302.0240,281.6378,275.4463,297.2594,283.7924,283.7537,290.9761,297.3276,297.9882,276.3042,282.8995,309.5077,308.2315,285.1264,277.4811,271.3671,286.0735,297.3396,278.8193,302.5405,302.6949,281.6627,282.3998,273.3682,288.0220,284.3260,312.0793,294.2512,285.0843,285.1363,271.6701,271.6785,271.0864,302.7050,277.0239,286.0128,281.6062,282.4865,282.9311,291.9220,275.7215,277.0058,276.0878,276.0903,302.6467,272.2052,275.6685,273.1509,296.7020,297.6442,317.5387,317.5388,313.1365,276.0039,288.6289,269.0949,278.3543,275.2142,278.4032,277.6691,294.5977,0.0000,285.2771,274.7813,302.5980,303.1729,277.8733,277.2265,310.7933,285.1985,281.6060,299.8937,289.1572,283.7969,289.5136,337.5022,288.0092,304.1448,323.8706,339.6746,312.7244,304.1834,273.4997,305.0352,304.4635,301.7384,305.1215,299.0061,277.9549,285.1523,285.7145,316.9389,322.9888,282.5038,303.8784,306.3505,306.4560,305.3513,302.6372,306.2930,305.4794,306.8646,306.4821,306.1663,301.2234,281.5085,273.0781,277.6714,0.0000,273.9789,281.5266,273.9791,276.3659,276.5888,278.6893,275.9959,280.9484,313.0218,276.4199,281.6337,283.7071,281.9127,270.9066,282.9111,301.0836,273.8414,270.9059,284.5966,294.2966,309.0589,309.6874,315.2423,294.5977,303.1047,294.5946,298.5203,298.5685,277.7060,283.3741
37.0000,297.1667,275.2109,275.7269,274.8829,267.7659,279.1435,277.2888,310.6598,281.8583,313.8785,298.3997,310.7392,281.0656,287.0797,272.8593,273.5820,276.5858,276.1958,282.7134,272.7909,276.1408,272.1700,273.9577,275.3272,281.1753,285.2760,285.9644,289.8925,311.8116,274.7870,276.5554,276.9945,312.4233,299.9571,297.4423,304.2371,281.1399,292.9991,281.3060,298.2422,319.8106,296.8505,299.1978,321.7548,315.9281,289.4465,302.3864,301.2575,270.0646,305.0341,301.9049,299.5337,306.2297,297.9068,308.3395,302.3897,275.8148,304.9940,282.3635,297.1578,296.5794,297.0161,302.9832,303.5498,296.7703,295.9606,296.5600,304.1434,298.9999,300.3270,309.7021,302.2149,300.8772,296.6373,287.9368,269.8045,274.1523,312.3715,309.3800,292.1883,275.8500,276.6055,281.2438,281.4272,282.2690,282.8552,283.3486,282.8385,282.1987,309.2925,281.7531,280.8904,280.1350,275.5108,273.1537,298.4207,299.4985,289.6173,0.0000,297.8272,302.9946,282.1761,275.4880,298.9333,282.9998,282.9324,288.8087,295.0840,295.7184,276.7847,283.1232,308.2286,308.9940,285.2563,277.4470,271.6415,288.6668,298.8307,278.7010,302.2232,300.4408,282.0919,282.9280,273.4315,287.4352,284.9809,313.3824,291.4737,284.4872,284.5391,271.8118,271.8269,274.5571,304.1301,277.1740,287.0077,282.0707,282.9074,283.3224,291.5466,275.7902,276.9496,276.1341,276.1367,300.3885,272.3019,275.6263,273.1860,294.7198,295.6660,320.5466,320.5467,315.5800,276.1281,289.4384,269.1311,279.1143,275.7077,278.5935,277.7364,291.8498,0.0000,284.7109,274.8789,301.8567,302.3608,277.9382,277.2210,311.8265,285.7196,281.8573,299.4694,289.1572,283.2411,289.4917,336.6860,288.7760,307.1495,337.2805,345.7187,312.7952,305.6506,273.9310,303.8926,303.3453,299.9792,304.8633,297.7821,277.7390,284.8233,285.2852,322.9153,335.4438,282.1045,301.6650,304.0570,304.1656,303.0473,300.3885,303.9999,303.2688,304.6574,304.1903,303.8701,298.9639,281.7531,273.1608,277.7382,0.0000,274.5040,281.8911,274.5041,276.4148,276.6533,278.8980,276.4047,280.7681,313.3895,276.5552,281.1520,282.9247,281.4546,271.6119,283.4261,299.7345,274.1840,271.6106,284.5596,294.2966,309.7508,310.2984,315.4280,291.8498,300.9175,291.8498,296.1279,296.4587,278.3439,282.7612
38.0000,297.5714,274.9802,275.4906,274.5595,267.4456,279.1324,277.3275,312.1597,281.4740,315.2787,298.9196,311.9556,280.6051,286.9313,273.0155,273.5855,277.0148,276.4990,282.9154,272.3424,275.8989,271.2863,273.2488,275.2219,281.2120,285.4513,286.1663,289.8759,312.9441,274.5657,276.1590,276.5626,313.3284,300.5431,297.8718,304.9857,280.7752,293.2342,281.0279,298.6418,320.1022,297.6064,299.7393,322.0367,316.9787,289.1217,301.9967,300.8646,270.0026,304.9004,301.7815,299.0897,306.1452,297.7108,308.0194,301.9234,275.9722,304.8054,282.0517,296.6464,296.3947,296.8208,302.8045,303.3692,296.7703,295.8094,296.4034,303.8771,298.8115,300.1529,309.5059,301.9756,300.5300,296.4446,287.7060,269.6874,274.3939,313.5638,310.4071,292.4669,274.3697,276.9258,280.8776,281.0503,281.8750,282.4544,282.9971,282.4728,281.8093,310.5396,281.4502,280.6284,279.8858,275.2877,272.9677,299.1865,300.2955,289.4991,0.0000,298.3193,303.6973,281.8871,275.5556,299.4935,283.0946,282.9820,288.7347,294.9217,295.5464,276.8584,282.7722,308.0288,309.9947,284.8763,277.3772,270.9567,286.3890,299.3452,278.2429,301.7651,300.1648,281.7820,282.6215,273.2357,287.1315,284.7476,314.7551,291.3413,284.1838,284.2356,271.8141,271.6785,274.5571,305.2118,276.7674,286.6660,281.7042,282.5542,282.9450,291.1924,275.7946,276.9460,275.9604,275.9631,300.1087,272.0198,275.4960,273.0795,294.5758,295.5182,322.1131,322.1132,317.0242,275.7741,288.9212,268.5509,280.4058,276.3335,278.3163,277.2615,291.7164,0.0000,285.0484,274.5506,301.7337,302.2279,277.4604,276.7623,313.0078,285.3270,281.5539,299.4623,289.1572,283.4481,289.4913,333.5280,288.7004,307.9792,339.4414,347.2111,313.7445,306.8001,273.9449,303.7142,303.1743,299.7903,303.7156,297.6736,277.7494,284.8959,285.4571,324.4327,337.5343,282.1730,301.3598,303.6454,303.7590,302.6633,300.1087,303.5898,302.9940,304.3876,303.7817,303.3666,298.7090,281.4502,272.9747,277.2632,0.0000,275.1188,281.5072,275.1189,276.2339,276.4637,278.6422,276.6321,281.1058,314.5003,276.1589,281.4304,283.0329,281.7598,272.3983,283.1957,299.3367,274.3985,272.3965,284.6694,294.2966,310.7875,311.3599,316.4624,291.7164,300.6273,291.7164,295.9586,296.3049,277.5846,282.4541
39.0000,297.2478,274.9421,275.4413,274.6212,267.5436,279.2128,277.3526,312.1473,281.4755,315.3989,298.9668,312.1091,280.5764,286.9313,273.1786,273.6175,277.5231,276.8302,283.4375,272.2609,276.2382,272.2430,274.0600,275.4270,281.2493,285.2846,285.9690,289.9142,313.1233,274.5348,276.1219,276.4825,313.5131,300.1981,297.6072,305.0396,280.7782,293.1782,281.0416,298.3015,319.4170,297.5366,299.7845,321.3204,317.1834,289.2890,301.8249,300.6671,270.0647,304.8946,301.7620,299.1632,306.2128,297.8071,308.1099,301.9817,276.1740,304.7820,282.1806,296.6400,296.4415,296.8407,302.7950,303.3510,296.7703,295.9081,296.4998,303.8314,298.8593,300.2283,309.5854,301.9692,300.5972,296.4881,287.8510,269.6874,274.6115,313.7522,310.5384,292.4281,274.3697,277.2488,280.8803,281.0503,281.8762,282.4547,282.9822,282.4722,281.8094,310.4141,281.4342,280.6463,279.9042,275.3215,272.9894,299.0592,300.1680,289.6121,0.0000,298.3685,303.7610,281.8839,275.7636,299.1759,283.4477,283.2847,288.9138,295.0009,295.6099,276.8358,282.7244,308.0956,310.1251,284.7951,277.5153,271.5897,286.5066,299.0810,278.2513,301.8347,300.1280,281.8036,282.6770,273.2176,287.2824,284.7673,314.8799,291.4623,284.3215,284.3733,271.8886,271.6785,274.5571,305.0318,276.7224,286.7377,281.7023,282.5620,282.9636,291.3903,275.7694,276.9666,276.0452,276.0480,300.0781,272.0347,275.5726,273.1431,294.6772,295.6195,321.6908,321.6909,316.7448,275.7386,288.9493,268.1957,280.8691,276.5753,278.3403,277.2715,291.8400,0.0000,285.5596,274.6092,301.7175,302.2291,277.4698,276.7830,313.1184,285.3268,281.5376,299.3831,289.1572,283.9713,289.4872,331.2500,288.7226,307.6068,338.9603,345.9937,313.9337,306.6217,273.9688,303.6988,303.1634,299.8092,302.8577,297.7361,277.7954,284.8357,285.2937,323.9529,337.0491,282.2202,301.1195,303.4773,303.5914,302.5767,300.0781,303.4228,302.9560,304.3417,303.6140,303.1270,298.6771,281.4342,272.9965,277.2732,0.0000,275.9546,281.5087,275.9547,276.3067,276.5247,278.6554,276.8939,281.7354,314.7090,276.1218,282.0846,283.3976,282.3842,273.4519,283.2044,299.3812,274.6281,273.4500,284.6837,294.2966,310.9303,311.5147,316.6646,291.8400,300.3903,291.8400,296.0727,296.3981,277.5502,282.5859
40.0000,296.6267,275.0745,275.5552,274.9713,267.9098,279.2807,277.4723,311.5882,281.7965,314.8151,298.7349,311.6116,281.0257,286.9313,273.2930,273.6399,278.0183,277.1432,284.0834,272.4289,276.4085,272.2288,274.0954,275.6882,281.2898,285.4815,286.1772,289.9393,312.4964,274.6779,276.4022,276.7770,312.8431,299.5568,297.0752,304.6802,281.0713,293.0037,281.2426,297.6544,318.2318,297.2195,299.5492,320.0867,316.4770,289.4727,302.3992,301.2633,270.1764,305.0184,301.8688,299.0988,306.4432,298.1208,308.0949,301.8600,276.4208,304.8275,282.3353,297.2094,296.7854,297.1789,302.9042,303.4404,296.7703,296.2332,296.8073,304.1723,299.1604,300.4857,309.7810,302.3234,300.9526,296.8317,288.1623,269.7341,274.7554,313.0985,310.0191,292.2821,275.8145,277.5535,281.1734,281.3192,282.2409,282.8508,283.2932,282.7572,282.1479,309.8797,281.5337,280.8384,280.1019,275.5201,273.1349,298.6824,299.7946,289.6525,0.0000,298.1505,303.4238,282.0760,276.0806,298.6124,283.9335,283.7280,289.2985,295.3471,295.9555,276.7515,282.7822,308.2904,309.6100,284.8206,277.6591,271.6167,286.6759,298.6895,278.6592,301.7182,300.5397,282.0151,282.8808,273.3315,287.4790,284.8081,314.3099,291.8192,284.5005,284.5523,271.9689,271.6785,274.5571,304.5371,276.9899,286.5848,281.9764,282.8103,283.1687,291.5546,275.7487,276.9836,276.2467,276.2493,300.5054,272.3834,275.7329,273.2699,295.0198,295.9478,320.8486,320.8487,316.0329,275.9857,288.7733,268.7225,280.2902,276.4145,278.5752,277.7007,292.2000,0.0000,286.1647,274.9613,301.8237,302.3263,277.8993,277.2861,312.5579,285.2726,281.6370,299.6296,289.1572,284.6306,289.5000,329.4731,288.7662,306.8512,337.7846,344.6291,313.2645,306.1033,273.9754,303.7732,303.2551,300.0225,302.3118,297.9273,277.9201,284.9983,285.4898,322.9500,335.8814,282.2548,301.3860,304.0547,304.1632,303.0788,300.5054,303.9987,303.3213,304.6832,304.1877,303.7763,299.0812,281.5337,273.1419,277.7025,0.0000,276.8035,281.8286,276.8036,276.5033,276.7203,278.8365,277.1624,282.4688,314.0530,276.4022,282.8652,283.8926,283.1323,274.5038,283.3321,299.8026,274.8212,274.5019,284.6677,294.2966,310.3862,310.9457,315.9642,292.2000,300.6249,292.2000,296.4206,296.7370,277.8183,282.7518
41.0000,315.7762,274.9062,275.3781,274.7762,267.8003,279.8265,277.2521,312.1215,281.5691,315.0234,298.9749,311.8194,280.7538,287.9534,273.5422,273.6539,278.8599,277.9324,284.4945,272.1802,276.6147,272.0578,274.0954,275.7454,282.2133,286.4426,287.2768,291.1962,312.5384,274.5183,276.0898,276.4141,312.8291,315.0767,311.5205,304.8768,280.8772,297.0599,281.1646,316.8453,338.2340,298.3028,299.8408,340.1621,316.4145,289.2443,302.8843,301.8072,270.2279,305.0401,301.8609,298.5750,306.6242,298.2734,307.7122,301.2984,276.9246,304.7654,282.1106,297.5045,297.0364,297.4609,302.9144,303.4322,296.7703,296.4101,296.9707,304.5171,299.3167,300.5430,309.8797,302.4810,301.0806,297.0827,288.1199,269.6874,275.1141,313.1302,310.1433,294.7170,274.3697,278.6822,280.9790,281.1215,281.9899,282.5864,283.0863,282.5467,281.9146,310.6197,281.3447,280.7419,279.9661,275.4077,273.0444,299.9556,301.2213,290.9066,0.0000,298.3275,303.6039,281.9918,276.1457,311.4525,284.1973,283.9578,289.5187,295.5735,296.1956,276.7767,282.5522,308.3738,309.7257,284.5585,277.2213,271.5476,286.6153,306.2736,278.3187,301.1728,300.8786,281.8742,282.7594,273.2139,287.2864,285.3299,314.5181,292.0332,284.2996,284.3514,272.0609,271.6785,274.5571,305.6630,276.6650,287.0938,281.8029,282.6180,282.9611,291.2831,275.5973,277.1074,276.2077,276.2102,300.8420,272.1844,275.7498,273.2981,295.2202,296.1281,321.3223,321.3224,316.6149,275.7103,288.4715,268.6033,280.5428,276.6344,278.4149,277.3323,292.4165,0.0000,286.5557,274.7604,301.8198,302.3296,277.5338,276.9419,312.7144,285.0303,281.4470,299.5201,289.1572,285.0335,289.4943,328.5787,289.9140,322.5755,354.2873,344.7884,313.2483,307.1222,273.9911,303.7484,303.2457,300.1520,302.0776,298.0077,277.7487,285.3982,286.4335,339.0903,352.3338,283.2203,301.9175,304.5311,304.6384,303.4852,300.8420,304.4739,303.6616,305.0291,304.6634,304.3252,299.4167,281.3447,273.0515,277.3340,0.0000,277.7817,281.6016,277.7818,276.4553,276.6657,278.6940,277.7857,283.0682,314.0465,276.0899,283.3839,284.1634,283.6126,275.6608,283.6542,299.9820,275.2841,275.6590,286.0490,294.2966,310.4838,311.0246,315.9091,292.4165,301.1466,292.4165,296.6144,296.9233,277.5642,282.5386
42.0000,314.7659,274.7615,275.2138,274.6296,267.7200,279.6760,277.1793,311.5045,281.3468,314.4477,298.7879,311.3410,280.6643,286.9313,273.4847,273.5402,279.0371,278.0147,284.6856,272.1399,276.2826,271.1183,273.3552,275.5412,282.0516,286.5105,287.3766,290.3981,312.1143,274.3854,275.9573,276.3273,312.4233,314.0998,310.6098,304.5523,280.6481,296.5558,280.9176,315.8119,336.7254,297.7662,299.7582,338.6106,315.9679,288.6514,302.9125,301.8792,270.1574,304.9029,301.7466,297.2973,306.6455,298.1559,306.7019,299.9613,276.9523,304.4831,281.4860,297.0301,296.9945,297.4335,302.7093,303.2043,296.7703,296.3334,296.8862,304.4690,299.1740,300.3159,309.7567,302.2902,300.7987,297.0409,287.8659,269.6271,275.1482,312.6999,309.7224,294.1917,274.3697,278.7777,280.7494,280.8987,281.7717,282.3691,282.8516,282.3108,281.6948,310.0433,281.1633,280.5220,279.7914,275.2827,272.9432,299.3190,300.6955,290.1044,0.0000,298.0942,303.2984,281.7492,275.9708,310.5913,284.2850,284.0184,289.5169,295.5262,296.1526,276.7952,282.3583,308.2353,309.3231,284.3903,277.0220,270.5718,286.1943,305.6362,278.1661,299.8809,300.8542,281.6366,282.4807,273.1096,286.7518,284.6479,313.9580,291.9996,283.7362,283.7879,272.0329,271.6785,274.5571,305.1115,276.5184,286.3706,281.5695,282.3758,282.7052,290.6475,275.6288,277.0816,276.0946,276.0973,300.8177,272.0404,275.7141,273.2526,295.1618,296.0553,320.5365,320.5366,315.8965,275.5777,288.2552,268.5243,280.2537,276.4614,278.2632,277.1972,292.3869,0.0000,286.7946,274.6149,301.7069,302.1929,277.4007,276.8171,312.1974,284.8140,281.2642,299.5919,289.1572,285.2375,289.4980,327.7455,289.0150,321.3332,351.6264,344.0937,312.8355,306.5630,273.8970,303.5132,303.0364,300.0358,301.8857,297.9234,277.6395,285.3787,286.4998,337.2590,349.7752,283.0871,302.0120,304.5520,304.6590,303.4839,300.8177,304.4946,303.6127,304.9809,304.6841,304.3547,299.4026,281.1633,272.9502,277.1988,0.0000,278.2014,281.3789,278.2015,276.3506,276.5674,278.5328,277.8235,283.3081,313.6113,275.9574,283.6813,284.2573,283.8694,276.2501,283.1253,299.6408,275.2819,276.2484,285.7774,294.2966,310.0745,310.6120,315.4679,292.3869,301.2428,292.3869,296.5633,296.8486,277.4334,281.9393
43.0000,311.9806,274.6650,275.0831,274.6964,267.8173,278.6622,276.2788,310.6729,281.5432,314.2288,298.8687,311.3323,280.7633,286.9313,273.5388,273.5336,279.5344,278.2998,286.2452,271.8482,275.9699,271.0437,273.2017,275.4135,280.3579,284.6835,285.5000,290.1740,312.2654,274.3083,275.9827,276.2930,312.4233,311.2996,308.0585,304.4927,280.8466,295.0519,281.1020,312.9677,332.6743,296.9221,299.9140,334.4506,315.8657,290.0395,305.8608,304.8607,270.2706,306.0213,302.6193,299.2740,308.0317,300.5041,308.3458,301.9093,277.1181,305.6733,282.9027,297.8539,299.8633,300.3176,304.2075,304.6538,297.8755,298.8953,299.3474,307.3441,301.9509,303.0112,311.3952,304.9953,302.6988,299.9101,289.0152,269.6271,275.2158,312.8197,309.7451,293.0730,274.3697,279.0819,280.9496,281.1426,281.9515,282.5373,283.0078,282.4833,281.8971,309.2243,281.2810,280.7116,279.9621,275.5280,273.1019,298.3191,299.7953,290.0231,0.0000,298.1444,303.2880,281.9284,275.8045,307.8289,285.8743,285.5708,292.3449,298.3824,299.0374,276.7728,282.4261,309.9166,309.3658,284.4076,276.1800,270.3280,285.8029,302.9333,278.4468,301.8858,303.7540,281.8247,282.7221,273.0675,288.0684,284.7000,313.7727,295.4021,285.0735,285.1255,272.0528,271.6785,269.9651,304.2501,276.5238,286.2991,281.7763,282.5472,282.8724,292.0013,275.8883,276.8694,276.3152,276.3179,303.7178,272.1105,276.0657,273.4794,297.7467,298.6262,318.9619,318.9620,314.6698,275.5784,288.2167,269.1236,279.3778,276.1367,278.4519,277.3986,295.7660,0.0000,288.3315,274.6858,302.5933,303.1865,277.5959,277.0518,312.1099,284.8630,281.3790,299.9508,289.1572,286.7802,289.5166,325.6283,288.8888,318.0470,346.2415,340.8195,312.8421,305.7141,273.8881,304.8089,304.3502,302.2259,301.1729,299.8872,276.7252,283.9745,284.6871,332.8687,344.5133,281.4028,305.0101,307.5094,307.6165,306.4387,303.7178,307.4515,306.4826,307.8577,307.6417,307.3193,302.3070,281.2810,273.1089,277.4003,0.0000,279.1754,281.5745,279.1756,276.6001,276.8177,278.7115,278.0262,284.6538,313.7114,275.9829,285.3167,285.8505,285.4750,277.3400,283.2427,301.2094,275.4274,277.3383,284.2563,294.2966,310.1428,310.7120,315.3831,295.7660,304.2658,295.7660,299.5329,299.5461,277.2866,283.3374
44.0000,309.7376,274.5206,274.9110,274.7235,267.9884,278.6248,276.2721,309.4229,281.3547,313.1928,298.3365,310.4455,280.5321,286.9313,274.6489,273.5995,282.6387,281.8976,286.6018,271.5171,276.2513,272.2533,274.0954,275.5512,280.1986,284.3023,285.0668,289.9450,311.6582,274.1851,275.8549,276.1638,312.4233,309.0281,306.1294,303.7766,280.6520,294.3307,280.9155,310.6427,328.6703,295.9454,299.4138,330.2950,315.7362,289.9440,305.6799,304.7229,270.5419,305.7459,302.3979,299.3800,307.5849,300.2813,307.8332,301.7605,279.4658,305.2234,282.8440,297.8539,299.6993,300.1538,303.8538,304.2684,297.4540,298.7316,299.1452,307.1487,301.6624,302.6331,311.1044,304.6956,302.3805,299.7450,289.0068,269.6271,276.9736,312.1706,309.0378,292.4933,274.3697,282.7342,280.7531,280.9440,281.7478,282.3157,282.7617,282.2535,281.6844,308.0611,281.0153,280.5255,279.8133,275.4336,273.0415,297.3023,298.8883,289.7351,0.0000,297.6124,302.6354,281.7186,275.8987,305.7660,285.9776,285.6593,292.2984,298.2378,298.8832,276.7334,282.1134,309.6346,308.6871,284.0000,276.2677,271.5634,285.3716,301.2766,278.4578,301.6885,303.5676,281.6012,282.4693,272.9811,287.9915,284.6242,312.7604,295.2942,285.0067,285.0587,272.6515,271.6785,269.8120,303.2509,276.3719,286.2560,281.5693,282.3085,282.6187,291.8151,275.8860,276.8712,276.3002,276.3026,303.5370,272.1351,276.0737,273.5848,297.6098,298.4676,316.9314,316.9315,313.0133,275.4518,287.7099,269.5234,280.1577,277.0862,278.3489,277.3643,295.6597,0.0000,288.6802,274.7106,302.3743,302.9428,277.5498,277.0492,311.2406,284.4657,281.1095,299.8912,289.1572,287.1374,289.5135,323.4014,288.7616,315.2909,341.3143,337.1970,312.7686,304.6745,273.9384,304.4181,303.9975,301.9717,300.4379,299.5510,276.7475,283.7804,284.3118,329.0047,339.7191,281.2575,304.7881,307.3151,307.4231,306.2376,303.5370,307.2575,306.2773,307.6601,307.4479,307.1145,302.1348,281.0153,273.0486,277.3663,0.0000,281.5684,281.3847,281.5684,276.5718,276.7846,278.5578,280.9136,285.6286,313.2536,275.8552,285.7537,285.9569,285.8789,279.8204,283.1240,300.9892,277.5195,279.8187,283.9703,294.2966,309.4799,310.0726,315.2625,295.6597,304.0211,295.6597,299.4005,299.3951,277.0310,283.2800
45.0000,308.9726,274.0522,274.3934,274.6081,268.4302,279.4856,277.2495,309.9341,280.8195,312.6230,297.8586,309.8048,279.2876,286.9313,274.6206,273.3591,282.8374,282.2529,286.2159,271.4883,276.3949,272.2156,274.0954,275.5435,281.6705,285.8809,286.6519,289.9644,311.1234,273.7471,275.4444,275.7743,312.4233,308.3046,305.6200,303.2067,280.1111,294.8287,280.4188,309.8131,326.5214,295.8125,298.9683,328.0270,315.5345,289.2469,304.7783,303.8759,270.4462,305.0121,301.7782,299.0004,306.6126,299.3839,306.6597,300.9509,279.5227,304.2284,282.1636,296.9071,298.8736,299.3274,302.9504,303.3296,296.7703,297.9235,298.3030,306.1446,300.6606,301.5086,310.2118,303.5071,301.3015,298.9193,288.3835,269.2480,276.8902,311.5910,308.4794,292.9469,274.3697,283.1778,280.2082,280.3879,281.1943,281.7368,282.1527,281.6657,281.1135,308.2374,280.4025,280.0343,279.3670,274.9980,272.6259,297.3287,299.0518,289.7033,0.0000,297.1144,302.0899,281.1515,275.8783,305.2552,285.5302,285.2052,291.6461,297.4417,298.0729,276.6318,281.4479,308.7481,308.1387,283.2944,277.2204,271.7128,288.3272,301.1890,278.2015,300.7830,302.6765,281.0441,281.8737,272.5560,287.3055,284.3497,312.1791,294.5507,284.3263,284.3781,272.3661,271.6785,274.5571,303.4441,275.9274,285.7812,280.9972,281.7133,281.9957,291.0198,275.6436,277.0695,276.0670,276.0694,302.6517,272.0198,275.8785,273.4453,296.8305,297.6662,317.6429,317.6430,313.4373,275.0347,286.4958,269.2438,279.8668,276.8992,277.9515,277.0805,294.9154,0.0000,288.1847,274.5927,301.7599,302.2902,277.2266,276.6362,310.6633,283.5624,280.4902,299.6147,289.1572,286.7269,289.4992,320.6319,288.7638,314.0703,337.8857,335.5785,312.7013,304.8692,273.7185,303.4966,303.1261,301.1028,299.4536,298.6738,277.7132,285.0236,285.8796,326.6672,336.4302,282.7533,303.9078,306.4006,306.5063,305.3252,302.6517,306.3436,305.2926,306.6481,306.5309,306.2076,301.2841,280.4026,272.6330,277.0827,0.0000,281.7214,280.8477,281.7213,276.3172,276.5139,278.0779,281.0766,285.3805,312.8320,275.4448,285.4188,285.5122,285.5399,280.0727,282.8079,299.9509,277.6423,280.0710,285.1349,294.2966,308.9346,309.5291,315.0823,294.9154,303.1686,294.9154,298.6047,298.5810,277.1757,282.6027
46.0000,306.9701,273.0713,273.3853,274.0060,268.1291,279.2170,277.0637,308.3385,279.7761,311.0875,296.6714,308.3768,277.4717,286.1275,274.1769,272.8998,282.0992,281.5126,285.7213,270.2364,276.0000,272.0467,273.8622,275.0572,281.3357,285.4686,286.1972,289.0119,310.1755,272.7839,274.5115,274.8323,312.3906,306.3157,303.8435,301.9477,279.0726,293.8926,279.4453,307.7533,323.2991,294.5240,297.7519,324.6996,315.3469,288.5547,304.1681,303.3133,270.2025,304.6193,301.4490,298.4230,306.4503,298.7540,305.8258,300.1157,278.7070,303.6181,281.5337,295.8442,298.2623,298.7156,302.3882,302.7446,296.7703,297.3468,297.7240,305.3711,299.9183,300.6720,309.7929,302.6699,300.4575,298.3078,287.9015,268.3486,276.0220,310.5993,307.3159,292.0218,274.0690,282.4218,279.1660,279.3420,280.1274,280.6432,281.0567,280.5961,280.0400,306.7800,279.4027,279.0792,278.4483,274.1274,271.7459,296.0726,297.8131,288.7491,0.0000,295.9414,300.8720,280.1284,275.3539,303.4170,285.0122,284.6696,291.0820,296.8438,297.4671,276.0551,280.4025,308.2911,307.0120,282.2152,277.1043,271.4600,287.3820,299.6194,277.3401,299.9079,302.0266,280.0231,280.8259,271.6056,286.6742,283.4320,310.6591,293.9721,283.7093,283.7610,271.4759,271.6785,274.5571,302.1120,274.9740,284.7139,279.9395,280.6516,280.9313,290.2052,275.7056,277.0188,275.5142,275.5164,302.0080,271.6035,275.5300,273.1686,296.2459,297.0895,316.0733,316.0734,311.8986,274.0945,285.1180,269.3289,278.8986,276.2551,277.0935,276.2659,294.3384,0.0000,287.6887,273.9879,301.4313,301.9270,276.3707,275.6743,309.3343,282.4068,279.4851,299.4711,289.1572,286.2259,289.4918,318.5267,287.8479,311.7665,334.2461,332.8568,312.5678,303.5030,273.2421,302.9295,302.5964,300.5207,298.7605,298.2157,277.5177,284.7179,285.4705,323.7038,332.8681,282.4030,303.2583,305.7736,305.8789,304.6766,302.0080,305.7168,304.5438,305.8733,305.9035,305.5766,300.6681,279.4027,271.7530,276.2681,0.0000,281.1108,279.8033,281.1107,275.7559,275.9370,277.1503,280.2682,284.8248,312.1200,274.5120,284.9753,284.9968,285.0922,279.5062,281.8959,299.0394,277.0818,279.5047,284.6213,294.2966,307.8503,308.4955,314.9034,294.3384,302.5342,294.3384,298.0313,297.9960,275.9751,281.9791
47.0000,304.9432,271.9652,272.2422,272.9107,267.1919,278.7196,276.7973,305.3858,278.3148,308.0843,294.5271,305.5486,276.5022,284.8900,273.5328,272.1014,281.0186,280.5112,284.9650,269.0484,274.8701,270.0094,272.0423,274.0791,280.8179,285.1495,285.8867,287.9048,307.1570,271.7059,273.3050,273.6146,309.2282,304.4619,302.0492,299.4804,277.6174,292.7051,278.0630,305.6689,320.0513,292.5587,295.5673,321.3468,312.0046,287.2257,303.4438,302.6147,269.7184,304.1773,301.0840,296.4457,306.0685,297.9323,304.5079,297.9994,277.6990,302.9255,280.2066,294.5328,297.5032,297.9582,301.7503,302.1012,296.7703,296.5980,296.9849,304.6951,299.1048,299.8166,309.2286,301.9700,299.3318,297.5486,286.9876,267.4165,274.8772,307.5335,304.5332,290.7827,273.1061,281.4220,277.7066,277.8837,278.6360,279.1181,279.5401,279.1060,278.5433,304.1111,278.0040,277.7191,277.1376,272.9660,270.6685,294.2571,295.9107,288.2426,0.0000,293.7992,298.4601,278.6809,274.4393,301.6487,284.2485,283.8957,290.3216,296.0821,296.7074,274.8676,278.9562,307.6896,304.2307,280.7132,276.7061,269.8071,286.2605,298.0131,276.0935,297.8398,301.2804,278.5899,279.3382,270.5688,285.4354,282.1172,307.6834,293.2143,282.4518,282.5033,270.4697,271.5182,274.5571,299.8336,273.7340,283.3510,278.4670,279.1702,279.4419,288.7967,275.8285,276.9183,274.6285,274.6306,301.2651,270.5150,274.9451,272.6614,295.4848,296.3400,312.5803,312.5804,308.7387,272.9193,283.3126,269.2675,277.8183,275.4672,275.8742,275.0751,293.5822,0.0000,286.8696,272.8898,301.0644,301.5014,275.1863,274.5937,306.4596,280.7877,278.0815,299.3307,289.1572,285.4687,289.4845,316.2626,286.6718,309.9520,333.3683,326.7521,309.4042,301.1060,272.3867,302.2859,301.9941,299.8225,297.9743,297.6528,277.1882,284.3909,285.1504,322.1755,331.8599,281.9074,302.4878,305.0357,305.1411,303.9477,301.2651,304.9789,303.8159,305.1962,305.1657,304.8332,299.9161,278.0040,270.6755,275.0771,0.0000,280.1687,278.3409,280.1687,274.8768,275.0547,275.8736,279.2539,283.9711,308.9997,273.3057,284.2524,284.2352,284.3788,278.6036,280.5657,297.8565,276.2970,278.6020,283.8846,294.2966,305.0078,305.6022,311.5896,293.5822,301.7283,293.5822,297.2748,297.2415,274.8380,280.6786
48.0000,302.2422,268.8609,269.1007,270.2542,264.7926,277.8145,275.8976,301.5179,275.1072,303.9240,290.8562,301.5245,273.4240,281.8188,270.7681,269.2901,278.0022,277.4657,282.4383,265.7992,273.0780,269.0097,270.7771,271.8094,279.8589,283.9374,284.6180,284.9603,302.9686,268.6231,270.2655,270.5486,304.9384,301.7485,299.5160,295.6297,274.4150,290.6544,274.8960,302.9262,316.4688,289.5123,291.8362,317.6883,307.5916,284.2838,301.2180,300.3986,267.1339,303.0603,300.1774,293.0977,305.4709,295.8710,301.8789,294.5501,274.5777,301.5342,277.3169,292.3354,295.3263,295.7790,300.2604,300.6075,296.7703,294.5157,294.9703,302.4393,296.8913,297.5833,307.7764,299.6542,297.1350,295.3714,284.3667,264.3189,271.7399,303.3161,300.4862,288.4736,270.7549,278.3542,274.5003,274.6793,275.4037,275.8561,276.2688,275.8576,275.3059,300.4404,274.8129,274.5684,274.0347,269.9556,267.6309,291.3442,292.9034,285.3299,0.0000,290.1472,294.6426,275.4654,272.1103,299.0872,281.7456,281.3825,288.0213,293.8996,294.5252,271.8307,275.7220,306.1749,300.1872,277.4241,275.9190,268.9310,283.2445,295.7377,273.1158,294.4161,299.0672,275.3764,276.0850,267.4658,282.5953,278.9546,303.5450,291.0063,279.6196,279.6706,267.3528,268.9571,274.5571,296.5134,270.6693,279.9972,275.2393,275.9204,276.1763,285.7901,276.0632,276.7263,271.9252,271.9271,299.0522,267.8731,272.2981,270.0464,293.3215,294.2464,308.5044,308.5044,304.8464,269.8694,279.8178,266.5693,274.7679,272.5501,272.8494,272.1597,291.3732,0.0000,284.2702,270.2248,300.1535,300.4977,272.2605,271.7108,302.3685,277.4380,274.8854,298.8821,289.1572,282.9208,289.4613,314.6817,283.6661,307.2914,331.1097,321.6301,305.1165,297.6828,269.5434,300.8954,300.6330,297.9762,297.4622,296.2618,276.2787,283.3197,283.9429,319.6591,329.5316,280.9365,300.3048,302.8037,302.9088,301.7196,299.0522,302.7472,301.5527,302.9371,302.9331,302.6075,297.7222,274.8129,267.6378,272.1617,0.0000,277.3630,275.1320,277.3630,272.1295,272.2685,272.7816,276.1489,281.3319,304.7627,270.2663,281.7605,281.7339,281.8980,275.8483,277.4332,295.6595,273.4215,275.8466,282.5145,294.2966,300.9267,301.4895,307.1966,291.3732,299.5440,291.3732,295.1208,295.1388,271.7291,277.8049
