"ETAPA \ BARRA","AGUAYTIA 220","BALNEARIO 220","BALNEARIOS 60 A","CALLAHUANCA 220","CALLAHUANCA 60","CARHUAMAYO 220","CARHUAMAYO NUEVA 138","CARHUAQUERO 220","CHAVARRIA 220 A","CHICLAYO OESTE 220","CHIMBOTE 220","GUADALUPE 220","HUACHIPA 60","HUACHO 220","HUANCAVELICA 220","HUAYUCACHI 220","ICA 220","INDEPENDENCIA 220","MARCONA220","MOYOPAMPA 60","OROYA NUEVA 220","OROYA NUEVA 138","OROYA NUEVA 50","PACHACHACA 220","PARAGSHA2 220","PARAGSHA 138","PARAGSHA 50","PARAMONGA NUEVA 220","PIURA OESTE 220","SAN JUAN 220","SANTA ROSA 220 A","SANTA ROSA EDS 60","TALARA 220","TINGO MARIA 138","TINGO MARIA 220","TRUJILLO 220","VENTANILLA 220","VIZCARRA 220","ZAPALLAL 220","AGUAYTIA 138","PUCALLPA 138","HUALLANCA 138","CHIMBOTE 138","PUCALLPA 60","ZORRITOS 220","ABANCAY NUEVA 138","ARICOTA138","ARICOTA II 66","CAMPO ARMINO 220","AYAVIRI138","AZANGARO 138","CACHIMAYO 138","CALLALLI 138","CERRO VERDE 138","COMBAPATA 138","DOLORESPATA 138","DESIERTO220","JULIACA 138","MACHUPICCHU 138","MOLLENDO 138","MOQUEGUA 220","MOQUEGUA 138","PUNO 220","PUNO 138","SANTUARIO 138","SOCABAYA 220","SOCABAYA 138","ILO 138","LOS HEROES 220 A","LOS HEROES 66","TINTAYA 138","TOMASIRI 66","REPARTICION 138","ILO2 220","COTARUSE 220","CHILCA REP 220","CANTERA 220","PIURA OESTE 60","LA NINA 220","CONOCOCHA 220","HUINCO 220","INDEPENDENCIA 60","CHILLON 220","CHILLON 60","CHAVARRIA 60 A","CHAVARRIA 60 B","BARSI 60","BARSI 220","OQUENDO 60","CAJAMARCA 220","PLANICIE 220 A","CARABAYLLO 220","CARABAYLLO 500","CHILCA CTM 500","CHILCA CTM 220 A","KIMAN AYLLU 138","KIMAN AYLLU 220","PARAMONGA EXISTENTE 138","MACHALA 200","CHIMBOTE 500","TRUJILLO 500","HUARANGAL 60","POMACOCHA 220","PIEDRA BLANCA 138","POROMA 220","POROMA500","OCONA 500","MONTALVO 500","MONTALVO 220","HUANZA 220","INDUSTRIALES 220 A","TINTAYA 220","LA NINA 500","INDUSTRIALES 60","CARHUAMAYO 50","CARIPA138","HUAMPANI 60","HUANUCO 138","REFINERIA ZINC 220","QUENCORO 138","ILO 3 220","MIRADOR 220","MIRADOR 60","ALTO PRADERA 220","ABANCAY NUEVA 220","LOMERA 220","REQUE 220","SAN JOSE 500","SANTA TERESA 220","SURIRAY 220","ASIA 220","CERRO DEL AGUILA 220","CHAGLLA 220","RAMADA 220","SANTA ROSA LDS 60","LOMERA 60","ZAPALLAL 60","MALVINAS 220","MALVINAS 60","ABANCAY 138","YAUPI 138","SANTA ISABEL 220","YANANGO 220","CHIMAY 220","ILO3 138","MATUCANA 220","COLCABAMBA 500","COLCABAMBA 220","YARABAMBA 500","YARABAMBA 220","BELAUNDE 220","BELAUNDE 138","CACLIC 220","INDUSTRIALES 220B","PLANICIE60","COBRIZAI 69","MOLLEPATA 60","MOLLEPATA220","CARAPONGO 500","CARAPONGO 220 A","SAN JOSE 220","MARCONA 60 A","SAN NICOLAS 60","CALLAHUANCA EDN 220","PUMIRI138","PUMIRI220","SAN MIGUEL 220","SAN MIGUEL 60","FELAM 220","MANCHAY 60","MANCHAY 220","SAN RAFAEL 138","SAN GABAN 138","MARCONA 60 B","ANGEL 138","PTO MALDONADO 138","MEDIO MUNDO 220","AUCAYACU 138","BELLAVISTA 138","TARAPOTO 138","PARINAS 220","PAMPA HONDA 220","ORCOTUNA 220","SAN ROMAN 138","SAN ROMAN 220","CHILOTA 220","MAZUCO 138","JESUS 138","CARHUAMAYO 138","CINCO MANANTIALES 138","OXIDOS CERRO 138","TOCACHE 138","JUANJUI 138","FRANCOISE 220","BOTIFLACA 138","MILL SITE 138","PLAZA TOQUEPALA 138","QUEBRADA HONDA 138","PANAMERICANA SOLAR 138","TOQUEPALA 138","ILO ELS 138","REFINERIA 138","LIXIVIACION 138","PUSHBACK 138","INTIPAMPA 138","PLANICIE 220 B","CHILCA CTM 220 B","CARAPONGO 220 B","CHILCA 1 220","DERIVACION 220","CHAVARRIA 220 B","DERIVACION 220  BARRA II","CAMPAS 220","CAMPAS 500","PLANICIE 500","NUEVA CHINCHA 220","CAHUACHI 220","VALLE DEL CHIRA 220","SANTA ROSA 220 B","ERSUR 220","FLAMENCO220","BARRA3HERMANAS","BARRAPTALOMITAS","PUERTO CHANCAY 220","CHAPARRAL 138","CHIRIBAMBA 220","BARRAPTALOMITAS2","YSHCAYUCRO 220","PAQUILLUSI 220","MIGUEL GRAU 500","MIGUEL GRAU 220","ALIPIO ROSALES 220","SUNNY","CUAJONE 138","SAN MARTIN 220","SAN LUIS 220","CERRO VERDE 220","PORTILLO 60","SURIRAY138"
1.0000,287.2505,258.3183,258.5006,260.4844,256.1714,267.2980,265.5447,288.0351,263.6278,290.0717,278.2502,288.3907,263.1278,269.3074,262.5960,261.5287,267.0857,267.0298,271.4050,255.9059,263.9423,262.2632,262.8976,262.6454,270.0533,272.4801,273.0388,272.5312,289.6492,258.1253,259.7336,259.8875,292.0595,286.0320,285.1797,282.6227,262.9484,278.7806,263.5687,287.7664,297.9416,277.5170,279.1281,298.8570,294.3485,275.1899,292.1620,291.4487,259.9660,295.2991,293.2081,282.7649,295.2856,286.2715,291.6637,283.9777,264.3476,293.3835,268.5682,282.0327,286.3886,286.8591,292.0695,292.3416,285.9422,285.2234,285.5021,293.1949,287.7508,288.2927,298.5181,290.8945,287.0900,286.4321,275.7465,254.0677,261.6831,289.9480,287.1896,276.6734,260.4288,267.3991,263.0194,263.1756,263.8748,264.2531,264.6298,264.2679,263.7438,287.3980,263.2988,263.3549,263.0069,259.2641,257.1069,279.2761,280.6325,272.8214,0.0000,277.6042,281.7133,263.9646,263.0447,283.9243,271.2766,271.1579,279.0168,284.9576,285.6023,262.7895,263.9831,297.0988,286.9226,265.1286,265.9621,264.1478,273.6111,281.5292,262.3032,283.9028,289.9851,263.9449,264.5260,256.9588,273.7039,266.8637,289.8069,282.5889,270.8576,270.9054,257.1638,260.9912,270.0564,283.8890,260.0505,267.4449,263.6805,264.3338,264.5044,276.5562,262.2046,263.9218,261.9218,260.9728,289.9598,258.5021,263.1980,261.7808,284.1411,284.9616,295.6510,297.0243,291.8270,259.3455,267.4759,260.4652,265.3604,263.9775,262.0691,261.5387,282.8602,0.0000,274.2028,260.4403,293.0812,292.7967,261.6347,261.3802,288.7492,265.4512,263.3586,294.9761,288.0382,271.9717,288.2778,309.9816,271.1814,290.1043,307.8862,308.5409,292.0465,284.9386,261.6243,292.7342,292.5710,289.4562,295.1675,286.1805,266.0877,272.1547,272.4921,298.8422,306.6570,271.0949,291.5495,293.6608,293.7559,292.5221,289.9598,293.6065,292.2804,293.6707,293.7806,293.5254,288.7407,263.2988,257.1135,261.5403,0.0000,265.4334,263.6487,266.3498,262.1870,262.3549,261.7784,265.9451,270.4868,291.4518,259.7343,269.9760,271.2155,270.3920,263.8404,265.6743,285.5349,264.3557,263.8445,272.0985,287.0961,287.6433,288.2151,293.9811,282.8602,290.7861,282.8602,286.0765,285.9029,261.5862,269.0646
2.0000,287.1128,257.8069,257.9677,260.1691,256.0132,268.0625,266.4286,287.2496,263.0665,289.1192,277.6991,287.5024,262.4967,269.6223,262.9344,261.3830,267.5722,267.3655,271.3792,255.2083,263.9081,261.6394,262.4206,262.5843,270.7332,273.3810,273.9567,272.6864,288.7914,257.6263,259.2076,259.3365,291.0983,285.9574,285.1349,281.9247,262.4075,279.0522,263.1399,287.6047,297.3012,277.0941,278.6038,298.1734,293.3161,274.9203,291.9602,291.2704,259.9660,295.1722,293.0977,282.3364,295.1936,286.0935,291.3206,283.5132,264.4028,293.1638,268.3077,282.0313,286.2059,286.6766,291.8726,292.1320,285.9422,285.0496,285.3261,292.9466,287.5051,288.0026,298.3863,290.5747,286.9009,286.2491,275.5826,253.6162,261.6798,289.0842,286.3804,276.8492,259.5950,267.8072,262.4756,262.6165,263.2830,263.6343,264.0496,263.7006,263.1512,286.7584,262.8243,262.9258,262.5790,258.8654,256.6899,278.9062,280.3442,272.9389,0.0000,277.0225,281.0385,263.4968,262.9775,283.9547,271.1906,271.0518,278.8707,284.7808,285.4229,262.4439,263.4857,296.9515,286.1238,264.6200,266.7534,263.7951,273.3134,281.7697,261.7999,283.4582,289.7782,263.4531,264.0268,256.4716,273.4587,266.8738,288.8646,282.4229,270.6106,270.6583,256.8594,260.9738,270.7364,283.4422,259.5098,267.5766,263.1354,263.7825,263.9388,276.2625,263.6101,265.3380,262.2377,262.2393,289.7547,258.1834,263.1683,261.7631,283.9706,284.7894,294.8342,296.1628,291.0934,258.8261,266.7939,259.5244,267.9099,265.2479,261.6807,261.0509,282.6950,0.0000,274.2062,260.1192,292.9712,292.6726,261.1398,260.8814,287.8790,264.8833,262.8806,294.9470,288.0382,271.9413,288.2763,309.2247,271.4067,289.8170,306.7175,307.3018,291.0842,284.4371,261.4490,292.5330,292.3843,289.2668,294.9040,286.0274,266.9217,273.0317,273.3921,298.0601,305.5398,271.7979,291.3532,293.4476,293.5408,292.3056,289.7547,293.3936,292.0383,293.4220,293.5661,293.3062,288.5497,262.8243,256.6965,261.0523,0.0000,265.7471,263.0871,266.4396,262.2806,262.3470,261.3457,266.1064,270.4811,290.5583,259.2084,269.9946,271.1329,270.4411,263.9886,265.5158,285.4036,264.6930,263.9927,272.6238,287.0961,286.8286,287.3888,292.9599,282.6950,290.5825,282.6950,285.8972,285.7214,261.0220,268.8099
3.0000,286.4675,257.1123,257.2553,259.6851,255.9367,267.4744,265.9206,286.2696,262.2904,288.0909,276.8045,286.4741,261.7718,268.7964,262.4683,261.1924,266.8634,266.7025,271.1700,254.4788,263.2787,260.5450,261.4764,262.0825,270.1239,272.8432,273.4211,271.8732,288.0220,256.9388,258.5097,258.6167,290.2140,285.4905,284.5580,281.0007,261.6347,278.3616,262.3994,286.9440,296.3345,276.2088,277.6785,297.1790,292.3934,274.6249,291.6365,290.9582,259.9660,295.0388,292.9925,281.9172,295.1800,285.8513,290.9827,283.0671,263.7203,292.9765,268.0154,282.0312,285.9209,286.3923,291.6766,291.9334,285.9422,284.7832,285.0712,292.5876,287.1813,287.6529,298.2011,290.1966,286.6868,285.9639,275.3889,252.9706,260.9629,288.3548,285.5130,276.1076,258.9422,267.1343,261.7009,261.8420,262.4961,262.8346,263.2452,262.9093,262.3622,285.8456,262.0796,262.2010,261.8882,258.2243,256.0470,278.0579,279.4959,272.1418,0.0000,276.1434,280.1342,262.7274,262.4835,283.4130,270.9127,270.7592,278.5823,284.5015,285.1391,261.8774,262.7144,296.7577,285.2704,263.8117,266.2674,262.6765,273.0905,281.0761,261.1186,283.0278,289.4735,262.6905,263.2324,255.7936,273.1867,266.0783,287.8363,282.1397,270.3350,270.3827,256.1858,260.7949,270.1270,282.5856,258.7989,266.7478,262.3537,262.9951,263.1465,275.9431,263.1280,264.7963,261.7647,261.7664,289.4502,257.8286,262.8618,261.5839,283.7024,284.5218,293.8975,295.2069,290.1632,258.1308,265.9117,260.9683,264.7733,263.7084,261.0286,260.3946,282.4066,0.0000,274.3167,259.6352,292.8643,292.5468,260.4785,260.2205,286.9333,264.0606,262.1335,294.9915,288.0382,271.7713,288.2786,308.5636,270.5855,289.7730,306.5870,306.5441,290.1913,283.5699,261.2027,292.3477,292.2059,289.0262,294.6677,285.8394,266.3960,272.4948,272.8542,299.3232,305.6155,271.1884,291.0770,293.1211,293.2148,292.0272,289.4502,293.0674,291.6915,293.0625,293.2398,292.9874,288.2538,262.0796,256.0537,260.3959,0.0000,265.0662,262.3104,265.9158,261.8106,261.8809,260.6604,265.4283,270.1733,289.7330,258.5106,269.8984,270.8584,270.2527,263.3338,264.7441,285.2555,264.1492,263.3388,271.9739,287.0961,285.9953,286.5792,292.0419,282.4066,290.3176,282.4066,285.6073,285.4472,260.3908,268.5237
4.0000,285.6342,256.5441,256.6734,259.3342,255.7516,267.1058,265.5070,285.2707,261.6948,287.0655,276.0229,285.5034,261.1826,268.1170,262.3457,261.0449,266.4403,266.2737,270.9754,253.7149,263.0966,260.7217,261.5776,261.8291,269.7066,272.3907,272.9542,271.1817,286.9696,256.3764,257.9634,258.0591,289.1071,284.6587,283.7805,280.1216,261.0397,277.7616,261.8193,286.0963,295.1974,275.4425,276.8993,296.0158,291.2415,274.6289,291.2581,290.5456,259.9660,295.0427,292.9806,281.8339,295.2066,286.4968,290.9298,282.9690,263.2500,292.9255,267.9944,293.3614,285.8280,286.2819,291.6187,291.8609,285.9422,284.8246,285.1927,292.4422,287.1640,287.7150,298.1952,290.6499,289.4236,285.8711,275.4228,252.4084,260.4161,287.2891,284.5349,275.4782,258.4400,266.6470,261.1047,261.2462,261.9011,262.2369,262.6196,262.2964,261.7651,284.9356,261.5116,261.6341,261.3437,257.7170,255.5206,277.3061,278.7427,271.4359,0.0000,275.3617,279.2728,262.1076,262.2012,282.6446,270.7331,270.5734,278.4863,284.4422,285.0581,261.4343,262.1355,296.7729,284.2941,263.2207,265.8895,262.6015,273.3845,280.4101,260.5948,282.9384,289.2732,262.0991,262.6287,255.2280,273.1931,265.4211,286.8197,282.0864,270.3309,270.3786,255.6270,260.6660,269.7066,281.7763,258.2459,266.0000,261.7467,262.3837,262.5298,275.9580,262.7494,264.4246,261.4311,261.4326,289.2426,257.5813,262.6402,261.4545,283.6833,284.5543,292.7897,294.0503,289.1533,257.5806,265.2155,260.8416,264.6114,263.5514,260.5177,259.8897,282.3530,0.0000,273.6538,259.2819,292.8516,292.5349,259.9689,259.7113,285.9363,263.4298,261.5637,294.9739,288.0382,271.5234,288.2777,308.0071,269.8978,288.8673,305.2683,305.1838,289.0834,282.7359,261.0113,292.2939,292.1600,288.9575,294.4940,285.9083,265.9929,272.0622,272.4022,298.2082,304.3241,270.7353,290.8324,292.7218,292.8216,291.7131,289.2426,292.6700,291.5185,292.9169,292.8447,292.4845,288.0639,261.5116,255.5273,259.8910,0.0000,264.7547,261.7143,265.7195,261.4691,261.5330,260.1228,264.9729,269.9925,288.6447,257.9643,269.7484,270.6809,270.0722,263.1282,264.1278,290.6280,263.9054,263.1334,271.4914,287.0961,284.9995,285.5658,290.8970,282.3530,290.0899,282.3530,285.6221,285.4864,259.9134,268.5072
5.0000,283.8862,255.6510,255.7594,258.6211,255.1559,266.3916,264.8730,283.3709,260.7236,285.1736,274.5182,283.6685,260.3433,266.3321,262.5177,260.8104,266.0021,265.9077,270.3443,252.8261,262.4770,260.1942,261.0104,261.2346,268.8849,271.6166,272.1598,269.5297,284.9608,255.4952,257.1045,257.1940,286.9837,282.8674,282.0937,278.4658,260.0607,276.4182,260.8263,284.3326,293.1238,273.8971,275.3678,293.9142,289.0699,274.1086,290.6355,289.9336,259.9660,294.6759,292.6902,281.1522,294.8936,285.8547,290.2638,282.2565,262.7045,292.5005,267.5020,292.3068,285.1961,285.6487,291.1629,291.4048,285.9422,284.1953,284.5812,291.7847,286.5062,287.0385,297.6908,289.9972,288.6725,285.2387,275.0502,251.5504,259.7485,285.2508,282.6820,274.0767,257.9783,266.3214,260.1241,260.2789,260.9240,261.2494,261.6191,261.3100,260.7860,283.0556,260.6129,260.6732,260.4334,256.8750,254.6747,275.7507,277.1200,269.7835,0.0000,273.8829,277.6449,261.1110,261.5997,281.0199,270.1212,269.9608,277.8540,283.8143,284.4258,260.6879,261.2402,296.2556,282.4419,262.3178,265.2879,262.0727,273.0091,279.1076,259.7527,282.2286,288.6402,261.1227,261.6285,254.3506,272.7129,263.9662,284.9368,281.4538,269.8541,269.9017,254.6793,260.4034,268.8849,280.0074,257.3777,264.4339,260.7600,261.3982,261.5477,275.3940,262.2391,263.8410,260.7980,260.7996,288.6123,256.8701,262.1884,261.1913,283.0615,283.9235,290.3402,291.5031,286.9650,256.7164,264.2463,259.5527,267.1663,264.6919,259.6690,259.0841,281.7062,0.0000,273.0910,258.5660,292.5596,292.2127,259.1611,258.9115,284.0710,262.4946,260.6634,294.8251,288.0382,270.9034,288.2699,307.4799,268.1815,286.7114,301.3559,301.6411,286.9531,280.9277,260.7008,291.8674,291.7403,288.4000,294.2852,285.4857,265.3561,271.3299,271.6279,295.1814,300.3698,269.9356,290.1739,292.0940,292.1918,291.1096,288.6123,292.0422,290.8646,292.2553,292.2140,291.8560,287.4320,260.6129,254.6813,259.0854,0.0000,264.1472,260.7425,264.9892,260.8339,260.9039,259.2394,264.5038,269.3261,286.5779,257.1055,269.1208,270.0706,269.4088,262.3596,262.8465,289.7843,263.8644,262.3647,270.4914,287.0961,283.1072,283.6373,288.7320,281.7062,289.4416,281.7062,284.9579,284.8320,259.1312,268.0212
6.0000,282.6643,254.6854,254.7875,257.7630,254.3664,266.0311,264.5279,280.3815,259.5468,281.5677,271.9722,280.3433,259.3153,264.8871,261.9739,260.5299,265.1288,265.0805,269.7412,251.9514,262.1598,260.5890,261.1957,260.7309,268.3582,270.8991,271.3916,267.9734,279.6113,254.5349,256.0946,256.2525,278.8309,281.6353,280.9058,275.5130,258.8822,275.2862,259.6348,283.1020,291.7185,271.6455,272.8288,292.4931,280.9806,274.0290,290.3216,289.6339,259.9660,294.4700,292.5052,281.0534,294.8496,284.7979,290.0957,282.1331,261.8604,292.2388,267.3988,282.0312,284.6840,285.1360,290.8548,291.0986,285.9422,283.6481,283.9798,291.2849,285.9816,286.4926,297.4523,289.4511,285.7984,284.7267,274.9488,250.5930,258.8925,279.8944,278.4981,272.7104,256.5607,265.4244,258.9450,259.1114,259.7495,260.0741,260.4254,260.1149,259.6143,280.3398,259.4817,259.4915,259.2660,255.8424,253.6717,273.5868,274.9945,268.2243,0.0000,271.3618,274.6582,259.9016,261.0811,279.8764,269.5056,269.3425,277.2865,283.2951,283.9077,259.7724,260.1096,295.9659,278.1991,261.1675,265.0713,262.3017,272.5009,278.1326,258.6506,282.1006,288.1891,259.9116,260.3402,253.3888,272.6243,262.6099,281.3758,280.9194,269.7582,269.8058,253.7676,260.0927,268.3582,277.5795,256.3646,262.9793,259.5827,260.1922,260.3284,275.3346,262.3140,263.7798,260.0642,260.0656,288.1706,256.0100,261.6554,260.8797,282.5356,283.3748,287.6742,288.7007,284.2762,255.7184,263.0666,261.3216,263.6525,262.9809,258.5870,258.0000,281.1616,0.0000,272.6795,257.7002,292.3744,292.0123,258.0788,257.8345,280.1504,261.3334,259.5314,294.6532,288.0382,270.3162,288.2609,307.5188,266.6753,285.5023,300.1809,299.6569,279.0736,278.4086,260.3259,291.5951,291.4655,287.9892,294.3122,285.0818,265.0233,270.8184,270.9170,294.0485,299.3824,269.4286,289.6423,291.7811,291.8783,290.7258,288.1706,291.7281,290.3787,291.7577,291.9021,291.6317,286.9744,259.4817,253.6783,258.0012,0.0000,263.2094,259.5652,264.1038,260.0791,260.1376,258.1290,263.6629,268.6280,280.3352,256.0955,268.5868,269.4565,268.7869,261.3605,261.5621,284.6408,263.2085,261.3663,269.7061,287.0961,278.5873,278.8414,280.6762,281.1616,288.9119,281.1616,284.4272,284.2981,258.2691,267.9193
7.0000,282.3301,254.4141,254.5114,257.5776,254.1952,265.9006,264.4152,280.1115,259.2812,281.3639,271.7796,280.1347,259.1252,264.4277,261.9140,260.4878,264.9192,264.8554,269.6456,251.6366,261.9990,260.4049,261.0198,260.5750,268.1864,270.6883,271.1783,267.5835,279.5342,254.2663,255.8362,255.9823,278.8309,281.3242,280.5934,275.2994,258.6160,275.0284,259.3710,282.7616,291.2572,271.4464,272.6480,292.0209,280.9763,273.9683,290.1145,289.4229,259.9660,294.4225,292.4760,280.9795,294.7292,284.7382,290.0442,282.0570,261.5428,292.1750,267.3415,282.0312,284.5465,284.9819,290.7795,291.0223,285.9422,283.5848,283.9178,291.0664,285.7806,286.2595,297.3697,288.7394,285.7389,284.5890,274.8871,250.3263,258.5940,279.8260,278.3617,272.4402,256.3294,265.1979,258.6783,258.8442,259.4864,259.8119,260.1471,259.8430,259.3499,280.0766,259.2259,259.2377,259.0265,255.6086,253.4258,273.3656,274.7551,267.8392,0.0000,271.1594,274.4590,259.6331,260.9204,279.5580,269.4012,269.2339,277.1971,283.1875,283.7825,259.5810,259.8456,295.8873,278.0648,260.8907,264.9294,262.0951,271.9380,277.7976,258.4101,282.0191,288.0171,259.6507,260.0816,253.1207,272.5637,262.2185,281.1712,280.8379,269.6989,269.7465,253.4848,260.0305,268.1864,277.3192,256.1024,262.5068,259.3121,259.9220,260.0577,275.2743,262.3469,263.7528,259.9013,259.9026,288.0090,255.8729,261.5486,260.8173,282.4570,283.3097,287.3775,288.4035,283.9965,255.4575,262.7961,261.2196,263.6402,262.9309,258.3574,257.7675,281.0878,0.0000,272.4170,257.5141,292.3432,291.9696,257.8495,257.6221,279.9991,261.0677,259.2749,294.6021,288.0382,270.1995,288.2583,307.3235,266.2514,285.1603,299.7020,299.2044,279.0702,278.1449,260.2616,291.5271,291.4006,287.8816,294.2454,285.0379,264.8988,270.6397,270.7071,293.5840,298.9007,269.2266,289.2956,291.5960,291.6947,290.5300,288.0090,291.5430,290.1811,291.4945,291.7180,291.4234,286.8118,259.2259,253.4324,257.7687,0.0000,263.0231,259.2994,263.9617,259.9158,259.9752,257.8872,263.3824,268.5224,280.2790,255.8371,268.5365,269.3532,268.7087,261.1962,261.2271,284.5996,263.0831,261.2024,269.5039,287.0961,278.4673,278.7362,280.6720,281.0878,288.5174,281.0878,284.4098,284.2510,257.9519,267.8616
8.0000,282.4938,254.4894,254.5834,257.6713,254.3269,265.9025,264.4667,280.3067,259.4759,281.5065,271.8885,280.2927,259.2692,264.8102,261.9267,260.5226,265.1104,264.9461,269.8977,251.7321,261.8541,259.7332,260.4871,260.5584,268.2284,270.8848,271.4075,267.8906,279.5803,254.3411,255.9884,256.1375,278.8309,281.5367,280.7636,275.4356,258.8091,275.1728,259.5561,282.9224,291.3586,271.5505,272.7427,292.1170,280.9791,274.0053,290.4826,289.8099,259.9660,294.5203,292.5634,281.0228,294.8049,284.8337,290.1450,282.0995,261.6218,292.2846,267.3751,282.0312,284.7409,285.2018,290.9016,291.1439,285.9422,283.6842,284.0142,291.3165,285.9862,286.4497,297.4961,289.0406,285.8425,284.7837,274.9296,250.3636,258.6338,279.8629,278.4567,272.6039,256.9853,265.2421,258.8717,259.0339,259.6789,260.0032,260.3356,260.0310,259.5403,280.2576,259.3789,259.4107,259.1848,255.7404,253.5230,273.4736,274.8926,268.1723,0.0000,271.2792,274.5822,259.8284,260.9260,279.7695,269.5802,269.4006,277.3347,283.3443,283.9610,259.7124,260.0021,296.0094,278.1535,261.0569,264.8815,261.6029,272.5606,278.0120,258.6207,282.0583,288.2793,259.8246,260.2509,253.1806,272.6021,262.5410,281.3162,280.9631,269.7358,269.7834,253.5291,260.0854,268.2284,277.4880,256.2545,262.9451,259.5089,260.1047,260.2390,275.3108,262.3487,263.7513,259.9979,259.9994,288.2632,255.8729,261.6426,260.8722,282.5789,283.4120,287.6178,288.6639,284.2129,255.5910,262.9593,261.0299,263.7068,262.9398,258.5145,257.9804,281.2042,0.0000,272.6771,257.6102,292.4297,292.0556,258.0600,257.8261,280.1251,261.2240,259.4279,294.5390,288.0382,270.4627,288.2550,307.3028,266.5946,285.4128,300.0610,299.5035,279.0754,278.3201,260.3108,291.6395,291.5118,288.0357,294.2458,285.1049,264.9316,270.7650,270.9015,293.9797,299.2695,269.2872,289.8048,291.9606,292.0573,290.8506,288.2632,291.9067,290.4299,291.7464,292.0813,291.8182,287.0715,259.3789,253.5296,257.9816,0.0000,263.5281,259.4939,264.6036,260.0228,260.0895,258.0352,263.4694,268.8977,280.3209,255.9893,268.8177,269.5330,268.9827,261.9996,261.4840,284.6713,263.1267,262.0054,269.5834,287.0961,278.5456,278.8035,280.6752,281.2042,289.0324,281.2042,284.4553,284.3298,258.1658,267.8959
9.0000,282.2914,253.9120,254.0107,257.2268,253.8964,265.8446,264.2951,279.7990,258.8516,281.1572,271.4090,279.8885,258.6901,264.3068,261.7296,260.3908,264.1927,264.2592,268.1656,251.1901,261.8908,260.5934,261.1144,260.3539,268.1282,270.6353,271.1344,267.4407,279.3883,253.7615,255.3653,255.5114,278.8309,281.2509,280.5477,275.0055,258.1893,274.9326,258.9320,282.7248,291.2560,271.2173,272.2481,292.0230,280.9870,272.9830,287.4250,286.7487,259.9660,293.3858,291.6248,280.0335,294.1737,282.5410,288.9418,281.0867,260.9728,290.7921,266.3656,282.0312,281.8199,282.2798,289.1922,289.4374,285.9422,281.1300,281.5903,288.3290,283.0854,283.5744,295.9420,286.1663,284.0663,281.8624,273.9680,249.7559,257.9670,279.6791,278.1589,272.3167,255.8678,264.5472,258.2525,258.4138,259.0537,259.3788,259.7236,259.4122,258.9182,279.8612,258.7161,258.7794,258.5611,255.0458,252.8617,273.1849,274.5590,267.7115,0.0000,270.8093,274.1609,259.2162,260.6931,279.5189,267.8433,267.6856,274.4263,280.4530,281.0276,259.2290,259.3449,294.3625,277.8593,260.3843,264.8442,262.3153,271.8646,277.8240,257.9538,281.0293,285.2889,259.2080,259.6503,252.5939,271.6237,261.9944,280.9581,277.5291,268.7616,268.8090,252.8835,259.7054,268.1282,277.1305,255.6362,262.4433,258.8915,259.4863,259.6151,274.2952,262.3647,263.7383,259.4112,259.4128,285.2647,255.5611,260.9867,260.4909,279.9820,280.8442,287.3811,288.4057,283.9089,254.9784,262.3303,261.1076,263.4941,262.7551,257.8808,257.3031,277.7802,0.0000,271.2107,257.1605,291.4772,290.9893,257.3886,257.1658,279.8107,260.5645,258.7659,294.1456,288.0382,268.7578,288.2344,307.3635,266.1172,285.1579,300.1812,299.6625,279.0570,277.9528,260.1267,290.0917,289.9979,285.7129,294.2674,283.4981,264.7983,270.5760,270.6539,293.9005,299.3583,269.1366,286.8899,288.8837,288.9743,287.7552,285.2647,288.8309,287.4382,288.7765,288.9995,288.7638,284.1067,258.7161,252.8683,257.3044,0.0000,262.1594,258.8698,262.8234,259.4058,259.4777,257.3831,262.8078,267.1421,280.1925,255.3662,267.0823,267.7969,267.2495,260.2038,260.9039,283.4416,262.7355,260.2089,269.4256,287.0961,278.2772,278.5596,280.6790,277.7802,286.1416,277.7802,281.4264,281.6266,257.5652,266.8887
10.0000,282.4698,254.6177,254.7322,257.5522,254.1069,265.7523,264.4639,280.4040,259.5001,281.7357,272.0270,280.4511,259.2988,264.8498,261.9387,260.5474,265.2825,265.1588,268.7027,251.7766,261.3313,258.1164,259.1399,260.2974,268.1060,271.0924,271.6741,267.9471,279.8031,254.4606,256.0289,256.1940,278.8310,281.4784,280.6979,275.6107,258.8328,275.1238,259.5453,282.9097,291.5703,271.6043,272.9085,292.3489,281.0361,272.8946,287.8313,287.1264,259.9660,293.5706,291.7735,279.9406,294.1748,282.9495,289.0598,281.0167,261.8346,291.0912,266.2624,282.0312,282.2667,282.7208,289.5038,289.7624,285.9422,281.5526,282.0059,288.8322,283.5926,284.1311,296.1807,286.6079,284.4428,282.3088,274.0013,250.5270,258.8899,280.1129,278.6726,272.5986,256.8239,265.5158,258.8973,259.0705,259.7114,260.0457,260.3767,260.0620,259.5809,280.4165,259.3728,259.3886,259.1727,255.6723,253.5393,273.5117,274.9803,268.2300,0.0000,271.4131,274.7508,259.8306,260.7496,279.7947,268.3195,268.1602,274.8905,280.8933,281.4746,259.7047,260.0148,294.6174,278.3633,261.0740,264.7246,260.4714,272.1709,278.1985,258.5763,280.9605,285.7384,259.8349,260.2695,253.3231,271.5519,262.5589,281.5342,277.9808,268.6791,268.7265,253.7071,259.8893,268.1073,277.6345,256.3060,262.9700,259.5429,260.1314,260.2654,274.1527,262.3909,263.7168,259.7563,259.7578,285.7131,255.8053,261.3026,260.6756,280.4072,281.2694,287.8935,288.9892,284.4427,255.6506,263.0865,261.9751,263.2345,262.8612,258.4761,257.9188,278.2447,0.0000,271.7205,257.4941,291.6293,291.1684,258.0049,257.7682,280.3597,261.2698,259.4241,294.1227,288.0382,269.2866,288.2332,307.4784,266.6469,284.9153,299.9293,299.7488,279.1076,278.4771,260.3307,290.3880,290.2767,286.0959,294.3173,283.7923,264.8908,270.8493,271.1053,292.4748,298.9405,269.1045,287.2782,289.3008,289.3918,288.2128,285.7131,289.2481,287.9201,289.3010,289.4169,289.1680,284.5412,259.3728,253.5459,257.9201,0.0000,263.3494,259.5183,263.8964,259.7890,259.8912,258.0106,263.7016,267.8635,280.4856,256.0298,267.6049,268.2735,267.8410,261.4893,261.4914,283.7023,263.2184,261.4937,269.4971,287.0961,278.7591,279.0193,280.7283,278.2447,286.5376,278.2447,281.9033,282.0707,258.1368,266.7946
11.0000,283.2890,255.3034,255.4328,258.2395,254.6654,266.2301,264.6945,281.5344,260.3450,282.8545,272.9593,281.5152,260.0741,265.7020,261.9693,260.7799,265.1811,265.0935,268.9432,252.6405,262.4463,260.8509,261.4786,261.0394,268.5999,271.0923,271.6107,268.7805,280.6759,255.1333,256.7372,256.8948,279.3453,282.1500,281.4560,276.6096,259.6732,275.8172,260.3446,283.7443,292.7110,272.5871,273.8548,293.5173,281.5988,273.5330,288.3664,287.6189,259.9660,293.8770,292.0093,281.0166,294.3564,283.4432,289.9130,282.1888,261.9282,291.4582,266.9075,282.0312,282.7719,283.2227,289.8869,290.1510,285.9422,282.0499,282.5047,289.3488,284.2115,284.8309,296.5321,287.2622,284.9343,282.8134,274.3660,251.0573,259.0228,281.0048,279.6197,273.3538,257.1552,265.3783,259.7399,259.9137,260.5675,260.9152,261.2782,260.9358,260.4390,281.5237,260.1745,260.1703,259.8997,256.3247,254.1481,274.4759,275.9332,269.0408,0.0000,272.3414,275.7233,260.6564,261.3935,280.4077,268.7136,268.5644,275.3596,281.3914,281.9774,260.3241,260.8487,294.9981,279.3011,261.9602,265.1815,262.4901,272.6412,278.7358,259.2891,282.1342,286.2687,260.6668,261.1383,253.9500,272.1347,263.4088,282.6442,278.4748,269.2774,269.3250,254.1050,260.0945,268.6054,278.6659,257.0282,263.9054,260.3897,260.9991,261.1340,274.8411,262.3266,263.8543,260.3139,260.3154,286.2410,256.4873,261.6551,260.8814,280.8937,281.7659,289.1307,290.2332,285.6192,256.3502,264.1732,260.8657,264.1965,263.1747,259.1565,258.5971,278.7497,0.0000,270.1867,258.1806,291.8652,291.4299,258.6889,258.4194,281.3997,262.2175,260.2294,294.3074,288.0382,269.3310,288.2428,307.9536,267.4893,285.6361,301.3138,301.1457,279.6602,279.5324,260.6207,290.7486,290.6309,286.5425,294.5040,284.1751,265.1879,270.9989,271.1099,293.3458,300.2758,269.5961,287.8098,289.8541,289.9434,288.7765,286.2410,289.8009,288.4540,289.8184,289.9691,289.7182,285.0573,260.1745,254.1547,258.5985,0.0000,263.3028,260.3642,263.9637,260.3276,260.4062,258.7272,263.6960,268.0337,281.2677,256.7380,267.9265,268.6675,268.1632,261.4948,262.3102,284.0427,263.2108,261.4989,270.0716,287.0961,279.6814,279.9220,281.2894,278.7497,287.0593,278.7497,282.4476,282.5801,258.8570,267.4216
12.0000,285.5032,257.3420,257.5079,259.8293,255.7836,267.7739,266.1966,284.2853,262.4624,285.7755,275.4164,284.3606,262.2465,267.8643,262.3634,261.3130,266.8451,266.5460,271.3392,254.7236,263.7987,262.0539,262.7337,262.3621,270.2113,272.6965,273.2236,270.9282,283.5744,257.1509,258.7605,258.9253,282.2544,284.3968,283.6286,279.2533,261.7849,277.7974,262.4343,285.9696,295.1570,274.9094,276.3059,295.9832,284.5519,275.3288,291.9636,291.1507,259.9660,295.4020,293.3049,283.3732,295.1553,286.4201,292.2573,284.6725,263.5636,293.4766,268.7214,282.3910,286.3987,286.8473,292.1356,292.3966,285.9422,285.2847,285.6028,293.0127,287.9854,288.7126,298.5889,291.0351,287.3948,286.4412,275.7682,253.0339,260.8085,283.9296,282.4214,275.3953,259.1065,266.8712,261.8537,262.0288,262.6949,263.0557,263.4386,263.0812,262.5685,284.1347,262.3607,262.2462,261.9234,258.3343,256.1409,276.7983,278.2467,271.1628,0.0000,274.7934,278.3249,262.7757,262.7174,282.6016,271.2069,271.0470,278.9899,284.9771,285.6161,261.9431,263.0877,297.1855,282.0919,264.3075,266.6654,263.7267,274.2864,280.8357,261.2852,284.6201,289.9086,262.7853,263.2883,255.9593,273.8252,265.5463,285.5531,282.6009,270.9911,271.0389,255.9927,260.8623,270.2168,281.0892,259.0711,266.0752,262.5137,263.1451,263.2929,276.6771,263.8817,265.3982,261.9022,261.9037,289.8733,257.8892,262.9771,261.6513,284.1701,285.0175,291.8318,292.9966,288.2940,258.3721,266.7199,260.7500,264.7087,263.5915,261.1091,260.5595,282.8740,0.0000,272.4703,259.7768,293.1729,292.8748,260.6612,260.3663,284.2840,264.5970,262.4194,294.8672,288.0382,271.7144,288.2721,307.8046,269.6449,287.9875,303.8942,303.7530,282.5703,282.0026,261.3150,292.8100,292.6465,289.4974,294.5470,286.2929,266.6856,272.5662,272.7130,295.8065,302.8317,271.1559,291.5007,293.4862,293.5741,292.4157,289.8733,293.4327,292.1159,293.4883,293.6007,293.3715,288.6821,262.3607,256.1475,260.5609,0.0000,265.1396,262.4826,265.9929,261.9339,261.9895,260.7765,265.2560,270.1130,284.1954,258.7612,270.3503,271.1595,270.5437,263.4942,264.4267,285.8562,264.0238,263.4991,271.8154,287.0961,282.5006,282.7648,284.2356,282.8739,290.7465,282.8740,286.1442,285.9611,260.8523,269.2086
13.0000,289.9760,260.0674,260.2978,261.7725,257.2542,269.9822,268.3309,291.4441,265.1300,293.7845,281.0189,291.8168,265.0226,271.4407,262.9521,262.0115,269.1769,268.6759,272.9023,257.6672,265.0253,261.6594,262.7734,263.7656,272.7343,275.5435,276.1794,274.8786,293.6618,259.8391,261.3381,261.4895,295.9600,288.9926,288.0126,285.8483,264.4630,281.5610,265.1775,290.4654,300.1105,280.4548,281.8512,300.9780,298.2708,275.6736,293.1004,292.2331,259.9660,295.7996,293.6614,284.1306,295.3489,287.2293,292.7530,285.5384,265.9587,294.0057,269.1262,282.0545,287.4687,287.9138,292.7543,293.0126,285.9422,286.3035,286.5757,294.1892,289.1550,289.9532,299.1925,292.1127,287.5375,287.5108,275.9780,255.7228,263.3351,294.0669,290.8582,279.3844,261.0256,269.1157,264.5324,264.6821,265.3582,265.7207,266.1774,265.8061,265.2283,290.8316,265.2792,264.9689,264.6440,260.8653,258.7249,282.3787,283.5749,275.1115,0.0000,280.2745,284.9201,265.5192,264.2515,286.9927,272.6559,272.4953,280.2018,286.0296,286.6846,264.0658,266.1150,297.8431,290.6171,267.5097,268.5158,264.0798,277.3613,284.8422,263.7381,285.4574,291.0323,265.5366,266.0750,258.6607,274.1483,268.8014,293.4738,283.6854,271.3425,271.3904,258.7929,261.5068,272.7398,287.0432,261.6816,269.5440,265.1946,265.8928,266.0631,276.9898,266.0567,267.5865,263.1057,262.1525,290.9977,259.7055,264.0846,262.2976,285.2011,286.0475,299.8546,301.4504,295.7260,260.9764,270.2001,260.3270,265.7071,264.2932,263.6069,262.9531,283.9727,0.0000,274.2898,261.7323,293.5346,293.2789,263.0767,262.7154,292.6040,267.8111,265.3443,295.1314,288.0382,273.3031,288.2859,307.6627,273.4254,293.0572,312.1660,312.7374,295.9303,288.1694,262.2245,293.3651,293.1967,290.3375,294.4988,286.9857,268.7752,275.0695,275.5491,301.9933,310.7619,273.6703,292.5967,294.6729,294.7693,293.5697,290.9922,294.6183,293.2777,294.6681,294.7917,294.5323,289.7578,265.2792,258.7316,262.9546,0.0000,267.6121,265.1519,268.2968,263.3753,263.5304,263.4727,267.5757,271.9164,295.4850,261.3387,271.9485,272.6068,272.0908,266.1012,267.4739,285.6702,265.2214,266.1050,274.7888,287.0961,291.4198,292.0503,297.8972,283.9714,291.8220,283.9677,287.2204,287.0115,263.6442,269.5982
14.0000,290.5659,259.9887,260.2407,261.7332,257.1676,270.1161,268.3751,291.7193,265.0368,294.0225,281.0663,291.9245,264.9661,271.4692,262.9190,262.0691,268.5441,268.2991,272.1395,257.6054,265.1995,262.2511,263.2676,263.8036,272.8550,275.4891,276.1073,274.9611,293.7733,259.7468,261.2703,261.4638,296.0490,289.4645,288.4791,285.9196,264.3650,281.7443,265.0690,291.0879,301.3834,280.5951,281.9269,302.3096,298.3312,275.6080,291.7012,290.8004,259.9660,299.4014,298.0010,284.6864,296.2314,286.3298,294.2272,286.2906,265.6145,297.6674,269.0566,282.0312,286.4666,286.8879,295.5923,296.1007,285.9422,285.5738,285.8181,292.9561,288.1181,288.9451,301.3004,290.7630,286.0919,286.5079,275.8943,255.5582,263.0788,294.1764,291.0053,279.5471,260.8609,268.8163,264.4340,264.5798,265.2664,265.6279,266.1049,265.7249,265.1307,291.1539,265.1776,264.8556,264.5375,260.7117,258.5681,282.5091,283.8002,275.1982,0.0000,280.3131,284.9916,265.3976,264.2633,287.3821,271.9982,271.8591,279.1655,284.9881,285.6488,264.0038,266.0764,299.8436,290.7447,267.5760,268.5905,264.4721,276.9007,285.0618,263.6372,286.2295,289.8284,265.4231,265.9220,258.5337,274.1479,268.7537,293.6910,282.4823,271.3453,271.3931,258.5759,261.3897,272.8597,287.3965,261.6245,269.4399,265.0868,265.8074,265.9877,276.9513,266.2787,267.7563,262.9733,262.0204,289.7874,259.7055,263.8823,262.1800,284.3359,285.3043,300.4980,302.1230,296.2076,260.9026,269.6888,259.9550,266.2996,264.5114,263.4902,262.8518,282.6213,0.0000,273.3341,261.6913,297.9875,297.9551,262.9750,262.6154,292.8197,267.5122,265.2389,297.1564,288.0382,272.5190,288.3914,309.2308,273.4860,293.7560,313.8030,314.2725,296.0230,288.5357,262.2644,296.9035,296.5978,291.2307,295.2680,286.5256,268.8270,275.0590,275.4958,303.2686,312.3621,273.7676,291.4496,293.2850,293.3823,292.2436,289.7040,293.2325,292.0506,293.4315,293.4040,293.0827,288.4781,265.1776,258.5747,262.8533,0.0000,266.9843,265.0592,267.6404,263.2285,263.3819,263.3566,267.1906,271.2023,295.5961,261.2708,271.1895,271.9474,271.1763,265.4793,267.4152,284.1118,265.0526,265.4827,274.9224,297.9551,291.5448,292.1681,297.9628,282.6075,290.7101,282.5729,286.1678,286.1798,263.5269,269.5252
15.0000,294.9087,262.0023,262.2885,263.6270,259.0339,271.7820,270.2606,293.5052,267.2877,296.6221,283.4073,294.4153,267.1389,273.7563,263.3245,262.7827,269.1521,269.1134,272.4962,260.1786,266.7659,264.0709,264.9795,265.3026,274.6921,277.8901,278.4829,277.2352,296.6598,261.7271,263.4454,263.7455,299.0189,294.6081,292.4623,288.2384,266.5934,284.1901,267.1801,295.5228,307.6634,282.8387,284.2461,308.7563,301.4007,276.0935,289.1195,288.0613,260.2114,295.2480,293.1464,285.2857,294.9621,285.6175,293.2998,286.8704,266.7667,293.2878,269.5337,282.0312,285.3158,285.6442,291.7740,292.0689,285.9422,284.9414,285.2512,291.3838,287.0574,288.0844,298.4190,289.2166,284.7944,285.3566,276.0197,257.2568,264.3843,297.1116,293.6697,281.7853,263.5287,269.6819,266.6666,266.8159,267.5276,267.9042,268.4004,268.0016,267.3888,292.9141,267.2545,266.9182,266.5113,262.4724,260.3031,284.7064,285.8587,277.4910,0.0000,282.6394,287.3995,267.6074,265.7578,292.0991,272.3385,272.2153,279.0120,284.0375,284.5974,265.6658,268.2743,297.0138,293.4308,269.9397,270.6011,266.3911,282.8265,288.9951,265.7798,286.7299,288.0354,267.5963,268.1147,260.4342,274.5028,271.0236,296.2734,282.1077,271.7127,271.7606,260.1443,261.9608,274.7008,289.2675,263.8338,271.9589,267.3351,268.0682,268.2814,277.4915,267.4777,269.1230,264.3241,263.3663,287.9708,261.5741,264.6928,262.7532,283.5598,284.6885,300.6629,300.6629,297.1616,263.0304,271.9589,260.6663,266.4802,264.8689,265.3756,264.9622,282.0085,0.0000,273.5554,263.5948,293.0115,292.7196,265.0956,264.6444,295.5834,269.6735,267.3196,294.8889,288.0382,272.8685,288.2733,311.7137,275.7710,299.0956,320.0119,314.3267,298.9906,290.3614,263.1178,292.5516,292.3732,288.7647,296.1158,286.1701,270.7433,277.2465,277.8902,309.2761,318.5288,275.6162,289.6008,290.7207,290.8387,290.0714,287.6261,290.6763,290.3857,291.8580,290.8538,290.5627,286.3793,267.2545,260.3098,264.9640,0.0000,267.2889,267.3112,267.7724,264.5645,264.6930,265.2896,268.2090,271.5239,298.5467,263.4456,271.5723,272.2834,271.5680,265.4957,269.5906,282.1798,265.6192,265.4994,276.8823,287.0961,294.2821,294.9433,301.0160,281.9712,288.9451,281.8899,285.5540,285.5464,266.4903,269.9828
16.0000,297.8434,263.1236,263.5100,264.1796,259.4151,272.6842,271.0014,294.3670,268.2024,298.0966,284.5546,295.8265,268.3187,274.8287,263.6510,263.0164,270.2328,270.0872,271.3940,261.8130,267.4503,264.7881,265.6807,265.8887,275.7000,278.9371,279.5602,278.3800,298.1313,262.8166,264.3518,264.7034,300.5741,297.4357,295.0572,289.5417,267.5037,285.6479,268.0218,298.5387,312.3134,284.1304,285.3783,313.5540,303.0813,274.5636,285.7507,284.6501,260.2446,293.9822,292.1058,283.1757,294.2498,282.9171,291.1981,284.6993,267.8067,291.6716,268.0123,281.3491,282.1002,282.3691,289.9070,290.2183,285.9422,282.3169,282.7251,288.0295,283.8422,284.9195,296.7788,285.8385,281.4224,282.1410,274.8645,258.3217,265.4725,298.5817,295.0873,283.0624,263.6244,270.7394,267.5808,267.7294,268.4646,268.8674,269.3602,268.9431,268.3310,294.0798,267.9895,267.7257,267.2780,263.1152,261.0957,286.0015,287.0880,278.6454,0.0000,283.7958,288.6769,268.5079,266.4089,294.6460,271.0631,270.9762,276.3157,280.8682,281.3816,266.3030,269.0953,295.2680,294.8382,270.7776,271.2612,267.2421,283.6879,290.9920,266.5038,284.5381,284.6216,268.4737,269.0179,261.5361,273.0784,272.0188,297.7379,278.7715,270.2746,270.3223,261.2399,261.9281,275.7158,290.4356,264.7646,273.0650,268.2668,269.0024,269.2372,275.9216,268.2938,269.9689,264.6322,263.6733,284.5745,262.1222,264.6119,262.7206,280.7676,282.0642,302.4427,302.4427,298.6401,263.9811,272.6867,259.8110,267.3913,265.3350,266.0645,265.6346,278.4070,0.0000,272.6972,264.1471,291.9599,291.5513,265.7983,265.2411,297.0728,270.3409,268.0575,294.4167,288.0382,271.7836,288.2486,313.0328,276.8877,302.1421,322.1491,317.5432,300.5462,291.5204,263.4109,290.8764,290.7191,286.2144,296.3733,284.5040,271.4959,278.1720,278.9335,312.5033,320.8075,276.6339,285.9776,287.3587,287.4786,286.6805,283.9818,287.3148,287.0259,288.5009,287.4941,287.2459,282.5956,267.9895,261.1024,265.6366,0.0000,268.2997,268.2268,268.1122,264.8517,264.9886,266.0346,269.2500,270.8617,300.1097,264.3520,270.4924,271.0022,270.4839,266.4434,270.5162,278.4738,266.2011,266.4436,277.9727,287.0961,295.7066,296.3814,302.6765,278.3491,285.3219,278.1725,282.4307,282.7527,267.6290,268.4841
17.0000,304.1100,266.8568,267.2940,267.6220,262.1792,276.6882,274.8276,299.4550,271.9982,303.1265,289.0273,300.3898,272.3238,278.8465,266.5687,265.8654,272.9111,273.0135,273.4266,265.7078,271.0525,268.2850,269.2134,269.3560,279.8476,283.1952,283.8631,282.5390,303.4237,266.5261,268.0735,268.5141,306.1251,303.7740,301.0500,294.2260,271.2800,290.2960,271.6956,304.8820,320.2052,288.6668,289.9014,321.5857,308.6273,276.8500,285.8591,284.7685,263.1854,294.1565,292.2351,285.5287,294.4377,282.9110,292.6104,287.0701,270.8863,291.8828,270.2930,278.5016,282.3132,282.5765,290.1105,290.4281,285.9422,282.7492,283.0805,288.1973,283.9867,285.0265,297.0077,285.7658,280.0459,282.3541,276.9155,261.8632,268.8193,303.9283,300.1202,287.5371,267.1660,273.6527,271.3625,271.5167,272.2898,272.7266,273.1813,272.7540,272.1587,299.0526,271.7064,271.3536,270.9153,266.5649,264.5776,290.5793,291.7364,282.7696,0.0000,288.2393,293.3421,272.2506,269.9079,300.6737,272.9754,272.8808,277.1064,281.1431,281.6080,268.6903,272.8967,295.4938,299.8731,274.6818,275.1115,270.8961,287.0412,296.4208,270.1426,286.8504,284.6912,272.1919,272.7453,265.2145,275.3006,275.9087,302.6945,279.0730,272.5015,272.5496,264.8300,264.8231,279.8555,295.2239,268.5188,277.0685,272.0696,272.7994,273.0679,278.2844,272.2866,273.9551,267.8391,266.8687,284.6385,265.5383,267.4889,265.6245,281.2315,282.5132,308.4645,308.4646,304.1685,267.6996,276.7142,264.0501,269.5755,268.0921,269.6265,269.2341,278.5780,0.0000,274.8750,267.5896,292.0890,291.7012,269.4226,268.8740,302.1849,274.1959,271.7796,294.5347,288.0382,273.8374,288.2547,313.9260,280.9837,309.5939,335.3034,325.5199,305.7804,296.3593,266.1907,291.0752,290.9145,286.4163,296.3402,284.7577,275.3432,282.2249,283.1851,322.6549,333.5167,280.8123,286.2764,287.4665,287.5832,286.7557,283.8416,287.4233,287.1602,288.6624,287.5989,287.4370,282.4074,271.7065,264.5844,269.2363,0.0000,270.6515,272.0232,270.6513,268.0439,268.1978,269.6330,272.2327,273.1002,305.4423,268.0734,272.5392,272.9116,272.5446,268.8259,274.3154,275.5920,269.1222,268.8242,282.2207,287.0961,300.8075,301.5395,308.1770,278.5122,285.6391,278.2810,282.7071,283.1308,271.4111,270.7495
18.0000,305.1146,267.7042,268.1816,268.1733,262.2090,277.3285,275.3666,299.9614,272.7437,303.3650,289.3936,300.7116,273.2119,279.5525,267.0670,266.2059,273.3056,273.6250,273.5371,266.3632,271.6204,268.7750,269.7496,269.9118,280.5210,284.0198,284.7507,283.2245,302.3275,267.3561,268.8982,269.4737,301.8877,304.5340,301.8735,294.5237,272.0259,291.0113,272.3615,305.9350,322.2382,289.2131,290.3099,323.7072,305.5705,277.4086,285.2398,284.1341,263.6248,294.0607,292.1607,286.2617,294.4594,282.2130,292.9863,287.8443,271.6050,291.8248,270.8372,275.4323,281.8263,282.0831,289.9351,290.2556,285.9422,282.4024,282.7032,287.6074,283.5048,284.5640,296.8807,285.2798,278.0866,281.8670,277.3683,262.5941,269.4692,302.8647,299.7456,288.2133,267.8969,274.3175,272.1139,272.3380,273.0039,273.4248,273.9436,273.5117,272.9129,299.5971,272.4181,271.9879,271.5508,267.1757,265.2301,291.1271,292.3328,283.4913,0.0000,288.6019,293.5662,273.0071,270.5082,301.5031,273.0340,272.9522,276.8288,280.6916,281.1256,268.6834,273.6514,295.3326,299.4403,275.4524,275.3902,271.2675,285.3151,297.4057,270.8416,287.6182,284.0445,272.8621,273.3477,266.0296,275.8352,276.6449,302.9450,278.6438,273.0356,273.0838,265.4833,265.2174,280.5332,295.7881,269.3630,277.9996,272.8622,273.5448,273.8505,278.8700,272.9631,274.6083,268.2016,266.9870,283.9809,266.0856,267.8531,266.0199,280.8749,282.1687,309.4849,309.4850,304.9739,268.5255,277.6763,264.6410,270.0702,268.6100,270.2509,269.9202,278.1048,0.0000,274.9996,268.1412,292.0111,291.6135,270.1211,269.5807,302.1012,275.0260,272.4946,294.4779,288.0382,274.0168,288.2518,316.0632,281.6837,309.7424,333.9383,327.3073,304.0472,296.9157,266.4798,290.9660,290.7841,286.0727,297.0398,284.5261,275.8623,282.9030,284.0054,321.1941,332.1727,281.5269,285.8024,286.8480,286.9652,286.1053,282.9761,286.8055,286.5502,288.0715,286.9817,286.8490,281.7071,272.4181,265.2369,269.9225,0.0000,270.7390,272.7692,270.7388,268.4566,268.6410,270.2822,272.9328,273.1952,304.1667,268.8979,272.6361,272.9675,272.6551,268.7651,274.9957,272.5254,269.6651,268.7637,282.8950,287.0961,300.2108,300.7724,305.3281,278.0358,285.1886,277.7922,282.2982,282.7609,271.7941,271.2882
19.0000,306.6332,268.1501,268.6504,268.4457,262.3447,277.7374,275.6758,300.6821,273.2497,304.0178,289.8882,301.2509,274.0167,279.8697,266.7217,265.8705,273.4426,273.6982,273.2680,266.9668,271.8275,268.9789,269.9468,270.0434,280.9987,284.5827,285.3426,283.6384,302.8471,267.7874,269.3085,269.8264,301.8877,305.9998,303.2123,295.0851,272.5214,291.6823,272.7812,307.4965,324.6726,289.7835,290.8101,326.2205,305.7701,277.3694,284.6457,283.5410,263.0888,293.9472,292.0940,286.6436,294.4018,281.5124,293.1865,288.3164,271.8442,291.7256,270.7993,272.9899,281.2920,281.5502,289.7484,290.0795,285.9422,281.9332,282.2206,287.0550,282.9616,284.0200,296.6552,284.7103,276.5320,281.3337,277.0800,262.9643,269.8055,303.4204,300.2974,288.7839,268.2670,274.3644,272.6122,272.8440,273.5284,273.9682,274.4769,274.0396,273.4401,300.2980,272.8632,272.3899,271.9272,267.4952,265.5684,291.7011,292.9218,283.8791,0.0000,289.1048,294.1104,273.4624,270.6511,302.8826,272.7328,272.6683,276.3909,280.1726,280.5916,268.6522,274.1597,295.0904,299.9853,276.0551,275.6813,271.5983,286.9645,298.6177,271.2337,288.0917,283.4310,273.3536,273.9167,266.4549,275.7511,277.0146,303.5795,278.1395,272.9655,273.0136,265.9349,264.2853,281.0109,296.4116,269.7943,278.3970,273.3683,274.0731,274.4047,278.8839,273.3673,275.0157,268.1636,266.9870,283.3599,266.3591,267.4257,265.5059,280.3987,281.6998,310.6551,310.6551,305.9423,268.9409,278.2004,263.8883,269.9961,268.3579,270.5740,270.2836,277.5803,0.0000,274.7090,268.4168,291.9371,291.5102,270.5048,269.9939,302.7132,275.4893,272.9423,294.5752,288.0382,273.6773,288.2569,318.9984,282.0581,311.3459,336.3440,329.4321,304.4041,297.5570,266.1894,290.8276,290.6375,285.7176,298.1978,284.2285,276.1840,283.3456,284.5645,323.1096,334.5114,282.0332,285.2577,286.2481,286.3640,285.5018,282.2361,286.2061,285.9799,287.5176,286.3807,286.2702,281.1247,272.8632,265.5752,270.2860,0.0000,270.8450,273.2759,270.8448,268.3957,268.5814,270.6621,273.1237,273.3314,304.6260,269.3082,272.2770,272.6647,272.4136,268.8468,275.3782,270.0894,269.4848,268.8461,283.4011,287.0961,300.7502,301.3025,305.5522,277.5112,284.6457,277.2548,281.7978,282.2746,272.5291,271.2347
20.0000,308.1498,268.2816,268.7985,268.6460,262.3013,278.2349,276.0906,301.6923,273.7014,305.0105,290.5727,302.1500,274.3795,280.6971,267.0093,265.9236,273.3965,273.7054,273.1694,267.0736,272.0902,269.0958,270.1245,270.2521,281.5878,285.2868,286.0766,284.4605,303.5227,267.9061,269.5457,270.0668,301.8877,307.4406,304.5625,295.8204,272.9736,292.5776,273.1897,309.0579,327.1477,290.6900,291.5286,328.7781,306.1012,277.1262,284.2705,283.1532,263.0865,294.0154,292.1247,286.1510,294.5123,281.1388,292.9759,287.8529,271.7954,291.7881,270.3860,271.1328,281.0486,281.2985,289.7346,290.0785,285.9422,281.7367,282.0189,286.8306,282.7195,283.7933,296.6653,284.4616,275.4507,281.0906,276.9501,262.8212,269.6499,304.1232,301.0438,289.6283,268.3768,274.3467,273.0672,273.2992,273.9889,274.4424,274.9662,274.5122,273.9065,301.2364,273.2137,272.7635,272.2342,267.6802,265.6383,292.6112,293.8473,284.6994,0.0000,289.7614,294.8241,273.9010,270.8546,304.2655,272.6705,272.6062,276.2272,279.9428,280.3525,268.6622,274.5490,295.0688,300.7121,276.4745,276.0421,271.7062,285.6319,299.8889,271.5408,287.6097,283.1237,273.7679,274.3539,266.4857,275.4893,277.7039,304.5573,277.9286,272.6377,272.6858,265.7102,264.2853,281.6000,297.3623,270.0495,279.2908,273.8328,274.5371,274.8842,278.6750,273.8456,275.5026,268.3637,267.2667,283.0500,266.5579,267.4892,265.5390,280.1947,281.5040,311.4716,311.4716,306.8201,269.1494,278.7474,261.6817,273.0955,269.6755,270.8352,270.5509,277.3614,0.0000,274.7428,268.6172,291.9641,291.5224,270.7780,270.2553,303.6176,275.9512,273.2954,294.6283,288.0382,273.6575,288.2596,322.4927,282.8873,312.9814,334.9132,331.2166,304.9954,298.5093,266.2361,290.8553,290.6465,285.5905,299.5810,284.1157,276.5985,283.9309,285.2666,324.6949,333.5111,282.6567,284.8993,285.8735,285.9866,285.1515,281.8786,285.8322,285.7321,287.2959,286.0044,285.9001,280.8008,273.2137,265.6451,270.5534,0.0000,270.6920,273.7284,270.6918,268.5740,268.7518,270.9368,273.1064,272.9765,305.3087,269.5453,272.1590,272.6008,272.2710,268.7044,275.9389,268.2900,269.6618,268.7038,284.0684,287.0961,301.4657,302.0010,305.9241,277.2926,284.3258,277.0282,281.5840,282.0711,272.4739,270.8475
21.0000,309.8484,268.4307,268.9693,268.8365,261.9801,278.7763,276.5396,302.7460,274.1908,306.0204,291.3108,303.0505,274.7229,281.3960,267.1213,266.0470,273.5023,273.8710,273.1890,266.4424,272.4197,269.3837,270.4348,270.5094,282.2033,285.9288,286.7324,285.2262,304.1818,268.0441,269.8040,270.2859,301.8879,309.1410,306.1074,296.6277,273.4653,293.5099,273.6581,310.7971,329.7183,291.6303,292.2890,331.4238,306.4494,277.7592,284.4565,283.3525,263.2085,294.0692,292.1908,287.3722,294.4510,281.1184,293.8703,289.1287,271.9517,291.8732,271.2301,270.0195,281.1728,281.4299,289.8202,290.1601,285.9422,281.8560,282.1135,286.9769,282.8293,283.8857,296.7710,284.6500,274.9755,281.2155,277.3245,262.8501,269.7965,304.8039,301.7718,290.4949,268.7539,274.5495,273.5611,273.7922,274.4857,274.9507,275.4858,275.0206,274.4086,302.2917,273.7134,273.2107,272.6369,267.9910,265.8523,293.6145,294.8396,285.4803,0.0000,290.4774,295.5961,274.3990,271.1042,305.8344,272.7745,272.7188,276.3321,280.0613,280.4714,268.7394,275.1017,295.1848,301.4212,277.1306,276.4611,272.0078,279.7774,301.2111,271.9053,288.8763,283.2629,274.2479,274.8808,266.5930,276.1252,278.3304,305.5498,278.0340,273.3615,273.4097,265.7967,264.2853,282.2157,298.3947,270.3272,280.0441,274.3364,275.0439,275.4023,279.2825,274.4124,276.0552,268.6285,267.5941,283.1879,266.7457,267.6139,265.6506,280.3159,281.6227,312.9325,312.9326,308.0833,269.3786,279.3900,262.1360,272.8696,269.6745,271.1901,270.8835,277.4583,0.0000,274.6971,268.8064,292.0293,291.5955,271.1102,270.5674,304.4843,276.5469,273.7968,294.6395,288.0382,273.6767,288.2602,324.1278,283.6280,315.1699,342.4026,333.8818,305.6561,299.5512,266.3526,290.9362,290.7303,285.6819,300.1952,284.1985,277.0485,284.4812,285.9036,328.4007,340.4676,283.2798,285.0838,286.0540,286.1719,285.3030,282.0009,286.0125,285.8788,287.4424,286.1883,286.0672,280.9253,273.7134,265.8590,270.8861,0.0000,270.6086,274.2185,270.6083,268.8230,268.9955,271.3244,273.2750,272.8924,306.0208,269.8037,272.1011,272.7039,272.2882,268.5316,276.4911,267.2135,269.7950,268.5305,284.7606,287.0961,302.1643,302.6791,306.3215,277.3899,284.4955,277.1165,281.7003,282.1961,271.3920,271.6513
22.0000,312.5104,269.0266,269.5078,269.6993,262.8355,280.0311,277.7115,305.3289,275.3294,308.6031,293.2031,305.3930,275.8020,282.8987,267.7292,266.6350,273.9771,274.8314,273.6452,267.6610,273.3398,270.3207,271.3520,271.3140,283.5632,287.2821,288.0968,286.8815,306.7578,268.6661,270.6492,271.1410,304.5152,311.7774,308.5802,298.7679,274.6071,295.3428,274.7869,313.5087,333.4439,293.6903,294.1934,335.2409,309.2133,278.7121,284.8742,283.7516,263.5888,294.3554,292.3872,288.9790,294.6968,281.3791,294.9844,290.7849,272.9022,292.2048,272.2095,269.5559,281.5621,281.8190,290.1435,290.4855,285.9422,282.2326,282.4585,287.3807,283.2849,284.3865,297.1691,285.2342,274.8805,281.6053,278.0205,263.6130,270.7231,307.4146,304.1876,292.2831,269.7003,275.7885,274.7053,274.9393,275.6274,276.1009,276.6486,276.1869,275.5581,304.7121,274.8410,274.3165,273.6997,268.9378,266.7370,295.7152,296.9303,287.1911,0.0000,292.3477,297.6966,275.5476,271.8824,308.2980,273.2664,273.2220,276.7356,280.4451,280.8575,269.6798,276.2691,295.5744,303.8269,278.3479,277.6214,273.1220,281.3027,303.3443,272.8998,290.5170,283.6705,275.3933,276.0624,267.2684,277.0294,279.6929,308.0941,278.3981,274.2880,274.3364,266.6733,264.3880,283.5755,300.6356,271.1853,281.5203,275.4888,276.2184,276.6141,280.2412,275.7394,277.3363,269.3262,268.2891,283.5935,267.5119,268.0465,266.0328,280.7081,282.0013,315.7578,315.7579,310.7453,270.1697,280.8160,261.8728,274.2677,270.5633,272.1731,271.8374,277.8013,0.0000,275.0874,269.6706,292.2278,291.8303,272.0718,271.5026,306.9933,277.8291,274.9278,294.6502,288.0382,274.0687,288.2608,325.2518,285.2188,318.0298,346.3593,337.7092,308.3508,301.8433,266.9924,291.2538,291.0361,286.0401,300.5152,284.4559,278.2280,285.7804,287.2556,331.7098,344.3402,284.6535,285.5283,286.4735,286.5929,285.7416,282.4023,286.4317,286.2946,287.8499,286.6092,286.4919,281.3200,274.8410,266.7437,271.8401,0.0000,271.0124,275.3581,271.0122,269.5131,269.6872,272.3606,274.2565,273.6987,308.6816,270.6487,272.4564,273.1947,272.6526,268.7798,277.7558,266.6846,270.5418,268.7783,286.2514,287.0961,304.6147,305.1647,309.0745,277.7335,284.9445,277.4384,282.0764,282.5723,272.5088,272.6109
23.0000,307.0281,268.2668,268.8398,268.2726,261.2930,274.4982,272.2872,302.7257,274.1773,306.2569,291.2862,302.9398,274.9449,280.6575,266.5395,265.9253,272.6923,273.2631,272.4771,266.7281,270.4932,267.5595,268.6301,269.2536,277.0484,280.5057,281.2487,284.1222,304.7868,267.8575,269.6856,270.2031,302.5839,306.2470,303.1232,296.7167,273.4447,290.2232,273.5708,308.0210,327.8545,290.8848,292.2335,329.6423,307.2428,277.6461,283.8646,282.7083,262.9157,293.8424,292.0145,287.9994,294.2786,280.5001,294.1408,289.8406,271.5570,291.6862,271.1887,268.2456,280.6712,280.9177,289.5523,289.8990,285.9422,281.3873,281.6421,286.4185,282.4526,283.6102,296.3890,284.2361,273.7976,280.7134,276.9358,262.8212,269.5050,305.4606,302.1440,287.8909,268.5706,273.8696,273.5430,273.7802,274.4965,274.9852,275.5008,275.0313,274.4233,301.9746,273.6912,273.1267,272.5114,267.8569,265.7580,292.5821,293.6394,284.4038,0.0000,290.4760,295.6977,274.3366,269.8769,302.5359,272.2546,272.2304,275.8125,279.5551,279.9681,268.8943,275.1262,294.8327,301.8005,277.2073,272.3464,269.5614,280.1835,297.0847,271.7546,289.5883,282.7316,274.2160,274.8571,266.4806,275.9773,277.9110,305.7305,277.5008,273.2550,273.3032,265.6789,264.2853,266.7760,297.6136,270.2328,279.7228,274.3223,275.0543,275.4429,279.1653,270.2904,271.8562,267.6640,265.5920,282.6516,266.2014,267.2970,265.3714,279.8276,281.1524,313.0070,313.0071,307.9967,269.2436,279.6274,263.1482,270.3655,268.3592,271.0088,270.6988,276.9088,0.0000,273.7308,268.2577,291.8510,291.4026,270.9488,270.4049,304.8103,276.6461,273.7782,294.5198,288.0382,272.8795,288.2540,325.9578,282.6922,312.4331,340.4319,335.1107,306.3176,298.9070,266.2718,290.7171,290.4965,285.2857,300.6667,283.9098,272.8243,279.6115,280.5002,325.9905,338.4523,278.0912,284.5572,285.4734,285.5936,284.7541,281.4605,285.4322,285.3388,286.8831,285.6091,285.4947,280.4121,273.6912,265.7648,270.7014,0.0000,269.5338,274.2059,269.5336,268.1651,268.4849,271.2221,272.7801,272.3696,306.6827,269.6851,271.2199,272.1817,271.3966,267.1637,276.1675,265.3372,269.2029,267.1629,280.3809,287.0961,302.6004,303.1706,307.0940,276.8419,283.9520,276.5425,281.1961,281.7165,271.5590,271.5846
24.0000,306.2696,268.3131,268.8920,268.1800,261.1889,274.2896,272.1185,302.4147,274.0792,306.0160,291.0242,302.6178,274.6735,280.3849,266.5102,265.9218,272.5055,273.2728,272.1568,266.6751,270.3818,267.4959,268.5419,269.1714,276.8049,280.2083,280.9443,283.8238,304.6928,267.9039,269.6010,270.0638,302.5013,305.5871,302.4869,296.4515,273.3476,289.8332,273.4687,307.2299,326.3943,290.4312,291.9619,328.1217,307.1430,277.4966,283.5831,282.4213,262.9051,293.6759,291.8352,287.7792,294.0851,280.2168,293.7993,289.6010,271.5264,291.4736,271.0395,267.5004,280.4112,280.6552,289.3497,289.6987,285.9422,281.1602,281.4130,286.1282,282.2026,283.3702,296.2933,284.0489,273.3078,280.4531,276.8301,262.8212,269.4946,305.3839,301.9441,287.5401,268.1238,274.0042,273.4463,273.6933,274.4067,274.9028,275.4045,274.9418,274.3396,301.6204,273.6044,273.0323,272.4073,267.7607,265.6949,292.1255,293.2465,284.0860,0.0000,290.2330,295.4493,274.2327,269.8091,301.9487,272.0171,272.0106,275.5595,279.2983,279.7080,268.9182,275.0425,294.6894,301.6125,277.1175,272.1890,269.5192,279.5024,296.6592,271.6147,289.3319,282.4610,274.1419,274.8265,266.5083,275.8391,277.6577,305.4767,277.2348,273.1149,273.1631,265.7313,264.2853,266.5480,297.2824,270.1502,279.2427,274.2284,274.9734,275.3740,279.0103,270.0681,271.6423,267.5795,265.5082,282.3810,266.1881,267.2260,265.3299,279.5873,280.9238,312.2212,312.2213,307.4202,269.1907,279.5676,263.5054,270.1127,268.2781,270.9036,270.5492,276.6313,0.0000,273.3563,268.1649,291.6778,291.2543,270.7903,270.2210,304.5695,276.5819,273.6919,294.0271,288.0382,272.5453,288.2282,326.2798,282.4012,311.7239,339.5638,333.9373,306.2323,298.5807,266.2723,290.5171,290.3032,285.0650,300.8785,283.7489,272.6550,279.3718,280.2039,325.1814,337.5847,277.8535,284.2523,285.1923,285.3121,284.4978,281.1837,285.1512,285.0582,286.5917,285.3276,285.2095,280.1783,273.6044,265.7017,270.5518,0.0000,269.1429,274.1081,269.1426,268.0805,268.4016,271.1242,272.7511,271.9746,306.6489,269.6005,270.8618,271.9427,271.0216,266.6772,276.0034,264.6980,269.1889,266.6765,280.1049,287.0961,302.4355,303.0298,306.9966,276.5656,283.6443,276.2491,280.9409,281.4900,271.3267,271.4381
25.0000,306.6979,268.3855,268.9652,268.3111,261.2332,274.7375,272.5192,304.9899,274.3522,309.3326,293.1618,305.4176,274.6587,281.1923,266.0027,265.8143,271.7939,272.8120,271.8232,266.5642,270.6530,267.6997,268.7699,269.3940,277.3339,280.8273,281.5931,284.8452,310.6269,267.9737,269.7374,270.1813,313.9017,306.1636,303.0411,299.0671,273.6348,290.6882,273.8148,307.6292,326.1974,292.2803,294.0596,327.8710,316.8738,277.0646,283.4510,282.3145,262.7807,293.5341,291.7154,287.2288,293.9636,280.0455,293.3478,289.0356,271.2073,291.2185,270.6530,267.2757,280.2370,280.4855,289.1402,289.4846,285.9422,280.9831,281.2418,285.9837,281.9776,283.1038,296.1319,283.8471,273.1282,280.2788,276.5242,262.8212,269.3565,311.3408,306.2822,288.5730,268.1239,273.5398,273.7331,273.9752,274.6584,275.1387,275.7169,275.2366,274.5959,303.9197,273.9340,273.3742,272.7606,267.9670,265.8249,293.9146,294.9343,285.1286,0.0000,292.3386,298.1530,274.5683,269.9981,302.5376,271.8718,271.8875,275.4013,279.1192,279.5332,268.9081,275.3764,294.5243,306.0542,277.4926,272.5261,269.7662,279.1580,297.2743,271.8266,288.7664,282.2953,274.4632,275.1694,266.5436,275.4461,278.2843,308.7107,277.0557,272.7325,272.7806,265.7391,264.2853,267.0574,299.2306,270.2856,279.9721,274.5078,275.2755,275.6609,278.5312,270.4594,272.0654,268.2132,266.9871,282.2169,266.1881,267.3466,265.3466,279.4073,280.7483,314.6397,314.6398,309.7799,269.3111,279.9019,263.5296,267.5110,266.7728,271.1993,270.7449,276.4537,0.0000,273.1212,268.2939,291.5584,291.1178,270.9759,270.3606,308.4465,276.9389,274.0210,294.0110,288.0382,272.2558,288.2273,325.0442,283.3262,312.2984,339.9149,336.2794,313.3912,300.6242,266.1792,290.2919,290.1002,284.8645,300.4415,283.6336,273.0552,279.8896,280.8189,325.8077,337.9791,278.3454,284.1065,285.0483,285.1684,284.3550,281.0101,285.0072,284.8971,286.4476,285.1839,285.0537,280.0027,273.9340,265.8317,270.7475,0.0000,268.1676,274.3817,268.1673,268.5234,268.7602,271.4141,272.3558,271.1895,313.0236,269.7370,270.4630,271.7945,270.5513,265.5193,276.5177,264.5428,268.6998,265.5187,280.7862,287.0961,307.2480,308.2181,316.3227,276.3895,283.4994,276.0598,280.7550,281.3015,271.2639,271.0547
26.0000,306.1981,268.4240,269.0042,268.2935,261.2333,274.6634,272.3580,303.5643,274.2066,307.7795,292.2643,303.9446,274.5425,281.4909,265.9815,265.7848,271.0773,272.4523,271.3145,266.7166,270.8479,268.5692,269.4515,269.4694,277.1921,280.4839,281.2448,284.8741,309.1123,268.0154,269.6973,270.1501,312.3300,305.5668,302.5514,297.8408,273.4878,290.3689,273.6786,307.1229,325.5578,291.3872,293.1685,327.2194,315.2353,276.8413,283.3185,282.1828,262.7819,293.4230,291.6319,286.8013,293.8984,280.0016,292.9779,288.5902,270.9579,291.0037,270.4203,267.7785,280.0761,280.3270,288.9624,289.2960,285.9422,280.8369,281.1101,285.8475,281.8257,282.9551,295.9979,283.8134,273.4117,280.1188,276.3969,262.8212,269.1190,309.8013,304.8880,288.2338,268.1239,273.1529,273.5851,273.8243,274.5008,274.9686,275.5823,275.0918,274.4334,302.6141,273.7614,273.2259,272.6041,267.8420,265.7437,293.0422,294.0830,285.1694,0.0000,291.4473,297.0033,274.4087,270.0473,301.9505,271.5680,271.6201,275.2106,278.9617,279.3716,268.9080,275.2066,294.3887,304.6667,277.3064,272.2954,270.4103,278.5317,296.7206,271.7289,288.3177,282.1427,274.3038,274.9817,266.5570,275.2403,278.4166,307.1704,276.9020,272.5184,272.5665,265.6324,264.2853,266.9259,298.1240,270.2427,280.2258,274.3571,275.1251,275.5023,278.2990,270.3927,271.9947,268.2413,267.1883,282.0634,266.1881,267.2898,265.3177,279.2459,280.5984,312.9725,312.9726,308.2732,269.2907,279.6123,263.6852,268.0441,267.0497,271.0772,270.6593,276.3049,0.0000,272.6013,268.2744,291.4735,291.0112,270.8856,270.2862,306.8886,276.7040,273.8472,293.9487,288.0382,271.7033,288.2240,321.9300,283.4816,311.5683,338.2969,333.9008,311.7806,299.4483,266.1541,290.1007,289.9304,284.6970,299.2221,283.5381,272.9019,279.6383,280.4784,324.7299,336.4418,278.1794,283.9723,284.9144,285.0320,284.1994,280.8568,284.8731,284.7468,286.3112,285.0483,284.8875,279.8464,273.7614,265.7505,270.6619,0.0000,267.2260,274.2361,267.2258,268.5010,268.7166,271.2686,272.0555,270.5027,311.4320,269.6968,269.8654,271.4868,269.9695,264.3943,276.5390,265.0371,268.5452,264.3937,280.5849,287.0961,305.8269,306.7738,314.6885,276.2423,283.3807,275.9085,280.6179,281.1657,271.1710,270.8292
27.0000,306.2706,268.3114,268.8861,268.2053,261.2729,274.5443,272.2792,303.2351,274.0533,307.2590,292.0154,303.4326,274.3731,281.3962,265.5215,265.5757,270.3944,271.9171,270.8659,266.6980,270.6957,268.3675,269.2760,269.3158,277.0778,280.3606,281.0927,284.7622,308.7724,267.9074,269.5426,269.9710,311.9519,305.4820,302.5143,297.5528,273.3306,290.2849,273.5111,307.2203,326.1671,291.2028,292.9217,327.8749,314.8092,276.5252,282.7219,281.5237,262.4837,293.3621,291.5763,286.3072,293.9698,280.0244,292.6523,288.0555,270.5799,290.9347,270.0790,268.9207,279.8273,280.0444,288.8446,289.1718,285.9422,280.6724,280.9833,285.5093,281.6595,282.8876,295.9130,283.5620,274.0151,279.8724,276.1548,262.8212,268.9006,309.4711,304.5266,288.1252,268.1239,272.5172,273.4276,273.6546,274.3601,274.8370,275.4200,274.9265,274.2847,302.4296,273.5666,273.0555,272.4453,267.6990,265.6512,292.8940,293.9344,285.0681,0.0000,291.2001,296.7195,274.2283,269.8941,301.8282,271.2369,271.3174,275.0050,278.7523,279.1399,268.8989,274.9957,294.3012,304.3230,277.0946,272.3116,270.1487,278.6641,296.5102,271.5938,287.7941,281.7640,274.1203,274.7775,266.4934,274.9369,278.2769,306.6513,276.7384,272.2026,272.2507,265.5586,263.9449,266.8150,297.9600,270.0770,280.0393,274.1929,274.9508,275.3196,277.9890,270.2834,271.8796,268.0446,267.0121,281.6841,266.1786,267.0180,265.0303,279.0570,280.4299,313.4106,313.4106,308.3983,269.1474,279.3047,264.0040,266.5782,266.1942,270.9235,270.5279,276.1642,0.0000,272.0523,268.1876,291.4169,290.9496,270.7526,270.1698,306.4416,276.4434,273.6516,294.1574,288.0382,271.2400,288.2350,319.9936,283.3781,311.2634,336.7824,334.2046,311.3611,299.2787,265.9745,290.0119,289.8351,284.5153,298.2688,283.4609,272.8238,279.5446,280.3561,323.9280,335.0334,278.0782,283.3846,284.3255,284.4474,283.7075,280.4665,284.2860,284.3974,285.9737,284.4613,284.2278,279.4854,273.5667,265.6580,270.5305,0.0000,266.4152,274.0824,266.4149,268.2954,268.5094,271.1081,271.6073,269.9138,311.0495,269.5422,269.3787,271.1519,269.4528,263.4558,276.3978,266.0522,268.0555,263.4554,280.4723,287.0961,305.4829,306.4328,314.2634,276.1044,282.7868,275.7745,280.4499,280.9985,271.1008,270.4955
28.0000,306.4791,268.3507,268.9206,268.2065,261.2471,274.4646,272.2791,303.4439,274.1320,307.3864,292.1021,303.5611,274.4811,281.2897,265.6988,265.7033,270.5663,272.0416,271.1270,266.6096,270.4038,267.2502,268.3786,269.2277,277.0459,280.5866,281.3620,284.6848,308.7637,267.9480,269.6023,270.0344,311.9448,305.7973,302.7203,297.7080,273.4123,290.3225,273.5901,307.4300,326.4000,291.3300,292.9878,328.1099,314.7505,276.9404,283.7468,282.5802,262.6720,293.6656,291.9264,286.8269,294.1673,280.8155,293.0152,288.5767,270.6485,291.4179,270.5009,270.9688,280.5159,280.7636,289.3396,289.6690,285.9422,281.2452,281.5697,286.2838,282.3468,283.5363,296.1819,284.3526,275.5934,280.5623,276.5103,262.8212,268.9404,309.4679,304.5783,288.1461,268.1239,272.6489,273.5101,273.7518,274.4328,274.9069,275.5019,275.0093,274.3673,302.6298,273.6668,273.1381,272.5196,267.7737,265.6977,293.0448,294.0505,284.9668,0.0000,291.2939,296.8410,274.3299,269.8466,302.1335,271.5306,271.6177,275.5505,279.4078,279.8119,268.9048,275.0979,294.6563,304.3742,277.2028,272.1911,269.3051,279.0166,296.7959,271.6562,288.3176,282.5805,274.2085,274.8737,266.5239,275.3367,278.2502,306.7790,277.3935,272.6071,272.6553,265.5786,264.2513,266.7798,298.1070,270.1385,279.9969,274.2861,275.0365,275.4082,278.4061,270.2170,271.8061,268.1070,266.9870,282.4979,266.1786,267.2355,265.2448,279.6477,281.0012,313.9000,313.9001,308.7566,269.2025,279.5176,263.9047,266.8193,266.3589,270.9975,270.5861,276.8514,0.0000,272.2381,268.1906,291.7601,291.2743,270.8128,270.2227,306.5014,276.6010,273.7527,294.4604,288.0382,271.4957,288.2509,320.7945,283.2850,311.6958,337.6769,334.8793,311.2216,299.4389,266.0842,290.4823,290.2904,285.1055,298.6180,283.8685,272.7974,279.6454,280.5783,324.6649,335.9133,278.0897,284.4055,285.3524,285.4708,284.6169,281.2879,285.3110,285.1929,286.7494,285.4870,285.3504,280.3030,273.6668,265.7045,270.5887,0.0000,266.5961,274.1613,266.5959,268.3950,268.6273,271.1864,271.6931,270.2039,310.8990,269.6019,269.6085,271.4410,269.6622,263.6081,276.4095,268.1249,268.2120,263.6074,280.4563,287.0961,305.5192,306.4535,314.1917,276.7946,283.8193,276.4739,281.0833,281.5848,271.1744,270.9128
29.0000,307.6139,268.5381,269.1027,268.5176,261.4197,275.0763,272.7723,304.5827,274.6121,308.4945,292.8596,304.5614,275.1927,281.5116,265.8289,265.8573,270.6053,272.1713,271.5704,267.0839,270.9463,268.2140,269.2018,269.6157,277.6941,281.1873,281.9643,285.1026,309.7921,268.1327,269.9213,270.3753,313.0266,306.8573,303.7600,298.5980,273.8900,291.1057,274.0181,308.5895,328.0664,292.3329,293.7366,329.8220,315.8833,278.1036,284.6932,283.4905,262.8687,294.1896,292.3069,288.2609,294.6158,281.9647,294.1905,290.0383,270.7863,292.0496,271.6105,273.7703,281.4710,281.7225,290.0042,290.3335,285.9422,282.1586,282.4926,287.3147,283.3944,284.6478,296.8944,285.3373,277.6112,281.5185,277.4424,262.8212,269.0523,310.4937,305.5576,288.8690,268.1239,272.7886,273.9905,274.2276,274.9345,275.4325,275.9794,275.4933,274.8717,303.7092,274.0865,273.5532,272.8947,268.0772,265.8923,294.0704,294.9985,285.4227,0.0000,292.0449,297.7022,274.8052,270.2120,303.1406,272.0178,272.1103,276.3709,280.3619,280.7638,268.9189,275.5497,295.3950,305.3481,277.7025,272.6506,270.3563,280.2311,297.6983,272.0219,289.7742,283.5766,274.6675,275.3667,266.6550,276.4334,278.5905,307.8700,278.3641,273.6946,273.7429,265.6102,264.2853,267.4041,299.1174,270.4731,280.4373,274.7755,275.5191,275.9117,279.6373,270.8299,272.4157,268.3419,267.1080,283.4889,266.4196,267.4407,265.4302,280.5587,281.9087,315.3000,315.3001,310.0124,269.4890,280.0706,264.4193,266.4964,266.3178,271.3344,270.9193,277.8630,0.0000,272.8471,268.5002,292.1462,291.7271,271.1639,270.5943,307.5265,277.0843,274.1748,294.6362,288.0382,271.9632,288.2601,322.7487,283.6143,312.8582,339.2701,336.9890,312.3270,300.4697,266.2174,291.1085,290.9010,285.9223,299.2762,284.5003,273.3107,280.2310,281.1797,326.0006,337.4753,278.7666,285.4364,286.3195,286.4413,285.6361,282.3084,286.2779,286.2168,287.7855,286.4570,286.3176,281.2989,274.0865,265.8991,270.9219,0.0000,266.5757,274.6416,266.5755,268.6456,268.8777,271.5482,271.8249,270.5182,312.0261,269.9209,270.0074,271.9235,270.0652,263.4585,276.7630,270.8640,268.3420,263.4578,281.1272,287.0961,306.5077,307.4515,315.3202,277.8088,284.8487,277.5078,282.0673,282.5349,271.7730,272.0132
30.0000,307.5921,268.7739,269.3446,268.5652,261.4709,275.0993,272.8209,302.6648,274.5875,305.9348,291.4115,302.3055,275.3415,281.6454,266.4690,266.0364,270.9265,272.6494,271.8985,267.1435,271.0223,268.2377,269.2567,269.7160,277.6895,281.2347,282.0022,284.9438,304.9569,268.3677,270.0494,270.5228,302.9747,306.7354,303.6823,296.7038,273.8684,290.8953,274.0002,308.5813,328.3382,291.2243,292.3389,330.1191,307.3943,278.8691,285.9235,284.7114,263.0731,294.6554,292.6882,289.1543,295.0024,283.2502,295.0639,290.9395,271.2515,292.6804,272.3433,277.2776,282.5400,282.7961,290.6929,291.0195,285.9422,283.1237,283.4695,288.4193,284.5371,285.8279,297.5694,286.6906,280.1225,282.5882,278.1017,263.1769,269.4214,305.6590,302.1684,288.5313,268.1239,273.2903,273.9693,274.2283,274.8959,275.3836,275.9321,275.4588,274.8453,302.1482,274.1191,273.5292,272.8699,268.1938,266.0945,293.0365,294.0461,285.2710,0.0000,290.6045,295.7327,274.8056,270.3408,303.0793,272.4261,272.5432,277.2662,281.4266,281.8285,268.9556,275.5929,296.1065,301.8690,277.7672,272.7885,270.2788,280.9588,297.7587,272.0469,290.6697,284.7246,274.6415,275.3182,266.9423,277.1615,278.6403,305.3588,279.4691,274.4151,274.4635,265.9532,264.2853,267.4011,297.8875,270.6031,280.4317,274.7746,275.4869,275.8864,280.4288,270.8540,272.4390,268.4199,267.1855,284.6388,266.4196,267.5662,265.5748,281.5478,282.8690,313.8884,313.8885,308.5281,269.6428,280.0403,263.7893,269.9574,268.2056,271.3637,270.9548,279.0371,0.0000,273.1630,268.5466,292.5332,292.1761,271.2035,270.6469,304.5071,277.0720,274.2072,294.8251,288.0382,272.2892,288.2699,325.1190,283.5907,312.7353,338.8851,335.5363,306.1875,299.1452,266.3755,291.7446,291.5233,286.8118,300.3667,285.1604,273.3655,280.2941,281.2277,325.8923,337.2238,278.7967,286.5728,287.5502,287.6715,286.8418,283.4922,287.5076,287.3438,288.8936,287.6877,287.5541,282.4797,274.1191,266.1014,270.9575,0.0000,266.7578,274.6166,266.7575,268.7229,268.9607,271.5887,272.3041,270.7551,306.7385,270.0489,270.2711,272.3258,270.3747,263.5583,276.7995,274.2919,268.9182,263.5576,281.0220,287.0961,302.6906,303.2975,307.2006,278.9876,285.9658,278.7185,283.1550,283.5474,271.9964,272.7426
31.0000,307.6733,268.4574,269.0204,268.3967,261.3469,274.9068,272.5994,302.5201,274.3065,305.7076,291.1549,302.0447,275.3803,281.2897,266.3568,265.9099,270.7230,272.4548,270.9212,266.4393,270.8341,268.0897,269.0894,269.5182,277.4893,281.0422,281.8177,284.6232,304.7947,268.0547,269.7543,270.1880,302.9747,306.7650,303.6891,296.4467,273.5823,290.6894,273.6963,308.6825,328.8508,290.9332,292.1064,330.6688,307.3575,277.9577,284.3743,283.1546,262.9202,293.9858,292.1185,288.1319,294.5097,282.2478,294.1199,289.9037,270.9739,291.8569,271.4267,278.7576,280.9679,281.2257,289.7414,290.0654,285.9422,281.6941,282.1524,286.7896,283.0078,284.3255,296.5972,285.2148,280.3638,281.0159,277.2645,262.8212,269.1061,305.4954,301.9591,288.2954,268.1236,273.1549,273.6830,273.9259,274.6263,275.1222,275.6165,275.1626,274.5653,302.0116,273.7144,273.2225,272.5574,267.8153,265.7242,292.7288,293.8131,284.9101,0.0000,290.3441,295.4835,274.5022,270.1298,303.1050,271.4202,271.5590,275.5769,279.8656,280.2475,268.8819,275.1683,295.1010,301.6645,277.2808,272.5477,270.1773,279.0621,297.7742,271.7934,289.6189,283.1871,274.3439,275.0390,266.6121,276.2818,278.3309,305.1263,277.4512,273.5316,273.5799,265.5811,264.2850,267.2090,297.7185,270.3068,280.2126,274.4823,275.1913,275.6055,279.5284,270.6987,272.2630,268.1667,266.9870,283.1015,266.4119,267.2913,265.3728,280.1279,281.4286,314.1060,314.1061,308.5639,269.3435,279.6031,263.5089,270.1302,268.2135,271.0591,270.7115,277.1441,0.0000,271.9832,268.3787,291.9576,291.5469,270.9698,270.4976,304.2852,276.6295,273.8028,294.5166,288.0382,271.2846,288.2538,327.3459,283.2505,312.6881,335.5637,336.3809,306.0824,298.9907,266.2568,290.8846,290.6729,285.5510,301.1963,284.2818,273.1467,280.0664,281.0327,325.3192,334.2023,278.5579,284.9687,285.9991,286.1211,285.3007,282.0227,285.9564,285.7532,287.2583,286.1365,285.9908,281.0769,273.7144,265.7310,270.7141,0.0000,266.5780,274.3352,266.5778,268.4518,268.6908,271.2388,272.0562,270.0771,306.6059,269.7539,269.2290,271.3159,269.3960,263.5406,276.4768,275.7005,268.7735,263.5397,280.8110,287.0961,302.4967,303.1136,307.1530,277.1015,284.3703,276.8758,281.4692,282.0302,271.3530,271.8314
32.0000,312.0727,268.5868,269.1335,268.8823,261.8068,279.2644,276.9857,303.5696,274.5445,306.1953,291.6571,302.8502,275.5495,281.2896,266.7662,266.3144,271.0159,272.7164,271.9050,266.8941,272.5047,268.9438,270.1217,270.6278,282.7880,286.7366,287.5726,285.3896,305.0863,268.1923,269.9577,270.3912,302.9747,311.3170,308.0476,296.9840,273.8243,294.3772,273.9525,313.0927,333.4750,292.2733,292.6402,335.3123,307.4588,279.1287,286.4770,285.2524,263.4183,294.8102,292.7906,289.5395,294.9450,284.1522,295.4677,291.3416,271.1319,292.9518,272.6142,279.8561,282.9386,283.2100,290.9527,291.2710,285.9422,283.3738,283.8040,288.9080,285.0298,286.3637,297.6704,287.4003,283.2685,282.9844,278.3226,262.8212,269.2848,305.7885,302.3099,291.1513,268.1239,273.4013,273.9252,274.1851,274.8516,275.3383,275.8510,275.3998,274.8010,303.2591,274.0039,273.4904,272.8396,268.1057,265.9114,294.3793,295.6148,285.6850,0.0000,290.8166,295.9771,274.7742,271.2773,307.8740,272.4385,272.5736,277.2806,281.8154,282.2211,269.0113,275.4414,296.2476,302.0305,277.5462,276.8810,271.9188,278.9277,303.0032,272.0518,291.0745,285.2991,274.5977,275.2936,266.6969,277.4181,278.4379,305.6646,279.4628,274.6775,274.7260,265.6834,264.5353,282.8095,299.2778,270.5063,280.2838,274.7331,275.4322,275.8437,280.6877,274.9909,276.5794,268.6598,267.4242,285.2152,266.6988,267.7527,265.8287,281.8980,283.1085,315.6153,315.6153,309.9629,269.5310,279.9566,264.4581,270.2384,268.5493,271.3497,270.9747,279.2762,0.0000,273.1626,268.8507,292.6375,292.3114,271.2272,270.7403,304.6029,276.9610,274.0925,294.6821,288.0382,272.2995,288.2625,327.0223,283.6674,317.9270,346.6435,338.6595,306.2957,300.4637,266.6206,291.9962,291.7572,287.1525,301.0683,285.3811,277.4960,285.1387,286.7078,332.4145,344.7905,283.9017,286.9768,288.1124,288.2351,287.4086,284.2798,288.0688,287.8790,289.3802,288.2507,288.1021,283.3154,274.0039,265.9182,270.9773,0.0000,266.9364,274.5731,266.9362,268.9025,269.1058,271.5206,272.2565,270.8772,306.8718,269.9572,270.1539,272.3306,270.3724,263.7962,276.6400,279.0362,269.1247,263.7955,285.3673,287.0961,302.8431,303.4406,307.2719,279.2412,286.3634,279.0728,283.3851,283.7842,271.5661,273.0094
33.0000,311.2068,268.5431,269.0832,268.7786,261.7517,278.9458,276.8029,302.7862,274.2853,305.3076,291.0594,301.7206,275.3561,281.2227,266.5353,266.0205,270.8772,272.5780,271.6595,267.0328,272.2608,268.7145,269.8717,270.4241,282.4271,286.2402,287.0131,285.1486,303.9630,268.1530,269.9376,270.5650,303.0836,310.5102,307.2874,296.2138,273.5596,293.9015,273.6815,312.1988,332.0077,291.7008,292.0613,333.7933,306.2420,278.7872,286.6605,285.4475,263.1190,294.7211,292.7499,289.2912,294.9198,284.3666,295.2661,291.1243,270.9855,292.8517,272.3074,282.0312,282.8721,283.1718,290.8654,291.1728,285.9422,283.1751,283.6719,289.0208,285.0439,286.3989,297.5271,287.5600,284.8562,282.9153,277.9985,262.8212,269.1012,304.6392,301.3682,290.7248,268.1239,273.3282,273.6595,273.9191,274.5898,275.0709,275.5702,275.1193,274.5335,302.5118,273.7344,273.2147,272.6076,267.9353,265.8052,293.8098,295.0641,285.4367,0.0000,290.2161,295.2328,274.4865,271.0801,307.1149,272.1717,272.3130,276.8296,281.7097,282.1322,268.7887,275.1500,296.1168,301.0775,277.2012,276.9049,271.7385,279.4880,302.3366,271.8946,290.8567,285.4874,274.2776,274.8356,266.6678,277.0959,278.2509,304.7384,278.9103,274.3679,274.4163,265.5218,264.2853,282.4483,298.6523,270.4851,279.9885,274.4605,275.1360,275.5428,280.3259,274.6694,276.2610,268.4349,267.1852,285.4058,266.6886,267.5203,265.5706,281.7834,282.9014,314.6350,314.6351,309.0994,269.5061,279.6199,263.3519,270.5276,268.4465,271.1481,270.8437,278.9308,0.0000,272.9491,268.7490,292.5937,292.2510,271.0956,270.6115,303.6817,276.6453,273.8225,294.6652,288.0382,272.0568,288.2616,326.6610,283.4988,316.9258,341.7790,337.1702,303.3923,299.8072,266.3373,291.9008,291.6742,287.0730,300.8868,285.2923,277.3192,284.7958,286.2161,330.6496,340.2601,283.5513,287.0249,288.2882,288.4111,287.6023,284.7605,288.2434,288.0290,289.4926,288.4266,288.2634,283.7674,273.7344,265.8120,270.8463,0.0000,266.8958,274.3134,266.8956,268.6798,268.8863,271.3052,272.0944,270.6803,305.1061,269.9370,269.9147,272.0629,270.1112,263.8492,276.4429,281.9696,268.9303,263.8485,284.9863,287.0961,301.8473,302.4049,305.7870,278.9094,286.3868,278.8071,283.1033,283.5645,271.7294,272.6999
34.0000,305.6575,268.2094,268.7427,268.0630,261.2215,274.3260,272.1541,300.8991,273.7813,303.8584,289.8233,300.3668,274.6234,279.5336,266.2597,265.9159,270.6792,271.9586,272.5280,266.4356,270.7005,268.6006,269.4153,269.3323,276.7449,279.9426,280.5918,282.7269,303.0588,267.8268,269.3857,269.8519,302.9747,304.8499,301.9029,294.9563,273.0433,289.3620,273.1873,306.6074,325.5607,289.5073,290.7081,327.2691,306.0241,279.6939,289.4949,288.2994,262.8977,295.7254,293.5510,290.4177,295.5660,286.4406,296.5213,292.2850,270.5819,294.2374,273.2339,282.0313,285.3557,285.6876,292.3925,292.7047,285.9422,285.1616,285.6042,291.7348,287.6065,288.9704,298.8359,290.5908,287.4617,285.3992,278.7420,262.8211,268.8532,303.7012,300.2441,286.8917,266.7754,272.6728,273.1389,273.3201,274.1567,274.6872,275.0735,274.6288,274.0535,300.4175,273.3814,272.7784,272.1603,267.6823,265.6373,291.3247,292.3359,282.4021,0.0000,289.0616,294.0218,273.9180,269.9148,301.3293,273.0995,273.2282,278.7735,284.1070,284.6017,268.9107,274.7719,297.5013,299.9835,276.8080,272.5456,270.4837,279.6194,296.2725,271.3049,292.0170,288.3037,273.8585,274.5216,266.4526,277.9592,277.0745,303.3049,281.3078,275.2447,275.2933,265.4222,264.2853,266.4931,296.2210,269.9294,278.7011,273.9014,274.6653,275.0660,281.2444,270.1024,271.6774,268.1566,266.9870,288.2293,266.0465,267.5643,265.5097,283.8935,284.8890,312.0184,312.0185,306.7388,269.0089,279.3472,262.0548,271.0341,268.3871,270.7302,270.2331,281.4870,0.0000,273.7105,268.0413,293.4075,293.1831,270.4790,269.9489,302.3489,276.3567,273.4697,294.9112,288.0382,272.9181,288.2744,327.1752,281.4102,311.0501,334.7479,333.9329,303.1996,297.4743,266.2663,293.3067,293.0343,289.0937,301.0652,286.5967,272.7394,279.3071,279.9437,324.2568,333.3310,277.8029,289.7015,291.1192,291.2440,290.4383,287.9447,291.0725,290.7997,292.2117,291.2595,291.0666,286.7763,273.3814,265.6442,270.2355,0.0000,267.0918,273.8098,267.0917,268.4508,268.6740,270.9376,271.5942,271.3363,304.4374,269.3853,270.7878,272.9884,270.9569,264.0928,275.5145,284.8832,268.5189,264.0917,279.8666,287.0961,300.7987,301.4102,305.5730,281.4780,289.0441,281.4256,285.3902,285.6514,271.1970,273.6137
35.0000,304.3626,268.0903,268.6119,268.0832,261.4167,273.7405,271.8217,300.2055,273.8467,303.3623,289.5550,300.0208,274.7162,279.3023,265.1054,265.5982,268.2050,268.7923,271.8140,266.3549,269.9414,266.6959,267.7917,268.9267,276.1574,279.6494,280.3306,282.3686,302.8253,267.7089,269.4821,269.9733,302.9747,303.6772,300.7487,294.6343,273.0846,288.6643,273.1552,305.2770,323.5038,288.8709,290.4527,325.1466,306.0216,279.5159,289.2196,288.0238,262.4980,295.5632,293.4729,290.5880,295.2830,286.0985,296.6773,292.5085,268.4292,294.3269,273.0576,284.0394,284.8135,285.1728,292.3566,292.7430,285.9422,284.4831,284.9982,291.5064,287.1761,288.5864,298.5007,289.9581,288.1831,284.8573,278.3852,262.6343,267.1338,303.4618,299.9310,286.2787,268.6765,269.4894,273.1798,273.3699,274.2200,274.7429,275.1186,274.6767,274.1048,299.6499,273.2269,272.7407,272.1241,267.5703,265.4969,290.5439,291.6219,281.9620,0.0000,288.8069,293.7227,273.8895,269.5340,300.3430,272.5142,272.6569,277.7655,283.4833,284.0278,268.8658,274.5920,297.1778,299.6884,276.5599,272.1301,269.0308,280.6118,295.6576,271.5243,292.1748,288.0285,273.8578,274.5290,266.2963,277.7610,276.9260,302.8328,280.0990,275.0575,275.1060,264.7220,264.1661,265.9322,295.4671,270.0257,278.5260,273.9314,274.6987,275.1059,281.1162,269.6052,271.1313,268.0446,266.9870,287.9550,266.0465,267.3789,265.2520,283.2863,284.2021,310.2058,310.2059,305.4151,269.0535,279.0887,262.2855,269.5699,267.1959,270.7229,270.4892,280.3997,0.0000,272.9392,268.0706,293.3252,293.1040,270.7231,270.2279,301.9228,276.1290,273.3150,294.9436,288.0382,272.1973,288.2761,330.1515,281.1137,309.3299,330.8245,331.5302,303.1795,296.7125,265.9890,293.3300,293.0232,288.7979,302.0543,286.2269,272.3685,278.9802,279.6494,321.3276,329.5758,277.2167,289.3003,290.8392,290.9638,290.1402,287.9171,290.7910,290.6175,291.9843,290.9794,290.7624,286.6293,273.2269,265.5038,270.4918,0.0000,265.4622,273.8747,265.4622,268.3376,268.5763,270.8558,268.9919,270.3288,304.2534,269.4817,270.0450,272.4018,270.2322,262.6760,275.4097,286.6678,266.5688,262.6748,279.2711,287.0961,300.5178,301.1482,305.5678,280.3976,288.6117,280.3870,284.4866,284.8955,271.4086,273.4257
36.0000,304.7116,268.3411,268.8193,268.3696,261.5658,273.9821,271.9541,299.4185,274.1298,302.2871,288.9142,298.9233,274.4918,279.2962,265.1980,265.8375,268.1736,268.2642,272.4758,265.4179,270.3168,267.4247,268.4551,269.2079,276.3476,279.8106,280.4833,282.2714,302.1019,267.9515,269.7460,270.1906,302.9747,303.9505,301.0383,293.9680,273.3494,288.6920,273.3719,305.6366,324.0791,288.2614,289.7048,325.7414,305.8950,279.4455,290.7964,289.6609,262.6430,296.4175,294.2418,288.4345,295.6216,287.3882,297.0659,291.0809,268.1150,295.7315,272.8198,286.5673,286.0642,286.4455,293.6308,294.0961,285.9422,285.5699,286.1259,292.9200,288.3710,289.7084,299.2762,291.2964,290.1337,286.1092,278.5965,262.9039,267.0995,302.6588,299.1852,286.1922,268.8572,268.7127,273.4439,273.6031,274.5434,275.0955,275.4163,274.9680,274.4036,298.8928,273.6912,272.9603,272.3644,267.8750,265.7904,289.9748,291.1641,281.8975,0.0000,288.3630,292.9949,274.0810,269.7921,300.8000,273.1853,273.3214,278.7630,284.6806,285.2625,268.8315,275.0491,298.0277,298.9209,277.0572,272.2632,269.4722,280.7450,296.4940,271.7648,290.9734,289.4250,274.1302,274.8225,266.5409,277.7105,276.9878,301.7555,281.2429,274.9252,274.9737,264.9217,264.2853,266.1162,294.8753,270.3091,278.4594,274.1752,274.9876,275.3999,281.2821,269.9604,271.4197,268.2150,266.9872,289.3583,266.2091,267.6493,265.4628,284.3998,285.2879,308.7446,308.7447,304.2965,269.3121,280.2621,262.1929,270.6794,267.7507,270.9799,270.7197,281.5772,0.0000,273.7813,268.3572,294.0865,293.8958,270.9331,270.4965,301.0095,277.0136,273.7838,295.2407,288.0382,272.8814,288.2917,334.0279,281.0605,309.5122,330.4166,330.1402,303.1046,296.0742,266.1878,294.6275,294.2221,290.0651,303.2774,287.1101,272.5095,279.1248,279.8101,321.3012,329.2495,277.3353,290.5863,292.3854,292.5058,291.6259,289.3573,292.3358,292.0614,293.3989,292.5229,292.2909,288.0897,273.6913,265.7972,270.7224,0.0000,265.6570,274.1581,265.6571,268.5453,268.8069,271.1413,268.5703,270.8874,303.7520,269.7455,270.6906,273.0731,270.8972,262.8690,275.5454,289.0380,266.4155,262.8675,279.3775,287.0961,299.7594,300.4237,305.4495,281.5772,289.9318,281.5766,285.6421,286.0067,271.2364,273.2256
37.0000,307.6830,268.0611,268.5423,268.0914,261.1433,272.5903,270.2502,302.2651,274.2460,304.7158,290.2723,301.2926,274.4149,280.1325,265.4034,266.0854,268.4840,268.4957,272.7404,265.5176,269.7866,266.7442,267.9606,268.8486,275.0811,278.4951,279.2183,283.1547,302.9659,267.6627,269.4988,269.8921,302.9747,307.1148,303.6011,295.6531,273.5289,289.2600,273.6532,308.7061,329.1621,290.0907,291.1314,331.0060,306.1907,280.3019,291.3811,290.2445,262.6759,296.8578,294.6138,289.7999,295.9569,287.7972,298.2896,292.5238,268.2137,296.2405,273.5978,286.8991,286.5257,286.9168,294.1253,294.6096,285.9422,285.9862,286.5169,293.5015,288.8614,290.2080,299.8206,291.7747,290.5427,286.5718,278.9691,262.6392,267.2376,303.5547,300.6071,286.8309,268.5809,268.9339,273.6300,273.8142,274.6376,275.1983,275.6703,275.1762,274.5602,301.4098,273.9399,273.2136,272.5060,267.9095,265.7174,291.7416,292.8645,282.8055,0.0000,289.6489,294.5164,274.4870,269.4077,303.4659,273.4344,273.5515,279.1146,285.1166,285.7107,268.9287,275.2935,298.5776,300.2473,277.3026,270.5224,268.0389,281.3948,298.1850,271.3174,292.3873,289.9575,274.4094,275.2129,266.2566,278.4502,277.6831,304.1734,281.6502,275.6603,275.7089,264.8181,264.2853,268.8983,296.9203,270.0822,279.5875,274.4330,275.2285,275.6310,282.2976,267.4190,269.2939,268.1946,266.9870,289.8903,266.0256,267.6880,265.4946,284.8089,285.7013,312.6125,312.6126,307.6210,269.0548,281.1823,261.6134,271.9121,268.3604,271.0095,270.4173,281.9894,0.0000,274.1110,268.0806,294.4539,294.2777,270.6408,270.1387,302.8986,277.6242,274.0404,295.6062,288.0382,273.1519,288.3107,333.9691,281.9375,314.0653,343.1154,338.2714,303.2284,298.2468,266.4134,295.1127,294.6991,290.5447,303.1952,287.4124,270.8356,277.6600,278.4904,329.1704,341.3196,276.0246,291.1573,292.9770,293.0989,292.2229,289.8903,292.9265,292.6407,293.9887,293.1164,292.8825,288.5942,273.9399,265.7243,270.4193,0.0000,265.8837,274.2771,265.8837,268.5492,268.8209,271.2590,268.7473,271.1693,304.4076,269.4981,270.9252,273.3230,271.1545,263.0390,276.0291,289.4232,266.6313,263.0383,278.6882,287.0961,300.9765,301.5075,305.7176,281.9894,290.4882,281.9894,286.0920,286.4411,271.2581,273.9817
38.0000,309.2246,268.1272,268.6052,267.9803,260.8194,272.9386,270.5065,306.6320,274.3068,309.8062,293.1686,305.9354,274.1971,281.0688,265.4897,266.1644,268.7242,268.6801,272.7734,265.3624,269.9121,266.8010,268.0424,268.9026,275.5107,278.9174,279.6594,284.4589,309.9111,267.7348,269.4333,269.8342,313.2450,308.8511,305.1361,299.2896,273.6256,290.5402,273.8908,310.2485,330.7187,292.9345,294.0280,332.5639,316.5990,280.2623,290.8475,289.6857,262.7192,296.8044,294.5701,289.7692,295.9056,287.6936,298.2827,292.4776,268.4271,296.1685,273.5677,286.6946,286.3618,286.7408,294.0392,294.5258,285.9422,285.8938,286.4241,293.2622,288.7078,290.0913,299.7398,291.5284,290.4065,286.4077,278.9375,262.8149,267.4146,310.5616,306.0064,288.3288,266.7754,269.0872,273.7257,273.8748,274.6897,275.2487,275.7780,275.2690,274.6165,305.2384,274.1674,273.4556,272.7710,268.0680,265.8799,294.5457,295.6166,284.1164,0.0000,292.4913,298.1478,274.7077,269.4727,305.0290,273.4584,273.5697,279.0516,284.9825,285.5615,269.0033,275.4869,298.4960,305.7038,277.5080,270.7339,268.1704,279.5640,299.4395,271.1779,292.3408,289.6569,274.5950,275.4243,266.3594,278.4150,278.3066,309.1925,281.5483,275.6282,275.6769,264.9932,264.2853,268.8983,300.2299,270.0110,280.2121,274.5209,275.3452,275.7202,282.2512,267.7725,269.6428,268.2583,267.0103,289.5793,265.9529,267.7205,265.5275,284.7027,285.6089,316.9497,316.9498,311.7611,269.0226,281.4346,261.6374,272.0699,268.4779,271.1523,270.2284,281.8881,0.0000,274.2031,267.9658,294.4092,294.2260,270.4510,269.9182,308.1613,277.8947,274.2680,295.5656,288.0382,273.1936,288.3086,332.1168,283.0771,316.0875,343.4727,343.0527,313.1910,301.7220,266.4917,295.0363,294.6244,290.4179,302.5427,287.3541,271.0917,277.9987,278.9100,331.8060,341.9854,276.4527,290.8674,292.4361,292.5613,291.7628,289.5793,292.3880,292.3745,293.7483,292.5776,292.2599,288.3176,274.1674,265.8868,270.2301,0.0000,266.1451,274.3387,266.1451,268.6236,268.8945,271.4672,268.9596,271.2958,312.4421,269.4327,270.9773,273.3480,271.1442,263.3510,276.5220,289.2660,266.7565,263.3501,279.4394,287.0961,306.8075,307.6999,316.0548,281.8881,290.2210,281.8881,285.9893,286.3508,270.8291,273.9511
39.0000,309.3131,268.0836,268.5559,267.9709,260.9404,272.9080,270.5525,306.9869,274.3511,310.3322,293.4709,306.4998,273.8325,281.2108,265.6263,266.2018,269.1607,268.9989,273.1751,265.5178,269.7354,266.1906,267.5216,268.8367,275.5153,279.0530,279.8046,284.6219,310.5099,267.6976,269.3731,269.7347,313.9379,309.0189,305.2510,299.6820,273.6704,290.6315,273.9377,310.3314,330.6842,293.1330,294.3313,332.5189,317.3444,280.6151,291.0979,289.9212,262.7623,297.0447,294.7764,290.1075,296.1053,288.7820,298.5994,292.8089,268.6466,296.3913,273.9086,299.3369,286.7352,287.1038,294.2869,294.7553,285.9422,286.3362,286.9349,293.6301,289.1030,290.5154,300.0644,292.0393,293.7950,286.7814,279.2896,262.8150,267.5882,311.1708,306.5119,288.4331,266.7754,269.4391,273.7704,273.9015,274.7477,275.3181,275.8460,275.3121,274.6669,305.4747,274.1276,273.4991,272.8042,268.1018,265.9013,294.6777,295.7502,284.3194,0.0000,292.7879,298.5254,274.7311,269.4283,305.2032,273.7642,273.8542,279.4062,285.3692,285.9387,268.9855,275.4006,298.8488,306.2103,277.3819,270.7753,267.8660,280.7143,299.6020,271.1834,292.6737,289.9886,274.6331,275.4911,266.3399,278.7659,278.4382,309.7247,281.9337,275.9743,276.0230,265.0438,264.2853,268.8983,300.3543,269.9382,280.4721,274.5574,275.3782,275.7181,282.6126,267.7112,269.5996,268.2855,267.0373,289.9105,265.9529,267.7836,265.5768,285.1064,286.0462,317.0634,317.0635,311.9271,268.9680,281.1070,261.4708,272.3864,268.6675,271.1780,270.2236,282.2782,0.0000,274.6079,267.9575,294.6136,294.4365,270.4301,269.8720,308.6597,277.7335,274.2282,295.7354,288.0382,273.5954,288.3175,329.5301,283.2318,316.3155,343.9906,342.8484,313.8899,301.8637,266.5210,295.2625,294.8590,290.7334,301.4705,287.7032,271.1329,278.1002,279.0445,332.1686,342.4810,276.4707,291.1283,292.6812,292.8081,292.0555,289.9105,292.6339,292.7290,294.1188,292.8242,292.4560,288.6481,274.1276,265.9082,270.2254,0.0000,266.8193,274.3830,266.8194,268.6590,268.9331,271.4838,269.2249,271.7984,313.1107,269.3726,271.4619,273.6562,271.5414,264.1895,276.6035,295.4884,266.9653,264.1892,279.4739,287.0961,307.3375,308.2519,316.7927,282.2782,290.4739,282.2782,286.4303,286.7839,270.9766,274.2929
40.0000,308.9129,268.4000,268.8597,268.4676,261.4740,273.0789,270.7702,306.7105,274.8670,310.0990,293.5017,306.3511,274.4112,281.2896,265.8160,266.3729,269.5716,269.3088,273.6841,265.8662,270.0292,266.5915,267.8915,269.1358,275.6411,279.1716,279.8938,284.6843,310.2943,268.0209,269.8689,270.2057,313.7011,308.5728,304.9120,299.6269,274.1608,290.5986,274.3408,309.9146,329.9251,293.1156,294.3509,331.7289,317.0689,281.0060,292.6426,291.5394,262.8966,297.2048,294.8965,290.3040,296.2466,289.1549,298.7577,292.9737,268.9002,296.5796,274.2606,299.3006,287.2862,287.6679,294.5360,294.9923,285.9422,286.7589,287.3349,294.2912,289.5851,290.8765,300.3185,292.7345,294.0807,287.3323,279.7498,263.0629,267.8623,310.9374,306.3582,288.4261,269.0885,269.7487,274.2612,274.4048,275.2713,275.8440,276.3180,275.8037,275.1815,305.2533,274.4285,273.8981,273.2071,268.4826,266.2360,294.5940,295.6429,284.3860,0.0000,292.8396,298.4914,275.1463,269.7180,304.8210,274.2007,274.2775,279.8534,285.8754,286.4683,269.3130,275.6637,299.1058,306.0615,277.5996,271.1168,268.2316,280.3428,299.3468,271.8384,292.8421,290.8657,275.0745,275.9601,266.6368,279.1538,278.6346,309.5050,282.3950,276.3436,276.3923,265.3101,264.2853,268.8983,300.1778,270.4286,280.5563,275.0408,275.8583,276.2236,283.0021,267.8634,269.7615,268.3815,266.7632,290.8269,266.3765,267.9543,265.7180,285.5735,286.4729,316.6128,316.6129,311.5780,269.4222,281.2242,261.6581,272.4555,268.8043,271.6051,270.9129,282.7351,0.0000,275.0687,268.4586,294.7380,294.5835,271.1120,270.6144,308.4580,277.9226,274.5292,295.7038,288.0382,274.1147,288.3158,327.8978,283.3009,315.7386,342.9623,342.0659,313.6558,301.6699,266.7151,295.4739,295.0695,291.1352,300.9877,287.9621,271.3633,278.2731,279.1648,331.3753,341.4815,276.6413,291.7939,294.2421,294.3478,293.2775,290.8269,294.1884,293.4806,294.7804,294.3706,293.9692,289.4869,274.4285,266.2429,270.9149,0.0000,267.4476,274.8982,267.4476,268.8373,269.1519,271.8619,269.4909,272.3686,312.8846,269.8685,272.0327,274.0955,272.0981,264.9385,276.8886,295.6760,267.2026,264.9381,279.5597,287.0961,307.1711,308.0716,316.5239,282.7351,291.0474,282.7351,286.8444,287.2099,271.2891,274.6534
41.0000,308.0634,268.3470,268.7881,268.5122,261.5897,273.0601,270.7690,306.0071,274.8910,309.4797,293.1327,305.8536,274.4286,281.1676,265.9733,266.4265,270.0797,269.6491,274.6562,265.7473,270.1262,266.7794,268.0578,269.2396,275.5951,279.1762,279.8940,284.5022,309.6541,267.9793,269.8284,270.1253,313.0396,307.7164,304.1802,299.1720,274.1879,290.2885,274.3720,309.0358,328.4454,292.6129,293.9639,330.1950,316.3717,281.4642,294.9389,293.9140,263.0123,303.5955,302.0649,290.9524,299.3521,290.0217,301.3739,293.7401,269.1537,303.1410,274.7346,288.7361,289.1920,289.6243,300.2838,301.0440,287.2265,288.3789,288.7794,296.3274,291.3691,292.5380,305.1858,294.6379,292.6157,289.2383,280.5141,263.0541,268.0104,310.2797,305.7895,288.1354,269.0884,270.0953,274.2887,274.4333,275.3025,275.8826,276.3258,275.8120,275.2162,304.5926,274.4384,273.9346,273.2382,268.5782,266.2931,294.0680,295.1330,284.2287,0.0000,292.4870,298.0512,275.1786,269.8028,304.0723,275.1240,275.1729,281.2143,287.6104,288.2973,269.3544,275.6375,303.8120,305.4951,277.5666,271.1456,268.3546,280.3731,298.8111,271.8685,293.7042,292.9179,275.0957,275.9949,266.6117,279.7524,278.5780,308.9053,283.9629,276.9345,276.9834,265.3560,264.2853,268.8983,299.5927,270.3725,280.4858,275.0737,275.8629,276.2099,283.4145,267.7867,269.7185,268.7265,267.4762,292.8728,266.3766,268.2055,265.8947,287.1951,288.0848,315.4817,315.4818,310.6534,269.3815,281.1223,261.9144,272.3352,268.8469,271.6671,270.9443,284.2955,0.0000,276.0397,268.5018,302.0736,302.3076,271.1443,270.6679,307.8618,277.8770,274.5383,299.1917,288.0382,275.0911,288.4968,327.0187,283.1473,314.7060,341.3074,339.9212,312.9996,301.0615,266.7669,301.9774,301.3933,294.9311,300.8337,289.3445,271.3693,278.2831,279.1704,329.9951,339.8631,276.6002,294.2460,296.5310,296.6321,295.4472,292.8728,296.4753,295.5190,296.8206,296.6567,296.3665,291.5349,274.4384,266.3000,270.9462,0.0000,268.2933,274.9217,268.2934,269.1041,269.3806,271.9070,269.7742,273.3053,312.2198,269.8281,273.0304,275.0223,273.1226,265.9171,276.8641,291.4235,267.4323,265.9174,279.4401,302.3076,306.5856,307.4702,315.8333,284.2955,293.4177,284.2955,288.4534,288.8317,271.2370,275.1412
42.0000,307.7559,267.4455,267.8563,267.7657,260.9987,273.0875,270.8360,310.1661,273.9270,314.4180,299.0831,311.0237,273.3668,281.2896,265.3833,265.9678,269.0017,268.6633,273.3041,264.5929,269.8211,267.0070,268.0578,268.7524,275.7571,279.2359,279.9233,285.7383,315.0108,267.0958,268.8879,269.1873,318.3276,307.3077,304.0536,304.6403,273.2508,291.1214,273.5489,308.6814,327.1297,296.5718,300.5044,328.7924,321.6162,279.1222,292.1132,291.1323,262.6565,296.5298,294.3253,287.3608,296.0412,287.5541,296.4153,289.9151,268.1545,295.6000,272.4067,286.1584,286.5359,286.9710,293.6616,294.0845,285.9422,285.8711,286.3676,293.5001,288.5882,289.6607,299.5111,291.6279,289.9807,286.5807,278.5317,262.3039,267.0821,315.6233,311.1531,289.5026,267.6061,269.0954,273.3498,273.5002,274.3202,274.8878,275.3562,274.8432,274.2502,308.6364,273.3585,273.0956,272.2293,267.5703,265.3748,297.2332,298.3915,285.4925,0.0000,298.5554,303.8004,274.3327,269.2978,303.6337,273.7222,273.7548,279.1749,285.0915,285.7083,268.9620,274.5145,298.2223,310.9498,276.4467,271.2720,268.8173,278.9993,298.3135,270.9072,289.8517,290.1688,274.1964,275.0801,265.7735,277.4117,278.2554,313.8801,281.6347,274.5801,274.6286,264.5279,264.2853,268.8983,303.2170,269.4187,280.1088,274.1816,274.9045,275.2218,280.9721,267.7599,269.7231,268.1163,266.9870,290.1212,265.6976,267.6303,265.4536,284.7431,285.5970,319.0056,319.0057,314.3954,268.4548,279.8267,261.8282,271.1609,268.0180,270.6845,269.9867,281.9832,0.0000,274.6435,267.7502,294.1700,293.9486,270.1848,269.7032,313.0145,276.6943,273.4555,295.4092,288.0382,273.7252,288.3005,325.5632,283.8744,313.8924,339.0649,342.7395,318.2880,304.8082,266.3182,294.5787,294.2194,290.3226,300.5006,287.2513,271.4473,278.3097,279.2307,328.2711,337.6805,276.8012,291.5797,293.6852,293.7827,292.6515,290.1212,293.6309,292.6932,293.9818,293.8071,293.5443,288.8285,273.3585,265.3817,269.9885,0.0000,267.1829,273.9575,267.1829,268.4429,268.6565,270.8757,268.7353,272.0042,317.5580,268.8876,271.7385,273.6259,271.8613,264.8485,276.3818,288.8062,266.6856,264.8492,279.9668,287.0961,312.0124,312.8608,321.0848,281.9832,290.8076,281.9832,286.0085,286.3299,270.1370,272.8393
43.0000,304.2097,266.6229,266.9989,267.2861,260.9674,272.3480,270.2022,301.0584,273.2151,304.0428,289.7920,300.9403,272.6970,279.9231,265.1079,265.7714,268.6497,268.2608,273.2329,263.8366,269.2822,266.4318,267.5017,268.2737,274.8194,278.3417,279.0239,282.8495,302.3842,266.2882,268.1525,268.4283,301.8536,303.7570,300.6731,294.9571,272.5203,288.2708,272.7347,305.0934,322.6895,289.0273,290.8646,324.2754,305.0895,279.5265,292.0607,291.1221,262.4946,296.4474,294.2387,288.2570,296.1091,287.3775,296.6830,290.7458,267.6157,295.2963,272.7721,285.6747,286.4255,286.8752,293.4369,293.8248,285.9422,285.7564,286.2294,293.4810,288.3853,289.3806,299.5084,291.4030,289.6076,286.4709,278.6733,261.4732,266.4601,302.9655,299.9767,286.0753,266.7754,268.7069,272.6196,272.7736,273.6143,274.1817,274.6117,274.0931,273.5336,300.0841,272.5723,272.2926,271.5242,266.9403,264.6793,290.3793,291.8137,282.6897,0.0000,289.0498,293.8689,273.5041,268.7795,300.4490,273.5785,273.5873,279.0367,284.9802,285.5941,268.9692,273.6967,298.1969,299.6252,275.5268,270.6290,268.2171,278.9875,295.8545,270.3418,290.7123,290.0832,273.3960,274.2672,264.9733,277.7492,277.1165,303.5511,281.5158,274.9175,274.9660,263.7732,264.2853,268.8983,295.7397,268.6696,278.8724,273.4061,274.1282,274.4210,281.4228,267.3681,269.2126,267.8324,266.9650,290.0350,265.2872,267.4652,265.3066,284.6315,285.4807,309.5510,309.5510,305.3387,267.7020,279.0459,261.9082,270.4038,267.5479,270.0630,269.3598,281.8596,0.0000,274.6069,267.2698,294.0834,293.8479,269.5552,269.1096,302.1940,275.8746,272.6673,295.4692,288.0382,273.6486,288.3036,324.0609,281.6735,309.9375,333.3600,331.4660,302.1879,297.0236,266.1518,294.3214,294.0048,290.1601,300.0048,287.1270,270.8037,277.5533,278.3411,323.3883,332.0768,275.8896,291.5506,293.6220,293.7183,292.5701,290.0350,293.5675,292.6396,293.9659,293.7434,293.4876,288.7416,272.5723,264.6862,269.3618,0.0000,266.9785,273.2445,266.9786,268.1107,268.3295,270.1847,268.2590,271.8747,303.6849,268.1523,271.7312,273.4867,271.9042,264.6913,275.3686,288.3990,266.3598,264.6931,278.2767,287.0961,300.3640,300.9059,304.6262,281.8596,290.7954,281.8596,285.8949,286.2239,269.5348,273.1923
44.0000,301.7953,266.4768,266.8253,267.3288,261.2031,272.2595,270.1985,299.2125,272.9442,302.1608,288.6206,299.3358,272.4483,279.2066,266.0167,265.7337,271.3736,271.4674,273.4678,263.6816,269.4254,267.2199,268.0578,268.3372,274.6083,278.0115,278.6404,281.9855,300.3868,266.1647,268.0714,268.3671,299.7374,301.2303,298.5142,293.5502,272.2293,287.2412,272.4117,302.6141,318.8901,287.6446,289.6703,320.3567,302.8367,279.0023,291.7723,290.8882,262.6642,296.0914,293.9474,287.8241,295.8553,287.0070,295.8220,290.0512,269.7273,294.7324,272.3388,284.8557,286.1696,286.6247,292.9870,293.3447,285.9422,285.5025,285.9454,293.1188,287.9699,288.8484,299.1097,290.7542,288.9545,286.2147,278.3856,261.4732,268.0111,300.9189,298.2182,285.1144,267.7229,271.9244,272.3266,272.5077,273.3187,273.8561,274.2597,273.7690,273.2326,298.3140,272.1684,271.9879,271.2824,266.7868,264.5812,288.9889,290.4316,281.7411,0.0000,287.9171,292.5004,273.1628,268.8026,298.1652,273.5986,273.5971,278.9051,284.7435,285.3488,268.9149,273.2335,297.7896,297.8755,274.9459,270.7434,269.0699,278.3198,294.0205,270.4036,289.9676,289.7959,273.0698,273.9100,264.8833,277.2892,276.5387,301.7134,281.3166,274.4801,274.5285,264.2890,264.2853,268.8983,294.1862,268.5601,278.1402,273.1019,273.7932,274.0803,280.7468,267.3783,269.2042,267.7982,266.9870,289.7518,265.2872,267.4443,265.3587,284.4063,285.2333,306.9171,306.9172,303.0880,267.6106,278.2453,261.9857,270.9695,268.2574,269.9115,269.4161,281.6648,0.0000,274.8077,267.3121,293.7945,293.5274,269.5945,269.2074,300.3683,275.2485,272.2581,295.2703,288.0382,273.8873,288.2932,321.3623,280.8727,306.8345,327.9957,327.0960,300.0700,295.4097,266.1117,293.8279,293.5565,289.8124,299.0818,286.8502,270.8200,277.3594,278.0147,319.0078,326.8390,275.6774,291.3059,293.3213,293.4151,292.3119,289.7518,293.2672,292.2860,293.5974,293.4403,293.2103,288.4773,272.1684,264.5881,269.4184,0.0000,268.9779,272.9718,268.9778,268.0537,268.2669,269.9435,270.8347,272.6385,301.5834,268.0713,271.9748,273.5108,272.2254,266.7185,274.9023,287.6948,268.1778,266.7206,277.8386,287.0961,298.5504,299.0365,302.3949,281.6648,290.5535,281.6648,285.6652,285.9755,269.3141,272.7639
45.0000,299.9295,266.6807,266.9987,267.5915,261.6183,272.2154,270.2850,299.4697,273.0511,301.6530,288.3515,298.8885,272.2639,279.0140,266.5498,265.7553,273.1538,273.0774,275.2424,264.1320,269.4607,267.0584,267.9511,268.4873,274.5110,277.9671,278.6002,281.7159,299.6869,266.3919,268.2973,268.6016,298.9374,299.3983,296.9155,293.1679,272.3233,286.7465,272.5137,300.6824,315.6214,287.2411,289.3946,316.9672,301.9097,280.3343,294.5897,293.7353,262.9269,297.1245,294.7597,289.7101,296.8352,289.3142,297.0515,291.5474,270.9061,295.7921,273.6826,286.7092,288.9359,289.4018,294.3694,294.6723,286.3677,287.9675,288.3004,295.9446,290.6359,291.4312,300.6535,293.5007,291.0624,288.9814,279.6164,261.8741,268.9380,300.1943,297.6721,284.7582,268.2285,273.6581,272.4177,272.6030,273.4142,273.9331,274.2906,273.8322,273.3161,298.0833,272.3537,272.1142,271.4809,267.1497,264.9566,288.6140,290.0947,281.4220,0.0000,287.6603,292.1311,273.2238,268.9654,296.4481,275.2535,275.2144,281.6904,287.5082,288.1352,268.8193,273.3842,299.3922,297.3252,275.0787,270.7288,268.8623,280.3640,292.5218,270.7649,291.3799,292.5833,273.1552,273.9631,265.1763,278.5708,276.4391,301.2153,284.6302,275.7704,275.8191,264.8413,264.2853,268.8983,293.8987,268.7582,277.8806,273.1757,273.8550,274.1421,281.9899,267.3783,269.2042,267.9986,266.9870,292.5410,265.5259,267.8281,265.6596,286.9054,287.7080,305.9887,305.9888,302.4505,267.8369,278.1631,262.6139,270.8127,268.5017,270.1648,269.7413,284.9567,0.0000,276.5695,267.5772,294.6209,294.4481,269.8992,269.4730,299.8288,275.3102,272.4391,295.7815,288.0382,275.6610,288.3199,318.6892,280.6340,304.4657,325.4866,324.3722,299.2707,295.1387,266.1160,295.0056,294.7600,291.8926,298.1856,288.4921,270.8788,277.3712,277.9720,315.4068,324.1830,275.6234,294.1490,296.1522,296.2447,295.1081,292.5410,296.0977,295.0762,296.4286,296.2709,296.0454,291.2693,272.3537,264.9635,269.7438,0.0000,271.2444,273.0772,271.2443,268.3105,268.5392,270.1910,272.1829,274.5531,300.8037,268.2973,273.8052,275.1691,274.0516,269.3230,274.8971,289.7244,269.1360,269.3246,277.6627,287.0961,297.9624,298.4112,301.4884,284.9567,293.3906,284.9567,288.5752,288.5826,269.8491,274.0994
46.0000,302.0407,266.6860,266.9784,267.7611,261.9754,275.6277,273.7342,299.3982,272.7238,301.1846,288.1678,298.5426,271.9258,279.3656,266.6260,265.7137,273.3982,273.2305,275.3764,263.8785,270.8389,268.4021,269.2652,269.2628,278.9297,282.5033,283.1584,282.4384,299.1419,266.4172,268.1860,268.5007,298.3260,301.5608,299.1837,292.8840,272.0012,289.4531,272.2614,302.7528,316.8635,287.7716,289.2466,318.1344,301.1949,280.1735,294.5881,293.7980,263.0322,296.9404,294.5924,289.5745,296.4754,289.0726,296.5797,291.1324,271.0029,295.4578,273.5166,286.1049,288.8156,289.2844,294.1086,294.3917,285.9425,287.8073,288.1000,295.6896,290.3788,291.0655,300.4962,293.3524,290.6465,288.8613,279.5809,261.9110,268.9748,299.6277,297.2355,286.8847,268.0052,273.8059,272.0922,272.2651,273.0748,273.5771,273.9207,273.4733,272.9670,298.4215,272.0841,271.8682,271.2998,267.0314,264.8943,289.4222,291.0790,282.1538,0.0000,287.4468,291.8508,272.8913,269.7702,298.9119,275.2892,275.2331,281.6258,287.3908,288.0167,268.7364,273.0817,299.2274,296.8918,274.7547,274.1211,270.7205,280.2892,295.5494,270.5940,290.9225,292.4654,272.8282,273.5608,265.1966,278.4280,276.4735,300.7665,284.5290,275.6206,275.6692,264.8613,264.2853,278.9363,294.6028,268.6287,277.7386,272.8298,273.4937,273.7571,281.7625,269.8995,272.0851,268.0599,266.9870,292.4328,265.5905,267.8278,265.6994,286.7853,287.5534,307.1614,307.1615,303.2047,267.7587,277.5050,262.6630,270.6224,268.4390,270.0212,269.6072,284.8561,0.0000,276.7403,267.7337,294.4574,294.2729,269.7540,269.3465,299.3815,274.8434,272.1648,295.6245,288.0382,275.8059,288.3117,316.4284,281.1837,306.3641,326.2440,324.0973,298.6623,295.7420,266.0683,294.7184,294.5000,291.7036,297.3245,288.1448,274.3098,281.4111,282.4927,316.7339,325.0087,280.0561,294.0396,296.1211,296.2185,295.0338,292.4328,296.0663,294.8553,296.1760,296.2436,295.9859,291.1757,272.0841,264.9012,269.6097,0.0000,271.7762,272.7488,271.7762,268.3220,268.5122,270.0120,272.2865,274.7861,300.2112,268.1861,274.0038,275.2088,274.2380,270.0824,274.8642,289.2504,269.2426,270.0836,281.3839,287.0961,297.5005,297.9223,300.7906,284.8561,293.2700,284.8561,288.4495,288.4265,269.6666,273.9418
47.0000,296.6430,262.5768,262.8153,264.0686,258.8708,272.1884,270.5679,293.7522,268.3487,295.4454,283.2369,293.1225,267.7532,275.2392,263.4963,262.5961,269.7405,269.5264,271.7929,259.9851,266.9376,263.5229,264.6158,265.6079,275.3236,279.0911,279.7498,278.4183,293.2901,262.3383,264.1046,264.4059,292.4156,296.3012,294.0459,287.6670,267.6563,285.1506,268.0637,297.2896,310.0846,282.9675,284.2667,311.2366,295.0838,275.6331,291.0834,290.3311,260.2339,294.6311,292.8894,284.3158,294.8929,285.7341,292.1718,285.7199,267.1812,293.0185,269.0767,282.3921,285.2822,285.7488,291.5359,291.8350,285.9422,284.4111,284.8355,292.0874,286.7542,287.3727,297.0956,289.6006,287.0781,285.3270,275.5278,258.0174,265.0345,293.7182,291.6416,282.6386,264.3398,270.0453,267.7411,267.9462,268.6077,269.0241,269.4912,269.0748,268.5171,293.0153,267.8459,267.7104,267.1885,263.0683,260.9607,284.7643,286.3366,278.7313,0.0000,282.5205,286.6678,268.6591,266.1268,293.7955,271.7619,271.7126,278.1294,283.8753,284.4935,265.2584,268.7707,295.9374,291.3020,270.3460,270.7832,266.2246,278.7353,290.6907,266.5270,285.5664,288.9161,268.5545,269.2320,261.1678,274.0283,272.3145,295.0781,281.0322,271.2395,271.2873,260.9686,262.0755,275.3299,289.5690,264.5071,273.5735,268.4768,269.1199,269.3622,277.1030,267.3673,269.2132,264.7114,263.8535,288.8902,262.1051,264.8632,262.8677,283.3102,284.1510,301.0433,301.0434,297.3807,263.6780,272.8074,260.3994,266.7180,265.0227,266.0283,265.6280,281.3554,0.0000,273.0257,264.0397,292.7416,292.3467,265.7633,265.3824,293.7123,270.3733,267.9207,294.8736,288.0382,272.1886,288.2725,314.2169,277.1058,300.8620,320.0367,316.0043,292.7386,290.6046,262.8987,292.2856,292.0982,288.6328,296.5619,285.9010,271.0663,278.0242,279.0812,310.7596,318.8036,276.4463,290.4449,292.5980,292.6941,291.5088,288.8902,292.5433,291.2425,292.5640,292.7186,292.4599,287.6434,267.8460,260.9674,265.6302,0.0000,268.4368,268.3726,268.4368,264.9399,265.1042,265.9226,268.5067,271.2285,294.2584,264.1048,270.2602,271.6772,270.7542,266.9609,270.6917,285.6374,265.8863,266.9623,277.5818,287.0961,291.8430,292.2072,294.7094,281.3554,289.6852,281.3554,284.9290,284.9548,266.0673,269.5246
48.0000,295.3214,262.8890,263.1060,264.6227,259.3125,272.4658,270.8227,293.0041,268.5059,294.7438,283.0006,292.5498,268.1465,274.5256,265.4221,263.9715,271.5212,271.0784,274.2005,260.0420,268.0814,265.9145,266.6822,266.6189,275.4406,278.7841,279.3451,277.8234,292.9008,262.6683,264.4207,264.7070,292.4155,294.8674,292.8955,287.2758,267.8101,284.7282,268.2646,295.9247,307.8476,282.5370,283.9942,308.9209,294.9693,277.7667,294.5457,293.7756,262.3361,296.0364,294.0370,285.9107,295.7793,288.6573,293.8002,287.1988,268.2844,294.7098,271.1394,285.0374,288.7384,289.2044,293.5098,293.7791,285.9422,287.5047,287.7827,295.5699,290.2310,290.8609,299.0377,293.0221,289.8765,288.7836,277.8780,258.3750,265.9685,293.2952,291.2070,282.2360,264.6976,271.6039,267.8918,268.1124,268.7475,269.1418,269.6112,269.2080,268.6554,292.3533,268.1998,267.9672,267.5435,263.6021,261.4304,284.3378,285.8388,278.1209,0.0000,282.3035,286.3229,268.8211,267.0741,292.4501,274.1211,274.0243,281.6034,287.3306,287.9712,265.1567,269.0847,297.9580,290.8884,270.6490,271.2884,268.0539,279.3327,289.5082,266.8828,287.0581,292.3835,268.7479,269.3981,261.4931,276.1474,271.9671,294.3971,285.0391,273.3167,273.3650,261.5090,263.8620,275.4457,288.9996,264.8011,273.0353,268.6155,269.2593,269.4772,279.1846,267.2854,269.2803,265.7765,264.9088,292.3576,262.5554,266.4387,264.6598,286.4926,287.2585,299.9929,299.9930,296.5122,263.9975,272.9146,262.4808,268.4485,266.8581,266.4924,266.0345,285.3337,0.0000,275.3779,264.5836,293.9031,293.6240,266.1661,265.8306,293.1552,270.6165,268.2696,295.3573,288.0382,274.5822,288.2977,312.2905,276.4519,299.2925,318.2357,313.9286,292.6897,290.0096,264.0549,294.0567,293.8490,291.3647,295.9482,287.8165,271.3673,278.0138,278.7833,308.9403,316.9771,276.5368,293.9318,296.0829,296.1805,294.9923,292.3576,296.0278,294.7042,296.0509,296.2050,295.9434,291.1071,268.1998,261.4372,266.0364,0.0000,270.7935,268.5290,270.7935,266.0101,266.1626,266.3299,269.7784,273.6179,293.9612,264.4210,272.7498,274.0401,273.2067,269.5827,270.5604,288.3887,267.6647,269.5835,277.5397,287.0961,291.4336,291.8098,294.6054,285.3337,293.1662,285.3337,288.5093,288.2098,266.3637,271.6080
