"ETAPA \ BARRA","AGUAYTIA 220","BALNEARIO 220","BALNEARIOS 60 A","CALLAHUANCA 220","CALLAHUANCA 60","CARHUAMAYO 220","CARHUAMAYO NUEVA 138","CARHUAQUERO 220","CHAVARRIA 220 A","CHICLAYO OESTE 220","CHIMBOTE 220","GUADALUPE 220","HUACHIPA 60","HUACHO 220","HUANCAVELICA 220","HUAYUCACHI 220","ICA 220","INDEPENDENCIA 220","MARCONA220","MOYOPAMPA 60","OROYA NUEVA 220","OROYA NUEVA 138","OROYA NUEVA 50","PACHACHACA 220","PARAGSHA2 220","PARAGSHA 138","PARAGSHA 50","PARAMONGA NUEVA 220","PIURA OESTE 220","SAN JUAN 220","SANTA ROSA 220 A","SANTA ROSA EDS 60","TALARA 220","TINGO MARIA 138","TINGO MARIA 220","TRUJILLO 220","VENTANILLA 220","VIZCARRA 220","ZAPALLAL 220","AGUAYTIA 138","PUCALLPA 138","HUALLANCA 138","CHIMBOTE 138","PUCALLPA 60","ZORRITOS 220","ABANCAY NUEVA 138","ARICOTA138","ARICOTA II 66","CAMPO ARMINO 220","AYAVIRI138","AZANGARO 138","CACHIMAYO 138","CALLALLI 138","CERRO VERDE 138","COMBAPATA 138","DOLORESPATA 138","DESIERTO220","JULIACA 138","MACHUPICCHU 138","MOLLENDO 138","MOQUEGUA 220","MOQUEGUA 138","PUNO 220","PUNO 138","SANTUARIO 138","SOCABAYA 220","SOCABAYA 138","ILO 138","LOS HEROES 220 A","LOS HEROES 66","TINTAYA 138","TOMASIRI 66","REPARTICION 138","ILO2 220","COTARUSE 220","CHILCA REP 220","CANTERA 220","PIURA OESTE 60","LA NINA 220","CONOCOCHA 220","HUINCO 220","INDEPENDENCIA 60","CHILLON 220","CHILLON 60","CHAVARRIA 60 A","CHAVARRIA 60 B","BARSI 60","BARSI 220","OQUENDO 60","CAJAMARCA 220","PLANICIE 220 A","CARABAYLLO 220","CARABAYLLO 500","CHILCA CTM 500","CHILCA CTM 220 A","KIMAN AYLLU 138","KIMAN AYLLU 220","PARAMONGA EXISTENTE 138","MACHALA 200","CHIMBOTE 500","TRUJILLO 500","HUARANGAL 60","POMACOCHA 220","PIEDRA BLANCA 138","POROMA 220","POROMA500","OCONA 500","MONTALVO 500","MONTALVO 220","HUANZA 220","INDUSTRIALES 220 A","TINTAYA 220","LA NINA 500","INDUSTRIALES 60","CARHUAMAYO 50","CARIPA138","HUAMPANI 60","HUANUCO 138","REFINERIA ZINC 220","QUENCORO 138","ILO 3 220","MIRADOR 220","MIRADOR 60","ALTO PRADERA 220","ABANCAY NUEVA 220","LOMERA 220","REQUE 220","SAN JOSE 500","SANTA TERESA 220","SURIRAY 220","ASIA 220","CERRO DEL AGUILA 220","CHAGLLA 220","RAMADA 220","SANTA ROSA LDS 60","LOMERA 60","ZAPALLAL 60","MALVINAS 220","MALVINAS 60","ABANCAY 138","YAUPI 138","SANTA ISABEL 220","YANANGO 220","CHIMAY 220","ILO3 138","MATUCANA 220","COLCABAMBA 500","COLCABAMBA 220","YARABAMBA 500","YARABAMBA 220","BELAUNDE 220","BELAUNDE 138","CACLIC 220","INDUSTRIALES 220B","PLANICIE60","COBRIZAI 69","MOLLEPATA 60","MOLLEPATA220","CARAPONGO 500","CARAPONGO 220 A","SAN JOSE 220","MARCONA 60 A","SAN NICOLAS 60","CALLAHUANCA EDN 220","PUMIRI138","PUMIRI220","SAN MIGUEL 220","SAN MIGUEL 60","FELAM 220","MANCHAY 60","MANCHAY 220","SAN RAFAEL 138","SAN GABAN 138","MARCONA 60 B","ANGEL 138","PTO MALDONADO 138","MEDIO MUNDO 220","AUCAYACU 138","BELLAVISTA 138","TARAPOTO 138","PARINAS 220","PAMPA HONDA 220","ORCOTUNA 220","SAN ROMAN 138","SAN ROMAN 220","CHILOTA 220","MAZUCO 138","JESUS 138","CARHUAMAYO 138","CINCO MANANTIALES 138","OXIDOS CERRO 138","TOCACHE 138","JUANJUI 138","FRANCOISE 220","BOTIFLACA 138","MILL SITE 138","PLAZA TOQUEPALA 138","QUEBRADA HONDA 138","PANAMERICANA SOLAR 138","TOQUEPALA 138","ILO ELS 138","REFINERIA 138","LIXIVIACION 138","PUSHBACK 138","INTIPAMPA 138","PLANICIE 220 B","CHILCA CTM 220 B","CARAPONGO 220 B","CHILCA 1 220","DERIVACION 220","CHAVARRIA 220 B","DERIVACION 220  BARRA II","CAMPAS 220","CAMPAS 500","PLANICIE 500","NUEVA CHINCHA 220","CAHUACHI 220","VALLE DEL CHIRA 220","SANTA ROSA 220 B","ERSUR 220","FLAMENCO220","BARRA3HERMANAS","BARRAPTALOMITAS","PUERTO CHANCAY 220","CHAPARRAL 138","CHIRIBAMBA 220","BARRAPTALOMITAS2","YSHCAYUCRO 220","PAQUILLUSI 220","MIGUEL GRAU 500","MIGUEL GRAU 220","ALIPIO ROSALES 220","SUNNY","CUAJONE 138","SAN MARTIN 220","SAN LUIS 220","CERRO VERDE 220","PORTILLO 60","SURIRAY138"
1.0000,269.1097,239.0001,239.2316,240.2958,235.9814,248.6601,246.5805,268.4751,242.9207,269.4875,257.5851,267.3861,242.2128,249.9580,238.7163,238.5043,242.6795,243.4788,248.0556,236.7820,244.0597,242.8680,243.3460,242.2185,251.3841,254.0170,254.6237,253.1432,268.2042,238.7979,239.6790,239.9237,269.2654,267.7784,266.8861,262.3546,242.3647,259.8064,242.9733,269.6656,280.6551,257.9506,258.4288,281.6444,271.4579,253.8737,268.3440,267.6930,236.9601,274.0239,272.3927,262.4587,273.2004,263.7821,270.3839,263.5668,242.3318,271.4099,247.9846,270.5760,262.5741,263.0369,269.8457,270.0606,264.3329,262.0393,262.4551,269.2328,263.9468,264.4807,276.3639,266.8641,266.8278,262.6165,253.7681,235.0949,240.5749,268.5128,266.2475,257.5397,239.7693,244.0166,242.4352,242.7051,243.0014,243.2436,243.6862,243.4767,242.9796,267.8352,242.9468,242.7101,242.5183,239.1806,237.4773,259.9057,261.1634,253.4947,0.0000,257.0047,261.3039,243.4507,242.6678,265.6899,248.2265,248.2083,255.4082,261.2793,261.8314,239.2702,243.6603,275.0185,265.9807,244.7988,246.7882,244.9694,251.9056,263.2465,241.8006,263.4160,266.1197,243.2716,243.7985,237.8293,252.5021,247.0875,269.1557,258.6926,250.0031,250.0460,237.4569,237.3486,251.3940,264.3807,240.0042,248.2095,243.1061,243.5867,243.8631,255.1942,244.6343,246.1888,240.5041,239.5873,266.0963,238.8743,240.6177,238.9460,260.7710,261.7518,276.9304,278.3341,272.7184,239.4670,246.9876,237.4973,241.0623,239.9109,241.5496,241.0925,258.8246,0.0000,251.3954,240.2569,272.1997,271.5402,241.1716,240.8096,268.0311,245.0239,243.0005,275.9623,270.5989,248.6939,270.7531,294.2334,251.8111,272.1568,290.8026,291.0241,269.4926,265.4155,238.5217,270.6831,270.6339,266.3886,278.2593,263.6456,247.1134,253.4533,254.0215,281.7844,289.5754,252.3835,267.6392,269.7255,269.8197,268.6409,266.0963,269.6729,268.3888,269.7013,269.8439,269.5897,264.8865,242.9468,237.4827,241.0941,0.0000,239.4094,242.9385,239.4094,240.6789,240.8034,241.4621,243.2580,245.9413,269.6069,239.6799,246.5428,248.1379,247.0961,235.8776,245.5300,267.9741,238.7163,235.8779,253.2860,266.7797,266.5763,267.0063,271.1444,258.8246,266.8984,258.8246,260.7012,262.6396,241.3961,248.3837
2.0000,266.8586,238.0050,238.2117,239.5156,235.5742,247.4514,245.4539,266.0272,241.7994,267.1518,255.8983,265.2285,241.1408,247.9549,238.5482,238.3629,242.4673,243.0553,247.8980,235.7574,243.1958,241.9416,242.4789,241.4715,250.0644,252.7023,253.3035,251.2237,265.9660,237.8152,238.6874,238.9075,266.9413,265.5757,264.7460,260.4178,241.2456,258.0365,241.9020,267.3879,277.8425,256.0100,256.7447,278.7834,269.0636,253.5944,268.1515,267.5098,236.8524,273.2229,271.3803,261.9896,272.9857,263.5900,269.9061,263.0529,241.6893,270.8474,247.6920,270.1427,262.4397,262.9006,269.3435,269.6038,264.3329,261.8622,262.2845,269.1041,263.7665,264.2710,275.9950,266.5919,266.5372,262.4824,253.5437,234.2019,239.8903,266.2467,264.1388,255.7421,238.8342,243.6149,241.3133,241.5965,241.8663,242.0916,242.5332,242.3386,241.8467,265.5530,241.9363,241.6905,241.5292,238.2932,236.5881,257.8712,259.1407,251.5586,0.0000,255.3232,259.4187,242.3603,241.9034,263.5841,248.0550,247.9956,255.3421,261.1589,261.7082,239.2229,242.6277,274.5904,263.8752,243.7513,245.6684,243.7190,250.9552,261.3040,240.8222,262.9296,265.9618,242.1892,242.6769,236.8673,252.2199,245.4603,266.8484,258.6926,249.7132,249.7561,236.6221,237.3486,250.0722,262.2319,238.9984,246.4003,241.9817,242.4569,242.7185,254.9049,243.4033,244.9750,239.9022,238.9878,265.9394,238.1789,240.3185,238.7458,260.6130,261.5794,274.2278,275.5562,270.2070,238.4775,245.7502,237.2353,240.8710,239.7098,240.6247,240.1526,258.8257,0.0000,251.2017,239.4757,271.2549,270.9122,240.2253,239.8539,265.8131,243.9053,241.9866,273.0429,266.0778,248.5284,266.3179,288.3495,249.8522,269.8095,287.5548,287.6837,267.1669,263.2266,238.3943,270.1768,270.0773,266.0771,273.2953,263.5076,245.9733,252.2063,252.7076,279.0155,286.3914,251.0569,267.4672,269.5336,269.6298,268.4556,265.9394,269.4813,268.2349,269.5716,269.6533,269.3934,264.7349,241.9363,236.5935,240.1541,0.0000,239.2306,241.8166,239.2305,240.0872,240.2071,240.5007,242.6989,245.7634,267.3239,238.6884,246.4528,247.9768,246.9308,235.7145,244.1202,267.6400,238.5482,235.7147,251.8195,266.7797,264.4363,264.8386,268.7610,258.8257,266.7250,258.8257,260.7174,262.4510,240.3835,248.0967
3.0000,261.7920,236.5391,236.7286,238.1753,234.5386,242.9656,241.0632,263.1938,240.4194,264.5943,253.6999,262.8066,238.7706,245.7189,238.4760,238.1050,242.6803,242.7257,247.9918,234.3388,240.9137,239.7749,240.3243,239.8413,244.6407,247.0353,247.5774,248.5768,263.7208,236.3596,237.3289,237.5527,264.6281,260.5032,259.7959,258.1230,239.8629,253.5672,240.5337,262.2909,272.1400,253.1414,254.4305,273.0262,266.7014,253.1495,268.1324,267.5033,236.8524,273.1589,271.3400,261.3943,272.9169,263.5145,269.5176,262.4331,241.0038,270.7613,247.3135,270.0011,262.4015,262.8635,269.2691,269.5243,264.3329,261.7936,262.2132,269.0482,263.6982,264.1793,275.8988,266.5048,266.4513,262.4436,253.3119,232.8204,238.9619,264.0238,261.8375,251.8086,238.1957,243.2625,239.9284,240.2214,240.4862,240.7058,241.1229,240.9434,240.4655,262.6282,240.6459,240.3649,240.2223,237.1050,235.3327,254.8187,255.8913,248.9461,0.0000,253.2012,257.1687,240.9627,240.2227,258.3285,247.9958,247.8605,255.3001,261.1180,261.6702,238.4977,241.3003,274.4903,261.5880,242.3936,241.3758,240.8927,250.7732,255.6516,239.5540,262.3323,265.9244,240.8273,241.3074,235.4359,251.8356,243.5708,264.3125,258.6926,249.3427,249.3855,235.3973,237.3486,240.0801,259.1364,237.6263,244.3292,240.5893,241.0668,241.3241,254.3727,239.4144,240.7980,239.2444,238.7890,265.9037,236.8517,239.9979,238.5751,260.5496,261.5115,270.9517,272.3196,267.0921,237.0956,244.3335,237.3612,240.5773,239.5520,239.4145,238.9161,258.8236,0.0000,251.2564,238.1412,271.2137,270.8552,238.9454,238.4009,263.3839,242.5988,240.6932,273.1823,266.0778,248.6167,266.3251,287.6175,247.3895,264.8151,283.0003,283.5273,264.8512,260.1814,238.0671,270.0993,270.0033,266.0183,273.0580,263.4297,241.5910,247.1187,247.0584,274.1843,281.7786,245.6111,267.4371,269.5102,269.6059,268.4341,265.9037,269.4579,268.1776,269.5140,269.6294,269.3767,264.7016,240.6459,235.3380,238.9175,0.0000,240.5013,240.4361,240.5014,239.3942,239.5110,239.2268,242.1524,246.2252,265.0293,237.3300,246.6012,247.9328,247.0600,237.7296,242.4360,267.5371,238.4760,237.7262,246.8520,266.7797,262.1579,262.5782,266.4062,258.8236,266.6880,258.8236,260.6853,262.3907,239.0149,247.7242
4.0000,260.9861,235.8232,235.9974,237.7799,234.3892,242.7239,240.8719,262.1319,239.8015,263.4501,252.8978,261.7385,238.2310,245.1036,238.5333,238.0922,243.5741,243.1343,248.0829,233.6542,240.5689,239.3130,239.9168,239.5007,244.3364,246.7503,247.2859,247.9407,262.5892,235.6498,236.6983,236.8978,263.4525,259.7377,259.0477,257.1771,239.2544,252.9955,239.9942,261.4701,271.0207,252.3113,253.6379,271.8800,265.4897,252.8777,267.4420,266.7870,236.8524,272.9224,271.1511,260.8944,272.7699,263.2666,269.0641,261.9094,241.0730,270.4896,247.0054,269.6309,262.0659,262.5078,268.9933,269.2430,264.3329,261.5597,261.9817,268.5441,263.3556,263.8628,275.6187,266.0295,266.1438,262.1077,253.0964,232.2632,238.8656,262.8783,260.7738,251.2107,237.6672,243.7478,239.3178,239.6066,239.8478,240.0483,240.4949,240.3207,239.8267,261.6394,240.0545,239.8444,239.7017,236.6065,234.8133,254.0034,255.1025,248.3084,0.0000,252.3886,256.2462,240.4084,239.8559,257.6179,247.9208,247.7458,255.1102,260.8292,261.3582,238.5320,240.6790,274.2112,260.5302,241.7536,241.1842,240.3058,250.1334,255.0487,239.0034,261.8167,265.4482,240.2573,240.7263,234.7634,251.5640,243.0123,263.1804,258.4667,249.0552,249.0979,234.9842,237.3486,239.7816,258.2677,236.9881,243.8574,239.9798,240.4537,240.6950,254.1157,239.4730,240.7501,238.9334,238.4785,265.4237,236.5377,239.8416,238.4914,260.2977,261.2782,269.7469,271.0734,265.9806,236.4459,243.4981,237.6108,240.4624,239.5629,238.9146,238.3862,258.5973,0.0000,251.2355,237.7443,271.0262,270.6589,238.4133,237.8924,262.2809,241.8844,240.0988,272.9210,266.0778,248.6889,266.3115,286.9815,246.7621,263.9319,281.6250,282.0176,263.6746,259.2813,238.0614,269.8344,269.7451,265.7110,272.8338,263.2554,241.3797,246.8488,246.7741,273.0908,280.4408,245.3223,266.8976,268.8200,268.9182,267.8549,265.4237,268.7697,267.6715,268.9849,268.9404,268.5962,264.2538,240.0545,234.8186,238.3875,0.0000,242.2379,239.8179,242.2380,239.0843,239.1952,238.6964,242.3606,246.8494,263.8660,236.6994,246.7069,247.8640,247.1421,240.1992,241.8687,267.2105,238.5333,240.1977,246.4579,266.7797,261.0807,261.4854,265.2001,258.5973,266.1629,258.5973,260.4543,262.1634,238.3819,247.4241
5.0000,264.8551,236.9326,237.1248,238.7906,235.0748,246.5091,244.6143,264.1879,240.7582,265.3077,254.4703,263.5173,239.2530,246.7805,238.7082,238.0354,244.9393,244.2928,249.1286,234.8086,242.5089,241.2760,241.8108,240.8726,249.0431,251.6343,252.2169,249.9943,264.4424,236.7556,237.7427,237.9621,265.3324,263.6619,262.9089,258.8427,240.2054,256.7297,240.9464,265.3406,274.9205,254.5080,255.2548,275.7825,267.3934,253.0719,267.8688,267.2097,236.8524,273.2368,271.3875,261.1727,272.9919,263.7010,269.4290,262.1858,242.2167,270.8074,247.2103,270.1038,262.4548,262.8991,269.3195,269.5734,264.3329,261.9897,262.3940,269.0038,263.7653,264.2866,276.0571,266.5252,266.6396,262.4972,253.2900,233.3366,239.9978,264.7495,262.5503,254.4427,238.7681,244.8959,240.2687,240.5500,240.8023,240.9998,241.4368,241.2663,240.7736,263.8078,240.9918,240.7744,240.6547,237.5526,235.8027,256.4001,257.6209,250.3583,0.0000,253.9134,257.8880,241.3313,241.2588,261.7181,248.7962,248.5714,255.5330,261.1853,261.7353,238.3742,241.5995,274.6425,262.3055,242.6616,244.8584,242.9426,251.4178,259.5224,240.0079,262.0944,265.8615,241.1930,241.6627,235.8666,251.7631,244.3620,265.0254,258.6926,249.2581,249.3009,236.0805,238.2718,249.0508,260.6121,238.0323,245.2079,240.9203,241.3948,241.6357,254.2993,242.4208,244.0188,239.7149,238.8724,265.8363,237.3740,240.6301,238.9926,260.6941,261.7114,271.9942,273.2631,268.2043,237.5051,244.4970,237.6680,240.6020,239.7212,239.8553,239.3958,258.8240,0.0000,252.3702,238.7479,271.2631,270.9122,239.4227,238.9246,264.1100,242.8477,241.0363,273.1029,266.0778,249.7515,266.3210,285.4389,248.6458,267.7363,284.5284,284.5775,265.5571,261.5716,237.9895,270.1497,270.0535,266.0766,272.3964,263.5283,245.1276,251.2462,251.6432,276.5473,283.4427,250.0364,267.3227,269.2467,269.3457,268.2851,265.8363,269.1962,268.1127,269.4509,269.3684,268.9961,264.6549,240.9919,235.8081,239.3971,0.0000,243.9803,240.7742,243.9803,239.9109,240.0045,239.6413,243.5086,248.1331,265.7367,237.7438,247.8194,248.7505,248.2249,242.2587,243.0848,267.6993,238.7082,242.2581,250.7127,266.7797,262.8763,263.2968,267.1005,258.8240,266.5751,258.8240,260.6910,262.5996,239.5005,247.6274
6.0000,264.0655,236.5474,236.7295,238.5514,234.9873,246.1469,244.2886,263.1969,240.3686,264.3145,253.7776,262.5720,238.9287,246.3132,238.6732,238.0274,245.0154,244.2412,249.2505,234.4757,242.2403,241.0354,241.5614,240.6324,248.6465,251.2371,251.8097,249.4598,263.4192,236.3751,237.3808,237.5854,264.2807,262.9036,262.1753,258.0238,239.8184,256.1561,240.5877,264.5368,273.8334,253.7383,254.5528,274.6697,266.3161,253.1130,268.3012,267.6732,236.8524,273.2373,271.3848,261.1326,273.0469,263.7398,269.4102,262.1238,242.0534,270.8081,247.2116,270.1243,262.5263,262.9800,269.3267,269.5740,264.3329,262.0303,262.4307,269.1558,263.8174,264.2962,276.0811,266.6947,266.7137,262.5690,253.3170,233.0214,239.7975,263.7024,261.6230,253.8538,238.4424,244.8551,239.8806,240.1654,240.4039,240.5923,241.0273,240.8717,240.3760,262.8425,240.6298,240.4282,240.3083,237.2545,235.4990,255.6286,256.8364,249.8104,0.0000,253.2267,257.0936,240.9550,241.0082,261.0077,248.8874,248.6278,255.5500,261.2376,261.7961,238.3944,241.2286,274.6653,261.3764,242.2800,244.5423,242.6662,251.1578,258.9033,239.6684,262.0348,266.0557,240.8289,241.2972,235.5127,251.7896,243.9466,264.0399,258.6926,249.2708,249.3136,235.7841,238.2082,248.6543,259.7159,237.6658,244.8030,240.5322,241.0089,241.2557,254.3663,242.0659,243.6606,239.4697,238.5564,266.0418,237.2171,240.5220,238.9292,260.7450,261.7523,270.8859,272.1148,267.1544,237.1387,244.0124,237.9042,240.3578,239.6213,239.5340,239.0692,258.8274,0.0000,252.5147,238.5086,271.2616,270.9154,239.0965,238.6078,263.1501,242.4226,240.6728,273.0309,266.0778,249.8749,266.3172,285.0786,248.1408,266.8998,283.3288,283.2618,264.5048,260.6480,237.9857,270.1540,270.0573,266.1105,272.2789,263.5386,244.8002,250.8813,251.2471,275.4901,282.2573,249.6684,267.4806,269.6777,269.7744,268.5926,266.0418,269.6250,268.2805,269.6036,269.7994,269.5272,264.8321,240.6298,235.5044,239.0705,0.0000,244.3476,240.3845,244.3476,239.6837,239.7830,239.3086,243.3936,248.3315,264.6970,237.3819,247.9101,248.8529,248.3713,242.8151,242.6865,267.7570,238.6732,242.8155,250.2570,266.7797,261.9231,262.3227,266.0271,258.8274,266.7148,258.8274,260.7442,262.6423,239.1706,247.6323
7.0000,263.5914,236.1408,236.3114,238.2490,234.8223,245.7145,243.9530,262.9976,239.9919,263.8963,253.3536,262.1267,238.5978,245.9830,238.6194,238.0473,244.7042,243.8967,249.2472,234.0978,241.6991,239.7350,240.4773,240.3002,248.2312,251.0507,251.6568,249.1085,262.9316,235.9715,237.0522,237.3502,263.7778,262.4664,261.7181,257.5891,239.4466,255.7491,240.2451,264.0583,273.2655,253.4248,254.1066,274.0938,265.8099,253.1757,268.1702,267.5243,236.8524,273.3038,271.4343,261.1580,273.0049,263.7220,269.4283,262.1441,241.6640,270.8327,247.2328,270.1051,262.4884,262.9318,269.3487,269.6003,264.3329,262.0054,262.4064,269.1216,263.7925,264.2921,276.0901,266.5482,266.6989,262.5308,253.3345,232.5938,239.3756,263.2104,261.1630,253.4765,238.0242,244.4949,239.5082,239.7885,240.0202,240.2031,240.6409,240.4822,239.9924,262.5476,240.2832,240.0896,239.9788,236.9354,235.1412,255.3405,256.5127,249.4735,0.0000,252.8068,256.6559,240.6187,240.6918,260.5934,248.8880,248.6030,255.5422,261.2105,261.7641,238.4323,240.8754,274.6760,260.9132,241.9276,244.1243,241.5093,250.8962,258.5342,239.3328,262.0479,265.9898,240.4306,240.8003,235.0862,251.8331,243.6190,263.6173,258.6926,249.3014,249.3442,235.3586,238.1749,248.2389,259.4014,237.3311,244.5077,240.1640,240.6112,240.8442,254.4654,241.6424,243.2334,239.5077,239.0510,265.9773,236.9167,240.4654,238.8957,260.7192,261.7276,270.5741,271.8207,266.8498,236.7919,243.5686,237.5983,240.4606,239.5988,239.2299,238.7444,258.8268,0.0000,252.5146,238.2066,271.3073,270.9445,238.7723,238.2795,262.7143,242.0296,240.3250,273.1380,266.0778,249.8805,266.3228,284.7481,247.7991,266.4325,282.9043,282.8426,264.0016,260.3380,238.0083,270.1756,270.0831,266.1061,272.1801,263.5221,244.4387,250.6056,251.0579,274.9995,281.8214,249.2327,267.3335,269.5548,269.6535,268.5119,265.9773,269.5026,268.2244,269.5693,269.6771,269.3910,264.7634,240.2832,235.1466,238.7456,0.0000,244.1316,240.0074,244.1317,239.6321,239.6926,238.9779,243.0132,248.2617,264.1957,237.0533,247.9202,248.8597,248.3624,242.6006,242.3483,267.7408,238.6194,242.6010,249.8533,266.7797,261.4539,261.8478,265.5215,258.8268,266.5376,258.8268,260.7349,262.6119,238.8696,247.6554
8.0000,263.7942,236.1635,236.3395,238.1405,234.6876,245.9032,244.0889,263.3177,239.9412,264.1609,253.6363,262.3771,238.4606,246.7063,238.6255,238.0669,244.9603,244.1505,249.3294,233.9872,241.8997,240.4593,241.0602,240.3352,248.4270,251.0411,251.6282,249.6889,263.1692,235.9953,236.9079,237.0792,264.0143,262.6712,261.9425,257.8418,239.4151,256.0538,240.2928,264.2553,273.3478,253.7267,254.4424,274.1657,266.0457,253.1051,268.2570,267.6147,236.8524,273.2930,271.4345,261.0671,272.9019,263.7668,269.4093,262.0357,241.9394,270.8692,247.1878,270.2356,262.5239,262.9747,269.3746,269.6262,264.3329,262.0309,262.4329,269.0941,263.8380,264.3375,276.0857,266.6715,266.8319,262.5666,253.3097,232.7767,239.6038,263.4447,261.4118,253.8373,237.1259,244.7816,239.4761,239.7430,239.9594,240.1370,240.6135,240.4548,239.9359,262.8760,240.3022,240.1289,239.9859,236.9647,235.2248,255.6282,256.8699,250.0554,0.0000,253.0506,256.9097,240.6431,240.7309,260.7596,248.9634,248.6695,255.5629,261.2382,261.7955,238.4634,240.8880,274.6777,261.1626,241.9326,244.3299,242.0878,250.7185,258.6250,239.1732,261.9352,266.0324,240.4797,240.9527,235.1822,251.7780,244.0649,263.8797,258.6926,249.2533,249.2961,235.5361,238.1424,248.4348,259.7671,237.1843,245.0626,240.1362,240.6073,240.8341,254.3709,241.8396,243.4251,239.2435,238.3309,266.0167,236.8058,240.4096,238.8631,260.7495,261.7535,270.8269,272.0718,267.1266,236.6884,243.6164,238.0813,240.1509,239.5244,239.1966,238.5579,258.8282,0.0000,252.5278,238.0951,271.3086,270.9508,238.5872,238.0942,262.9637,242.0708,240.3439,272.9399,266.0778,249.9517,266.3125,284.5895,248.4447,266.6642,283.0830,282.9951,264.2364,260.6987,238.0295,270.2065,270.1059,266.1399,272.1415,263.5368,244.5883,250.6765,251.0508,275.2827,282.0189,249.4450,267.4695,269.6410,269.7376,268.5730,266.0167,269.5884,268.2173,269.5418,269.7618,269.4850,264.8182,240.3022,235.2302,238.5591,0.0000,244.3333,239.9573,244.3333,239.4631,239.5624,238.9929,243.2940,248.3813,264.4355,236.9092,248.0305,248.9410,248.4588,242.8009,242.6416,267.8731,238.6255,242.8013,250.0999,266.7797,261.7003,262.0904,265.7571,258.8282,266.7076,258.8282,260.7566,262.6381,238.6907,247.6104
9.0000,263.5646,235.8586,236.0260,237.9338,234.5984,245.6279,243.7979,263.0744,239.6720,263.9610,253.3124,262.1746,238.1968,246.4729,238.5796,238.0827,244.2109,243.6218,248.9878,233.6311,241.6497,240.1670,240.7851,240.1060,248.1459,250.7748,251.3693,249.4358,262.9482,235.6929,236.6178,236.7861,263.8051,262.4669,261.7209,257.5673,239.1475,255.8000,240.0270,264.0228,273.0583,253.4485,254.0833,273.8710,265.8397,253.3128,268.2124,267.5708,236.8524,273.2857,271.4187,261.3353,272.9008,263.7518,269.5920,262.2925,241.4791,270.8451,247.3639,270.3492,262.5003,262.9564,269.3481,269.5957,264.3329,261.9892,262.3986,269.0554,263.8281,264.3351,276.0743,266.6709,266.8902,262.5425,253.4362,232.4610,239.2254,263.2277,261.1790,253.5731,236.8489,244.2520,239.2087,239.4725,239.6892,239.8673,240.3435,240.1834,239.6660,262.6166,240.0541,239.8593,239.7267,236.7035,234.9455,255.3787,256.5861,249.7857,0.0000,252.7536,256.6329,240.3967,240.5039,260.5564,248.7039,248.4264,255.4794,261.2254,261.7714,238.4839,240.6501,274.6653,260.9250,241.6881,243.9838,241.7608,250.4722,258.4199,238.8963,262.1912,265.9966,240.2020,240.6573,234.8801,251.9589,243.8315,263.6793,258.6926,249.4267,249.4695,235.1989,237.3486,248.1536,259.4900,236.8926,244.8878,239.8753,240.3335,240.5590,254.6097,241.5681,243.1524,238.8794,237.9683,265.9757,236.6804,239.9511,238.5488,260.7256,261.7076,270.6344,271.8800,266.9104,236.3953,243.4409,237.5573,240.5382,239.6131,238.9291,238.2796,258.8274,0.0000,252.2076,237.8887,271.2927,270.9382,238.3100,237.8135,262.7591,241.8538,240.0964,272.8560,266.0778,249.6102,266.3081,286.2970,248.2036,266.4754,282.9519,282.8334,264.0287,260.4255,238.0461,270.1807,270.0836,266.1072,272.6092,263.5095,244.2908,250.3912,250.7839,275.0920,281.8794,249.1239,267.5179,269.5901,269.6845,268.5142,265.9757,269.5379,268.1765,269.4816,269.7093,269.4520,264.7909,240.0541,234.9509,238.2807,0.0000,243.1552,239.6880,243.1552,239.0903,239.2052,238.7376,242.8072,247.7708,264.2178,236.6190,247.7000,248.6819,248.1236,241.2478,242.3875,267.9483,238.5796,241.2482,249.8240,266.7797,261.4674,261.8607,265.5508,258.8274,266.7810,258.8274,260.7437,262.6070,238.3930,247.7849
10.0000,263.7481,236.0203,236.1940,238.0135,234.6319,245.7178,243.9036,263.2775,239.7881,264.1315,253.4409,262.3223,238.3181,246.5081,238.5525,238.0986,244.0893,243.4507,249.1277,233.7426,241.7624,240.3751,240.9424,240.2122,248.2164,250.7518,251.3347,249.4910,263.1360,235.8526,236.7620,236.9269,264.0037,262.6172,261.8693,257.6920,239.2611,255.8706,240.1402,264.2166,273.4552,253.5577,254.2216,274.2863,266.0246,253.2644,268.2892,267.6310,236.8524,273.3720,271.5113,261.5024,272.8687,263.7999,269.7650,262.5048,241.2021,270.9555,247.3910,270.3945,262.5305,262.9844,269.4460,269.7035,264.3329,262.0466,262.4506,269.1239,263.9066,264.4468,276.1305,266.8128,266.9100,262.5724,253.3754,232.5936,239.2107,263.4216,261.3423,253.6538,236.9812,244.0755,239.3222,239.5915,239.8068,239.9856,240.4570,240.2993,239.7846,262.8248,240.1101,239.9774,239.8288,236.8062,235.0582,255.4728,256.7155,249.8385,0.0000,252.8741,256.7602,240.5074,240.6019,260.6799,248.8558,248.5679,255.5297,261.2462,261.8011,238.4762,240.7109,274.7298,261.0871,241.7437,244.1131,242.0828,250.5788,258.4877,239.0264,262.4084,266.0447,240.3238,240.7941,235.0441,251.9311,243.8607,263.8462,258.6926,249.4271,249.4699,235.2849,238.0998,248.2241,259.6688,237.0397,244.7536,239.9876,240.4511,240.6773,254.5214,241.7002,243.2592,239.1302,238.2181,266.0241,236.6804,240.3349,238.8199,260.7580,261.7663,270.9868,272.2548,267.1967,236.5433,243.4572,237.3930,240.7024,239.6537,239.0465,238.4128,258.8263,0.0000,252.3470,237.9679,271.3814,271.0134,238.4415,237.9568,262.9245,241.8770,240.1462,272.9906,266.0778,249.7514,266.3151,286.3505,248.2459,266.7296,283.6449,283.4500,264.2303,260.6163,238.0585,270.2815,270.1806,266.1772,272.6317,263.5546,244.4008,250.4356,250.7632,275.5792,282.5384,249.1697,267.5545,269.6738,269.7677,268.5476,266.0241,269.6211,268.2399,269.5930,269.7927,269.5260,264.8342,240.1101,235.0636,238.4140,0.0000,243.1098,239.8041,243.1099,239.3509,239.4528,238.8253,242.4465,247.8450,264.4097,236.7632,247.8349,248.8338,248.2750,241.2027,242.4725,267.9759,238.5525,241.2031,249.8976,266.7797,261.6360,262.0359,265.7384,258.8263,266.7760,258.8263,260.7265,262.6612,238.5160,247.8027
11.0000,264.5523,236.3622,236.5460,238.2662,234.7325,246.0983,244.2692,264.3341,240.1723,265.3145,254.2616,263.4525,238.6611,247.0384,238.5450,238.1172,244.1179,243.5612,249.1605,234.2147,241.9916,240.4553,241.0587,240.4369,248.6415,251.2069,251.8041,250.0808,264.4508,236.1899,237.1117,237.2870,265.3421,263.4341,262.6392,258.6523,239.6434,256.4786,240.5118,265.0300,274.4530,254.3797,255.0557,275.3008,267.3838,253.3734,268.2873,267.6072,236.8524,272.3456,270.8423,261.6244,272.0821,263.7167,269.0016,262.5775,241.3804,270.4950,247.5043,270.4844,262.5082,262.9592,269.0294,269.2898,264.3329,261.9156,262.3435,269.1205,263.9497,264.5368,274.3818,266.9356,266.9324,262.5506,253.3579,232.9021,239.3785,264.7753,262.5047,254.2799,237.3131,244.1868,239.7053,239.9698,240.1945,240.3778,240.8541,240.6892,240.1705,263.8096,240.4826,240.3386,240.1912,237.1238,235.3722,256.2915,257.5310,250.4348,0.0000,253.6802,257.7015,240.8843,240.8413,261.4604,248.9178,248.6369,255.5509,261.2093,261.7777,238.4530,241.0868,273.0485,262.2485,242.1181,244.4655,242.2726,250.9488,259.2055,239.3718,262.4340,266.0380,240.6991,241.1784,235.3685,251.9926,244.3465,265.0208,258.6926,249.4956,249.5384,235.4789,238.1728,248.6492,260.5580,237.3981,245.3465,240.3704,240.8381,241.0646,254.6460,242.0920,243.6436,239.3519,238.4390,266.0166,236.8843,240.4611,238.8932,260.6823,261.6443,272.0625,273.3704,268.2337,236.8900,243.9641,237.7072,240.5587,239.6278,239.3797,238.7467,258.8284,0.0000,252.4379,238.2214,270.7104,270.3347,238.7763,238.2856,264.1180,242.3192,240.5201,272.6213,266.0778,249.7760,266.2958,286.7458,248.8092,267.6463,284.9880,284.8027,265.5711,261.5319,238.0709,269.8214,269.6941,265.9617,272.7898,263.4987,244.7656,250.8591,251.2174,276.7330,283.8615,249.5907,267.5426,269.6767,269.7706,268.5687,266.0166,269.6238,268.2360,269.5908,269.7951,269.5390,264.8168,240.4826,235.3776,238.7479,0.0000,243.1420,240.1885,243.1420,239.5726,239.6736,239.1734,242.6080,247.8837,265.7553,237.1129,247.8614,248.8949,248.3091,241.2346,242.9019,268.0189,238.5450,241.2350,250.3844,266.7797,262.8367,263.2720,267.0946,258.8284,266.7645,258.8284,260.7591,262.5298,238.9055,247.9085
12.0000,264.5458,236.4108,236.6013,238.2525,234.7015,246.0481,244.2339,264.5655,240.1711,265.6109,254.3846,263.7597,238.6462,247.0306,238.6098,238.1554,244.2275,243.6706,249.0263,234.1362,241.9432,240.3611,240.9681,240.4113,248.5861,251.1438,251.7316,250.0615,264.7204,236.2350,237.1192,237.2718,265.6409,263.4583,262.6404,258.8399,239.6406,256.4662,240.5115,265.0216,274.4079,254.3454,255.1897,275.2524,267.7068,253.5252,268.2537,267.5537,236.8524,272.2973,270.8198,261.9101,271.9147,263.6405,269.1760,262.8768,241.4749,270.4487,247.6244,270.3267,262.4687,262.9192,268.9878,269.2466,264.3329,261.8759,262.2968,269.0977,263.9507,264.5660,274.3319,266.7493,266.7561,262.5111,253.3688,232.9514,239.4575,265.0491,262.7527,254.2660,237.2434,244.3242,239.7023,239.9661,240.1944,240.3778,240.8607,240.6953,240.1688,263.9629,240.4999,240.3407,240.1940,237.1328,235.3957,256.2430,257.5442,250.3745,0.0000,253.8052,257.8794,240.8780,240.8211,261.5112,248.8390,248.5717,255.5297,261.1782,261.7427,238.4602,241.1111,273.0082,262.4921,242.1442,244.4239,242.2371,250.9123,259.3009,239.3609,262.7176,266.0039,240.7149,241.2195,235.4117,252.1058,244.3285,265.3189,258.6926,249.6044,249.6473,235.5376,238.1640,248.5939,260.6378,237.4070,245.2748,240.3648,240.8486,241.0772,254.8444,242.0499,243.5969,239.3386,238.4257,265.9808,236.8843,240.4460,238.8846,260.6435,261.6044,272.0242,273.3264,268.3005,236.9066,244.0098,237.2803,241.0655,239.8419,239.3815,238.7333,258.8276,0.0000,252.3326,238.2080,270.6874,270.3081,238.7618,238.2652,264.4005,242.3515,240.5376,272.6953,266.0778,249.6366,266.2997,286.0146,248.7952,267.6407,284.6527,284.4172,265.8678,261.6334,238.1044,269.7780,269.6551,265.9165,272.6903,263.4660,244.7278,250.8083,251.1548,276.6235,283.5544,249.4982,267.5041,269.6586,269.7523,268.5526,265.9714,269.6055,268.2020,269.5679,269.7775,269.5197,264.7828,240.4999,235.4010,238.7345,0.0000,243.1595,240.1875,243.1596,239.5608,239.6656,239.1821,242.7072,247.7556,266.0387,237.1204,247.6645,248.8140,248.1668,241.2520,242.8989,267.8482,238.6098,241.2524,250.3418,266.7797,263.0873,263.5274,267.4135,258.8275,266.7534,258.8258,260.7626,262.4916,238.8675,248.0234
13.0000,262.7813,234.0072,234.1446,236.6163,233.5902,244.3244,242.5041,262.9741,238.3288,263.9926,252.5927,262.0917,236.7932,244.7501,237.3456,237.2614,241.6585,241.2637,247.6452,232.0492,240.3401,238.7171,239.3406,238.8570,246.8226,249.3667,249.9575,247.9617,262.9212,233.8434,235.0411,235.1296,263.8758,261.7230,260.8887,257.0709,237.8097,254.6574,238.7218,263.2536,272.5696,252.5578,253.3960,273.4077,265.9505,252.0128,268.1075,267.3922,235.7981,272.0653,270.6641,260.2394,271.6955,263.1841,267.8531,261.1932,238.9968,270.2270,246.2524,268.5421,262.4188,262.8772,268.8004,269.0507,264.3329,261.6096,262.0176,268.9826,263.9033,264.5289,274.0800,266.6704,265.5439,262.4606,252.1442,230.4035,236.7869,263.2352,261.0055,252.4041,235.2990,241.9743,237.8696,238.1279,238.3416,238.5148,239.0187,238.8606,238.3171,262.2659,238.7027,238.5763,238.3815,235.1938,233.2197,254.4633,255.7491,248.3156,0.0000,252.0126,256.1028,239.0904,239.1634,259.8107,247.8133,247.5570,255.4187,261.1100,261.6947,237.9316,239.3327,272.7671,260.7279,240.3977,242.6594,240.5520,249.2818,257.6555,237.5185,261.0362,265.8148,238.9133,239.4159,232.8635,250.6906,242.2808,263.6925,258.9869,248.2275,248.2701,232.9245,237.0493,246.8303,258.8620,235.3309,243.2666,238.5279,239.0246,239.2569,253.1956,240.3640,241.8945,238.3372,238.3385,265.7745,235.2882,239.2809,237.7662,260.3964,261.3423,270.5488,271.8702,266.7213,234.7526,242.4011,236.1106,239.8286,238.5810,237.5935,236.8907,259.0928,0.0000,249.5489,236.5693,270.5352,270.1410,236.9192,236.3807,262.7439,240.6601,238.7417,272.5675,266.0778,248.1034,266.2930,285.6285,246.6146,265.9871,283.4236,283.2383,264.1032,259.8736,237.2651,269.5829,269.4606,265.7949,272.6908,263.2777,242.9942,249.0572,249.3786,275.1128,282.2806,247.6493,267.5184,269.5272,269.6156,268.3957,265.5602,269.4745,268.0276,269.4570,269.6427,269.4084,264.7161,238.7027,233.2257,236.8917,0.0000,240.1692,238.3455,240.1693,238.3625,238.3802,237.3248,240.2531,245.7372,264.2569,235.0423,246.2856,247.7861,246.7741,237.7702,240.9309,266.2831,237.3456,237.7706,248.5480,266.7797,261.3155,261.7447,265.6558,259.0901,266.7644,259.0476,261.0402,262.2341,236.8859,246.6546
14.0000,261.5946,232.0674,232.1645,235.0601,232.3538,243.0644,241.3455,261.3728,236.4016,262.2941,250.8009,260.3666,234.9938,242.9226,236.6708,236.6125,238.6585,238.8610,244.3582,230.7013,238.8675,236.9832,237.6138,237.4556,245.5193,248.0609,248.6477,246.1942,261.2399,231.9258,233.1679,233.2825,262.1538,260.4938,259.6319,255.2954,235.8840,253.2035,236.7955,262.0860,271.7854,250.8818,251.6239,272.6582,264.1893,250.0301,262.4000,261.6594,235.4730,269.9088,268.9527,258.2545,268.5340,258.4956,265.4614,259.2245,236.7556,267.6800,244.2781,261.8939,257.4125,257.8462,265.8499,266.1325,261.0163,257.2404,257.6307,263.5311,258.8356,259.4840,271.0245,261.2500,259.6990,257.4530,250.2015,228.4787,234.7989,261.5723,259.2911,250.8740,233.4705,239.5389,235.9423,236.1923,236.4150,236.5838,237.0770,236.9182,236.3836,260.7065,236.7437,236.6534,236.5093,233.2423,231.2815,252.7921,254.1646,246.5065,0.0000,250.2213,254.3327,237.1267,237.7814,258.5724,244.5877,244.3785,250.8616,256.2682,256.7093,236.3874,237.3623,269.6568,259.0129,238.3998,241.4842,239.2496,247.9690,256.3712,235.6577,259.0476,260.2563,236.9593,237.4065,230.9936,248.7453,240.3887,261.9897,253.8259,246.2874,246.3297,230.9784,235.9884,245.5235,257.3521,233.4512,241.2953,236.5819,237.0740,237.2962,251.2303,239.3939,240.8148,236.6452,236.6467,260.1817,233.9047,237.6854,236.7022,255.9686,256.9561,269.2130,270.5443,265.2769,232.8687,240.0896,236.2993,238.7630,237.8072,235.7433,235.0498,253.8346,0.0000,246.1567,235.0091,268.8036,268.2023,235.0791,234.5700,261.0555,238.5287,236.7851,271.8225,266.0778,244.8091,266.2541,287.4492,244.8203,264.7615,282.6013,282.3955,262.3796,258.3660,236.4834,266.9278,266.8287,261.8013,273.4115,259.2670,241.8235,247.8056,248.0741,274.0209,281.4329,246.3717,262.1742,263.7950,263.8788,262.6606,259.4790,263.7468,262.5190,263.9959,263.9053,263.6150,259.4629,236.7437,231.2875,235.0509,0.0000,236.5963,236.4178,236.5963,236.6515,236.6988,235.4176,237.9422,242.3742,262.5472,233.1691,243.0214,244.5585,243.4907,233.8624,239.0404,259.6908,236.6708,233.8629,247.1750,266.7797,259.6093,260.0455,263.9007,253.8182,261.4457,253.6910,255.6959,257.8482,235.2971,244.6827
15.0000,262.8291,231.7380,231.8695,234.6747,232.1085,242.9852,241.5065,259.3265,236.0086,260.6032,249.5523,258.7549,234.4868,242.3228,236.6462,236.5622,237.6969,238.2238,241.4238,230.9018,238.6404,237.0285,237.5411,237.1573,245.4326,248.3783,248.9097,245.5208,259.1640,231.5759,232.7511,232.8781,259.1418,262.4577,260.6801,253.8218,235.4632,253.0522,236.2373,263.3696,274.0529,249.7857,250.3279,275.0146,261.2183,248.2083,255.7390,254.9236,235.4730,266.0948,265.5005,256.4622,263.4582,253.0242,262.4187,257.4605,236.2200,263.3922,242.5175,254.0081,251.6157,251.9749,261.3384,261.5903,255.7050,252.1702,252.4929,257.3424,253.0268,253.7651,266.5478,255.0933,252.9541,251.6556,248.3832,227.9619,234.2709,259.5204,257.4983,250.3903,232.9410,238.9514,235.5226,235.7302,236.0800,236.2941,236.7536,236.5393,236.0165,258.8642,236.0490,236.0627,235.8714,232.4662,230.6011,251.7331,253.0024,245.8439,0.0000,249.0095,252.9255,236.5806,237.5193,260.3569,241.5530,241.4016,245.8676,250.6820,250.9467,235.9570,236.7092,265.1840,257.2311,237.7425,241.8196,239.3810,248.0717,257.8185,235.1516,257.2302,253.9388,236.4666,236.9437,230.5887,246.9459,239.8287,260.3114,247.9328,244.5129,244.5549,230.4466,235.4008,245.4364,255.8522,233.0470,240.8236,236.1421,236.6605,236.8567,249.3909,239.4200,240.7934,235.8687,235.8700,253.8552,233.5857,236.6731,236.1130,250.8788,251.8804,265.7189,265.7190,262.6138,232.4680,239.3928,235.7260,239.2762,237.9601,235.0992,234.5164,247.8165,0.0000,243.1917,234.6223,265.3014,264.4031,234.5482,234.0231,259.3391,237.8003,236.0920,270.1555,266.0778,241.8674,266.1666,289.2869,244.1766,267.1825,287.2306,277.9454,259.4587,256.7607,236.3766,262.5653,262.5364,256.6201,274.1551,254.1110,242.0003,248.0505,248.3890,277.5568,285.8893,246.2790,255.9157,257.1253,257.2109,256.1476,252.8014,257.0822,256.2753,257.7955,257.2352,256.9445,252.6966,236.0490,230.6071,234.5178,0.0000,235.0714,236.0254,235.0714,235.8383,235.8999,234.7346,237.4017,239.8972,260.1747,232.7522,240.0690,241.5207,240.5100,232.3552,238.4668,251.7414,236.6462,232.3556,246.9662,263.7071,257.7533,258.1100,260.9376,247.7784,255.2851,247.5665,249.6037,252.7707,235.1486,242.9170
16.0000,270.9144,232.3913,232.5556,234.9856,232.0277,242.6679,240.6694,261.6638,237.3123,263.1221,251.5257,261.1991,234.9472,244.4382,236.6590,236.8253,237.3598,238.1895,239.6249,231.1879,238.8571,237.3959,237.9394,237.3717,244.8184,247.6477,248.2281,248.2057,261.5335,232.2111,233.3318,233.4166,261.5724,270.9944,268.5465,256.0133,236.7104,260.6148,237.2327,271.5090,283.2756,252.7708,252.4130,284.3351,263.7060,246.9577,251.1449,250.2181,235.4730,263.0377,262.5987,255.2884,259.7996,248.9503,260.2608,256.3275,236.3975,259.9630,241.2677,247.2872,247.4372,247.6864,257.7951,258.0061,251.8980,248.5520,248.8001,252.9315,248.9736,249.8841,263.1471,251.0191,247.4279,247.4769,246.9779,228.4787,234.5026,261.8993,259.8168,254.8264,233.4161,238.9219,236.7732,236.9408,237.4474,237.7098,238.0908,237.8239,237.3383,261.6011,236.7493,236.9590,236.6303,232.9044,231.0681,254.9510,256.3923,248.5405,0.0000,250.9233,255.0597,237.5855,237.7434,267.2766,239.7147,239.6162,242.4858,246.6767,246.7984,236.6652,237.4412,261.7795,259.5374,238.5247,240.9419,239.4431,247.8945,261.5811,235.6264,256.0612,249.5334,237.5164,238.1302,231.1940,245.6618,241.4209,262.8200,243.8265,243.2388,243.2805,230.8761,235.2352,244.8261,258.9179,233.6416,242.3582,237.3499,237.8769,238.0664,248.1878,239.5072,240.7221,235.9747,235.9762,249.4838,233.8511,236.3866,235.9470,247.2497,248.2662,268.9342,268.9343,265.5799,233.0619,240.2603,235.7474,239.3420,238.0020,235.6912,234.9949,243.6265,0.0000,241.3140,234.9354,262.3551,261.2348,235.0284,234.4634,261.7840,238.5893,236.7948,268.7004,266.0778,240.0588,266.0899,289.5923,246.6070,276.1614,298.4183,282.1373,261.8937,259.7255,236.7057,259.0834,259.1121,252.7229,274.1287,250.4054,241.2032,247.2740,247.6571,287.5131,296.8976,245.6680,250.9668,252.5419,252.6263,251.6524,248.3361,252.5005,251.8881,253.3761,252.6495,252.3981,247.6740,236.7493,231.0740,234.9962,0.0000,234.1591,237.3289,234.1589,235.9405,236.0302,235.3701,237.4950,238.3466,262.5948,233.3329,238.2409,239.6779,238.6423,231.3624,239.8687,244.9515,236.6590,231.3623,247.8934,260.5471,260.0773,260.4421,263.4169,243.5700,250.3778,243.3202,245.4131,249.1459,235.4685,241.6590
17.0000,274.8762,234.4829,234.7075,236.6062,233.4617,243.9086,241.7995,272.9409,239.5618,282.0415,253.5475,273.0767,237.4303,245.9538,237.5025,237.3845,242.0254,243.3043,240.8660,232.8299,240.1796,238.7963,239.3130,238.6701,246.2642,249.1695,249.7610,250.1793,296.4130,234.2686,235.3528,235.4776,296.0585,274.8574,272.2994,258.7779,238.9286,263.8267,239.2842,275.5205,288.2851,256.5650,254.5686,289.4347,298.5344,254.7600,261.5766,260.5874,235.4730,271.6952,270.1118,264.2071,271.6759,261.2893,270.3326,265.5090,245.7761,269.0594,248.9388,257.2908,257.8293,258.0508,267.0361,267.3773,264.2163,261.1242,261.4046,263.5024,259.3252,260.2753,273.9628,261.3077,258.6129,257.8704,254.4945,230.3437,238.1690,296.8524,292.9348,257.8464,235.4385,244.1219,238.9954,239.1478,239.7455,240.0502,240.4079,240.0952,239.6188,268.8066,238.8563,238.9860,238.7952,234.9570,233.0631,259.2963,260.9861,250.5300,0.0000,253.0993,257.1356,239.6652,239.0448,270.8072,240.7930,240.8922,249.0815,256.4786,257.0508,238.2566,239.5925,272.4174,293.8817,240.6406,242.1633,240.9220,249.4948,264.4832,237.5775,265.2796,259.9530,239.6591,240.2968,233.2212,253.4139,243.3016,280.6101,252.0043,250.9487,250.9918,233.4340,236.3962,246.2719,264.6974,235.6842,244.7243,239.5613,240.1181,240.3093,256.0719,240.0459,241.5202,237.6679,237.6692,259.9188,235.2794,238.2719,237.1117,258.8032,260.8782,276.8461,276.8462,273.1882,235.0917,242.4326,235.9561,240.2920,238.9251,237.8271,236.9062,251.7732,0.0000,242.5746,236.5604,269.9683,269.5025,236.9614,236.4968,288.4944,240.6749,238.9053,272.4004,266.0778,241.3120,266.2843,289.9788,248.3771,280.3318,303.6564,291.0831,296.4678,265.9114,237.4192,268.2236,268.0869,262.5805,273.8620,262.9781,242.3745,248.6279,249.1741,292.3275,302.0736,247.1585,261.4540,263.0508,263.1473,262.1559,258.6796,263.0079,262.4323,263.9644,263.1700,262.9731,257.4083,238.8563,233.0691,236.9077,0.0000,237.7279,239.5792,237.7276,237.7056,238.0213,237.5063,245.0285,240.3428,297.5305,235.3538,239.4377,240.7547,239.8126,234.8885,241.7262,254.8112,237.5025,234.8885,249.8161,266.7797,294.4571,295.1998,298.2047,251.7083,260.8461,251.4449,253.6385,261.7499,237.4104,249.3178
18.0000,277.7386,235.5145,235.7718,237.4750,234.0080,245.0089,242.7641,275.7924,240.8426,285.3906,255.3927,275.9450,238.7285,248.2010,237.5912,237.5365,242.3934,243.6943,241.1074,234.0418,240.9624,239.2827,239.9271,239.3977,247.4827,250.5347,251.1767,252.3182,300.5889,235.2802,236.4158,236.5568,300.3300,277.7566,275.0085,260.8553,240.2049,266.0576,240.5039,278.4245,292.0299,258.6745,256.4541,293.2555,302.9195,255.0285,260.7422,259.7180,235.4730,271.4104,269.8822,264.7186,271.2086,260.4112,270.4700,266.0837,246.1796,268.8502,249.1861,254.5335,257.2646,257.4706,266.7384,267.0941,263.6144,260.5632,260.7958,262.8958,258.7776,259.7651,273.5711,260.3170,256.6847,257.3056,254.5588,231.2223,238.7961,301.0555,296.8854,259.9181,236.4917,244.4600,240.2744,240.4145,241.0375,241.3568,241.7158,241.3845,240.9075,271.3098,239.9711,240.1472,239.8900,235.9105,233.9893,261.4520,263.2166,252.6336,0.0000,254.9210,259.1361,240.9087,239.7804,273.4825,241.0680,241.1766,248.9050,255.9463,256.4968,238.6198,240.7402,272.0202,297.8923,241.8211,243.0155,241.3211,250.4717,266.7290,238.6434,265.8488,259.3067,240.8732,241.5376,234.1899,253.6365,245.1266,283.8822,251.5966,251.1738,251.2170,234.2472,236.6305,247.4905,267.0595,236.7629,246.7203,240.8419,241.3905,241.5898,256.4006,241.1651,242.6246,238.3641,238.3657,259.2695,236.1188,238.6771,237.3468,258.2529,260.3190,279.4905,279.4906,275.7799,236.1421,243.7603,235.6935,240.6465,239.0990,238.8404,237.9438,251.3568,0.0000,242.8621,237.4328,269.7396,269.2727,238.0114,237.5650,292.1868,241.8935,240.0231,272.3333,266.0778,241.5609,266.2808,291.7517,250.5700,283.3851,307.2156,294.8968,300.7469,268.3156,237.6023,267.9800,267.8230,262.1435,274.4277,262.3997,243.3289,249.7972,250.5339,295.5905,305.5957,248.4126,260.8586,262.2328,262.3244,261.4377,258.0348,262.1913,261.8222,263.3560,262.3483,262.1810,256.5356,239.9712,233.9953,237.9454,0.0000,238.0522,240.8605,238.0519,238.3980,238.7060,238.5587,245.4218,240.6120,301.7829,236.4166,239.6388,241.0278,240.0147,235.2090,243.3186,252.0209,237.5912,235.2089,251.2914,266.7797,298.5053,299.2958,302.5729,251.2894,260.3187,251.0300,253.1964,261.1776,238.5491,249.5546
19.0000,262.1452,235.6309,235.9053,237.4146,233.8441,243.9898,242.3054,274.3834,240.8878,284.5047,254.6497,274.7595,239.2763,246.9282,237.6883,237.6089,242.0476,243.5480,240.8244,234.2340,240.5965,239.4058,239.8828,239.1862,246.2029,249.1726,249.6920,250.6738,300.3809,235.3849,236.4906,236.6474,300.2860,264.6844,262.7449,260.0728,240.2306,260.9355,240.4221,262.8280,276.3869,257.0928,255.6273,277.6086,303.0626,255.0142,260.0780,259.0652,235.4730,271.2615,269.7760,264.8961,270.9783,259.7946,270.4651,266.3147,246.0527,268.7086,249.1718,252.5708,256.8106,257.0115,266.5263,266.8862,263.2512,260.1326,260.3476,262.3973,258.2828,259.2563,273.2978,260.0483,255.3855,256.8518,254.4202,231.3181,238.8166,300.8661,296.4869,256.7625,236.3385,244.3505,240.3023,240.4612,241.1037,241.4410,241.7822,241.4366,240.9754,269.8259,239.9878,240.0813,239.8243,235.8758,233.9993,259.5928,261.1207,251.0024,0.0000,254.2564,258.3940,240.8815,239.5725,262.6213,240.8398,240.9597,248.5585,255.5220,256.0516,238.6575,240.7934,271.7445,297.5442,241.9078,242.8380,241.1699,250.3956,260.1770,238.6391,266.0660,258.7631,240.8545,241.4992,234.2956,253.5991,244.3788,282.9483,251.2075,251.1430,251.1862,234.3319,236.5739,246.2106,265.2309,236.8522,245.9192,240.8717,241.4271,241.6373,256.4150,240.1771,241.6215,238.2673,238.2686,258.7208,236.1188,238.5810,237.2899,257.8343,259.8882,278.2720,278.2721,274.4342,236.2241,243.9696,233.6468,242.2173,239.5976,238.7891,237.9340,250.9675,0.0000,242.8154,237.3759,269.6286,269.1364,238.0263,237.6344,291.5714,241.9860,240.0428,272.2756,266.0778,241.3016,266.2778,294.4321,249.0940,270.1745,293.4112,294.6524,300.6990,266.5824,237.6695,267.8087,267.6441,261.8064,275.5485,262.0058,242.8586,248.8658,249.1849,282.1340,291.8452,247.1423,260.3285,261.5435,261.6268,260.7915,257.4810,261.5036,261.3134,262.8563,261.6528,261.5294,255.9749,239.9878,234.0053,237.9355,0.0000,237.2204,240.9060,237.2201,238.3112,238.6222,238.5277,245.3049,240.1614,301.6452,236.4914,239.3615,240.7982,239.6776,234.0332,242.8051,250.0265,237.6883,234.0330,249.4447,266.7797,298.1892,299.0200,302.6855,250.8998,259.8108,250.6396,252.8207,260.7437,238.7279,249.5326
20.0000,262.1452,236.0742,236.3635,237.6599,233.7833,244.3506,242.7278,276.7283,241.4417,292.2125,255.2731,282.4453,239.9122,248.0626,237.7655,237.6273,242.3346,243.8298,240.9733,234.5405,240.7000,239.0724,239.6519,239.3692,246.6075,249.7371,250.2778,251.5950,312.3948,235.8203,236.9201,237.0941,314.0285,264.9608,262.9944,260.5064,240.7842,261.5978,240.9514,262.8446,276.7412,257.8636,256.3947,277.9933,316.8636,255.1154,259.8873,258.8359,235.4730,271.2790,269.8067,265.0242,270.9802,259.5306,270.5296,266.4684,246.3428,268.7826,249.2484,251.0086,256.7606,256.9415,266.5580,266.9228,263.2646,260.0777,260.2703,262.2204,258.2716,259.2944,273.2757,259.8605,254.4230,256.8010,254.4458,231.7159,239.1611,312.9210,307.3015,257.5363,236.4703,244.6293,240.8573,241.0070,241.6603,242.0028,242.3601,242.0048,241.5301,271.3144,240.4798,240.5760,240.2641,236.2700,234.3939,260.3111,262.1897,251.8822,0.0000,254.8136,258.9147,241.4283,239.7949,263.0194,240.9972,241.1212,248.6043,255.4751,256.0056,238.6715,241.3085,271.7224,308.6787,242.4643,243.1814,241.0508,249.6760,260.8166,239.0280,266.2019,258.6473,241.3816,242.0390,234.7341,253.6788,245.2887,290.6534,251.1869,251.2175,251.2606,234.7235,236.6730,246.6152,266.4771,237.2953,247.0260,241.4321,241.9899,242.2138,256.5518,240.6774,242.0404,238.5300,238.5317,258.6077,236.3362,238.7516,237.3891,257.7819,259.8345,279.9983,279.9984,276.0568,236.6550,244.6422,233.4509,242.5155,239.7499,239.1894,238.3021,250.9433,0.0000,242.9689,237.6229,269.6569,269.1563,238.4058,238.0346,300.9754,242.5676,240.5370,272.2818,266.0778,241.4495,266.2781,297.6099,250.1090,270.5953,294.5601,296.8635,314.2963,267.8944,237.6872,267.8611,267.6822,261.7968,276.7727,261.9783,243.2623,249.3524,249.7470,282.9486,292.9466,247.5412,260.0910,261.3715,261.4553,260.6168,257.3653,261.3320,261.1601,262.6783,261.4811,261.3449,255.8679,240.4798,234.3999,238.3036,0.0000,237.4672,241.4605,237.4669,238.5805,238.8917,238.9625,245.5923,240.3567,314.2637,236.9208,239.4620,240.9547,239.7917,234.2767,243.5538,248.4880,237.7655,234.2765,249.9611,266.7797,309.5242,310.6094,316.4540,250.8759,259.5849,250.6155,252.7376,260.6903,238.9625,249.6073
21.0000,262.1452,236.8746,237.1904,238.3175,234.1217,244.8149,243.1880,276.7283,242.2675,291.5275,256.1294,281.1568,240.8257,248.0311,237.8769,237.6313,242.8767,244.3602,241.3389,235.4417,241.2019,239.6140,240.1749,239.8699,247.0682,250.1764,250.7124,251.8011,311.9538,236.6071,237.7554,237.9668,313.5617,265.1849,263.1625,261.5740,241.5887,261.9099,241.6451,262.8732,277.3538,258.6047,257.1907,278.6587,316.3732,255.5407,260.1908,259.1760,235.4730,271.5233,269.9891,265.5884,271.4329,259.8345,271.0636,267.0514,246.9020,269.0460,249.6435,250.2855,257.1837,257.3663,266.8450,267.2104,263.7290,260.5272,260.7090,262.6624,258.5776,259.5239,273.6265,260.1421,254.2110,257.2241,254.7514,232.4210,239.7955,312.4963,306.7874,257.8937,237.7760,245.1536,241.6637,241.8236,242.5088,242.8688,243.1945,242.8301,242.3739,271.7960,241.2618,241.2721,240.9913,236.9655,235.0909,261.0314,262.7107,252.0935,0.0000,255.7076,259.9084,242.1485,240.2968,263.3397,241.4272,241.5653,249.1056,255.8976,256.4342,238.5936,242.1271,272.0648,308.1838,243.3219,243.6599,241.6398,250.2369,261.3300,239.8516,266.7647,259.0338,242.1418,242.8102,235.4973,254.0705,245.5792,289.8713,251.6833,251.6039,251.6471,235.4107,236.8945,247.0759,267.0006,238.1415,247.2938,242.2302,242.8001,243.0345,257.0150,241.0909,242.4819,239.0542,239.0560,258.9949,236.9938,239.1304,237.6112,258.2021,260.2856,280.8060,280.8061,276.7074,237.4785,245.5382,233.2253,242.8767,239.9447,239.9063,239.1243,251.4478,0.0000,243.1129,238.2841,269.8406,269.3623,239.2314,238.8661,300.3847,243.4037,241.3210,272.3772,266.0778,241.7836,266.2831,299.2768,250.2133,270.9938,295.9159,298.4086,313.8310,268.4112,237.6790,268.1277,267.9464,262.1471,277.4431,262.4424,243.7283,249.8077,250.1871,283.6601,294.2152,248.0237,260.4409,261.6587,261.7391,260.9893,257.7489,261.6203,261.5932,263.1207,261.7659,261.6304,256.2604,241.2618,235.0969,239.1260,0.0000,237.9536,242.2864,237.9533,239.1073,239.4224,239.6942,246.1460,240.7783,313.8286,237.7561,239.7738,241.3838,240.1042,234.7566,243.9846,247.8042,237.8769,234.7564,250.3904,266.7797,309.0417,310.1422,315.9675,251.3806,259.9430,251.1192,253.3498,261.1462,239.7928,249.9980
22.0000,267.2668,237.8372,238.1398,239.3699,235.7200,246.9572,245.3356,314.6815,243.4989,353.4053,256.4083,350.4341,241.8911,250.8182,237.9667,238.3661,243.4251,244.9077,241.8181,236.3276,242.4867,241.1769,241.6079,240.8842,249.5306,252.7550,253.2728,254.7555,378.0975,237.5627,238.7233,238.8747,379.9082,270.0689,268.3324,258.4897,242.8324,267.5824,242.9087,268.0309,283.2408,263.5569,259.2008,284.6116,383.0701,255.8032,260.4925,259.4533,235.4730,271.7261,270.1322,266.0317,271.8257,260.1731,271.5273,267.5627,247.4556,269.3009,249.9572,249.8752,257.5687,257.7550,267.1050,267.4696,264.2698,260.9663,261.1482,263.0380,259.0307,260.0292,273.9622,260.7182,254.1536,257.6077,255.0004,233.3140,240.5330,378.7640,371.8460,263.6314,238.3333,245.6804,242.9092,243.0645,243.7435,244.1154,244.4380,244.0716,243.6192,291.0610,242.1575,242.4653,241.8733,237.7852,235.9331,266.7547,273.2488,255.0591,0.0000,255.2311,258.2584,243.4433,241.3017,267.8714,241.9330,242.0748,249.5953,256.2669,256.8216,241.0797,243.0445,272.3883,373.5356,244.2613,245.8833,243.3581,250.9450,265.1925,240.8292,267.3070,259.3883,243.3570,244.0633,236.4245,254.3456,247.6854,352.9493,252.0989,251.8979,251.9411,236.2677,237.1349,249.5384,281.5299,239.1198,249.4480,243.5234,244.0385,244.2858,257.2481,243.1869,244.5978,239.8003,239.8021,259.3392,238.0426,239.5483,237.8524,258.5840,260.7248,300.9438,300.9439,296.4458,238.4435,246.5232,233.1636,243.0477,240.0600,240.7495,240.0686,251.8614,0.0000,243.6641,239.3386,269.9875,269.5423,240.1822,239.7764,364.1017,244.3382,242.2182,272.3621,266.0778,242.2811,266.2823,300.1260,253.0923,276.0947,302.1047,320.4662,380.2357,284.2994,238.6729,268.3797,268.1860,262.4674,277.7049,262.9407,245.8822,252.1976,252.7590,289.3251,300.3381,250.4637,260.8808,261.9616,262.0340,261.3140,258.0850,261.9238,261.9588,263.4966,262.0631,261.9614,256.6419,242.1575,235.9392,240.0703,0.0000,238.4544,243.5183,238.4541,239.8184,240.0560,240.5602,246.7016,241.2274,380.3546,238.7239,240.2118,241.8890,240.5306,235.2507,245.7991,247.3980,237.9667,235.2505,253.8471,266.7797,374.5737,375.9054,382.6179,251.7946,260.4153,251.5329,253.7173,261.5899,240.6945,250.3047
23.0000,264.7069,238.6042,238.9535,239.7408,235.1573,246.3464,244.5221,276.7283,244.1402,290.7429,258.3394,279.7197,242.8116,250.8047,237.9461,237.9317,243.9722,245.4413,242.2940,237.1475,242.7213,241.7643,242.1622,241.1563,248.6357,251.5665,252.0997,254.3765,311.1696,238.3188,239.4571,239.6864,312.6652,267.8104,265.6649,264.1045,243.4581,264.0979,243.4557,265.4826,280.9332,260.6827,259.3227,282.3257,315.3961,255.9809,261.0946,260.0633,235.4730,271.9737,270.3522,266.4583,271.9891,260.4508,271.9556,268.0459,248.0137,269.6054,250.1722,249.6669,258.0162,258.2054,267.4245,267.7862,264.3329,261.3321,261.4921,263.4810,259.4759,260.4619,274.2284,261.1580,254.1898,258.0576,255.0485,234.1247,241.2087,311.7240,305.9954,259.9984,239.3958,246.2011,243.5362,243.6903,244.3849,244.7539,245.0957,244.7135,244.2508,273.1213,243.0071,243.0246,242.6930,238.5734,236.7309,263.1014,264.5369,254.6554,0.0000,257.9482,262.3162,243.9925,241.5538,265.7979,242.4208,242.5798,250.0904,256.6979,257.2660,239.4964,243.9138,272.6710,307.3937,245.1593,244.9842,243.6410,250.9742,263.4734,241.5099,267.7897,259.8797,243.9532,244.6476,237.2095,254.5046,247.9911,288.9844,252.5796,252.0768,252.1200,237.0317,237.3893,248.6435,268.6174,239.8632,249.9996,244.1087,244.6687,244.9139,257.4334,242.6089,244.0035,240.2746,240.2764,259.8352,238.3535,239.9796,238.1076,258.9738,261.0955,282.6090,282.6091,278.3072,239.1826,247.4532,235.2145,241.6755,239.6960,241.5266,240.7535,252.3464,0.0000,244.1015,239.7110,270.2047,269.7601,240.8745,240.5445,299.5970,245.2255,243.0691,272.5262,266.0778,242.7469,266.2909,300.5369,252.8861,273.9162,299.9289,301.4528,312.9209,269.9495,238.0685,268.6804,268.4798,262.8588,277.7971,263.2085,245.0847,251.1929,251.5786,287.2367,298.1823,249.5528,261.3455,262.5678,262.6482,261.8159,258.5777,262.5289,262.4280,263.9399,262.6751,262.5457,257.1542,243.0071,236.7370,240.7552,0.0000,238.9845,244.1595,238.9842,240.3210,240.6261,241.3771,247.2483,241.7546,313.0271,239.4576,240.6740,242.3749,240.9947,235.7736,246.1449,247.2050,237.9461,235.7735,252.1200,266.7797,308.2529,309.3551,315.0012,252.2800,260.8641,252.0178,254.2461,261.9572,241.3844,250.5074
24.0000,262.6443,238.5813,238.9095,239.6886,235.7139,242.8257,240.9768,276.7283,244.5824,290.6347,258.2522,279.5055,242.8729,250.5205,237.8813,238.6655,243.6842,245.1507,242.1940,237.1238,241.3342,240.3588,240.8153,240.4157,244.2342,247.0103,247.5250,253.7897,311.1433,238.2947,239.5427,239.7210,312.6882,265.8309,263.6185,263.9983,243.9252,262.3318,243.8321,263.4138,278.7412,260.0370,259.2221,280.1227,315.5563,255.9404,261.0075,259.9712,235.4730,271.8926,270.2735,266.4152,271.9354,260.3667,271.8649,267.9962,247.6998,269.5109,250.1358,249.3205,257.9762,258.1633,267.3462,267.7064,264.3329,261.2948,261.4511,263.4075,259.4360,260.4265,274.1771,261.0653,253.9256,258.0176,254.9940,234.1211,241.0381,311.7014,305.9324,258.3286,239.6375,245.8160,244.0038,244.1615,244.8476,245.2333,245.5305,245.1545,244.7294,272.8056,243.2006,243.4010,242.9222,238.7177,236.8230,262.2824,263.6744,254.1037,0.0000,257.8945,262.2271,244.3958,240.7793,263.3519,242.3830,242.5529,250.0704,256.6639,257.2293,241.9678,244.1141,272.6168,307.3403,245.3502,241.4300,241.6282,250.9266,260.0852,241.6907,267.7345,259.8092,244.3577,245.0932,237.2065,254.4611,247.9566,288.8592,252.5644,252.0354,252.0787,236.9669,237.3975,235.1753,268.0310,239.9541,249.7737,244.5596,245.1032,245.3668,257.3962,239.4903,240.7359,240.2087,240.2103,259.7630,238.3535,239.9940,238.1158,258.9370,261.0587,282.2291,282.2291,277.9648,239.2417,247.6575,235.4894,241.4620,239.6027,241.7058,240.9013,252.3338,0.0000,243.9232,239.6734,270.1295,269.6969,241.0198,240.6389,299.4838,245.4227,243.2633,272.3024,266.0778,242.6369,266.2792,300.3274,252.4353,271.8865,297.7543,301.1666,312.9367,269.4474,239.0591,268.5969,268.4007,262.7970,277.8317,263.1864,241.5509,247.1030,247.0357,285.1143,296.0156,245.1723,261.2627,262.4827,262.5620,261.7249,258.4855,262.4440,262.3592,263.8663,262.5892,262.4544,257.1237,243.2007,236.8291,240.9031,0.0000,238.7359,244.6019,238.7356,240.3177,240.6666,241.5720,246.9428,241.5559,313.0071,239.5432,240.5608,242.3350,240.8652,235.5284,246.2815,246.8567,237.8813,235.5282,248.5344,266.7797,308.2057,309.3156,315.1383,252.2684,260.7960,252.0051,254.2325,261.9231,241.3979,250.4697
25.0000,262.1452,238.3343,238.6852,239.3630,234.9472,242.6902,240.9455,276.7283,244.1727,291.1210,257.6297,280.2233,242.5025,249.9151,237.8372,238.0924,243.4753,244.9142,241.9722,236.8088,241.1733,240.4651,240.7871,240.2188,244.0383,246.7573,247.2478,253.1822,311.6945,238.0435,239.2404,239.4594,312.9908,264.6763,262.7902,263.2872,243.5068,261.7033,243.3578,262.9000,277.9268,259.3495,258.6172,279.2811,315.6825,255.6572,260.6835,259.6052,235.4730,271.7386,270.1406,265.9519,271.7079,260.2306,271.4627,267.5091,247.4158,269.3215,249.8689,249.1923,257.8740,258.0399,267.2007,267.5664,264.3329,261.1546,261.3182,263.1819,259.3878,260.4421,273.9966,260.9693,253.7780,257.9151,254.8249,233.8768,240.8083,312.2883,306.4480,257.7706,239.2909,245.5554,243.5862,243.7543,244.4483,244.8414,245.1183,244.7353,244.3309,272.3718,242.8235,242.9232,242.5092,238.3727,236.5143,261.5736,263.0755,253.4582,0.0000,257.2737,261.5557,243.9382,240.5934,262.3707,242.1506,242.3277,249.9771,256.5801,257.1381,240.0399,243.7356,272.4421,307.8652,244.9812,241.4548,241.9674,250.5055,259.4433,241.3339,267.2356,259.6169,243.9015,244.6221,236.9504,254.2033,247.3431,289.3830,252.5565,251.7777,251.8210,236.7278,237.2889,234.9866,267.4812,239.6532,248.8957,244.1384,244.6715,244.9308,257.0819,239.5249,240.7076,239.9487,239.9501,259.5698,238.1305,239.8064,238.0063,258.8233,260.9220,281.6149,281.6150,277.4277,238.9518,247.2538,235.4425,241.4320,239.5600,241.3327,240.5528,252.3431,0.0000,243.6934,239.3452,269.9999,269.5691,240.6684,240.3071,299.9518,245.0389,242.8860,272.2702,266.0778,242.4083,266.2775,299.0104,251.8274,269.2117,288.1763,300.3874,313.2241,268.9240,238.2859,268.4333,268.2497,262.6773,277.3443,263.1004,241.5259,246.9546,246.7843,279.0068,286.9303,244.9392,260.9685,262.1670,262.2387,261.4647,258.2920,262.1295,262.1485,263.6391,262.2679,262.1529,256.9481,242.8235,236.5204,240.5546,0.0000,238.5362,244.1919,238.5359,240.0522,240.3995,241.1887,246.6732,241.3617,313.4805,239.2410,240.3735,242.0991,240.6356,235.3313,245.7596,246.7536,237.8372,235.3312,248.2306,266.7797,308.7366,309.8540,315.2902,252.2787,260.4874,252.0127,254.4568,261.7614,241.0672,250.2084
26.0000,263.1740,238.6862,239.0376,239.7649,235.2432,246.0285,244.2977,276.7283,244.3907,289.7239,257.9189,278.7137,242.7508,250.4944,237.8351,238.0393,243.5140,244.9583,242.2050,237.0256,242.6196,241.8423,242.1528,241.1101,248.2533,251.0663,251.5844,253.9645,309.6917,238.3987,239.5350,239.7590,310.9079,266.2273,264.2408,263.4789,243.7274,263.2175,243.5970,263.9248,278.8691,259.8849,258.9358,280.2160,313.5656,255.6499,261.5359,260.4767,235.4730,271.9503,270.3135,265.6164,271.8067,260.9415,271.3201,267.1187,247.4734,269.5803,249.8374,250.2073,258.6693,258.8441,267.5605,267.9195,264.3329,261.8397,261.9817,264.0489,260.1412,261.1562,274.2796,261.7378,254.6872,258.7103,254.9741,234.1988,240.9644,310.2675,304.6164,259.3189,239.4659,245.5693,243.8060,243.9653,244.6632,245.0526,245.3276,244.9483,244.5417,272.5557,243.0630,243.1565,242.7652,238.6464,236.8052,262.2221,263.7962,254.2469,0.0000,257.5355,261.7641,244.1651,241.4993,264.3950,242.4652,242.6626,250.7665,257.3625,257.9417,239.9718,243.9634,272.7568,305.9878,245.1808,244.7470,243.8024,249.9534,262.4207,241.5954,266.8428,260.4352,244.1216,244.8299,237.2839,254.2131,247.7609,287.9675,253.5458,251.7703,251.8135,236.9939,237.4256,248.2611,267.9232,239.9441,249.2827,244.3538,244.8853,245.1431,257.0482,242.2411,243.6651,240.3166,240.3181,260.3876,238.3570,240.0388,238.1435,259.5248,261.6180,281.4183,281.4184,277.3918,239.2610,247.4691,235.3514,241.4177,239.5376,241.5987,240.8237,253.3764,0.0000,243.8966,239.7367,270.1777,269.7679,240.9361,240.5927,298.3249,245.2676,243.1252,272.3314,266.0778,242.6359,266.2807,295.5537,252.5157,271.8491,295.6216,299.6100,311.1308,269.2834,238.2307,268.7314,268.5491,263.2538,276.0416,263.5263,244.8558,250.7847,251.0784,284.1959,294.0795,249.1585,261.8309,263.0190,263.1005,262.2882,259.1017,262.9812,262.9872,264.5029,263.1265,262.9681,257.7497,243.0630,236.8113,240.8255,0.0000,238.6072,244.4098,238.6069,240.3716,240.6846,241.4473,246.7255,241.4860,311.4120,239.5356,240.5952,242.4093,240.8322,235.4014,246.1223,247.7987,237.8351,235.4012,251.6479,266.7797,306.8307,307.9118,313.1770,253.3126,261.3710,253.0434,256.1083,262.4463,241.1850,250.1897
27.0000,263.1572,238.3415,238.6833,239.5853,235.1791,245.8866,244.1341,276.5034,244.0755,289.0051,257.3632,277.8676,242.4189,250.1277,237.8322,238.0174,243.7211,244.9668,242.0097,236.6853,242.4747,241.7365,242.0278,240.9518,248.1079,250.9683,251.4794,253.5914,309.0918,238.0580,239.2223,239.4373,310.2940,266.1630,264.1765,262.8590,243.4130,262.9782,243.2850,263.9164,279.0311,259.4666,258.3521,280.3933,312.9602,255.4945,261.0396,259.9294,235.4730,271.9828,270.3645,265.2994,271.9046,260.9811,271.0666,266.7646,247.4067,269.5649,249.6797,251.0637,258.5057,258.6673,267.5092,267.8576,264.3329,261.7373,261.9004,263.7357,260.0631,261.1671,274.2519,261.5782,255.1770,258.5484,254.8888,233.8525,240.7627,309.6806,303.9755,259.0351,239.2961,245.5581,243.4909,243.6526,244.3463,244.7324,245.0149,244.6318,244.2248,272.1671,242.7426,242.8493,242.4579,238.3443,236.4875,261.8752,263.4309,253.8606,0.0000,256.9941,261.1681,243.8413,241.3293,264.2931,242.2089,242.4149,250.5766,257.2218,257.7870,239.9866,243.6381,272.7268,305.3579,244.8716,244.6097,243.7509,249.2757,262.2349,241.3240,266.4916,260.1430,243.8002,244.4891,236.9118,254.0747,247.4038,287.2281,253.3968,251.6275,251.6707,236.6827,237.3300,248.1156,267.5438,239.6251,248.8665,244.0355,244.5662,244.8192,256.8914,242.1092,243.5281,240.1052,240.1067,260.0828,238.2592,239.8750,238.0479,259.4096,261.5131,280.9442,280.9443,276.9480,238.9416,247.0947,235.3022,241.3570,239.4995,241.3102,240.5581,253.2306,0.0000,243.6001,239.5564,270.2212,269.7760,240.6676,240.3219,297.6279,244.9146,242.8038,272.5462,266.0778,242.4287,266.2919,293.8001,252.1457,271.9632,296.6756,298.9038,310.5148,268.9004,238.2142,268.6992,268.5198,263.1408,275.1122,263.4657,244.7013,250.6592,250.9812,284.6339,295.0242,248.9854,261.6477,262.5259,262.5996,261.8987,258.7933,262.4900,262.6730,264.1893,262.6276,262.4396,257.4766,242.7426,236.4936,240.5599,0.0000,239.2220,244.0945,239.2218,240.1557,240.4685,241.1379,246.6746,241.5827,310.7913,239.2229,240.3915,242.1468,240.6090,236.3648,245.7903,248.6094,237.8322,236.3648,251.4608,266.7797,306.2076,307.2974,312.5700,253.1687,261.1365,252.8964,255.9356,262.3428,240.7956,250.0366
28.0000,263.0564,238.0822,238.4131,239.4097,235.1266,245.8013,244.0279,276.7283,243.7912,288.2211,257.0413,277.1160,242.1783,249.8700,237.7544,238.0034,243.2093,244.4958,241.7487,236.4117,242.3918,241.8010,242.0334,240.8318,248.0211,250.8747,251.3862,253.3366,307.6781,237.8043,238.9720,239.1874,308.8357,266.0347,264.0639,262.4663,243.1331,262.8160,243.0209,263.8186,278.9957,259.2385,258.0457,280.3635,311.4550,255.5715,261.4184,260.3414,235.4730,272.0887,270.4733,265.2965,272.0443,261.4327,271.1157,266.7431,246.9351,269.7678,249.7360,252.7578,258.7520,258.9361,267.7046,268.0516,264.3329,261.9660,262.1492,264.1452,260.2621,261.3154,274.3900,261.8222,256.4273,258.7947,255.0047,233.5977,240.3938,308.2420,302.7268,258.8657,239.0606,245.0076,243.2104,243.3755,244.0574,244.4386,244.7191,244.3441,243.9386,272.1151,242.4472,242.5913,242.2047,238.0950,236.2363,261.6866,263.2797,253.6025,0.0000,256.6633,260.7983,243.5609,241.2000,264.1460,241.9637,242.1917,250.5838,257.4354,258.0155,239.9986,243.3309,272.8841,304.0650,244.5309,244.5113,243.8925,249.0276,262.0610,241.0816,266.4794,260.4463,243.5280,244.2104,236.6756,254.1539,247.1268,286.4495,253.5199,251.6972,251.7404,236.3925,237.2558,248.0288,267.4342,239.3705,248.5241,243.7518,244.2827,244.5385,256.9683,242.0264,243.4444,239.9327,239.9342,260.3812,238.0874,239.7462,237.9738,259.6350,261.7403,280.8716,280.8717,276.8885,238.6904,246.6984,235.3116,241.2149,239.3945,241.0696,240.3213,253.3548,0.0000,243.3857,239.3795,270.3305,269.8962,240.4294,240.0986,296.5820,244.5668,242.5074,272.5429,266.0778,242.1782,266.2918,294.0418,251.8882,271.9091,296.9351,298.8855,309.0552,268.8064,238.2041,268.8923,268.6989,263.3812,275.2123,263.6218,244.6049,250.5636,250.8874,284.7449,295.2608,248.8995,262.0830,262.8984,262.9585,262.2244,259.0828,262.8619,263.0418,264.5994,262.9906,262.9362,257.7607,242.4472,236.2424,240.3231,0.0000,238.7986,243.8101,238.7983,239.9792,240.2934,240.8786,246.1933,241.2797,309.3382,238.9726,240.1530,241.8934,240.3141,235.9464,245.5285,250.2950,237.7544,235.9464,251.3491,266.7797,304.8872,305.9420,311.0720,253.2948,261.5750,253.0197,255.9979,262.5731,240.5438,250.0976
29.0000,262.9174,238.5302,238.8728,239.4204,235.0585,245.9672,244.2098,276.7283,243.8466,287.8930,257.0520,276.7910,242.2105,249.9274,237.9091,237.9991,243.9339,245.2696,241.8080,236.5392,242.5176,241.9378,242.1666,240.9440,248.1905,251.0679,251.5737,253.4009,307.1672,238.2541,239.1497,239.3880,308.3391,265.8792,263.9609,262.4468,243.1974,262.8689,243.1100,263.6696,278.6429,259.3775,258.0359,279.9923,310.9291,256.0476,261.9735,260.8517,235.4730,272.2406,270.6506,265.7739,272.1078,261.9834,271.4259,267.2280,247.7125,270.0188,250.1822,254.6129,259.1185,259.2984,267.9552,268.3009,264.3329,262.3275,262.5220,264.5516,260.7586,261.8960,274.4813,262.3436,257.6670,259.1615,255.4026,234.2632,241.1194,307.7236,302.2515,258.9553,238.1375,245.9330,243.2749,243.4393,244.1114,244.4938,244.7729,244.4019,243.9983,272.2220,242.5808,242.6851,242.3201,238.3051,236.6072,261.8718,263.4128,253.6705,0.0000,256.6799,260.7889,243.6611,241.3580,264.0539,242.0055,242.2654,250.8333,257.7795,258.3734,240.0143,243.4590,273.0510,303.5801,244.6499,244.7133,244.0279,249.2726,262.0892,241.0529,266.9801,260.8895,243.6116,244.2813,237.2252,254.6018,247.2077,286.1208,253.8415,252.1372,252.1805,237.0820,237.2991,248.1983,267.5691,239.5470,248.6412,243.8255,244.3477,244.6025,257.4796,242.2126,243.6174,240.0290,240.0305,260.8281,238.0874,239.8198,238.0177,259.9813,262.1015,281.3155,281.3156,277.1788,238.9339,246.7591,235.3653,241.4636,239.5994,241.1800,240.2824,253.6809,0.0000,243.4249,239.3880,270.5043,270.0567,240.3965,240.0625,296.2023,244.6633,242.6402,272.7249,266.0778,242.2291,266.3013,296.1726,251.9489,271.6658,296.5593,299.4809,308.5604,268.9369,238.2028,269.1345,268.9290,263.6870,276.0425,263.8656,244.7873,250.7530,251.0811,284.2910,294.8692,249.1005,262.4837,263.4821,263.5502,262.7448,259.5267,263.4440,263.4596,265.0065,263.5801,263.4998,258.1781,242.5808,236.6133,240.2841,0.0000,239.3147,243.8655,239.3144,240.0743,240.3889,241.0316,246.9697,241.4928,308.8243,239.1503,240.2071,241.9273,240.3395,236.4563,245.6061,252.1402,237.9091,236.4563,251.4946,266.7797,304.3964,305.4436,310.5511,253.6222,261.9846,253.3473,256.3209,262.9358,240.6987,250.5422
30.0000,263.0396,237.7976,238.1090,239.2201,235.1053,245.7317,243.9537,276.7283,243.5120,287.8174,256.9162,276.6439,241.8800,250.2767,237.7469,237.9868,243.0388,244.3521,241.4218,235.9542,242.2080,241.3832,241.7084,240.6698,247.9870,250.9464,251.4767,253.6075,307.3396,237.5290,238.7060,238.9047,308.7128,266.0371,264.0724,262.2962,242.8654,262.9467,242.8160,263.7945,278.8209,259.3702,257.9281,280.1751,311.6493,255.9761,261.7804,260.6541,235.4730,272.2390,270.5483,265.8139,272.3341,262.3469,271.6145,267.2648,246.7913,269.9911,250.1505,256.9722,259.0083,259.1813,267.9033,268.2464,264.3329,262.3348,262.5755,264.3828,260.6546,261.8025,274.6622,262.3306,259.2534,259.0473,255.3967,233.3537,240.2091,307.8821,302.3625,259.0212,238.8246,244.8881,242.9409,243.0846,243.7698,244.1432,244.4169,244.0569,243.6450,272.3152,242.1720,242.3791,241.9870,237.8640,236.0013,261.9052,263.4866,253.8875,0.0000,256.5199,260.6375,243.3350,241.0452,264.1381,241.6402,241.9090,250.6510,257.7007,258.2730,240.0036,243.0388,273.1614,303.7075,244.2121,244.3814,243.3785,249.3483,262.0299,240.8394,267.0217,260.7475,243.2910,243.9897,236.4235,254.5610,247.2614,286.0331,253.7565,252.1081,252.1514,236.1701,237.1791,247.9947,267.6617,239.0992,248.6756,243.4786,244.0068,244.2590,257.3644,241.9896,243.3878,239.7568,239.7584,260.6865,237.8939,239.6123,237.8972,259.9481,262.1033,282.0687,282.0687,277.6197,238.4222,246.3079,235.4886,241.1639,239.3948,240.8529,240.0841,253.6049,0.0000,243.1547,239.1891,270.4119,270.0321,240.1909,239.8665,296.1869,244.2309,242.2306,272.5095,266.0778,241.8654,266.2900,298.4031,252.2174,271.8289,296.5442,300.2975,308.9402,269.0322,238.1907,269.0978,268.8878,263.6094,277.0569,263.8960,244.5167,250.5546,250.9559,284.4891,294.8864,248.8983,262.3053,263.2818,263.3506,262.5739,259.3971,263.2443,263.3015,264.8378,263.3802,263.2899,258.0523,242.1720,236.0074,240.0859,0.0000,238.5939,243.5305,238.5937,239.8032,240.1240,240.6441,246.0352,241.0140,309.0840,238.7067,239.8147,241.5547,239.9218,235.7442,245.5453,254.4985,237.7469,235.7442,251.3723,266.7797,304.5340,305.5942,311.2169,253.5491,261.7972,253.2747,256.2268,262.9402,240.3131,250.5097
31.0000,262.7713,237.4922,237.7907,239.0118,234.9945,245.3772,243.6796,276.7283,243.1980,287.7158,256.5411,276.5881,241.7178,249.3362,237.7495,237.9878,242.9882,244.2703,241.4066,235.7188,241.7831,240.4584,240.9093,240.3893,247.6388,250.7555,251.2944,252.8543,307.1994,237.2296,238.4346,238.6315,308.6604,265.7837,263.7788,261.9793,242.5505,262.5260,242.4986,263.5301,278.6363,258.9930,257.5326,279.9977,311.5996,256.3786,262.4066,261.1785,235.4730,272.6395,270.9141,266.2161,272.5464,263.4067,272.0611,267.6605,246.7315,270.4965,250.5262,260.0575,259.8149,259.9667,268.4379,268.7740,264.3329,263.0957,263.3491,265.0893,261.6824,263.0138,275.1431,263.4500,261.4182,259.8552,255.7729,233.0556,239.9904,307.7412,302.1879,258.5475,238.5785,244.8116,242.6258,242.7768,243.4613,243.8387,244.0830,243.7328,243.3394,272.1196,241.8924,242.0852,241.7165,237.6196,235.7380,261.5121,263.1038,253.1306,0.0000,256.1661,260.3063,243.0252,240.7801,263.9048,241.6349,241.9192,251.1712,258.4732,259.0762,240.0291,242.7486,273.6873,303.5418,243.9032,244.1107,242.6568,248.6594,261.8349,240.5844,267.4057,261.5069,242.9825,243.6687,236.1180,254.9484,246.5767,285.9385,254.5103,252.4865,252.5298,235.8841,237.1445,247.6465,267.3704,238.8279,247.8877,243.1658,243.6847,243.9357,257.7819,241.6238,243.0294,239.5787,239.5802,261.4384,237.7692,239.5488,237.8620,260.7022,262.8671,281.9129,281.9130,277.4487,238.1441,246.0292,235.0832,241.4347,239.4671,240.6028,239.8369,254.3798,0.0000,243.0607,238.9820,270.7751,270.4034,239.9483,239.6432,296.0378,243.9467,241.9509,272.6639,266.0778,241.8358,266.2981,299.0336,251.3773,271.6315,296.4840,300.2354,308.8987,268.7698,238.1954,269.6008,269.3791,264.2746,277.3559,264.4108,244.2342,250.3163,250.7639,284.4082,294.8325,248.5473,263.0921,263.9395,264.0005,263.2636,260.1861,263.9026,264.0207,265.5455,264.0325,263.9798,258.7911,241.8924,235.7441,239.8386,0.0000,238.5536,243.2162,238.5533,239.6355,239.9682,240.3808,245.9762,240.9880,308.9601,238.4353,239.7963,241.5428,239.9236,235.7043,245.0019,257.5956,237.7495,235.7043,250.9861,266.7797,304.3742,305.4417,311.1685,254.3280,262.5975,254.0584,257.0655,263.7028,240.0024,250.8865
32.0000,262.3775,237.7459,238.0464,239.1673,235.1037,245.6163,243.8756,276.7283,243.2957,287.3910,256.5208,276.3902,241.8932,248.9907,237.8233,237.9753,243.3212,244.5741,242.1361,235.9056,242.1698,241.4435,241.7193,240.6409,247.8411,250.8095,251.3378,252.5986,306.4637,237.4855,238.6241,238.8153,307.9140,265.2746,263.3997,261.9184,242.6476,262.3368,242.6091,263.1328,278.1702,258.9803,257.4905,279.5255,310.8585,257.6223,264.9983,263.7891,235.4730,273.6977,271.7735,267.7010,273.0836,265.9617,273.5137,269.1915,247.0132,271.8636,251.7741,265.6404,262.1840,262.3532,269.9474,270.2930,264.3329,265.2651,265.4933,267.6091,264.0532,265.3642,276.5064,266.1227,265.5984,262.2258,256.8764,233.3805,240.2922,306.9865,301.5572,258.4246,238.6461,245.1356,242.7224,242.8861,243.5492,243.9172,244.1796,243.8375,243.4315,272.0321,242.0851,242.2178,241.8903,237.8741,236.0162,261.4970,263.0325,252.8814,0.0000,256.1573,260.2626,243.1425,241.0090,263.5140,242.3897,242.6879,253.0129,260.7320,261.4336,240.0039,242.9339,275.1481,302.8830,244.0892,244.3447,243.5253,248.8179,261.6775,240.7403,268.9515,264.0126,243.1113,243.7982,236.3982,256.1535,246.4200,285.6340,256.7968,253.6982,253.7417,236.1938,237.3466,247.8489,267.2978,239.0125,247.6608,243.2650,243.7996,244.0601,259.0360,241.8582,243.2668,239.8545,239.8561,263.9470,237.8403,239.8897,238.0649,262.8709,265.0507,281.7526,281.7527,277.3195,238.3496,246.1645,234.8692,241.7156,239.6080,240.8009,239.9997,256.7135,0.0000,243.9113,239.1353,271.6432,271.3685,240.1097,239.8121,295.5253,244.1117,242.1428,273.0687,266.0778,242.5840,266.3192,298.9499,251.0776,270.9211,294.8808,300.0054,308.1504,268.6946,238.1812,270.9929,270.7339,266.2283,277.3573,265.8441,244.4488,250.4529,250.8209,283.2700,293.3082,248.7789,265.5667,266.5300,266.5896,265.8179,262.7741,266.4918,266.5469,268.0697,266.6225,266.5424,261.3216,242.0852,236.0223,240.0014,0.0000,239.0019,243.3141,239.0017,239.9132,240.2448,240.5854,246.2532,241.6326,308.2123,238.6248,240.5054,242.2928,240.6530,236.1474,244.9470,263.0605,237.8233,236.1473,251.0904,266.7797,303.6979,304.7431,310.4263,256.6686,265.0696,256.4362,259.4602,265.8849,240.1815,252.1244
33.0000,276.5695,240.0523,240.3489,241.3706,237.0134,250.3570,248.2035,268.7050,245.4591,270.5481,258.8642,267.6280,243.8851,251.2164,238.2726,238.9278,243.0192,243.6775,245.5949,238.1868,245.0837,243.9518,244.3395,243.0433,253.2659,256.4653,257.1276,254.5536,270.4972,239.7933,240.8761,241.0500,271.7613,275.9054,273.4464,263.5230,244.8011,262.5157,244.7620,277.3564,293.0186,259.3423,259.7143,294.4301,274.3271,252.8046,260.7157,259.5520,236.1923,270.4372,269.2900,262.8283,269.7882,259.4323,268.6511,264.3061,242.4847,268.5279,247.0903,262.0843,257.4410,257.6482,266.4021,266.6966,262.3472,258.1095,258.5903,263.0909,259.4481,260.7503,271.7208,261.6507,260.5877,257.4815,251.9511,235.7387,240.9780,270.9423,267.8865,259.5516,240.8571,244.2385,244.8760,245.0333,245.7228,246.0994,246.3294,245.9930,245.5976,268.6970,244.2181,244.3634,243.8046,239.9265,238.1621,261.2317,262.5268,254.8594,0.0000,258.3157,262.6224,245.2820,243.4352,273.2418,246.0547,246.1395,251.8639,256.5384,256.7922,241.5476,245.0770,270.3650,267.7137,246.3532,248.3312,246.6032,251.7810,269.6751,242.9605,264.0706,259.6232,245.2553,245.9478,238.7229,251.3235,248.6359,270.0869,254.4598,248.9286,248.9713,237.9783,237.3486,253.2778,265.5221,241.2663,249.9716,245.4262,245.9509,246.2150,254.1848,246.5135,247.9567,241.4759,241.4779,259.5668,240.0311,240.4924,238.5887,256.5933,257.8147,277.7587,277.7587,273.6406,240.6152,248.5869,235.8436,242.0537,240.0229,242.6458,242.2230,254.4740,0.0000,247.4433,241.3380,269.1420,268.6628,242.3243,241.9277,269.4780,246.4403,244.2767,271.7876,266.0778,246.0485,266.2522,298.3743,253.1567,281.7828,303.6607,295.5971,271.9717,266.4785,239.2193,267.6059,267.4294,262.0751,277.0598,260.5699,248.7641,255.4922,256.4575,294.6235,302.4467,254.1988,260.8900,262.2183,262.2859,261.4792,258.7478,262.1779,262.0841,263.5437,262.3157,262.1710,257.3585,244.2181,238.1683,242.2248,0.0000,239.8362,245.4774,239.8361,241.4164,241.4340,242.5732,243.3015,244.2753,272.0196,240.8768,243.9716,245.9543,244.0898,236.9717,247.1259,259.5279,238.2726,236.9717,255.2075,266.7797,268.4462,269.0137,273.9512,254.4453,260.3878,254.3045,257.1295,258.7083,242.4941,247.4246
34.0000,276.8877,240.9689,241.2656,242.1558,237.6189,250.9926,248.9418,269.4033,246.4409,271.2711,259.7438,268.3872,244.6919,252.3277,238.8183,239.3377,244.3370,244.8192,248.0622,239.1754,245.6852,244.3120,244.7562,243.7204,253.8986,257.1466,257.7957,255.2570,271.2467,240.7121,241.8044,241.9829,272.4497,276.2404,273.8233,264.3561,245.7798,263.1207,245.7482,277.6612,293.0473,260.0918,260.5945,294.4338,274.9252,255.1584,266.1612,265.0516,236.6291,272.5173,271.0357,265.4613,272.1997,263.8035,271.5066,266.9722,243.5466,271.3036,249.4363,269.2672,262.3471,262.6087,269.4801,269.7770,264.3329,262.1402,262.6033,268.4193,264.3591,265.5951,274.5453,266.8786,266.3458,262.3874,254.1168,236.7308,242.0557,271.6893,268.6964,260.2061,241.7932,245.4017,245.8547,246.0101,246.7115,247.0938,247.3161,246.9794,246.5840,269.3899,245.3057,245.3490,244.7998,241.0395,239.2308,261.9673,263.2402,254.9774,0.0000,259.1899,263.4623,246.2478,244.1217,273.6556,248.6091,248.6755,256.1024,261.2549,261.6748,241.8758,246.1566,273.2882,268.5136,247.4483,249.1662,247.0752,253.4120,270.2538,243.9080,266.7163,265.0313,246.2467,246.9536,239.6433,253.6099,249.6750,270.8145,259.4737,251.2174,251.2606,239.0067,237.3486,253.9119,266.2246,242.1940,250.9489,246.4035,246.9401,247.2064,256.5453,247.1363,248.5853,242.3315,242.3336,264.9886,240.7321,241.2892,239.1739,260.7993,261.8646,278.1187,278.1188,274.1667,241.5412,249.8145,236.1937,242.6962,240.5994,243.6337,243.1645,259.5992,0.0000,249.8533,242.1255,270.9032,270.6219,243.2624,242.8306,270.2318,247.6153,245.3652,272.6059,266.0778,248.5172,266.2950,298.7271,254.0429,281.8961,302.9683,295.7616,272.6576,267.1779,239.6170,270.4319,270.1881,266.0968,277.1901,263.9217,249.5031,256.2108,257.1384,294.2056,301.8021,254.8176,266.0320,267.6693,267.7371,266.8790,264.7049,267.6258,267.4602,268.8817,267.7679,267.5886,263.1029,245.3057,239.2370,243.1662,0.0000,241.4729,246.4593,241.4729,242.2863,242.3008,243.6223,244.3827,246.4793,272.7111,241.8051,246.4066,248.5078,246.5572,238.5889,248.1576,266.5862,238.8183,238.5889,255.8469,266.7797,269.2338,269.7891,274.5633,259.5868,265.4676,259.5387,262.3579,262.7341,243.5348,249.7585
35.0000,272.0071,240.3568,240.6464,241.4328,237.0348,246.2923,244.4232,267.8405,246.0107,270.0830,258.7534,267.3286,244.1121,250.9521,238.6164,239.2718,243.6432,244.2293,248.7960,238.4229,243.4135,241.7258,242.3109,242.3059,248.3217,251.3427,251.9461,253.3935,270.2646,240.0992,241.2690,241.4218,271.4050,271.4128,269.0399,263.3294,245.3500,258.8775,245.3172,272.7551,287.6293,258.0130,259.5603,288.9697,273.7299,256.3961,269.6014,268.5247,236.4628,273.7956,272.1241,267.0098,272.7756,266.1325,273.2052,268.5692,242.9838,273.2108,250.6387,273.6917,265.2178,265.5365,271.4644,271.8073,264.3329,264.2865,264.6941,271.6231,267.2987,268.5167,276.0160,269.7550,269.6320,265.2583,255.0843,236.2130,241.5080,270.7183,267.6870,256.6788,241.3128,244.8079,245.4252,245.5944,246.2842,246.6701,246.8995,246.5583,246.1647,267.4862,244.9343,244.9485,244.3581,240.7006,238.8271,259.5280,260.7107,253.1257,0.0000,258.2416,262.4571,245.8456,242.6875,268.7038,249.5671,249.6174,258.2473,263.9317,264.5133,242.0103,245.7740,274.8647,267.5131,247.0657,244.6436,243.8250,252.8137,265.0242,243.4297,268.2673,268.2835,245.8430,246.5719,239.0548,254.7716,248.7137,269.6469,262.1625,252.3780,252.4214,238.4844,237.3486,239.1168,263.9787,241.6600,249.9370,245.9854,246.5235,246.7839,257.8479,242.4961,243.9243,241.9399,241.9422,268.2410,240.1919,241.3075,239.1186,263.0849,264.0219,275.3333,275.3334,271.7988,240.9870,249.5244,235.9948,242.7495,240.5187,243.2127,242.6813,262.3438,0.0000,250.5740,241.4171,271.9968,271.8228,242.7755,242.3039,269.1277,247.3062,244.9942,273.0954,266.0778,249.2177,266.3206,301.2025,252.4021,276.6784,298.6118,292.6313,271.6201,265.0294,239.5807,272.3123,271.9793,268.5336,278.0143,265.3402,244.9733,250.9881,251.3521,288.2177,297.2510,249.2052,269.1420,271.1173,271.1887,270.2464,268.2163,271.0705,270.7211,272.0906,271.2191,270.9824,266.8097,244.9343,238.8333,242.6829,0.0000,240.6835,246.0295,240.6835,241.9850,242.0398,243.2246,243.8149,246.7074,271.7049,241.2697,247.0598,249.4669,247.3043,237.4499,247.3831,270.7073,238.6164,237.4498,250.8955,266.7797,268.2368,268.8023,273.3933,262.3411,268.5482,262.3363,265.0901,264.8950,242.9038,250.9474
36.0000,273.3660,241.1707,241.5070,241.8309,237.2628,246.7972,244.7949,267.4746,245.8614,269.4936,258.1966,266.8737,244.8512,251.0832,239.0076,239.5260,244.2030,244.8498,248.5563,239.3034,243.9563,242.4601,243.0643,242.7494,248.8107,251.8278,252.4342,253.5035,269.0217,240.8937,241.9176,242.1884,270.2083,272.6063,270.1806,262.8583,245.2668,259.3303,245.4233,274.1687,290.1587,257.7631,258.8334,291.5998,272.5237,257.6369,269.1342,268.1352,236.6330,273.9021,272.2367,269.6223,272.7436,265.8605,275.3421,271.3612,243.6640,273.5104,251.8910,274.7526,264.3688,264.7284,271.5257,271.9465,264.3329,263.7404,264.2362,270.9688,266.3909,267.5225,275.9048,268.9972,270.1009,264.4104,255.4894,236.9729,242.2759,269.3939,266.8220,256.9129,241.0976,245.4205,245.3444,245.5161,246.1455,246.5586,246.8576,246.4993,246.0738,267.1209,245.2283,245.0871,244.5912,241.0415,239.3188,259.4367,260.5014,253.2373,0.0000,257.7894,261.9279,245.9598,243.1631,269.9344,249.2435,249.3094,257.0417,263.0471,263.6246,241.9578,246.0812,274.7713,266.6191,247.2919,245.0213,244.0974,253.5641,266.3793,244.0244,270.9430,267.6050,245.9336,246.5517,239.8523,255.8637,248.8576,269.0789,260.5620,253.5169,253.5604,239.2708,237.3486,239.6010,263.6792,242.3304,250.1783,245.9665,246.5215,246.7843,259.2791,243.0992,244.4694,242.1342,242.1368,267.5613,240.5053,241.3611,239.2133,262.4434,263.4500,274.9369,274.9370,271.4385,241.6708,250.1914,235.7945,244.3109,241.4196,243.5179,243.1374,260.7561,0.0000,250.4364,241.8147,272.0943,271.9165,243.2439,242.8229,268.3653,247.7438,245.2933,273.3245,266.0778,249.0020,266.3325,306.4193,252.5228,277.8921,299.4735,293.0035,270.4227,264.7061,239.7896,272.4819,272.1135,268.1258,279.7803,265.1632,245.3454,251.4169,251.8355,289.3864,298.1750,249.6805,268.4529,270.6112,270.6911,269.6666,267.5613,270.5628,270.1097,271.4347,270.7188,270.4506,266.3563,245.2283,239.3250,243.1396,0.0000,241.0171,245.8827,241.0171,242.1612,242.2288,243.5221,244.4881,246.6971,270.4863,241.9182,246.7880,249.1475,247.0748,237.7791,247.4981,271.5227,239.0076,237.7789,251.3073,266.7797,267.2562,267.7338,272.1884,260.7561,267.8380,260.7561,263.5190,264.3453,243.6960,252.1447
37.0000,273.6069,241.4288,241.7793,241.8520,237.0150,243.8610,241.7396,270.0558,246.4762,272.2068,259.6653,269.4306,245.5544,251.5044,239.1164,239.6018,244.6163,245.1608,248.8559,239.7909,242.7627,240.8537,241.6749,242.1536,245.2240,248.1416,248.7570,253.7058,271.4319,241.1387,242.2945,242.5444,272.7847,273.0087,270.1315,264.7673,245.8525,257.9484,246.0074,274.4770,291.8486,259.0173,260.2722,293.4145,275.2177,257.6299,269.2185,268.2229,236.5674,273.8388,272.1883,269.8058,272.5848,265.9526,275.4536,271.5675,243.9635,273.6007,251.8403,275.0075,264.5402,264.9201,271.6224,272.0661,264.3329,263.8368,264.3256,271.0785,266.5841,267.7272,275.7813,269.3929,270.2337,264.5812,255.1896,237.1463,242.6555,271.8378,269.0722,256.0726,241.6133,245.7159,245.9350,246.1028,246.7809,247.2245,247.5562,247.1551,246.7040,269.2128,245.8455,245.6576,245.1229,241.4590,239.6489,260.5027,261.3520,253.3648,0.0000,259.2622,263.7483,246.6431,242.5487,269.7962,249.5376,249.5839,257.2253,263.1926,263.7893,242.0149,246.7168,274.6931,268.8408,247.9500,241.9644,241.8129,254.2154,265.1663,244.4706,271.1352,267.7360,246.5636,247.2498,240.0818,255.7816,249.4234,271.7671,260.6997,253.4338,253.4773,239.5451,237.3486,236.1342,265.0818,242.7260,251.0256,246.6046,247.1737,247.4208,259.3751,240.3466,241.6191,242.2486,242.2510,267.6741,240.5395,241.4947,239.2585,262.5672,263.5535,278.4478,278.4479,274.3493,242.0158,251.4380,235.2398,245.3115,241.8840,243.9716,243.5469,260.8886,0.0000,250.6675,241.8492,272.0510,271.9053,243.6677,243.2373,270.8160,248.6710,245.9163,272.9774,266.0778,249.2993,266.3144,305.4775,252.8314,279.2862,304.9202,299.7583,273.0041,266.3019,239.8626,272.5694,272.1849,268.2559,279.3953,265.2496,242.2940,247.9711,248.1566,292.8876,303.3762,245.9949,268.9193,270.6828,270.7549,269.7361,267.6741,270.6353,270.2223,271.5375,270.7840,270.5806,266.5149,245.8455,239.6551,243.5491,0.0000,241.3968,246.4989,241.3967,242.3419,242.4562,244.0278,244.8174,247.0406,273.0006,242.2950,247.0899,249.4480,247.3613,238.1537,248.0234,271.6927,239.1164,238.1535,248.5525,266.7797,269.5288,270.0415,274.8645,260.8886,268.2810,260.8886,263.5764,264.4229,244.2004,252.0810
38.0000,262.1452,241.5878,241.9360,242.2225,237.3300,245.7713,244.2086,272.7222,246.8760,274.9543,261.1699,271.9631,245.8978,252.1378,239.2372,239.7274,244.7950,245.2977,249.0644,240.1192,243.3586,241.2620,242.0581,242.5139,247.5652,250.6392,251.1954,254.4374,274.1856,241.2961,242.6036,242.8566,275.8054,264.5193,262.2531,266.6938,246.2452,257.6505,246.3800,262.9913,279.8915,260.6316,261.7807,281.4149,278.5633,257.8445,269.4473,268.4665,236.6649,273.8785,272.2496,270.0387,272.5913,266.0575,275.6349,271.8157,244.0692,273.6800,252.0296,275.0679,264.6702,265.0540,271.7034,272.1439,264.3329,263.9630,264.4444,271.0881,266.6954,267.8139,275.7928,269.4771,270.3015,264.7110,255.3287,237.1463,242.7518,274.6539,271.5047,256.7774,242.6667,245.8695,246.3282,246.4895,247.1747,247.6134,247.9649,247.5589,247.0911,271.5424,246.1306,246.0146,245.4813,241.7070,239.8092,262.1241,262.9223,254.0342,0.0000,260.7592,265.6172,247.0349,242.9531,263.3849,249.7701,249.7965,257.3983,263.3310,263.9239,242.0495,246.9862,274.7257,271.2602,248.1861,244.5331,242.6897,254.7782,262.8505,244.8794,271.3766,267.8846,246.9479,247.6728,240.1786,255.9706,249.9511,274.4807,260.8559,253.6171,253.6606,239.5741,237.3486,242.2434,267.0505,243.0384,251.5978,246.9877,247.5739,247.8251,259.6209,242.2572,243.5237,241.6799,240.2227,267.8256,240.9087,241.4754,239.2850,262.7075,263.6819,281.4443,281.4444,277.0606,242.2882,251.6758,235.2786,245.5980,242.0764,244.2600,243.9601,261.0453,0.0000,250.8978,242.2203,272.1099,271.9558,244.0761,243.6644,273.3850,248.9342,246.2026,273.1338,266.0778,249.5039,266.3226,304.1321,253.5230,270.8495,296.9599,303.8657,276.0282,268.3873,239.9747,272.6454,272.2589,268.3591,278.8184,265.3389,244.7093,250.4338,250.6531,284.5750,295.3785,248.3534,269.1475,270.9099,271.0008,269.9186,267.8256,270.8618,270.2874,271.5439,271.0241,270.7019,266.6745,246.1306,239.8154,243.9624,0.0000,241.5885,246.8988,241.5884,242.0802,242.3171,244.3343,244.9534,247.2614,275.9069,242.6041,247.2973,249.6895,247.5774,238.3428,248.4914,271.7582,239.2372,238.3426,250.3984,266.7797,272.0351,272.6191,278.1587,261.0453,268.4851,261.0453,263.7409,264.5493,244.5673,252.2684
39.0000,262.1452,241.6201,241.9640,242.3709,237.3671,246.0117,244.3775,273.8371,247.0755,276.0467,261.8353,273.0553,246.0988,252.5563,239.4017,239.7773,245.4282,245.6743,249.5562,240.2619,243.7093,242.0483,242.7494,242.7373,247.7792,250.7606,251.2983,254.9273,275.2125,241.3284,242.6907,242.9067,276.9106,264.5225,262.3159,267.4945,246.4495,257.9332,246.6064,262.9886,279.8336,261.2114,262.4641,281.3520,279.7041,258.2121,269.4918,268.4879,236.7628,273.9647,272.3301,270.3893,272.7417,266.2451,275.9099,272.1665,244.3070,273.7495,252.3887,275.4092,264.8358,265.2040,271.7940,272.2261,264.3329,264.1489,264.6242,271.2022,266.8841,268.0347,275.9593,269.6642,270.5104,264.8766,255.7023,237.1463,242.9394,275.6947,272.4548,257.1533,242.6667,246.2262,246.5326,246.6854,247.3732,247.8123,248.1767,247.7660,247.2887,272.3565,246.4439,246.2377,245.7050,241.8954,239.9305,262.6409,263.4655,254.6172,0.0000,261.4101,266.3944,247.2550,243.1446,263.3990,250.1470,250.1322,257.6380,263.5117,264.0973,242.0410,247.3009,274.8801,272.2029,248.5535,244.7730,243.2286,254.7212,262.8898,245.0360,271.7253,268.0046,247.1660,247.9057,240.1871,256.3359,250.3057,275.5734,261.0527,253.9783,254.0219,239.6271,237.3486,242.2434,267.6733,243.1249,252.0408,247.1901,247.7842,248.0312,259.9895,242.5187,243.7718,241.8517,240.3936,267.9480,241.0317,241.5973,239.3855,262.8980,263.8694,282.2730,282.2731,277.8884,242.3621,252.1677,235.2216,245.8756,242.2703,244.4542,244.1056,261.2398,0.0000,251.3934,242.3672,272.1899,272.0383,244.2251,243.7915,274.3811,249.3615,246.5224,273.2571,266.0778,250.0090,266.3290,302.2375,253.9815,270.8122,296.7404,304.6839,277.1401,269.0532,240.0159,272.7224,272.3433,268.4846,277.9708,265.4600,244.8936,250.5883,250.7755,284.4513,295.1829,248.5974,269.1705,270.9602,271.0524,270.0063,267.9480,270.9127,270.4051,271.6582,271.0754,270.6968,266.7970,246.4439,239.9367,244.1079,0.0000,242.7051,247.0986,242.7051,242.2468,242.4752,244.5625,245.2529,247.9831,276.9818,242.6912,247.7911,250.0752,248.0748,239.8064,248.7880,272.0075,239.4017,239.8064,250.6615,266.7797,273.0001,273.6005,279.2949,261.2398,268.4877,261.2398,263.9024,264.7300,244.6504,252.6286
40.0000,262.1452,241.6370,241.9774,242.4049,237.3954,246.0964,244.4213,273.7932,247.1311,276.1507,261.8626,273.1870,246.0824,252.6115,239.4570,239.8364,245.5269,245.7422,249.8277,240.3282,243.8089,242.2374,242.9087,242.8058,247.8619,250.9333,251.4800,254.9848,275.5124,241.3473,242.7187,242.9360,277.6112,264.4934,262.3256,267.5402,246.5067,257.9776,246.6656,262.9784,279.6141,261.1865,262.4736,281.1136,281.0761,258.4439,269.3734,268.3462,236.8189,274.0212,272.3467,270.4691,272.8683,266.4009,275.9448,272.2207,244.3549,273.7444,252.5990,275.6955,264.9571,265.3067,271.8232,272.2467,264.3329,264.3153,264.7815,271.2456,267.0064,268.1834,276.0655,269.7088,270.6693,264.9981,255.9946,237.1463,242.9654,275.9826,272.6302,257.1790,242.6667,246.3045,246.5901,246.7415,247.4290,247.8698,248.2284,247.8204,247.3458,272.2771,246.4987,246.2949,245.7547,241.9506,239.9663,262.5597,263.3894,254.6878,0.0000,261.4485,266.4549,247.3253,243.2081,263.3908,250.4019,250.3586,257.8315,263.6565,264.2301,242.0345,247.3541,274.9776,272.3858,248.6285,244.8394,243.4543,255.0136,262.9235,245.0775,271.7799,268.0246,247.2239,247.9705,240.1941,256.5712,250.3799,275.6818,261.2314,254.2021,254.2458,239.6331,237.3486,242.2434,267.5693,243.1500,252.1834,247.2525,247.8398,248.0883,260.2182,242.5776,243.8454,241.9112,240.4529,267.9672,241.0317,241.6574,239.4379,263.0577,264.0360,282.0360,282.0361,277.7163,242.3879,252.1291,235.3915,245.7982,242.2782,244.5024,244.1437,261.4210,0.0000,251.6264,242.4005,272.2088,272.0661,244.2616,243.8184,274.5285,249.3769,246.5775,273.2069,266.0778,250.2922,266.3264,301.3177,254.0383,270.8085,296.6674,304.2806,277.8362,268.9492,240.0653,272.7341,272.3642,268.5662,277.6725,265.5648,244.9526,250.7043,250.9464,284.4875,295.1175,248.6855,269.0821,270.8435,270.9152,269.9239,267.9672,270.7973,270.4361,271.7016,270.9432,270.6571,266.8393,246.4987,239.9725,244.1459,0.0000,242.8557,247.1541,242.8556,242.3050,242.5302,244.6147,245.3030,248.2219,277.4129,242.7192,248.0625,250.3396,248.3684,239.9552,248.8457,272.2052,239.4570,239.9551,250.7269,266.7797,273.2121,273.8427,280.5588,261.4210,268.3988,261.4210,264.1200,264.9107,244.7271,252.8450
41.0000,262.1452,241.5718,241.9065,242.3127,237.4014,245.8947,244.2760,272.1750,246.9300,274.2714,260.7005,271.5660,245.8993,252.0916,239.4015,239.7630,245.5794,245.7331,249.9750,240.1515,243.5188,241.5235,242.2891,242.6418,247.6786,250.9139,251.4910,254.3599,272.6467,241.2870,242.6157,242.8598,273.1736,264.3589,262.1905,266.0992,246.2980,257.5765,246.4308,262.9601,279.2194,260.0971,261.3165,280.6850,276.5165,258.2707,269.9849,269.0205,236.7822,274.0524,272.3446,270.0971,273.0690,266.4665,275.6416,271.8070,244.3220,273.6870,252.4081,275.5989,265.1766,265.5553,271.8346,272.2433,264.3329,264.4118,264.8695,271.6083,267.1438,268.2212,276.1337,269.9196,270.6715,265.2174,255.9366,237.1463,242.9383,273.1043,270.4583,256.6207,242.6667,246.2749,246.3814,246.5433,247.2358,247.6813,248.0168,247.6064,247.1530,270.8354,246.2715,246.0674,245.5295,241.8209,239.8842,261.4958,262.3663,254.0685,0.0000,260.3004,264.9981,247.0867,243.0746,263.2350,250.5455,250.4835,258.0046,263.8417,264.4364,242.0331,247.1114,275.0299,270.1748,248.3559,244.6141,242.9716,254.9540,262.7241,244.9322,271.3729,268.3946,246.9933,247.7103,240.1592,256.4154,249.9510,273.8438,261.4260,254.0341,254.0778,239.6318,237.3486,242.2434,266.3500,243.0410,251.6082,247.0473,247.6168,247.8562,260.0259,242.3556,243.6356,241.8046,240.3468,268.3429,241.0317,241.6326,239.4109,263.1942,264.1382,280.2275,280.2276,276.0674,242.2952,251.8380,235.5607,245.4033,242.0887,244.3262,244.0125,261.6189,0.0000,251.7617,242.3098,272.2090,272.0678,244.1279,243.6894,272.4829,249.1093,246.3499,273.2838,266.0778,250.4366,266.3304,300.6692,253.4557,270.5813,296.0250,301.7397,273.5400,267.6652,240.0025,272.7114,272.3568,268.6833,277.5221,265.6108,244.7962,250.6161,250.9250,284.0555,294.4939,248.5451,269.5671,271.4476,271.5235,270.4406,268.3429,271.3993,270.8017,272.0650,271.5514,271.3248,267.1858,246.2716,239.8904,244.0148,0.0000,243.0728,246.9526,243.0728,242.2035,242.4315,244.4243,245.2701,248.3797,274.0271,242.6162,248.1852,250.4908,248.5265,240.2683,248.5068,272.1773,239.4015,240.2680,250.4299,266.7797,270.8373,271.3073,276.0413,261.6189,268.8726,261.6189,264.3646,264.9867,244.6054,252.6634
42.0000,262.1452,241.5270,241.8529,242.3021,237.4518,245.9313,244.3516,271.4426,246.8762,273.7300,260.6097,271.1822,245.8178,252.0675,239.2731,239.6849,245.2806,245.4949,249.8681,240.0714,243.5891,241.9187,242.5346,242.6589,247.6913,250.8363,251.3894,254.3408,272.1755,241.2481,242.5532,242.7735,272.6465,264.0893,262.0530,265.8175,246.2441,257.4930,246.3794,262.9357,278.6944,259.7542,261.3204,280.1147,275.9443,257.8070,270.0959,269.1785,236.7250,273.8997,272.2246,269.2911,272.9993,266.3305,274.9993,270.9719,244.1504,273.4404,251.9679,275.2879,265.1227,265.5154,271.6413,272.0279,264.3329,264.3092,264.7605,271.5928,266.9993,267.9932,275.9944,269.7559,270.4249,265.1632,255.7010,237.1463,242.7743,272.6219,270.0441,256.5124,242.6667,246.0037,246.3273,246.4872,247.1815,247.6263,247.9640,247.5497,247.0973,270.2627,246.1905,246.0159,245.4775,241.7819,239.8595,261.0571,262.0506,254.0966,0.0000,260.1615,264.7474,247.0273,243.0828,262.9223,250.5337,250.4667,257.9654,263.7755,264.3784,242.0215,247.0219,274.8835,269.7739,248.2597,244.7704,243.6254,254.9885,262.3241,244.8883,270.5713,268.4007,246.9414,247.6723,240.1424,256.0026,249.9275,273.3277,261.3757,253.6184,253.6619,239.5763,237.3486,242.2434,265.9285,242.9705,251.6357,246.9910,247.5586,247.7884,259.5036,242.4040,243.6773,241.7851,240.3273,268.3536,241.0317,241.6160,239.3807,263.1086,264.0390,279.0766,279.0766,275.1606,242.2384,251.6680,235.4395,245.0016,241.8181,244.2817,243.9710,261.5693,0.0000,251.6888,242.2985,272.0910,271.9338,244.0845,243.6551,271.9922,248.9792,246.2671,273.2706,266.0778,250.3347,266.3297,299.1317,253.4365,269.9466,293.8686,299.6216,273.0115,267.2035,239.9343,272.4993,272.1622,268.5626,277.0912,265.5101,244.8924,250.6273,250.8517,282.6380,292.4349,248.5911,269.6289,271.5495,271.6286,270.5352,268.3536,271.5004,270.7854,272.0495,271.6556,271.4254,267.1850,246.1905,239.8657,243.9733,0.0000,242.7515,246.8987,242.7515,242.1802,242.4046,244.3701,245.0559,248.0105,273.5122,242.5538,248.0836,250.4859,248.4039,239.9507,248.4653,271.9111,239.2731,239.9504,250.4058,266.7797,270.4174,270.8732,275.4761,261.5693,268.9367,261.5693,264.3249,264.8803,244.5448,252.2353
43.0000,262.1452,241.6244,241.9357,242.6649,237.8293,250.2527,248.7033,272.0278,246.9861,274.1327,261.2281,271.6965,245.9054,252.7565,239.4205,239.7311,245.7014,245.7462,250.0914,240.1511,245.5552,244.2985,244.7562,243.7868,252.8846,256.1950,256.7532,255.5167,272.3854,241.3550,242.6612,242.8872,272.8116,264.6525,262.9305,266.2736,246.3607,260.3788,246.5163,262.9052,278.0378,260.8309,262.1012,279.4016,276.0750,257.8326,270.3388,269.4849,236.9189,273.7846,272.1053,269.2390,273.0042,266.2304,274.8139,270.9575,244.2953,273.1253,251.9888,274.8580,265.1176,265.5375,271.4285,271.7880,264.3329,264.2709,264.7050,271.6404,266.8877,267.7728,275.9435,269.6310,270.1414,265.1581,255.7786,237.1463,242.8689,272.8061,270.3744,259.0359,242.6667,246.2520,246.4443,246.6077,247.2840,247.7240,248.0435,247.6441,247.2053,271.0748,246.2442,246.1390,245.6149,241.8855,239.9275,262.2717,263.5472,255.3317,0.0000,260.6816,265.2148,247.1410,244.2158,264.3024,250.6880,250.6030,257.9841,263.7665,264.3703,241.9346,247.0498,274.8107,270.1034,248.2456,249.1421,246.4729,255.1071,265.3267,245.0211,270.6407,268.4863,247.0438,247.7670,240.1955,256.0331,250.3626,273.7483,261.3438,253.6443,253.6879,239.6088,237.3486,252.8951,267.1329,243.0698,252.0519,247.1043,247.6535,247.8877,259.5124,246.5981,247.9316,241.9796,240.3148,268.4408,241.0819,241.7082,239.5031,263.1043,264.0050,279.4601,279.4601,275.7443,242.3462,251.5706,235.7140,244.7584,241.7884,244.4126,244.1091,261.5297,0.0000,251.9232,242.6450,271.9743,271.8082,244.2190,243.8176,272.3504,248.9557,246.3191,273.2096,266.0778,250.5531,266.3266,298.2409,254.3924,270.2016,292.7400,298.9958,273.1768,268.3012,239.9608,272.2422,271.9455,268.4497,276.7783,265.4407,249.2302,255.5269,256.1958,282.2056,291.3954,253.8109,269.8705,271.7820,271.8663,270.7242,268.4408,271.7316,270.8438,272.0975,271.8919,271.6526,267.2650,246.2442,239.9336,244.1114,0.0000,243.5363,247.0080,243.5363,242.3445,242.5368,244.4779,245.2372,248.4144,273.6849,242.6618,248.3162,250.6446,248.6471,241.0224,248.8031,271.5830,239.4205,241.0224,254.7848,266.7797,270.7169,271.1414,275.6123,261.5297,269.1779,261.5297,264.1756,264.8324,244.6474,252.2600
44.0000,262.1452,241.5350,241.8249,242.6555,237.9069,250.1930,248.6533,270.9692,246.8334,273.1285,260.7411,270.8404,245.6916,252.6496,239.5886,239.8447,245.8102,245.8525,250.4201,239.9580,245.5761,244.2890,244.7562,243.8462,252.8157,256.1768,256.7489,255.2931,271.4348,241.2798,242.5645,242.7814,271.7917,264.3802,262.7662,265.6061,246.2111,260.1980,246.3966,262.8645,277.1671,260.2966,261.6217,278.4559,274.9814,257.4760,270.5384,269.7013,237.1872,273.7859,272.1015,268.2155,273.0552,266.3902,274.0931,269.8646,244.3843,272.9822,251.6178,274.6541,265.3565,265.7771,271.3907,271.7245,264.3329,264.4918,264.9013,271.8958,267.0561,267.8939,276.0522,269.7053,270.1175,265.3976,255.7903,237.1463,242.9062,271.8313,269.5287,258.7772,242.6667,246.3667,246.2937,246.4702,247.1153,247.5404,247.8796,247.4845,247.0420,270.1658,246.1264,246.0295,245.5188,241.8473,239.9030,261.7143,262.9934,255.0500,0.0000,260.1878,264.5754,247.0067,244.2773,263.9577,250.9673,250.8615,258.2531,264.0027,264.6101,241.9167,246.9086,274.9069,269.2655,248.0744,249.0288,246.4389,255.1396,264.8404,244.9415,269.5862,268.7159,246.9085,247.6219,240.1600,255.7422,250.2245,272.7673,261.6150,253.3289,253.3724,239.6326,237.7659,252.8266,266.4146,242.9614,251.8129,246.9558,247.4974,247.7233,259.0880,246.4599,247.8390,242.1614,240.6345,268.6726,241.0819,241.9721,239.7829,263.3257,264.2280,277.9680,277.9680,274.4955,242.2548,251.3925,236.4498,244.2377,241.6942,244.3573,244.0451,261.8054,0.0000,252.3026,242.6341,271.9739,271.7967,244.1478,243.7437,271.4282,248.8097,246.1995,273.2375,266.0778,250.8927,266.3280,296.3649,254.2215,269.5237,290.3406,296.2826,272.1564,267.5276,240.0549,272.1564,271.8876,268.5591,276.1239,265.5265,249.1767,255.5103,256.1776,280.5864,289.0899,253.8048,270.1021,271.9847,272.0729,270.9694,268.6726,271.9345,271.0718,272.3566,272.0977,271.8785,267.4944,246.1264,239.9092,244.0473,0.0000,243.7656,246.8551,243.7656,242.4994,242.6763,244.3941,245.3281,248.8422,272.6899,242.5652,248.6487,250.9280,248.9743,241.2493,248.6880,271.5042,239.5886,241.2493,254.6577,266.7797,269.8493,270.2508,274.5304,261.8054,269.3717,261.8054,264.5145,265.0908,244.5198,251.9141
45.0000,262.1452,241.1924,241.4607,242.4665,237.9990,249.8226,248.3012,271.0769,246.3817,272.4656,260.1663,270.1404,245.1791,252.1852,239.2024,239.4709,246.2328,245.9307,250.4271,239.7304,245.2185,243.8635,244.3241,243.5364,252.4483,255.8378,256.4272,254.8332,270.5364,240.9505,242.2184,242.4279,270.8240,264.1006,262.5563,264.9470,245.7600,259.8566,245.9818,262.8211,276.2410,259.7431,261.0654,277.4501,273.9392,256.6689,270.5572,269.7870,236.8030,273.6416,271.9620,267.0212,273.0394,266.1738,273.1187,268.5195,244.3606,272.6383,250.8196,274.2381,265.1993,265.6356,271.1182,271.4292,264.3329,264.3060,264.7126,271.7913,266.7697,267.4947,275.9305,269.5375,269.7714,265.2407,255.3002,236.9276,242.7693,270.9103,268.7617,258.3889,242.6667,246.3708,245.8407,246.0200,246.6474,247.0550,247.3864,247.0156,246.5715,269.8770,245.6979,245.6297,245.1485,241.5305,239.6216,261.2068,262.5730,254.5915,0.0000,259.6085,263.9246,246.5714,243.9603,263.5229,250.8314,250.7067,258.0938,263.8320,264.4477,241.8955,246.4653,274.7585,268.4902,247.6250,248.5761,246.1560,255.4584,264.1089,244.6133,268.2551,268.6212,246.4752,247.1693,239.8711,255.0024,249.7709,272.0977,261.4507,252.5774,252.6208,239.4200,237.3486,252.4617,266.0583,242.5985,251.3122,246.4987,247.0369,247.2696,258.1966,246.0508,247.4540,241.8650,240.4064,268.5842,241.0819,241.6393,239.4226,263.1418,264.0440,277.4068,277.4069,274.0386,241.9128,250.6147,236.2005,243.3942,241.1044,244.0141,243.7450,261.6413,0.0000,252.3159,242.4474,271.8357,271.6335,243.8384,243.4296,270.7062,248.2055,245.7676,273.2972,266.0778,250.8952,266.3311,294.5845,253.7581,268.9389,286.3555,294.6175,271.1864,267.1918,239.7334,271.8598,271.6218,268.3434,275.4867,265.3332,248.8186,255.1806,255.8391,279.2583,285.4445,253.4506,270.0415,271.9811,272.0767,270.9639,268.5842,271.9302,270.9646,272.2555,272.0994,271.8593,267.3909,245.6979,239.6278,243.7472,0.0000,244.9446,246.4027,244.9447,242.1854,242.3530,244.0317,245.3309,249.2132,271.7368,242.2191,248.6626,250.7943,248.9940,243.0313,248.2550,271.1368,239.2024,243.0308,254.2839,266.7797,269.0436,269.4127,273.4998,261.6413,269.3251,261.6413,264.3533,264.9110,244.2955,251.1353
46.0000,272.8635,239.6018,239.7856,241.3464,237.3138,249.5866,247.6521,268.6977,244.8099,269.7338,258.1507,267.5505,243.0326,250.9312,238.6052,238.8838,244.9438,244.6411,249.6051,237.9834,244.5890,243.2157,243.7207,242.7122,252.3956,255.6490,256.2759,253.7737,267.5745,239.4101,240.7157,240.9313,267.5818,272.3155,270.2305,262.6386,244.1972,261.1073,244.4888,273.5222,286.5791,258.2477,259.0768,287.7552,269.9349,255.4863,270.0543,269.3488,236.4467,273.2113,271.6058,265.1901,272.7936,265.4353,271.6957,266.5549,243.0111,271.9959,249.6219,273.0978,264.5050,264.9548,270.5047,270.7950,264.3329,263.6083,264.0234,271.0683,265.9466,266.5598,275.4092,268.7249,268.8295,264.5466,254.4971,235.5204,241.3342,267.9073,266.0839,258.4246,241.3903,245.0596,244.2745,244.4499,245.0605,245.4500,245.7850,245.4205,244.9815,267.8388,244.1042,244.1521,243.6753,240.1378,238.2246,259.9383,261.4384,253.5022,0.0000,257.5670,261.6423,245.0272,243.1089,270.0659,250.0218,249.8827,257.3615,263.1308,263.7489,241.0939,244.8238,274.2015,265.8099,245.9005,247.8473,245.4946,254.0630,267.3375,243.1761,266.3260,267.9689,244.9241,245.5837,238.3907,253.8973,248.3551,269.3887,260.7588,251.4490,251.4921,237.9880,237.3486,252.4068,264.5275,241.0800,249.6840,244.9242,245.4428,245.6475,256.9522,245.7425,247.1884,240.7487,238.9119,267.9386,240.0400,241.0524,238.9781,262.4314,263.3442,274.8366,274.8366,271.7012,240.4010,248.6741,236.5453,241.9430,240.2045,242.6140,242.3434,260.9543,0.0000,251.4976,241.3205,271.4790,271.2273,242.4062,241.9436,267.9951,246.4521,244.1649,273.0257,266.0778,250.0718,266.3170,292.1695,252.6045,277.0359,295.9966,290.5825,267.9184,265.5201,239.1149,271.2542,271.0458,267.6907,274.6759,264.8158,248.1844,254.7685,255.6432,287.2267,294.8644,253.3723,269.4457,271.4589,271.5553,270.3597,267.9386,271.4072,270.2496,271.5320,271.5791,271.3201,266.7537,244.1042,238.2308,242.3455,0.0000,243.7998,244.8301,243.7998,241.1425,241.3301,242.5522,243.9950,248.2670,268.6113,240.7165,247.8639,249.9857,248.2040,241.8953,246.8484,270.1344,238.6052,241.8949,254.2584,266.7797,266.2912,266.5961,269.6132,260.9543,268.7200,260.9543,263.7362,264.2153,242.6213,249.9638
47.0000,270.1222,238.3929,238.5143,240.5194,236.6346,248.4815,246.6803,266.2629,243.5662,267.2654,256.3339,265.2544,241.6765,248.0175,239.0309,239.0722,243.9860,243.8440,249.2817,236.4773,243.9139,242.6128,243.1046,242.1615,251.1460,254.3292,254.9104,251.5011,265.2180,238.2379,239.5873,239.7743,265.2856,269.5692,267.6805,260.6082,242.9495,259.2530,243.2773,270.7335,282.8369,256.5115,257.1888,283.9268,267.4964,254.9929,269.6966,269.0063,237.1631,272.9889,271.4092,264.0009,272.6031,265.0798,270.8381,265.2363,242.1815,271.5920,249.1041,272.4033,264.1666,264.6118,270.1600,270.4446,264.3329,263.2993,263.7067,270.7092,265.5581,266.1386,275.1685,268.2887,268.3377,264.2082,254.3851,234.7355,240.4678,265.5115,263.8444,256.5602,240.3957,244.2337,243.0234,243.2204,243.8042,244.1745,244.4915,244.1566,243.7261,265.6084,243.1487,243.0226,242.6326,239.2471,237.3695,258.2936,259.5697,251.8081,0.0000,255.7719,259.6487,243.7889,242.5312,267.4215,249.7933,249.6379,257.0614,262.8001,263.4153,240.3622,243.8332,273.9277,263.5787,244.9330,246.9849,244.7239,252.9458,264.8798,242.1277,265.0425,267.6144,243.7282,244.3502,237.3260,253.4755,246.1635,266.9479,260.4308,250.9989,251.0420,237.1554,238.9160,251.1562,262.4969,239.9279,247.3019,243.6637,244.1937,244.3980,256.4018,244.5882,246.0665,240.4926,238.5853,267.5885,239.2128,241.5155,239.6387,262.1185,263.0366,272.2300,272.2301,269.2426,239.2620,247.5822,237.3678,241.9732,240.4609,241.6887,241.3453,260.6236,0.0000,251.1317,240.4873,271.2832,271.0021,241.3934,240.8782,265.6657,245.4768,243.2113,272.8967,266.0778,249.7528,266.3102,290.3275,250.0359,274.1348,292.6267,286.5689,265.6000,263.4332,239.1670,270.8932,270.7143,267.3484,274.0282,264.5381,247.2131,253.6161,254.3288,283.9620,291.4779,252.1253,269.0651,271.0948,271.1907,270.0237,267.5885,271.0432,269.8671,271.1732,271.2134,270.9588,266.4048,243.1487,237.3756,241.3472,0.0000,242.7076,243.5856,242.7077,240.9282,241.1183,241.5717,243.1673,247.6739,266.2287,239.5882,247.5026,249.7586,247.8745,240.5895,245.0176,269.5809,239.0309,240.5888,252.8201,266.7797,264.0268,264.3080,267.1939,260.6236,268.3095,260.6236,263.3682,263.9022,241.3243,249.4729
48.0000,267.4374,235.7581,235.8425,238.3806,234.7549,246.4087,244.6710,263.7962,241.3046,264.5051,254.0363,262.5907,239.2245,247.5433,237.1730,237.2775,241.7810,241.5291,248.5231,233.9181,241.8681,240.7637,241.1680,240.0983,249.0732,252.1385,252.6901,250.4418,262.4074,235.6175,237.1525,237.2887,262.4000,266.9033,265.1227,258.1308,240.7212,257.2307,241.1934,268.0125,279.3872,254.3027,254.9150,280.4113,264.5159,253.8653,270.6859,269.9923,235.4730,273.1799,271.6197,262.5142,272.7918,265.4928,270.0081,263.6638,239.7298,271.9390,247.9931,272.5237,265.1387,265.5883,270.6152,270.8985,264.3329,263.7895,264.1564,271.7274,266.5220,267.0944,275.4250,269.2194,268.5983,265.1804,253.4910,232.1319,237.9790,262.6726,261.1629,254.7250,238.1775,241.9217,240.7918,240.9645,241.5111,241.8544,242.2074,241.8856,241.4344,263.3540,240.9457,240.9150,240.4641,237.1259,235.0786,256.1245,257.4927,250.7430,0.0000,253.4392,257.1879,241.6330,240.4150,264.7310,249.1799,248.9978,257.9327,263.7262,264.3941,238.5603,241.5956,274.2102,260.9034,242.6821,245.0136,242.9675,250.5608,262.1093,239.8909,263.4980,268.6005,241.5352,242.1583,234.7063,252.3956,244.9528,264.2030,261.9797,249.9146,249.9575,234.5819,236.9123,249.0810,260.3517,237.4728,246.0535,241.4235,241.9373,242.1228,255.2124,242.4804,243.9856,238.5618,236.6699,268.5732,237.0835,239.7671,237.8872,262.6886,263.5399,270.7335,270.7336,267.3708,236.7824,245.2001,236.2069,239.5079,238.3929,239.5329,239.1182,262.1769,0.0000,250.3106,238.3466,271.4979,271.2272,239.1565,238.6331,262.9433,243.2067,241.0044,273.1314,266.0778,248.9671,266.3225,289.4135,249.2366,271.3104,289.3460,284.2273,262.7110,261.2600,237.3720,271.2810,271.0904,268.0683,273.6915,264.7971,245.2045,251.4968,252.1410,280.8286,288.2032,250.0530,270.0896,272.0974,272.1927,271.0200,268.5732,272.0456,270.8589,272.1935,272.2162,271.9592,267.3886,240.9457,235.0847,239.1199,0.0000,240.9354,241.3237,240.9355,239.0012,239.1759,239.4024,240.7583,246.5395,263.3717,237.1535,246.7552,249.1457,247.1024,238.8327,243.5190,269.7987,237.1730,238.8320,250.8201,266.7797,261.3164,261.5673,264.2280,262.1769,269.3345,262.1769,264.9826,264.3907,238.8421,248.3756
