"NODO DE ENVIO :","TALARA 220","PIURA OESTE 220","PIURA OESTE 220","LA NINA 220","CHICLAYO OESTE 220","GUADALUPE 220","TRUJILLO 220","CHIMBOTE 220","CHIMBOTE 220","PARAMONGA NUEVA 220","PARAMONGA NUEVA 220","MEDIO MUNDO 220","LOMERA 220","PUERTO CHANCAY 220","VENTANILLA 220","VENTANILLA 220","VENTANILLA 220","VENTANILLA 220","VENTANILLA 220","SAN JUAN 220","SANTA ROSA 220 B","SAN JUAN 220","SAN JUAN 220","INDEPENDENCIA 220","DERIVACION 220","CHILCA REP 220","CHILCA REP 220","NUEVA CHINCHA 220","CANTERA 220","CHILCA REP 220","CHILCA REP 220","CHILCA REP 220","POMACOCHA 220","POMACOCHA 220","PACHACHACA 220","PACHACHACA 220","PACHACHACA 220","CALLAHUANCA EDN 220","CALLAHUANCA EDN 220","REFINERIA ZINC 220","REFINERIA ZINC 220","CAMPO ARMINO 220","CAMPO ARMINO 220","CAMPO ARMINO 220","CAMPO ARMINO 220","HUANCAVELICA 220","CAMPO ARMINO 220","CAMPO ARMINO 220","CAMPO ARMINO 220","HUAYUCACHI 220","PACHACHACA 220","AGUAYTIA 220","TINGO MARIA 220","VIZCARRA 220","CONOCOCHA 220","CALLAHUANCA 60","MOYOPAMPA 60","MOYOPAMPA 60","HUANUCO 138","PARAGSHA 138","CARHUAMAYO 138","CARIPA138","CAMPO ARMINO 220","CAMPO ARMINO 220","COTARUSE 220","COTARUSE 220","OROYA NUEVA 220","CARHUAMAYO 220","PARAGSHA2 220","SANTUARIO 138","SANTUARIO 138","SANTUARIO 138","CALLALLI 138","QUENCORO 138","DOLORESPATA 138","ABANCAY NUEVA 138","TINTAYA 138","AYAVIRI138","AZANGARO 138","JULIACA 138","ARICOTA II 66","TOMASIRI 66","MOQUEGUA 138","SOCABAYA 220","MACHUPICCHU 138","MACHUPICCHU 138","CHILOTA 220","MOQUEGUA 220","AGUAYTIA 138","CERRO VERDE 138","CHAPARRAL 138","CHIMBOTE 138","CHIMBOTE 138","CHIMBOTE 138","CARHUAMAYO 220","CARHUAMAYO 220","PARAGSHA2 220","HUINCO 220","HUINCO 220","VENTANILLA 220","VENTANILLA 220","CHAVARRIA 220 B","CHAVARRIA 220 A","TRUJILLO 220","CHILCA CTM 500","CARABAYLLO 220","CARABAYLLO 220","INDEPENDENCIA 220","KIMAN AYLLU 220","KIMAN AYLLU 220","HUALLANCA 138","PARAMONGA NUEVA 220","CHICLAYO OESTE 220","SOCABAYA 220","CONOCOCHA 220","CONOCOCHA 220","TRUJILLO 220","GUADALUPE 220","MEDIO MUNDO 220","CARABAYLLO 500","CHIMBOTE 500","PIURA OESTE 220","POMACOCHA 220","PIEDRA BLANCA 138","CHILCA CTM 500","POROMA 220","POROMA500","MONTALVO 220","HUANZA 220","INDUSTRIALES 220B","OCONA 500","SOCABAYA 220","SOCABAYA 220","TRUJILLO 500","INDUSTRIALES 60","SOCABAYA 138","MOQUEGUA 220","CARABAYLLO 220","CHAVARRIA 60 B","CHAVARRIA 60 B","CHAVARRIA 220 A","CHILCA REP 220","TINTAYA 138","COMBAPATA 138","ALTO PRADERA 220","SANTA TERESA 220","SURIRAY 220","SURIRAY 220","SURIRAY 220","CHILCA REP 220","ASIA 220","LOMERA 220","CHAGLLA 220","CHAGLLA 220","RAMADA 220","RAMADA 220","REQUE 220","REQUE 220","SAN JOSE 500","OQUENDO 60","POROMA 220","VENTANILLA 220","CHAVARRIA 60 B","BARSI 60","CHILLON 60","HUAMPANI 60","HUARANGAL 60","ARICOTA138","ILO ELS 138","MOYOPAMPA 60","MOQUEGUA 138","LOMERA 60","SANTA ROSA EDS 60","MIRADOR 220","CARHUAMAYO 138","PARAGSHA 50","INDUSTRIALES 60","SURIRAY 220","ABANCAY NUEVA 138","SANTA ISABEL 220","MOQUEGUA 220","MOQUEGUA 220","YANANGO 220","CHIMAY 220","SANTA ISABEL 220","CHAVARRIA 60 B","CHILLON 60","HUACHIPA 60","CHAVARRIA 60 A","CHIRIBAMBA 220","PLANICIE 220 A","PLANICIE 220 B","COLCABAMBA 500","POROMA500","YARABAMBA 500","CARHUAQUERO 220","CAJAMARCA 220","CACLIC 220","CERRO DEL AGUILA 220","CERRO DEL AGUILA 220","YARABAMBA 220","YARABAMBA 220","CARAPONGO 500","CARAPONGO 220 B","PLANICIE60","MANCHAY 60","PLANICIE 220 B","COBRIZAI 69","MOLLEPATA220","SOCABAYA 220","CAMPO ARMINO 220","CARAPONGO 220 A","CARAPONGO 220 B","CARAPONGO 220 B","MARCONA 60 B","MARCONA 60 B","AZANGARO 138","PUMIRI220","CALLAHUANCA 220","MATUCANA 220","CALLAHUANCA 60","CALLAHUANCA 60","CARAPONGO 220 A","CARAPONGO 220 A","SAN MIGUEL 60","SAN MIGUEL 60","LA NINA 220","FELAM 220","SAN GABAN 138","SAN GABAN 138","ANGEL 138","SAN RAFAEL 138","MONTALVO 220","SAN GABAN 138","MEDIO MUNDO 220","MEDIO MUNDO 220","TINGO MARIA 138","AUCAYACU 138","BELLAVISTA 138","TARAPOTO 138","PARINAS 220","PAMPA HONDA 220","PAMPA HONDA 220","AGUAYTIA 138","HUANZA 220","SAN ROMAN 220","SAN ROMAN 138","PUNO 220","MAZUCO 138","SOCABAYA 138","CINCO MANANTIALES 138","OXIDOS CERRO 138","PARAGSHA2 220","TOCACHE 138","JUANJUI 138","MOQUEGUA 138","MOQUEGUA 138","MILL SITE 138","PUSHBACK 138","MILL SITE 138","MILL SITE 138","TOQUEPALA 138","MILL SITE 138","PLAZA TOQUEPALA 138","PLAZA TOQUEPALA 138","ILO3 138","ILO ELS 138","ILO 138","QUEBRADA HONDA 138","PLAZA TOQUEPALA 138","MILL SITE 138","CARHUAMAYO NUEVA 138","CHILCA CTM 220 A","DERIVACION 220  BARRA II","SANTA ROSA 220 A","DERIVACION 220","CARAPONGO 220 A","CARAPONGO 500","CAMPAS 220","COLCABAMBA 500","PLANICIE 500","DESIERTO220","CAHUACHI 220","VALLE DEL CHIRA 220","FLAMENCO220","BARRA3HERMANAS","ERSUR 220","BARRAPTALOMITAS","BARRAPTALOMITAS2","HUANCAVELICA 220","ZAPALLAL 220","CHILCA CTM 500","CHAPARRAL 138","CAMPO ARMINO 220","CAMPO ARMINO 220","MOQUEGUA 138","BARRAPTALOMITAS","PUNO 220","ZAPALLAL 220","PIURA OESTE 220","BALNEARIO 220","OROYA NUEVA 220","OROYA NUEVA 138","CARHUAMAYO 138","PARAGSHA 138","ARICOTA138","MOQUEGUA 220","SOCABAYA 220","LOS HEROES 220 A","AGUAYTIA 220","PARAGSHA2 220","PUCALLPA 138","INDEPENDENCIA 220","CHILLON 220","BARSI 220","CHAVARRIA 220 A","CHAVARRIA 220 A","CARABAYLLO 500","CHILCA CTM 500","CARHUAMAYO 220","KIMAN AYLLU 220","CHIMBOTE 500","TRUJILLO 500","POROMA500","MONTALVO 500","LA NINA 500","TINTAYA 220","CHIMBOTE 220","ABANCAY NUEVA 220","SANTA ROSA 220 A","SANTA ROSA 220 A","MALVINAS 220","LOMERA 220","INDUSTRIALES 220 A","MIRADOR 220","TINGO MARIA 220","ILO 3 220","BELAUNDE 220","YARABAMBA 500","COLCABAMBA 500","CARAPONGO 500","MANCHAY 220","CAMPO ARMINO 220","MOLLEPATA220","SAN JOSE 500","SAN JOSE 500","MARCONA220","MARCONA220","PUMIRI220","CALLAHUANCA EDN 220","SAN MIGUEL 220","SAN ROMAN 220","CAMPAS 500","PLANICIE 220 A","CHILCA CTM 500"
"NODO DE RECEPCION :","ZORRITOS 220","VALLE DEL CHIRA 220","LA NINA 220","CHICLAYO OESTE 220","CARHUAQUERO 220","REQUE 220","GUADALUPE 220","TRUJILLO 220","TRUJILLO 220","CHIMBOTE 220","CHIMBOTE 220","HUACHO 220","HUACHO 220","HUACHO 220","ZAPALLAL 220","ZAPALLAL 220","CHAVARRIA 220 A","CHAVARRIA 220 A","CHAVARRIA 220 A","INDUSTRIALES 220B","SAN JUAN 220","BALNEARIO 220","BALNEARIO 220","ICA 220","ICA 220","ASIA 220","DESIERTO220","INDEPENDENCIA 220","INDEPENDENCIA 220","SAN JUAN 220","SAN JUAN 220","SAN JUAN 220","SAN JUAN 220","SAN JUAN 220","POMACOCHA 220","CALLAHUANCA 220","CALLAHUANCA 220","CARAPONGO 220 A","CARAPONGO 220 B","CHAVARRIA 220 A","CHAVARRIA 220 A","POMACOCHA 220","POMACOCHA 220","HUANCAVELICA 220","HUANCAVELICA 220","INDEPENDENCIA 220","PACHACHACA 220","PACHACHACA 220","HUAYUCACHI 220","ORCOTUNA 220","OROYA NUEVA 220","TINGO MARIA 220","VIZCARRA 220","CONOCOCHA 220","PARAMONGA NUEVA 220","HUACHIPA 60","SANTA ROSA EDS 60","SANTA ROSA EDS 60","PIEDRA BLANCA 138","HUANUCO 138","CARIPA138","OROYA NUEVA 138","COTARUSE 220","COTARUSE 220","SOCABAYA 220","SOCABAYA 220","CARHUAMAYO 220","PARAGSHA2 220","VIZCARRA 220","SOCABAYA 138","JESUS 138","CALLALLI 138","TINTAYA 138","DOLORESPATA 138","CACHIMAYO 138","CACHIMAYO 138","AYAVIRI138","AZANGARO 138","JULIACA 138","SAN ROMAN 138","TOMASIRI 66","LOS HEROES 66","ILO 138","MOQUEGUA 220","QUENCORO 138","CACHIMAYO 138","MOQUEGUA 220","LOS HEROES 220 A","PUCALLPA 138","REPARTICION 138","MOLLENDO 138","HUALLANCA 138","HUALLANCA 138","HUALLANCA 138","PARAGSHA2 220","PARAGSHA2 220","CONOCOCHA 220","CARAPONGO 220 B","CARAPONGO 220 A","CHILLON 220","CHILLON 220","BARSI 220","BARSI 220","CAJAMARCA 220","CARAPONGO 500","ZAPALLAL 220","ZAPALLAL 220","ICA 220","RAMADA 220","RAMADA 220","KIMAN AYLLU 138","PARAMONGA EXISTENTE 138","FELAM 220","MOQUEGUA 220","KIMAN AYLLU 220","KIMAN AYLLU 220","GUADALUPE 220","REQUE 220","HUACHO 220","CHIMBOTE 500","TRUJILLO 500","TALARA 220","CARHUAMAYO 220","TINGO MARIA 138","POROMA500","MARCONA220","OCONA 500","MOQUEGUA 220","CARABAYLLO 220","SANTA ROSA 220 B","SAN JOSE 500","TINTAYA 220","TINTAYA 220","LA NINA 500","HUACHIPA 60","CERRO VERDE 138","ILO2 220","MIRADOR 220","OQUENDO 60","HUARANGAL 60","CHAVARRIA 220 B","CHILCA CTM 220 B","COMBAPATA 138","QUENCORO 138","SAN JUAN 220","SURIRAY 220","ABANCAY NUEVA 220","COTARUSE 220","COTARUSE 220","ALTO PRADERA 220","CANTERA 220","ZAPALLAL 220","PARAGSHA2 220","PARAGSHA2 220","PAMPA HONDA 220","PAMPA HONDA 220","CHICLAYO OESTE 220","CHICLAYO OESTE 220","MONTALVO 500","CHILLON 60","MARCONA220","CHAVARRIA 220 A","ZAPALLAL 60","MALVINAS 60","ZAPALLAL 60","HUACHIPA 60","ZAPALLAL 60","ILO3 138","ILO3 138","BALNEARIOS 60 A","TOQUEPALA 138","ZAPALLAL 60","MIRADOR 60","MALVINAS 220","CINCO MANANTIALES 138","CARHUAMAYO 50","SANTA ROSA LDS 60","MACHUPICCHU 138","ABANCAY 138","YAUPI 138","ILO 3 220","ILO 3 220","PACHACHACA 220","YANANGO 220","CARHUAMAYO 220","CHILLON 60","HUARANGAL 60","SANTA ROSA LDS 60","CHILLON 60","INDEPENDENCIA 220","INDUSTRIALES 220 A","INDUSTRIALES 220 A","POROMA500","YARABAMBA 500","MONTALVO 500","CAJAMARCA 220","CACLIC 220","BELAUNDE 220","COLCABAMBA 220","COLCABAMBA 220","SOCABAYA 220","SOCABAYA 220","CARABAYLLO 500","REFINERIA ZINC 220","HUACHIPA 60","PLANICIE60","MANCHAY 220","MOLLEPATA 60","HUANCAVELICA 220","SAN JOSE 220","COLCABAMBA 220","SANTA ROSA 220 B","SANTA ROSA 220 B","REFINERIA ZINC 220","SAN NICOLAS 60","SAN NICOLAS 60","PUMIRI138","SAN ROMAN 220","CALLAHUANCA EDN 220","CALLAHUANCA EDN 220","HUAMPANI 60","MOYOPAMPA 60","SAN MIGUEL 220","SAN MIGUEL 220","HUACHIPA 60","HUACHIPA 60","PIURA OESTE 220","LA NINA 220","AZANGARO 138","ANGEL 138","SAN RAFAEL 138","AZANGARO 138","LOS HEROES 220 A","MAZUCO 138","PARAMONGA NUEVA 220","PARAMONGA NUEVA 220","AUCAYACU 138","TOCACHE 138","TARAPOTO 138","BELAUNDE 138","TALARA 220","CAJAMARCA 220","CAJAMARCA 220","PUCALLPA 138","ORCOTUNA 220","PUNO 220","PUNO 138","CHILOTA 220","PTO MALDONADO 138","JESUS 138","OXIDOS CERRO 138","PARAGSHA 138","FRANCOISE 220","JUANJUI 138","BELLAVISTA 138","BOTIFLACA 138","BOTIFLACA 138","PUSHBACK 138","BOTIFLACA 138","INTIPAMPA 138","TOQUEPALA 138","ARICOTA138","PLAZA TOQUEPALA 138","ILO3 138","QUEBRADA HONDA 138","PANAMERICANA SOLAR 138","ILO 138","REFINERIA 138","ILO3 138","LIXIVIACION 138","LIXIVIACION 138","CARHUAMAYO 138","CHILCA CTM 220 B","CAHUACHI 220","SANTA ROSA 220 B","DERIVACION 220  BARRA II","CARAPONGO 220 B","CAMPAS 500","YANANGO 220","CAMPAS 500","CARABAYLLO 500","NUEVA CHINCHA 220","MARCONA220","PARINAS 220","POROMA 220","MARCONA220","MARCONA220","DERIVACION 220","DERIVACION 220  BARRA II","CHIRIBAMBA 220","PUERTO CHANCAY 220","PLANICIE 500","REPARTICION 138","COTARUSE 220","COTARUSE 220","INTIPAMPA 138","BARRAPTALOMITAS2","PUNO 138","HUARANGAL 60","PIURA OESTE 60","BALNEARIOS 60 A","OROYA NUEVA 50","OROYA NUEVA 50","CARHUAMAYO 50","PARAGSHA 50","ARICOTA II 66","MOQUEGUA 138","SOCABAYA 138","LOS HEROES 66","AGUAYTIA 138","PARAGSHA 138","PUCALLPA 60","INDEPENDENCIA 60","CHILLON 60","BARSI 60","CHAVARRIA 60 B","CHAVARRIA 60 A","CARABAYLLO 220","CHILCA CTM 220 B","CARHUAMAYO NUEVA 138","KIMAN AYLLU 138","CHIMBOTE 220","TRUJILLO 220","POROMA 220","MONTALVO 220","LA NINA 220","TINTAYA 138","CHIMBOTE 138","ABANCAY NUEVA 138","SANTA ROSA LDS 60","SANTA ROSA EDS 60","MALVINAS 60","LOMERA 60","INDUSTRIALES 60","MIRADOR 60","TINGO MARIA 138","ILO3 138","BELAUNDE 138","YARABAMBA 220","COLCABAMBA 220","CARAPONGO 220 A","MANCHAY 60","COBRIZAI 69","MOLLEPATA 60","SAN JOSE 220","SAN JOSE 220","MARCONA 60 B","MARCONA 60 B","PUMIRI138","CALLAHUANCA 60","SAN MIGUEL 60","SAN ROMAN 138","CAMPAS 220","PLANICIE 500","CHILCA CTM 220 B"
"ETAPA \ EQUIPO","L2249","L2248","L2241","L2239","L2240","L2236","L2234","L2232","L2233","L2215","L2216","L2213","L2214","L2212","L2242","L2243","L2244","L2245","L2246","L2018","L2011","L2012","L2013","L2209","L2211","L2090","L2091","L2208","L2207","L2093","L2094","L2095","L2205","L2206","L2226","L2222","L2223","L2008","L2009","L2014","L2015","L2201","L2202","L2203","L2204","L2231","L2218","L2219","L2220","L2221","L2224","L2251","L2252","L2253","L2278","L6031","L6011","L6020","L1121","L1120","L1702","L1705","L2051CS","L2052CS","L2053CS","L2054CS","L2259","L2258","L2254","L1021","L1022","L1020","L1008","L1004","L1003","L1007","L1006","L1042","L1011","L1012","L6620","L6637","L1383","L2025","L1002","L1001","L2030","L2029","L1125","L1029","L1030","L1103","L1104","L1105","L2267","L2268","L2264","L2001","L2002","L2016","L2017","L2005","L2006","L2260","L5001","L2107","L2108","L2210","L2272","L2274","L1131","L1101","L2238","L2026","L2269","L2270","L2235","L2237","L2279","L5006","L5008","L2250","L2294","L1142","L5032","L2292","L5034","L2057","L2110","L2010","L5036 CS","L2022","L2023","L5010","L659","L10231024","L20272028","L21122113","L6171826","L63694344","INTCHAVARRIA 220","R26","L1005","L1050","L2092","L2049","L2050","L2060","L2059","L2088","L2089","L2117","L2150","L2151","L2273","L2275","L2296","L2297","L5037 CS","L653558","L2293","L2247","CHARIAZAPAL","BARSIMALVIN","CHLLONZAPAL","HPNIHUCPA60","HURANZAPALL","LARQLILO3","L1392","LMO60BAL60","L1025","LMRAZAPAL60","LSROMIRA60","MIRAMALVIN","L1703","PGSHCHYO50","SROSAIND60","L1038","L1039A","L1701TR","L2033","L2034","L2256","L2257","L22652266","L63525554","L65548644","L657658","L6979884","L2132","L2118","L2119","L5031 CS","L5033CS","L5035","L2190","L2192","L2194","L2140","L2141","L2065","L2066","L5003","L2709","L641642","L6412","L212324","L60616263","L2145","L2074","R28L2225","L2701","L2702","L2708","L6627","L6628","L1045","L2041","L2716","L2007","L6040","L6111","L2127","L2128","L6423","L6424","L2162","L2164","L1010","L1013","L1051","L1009","L2036","L1014","L2125","L2126","L1122","L1124","L1017","L1018","L2295","L2283","L2287","L1156","L2116","L2040","L1046","L2039","L1015","L1148","L1708","L1709","L2271","L1016","L1019","L1381","L1382","L13862","L13861","L1394","L1388","L1026","L1395","L1393","L13851","L1390","L1391","L1387","L13852","L1398","L1389","L1707","INTCHILCA CTM 220","L2312","INTSANTA ROSA 220","INT  DERIVACION 220","INT  CARAPONGO 220","L5022CS","L2146","L5021CS","L5004","L2307","L2315","L2147","L2082","L2298","L2300","L2313","L2314","L2130","L2311","L5002","L1056","L2051","L2052","L1384","INTPTALOMITAS 33","AT220138PUN","T22060ZAP","T15328326","TR12345","T22050ORO","T13850ORO","T13850CAR","T13850PRG","T13866ARI","AT220138MOQ","AT220138SOC","T22066LHE","AT220138AGU","AT220138PSG","T13860PUC","T34261","T22060CHL","T22060BRS","T22060CHV2","T22060CHV1","T500220CRB","AT72500220","AUT201","AUT501","AT84523","AT85523","AUT5371","AUT5671","AT91LANINA","TTIN220138","AT1130211","AT90212","TRSROSALDS","TRSROSAEDN","TRMALVINAS","TRLOMERA","TIND22060","TRMIR22060","AT82211AT1","TILO3220138","TBEL220138","TRYARABAMBA","TRCOLCABAM","AT114","TRMANCHAY","TRCOBRIZAI","T107261","ATXF001","ATXF002","T6261","T62161","AT4","TRCALLAHUAN","TRA1SM","TR3SAN ROMAN","TRCAMPAS","TR220500PLANICIE","AT133500220"
1.00,33.20,19.03,-65.10,-1.72,-49.93,36.56,43.67,70.48,70.80,61.23,61.23,-47.51,-31.95,-18.83,14.28,14.28,64.47,64.47,61.93,121.37,-120.77,98.49,72.90,-34.18,124.44,76.22,64.50,-12.19,28.44,134.80,140.30,140.30,49.40,49.40,74.42,75.33,75.33,145.84,145.94,64.71,64.71,53.10,53.10,84.74,84.74,69.33,47.47,47.47,62.33,65.80,-146.93,-44.04,-33.40,10.43,42.43,23.35,21.55,21.55,20.75,36.73,-28.63,32.08,0.00,0.00,122.66,122.66,-115.21,-13.10,163.32,19.12,23.56,29.28,9.51,-15.14,-31.65,15.70,-37.04,-39.06,24.08,4.26,-0.61,-1.44,30.43,59.05,42.05,47.00,16.13,15.66,23.74,28.61,9.30,-56.35,-56.35,-56.39,-12.78,-12.96,149.23,27.98,27.91,73.16,73.16,77.01,81.86,-10.42,194.36,8.04,8.04,-36.99,85.84,85.84,70.85,-11.87,13.32,59.05,56.80,56.80,46.93,36.55,-47.36,324.30,332.20,7.16,-117.52,26.74,267.85,-2.19,380.21,327.84,64.71,120.93,376.20,68.23,68.40,174.68,-14.06,53.53,1.26,146.38,-20.39,-1.35,77.01,76.02,-34.83,-38.16,66.76,88.00,36.77,71.84,49.57,176.85,46.48,12.92,230.05,230.05,83.20,83.20,36.27,36.21,112.58,11.54,-2.19,64.47,-3.22,5.60,-0.02,3.20,-2.01,-3.59,-33.46,7.30,39.22,5.32,8.29,104.23,47.54,-5.40,-34.29,-70.19,20.96,-102.15,67.54,19.54,-15.67,149.05,235.18,-1.80,1.12,-15.13,-6.67,68.55,215.53,-71.31,614.83,516.32,240.80,-67.65,19.30,19.25,289.53,289.84,127.10,127.10,351.24,163.89,-22.38,6.85,71.31,4.37,-14.50,30.55,70.87,-7.76,-7.90,163.87,24.19,24.19,32.51,32.49,149.52,134.20,34.10,12.14,32.62,32.62,30.43,30.43,65.72,-12.18,69.00,24.86,83.61,51.18,23.19,17.86,37.40,37.40,39.20,37.29,16.15,-10.17,15.65,81.06,81.06,17.41,-64.89,27.94,8.72,24.56,15.06,-8.89,11.79,7.06,17.00,28.66,27.13,48.41,46.20,0.14,-10.01,-39.06,-46.47,-7.73,21.86,-27.73,-12.71,0.00,25.02,10.88,-21.31,3.58,19.76,36.37,-15.43,0.00,-225.89,-62.21,147.01,-189.06,-163.75,25.88,113.51,29.00,-15.31,-18.53,74.00,96.72,93.98,62.54,62.52,68.98,-18.81,329.77,-9.30,164.11,164.11,39.55,-5.58,3.35,76.34,93.42,171.32,-32.23,31.89,17.42,7.09,-4.16,209.87,64.63,38.73,41.19,78.13,40.39,71.90,146.31,158.71,102.59,122.68,98.14,-146.60,36.39,-43.94,-11.30,139.89,-28.63,351.37,154.89,-60.46,-33.25,36.69,126.73,98.90,104.12,19.03,44.40,41.98,-10.82,86.58,27.18,254.33,-646.74,31.81,6.85,18.05,14.50,129.87,130.96,38.50,39.33,-32.49,-8.72,60.90,4.46,-163.74,-215.53,-144.46
2.00,32.61,16.40,-60.97,-1.11,-51.19,32.70,44.68,69.64,69.96,60.84,60.84,-46.49,-33.28,-20.38,18.08,18.08,64.08,64.08,61.56,118.31,-117.74,91.98,68.08,-35.53,127.42,73.79,63.76,-12.15,28.64,133.93,139.40,139.40,48.88,48.88,72.97,74.16,74.16,145.75,145.84,58.91,58.91,51.76,51.76,83.12,83.12,67.87,46.24,46.24,59.95,65.02,-148.50,-42.73,-31.56,10.77,43.13,22.76,21.25,21.25,20.22,35.39,-26.38,31.55,0.00,0.00,126.61,126.61,-117.37,-14.45,161.37,4.19,8.78,25.45,5.63,-15.65,-31.13,15.47,-38.09,-40.07,23.82,4.54,-0.71,-1.45,30.83,57.56,41.52,46.35,16.65,15.30,23.01,27.79,9.09,-56.54,-56.55,-56.59,-14.10,-14.29,147.61,23.63,23.57,70.12,70.12,74.61,79.31,-11.90,166.16,0.66,0.66,-38.45,85.08,85.08,70.87,-12.56,12.83,57.56,55.85,55.85,48.01,32.69,-46.35,312.18,324.48,5.02,-119.13,26.23,277.22,1.46,385.64,328.01,63.97,117.88,381.51,68.46,68.62,169.80,-13.35,52.34,1.25,138.84,-20.45,-1.23,74.61,89.19,-36.28,-39.72,61.98,88.00,36.22,73.09,50.43,178.41,45.86,15.06,230.06,230.06,82.26,82.26,32.45,32.40,111.73,11.47,1.46,64.08,-3.18,6.67,0.19,3.88,-2.26,-3.55,-33.73,7.31,39.19,5.32,8.65,100.23,46.30,-5.32,-31.80,-71.75,20.64,-101.85,67.46,19.52,-18.62,149.06,234.88,-1.81,1.32,-13.67,-6.96,67.10,188.43,-48.22,632.51,524.46,241.47,-66.45,18.07,18.02,289.54,289.84,130.84,130.84,328.31,157.65,-19.46,7.54,48.22,4.28,-14.36,24.77,76.00,-11.12,-11.24,157.63,24.03,24.03,32.34,32.32,147.21,134.20,32.38,12.32,30.21,30.21,28.10,28.10,61.52,-12.93,69.26,25.39,84.14,51.16,22.85,17.11,36.60,36.60,38.48,36.49,15.56,-9.36,17.32,79.93,79.93,16.88,-64.13,28.07,8.70,24.98,14.48,5.27,10.44,5.80,18.00,28.49,26.61,48.16,45.97,-0.09,-10.19,-39.04,-46.51,-7.80,22.26,-27.57,-12.68,0.00,25.55,10.83,-21.14,3.32,19.92,36.19,-15.35,0.00,-213.12,-63.70,135.62,-179.06,-166.70,12.87,102.61,28.51,-15.13,-20.91,68.49,88.09,94.49,64.05,64.02,67.51,-20.35,291.61,-9.09,167.01,167.01,39.52,-5.58,3.06,72.86,89.98,160.00,-31.66,31.36,16.24,7.26,-4.26,208.70,90.81,38.03,39.92,76.72,39.16,72.70,140.22,153.76,98.71,118.43,76.57,-153.31,36.22,-44.23,-15.45,137.02,-16.03,351.20,149.81,-59.21,-36.45,36.14,120.53,92.33,100.13,18.23,45.10,38.45,-11.32,86.47,25.94,261.80,-651.87,16.65,7.55,17.90,14.36,132.91,134.02,38.40,39.22,-32.32,-10.84,56.23,4.16,-166.68,-188.43,-151.07
3.00,32.04,12.88,-56.46,1.50,-51.17,28.67,47.58,69.58,69.90,61.59,61.59,-47.61,-31.68,-19.50,23.49,23.49,62.82,62.82,60.35,118.37,-117.80,86.96,64.36,-33.66,121.42,76.52,64.80,-10.54,29.24,130.91,136.25,136.25,47.79,47.79,73.11,73.45,73.45,145.55,145.63,53.23,53.23,51.26,51.26,82.83,82.83,68.31,45.74,45.74,58.90,64.70,-150.13,-41.37,-30.84,11.49,42.77,22.67,21.38,21.38,20.48,34.84,-28.56,32.42,0.00,0.00,127.85,127.85,-116.97,-13.76,161.77,3.75,8.01,24.51,6.09,-15.90,-30.70,15.40,-38.14,-40.33,23.73,5.04,-0.70,-1.59,30.39,57.86,41.11,45.87,17.51,15.25,22.30,27.60,8.98,-56.79,-56.80,-56.84,-13.42,-13.61,148.21,22.15,22.09,67.25,67.25,71.45,75.94,-10.87,140.88,-5.90,-5.90,-36.44,85.69,85.69,70.65,-12.16,10.43,57.86,56.67,56.67,51.13,28.66,-47.47,311.68,322.71,1.78,-119.19,26.49,274.17,2.10,384.17,328.41,63.67,117.94,380.07,68.01,68.17,165.72,-13.69,51.83,1.25,129.22,-20.06,-0.96,71.45,101.79,-36.67,-40.03,59.39,88.00,35.67,73.97,51.04,175.13,46.74,14.53,230.06,230.06,82.94,82.94,28.44,28.40,112.56,11.86,2.10,62.82,-2.94,6.92,0.52,4.21,-2.51,-3.59,-33.42,7.24,39.19,4.99,8.65,93.37,47.21,-5.47,-32.30,-72.70,20.18,-102.93,67.52,19.53,-20.54,149.06,235.95,-1.73,1.55,-13.73,-6.71,67.53,178.64,-43.99,635.93,522.53,240.99,-64.70,22.81,22.74,289.54,289.84,130.18,130.18,319.77,151.97,-19.69,6.98,43.99,3.94,-13.52,23.64,78.82,-14.08,-14.19,151.96,23.93,23.93,32.53,32.50,145.80,134.20,31.86,11.93,29.52,29.52,27.45,27.45,56.93,-15.80,69.50,25.83,84.58,51.19,22.81,16.47,37.62,37.62,39.60,37.59,16.27,-7.64,14.83,80.69,80.69,16.36,-63.82,28.67,8.79,26.01,14.01,5.01,11.80,7.19,18.38,28.95,27.09,49.11,46.87,0.65,-9.31,-39.03,-46.58,-7.87,22.00,-27.84,-12.96,0.00,25.37,10.79,-21.23,3.45,19.79,35.57,-15.34,0.00,-207.32,-60.70,123.01,-180.45,-168.62,12.36,88.09,29.21,-14.83,-23.70,66.10,86.06,93.29,61.01,60.99,67.95,-19.47,267.21,-8.98,167.14,167.14,39.52,-5.83,2.63,69.12,87.72,151.26,-33.70,32.22,16.89,6.94,-4.29,210.52,88.12,37.93,38.69,77.38,37.98,71.87,134.48,147.25,94.20,113.19,54.13,-159.66,35.59,-43.83,-14.17,139.42,-12.34,351.56,145.75,-60.11,-33.63,35.60,117.90,89.16,93.28,17.15,42.84,35.71,-10.69,86.55,24.37,260.50,-654.69,1.37,6.98,18.43,13.52,131.79,132.89,38.17,38.99,-32.50,-11.84,54.91,3.75,-168.60,-178.64,-157.32
4.00,31.61,14.94,-57.67,0.68,-51.93,28.02,47.98,69.55,69.87,61.21,61.21,-46.28,-33.14,-21.01,17.68,17.68,57.35,57.35,55.09,119.51,-118.92,83.55,61.84,-31.48,115.14,77.48,66.47,-8.52,30.72,129.42,134.70,134.70,47.49,47.49,71.58,73.84,73.84,146.43,146.51,57.92,57.92,50.72,50.72,83.37,83.37,69.07,45.31,45.31,58.06,65.09,-151.06,-40.12,-29.74,12.10,43.73,22.62,21.58,21.58,20.33,34.17,-27.99,33.29,0.00,0.00,127.90,127.90,-118.41,-14.45,161.12,-3.16,1.01,23.11,4.07,-16.61,-30.93,15.38,-39.30,-41.57,23.62,5.28,-0.61,-1.48,29.87,55.49,41.24,45.92,18.01,14.80,21.58,26.73,8.64,-56.73,-56.74,-56.78,-14.10,-14.29,147.84,22.25,22.19,63.60,63.60,69.60,73.98,-11.22,135.95,-2.92,-2.92,-34.08,85.70,85.70,71.25,-11.94,11.15,55.49,56.32,56.32,51.56,28.01,-46.14,306.77,321.27,3.83,-120.17,26.34,274.09,3.11,382.56,322.25,64.07,119.07,378.49,68.07,68.24,166.48,-13.24,51.04,1.24,125.37,-19.77,-0.97,69.60,105.56,-36.76,-40.02,58.92,88.00,35.76,73.90,50.99,173.01,48.80,16.48,230.06,230.06,83.03,83.03,27.80,27.75,109.30,12.16,3.11,57.35,-2.91,5.47,0.26,4.62,-2.44,-3.41,-32.92,7.26,37.59,5.15,9.49,91.43,46.69,-5.49,-31.82,-72.66,20.28,-103.08,65.45,18.93,-21.37,149.05,236.10,-1.67,1.44,-13.82,-6.66,68.29,172.30,-41.30,637.20,520.88,237.47,-64.41,23.29,23.21,289.53,289.84,131.04,131.04,317.16,156.38,-18.71,6.63,41.30,3.69,-13.08,20.24,79.36,-17.86,-17.98,156.36,23.47,23.47,32.52,32.50,146.58,134.20,31.31,11.57,28.72,28.72,26.76,26.76,58.16,-14.86,69.99,25.85,84.60,52.05,22.23,16.04,36.60,36.60,39.46,37.40,16.39,-6.92,17.07,80.85,80.85,15.83,-64.20,28.90,8.79,26.51,13.67,11.28,11.81,7.19,17.76,28.95,27.01,47.87,45.68,-3.71,-7.34,-37.46,-44.76,-7.61,22.75,-26.62,-12.12,0.00,25.01,10.76,-20.52,3.04,20.14,35.27,-15.30,0.00,-202.00,-57.56,127.07,-180.47,-169.44,11.56,87.46,30.21,-15.21,-21.83,63.55,84.40,92.41,57.84,57.82,68.71,-20.98,260.22,-8.64,167.33,167.33,37.91,-6.13,2.36,66.94,86.06,145.34,-33.19,33.09,16.54,7.04,-4.21,203.77,99.24,36.92,37.45,76.98,36.78,72.76,127.19,143.45,90.12,108.79,55.84,-161.60,35.29,-44.53,-17.54,137.04,-7.94,344.81,146.37,-59.41,-37.67,35.68,115.45,86.30,91.35,16.66,41.56,33.81,-10.53,83.91,23.14,262.21,-655.21,-0.91,6.63,19.22,13.08,132.64,133.74,37.46,38.26,-32.50,-12.81,53.54,3.50,-169.42,-172.30,-159.23
5.00,31.39,14.03,-56.44,1.31,-51.16,27.32,47.62,68.74,69.05,59.97,59.97,-44.08,-35.62,-23.23,2.40,2.40,47.39,47.39,45.52,138.74,-137.95,82.09,60.75,-27.57,108.68,83.88,72.75,-3.47,36.35,139.61,145.31,145.31,43.32,43.32,64.95,76.99,76.99,150.20,150.30,72.94,72.94,49.51,49.51,83.17,83.17,68.55,44.57,44.57,59.05,66.24,-153.90,-39.53,-28.51,13.17,46.29,22.56,22.04,22.04,20.17,33.73,-30.59,36.34,0.00,0.00,128.57,128.57,-119.41,-14.30,161.24,-5.74,-1.71,22.99,3.44,-16.85,-30.96,15.47,-39.18,-41.44,23.32,5.03,-0.61,-1.52,30.18,55.33,41.26,45.91,17.49,14.76,21.32,27.22,8.94,-56.92,-56.92,-56.97,-13.95,-14.14,148.31,10.21,10.14,61.17,61.17,67.24,71.47,-11.39,148.30,10.14,10.14,-29.84,85.47,85.47,70.75,-11.84,10.59,55.33,55.80,55.80,51.17,27.31,-43.95,300.67,316.41,3.21,-120.61,26.19,279.51,5.53,383.94,322.55,65.19,138.15,379.85,68.51,68.68,163.27,-12.91,50.56,1.25,122.45,-19.01,-1.16,67.24,131.72,-37.01,-40.45,69.09,88.00,35.62,73.88,50.98,183.19,54.47,19.08,230.06,230.06,82.68,82.68,27.10,27.05,109.09,12.92,5.53,47.39,-2.93,2.91,-0.74,4.69,-2.00,-3.40,-33.07,5.91,37.61,5.74,11.98,92.61,46.34,-5.26,-32.06,-72.50,20.06,-103.41,65.48,18.94,-23.10,149.05,236.43,-1.52,0.92,-14.42,-6.06,67.78,168.15,-39.04,642.10,522.80,237.96,-64.31,22.99,22.92,289.53,289.83,131.73,131.73,321.55,171.60,-18.12,6.69,39.04,3.86,-13.22,20.10,81.32,-36.74,-36.87,171.58,23.57,23.57,32.04,32.02,152.79,134.20,31.14,10.43,27.53,27.53,25.49,25.49,56.91,-15.58,69.63,26.29,85.04,51.02,22.20,15.84,34.37,34.37,38.87,36.97,16.54,-6.38,17.25,80.38,80.38,15.64,-65.32,28.38,8.58,25.98,13.45,13.41,12.87,8.52,18.72,29.26,27.38,47.34,45.18,-4.34,-7.80,-37.48,-44.70,-7.53,22.89,-26.47,-11.88,0.00,25.39,10.94,-20.56,2.99,20.23,33.67,-15.36,0.00,-202.22,-54.33,146.89,-179.42,-171.16,8.78,99.60,35.98,-15.69,-22.14,61.76,82.03,91.33,54.58,54.56,68.20,-23.19,268.23,-8.94,168.32,168.32,37.93,-6.61,2.37,67.31,85.11,142.80,-35.05,36.09,17.89,7.07,-4.15,202.99,102.59,36.85,37.00,75.86,36.35,74.00,122.33,138.58,87.87,106.44,77.93,-174.70,33.69,-45.05,-18.66,135.07,-1.23,345.08,142.92,-58.87,-39.50,35.55,115.73,86.24,92.52,16.54,41.30,29.72,-11.16,83.95,22.85,263.59,-657.16,5.96,6.70,18.57,13.22,133.41,134.52,37.63,38.43,-32.02,-14.17,51.01,3.55,-171.14,-168.15,-172.14
6.00,31.66,11.32,-52.70,2.14,-50.40,26.05,47.27,68.01,68.32,59.68,59.68,-43.29,-36.86,-24.44,-3.68,-3.68,42.85,42.85,41.16,141.38,-140.57,80.31,59.44,-24.89,102.15,85.72,75.15,-0.69,39.32,140.69,146.44,146.44,41.84,41.84,64.11,76.63,76.63,150.07,150.17,77.91,77.91,48.60,48.60,83.37,83.37,68.56,43.73,43.73,58.45,65.83,-154.48,-38.64,-28.02,13.33,46.36,22.38,21.91,21.91,20.03,33.26,-30.92,36.97,0.00,0.00,129.83,129.83,-119.94,-14.98,160.58,-10.57,-6.36,21.65,2.16,-17.09,-31.06,15.39,-39.60,-41.93,23.42,5.36,-0.72,-1.57,30.61,56.20,41.35,45.98,18.04,15.08,20.85,26.85,8.64,-56.60,-56.61,-56.65,-14.61,-14.81,147.78,10.21,10.14,59.78,59.78,64.97,69.06,-11.49,156.20,14.59,14.59,-26.94,84.67,84.67,72.05,-12.12,9.78,56.20,55.58,55.58,50.80,26.04,-43.15,297.31,312.26,0.52,-120.99,26.05,290.26,8.82,388.67,327.76,64.78,140.77,384.47,68.78,68.94,159.48,-12.57,51.20,1.24,120.36,-18.58,-1.24,64.98,123.74,-37.35,-40.74,70.76,88.00,35.82,73.82,50.94,183.90,56.31,20.58,230.06,230.06,81.96,81.96,25.84,25.80,111.99,13.36,8.82,42.85,-2.92,1.30,-1.23,4.58,-1.79,-3.56,-33.23,5.49,39.33,6.03,12.84,90.19,46.61,-5.31,-31.67,-72.59,20.32,-102.25,67.26,19.46,-23.57,149.05,235.28,-1.43,0.66,-14.44,-5.72,67.79,164.67,-36.97,651.72,529.67,240.73,-63.52,22.73,22.66,289.55,289.85,133.65,133.65,318.59,176.59,-17.10,6.56,36.97,3.77,-13.34,16.34,81.29,-40.49,-40.63,176.57,23.67,23.67,32.32,32.29,152.09,134.20,30.99,10.32,27.06,27.06,24.90,24.90,53.11,-16.44,70.07,26.16,84.91,51.92,22.64,15.65,33.68,33.68,39.10,37.17,16.15,-6.16,15.21,79.73,79.73,15.29,-64.92,28.81,8.75,26.52,13.38,18.28,12.79,8.43,17.60,28.54,26.85,48.12,45.92,-0.15,-10.45,-39.18,-46.74,-7.89,22.39,-27.69,-12.71,0.00,25.61,10.94,-21.26,3.24,19.98,33.61,-15.31,0.00,-199.93,-51.07,153.25,-170.38,-171.64,-0.80,106.22,38.45,-17.13,-24.87,60.21,79.41,90.20,51.29,51.28,68.21,-24.40,271.38,-8.64,169.88,169.88,39.67,-7.14,2.26,66.77,83.03,139.70,-35.11,36.72,17.90,7.31,-4.34,207.84,113.67,37.60,36.17,76.15,35.55,74.14,119.55,133.92,86.24,104.70,85.15,-185.83,33.63,-43.81,-17.80,134.94,6.91,350.74,139.27,-58.36,-37.75,35.74,114.12,85.56,90.11,16.28,41.58,30.06,-10.75,86.21,22.60,267.43,-657.17,7.75,6.56,19.18,13.34,134.24,135.36,38.14,38.96,-32.29,-14.60,49.82,3.39,-171.62,-164.67,-183.11
7.00,31.51,10.77,-51.78,2.49,-50.72,25.75,47.78,67.82,68.13,59.09,59.09,-42.75,-36.90,-24.38,-2.59,-2.59,42.36,42.36,40.69,129.56,-128.87,79.58,58.90,-22.82,96.14,82.23,71.39,-5.22,35.23,128.01,133.22,133.22,44.53,44.53,67.35,74.79,74.79,147.54,147.64,78.60,78.60,49.28,49.28,84.03,84.03,69.61,44.18,44.18,58.06,65.65,-152.34,-38.30,-27.61,12.62,46.22,22.52,21.86,21.86,19.48,32.62,-27.60,34.27,0.00,0.00,129.60,129.60,-120.27,-15.62,159.44,-7.38,-3.36,22.49,2.85,-17.28,-30.92,15.51,-39.75,-42.16,23.65,5.37,-0.56,-1.42,30.64,55.27,41.20,45.79,18.23,15.33,20.75,28.07,8.75,-56.65,-56.66,-56.70,-15.23,-15.44,146.52,29.20,29.13,59.66,59.66,64.52,68.58,-11.91,152.13,13.22,13.22,-24.69,84.26,84.26,72.01,-11.89,9.83,55.27,54.70,54.70,51.34,25.75,-42.62,293.32,310.21,0.23,-121.18,25.51,288.43,11.44,384.70,322.60,64.62,129.04,380.59,68.40,68.56,158.89,-14.42,51.41,1.24,117.87,-18.65,-1.29,64.53,91.62,-37.26,-40.70,63.52,88.00,35.37,74.36,51.31,167.87,52.51,20.42,230.06,230.06,81.59,81.59,25.54,25.50,109.49,13.28,11.44,42.36,-2.93,1.50,-1.19,3.53,-1.70,-3.49,-32.92,6.51,38.97,5.90,11.54,89.32,45.95,-5.25,-33.90,-73.04,19.76,-102.70,66.23,19.16,-22.75,149.05,235.72,-1.44,0.62,-14.35,-5.80,68.83,179.63,-55.17,650.04,524.03,238.13,-64.39,21.42,21.36,289.54,289.84,132.21,132.21,320.18,177.29,-20.41,4.77,55.17,3.83,-13.04,18.67,80.79,-28.77,-28.91,177.27,23.63,23.63,32.62,32.59,148.46,134.20,32.38,10.22,28.40,28.40,26.21,26.21,52.17,-17.26,70.26,25.98,84.73,52.42,22.74,15.63,33.13,33.13,38.48,36.49,15.72,-6.26,15.63,79.39,79.39,15.22,-64.75,29.07,8.81,26.76,13.33,14.93,11.25,6.81,17.63,28.03,26.40,45.36,43.29,-2.32,-12.42,-38.81,-46.09,-7.60,23.46,-27.06,-12.19,0.00,25.25,10.94,-20.98,2.71,20.51,35.39,-15.33,0.00,-200.02,-48.06,149.90,-170.64,-170.82,0.28,95.48,33.96,-17.87,-24.92,59.25,77.27,88.80,48.26,48.25,69.26,-24.34,275.62,-8.75,168.80,168.80,39.29,-7.50,2.28,66.00,82.02,138.44,-32.62,34.05,17.02,7.83,-4.12,202.11,105.63,37.94,36.01,76.63,35.39,63.30,119.31,132.99,86.39,104.92,80.08,-184.75,35.41,-44.72,-19.67,133.65,13.12,345.66,138.71,-59.11,-40.36,35.29,115.94,83.82,89.24,16.48,39.67,28.44,-10.83,84.91,21.30,264.55,-656.65,2.36,4.77,18.69,13.04,133.57,134.69,38.46,39.28,-32.59,-13.18,52.44,3.44,-170.80,-179.63,-182.05
8.00,32.85,11.28,-52.35,2.44,-50.78,25.76,48.51,68.01,68.33,59.60,59.60,-43.18,-36.64,-24.26,1.51,1.51,44.06,44.06,42.32,126.86,-126.20,79.27,58.67,-19.48,90.29,85.31,74.23,-2.54,37.67,125.99,131.11,131.11,45.62,45.62,68.36,75.09,75.09,147.84,147.94,73.84,73.84,48.85,48.85,85.94,85.94,72.02,43.68,43.68,57.70,65.30,-155.54,-37.75,-26.96,13.64,46.53,22.46,21.80,21.80,19.63,32.76,-30.16,36.41,0.00,0.00,129.10,129.10,-120.68,-15.57,159.57,-3.94,0.02,23.43,3.25,-17.15,-30.77,15.47,-39.71,-42.14,23.86,5.57,-0.62,-1.45,30.44,56.05,41.09,45.70,18.64,15.28,20.36,28.37,8.66,-56.70,-56.71,-56.75,-15.19,-15.40,146.98,27.06,26.99,59.47,59.47,64.24,68.28,-11.90,144.77,9.21,9.21,-21.09,84.70,84.70,71.85,-12.24,10.01,56.05,55.28,55.28,52.12,25.75,-43.05,293.90,311.31,0.68,-122.21,25.65,286.03,11.62,383.00,323.34,64.27,126.37,378.93,68.09,68.26,160.15,-14.22,53.49,1.24,117.41,-18.59,-1.05,64.24,98.36,-37.16,-40.49,61.43,88.00,35.30,74.47,51.38,165.89,55.56,20.38,230.06,230.06,81.94,81.94,25.54,25.50,109.87,13.35,11.62,44.06,-2.80,1.77,-0.84,3.59,-2.09,-3.53,-32.96,6.71,38.96,5.81,11.49,86.93,46.34,-5.31,-33.50,-73.16,19.74,-102.41,66.47,19.23,-23.37,149.05,235.43,-1.43,0.94,-14.22,-5.70,71.22,177.28,-54.71,648.91,521.25,238.47,-65.40,20.98,20.92,289.53,289.83,130.85,130.85,317.38,172.36,-20.42,4.58,54.71,3.86,-12.83,21.59,80.25,-27.11,-27.24,172.34,23.26,23.26,32.98,32.96,149.05,134.20,32.22,10.42,28.25,28.25,26.04,26.04,52.76,-17.37,70.66,25.81,84.56,53.28,22.71,15.48,33.31,33.31,38.58,36.68,15.77,-6.15,16.36,79.66,79.66,14.94,-64.40,29.49,8.94,27.23,13.15,11.59,11.53,6.88,18.59,28.28,26.59,46.59,44.46,-1.21,-11.29,-38.80,-46.16,-7.68,22.43,-27.33,-12.62,0.00,25.39,10.79,-20.92,3.20,19.98,33.50,-15.27,0.00,-198.02,-45.14,143.56,-172.02,-171.43,1.06,90.89,37.10,-17.61,-24.69,58.48,75.28,87.32,45.32,45.30,71.68,-24.21,268.65,-8.66,168.20,168.20,39.28,-7.80,2.22,66.00,82.23,137.90,-35.44,36.16,17.30,8.21,-4.17,204.75,101.41,37.88,35.33,75.23,34.73,66.41,118.92,132.40,85.48,103.66,71.94,-176.17,33.52,-44.51,-20.20,133.37,14.17,346.38,139.93,-59.40,-40.31,35.23,114.55,83.22,86.85,16.26,37.99,30.37,-10.92,85.21,20.87,261.83,-656.10,-0.79,4.58,18.81,12.83,132.56,133.67,37.84,38.65,-32.96,-13.19,52.10,3.37,-171.42,-177.28,-173.59
9.00,32.38,11.40,-53.58,2.64,-51.06,26.14,49.14,68.84,69.16,60.22,60.22,-44.15,-35.28,-22.89,6.00,6.00,47.03,47.03,45.18,126.49,-125.84,80.63,59.68,-18.30,89.59,85.98,75.70,-1.79,39.77,127.09,132.26,132.26,45.21,45.21,69.23,74.34,74.34,146.91,147.00,70.32,70.32,48.62,48.62,86.54,86.54,72.30,43.39,43.39,57.48,64.68,-155.37,-37.94,-27.58,13.78,45.88,22.57,21.93,21.93,19.86,33.26,-30.88,35.79,0.00,0.00,128.98,128.98,-119.72,-15.40,160.11,-2.27,1.85,23.76,4.16,-16.74,-30.84,15.53,-38.63,-41.07,24.03,4.89,-0.63,-1.47,30.67,57.90,41.41,46.14,17.47,15.73,20.48,29.81,8.67,-56.58,-56.58,-56.63,-15.02,-15.23,147.51,27.25,27.18,60.65,60.65,65.38,69.50,-11.67,148.57,6.62,6.62,-19.80,85.27,85.27,72.12,-12.33,10.28,57.90,55.92,55.92,52.80,26.13,-44.02,299.75,315.93,0.74,-121.62,25.86,290.08,12.63,384.86,329.02,63.66,126.01,380.75,68.38,68.54,162.13,-14.24,53.13,1.23,118.15,-18.78,-0.94,65.38,91.19,-36.78,-40.45,62.20,88.00,35.83,73.61,50.79,167.19,56.12,18.65,230.06,230.06,82.50,82.50,25.92,25.88,113.49,13.15,12.63,47.03,-2.75,1.85,-0.41,3.42,-2.26,-3.63,-33.20,6.82,39.82,5.50,11.01,86.57,47.07,-5.32,-33.80,-72.24,20.20,-101.52,68.03,19.68,-23.28,149.05,234.55,-1.47,1.15,-14.47,-5.78,71.50,179.80,-56.07,651.82,523.76,241.14,-66.00,21.72,21.65,289.52,289.82,130.73,130.73,318.10,168.82,-20.95,5.05,56.07,4.16,-13.50,21.00,79.78,-25.27,-25.40,168.80,23.40,23.40,32.82,32.80,147.56,134.20,32.58,10.34,28.80,28.80,26.59,26.59,54.01,-18.13,70.49,25.77,84.52,53.03,23.29,15.67,34.32,34.32,39.12,37.02,15.88,-6.36,16.01,80.22,80.22,15.03,-63.80,28.78,8.82,25.99,13.27,10.34,11.30,6.67,17.55,28.67,26.94,48.80,46.57,0.12,-10.53,-39.65,-47.17,-7.85,21.63,-28.04,-12.52,0.00,25.66,10.79,-21.83,3.60,19.59,33.70,-15.58,0.00,-200.98,-44.79,139.06,-168.12,-171.34,-2.77,92.33,38.87,-17.93,-24.61,58.12,74.02,87.26,44.96,44.95,71.96,-22.85,272.63,-8.67,168.69,168.69,40.15,-7.81,2.76,66.71,84.52,140.26,-36.23,35.55,17.49,7.99,-4.23,210.44,99.11,38.89,35.54,75.70,34.94,67.32,121.28,134.76,86.69,104.84,68.10,-182.32,33.72,-44.33,-19.08,135.68,16.55,352.65,141.72,-58.84,-39.67,35.76,115.81,84.91,86.49,16.63,38.63,31.47,-10.48,87.19,21.59,261.58,-655.60,-1.62,5.05,18.35,13.50,131.66,132.76,38.05,38.87,-32.80,-12.79,53.19,3.92,-171.33,-179.80,-179.65
10.00,33.98,13.10,-55.96,2.11,-51.20,26.94,50.19,68.90,69.21,61.55,61.55,-45.97,-33.14,-21.08,15.11,15.11,53.33,53.33,51.23,124.05,-123.42,83.26,61.62,-18.54,90.59,86.33,75.93,-1.64,39.19,127.92,133.13,133.13,45.17,45.17,68.72,72.91,72.91,145.25,145.33,61.72,61.72,48.53,48.53,86.81,86.81,72.13,43.33,43.33,57.37,63.66,-151.46,-38.96,-28.38,13.84,44.35,22.59,21.68,21.68,19.88,33.69,-26.43,31.89,0.00,0.00,128.20,128.20,-119.16,-15.35,160.54,-0.37,3.79,24.28,4.68,-16.36,-30.95,15.62,-38.58,-41.08,24.24,4.48,-0.49,-1.39,30.17,57.55,41.69,46.52,17.13,16.02,20.88,29.90,8.73,-56.88,-56.88,-56.93,-14.97,-15.18,147.91,25.65,25.58,62.68,62.68,66.79,71.00,-10.85,147.16,-0.36,-0.36,-20.07,85.66,85.66,71.09,-12.73,10.91,57.55,56.91,56.91,53.93,26.93,-45.83,307.52,320.07,2.00,-120.42,25.89,290.47,12.58,384.85,328.31,62.66,123.58,380.74,68.40,68.56,165.99,-14.32,53.21,1.22,120.28,-19.36,-0.85,66.79,89.84,-36.25,-40.10,62.62,88.00,36.23,72.86,50.27,168.29,57.49,16.63,230.06,230.06,83.00,83.00,26.72,26.68,112.73,12.57,12.58,53.33,-2.78,3.15,0.19,3.40,-2.54,-3.64,-32.92,6.89,39.37,5.20,10.31,85.75,45.11,-5.16,-33.95,-71.37,20.51,-101.98,67.28,19.46,-22.64,149.06,235.01,-1.59,1.47,-14.52,-6.24,71.32,181.91,-57.02,651.52,523.75,240.76,-66.74,22.46,22.39,289.52,289.82,130.83,130.83,317.32,160.20,-21.15,5.01,57.02,4.17,-14.72,21.43,78.29,-21.55,-21.67,160.18,23.37,23.37,32.92,32.89,144.74,134.20,32.65,10.74,29.25,29.25,27.10,27.10,56.43,-17.72,70.64,25.60,84.34,53.43,23.53,15.71,36.16,36.16,39.48,37.60,15.81,-6.76,16.09,80.84,80.84,15.32,-62.81,28.61,8.67,25.67,13.15,8.65,10.76,6.12,16.48,29.47,27.48,48.95,46.72,0.36,-9.72,-39.22,-46.60,-7.71,21.76,-27.97,-12.82,-0.26,25.32,10.79,-21.50,3.53,19.65,35.82,-15.57,0.00,-203.61,-45.29,128.79,-166.33,-170.71,-3.94,89.95,39.28,-17.19,-23.83,57.90,73.01,87.69,45.46,45.45,71.79,-21.05,272.36,-8.47,168.65,168.65,39.67,-7.72,2.91,67.14,86.31,144.83,-32.85,31.70,17.11,9.27,-4.09,209.41,96.16,39.42,36.23,76.10,35.61,67.07,125.34,137.67,89.03,107.38,57.26,-181.65,35.85,-43.19,-15.60,136.05,16.67,351.51,145.58,-58.78,-33.77,36.15,116.67,86.69,85.67,16.51,38.53,34.42,-10.71,86.24,22.32,261.80,-654.12,-4.04,5.01,19.78,14.72,132.03,133.13,37.82,38.63,-32.89,-12.29,54.22,4.19,-170.70,-181.91,-178.99
11.00,33.38,14.64,-61.26,1.55,-53.21,28.64,53.67,73.36,73.69,63.14,63.14,-49.39,-29.59,-17.61,24.60,24.60,62.43,62.43,59.97,120.43,-119.84,90.82,67.22,-17.32,89.69,87.76,76.83,-1.89,39.50,130.67,135.99,135.99,47.06,47.06,72.41,73.13,73.13,144.50,144.58,53.56,53.56,50.39,50.39,88.87,88.87,74.67,44.93,44.93,59.26,63.83,-149.51,-40.01,-30.66,12.88,41.80,22.92,21.32,21.32,20.90,35.98,-28.18,30.09,0.00,0.00,125.15,125.15,-115.38,-13.35,163.36,0.64,4.87,24.36,5.40,-15.34,-29.86,15.36,-39.69,-42.12,24.41,4.88,-0.57,-1.20,29.44,55.01,40.61,45.43,18.17,15.58,21.58,17.34,7.95,-55.95,-55.96,-56.00,-13.02,-13.20,150.11,24.49,24.43,66.64,66.64,70.52,74.96,-9.95,159.47,-4.68,-4.68,-18.74,88.47,88.47,73.32,-11.50,11.91,55.01,58.75,58.75,57.67,28.64,-49.24,328.48,341.10,2.98,-117.90,26.88,275.70,11.80,371.05,326.44,62.83,119.98,367.23,67.79,67.95,177.96,-14.55,41.02,1.16,129.95,-20.55,-0.87,70.52,77.96,-36.54,-39.78,64.53,88.00,35.12,74.72,51.56,171.55,58.51,12.31,230.05,230.05,85.69,85.69,28.41,28.37,105.58,11.37,11.80,62.43,-2.94,4.58,1.11,3.00,-2.74,-3.67,-32.41,7.24,39.16,4.63,9.61,88.08,46.43,-5.37,-34.42,-73.41,19.67,-101.49,65.45,18.93,-19.68,149.05,234.52,-1.83,1.84,-14.69,-7.18,73.85,194.97,-62.09,631.36,504.48,231.63,-69.80,23.73,23.65,289.51,289.81,126.12,126.12,333.56,152.45,-22.97,6.67,62.09,4.18,-15.18,25.73,73.86,-13.27,-13.38,152.43,23.79,23.79,33.47,33.45,145.17,134.20,33.62,11.42,31.25,31.25,28.84,28.84,61.82,-17.70,71.42,26.34,85.09,54.16,23.07,14.09,39.71,39.71,40.81,38.54,16.20,-7.39,15.43,83.43,83.43,15.84,-62.97,29.62,8.61,27.38,11.52,7.84,11.69,7.09,16.51,30.08,28.21,48.33,46.13,0.11,-10.01,-39.56,-46.73,-8.04,21.88,-28.40,-13.11,-2.80,25.45,10.71,-21.75,3.53,19.75,35.89,-15.65,0.00,-213.01,-44.84,123.46,-179.14,-167.74,11.91,95.76,40.78,-16.58,-23.45,57.28,72.03,87.47,45.01,45.00,74.35,-17.58,291.31,2.50,163.87,163.87,38.06,-7.57,2.21,69.68,94.35,157.97,-34.66,29.92,17.61,9.18,-4.39,205.80,83.57,38.53,37.45,76.97,36.79,68.89,133.26,145.34,94.69,113.71,58.12,-175.59,35.91,-45.22,-16.10,145.06,15.95,335.30,157.52,-60.82,-40.19,35.05,122.00,90.76,88.00,17.28,41.61,41.73,-9.49,83.91,23.58,252.36,-649.68,4.81,6.67,20.83,15.18,128.96,130.03,37.65,38.45,-33.45,-10.35,57.71,3.73,-167.73,-194.97,-173.02
12.00,35.73,17.59,-67.06,-0.30,-62.44,29.26,55.61,75.46,75.80,65.14,65.14,-50.36,-28.28,-16.99,26.51,26.51,61.77,61.77,59.34,119.76,-119.18,96.15,71.17,-17.56,88.17,83.44,75.41,-3.57,39.90,131.56,136.92,136.92,48.30,48.30,73.76,74.96,74.96,146.77,146.85,56.02,56.02,50.74,50.74,88.86,88.86,74.54,45.18,45.18,61.19,64.78,-155.03,-41.19,-31.35,14.56,43.38,22.93,20.45,20.45,21.61,37.34,-33.23,33.28,0.00,0.00,122.72,122.72,-115.63,-12.34,165.94,-10.72,-5.63,22.27,3.93,-14.87,-31.24,16.07,-39.99,-42.12,23.93,3.70,-0.40,-0.89,28.43,48.95,41.57,46.48,14.74,15.89,22.28,-2.53,7.92,-56.51,-56.51,-56.55,-12.03,-12.20,152.97,23.66,23.60,63.80,63.80,76.12,80.91,-13.32,152.54,-8.26,-8.26,-19.01,89.25,89.25,71.81,-11.93,13.92,48.95,60.16,60.16,59.75,29.25,-50.21,339.98,352.74,5.28,-119.32,27.58,262.46,11.07,360.97,334.52,63.76,119.33,357.35,68.99,69.16,186.53,-15.68,21.71,1.16,136.76,-20.25,-0.87,76.12,84.17,-36.03,-39.10,67.08,88.00,35.48,73.29,50.57,171.40,56.47,12.10,230.06,230.06,86.44,86.44,29.02,28.98,92.95,11.68,11.07,61.77,-2.85,9.07,1.06,4.27,-2.59,-3.82,-32.56,7.78,38.72,4.43,11.53,99.14,48.35,-5.64,-35.03,-71.35,19.31,-103.61,62.53,18.09,-20.68,149.06,236.65,-1.77,1.74,-13.95,-7.12,73.72,193.63,-57.29,619.98,491.20,219.72,-69.15,23.27,23.19,289.53,289.83,125.79,125.79,345.05,155.21,-22.48,4.81,57.29,4.42,-15.50,23.79,74.63,-16.10,-16.21,155.20,24.07,24.07,32.11,32.09,148.80,134.20,32.23,11.93,30.13,30.13,28.16,28.16,67.72,-16.02,70.71,25.93,84.67,53.28,23.57,15.28,40.73,40.73,40.62,38.46,16.44,-6.98,15.99,84.15,84.15,16.35,-63.90,27.34,8.36,23.93,12.41,20.18,12.60,7.89,15.12,30.43,28.57,48.78,46.55,1.12,-9.03,-40.49,-46.29,-8.03,20.95,-29.23,-13.77,-8.05,25.34,10.88,-22.14,4.04,19.31,33.25,-15.67,0.00,-206.04,-44.08,124.75,-192.34,-168.76,24.18,94.90,40.70,-15.95,-21.89,56.51,71.06,87.04,44.25,44.23,74.22,-16.97,289.10,20.43,162.32,162.32,34.02,-7.39,3.38,65.51,100.65,167.25,-39.97,33.07,18.11,8.84,-4.23,201.52,93.93,39.33,38.67,75.94,37.96,67.41,127.59,156.88,90.27,108.89,56.84,-178.70,33.27,-44.04,-16.50,147.69,15.41,310.86,165.82,-59.07,-41.02,35.40,122.44,83.36,99.04,16.18,40.29,37.47,-9.99,80.18,23.13,251.69,-650.48,-0.39,4.81,20.06,15.50,130.35,131.44,37.48,38.28,-32.09,-11.29,56.34,4.66,-168.74,-193.63,-176.08
13.00,34.81,17.22,-65.93,0.52,-60.73,33.22,53.19,75.55,75.89,64.27,64.27,-49.35,-28.12,-16.79,20.55,20.55,64.10,64.10,61.58,120.47,-119.88,114.41,84.68,-16.80,87.64,81.65,69.62,3.68,35.33,139.33,145.03,145.03,52.07,52.07,75.86,78.44,78.44,148.98,149.08,64.19,64.19,52.79,52.79,89.59,89.59,74.59,47.07,47.07,66.52,66.05,-157.47,-42.87,-33.33,15.36,45.43,23.19,20.14,20.14,22.46,40.11,-33.16,33.53,0.00,0.00,119.16,119.16,-116.04,-12.60,167.72,-12.41,-6.62,22.33,4.47,-13.14,-32.97,16.57,-39.66,-41.68,23.83,2.17,0.04,-0.39,27.57,42.38,43.01,48.22,11.13,16.76,23.28,-19.36,8.51,-56.93,-56.94,-56.98,-12.29,-12.46,154.84,26.75,26.68,67.30,67.30,82.21,87.39,-11.97,180.47,0.52,0.52,-18.18,90.11,90.11,69.60,-11.69,13.57,42.38,60.42,60.42,57.15,33.20,-49.20,343.84,353.98,5.04,-120.33,28.41,247.50,12.74,342.92,336.45,65.00,120.03,339.66,69.04,69.21,186.04,-16.58,4.87,1.15,152.54,-21.02,-1.14,82.22,69.72,-34.05,-37.37,74.35,88.00,37.14,70.30,48.51,179.47,55.21,11.82,230.06,230.06,87.31,87.31,32.96,32.91,77.55,10.90,12.74,64.10,-3.20,9.28,0.79,4.04,-2.52,-3.88,-32.62,8.27,37.77,4.99,10.52,110.68,46.45,-5.61,-35.77,-67.96,20.46,-102.12,58.81,17.01,-17.76,149.05,235.17,-1.92,1.63,-13.59,-7.71,73.77,215.07,-61.58,597.20,466.49,203.86,-69.10,25.07,24.99,289.54,289.84,121.73,121.73,366.81,162.64,-23.99,5.68,61.58,4.94,-17.20,27.31,70.71,-8.84,-8.98,162.63,24.09,24.09,31.05,31.03,155.66,134.20,32.89,13.38,31.77,31.77,29.59,29.59,66.57,-17.40,69.92,24.57,83.32,53.06,24.44,17.25,39.30,39.30,41.48,39.36,16.51,-7.69,15.33,85.06,85.06,17.08,-65.13,25.00,8.11,20.13,13.87,23.17,14.24,9.86,12.78,31.02,29.12,48.04,45.85,1.66,-8.42,-41.83,-44.91,-7.59,20.65,-29.21,-13.36,-13.23,24.76,10.80,-22.47,4.07,19.10,31.14,-15.60,0.00,-221.95,-43.81,141.58,-208.36,-165.84,43.23,108.46,35.77,-16.31,-21.75,53.29,70.09,85.50,43.98,43.96,74.26,-16.77,324.24,34.49,157.08,157.08,27.06,-6.89,4.85,70.70,99.09,199.00,-42.03,33.33,17.82,8.13,-3.72,191.96,88.69,41.05,40.40,73.84,39.62,69.82,134.57,169.41,96.24,115.83,88.98,-171.50,31.15,-45.25,-13.96,149.76,21.58,279.73,165.73,-57.47,-40.31,37.06,128.64,93.07,110.55,16.30,44.30,41.67,-9.69,75.44,24.91,243.57,-646.60,21.70,5.68,19.80,17.20,129.32,130.40,37.32,38.12,-31.03,-8.86,59.20,5.94,-165.82,-215.07,-168.99
14.00,35.00,17.29,-68.05,0.41,-60.88,34.27,54.00,76.23,76.57,64.36,64.36,-48.89,-28.67,-16.84,17.00,17.00,64.99,64.99,62.43,118.79,-118.21,125.96,93.23,-14.96,87.44,81.44,68.87,5.28,34.44,142.44,148.27,148.27,56.75,56.75,76.34,82.05,82.05,151.92,152.01,66.52,66.52,55.78,55.78,93.70,93.70,78.36,49.99,49.99,71.24,68.15,-155.66,-45.18,-35.45,13.75,44.31,23.68,20.66,20.66,23.07,41.47,-34.20,32.97,0.00,0.00,110.21,110.21,-113.54,-11.17,169.28,-17.00,-10.97,21.74,4.43,-12.12,-33.04,16.60,-40.51,-42.91,23.03,0.64,0.24,-0.20,26.49,29.56,43.21,48.59,7.74,16.20,24.59,-34.91,8.43,-56.65,-56.66,-56.70,-10.89,-11.04,155.68,25.46,25.39,69.11,69.11,83.79,89.06,-11.02,181.14,5.60,5.60,-16.19,90.65,90.65,68.10,-13.32,13.35,29.56,60.58,60.58,58.03,34.26,-48.74,348.38,357.95,5.20,-118.33,29.01,206.05,13.44,304.54,347.29,67.04,118.36,301.96,68.79,68.95,189.13,-16.84,-10.57,1.15,160.02,-21.06,-1.21,83.79,59.19,-32.18,-35.68,76.35,88.00,37.60,69.60,48.03,183.26,55.94,11.46,230.06,230.06,87.91,87.91,34.02,33.97,48.49,10.86,13.44,64.99,-3.26,9.63,0.67,4.53,-2.42,-3.87,-33.28,9.43,35.48,5.07,9.37,115.08,46.53,-5.70,-35.95,-67.24,20.90,-101.45,53.66,15.52,-13.98,149.06,234.50,-1.93,1.54,-13.46,-7.63,77.50,229.29,-65.01,550.91,414.47,170.75,-69.49,24.54,24.46,289.54,289.85,113.20,113.20,387.98,164.25,-24.73,6.14,65.01,4.97,-17.78,28.68,64.29,-2.16,-2.30,164.23,23.45,23.45,29.23,29.21,162.78,134.20,33.13,13.89,32.77,32.77,30.91,30.91,68.74,-16.90,69.17,24.08,82.84,52.15,24.20,18.54,38.93,38.93,41.83,39.59,16.59,-9.17,14.92,85.72,85.72,18.04,-67.17,22.32,7.46,16.56,14.76,27.97,16.01,11.79,14.18,31.42,29.26,47.38,45.22,-0.08,-5.22,-40.53,-42.38,-7.30,19.52,-28.89,-13.41,-19.73,25.31,10.72,-22.06,4.53,18.47,30.84,-15.38,0.00,-231.97,-43.71,149.86,-244.23,-162.08,83.17,106.90,35.32,-18.05,-21.21,49.25,69.11,83.59,43.88,43.86,78.05,-16.82,336.96,45.79,147.13,147.13,22.25,-6.27,5.74,73.45,103.19,219.08,-42.70,32.77,18.48,7.81,-3.44,182.29,81.86,40.26,42.67,74.30,41.80,75.19,138.20,172.65,98.56,118.40,104.59,-166.41,30.86,-46.14,-13.49,151.01,26.65,217.74,169.27,-56.56,-41.02,37.52,133.50,98.24,114.94,17.21,45.98,44.74,-9.91,68.87,27.71,226.50,-640.19,37.07,6.14,21.40,17.78,125.21,126.25,36.87,37.66,-29.21,-7.61,61.86,6.81,-162.06,-229.29,-163.98
15.00,37.82,17.36,-69.83,0.66,-66.92,34.75,54.99,77.07,77.42,62.58,62.58,-49.13,-28.95,-15.69,10.82,10.82,66.21,66.21,63.60,118.93,-118.36,136.88,101.31,-16.92,93.66,83.59,69.59,4.52,34.58,149.47,155.59,155.59,56.09,56.09,79.04,80.58,80.58,149.50,149.61,73.76,73.76,57.27,57.27,93.87,93.87,78.46,51.28,51.28,72.00,68.25,-147.95,-52.69,-42.65,6.62,41.29,24.39,20.67,20.67,24.03,42.33,-33.68,28.94,0.00,0.00,108.61,108.61,-108.93,-9.48,169.85,-46.37,-39.64,15.18,-2.24,-12.66,-34.08,17.20,-42.81,-45.39,21.44,-1.53,-0.03,-0.54,26.32,13.90,44.17,49.57,1.96,13.22,28.66,-41.08,8.96,-57.66,-57.66,-57.70,-9.25,-9.38,153.75,33.29,33.21,72.83,72.83,86.88,92.35,-11.23,230.23,16.96,16.96,-18.31,90.22,90.22,64.90,-13.00,14.26,13.90,57.61,57.61,59.09,34.74,-48.98,354.49,362.71,4.60,-113.99,29.93,214.14,15.49,302.41,358.08,67.08,118.50,299.87,71.66,71.83,191.70,-16.54,-17.90,1.15,173.58,-21.63,-1.30,86.89,27.40,-32.49,-36.27,81.69,88.00,38.06,67.97,46.90,191.31,55.74,8.83,230.06,230.06,87.54,87.54,34.49,34.44,22.07,10.29,15.49,66.21,-3.36,10.07,1.03,4.70,-2.39,-3.62,-34.12,9.82,33.02,4.78,8.93,123.24,48.82,-6.11,-37.18,-64.95,20.75,-101.48,48.04,13.90,-9.05,149.06,234.54,-2.05,1.62,-14.94,-7.88,77.61,254.37,-70.07,545.49,414.54,150.86,-64.98,27.21,27.11,289.53,289.83,123.28,123.28,405.47,172.21,-25.03,8.30,70.07,5.14,-17.52,11.05,57.66,4.69,4.53,172.19,23.58,23.58,26.02,26.00,159.88,134.20,34.09,14.14,35.95,35.95,33.75,33.75,70.55,-18.54,68.02,23.00,81.75,51.05,21.66,20.29,39.08,39.08,42.28,40.12,15.51,-13.03,12.30,85.40,85.40,21.02,-67.28,17.96,6.45,10.91,16.76,57.23,18.66,14.34,13.81,31.37,29.30,45.33,43.27,-3.01,-3.01,-41.15,-40.06,-7.38,20.95,-27.54,-12.41,-25.40,25.85,10.79,-21.34,3.92,19.24,35.06,-15.02,0.00,-245.95,-46.82,167.18,-237.96,-157.16,81.78,131.92,35.79,-19.35,-22.41,48.91,70.29,81.67,47.01,47.00,78.16,-15.67,387.31,49.16,147.62,147.62,11.78,-5.82,7.04,80.05,107.19,238.05,-39.55,28.78,19.90,8.00,-3.78,165.35,137.89,34.77,49.74,81.03,48.57,77.78,145.64,179.02,104.67,125.13,140.85,-165.88,35.09,-51.09,-12.28,153.37,31.43,171.51,171.76,-52.37,-44.88,37.97,140.78,104.93,123.09,20.12,52.63,50.10,-10.29,61.68,32.47,246.68,-633.55,62.21,8.30,20.35,17.52,137.33,138.47,37.31,38.11,-26.00,-5.68,67.53,7.98,-157.14,-254.37,-163.45
16.00,28.94,11.47,-64.19,-11.09,-116.59,23.44,46.46,87.04,87.42,171.36,171.36,-178.37,114.87,104.06,24.75,24.75,57.30,57.30,55.04,93.52,-93.17,140.11,103.71,-19.45,102.03,82.46,69.74,3.74,34.84,155.20,161.57,161.57,20.95,20.95,97.23,30.28,30.28,106.94,107.09,95.91,95.91,77.52,77.52,92.58,92.58,77.39,70.10,70.10,48.94,45.93,16.15,-57.24,-81.82,-2.57,3.31,25.05,21.13,21.13,0.19,17.86,-55.29,6.15,0.00,0.00,101.05,101.05,31.43,85.43,202.78,-45.29,-38.61,15.49,-1.50,-12.43,-34.37,17.23,-42.77,-45.22,20.98,-2.24,-0.32,-0.72,25.27,10.05,44.04,49.38,0.50,11.39,31.19,-47.48,8.93,-77.72,-77.73,-77.79,83.34,84.49,180.00,88.02,87.91,76.51,76.51,88.16,93.71,-70.86,227.54,130.58,130.58,-21.05,137.01,137.01,0.52,-12.62,26.70,10.05,84.42,84.42,49.92,23.43,-177.82,0.00,247.99,-1.36,12.88,0.00,222.57,17.17,295.72,345.89,130.77,93.26,293.29,71.70,71.88,159.42,-14.30,-22.86,1.17,180.44,-20.34,-0.43,88.17,-56.95,-31.68,-34.76,86.30,88.00,37.76,68.24,47.09,197.73,55.70,-121.40,99.21,99.21,133.14,133.14,23.25,23.21,15.67,11.59,17.17,57.30,-0.46,6.77,9.25,4.75,0.29,-3.61,-33.26,12.21,32.77,-8.88,7.30,128.43,58.36,-8.27,-32.18,-65.09,20.41,-102.45,43.80,12.67,36.25,149.06,235.52,-1.78,2.38,-12.93,-5.28,76.54,277.82,-74.40,523.56,405.90,143.53,-95.28,25.64,25.55,289.54,289.84,122.75,122.75,273.78,194.42,-22.07,11.57,74.40,5.21,-16.92,8.23,22.65,30.09,29.87,194.40,23.29,23.29,25.10,25.08,60.23,134.20,35.09,17.86,36.58,36.58,34.03,34.03,64.80,-7.54,67.53,22.68,81.44,50.46,19.63,21.46,168.01,168.01,41.40,39.72,16.35,-11.34,5.78,130.52,130.52,22.88,-45.48,16.74,6.05,9.45,17.85,56.11,27.45,23.01,13.39,31.25,28.75,41.83,39.92,-0.59,-6.80,-43.16,-40.14,-7.71,20.74,-27.73,-12.53,-30.26,24.83,10.79,-21.46,4.03,19.14,24.76,-14.98,0.00,-246.24,-51.01,224.63,-180.81,-111.96,69.42,80.13,35.63,-19.91,-27.99,49.82,72.19,79.74,51.23,51.21,77.08,104.85,358.88,51.99,139.57,139.57,5.58,-5.43,7.28,82.78,107.77,243.68,-15.29,6.14,21.68,6.12,-4.11,151.35,132.94,30.93,54.13,51.90,52.75,80.45,153.00,181.66,109.14,126.88,312.46,-154.11,24.77,6.39,-247.99,71.91,33.89,157.80,140.34,-52.26,-103.98,37.67,136.92,109.09,128.26,6.52,63.41,51.75,24.30,56.26,32.78,245.61,-598.64,134.08,11.57,18.98,16.92,137.27,138.41,36.91,37.70,-25.08,-20.24,68.09,8.28,-111.96,-277.82,-151.85
17.00,29.53,-25.07,-33.32,4.27,-98.10,20.34,44.36,85.45,85.82,168.79,168.79,-178.37,114.35,105.59,20.47,20.47,57.22,57.22,54.96,120.04,-119.45,151.14,111.87,-21.06,108.00,88.72,76.39,8.17,40.12,180.88,188.37,188.37,12.04,12.04,90.09,30.56,30.56,104.18,104.34,104.45,104.45,77.84,77.84,90.15,90.15,73.49,70.92,70.92,61.46,55.44,29.86,-61.24,-87.80,-7.38,-2.15,24.39,20.88,20.88,-6.19,12.11,-54.43,5.44,0.00,0.00,98.62,98.62,41.67,78.60,204.60,-47.67,-40.71,16.60,-1.88,-12.64,-36.09,17.94,-42.21,-45.00,21.12,-4.11,-0.97,-1.38,27.14,7.70,45.58,51.04,-2.50,10.54,33.30,-53.64,8.69,-74.85,-74.86,-74.92,76.67,77.73,180.00,66.41,66.29,80.95,80.95,92.76,98.60,-63.96,294.82,140.29,140.29,-22.79,134.74,134.74,8.12,-13.11,12.27,7.70,84.74,84.74,47.67,20.33,-177.82,0.00,233.36,-39.44,23.60,0.00,235.06,16.26,299.49,356.79,97.72,119.60,297.00,72.81,72.99,128.02,-13.10,-29.43,1.22,189.33,-19.38,-0.26,92.77,-176.92,-30.43,-33.67,109.51,88.00,38.97,65.56,45.24,224.89,62.31,-124.95,107.97,107.97,131.10,131.10,20.16,20.13,11.74,12.55,16.26,57.22,-0.07,6.41,9.37,3.55,0.53,-3.94,-32.60,9.95,38.93,-9.61,8.74,136.86,54.26,-7.19,-33.18,-61.78,20.91,-101.14,47.79,13.82,41.85,149.06,190.72,-1.59,2.28,-15.21,-3.87,72.67,300.55,-80.93,517.66,411.62,142.27,-97.09,30.69,30.56,289.52,289.82,126.33,126.33,294.57,202.96,-22.18,14.38,80.93,5.38,-18.36,4.26,13.23,13.59,13.35,202.94,23.36,23.36,24.31,24.30,60.80,134.20,35.38,14.45,38.76,38.76,35.74,35.74,33.48,-24.09,67.15,22.39,81.15,50.05,19.11,22.09,168.02,168.02,42.93,41.22,15.91,-15.30,-33.92,128.65,128.65,24.43,-54.79,14.66,5.48,6.20,19.28,58.94,23.31,18.97,14.67,32.21,29.31,66.79,0.00,16.14,7.07,-49.58,-47.11,-8.65,18.22,-30.36,-14.51,-28.87,23.71,10.79,-22.82,5.27,17.89,21.64,-15.40,0.00,-265.84,-53.99,249.31,-171.40,-106.36,65.55,120.02,41.40,-20.23,-66.66,50.90,74.31,80.01,54.24,54.22,73.15,106.40,421.81,54.90,139.17,139.17,10.86,-4.70,8.45,88.41,120.65,262.85,-11.83,5.44,21.79,8.18,-4.73,150.18,133.58,29.58,57.81,45.76,56.24,85.83,161.87,191.13,112.86,130.30,373.18,-296.56,21.65,8.42,-233.36,89.05,30.96,152.57,109.44,-50.07,-90.58,38.88,146.92,118.68,136.67,10.59,69.27,52.17,26.22,61.36,38.52,252.79,-589.20,170.80,14.39,19.26,18.36,141.05,142.23,37.34,38.14,-24.30,-14.16,71.51,9.59,-106.36,-300.55,-292.20
18.00,29.61,-24.12,-35.61,1.18,-115.42,16.64,42.08,86.34,86.72,169.97,169.97,-178.37,116.14,104.14,17.98,17.98,57.99,57.99,55.71,118.78,-118.21,155.89,115.39,-22.36,113.17,90.00,75.78,6.78,38.47,182.63,190.20,190.20,13.63,13.63,90.50,31.41,31.41,104.36,104.52,104.44,104.44,78.19,78.19,90.82,90.82,73.50,71.23,71.23,62.15,54.99,29.92,-63.98,-89.72,-8.83,-0.87,24.60,20.47,20.47,-6.20,13.02,-49.02,2.28,0.00,0.00,94.60,94.60,39.10,76.38,205.16,-47.72,-40.48,17.17,-1.36,-12.05,-36.06,17.85,-41.31,-44.08,21.04,-5.43,-1.10,-1.40,27.64,6.55,45.78,51.37,-4.99,10.28,34.64,-58.69,8.60,-74.54,-74.55,-74.61,74.51,75.53,180.00,66.41,66.29,81.82,81.82,96.46,102.53,-72.42,308.04,140.83,140.83,-24.20,132.24,132.24,8.92,-13.44,15.79,6.55,83.37,83.37,45.22,16.63,-177.82,0.00,234.63,-38.77,21.79,0.00,231.75,14.79,296.55,364.24,99.03,118.35,294.10,73.33,73.51,126.58,-13.28,-35.48,1.26,200.45,-18.17,0.06,96.47,-185.61,-29.78,-33.01,109.88,88.00,39.57,64.81,44.72,227.49,61.56,-120.54,111.12,111.12,128.57,128.57,16.45,16.42,9.41,13.77,14.79,57.99,-0.04,7.02,7.99,2.92,-0.22,-4.03,-34.18,10.00,38.86,-7.58,9.05,142.54,51.07,-6.56,-33.51,-61.10,21.59,-100.14,47.57,13.76,43.41,149.06,189.71,-1.34,2.32,-15.32,-2.62,72.68,311.22,-83.26,509.94,407.92,139.05,-85.89,28.71,28.59,289.51,289.81,126.04,126.04,300.25,202.95,-22.37,14.91,83.26,5.40,-19.16,2.40,9.72,17.66,17.42,202.92,23.60,23.60,23.57,23.55,62.48,134.20,36.42,14.93,40.13,40.13,36.81,36.81,35.80,-21.51,66.09,21.82,80.57,48.66,19.06,23.78,167.98,167.98,42.07,40.49,15.05,-17.88,-34.29,126.06,126.06,25.41,-54.35,13.09,4.99,3.94,20.62,59.54,20.69,16.33,15.59,31.16,28.24,69.54,0.00,19.00,9.60,-49.37,-47.21,-8.82,17.20,-30.99,-14.83,-31.93,24.99,10.79,-23.28,5.78,17.38,22.87,-15.73,0.00,-271.49,-56.58,253.16,-174.44,-104.80,70.17,124.83,40.11,-20.46,-66.20,52.05,76.51,81.01,56.85,56.83,73.16,104.93,437.38,56.90,138.74,138.74,11.17,-3.87,9.14,90.49,123.61,271.11,-9.21,2.28,20.81,8.26,-4.81,153.36,130.65,29.26,60.13,43.88,58.42,85.57,163.62,198.74,110.85,127.72,384.10,-290.25,22.88,13.90,-234.63,92.09,26.88,147.06,108.22,-49.04,-91.60,39.47,150.76,120.51,142.33,4.40,72.00,57.59,25.37,61.08,36.54,252.21,-585.68,181.31,14.91,20.27,19.16,140.77,141.95,37.69,38.50,-23.55,-12.84,73.65,10.42,-104.80,-311.22,-285.98
19.00,21.82,-25.16,-36.24,-0.03,-122.48,15.94,40.45,86.44,86.81,169.11,169.11,-178.37,114.52,105.86,12.28,12.28,59.71,59.71,57.36,117.68,-117.12,161.18,119.30,-23.80,119.03,92.42,77.45,6.54,39.28,185.40,193.09,193.09,13.60,13.60,92.50,30.26,30.26,103.56,103.73,106.28,106.28,77.93,77.93,91.54,91.54,73.40,70.83,70.83,59.39,49.96,31.41,-66.02,-93.52,-11.33,-1.37,25.07,20.41,20.41,-6.19,13.54,-47.24,0.99,0.00,0.00,95.73,95.73,37.73,79.81,206.11,-50.98,-43.51,17.39,-1.40,-12.22,-36.95,18.30,-39.19,-41.94,20.36,-6.67,-1.00,-1.41,27.50,9.15,46.53,52.17,-7.85,10.25,35.99,-62.82,8.87,-73.94,-73.95,-74.00,77.85,78.92,180.00,66.41,66.28,84.04,84.04,98.71,104.92,-73.44,342.37,152.28,152.28,-25.76,131.06,131.06,10.98,-12.69,17.23,9.15,82.37,82.37,43.47,15.94,-177.82,0.00,234.47,-40.96,20.90,0.00,250.91,15.08,308.97,357.22,109.47,117.26,306.32,74.65,74.83,125.48,-12.58,-38.53,1.28,205.14,-18.33,0.07,98.71,-202.48,-29.92,-33.32,111.29,88.00,40.00,63.44,43.78,231.09,62.38,-125.37,108.27,108.27,127.50,127.50,15.76,15.73,16.74,13.61,15.08,59.71,0.19,5.30,8.97,2.67,0.14,-4.00,-34.35,10.10,38.31,-9.09,6.77,148.21,51.75,-6.61,-32.57,-59.23,21.57,-100.46,46.39,13.42,45.38,149.06,205.27,-1.38,2.39,-15.25,-2.54,72.59,323.47,-86.34,520.92,425.14,147.96,-76.51,35.11,34.93,289.46,289.76,129.85,129.85,300.64,205.04,-22.34,15.99,86.34,5.50,-19.83,-0.45,6.61,22.48,22.23,205.02,24.99,24.99,22.01,22.00,60.19,134.20,37.45,16.32,41.17,41.17,37.63,37.63,36.44,-20.58,64.49,21.03,79.79,46.52,18.85,26.03,167.82,167.82,43.51,41.68,15.12,-19.24,-39.16,125.08,125.08,26.40,-49.44,10.78,4.50,0.80,22.33,63.14,20.87,16.36,16.88,32.41,29.02,67.31,0.00,17.45,8.36,-48.96,-46.51,-8.66,17.21,-30.67,-14.88,-32.84,24.76,10.82,-22.87,5.81,17.41,25.83,-15.79,0.00,-278.92,-59.50,262.95,-158.20,-102.84,55.79,141.94,40.70,-20.70,-69.56,52.96,79.53,81.56,59.81,59.78,73.07,106.67,466.92,58.15,141.36,141.36,10.27,-3.49,9.97,95.28,128.08,280.30,-6.35,0.99,21.30,8.72,-4.67,149.84,134.18,29.03,62.47,46.17,60.63,88.55,168.04,203.36,113.76,130.66,401.44,-280.54,25.85,14.31,-234.47,92.94,26.68,163.34,107.36,-46.99,-93.10,39.90,153.39,125.20,147.99,10.86,73.57,56.58,27.12,59.57,42.81,259.82,-582.49,198.81,15.99,20.78,19.83,143.15,144.34,39.31,40.15,-22.00,-13.54,75.30,11.18,-102.84,-323.47,-276.42
20.00,25.91,-22.26,-40.29,-6.89,-85.68,7.83,31.18,84.04,84.41,166.77,166.77,-178.37,114.76,105.87,10.04,10.04,60.19,60.19,57.82,114.77,-114.23,163.82,121.26,-26.06,125.10,91.51,77.70,5.98,38.95,186.11,193.83,193.83,14.93,14.93,94.67,29.78,29.78,104.03,104.20,109.21,109.21,78.43,78.43,92.48,92.48,74.30,71.18,71.18,55.75,45.55,30.95,-67.39,-97.22,-14.32,-4.64,25.72,21.18,21.18,-6.18,14.24,-49.50,2.66,0.00,0.00,95.34,95.34,37.65,87.92,207.24,-50.68,-43.23,17.92,-0.97,-12.10,-37.10,18.32,-38.06,-40.76,20.14,-7.38,-0.88,-1.38,27.45,10.07,46.80,52.50,-9.64,10.71,36.93,-64.07,8.90,-73.10,-73.11,-73.17,85.77,86.95,180.00,76.62,76.50,85.29,85.29,100.38,106.70,-63.89,339.79,155.04,155.04,-28.21,132.31,132.31,12.70,-11.80,24.06,10.07,82.51,82.51,33.51,7.83,-177.82,0.00,227.16,-38.12,20.47,0.00,248.62,14.05,308.63,359.31,124.65,114.37,305.99,75.15,75.33,119.59,-13.17,-40.75,1.38,212.23,-18.47,-0.09,100.39,-205.05,-29.92,-33.21,110.46,88.00,40.43,62.90,43.40,232.75,63.39,-125.19,96.47,96.47,128.55,128.55,43.26,43.20,18.62,13.46,14.05,60.19,0.04,5.48,8.64,2.93,0.29,-4.07,-34.54,10.83,38.62,-8.78,6.46,151.33,53.99,-6.91,-32.81,-58.74,21.99,-97.90,46.50,13.45,45.45,149.05,230.64,-1.41,2.21,-14.79,-2.65,73.48,329.04,-86.70,519.42,424.62,148.82,-84.16,38.10,37.90,289.46,289.76,129.30,129.30,302.20,208.10,-23.11,15.51,86.70,5.73,-19.96,-1.02,7.29,28.31,28.06,208.07,25.07,25.07,21.35,21.34,59.23,134.20,38.22,17.53,41.89,41.89,38.15,38.15,40.52,-13.64,63.31,20.15,78.91,45.19,19.33,27.99,167.98,167.98,44.85,43.14,14.90,-20.83,-37.67,125.94,125.94,27.09,-45.12,9.67,4.25,-0.77,23.35,62.80,21.87,17.14,16.72,32.17,29.22,66.71,0.00,16.52,7.42,-48.96,-46.83,-8.68,17.43,-31.11,-15.07,-33.76,24.70,10.83,-23.21,5.72,17.53,26.31,-16.04,0.00,-284.79,-62.54,264.30,-160.35,-102.77,58.03,137.47,40.46,-20.85,-66.51,53.78,82.82,81.96,62.88,62.85,73.97,106.68,468.03,58.94,141.36,141.36,11.36,-3.27,10.44,96.47,130.41,284.88,-6.72,2.66,21.80,8.01,-4.63,151.11,132.46,29.96,64.11,46.07,62.17,93.96,170.56,206.80,115.69,132.97,399.19,-278.76,26.32,12.07,-227.16,91.90,23.85,165.92,101.61,-46.26,-85.02,40.33,155.34,129.22,151.09,10.43,72.53,60.54,29.43,59.71,45.76,258.73,-583.16,196.82,15.52,20.11,19.96,142.04,143.22,39.41,40.25,-21.34,-15.44,76.35,11.63,-102.76,-329.04,-274.67
21.00,23.89,-22.61,-41.37,-8.16,-83.85,7.69,28.35,83.44,83.80,165.92,165.92,-178.37,115.93,106.59,11.88,11.88,58.87,58.87,56.55,112.88,-112.37,168.33,124.60,-26.30,128.53,92.67,78.03,6.19,40.29,188.84,196.68,196.68,13.96,13.96,95.42,27.15,27.15,101.31,101.48,117.69,117.69,78.08,78.08,91.56,91.56,73.41,70.78,70.78,54.82,43.84,34.36,-69.78,-101.41,-17.33,-5.63,26.23,20.91,20.91,-6.18,14.64,-47.43,1.30,0.00,0.00,96.76,96.76,38.43,88.68,208.39,-52.15,-44.34,17.53,-1.97,-12.05,-37.29,18.37,-38.92,-41.54,20.70,-6.90,-0.94,-1.38,27.01,10.96,46.79,52.46,-8.73,11.05,38.13,-66.33,8.81,-73.02,-73.03,-73.09,86.50,87.69,180.00,101.87,101.74,86.04,86.04,103.79,110.32,-63.75,337.13,154.27,154.27,-28.46,131.38,131.38,12.92,-12.62,24.98,10.96,81.50,81.50,30.47,7.68,-177.82,0.00,225.24,-38.90,21.61,0.00,252.75,12.30,314.93,365.21,128.71,112.49,312.17,75.13,75.32,117.77,-14.47,-41.20,1.37,218.30,-18.79,-0.06,103.80,-199.49,-30.06,-33.57,112.50,88.00,40.29,62.92,43.42,235.91,61.71,-125.72,96.54,96.54,127.65,127.65,47.31,47.23,21.51,13.15,12.30,58.87,-0.03,6.64,8.79,3.48,0.10,-4.20,-34.49,10.88,39.11,-8.67,7.50,155.04,53.34,-6.92,-34.93,-58.64,21.80,-99.04,47.65,13.78,45.13,149.06,232.12,-1.47,2.36,-15.24,-2.85,72.60,336.73,-87.15,524.32,433.63,152.33,-82.27,38.19,37.98,289.46,289.76,131.78,131.78,307.61,216.60,-24.23,14.96,87.15,5.51,-20.30,-4.28,7.47,34.19,33.94,216.57,23.95,23.95,22.31,22.29,54.00,134.20,38.43,18.37,43.65,43.65,39.77,39.77,41.62,-11.94,64.08,20.09,78.85,46.62,19.81,27.21,167.37,167.37,41.65,40.05,14.88,-19.99,-38.73,125.06,125.06,27.97,-43.43,10.79,4.56,0.53,22.48,64.94,21.92,17.29,17.46,31.14,27.99,68.77,0.00,17.72,8.62,-48.02,-47.46,-8.82,16.13,-31.93,-15.75,-33.59,24.45,10.83,-23.60,6.36,16.88,27.45,-16.05,0.00,-292.80,-64.25,264.92,-156.14,-103.09,53.48,132.83,40.85,-23.08,-67.98,56.80,85.68,83.02,64.61,64.58,73.08,107.41,471.11,59.55,142.81,142.81,15.61,-2.86,10.26,97.36,133.71,292.73,-4.10,1.30,21.53,8.40,-4.64,157.86,139.60,30.77,66.21,46.53,64.15,94.27,172.05,213.82,117.86,135.36,399.76,-280.86,27.46,11.98,-225.24,91.77,17.32,172.30,99.84,-46.26,-83.37,40.20,160.02,132.54,154.80,9.79,73.41,62.88,31.21,61.18,45.69,263.70,-583.35,184.57,14.96,21.29,20.30,143.64,144.84,38.01,38.82,-22.29,-15.23,79.58,11.47,-103.08,-336.73,-276.73
22.00,22.80,-22.74,-42.17,-8.77,-82.61,12.92,24.80,82.82,83.19,164.94,164.94,-178.37,114.45,106.38,9.67,9.67,59.04,59.04,56.72,115.09,-114.55,171.91,127.25,-23.70,131.07,94.46,79.62,7.74,40.64,190.67,198.59,198.59,13.82,13.82,94.99,27.69,27.69,101.56,101.74,121.26,121.26,79.15,79.15,93.40,93.40,74.78,71.87,71.87,56.29,44.57,37.63,-72.23,-104.68,-21.27,-7.87,26.33,20.89,20.89,-6.18,15.52,-48.11,1.11,0.00,0.00,93.65,93.65,40.63,89.92,209.88,-52.37,-44.45,17.93,-2.10,-11.78,-37.43,18.39,-39.40,-41.99,20.21,-7.60,-0.59,-1.09,28.12,5.81,46.95,52.66,-9.55,11.80,39.47,-67.21,9.07,-72.33,-72.34,-72.39,87.72,88.93,180.00,101.87,101.74,87.85,87.85,104.85,111.44,-61.92,341.17,157.89,157.89,-25.65,130.81,130.81,14.04,-12.41,25.66,5.81,80.64,80.64,26.66,12.92,-177.82,0.00,224.02,-39.38,23.84,0.00,240.35,13.01,304.55,368.58,129.42,114.68,301.97,75.24,75.42,118.06,-14.42,-43.89,1.39,221.98,-18.89,-0.15,104.85,-200.13,-29.49,-32.85,113.28,88.00,40.56,62.54,43.15,238.39,64.71,-126.49,95.41,95.41,127.11,127.11,49.93,49.86,9.74,13.05,13.01,59.04,-0.03,6.50,8.90,3.05,0.31,-4.09,-35.11,10.93,38.84,-8.98,7.97,157.55,53.94,-6.75,-35.08,-58.26,22.04,-99.08,46.86,13.55,46.97,149.06,232.14,-1.49,2.28,-15.44,-2.80,73.95,342.44,-89.28,509.17,419.51,141.64,-79.97,40.57,40.34,289.48,289.78,130.32,130.32,315.98,220.17,-24.91,15.39,89.28,5.89,-20.61,-2.40,4.56,33.67,33.42,220.14,24.26,24.26,21.33,21.32,55.09,134.20,39.07,18.22,43.94,43.94,40.24,40.24,42.43,-11.41,62.97,19.30,78.06,45.34,20.60,29.04,167.56,167.56,41.83,40.17,14.81,-21.11,-38.91,124.55,124.55,28.95,-44.15,9.49,4.19,-1.08,24.09,65.38,21.53,16.83,17.00,30.80,27.91,67.28,0.00,16.74,7.64,-49.62,-46.70,-8.34,17.55,-30.94,-15.04,-33.54,25.01,10.79,-23.04,5.65,17.58,28.17,-16.01,0.00,-296.12,-65.52,271.27,-166.68,-101.25,65.92,134.78,42.11,-26.23,-69.22,60.54,88.41,84.31,65.89,65.87,74.45,107.20,478.82,58.89,140.01,140.01,10.41,-2.39,10.57,99.58,135.92,298.95,-3.04,1.10,22.32,8.39,-4.27,150.40,138.04,32.32,68.53,46.95,66.32,93.44,175.67,215.99,120.53,138.28,409.98,-280.35,28.19,11.47,-224.02,90.32,15.00,149.85,100.36,-46.04,-82.61,40.46,162.32,133.48,157.29,12.03,73.35,64.04,31.98,60.17,47.96,260.77,-580.47,190.74,15.39,20.36,20.61,144.47,145.67,38.95,39.79,-21.32,-14.65,80.53,11.80,-101.25,-342.44,-276.23
23.00,22.79,-22.94,-44.17,-10.76,-80.37,13.29,22.43,82.40,82.77,164.26,164.26,-178.37,114.95,106.77,6.38,6.38,59.82,59.82,57.46,118.79,-118.21,175.83,130.15,-23.49,131.55,94.45,80.08,6.37,40.76,196.49,204.67,204.67,13.10,13.10,94.43,28.13,28.13,101.70,101.88,124.17,124.17,80.03,80.03,92.97,92.97,74.37,72.78,72.78,55.62,42.84,40.14,-73.82,-105.76,-22.03,-7.83,26.55,20.65,20.65,-6.16,15.89,-46.66,-0.38,0.00,0.00,95.05,95.05,41.20,89.70,210.17,-52.35,-44.20,17.57,-1.80,-11.47,-37.18,18.19,-38.92,-41.32,20.45,-7.72,-0.56,-1.04,27.98,7.67,47.00,52.81,-9.86,12.32,40.30,-67.29,9.21,-72.50,-72.51,-72.56,87.50,88.71,180.00,101.87,101.74,89.54,89.54,105.49,112.12,-60.95,345.20,162.68,162.68,-25.43,130.85,130.85,13.66,-11.63,27.32,7.67,80.24,80.24,24.10,13.29,-177.82,0.00,223.30,-39.63,24.81,0.00,235.17,9.64,306.69,374.04,136.93,118.35,304.07,75.25,75.43,118.73,-14.20,-43.66,1.36,225.03,-19.44,-0.38,105.49,-195.35,-29.61,-32.98,118.47,88.00,41.06,62.15,42.88,244.59,64.75,-126.88,96.88,96.88,127.15,127.15,55.10,55.02,12.91,12.50,9.64,59.82,-0.28,6.81,8.71,3.12,0.47,-4.17,-35.44,10.64,38.99,-8.71,7.73,161.23,53.58,-6.62,-35.42,-58.11,22.74,-98.39,48.04,13.90,48.04,149.06,231.46,-1.60,2.13,-16.00,-3.29,73.55,347.56,-91.09,502.65,422.23,144.60,-78.30,42.50,42.25,289.48,289.79,130.11,130.11,320.03,223.08,-25.08,15.93,91.09,5.89,-20.99,-1.32,4.18,32.34,32.08,223.06,24.09,24.09,21.57,21.56,55.95,134.20,39.34,18.32,44.91,44.91,40.99,40.99,44.46,-9.02,63.06,19.16,77.92,45.62,21.23,28.94,167.53,167.53,42.02,40.24,14.54,-21.64,-38.29,124.58,124.58,29.56,-42.45,9.57,4.23,-1.14,24.15,65.85,21.68,17.08,17.54,31.48,28.21,66.42,0.00,15.77,6.67,-47.32,-46.91,-8.40,17.10,-31.47,-15.46,-33.26,25.16,10.98,-23.31,5.87,17.36,29.68,-15.93,0.00,-300.77,-65.76,275.62,-171.55,-100.19,71.89,135.86,42.40,-25.23,-69.84,70.05,91.03,86.18,66.14,66.11,74.05,107.60,485.06,57.97,139.00,139.00,16.99,-1.43,10.71,101.77,140.39,305.76,-1.10,-0.38,22.74,8.41,-4.24,157.25,138.67,33.46,69.97,48.35,67.67,90.98,179.04,217.31,123.95,142.38,415.29,-283.06,29.70,10.62,-223.30,89.11,-1.25,155.94,101.17,-45.99,-82.21,40.96,165.30,135.19,160.96,11.93,74.31,63.39,31.46,61.68,46.65,260.35,-580.11,195.56,15.94,20.70,20.99,143.92,145.12,38.65,39.48,-21.56,-14.06,82.03,11.95,-100.18,-347.56,-278.90
24.00,23.28,-23.39,-45.30,-10.61,-82.34,16.20,22.47,82.55,82.91,165.23,165.23,-178.37,114.64,106.02,6.09,6.09,60.19,60.19,57.82,112.64,-112.12,177.12,131.11,-19.22,131.35,93.84,77.74,6.42,38.41,192.86,200.88,200.88,16.01,16.01,96.97,28.98,28.98,102.70,102.88,123.42,123.42,80.52,80.52,94.23,94.23,75.41,73.09,73.09,57.96,45.39,37.44,-70.90,-103.50,-19.25,-7.04,26.42,20.68,20.68,-6.16,15.94,-47.09,-0.29,0.00,0.00,93.73,93.73,40.18,90.47,209.12,-52.48,-44.44,17.55,-1.92,-11.19,-37.45,18.26,-39.52,-42.03,20.50,-7.05,-0.53,-1.04,28.22,7.09,46.86,52.61,-8.97,12.25,38.83,-68.09,9.03,-72.59,-72.60,-72.65,88.25,89.46,180.00,101.87,101.74,89.07,89.07,105.19,111.81,-61.40,344.43,160.75,160.75,-20.81,131.43,131.43,13.12,-12.54,26.78,7.09,81.24,81.24,24.15,16.20,-177.82,0.00,224.51,-40.11,23.24,0.00,223.70,6.51,304.02,370.70,130.23,112.25,301.46,74.81,74.99,120.98,-14.38,-43.99,1.35,226.37,-19.76,-0.73,105.19,-208.01,-29.18,-32.85,115.51,88.00,40.68,62.32,43.00,240.56,63.46,-125.61,94.60,94.60,127.52,127.52,54.49,54.40,10.97,12.17,6.51,60.19,-0.54,7.08,8.25,3.79,0.89,-4.11,-35.43,11.28,38.86,-8.43,7.29,160.84,53.33,-6.60,-34.47,-58.02,22.30,-102.65,47.84,13.84,48.99,149.06,235.78,-1.67,1.77,-14.93,-3.78,74.57,348.04,-90.87,489.05,418.31,143.01,-79.43,41.53,41.29,289.47,289.77,129.07,129.07,324.05,221.96,-25.28,15.57,90.87,5.81,-21.32,0.90,1.01,37.57,37.31,221.93,23.60,23.60,21.94,21.93,57.65,134.20,38.38,19.10,43.87,43.87,40.43,40.43,45.60,-8.70,63.31,18.93,77.68,46.27,21.08,29.15,167.53,167.53,41.85,40.14,14.90,-20.65,-37.69,124.75,124.75,28.48,-44.96,10.30,4.53,-0.15,24.06,65.75,21.66,17.11,17.36,31.46,28.48,67.76,0.00,17.11,8.05,-48.72,-46.72,-8.33,17.61,-31.03,-14.86,-32.98,25.05,10.94,-23.30,5.57,17.58,29.10,-15.87,0.00,-299.04,-65.66,277.61,-180.48,-99.23,81.85,136.17,40.80,-25.29,-70.73,81.47,93.62,88.25,66.03,66.00,75.08,106.84,485.87,58.86,136.83,136.83,12.86,-0.31,10.45,99.40,143.59,308.01,-2.77,-0.29,22.84,8.93,-4.24,154.56,136.25,33.24,67.41,47.37,65.27,82.42,178.12,216.69,124.01,142.93,419.32,-277.21,29.12,11.37,-224.51,87.79,-19.11,152.45,103.14,-46.11,-82.04,40.59,163.39,135.37,160.58,10.97,73.22,65.11,32.15,61.42,44.93,258.26,-576.91,199.72,15.57,21.75,21.32,143.49,144.69,37.84,38.65,-21.93,-14.38,80.91,11.58,-99.22,-348.04,-273.14
25.00,25.38,-22.56,-46.72,-9.10,-86.84,22.34,24.63,82.57,82.94,166.42,166.42,-178.37,114.28,105.62,3.66,3.66,61.93,61.93,59.49,110.14,-109.64,177.16,131.13,-20.85,134.25,89.17,73.48,3.62,35.35,188.55,196.38,196.38,19.11,19.11,97.42,31.91,31.91,105.93,106.11,115.68,115.68,82.01,82.01,94.05,94.05,76.37,74.55,74.55,57.91,46.69,34.98,-64.38,-96.64,-13.93,-4.86,26.05,20.46,20.46,-6.14,15.35,-46.32,-0.13,0.00,0.00,93.38,93.38,38.61,89.76,207.10,-51.27,-43.36,16.76,-1.71,-10.50,-36.38,17.83,-40.90,-43.22,20.64,-5.42,-0.83,-1.19,28.19,6.74,45.75,51.44,-6.36,11.23,35.37,-69.66,9.03,-72.57,-72.57,-72.63,87.56,88.77,180.00,81.51,81.38,87.99,87.99,102.38,108.82,-62.39,345.36,161.91,161.91,-22.57,131.42,131.42,15.76,-11.54,24.62,6.74,82.81,82.81,26.48,22.33,-177.82,0.00,226.34,-39.19,21.61,0.00,211.51,7.29,297.87,367.54,131.50,109.76,295.41,73.78,73.95,126.09,-14.60,-45.35,1.35,225.82,-19.97,-0.97,102.39,-221.13,-29.62,-33.03,114.26,88.00,39.73,64.17,44.28,234.35,59.00,-125.08,93.49,93.49,127.84,127.84,50.24,50.16,9.91,11.96,7.29,61.93,-0.69,8.06,8.01,3.95,1.23,-4.06,-35.51,11.60,38.59,-8.38,6.25,160.37,52.40,-6.66,-33.33,-60.20,21.78,-102.73,47.62,13.78,50.07,149.06,235.87,-1.71,1.51,-13.64,-4.20,75.53,346.76,-89.23,476.41,409.76,139.85,-84.13,38.76,38.55,289.49,289.79,126.65,126.65,323.15,214.19,-24.63,14.97,89.23,5.71,-20.39,1.07,1.17,36.70,36.44,214.17,23.66,23.66,22.97,22.95,63.48,134.20,37.60,19.62,42.33,42.33,38.86,38.86,47.04,-9.45,64.04,19.59,78.34,46.99,20.04,27.92,167.88,167.88,42.17,40.43,15.66,-18.58,-36.23,125.42,125.42,25.94,-46.23,12.43,5.06,3.01,23.09,64.29,21.46,17.00,16.63,31.58,28.84,68.52,0.00,18.27,9.07,-48.88,-46.67,-8.54,17.10,-30.93,-15.16,-32.83,25.26,10.94,-22.93,5.82,17.33,28.10,-15.88,0.00,-292.35,-67.11,278.15,-192.19,-98.16,94.72,137.29,36.83,-30.10,-69.83,92.59,95.59,89.35,67.50,67.47,76.06,106.43,485.69,60.62,134.33,134.33,11.48,0.24,9.41,97.80,144.69,308.07,-3.65,-0.13,21.99,9.04,-4.50,154.61,132.38,31.18,61.40,45.89,59.62,81.86,175.96,210.92,122.54,141.69,419.84,-271.52,28.11,13.44,-226.34,84.58,-28.66,148.24,108.16,-48.13,-81.86,39.64,159.76,132.29,160.10,10.80,73.49,65.04,31.89,61.15,41.49,253.43,-577.12,213.25,14.98,21.10,20.39,140.93,142.10,37.78,38.60,-22.95,-15.00,77.76,10.48,-98.16,-346.76,-267.53
26.00,21.64,3.39,-72.60,-23.88,-88.59,23.71,21.89,82.97,83.34,167.24,167.24,-178.37,114.09,105.10,5.63,5.63,61.72,61.72,59.29,116.00,-115.45,177.35,131.27,-23.57,138.18,83.31,67.20,0.59,30.54,191.17,199.11,199.11,18.39,18.39,95.71,34.42,34.42,106.39,106.58,115.02,115.02,83.90,83.90,91.25,91.25,73.63,76.53,76.53,67.61,57.41,37.99,-63.91,-95.96,-13.27,-3.25,24.88,19.80,19.80,-6.15,14.97,-49.48,1.54,0.00,0.00,90.23,90.23,43.46,79.43,206.84,-50.60,-42.82,16.74,-2.17,-10.18,-35.59,17.59,-42.74,-45.09,20.42,-4.49,-0.89,-1.33,27.82,2.53,44.88,50.50,-4.05,10.54,35.03,-68.94,8.99,-73.65,-73.66,-73.72,77.48,78.55,180.00,66.41,66.28,86.39,86.39,103.86,110.40,-64.27,349.87,158.16,158.16,-25.51,132.63,132.63,12.00,-11.09,38.99,2.53,82.34,82.34,23.52,23.70,-177.82,0.00,235.23,-13.06,25.78,0.00,190.02,5.82,284.65,367.88,104.43,115.59,282.40,73.05,73.23,148.87,-14.63,-44.35,1.36,225.16,-19.84,-0.89,103.87,-218.01,-29.65,-32.72,118.87,88.00,38.78,65.87,45.45,235.73,53.18,-124.16,108.93,108.93,128.96,128.96,61.42,61.32,0.20,12.09,5.82,61.72,-0.63,8.39,8.03,3.57,1.12,-3.99,-34.97,10.77,38.14,-8.35,7.39,161.28,52.72,-6.70,-33.17,-62.12,21.08,-103.20,46.61,13.48,52.56,149.06,192.83,-1.68,1.58,-13.45,-4.18,72.81,347.10,-88.07,451.66,391.75,128.81,-84.60,38.20,38.00,289.49,289.79,123.42,123.42,335.23,213.54,-24.11,14.87,88.07,5.39,-20.03,2.53,-1.87,29.81,29.54,213.52,23.77,23.77,23.19,23.18,68.46,134.20,36.15,17.52,41.10,41.10,38.07,38.07,73.38,6.05,65.07,20.59,79.35,47.93,19.39,25.74,167.75,167.75,41.66,40.23,16.01,-18.17,-10.41,126.45,126.45,25.70,-56.72,13.40,5.24,4.70,21.61,63.38,21.88,17.41,15.49,31.66,29.06,67.86,0.00,17.45,9.22,-48.72,-46.24,-8.55,17.06,-30.53,-14.91,-32.85,24.95,10.94,-22.69,5.84,17.31,25.21,-15.87,0.00,-290.19,-69.07,284.43,-211.24,-95.67,116.44,143.60,31.47,-30.04,-44.45,103.60,97.35,90.13,69.49,69.46,73.30,105.90,492.39,60.74,129.78,129.78,10.28,0.61,8.70,95.76,144.37,308.39,-5.51,1.54,21.96,8.27,-4.58,150.83,129.84,29.85,60.82,46.98,59.07,74.34,172.75,213.96,120.09,138.96,438.22,-272.87,25.22,11.27,-235.23,70.74,-42.61,127.52,130.96,-49.54,-90.14,38.69,159.51,130.42,161.01,10.07,74.39,63.47,31.69,59.85,40.79,246.95,-574.09,224.69,14.87,21.41,20.03,139.35,140.52,37.78,38.59,-23.18,-10.95,76.19,9.74,-95.66,-347.10,-268.86
27.00,22.30,2.97,-72.61,-23.78,-89.54,25.22,21.55,83.02,83.38,166.65,166.65,-178.37,114.41,105.38,6.14,6.14,61.73,61.73,59.30,114.74,-114.20,175.20,129.68,-25.54,139.01,83.60,68.04,0.44,31.26,189.93,197.82,197.82,18.31,18.31,96.46,34.39,34.39,106.41,106.59,114.78,114.78,84.31,84.31,92.15,92.15,74.47,76.89,76.89,61.52,60.71,37.55,-69.36,-98.33,-15.57,-3.34,24.58,19.86,19.86,-6.14,14.71,-54.40,5.09,0.00,0.00,90.61,90.61,44.24,79.37,207.72,-49.26,-41.53,16.68,-1.99,-10.30,-35.62,17.52,-42.81,-45.46,20.88,-4.90,-0.73,-1.24,27.97,2.09,45.10,50.77,-4.36,10.14,37.51,-62.61,9.54,-74.60,-74.61,-74.66,77.43,78.49,180.00,66.41,66.28,85.84,85.84,104.84,111.43,-64.60,339.28,157.57,157.57,-27.65,132.73,132.73,8.41,-10.28,38.89,2.09,81.23,81.23,23.17,25.21,-177.82,0.00,235.39,-13.18,26.13,0.00,186.19,4.01,286.97,359.70,103.94,114.33,284.68,73.01,73.18,149.10,-14.22,-39.39,1.34,219.37,-19.68,-0.85,104.84,-214.97,-29.49,-32.51,116.87,88.00,39.25,65.45,45.16,234.96,53.77,-124.47,113.12,113.12,129.04,129.04,58.82,58.73,0.18,12.25,4.01,61.73,-0.57,7.27,8.07,3.30,1.14,-3.70,-35.35,10.92,35.77,-8.47,6.50,161.97,56.53,-7.30,-32.57,-61.88,21.61,-102.07,44.76,12.95,52.13,149.06,191.70,-1.65,1.58,-13.37,-4.06,73.64,339.39,-86.94,450.70,395.01,129.72,-84.54,38.20,37.99,289.50,289.80,124.56,124.56,332.63,213.30,-23.42,14.41,86.94,5.47,-19.66,1.92,-0.07,28.36,28.09,213.28,23.22,23.22,23.61,23.60,68.41,134.20,35.95,17.08,40.41,40.41,37.33,37.33,73.39,5.94,66.11,21.87,80.63,48.66,18.81,23.60,167.87,167.87,40.55,38.87,16.39,-17.29,-9.93,126.50,126.50,27.51,-59.94,13.50,5.15,4.63,20.66,62.00,24.96,20.21,17.94,31.55,28.26,63.23,0.00,11.81,9.04,-46.44,-43.44,-8.07,18.60,-28.50,-13.64,-31.95,25.14,10.94,-21.41,5.08,18.07,25.38,-15.85,0.00,-284.81,-69.49,282.50,-214.37,-96.11,119.16,139.83,32.14,-30.38,-44.22,110.29,97.97,91.07,69.91,69.87,74.14,106.18,480.83,57.67,130.52,130.52,7.76,0.54,8.86,95.00,144.94,304.66,-6.72,5.09,23.24,6.96,-4.39,144.23,131.86,28.87,65.12,51.65,63.12,80.65,171.65,215.97,118.96,137.65,431.72,-275.35,25.39,8.91,-235.39,70.72,-52.90,128.40,131.22,-49.64,-91.43,39.16,156.15,128.32,161.70,10.05,72.62,57.01,28.54,57.49,40.78,249.23,-575.89,219.91,14.42,20.87,19.66,140.49,141.66,36.96,37.76,-23.60,-11.03,74.70,10.06,-96.10,-339.39,-271.30
28.00,22.60,2.49,-70.98,-23.68,-87.49,24.38,20.07,82.33,82.70,164.59,164.59,-177.64,115.70,106.07,10.28,10.28,59.65,59.65,57.30,118.20,-117.64,172.94,128.01,-25.32,138.80,90.84,75.24,6.73,37.59,195.22,203.34,203.34,10.93,10.93,92.78,26.07,26.07,101.08,101.25,120.54,120.54,76.19,76.19,86.21,86.21,68.41,69.09,69.09,43.35,42.65,32.22,-71.19,-102.07,-19.11,-5.02,26.08,20.70,20.70,-6.18,14.97,-49.00,2.02,0.00,0.00,108.93,108.93,36.59,88.11,209.06,-51.34,-43.42,16.96,-2.49,-12.16,-38.38,18.69,-38.19,-40.61,22.48,-4.21,-1.04,-1.53,28.16,32.49,47.41,53.05,-1.55,10.57,38.56,-54.20,10.02,-72.57,-72.58,-72.64,85.95,87.13,180.00,101.87,101.74,85.74,85.74,106.49,113.19,-62.81,336.36,153.62,153.62,-27.40,131.12,131.12,15.88,-10.49,38.72,32.49,80.30,80.30,21.57,24.37,-177.10,0.00,232.85,-13.38,20.23,0.00,280.29,4.28,371.68,309.87,138.40,117.78,367.84,74.87,75.05,145.86,-15.74,-29.52,1.35,216.43,-19.50,-0.68,106.49,-180.94,-31.55,-34.85,119.70,88.00,40.62,61.91,42.72,241.77,60.58,-124.85,99.84,99.84,127.47,127.47,59.56,59.47,72.81,12.43,4.28,59.65,-0.46,7.25,8.20,4.32,0.91,-3.97,-35.57,11.16,37.99,-8.47,7.94,161.25,55.51,-6.77,-35.64,-57.26,21.80,-102.46,47.24,13.66,41.44,149.06,235.60,-1.61,1.75,-14.44,-3.80,67.64,333.95,-86.23,557.21,510.46,205.43,-80.65,40.37,40.15,289.48,289.78,142.19,142.19,296.95,219.34,-25.01,13.07,86.23,5.14,-19.92,-8.55,15.22,26.84,26.59,219.31,23.50,23.50,26.04,26.02,51.85,134.20,37.24,18.06,42.20,42.20,38.68,38.68,71.73,5.93,65.81,21.55,80.31,48.40,17.93,24.04,166.69,166.69,39.89,38.38,15.30,-18.58,-9.66,124.95,124.95,28.28,-42.27,16.01,5.74,7.40,21.02,64.40,21.66,16.93,18.32,31.47,27.92,67.59,0.00,16.43,9.35,-47.99,-46.20,-8.66,17.63,-30.51,-14.55,-32.90,25.43,10.97,-22.96,5.60,17.61,29.34,-15.90,0.00,-288.67,-69.39,263.27,-134.58,-106.78,28.10,130.87,38.31,-30.71,-44.04,115.54,98.22,92.07,69.80,69.77,68.06,106.89,466.34,53.11,153.67,153.67,11.67,0.34,8.59,94.28,142.33,300.73,-4.40,2.01,22.81,7.12,-4.71,153.79,148.06,28.44,66.95,49.78,64.84,80.49,171.46,219.37,118.98,137.44,387.12,-291.96,29.36,10.34,-232.85,71.26,-57.49,276.01,127.97,-46.52,-91.07,40.52,160.78,127.64,160.99,9.15,70.11,54.80,30.43,60.65,42.90,284.53,-591.11,172.90,13.07,21.18,19.92,145.15,146.36,37.71,38.52,-26.02,-16.92,77.40,9.96,-106.77,-333.95,-287.67
29.00,22.80,3.30,-72.43,-26.58,-81.21,20.13,16.05,81.38,81.74,164.55,164.55,-178.37,113.69,106.06,-1.84,-1.84,64.24,64.24,61.71,128.24,-127.57,175.15,129.64,-23.73,137.62,90.76,73.13,4.96,33.57,200.59,208.95,208.95,15.14,15.14,93.54,34.49,34.49,108.46,108.65,118.10,118.10,83.04,83.04,91.75,91.75,73.49,75.83,75.83,52.48,50.03,37.57,-73.09,-103.94,-20.84,-7.31,26.43,21.55,21.55,-6.15,15.33,-52.49,2.89,0.00,0.00,90.71,90.71,42.79,92.61,209.72,-52.04,-43.79,16.69,-3.58,-11.65,-37.78,18.58,-41.85,-44.63,20.63,-7.20,-0.53,-1.34,28.40,0.70,47.13,52.85,-8.51,11.40,39.67,-44.04,10.20,-71.35,-71.35,-71.41,90.34,91.58,180.00,61.51,61.37,88.68,88.68,105.40,112.03,-61.36,358.86,170.16,170.16,-25.69,130.13,130.13,19.35,-9.73,41.49,0.70,80.58,80.58,17.26,20.13,-177.82,0.00,229.42,-12.83,25.50,0.00,204.53,3.93,303.91,378.64,134.82,127.74,301.35,75.14,75.32,142.07,-13.24,-19.61,1.35,227.50,-21.27,-1.17,105.40,-201.65,-28.71,-32.00,122.82,88.00,40.54,61.96,42.75,248.52,60.68,-126.45,92.44,92.44,126.39,126.39,67.97,67.87,1.58,10.64,3.93,64.24,-1.00,4.94,8.57,3.30,1.23,-3.94,-35.45,10.38,37.83,-8.62,6.04,165.37,56.93,-6.96,-33.54,-57.26,21.82,-102.97,47.24,13.67,51.45,149.05,236.13,-1.97,1.67,-15.38,-5.49,72.67,350.31,-92.07,466.47,419.93,134.71,-76.68,43.59,43.33,289.51,289.81,134.01,134.01,329.34,216.99,-22.86,15.73,92.07,5.34,-20.19,-11.51,0.66,22.84,22.57,216.97,23.47,23.47,22.10,22.09,68.60,134.20,38.95,17.96,43.80,43.80,39.39,39.39,73.21,9.03,64.81,20.72,79.48,47.35,20.49,25.68,167.98,167.98,41.61,39.89,15.71,-19.77,-9.48,123.78,123.78,29.10,-49.50,10.49,4.35,0.24,22.11,65.73,22.26,17.57,17.96,31.52,28.38,67.22,0.00,16.96,9.12,-48.63,-45.47,-8.09,16.69,-29.86,-14.22,-31.62,25.08,10.98,-22.50,6.08,17.16,27.93,-16.03,0.00,-300.52,-68.79,287.18,-200.41,-96.78,104.40,146.41,36.25,-31.56,-43.85,118.78,98.06,92.32,69.20,69.17,73.15,106.87,498.44,47.19,136.84,136.84,9.37,0.06,10.24,101.44,143.86,304.57,-5.25,2.89,23.46,7.62,-4.17,151.25,159.49,31.80,68.88,48.26,66.65,81.21,177.33,217.12,126.01,145.94,434.81,-281.18,27.94,12.82,-229.42,71.79,-61.38,134.77,124.31,-46.23,-85.80,40.44,163.50,136.67,165.09,12.76,75.81,61.71,30.38,60.66,45.98,268.16,-576.65,228.69,15.74,21.97,20.19,147.95,149.18,36.98,37.77,-22.09,-14.95,78.82,11.56,-96.77,-350.31,-277.05
30.00,22.99,3.12,-72.43,-26.00,-84.15,21.49,17.08,81.81,82.17,165.52,165.52,-178.37,113.88,106.17,4.43,4.43,61.34,61.34,58.93,123.14,-122.52,173.57,128.47,-24.87,136.11,88.70,73.32,4.03,36.03,198.98,207.27,207.27,12.77,12.77,93.53,29.48,29.48,103.51,103.69,121.75,121.75,80.46,80.46,89.28,89.28,70.51,73.27,73.27,51.23,47.44,39.61,-73.36,-103.33,-20.24,-7.64,26.47,21.67,21.67,-6.17,15.51,-48.08,0.19,0.00,0.00,96.25,96.25,40.75,89.74,209.49,-50.84,-42.47,16.58,-3.42,-12.12,-38.25,18.64,-39.78,-42.49,21.01,-7.43,-0.69,-1.43,28.64,9.25,47.78,53.56,-8.89,11.65,39.70,-33.82,10.02,-71.54,-71.55,-71.61,87.54,88.74,180.00,88.76,88.62,88.08,88.08,104.52,111.09,-61.85,349.15,163.16,163.16,-26.91,130.57,130.57,17.58,-11.82,40.62,9.25,81.04,81.04,18.36,21.49,-177.82,0.00,230.91,-12.92,24.51,0.00,232.52,6.19,328.19,374.14,132.28,122.68,325.19,75.49,75.67,143.62,-14.17,-9.81,1.34,222.07,-20.88,-0.90,104.52,-193.22,-29.12,-32.83,121.13,88.00,41.43,60.63,41.84,246.96,58.23,-126.53,97.81,97.81,126.88,126.88,65.55,65.45,21.58,11.04,6.19,61.34,-0.76,6.82,8.89,3.12,0.95,-3.94,-35.04,10.78,38.63,-8.89,6.47,162.13,55.98,-6.77,-34.86,-55.91,22.66,-100.44,50.32,14.56,48.38,149.05,233.60,-1.89,1.91,-15.52,-5.00,69.72,346.98,-91.83,499.11,453.07,155.87,-76.60,43.80,43.54,289.52,289.82,139.51,139.51,319.60,220.28,-24.07,14.96,91.83,5.57,-21.04,-15.37,4.45,28.10,27.84,220.26,23.93,23.93,22.46,22.45,58.64,134.20,39.20,17.61,44.47,44.47,40.10,40.10,73.20,8.79,64.09,20.11,78.86,46.62,20.60,26.82,167.98,167.98,41.40,39.80,16.20,-19.74,-9.31,124.32,124.32,29.12,-46.96,10.56,4.41,0.05,22.46,64.85,21.02,16.32,17.83,32.73,28.95,69.96,0.00,19.41,10.34,-47.96,-46.47,-8.31,16.08,-29.98,-14.31,-27.45,24.81,10.94,-22.56,6.33,16.82,30.93,-16.04,0.00,-300.95,-68.04,276.95,-174.58,-99.84,75.29,138.80,36.95,-31.86,-43.89,121.36,97.76,92.31,68.44,68.41,70.17,106.99,487.44,42.12,143.54,143.54,14.02,-0.26,10.51,99.80,144.16,301.83,-1.18,0.19,23.01,8.00,-4.39,159.81,167.93,32.16,68.92,50.67,66.69,79.83,176.14,215.31,125.07,144.50,417.84,-284.95,30.95,12.77,-230.91,71.65,-59.62,176.01,125.71,-44.81,-86.48,41.33,164.32,136.37,161.86,12.65,73.85,59.54,29.48,64.60,46.19,279.17,-580.46,202.95,14.96,21.29,21.04,149.70,150.95,38.57,39.40,-22.45,-15.00,80.25,11.85,-99.84,-346.98,-280.76
31.00,33.16,8.64,-80.05,-32.60,-80.38,17.06,12.96,81.09,81.45,165.51,165.51,-178.37,114.16,106.12,5.72,5.72,60.45,60.45,58.07,121.59,-120.99,173.55,128.46,-23.73,134.47,90.50,75.44,5.77,37.54,197.94,206.18,206.18,12.43,12.43,93.49,28.23,28.23,101.93,102.10,124.87,124.87,79.69,79.69,90.43,90.43,71.03,72.51,72.51,53.06,46.22,39.93,-73.36,-104.30,-20.90,-7.27,26.61,21.57,21.57,-6.17,15.66,-47.33,-0.26,0.00,0.00,95.52,95.52,40.40,88.73,209.74,-1.22,6.04,28.79,9.04,-11.09,-37.84,18.59,-34.40,-36.99,22.52,-5.71,-0.26,-1.49,30.15,31.79,47.38,53.22,-4.47,14.23,39.97,-26.57,10.08,-71.91,-71.92,-71.98,86.55,87.74,180.00,101.87,101.74,88.51,88.51,104.59,111.17,-63.16,346.69,162.08,162.08,-25.69,129.66,129.66,15.56,-11.68,47.12,31.79,80.53,80.53,13.94,17.05,-177.82,0.00,230.22,-7.55,24.33,0.00,238.42,5.98,336.43,345.85,131.08,121.14,333.28,73.01,73.19,145.76,-13.74,-3.88,1.59,220.71,-21.02,-0.82,104.60,-192.54,-27.67,-31.49,120.72,88.00,41.04,61.32,42.31,245.54,60.90,-126.20,98.98,98.98,126.03,126.03,74.89,74.77,59.00,10.90,5.98,60.45,-0.79,7.52,8.96,2.81,0.71,-3.80,-33.64,10.74,40.68,-8.69,6.36,162.28,56.73,-7.12,-34.86,-56.68,22.32,-98.45,57.07,16.51,47.62,149.06,231.57,-1.92,2.07,-16.02,-5.06,70.23,346.88,-92.43,506.05,459.44,188.04,-74.80,43.29,43.03,289.52,289.82,126.44,126.44,319.24,223.78,-24.12,15.25,92.43,5.84,-21.79,15.31,4.75,30.91,30.65,223.76,23.62,23.62,25.28,25.27,56.16,134.20,39.80,17.55,45.77,45.77,40.96,40.96,81.00,15.66,63.38,19.25,78.01,46.12,22.30,28.40,167.93,167.93,41.48,39.73,15.80,-20.47,-4.46,123.51,123.51,29.32,-45.77,14.17,5.33,4.53,23.45,15.62,20.74,16.01,15.77,31.49,28.20,73.56,0.00,20.34,10.80,-50.90,-47.89,-7.73,17.67,-28.83,-13.50,-15.47,23.34,10.98,-21.92,5.59,17.64,31.42,-16.39,0.00,-303.49,-67.22,275.38,-169.11,-100.60,69.01,137.05,38.86,-32.09,-38.88,123.23,97.80,92.33,67.61,67.58,70.68,106.94,485.58,39.63,142.89,142.89,13.62,-0.89,9.63,100.61,148.48,301.79,-0.51,-0.26,21.99,8.17,-3.94,168.77,74.41,36.41,69.40,51.77,67.13,81.15,177.00,215.46,126.28,145.78,415.49,-285.85,31.43,13.54,-230.22,68.60,-61.73,245.37,127.65,-50.32,-84.35,40.94,165.99,137.24,162.02,12.04,72.97,58.03,30.46,73.22,45.68,253.00,-580.75,195.40,15.26,21.18,21.79,135.05,136.17,37.93,38.75,-25.27,-14.31,81.97,11.04,-100.60,-346.88,-281.65
32.00,32.99,7.84,-76.79,-29.32,-81.72,19.56,14.92,81.62,81.98,165.28,165.28,-178.37,114.08,105.91,5.86,5.86,60.31,60.31,57.94,121.25,-120.65,173.10,128.13,-23.43,132.79,90.55,75.56,6.87,38.20,197.90,206.15,206.15,12.13,12.13,93.91,27.86,27.86,101.70,101.88,125.08,125.08,79.32,79.32,90.07,90.07,70.89,72.11,72.11,55.64,45.01,39.39,-72.36,-104.48,-21.09,-7.59,26.50,21.64,21.64,-6.18,15.92,-46.82,0.38,0.00,0.00,95.26,95.26,40.07,89.25,209.82,9.00,16.05,31.30,10.58,-10.71,-37.64,18.38,-34.16,-36.55,23.01,-5.43,-0.28,-1.19,29.51,34.13,47.37,53.29,-3.49,15.54,39.52,-18.26,10.15,-71.67,-71.68,-71.74,87.07,88.26,180.00,101.87,101.73,88.60,88.60,104.26,110.82,-62.22,347.00,161.74,161.74,-25.35,130.20,130.20,16.52,-10.36,43.02,34.13,80.59,80.59,16.03,19.55,-177.82,0.00,230.98,-8.02,23.94,0.00,240.36,6.39,338.37,358.79,129.90,120.80,335.19,72.49,72.67,144.94,-14.23,5.99,1.29,220.11,-21.07,-0.81,104.26,-193.00,-27.41,-30.97,120.42,88.00,41.43,61.25,42.26,245.66,60.93,-125.83,96.88,96.88,126.64,126.64,70.27,70.16,62.16,10.85,6.39,60.31,-0.82,7.55,8.93,2.78,0.64,-4.11,-34.01,10.81,41.69,-8.57,6.46,161.78,55.50,-6.97,-35.07,-56.95,22.91,-99.40,59.32,17.16,47.52,149.07,232.49,-1.93,2.10,-15.64,-5.10,70.10,345.58,-91.76,507.59,461.69,191.35,-75.89,43.86,43.59,289.50,289.80,125.96,125.96,318.19,224.00,-24.03,14.88,91.76,5.81,-21.69,17.69,4.00,30.77,30.51,223.97,24.19,24.19,26.05,26.04,55.41,134.20,39.63,17.54,45.06,45.06,40.59,40.59,77.67,13.30,63.65,19.13,77.89,46.70,23.87,28.41,168.15,168.15,41.74,40.18,15.58,-20.76,-4.41,124.20,124.20,28.99,-44.58,14.98,5.57,5.40,23.48,5.69,20.02,15.80,15.92,31.64,28.44,72.75,0.00,18.27,8.73,-45.38,-49.15,-8.01,15.63,-30.76,-14.62,-16.52,23.64,10.98,-23.19,6.61,16.63,30.04,-16.13,0.00,-302.54,-66.38,275.90,-166.93,-100.72,66.71,137.70,39.29,-32.19,-38.85,124.85,97.97,92.37,66.76,66.73,70.55,106.73,484.92,35.96,143.14,143.14,31.79,-1.63,9.58,100.80,143.23,301.02,-0.72,0.38,21.33,7.94,-3.91,183.37,63.71,39.28,68.62,49.00,66.41,81.98,177.17,214.78,126.55,146.09,415.36,-286.58,30.05,12.58,-230.98,70.41,-62.52,251.84,126.94,-51.33,-86.58,41.33,165.35,136.95,161.52,11.75,73.96,57.93,31.66,76.09,46.24,252.04,-579.96,194.58,14.89,21.12,21.69,134.45,135.57,38.86,39.69,-26.04,-14.61,81.24,11.00,-100.71,-345.58,-282.37
33.00,41.39,11.40,-79.19,-1.41,-64.91,48.45,48.21,80.77,81.13,61.64,61.64,-54.57,-20.59,-5.00,-5.14,-5.14,67.44,67.44,64.78,145.05,-144.18,171.40,126.87,-27.80,131.73,87.78,72.14,6.69,35.77,189.40,197.27,197.27,47.88,47.88,75.87,77.02,77.02,144.26,144.40,110.94,110.94,58.40,58.40,89.82,89.82,70.42,52.63,52.63,75.40,61.82,-125.84,-71.54,-92.11,-22.79,30.27,26.68,21.89,21.89,-6.17,15.54,-24.55,24.81,0.00,0.00,106.07,106.07,-99.17,-3.15,192.71,-11.96,-4.50,24.18,4.36,-11.96,-38.60,18.68,-35.52,-38.07,22.73,-4.99,0.86,-0.09,28.05,32.53,47.94,53.72,-2.99,19.64,38.89,-0.96,9.97,-54.05,-54.05,-54.09,-3.08,-3.12,164.14,68.03,67.92,85.49,85.49,103.02,109.51,-4.48,363.43,52.30,52.30,-30.09,95.72,95.72,73.76,-9.58,14.42,32.53,53.33,53.33,51.80,48.44,-54.40,406.50,393.21,-4.17,-102.59,0.00,239.68,1.89,353.78,362.27,83.35,144.40,350.30,72.91,73.09,205.51,-17.50,23.78,1.23,211.49,-23.37,-2.57,103.03,-130.78,-29.24,-33.02,113.18,88.00,41.57,60.63,41.83,236.40,58.48,-6.56,230.06,230.06,92.66,92.66,48.04,47.97,65.45,8.53,1.89,67.44,-3.96,10.66,1.12,3.20,-0.27,-4.43,-33.84,8.87,41.27,3.15,8.04,155.27,40.37,-3.32,-41.23,-56.04,22.75,-98.37,57.16,16.54,0.16,149.05,231.47,-2.40,0.46,-17.53,-8.82,69.63,324.90,-85.89,537.49,484.99,195.49,-58.85,53.10,52.71,289.49,289.79,135.00,135.00,476.13,208.81,-28.32,11.37,85.89,5.78,-21.95,0.40,42.22,10.65,10.45,208.79,24.23,24.23,25.86,25.85,152.86,134.20,39.46,15.17,45.66,45.66,41.18,41.18,80.12,-14.18,64.06,19.36,78.12,47.22,27.82,27.75,44.81,44.81,42.25,39.76,10.97,-29.59,-0.11,90.20,90.20,28.53,-61.02,15.07,5.73,5.60,23.09,26.09,5.50,1.14,15.62,29.99,26.97,72.22,0.00,18.06,8.88,-43.41,-48.01,-7.27,14.13,-32.00,-15.37,-21.49,23.72,10.87,-24.00,7.20,15.80,34.99,-16.23,0.00,-309.48,-65.85,216.92,-222.00,-147.96,74.89,204.82,37.21,-27.25,-34.80,125.81,98.29,93.94,66.23,66.20,70.07,-4.99,531.58,22.25,154.62,154.62,35.44,-2.50,9.46,92.73,140.72,298.06,-27.05,24.70,19.15,11.60,-2.85,184.39,123.16,47.27,67.53,64.75,65.39,89.11,170.95,212.24,125.88,149.39,233.42,-317.78,35.01,-43.10,7.94,170.67,-72.99,259.27,186.86,-48.57,-33.83,41.47,172.08,137.16,155.03,27.15,62.77,55.85,20.11,73.34,55.26,270.13,-618.07,108.03,11.37,21.51,21.95,140.40,141.57,38.31,39.13,-25.85,-2.25,82.40,10.72,-147.95,-324.90,-313.11
34.00,40.15,10.76,-77.69,-1.38,-62.67,47.84,47.60,79.09,79.45,61.85,61.85,-55.28,-22.69,-8.66,-8.14,-8.14,67.97,67.97,65.29,149.28,-148.37,170.26,126.03,-29.20,130.89,64.49,49.84,-14.14,14.38,191.20,199.15,199.15,46.68,46.68,74.16,77.47,77.47,144.71,144.85,115.40,115.40,59.33,59.33,75.72,75.72,56.15,53.66,53.66,76.97,62.42,-124.89,-69.77,-88.95,-21.40,28.65,26.45,21.77,21.77,-6.18,15.51,-21.62,21.88,0.00,0.00,110.00,110.00,-99.61,-3.36,191.13,-4.61,2.67,25.75,5.39,-11.42,-38.65,18.51,-34.65,-37.29,23.10,-4.99,0.84,-0.08,30.09,37.86,48.27,54.19,-2.59,20.16,37.75,19.09,9.95,-53.71,-53.72,-53.76,-3.28,-3.33,163.20,69.90,69.79,87.38,87.38,101.85,108.26,-3.49,361.82,53.66,53.66,-31.60,93.61,93.61,74.18,-11.01,13.77,37.86,54.39,54.39,51.15,47.82,-55.11,398.84,386.01,-4.64,-102.49,0.00,253.59,-2.40,371.53,359.10,84.44,148.60,367.69,73.61,73.79,202.38,-17.79,44.02,1.24,209.89,-24.89,-2.52,101.86,-121.34,-29.66,-33.51,114.60,88.00,42.49,59.54,41.09,238.43,38.38,-0.65,230.06,230.06,90.59,90.59,47.44,47.37,78.01,7.00,-2.40,67.97,-4.59,10.59,0.88,2.38,-1.43,-4.17,-33.21,8.33,42.62,5.21,8.47,155.91,39.92,-3.48,-41.41,-55.13,23.83,-99.66,61.57,17.81,-1.72,149.05,232.74,-2.71,1.04,-17.36,-10.17,55.50,321.84,-86.20,557.68,509.24,209.99,-57.99,50.28,49.93,289.50,289.80,139.46,139.46,470.23,214.17,-27.99,10.45,86.20,5.36,-23.16,-1.57,52.60,6.23,6.02,214.15,24.02,24.02,26.35,26.33,153.74,134.20,40.01,14.95,45.20,45.20,40.57,40.57,78.58,-13.47,63.93,19.46,78.22,46.90,28.23,27.84,45.29,45.29,41.00,38.58,11.76,-28.32,-1.01,88.16,88.16,27.69,-61.60,15.47,5.81,5.96,22.74,18.82,5.35,0.72,16.38,29.30,26.13,73.27,0.00,17.63,7.97,-46.66,-49.01,-6.97,16.65,-30.31,-14.49,-12.02,23.03,10.82,-22.78,6.08,17.13,36.52,-16.37,0.00,-308.99,-65.43,220.90,-214.04,-149.84,64.97,203.75,14.93,-20.55,-34.78,126.56,98.66,96.02,65.80,65.77,55.78,-8.66,527.43,5.34,160.92,160.92,31.72,-3.42,9.50,99.01,138.73,296.09,-25.66,21.79,18.18,11.70,-2.81,184.65,125.80,48.20,65.54,65.89,63.52,81.13,174.72,209.83,132.04,156.58,233.45,-322.16,36.54,-43.59,7.69,166.29,-81.85,286.26,183.40,-48.96,-30.34,42.38,171.61,137.09,155.66,23.34,61.93,53.62,18.75,78.96,52.51,279.06,-628.45,104.37,10.45,21.24,23.16,142.75,143.94,38.36,39.18,-26.33,-2.28,81.20,10.81,-149.83,-321.84,-317.42
35.00,39.31,10.07,-75.38,-0.83,-60.99,47.07,46.49,79.47,79.83,60.96,60.96,-54.14,-25.33,-10.20,-7.12,-7.12,68.52,68.52,65.82,153.33,-152.36,168.45,124.68,-30.70,129.82,54.54,39.50,-22.62,4.89,192.43,200.43,200.43,48.25,48.25,70.70,80.91,80.91,148.14,148.28,109.89,109.89,61.45,61.45,49.68,49.68,0.00,56.01,56.01,80.61,65.88,-127.86,-67.03,-84.85,-17.77,28.86,26.11,22.34,22.34,-6.18,15.53,-22.26,22.63,0.00,0.00,118.46,118.46,-100.65,-3.81,190.55,4.80,11.86,27.10,7.44,-11.21,-39.00,18.57,-31.96,-34.49,24.02,-4.42,0.34,-0.45,31.02,51.62,48.34,54.25,-0.52,19.77,36.42,31.54,9.97,-52.66,-52.66,-52.70,-3.72,-3.77,163.92,53.70,53.60,85.26,85.26,101.45,107.84,-3.22,358.33,50.16,50.16,-33.22,91.14,91.14,77.22,-12.24,12.76,51.62,56.45,56.45,49.96,47.06,-53.97,389.54,382.30,-5.10,-103.37,0.00,276.92,-3.41,397.08,351.82,81.91,152.61,392.70,73.22,73.40,198.62,-16.91,56.68,1.20,208.60,-24.61,-2.43,101.46,-114.61,-30.83,-34.68,116.83,88.00,42.48,59.45,41.02,239.03,28.81,0.38,230.06,230.06,88.12,88.12,46.69,46.62,106.49,7.28,-3.41,68.52,-4.41,10.86,1.13,2.30,-1.36,-4.05,-32.79,8.28,43.90,4.71,8.37,154.95,39.58,-3.40,-39.88,-54.96,23.77,-98.97,67.65,19.57,-5.83,149.06,232.05,-2.65,1.07,-16.97,-10.06,59.33,312.85,-82.40,594.15,543.19,237.85,-56.93,46.53,46.23,289.50,289.80,141.64,141.64,456.26,208.53,-27.34,10.76,82.40,4.38,-24.49,1.65,74.23,0.72,0.51,208.51,24.10,24.10,27.79,27.77,160.53,134.20,39.57,14.29,43.51,43.51,39.33,39.33,76.22,-13.47,63.97,19.25,78.01,47.15,27.67,27.40,43.95,43.95,39.68,37.34,12.63,-26.40,-1.43,85.66,85.66,26.71,-64.97,17.00,6.28,7.61,22.16,9.63,4.92,0.32,16.55,28.30,25.36,74.51,0.00,17.41,7.32,-44.96,-50.63,-7.34,16.89,-29.92,-14.43,-2.92,22.36,10.95,-22.38,5.95,17.24,35.18,-16.43,0.00,-305.98,-64.90,216.80,-203.22,-153.94,49.96,202.46,5.00,-19.79,-34.83,125.98,98.63,97.01,65.26,65.24,59.66,-10.20,517.06,-5.37,170.16,170.16,40.80,-4.01,9.38,96.61,135.28,292.93,-27.60,22.53,17.83,11.14,-3.30,199.37,119.69,47.25,63.22,64.25,61.34,69.74,170.50,209.01,128.32,152.38,227.65,-327.10,35.20,-48.34,2.33,166.27,-83.36,342.43,179.44,-49.50,-38.14,42.37,168.70,137.03,154.71,24.95,59.78,53.30,17.42,86.71,48.85,283.42,-650.04,104.05,10.76,20.64,24.49,140.94,142.12,37.98,38.80,-27.77,-2.35,78.71,10.70,-153.93,-312.85,-322.29
36.00,38.85,9.95,-72.39,-2.51,-59.24,43.63,42.71,77.25,77.60,58.91,58.91,-49.36,-29.28,-14.78,0.94,0.94,66.88,66.88,64.25,155.05,-154.07,166.46,123.21,-30.80,128.69,44.87,27.97,-30.72,-6.08,186.57,194.31,194.31,47.16,47.16,68.84,80.51,80.51,148.16,148.28,101.99,101.99,57.31,57.31,44.95,44.95,0.00,52.03,52.03,79.56,63.40,-140.14,-64.16,-81.06,-16.31,30.67,25.85,22.11,22.11,-6.19,16.82,-27.85,27.17,0.00,0.00,129.86,129.86,-105.13,-6.60,187.03,-15.73,-7.92,21.92,3.15,-16.75,-46.97,15.32,-26.86,-29.29,24.48,-7.92,-0.24,-1.00,31.54,57.16,46.54,49.89,-8.55,18.09,35.05,34.31,9.97,-51.62,-51.63,-51.67,-6.43,-6.52,161.27,53.70,53.60,80.46,80.46,101.17,107.54,-5.72,322.14,33.69,33.69,-33.34,87.37,87.37,79.20,-16.36,14.00,57.16,55.02,55.02,45.89,43.61,-49.21,356.84,362.56,-5.15,-108.63,0.00,306.36,-4.32,426.54,354.44,78.55,154.32,421.49,75.17,75.35,188.25,-17.27,57.53,1.22,207.93,-23.05,-1.78,101.17,-95.10,-35.31,-40.56,116.42,88.00,41.53,63.11,43.55,229.81,19.08,6.67,230.06,230.06,84.48,84.48,43.28,43.22,123.58,8.85,-4.32,66.88,-3.91,14.45,0.91,2.66,-2.13,-3.97,-32.96,7.98,44.42,5.20,9.95,151.72,40.79,-3.57,-39.71,-60.20,26.07,-97.23,69.83,20.20,-13.02,149.06,230.31,-2.34,1.44,-16.40,-8.76,47.81,299.72,-78.96,637.15,584.91,257.05,-54.27,39.74,39.52,289.50,289.80,151.99,151.99,420.84,200.10,-28.31,9.56,78.96,4.75,-27.62,-11.88,83.58,-2.84,-3.02,200.07,24.46,24.46,26.26,26.24,159.74,134.20,38.74,14.31,42.09,42.09,38.38,38.38,73.17,-11.26,61.65,16.66,75.41,45.33,26.16,32.47,39.00,39.00,37.71,35.52,12.52,-26.45,-1.51,82.10,82.10,25.71,-62.56,12.38,5.88,-0.46,26.24,30.32,6.45,1.92,15.06,25.93,23.91,75.91,0.00,17.94,7.90,-44.21,-51.56,-7.76,16.73,-29.79,-14.29,-0.10,22.09,10.90,-22.36,5.95,17.11,31.75,-16.38,0.00,-302.29,-64.33,196.41,-176.94,-161.12,16.31,174.76,-5.34,-19.18,-34.73,124.97,98.48,97.64,64.69,64.66,48.02,-14.77,475.99,-9.79,178.50,178.50,44.67,-4.49,12.83,90.66,129.52,289.47,-35.48,27.03,18.78,11.00,-3.81,204.46,164.65,44.08,60.85,63.65,59.11,39.69,160.90,208.43,118.40,140.73,197.34,-337.66,31.76,-50.47,-9.84,157.04,-84.41,378.55,169.21,-44.73,-49.78,41.42,167.22,134.82,151.48,22.61,53.62,55.86,16.54,89.50,47.47,304.14,-659.35,77.24,9.57,21.36,27.62,146.65,147.87,38.05,38.87,-26.24,-3.16,76.81,13.81,-161.11,-299.72,-332.69
37.00,42.54,17.35,-76.52,-0.68,-56.96,50.51,44.30,82.10,82.47,63.38,63.38,-54.71,-23.08,-9.65,9.85,9.85,61.19,61.19,58.78,146.69,-145.81,178.67,132.25,-29.15,129.75,53.73,33.02,-27.88,-3.33,190.67,198.60,198.60,44.72,44.72,74.53,73.09,73.09,138.47,138.56,124.30,124.30,56.49,56.49,47.90,47.90,0.00,50.83,50.83,84.09,58.42,-131.21,-71.20,-94.77,-27.27,23.90,26.44,21.22,21.22,-6.15,21.31,-27.97,25.09,0.00,0.00,126.10,126.10,-98.40,-3.22,194.20,15.84,24.03,31.61,11.89,-16.60,-50.29,14.85,-20.97,-23.91,25.55,-10.85,0.67,-0.52,31.35,63.42,48.43,51.75,-16.71,20.33,38.73,37.33,10.70,-51.41,-51.42,-51.46,-3.15,-3.19,163.94,57.93,57.86,82.74,82.74,106.30,112.99,-2.02,342.37,30.63,30.63,-31.55,96.62,96.62,76.54,-22.55,12.03,63.42,54.17,54.17,47.60,50.50,-54.54,393.74,390.21,-0.12,-102.95,0.00,316.74,-0.70,428.40,365.32,77.96,146.04,423.30,77.06,77.24,200.56,-17.27,61.29,1.32,214.33,-23.35,-1.59,106.30,-101.53,-32.57,-38.89,115.94,88.00,44.92,57.57,39.72,236.74,23.91,1.08,230.06,230.06,93.44,93.44,50.10,50.02,130.91,8.55,-0.70,61.19,-3.79,16.10,1.68,-0.53,-2.40,-3.75,-35.97,8.09,39.36,4.58,9.85,152.71,41.02,-3.95,-41.45,-54.22,29.91,-95.04,69.33,20.06,-10.88,149.05,228.10,-2.40,1.81,-17.99,-8.64,47.65,318.12,-92.02,639.60,585.50,265.59,-59.58,50.83,50.48,289.45,289.75,148.02,148.02,448.15,160.22,-32.89,12.36,92.02,5.95,-33.68,2.19,76.09,16.72,16.59,160.20,24.86,24.86,25.64,25.63,145.09,134.20,43.30,14.93,47.43,47.43,43.22,43.22,77.39,-12.92,60.69,15.93,74.69,44.27,28.55,34.07,44.12,44.12,42.37,39.42,12.23,-32.91,-0.93,90.88,90.88,28.41,-57.70,8.63,6.08,-7.95,27.34,1.62,9.43,5.03,13.67,29.30,25.80,48.33,46.13,-0.92,-10.10,-39.19,-45.25,-6.38,20.87,-27.54,-12.71,0.00,23.16,11.09,-21.09,4.15,19.32,32.29,-16.66,0.00,-324.94,-64.86,141.65,-164.95,-158.97,6.41,186.16,-0.07,-20.43,-32.95,123.01,98.07,98.71,65.22,65.20,47.85,-9.64,505.98,-10.70,177.88,177.88,39.68,-4.72,16.57,91.66,133.74,310.69,-33.23,24.97,19.21,10.93,-2.64,215.23,115.52,48.68,67.25,65.19,65.12,41.09,165.46,218.97,123.92,146.41,198.21,-333.91,32.31,-44.00,-1.48,171.75,-74.36,394.29,181.14,-44.41,-42.64,44.80,179.12,145.56,152.47,22.00,54.12,61.25,23.12,88.85,58.30,296.20,-651.78,58.04,12.37,23.63,33.68,143.91,145.11,39.05,39.89,-25.63,1.61,86.49,16.94,-158.96,-318.12,-329.00
38.00,44.74,21.67,-87.44,-2.16,-65.68,52.48,50.96,87.59,87.97,67.81,67.81,-54.70,-21.44,-7.04,8.04,8.04,58.83,58.83,56.52,159.87,-158.82,181.00,133.98,-28.25,131.55,59.63,37.50,-26.11,-0.77,201.66,210.06,210.06,42.38,42.38,68.67,74.35,74.35,140.91,141.01,144.04,144.04,55.36,55.36,48.10,48.10,0.00,50.11,50.11,83.83,54.99,-131.55,-72.15,-97.35,-27.59,30.58,27.07,21.83,21.83,-6.19,22.75,-28.51,25.13,0.00,0.00,125.56,125.56,-97.57,-2.43,196.53,14.76,23.35,31.00,11.73,-16.30,-50.28,14.84,-21.15,-24.13,26.05,-11.32,0.81,-0.45,31.22,62.90,48.89,52.38,-16.74,20.60,39.04,38.11,10.79,-54.32,-54.33,-54.36,-2.37,-2.40,165.92,71.65,71.58,89.21,89.21,110.49,117.45,-8.60,354.60,40.59,40.59,-30.58,106.90,106.90,65.43,-28.00,13.28,62.90,51.61,51.61,54.76,52.47,-54.54,425.05,419.72,2.72,-101.75,0.00,315.84,-2.54,427.92,364.41,93.05,159.09,422.84,77.08,77.27,220.31,-17.08,62.55,1.33,222.86,-23.68,-1.37,110.50,-76.53,-31.85,-38.46,127.15,88.00,45.82,56.19,38.77,247.56,28.41,-3.00,230.06,230.06,103.56,103.56,52.03,51.95,131.32,8.22,-2.54,58.83,-3.74,16.57,2.26,0.30,-2.84,-3.70,-36.02,6.92,38.67,4.37,12.79,159.70,40.12,-3.88,-41.86,-52.79,30.82,-94.27,68.88,19.93,-13.16,149.06,227.33,-2.46,2.21,-18.58,-8.24,46.26,315.81,-95.74,638.26,585.34,264.49,-74.01,51.73,51.36,289.46,289.76,148.56,148.56,475.39,179.91,-34.76,12.78,95.74,6.30,-35.31,-2.27,78.13,8.86,8.71,179.89,25.11,25.11,25.98,25.97,147.57,134.20,43.39,16.14,46.89,46.89,43.22,43.22,88.58,-11.17,61.45,16.74,75.50,44.89,28.78,32.61,43.37,43.37,44.15,40.65,11.59,-32.01,-0.34,100.99,100.99,28.63,-54.36,8.41,6.17,-8.75,26.35,3.39,10.40,6.03,12.94,30.03,26.19,48.72,46.50,-3.12,-8.21,-38.51,-44.29,-6.09,22.04,-27.04,-12.12,0.00,22.90,11.05,-21.01,3.52,19.87,31.25,-16.69,0.00,-335.22,-65.76,157.13,-170.56,-161.26,9.77,203.55,4.13,-21.76,-32.30,120.72,97.59,99.94,66.13,66.11,46.45,-7.04,521.15,-10.79,178.49,178.49,38.99,-4.87,17.16,101.25,148.43,314.75,-34.39,25.02,19.62,11.11,-2.40,214.02,120.42,49.18,67.78,63.97,65.62,42.28,178.39,227.60,134.25,157.27,211.79,-347.16,31.27,-34.92,-0.51,181.36,-75.91,393.62,200.59,-43.78,-44.30,45.70,180.88,154.08,159.44,24.44,50.51,62.76,24.74,88.28,59.18,297.28,-653.84,48.56,12.79,23.97,35.31,143.48,144.68,39.02,39.86,-25.97,-0.81,86.50,17.50,-161.24,-315.81,-342.05
39.00,45.61,21.25,-87.64,-0.99,-67.76,51.28,52.85,89.95,90.34,69.32,69.32,-55.01,-21.24,-6.79,5.72,5.72,59.94,59.94,57.58,169.44,-168.26,178.99,132.49,-28.47,132.36,60.91,38.48,-25.54,-0.21,206.58,215.21,215.21,39.78,39.78,65.21,75.43,75.43,142.95,143.06,142.34,142.34,55.13,55.13,47.48,47.48,0.00,50.12,50.12,82.09,52.82,-130.93,-71.31,-97.20,-26.39,32.72,27.22,21.91,21.91,-6.19,23.07,-28.33,25.06,0.00,0.00,126.19,126.19,-97.89,-2.65,195.36,15.11,23.76,30.94,11.26,-16.35,-49.93,14.73,-22.30,-25.54,26.09,-10.47,1.05,-0.25,30.96,61.05,48.67,52.15,-15.24,20.72,38.51,37.79,10.74,-55.78,-55.79,-55.83,-2.58,-2.62,165.28,53.67,53.60,89.35,89.35,110.55,117.51,-11.05,360.64,43.66,43.66,-30.82,110.30,110.30,60.87,-27.94,12.21,61.05,50.84,50.84,56.78,51.27,-54.84,433.09,428.10,2.60,-101.43,0.00,320.95,0.18,427.01,358.44,100.38,168.56,421.94,76.57,76.76,222.06,-16.45,62.41,1.32,221.83,-23.88,-1.44,110.56,-63.27,-31.86,-38.53,133.74,88.00,45.66,56.57,39.04,251.44,29.55,-3.35,230.06,230.06,107.05,107.05,50.85,50.77,127.38,8.02,0.18,59.94,-3.81,15.12,2.26,0.32,-2.80,-3.54,-36.08,6.15,37.00,4.40,13.42,160.19,41.50,-4.17,-41.65,-53.28,30.77,-94.59,67.00,19.38,-13.87,149.05,227.65,-2.51,2.19,-19.11,-8.47,44.49,311.22,-97.74,643.76,584.01,262.37,-77.78,52.09,51.72,289.46,289.76,148.94,148.94,474.64,178.16,-35.01,13.48,97.74,6.43,-35.60,-0.41,80.53,-2.05,-2.20,178.14,25.00,25.00,26.45,26.44,149.71,134.20,43.59,16.05,45.86,45.86,42.37,42.37,88.78,-12.46,62.59,17.93,76.69,45.87,28.74,30.81,43.71,43.71,44.60,41.51,12.37,-32.24,0.27,104.61,104.61,28.24,-52.23,9.42,6.48,-7.28,18.36,3.21,9.97,5.63,12.46,30.46,26.85,47.47,45.31,-5.47,-6.48,-36.87,-42.24,-5.67,22.05,-25.80,-11.65,0.00,22.75,11.04,-19.98,3.50,19.86,32.23,-16.70,0.00,-332.28,-66.17,158.53,-168.06,-161.95,6.56,210.11,5.17,-23.01,-32.08,113.55,96.17,99.46,66.54,66.52,44.67,-6.79,523.12,-10.74,179.21,179.21,37.30,-5.12,16.70,102.16,149.36,311.26,-33.45,24.95,19.04,11.08,-2.13,208.44,120.47,49.25,66.86,65.61,64.75,42.17,178.67,227.73,134.61,157.78,209.70,-353.81,32.25,-33.73,-1.08,188.05,-63.38,387.59,202.27,-44.50,-46.73,45.54,179.46,152.56,159.93,24.59,49.96,61.23,25.44,85.88,59.54,298.04,-656.22,52.80,13.49,23.55,35.60,145.01,146.22,39.39,40.23,-26.44,-2.76,84.78,16.96,-161.94,-311.22,-348.61
40.00,45.98,20.87,-85.75,-0.20,-67.57,49.86,53.70,90.02,90.41,69.45,69.45,-55.59,-20.67,-6.58,8.60,8.60,58.33,58.33,56.03,161.48,-160.41,175.94,130.23,-29.81,132.85,60.93,38.19,-25.48,-0.53,201.63,210.03,210.03,39.75,39.75,67.51,72.39,72.39,139.64,139.74,146.33,146.33,54.85,54.85,47.35,47.35,0.00,49.68,49.68,82.31,53.46,-128.05,-70.27,-95.56,-25.87,31.18,26.95,21.82,21.82,-6.19,22.76,-28.47,24.65,0.00,0.00,125.23,125.23,-96.49,-2.30,194.15,14.72,23.32,31.01,11.04,-16.71,-49.92,14.88,-22.20,-25.39,25.98,-10.92,0.98,-0.27,31.50,60.06,48.40,51.76,-15.69,20.42,37.90,38.09,10.75,-55.38,-55.38,-55.42,-2.25,-2.28,164.38,73.79,73.72,89.68,89.68,110.32,117.26,-10.77,354.72,40.89,40.89,-32.27,109.30,109.30,62.18,-28.40,11.20,60.06,51.44,51.44,57.70,49.84,-55.42,433.57,428.00,2.43,-100.18,0.00,326.29,2.12,426.31,355.83,95.69,160.69,421.26,76.62,76.81,220.64,-16.60,63.00,1.32,219.81,-23.92,-1.34,110.33,-68.87,-32.09,-38.77,127.44,88.00,44.89,57.50,39.67,247.33,29.28,-3.32,230.06,230.06,106.08,106.08,49.43,49.36,125.84,7.98,2.12,58.33,-3.79,15.59,2.37,0.18,-3.01,-3.51,-36.02,6.48,37.61,4.49,13.68,158.30,42.62,-4.33,-41.59,-54.07,29.85,-94.13,66.82,19.33,-13.91,149.05,227.19,-2.51,2.34,-18.89,-8.41,44.94,305.82,-97.48,650.02,583.23,260.92,-77.27,50.56,50.21,289.46,289.76,149.22,149.22,473.53,182.17,-34.95,13.36,97.48,6.24,-34.73,-1.24,80.37,4.60,4.46,182.15,24.69,24.69,26.13,26.12,143.70,134.20,43.31,15.98,46.22,46.22,42.47,42.47,86.85,-12.99,62.62,18.79,77.55,45.18,28.39,29.84,44.30,44.30,44.31,41.03,12.39,-31.49,0.76,103.65,103.65,27.80,-52.86,8.91,6.22,-7.86,17.87,3.47,10.15,5.76,13.68,29.94,26.57,44.45,42.42,-4.71,-10.81,-37.47,-42.93,-5.76,22.32,-25.69,-11.51,0.00,22.74,10.89,-19.96,3.37,20.00,33.46,-16.76,0.00,-329.90,-66.41,156.51,-161.51,-162.00,-0.07,208.71,4.64,-23.11,-32.08,104.75,94.44,98.40,66.79,66.76,45.13,-6.58,516.27,-10.75,180.11,180.11,37.91,-5.39,16.77,102.21,146.14,305.95,-31.94,24.54,19.28,11.32,-2.27,203.96,121.16,48.61,65.80,67.52,63.76,45.15,179.34,227.25,135.62,158.78,206.75,-350.24,33.48,-34.38,-0.52,189.13,-50.70,384.62,200.91,-44.41,-46.07,44.77,177.39,152.25,158.04,23.99,50.33,61.12,24.86,85.66,58.04,298.61,-656.08,41.48,13.37,23.38,34.73,145.44,146.65,39.94,40.80,-26.12,-2.14,84.99,17.15,-161.98,-305.82,-345.09
41.00,45.53,19.65,-83.77,0.71,-67.05,47.94,54.50,90.02,90.41,69.40,69.40,-55.57,-21.72,-6.86,8.03,8.03,58.35,58.35,56.05,161.62,-160.55,172.51,127.69,-30.55,132.35,60.32,38.08,-25.59,-0.53,201.79,210.20,210.20,38.24,38.24,68.15,71.05,71.05,138.73,138.83,146.89,146.89,54.85,54.85,46.94,46.94,0.00,49.64,49.64,80.90,53.07,-126.17,-68.58,-92.49,-24.34,31.28,26.93,21.97,21.97,-6.19,22.29,-28.05,25.33,0.00,0.00,126.35,126.35,-96.82,-2.79,192.31,16.05,24.46,31.76,10.86,-17.05,-49.46,14.63,-23.02,-26.17,26.20,-9.89,0.65,-0.54,31.70,61.85,47.92,51.19,-13.63,20.16,37.04,37.88,10.65,-55.43,-55.44,-55.48,-2.72,-2.76,163.25,74.64,74.56,90.22,90.22,109.48,116.37,-10.94,354.14,41.70,41.70,-33.06,109.19,109.19,62.08,-27.83,10.04,61.85,51.63,51.63,58.56,47.92,-55.40,432.18,426.68,1.57,-100.11,0.00,333.33,4.05,427.91,361.30,96.29,160.83,422.83,76.38,76.57,218.42,-16.15,61.51,1.34,216.62,-24.17,-1.44,109.49,-66.23,-32.77,-38.97,126.32,88.00,44.47,58.55,40.40,248.28,28.82,-3.60,230.06,230.06,105.75,105.75,47.54,47.47,128.49,7.73,4.05,58.35,-3.84,15.61,2.50,0.44,-2.84,-3.70,-36.02,6.38,39.55,4.24,13.37,158.23,42.88,-4.23,-41.25,-55.44,29.69,-94.00,69.11,19.99,-13.98,149.05,227.06,-2.56,2.28,-19.09,-8.63,43.89,299.93,-96.87,658.10,585.08,263.69,-77.36,47.97,47.65,289.46,289.76,148.81,148.81,468.77,182.87,-33.38,13.03,96.87,6.13,-33.89,0.66,81.73,2.98,2.84,182.85,24.70,24.70,26.99,26.97,141.05,134.20,42.99,15.77,46.00,46.00,42.17,42.17,84.81,-13.60,63.00,18.88,77.64,45.77,28.28,29.25,44.43,44.43,43.40,40.16,12.09,-29.59,0.33,103.11,103.11,27.17,-52.48,10.50,6.51,-5.49,17.49,1.85,9.87,5.39,14.04,29.64,26.01,45.97,43.87,-3.15,-12.50,-39.38,-45.38,-6.32,23.95,-27.33,-12.52,0.00,22.90,11.08,-21.01,2.62,20.84,34.51,-16.87,0.00,-326.95,-66.16,156.37,-155.17,-162.06,-6.51,210.27,3.52,-23.41,-32.35,97.65,93.11,96.90,66.54,66.51,44.07,-6.86,511.91,-10.65,180.88,180.88,39.87,-5.61,15.99,102.68,144.25,299.99,-29.73,25.21,19.65,11.30,-2.63,211.72,115.83,48.24,64.31,68.68,62.36,45.40,180.41,225.52,136.97,160.36,204.59,-351.22,34.53,-34.82,-0.54,190.19,-39.54,390.00,198.45,-45.65,-46.19,44.35,175.64,151.06,157.98,25.32,51.41,58.01,23.50,88.58,55.51,297.79,-657.42,39.33,13.03,22.79,33.89,144.89,146.10,39.73,40.58,-26.97,-2.96,84.39,16.41,-162.05,-299.93,-346.05
42.00,44.39,17.29,-84.47,0.50,-67.26,46.23,55.25,89.44,89.82,70.63,70.63,-57.31,-20.50,-5.87,9.17,9.17,57.96,57.96,55.68,159.79,-158.74,167.19,123.75,-30.98,131.53,58.86,37.24,-26.82,-1.30,197.88,206.12,206.12,38.42,38.42,68.20,70.95,70.95,138.72,138.82,145.49,145.49,55.33,55.33,46.58,46.58,0.00,50.12,50.12,80.16,54.58,-125.08,-66.80,-89.70,-22.15,31.95,26.58,22.06,22.06,-6.20,21.51,-30.25,28.10,0.00,0.00,127.26,127.26,-96.26,-1.60,191.69,18.02,26.11,32.05,10.76,-17.51,-48.63,14.13,-24.15,-27.22,26.14,-8.40,0.33,-0.89,31.17,63.44,46.90,49.97,-10.11,19.57,36.15,37.19,10.67,-56.60,-56.60,-56.64,-1.56,-1.58,163.45,72.10,72.02,89.88,89.88,108.94,115.80,-11.78,353.78,41.34,41.34,-33.53,109.32,109.32,59.20,-26.66,10.40,63.44,52.48,52.48,59.36,46.21,-57.13,439.33,427.90,0.19,-99.52,0.00,333.29,5.06,424.85,363.92,94.50,159.01,419.84,75.46,75.64,218.43,-15.90,61.85,1.30,213.19,-23.74,-1.30,108.95,-70.31,-33.54,-39.41,122.01,88.00,43.55,60.62,41.83,244.64,27.88,-4.68,230.06,230.06,105.65,105.65,45.85,45.77,130.11,8.16,5.06,57.96,-3.67,15.19,2.57,0.21,-2.90,-3.86,-35.63,6.25,40.55,4.04,13.19,156.74,44.47,-4.53,-40.67,-58.01,29.26,-95.97,70.58,20.42,-13.97,149.05,229.02,-2.48,2.33,-18.84,-8.19,44.54,293.82,-97.11,658.92,580.32,264.21,-78.03,45.45,45.17,289.49,289.79,146.40,146.40,469.91,181.46,-33.56,13.27,97.11,5.69,-31.97,4.13,83.33,2.07,1.93,181.44,24.88,24.88,27.81,27.79,140.86,134.20,42.68,15.46,45.40,45.40,41.27,41.27,85.53,-13.56,63.37,19.26,78.02,46.09,27.80,28.78,46.21,46.21,42.66,39.59,12.36,-27.94,0.32,102.78,102.78,26.52,-53.95,12.57,6.74,-2.03,17.12,-0.59,10.80,6.02,17.15,29.14,25.84,50.03,47.75,-0.11,-10.31,-40.37,-46.94,-6.91,22.94,-28.65,-13.41,0.00,22.92,11.08,-21.78,3.12,20.34,34.10,-16.82,0.00,-321.51,-65.75,155.16,-155.87,-162.06,-5.80,213.76,2.26,-23.03,-32.27,91.11,91.90,95.24,66.12,66.10,44.72,-5.87,509.26,-10.67,180.00,180.00,40.89,-5.82,14.59,102.18,149.39,290.75,-29.19,27.96,19.86,11.00,-3.06,219.71,109.11,47.18,62.76,69.52,60.90,44.92,179.72,224.42,135.56,158.56,202.20,-349.69,34.12,-32.65,5.18,191.38,-30.98,392.14,198.53,-47.44,-36.97,43.43,171.80,149.45,156.49,25.18,50.73,56.07,22.50,90.44,53.07,292.97,-659.07,38.54,13.27,22.49,31.97,142.61,143.80,39.94,40.80,-27.79,-3.14,82.59,15.15,-162.05,-293.82,-344.54
43.00,42.78,15.25,-83.65,2.39,-66.09,43.51,60.69,89.92,90.31,73.15,73.15,-58.32,-18.46,-4.48,7.76,7.76,59.03,59.03,56.70,161.54,-160.47,159.25,117.88,-30.60,129.08,63.34,42.86,-21.16,4.59,193.81,201.87,201.87,38.36,38.36,66.76,72.26,72.26,140.65,140.76,138.91,138.91,55.99,55.99,48.31,48.31,0.00,50.87,50.87,78.11,56.37,-124.54,-63.59,-85.81,-18.17,33.92,26.23,22.31,22.31,-6.20,19.92,-28.38,25.89,0.00,0.00,128.54,128.54,-96.17,-1.67,190.88,13.48,21.23,30.29,9.06,-18.96,-48.41,14.53,-26.39,-29.26,25.78,-6.36,0.02,-1.00,31.13,62.67,46.25,49.01,-5.67,18.65,34.34,35.75,10.14,-58.52,-58.53,-58.57,-1.63,-1.65,164.08,73.87,73.79,89.21,89.21,105.33,111.95,-12.60,357.03,43.66,43.66,-33.12,111.78,111.78,54.96,-27.05,8.66,62.67,53.79,53.79,65.21,43.49,-58.14,452.82,434.83,-1.37,-99.17,0.00,328.21,3.98,419.23,359.48,94.92,160.75,414.35,74.05,74.23,221.87,-15.88,59.22,1.32,207.19,-23.93,-1.43,105.33,-73.15,-34.29,-39.52,120.26,88.00,41.57,63.11,43.54,239.14,32.93,-5.88,230.06,230.06,108.14,108.14,43.15,43.09,127.89,7.97,3.98,59.03,-3.76,13.69,2.50,0.37,-2.74,-3.83,-35.57,5.91,40.55,4.04,13.46,152.20,44.05,-4.38,-40.41,-60.23,26.91,-96.01,70.55,20.41,-13.71,149.05,229.07,-2.52,2.22,-18.63,-8.49,50.18,286.37,-96.79,653.62,572.39,260.96,-86.21,42.21,41.96,289.50,289.81,144.28,144.28,474.11,195.98,-31.56,11.83,96.79,5.29,-29.24,6.03,84.18,-4.23,-4.39,195.95,24.80,24.80,28.57,28.55,143.45,134.20,41.94,14.97,43.34,43.34,39.65,39.65,84.69,-15.65,64.13,20.09,78.85,46.69,26.82,26.99,47.28,47.28,42.36,39.41,13.65,-26.21,-0.09,105.32,105.32,25.19,-55.70,15.13,6.99,2.49,16.19,2.93,9.59,4.87,17.48,28.95,26.15,50.24,47.95,0.02,-10.11,-40.37,-47.23,-7.20,22.99,-28.74,-13.58,0.00,23.13,11.01,-21.74,3.00,20.31,34.81,-16.58,0.00,-312.34,-64.53,174.20,-161.82,-161.80,0.44,221.36,7.38,-22.09,-33.22,85.08,91.14,95.13,64.88,64.86,50.41,-4.48,509.39,-10.14,177.91,177.91,40.88,-5.96,12.63,101.40,142.86,276.95,-28.74,25.77,19.12,10.06,-3.38,220.11,111.66,45.29,59.61,69.16,57.93,46.30,178.39,216.98,134.81,157.96,200.42,-348.95,34.83,-29.22,11.36,194.78,-27.45,386.71,202.13,-48.90,-27.02,41.47,166.28,145.80,151.96,24.34,51.22,54.64,21.86,90.41,49.90,288.71,-659.96,43.51,11.83,21.58,29.24,141.02,142.20,39.45,40.30,-28.55,-4.41,79.34,13.35,-161.78,-286.37,-343.82
44.00,40.72,14.45,-79.04,2.77,-64.51,40.75,58.78,86.48,86.85,69.84,69.84,-57.93,-18.81,-5.10,1.41,1.41,62.80,62.80,60.33,161.24,-160.18,149.99,111.02,-31.00,126.08,97.88,79.31,14.63,40.24,186.32,194.05,194.05,40.01,40.01,66.48,75.29,75.29,144.55,144.67,125.85,125.85,55.63,55.63,61.36,61.36,0.00,50.53,50.53,74.69,57.92,-128.76,-59.44,-79.11,-12.00,36.14,25.56,22.60,22.60,-6.20,18.22,-28.85,27.72,0.00,0.00,125.64,125.64,-99.30,-2.67,188.55,15.45,22.63,30.14,8.61,-19.32,-46.40,15.04,-29.32,-32.05,25.43,-3.80,-0.09,-0.99,30.38,60.28,45.76,48.70,0.08,17.59,32.15,33.54,9.67,-57.64,-57.65,-57.69,-2.61,-2.64,164.10,53.68,53.59,88.18,88.18,100.22,106.52,-12.00,360.03,48.73,48.73,-33.56,104.82,104.82,59.79,-19.83,8.17,60.28,55.78,55.78,63.16,40.74,-57.75,437.59,418.86,-1.49,-102.11,0.00,314.07,2.07,404.85,345.88,92.65,160.45,400.30,71.93,72.10,212.53,-15.33,58.56,1.26,202.03,-24.71,-1.92,100.22,-88.99,-33.69,-38.28,112.60,88.00,40.32,64.76,44.68,231.77,67.25,-4.88,230.06,230.06,101.42,101.42,40.43,40.36,121.71,7.18,2.07,62.80,-4.18,10.69,2.05,0.69,-2.23,-3.65,-34.71,5.99,39.03,4.42,12.90,147.36,43.34,-4.04,-38.41,-61.77,25.15,-98.61,68.26,19.75,-11.52,149.06,231.67,-2.67,1.81,-17.44,-9.59,79.00,278.86,-95.17,633.65,552.29,252.08,-81.14,37.24,37.05,289.51,289.82,138.96,138.96,462.71,202.40,-30.54,12.10,95.17,5.29,-25.90,10.61,75.36,-11.87,-12.05,202.38,24.58,24.58,29.60,29.58,149.43,134.20,40.49,14.38,40.07,40.07,36.75,36.75,79.97,-15.89,65.30,20.77,79.52,48.18,25.47,25.07,46.77,46.77,40.19,37.48,13.44,-23.43,1.38,98.76,98.76,23.58,-57.22,18.29,7.42,7.88,15.35,-0.04,8.82,4.22,18.13,27.71,24.88,49.04,46.80,0.86,-9.17,-38.87,-45.75,-7.20,21.00,-27.63,-12.94,0.00,22.97,10.90,-21.00,3.84,19.23,34.12,-16.41,0.00,-296.45,-63.03,195.56,-170.83,-159.62,11.68,224.45,42.93,-20.91,-32.59,79.23,90.51,95.53,63.37,63.34,79.57,-5.10,504.94,-9.67,171.97,171.97,39.35,-6.08,10.39,100.48,134.67,260.84,-29.85,27.57,19.61,10.17,-3.56,213.19,102.51,42.90,55.81,67.86,54.34,46.94,176.33,206.47,134.21,158.11,207.65,-340.93,34.14,-33.22,12.53,188.41,-25.92,371.73,192.85,-50.98,-25.17,40.22,157.83,138.37,147.14,23.69,52.05,54.34,19.36,87.49,45.03,278.06,-651.18,66.89,12.10,21.05,25.90,137.19,138.34,39.18,40.03,-29.58,-6.25,73.53,11.22,-159.60,-278.86,-335.91
45.00,38.67,9.70,-70.33,3.31,-62.61,37.31,54.20,81.11,81.47,65.11,65.11,-53.50,-24.67,-10.58,1.62,1.62,63.88,63.88,61.37,151.51,-150.57,137.05,101.44,-29.86,117.35,88.78,72.05,9.28,35.35,179.89,187.34,187.34,39.07,39.07,67.67,71.91,71.91,140.86,141.00,113.50,113.50,49.90,49.90,80.34,80.34,61.37,44.77,44.77,69.39,58.64,-135.33,-54.60,-70.84,-9.62,39.85,24.75,21.43,21.43,-6.21,15.57,-22.68,26.01,0.00,0.00,126.78,126.78,-107.57,-7.75,180.64,-5.60,1.39,24.58,3.68,-17.27,-41.18,16.33,-32.60,-35.16,24.91,-1.84,-0.48,-1.37,31.11,58.42,45.93,50.07,3.47,16.53,29.54,33.16,10.54,-57.93,-57.94,-57.98,-7.56,-7.66,157.85,66.38,66.28,85.87,85.87,95.83,101.86,-13.36,350.99,40.52,40.52,-32.32,99.64,99.64,61.46,-14.52,7.39,58.42,52.15,52.15,58.23,37.29,-53.33,396.57,386.81,-5.55,-109.20,0.00,337.66,4.64,415.90,349.27,73.89,150.81,411.09,72.16,72.34,194.93,-13.83,56.31,1.26,193.43,-23.95,-1.92,95.84,-99.43,-34.29,-38.13,107.43,88.00,40.20,64.49,44.50,224.58,59.17,1.70,230.06,230.06,96.32,96.32,37.01,36.96,121.58,7.95,4.64,63.88,-4.13,10.29,1.25,1.47,-2.14,-3.69,-35.09,5.63,39.99,5.09,12.86,141.01,40.51,-3.73,-36.77,-61.19,23.74,-100.70,69.44,20.09,-12.39,149.06,233.75,-2.52,1.54,-17.65,-9.12,60.66,266.89,-91.02,652.80,568.62,254.70,-75.35,32.93,32.78,289.52,289.82,145.71,145.71,424.78,211.38,-27.62,11.76,91.02,5.34,-21.67,0.68,62.59,-11.26,-11.46,211.36,24.38,24.38,30.02,30.00,142.76,134.20,38.30,13.52,38.59,38.59,35.74,35.74,71.06,-16.15,66.59,22.07,80.82,49.35,24.56,22.87,42.39,42.39,37.51,35.20,13.25,-21.06,-1.06,93.66,93.66,21.67,-57.92,20.34,7.75,11.54,14.35,19.20,6.15,1.51,17.84,26.48,23.77,49.40,47.15,-0.11,-10.11,-39.82,-47.13,-7.65,23.10,-28.29,-13.36,0.00,24.12,10.87,-21.41,2.76,20.25,35.48,-16.31,0.00,-278.43,-58.66,205.14,-140.12,-160.49,-20.05,214.27,35.52,-19.72,-35.67,70.23,87.10,92.83,58.96,58.94,61.00,-10.57,482.65,-10.54,173.64,173.64,40.32,-6.55,8.78,96.54,126.09,238.36,-28.19,25.88,17.63,10.59,-3.97,216.20,133.77,40.94,51.28,67.25,50.03,77.82,171.71,197.45,128.86,152.28,201.12,-336.70,35.51,-35.99,4.68,174.73,-11.91,374.21,175.82,-50.03,-31.22,40.10,150.38,127.80,140.80,22.97,51.18,52.12,15.98,89.00,40.81,291.57,-638.45,65.14,11.76,20.79,21.67,142.57,143.75,38.69,39.52,-30.00,-5.56,71.51,9.59,-160.47,-266.89,-331.75
46.00,37.40,9.77,-66.49,2.96,-62.51,34.84,51.97,78.38,78.73,62.97,62.97,-50.80,-27.89,-13.63,-1.08,-1.08,66.81,66.81,64.18,146.91,-146.03,130.20,96.37,-25.13,106.70,84.95,67.67,4.67,30.43,174.52,181.73,181.73,41.08,41.08,69.88,73.69,73.69,143.31,143.44,95.67,95.67,50.57,50.57,79.19,79.19,60.83,45.28,45.28,65.62,58.84,-139.74,-51.34,-65.28,-9.09,41.88,24.42,21.24,21.24,-6.21,13.93,-21.05,26.62,0.00,0.00,125.90,125.90,-111.58,-10.85,176.10,-4.39,1.93,24.99,4.24,-14.48,-36.86,17.89,-34.21,-36.78,24.43,-0.44,-0.65,-1.65,29.98,58.49,46.47,51.85,6.56,16.02,27.84,32.43,10.30,-58.08,-58.08,-58.13,-10.59,-10.73,153.97,33.94,33.85,82.87,82.87,91.46,97.22,-15.21,346.24,38.10,38.10,-27.20,97.11,97.11,62.00,-13.06,7.64,58.49,49.57,49.57,55.85,34.83,-50.64,374.46,370.41,-4.84,-113.08,0.00,342.67,8.64,412.97,348.25,74.08,146.25,408.23,72.17,72.35,186.38,-12.99,56.05,1.27,188.06,-23.09,-1.90,91.47,-113.14,-33.56,-37.15,103.32,88.00,40.19,63.45,43.78,218.43,55.36,5.42,230.06,230.06,93.97,93.97,34.57,34.51,121.44,8.82,8.64,66.81,-4.00,8.21,0.66,1.65,-1.97,-3.79,-33.76,6.10,40.60,5.39,11.59,134.93,39.55,-3.73,-35.01,-59.44,22.18,-99.01,69.51,20.11,-12.04,149.06,232.04,-2.34,1.29,-17.01,-8.62,60.13,260.64,-88.86,659.59,564.56,253.31,-72.98,30.00,29.88,289.52,289.82,144.29,144.29,399.38,194.16,-26.56,12.48,88.86,4.86,-20.10,1.45,64.68,-14.41,-14.59,194.14,24.56,24.56,30.25,30.23,146.27,134.20,37.57,13.20,36.86,36.86,34.02,34.02,67.15,-15.67,67.12,22.67,81.42,49.74,24.05,21.80,39.82,39.82,35.41,33.28,13.46,-18.90,0.70,91.45,91.45,20.42,-58.12,21.85,7.87,14.40,13.73,16.72,5.09,0.36,17.91,25.66,23.38,50.38,48.08,0.02,-10.04,-40.42,-48.02,-7.94,22.49,-29.09,-13.83,0.00,23.08,10.94,-21.93,3.16,20.01,34.90,-16.36,0.00,-263.05,-53.34,197.39,-134.90,-160.14,-24.93,207.36,30.62,-19.06,-34.12,60.18,82.76,89.11,53.58,53.57,60.46,-13.62,469.42,-10.30,174.38,174.38,40.94,-7.13,7.43,93.05,117.55,226.45,-28.63,26.49,16.39,10.47,-4.16,217.85,126.42,39.94,48.32,66.38,47.21,56.40,165.72,188.45,121.79,144.51,190.69,-330.22,34.93,-36.00,-0.48,166.71,6.46,372.68,167.02,-51.31,-34.96,40.10,144.40,118.40,134.74,22.46,52.26,52.84,13.70,89.08,37.92,288.73,-640.54,80.61,12.48,20.89,20.10,141.23,142.40,38.98,39.82,-30.23,-6.93,68.08,8.30,-160.12,-260.64,-325.37
47.00,35.74,5.32,-57.39,3.60,-62.96,31.53,48.13,73.08,73.42,60.78,60.78,-45.59,-34.30,-19.14,6.05,6.05,62.38,62.38,59.92,135.34,-134.59,116.27,86.06,-22.45,95.51,87.25,73.20,11.16,37.71,160.13,166.72,166.72,40.13,40.13,70.41,68.68,68.68,139.58,139.70,93.96,93.96,47.85,47.85,81.30,81.30,64.32,42.54,42.54,59.22,57.63,-141.09,-47.40,-38.66,2.27,47.92,24.36,21.29,21.29,19.58,38.16,-23.39,25.37,0.00,0.00,131.40,131.40,-113.97,-14.10,159.36,-22.05,-15.95,20.52,-0.40,-16.24,-35.80,17.52,-36.13,-38.50,23.55,0.69,-0.71,-1.61,30.36,56.14,45.37,50.42,8.36,15.60,25.53,30.69,9.69,-58.96,-58.96,-59.01,-13.76,-13.94,142.92,61.85,61.76,78.49,78.49,87.60,93.11,-18.76,274.34,22.13,22.13,-24.30,93.69,93.69,61.40,-12.09,7.33,56.14,46.97,46.97,51.72,31.52,-45.45,332.64,338.83,-8.87,-115.04,25.60,351.29,14.07,418.89,346.28,72.90,134.78,414.02,72.40,72.58,169.78,-14.17,54.85,1.27,172.51,-22.54,-1.60,87.60,-95.55,-35.86,-39.61,90.04,88.00,38.75,66.39,45.81,203.39,59.87,11.62,230.06,230.06,90.46,90.46,31.28,31.24,119.19,9.37,14.07,62.38,-3.76,9.66,0.77,3.36,-2.32,-3.70,-33.64,6.69,40.45,5.39,12.26,126.26,46.52,-5.13,-36.34,-62.95,21.10,-100.59,69.04,19.97,-17.50,149.06,233.61,-2.23,1.51,-16.87,-8.30,63.58,238.17,-79.67,685.94,573.57,253.15,-69.86,23.52,23.44,289.52,289.83,148.55,148.55,359.87,192.47,-24.51,8.51,79.67,4.58,-17.53,-4.32,71.58,-10.92,-11.08,192.44,24.27,24.27,29.81,29.79,136.38,134.20,35.54,12.88,36.04,36.04,33.23,33.23,57.88,-16.71,67.58,24.06,82.81,49.34,23.61,19.86,34.98,34.98,39.63,37.37,16.51,-13.23,-2.02,87.81,87.81,18.73,-56.93,22.60,7.80,16.39,13.03,32.84,11.88,7.10,19.56,28.96,26.66,48.83,46.60,-1.18,-11.25,-40.27,-47.93,-8.00,23.21,-28.62,-13.08,0.00,23.56,10.94,-22.02,2.80,20.36,41.60,-16.31,0.00,-247.20,-47.75,173.47,-120.72,-165.58,-44.59,158.90,35.90,-17.46,-37.60,52.38,78.03,82.81,47.94,47.93,63.95,-19.12,398.12,-9.69,178.08,178.08,40.79,-7.23,6.19,87.08,107.82,202.23,-27.60,25.25,18.44,8.48,-4.31,214.04,154.46,39.08,44.31,82.89,43.38,71.33,156.96,180.50,115.77,137.62,144.36,-339.12,41.63,-34.22,-9.77,151.60,25.13,370.27,150.35,-50.91,-37.79,38.66,138.23,108.71,126.10,22.68,46.99,46.01,-8.94,88.48,31.51,297.26,-647.43,34.46,8.51,19.73,17.53,145.19,146.40,39.16,40.00,-29.79,-9.35,66.49,7.11,-165.56,-238.17,-334.12
48.00,34.12,6.95,-56.38,3.22,-59.73,30.44,46.94,70.89,71.21,59.32,59.32,-44.65,-35.63,-20.86,-12.22,-12.22,47.33,47.33,45.47,140.12,-139.32,108.10,80.01,-16.35,84.13,89.00,74.05,12.17,38.41,156.94,163.39,163.39,38.35,38.35,67.54,69.33,69.33,141.26,141.38,111.29,111.29,47.38,47.38,80.78,80.78,64.26,42.28,42.28,57.93,59.08,-141.24,-44.84,-35.16,6.86,46.76,23.95,21.57,21.57,19.44,36.21,-21.98,24.87,0.00,0.00,133.55,133.55,-114.56,-13.89,159.87,-24.41,-18.64,19.69,-1.54,-16.60,-34.17,16.73,-37.80,-40.16,23.54,2.10,-0.69,-1.57,30.28,56.32,44.02,48.92,12.08,15.96,24.23,29.69,9.40,-57.91,-57.91,-57.96,-13.55,-13.73,144.94,65.25,65.15,72.96,72.96,81.94,87.10,-15.81,277.36,36.59,36.59,-17.70,88.15,88.15,65.98,-11.22,7.75,56.32,50.80,50.80,50.44,30.43,-44.52,325.70,330.18,-6.44,-115.13,25.47,357.50,18.24,418.26,345.50,74.34,139.52,413.41,71.60,71.77,165.77,-13.82,54.73,1.27,161.00,-21.18,-1.88,81.95,-90.20,-36.92,-40.74,87.87,88.00,37.89,68.56,47.31,199.58,60.40,14.12,229.58,229.58,85.09,85.09,30.19,30.15,118.50,10.74,18.24,47.33,-3.68,5.32,-0.63,3.65,-1.51,-3.78,-33.52,6.23,40.92,5.91,13.84,122.19,45.73,-5.14,-35.48,-65.78,21.05,-101.61,69.49,20.10,-18.70,149.06,234.62,-1.96,0.67,-16.49,-7.33,63.52,225.55,-74.25,693.74,572.32,253.37,-65.09,21.81,21.75,289.53,289.84,147.90,147.90,359.79,209.87,-23.36,8.13,74.25,4.25,-16.64,-1.20,74.41,-21.02,-21.20,209.84,24.05,24.05,30.65,30.63,137.66,134.20,34.55,12.17,33.65,33.65,31.11,31.11,56.85,-16.38,68.66,24.64,83.39,50.76,23.93,18.50,34.25,34.25,39.13,37.06,15.98,-11.98,2.10,82.55,82.55,17.77,-58.35,24.64,8.01,19.78,12.42,34.43,11.30,6.56,18.02,29.07,26.85,50.35,48.06,-0.42,-10.49,-40.73,-48.46,-8.06,22.89,-29.14,-13.70,0.00,23.82,10.95,-22.10,2.96,20.21,41.29,-16.28,0.00,-236.41,-42.06,193.12,-117.40,-166.78,-49.13,168.04,36.55,-16.39,-34.33,45.34,73.17,75.65,42.21,42.20,63.89,-20.83,394.59,-9.40,178.36,178.36,41.26,-7.18,4.84,83.64,101.75,188.02,-27.16,24.76,17.50,8.28,-4.30,216.37,154.73,39.75,42.04,81.62,41.21,60.20,145.91,168.86,109.31,130.69,160.36,-341.84,41.32,-39.36,-7.91,147.38,40.52,369.81,146.43,-52.49,-34.31,37.81,132.52,103.63,122.04,21.51,45.77,38.60,-9.86,89.05,29.82,295.97,-650.27,34.23,8.13,20.10,16.64,145.23,146.44,38.02,38.83,-30.63,-11.43,62.25,5.91,-166.77,-225.55,-336.81
