"ETAPA \ BARRA","AGUAYTIA 220","BALNEARIO 220","BALNEARIOS 60 A","CALLAHUANCA 220","CALLAHUANCA 60","CARHUAMAYO 220","CARHUAMAYO NUEVA 138","CARHUAQUERO 220","CHAVARRIA 220 A","CHICLAYO OESTE 220","CHIMBOTE 220","GUADALUPE 220","HUACHIPA 60","HUACHO 220","HUANCAVELICA 220","HUAYUCACHI 220","ICA 220","INDEPENDENCIA 220","MARCONA220","MOYOPAMPA 60","OROYA NUEVA 220","OROYA NUEVA 138","OROYA NUEVA 50","PACHACHACA 220","PARAGSHA2 220","PARAGSHA 138","PARAGSHA 50","PARAMONGA NUEVA 220","PIURA OESTE 220","SAN JUAN 220","SANTA ROSA 220 A","SANTA ROSA EDS 60","TALARA 220","TINGO MARIA 138","TINGO MARIA 220","TRUJILLO 220","VENTANILLA 220","VIZCARRA 220","ZAPALLAL 220","AGUAYTIA 138","PUCALLPA 138","HUALLANCA 138","CHIMBOTE 138","PUCALLPA 60","ZORRITOS 220","ABANCAY NUEVA 138","ARICOTA138","ARICOTA II 66","CAMPO ARMINO 220","AYAVIRI138","AZANGARO 138","CACHIMAYO 138","CALLALLI 138","CERRO VERDE 138","COMBAPATA 138","DOLORESPATA 138","DESIERTO220","JULIACA 138","MACHUPICCHU 138","MOLLENDO 138","MOQUEGUA 220","MOQUEGUA 138","PUNO 220","PUNO 138","SANTUARIO 138","SOCABAYA 220","SOCABAYA 138","ILO 138","LOS HEROES 220 A","LOS HEROES 66","TINTAYA 138","TOMASIRI 66","REPARTICION 138","ILO2 220","COTARUSE 220","CHILCA REP 220","CANTERA 220","PIURA OESTE 60","LA NINA 220","CONOCOCHA 220","HUINCO 220","INDEPENDENCIA 60","CHILLON 220","CHILLON 60","CHAVARRIA 60 A","CHAVARRIA 60 B","BARSI 60","BARSI 220","OQUENDO 60","CAJAMARCA 220","PLANICIE 220 A","CARABAYLLO 220","CARABAYLLO 500","CHILCA CTM 500","CHILCA CTM 220 A","KIMAN AYLLU 138","KIMAN AYLLU 220","PARAMONGA EXISTENTE 138","MACHALA 200","CHIMBOTE 500","TRUJILLO 500","HUARANGAL 60","POMACOCHA 220","PIEDRA BLANCA 138","POROMA 220","POROMA500","OCONA 500","MONTALVO 500","MONTALVO 220","HUANZA 220","INDUSTRIALES 220 A","TINTAYA 220","LA NINA 500","INDUSTRIALES 60","CARHUAMAYO 50","CARIPA138","HUAMPANI 60","HUANUCO 138","REFINERIA ZINC 220","QUENCORO 138","ILO 3 220","MIRADOR 220","MIRADOR 60","ALTO PRADERA 220","ABANCAY NUEVA 220","LOMERA 220","REQUE 220","SAN JOSE 500","SANTA TERESA 220","SURIRAY 220","ASIA 220","CERRO DEL AGUILA 220","CHAGLLA 220","RAMADA 220","SANTA ROSA LDS 60","LOMERA 60","ZAPALLAL 60","MALVINAS 220","MALVINAS 60","ABANCAY 138","YAUPI 138","SANTA ISABEL 220","YANANGO 220","CHIMAY 220","ILO3 138","MATUCANA 220","COLCABAMBA 500","COLCABAMBA 220","YARABAMBA 500","YARABAMBA 220","BELAUNDE 220","BELAUNDE 138","CACLIC 220","INDUSTRIALES 220B","PLANICIE60","COBRIZAI 69","MOLLEPATA 60","MOLLEPATA220","CARAPONGO 500","CARAPONGO 220 A","SAN JOSE 220","MARCONA 60 A","SAN NICOLAS 60","CALLAHUANCA EDN 220","PUMIRI138","PUMIRI220","SAN MIGUEL 220","SAN MIGUEL 60","FELAM 220","MANCHAY 60","MANCHAY 220","SAN RAFAEL 138","SAN GABAN 138","MARCONA 60 B","ANGEL 138","PTO MALDONADO 138","MEDIO MUNDO 220","AUCAYACU 138","BELLAVISTA 138","TARAPOTO 138","PARINAS 220","PAMPA HONDA 220","ORCOTUNA 220","SAN ROMAN 138","SAN ROMAN 220","CHILOTA 220","MAZUCO 138","JESUS 138","CARHUAMAYO 138","CINCO MANANTIALES 138","OXIDOS CERRO 138","TOCACHE 138","JUANJUI 138","FRANCOISE 220","BOTIFLACA 138","MILL SITE 138","PLAZA TOQUEPALA 138","QUEBRADA HONDA 138","PANAMERICANA SOLAR 138","TOQUEPALA 138","ILO ELS 138","REFINERIA 138","LIXIVIACION 138","PUSHBACK 138","INTIPAMPA 138","PLANICIE 220 B","CHILCA CTM 220 B","CARAPONGO 220 B","CHILCA 1 220","DERIVACION 220","CHAVARRIA 220 B","DERIVACION 220  BARRA II","CAMPAS 220","CAMPAS 500","PLANICIE 500","NUEVA CHINCHA 220","CAHUACHI 220","VALLE DEL CHIRA 220","SANTA ROSA 220 B","ERSUR 220","FLAMENCO220","BARRA3HERMANAS","BARRAPTALOMITAS","PUERTO CHANCAY 220","CHAPARRAL 138","CHIRIBAMBA 220","BARRAPTALOMITAS2","YSHCAYUCRO 220","PAQUILLUSI 220","MIGUEL GRAU 500","MIGUEL GRAU 220","ALIPIO ROSALES 220","SUNNY","CUAJONE 138","SAN MARTIN 220","SAN LUIS 220","CERRO VERDE 220","PORTILLO 60","SURIRAY138"
1.0000,269.0860,243.9381,244.1722,244.9130,240.0191,249.3094,247.4931,269.3846,248.7879,273.6271,262.9717,271.8137,246.7241,252.6331,244.9493,243.8789,249.8210,249.1889,251.5502,240.7042,247.2442,245.9105,246.4608,246.2557,251.1044,253.3324,253.8096,255.8501,274.6170,243.7363,244.3180,244.5737,276.5246,267.5838,266.9214,267.1518,248.1900,260.6641,248.3827,269.6241,280.2554,261.9814,263.6707,281.2123,278.9578,252.5870,265.5365,264.8844,242.4858,267.0181,264.2961,259.8400,270.9852,261.7732,266.6933,260.9037,247.8476,265.3189,246.3641,258.2302,260.3258,260.7549,264.3456,264.5701,263.0765,260.5554,261.0046,266.5605,261.6240,262.1579,271.6148,264.6676,262.6689,260.3668,252.9174,240.5293,246.1143,275.0019,271.9628,259.1733,246.3589,249.7273,248.2638,248.4404,249.0757,249.4809,249.7436,249.3806,248.9965,270.3649,248.5303,248.1308,247.8648,244.4990,242.8838,263.4303,264.3917,256.0905,0.0000,262.4018,266.3540,248.8603,246.6869,265.3674,251.3897,251.2070,254.0940,259.1206,259.5991,244.6085,249.2831,270.1405,271.6890,250.6673,247.9854,247.4134,256.6510,262.7128,247.1711,260.7597,263.5896,248.8645,249.4492,242.9175,251.1239,250.9018,273.3411,255.3908,248.4595,248.5043,242.8759,244.3181,246.4304,267.2867,244.6568,251.6490,248.8442,249.3936,249.5928,253.8890,245.3420,246.8849,245.6141,244.6277,263.5612,243.2865,246.1698,244.6189,259.3063,260.2962,279.5486,281.0598,275.2923,244.1792,252.7192,242.6598,247.5810,246.2072,246.8820,246.3562,255.6178,0.0000,254.7425,244.8873,264.2403,264.4462,246.4109,245.8872,272.9423,250.7465,248.5918,263.6320,255.2070,252.1339,255.4721,275.2379,254.5208,272.0246,291.6983,292.6679,276.8478,268.2129,243.8952,264.7806,264.6279,262.5652,261.7200,262.2508,248.0256,253.3108,253.3532,281.6471,290.3148,252.1714,265.0200,266.8756,266.9607,265.8033,263.5612,266.8269,265.7755,266.9948,266.9826,266.7554,262.4482,248.5303,242.8878,246.3581,0.0000,248.4220,248.8075,248.4220,245.9189,246.1440,246.8368,248.8247,251.2408,276.4699,244.3200,250.7155,251.3829,250.9038,246.8941,249.9454,261.3041,246.6313,246.8933,253.5911,257.7015,272.4583,273.0994,278.6214,255.6178,264.3304,255.6178,258.8498,261.1087,245.8005,246.8203
2.0000,270.4813,243.6233,243.8399,244.8490,240.0734,251.2648,249.4850,269.3846,248.3544,273.2268,262.7891,271.4707,246.2507,252.6331,244.8276,243.7134,249.6617,249.0270,251.3362,240.4327,247.9584,246.6736,247.1771,246.5775,253.9614,256.3026,256.7991,256.0430,274.1009,243.4338,243.9913,244.2426,275.9609,269.0621,268.3978,266.8636,247.7626,262.3403,248.0164,270.9995,281.2308,262.1992,263.5629,282.1515,278.3331,252.2546,265.3022,264.6698,242.4248,266.8654,264.1227,259.2286,270.9694,261.5371,266.2220,260.2269,247.6376,265.0702,246.0073,257.8459,260.0972,260.5263,264.1096,264.3221,263.0765,260.3367,260.7849,266.3073,261.3403,261.8348,271.4680,264.2999,262.3775,260.1382,252.7404,240.2370,245.8724,274.4638,271.5492,260.4271,246.0652,249.5984,247.8339,248.0070,248.6177,248.9985,249.2883,248.9352,248.5349,270.4058,248.1305,247.7708,247.5405,244.1907,242.5812,263.7756,264.8871,256.0974,0.0000,262.1702,266.0718,248.4566,247.0061,267.0528,251.1740,250.9913,253.8768,258.8969,259.3721,244.3091,248.8612,269.9707,271.2780,250.2232,249.9541,248.5486,256.5894,264.8206,246.8503,260.0909,263.3545,248.4617,249.0312,242.6110,250.8169,250.7375,272.9500,255.1733,248.1360,248.1808,242.6146,244.2047,253.9761,267.5594,244.3169,251.4857,248.4046,248.9550,249.1427,253.5365,245.9086,247.9855,245.5367,244.6277,263.3292,243.2146,246.0189,244.5054,259.0872,260.0773,279.2741,280.6752,275.1560,243.8584,252.0657,242.8111,247.1467,245.9672,246.5824,246.0625,255.4005,0.0000,254.5125,244.8149,264.0649,264.2530,246.1091,245.5925,272.5343,250.2190,248.1882,263.5275,255.2070,251.9121,255.4667,274.6056,254.6221,273.2859,291.5909,292.1689,276.2839,268.4153,243.7098,264.5411,264.3981,262.3373,261.5085,262.0752,250.0240,255.8300,256.3096,282.3773,290.3364,255.0366,264.7640,266.6345,266.7197,265.5946,263.3292,266.5859,265.5202,266.7432,266.7409,266.5192,262.2161,248.1305,242.5852,246.0644,0.0000,248.1524,248.3735,248.1524,245.7834,245.9721,246.5005,248.6268,251.0020,275.9208,243.9934,250.5294,251.1672,250.7002,246.5625,249.7128,260.9841,246.4937,246.5618,255.9583,257.5132,272.0207,272.6342,278.0064,255.4005,264.0525,255.4005,258.6358,260.8915,245.5109,246.4761
3.0000,269.7498,242.8077,243.0084,244.1673,239.5670,250.7328,248.9844,269.3846,247.5583,272.6072,262.0601,270.8591,245.2836,252.6331,244.1657,243.0389,248.7690,248.2487,250.7004,239.6098,247.3244,245.9316,246.4654,245.9475,253.4612,255.8639,256.3535,255.9263,273.1941,242.6271,243.2026,243.4486,275.0399,268.3630,267.7315,266.1154,246.9767,261.8973,247.2879,270.2533,280.1904,261.6666,262.8277,281.0845,277.3702,251.5040,264.7816,264.1605,241.8170,266.4852,263.7564,258.3057,270.7552,261.0627,265.4774,259.2862,246.8535,264.6110,245.2498,257.3424,259.5691,259.9962,263.6401,263.8410,263.0765,259.8398,260.3052,265.7760,260.7883,261.2663,271.0412,263.8098,261.9184,259.6102,252.0545,239.4720,245.1032,273.5331,270.7542,260.0544,245.3194,248.8357,247.0465,247.2092,247.8170,248.1924,248.4630,248.1241,247.7324,270.0728,247.3323,247.0346,246.8018,243.4593,241.8382,263.3280,264.4798,256.1527,0.0000,261.4345,265.3185,247.6753,246.3562,266.3482,250.5735,250.3893,253.3311,258.3707,258.8446,243.5977,248.0391,269.5329,270.4667,249.3599,249.4895,247.8365,256.5354,264.0907,246.0939,259.1673,262.8199,247.6849,248.2436,241.8157,250.0816,250.3658,272.3316,254.6510,247.3961,247.4407,241.8587,243.6102,253.4739,267.1954,243.5189,250.9454,247.6077,248.1492,248.3313,252.7891,245.3745,247.4551,245.1116,244.6277,262.7968,242.5361,245.4330,243.9104,258.5667,259.5780,278.6965,280.0897,274.6844,243.0654,251.1079,242.4197,246.3105,245.2550,245.8607,245.3166,254.8799,0.0000,253.6442,244.1320,263.6935,263.8496,245.3545,244.8251,271.8212,249.3500,247.3874,263.2553,255.2070,251.2540,255.4526,274.0866,254.5566,272.5091,290.5667,291.1288,275.3681,268.0626,243.0301,264.0804,263.9457,261.8347,261.3297,261.7307,249.5223,255.3591,255.8698,281.4705,289.3263,254.5637,264.2148,266.1051,266.1899,265.0497,262.7968,266.0565,264.9787,266.2118,266.2118,265.9706,261.6861,247.3323,241.8422,245.3184,0.0000,247.1992,247.5769,247.1992,245.2616,245.4049,245.7493,247.8368,250.2648,275.0014,243.2048,249.9162,250.5672,250.0867,245.5152,249.2495,260.5113,245.7857,245.5142,255.4972,257.1482,271.1866,271.7731,277.0510,254.8799,263.5069,254.8799,258.1393,260.3915,244.8051,245.7241
4.0000,269.1721,242.3250,242.5104,243.8481,239.5759,250.4063,248.6825,269.3846,247.0257,272.1927,261.6185,270.3979,244.7682,252.6331,243.9661,242.8016,248.3373,247.8549,250.4371,239.8316,247.0000,245.5874,246.1263,245.6381,253.1364,255.5063,255.9963,255.7925,272.6525,242.1511,242.7549,243.0424,274.4692,267.8414,267.2261,265.6514,246.4523,261.5974,246.8222,269.6556,279.1909,261.3623,262.3924,280.0488,276.7670,251.2652,264.1163,263.4870,241.6894,266.3317,263.6168,257.9841,270.7121,260.7188,265.2141,258.9591,246.4173,264.3600,245.0127,256.8974,259.1708,259.5948,263.3768,263.5755,263.0765,259.5024,259.9746,265.3456,260.3742,260.8596,270.8341,263.3754,261.5291,259.2118,251.8634,239.0125,244.6448,272.9846,270.2598,259.8055,244.8810,248.4399,246.5203,246.6776,247.2603,247.6139,247.9140,247.5837,247.1741,269.9093,246.8047,246.5661,246.3451,243.0141,241.3882,263.0698,264.2630,256.0109,0.0000,260.9834,264.8541,247.1955,246.0416,265.8302,250.2649,250.0710,252.9737,257.9933,258.4534,243.2019,247.4940,269.3059,269.9684,248.7733,249.1613,247.4758,260.7694,263.5764,245.6360,258.8634,262.3312,247.1799,247.7096,241.3408,249.8554,250.1709,271.9097,254.2775,247.1684,247.2130,241.3913,243.3922,253.1488,267.0434,243.0594,250.8105,247.0804,247.6152,247.7898,252.5447,245.0428,247.1297,244.7752,244.3089,262.2992,242.2345,245.1501,243.6921,258.2097,259.2370,278.3746,279.7678,274.4438,242.6108,250.4120,242.0723,246.1795,245.0577,245.4200,244.8783,254.5045,0.0000,253.7650,243.8123,263.5521,263.6894,244.9118,244.3687,271.3595,248.7288,246.8575,263.2365,255.2070,251.0271,255.4516,273.6970,254.4803,271.9615,289.8226,290.3949,274.7966,267.9179,242.7693,263.8315,263.7089,261.4989,261.1811,261.4937,249.2125,255.0219,255.5122,280.8559,288.5967,254.2579,263.7525,265.4331,265.5219,264.4771,262.2992,265.3863,264.5169,265.7806,265.5419,265.2368,261.2103,246.8047,241.3922,244.8800,0.0000,246.7787,247.0439,246.7787,244.9177,245.0565,245.2837,247.4152,249.9643,274.4397,242.7570,249.6680,250.2599,249.8464,245.0638,248.9532,260.1049,245.5093,245.0627,255.1956,257.1482,270.6777,271.2523,276.4528,254.5045,263.0803,254.5045,257.7365,260.0610,245.3661,245.4899
5.0000,268.9131,242.3877,242.5629,243.9130,239.4984,250.4017,248.6852,269.8528,247.0844,272.2666,261.6630,270.4351,244.8226,252.6331,244.0012,242.8207,248.7396,247.9934,251.8836,239.6835,247.0745,245.7671,246.2672,245.7170,253.1091,255.4218,255.9134,255.7997,272.6620,242.2219,242.8288,243.0718,274.5455,267.5866,267.0052,265.6910,246.5184,261.5518,246.9539,269.3876,278.7451,261.4076,262.4127,279.5868,276.8178,251.7275,266.8662,266.2326,241.6894,267.9332,265.1372,258.4742,271.4751,262.8523,266.3154,259.4635,246.5383,266.3117,245.4786,258.9238,261.9053,262.3294,265.4308,265.6564,263.0765,261.7352,262.1029,268.1431,263.1015,263.5812,272.5747,266.1229,263.6389,261.9471,252.3051,239.1551,244.7460,272.9823,270.2922,259.7991,245.0120,248.5366,246.5845,246.7402,247.3010,247.6380,247.9378,247.6405,247.2151,270.0957,247.0180,246.7187,246.5015,243.2698,241.6019,263.1528,264.3297,256.0302,0.0000,261.0310,264.8908,247.3200,246.0995,265.5761,251.7540,251.5302,255.7167,260.6770,261.2002,243.3137,247.6938,271.1171,269.9968,248.9945,249.1224,247.6543,258.4790,263.3217,245.7522,259.4020,265.0828,247.3010,247.8501,241.4340,250.3066,250.2323,271.9777,257.5969,247.6210,247.6656,241.5000,243.6464,253.1216,267.1528,243.1285,250.8764,247.1469,247.6943,247.8911,253.0001,245.0445,247.1283,245.0735,244.6066,265.0521,242.2668,245.5886,243.9465,260.5423,261.4925,278.3389,279.7289,274.5063,242.6840,250.6260,241.9983,246.1999,245.0715,245.5951,245.0094,257.8272,0.0000,255.2972,243.8770,265.0968,265.3508,245.0406,244.4956,271.4247,248.9635,247.0694,263.9473,255.2070,252.4917,255.4885,273.2483,254.4839,271.6316,289.2640,289.9104,274.8859,268.0462,242.8023,265.8197,265.6445,263.9023,261.0251,262.9049,249.2120,254.9748,255.4274,280.3787,288.0404,254.1986,266.4702,268.1938,268.2821,267.2412,265.0521,268.1467,267.2931,268.5822,268.3026,267.9713,263.9521,247.0180,241.6059,245.0110,0.0000,247.4972,247.1025,247.4972,245.2312,245.3530,245.4775,247.5346,251.1546,274.4638,242.8310,251.1243,251.7495,251.3092,245.7902,249.0370,262.1889,245.5853,245.7891,255.1747,258.5830,270.7016,271.2711,276.5099,257.8272,265.8065,257.8272,261.1063,262.2931,244.9481,245.9539
6.0000,268.8014,242.1124,242.2796,243.7171,239.3215,250.3856,248.6666,271.4706,246.7989,272.7239,261.6456,270.7045,244.5637,252.6331,243.9790,242.7491,248.7473,247.9394,251.7848,239.2246,246.9817,245.6915,246.1811,245.5961,253.1087,255.4335,255.9161,255.8153,272.7353,241.9521,242.5561,242.7900,274.5818,267.4881,266.9344,265.7591,246.2377,261.5930,246.7064,269.2662,278.4298,261.5492,262.3991,279.2540,276.8292,251.6488,267.0828,266.4734,241.6894,267.7973,265.0411,258.3600,271.3906,262.7279,266.1771,259.3393,246.4242,266.1992,245.4176,258.7909,261.8155,262.2407,265.3284,265.5557,263.0765,261.6285,261.9944,268.0158,262.9789,263.4144,272.4621,266.0277,263.4822,261.8568,252.2717,238.9162,244.6106,273.0517,270.4253,259.8807,244.7710,248.5129,246.3029,246.4542,247.0101,247.3417,247.6433,247.3454,246.9232,270.8341,246.7625,246.4727,246.2753,243.0455,241.3722,263.3587,264.5998,256.0580,0.0000,261.0092,264.9359,247.0490,245.9776,265.4794,251.6361,251.4081,255.5904,260.5775,261.1041,243.1216,247.4261,271.0051,270.1078,248.7101,249.1364,247.6260,257.5819,263.2142,245.5020,259.2780,265.0854,247.0192,247.5445,241.1694,250.2409,250.1093,272.4050,257.4702,247.5594,247.6040,241.2905,243.5819,253.1191,267.5896,242.8495,250.7080,246.8602,247.3977,247.5801,252.9014,245.0449,247.1280,244.9205,244.4540,265.0692,242.0865,245.4785,243.8820,260.4415,261.3853,278.9706,280.3817,275.1853,242.4120,250.3084,242.1215,246.0922,245.0279,245.3731,244.7684,257.6971,0.0000,255.1329,243.6794,265.0000,265.2481,244.7982,244.2710,271.6953,248.6795,246.8123,263.7913,255.2070,252.3819,255.4804,272.9390,254.4910,271.5518,289.3975,290.1854,274.9245,268.5571,242.7128,265.7120,265.5402,263.8043,260.9112,262.8205,249.1973,254.9735,255.4387,280.3190,288.1361,254.1955,266.4060,268.4172,268.5036,267.3707,265.0692,268.3681,267.2126,268.4547,268.5257,268.2790,263.9493,246.7625,241.3761,244.7699,0.0000,247.5735,246.8167,247.5735,245.0750,245.1945,245.2435,247.4444,251.1112,274.5246,242.5584,251.0405,251.6320,251.2215,245.9353,248.8796,262.0396,245.5506,245.9342,255.1994,258.4829,270.8053,271.3581,276.5256,257.6971,265.7300,257.6971,260.9279,262.1881,244.5127,245.8938
7.0000,268.3560,241.6268,241.7850,243.3225,239.0899,250.2036,248.5012,270.7752,246.2882,271.9809,261.1348,270.0044,244.1643,252.4713,243.5929,242.3752,248.3025,247.4573,251.3526,238.9302,246.6522,245.3301,245.8322,245.2352,252.9039,255.2436,255.7332,255.5760,271.8929,241.4701,242.0853,242.3283,273.6070,267.0726,266.5224,265.1269,245.7300,261.2848,246.2281,268.8116,277.7926,261.0268,261.9422,278.6004,275.8251,251.2222,266.6475,266.0283,241.3596,267.5412,264.8097,257.8903,271.2335,262.3991,265.7941,258.8613,245.9650,265.9062,244.9984,258.4473,261.4218,261.8320,265.0200,265.2407,263.0765,261.2856,261.6648,267.6191,262.5877,263.0350,272.1739,265.6584,263.1452,261.4630,251.8977,238.4399,244.0865,272.1982,269.6800,259.5631,244.3091,247.9902,245.7941,245.9364,246.4912,246.8143,247.1247,246.8295,246.3996,270.1978,246.2442,245.9908,245.7961,242.5768,240.9012,262.8125,264.1213,255.8258,0.0000,260.4664,264.3192,246.5546,245.6136,265.0890,251.2243,250.9983,255.2060,260.1979,260.7159,242.6762,246.8979,270.7094,269.3619,248.1616,248.9460,247.2497,258.9765,262.8714,245.0298,258.7989,264.6734,246.5188,247.0303,240.6854,249.8291,249.8109,271.6688,257.0971,247.1485,247.1930,240.7911,243.2143,252.9142,267.0367,242.3735,250.4349,246.3471,246.8836,247.0600,252.4589,245.0934,247.0883,244.5056,244.0397,264.6638,241.6936,245.0832,243.5140,260.0788,261.0398,278.1626,279.5455,274.4542,241.9385,249.6933,242.0328,245.4873,244.5737,244.9043,244.3066,257.3253,0.0000,254.4311,243.2840,264.7635,264.9845,244.3380,243.8263,270.9503,248.1038,246.2929,263.7704,255.2070,251.9270,255.4793,272.6303,254.2864,271.0392,288.4027,289.1569,273.9363,267.9797,242.3283,265.4126,265.2458,263.4580,260.8146,262.5936,249.0208,254.7885,255.2488,279.5741,287.1734,254.0097,265.8597,267.9828,268.0722,266.9392,264.6638,267.9339,266.8095,268.0575,268.0935,267.8223,263.5336,246.2442,240.9052,244.3082,0.0000,247.2052,246.3058,247.2052,244.6547,244.7701,244.7613,246.9723,250.6898,273.6260,242.0876,250.6205,251.2202,250.7798,245.6196,248.5163,261.7005,245.1265,245.6185,254.9601,258.2260,270.0349,270.5643,275.5240,257.3253,265.1335,257.3253,260.5745,261.8480,244.4337,245.4773
8.0000,256.4766,237.5572,237.7111,239.0616,235.1733,239.3684,238.0471,263.8444,242.0526,265.6897,255.4620,263.8908,240.1022,246.1706,242.6895,241.2172,245.9270,245.0229,248.7140,235.1289,239.9466,237.5139,238.3614,240.2583,239.1574,241.2531,241.6568,248.4065,265.9332,237.4052,238.0077,238.2577,267.6048,255.1760,254.7547,259.3068,241.4958,250.0115,241.9776,256.9045,265.3364,253.7849,256.1060,266.0947,269.7628,250.4818,264.4623,263.8776,241.0644,266.0821,263.4684,256.9192,270.3750,260.3788,264.4617,257.8352,243.0159,264.1955,244.2601,256.4385,259.2123,259.6380,263.2545,263.4531,263.0765,259.1863,259.6558,265.3344,260.3341,260.7370,270.4976,263.3524,261.1051,259.2534,251.2855,234.5320,240.9464,266.2349,263.7302,249.5296,240.1996,245.5866,241.5580,241.7277,242.2585,242.5789,242.8667,242.5805,242.1771,262.9965,242.1726,241.8172,241.7063,238.6854,236.9970,255.0440,255.9571,248.6568,0.0000,254.9269,258.5552,242.3198,240.7256,252.7901,248.5707,248.3511,252.8048,258.0381,258.5041,239.4305,242.8033,268.9852,263.4294,244.0123,238.5319,238.6355,255.8443,249.6687,240.8879,257.7540,262.4550,242.3143,242.7884,236.6711,249.1155,244.3963,265.4059,254.8422,246.4301,246.4745,237.1469,241.4978,225.2771,259.3087,238.2868,244.8614,242.1160,242.6405,242.8012,251.6951,238.4709,238.8570,240.7551,239.8370,262.4395,237.6427,242.6461,241.9525,257.9770,258.9194,270.6064,272.1534,267.0675,237.8640,245.5171,242.1452,244.1586,243.5541,240.9406,240.1972,255.0704,0.0000,251.6911,239.0371,263.4054,263.5297,240.2296,239.7163,264.8435,243.9736,242.2197,262.9633,255.2070,249.2699,255.4374,272.3716,247.5061,259.3794,278.6521,280.2663,267.9269,260.4016,240.8600,263.6894,263.5670,261.4554,260.7403,261.2484,238.4928,242.3979,241.3081,268.5759,277.2018,240.1708,263.8086,265.7757,265.8622,264.7239,262.4395,265.7270,264.5452,265.7670,265.8836,265.6418,261.3359,242.1726,237.0011,240.1985,0.0000,244.8979,242.0696,244.8979,241.1482,241.4512,240.7459,244.2411,248.1473,267.6364,238.0100,247.9968,248.5663,248.1451,243.4160,243.5189,259.6700,243.6170,243.4149,242.3413,257.1482,264.0929,264.6274,269.4701,255.0704,263.1003,255.0704,258.3195,259.7384,240.6115,244.7474
9.0000,268.1620,242.1006,242.2554,243.6566,239.4627,250.2433,248.5782,270.7931,246.6117,272.0140,261.3305,270.0810,244.6303,252.6331,243.5170,242.2407,249.4246,248.0418,253.2032,239.6538,246.8512,245.7231,246.1582,245.4383,252.9079,255.0901,255.5737,255.7105,271.8793,241.9465,242.5216,242.7570,273.4593,266.8977,266.3693,265.2778,246.0549,261.2776,246.6031,268.6069,277.3739,261.1741,262.1215,278.1624,275.6645,251.4537,270.2547,269.6474,241.0644,269.6881,266.8875,258.2662,272.1555,265.8206,267.1254,259.2813,246.5203,268.5219,245.2712,272.3971,264.8474,265.2838,267.7203,267.9894,263.0765,264.2052,264.5453,271.0238,266.0245,266.4552,274.4232,269.1893,268.7177,264.8893,252.1270,238.9582,244.6882,272.1836,269.7333,259.6104,244.7307,248.6068,246.1173,246.2631,246.7972,247.1039,247.4438,247.1514,246.7052,270.2628,246.7033,246.3866,246.2016,243.1107,241.4274,262.9375,264.2139,255.9531,0.0000,260.6632,264.4678,246.9360,245.7886,264.9118,253.0873,252.8308,258.5082,263.5371,264.1379,242.9113,247.3443,273.0901,269.4143,248.5997,249.0585,247.6300,260.6894,262.6640,245.4306,259.2523,268.1699,246.8888,247.4015,241.1737,250.0695,250.0450,271.7089,261.0511,247.4036,247.4483,241.3602,243.3922,252.9151,267.1227,242.8060,250.5720,246.6745,247.2144,247.3754,252.6581,245.0813,247.0982,244.9615,244.4947,268.1526,241.9758,245.6001,243.6920,263.0386,263.9761,278.1511,279.5361,274.4791,242.3845,250.1932,241.5559,245.5624,244.5347,245.3286,244.7282,261.2857,0.0000,256.2508,243.6210,266.8766,267.2643,244.7608,244.2424,271.0087,248.5901,246.7513,264.5398,255.2070,253.7721,255.5191,272.3687,254.4329,270.8137,288.1274,288.9762,273.7744,268.0613,242.2488,268.0612,267.8237,266.4941,260.7420,264.5017,249.1016,254.7407,255.1001,279.2615,286.8873,253.9794,269.6193,271.5992,271.6884,270.5434,268.1526,271.5492,270.2417,271.4254,271.7098,271.4705,267.0308,246.7033,241.4314,244.7296,0.0000,248.8020,246.6291,248.8021,245.1275,245.2187,245.2183,247.5376,252.4533,273.5469,242.5239,252.4877,253.0823,252.6397,247.3923,248.8138,269.8430,245.3116,247.3911,254.9773,260.4477,270.0704,270.5850,275.3631,261.2857,268.9172,261.2857,264.6262,264.7721,245.1765,245.7451
10.0000,268.1931,242.1521,242.3094,243.6688,239.3567,250.2603,248.5800,270.9772,246.6949,272.2257,261.4893,270.2955,244.6226,252.6331,243.5059,242.2738,249.5023,248.0870,253.2818,239.4304,246.8919,245.8337,246.2455,245.4656,252.9266,255.0936,255.5813,255.7380,272.0582,241.9979,242.5621,242.7762,273.6510,266.9078,266.3912,265.4488,246.1367,261.3086,246.6735,268.6408,277.4626,261.2629,262.2959,278.2560,275.8613,251.5960,270.4057,269.7859,241.0644,269.8933,267.0593,258.5172,272.1772,265.9791,267.3960,259.5333,246.5540,268.6959,245.4243,272.6641,264.9987,265.4375,267.8935,268.1683,263.0765,264.3505,264.6853,271.3623,266.2169,266.6771,274.6227,269.5128,268.9347,265.0403,252.2355,239.0157,244.7513,272.3594,269.9236,259.6575,244.7832,248.6385,246.1998,246.3536,246.8875,247.2008,247.5324,247.2361,246.7995,270.4416,246.8001,246.4590,246.2743,243.1813,241.4936,263.0173,264.3270,255.9737,0.0000,260.8158,264.6361,246.9885,245.8124,264.9252,253.1709,252.9145,258.6196,263.6800,264.2851,242.9715,247.4451,273.2870,269.5992,248.7173,249.0388,247.7480,258.9422,262.6849,245.4910,259.4939,268.3433,246.9648,247.4854,241.2264,250.2092,250.0639,271.9211,261.1746,247.5489,247.5936,241.4075,243.4172,252.9338,267.2849,242.8470,250.5399,246.7550,247.2968,247.4568,252.7990,245.0779,247.1009,245.0111,244.5444,268.3226,241.9758,245.6432,243.7171,263.1801,264.1204,278.3018,279.6926,274.6429,242.4277,250.3455,241.7687,245.4616,244.5129,245.3949,244.7808,261.4082,0.0000,256.2508,243.6329,267.0493,267.4418,244.8100,244.2860,271.2126,248.7221,246.8481,264.5993,255.2070,253.8430,255.5222,272.4984,254.4483,270.8216,288.1559,288.9656,273.9662,268.2332,242.2859,268.2355,267.9986,266.6516,260.7877,264.6010,249.1058,254.7569,255.1041,279.2364,286.9146,253.9935,269.7583,271.7512,271.8403,270.6776,268.3226,271.7012,270.5130,271.8067,271.8622,271.6103,267.1840,246.8001,241.4976,244.7822,0.0000,248.9226,246.7124,248.9226,245.1789,245.2705,245.2925,247.5816,252.5371,273.7270,242.5644,252.5880,253.1654,252.7027,247.5445,248.8587,270.0753,245.3228,247.5434,255.0047,260.6207,270.2542,270.7666,275.5591,261.4082,269.0620,261.4082,264.7354,264.9232,244.8140,245.8946
11.0000,268.2321,241.1888,241.2587,243.6552,239.4981,250.1598,248.4698,271.1928,246.8284,272.4845,261.6234,270.5318,244.5507,252.6331,243.2808,242.3546,248.8999,247.3422,253.1668,238.7568,246.7173,245.5450,245.9944,245.2960,252.8218,254.9213,255.4002,255.7962,272.2870,241.0399,242.1674,242.1617,273.8436,266.9846,266.4259,265.6129,246.2835,261.3153,246.8828,268.6809,277.5242,261.3428,262.4382,278.3196,276.0364,251.4183,270.0583,269.4279,241.0644,269.6463,266.8299,258.4641,271.8764,264.9642,267.2759,259.5044,245.6297,268.4724,245.2535,261.1779,264.6591,265.0972,267.6327,267.9123,263.0765,263.9278,264.1932,271.0007,265.9076,266.3911,274.3302,269.0869,265.8368,264.7007,251.9824,237.6341,243.6641,272.6070,270.1345,259.6826,244.8394,247.8585,246.3461,246.4864,247.0023,247.3047,247.6857,247.3906,246.9166,270.6396,247.0274,246.6689,246.1531,243.1047,237.6336,263.0689,264.4342,256.1511,0.0000,260.8881,264.7634,247.2495,245.5451,264.9609,253.0550,252.7010,258.3416,263.3136,263.9431,243.1411,247.6848,272.9602,269.7963,249.1801,248.9045,247.4800,259.0362,262.6528,245.5626,259.4681,268.0053,247.1583,247.8352,240.0963,250.0227,250.1920,272.1762,260.8563,247.3694,247.4140,240.1047,243.2593,252.8312,267.4324,242.4530,250.7947,246.9071,247.4629,247.6216,252.6403,245.1051,247.0787,244.9034,244.4368,267.9831,241.9758,245.3913,243.5589,262.7705,263.7058,278.5345,279.9873,274.8662,241.8972,251.2723,241.7019,245.2773,244.3126,245.2113,244.8370,261.0912,0.0000,256.2589,243.6225,266.8158,267.1833,244.8654,244.2108,271.4542,249.4088,247.0781,264.4726,255.2070,253.7382,255.5157,272.6133,254.4803,270.8808,288.3117,289.1709,274.1556,268.3948,242.3799,267.9962,267.7453,266.3491,260.8336,264.2750,248.9846,254.6090,254.9327,279.2830,287.0558,253.8449,269.4550,271.4048,271.4944,270.3762,267.9831,271.3548,270.1564,271.4445,271.5159,271.2736,266.8421,247.0274,237.6379,244.8382,0.0000,248.4613,246.8471,248.4613,245.0581,245.0465,245.2155,246.7566,252.3211,273.9030,242.1698,252.4916,253.0486,252.5750,247.0757,248.9922,264.4042,244.8926,247.0746,254.9395,260.3688,270.4598,270.9818,275.7366,261.0912,268.7485,261.0912,264.4365,264.4821,244.3796,245.7185
12.0000,268.3014,240.8921,240.9558,243.4695,239.3202,249.9852,248.3176,270.9179,246.5844,272.2169,261.3908,270.2894,244.3706,252.6331,243.1959,242.3039,248.4252,246.9479,252.7660,239.4429,246.4803,245.1706,245.6577,245.0974,252.6031,254.5757,255.0441,255.6460,272.0138,240.7486,241.9227,241.9324,273.5379,267.2612,266.5317,265.3692,246.0417,261.1438,246.6592,268.7411,277.4041,260.9845,262.2298,278.1831,275.7133,251.2848,269.4977,268.8411,241.0644,269.1030,266.3259,258.4272,270.7813,264.5141,267.0076,259.4714,245.1256,267.9239,245.1683,260.6502,264.1825,264.6049,267.0828,267.3393,263.0765,263.5034,263.7791,270.3932,265.4704,265.9946,273.7207,268.6334,265.2469,264.2238,251.8419,237.3405,243.3173,272.3338,269.8771,259.4823,244.6060,247.4711,246.1037,246.2361,246.7546,247.0538,247.4426,247.1463,246.6658,270.3500,246.7568,246.4404,245.9152,242.8457,237.3399,262.7111,264.1437,255.8625,0.0000,260.6479,264.5197,247.0293,245.3433,265.1439,252.6991,252.3539,257.9204,262.8628,263.4770,242.9671,247.4076,272.3889,269.5381,248.8679,248.6843,247.1087,259.1102,262.6482,245.3253,259.4162,267.4676,246.9292,247.6185,239.7943,249.8928,250.0896,271.9127,260.4043,247.2574,247.3020,239.7897,243.1578,252.6126,267.1359,242.2110,250.6871,246.6656,247.2208,247.3719,252.4712,245.1526,247.0399,244.6972,244.2310,267.4469,241.8457,245.2173,243.4574,262.3502,263.2813,278.2123,279.6530,274.5644,241.6412,251.0242,241.6229,245.3566,244.2994,244.9753,244.6036,260.6356,0.0000,256.1089,243.4370,266.3085,266.6507,244.6337,243.9889,271.2188,249.1426,246.8075,264.2491,255.2070,253.3551,255.5041,272.0324,254.3982,271.6770,288.8864,289.1625,273.8507,268.0987,242.3109,267.4471,267.1977,265.8368,260.7434,264.0083,248.8072,254.3323,254.5874,281.2853,287.8348,253.5629,268.8689,270.8506,270.9381,269.7787,267.4421,270.8009,269.5564,270.8340,270.9600,270.7159,266.3311,246.7568,237.3443,244.6048,0.0000,247.9149,246.6031,247.9149,244.8521,244.8459,244.9651,246.2316,251.7452,273.6194,241.9250,252.1066,252.6918,252.1519,246.5040,248.8498,263.8334,244.6852,246.5029,254.7264,259.8498,270.1980,270.7157,275.4163,260.6355,268.1492,260.6351,263.9330,264.0542,244.4910,245.6278
13.0000,265.6748,238.5541,238.6371,241.0822,237.0444,248.8182,247.2451,267.7584,243.8430,268.9995,258.3413,267.1358,241.7223,249.3685,240.9890,240.2203,245.7468,244.4154,249.9618,235.2559,244.5874,243.3264,243.7746,243.0139,251.1953,253.1316,253.5724,252.6019,268.6849,238.3986,239.4312,239.4110,270.1188,264.6988,264.0149,262.2501,243.2998,258.8881,243.9305,266.0890,274.2453,258.0136,259.1559,274.9786,272.2503,248.0148,266.0857,265.4159,239.1652,266.3342,263.7663,254.7765,268.2708,261.3427,263.3431,255.7801,242.6148,264.9122,242.0188,256.2862,260.9905,261.4010,264.0693,264.2733,261.5229,260.4991,260.8051,266.9757,262.2549,262.7845,270.6761,265.2950,261.3419,261.0294,248.8477,234.9916,240.7720,268.9923,266.6383,257.0279,242.0405,244.9058,243.3587,243.4928,244.0052,244.2899,244.6730,244.3890,243.9105,267.2098,244.1509,243.7453,243.3030,240.3244,234.9910,259.7902,261.2418,252.7990,0.0000,257.6273,261.4135,244.2746,243.2740,262.7987,249.9289,249.6052,254.8651,259.7222,260.3015,240.4775,244.7889,269.3660,266.3003,246.1960,247.6087,245.3943,255.9562,260.7258,242.7186,255.7315,264.0787,244.2020,244.8535,237.4292,246.7111,247.0147,268.7053,257.2090,244.1101,244.1542,237.3559,241.0168,251.2011,264.1057,239.7118,247.4038,243.9048,244.4676,244.6121,249.1001,245.4614,246.7873,242.3229,241.8612,264.0486,239.4672,242.8965,241.3138,259.3130,260.2734,274.8773,276.2363,271.3120,239.1839,248.4172,240.0155,242.2973,241.7289,242.4159,242.0381,257.4167,0.0000,253.1971,241.0429,263.7171,263.8732,242.0626,241.4252,267.9903,246.5374,244.2011,263.1777,255.2070,250.5299,255.4485,270.8264,251.2502,268.9321,285.5570,285.7591,270.4172,265.0319,240.1677,264.4391,264.2408,262.7283,260.3886,261.4890,247.6908,253.0188,253.1468,278.1699,284.5420,252.1036,265.5654,267.4394,267.5237,266.3782,263.8651,267.3910,266.1238,267.4077,267.5454,267.3264,263.0190,244.1509,234.9951,242.0392,0.0000,245.2151,243.8610,245.2151,242.4517,242.4426,242.3867,243.7022,248.8615,270.2471,239.4336,249.3295,249.9217,249.3726,243.8498,245.9261,259.6122,242.3495,243.8487,252.9978,257.1482,266.9369,267.4326,271.9580,257.4147,264.8877,257.3917,260.6396,261.0537,241.3345,242.4850
14.0000,261.9388,233.6815,233.7609,236.5530,232.7449,246.7070,245.2090,262.8910,238.7974,263.8615,253.3662,261.9954,236.8968,244.7304,236.4791,235.8085,240.4684,239.4093,245.2633,230.6184,240.9198,239.7473,240.1142,238.9116,248.8112,250.7983,251.2181,248.1541,263.3678,233.5305,234.5449,234.4890,264.7354,260.8286,260.2827,257.1619,238.2645,255.4650,238.9463,262.3525,270.4996,253.4438,254.2243,271.2321,266.7978,243.7358,260.7699,260.1281,234.8851,263.8729,261.8615,250.6472,263.9255,256.3466,259.4916,251.7231,237.5809,262.2248,237.8795,249.3877,256.2121,256.6113,261.0470,261.3001,256.9530,255.8567,256.0890,261.8346,257.2779,257.7168,267.1785,260.0067,255.2686,256.2509,244.6493,230.1203,235.7950,263.6524,261.4431,253.3262,237.1916,239.8910,238.3181,238.4238,238.9455,239.2062,239.5918,239.3228,238.8319,262.5040,239.1242,238.7748,238.3789,235.4595,230.1198,255.3163,256.9274,248.3419,0.0000,252.6257,256.3393,239.1981,239.1666,259.2299,245.2814,244.9585,250.4060,255.0262,255.5436,235.7175,239.7371,265.8888,261.0990,241.0882,245.5283,242.2173,251.0603,257.7329,237.8259,251.6960,258.8251,239.1661,239.7687,232.5243,242.5147,242.2001,263.5668,252.8348,239.9685,240.0118,232.4097,236.5632,248.8163,259.6881,234.8052,242.5064,238.8211,239.4043,239.5414,244.7628,245.7923,246.1848,237.6275,236.9718,258.7689,234.9903,238.3098,236.8546,254.6503,255.6303,269.9993,271.2800,266.5025,234.3021,242.9885,235.7653,237.6157,237.1469,237.5349,237.1894,252.9514,0.0000,248.5290,236.5043,261.7993,261.7460,237.2103,236.6334,262.8337,241.3049,239.1688,262.1698,255.2070,245.8271,255.3961,271.0027,246.7164,264.3393,280.0574,280.6120,265.0329,260.5514,235.7058,261.6825,261.4912,258.8065,260.5042,256.8139,245.5928,250.7972,250.8168,271.9123,278.9530,249.7041,260.6101,262.0994,262.1796,260.9961,258.1394,262.0546,260.8951,262.2610,262.2011,261.9425,257.9028,239.1242,230.1240,237.1904,0.0000,240.0744,238.8147,240.0744,237.7514,237.7244,237.4628,238.6457,243.9945,264.8945,234.5474,244.6676,245.2747,244.6731,238.6926,241.0675,252.7929,237.6430,238.6914,250.2087,257.1482,261.7068,262.1730,266.5164,252.9334,259.9661,252.8434,256.1642,256.3972,236.5296,238.3381
15.0000,263.2920,233.9712,234.0818,236.6172,232.2508,247.0052,245.7752,262.9626,239.1741,263.9634,253.6123,262.0954,236.8679,245.6745,236.5220,235.9497,240.5029,239.5088,244.7133,230.0089,241.1306,240.1353,240.4187,239.1014,249.1703,251.5344,251.9118,248.8662,263.4381,233.8086,234.7646,234.6388,264.7228,262.8986,261.5396,257.2979,238.6495,256.0581,239.3330,263.7306,272.3732,253.7870,254.4607,273.1505,266.8163,243.6770,258.3322,257.6921,234.8851,263.1257,261.2633,250.6161,262.4613,255.2234,259.1258,251.7963,237.7191,261.3491,237.8208,255.6123,254.4075,254.7496,260.0175,260.2809,255.4507,254.5462,254.7976,259.6823,255.2957,255.6804,266.1301,257.7345,254.8153,254.4452,244.5440,230.3625,236.0201,263.7274,261.5288,253.8361,237.4092,239.9936,238.7043,238.8008,239.3185,239.5806,239.9968,239.7258,239.2080,262.4518,239.4774,239.1331,238.6703,235.6669,230.3620,255.6489,257.1818,249.0544,0.0000,252.8680,256.5278,239.6198,239.3633,261.1663,244.7076,244.3919,249.2756,253.3980,253.7850,236.0082,240.1090,264.8552,261.2107,241.4971,246.2058,242.6420,243.3886,259.4207,238.0738,251.7541,256.5645,239.5605,240.2345,232.7941,242.4502,242.9307,263.6684,251.4428,239.9064,239.9497,232.6428,236.5707,249.1754,259.7622,235.0303,243.3898,239.2169,239.8156,239.9770,244.7256,245.9479,246.3894,238.1016,238.1032,256.5079,234.9903,238.3243,236.8624,253.2533,254.3173,268.6288,268.6288,265.7958,234.5359,243.5501,235.7635,237.7621,237.2381,237.7997,237.4071,251.4291,0.0000,247.7703,236.5665,261.1950,261.0843,237.4174,236.8157,262.9447,241.7937,239.5243,261.8790,255.2070,245.2519,255.3809,271.8288,247.5313,266.3236,281.0481,279.0209,265.0049,260.5787,235.8692,260.7607,260.5805,257.3865,260.7688,255.4801,246.1644,251.4396,251.5498,273.7100,280.0921,250.0649,258.3944,259.6378,259.7162,258.6246,255.5045,259.5969,258.7067,260.1025,259.7376,259.4586,255.2824,239.4774,230.3661,237.4081,0.0000,239.9784,239.1922,239.9784,238.0745,237.9819,237.7322,238.7652,243.6121,264.9233,234.7671,244.1182,244.7018,244.1171,238.6207,241.6567,253.5040,237.7083,238.6197,250.6141,257.1482,261.8075,262.2563,266.5274,251.3878,257.7912,251.2117,254.5794,255.0872,235.0634,238.2765
16.0000,263.9543,234.0419,234.1772,236.5722,232.1180,247.0161,245.7538,263.4729,239.1454,264.5725,253.7849,262.6055,237.4342,245.1462,236.4995,235.9600,240.0208,239.3081,243.0509,230.2804,241.0707,239.9590,240.2814,239.0438,249.2076,251.6254,252.0195,248.5257,263.8815,233.8647,234.7853,234.6839,265.1862,263.4993,262.0671,257.6075,238.6168,256.1727,239.2256,264.4266,273.7421,254.0951,254.6165,274.5801,267.3224,243.2523,254.4984,253.8443,234.8851,261.5835,260.0260,250.2075,260.3115,251.6652,257.9900,251.4188,237.5917,259.4740,237.3721,249.0595,250.7235,251.0137,257.8633,258.1546,253.3246,251.4355,251.6506,255.9209,251.5655,251.9536,264.0007,253.8338,249.6229,250.7608,244.0512,230.3449,235.8944,264.1768,261.9699,253.8644,237.3483,239.7703,238.6742,238.8008,239.2858,239.5477,239.9849,239.7013,239.1904,262.8389,239.3712,239.0204,238.5812,235.4813,230.3443,255.9412,257.3929,248.7135,0.0000,253.0566,256.8161,239.5612,239.3380,261.7317,242.9714,242.6829,246.1948,249.8640,250.1116,235.9328,240.0331,262.6667,261.6286,241.4243,246.1704,242.4889,243.8158,259.9177,238.0193,251.3414,252.7489,239.4829,240.1321,232.8279,242.0150,242.6114,264.2624,247.7434,239.4669,239.5101,232.6295,236.2808,249.2190,260.0063,235.0620,243.1453,239.1968,239.7788,239.9455,244.3472,245.9497,246.3879,237.8014,237.8031,252.7134,234.9733,237.8265,236.5726,250.0989,251.2002,269.3572,269.3572,266.3843,234.5651,243.5961,235.6851,237.8571,237.2623,237.6853,237.3460,247.6491,0.0000,245.9660,236.5218,259.9437,259.6925,237.3806,236.8649,263.5522,241.7236,239.4211,261.4006,255.2070,243.5787,255.3560,272.3815,247.0890,267.0361,282.2628,280.3753,265.4694,260.8514,235.8667,258.8133,258.6633,254.4495,260.9075,252.6909,246.1439,251.4752,251.6394,274.6942,281.2776,250.1197,254.4604,255.8003,255.8777,254.8033,251.5826,255.7601,254.9431,256.3350,255.8989,255.6938,250.9061,239.3712,230.3481,237.3472,0.0000,239.2009,239.1637,239.2008,237.7576,237.6832,237.6174,238.6177,242.2504,265.3775,234.7877,242.4339,242.9671,242.4639,237.8788,241.3966,246.9819,237.6152,237.8778,250.6486,257.1482,262.2338,262.6841,267.0269,247.5936,253.8368,247.3620,250.7607,251.9768,235.3449,237.8265
17.0000,246.8549,231.3551,231.5018,234.0436,229.7619,243.6925,243.3570,271.1125,236.6134,279.7885,251.0803,270.1501,234.9892,242.4075,235.9660,235.4526,238.2920,237.6096,240.7578,227.7006,238.0017,235.9144,236.4094,236.5438,245.6304,248.4895,248.8051,245.6125,296.7373,231.1650,232.0744,231.9444,298.2581,248.1803,248.0613,255.6785,236.1054,250.9165,236.7082,247.3229,256.5619,252.7812,252.0611,257.3932,300.7150,243.2351,251.7120,251.0569,234.8851,260.5403,259.1172,250.3729,259.6637,249.0431,257.4764,251.6236,235.5074,258.0687,237.3380,244.1836,247.9747,248.2408,256.2405,256.5264,253.3246,249.0554,249.3200,253.1034,248.8310,249.2394,262.6421,251.3751,245.8668,248.0116,243.9127,227.4915,233.7460,297.0841,292.7511,250.3786,233.2230,238.0895,236.1639,236.2788,236.7610,237.0339,237.5006,237.2027,236.6749,265.9131,236.8646,236.5008,236.0430,232.9059,227.4909,254.9765,256.7500,245.7946,0.0000,250.4713,254.0655,237.0902,236.9682,248.7053,240.6288,240.3507,243.5830,247.2330,247.3660,234.0601,237.5456,261.1775,293.8436,238.9328,243.8290,238.8634,240.5404,251.4000,235.2757,251.4940,249.9593,236.9739,237.6296,230.0780,241.9782,240.0012,278.2486,245.0348,239.4306,239.4738,230.0287,234.6101,245.6482,261.0496,232.3600,240.6445,236.6875,237.2859,237.4648,244.3740,242.8859,243.2161,235.0159,234.1198,249.9338,232.7066,235.8460,235.3693,247.6791,248.7981,275.6587,275.6588,271.1722,231.8569,241.2619,237.9474,235.7914,236.3520,235.1228,234.5552,244.9218,0.0000,243.6821,233.9920,259.0246,258.6941,234.6061,234.0940,287.2039,239.3010,236.9171,260.9826,255.2070,241.3271,255.3341,272.9628,244.2571,0.0000,302.9859,296.1159,298.5668,262.4728,235.1563,257.3474,257.2322,252.2371,261.0017,251.1593,243.6696,248.6336,248.5121,307.2668,304.0342,246.5483,251.7523,252.9913,253.0716,251.9934,248.7865,252.9515,252.1480,253.5117,253.0927,252.9522,247.6781,236.8646,227.4948,234.5562,0.0000,237.3657,236.6329,237.3657,235.1959,235.2666,235.0764,236.6906,240.0330,298.4474,232.0767,240.0760,240.6258,240.1995,236.1087,238.7991,242.1050,236.6202,236.1079,247.0994,257.1482,294.5001,295.3532,300.3724,244.8643,251.1391,244.6225,247.9456,249.5921,232.6200,237.7865
18.0000,246.8549,232.8088,232.9680,235.2234,231.1961,244.7737,244.4641,272.0099,238.1044,281.6274,252.5245,271.9056,236.4612,243.7801,236.3611,236.1551,239.3299,238.6614,241.4544,229.0329,239.0207,237.0619,237.4990,237.5105,246.7245,249.6210,249.9287,246.9161,299.2496,232.6048,233.4450,233.2932,300.8255,248.4354,248.3858,257.2115,237.5990,251.9412,238.1731,247.3481,257.0933,254.1410,253.4867,257.9704,303.3159,243.9109,252.1349,251.4778,234.8851,260.8586,259.3690,251.2502,259.8570,249.1324,258.1877,252.5420,236.7581,258.4461,238.0008,242.4273,248.4013,248.6678,256.6218,256.9229,253.3246,249.4801,249.6855,253.5264,249.2375,249.6329,263.0675,251.5357,244.8725,248.4389,244.4531,228.9241,235.0338,299.6191,295.0847,251.5229,234.0467,239.1548,237.6606,237.7848,238.2664,238.5591,239.0297,238.7204,238.1931,267.1613,238.2355,237.9522,237.3978,234.2061,228.9234,256.2765,257.9995,247.0931,0.0000,251.9331,255.5739,238.6076,237.9470,249.1873,241.3402,241.0641,244.1460,247.6623,247.7916,236.3598,238.9397,261.5922,296.2249,240.3297,245.0080,240.1376,241.8623,252.3349,236.5944,252.4012,250.3751,238.4680,239.1557,231.5253,242.6207,241.4106,280.0752,245.5230,240.0743,240.1176,231.4237,234.9772,246.7424,262.3040,233.7466,242.0373,238.2058,238.8050,238.9988,245.0798,243.9561,244.2915,235.9600,235.0602,250.3495,233.8049,236.4776,235.7376,248.1157,249.2292,277.3235,277.3236,272.6409,233.2442,242.7689,235.8072,237.7283,237.1581,236.4078,235.8248,245.4094,0.0000,244.3946,235.1768,259.2766,258.9657,235.8853,235.3563,289.3116,240.7290,238.2906,261.1386,255.2070,242.0199,255.3423,273.9367,245.5905,0.0000,305.6825,298.6261,301.1404,263.7269,236.0963,257.7163,257.5897,252.6495,261.3047,251.4270,244.7933,249.7966,249.6449,310.0292,306.7490,247.6614,252.3098,253.4282,253.5113,252.4197,249.1667,253.3883,252.5813,253.9391,253.5320,253.3970,247.8866,238.2355,228.9272,235.8260,0.0000,238.3240,238.1249,238.3239,236.1372,236.1954,236.4218,237.8756,240.8230,301.0179,233.4473,240.6545,241.3385,240.9088,237.0799,240.2305,240.2831,237.2756,237.0794,248.2090,257.1482,296.9112,297.8022,302.9689,245.3515,251.7127,245.1032,248.4889,250.0288,233.9853,238.4419
19.0000,246.8549,233.3224,233.5161,235.6768,231.1013,245.5964,245.0727,272.7576,238.6546,282.3465,253.1097,272.5210,237.1893,244.2303,236.4237,235.9092,239.6712,238.8739,241.5713,229.5848,240.0778,239.5244,239.6103,238.1525,247.5051,250.1071,250.3622,247.4722,299.9706,233.1030,233.9846,233.8601,301.4472,248.4408,248.5494,257.8222,238.1214,252.5261,238.5498,247.3664,257.4790,254.7986,254.0904,258.3894,304.0299,243.9005,251.9729,251.3287,234.8851,260.8190,259.3496,251.3052,259.8082,248.7925,258.1694,252.6481,237.0066,258.4385,237.9748,240.5238,248.2674,248.5334,256.5795,256.8851,253.3246,249.3588,249.5430,253.3777,249.0540,249.4163,262.9420,251.1746,243.7622,248.3048,244.3641,229.3022,235.3082,300.3538,295.7975,252.1506,235.0337,239.3346,238.1864,238.3509,238.8696,239.1987,239.5718,239.2567,238.7983,267.9082,238.7339,238.3220,237.8236,234.5962,229.3015,256.9479,258.6820,247.7085,0.0000,252.5124,256.1797,238.6863,238.5169,249.3340,241.4497,241.1751,244.1246,247.5380,247.6605,235.4324,239.4661,261.4718,296.9398,240.8942,245.8251,242.0576,241.5471,252.7710,237.1419,252.5077,250.2260,238.9005,239.5809,231.9985,242.5899,241.9151,280.7776,245.4380,240.0419,240.0852,231.7605,235.0898,247.5229,263.0265,234.2955,242.8861,238.6603,239.3148,239.5252,245.0968,244.7895,245.1181,236.3244,235.4232,250.2020,234.1641,236.6704,235.8505,248.0023,249.1117,278.3707,278.3708,273.5743,233.7738,243.5283,235.6744,237.8992,237.2503,236.8358,236.3730,245.3227,0.0000,244.6358,235.6266,259.2542,258.9285,236.4397,235.9424,290.0184,241.3543,238.7921,261.1842,255.2070,242.1567,255.3447,274.8098,246.1050,0.0000,308.0497,300.6180,301.7345,264.4591,235.7490,257.6920,257.5562,252.5619,261.6311,251.3477,245.4552,250.3609,250.1339,312.8062,309.1943,248.4466,252.1755,253.2659,253.3487,252.2682,249.0105,253.2262,252.4361,253.7876,253.3692,253.2381,247.7242,238.7339,229.3053,236.3743,0.0000,238.7663,238.6749,238.7662,236.4762,236.5154,236.8512,238.1037,241.0258,301.7056,233.9869,240.7060,241.4484,241.0071,237.6430,240.6341,238.4559,237.3975,237.6427,248.9426,257.1482,297.6276,298.5202,303.6638,245.2641,251.5659,245.0144,248.4237,249.9011,234.4169,238.4128
20.0000,247.5768,233.9028,234.1214,235.9744,231.3221,246.0872,245.5367,275.6170,239.2772,289.7354,253.5503,280.3650,237.6370,244.8574,236.5515,236.0529,240.0549,239.2487,241.7662,230.0934,240.4398,239.9045,239.9891,238.4709,248.0439,250.6600,250.9182,248.0971,309.9911,233.6689,234.5266,234.4120,312.4324,249.1731,249.2747,258.0443,238.7352,253.2260,239.0722,248.1058,258.5683,255.5175,254.6868,259.5103,316.5267,244.0499,252.0418,251.3884,234.8851,260.8634,259.3960,251.5140,259.8422,248.6022,258.3447,252.8888,237.4623,258.5218,238.1136,238.9548,248.3453,248.6082,256.6532,256.9614,253.3246,249.3928,249.5469,253.4600,249.1369,249.5054,262.9852,251.1143,242.8045,248.3826,244.4342,229.8237,235.7609,310.3973,305.1086,252.9051,235.5552,239.7248,238.8041,239.0218,239.5310,239.8909,240.2150,239.8881,239.4809,269.5700,239.2511,238.8394,238.3059,235.0596,229.8230,257.6691,259.7974,248.3142,0.0000,252.9110,256.5034,238.9535,238.8543,250.0835,241.6531,241.3810,244.2559,247.6108,247.7399,235.8341,240.0010,261.5062,306.4407,241.4500,246.2689,242.4106,242.5432,253.5552,237.6568,252.7414,250.3109,239.4701,240.1680,232.5511,242.7201,242.5722,288.2406,245.5330,240.1720,240.2153,232.2733,235.2114,248.0619,264.3774,234.8463,243.8497,239.2361,239.9337,240.1564,245.2740,245.2803,245.6092,236.6530,235.7510,250.2888,234.1641,236.8793,235.9721,248.0612,249.1511,280.2429,280.2429,275.3311,234.3215,244.1204,235.3535,238.3041,237.4592,237.2976,236.8612,245.4166,0.0000,244.7768,235.9242,259.2994,258.9723,236.9266,236.3993,298.4651,241.9127,239.3107,261.1375,255.2070,242.3446,255.3422,275.5998,246.7339,0.0000,310.5414,303.0611,312.7166,265.8956,235.9310,257.7682,257.6252,252.6386,261.9667,251.3608,245.9160,250.8651,250.6851,315.1002,311.6623,249.0102,252.2079,253.3456,253.4287,252.3616,249.1043,253.3057,252.5247,253.8689,253.4490,253.3129,247.8030,239.2511,229.8267,236.8625,0.0000,239.0909,239.2979,239.0908,236.8049,236.8383,237.3357,238.5299,241.2680,312.1103,234.5288,240.8862,241.6522,241.1942,237.9643,241.1944,236.9353,237.6232,237.9641,249.5478,257.1482,307.2468,308.2901,315.9184,245.3575,251.6009,245.1084,248.5208,249.9235,235.0105,238.5479
21.0000,248.3512,234.5128,234.7537,236.2767,231.5342,246.5619,245.9752,275.6170,239.7262,287.7586,254.3190,278.0795,238.0246,244.9956,236.6416,236.1793,240.2312,239.5424,241.9126,230.5428,240.8153,240.2794,240.3599,238.8081,248.5388,251.1833,251.4515,248.4316,306.7089,234.2687,234.9918,234.9019,308.4784,249.9485,250.0009,258.9997,239.1825,253.7725,239.5039,248.8931,259.6143,256.2696,255.4070,260.5796,311.4024,244.1933,252.1234,251.4598,234.8851,260.9029,259.4193,251.7133,259.8485,248.5789,258.4502,253.0983,237.8610,258.5915,238.2452,238.0529,248.4565,248.7163,256.7276,257.0404,253.3246,249.5022,249.6409,253.5779,249.2759,249.6677,263.0426,251.2718,242.2938,248.4941,244.5005,230.4671,236.2453,307.1206,302.1815,253.4046,235.1607,240.0007,239.2520,239.4547,240.0026,240.3820,240.6914,240.3536,239.9464,270.0701,239.7435,239.2779,238.7541,235.5249,230.4664,258.4257,260.3711,248.6665,0.0000,253.6858,257.3809,239.3746,239.2212,250.8575,241.8255,241.5667,244.3764,247.7172,247.8514,236.1764,240.5067,261.5697,303.4183,241.9621,246.6949,242.8597,243.1340,254.3339,238.0011,252.9409,250.4185,239.9216,240.6104,233.1747,242.8437,242.8641,286.2139,245.6209,240.2949,240.3383,232.8645,235.4545,248.5568,264.9376,235.3211,244.2232,239.6766,240.3992,240.6260,245.4439,245.7967,246.1016,236.9843,236.0807,250.3956,234.4149,237.1321,236.1284,248.1712,249.2622,281.0162,281.0163,275.9795,234.8192,244.6788,235.2892,238.4827,237.5783,237.7147,237.1787,245.4990,0.0000,244.9280,236.2258,259.3248,259.0104,237.2493,236.6996,295.9751,242.4468,239.8046,261.1083,255.2070,242.4959,255.3407,276.3755,246.9859,0.0000,312.3842,304.6786,308.7736,266.4437,236.0896,257.8383,257.6901,252.7339,262.2234,251.4527,246.3585,251.3530,251.2075,316.9987,313.5313,249.5227,252.2731,253.4252,253.5093,252.4380,249.2219,253.3856,252.6500,253.9869,253.5294,253.3952,247.9226,239.7436,230.4699,237.1801,0.0000,239.1356,239.7475,239.1355,237.1355,237.1652,237.8002,238.8875,241.3804,308.6002,234.9939,241.0086,241.8220,241.3264,237.9257,241.5196,236.0085,237.7939,237.9256,250.0441,257.1482,304.1653,305.1330,310.9830,245.4384,251.6752,245.1927,248.5762,250.0391,235.4843,238.6760
22.0000,249.3150,235.5991,235.8228,237.5253,233.1443,246.9464,246.5665,275.6170,241.1728,291.1012,255.4656,281.4449,239.4521,246.7889,236.7749,237.0620,240.6968,240.0993,242.5946,231.5660,240.9939,238.9346,239.4119,239.4324,249.0231,252.0764,252.4071,249.8939,312.8456,235.3522,236.2284,236.0944,315.4812,251.0434,250.9463,260.0419,240.6351,254.5712,240.9652,249.8677,260.8068,257.0761,256.5883,261.7919,319.7650,244.3971,252.8275,252.1449,234.8851,261.2325,259.6930,252.1235,260.1443,249.0272,258.9916,253.5626,238.6025,259.0247,238.4778,237.7011,249.1484,249.4146,257.1907,257.5075,253.3246,250.1101,250.2053,254.3063,250.0249,250.4547,263.4857,252.1181,242.3052,249.1855,244.6334,231.5108,237.0344,313.3097,307.5585,254.2959,236.9065,240.5509,240.7061,240.9249,241.4432,241.8227,242.1643,241.8175,241.4011,270.5596,241.0259,240.7218,240.0651,236.7079,231.5102,259.1053,261.1380,250.1130,0.0000,254.8255,258.4617,240.8612,239.8510,251.9219,242.5736,242.3197,245.0809,248.3790,248.5393,239.1413,241.8093,262.0174,308.9984,243.2876,247.1010,242.0267,243.4863,255.3467,239.3715,253.4128,251.1267,241.3789,242.0989,234.2446,243.0394,244.4826,289.5604,246.2938,240.5045,240.5479,233.8152,235.7719,249.0412,265.5805,236.5656,245.7481,241.1516,241.8648,242.0951,245.6394,245.9812,246.3621,238.3425,238.3443,251.0977,235.9300,237.8285,236.5269,248.7959,249.8776,281.6333,281.6334,276.5537,236.0189,246.0172,235.5347,238.4734,237.6723,238.9857,238.5277,246.1701,0.0000,245.6481,237.4877,259.6002,259.3116,238.6018,238.0491,300.4141,243.7451,241.0882,261.2197,255.2070,243.1841,255.3465,276.7608,248.5962,0.0000,313.2856,305.5536,315.7689,267.0436,237.2808,258.2728,258.1099,253.3146,262.3491,251.8263,246.9040,252.0805,252.0970,317.8807,314.4352,249.9958,253.0326,254.1384,254.2224,253.1365,249.9296,254.0985,253.3715,254.7166,254.2426,254.1141,248.6370,241.0259,231.5138,238.5291,0.0000,239.5129,241.1948,239.5127,238.3165,238.2719,239.0646,239.5472,241.9632,315.0490,236.2306,241.6552,242.5701,241.9589,238.1984,243.1013,235.6765,238.0949,238.1983,250.6535,257.1482,309.8722,311.0013,319.1269,246.1081,252.4461,245.8644,249.2764,250.6545,236.5271,238.9007
23.0000,250.3317,235.8689,236.0945,238.0335,233.6397,247.3354,246.6730,275.6170,241.7122,288.2489,256.3719,277.7713,239.8055,248.0899,236.8085,237.0440,240.7243,240.1138,242.7749,231.9260,241.8858,241.1214,241.3082,239.9973,249.4617,252.1725,252.4712,251.0579,308.8704,235.6134,236.5919,236.4509,310.8945,251.9406,251.8648,261.2042,241.1803,255.3145,241.5000,250.9104,262.3717,258.0462,257.3940,263.4040,313.9137,244.0829,252.9966,252.2923,234.8851,261.2815,259.7601,251.8516,260.3339,249.0288,258.8465,253.2967,238.5930,259.1357,238.1690,237.2878,249.2822,249.5403,257.2956,257.6155,253.3246,250.1923,250.2797,254.4575,250.2230,250.7009,263.5540,252.4501,242.0836,249.3182,244.2707,231.5915,237.1056,309.3431,303.8840,255.0887,236.8897,240.5692,241.2530,241.4631,241.9880,242.3759,242.7237,242.3708,241.9479,271.1034,241.4716,241.2218,240.4987,237.0155,231.5909,260.1354,261.8862,251.2803,0.0000,255.7436,259.5178,241.3823,240.3023,252.7250,242.8065,242.5457,245.2448,248.4875,248.6712,239.0272,242.2736,262.0843,305.2429,243.7881,247.2975,243.5230,244.3085,255.9655,239.7955,253.1573,251.2880,241.9085,242.6642,234.4422,242.7228,245.4747,286.5758,246.4174,240.1930,240.2363,233.9180,236.5752,249.4798,266.2470,236.9395,246.8869,241.6932,242.4165,242.6582,245.3470,245.8808,246.4442,238.8425,238.8443,251.2628,236.5703,238.3329,236.8673,248.8781,249.9663,282.1695,282.1696,277.0834,236.3576,246.5851,235.1994,238.8198,237.8047,239.3855,238.9225,246.2914,0.0000,245.7644,237.9950,259.6663,259.3760,238.9943,238.4039,297.1067,244.2656,241.5355,261.2783,255.2070,243.3558,255.3496,277.4565,249.8297,0.0000,313.6931,306.2326,311.2084,267.6779,237.2486,258.3783,258.2066,253.4329,262.5537,251.8987,247.0597,252.2033,252.1935,317.5422,314.7298,250.4245,253.0622,254.3096,254.3955,253.3758,250.0952,254.2695,253.5329,254.8674,254.4154,254.2747,248.7922,241.4716,231.5950,238.9240,0.0000,239.5190,241.7347,239.5189,238.8059,238.7296,239.4545,239.5286,242.0849,310.8767,236.5940,241.8119,242.8013,242.1002,238.1593,243.9147,235.2538,238.1208,238.1591,251.2008,257.1482,306.0667,307.1318,313.4821,246.2293,252.4822,245.9857,249.3699,250.7065,236.9619,238.5885
24.0000,250.6595,236.4800,236.7279,238.3312,233.4708,247.4663,246.7765,275.6170,242.2848,287.6484,256.9073,277.0970,240.4732,248.4553,236.9531,237.0712,240.8445,240.4209,242.8412,232.6204,242.1815,241.6753,241.7703,240.2704,249.5895,252.2212,252.5150,251.3999,307.7822,236.2185,237.1970,237.1015,309.8253,252.2252,252.1544,261.8009,241.7418,255.5316,241.9941,251.2474,262.8960,258.4339,257.9111,263.9451,312.8580,244.2021,253.1418,252.4308,234.8851,261.3664,259.8089,252.0433,260.6635,249.1538,259.0423,253.4943,239.0050,259.2337,238.2972,237.2083,249.4351,249.6912,257.4003,257.7202,253.3246,250.3612,250.4402,254.6599,250.3822,250.8663,263.7377,252.4525,242.0759,249.4714,244.3637,232.1850,237.5186,308.2283,302.9252,255.3356,238.0605,240.8852,241.8161,242.0433,242.5712,242.9680,243.2982,242.9395,242.5347,271.3383,242.0391,241.7082,241.0172,237.5299,232.1843,260.4770,262.1723,251.5795,0.0000,256.2966,260.0951,241.8755,240.5958,252.9885,242.9241,242.6892,245.3988,248.6469,248.8241,239.0661,242.8659,262.2549,304.2494,244.4341,247.4181,244.1247,244.3382,256.1838,240.3721,253.3425,251.4523,242.4318,243.1887,235.0496,242.8377,245.8802,285.9634,246.5786,240.3123,240.3556,234.4623,236.2592,249.6075,266.5439,237.5509,247.2232,242.2530,242.9738,243.2209,245.4627,245.8477,246.4714,239.0745,239.0763,251.4285,236.6370,238.3580,236.8528,249.0434,250.1335,282.0865,282.0866,277.1550,236.9627,247.2167,235.0111,239.5244,238.1913,239.8883,239.4974,246.4535,0.0000,245.9549,238.2935,259.7184,259.4535,239.5717,239.0047,296.3026,244.8575,242.1044,261.3257,255.2070,243.4283,255.3521,278.0686,250.1789,0.0000,313.4071,305.5058,310.1366,267.9659,237.2775,258.4771,258.3038,253.5617,262.7570,252.0154,247.1802,252.2999,252.2433,317.9996,314.5768,250.4726,253.1542,254.4619,254.5502,253.5306,250.2696,254.4216,253.7254,255.0719,254.5700,254.4135,248.9574,242.0391,232.1882,239.4990,0.0000,239.4344,242.3073,239.4342,239.0374,238.9775,239.9840,239.8961,242.1018,309.7793,237.1991,241.8652,242.9158,242.1059,237.9465,244.3621,235.1619,238.3297,237.9460,251.3651,257.1482,305.0517,306.0892,312.4238,246.3917,252.5835,246.1473,249.5392,250.8986,237.5142,238.7140
25.0000,250.5383,236.4265,236.6819,238.2645,233.4708,247.3785,246.6833,275.6170,242.2430,285.5104,256.4753,275.4406,240.2203,248.3627,236.8838,237.0927,240.3343,240.1381,242.5640,232.5142,242.0967,241.5276,241.6472,240.2066,249.4671,252.1106,252.4119,251.2438,302.5925,236.1593,237.1123,237.0248,302.9077,252.1043,252.0163,261.1964,241.7019,255.2859,241.9340,251.1308,262.8726,257.6520,257.5047,263.9302,305.9535,244.1633,253.1755,252.4753,234.8851,261.2942,259.7160,251.9865,260.7125,249.1092,258.9761,253.4393,238.7786,259.1513,238.2679,237.2182,249.3832,249.6510,257.3258,257.6469,253.3246,250.3019,250.3885,254.5793,250.3171,250.7806,263.7126,252.3566,242.0481,249.4195,244.3513,232.1108,237.3632,303.0709,298.5735,254.9940,237.5451,240.5442,241.7775,242.0036,242.5374,242.9434,243.2686,242.9061,242.5039,270.8882,241.9535,241.6397,240.9124,237.4293,232.1101,259.5738,261.3319,251.4670,0.0000,255.8577,259.5488,241.8209,240.5386,252.8959,242.7129,242.5038,245.2927,248.5867,248.7657,239.0661,242.7865,262.2185,299.6742,244.3473,247.2713,243.9352,245.1438,256.1482,240.2563,253.2898,251.4282,242.3810,243.1439,234.9867,242.8074,245.8509,283.9025,246.5101,240.2841,240.3275,234.3332,236.3339,249.4852,265.8535,237.4728,247.3878,242.2207,242.9391,243.1946,245.4137,245.8721,246.4514,239.0118,239.0136,251.4020,236.6370,238.3285,236.8442,248.9781,250.0720,281.6841,281.6841,276.7308,236.8841,247.1574,234.9525,239.5669,238.1699,239.7853,239.3622,246.3878,0.0000,245.8095,238.2267,259.6308,259.3899,239.4341,238.8285,292.9637,244.7939,242.0198,261.0938,255.2070,243.1629,255.3399,278.1986,250.0534,0.0000,313.2624,305.3302,303.3590,267.3368,237.2958,258.4021,258.2290,253.4962,262.7521,251.9869,247.0776,252.1991,252.1321,317.9201,314.4483,250.3543,253.2804,254.5012,254.5898,253.5379,250.2448,254.4605,253.6636,254.9924,254.6095,254.4629,248.9382,241.9536,232.1139,239.3638,0.0000,238.7133,242.2657,238.7132,238.9747,238.9144,239.8859,239.6396,241.6698,303.9776,237.1143,241.5765,242.6967,241.7878,237.0375,244.2900,235.1805,238.1759,237.0370,251.1755,257.1482,300.3364,301.1962,305.5396,246.3262,252.6665,246.0807,249.5057,250.8418,237.5484,238.6853
26.0000,249.8915,236.0851,236.3505,237.8908,233.0546,247.1518,246.5089,275.4243,241.6895,284.7556,255.6893,274.6777,239.7022,247.2017,236.7807,236.6573,239.7086,239.7900,241.7621,232.2850,241.8551,241.4357,241.4911,239.9339,249.1409,251.7143,251.9863,250.1858,301.3786,235.8178,236.6835,236.6162,301.6827,251.3743,251.3444,260.4255,241.1382,254.5819,241.3089,250.4883,262.3180,256.5693,256.6736,263.3835,304.6908,243.9537,252.4726,251.7709,234.8851,261.0400,259.4930,251.7331,260.6397,248.6630,258.6496,253.1767,238.4257,258.7868,238.0757,237.1528,248.7565,249.0158,256.9293,257.2471,253.3246,249.7518,249.8732,253.9721,249.6788,250.1427,263.3722,251.6526,241.8817,248.7924,244.2102,231.8066,237.0603,301.8372,297.4805,254.1426,236.9275,240.2130,241.2144,241.4523,241.9960,242.4098,242.6835,242.3389,241.9624,270.1696,241.4023,241.0250,240.3707,236.9535,231.8059,258.4155,260.0752,250.3769,0.0000,255.1048,258.7821,241.1957,240.2762,252.2188,241.9709,241.8135,244.6331,247.9835,248.1427,237.6025,242.2236,261.8563,298.5487,243.7421,247.2033,243.9215,245.0074,255.5752,239.7476,253.0318,250.7787,241.7878,242.5328,234.6579,242.6198,244.9174,283.1464,245.8724,240.0998,240.1431,234.0469,236.0298,249.1589,264.8165,237.0444,246.3972,241.6513,242.3685,242.6477,245.1818,245.9331,246.4015,238.5866,238.5884,250.7551,236.3702,237.9354,236.6086,248.4093,249.5146,280.8672,280.8673,275.9659,236.4764,246.5620,235.1254,239.3179,238.0270,239.2799,238.8655,245.7483,0.0000,244.7749,237.8506,259.4056,259.1428,238.9357,238.3393,292.0186,244.2158,241.4684,260.9755,255.2070,242.3293,255.3337,278.1991,248.9478,0.0000,312.1871,304.2661,302.1294,266.3839,236.7082,258.0332,257.8739,252.9815,262.7030,251.6458,246.9094,251.9145,251.7393,316.9666,313.3898,250.0284,252.5263,253.7936,253.8834,252.8605,249.6011,253.7533,253.0427,254.3842,253.9027,253.7125,248.2780,241.4023,231.8094,238.8672,0.0000,237.8170,241.7119,237.8168,238.5381,238.4838,239.3678,239.2792,240.8409,302.7381,236.6855,240.7653,241.9412,240.9662,235.9922,243.4702,235.1669,237.9758,235.9916,250.6879,257.1482,299.1908,300.0250,304.2821,245.6870,251.9250,245.4406,248.8362,250.2886,237.2229,238.4954
27.0000,249.4526,235.1599,235.3956,237.5237,233.2195,246.9585,246.3262,273.9411,241.0429,282.8335,254.7015,272.8923,238.9577,246.9574,236.5893,236.6388,239.0193,239.1042,241.0219,231.4080,241.5269,241.0408,241.1236,239.5831,248.9176,251.5275,251.7930,249.7761,299.0221,234.8959,235.8949,235.7937,299.0789,250.9167,250.9089,259.2753,240.5020,254.1651,240.6901,250.0470,261.8292,255.6511,255.6865,262.8904,302.0182,243.4378,251.4938,250.7546,234.8851,260.8330,259.3344,251.0235,260.5657,248.3058,258.1170,252.4600,237.6154,258.4415,237.5513,237.5948,248.0907,248.3291,256.5453,256.8590,253.3246,249.2333,249.3958,253.1879,249.0437,249.5612,263.0380,250.8534,241.9705,248.1266,243.7605,230.7366,236.1725,299.4833,295.2345,253.6525,235.8239,239.5147,240.5782,240.8124,241.3446,241.7568,242.0389,241.6961,241.3158,268.9562,240.6344,240.3911,239.6562,236.1532,230.7360,257.5257,259.2045,249.9550,0.0000,254.1080,257.6824,240.5872,239.8835,251.8025,241.2446,241.1124,243.9717,247.3505,247.4876,237.5666,241.4548,261.5113,296.2729,242.9783,247.0279,243.4973,244.5829,255.2359,239.0573,252.3435,249.9873,241.1453,241.8924,233.6795,242.1229,244.5057,281.2470,245.2279,239.5971,239.6403,233.0395,236.2054,248.9357,263.7791,236.2563,245.9945,241.0217,241.7271,242.0109,244.6786,245.9840,246.3598,238.1613,238.1631,249.9595,236.3051,237.6942,236.4963,247.8301,248.9875,279.6760,279.6761,274.7519,235.6556,245.7176,235.2943,238.9281,237.7723,238.5792,238.1654,245.1042,0.0000,243.8791,237.4828,259.2398,258.9285,238.2345,237.6133,289.9100,243.4063,240.6999,260.9435,255.2070,241.5801,255.3321,277.8136,248.6122,0.0000,310.7118,303.4331,299.5079,265.2936,236.6872,257.6799,257.5383,252.4534,262.5243,251.3243,246.7181,251.7237,251.5526,314.7790,311.7655,249.8593,251.6627,252.8180,252.9076,251.9599,248.7963,252.7795,252.2514,253.5987,252.9249,252.6750,247.5061,240.6344,230.7399,238.1671,0.0000,237.1652,241.0654,237.1650,238.1045,238.0387,238.6130,238.5213,240.1412,300.3236,235.8970,240.0056,241.2011,240.2011,235.3728,242.9872,235.5706,237.5885,235.3722,250.3826,257.1482,296.8966,297.7073,301.6177,245.0430,251.0681,244.7961,248.1927,249.7770,236.4741,237.9763
28.0000,250.3128,236.3472,236.5817,238.6627,234.4803,247.3978,246.7481,275.9944,242.0355,285.1068,256.0173,274.8000,240.0405,247.6251,236.7689,236.6606,239.3484,239.7069,241.2649,232.6030,242.1897,241.7413,241.8087,240.2968,249.4642,252.0706,252.3436,250.6290,302.2563,236.0871,237.0589,236.9891,302.4069,251.7982,251.7755,260.7035,241.4697,255.0944,241.5799,250.9094,262.7352,257.4132,257.0281,263.8004,305.3843,243.6222,252.3636,251.6650,234.8851,262.4767,261.1829,251.4039,261.2185,248.9817,258.9372,252.8547,238.4781,260.1676,237.7653,239.4109,248.6474,248.9020,258.0476,258.4372,253.3246,249.7453,249.8910,253.8171,249.5365,249.9836,264.2880,251.3742,243.3785,248.6837,244.0005,232.0258,237.1261,302.7446,298.2169,254.7430,237.9615,240.0849,241.5460,241.7859,242.3414,242.7515,243.0537,242.6659,242.2994,270.8813,241.5607,241.2788,240.6472,237.1677,232.0251,259.4501,261.1653,250.8110,0.0000,255.4213,259.0787,241.4683,240.5947,252.5949,241.5109,241.4413,244.3846,247.8701,248.0213,237.7091,242.3755,262.7501,299.3230,243.8579,247.4486,244.2160,245.9739,255.8604,240.1930,252.7498,250.6478,242.0553,242.7754,234.9097,242.3442,245.2802,283.4618,245.6809,239.8270,239.8702,234.1992,235.7799,249.4822,265.7398,237.4167,246.7939,241.9722,242.6625,242.8847,244.8316,245.8681,246.4546,238.7044,238.7062,250.6275,237.7458,237.8412,236.5377,248.3407,249.4954,281.8154,281.8154,276.7712,236.8262,246.4741,235.1220,239.2541,237.9903,239.5622,239.3348,245.5534,0.0000,244.4246,238.6309,261.1271,260.9089,239.3991,238.8048,292.5927,244.2233,241.6251,261.9936,255.2070,241.8507,255.3869,277.8238,249.3807,0.0000,313.2491,305.9167,302.8417,267.2484,236.7269,259.3762,259.1867,253.4468,262.5322,251.6529,247.1563,252.2199,252.0957,316.7031,314.2829,250.4331,252.3503,253.6909,253.7786,252.7444,249.4476,253.6505,252.8879,254.2289,253.7985,253.6255,248.1440,241.5608,232.0285,239.3367,0.0000,237.3435,242.0572,237.3434,238.6359,238.5820,239.6070,239.2711,240.3698,303.6710,237.0610,240.2148,241.4529,240.4070,235.4645,243.7965,237.3852,237.9358,235.4638,251.0964,260.9089,299.9886,300.8528,304.9786,245.4921,251.7818,245.2441,248.6031,250.2860,237.6869,238.1895
29.0000,250.2898,235.5035,235.7137,238.1357,234.0265,247.3098,246.6390,277.0344,241.4371,286.7630,255.8271,275.3381,239.6414,246.9709,236.6007,236.5479,238.6569,239.0708,240.5538,231.6052,241.8891,241.4066,241.4780,239.9362,249.4093,252.0928,252.3659,250.2005,306.9082,235.2509,236.3832,236.2803,308.5692,251.7904,251.7639,260.6599,240.8723,255.1073,240.9946,250.8843,262.6650,257.7676,256.8600,263.7261,311.5109,243.7045,251.7143,250.9871,234.8851,260.8773,259.3946,251.1932,260.6514,248.6819,258.1603,252.5449,237.7437,258.4629,237.7833,240.4278,248.0164,248.2644,256.5363,256.8443,253.3246,249.1833,249.3985,253.1931,249.0348,249.5731,263.0375,251.5048,243.8245,248.0530,244.0807,231.0774,236.3255,307.3953,302.0532,254.7866,237.7789,239.4403,240.9475,241.1834,241.7384,242.1430,242.4384,242.0588,241.6934,271.5699,240.9141,240.7003,240.0574,236.4795,231.0767,259.9742,261.7867,250.4248,0.0000,255.2211,258.9846,240.8930,240.2129,252.5820,240.8401,240.7912,243.7691,247.2705,247.4009,237.3788,241.7209,261.5194,303.3765,243.2056,247.3659,243.9757,244.0399,255.8389,239.6451,252.4036,250.0100,241.4610,242.1911,234.0257,242.3932,244.6103,284.9388,245.0878,239.8518,239.8950,233.3069,235.9064,249.4272,266.3892,236.7384,245.9367,241.3668,242.0568,242.2775,244.9487,245.8880,246.4384,238.3227,238.3245,249.9852,237.0850,237.6083,236.4247,247.7623,248.9291,282.8299,282.8300,277.6332,236.1117,245.8101,235.0681,239.0955,237.8253,238.9798,238.8005,244.9632,0.0000,243.6016,238.1001,259.2937,258.9595,238.8688,238.3189,295.4232,243.5639,240.9776,261.2121,255.2070,241.1322,255.3461,277.9642,248.8426,0.0000,315.0988,307.3943,308.8408,267.9083,236.5819,257.6844,257.5467,252.3854,262.5932,251.3185,247.0514,252.1777,252.1157,319.4261,316.2855,250.3770,251.7205,253.0200,253.1083,252.0993,248.8073,252.9800,252.2596,253.6039,253.1279,252.9539,247.4991,240.9141,231.0806,238.8023,0.0000,236.5883,241.4586,236.5881,238.2513,238.1914,238.9685,238.5778,239.6513,308.7963,236.3852,239.4798,240.7707,239.6623,234.6680,243.1864,238.4171,237.5822,234.6670,251.0717,257.1482,304.1786,305.2156,311.0849,244.9022,251.1603,244.6562,248.0272,249.7232,236.7377,238.2152
30.0000,250.4538,235.8713,236.0877,238.3642,234.2282,247.3987,246.7311,276.8585,241.5595,286.2248,255.8975,275.0562,239.7277,246.9915,236.6484,236.5371,238.6176,239.2602,240.5282,232.2439,242.0282,241.5043,241.6066,240.0884,249.5163,252.2183,252.4856,250.2645,305.4362,235.6223,236.6491,236.5751,307.0411,251.9599,251.9288,260.6548,240.9912,255.2388,241.1155,251.0465,262.7922,257.8739,256.9318,263.8502,309.9829,243.9664,252.0566,251.3425,234.8851,261.0326,259.5307,251.6051,260.6740,249.2740,258.4762,252.9757,238.0115,258.6675,238.0719,242.8414,248.2920,248.5424,256.7440,257.0493,253.3246,249.4730,249.7184,253.4194,249.3014,249.8264,263.2163,251.9580,245.4821,248.3280,244.2996,231.5666,236.6945,305.8866,300.8354,254.8873,237.9723,239.6503,241.0658,241.2994,241.8576,242.2573,242.5477,242.1740,241.8079,271.5385,241.0648,240.8277,240.2329,236.7262,231.5659,260.0926,261.8598,250.5027,0.0000,255.2870,259.0051,241.0046,240.3830,252.7645,240.8462,240.8362,243.9832,247.5510,247.6753,237.3593,241.8547,261.7260,302.0916,243.2810,247.5123,243.9721,244.9940,256.0345,239.8187,252.8358,250.3016,241.5880,242.3104,234.4441,242.6518,244.6996,284.4424,245.3833,240.1220,240.1653,233.7722,235.5971,249.5340,266.4003,237.0044,246.1178,241.4823,242.1738,242.3932,245.1989,245.8665,246.4559,238.3753,238.3771,250.2787,237.4463,237.5359,236.3591,248.0362,249.2140,282.8988,282.8989,277.6624,236.4031,245.9051,235.2141,239.0606,237.8536,239.1623,238.9867,245.2686,0.0000,243.6111,238.3303,259.4291,259.1052,239.0529,238.5029,294.5309,243.6805,241.1277,261.2878,255.2070,241.0832,255.3501,278.1558,248.8869,0.0000,314.2903,307.0230,307.3090,267.9035,236.5698,257.8823,257.7406,252.6310,262.6657,251.5281,247.1476,252.2896,252.2406,317.8910,315.3604,250.5191,252.0337,253.3529,253.4401,252.4125,249.1136,253.3126,252.5048,253.8306,253.4601,253.2927,247.8050,241.0648,231.5693,238.9885,0.0000,236.4014,241.5807,236.4013,238.2971,238.2439,239.1666,238.8103,239.6749,307.2450,236.6512,239.4330,240.7676,239.6174,234.3475,243.2708,240.8121,237.6861,234.3463,251.1768,257.1482,302.8509,303.8342,309.5562,245.2088,251.4548,244.9672,248.3778,250.0248,237.2141,238.4979
31.0000,249.9874,235.3888,235.6021,237.5993,233.3040,246.9649,246.5726,276.5391,241.0844,286.1803,255.3298,275.2687,239.2235,245.9970,236.6022,236.6079,238.4140,239.0718,240.3462,231.8131,240.9663,238.8581,239.3468,239.3918,249.0598,252.1294,252.4448,249.3834,305.4524,235.1459,236.1577,236.1038,307.0398,251.6583,251.4801,260.2235,240.5187,254.6564,240.6591,250.5755,262.2290,257.2836,256.2989,263.2786,309.9556,244.0551,252.3101,251.5675,234.8851,261.1839,259.6692,251.6178,260.8162,249.8024,258.5725,252.9706,237.7669,258.8801,238.1265,245.3435,248.5957,248.8437,256.9651,257.2747,253.3246,249.7082,249.9845,253.7133,249.6471,250.2072,263.3679,252.0410,247.0512,248.6314,244.3756,231.1686,236.3689,305.9138,300.8188,254.2528,237.4588,239.5002,240.5925,240.8148,241.4012,241.8160,242.0586,241.6948,241.3481,271.0633,240.6416,240.3952,239.7928,236.3231,231.1679,259.5185,261.2550,249.6367,0.0000,254.7594,258.5309,240.5447,239.7991,252.4849,240.7215,240.7269,244.1680,247.8399,247.9796,237.5451,241.4192,261.9011,302.0832,242.8506,247.1971,242.0303,244.2526,255.8023,239.3168,252.8260,250.6162,241.1286,241.8360,233.9939,242.7307,243.9189,284.4385,245.7044,240.1889,240.2322,233.3841,235.7310,249.0777,265.8516,236.5103,245.2215,241.0094,241.6996,241.9214,245.3156,245.9819,246.3615,238.0475,238.0494,250.5921,236.2718,237.4495,236.3250,248.2680,249.4468,282.3262,282.3263,277.1341,235.9153,245.4886,235.2778,238.9922,237.8090,238.7333,238.4789,245.6069,0.0000,243.0902,237.5638,259.5664,259.2472,238.5440,237.9967,294.4575,243.2701,240.7039,261.2059,255.2070,240.8674,255.3458,278.1738,247.9532,0.0000,314.1166,306.2221,307.3065,267.3749,236.6577,258.0908,257.9429,252.8928,262.6910,251.7025,246.9232,252.1321,252.1500,318.7564,315.3515,250.0551,252.3105,253.6296,253.7171,252.6930,249.4716,253.5893,252.8086,254.1250,253.7370,253.5759,248.1498,240.6416,231.1714,238.4807,0.0000,236.2125,241.1055,236.2124,238.0033,237.9736,238.7381,238.5926,239.4794,307.2447,236.1597,239.2330,240.6356,239.4163,234.1677,242.6186,243.2932,237.5836,234.1663,250.6657,257.1482,302.8482,303.8384,309.5329,245.5501,251.7464,245.3202,248.7318,250.2496,236.6982,238.5554
32.0000,250.4419,235.5532,235.7490,237.9320,233.4526,247.3326,246.6929,277.3576,241.6537,286.9500,256.1211,276.0318,239.6843,247.2871,236.6424,237.0021,238.6205,239.2065,241.3101,232.4250,241.8184,241.1441,241.2812,239.8880,249.4651,252.1760,252.4513,250.4611,306.2142,235.3182,236.5340,236.4601,307.8153,252.0316,251.9551,260.9688,241.0954,255.2810,241.2881,251.0259,262.5965,258.0807,257.1420,263.6386,310.7553,244.4903,254.4118,253.6408,234.8851,261.9592,260.3065,252.2102,261.3268,251.8314,259.4057,253.5685,237.9054,259.9463,238.5761,250.3959,250.5260,250.7959,258.1644,258.4757,253.3246,251.3181,251.6007,255.8152,251.7192,252.3580,264.3815,254.4250,250.6918,250.5632,244.7545,231.2712,236.4519,306.6668,301.6113,254.9860,238.7240,239.6555,241.1683,241.3720,241.9587,242.3644,242.6314,242.2684,241.8999,271.8796,241.1551,241.0081,240.3263,236.7688,231.2706,260.2917,262.0648,250.6631,0.0000,255.5157,259.2882,241.1616,240.1963,252.8019,241.6966,241.6935,245.8113,249.6868,249.8973,238.9566,241.9254,262.9904,302.8681,243.3682,247.4726,243.7026,244.8230,255.9885,239.8775,253.4259,252.6801,241.7239,242.4723,234.1400,243.1519,244.9377,285.2075,247.6535,240.6175,240.6609,233.4578,235.7406,249.4831,266.6727,236.8831,246.3468,241.5816,242.2786,242.4967,245.7397,245.8834,246.4421,238.4867,238.4886,252.6468,236.2131,237.7837,236.5028,249.9159,251.0621,283.0962,283.0963,277.9247,236.2424,246.0549,235.2342,239.0910,237.8699,239.2349,239.0366,247.5983,0.0000,244.1748,237.8934,260.2127,259.9791,239.0984,238.5604,295.2660,243.8212,241.2177,261.4235,255.2070,241.9085,255.3572,278.2704,249.1251,0.0000,314.5057,306.8107,308.0823,268.1969,237.2025,259.1844,259.0060,254.5030,262.7381,252.7903,247.1026,252.2457,252.1983,319.0766,315.7191,250.4487,254.4179,255.7418,255.8281,254.7567,251.6201,255.7004,254.9022,256.2303,255.8486,255.6823,250.3905,241.1551,231.2746,239.0383,0.0000,236.4921,241.6749,236.4921,238.4347,238.3859,239.2318,238.7244,240.2268,308.0119,236.5361,240.1762,241.6055,240.3451,234.3409,243.4882,248.1807,237.6612,234.3394,251.1716,257.1482,303.6277,304.6115,310.3287,247.5473,253.8276,247.3604,250.7200,251.8656,237.1843,238.9997
33.0000,269.5694,235.3988,235.5721,238.2086,234.1573,247.7964,246.4443,267.1975,241.5667,268.2183,256.8142,265.6342,239.5673,248.3871,236.7281,236.5859,238.8873,239.3011,241.6700,232.3754,241.3354,238.2670,239.1196,239.7181,250.4548,253.6111,254.1588,251.6702,267.9948,235.1678,236.4112,236.3070,269.4725,269.1828,267.0990,260.8825,241.0244,259.0068,241.2762,270.1916,282.5158,257.4120,257.7435,283.6258,272.0438,244.6810,255.7427,254.8989,234.8851,262.3456,260.6477,252.5821,261.5995,253.0532,259.8374,253.9690,237.9151,260.5531,238.7826,254.5970,251.5916,251.8838,258.8291,259.1519,253.3246,252.1363,252.4500,257.0911,253.0568,253.8597,264.7998,255.8628,253.3815,251.6276,244.8950,231.1211,236.4527,268.3769,265.6764,256.6654,237.9103,239.7767,241.0971,241.3025,241.8447,242.2320,242.5507,242.1858,241.7959,266.6499,241.0926,240.9630,240.2608,236.7013,231.1204,259.2020,260.7503,251.9189,0.0000,256.0194,260.0618,241.1784,240.0824,267.0633,242.0555,242.0433,246.3419,250.6222,250.9284,237.4683,241.8555,263.4928,265.3540,243.2958,246.5734,241.5921,245.3087,264.5661,239.7765,253.8319,254.0758,241.6712,242.4215,233.9842,243.3359,245.5385,267.8110,248.2647,240.8099,240.8533,233.3618,236.3988,250.4746,263.5936,236.7598,246.9665,241.5369,242.2030,242.4122,245.9211,245.7594,246.5436,238.0861,237.1788,254.0423,237.2956,238.0247,236.6900,250.7503,251.8770,275.0142,275.0143,271.1937,236.1129,246.0258,235.0594,239.7340,238.1997,239.1493,238.9323,248.3091,0.0000,244.5775,238.1790,260.5575,260.3606,238.9945,238.4190,267.1504,243.7797,241.1557,261.4865,255.2070,242.2692,255.3605,278.2296,250.2828,273.3056,289.5085,290.1549,269.7143,264.5086,236.6275,259.7983,259.5933,255.3775,262.7033,253.3659,246.8248,252.8293,253.6071,282.1223,288.6148,251.4207,255.5841,257.1124,257.2013,256.1708,253.3978,257.0689,256.2254,257.5083,257.2213,257.0364,252.1494,241.0926,231.1247,238.9340,0.0000,236.9602,241.5879,236.9601,238.2546,238.2867,239.1644,238.7678,240.6284,269.6007,236.4132,240.5202,241.9608,240.6854,234.9245,243.8792,252.2698,237.7504,234.9232,252.3730,257.1482,266.0571,266.5990,271.6721,248.2740,254.9758,248.1681,251.4605,252.6892,237.1850,239.2010
34.0000,269.2380,235.8259,236.0357,237.8945,233.2391,247.9001,246.3823,266.9987,241.5577,268.0343,256.6397,265.4517,239.3051,247.7360,236.8746,236.6243,239.2766,239.7327,242.0123,232.8139,241.9317,240.4612,240.9042,239.9294,250.4662,253.1081,253.5701,251.1858,267.8621,235.5928,236.5843,236.5491,269.3602,268.7212,266.7839,260.6659,241.0113,258.8015,241.2715,269.8553,282.0807,257.2039,257.5429,283.1816,271.9506,245.1371,257.4822,256.6263,234.8851,262.8415,261.0895,253.2871,262.0297,253.7108,260.5726,254.7116,238.4009,261.3102,239.2533,248.3947,252.8884,253.2199,259.6515,259.9874,253.3246,252.9333,253.1927,258.6355,254.5324,255.4092,265.4050,257.5352,253.7090,252.9234,245.2162,231.7230,236.9883,268.2504,265.5134,256.4190,237.5548,240.2290,241.0830,241.2704,241.8628,242.2700,242.5327,242.1767,241.8029,266.4082,241.2635,240.9896,240.3519,236.9490,231.7223,258.9978,260.4963,251.4089,0.0000,255.8712,259.8739,241.1543,240.2966,266.6440,242.4330,242.4394,247.0107,251.7555,252.1881,237.5600,242.0175,264.1193,265.1928,243.4486,246.7954,243.1611,246.8130,264.2278,239.7407,254.5707,255.8038,241.6930,242.4443,234.4774,243.7640,245.1437,267.6267,249.0697,241.2495,241.2930,233.9606,235.9752,250.4859,263.3419,236.9341,246.4282,241.5139,242.2028,242.4139,246.3893,245.7332,246.5649,238.1213,237.2140,255.7765,236.2974,237.9566,236.6160,251.6868,252.6806,274.7321,274.7321,270.9239,236.3468,246.2297,234.6297,240.2923,238.4776,239.2450,238.8898,249.2202,0.0000,244.7522,237.8540,261.0016,260.8443,238.9445,238.3323,266.9675,243.9868,241.3266,261.6963,255.2070,242.6013,255.3714,278.5291,249.7252,272.8555,289.0320,289.8101,269.6008,264.2590,236.6739,260.5609,260.3243,256.4418,262.7982,253.8749,246.8200,252.5722,253.1103,281.6803,288.1502,251.4245,257.0981,258.8640,258.9538,257.9271,255.6099,258.8179,257.8586,259.0552,258.9738,258.7520,254.2216,241.2635,231.7260,238.8915,0.0000,237.3562,241.5788,237.3561,238.2754,238.3071,239.3230,239.2493,240.9440,269.4732,236.5863,240.8487,242.3364,241.0119,235.3478,243.6401,251.4540,238.0100,235.3468,252.3054,257.1482,265.9029,266.4525,271.5756,249.2047,256.4662,249.1739,252.3577,253.4774,237.6009,239.6615
35.0000,269.3871,235.9806,236.1776,238.0767,233.8201,247.9314,246.3926,267.2995,241.9150,268.3883,256.9551,265.9605,239.7518,247.2093,236.9265,237.4370,239.5269,239.8585,242.3484,232.7209,241.9846,240.3236,240.8287,240.0369,250.5071,253.2384,253.7292,250.8936,267.8974,235.7420,236.7958,236.7065,269.3082,268.9037,266.9194,261.0969,241.3828,258.8316,241.7218,270.0058,282.2605,257.4230,257.8511,283.3641,271.8119,247.6974,258.2299,257.3625,234.8851,263.2260,261.4774,256.3698,262.1699,254.2000,262.5608,257.8273,238.5020,262.0891,241.7597,250.8742,253.3767,253.7394,260.3244,260.7171,253.3246,253.1464,253.4385,259.3478,255.1658,256.1140,265.7372,258.1251,255.1654,253.4121,247.4749,231.7744,237.0612,268.2687,265.7206,256.4100,237.5059,240.3763,241.4532,241.6014,242.1840,242.5714,242.9405,242.5729,242.1191,266.6809,241.5778,241.4552,240.6745,237.1753,231.7737,259.1734,260.6538,251.1013,0.0000,256.2030,260.2414,241.9329,240.3882,266.8608,242.7127,242.6897,246.9785,252.1206,252.6469,240.2387,242.3379,264.4862,265.3911,243.7824,246.7270,243.0344,245.8728,264.5355,240.0042,257.5962,256.4987,242.1374,242.9131,234.5978,246.2375,245.0643,268.0053,248.9201,243.7152,243.7591,234.0075,236.5617,250.5323,263.5574,237.1511,246.3708,241.9570,242.6182,242.8285,249.0062,245.7291,246.5683,238.4240,237.5155,256.4636,236.2940,238.3072,236.8529,252.0073,252.8960,274.8471,274.8472,271.1223,236.5433,246.6557,234.7673,240.4154,238.5817,239.5271,239.1306,249.1287,0.0000,245.3630,238.0381,261.3824,261.2553,239.1953,238.5754,267.2427,244.3549,241.6427,261.9753,255.2070,242.9972,255.3860,281.1992,249.3291,273.0005,288.9445,289.8984,269.5458,264.4922,237.7623,261.2590,260.9679,257.0240,263.6267,254.0928,246.8243,252.6322,253.2381,281.7286,288.0865,251.4741,257.7045,259.6066,259.6927,258.6343,256.4536,259.5592,258.6095,259.7674,259.7137,259.4733,255.2353,241.5778,231.7777,239.1322,0.0000,237.6662,241.9375,237.6661,238.5917,238.6082,239.6104,239.3719,241.2994,269.4371,236.7979,241.1643,242.6177,241.3310,235.6722,243.7354,253.6895,238.0911,235.6716,252.3310,257.1482,266.0607,266.5676,271.4503,249.1262,257.0431,249.1230,252.2479,253.6870,237.5505,242.1531
36.0000,277.4028,244.5926,244.9706,245.0415,239.2538,252.6917,251.0306,274.2597,249.3963,276.0476,264.2661,273.7029,247.6642,254.8386,244.6918,244.0935,248.4987,248.6126,250.2495,241.5190,248.4255,246.9039,247.3771,246.9009,255.6267,258.3534,258.8819,258.2861,275.4757,244.3068,244.7673,244.9752,276.9992,276.7799,274.5876,268.6950,248.7628,265.3668,248.9815,278.1091,292.1278,264.6552,264.9809,293.3908,279.6035,257.3461,266.9230,266.0202,241.9801,268.8354,266.2205,267.5059,268.8134,262.5404,272.5351,269.1063,247.3432,268.5437,251.1417,260.6748,261.7004,262.0940,266.9537,267.3950,259.1745,261.2307,261.5309,268.0669,263.6545,264.6798,272.7396,266.8309,264.3965,261.7421,255.9646,240.5888,246.0310,275.8263,273.3301,263.0399,245.1352,249.1664,248.8425,249.0277,249.7412,250.2020,250.4910,250.0759,249.6556,273.9194,249.1164,248.6849,248.2702,244.6638,242.9936,266.4535,267.6548,258.5269,0.0000,263.6688,267.8065,249.1841,247.4120,274.4790,250.5118,250.5591,255.1000,260.4111,260.9573,245.0571,249.9403,271.5020,272.9887,251.2769,251.4030,249.4516,254.4353,271.6880,247.4471,268.7112,265.0304,249.5155,250.2000,243.3027,255.5378,252.5053,275.6780,257.1809,252.9624,253.0081,242.9312,243.9206,255.6530,270.6706,245.1641,253.7410,249.4067,250.0954,250.3114,258.9647,247.6372,249.5331,245.6844,244.6277,264.9878,243.1278,245.8544,244.2207,260.1930,260.9833,282.2435,282.2436,278.4804,244.6577,254.4954,240.8400,250.1314,247.1167,247.1575,246.5447,257.4127,0.0000,253.6039,245.0060,266.1714,266.5223,246.6300,246.1133,274.8955,251.9425,249.1914,264.3140,255.2070,250.8645,255.5075,285.8715,256.8368,281.3592,298.9135,298.7453,277.2458,271.6424,244.1443,267.6719,267.2564,264.5229,265.2291,261.5896,251.5598,257.6517,258.3513,291.0468,297.9809,256.5949,266.2966,268.3397,268.4292,267.2591,264.9878,268.2896,267.2920,268.5077,268.4515,268.1926,263.8217,249.1164,242.9978,246.5467,0.0000,246.4676,249.4189,246.4676,245.9506,246.1232,247.2004,248.1946,249.7750,277.1052,244.7692,249.0002,250.4197,249.1894,244.4908,251.1296,263.2527,246.2476,244.4904,257.9135,259.7246,273.6545,274.1539,279.2273,257.4127,265.5988,257.4127,260.7144,261.7968,245.9643,251.4853
37.0000,282.8077,245.9115,246.3186,245.9344,240.0505,254.3599,252.6216,278.4689,250.7884,280.9408,267.5537,278.3825,248.8645,257.3352,245.4643,245.0000,249.4578,249.7180,249.8906,242.7038,249.2769,246.8543,247.5890,247.7334,257.5264,260.4279,260.9866,260.9252,280.2127,245.6080,245.9012,246.1179,282.0396,282.3952,279.5836,272.5258,250.1874,268.3405,250.4768,283.6133,299.6486,268.0225,268.3173,301.0938,284.8791,257.3077,264.9887,264.0924,242.5189,267.6786,265.1305,267.8520,267.7088,261.7968,272.2526,269.4712,248.5485,267.2095,251.1087,270.4954,259.8268,260.2177,265.5515,265.9818,258.0116,259.8480,260.2419,266.1368,261.7707,262.7934,271.4519,264.9348,265.7954,259.8716,255.6755,241.9003,247.3712,280.6366,277.7449,265.8401,244.6038,250.2935,250.2706,250.3932,251.1066,251.5704,251.9802,251.5293,251.0262,278.0572,250.4302,250.1077,249.6018,245.7824,244.1803,269.7053,270.8325,261.0607,0.0000,266.9007,271.5329,251.0913,248.3472,279.7237,250.1248,250.1848,253.3112,258.5867,259.0756,246.3142,251.2641,270.2368,277.3688,252.5653,253.0947,249.7927,256.8471,276.2251,248.4592,269.0397,263.1286,250.9692,251.6992,244.6252,255.4561,254.5736,280.5371,254.7498,252.8962,252.9418,244.2685,244.3742,257.5390,274.2770,246.3179,255.9072,250.9326,251.5610,251.7815,258.9867,249.4004,251.2349,245.9643,244.0143,263.0856,244.0155,246.2453,244.6749,258.7116,259.5831,288.1609,288.1610,283.6394,245.8319,256.1812,241.0679,251.6015,248.1758,248.3098,247.4614,254.9771,0.0000,253.2537,245.9005,265.0622,265.3376,247.5607,247.0245,279.5372,253.4423,250.5120,263.7524,255.2070,250.5016,255.4784,286.3802,259.4251,288.0059,312.7450,308.3968,282.2962,275.3983,245.1025,266.3042,265.9264,262.8816,265.4259,260.3656,253.1491,259.4944,260.4184,299.9775,311.2603,258.4352,264.3919,266.3935,266.4823,265.3502,263.0856,266.3438,265.3776,266.5730,266.5043,266.2510,261.9261,250.4302,244.1845,247.4635,0.0000,247.1085,250.8128,247.1084,246.4259,246.7049,248.4597,249.3829,249.5677,282.0205,245.9029,248.6404,250.0423,248.8165,245.2373,252.9895,267.2318,247.1518,245.2372,260.0881,258.5701,278.1288,278.7028,284.4670,254.9771,263.7045,254.9771,258.2139,260.4172,247.3487,251.4359
38.0000,266.4194,247.6515,248.0551,247.7664,241.8981,254.1178,253.1226,278.4689,252.8153,282.5169,269.0319,280.1100,250.8489,258.0727,247.2461,246.8052,251.4732,251.5792,252.0058,244.6201,250.1055,247.7232,248.3952,249.0123,256.8571,259.7676,260.2056,261.0362,282.3688,247.3439,247.8845,248.1205,284.3464,269.3538,267.4177,274.1367,252.1739,265.3046,252.3458,267.1842,282.4092,268.1485,269.6684,283.7814,287.3342,259.4277,266.7306,265.7992,244.2306,269.3517,266.6624,270.0936,269.7663,263.8161,274.3979,271.7375,250.3315,269.0204,253.1605,272.6307,261.8059,262.1903,267.3647,267.8115,260.0298,261.8591,262.2613,268.1302,263.8004,264.8787,273.4081,267.0200,267.8276,261.8517,257.6936,243.5037,249.1458,282.8453,279.6132,264.3342,248.3693,252.1735,252.2580,252.3891,253.1537,253.6291,254.0165,253.5480,253.0551,278.4101,252.3467,251.9929,251.4974,247.6395,245.9471,269.3773,270.1455,260.7855,0.0000,268.4751,273.1660,252.9778,249.6178,268.9794,252.2180,252.2397,255.3264,260.5762,261.0604,248.1585,253.1987,272.1660,279.2560,254.5271,253.8438,250.5233,259.8207,269.9996,250.5995,271.2951,265.0368,252.9159,253.6679,246.2911,257.5322,255.8486,282.1375,256.7452,254.9493,254.9953,245.9339,246.1335,256.8697,274.1113,248.3075,257.2854,252.9078,253.5571,253.7710,261.1480,249.1867,251.0055,247.5516,245.2869,264.9847,245.8455,248.0437,246.4363,260.7121,261.5943,289.1779,289.1780,284.3680,247.7554,258.1622,242.8216,253.5301,250.0335,250.2245,249.6253,256.9755,0.0000,255.4646,247.7447,266.6180,267.0296,249.7149,249.1586,281.2550,255.3861,252.4301,264.5466,255.2070,252.6300,255.5195,286.3953,259.8217,275.0407,299.1145,310.4614,284.6030,275.3930,246.9128,268.1159,267.7080,264.7806,265.4238,262.4010,253.6256,259.4099,259.7762,287.2018,297.6155,257.7794,266.3155,268.1421,268.2348,267.1592,264.9847,268.0938,267.3418,268.5708,268.2560,267.9348,263.8371,252.3467,245.9514,249.6276,0.0000,249.2077,252.8396,249.2076,248.1265,248.4607,250.3490,251.2111,251.7025,284.2631,247.8862,250.7663,252.1475,250.9122,247.3653,254.4475,269.2955,248.9650,247.3655,259.1631,260.2190,280.0821,280.7289,286.8984,256.9755,265.6266,256.9755,260.2549,262.4286,249.4867,253.4871
39.0000,266.6372,248.0089,248.4153,248.0789,242.1390,254.4626,253.4015,278.4689,253.1889,282.9003,269.4314,280.5624,251.3751,258.5104,247.5795,247.1504,251.7920,251.8887,252.3494,244.9234,250.4773,248.2058,248.8329,249.3635,257.2052,260.1640,260.6362,261.4324,282.8572,247.7006,248.2363,248.4484,284.9049,269.5986,267.6719,274.5336,252.5481,265.6166,252.7290,267.3926,282.4235,268.4365,270.0709,283.7781,287.9135,259.8189,266.4677,265.5240,244.5614,269.3364,266.6337,270.4870,269.7669,263.0832,274.6011,272.1234,250.6678,269.0007,253.5266,261.2963,261.7576,262.1278,267.3254,267.7673,259.9187,261.7672,262.0726,267.9724,263.7507,264.8475,273.4047,266.9656,264.9371,261.8034,258.0106,243.8520,249.4325,283.3328,280.0421,264.6479,248.8070,252.4692,252.6324,252.7657,253.5201,253.9907,254.3930,253.9267,253.4233,278.5346,252.7065,252.3738,251.8668,247.9991,246.3035,269.6056,270.3615,261.1616,0.0000,268.8716,273.5688,253.3706,249.9734,269.2443,252.5564,252.5505,255.4330,260.5453,261.0253,248.5253,253.5599,272.1197,279.6930,254.9173,253.9941,251.0659,259.3522,270.3066,250.9682,271.6686,264.9084,253.3040,254.0778,246.6452,257.8969,256.2832,282.5319,256.7597,255.3078,255.3539,246.2519,246.4612,257.2178,274.2472,248.6595,257.8048,253.2874,253.9404,254.1587,261.5706,249.5083,251.3396,247.8962,245.6282,264.8555,246.0708,248.3716,246.7647,260.6834,261.5128,289.3149,289.3150,284.5018,248.1085,258.3585,243.0699,253.9089,250.3754,250.5886,249.9932,256.9861,0.0000,255.7550,248.0564,266.5885,266.9939,250.0898,249.5705,281.6487,255.6650,252.7903,264.6532,255.2070,252.9623,255.5250,285.9707,260.2385,275.3268,299.5454,310.5930,285.1693,275.5156,247.2611,268.0883,267.6723,264.7369,265.2692,262.2331,253.9057,259.7441,260.1706,287.5861,298.0383,258.1257,266.1215,267.8699,267.9632,267.0086,264.8555,267.8230,267.1964,268.4116,267.9840,267.6123,263.7168,252.7065,246.3077,249.9954,0.0000,249.5761,253.2133,249.5760,248.4712,248.8045,250.7151,251.5381,252.0514,284.8195,248.2381,251.1321,252.4972,251.2687,247.7631,254.8505,263.8182,249.2889,247.7634,259.5007,260.1842,280.5314,281.1930,287.4756,256.9861,265.4426,256.9861,260.2101,262.3382,249.7082,253.8514
40.0000,262.7405,247.2541,247.6539,247.2677,241.3082,250.3398,249.2051,278.4689,252.5047,282.1842,268.5422,279.7458,250.6759,257.3445,247.0902,246.6046,251.3777,251.3575,252.2581,244.1562,248.9789,247.8910,248.2732,248.2639,252.1628,254.6213,254.9835,259.8919,281.8191,246.9491,247.4947,247.6991,283.8358,265.4772,263.7414,273.6608,251.8700,262.0976,252.0602,263.4906,278.4212,267.4087,269.1601,279.7668,286.8329,259.6175,266.5600,265.6370,244.0629,269.2236,266.5221,270.1956,269.7408,262.9927,274.3600,271.8225,250.0939,268.8593,253.3316,261.2183,261.6462,262.0111,267.1951,267.6334,259.8313,261.6713,261.9785,267.8978,263.5857,264.6342,273.2916,266.7660,264.8446,261.6920,257.8764,243.1963,248.8452,282.2742,279.1163,261.8730,247.6411,251.9374,251.9546,252.0967,252.8398,253.3148,253.7159,253.2495,252.7515,277.8939,252.1055,251.7253,251.2156,247.3972,245.6819,268.4936,269.2109,259.6271,0.0000,268.0056,272.6863,252.7145,248.7609,264.8311,252.4364,252.3869,255.3067,260.4286,260.9118,247.9132,252.9512,272.0046,278.7524,254.3162,250.1155,249.6133,258.3620,265.2842,250.2406,271.3763,264.8661,252.6370,253.3999,245.9319,257.7118,255.2990,281.7998,256.6467,255.1219,255.1679,245.6098,246.0574,247.1376,273.3063,247.9161,256.6500,252.6127,253.2673,253.4871,261.3526,245.4750,247.2712,247.8985,246.7594,264.8285,245.3974,248.0367,246.3605,260.5648,261.4154,288.5214,288.5215,283.7679,247.3645,257.8404,242.4852,253.4368,249.8801,249.9655,249.2561,256.8746,0.0000,255.6209,247.2513,266.4762,266.8742,249.3542,248.8222,280.7943,255.1230,252.1896,264.5712,255.2070,252.8722,255.5208,285.5884,258.8683,270.9784,294.2778,309.4483,284.0998,274.6545,246.7057,267.9534,267.5417,264.6179,265.1401,262.1432,249.7732,254.8586,254.6480,282.7360,292.8253,253.0906,265.9079,267.9702,268.0607,267.0454,264.8285,267.9219,267.1405,268.3368,268.0825,267.7600,263.6599,252.1055,245.6862,249.2582,0.0000,249.3219,252.5295,249.3218,248.2676,248.5108,250.0855,250.9803,251.9379,283.7547,247.4964,251.0678,252.3877,251.2044,247.5423,254.0011,263.7302,248.7830,247.5425,255.1475,260.0676,279.5676,280.2007,286.3967,256.8746,265.1929,256.8746,260.1201,262.2518,248.9186,253.6600
41.0000,262.8753,247.3556,247.7532,247.3084,241.3354,250.4711,249.3502,278.4689,252.6280,282.3848,268.7489,280.0158,250.7913,257.4642,247.1076,246.5797,251.6477,251.5016,252.7054,244.3818,249.0078,247.9417,248.3259,248.2348,252.3215,254.8309,255.1930,260.0626,282.1065,247.0528,247.6117,247.8355,284.2765,265.6016,263.9023,273.8766,251.9895,262.3906,252.1576,263.6193,278.4254,267.9723,269.3759,279.7597,287.2894,259.7235,267.3576,266.4817,244.0245,269.5610,266.8023,270.1766,270.4262,263.4620,274.4870,271.7873,250.2364,269.1162,253.4284,261.4760,262.1999,262.5934,267.5274,267.9540,260.3296,262.1441,262.4542,268.5327,264.0884,265.0706,273.7811,267.3906,265.2589,262.2439,258.0510,243.2920,248.9546,282.5537,279.3697,262.2117,247.9897,252.0758,252.0747,252.2114,252.9723,253.4559,253.8232,253.3643,252.8808,278.1796,252.1718,251.8150,251.2982,247.4995,245.7824,269.1724,269.9131,259.7705,0.0000,268.2053,272.9039,252.8173,248.7725,264.9508,252.8342,252.7551,255.7781,260.9525,261.4528,247.9682,253.0137,272.4672,279.0074,254.3644,250.4067,249.6672,258.5550,265.3963,250.3593,271.3493,265.4918,252.7410,253.5131,246.0420,257.8285,255.4261,282.0115,257.1647,255.2315,255.2775,245.7081,245.9682,247.1376,273.8298,248.0319,256.8466,252.7324,253.3793,253.6062,261.4488,245.5740,247.3884,247.3170,245.0544,265.4495,245.3974,247.9689,246.3017,261.0562,261.8906,288.6090,288.6090,283.9510,247.4782,257.8334,242.3446,253.3899,249.8482,250.0222,249.3708,257.3976,0.0000,256.1544,247.2937,266.7645,267.1968,249.4689,248.9485,281.0240,255.1482,252.2557,264.8096,255.2070,253.3354,255.5331,285.2057,259.0160,271.0642,294.1274,309.3728,284.5584,275.1131,246.6926,268.2496,267.8535,265.0619,265.0269,262.6249,249.9370,255.0643,254.8572,282.7543,292.6905,253.3168,266.7523,268.7547,268.8412,267.6614,265.4495,268.7053,267.7628,268.9756,268.8646,268.6148,264.2979,252.1718,245.7867,249.3729,0.0000,249.7160,252.6526,249.7159,247.9379,248.2861,250.1739,251.1132,252.3650,284.0878,247.6134,251.5499,252.7950,251.6940,247.9853,254.1066,264.0962,248.8505,247.9856,255.3606,260.3819,279.8306,280.4723,286.8536,257.3976,266.0484,257.3976,260.7150,262.7184,249.0888,253.7620
42.0000,262.2216,247.2184,247.6055,247.2658,241.3479,250.4569,249.3332,278.4689,252.5068,282.0487,268.6235,279.6977,250.5783,257.4519,247.0988,246.5569,251.6768,251.4300,253.0150,244.1930,249.0559,248.1889,248.5085,248.2450,252.2993,254.8239,255.1840,260.0548,281.5933,246.9216,247.4810,247.6979,283.6273,264.9093,263.3318,273.6300,251.8722,262.2133,252.0625,262.9425,277.2778,267.6991,269.3232,278.5696,286.4770,259.5333,267.7717,266.9352,244.0976,269.6249,266.8142,269.7388,271.0452,263.7530,274.2259,271.3209,250.1728,269.0271,253.2575,261.4760,262.4963,262.9126,267.5437,267.9448,261.3111,262.4410,262.7822,268.8638,264.3000,265.2025,274.0034,267.4902,265.4222,262.5345,258.0830,243.1918,248.8416,282.0213,278.9835,262.0854,247.7485,251.9569,251.9570,252.0967,252.8460,253.3251,253.6992,253.2428,252.7572,277.9265,252.0840,251.7240,251.2106,247.4404,245.7089,268.8559,269.7044,259.8615,0.0000,268.0437,272.6672,252.7056,248.7675,264.3172,253.1178,253.0095,256.0542,261.2384,261.7430,247.8983,252.9193,272.6553,278.6190,254.2908,250.4050,249.9142,258.7231,264.8766,250.2477,270.9068,265.8323,252.6342,253.4030,245.9220,257.6862,255.3637,281.6775,257.4485,255.0849,255.1308,245.6105,246.0858,247.1376,273.5953,247.8950,256.7334,252.6131,253.2612,253.4859,261.1900,245.5080,247.3522,247.3365,245.0737,265.7868,245.3974,248.0612,246.3889,261.3296,262.1852,287.9140,287.9141,283.4504,247.3475,257.6384,242.8447,252.8123,249.6295,249.9457,249.2618,257.6826,0.0000,256.4640,247.2499,266.7826,267.2336,249.3554,248.8216,280.6684,255.0130,252.1665,264.6278,255.2070,253.6449,255.5237,284.1483,259.0069,270.1088,292.1631,307.7913,283.9122,274.8718,246.6628,268.2152,267.8495,265.2227,264.6685,263.1451,249.9302,255.0575,254.8505,281.2767,290.7826,253.3220,267.2627,269.1723,269.2571,268.0382,265.7868,269.1222,268.0901,269.3072,269.2797,269.0602,264.6442,252.0840,245.7132,249.2639,0.0000,249.9101,252.5312,249.9100,247.9573,248.2998,250.0933,251.0422,252.6254,283.5204,247.4828,251.9051,253.0872,252.0443,248.2377,254.0417,264.2093,248.8169,248.2380,255.3068,260.4177,279.4109,280.0207,286.0678,257.6826,266.5555,257.6826,261.0160,263.0186,248.9744,253.6028
43.0000,283.7887,247.7540,248.1107,248.4284,242.6429,256.5839,254.9210,279.4015,253.2839,283.0004,270.1756,280.7393,251.3651,258.6331,247.8938,247.4276,252.1978,251.9116,253.8408,244.8085,251.4655,248.5206,249.4180,250.0502,259.7866,263.0447,263.6592,262.4696,282.6803,247.4695,248.1928,248.4057,284.7135,283.4879,280.8030,274.9588,252.6497,270.2831,252.8629,284.5333,299.3221,270.2899,271.1246,300.6546,287.5218,260.2671,268.2846,267.4764,245.0901,269.8551,267.0157,270.2910,271.3440,264.1959,274.4542,271.8819,250.5682,269.1754,253.9333,261.4760,263.0298,263.4515,267.7737,268.1447,261.6193,262.9583,263.2726,269.4214,264.7492,265.5888,274.3309,267.8653,265.6543,263.0675,258.8236,243.5028,249.2170,283.0834,280.1166,267.8157,248.9297,252.4184,252.7342,252.8839,253.6118,254.0811,254.4518,254.0023,253.5267,279.7200,252.7744,252.5186,252.0135,248.1372,246.2696,271.7768,273.1072,262.3982,0.0000,269.4328,273.9985,253.4936,250.6363,280.9242,253.9265,253.7943,256.6887,261.7862,262.2839,248.7081,253.5844,272.9786,279.7757,254.9011,255.4055,251.5351,259.1975,277.6555,251.1060,271.5466,266.3570,253.4034,254.1630,246.3723,258.3960,256.3349,282.6432,258.0166,255.7715,255.8177,245.9353,247.0333,259.7993,276.2631,248.5982,257.5551,253.3934,254.0182,254.2339,261.9479,251.4495,253.3765,248.3629,246.0907,266.3123,246.4099,248.9780,247.3375,261.8854,262.7086,289.2165,289.2166,284.9560,248.0197,258.3194,243.9565,253.0905,250.1964,250.7533,250.1415,258.2476,0.0000,257.3489,248.3983,266.9892,267.4556,250.2311,249.7249,281.6821,255.6881,252.8546,264.8493,255.2070,254.4775,255.5351,282.6225,260.8607,288.7720,308.8249,308.1252,285.0080,277.2895,247.5242,268.4042,268.0569,265.6060,264.1751,263.5221,255.4530,261.9803,263.0309,300.1558,307.7230,260.8591,267.8027,269.6814,269.7681,268.5488,266.3123,269.6315,268.6230,269.8630,269.7913,269.5603,265.1749,252.7744,246.2739,250.1437,0.0000,250.5603,253.3078,250.5602,248.9164,249.2218,250.8334,251.4630,253.3577,284.5902,248.1947,252.7768,253.9023,252.9070,248.9247,254.9806,264.3698,249.4880,248.9249,262.2615,260.6341,280.5482,281.1443,287.1208,258.2476,267.0948,258.2476,261.5372,263.5345,249.6330,254.2854
44.0000,281.4592,246.3833,246.7232,246.9690,241.2679,255.4528,253.7106,278.4689,251.6516,281.2028,268.5876,278.8807,249.5783,258.9356,246.3637,245.8202,250.7861,250.4977,252.3337,243.1672,250.5171,248.6295,249.2602,248.8137,258.6294,261.5990,262.1617,262.3283,280.6223,246.1147,246.6422,246.8449,282.5526,281.0889,278.6688,273.2343,251.0527,269.0493,251.4016,282.1559,295.9743,268.7928,269.5630,297.2191,285.2784,257.8921,266.4530,265.6964,243.5979,268.0035,265.2874,267.2903,269.2598,262.2433,271.6461,268.7710,249.2310,267.0756,251.6074,259.7332,261.1770,261.6018,265.7691,266.0979,259.5807,261.0324,261.3228,267.4569,262.7711,263.5161,272.2807,265.8644,263.6222,261.2140,256.8283,242.3849,247.8731,280.9944,278.2212,266.8139,246.5095,250.9976,251.1351,251.2704,251.9424,252.3827,252.8147,252.3730,251.8665,278.3198,251.2227,251.0251,250.5044,246.6958,244.9435,270.3566,271.8133,262.5087,0.0000,267.8218,272.2893,251.9834,249.3621,278.5759,252.3683,252.2301,254.9884,259.9398,260.4408,247.1944,252.0109,270.9511,277.8772,253.3155,254.3291,251.1841,257.7860,275.3945,249.4490,268.4636,264.4780,251.8495,252.6010,245.0993,256.1089,255.8440,280.8359,256.2518,253.4860,253.5317,244.7474,245.5368,258.6420,274.9300,247.0293,257.0797,251.7969,252.4067,252.6092,259.4780,250.2891,252.2380,246.9171,244.6578,264.4380,245.0412,247.4743,245.8390,260.0161,260.7942,287.0194,287.0194,283.1193,246.5164,256.5350,242.5804,251.1142,248.4653,249.2378,248.4822,256.4822,0.0000,255.7972,246.9341,265.2414,265.5715,248.5655,248.0540,279.8171,254.0225,251.2992,263.9546,255.2070,252.9560,255.4888,280.9387,260.9170,285.9844,304.4904,304.5867,282.8446,275.9396,245.9312,266.3545,266.0593,263.6733,263.6349,261.4871,254.2665,260.6432,261.5883,296.4998,303.4720,259.7165,265.9542,267.8270,267.9118,266.6617,264.4380,267.7773,266.6765,267.8943,267.9352,267.7053,263.3239,251.2227,244.9477,248.4842,0.0000,249.2473,251.6754,249.2472,247.4464,247.7321,249.3361,250.0667,251.8917,282.4547,246.6441,251.3275,252.3482,251.4614,247.7050,254.1595,262.4269,248.0038,247.7051,261.1517,258.7981,278.6098,279.1644,284.8901,256.4822,265.2439,256.4822,259.7632,261.5798,248.0336,251.9800
45.0000,276.5548,243.8608,244.1704,244.5098,238.9550,252.7254,251.0844,276.1771,248.8433,277.0611,264.8646,274.7596,246.7091,255.8698,244.4364,243.7511,248.9454,248.3720,251.6402,240.6650,248.2939,246.8243,247.3349,246.6519,255.7472,258.5487,259.0741,259.1333,275.2060,243.6165,243.9949,244.1613,275.7161,276.1242,274.0263,269.2582,248.2657,265.5489,248.7279,277.1867,289.7001,265.1837,265.8198,290.8270,278.3265,256.0932,266.9230,266.1956,241.8836,267.8232,265.1696,264.7893,269.1126,262.3489,269.9540,266.1411,247.0315,266.8795,249.8499,259.3986,261.7320,262.1541,265.7194,266.0239,259.4645,261.2130,261.4700,267.9133,263.2029,263.8648,272.0980,266.1030,263.4929,261.7685,255.4564,240.1291,245.6388,275.5282,273.5349,263.4818,242.9697,248.8206,248.3437,248.4716,249.1166,249.5363,249.9611,249.5494,249.0416,275.0927,248.6681,248.4001,247.9193,244.3637,242.6370,266.8378,268.3921,259.3856,0.0000,264.1208,268.2913,249.2584,247.1386,273.7516,251.7158,251.5376,255.5823,260.4767,261.0186,244.7582,249.4097,270.7948,273.1457,250.6902,251.7135,249.1307,255.0826,270.8174,246.7410,265.8909,264.9989,249.1263,249.8366,242.6802,254.4024,252.9110,276.6974,257.4231,251.7746,251.8200,242.4827,243.9279,255.7590,271.6102,244.3553,253.9678,248.9978,249.6058,249.8010,257.5740,247.5195,249.5040,245.6001,244.6277,264.9643,242.5939,245.9402,244.2283,260.2500,260.9912,283.1253,283.1253,279.5125,243.9052,253.7338,241.4214,248.2935,246.1921,246.7674,245.8084,257.6528,0.0000,255.0554,244.4680,265.1260,265.4306,245.8831,245.3554,275.3670,251.3724,248.7390,263.9379,255.2070,252.2537,255.4880,279.0275,257.7713,280.5360,299.0828,298.9802,276.1724,272.6497,243.8086,266.2299,265.9520,263.8887,262.9790,261.4729,251.6338,257.7435,258.5425,289.9907,297.9191,256.8304,266.4477,268.2986,268.3849,267.2362,264.9643,268.2493,267.1432,268.3468,268.4074,268.1865,263.8539,248.6681,242.6412,245.8101,0.0000,247.8548,248.8664,247.8548,245.8535,245.9953,246.8329,247.8926,250.9480,276.5545,243.9969,250.6880,251.6995,250.8125,246.3902,251.3432,262.2343,245.9980,246.3902,258.1321,258.6608,273.7079,274.0881,277.9830,257.6528,265.7435,257.6528,260.9230,261.7600,245.3681,250.2462
46.0000,269.1961,236.8893,237.1535,238.1302,233.0467,248.3246,246.7129,267.5826,241.7794,268.2444,256.9799,266.1075,239.8129,248.7387,237.7116,237.0317,241.9334,241.3192,245.0307,233.8490,242.5389,241.1950,241.6310,240.5072,250.9933,253.9244,254.4437,252.0254,266.4348,236.6692,237.1714,237.3151,266.8498,268.7189,266.9083,261.0359,241.2082,259.2844,241.6782,269.7671,281.0602,257.5108,257.9412,282.0769,269.2970,248.8132,260.2913,259.6260,235.4018,263.7830,261.8412,256.9488,263.1867,255.6407,263.1233,258.2002,239.9619,262.3802,242.7154,252.4507,255.1979,255.6095,260.9502,261.2596,253.3246,254.6847,254.8817,261.1440,256.5153,257.0809,266.7327,259.4235,256.6041,255.2334,248.6058,233.2005,238.5520,266.7189,264.9453,256.9641,237.1195,241.7328,241.2812,241.4048,242.0282,242.4147,242.8110,242.4302,241.9432,266.7758,241.5716,241.3686,240.9403,237.5096,235.7638,259.2661,260.8891,252.2306,0.0000,256.2415,260.1266,242.1570,240.9389,266.7060,245.1200,244.9331,249.0257,253.9324,254.4809,237.8833,242.2628,265.4613,264.5809,243.4553,247.1977,243.7528,247.8170,264.4079,239.9619,258.0139,258.3714,242.0374,242.7024,235.7209,247.2881,245.7824,267.9068,250.8836,244.7039,244.7480,235.4745,237.3843,250.9994,263.7432,237.5081,246.7040,241.9033,242.4815,242.6609,250.1957,245.6165,246.6604,239.0216,238.1105,258.3445,236.3734,239.3369,237.6769,253.7048,254.4595,274.0951,274.0952,270.7897,237.0518,246.2288,235.2039,240.9401,239.2071,239.8869,239.1117,251.1053,0.0000,248.2008,238.0830,261.7602,261.6935,239.1743,238.6945,266.6655,244.0575,241.6370,262.4008,255.2070,245.6081,255.4081,277.4054,250.6459,273.1200,290.5840,288.1486,267.2897,264.6559,237.0686,261.6983,261.4722,258.2556,262.4457,254.9636,247.1932,253.1641,253.9196,282.3564,289.5270,252.0575,259.7588,261.6145,261.6986,260.5797,258.3445,261.5666,260.4040,261.5666,261.7206,261.4897,257.2708,241.5716,235.7678,239.1134,0.0000,241.0649,241.8007,241.0649,239.2151,239.3151,239.8738,240.8046,244.2373,267.6777,237.1734,244.1533,245.1072,244.2631,239.6824,244.2630,255.3272,239.1433,239.6824,252.8382,257.1482,265.0883,265.4253,268.9769,251.1053,259.0736,251.1053,254.2625,255.2302,238.4595,243.1278
47.0000,267.6288,236.7583,237.0035,237.9580,233.1428,247.8613,246.5470,266.1625,241.3449,266.8848,255.9747,265.0232,239.5572,247.3007,237.2346,236.4878,241.5716,241.0629,244.6156,233.5692,241.6173,238.8752,239.6644,239.9445,250.4426,253.7183,254.2651,250.7460,264.9080,236.5553,237.0315,237.1986,265.1597,267.2920,265.4977,259.9252,240.7434,258.3243,241.1444,268.1590,278.6329,256.4719,256.8957,279.5755,267.4931,247.8420,259.9029,259.2604,234.8851,263.5784,261.6713,255.4720,263.0922,255.1758,262.0571,256.6152,239.8353,261.9938,241.7531,251.7855,254.7637,255.1781,260.6036,260.9120,253.3246,254.2338,254.4349,260.7878,256.0363,256.5652,266.4624,259.0502,256.0452,254.8001,247.9649,233.3006,238.4030,265.1612,263.6109,255.9596,238.6310,241.4532,240.8143,240.9572,241.5975,241.9754,242.3173,241.9488,241.4982,265.4663,241.0804,240.8688,240.5635,237.2512,235.6360,258.2585,259.7876,250.9814,0.0000,255.2760,259.0273,241.5801,240.4634,265.3740,244.6653,244.4942,248.5855,253.5008,254.0455,237.5822,241.7406,265.1634,263.2402,242.8487,246.8849,241.9296,247.4464,263.2550,239.8180,256.4547,257.9556,241.5266,242.1321,235.6806,246.3891,244.6998,266.5911,250.4480,243.7925,243.8365,235.4663,236.2348,250.4486,262.5425,237.3483,245.4113,241.4146,241.9815,242.1490,249.1563,245.7321,246.5659,238.4573,237.5483,257.9316,236.3354,238.6215,236.9986,253.2713,254.0081,272.4519,272.4519,269.2809,236.9183,245.3340,234.5263,240.3178,238.6324,239.5743,239.0379,250.6690,0.0000,247.7648,237.9188,261.5877,261.4782,239.0892,238.6697,265.3297,243.3340,241.1416,262.4565,255.2070,245.1931,255.4110,276.1075,249.2905,271.4385,287.8776,285.3520,265.5902,263.4229,236.5610,261.3440,261.1473,257.8670,261.9946,254.6223,246.9599,252.9627,253.7148,280.1142,286.8706,251.5021,259.3197,261.2154,261.2992,260.1848,257.9316,261.1673,260.0065,261.2128,261.3216,261.0928,256.8482,241.0804,235.6400,239.0396,0.0000,240.7582,241.3646,240.7582,238.6555,238.7875,239.5231,240.6128,243.8255,266.0562,237.0337,243.7959,244.6542,243.8763,239.4340,243.4007,254.7355,238.7536,239.4338,252.1482,257.1482,263.7004,263.9940,267.1897,250.6690,258.6193,250.6690,253.8161,254.7835,238.2325,242.1857
48.0000,265.9245,235.1211,235.3279,236.8627,232.4336,247.3736,246.1276,263.8101,239.8496,264.3862,254.0536,262.6239,237.9980,246.5030,236.7211,235.9637,240.7088,240.0115,243.8324,232.0023,240.9197,238.3244,239.0488,239.1754,249.8273,253.0244,253.5466,249.7059,262.4675,234.9343,235.5136,235.6407,262.6354,265.5863,263.9222,257.8009,239.2647,257.2000,239.7656,266.4225,276.2501,254.6530,254.9524,277.1344,264.8668,247.0179,259.2378,258.5909,234.6415,263.1915,261.3389,254.2338,262.9096,254.4975,261.0284,255.2879,238.5317,261.4745,240.9133,250.8974,254.0976,254.5125,260.0819,260.3819,253.3246,253.5809,253.7932,260.0755,255.4118,255.9696,266.0105,258.7323,255.2420,254.1337,247.3864,231.6196,237.0197,262.6998,261.2778,254.7873,237.0325,240.4184,239.3322,239.4599,240.0802,240.4360,240.7879,240.4388,239.9770,263.2764,239.6265,239.4956,239.1750,235.8803,234.1566,256.5180,258.0629,249.9345,0.0000,253.3570,256.9382,240.1498,239.6359,263.7523,243.8796,243.6926,247.8630,252.8338,253.3770,236.6374,240.2572,264.6753,260.9201,241.3512,246.4628,241.4364,246.1669,261.7763,238.4120,255.1384,257.2727,240.0828,240.6699,234.0249,245.6152,243.6326,264.1084,249.7635,243.0015,243.0454,233.8862,235.8427,249.8310,260.6044,235.8147,244.3162,239.9253,240.4844,240.6421,248.2958,245.8561,246.4644,238.0247,238.0266,257.2448,235.2678,238.0198,236.5510,252.6091,253.3518,269.7764,269.7764,266.8171,235.3755,243.6512,234.8556,239.1979,237.9209,238.2566,237.6561,249.9852,0.0000,246.4799,236.8159,261.2569,261.1230,237.7011,237.2744,262.9048,241.7732,239.6837,262.2603,255.2070,244.3511,255.4008,275.0935,248.3557,269.6168,285.6961,281.7984,263.0616,261.4125,235.9747,260.8422,260.6614,257.2757,261.6574,254.1585,246.5226,252.3961,253.0250,278.0873,284.6988,250.9194,258.6940,260.5357,260.6184,259.4843,257.2448,260.4879,259.2873,260.5001,260.6398,260.4290,256.1787,239.6265,234.1606,237.6577,0.0000,240.1212,239.8688,240.1213,238.0071,238.0398,238.1212,239.3992,243.0840,263.5479,235.5158,243.0776,243.8691,243.1244,238.9364,242.2326,253.9061,238.0273,238.9365,251.3617,257.1482,261.3483,261.6175,264.5790,249.9852,258.0119,249.9852,253.1422,254.1276,236.7254,241.3634
