"ETAPA \ BARRA","AGUAYTIA 220","BALNEARIO 220","BALNEARIOS 60 A","CALLAHUANCA 220","CALLAHUANCA 60","CARHUAMAYO 220","CARHUAMAYO NUEVA 138","CARHUAQUERO 220","CHAVARRIA 220 A","CHICLAYO OESTE 220","CHIMBOTE 220","GUADALUPE 220","HUACHIPA 60","HUACHO 220","HUANCAVELICA 220","HUAYUCACHI 220","ICA 220","INDEPENDENCIA 220","MARCONA220","MOYOPAMPA 60","OROYA NUEVA 220","OROYA NUEVA 138","OROYA NUEVA 50","PACHACHACA 220","PARAGSHA2 220","PARAGSHA 138","PARAGSHA 50","PARAMONGA NUEVA 220","PIURA OESTE 220","SAN JUAN 220","SANTA ROSA 220 A","SANTA ROSA EDS 60","TALARA 220","TINGO MARIA 138","TINGO MARIA 220","TRUJILLO 220","VENTANILLA 220","VIZCARRA 220","ZAPALLAL 220","AGUAYTIA 138","PUCALLPA 138","HUALLANCA 138","CHIMBOTE 138","PUCALLPA 60","ZORRITOS 220","ABANCAY NUEVA 138","ARICOTA138","ARICOTA II 66","CAMPO ARMINO 220","AYAVIRI138","AZANGARO 138","CACHIMAYO 138","CALLALLI 138","CERRO VERDE 138","COMBAPATA 138","DOLORESPATA 138","DESIERTO220","JULIACA 138","MACHUPICCHU 138","MOLLENDO 138","MOQUEGUA 220","MOQUEGUA 138","PUNO 220","PUNO 138","SANTUARIO 138","SOCABAYA 220","SOCABAYA 138","ILO 138","LOS HEROES 220 A","LOS HEROES 66","TINTAYA 138","TOMASIRI 66","REPARTICION 138","ILO2 220","COTARUSE 220","CHILCA REP 220","CANTERA 220","PIURA OESTE 60","LA NINA 220","CONOCOCHA 220","HUINCO 220","INDEPENDENCIA 60","CHILLON 220","CHILLON 60","CHAVARRIA 60 A","CHAVARRIA 60 B","BARSI 60","BARSI 220","OQUENDO 60","CAJAMARCA 220","PLANICIE 220 A","CARABAYLLO 220","CARABAYLLO 500","CHILCA CTM 500","CHILCA CTM 220 A","KIMAN AYLLU 138","KIMAN AYLLU 220","PARAMONGA EXISTENTE 138","MACHALA 200","CHIMBOTE 500","TRUJILLO 500","HUARANGAL 60","POMACOCHA 220","PIEDRA BLANCA 138","POROMA 220","POROMA500","OCONA 500","MONTALVO 500","MONTALVO 220","HUANZA 220","INDUSTRIALES 220 A","TINTAYA 220","LA NINA 500","INDUSTRIALES 60","CARHUAMAYO 50","CARIPA138","HUAMPANI 60","HUANUCO 138","REFINERIA ZINC 220","QUENCORO 138","ILO 3 220","MIRADOR 220","MIRADOR 60","ALTO PRADERA 220","ABANCAY NUEVA 220","LOMERA 220","REQUE 220","SAN JOSE 500","SANTA TERESA 220","SURIRAY 220","ASIA 220","CERRO DEL AGUILA 220","CHAGLLA 220","RAMADA 220","SANTA ROSA LDS 60","LOMERA 60","ZAPALLAL 60","MALVINAS 220","MALVINAS 60","ABANCAY 138","YAUPI 138","SANTA ISABEL 220","YANANGO 220","CHIMAY 220","ILO3 138","MATUCANA 220","COLCABAMBA 500","COLCABAMBA 220","YARABAMBA 500","YARABAMBA 220","BELAUNDE 220","BELAUNDE 138","CACLIC 220","INDUSTRIALES 220B","PLANICIE60","COBRIZAI 69","MOLLEPATA 60","MOLLEPATA220","CARAPONGO 500","CARAPONGO 220 A","SAN JOSE 220","MARCONA 60 A","SAN NICOLAS 60","CALLAHUANCA EDN 220","PUMIRI138","PUMIRI220","SAN MIGUEL 220","SAN MIGUEL 60","FELAM 220","MANCHAY 60","MANCHAY 220","SAN RAFAEL 138","SAN GABAN 138","MARCONA 60 B","ANGEL 138","PTO MALDONADO 138","MEDIO MUNDO 220","AUCAYACU 138","BELLAVISTA 138","TARAPOTO 138","PARINAS 220","PAMPA HONDA 220","ORCOTUNA 220","SAN ROMAN 138","SAN ROMAN 220","CHILOTA 220","MAZUCO 138","JESUS 138","CARHUAMAYO 138","CINCO MANANTIALES 138","OXIDOS CERRO 138","TOCACHE 138","JUANJUI 138","FRANCOISE 220","BOTIFLACA 138","MILL SITE 138","PLAZA TOQUEPALA 138","QUEBRADA HONDA 138","PANAMERICANA SOLAR 138","TOQUEPALA 138","ILO ELS 138","REFINERIA 138","LIXIVIACION 138","PUSHBACK 138","INTIPAMPA 138","PLANICIE 220 B","CHILCA CTM 220 B","CARAPONGO 220 B","CHILCA 1 220","DERIVACION 220","CHAVARRIA 220 B","DERIVACION 220  BARRA II","CAMPAS 220","CAMPAS 500","PLANICIE 500","NUEVA CHINCHA 220","CAHUACHI 220","VALLE DEL CHIRA 220","SANTA ROSA 220 B","ERSUR 220","FLAMENCO220","BARRA3HERMANAS","BARRAPTALOMITAS","PUERTO CHANCAY 220","CHAPARRAL 138","CHIRIBAMBA 220","BARRAPTALOMITAS2","YSHCAYUCRO 220","PAQUILLUSI 220","MIGUEL GRAU 500","MIGUEL GRAU 220","ALIPIO ROSALES 220","SUNNY","CUAJONE 138","SAN MARTIN 220","SAN LUIS 220","CERRO VERDE 220","PORTILLO 60","SURIRAY138"
1.0000,274.4302,246.4712,246.6874,247.6652,242.9295,254.0768,252.0825,276.6401,251.4594,278.9821,266.3630,277.2832,249.6878,257.4041,247.7295,246.0681,255.0009,253.9939,256.6020,242.7711,250.7354,249.7116,250.0714,249.2993,255.4369,257.7035,258.2197,260.3411,278.3782,246.2671,246.7991,246.9861,280.0240,272.8730,272.1215,271.1442,250.8502,265.0913,251.3116,275.0098,286.4713,265.6790,267.0967,287.5031,282.4957,257.6173,270.8724,270.1527,244.5240,270.8434,267.8734,264.4789,275.6438,266.7682,271.2183,265.5132,251.9705,269.2311,251.3985,266.0872,265.6706,266.0945,268.4729,268.6385,267.3762,265.4040,265.8727,271.9702,267.0524,267.6489,275.8866,269.4996,268.2299,265.7052,258.0787,242.9676,245.3849,278.7536,275.8426,263.5040,246.8298,254.3836,250.9260,251.0777,251.7303,252.1397,252.5031,252.1242,251.6441,275.8899,251.4379,251.0332,250.6693,247.2157,245.4748,267.3979,268.3855,260.6344,0.0000,265.6951,270.2073,251.8119,249.7058,270.4290,255.8333,255.5327,259.5305,264.4398,264.9636,247.3337,252.2453,274.4259,275.5894,253.7933,252.5495,251.9670,258.4204,267.3408,249.6530,265.3501,268.9813,251.7189,252.3283,245.4592,256.1552,254.8845,278.7146,261.3352,253.4817,253.5267,244.2313,246.3328,248.8658,271.9850,247.1499,255.8053,251.5884,252.1797,252.3798,258.8816,252.7125,253.2669,248.4029,247.4611,268.9540,246.1760,248.8072,246.9684,264.2876,265.1689,285.4576,287.0895,281.0193,246.6723,255.6932,244.8267,250.3574,248.9795,249.5814,248.7862,261.5611,0.0000,258.1995,247.6333,267.7924,267.9779,248.8739,248.3372,277.5610,253.7044,251.4999,266.9963,258.4352,257.0408,258.7429,279.2474,259.1221,277.5291,298.6294,299.4376,280.3175,273.1493,246.1631,268.7180,268.5804,267.2661,265.2491,266.9244,252.6113,257.8415,257.7301,287.8700,297.1123,256.4872,270.3883,272.2870,272.3794,271.2830,268.9540,272.2372,271.1827,272.4141,272.4013,272.1638,267.8077,251.4379,245.4791,248.7878,0.0000,255.0713,251.4811,255.0713,248.6675,248.8253,249.6261,253.3336,256.7964,280.1973,246.8012,256.4397,255.8328,256.5112,254.5767,253.5452,267.5720,250.2108,254.5767,257.9235,259.4608,276.3278,276.8957,282.1483,261.5611,269.6995,261.5611,268.0329,265.9615,248.1002,251.8623
2.0000,272.2539,244.7685,244.9484,246.2324,242.2449,252.7645,250.8612,274.0386,249.7131,276.2662,264.1424,274.6679,247.8458,255.5627,246.3702,245.1032,253.8546,252.7402,255.1268,240.9453,249.2657,248.1189,248.5335,247.8263,254.0272,256.3059,256.8063,258.4449,275.5977,244.5772,245.1086,245.2497,277.1761,270.7340,270.0246,268.7412,249.1167,263.2910,249.6429,272.8118,283.8383,263.4778,264.8758,284.8309,279.5756,256.0352,269.4779,268.7826,243.1625,270.0996,267.2901,262.7084,274.3506,265.3435,269.7434,263.7166,250.5590,268.3574,249.8247,264.6332,264.2522,264.6813,267.5218,267.6936,265.9512,263.9744,264.4260,270.5598,265.5927,266.1561,274.7876,268.1437,266.9003,264.2866,256.5957,241.3321,243.7254,275.9437,273.2097,261.6508,245.1958,253.2089,249.1902,249.3519,249.9647,250.3551,250.7337,250.3696,249.8858,273.4072,249.6752,249.3896,248.9909,245.5756,243.8378,265.1821,266.2043,258.7563,0.0000,263.4882,267.8318,250.1025,248.2124,268.3714,254.3405,254.0405,258.0724,263.0117,263.5401,247.4913,250.4576,273.3310,272.9638,251.9532,251.3530,250.2453,256.9515,265.4334,247.9841,263.5837,267.5621,250.0168,250.5978,243.7835,254.6059,253.1052,276.0147,259.8926,251.9331,251.9778,242.6011,244.9000,247.4924,269.6756,245.4460,253.9619,249.8508,250.4361,250.6298,257.2942,251.8602,252.2425,246.8629,245.9269,267.5345,244.8358,247.3169,245.5319,262.8563,263.7378,282.6575,284.2220,278.3642,244.9820,253.6864,243.6305,248.7635,247.5312,247.9289,247.1395,260.1161,0.0000,256.7049,246.2010,267.2033,267.3090,247.2182,246.6594,274.8771,251.8111,249.7340,266.7617,258.4352,255.5618,258.7307,278.6732,257.2465,275.2308,295.4943,296.1530,277.4662,270.7928,245.3647,267.8361,267.7086,266.0751,265.0392,265.4552,251.3654,256.5064,256.3343,285.3088,294.0567,255.0632,269.0121,270.8755,270.9665,269.8636,267.5345,270.8258,269.7554,271.0014,270.9886,270.7569,266.3949,249.6752,243.8420,247.1411,0.0000,253.8194,249.7345,253.8193,247.1187,247.2682,247.9453,251.9752,255.3668,277.3371,245.1108,254.9708,254.3400,255.0445,253.3284,251.8133,266.2042,248.8931,253.3284,256.3784,259.4608,273.6620,274.1958,279.2392,260.1161,268.3075,260.1161,266.5188,264.5333,246.3737,250.2948
3.0000,261.4323,235.6980,235.8440,237.3107,233.7244,243.4492,241.6753,263.2147,240.3985,265.2655,253.9827,263.8173,238.6543,245.9372,237.7637,236.5246,245.0964,243.9251,246.8164,231.8492,240.2286,239.1838,239.5688,238.8795,244.6153,246.8036,247.2756,248.6584,264.7154,235.5283,236.0386,236.1462,266.1633,260.0189,259.4020,258.2755,239.8297,253.2914,240.4106,261.9411,271.9893,253.2934,254.6668,272.8935,268.4046,247.6859,261.7314,261.0861,234.6931,266.1791,264.2508,254.3851,268.9626,257.8454,262.7903,255.4614,241.7169,263.9466,241.6794,256.9886,256.6481,257.0669,262.6303,262.8534,260.7961,256.5138,256.9969,262.6980,257.8544,258.3421,269.2813,260.2152,259.1646,256.6824,248.4266,232.4794,234.7499,265.0422,262.4431,251.7113,236.1924,244.3939,239.8977,240.0507,240.6223,240.9794,241.3463,241.0170,240.5435,262.6662,240.4634,240.1938,239.8311,236.6378,234.9381,254.9547,255.9130,248.9526,0.0000,253.3632,257.4242,240.8377,239.2313,257.8077,246.0715,245.7684,250.1851,255.3831,255.9165,238.8724,241.1904,267.8006,262.2238,242.6153,242.1717,241.1504,247.5639,255.1016,238.8492,255.4260,259.8482,240.7358,241.2682,234.7840,246.4149,243.6252,265.0378,252.1734,243.8226,243.8659,233.6779,236.3798,238.3227,259.1561,236.3495,244.3524,240.5341,241.0936,241.2771,248.8938,242.5757,242.9453,238.0611,237.1585,259.8248,236.0443,238.7190,236.9897,255.2585,256.2534,271.2737,272.7295,267.2725,235.9171,244.0953,235.3378,239.8293,238.7962,238.8540,238.0648,252.3911,0.0000,248.3245,237.2794,264.1400,263.8989,238.1357,237.6075,264.0000,242.4116,240.5166,265.2547,258.4352,247.2345,258.6523,277.7480,247.5262,264.2458,283.1347,283.7415,266.4427,260.2038,236.7835,263.3422,263.2521,259.8058,264.7298,258.7366,242.1597,247.0545,246.8328,273.6521,281.7904,245.6406,261.2591,263.0824,263.1702,262.0837,259.8248,263.0342,261.9358,263.1073,263.1919,262.9651,258.7311,240.4634,234.9421,238.0662,0.0000,245.2125,240.4186,245.2125,238.3158,238.4539,238.8479,243.1340,246.9503,266.3655,236.0407,246.6878,246.0710,246.7461,244.7359,242.4373,258.4965,240.2040,244.7359,246.8045,259.4608,262.8831,263.3909,268.0918,252.3911,260.5737,252.3911,258.6267,257.0538,237.2141,242.1435
4.0000,272.6377,242.0355,242.1821,243.8277,240.1621,254.3375,252.5317,271.5871,246.7849,273.3058,261.4741,271.7763,244.8115,253.5070,243.8629,242.6067,251.3102,250.2446,252.2636,238.1013,248.0717,246.2166,246.7582,246.0450,256.8150,259.6128,260.2029,256.8422,272.5990,241.8662,242.3463,242.4704,274.0815,271.3110,270.5573,265.9378,246.2035,264.1239,246.8328,273.1586,283.4440,261.7295,262.2527,284.3696,276.3771,253.0812,265.9627,265.2705,240.6829,268.3069,265.9506,259.5786,270.3473,261.8655,266.8318,260.5390,248.0487,266.4317,246.9220,260.9964,261.0619,261.4721,265.3983,265.5937,260.7961,260.6884,260.9975,267.1937,262.3404,262.8899,272.2052,264.7793,263.2170,261.0967,253.7682,238.6632,240.9826,272.9344,270.2876,261.7565,242.5581,250.7785,246.2723,246.4097,247.0099,247.3705,247.7500,247.4128,246.9188,271.2318,246.7708,246.5857,246.2269,242.8381,241.1281,263.7547,264.9459,257.1411,0.0000,260.7755,265.0423,247.2171,246.4733,269.3612,251.4458,251.1501,255.0520,259.8379,260.3649,245.1658,247.5053,270.8003,270.0472,248.9317,252.7884,249.2755,254.4314,267.2521,245.2212,260.4460,264.2316,247.1264,247.6629,241.0736,251.7072,250.7005,273.0653,256.8158,249.0517,249.0960,239.8975,242.1875,256.8242,268.0119,242.6570,251.5231,246.9105,247.4899,247.6730,254.3150,252.6363,253.3292,244.3992,243.6073,264.2032,242.2897,244.6269,242.9192,259.6600,260.4639,280.0527,281.4410,275.9517,242.2321,250.3970,241.3793,245.9368,244.9039,245.1921,244.4189,257.0401,0.0000,253.7714,243.7827,265.8534,265.7831,244.4834,243.9381,271.9470,248.7121,246.8237,266.0940,258.4352,252.6862,258.6960,277.4080,255.4358,275.3548,293.1014,293.1475,274.3705,268.9860,242.8944,265.8817,265.7585,263.4101,264.6122,261.3996,252.9898,259.0184,259.6168,284.2706,291.8757,257.8892,265.6154,267.3386,267.4342,266.4298,264.2032,267.2911,266.3933,267.6138,267.4547,267.1257,263.0954,246.7708,241.1322,244.4204,0.0000,251.1825,246.8053,251.1824,244.5525,244.6424,245.1586,249.4736,252.5807,274.2946,242.3485,252.1296,251.4453,252.1958,250.6928,249.2770,262.5352,246.3903,250.6929,258.3440,259.4608,270.7243,271.2375,276.0571,257.0401,264.9187,257.0401,263.4683,261.2437,243.5787,247.3965
5.0000,253.1439,228.6481,228.7690,230.3136,227.0928,236.2545,234.5527,255.0951,233.1373,257.0283,246.2007,255.6778,231.2556,238.4491,231.0892,229.7857,238.3113,237.1170,240.3336,224.9105,233.2265,232.2910,232.6457,231.9258,237.3596,239.5030,239.9608,241.0812,256.5823,228.4949,228.9795,229.0617,257.9595,251.8126,251.2680,250.3217,232.5866,245.6351,233.2105,253.6141,262.8948,245.5420,246.8329,263.7298,260.1033,241.2700,255.3483,254.6838,228.1048,263.2997,261.9749,247.9675,264.6571,252.0692,257.3642,249.0743,234.8324,260.5728,235.4104,251.0835,250.6985,251.0896,258.8566,259.1165,256.4888,250.7305,251.2337,256.6028,251.8971,252.4262,265.0815,254.1839,253.3633,250.7323,242.1623,225.6086,227.7884,256.9063,254.3541,244.0929,229.1703,237.6212,232.6500,232.7899,233.3448,233.6787,234.0442,233.7283,233.2604,254.5930,233.3097,233.0242,232.7029,229.6881,228.0233,247.2015,248.1079,241.3453,0.0000,245.6118,249.5095,233.5822,232.2625,249.7213,239.6316,239.3273,244.0448,249.4353,249.9625,231.9033,233.9956,263.5934,254.1493,235.3621,235.0274,234.1364,240.4311,247.2022,231.7282,249.0982,253.7247,233.5074,234.0164,227.7984,240.1216,236.2591,256.8162,246.1637,237.5871,237.6292,226.7549,229.7427,231.2536,251.2458,229.2711,236.9519,233.2584,233.8098,233.9659,242.4398,235.3789,235.7541,231.2065,230.3298,253.6974,229.0041,232.0151,230.3355,249.3611,250.4510,262.6433,264.0197,258.8982,228.8642,236.7220,228.8807,232.9559,232.0477,231.7894,230.9873,246.3778,0.0000,241.7815,230.2810,261.8419,261.3133,231.0453,230.4886,255.8448,235.1557,233.3582,264.0890,258.4352,240.7376,258.5914,276.9781,239.9849,255.7619,273.5895,274.1109,258.2336,252.2514,230.0131,259.8918,259.8305,254.9164,264.4670,253.4300,235.0246,239.7830,239.5312,264.5280,272.3044,238.3634,255.0182,256.6686,256.7596,255.8156,253.6974,256.6233,255.8190,257.0063,256.7786,256.4451,252.6334,233.3097,228.0272,230.9886,0.0000,238.5281,233.1565,238.5281,231.4589,231.5873,231.7710,236.2607,240.3925,258.1690,228.9817,240.1984,239.6312,240.2640,238.0612,235.1318,252.6632,233.4766,238.0612,239.4373,259.4608,254.7922,255.2909,259.8051,246.3778,254.3485,246.3778,252.5121,251.2645,230.1101,235.8718
6.0000,248.7634,224.9337,225.0537,226.5694,223.2381,232.4003,230.7344,250.5843,229.3394,252.5997,242.0854,251.3138,227.5039,234.5524,227.4810,226.1513,234.5640,233.3586,236.8692,221.2200,229.4838,228.6450,228.9636,228.2068,233.4705,235.5790,236.0245,237.1086,252.1371,224.7855,225.2574,225.3372,253.4685,247.4595,246.9491,246.0926,228.7981,241.5324,229.4272,249.2178,258.1828,241.3377,242.7034,258.9894,255.5611,237.7187,252.4475,251.8117,224.5638,261.4631,260.5339,244.4132,261.6382,248.8330,254.3019,245.5339,231.0774,258.6077,231.9593,247.8523,247.5661,247.9566,256.7107,256.9922,253.2424,247.5276,248.0033,253.4050,248.7308,249.2229,262.5238,251.0486,250.1354,247.5992,238.6995,221.9735,224.1017,252.4399,250.0393,240.0031,225.4628,233.8342,228.8601,228.9962,229.5440,229.8719,230.2185,229.9153,229.4597,250.0815,229.5474,229.2502,228.9415,226.0148,224.3670,242.9257,243.8098,237.3719,0.0000,241.5082,245.3030,229.7733,228.5329,245.4400,236.1991,235.8937,240.8027,246.2705,246.8168,228.1082,230.2130,261.0734,249.8203,231.5581,231.1900,230.4651,236.4575,243.0360,227.9741,245.5862,250.6482,229.7123,230.2143,224.1077,236.6379,232.4162,252.3979,243.0066,234.1416,234.1832,223.1158,226.1991,227.4646,246.8071,225.5401,233.1183,229.4562,229.9985,230.1527,238.8515,231.5235,231.9015,227.5675,226.7046,250.6322,225.2800,228.4527,226.7828,246.1564,247.2459,257.8424,259.1677,254.2314,225.1452,232.8821,225.3161,229.2986,228.4138,228.0585,227.2504,243.2134,0.0000,238.3158,226.5362,260.3827,259.6744,227.3063,226.7719,251.4694,231.3580,229.5943,263.5379,258.4352,237.2706,258.5625,276.6767,236.0454,251.2704,268.2353,268.8563,253.7363,247.7804,226.3563,257.8886,257.8376,252.2668,264.3532,250.1857,231.2001,235.8674,235.6065,259.6324,267.0202,234.4631,251.8835,253.7554,253.8396,252.8267,250.6322,253.7088,252.6643,253.7845,253.8610,253.6260,249.5608,229.5474,224.3709,227.2516,0.0000,234.8644,229.3580,234.8644,227.8214,227.9469,228.0369,232.4958,236.8452,253.6648,225.2596,236.7373,236.1986,236.8041,234.4022,231.3070,249.4343,229.8090,234.4022,235.4865,258.9908,250.4344,250.9056,255.2701,243.2134,251.2172,243.2134,249.1393,248.0521,226.3471,232.4176
7.0000,247.7197,224.5440,224.6600,226.2489,222.9480,231.4223,229.7818,249.9403,228.9609,251.9416,241.5413,250.6969,227.2312,233.9838,227.2362,225.9154,234.2194,232.9953,236.7106,220.9025,228.9458,228.0528,228.4104,227.8140,232.3390,234.3975,234.8389,236.4623,251.4688,224.3978,224.8842,224.9414,252.7917,246.4298,245.9284,245.5041,228.4181,240.5764,229.0489,248.1678,257.0069,240.6863,242.1494,257.8021,254.8827,237.5703,252.4058,251.7657,224.3733,261.4217,260.4757,244.2846,261.5927,248.8115,254.2068,245.4094,230.6572,258.5498,231.8208,247.8754,247.5355,247.9177,256.6620,256.9455,253.2099,247.4846,247.9646,253.3201,248.6964,249.1912,262.4751,250.9943,250.1679,247.5689,238.5575,221.6046,223.7109,251.7675,249.3902,239.1428,225.1262,233.4712,228.4797,228.6234,229.1678,229.4962,229.8314,229.5315,229.0853,249.4384,229.1994,228.8836,228.5853,225.6795,224.0187,242.2365,243.0900,236.7258,0.0000,240.9712,244.7207,229.3737,228.1206,244.3726,236.0567,235.7471,240.7577,246.2377,246.7866,227.7808,229.8620,261.0244,249.1767,231.2126,230.2574,229.6711,236.1185,241.8850,227.6265,245.4566,250.6084,229.3339,229.8289,223.7247,236.4941,231.9010,251.7463,243.0066,234.0015,234.0430,222.7242,226.0718,225.6072,246.1125,225.1651,232.4745,229.0717,229.6148,229.7670,238.6958,230.5538,230.9277,227.5227,227.0893,250.5970,225.0396,228.2965,226.6161,246.1070,247.2026,257.2002,258.5396,253.5880,224.7684,232.5326,225.2881,228.9243,228.1320,227.7280,226.9112,243.2204,0.0000,238.1521,226.2171,260.3252,259.6200,226.9698,226.4486,250.8208,231.0092,229.2459,263.2957,258.4352,237.1146,258.5498,276.5238,235.4320,250.2876,267.6343,268.1888,253.0591,247.0980,226.1069,257.8351,257.7859,252.2260,264.2959,250.1483,230.2459,234.7890,234.4282,258.8176,266.3798,233.3009,251.7659,253.7162,253.8030,252.8098,250.5970,253.6697,252.5931,253.6995,253.8232,253.5745,249.5219,229.1995,224.0225,226.9124,0.0000,234.5697,228.9793,234.5697,227.6923,227.7816,227.6882,232.0598,236.6399,252.9774,224.8863,236.5629,236.0563,236.6430,234.1041,230.8594,249.4639,229.5175,234.1041,234.4379,258.9366,249.7839,250.2509,254.5919,243.2204,251.0710,243.2204,249.3493,248.0096,226.0087,232.2785
8.0000,267.4585,237.5744,237.6782,239.9370,237.1041,250.6034,248.9052,266.0074,242.1436,267.6669,256.4089,266.2605,240.2760,248.8186,239.9104,238.6110,247.1740,246.0407,248.6658,233.6239,244.1517,242.3807,242.8955,242.0754,252.8976,255.6371,256.2102,252.1107,266.9760,237.4217,237.8759,237.9130,268.3867,266.2143,265.5276,260.6456,241.5738,259.5483,242.2644,267.9422,277.4837,256.6292,257.1835,278.3421,270.6138,249.5959,263.4387,262.7569,236.8715,267.0475,264.9386,256.0479,269.4735,259.3520,264.1524,257.0276,243.7255,264.8986,243.5125,258.1507,258.3359,258.7394,263.6923,263.9010,260.7961,258.0775,258.4935,264.3944,259.6074,260.1486,270.4246,262.0044,260.6875,258.3707,250.4177,234.3316,236.6000,267.2928,264.7722,257.1125,237.6323,246.5546,241.6387,241.7716,242.3542,242.6948,243.0589,242.7411,242.2594,265.6948,242.2250,242.0472,241.7331,238.4990,236.7943,258.6219,259.8192,252.4188,0.0000,255.7124,259.7878,242.5851,242.4461,264.4266,247.9084,247.6076,251.9573,257.0714,257.6094,240.7920,242.9196,268.9683,264.5478,244.2823,249.1634,245.3703,250.2224,262.5898,240.7382,256.9702,261.5457,242.5248,243.0360,236.6557,248.3022,246.0203,267.4460,253.9211,245.6742,245.7178,235.5340,238.3641,252.9034,262.6338,238.1702,246.6589,242.2568,242.8256,242.9837,250.8010,249.6767,250.0726,240.2812,239.4418,261.5286,239.0031,240.7128,239.0522,256.9090,257.8285,273.9999,275.2850,270.1309,237.7680,245.6136,237.7287,241.7980,240.8899,240.7681,239.9831,254.1460,0.0000,250.1174,239.8929,264.8305,264.6372,240.0441,239.4893,266.3817,244.0395,242.2736,265.4330,258.4352,249.0818,258.6616,276.4268,250.7192,269.9845,286.4837,286.3406,268.6712,263.5457,238.8444,264.3168,264.2167,261.1864,264.2783,259.7210,249.3339,255.1621,255.6420,278.2619,285.3447,253.9515,262.8260,264.8118,264.9019,263.8067,261.5286,264.7631,263.6159,264.7904,264.9237,264.6717,260.4193,242.2250,236.7983,239.9844,0.0000,247.1981,242.1629,247.1981,240.4290,240.4964,240.7061,245.1854,248.8507,268.5860,237.8782,248.5064,247.9079,248.5947,246.7036,244.6646,259.9084,242.3386,246.7036,254.2027,259.4608,265.1918,265.6804,270.3040,254.1460,262.1354,254.1460,260.5894,258.6329,239.1232,243.9890
9.0000,269.7361,239.1001,239.2124,241.4306,237.9090,252.5640,250.8492,268.3440,244.1260,270.0581,258.5513,268.6133,242.3388,250.9075,242.0800,240.8718,249.0268,247.8802,250.5698,235.2883,245.9954,244.2086,244.7092,243.8926,254.8931,257.6382,258.2123,254.2300,269.3556,238.9438,239.6379,239.6848,270.7721,268.4960,267.7861,262.8818,243.5515,261.6997,244.2451,270.2238,279.8444,258.8686,259.3116,280.7100,273.0208,251.6287,265.1444,264.4524,239.1717,267.8589,265.6023,258.0946,269.8869,260.9111,265.7308,259.0464,245.3712,265.8809,245.5113,259.9861,260.0075,260.4239,264.7667,264.9677,260.7961,259.6234,259.9864,266.1506,261.3117,261.8673,271.4895,263.6198,262.4781,260.0427,252.4125,235.6241,237.9460,269.6843,267.1060,259.2587,240.4859,248.3984,243.6173,243.7478,244.3345,244.6766,245.0550,244.7307,244.2385,268.0310,244.1634,244.0175,243.6425,240.2716,238.3951,260.9053,262.0717,254.5423,0.0000,257.8522,262.0074,244.5957,244.2765,266.6871,249.7965,249.4774,253.7008,258.7299,259.2797,242.9159,244.8712,270.0705,266.8737,246.2905,251.1218,247.3475,251.7474,264.8175,242.6958,258.9636,263.2522,244.5100,245.0736,238.0923,250.3012,248.0862,269.8311,255.6097,247.6589,247.7028,236.8443,240.9763,254.8991,264.9361,239.9361,248.8268,244.2459,244.8146,244.9707,252.8357,251.6326,252.0300,242.2701,241.3514,263.2282,239.7969,242.9379,241.3402,258.5291,259.3856,276.5522,277.8714,272.5934,239.4721,247.7788,240.2561,243.8562,243.0450,242.6680,241.9312,255.8352,0.0000,252.0591,241.3801,265.4972,265.3611,241.9952,241.4801,268.7601,246.1032,244.2139,265.7491,258.4352,250.9922,258.6781,276.5238,252.8276,272.3839,289.4018,289.2212,271.0576,265.8607,241.0841,265.3104,265.1920,262.5647,264.3178,260.7264,251.2851,257.1590,257.6432,280.9075,288.2254,255.9318,264.6487,266.5323,266.6228,265.5346,263.2282,266.4832,265.3553,266.5492,266.6447,266.4093,262.1137,244.1634,238.3992,241.9326,0.0000,249.0603,244.1456,249.0602,242.4552,242.5403,242.5671,246.9182,250.7666,270.9867,239.6402,250.4104,249.7961,250.4968,248.5537,246.6848,261.7128,244.3783,248.5537,256.2447,259.4608,267.5320,268.0322,272.7077,255.8352,263.9676,255.8352,262.2978,260.1791,240.8633,245.9879
10.0000,272.6050,242.6166,242.7559,244.4236,240.7415,254.5264,252.7944,272.1188,247.3860,274.0219,262.0864,272.5365,245.6735,254.0857,244.5202,243.4214,251.9551,250.8040,253.2781,238.7054,248.5099,246.6268,247.1701,246.5787,256.9921,259.6764,260.2622,257.3764,273.3165,242.4507,242.9734,243.0539,274.7762,271.3665,270.6187,266.5742,246.7982,264.3879,247.4682,273.1018,282.9021,262.2133,262.8365,283.7838,277.0862,254.3697,267.7958,267.0853,241.4125,269.2998,266.6678,261.0297,272.5648,263.6611,268.3381,261.9956,248.4829,267.4232,248.2056,263.0191,262.5648,262.9775,266.4738,266.6610,263.9888,262.2554,262.6805,268.8406,263.9394,264.5365,273.5821,266.4539,265.4187,262.6005,254.9960,239.2677,241.6787,273.6611,271.0032,262.1043,243.7264,251.3241,246.8660,247.0076,247.6038,247.9568,248.3453,248.0051,247.5095,271.7326,247.4398,247.2363,246.8907,243.5190,241.7814,264.2378,265.3769,257.6975,0.0000,261.4006,265.6833,247.8367,247.0095,269.4300,252.4937,252.1931,256.3358,261.3186,261.8499,246.0785,248.1679,272.1330,270.7499,249.5895,253.0980,249.6769,255.1603,267.3107,245.9105,261.8991,265.8649,247.7595,248.3183,241.6638,252.9804,251.2702,273.7885,258.2096,250.3243,250.3687,240.5283,242.9373,256.9969,268.4457,243.2807,251.9547,247.5067,248.0851,248.2411,255.6082,252.5886,253.3682,245.0184,244.0843,265.8445,242.7771,245.3952,243.6713,261.1472,262.0171,280.5526,281.9612,276.4520,242.8490,251.1796,242.1446,246.6891,245.6158,245.8662,245.1279,258.4369,0.0000,254.7875,244.3799,266.5732,266.5856,245.1984,244.6874,272.6997,249.4265,247.4924,266.1285,258.4352,253.7024,258.6978,276.7831,255.9893,275.4373,293.4869,293.4300,275.0653,269.4314,243.7234,266.8798,266.7581,264.7075,264.4247,263.6062,253.2558,259.1929,259.6817,284.3856,292.2188,258.0165,267.1657,269.1896,269.2823,268.1915,265.8445,269.1398,268.0217,269.2848,269.3042,269.0574,264.6960,247.4398,241.7856,245.1294,0.0000,251.8959,247.4060,251.8959,245.2177,245.3279,245.8272,249.8737,253.5071,274.9843,242.9757,253.1153,252.4932,253.2045,251.3741,249.8919,264.6819,247.0091,251.3741,258.5736,259.4608,271.4314,271.9482,276.7639,258.4369,266.4565,258.4369,264.9521,262.8049,244.2467,248.6757
11.0000,274.8397,244.8614,245.0392,246.3097,242.0789,255.4295,253.6640,275.6223,249.6689,277.5800,265.0043,275.9732,247.7422,256.4482,246.5129,245.2245,254.1603,253.0184,255.2737,240.9017,250.0100,247.8542,248.5056,248.3077,258.0660,260.6876,261.2821,259.7207,276.9907,244.6784,245.1533,245.2515,278.5369,273.6226,272.7816,269.7286,249.0756,266.2369,249.7318,275.3541,285.5067,264.9232,265.7727,286.4202,280.9224,256.4745,269.6658,268.9103,243.2930,270.1170,267.3610,263.4342,273.1147,265.3334,270.2848,264.4530,250.7386,268.4944,250.2964,264.8570,264.4060,264.8197,267.6518,267.8361,263.9888,263.9595,264.3323,270.7791,265.8864,266.5581,274.7398,268.3274,267.1810,264.4417,256.9046,241.4527,243.9425,277.3875,274.4416,264.1359,245.4936,253.5618,249.1453,249.2770,249.8963,250.2622,250.6883,250.3213,249.7990,274.9789,249.7846,249.4854,249.1350,245.6992,243.9608,266.8775,268.0318,260.0277,0.0000,264.3004,268.8010,250.1398,248.7661,271.5361,254.4607,254.1576,258.2228,263.1415,263.6883,247.5295,250.5397,273.3420,274.1922,252.0111,253.9738,250.7660,257.1222,269.1220,248.0520,264.3403,267.7400,250.0578,250.6658,243.8845,255.0231,253.6367,277.3272,260.0636,252.3682,252.4130,242.7420,244.8686,258.0690,271.3844,245.4769,254.5129,249.7975,250.4020,250.5564,257.7340,252.3496,253.5636,247.0190,246.0772,267.7152,244.6544,247.3746,245.6085,262.9232,263.7320,284.1737,285.7121,279.8874,245.0404,253.8891,243.8005,249.0866,247.7691,248.0559,247.2306,260.2942,0.0000,256.8470,246.2697,267.2728,267.3678,247.3059,246.7482,276.2097,251.9716,249.8414,266.4201,258.4352,255.7025,258.7130,277.2763,258.3465,277.9636,297.3653,297.5080,278.8306,272.4618,245.4737,267.9658,267.8239,266.2218,264.6416,264.7605,254.1434,260.1513,260.6913,287.5451,295.9971,259.0629,269.0484,271.0884,271.1811,270.0594,267.7152,271.0380,269.9445,271.2263,271.2033,270.9443,266.5538,249.7846,243.9650,247.2321,0.0000,253.9991,249.6899,253.9990,247.2470,247.3806,248.0664,252.1477,255.5410,278.7307,245.1556,255.1233,254.4603,255.2055,253.4495,252.1919,266.4674,249.0892,253.4495,259.9418,259.4608,274.9329,275.5029,280.5888,260.2942,268.3336,260.2942,266.9024,264.5219,246.3679,250.7546
12.0000,277.4829,247.8980,248.1375,248.8158,243.5804,256.6804,254.7940,279.4787,252.6550,281.6742,268.4663,280.0068,250.7557,259.3730,249.1904,247.4360,256.8748,255.7402,257.7646,244.0214,252.3244,250.5698,251.1569,250.7674,259.4915,261.8640,262.4395,262.6037,281.0880,247.6902,248.1020,248.2362,282.7313,276.2415,275.3389,273.4391,252.0464,268.4803,252.6587,278.0194,288.6147,268.0743,269.2163,289.5682,285.2121,259.3447,272.0816,271.3287,245.8870,271.2505,268.2736,266.6694,273.9347,267.4900,272.8440,267.7615,253.4120,269.8823,253.0969,267.0625,266.7404,267.1696,269.1653,269.3402,264.4520,266.1586,266.4790,273.1841,268.2343,268.9020,276.2760,270.6270,269.3508,266.7762,259.4585,244.4169,246.9402,281.5161,278.3782,266.5898,248.1732,256.3101,252.1185,252.2489,252.8969,253.2786,253.7135,253.3347,252.7953,278.6177,252.9316,252.3988,252.0851,248.6501,246.9121,269.9823,271.0962,262.9107,0.0000,267.7634,272.4675,253.0989,251.2422,273.9790,257.0122,256.7140,260.6408,265.4619,266.0213,248.5801,253.7403,274.9332,278.1229,255.3305,255.1735,253.0527,259.7343,271.2274,250.9352,267.6159,270.1158,253.0351,253.6831,246.8807,257.7874,256.5840,281.4117,262.4208,255.1182,255.1635,245.7045,247.5895,259.4946,274.7069,248.4482,257.5456,252.7777,253.4162,253.5927,260.6755,252.0218,253.8318,249.7535,248.8064,270.0851,247.0187,250.0842,248.2747,265.2010,265.9437,287.9904,289.6241,283.6418,248.0044,257.4622,246.3167,252.1189,250.6059,250.9682,250.0833,262.6533,0.0000,259.3774,248.7772,268.1927,268.3923,250.1667,249.5887,280.2176,255.3558,252.9927,266.9702,258.4352,258.1897,258.7416,277.7260,261.2522,280.8154,301.2830,301.5450,283.0272,275.8737,247.5124,269.3671,269.2001,268.1529,264.8659,266.3986,255.3219,261.3397,261.8675,290.9316,299.8294,260.4727,271.5497,273.5127,273.6053,272.4610,270.0801,273.4618,272.3417,273.6351,273.6279,273.3822,268.9222,252.9316,246.9163,250.0848,0.0000,256.5284,252.6768,256.5283,250.0090,250.1598,251.0516,254.7727,257.8579,282.9054,248.1042,257.6200,257.0118,257.6878,255.9549,255.1184,268.6481,251.7843,255.9549,261.6825,259.4608,278.9067,279.5132,284.8636,262.6532,270.8330,262.6527,269.3275,266.7247,249.3167,253.5414
13.0000,278.0315,247.7738,248.0483,248.7406,243.5621,256.6018,254.6645,280.7569,252.6568,283.0984,269.1085,281.3277,250.7666,259.0805,248.8082,247.1753,256.4979,255.3691,257.1251,244.0398,252.1120,250.1866,250.8268,250.5525,259.4336,261.7744,262.3573,262.5323,282.2353,247.5375,248.0363,248.1743,283.9296,276.8460,275.8548,274.3550,252.0376,268.6588,252.5945,278.5774,289.3583,268.7476,269.8759,290.3286,286.4666,258.4220,270.8036,269.9511,245.4386,270.5880,267.7639,266.0012,273.1475,266.4119,271.9354,267.1761,253.0037,269.1808,252.2785,264.7085,265.7165,266.1250,268.4177,268.5891,263.9888,265.2277,265.5534,271.9450,267.3944,268.2243,275.4446,269.8360,267.6877,265.7506,258.5111,244.0057,246.5007,282.6691,279.4905,266.7802,248.1563,256.0016,252.1108,252.2407,252.9140,253.3088,253.7526,253.3560,252.8086,279.6951,252.9048,252.3295,252.0121,248.4116,246.6140,270.6114,271.7093,262.8154,0.0000,268.3967,273.3251,253.0725,251.0152,274.5861,256.3647,256.0753,259.7347,264.4640,265.0070,248.5843,253.7667,274.1159,279.2055,255.3891,255.0332,252.7309,259.5478,271.8423,250.8687,267.0129,268.9154,253.0092,253.6585,246.6293,256.8905,256.3452,282.8193,261.3904,254.2622,254.3073,245.2711,247.0918,259.4365,275.4987,248.4019,257.1114,252.7670,253.4303,253.6157,259.7029,252.0547,253.8049,249.4693,248.5183,268.8688,247.0187,249.6651,247.8383,264.2625,265.0137,289.7348,291.4782,285.1098,247.9176,257.7828,245.5803,252.1550,250.3831,250.8459,250.0028,261.6051,0.0000,258.7360,248.7051,267.6840,267.8536,250.0915,249.4698,281.5227,255.4972,252.9703,266.6306,258.4352,257.5456,258.7239,277.5311,261.0818,281.6993,303.5440,303.9368,284.2300,276.7385,247.2911,268.6656,268.5078,267.2619,264.9069,265.6673,255.1871,261.2059,261.7762,292.3445,301.9702,260.3102,270.4325,272.2721,272.3601,271.2112,268.7134,272.2221,271.1127,272.3906,272.3829,272.1640,267.7700,252.9048,246.6182,250.0044,0.0000,256.0348,252.6793,256.0347,249.7218,249.8821,250.9365,254.3629,257.2414,284.1394,248.0384,256.9993,256.3637,257.0535,255.4431,254.9716,266.5950,251.4064,255.4431,261.7005,259.4608,280.0085,280.6222,286.1099,261.6038,269.7345,261.5834,268.1896,265.7793,249.2692,252.7105
14.0000,278.7193,247.6680,247.9764,248.4974,243.3993,256.5181,254.5173,281.3872,252.3288,283.6806,269.1699,281.7516,251.1476,258.9149,248.1070,246.8233,255.2733,254.5003,255.5820,244.0423,251.8189,249.7949,250.4762,250.2115,259.3928,261.7219,262.3180,262.4477,282.7405,247.4101,247.8612,248.0188,284.4521,277.4648,276.4065,274.5510,251.7020,268.8139,252.2548,279.3013,290.8090,268.9829,269.9437,291.8450,286.9953,257.4312,267.2949,266.3734,244.7802,269.5411,266.8854,265.4537,272.4623,264.0440,271.0660,266.7571,252.3797,267.8775,251.3211,260.7108,262.8468,263.2234,266.8544,267.0500,263.9888,263.0436,263.4466,268.7246,264.5468,265.4590,274.0406,266.5829,264.3028,262.8806,257.4151,243.8250,246.3540,283.2033,279.9118,266.8935,247.9756,255.1658,251.7732,251.8944,252.5788,252.9616,253.4427,253.0420,252.4603,280.2278,252.5512,251.9892,251.6947,248.0248,246.3010,270.8822,272.0270,262.7061,0.0000,268.4584,273.5109,252.6973,250.6815,275.0836,254.8091,254.5461,257.2435,261.7426,262.1617,248.6218,253.4834,272.6439,279.6095,255.1716,254.8244,252.3286,259.4968,272.1223,250.5866,266.5538,265.5442,252.6749,253.2810,246.4703,255.9078,256.1031,283.3761,258.4571,253.3001,253.3451,245.0778,246.3747,259.3985,275.9969,248.2430,256.8768,252.4091,253.1168,253.3167,258.7134,252.0724,253.7904,248.9249,247.9758,265.4667,246.8344,248.8993,247.1190,261.9056,262.8074,290.4859,292.2862,285.7669,247.7539,257.0560,244.9608,251.5280,249.7251,250.5049,249.7326,258.5987,0.0000,257.1013,248.4640,266.7950,266.8828,249.8439,249.3214,282.0535,254.9267,252.6143,266.2839,258.4352,255.9953,258.7059,279.4268,260.9580,282.4773,305.3100,305.7299,284.7550,277.2681,246.9970,267.2813,267.1399,265.0320,265.8021,264.3055,255.0291,261.0992,261.7218,293.6073,303.6658,260.2983,267.3077,268.7761,268.8605,267.6974,264.8335,268.7297,267.8144,269.1649,268.8835,268.6155,264.5322,252.5512,246.3052,249.7343,0.0000,254.6997,252.3518,254.6996,249.1614,249.3294,250.6036,253.6578,255.7824,284.6520,247.8632,255.4526,254.8082,255.5131,254.0932,254.6952,262.5139,250.6391,254.0932,261.7069,259.4608,280.4397,281.0739,286.6380,258.5893,266.6239,258.4925,265.0149,263.5955,249.2881,251.7429
15.0000,279.8307,246.3763,246.6975,247.3582,242.7018,256.0112,254.3979,278.2342,251.2536,281.6437,267.6664,279.8463,250.3387,257.7829,246.2339,245.5552,253.1680,252.5962,252.1421,242.8259,250.6025,248.4946,249.1113,248.9120,258.8850,261.9216,262.4797,261.2756,281.0086,246.0944,246.6902,246.8634,282.7045,279.4701,277.2155,272.7830,250.6237,268.2093,251.0921,280.4877,293.5041,267.3477,268.4452,294.6764,285.2534,254.2754,260.8926,259.9675,242.8970,266.9753,264.8097,262.4029,268.8444,258.7760,268.0154,263.7695,250.6358,264.7978,248.2411,253.3488,257.0634,257.3866,263.3546,263.5880,260.4933,258.0764,258.4747,262.5801,258.6392,259.5351,270.4590,260.5622,257.9051,257.0960,254.2939,242.2656,244.8864,281.4767,278.1373,265.9121,247.1659,253.3121,250.6974,250.8156,251.5126,251.9071,252.3800,251.9726,251.3956,277.4843,251.2334,250.7929,250.3918,246.5068,244.7712,269.1754,270.2323,261.5290,0.0000,266.9449,271.8641,251.6079,249.3849,276.8288,251.2959,251.0659,252.1041,256.1392,256.4037,248.7824,252.2465,268.9980,277.8781,253.9946,254.8068,251.4784,258.3914,273.3745,249.4266,263.5718,259.2855,251.5217,252.0990,245.0780,252.8147,255.0082,281.3602,252.5543,250.2390,250.2835,243.5654,244.3822,258.8910,273.7233,247.0906,255.9864,251.3423,252.0312,252.2557,255.5548,252.2260,253.6647,247.3848,246.7024,259.2011,245.7066,246.8158,245.1207,256.7922,257.8242,285.5227,285.5227,281.8814,246.5479,255.8252,242.7728,249.8081,247.8790,249.1532,248.5549,252.5762,0.0000,253.6171,247.3288,264.7002,264.5626,248.6869,248.1712,280.2471,253.6168,251.2990,265.2641,258.4352,252.5489,258.6528,281.2204,259.8042,284.5555,307.6107,299.7721,283.0059,274.8478,245.9403,264.1032,264.0005,260.3678,266.4148,259.8304,254.8999,261.1203,261.9156,296.1117,306.0004,259.7940,261.1665,262.3337,262.4159,261.3502,258.1575,262.2914,261.6156,263.0084,262.4381,262.1515,257.9251,251.2334,244.7754,248.5568,0.0000,252.1980,251.2771,252.1978,247.5294,247.6645,249.2386,251.8784,252.6614,282.9261,246.6921,252.0149,251.2950,252.0526,251.5915,253.5435,254.9534,248.7537,251.5915,261.0539,259.4608,278.7066,279.3351,284.8949,252.5468,260.5599,252.3541,258.9873,258.6132,248.1931,248.6584
16.0000,280.1809,245.2116,245.5671,245.9099,240.9748,255.4173,253.4190,276.9174,249.7909,280.3965,266.2296,278.5944,250.1189,255.6760,244.2348,243.6929,251.0929,250.6958,248.8533,241.2946,249.5853,247.9566,248.4546,247.5992,258.2500,261.3531,262.0396,259.5153,279.6882,244.9112,245.3295,245.4728,281.4233,279.6884,277.2986,271.4413,249.1598,267.4063,249.5404,280.9031,295.2418,266.1239,266.9880,296.5336,284.0364,250.9173,255.3229,254.3753,240.8775,264.5939,262.8929,258.9131,265.6201,253.8978,264.5305,260.2982,249.0007,261.9047,244.9850,247.6266,251.7911,252.0480,260.0748,260.3126,257.4526,253.5238,253.9151,257.1465,253.2923,254.1906,267.1693,254.9062,251.8128,251.8233,251.1317,241.0881,243.7161,280.1582,276.8065,264.8276,245.0333,251.3944,249.2360,249.3822,250.0623,250.4688,250.9268,250.5155,249.9607,276.1788,249.7579,249.2425,248.8671,244.9264,243.3372,267.9889,268.9912,259.7740,0.0000,265.5313,270.5049,250.0705,248.0788,276.9355,247.9479,247.7581,247.4042,251.0183,251.1423,247.3539,250.8440,265.6477,276.5473,252.6664,253.2368,250.8133,253.4727,273.2577,247.8957,260.1214,253.8181,250.0123,250.5619,243.9156,249.5551,253.1454,280.1123,247.2137,247.0125,247.0564,242.3961,242.3014,258.2623,272.4083,245.7451,254.0983,249.8809,250.5655,250.8086,252.1463,252.3899,253.5307,245.7012,245.2331,253.7579,244.3486,244.6753,243.0337,252.1006,253.2566,284.6099,284.6100,280.7713,245.2300,254.4946,240.6307,247.7001,245.8059,247.5975,247.0094,247.1384,0.0000,250.2513,245.8777,262.7661,262.4084,247.1940,246.8663,278.9042,252.1560,249.8260,264.4110,258.4352,249.2448,258.6083,282.0872,257.8885,285.0939,309.0444,300.0024,281.7199,273.5239,244.1425,261.1246,261.0566,256.0703,266.5292,255.7486,253.8858,260.3184,261.3400,296.9310,307.3288,259.1697,255.4917,256.7635,256.8475,255.8362,252.5881,256.7226,256.1740,257.5659,256.8684,256.6440,251.9205,249.7579,243.3414,247.0114,0.0000,249.7435,249.8147,249.7432,245.7584,245.8723,247.7200,250.1386,249.6096,281.6071,245.3313,248.7307,247.9466,248.7714,249.1387,251.7900,248.0689,246.7933,249.1387,260.2812,259.4608,277.3788,278.0079,283.6669,247.0883,254.8688,246.8520,253.4739,254.0660,246.3731,245.4051
17.0000,281.4520,245.9337,246.3070,246.6034,242.1258,255.6586,253.5403,278.3699,250.5209,281.7527,267.1607,279.5178,250.7981,256.0776,243.4639,241.2502,250.4742,250.2743,246.6224,242.4074,249.8258,248.1980,248.6906,247.8192,258.5940,261.8327,262.5898,260.0662,281.2895,245.6110,246.0356,246.2557,283.1474,280.8432,278.3906,272.5760,249.8815,268.0797,250.1448,282.2394,297.9044,267.1948,267.9038,299.3161,285.8869,248.1798,248.8331,247.8977,239.9028,262.3038,261.1144,256.3489,262.4428,248.7841,261.6511,257.7845,248.9662,259.0425,242.2627,245.7360,245.4316,245.6600,256.6423,256.9472,254.2671,248.3753,248.8195,250.6330,246.8961,247.7989,263.8863,248.4900,246.6933,245.4633,248.3552,241.6861,244.4434,281.7971,278.2223,265.5107,245.2912,250.9656,249.9622,250.1142,250.8144,251.2471,251.6837,251.2636,250.7195,277.5581,250.2135,249.8110,249.3903,245.2064,243.7319,269.0670,270.0249,260.3233,0.0000,266.4933,271.6305,250.7562,248.2794,278.0202,245.6014,245.4600,244.1308,244.6924,244.7406,248.9150,251.3653,262.2373,277.9599,253.1850,253.2375,251.1546,256.3597,274.2158,248.4619,257.5843,247.3730,250.6741,251.2391,244.6058,246.8692,253.7093,281.4010,243.3487,244.3405,244.3839,243.0488,241.4483,258.6064,273.6082,246.4834,254.9457,250.6237,251.3008,251.5769,249.4746,252.3161,253.5911,245.7697,245.7714,247.3230,245.4925,243.9012,242.1780,246.7598,248.0801,286.9489,286.9490,282.6848,245.9344,255.0509,239.3652,247.3628,245.1931,248.0281,247.5336,243.2405,0.0000,248.0336,246.5818,260.9834,260.4560,247.7305,247.3591,280.3478,252.6203,250.2854,263.6185,258.4352,247.0253,258.5668,282.8142,258.3755,286.3478,311.3043,303.9712,283.4465,274.7773,241.1434,258.1282,258.0809,251.1349,266.2592,251.2938,254.0227,260.6283,261.8147,298.4908,309.4944,259.5084,249.1096,250.2342,250.3174,249.3222,246.1531,250.1945,249.6942,251.0416,250.3367,250.2033,245.0768,250.2135,243.7360,247.5358,0.0000,248.6263,250.5456,248.6260,245.6921,245.7710,248.1653,249.9484,247.7360,283.2847,246.0372,246.5029,245.5997,246.5436,248.0157,252.3205,243.1700,246.1597,248.0156,260.7290,260.4560,278.8400,279.5106,285.4976,243.1827,248.4876,242.9451,249.4321,248.8903,247.6085,242.6794
18.0000,284.6496,247.8945,248.3090,248.2208,243.0513,256.5575,254.2449,281.2809,252.4956,284.8357,269.7442,282.4849,253.0412,258.0542,245.0899,242.8960,252.0680,251.8904,248.0434,244.2422,251.2227,249.4705,250.0262,249.3560,259.7117,263.0658,263.9106,262.0987,284.4154,247.5542,247.9610,248.2135,286.3532,284.0369,281.3244,275.3424,251.8565,270.0199,252.0650,285.4900,302.2330,269.6844,270.5167,303.7421,289.1864,250.0852,249.7489,248.8192,241.4998,263.3471,262.0750,258.4464,263.5313,249.5037,263.3420,259.9236,250.7276,260.1563,244.0827,244.5222,246.3918,246.6155,257.6939,258.0083,255.2002,249.4126,249.8142,251.5534,247.8302,248.7191,265.0180,249.4839,246.3193,246.4241,250.0782,243.5936,246.4354,284.9549,281.1948,267.4675,247.2055,252.4826,251.9412,252.1269,252.7641,253.1846,253.6916,253.2586,252.6912,280.3827,252.2423,251.7035,251.3156,247.0691,245.6096,271.5006,272.4524,262.3308,0.0000,269.0501,274.3657,252.7784,249.8446,280.8963,247.0015,246.8646,245.2468,245.6792,245.7013,249.3326,253.4457,263.3353,280.9322,255.3602,253.7442,252.3279,256.9625,276.4777,250.3601,259.7030,248.3109,252.6119,253.1751,246.5476,248.7108,255.7390,284.4648,244.3359,246.1575,246.2012,245.0123,243.0555,259.7245,276.2204,248.4249,257.2866,252.6332,253.2898,253.5882,251.4504,252.0826,253.7820,247.4646,247.4661,248.2629,247.0342,245.5250,243.7901,247.8115,249.1193,290.3700,290.3701,285.8263,247.8641,257.3051,240.9700,249.0961,246.8715,249.9147,249.4094,244.2154,0.0000,249.5077,248.2014,261.9527,261.4831,249.6228,249.2919,283.3815,254.7641,252.3171,264.0842,258.4352,248.4541,258.5911,285.0691,260.3851,289.9866,316.0790,308.5965,286.6553,277.4511,242.7885,259.2128,259.1389,252.1425,266.9498,252.2932,254.7521,261.6181,263.0406,302.9967,314.2498,260.6480,250.1360,251.1466,251.2321,250.2612,247.0826,251.1073,250.6299,251.9636,251.2522,251.1341,245.8246,252.2423,245.6138,249.4117,0.0000,250.1636,252.5210,250.1633,247.4039,247.5027,250.0907,251.6540,249.2080,286.4703,247.9625,247.9203,246.9992,247.9662,249.5462,254.2616,241.9382,247.7819,249.5461,262.1033,261.4831,281.8518,282.5556,288.7826,244.1540,249.5587,243.9117,250.4810,249.9283,249.3369,244.4960
19.0000,286.1562,248.4475,248.8802,248.6595,242.6560,256.9284,254.5272,281.7842,253.6019,285.9396,270.8202,283.5914,254.9088,259.8319,245.5673,243.3708,252.7276,252.4248,248.5037,244.4336,251.6076,249.8230,250.3815,249.7355,260.2307,263.6978,264.5734,263.6428,285.7630,248.0945,248.7701,248.9710,287.7869,285.5213,282.7137,276.4223,252.9622,271.0010,253.1600,287.0280,304.4101,270.6988,271.5987,305.9768,290.7093,250.6956,249.8218,248.8819,241.9062,262.7388,261.3273,259.2059,263.4716,249.3580,263.5799,260.7343,251.1990,259.6025,244.6551,242.9726,246.4364,246.6619,257.2179,257.4956,255.2402,249.4613,249.8461,251.6582,247.9164,248.8292,264.6448,249.6195,245.4716,246.4687,250.4742,243.8905,246.7984,286.3260,282.3965,268.5029,249.4195,252.9847,253.0476,253.2122,253.8635,254.2826,254.8285,254.3892,253.7833,281.2166,253.2303,252.7566,252.2436,247.8211,246.2022,272.4713,273.4196,263.8918,0.0000,270.1266,275.4642,253.9522,250.2567,282.2697,247.3911,247.2447,245.4252,245.7434,245.7531,251.1338,254.4949,262.9741,282.1457,256.5007,254.0164,252.7921,252.4461,277.6723,251.3792,260.5040,248.3851,253.7142,254.3559,247.0045,249.2550,257.2492,285.5691,244.4249,246.6977,246.7415,245.3661,243.4596,260.2592,277.1209,249.2550,258.9616,253.7553,254.4223,254.7434,252.1225,251.9916,253.8565,247.5453,246.6066,248.3361,247.0342,245.9295,244.1949,247.8943,249.1740,291.5312,291.5313,286.8333,248.6083,258.6117,241.0424,249.9295,247.4698,250.7657,250.4050,244.2986,0.0000,250.2127,248.6423,261.1795,260.6627,250.6515,250.4925,284.5462,255.8914,253.3087,263.7710,258.4352,248.9452,258.5747,288.1294,262.0441,291.6671,318.6202,310.7692,288.0877,278.3310,243.2631,258.6424,258.5756,251.9305,268.1796,252.3445,255.0578,262.0907,263.6680,304.9502,316.6994,261.2053,250.2214,251.2224,251.3106,250.3462,247.1690,251.1829,250.7280,252.0685,251.3299,251.2114,245.8469,253.2303,246.2064,250.4074,0.0000,250.9685,253.6281,250.9682,247.7125,247.9209,250.9733,252.1592,249.7844,287.8756,248.7716,248.3801,247.3893,248.4249,250.4904,255.6045,240.3979,248.2818,250.4903,262.7798,259.4608,283.0982,283.8378,290.2910,244.2365,249.6443,243.9924,250.4927,249.9681,249.1998,245.0595
20.0000,287.8662,249.8007,250.2711,249.4555,242.9871,257.7333,255.4869,282.8513,254.6367,287.4374,272.1809,285.0689,256.0265,261.0227,246.7683,244.4880,254.2012,253.8793,249.6291,245.6055,252.3457,249.9186,250.6727,250.6344,261.1201,264.6835,265.5297,264.8503,287.4535,249.4361,249.8583,250.1115,289.5584,287.2114,284.2982,277.8545,254.0063,272.1897,254.2055,288.7694,306.7952,271.9868,272.9624,308.4200,292.5679,251.9255,250.8539,249.9170,242.9863,263.3362,261.7637,260.5349,264.5702,250.2167,264.7844,262.0604,252.6904,260.2857,245.8782,242.4512,247.4819,247.7063,257.9423,258.2186,256.4041,250.5362,250.9043,252.6725,248.9108,249.7899,265.5233,250.3589,245.5206,247.5140,251.6268,245.3733,248.3100,288.0389,283.9574,269.6683,248.9404,254.4673,254.0937,254.2610,254.9101,255.3443,255.8892,255.4459,254.8406,282.4676,254.4298,253.7948,253.3195,248.9699,247.4693,273.7396,274.6689,265.1067,0.0000,271.4720,276.8883,255.0018,251.2402,283.8756,248.4888,248.3438,246.4747,246.7912,246.7973,251.0576,255.7218,263.8231,283.7125,257.7593,255.2585,252.9818,253.4817,279.1315,252.2565,261.8077,249.4378,254.7582,255.3664,248.4066,250.4592,258.3823,287.0638,245.4521,247.9010,247.9450,246.8621,244.5384,261.1522,278.3807,250.3573,260.1267,254.8111,255.4841,255.8242,253.3637,252.4705,254.4649,248.6477,247.8417,249.3931,247.7976,247.0134,245.2769,248.9612,250.2476,292.9780,292.9780,288.1953,249.7576,260.0272,242.0782,251.2515,248.7197,251.8180,251.2416,245.3218,0.0000,251.3497,249.4361,261.6210,261.1721,251.4988,251.3335,286.0702,257.2143,254.5103,264.0874,258.4352,250.0680,258.5913,291.3614,263.2444,293.5058,321.1899,312.8803,289.8609,279.5908,244.3798,259.3238,259.2435,252.8165,269.5507,253.4520,256.0276,263.0796,264.6540,307.2619,319.2451,262.1287,251.2452,252.2751,252.3631,251.4295,248.2344,252.2353,251.7652,253.0844,252.3826,252.2638,246.8803,254.4298,247.4735,251.2439,0.0000,252.3328,254.6636,252.3325,248.7985,249.0051,252.0986,253.6417,250.9991,289.6183,249.8597,249.5022,248.4875,249.5534,251.8485,256.7030,239.8771,249.5826,251.8484,263.7534,259.4608,284.6960,285.4666,292.1360,245.2593,250.6494,245.0156,251.4337,251.0776,250.3193,246.2776
21.0000,270.9019,250.1706,250.6576,249.8313,243.1376,257.0028,255.2969,283.1576,255.2414,288.1166,272.6416,285.6776,256.7527,261.1633,246.9115,244.5876,254.6706,254.2695,249.9825,246.2019,252.5487,251.2624,251.6745,250.8675,259.9801,263.3304,264.0254,264.5555,288.3219,249.7928,250.3608,250.6092,290.4861,273.4655,271.5543,278.4025,254.5943,268.7852,254.7076,271.7888,289.5133,271.8509,273.3681,291.1110,293.5690,252.3307,251.4305,250.4919,243.0388,263.7423,262.1050,261.0005,265.1883,250.6237,265.2991,262.5466,253.0427,260.7098,246.2838,242.0060,248.0065,248.2294,258.3771,258.6494,256.9764,251.0411,251.4077,253.2922,249.4638,250.3610,266.0510,251.0518,245.5229,248.0389,252.0032,245.5727,248.5953,288.9343,284.6915,267.8792,250.0020,254.8778,254.6835,254.8531,255.5285,255.9737,256.5051,256.0568,255.4527,282.6072,255.0035,254.2886,253.8092,249.4119,247.8286,273.3920,274.0968,264.7960,0.0000,271.9730,277.4500,255.5130,251.4259,272.4504,248.8623,248.7171,246.9359,247.3009,247.3155,251.0229,256.3411,264.3373,284.4488,258.4389,255.4087,253.8233,254.1002,272.2523,252.8400,262.2641,249.9994,255.3030,255.9274,248.7140,250.8592,258.7362,287.7318,245.9524,248.3019,248.3460,247.1158,244.3818,260.0122,278.1476,250.8779,260.6769,255.3890,256.0835,256.4459,253.7745,251.9703,253.8739,249.1102,248.6355,249.9571,248.0795,247.1702,245.3647,249.4571,250.7507,293.4687,293.4688,288.5182,250.2249,260.7764,242.2141,251.3486,248.8507,252.2963,251.8147,245.8250,0.0000,251.5387,249.8154,261.9584,261.5120,252.0818,251.9209,286.7917,257.8810,255.0865,264.3216,258.4352,250.3982,258.6036,292.8056,263.1514,279.6712,307.0211,314.4879,290.7876,279.4680,244.4793,259.7402,259.6561,253.3087,270.1400,253.9974,255.8438,262.3285,263.3142,293.2780,305.0980,260.9934,251.7233,252.8434,252.9334,252.0171,248.8049,252.8034,252.3750,253.7091,252.9529,252.8191,247.4208,255.0035,247.8328,251.8171,0.0000,252.8991,255.2687,252.8987,249.1920,249.3661,252.5909,254.0187,251.3917,290.5364,250.3621,249.8396,248.8605,249.9026,252.5142,257.0741,239.4352,249.8230,252.5142,262.4150,259.4608,285.4658,286.2672,293.1252,245.7627,251.1362,245.5198,251.9919,251.5944,250.9049,246.6810
22.0000,270.9586,250.0747,250.5791,249.6137,243.1149,256.8274,255.1321,282.9288,254.4506,287.9275,272.1805,285.4196,256.3891,258.9703,246.9126,244.5786,254.6927,254.3296,249.8435,245.9813,252.2476,250.6615,251.1079,250.6500,259.7578,263.2490,263.9768,262.9349,288.1506,249.6891,250.1108,250.4288,290.3841,273.5178,271.5220,278.0632,253.8239,268.3192,254.0072,271.8654,290.0005,271.4333,272.8766,291.6352,293.5257,252.4523,251.4089,250.4761,242.9989,263.7340,262.0696,261.3466,265.1828,250.4372,265.5585,262.9308,253.0590,260.7066,246.4212,241.1940,247.9587,248.1897,258.3597,258.6316,256.9655,250.9724,251.3266,253.2544,249.4236,250.3197,266.0655,251.1271,244.9119,247.9916,252.0207,245.4996,248.6076,288.7751,284.4413,267.1904,249.6835,255.0057,253.9125,254.2428,254.5673,254.8711,255.7562,255.3041,254.5688,282.3009,254.5567,253.6569,253.3143,249.0420,247.5588,272.9626,273.5965,263.1691,0.0000,271.5281,277.0884,254.9434,251.2474,272.5233,248.7008,248.5593,246.8458,247.2487,247.2657,251.0282,255.9191,264.3363,284.1998,258.0663,255.1362,253.6055,254.0963,272.3591,252.3590,262.6645,249.9628,254.6059,255.1086,248.6279,250.9646,257.2595,287.5321,245.8957,248.4185,248.4626,247.0911,244.3818,259.7897,277.7330,250.6368,259.3595,254.6734,255.3562,255.7303,253.9057,252.0217,253.8318,248.8476,248.3733,249.9166,248.0451,247.0324,245.2769,249.3937,250.6810,293.4293,293.4294,288.3578,250.0102,260.0782,242.1628,251.4400,248.8935,251.8670,251.4111,245.7710,0.0000,251.4805,249.5974,261.9254,261.4955,251.6805,251.5069,286.5639,257.3028,254.6383,264.1461,258.4352,250.2790,258.5944,293.6107,261.2678,279.9524,308.2814,315.2556,290.6866,279.0836,244.4704,259.7311,259.6412,253.2833,270.3530,253.9556,255.6738,262.2112,263.2373,294.0764,306.2954,260.7695,251.7498,252.8161,252.9048,251.9834,248.7677,252.7761,252.3374,253.6723,252.9248,252.7976,247.3982,254.5568,247.5630,251.4133,0.0000,252.8531,254.4787,252.8527,248.9253,249.0989,252.1552,254.0632,251.3055,290.4110,250.1121,249.6758,248.6981,249.7508,252.4480,255.8308,238.5422,249.8473,252.4480,262.0503,259.4608,285.2367,286.0552,293.0727,245.7090,251.1887,245.4671,251.9713,251.5292,250.7115,246.8100
23.0000,271.8047,250.2858,250.7838,249.8493,243.0067,257.1120,255.3223,283.8750,255.3881,288.8344,273.1033,286.2669,256.7838,261.7290,246.8798,244.5724,254.5953,254.2166,249.8619,246.1989,252.6444,251.5197,251.8468,250.9224,260.1437,263.5031,264.2112,265.0696,289.0663,249.9008,250.4350,250.6900,291.2986,274.3203,272.3373,278.9793,254.7552,269.1713,254.8862,272.7234,291.1015,272.3698,273.8236,292.7582,294.4501,252.1372,251.2755,250.3117,243.0231,263.5112,261.8884,261.1014,264.9225,250.2371,265.2862,262.7094,253.0142,260.5750,246.1626,240.5780,247.8845,248.1102,258.2356,258.5126,256.7913,250.8597,251.1977,253.1316,249.4292,250.3878,265.8025,251.2242,244.4766,247.9170,251.7174,245.6395,248.6184,289.6943,285.3465,268.2901,249.4415,254.8327,254.8453,255.0103,255.6681,256.1118,256.6773,256.2256,255.6001,283.2544,255.1936,254.4505,253.9413,249.4900,247.8983,273.9071,274.6076,265.3174,0.0000,272.4311,278.0048,255.7071,251.4781,273.2409,248.7742,248.6396,246.8463,247.1741,247.1970,251.0531,256.5655,264.0905,285.1096,258.7219,255.3733,254.3087,254.0924,272.9233,252.8657,262.4358,249.8665,255.4792,256.1233,248.8099,250.6634,259.1816,288.4292,245.8564,248.1375,248.1816,247.1800,244.3818,260.1751,278.7143,250.9624,261.3379,255.5587,256.2611,256.6358,253.5552,251.9459,253.8938,249.1564,248.6816,249.8161,248.1312,247.1772,245.3627,249.3044,250.5744,294.4205,294.4206,289.3415,250.3072,261.0735,242.2649,251.3192,248.8310,252.3893,251.8143,245.7318,0.0000,251.4073,249.8327,261.7507,261.3420,252.0851,251.8901,287.4589,258.1349,255.2778,263.9752,258.4352,250.2813,258.5854,293.6704,263.6882,280.7187,308.9425,316.5621,291.5947,280.0559,244.4642,259.6067,259.5065,253.1971,270.3537,253.8125,255.8838,262.4121,263.4920,294.8091,306.9732,261.1259,251.6804,252.6869,252.7734,251.8746,248.6671,252.6472,252.2266,253.5442,252.7934,252.6738,247.3192,255.1936,247.9025,251.8167,0.0000,252.7650,255.4161,252.7646,249.2378,249.4131,252.7156,253.9874,251.2848,291.3233,250.4363,249.6583,248.7707,249.7541,252.3437,257.3934,237.9129,249.7829,252.3437,262.6541,259.4608,286.1477,286.9677,293.9944,245.6697,251.1038,245.4285,251.9316,251.4089,250.9308,246.5462
24.0000,271.3760,250.7566,251.2812,249.8356,243.0067,257.0225,255.2804,283.6640,255.3186,288.6495,272.9235,286.0391,256.5656,260.1174,246.9617,244.5940,254.8269,254.4977,249.8965,246.5345,252.6410,251.5708,251.8749,250.9380,259.9759,263.2554,263.9345,263.9124,289.0237,250.3660,250.6161,250.9274,291.2845,273.8943,271.9192,278.7991,254.6738,268.7383,254.7417,272.2894,290.5593,272.0369,273.6501,292.2063,294.4719,252.2105,251.6419,250.7136,243.0390,264.9309,263.5076,261.2687,265.4657,250.3491,265.9015,262.9324,253.3931,261.9678,246.2383,240.2041,248.1031,248.3372,259.4389,259.7865,257.0935,251.0710,251.3827,253.3516,249.5698,250.4616,266.8163,251.3382,244.3020,248.1355,251.8240,246.3083,249.3137,289.6604,285.2507,267.7542,248.7466,255.1389,254.7647,254.9576,255.6256,256.0897,256.6066,256.1537,255.5654,283.0172,255.2241,254.3541,253.9309,249.6239,248.2216,273.5368,274.2494,264.1657,0.0000,272.2649,277.8400,255.5710,251.5533,272.8524,248.8394,248.7221,246.9638,247.3698,247.4017,251.0531,256.5916,265.0709,285.0143,258.7241,255.3955,254.3707,254.1289,272.6074,252.7985,262.6662,250.1268,255.3878,255.9803,249.3506,250.7623,258.1266,288.2373,245.9901,248.2361,248.2802,247.8534,244.3818,260.0076,278.4694,251.1480,259.8631,255.4757,256.1844,256.5625,253.6287,251.9712,253.8731,248.9765,248.1523,250.0820,248.1312,247.1699,245.3657,249.5051,250.7812,293.9482,293.9483,288.9981,250.5569,261.0171,242.1491,251.5501,248.9631,252.3939,251.7477,245.8598,0.0000,251.3619,249.8182,263.4089,263.0816,252.0111,251.7704,287.2980,258.1277,255.3083,264.7554,258.4352,250.3009,258.6263,294.0678,262.3241,280.3249,308.6757,315.5382,291.5800,279.8284,244.4857,260.9919,260.8614,253.8980,270.5105,254.0319,255.8420,262.2662,263.2467,294.4562,306.6939,260.9551,251.9365,253.0504,253.1394,252.1699,248.9303,253.0099,252.4619,253.7646,253.1603,253.0316,247.5905,255.2241,248.2258,251.7501,0.0000,252.9115,255.3465,252.9111,249.1349,249.3468,252.7668,254.3005,251.3512,291.3129,250.6174,249.6715,248.8354,249.7630,252.4743,256.7158,237.6194,249.9431,252.4743,262.3740,263.0816,286.0658,286.8986,294.0104,245.7977,251.3607,245.5557,251.9075,251.6193,251.0780,246.6228
25.0000,269.7453,250.2417,250.7627,249.6396,243.0892,256.7170,255.0273,282.4444,255.1252,287.5316,272.1253,284.8910,255.9684,260.0348,246.0935,243.7083,254.0253,253.6755,249.0705,246.0011,252.2370,251.1404,251.4667,250.5224,259.5840,262.8431,263.5229,263.5991,288.1893,249.8474,250.2575,250.5585,290.4801,272.4143,270.5348,277.8798,254.5188,268.0066,254.4566,270.5902,287.4519,271.0505,272.8381,288.9718,293.6379,250.9474,250.5719,249.6636,242.1836,263.9097,262.5472,259.6512,264.2828,249.3270,264.3344,261.2360,252.5969,260.7562,245.0139,239.2225,247.1288,247.3571,258.3269,258.6554,255.9595,250.0689,250.3656,252.3701,248.5203,249.3675,265.6982,250.2610,243.2629,247.1610,250.7506,245.6994,248.6128,288.8464,284.3134,267.1038,249.3303,254.3085,254.6078,254.7914,255.4283,255.8801,256.3863,255.9329,255.3770,281.8253,254.7598,254.0372,253.5577,249.1757,247.7188,272.5270,273.2685,263.8616,0.0000,271.4933,276.9634,255.2495,251.0932,271.5267,248.0265,247.9217,246.0769,246.4052,246.4360,251.0341,256.1185,263.9736,284.1059,258.1952,255.0865,253.8131,253.6151,271.5804,252.5885,260.9445,249.1075,255.0944,255.6884,248.7799,249.5451,257.9989,287.1145,245.0630,247.0247,247.0685,247.2147,243.3938,259.6168,277.3468,250.7851,259.9204,255.2627,255.9391,256.3179,252.3179,252.0435,253.8140,248.6059,248.1320,249.0654,248.0986,246.4314,244.5605,248.5303,249.7853,292.3711,292.3712,287.5811,250.1597,260.4298,241.3662,250.5505,248.0416,252.0237,251.5337,244.9327,0.0000,250.5398,249.6270,262.4375,262.0316,251.7784,251.5167,286.2429,257.5998,254.8427,264.1376,258.4352,249.4723,258.5939,292.3810,262.1114,278.6358,306.1285,313.8229,290.7817,278.6743,243.6004,259.8293,259.7437,252.8547,269.9512,252.9568,255.5640,261.9169,262.8346,292.2690,304.1891,260.5565,250.8363,251.9688,252.0572,251.0994,247.9125,251.9289,251.4554,252.7815,252.0766,251.9419,246.5870,254.7598,247.7229,251.5363,0.0000,252.0821,255.1523,252.0817,248.6750,248.8528,252.3523,253.4594,250.5122,290.4633,250.2588,248.8506,248.0202,248.9244,251.6345,256.5040,236.6554,249.0930,251.6346,261.9032,262.0316,285.1736,286.0309,293.1822,244.8707,250.2570,244.6282,250.9781,250.6099,250.5955,245.4073
26.0000,269.7554,250.1015,250.6175,249.7177,243.0745,256.7120,255.0142,281.7842,255.2428,286.6479,271.7679,284.0599,256.0057,260.9545,246.1689,243.8253,253.8933,253.5686,248.9855,246.0621,252.2857,251.2500,251.5692,250.5727,259.5715,262.7720,263.4578,264.1430,287.4912,249.7092,250.3005,250.5935,289.7131,272.3587,270.5087,277.3490,254.6296,268.0320,254.5595,270.6108,287.6886,270.6506,272.4860,289.2280,292.8079,250.6550,250.2076,249.3089,242.3347,263.7263,262.3983,259.1035,263.9998,249.2687,263.8585,260.6331,252.4636,260.5409,244.7433,239.6282,246.9487,247.1726,258.1285,258.4505,255.7251,249.9226,250.2295,252.1366,248.2791,249.0958,265.5022,249.8264,243.4949,246.9836,250.6479,245.4486,248.3466,288.1397,283.6662,267.1557,250.6194,254.1857,254.7174,254.8952,255.5412,255.9850,256.5048,256.0420,255.4803,281.2869,254.7669,254.1136,253.6023,249.1633,247.6224,272.1220,272.9360,264.3895,0.0000,271.1411,276.4698,255.3215,251.1140,271.4304,247.9541,247.8556,245.9846,246.2474,246.2682,251.0375,256.1296,263.7852,283.4694,258.2153,254.9981,253.8122,253.4098,271.4039,252.7858,260.3463,248.8530,255.1706,255.7658,248.5939,249.2966,258.5010,286.2391,244.9569,246.7745,246.8183,246.9550,243.7011,259.6043,276.8754,250.8255,260.2329,255.3599,256.0358,256.4057,251.9746,252.0427,253.8147,248.7089,248.2347,248.8084,248.0681,246.5852,244.7274,248.3806,249.6407,292.0349,292.0350,287.1356,250.1590,260.3259,241.3239,250.6539,248.1030,252.0927,251.7506,244.8312,0.0000,250.4714,249.7059,262.2853,261.8555,251.9849,251.7394,285.4617,257.5541,254.8484,264.1723,258.4352,249.3871,258.5958,289.6876,262.8255,278.4883,305.3300,312.8498,290.0103,278.1719,243.7174,259.6230,259.5467,252.6676,268.8223,252.7767,255.5395,261.8689,262.7643,291.9696,303.4744,260.5429,250.5834,251.5971,251.6808,250.7822,247.6498,251.5585,251.2141,252.5476,251.7015,251.5698,246.3378,254.7669,247.6266,251.7533,0.0000,251.9335,255.2697,251.9331,248.7830,248.9639,252.3691,253.3484,250.3973,289.7214,250.3019,248.7534,247.9438,248.8423,251.4677,256.9036,237.0527,249.0967,251.4678,261.9103,261.8555,284.5203,285.3673,292.3615,244.7687,250.0309,244.5244,251.0851,250.4545,250.5950,245.1462
27.0000,270.7179,251.6346,252.1658,250.7477,243.6912,257.1266,255.4884,281.7842,256.5363,287.0653,272.6603,284.5842,257.3293,260.9020,247.5220,244.9611,256.0864,255.4612,252.4714,247.2458,252.9845,251.3875,251.8699,251.5216,260.0357,263.4483,264.1428,264.3135,288.2375,251.2436,251.6796,251.9833,290.4210,273.2575,271.3553,278.1363,255.9147,268.5492,255.8214,271.6044,289.3202,271.2999,273.3572,290.9172,293.4805,254.3167,257.0662,256.0915,243.5032,265.9201,263.8752,262.8138,267.3946,255.2052,267.5137,264.3441,254.2894,263.4900,248.3233,246.0476,253.9513,254.1618,261.6890,261.9230,258.6536,255.8384,256.0742,259.2429,255.4000,256.3086,269.0817,256.9783,249.7425,253.9875,254.0182,247.1580,250.1175,288.8926,284.3805,267.5909,251.7254,256.0468,256.0028,256.1922,256.8475,257.3009,257.8048,257.3366,256.7879,281.6679,256.2856,255.4194,254.9644,250.7758,249.2666,272.7267,273.4526,264.5317,0.0000,272.0430,277.2783,256.5841,252.1351,272.2766,251.5329,251.4164,251.2657,253.2724,253.3351,252.0013,257.6416,267.4992,284.2012,259.7759,255.4962,254.0354,254.4474,272.1451,254.0859,264.0659,255.8249,256.4642,257.0352,250.2085,252.8118,259.0788,286.6737,251.1133,250.2667,250.3112,248.6904,244.3818,260.0689,277.3418,252.2018,260.9542,256.6483,257.3290,257.6928,255.6828,251.9380,253.9003,249.8741,249.0577,255.7758,248.9036,248.0124,245.9845,254.4970,255.5968,292.5786,292.5787,287.5903,251.5756,261.9033,242.6474,251.8996,249.4213,253.4748,253.0502,250.9762,0.0000,253.8727,250.7377,263.7578,263.5454,253.2859,253.0362,286.0383,259.1246,256.3671,264.9318,258.4352,252.8628,258.6355,288.0772,262.8938,279.4594,306.6947,313.2921,290.7175,278.6171,244.8526,262.6761,262.5575,257.9919,267.9684,257.6706,256.0206,262.4537,263.4382,293.0786,304.7880,261.0369,257.5165,258.5078,258.5950,257.7359,254.5714,258.4693,258.2809,259.6601,258.6151,258.4068,253.2332,256.2856,249.2708,253.0528,0.0000,254.6421,256.5632,254.6418,250.0567,250.2708,253.8424,255.2114,253.6554,290.4477,251.6810,252.2130,251.5170,252.3142,254.2535,257.6873,243.4322,250.6619,254.2536,262.3657,259.4608,285.2538,286.1113,293.0396,250.9105,256.9295,250.6594,257.3356,256.3942,251.8395,248.7162
28.0000,271.2624,251.2090,251.7179,250.6988,243.7169,257.2420,255.4942,281.7842,256.4491,286.7773,272.4723,284.2739,257.3725,261.0227,247.4514,244.9488,255.7677,255.1601,252.3720,246.9230,253.1584,252.0482,252.4130,251.5396,260.1614,263.4445,264.1308,264.4011,287.7432,250.8226,251.4292,251.7042,289.8872,273.7160,271.8025,277.9100,255.8300,268.7381,255.7263,272.1742,290.4121,271.2423,273.1954,292.0561,292.9256,254.4071,257.7050,256.7687,243.4828,266.1015,264.0467,262.9448,267.5648,255.3388,267.6434,264.4859,253.9034,263.7849,248.3972,243.7206,254.1671,254.4028,261.9391,262.1777,258.6536,255.9682,256.2012,259.5962,255.6064,256.4702,269.2332,257.3064,249.8912,254.2034,254.0832,246.5894,249.6210,288.3720,283.9977,267.7091,251.7254,255.7619,255.9187,256.0995,256.7634,257.2216,257.7118,257.2454,256.7029,281.6620,256.0901,255.3084,254.7992,250.5374,248.9110,272.6671,273.4615,264.6313,0.0000,271.8448,277.0403,256.5065,252.0916,272.6650,251.4302,251.3189,251.2582,253.4411,253.5251,251.8918,257.4407,267.6551,283.8184,259.5841,255.5393,254.4975,254.3143,272.4024,253.9697,264.2239,256.1873,256.3745,256.9933,249.7351,252.8948,259.1296,286.3821,251.1510,250.3452,250.3896,248.1612,244.3818,260.1931,277.3541,251.9479,261.1145,256.5669,257.2367,257.5982,255.7858,252.0403,254.0015,249.8218,249.0577,256.1418,248.8934,247.9562,245.9468,254.6289,255.7238,292.7941,292.7942,287.6901,251.2840,261.7694,242.5350,251.9189,249.3828,253.3086,252.9270,251.0032,0.0000,253.8194,250.6873,263.9255,263.7091,253.1689,252.9493,285.6844,258.9485,256.1723,265.0423,258.4352,252.7736,258.6412,288.4436,262.9987,280.0193,307.7493,313.6111,290.1831,278.6267,244.8404,262.9405,262.7979,258.2392,268.0471,257.7656,256.0433,262.4638,263.4363,293.8856,305.8060,261.1933,258.0267,259.1434,259.2350,258.2284,254.9134,259.1025,258.6468,260.0140,259.2542,259.1164,253.5662,256.0901,248.9152,252.9296,0.0000,254.3953,256.4760,254.3950,249.9829,250.1814,253.6447,254.8515,253.5173,289.9323,251.4306,252.1216,251.4080,252.2136,254.0076,257.6708,243.1448,250.5008,254.0077,262.4891,259.4608,284.8430,285.6718,292.4880,250.9356,257.4212,250.6839,257.2393,256.5339,251.6351,248.7903
29.0000,271.6072,251.1710,251.6681,250.7277,243.7169,257.2954,255.5347,281.7842,256.5952,287.2261,272.6630,284.7140,257.8134,260.7530,247.5020,245.0503,255.7209,255.1145,252.2768,246.8879,253.1743,251.9754,252.3713,251.5587,260.2186,263.5753,264.2597,264.2630,288.2322,250.7840,251.4909,251.7961,290.3866,274.0050,272.0721,278.2233,255.9764,268.8066,255.8349,272.5402,291.2156,271.4505,273.3410,292.8991,293.4417,254.9005,257.4635,256.4866,243.5334,266.1049,264.0698,263.7253,267.6058,255.6352,268.1288,265.3144,253.8277,263.8434,248.9109,245.5923,254.1462,254.3696,261.9750,262.2149,258.6536,256.0359,256.3032,259.4739,255.6593,256.5956,269.2393,257.4572,250.9609,254.1833,254.4269,246.4348,249.3902,288.8785,284.4237,267.7457,251.4556,255.7167,256.0674,256.2543,256.9237,257.3991,257.8448,257.3939,256.8717,281.8342,256.2100,255.4142,254.8712,250.5540,248.8668,272.9017,273.5929,264.5222,0.0000,272.0572,277.3372,256.6845,252.1060,272.9717,251.3425,251.2452,251.2128,253.4530,253.5144,251.9961,257.5915,267.6857,284.2367,259.7784,255.6246,254.4402,254.6168,272.7438,254.0316,265.0611,256.0715,256.5114,257.1421,249.6617,253.3633,259.0034,286.8295,251.1236,250.8280,250.8726,247.9870,244.3818,260.2504,277.4824,252.0258,260.8824,256.7328,257.3887,257.7777,256.2982,252.1141,254.0634,249.8353,249.0577,256.0181,248.8934,247.9518,245.9632,254.6648,255.7862,293.5268,293.5268,288.1741,251.3214,262.0519,242.6104,252.0684,249.4865,253.3574,252.9692,250.9731,0.0000,253.6913,250.7165,263.9477,263.7397,253.2328,253.0362,286.1450,259.1412,256.2947,265.0307,258.4352,252.6718,258.6406,291.1726,262.7996,280.1251,303.9652,314.9520,290.6820,278.7619,244.9419,262.9840,262.8390,258.2454,269.1231,257.8466,256.0894,262.5430,263.5659,293.0844,302.4449,261.1995,257.8925,258.9045,258.9919,258.0306,254.7749,258.8648,258.5247,259.8899,259.0126,258.8845,253.4683,256.2100,248.8710,252.9718,0.0000,254.3428,256.6223,254.3425,249.9995,250.1990,253.7102,254.7948,253.4492,290.4409,251.4922,252.0079,251.3134,252.1232,253.9573,257.6417,244.8667,250.5136,253.9573,262.5401,259.4608,285.2797,286.1250,293.0014,250.9052,257.3203,250.6532,257.1734,256.5982,251.7889,249.2919
30.0000,271.9680,251.1648,251.6667,250.6921,243.7192,257.2859,255.5697,281.7842,256.5289,287.4308,272.7810,284.9286,257.8849,260.8738,247.3544,244.9714,255.3631,254.8856,251.2422,246.9814,252.9543,251.2943,251.7845,251.4386,260.2594,263.7853,264.5063,264.3965,288.3794,250.7757,251.4863,251.8114,290.5315,274.3906,272.3936,278.3886,255.9084,268.9664,255.7589,272.9126,291.8278,271.6346,273.4707,293.5328,293.6066,254.2336,255.7216,254.7442,243.4120,265.4166,263.4399,263.1950,267.2061,254.5700,267.5248,264.8028,253.6855,262.8703,248.2673,246.2413,252.2558,252.4750,260.8600,261.0965,258.6536,254.5930,254.9691,257.5724,253.7991,254.7498,268.3610,255.5670,250.9767,252.2932,253.7923,246.4345,249.5160,289.0278,284.5542,267.8872,251.7254,255.4805,255.9995,256.1809,256.8526,257.3236,257.7531,257.3158,256.7966,281.9795,256.0729,255.3276,254.7983,250.4107,248.7752,273.0853,273.7696,264.6678,0.0000,272.1680,277.4845,256.6043,252.0185,273.3450,250.2327,250.1687,249.1648,251.5888,251.6067,251.9108,257.4565,266.7540,284.3744,259.6222,255.5741,254.0965,254.9226,273.0951,254.0035,264.5421,254.2371,256.4306,257.0545,249.6656,252.7271,259.0941,287.0376,248.6375,250.2006,250.2451,248.0282,244.3818,260.2926,277.6575,252.0257,261.2058,256.6629,257.3105,257.7101,255.6179,252.1201,254.0599,249.7233,249.0577,254.1919,248.8925,247.7204,245.7965,253.0847,254.3189,293.8302,293.8303,288.4014,251.3159,261.8329,242.6136,251.8820,249.3404,253.2798,252.9482,248.5000,0.0000,252.7947,250.6826,263.3143,263.0650,253.2137,253.0467,286.2889,258.9471,256.1577,264.7776,258.4352,251.6652,258.6274,294.0811,262.9274,280.5731,304.7828,315.7924,290.8240,278.9319,244.8629,261.9764,261.8556,256.7334,270.4887,256.9702,256.1154,262.6786,263.7736,293.6966,303.2375,261.2675,255.9921,257.1622,257.2546,256.2487,252.9658,257.1216,256.6558,257.9879,257.2738,257.1285,251.6436,256.0729,248.7794,252.9509,0.0000,253.7722,256.5556,253.7719,249.8612,250.0651,253.6055,254.6123,252.5629,290.5913,251.4876,250.9671,250.1961,251.0947,253.3820,257.6373,245.6190,250.3340,253.3821,262.6116,259.4608,285.4195,286.2670,293.1625,248.4352,255.3955,248.1914,254.6420,255.1572,251.8925,248.6476
31.0000,256.2833,251.1245,251.6190,250.6786,243.7232,256.6510,255.4837,281.7842,256.5318,287.3437,272.6405,284.8142,257.8304,260.9709,247.4919,245.0768,255.6507,255.1087,251.6556,247.0128,252.9173,252.2633,252.4130,251.3973,259.2024,262.5533,263.1361,263.9716,288.3213,250.7393,251.4690,251.7903,290.5212,261.4626,260.4622,278.2602,255.9128,265.6377,255.7711,257.1802,275.1455,271.0377,273.2865,276.7650,293.6158,254.7902,256.8964,255.8716,243.4876,265.8199,263.7988,263.7216,267.6205,255.6041,268.0585,265.3196,253.8029,263.5031,248.7808,247.6266,253.3108,253.5384,261.5366,261.7777,258.8602,255.4271,255.8070,258.7019,255.0080,256.0574,268.9194,256.8999,252.7563,253.3481,254.2637,246.4348,249.5241,288.9726,284.4758,266.0359,251.6736,255.7514,256.0037,256.1833,256.8539,257.3240,257.7562,257.3202,256.7979,281.6592,256.0750,255.3388,254.7994,250.4405,248.7936,272.3270,272.8620,264.2182,0.0000,272.0563,277.3757,256.6188,251.9420,262.5612,250.6105,250.5548,249.9757,252.5910,252.6483,251.9218,257.4428,267.3487,284.2907,259.5758,255.7993,254.8399,254.9757,266.5515,254.0006,265.0384,255.3873,256.4407,257.0768,249.6386,253.2498,259.1328,286.9453,249.6463,250.7109,250.7554,248.0205,244.3818,259.2360,277.0304,252.0093,261.1636,256.6637,257.3168,257.7170,256.2196,252.0750,253.7883,249.7496,249.0577,255.3368,248.8909,247.7965,245.8644,253.9558,255.1559,293.6375,293.6376,288.1636,251.2939,261.9064,242.6349,252.1673,249.5407,253.2863,252.9439,249.5301,0.0000,253.1395,250.6699,263.6776,263.4785,253.2083,253.0355,286.1796,258.9886,256.1601,264.8875,258.4352,252.0730,258.6332,295.1160,262.7387,267.2579,290.2092,315.7512,290.8159,278.3956,244.9683,262.6088,262.4626,257.6043,270.8816,257.5953,256.0267,262.0129,262.5590,279.6559,288.7331,260.2235,257.2230,258.3610,258.4557,257.4566,254.1678,258.3194,257.7890,259.1192,258.4744,258.3380,252.7726,256.0750,248.7978,252.9466,0.0000,254.1706,256.5585,254.1703,249.8987,250.0975,253.6147,254.7695,252.9901,290.5505,251.4702,251.4367,250.5654,251.5276,253.8244,257.6807,247.9113,250.5052,253.8245,261.3116,259.4608,285.3429,286.1942,293.1691,249.4707,256.6122,249.2296,255.6921,255.9869,251.8941,249.1604
32.0000,256.2833,251.1449,251.6306,250.7487,243.7263,256.6466,255.7427,281.7842,256.6708,287.1755,272.4904,284.6201,257.9535,260.7047,247.6253,245.1820,255.9059,255.2921,252.5379,246.9893,252.9370,252.2988,252.4130,251.4453,259.1476,262.1931,262.6210,263.7931,288.0187,250.7637,251.5665,251.8952,290.1961,261.4750,260.4564,278.0521,256.0386,265.5576,255.8694,257.1690,274.9029,270.8546,273.1372,276.5015,293.2859,255.8001,259.0994,258.0425,243.6009,266.8791,264.5884,264.9930,269.5344,257.8865,269.5376,266.6524,253.9282,264.7457,249.8014,250.8831,255.4063,255.6449,262.8905,263.1201,261.0598,257.3306,257.7921,260.8832,257.2326,258.3584,270.3752,259.4209,256.2076,255.4430,255.1726,246.4348,249.4889,288.6541,284.2497,265.9291,252.0434,255.9307,256.1288,256.2920,257.0227,257.5130,257.8861,257.4545,256.9506,281.6170,256.2079,255.4505,254.9089,250.5994,248.8952,272.1489,272.7415,264.1076,0.0000,271.9156,277.1782,256.6701,251.9841,262.5047,251.5238,251.4735,251.7185,254.6440,254.7442,252.0321,257.5680,268.8113,284.0570,259.7178,256.6410,255.0306,255.0655,266.3563,254.1502,266.3912,257.5902,256.5631,257.2069,249.6497,254.2356,259.0062,286.7729,251.7682,251.7042,251.7489,248.0030,244.3818,259.1825,276.9747,252.1047,260.9383,256.7692,257.4482,257.8540,257.2253,252.0783,253.7855,249.8543,249.0577,257.5354,248.8897,248.0135,246.0217,255.8384,257.0545,293.6198,293.6199,288.1513,251.3738,262.0308,242.6089,252.3882,249.6954,253.4109,253.0959,251.6997,0.0000,254.1429,250.7404,264.4759,264.3914,253.3584,253.1878,285.9756,259.1204,256.2925,265.2889,258.4352,252.9796,258.6541,294.6224,262.5198,267.3808,290.5509,315.5752,290.4915,278.3514,245.0734,263.8629,263.6930,259.3382,270.6526,259.6720,256.3147,261.9785,262.2085,279.9062,289.0708,260.1710,259.3918,260.5758,260.6697,259.7008,256.4590,260.5334,259.9822,261.3040,260.6890,260.5520,255.1222,256.2079,248.8994,253.0985,0.0000,254.6124,256.6975,254.6122,250.0354,250.2427,253.7430,254.9306,253.7345,290.2255,251.5678,252.2878,251.4703,252.4099,254.2625,257.6462,252.1318,250.6583,254.2626,261.2409,259.4608,285.0920,285.9273,292.8400,251.6496,258.7829,251.4359,257.8938,257.8945,251.9589,250.1727
33.0000,256.2833,251.0910,251.5688,250.7081,243.7304,256.6330,255.6930,281.7842,256.5921,286.8186,272.2965,284.2782,257.7433,261.0227,247.6581,245.2314,255.9285,255.3189,252.8947,246.9269,252.9236,252.2787,252.4130,251.4265,259.1380,262.2074,262.6599,263.9625,287.4147,250.7154,251.4893,251.8187,289.5123,261.4406,260.4380,277.8076,255.9652,265.5629,255.8304,257.1497,274.4835,270.7439,272.9428,276.0460,292.5380,256.3456,260.8295,259.7743,243.6141,267.5294,265.0918,265.6782,270.8018,259.5267,270.3384,267.3469,253.9567,265.5235,250.3254,255.2910,256.8135,257.0865,263.7649,263.9879,262.5290,258.5316,259.0728,262.4824,258.7388,259.8938,271.2973,260.9777,259.2552,256.8472,255.6715,246.4348,249.4448,288.0222,283.7753,265.9465,251.7254,255.9669,256.0545,256.2069,256.9452,257.4361,257.8028,257.3742,256.8701,281.4797,256.1706,255.4077,254.8607,250.6074,248.8995,272.0493,272.6516,264.2517,0.0000,271.7186,276.9198,256.6097,251.9625,262.4793,251.9116,251.8784,252.5069,255.9446,256.1225,251.9907,257.5148,269.7405,283.5877,259.6429,256.4921,254.8934,254.9609,266.3543,254.0645,267.0799,259.3097,256.4963,257.1256,249.6151,254.7642,259.1486,286.4182,252.7388,252.2269,252.2717,247.9849,244.3818,259.1757,276.8357,252.0258,261.0235,256.6930,257.3706,257.7741,257.7746,252.0792,253.7848,249.8585,249.0489,259.2578,248.8881,248.0700,246.0571,257.0269,258.2453,293.3280,293.3281,287.9192,251.3035,261.9901,242.1206,252.7916,249.8320,253.3707,253.0086,252.7825,0.0000,254.5461,250.6993,264.9851,264.9732,253.2660,253.0781,285.5297,259.0921,256.2550,265.4669,258.4352,253.3343,258.6634,294.1180,262.7564,267.1226,283.6959,315.1075,289.8032,278.2057,245.1228,264.6599,264.4807,260.4824,270.4526,261.0148,256.2544,261.9552,262.2216,278.7690,283.0214,260.1638,260.8945,262.3168,262.4125,261.4260,258.5282,262.2724,261.6341,262.9058,262.4316,262.2619,257.2554,256.1706,248.9037,253.0112,0.0000,254.7319,256.6188,254.7317,250.0444,250.2497,253.7139,254.9464,254.0287,289.5798,251.4905,252.6382,251.8489,252.7547,254.3747,257.7372,256.5406,250.6888,254.3748,261.2396,259.4608,284.5884,285.3908,292.1016,252.7530,260.2773,252.6106,259.0766,259.1069,251.8565,250.6957
34.0000,256.2833,251.1277,251.6009,250.7928,243.7740,256.5518,255.5920,280.8116,256.6808,285.2926,271.4598,282.9081,257.7338,260.9862,247.5179,245.2629,255.4537,254.7067,253.3444,247.1895,252.9204,252.3009,252.4130,251.4600,259.0035,262.0622,262.5194,263.4989,284.8568,250.7565,251.6036,251.9362,285.3473,261.3209,260.3341,276.6929,256.0429,265.2778,255.8748,257.1216,273.8750,269.9634,272.1481,275.3852,288.2785,257.1461,263.0587,262.0277,243.6619,268.1713,265.6607,266.6138,271.5683,261.3482,271.2201,268.2911,253.5642,266.5457,251.1107,259.8405,258.6016,258.9123,264.8766,265.1096,263.1975,259.9017,260.4849,264.5764,260.6059,261.7645,272.1633,263.2128,262.6719,258.6397,256.3514,246.4348,249.4649,285.4455,281.9456,265.5528,252.6853,255.3006,256.1323,256.2926,257.0408,257.5355,257.8572,257.4414,256.9629,280.5310,256.1911,255.4505,254.8910,250.6962,248.9589,271.2661,271.9579,263.2484,0.0000,270.8865,275.7843,256.6383,251.9950,262.3781,252.4488,252.4338,253.5631,257.5759,257.8743,252.0331,257.5165,270.6954,281.7125,259.6127,256.2513,254.9534,255.3320,266.2912,254.2385,267.9873,261.5379,256.5521,257.1964,249.6367,255.5280,259.1313,284.9169,254.0337,252.9899,253.0348,247.9802,244.3818,259.0412,276.0372,252.1361,260.9409,256.7695,257.4319,257.8391,258.6006,252.1005,253.7674,249.9314,249.0577,261.4996,248.8881,248.2289,246.1595,258.4598,259.6126,291.9369,291.9370,286.7341,251.4002,261.9593,242.5476,252.4169,249.6409,253.4456,253.2019,254.1972,0.0000,254.9388,250.7851,265.5630,265.6371,253.4483,253.2610,283.8288,259.0874,256.2754,265.6836,258.4352,253.7811,258.6747,294.1180,262.4832,266.8939,285.8261,313.0886,285.7876,277.3674,245.1543,265.6907,265.4700,261.9401,270.5217,262.1931,256.1409,261.8348,262.0771,278.3796,284.7965,260.0096,262.7804,264.5436,264.6429,263.6582,261.2702,264.4967,263.7989,265.0048,264.6615,264.4271,259.8236,256.1911,248.9630,253.2046,0.0000,254.5331,256.7067,254.5329,250.1379,250.3516,253.7628,254.4640,254.2572,286.5021,251.6049,253.0723,252.3769,253.1895,254.1768,257.7517,261.1644,250.3630,254.1769,261.0258,259.4608,282.5429,283.1764,287.8811,254.1884,262.1370,254.1353,260.5533,260.4787,252.0386,251.4748
35.0000,269.3254,251.1177,251.5805,250.8729,243.9320,257.0196,255.6076,281.7842,256.6270,285.7579,271.7365,283.3023,257.4952,259.1935,247.7041,247.6170,254.1609,252.8599,255.3168,247.1709,253.1185,251.5654,252.0128,251.7492,259.7828,263.0581,263.6561,262.7024,285.2598,250.7512,251.5852,251.9398,285.7419,271.7828,270.0693,277.0166,255.9791,267.7755,255.7990,270.1792,287.2259,270.5423,272.4645,288.7625,288.6395,259.8711,268.4730,267.4352,244.6201,270.3194,267.5061,269.7552,272.7583,265.3788,274.3420,271.4910,252.2922,269.5285,253.8401,266.1102,263.5973,263.9577,268.1254,268.3989,263.1975,263.7814,264.2488,269.9466,265.7220,266.9107,274.8272,268.1024,267.7427,263.6325,258.7956,246.4348,249.4341,285.8610,282.3342,266.7232,251.7254,253.4350,256.0677,256.2395,257.0063,257.5123,257.8162,257.3950,256.9266,281.2423,256.3498,255.4456,254.9466,250.9243,249.1049,271.9342,272.7441,262.4162,0.0000,271.1150,276.0818,256.5373,252.2974,271.1469,254.6548,254.6157,257.3421,262.4033,262.8618,250.8401,257.6480,273.5193,282.0924,259.7540,255.9328,254.2486,255.4687,271.7085,254.1985,271.1252,266.8566,256.5389,257.1643,249.6228,258.1644,258.0909,285.3703,258.5891,255.6370,255.6824,247.9762,245.3449,259.8219,276.7931,252.1093,259.8079,256.6938,257.3932,257.7882,261.3417,251.9756,253.8696,250.4453,249.4960,266.8121,248.8881,249.2233,247.1381,262.6078,263.5203,292.1008,292.1009,287.1575,251.3849,262.1773,244.3300,252.1353,249.7484,253.5521,253.1645,258.8076,0.0000,256.9554,250.8596,267.4191,267.6653,253.4045,253.1388,284.2490,259.3144,256.4339,266.4823,258.4352,255.7603,258.7162,296.7396,261.2400,276.9911,294.1525,312.3859,286.1837,278.1116,248.0007,268.6980,268.3869,266.0800,271.3681,264.7443,256.1528,262.3492,263.0568,287.6909,293.3030,260.7680,268.0575,269.9899,270.0884,269.0377,266.7951,269.9403,269.1975,270.3849,270.1083,269.8518,265.4611,256.3498,249.1091,253.1669,0.0000,254.2474,256.6531,254.2475,250.6889,250.9024,253.8874,252.9137,255.5105,286.8772,251.5864,255.0252,254.5777,255.1482,253.9024,257.0500,267.0787,249.7479,253.9025,261.9249,259.4608,282.9295,283.5659,288.2477,258.8066,267.3742,258.8001,262.0196,264.3665,252.0105,254.1848
36.0000,268.0368,251.0144,251.4997,250.6415,243.8638,255.3413,253.8696,280.6498,256.3950,283.9330,270.4235,281.6363,257.2078,260.6916,247.0186,247.2088,253.2925,251.8067,255.3336,247.5544,252.3086,250.7664,251.3708,251.1338,257.1247,260.2678,260.8019,263.1453,282.9544,250.6332,251.4706,251.8392,283.4551,270.4490,268.7024,275.6560,255.7028,266.1945,255.6616,268.9039,286.2254,269.2774,270.9689,287.7867,286.3396,259.2808,269.3202,268.3101,243.8502,271.0088,268.1730,267.4246,272.8987,266.1806,274.4001,269.7575,251.5593,270.7460,253.1047,268.1735,264.3162,264.6994,269.1685,269.5415,263.1975,264.3578,264.8926,270.8279,266.4592,267.6432,275.3150,269.0919,269.1865,264.3515,258.3969,246.4348,249.6240,283.4402,280.4271,265.4849,251.7254,252.1596,255.7913,255.9281,256.7865,257.3073,257.6209,257.1896,256.6704,279.7545,256.1728,255.2756,254.7241,250.7728,249.0057,270.7651,271.4103,262.7910,0.0000,269.9164,274.6869,256.3605,251.6622,269.7663,254.7035,254.6653,257.7592,263.0508,263.5577,250.8558,257.4570,274.0802,280.1793,259.4547,254.3201,252.3158,256.2253,270.2240,253.9993,269.5596,267.6573,256.3765,257.0216,249.5355,257.5902,258.8448,283.5701,259.1711,254.9958,255.0410,248.0677,244.3818,247.6171,275.3925,252.0184,260.5427,256.4595,257.2028,257.5920,260.9828,252.4405,253.4893,250.0068,249.0577,267.6057,248.8354,248.6834,246.4731,263.1726,264.0920,289.1268,289.1269,284.9203,251.2694,262.4730,242.6840,252.9858,249.6757,253.3339,252.9738,259.3997,0.0000,257.0755,250.6365,268.0726,268.3160,253.2088,252.8925,282.3447,259.3586,256.2613,266.9015,258.4352,255.7985,258.7380,300.2763,262.1639,275.5872,292.5033,310.0879,283.8945,276.6869,247.6551,269.7931,269.3876,266.9654,272.4112,265.2974,254.3741,260.0437,260.2812,286.2262,291.7011,258.0439,268.8528,270.8047,270.9000,269.8536,267.6057,270.7549,270.1080,271.2732,270.9209,270.6655,266.3886,256.1728,249.0099,252.9763,0.0000,253.6907,256.4217,253.6908,250.2672,250.4957,253.7029,252.0289,255.3978,284.5573,251.4717,255.0333,254.6268,255.1520,253.3595,257.5085,268.8757,248.9171,253.3596,259.7001,259.4608,280.9170,281.4597,285.9495,259.3997,268.1557,259.3997,262.6542,264.9451,252.1736,253.4789
37.0000,270.4097,250.8701,251.3535,250.5528,243.8638,255.4304,253.8304,281.7842,256.3682,285.0050,270.9832,282.4785,257.1128,259.6181,247.3947,247.5438,253.6565,252.0973,255.5137,247.7247,252.3050,250.5775,251.2185,251.1396,257.2857,260.4540,261.0198,262.6641,283.6011,250.4843,251.2871,251.6130,284.2752,272.9344,270.7896,276.4190,255.7013,266.7976,255.6613,271.3542,290.2705,270.1963,271.5447,291.9757,287.3989,259.6985,269.4502,268.4445,244.1374,271.0728,268.2468,268.1363,272.9616,266.1581,274.8537,270.4884,251.7299,270.8476,253.4760,267.8109,264.3941,264.7849,269.2732,269.6619,263.1975,264.3839,264.8700,270.9733,266.5520,267.7390,275.3696,269.2342,269.1339,264.4299,258.4900,246.2550,249.6827,284.1127,281.1664,265.8331,251.7254,252.4545,255.7950,255.9503,256.7799,257.3349,257.7096,257.2272,256.7002,280.8688,256.2384,255.2943,254.7071,250.7232,248.9081,271.6433,272.1902,262.3253,0.0000,270.4486,275.3780,256.4939,251.6653,272.0755,254.8806,254.8187,257.8550,263.1190,263.6332,250.8558,257.5160,274.1385,280.8954,259.5044,254.2483,252.3602,256.9317,272.1944,253.5642,270.2901,267.7619,256.4363,257.1504,249.3656,257.9276,258.2762,284.6052,259.2409,255.3323,255.3777,247.9838,244.7251,252.5015,276.2861,251.8466,260.0565,256.5160,257.2515,257.6161,261.5064,252.4316,253.4966,250.0509,249.0577,267.7075,248.8354,248.8678,246.7106,263.2263,264.1222,291.0736,291.0736,286.5290,251.0942,263.0643,242.9081,253.9597,250.3332,253.2754,252.7078,259.4671,0.0000,257.2586,250.5455,268.1441,268.3848,252.9512,252.5754,283.2361,259.6931,256.3325,267.0077,258.4352,255.9844,258.7435,299.8883,261.4233,278.9486,298.5923,314.6700,284.7063,277.6334,247.9407,269.8912,269.4861,267.0500,272.2359,265.2859,254.3492,260.1249,260.4642,291.3247,297.6722,258.1597,269.0075,270.9298,271.0226,269.9658,267.7075,270.8798,270.2430,271.4188,271.0443,270.8032,266.4850,256.2384,248.9123,252.7097,0.0000,253.9391,256.3970,253.9392,250.3258,250.5565,253.6866,252.2799,255.6176,285.2816,251.2882,255.1789,254.8108,255.3240,253.5611,257.1173,268.7279,249.2595,253.5612,259.9181,259.4608,281.6178,282.1358,286.9693,259.4671,268.3224,259.4671,262.6883,264.9736,252.2539,253.8351
38.0000,289.7925,250.9374,251.4185,250.5901,243.8638,256.2140,253.9569,281.7842,256.4876,286.4869,272.2285,284.0393,256.9852,261.0227,247.2896,247.4793,253.6889,252.0962,255.7093,247.7986,252.3612,249.4772,250.4849,251.1894,258.6683,261.9954,262.7255,264.4499,285.6686,250.5577,251.3341,251.6364,286.5114,289.1582,285.7163,277.7942,255.8395,271.3447,255.9025,290.8170,311.3436,272.0371,272.8555,313.1940,289.7772,259.8706,269.2085,268.1769,243.9804,271.1469,268.3043,268.4105,273.0678,266.1881,275.1484,270.7829,251.7725,270.9234,253.6508,267.6572,264.4194,264.7999,269.3478,269.7443,263.1975,264.4448,264.9234,270.9630,266.6129,267.8462,275.4776,269.3054,269.0680,264.4553,258.6163,246.4025,249.7624,286.2451,282.8897,268.7961,251.7254,252.4172,255.9314,256.0619,256.8703,257.4024,257.8474,257.3639,256.7867,282.0842,256.3458,255.5130,254.9157,250.8837,249.0627,273.6095,274.2623,264.1748,0.0000,271.6144,276.7386,256.7132,251.7433,285.7311,255.0926,255.0026,257.9760,263.1711,263.6725,250.8558,257.5755,274.2395,282.6309,259.5029,254.0639,251.7126,257.1185,280.8242,253.6477,270.5821,267.6952,256.6300,257.3817,249.4552,258.0911,259.2300,286.0999,259.3337,255.4991,255.5444,248.1003,244.3818,253.8585,278.0276,251.8875,261.3019,256.6550,257.4057,257.7647,261.6830,252.2271,253.6638,250.0631,249.0577,267.6330,248.8354,248.7791,246.5726,263.2930,264.1849,292.9346,292.9346,288.1238,251.1477,262.9106,242.8232,253.9296,250.2740,253.4330,252.7818,259.5625,0.0000,257.5256,250.5823,268.2012,268.4474,253.0124,252.6472,284.8614,259.6904,256.4402,267.1043,258.4352,256.1817,258.7485,297.5399,263.0387,295.8802,318.4365,317.2529,286.9486,279.2403,247.8857,269.9639,269.5598,267.1072,271.4031,265.3269,254.4970,260.9878,261.9843,310.0393,317.3755,259.5352,268.9429,270.6812,270.7789,269.7932,267.6330,270.6329,270.2143,271.4102,270.7992,270.4730,266.4273,256.3458,249.0670,252.7836,0.0000,254.0217,256.5167,254.0218,250.3397,250.5803,253.8567,252.3151,255.7953,287.4770,251.3353,255.3505,255.0356,255.5055,253.6388,257.7826,268.6351,249.1955,253.6389,261.7813,259.4608,283.4362,284.0397,289.3258,259.5625,268.2698,259.5625,262.8214,265.0298,252.2956,254.0067
39.0000,289.6466,250.9610,251.4312,250.6453,243.8639,256.3174,253.9891,281.9575,256.5635,287.4396,272.8730,284.9451,257.0093,261.0227,247.3831,247.5226,253.9431,252.2678,255.9799,247.7986,252.6284,250.2422,251.1203,251.3302,258.7667,262.0080,262.7096,264.5678,287.7127,250.5890,251.3829,251.7112,289.9226,289.0261,285.6405,278.6072,255.9148,271.4478,255.9800,290.6539,310.8260,272.4565,273.4738,312.6444,293.2484,259.9574,269.1209,268.0697,244.0305,271.2246,268.3598,268.4384,273.1757,266.3031,275.1895,270.7810,251.9021,270.9502,253.7324,267.8990,264.4888,264.8544,269.3781,269.7590,263.1975,264.5598,265.0383,270.9561,266.6940,267.9533,275.5745,269.4079,269.1863,264.5245,258.7280,246.4348,249.7803,288.3027,284.3074,268.9387,251.7254,252.5866,256.0068,256.1293,256.9609,257.5059,257.9234,257.4304,256.8747,282.4135,256.3908,255.5955,255.0131,250.9634,249.1253,273.9524,274.5300,264.2769,0.0000,272.2593,277.5894,256.8111,251.8580,285.6150,255.3536,255.2307,258.1183,263.2594,263.7516,250.8558,257.5875,274.3308,284.0940,259.5043,254.2128,252.3297,257.0705,280.7399,253.7132,270.5827,267.6987,256.7019,257.4563,249.4864,258.1810,259.1761,287.0450,259.4352,255.5856,255.6310,248.1203,244.3818,253.8797,278.2954,251.9274,260.8948,256.7282,257.4660,257.8004,261.7684,252.1981,253.6876,250.1223,249.0577,267.6372,248.8354,248.8450,246.6259,263.4023,264.3009,293.1011,293.1011,288.3736,251.1923,262.8533,242.7550,254.0877,250.3792,253.5148,252.8446,259.6617,0.0000,257.7888,250.6357,268.2551,268.4941,253.0720,252.7191,286.0677,259.6854,256.4850,267.1426,258.4352,256.4566,258.7505,295.0435,263.1057,295.8419,321.5330,316.8624,290.2367,279.5183,247.9226,269.9920,269.5923,267.1593,270.4044,265.4110,254.5580,261.0248,261.9974,310.4023,320.1320,259.6492,268.8606,270.5951,270.6942,269.7326,267.6372,270.5476,270.2098,271.4032,270.7137,270.3400,266.4431,256.3908,249.1295,252.8464,0.0000,254.3976,256.5924,254.3977,250.4067,250.6458,253.9341,252.4636,256.1089,289.9695,251.3841,255.5878,255.3084,255.7797,254.0920,257.8323,268.7913,249.3198,254.0921,261.8931,259.4608,285.0434,285.7943,292.7678,259.6617,268.1747,259.6617,262.8881,265.1474,252.3170,254.0903
40.0000,288.9838,250.8954,251.3529,250.6320,243.8639,256.3209,254.0260,281.7842,256.5020,287.1409,272.6778,284.6585,256.9595,261.0227,247.4127,247.4809,253.9234,252.2650,256.2403,247.7933,252.6793,250.4486,251.2770,251.3523,258.7493,261.9769,262.6606,264.5420,287.4725,250.5337,251.3035,251.6017,289.9152,288.3450,285.0686,278.3690,255.8534,271.2378,255.9164,289.9675,309.6535,272.2702,273.2695,311.4281,293.2096,260.0488,269.5370,268.5128,244.0715,271.2370,268.3650,268.3214,273.3538,266.4714,275.0722,270.6250,251.9046,270.9300,253.8162,268.1881,264.7256,265.0870,269.4105,269.7767,263.3489,264.7498,265.2230,271.1890,266.8580,268.0570,275.6444,269.5288,269.3181,264.7611,258.9428,246.4348,249.7085,288.0400,284.0614,268.7871,251.8042,252.5948,255.9457,256.0686,256.9043,257.4538,257.8464,257.3541,256.8189,282.1014,256.2895,255.5301,254.9535,250.9359,249.1069,273.7129,274.2853,264.3246,0.0000,272.0700,277.3646,256.7398,251.8740,285.0132,255.6121,255.4603,258.3497,263.4849,263.9837,250.7039,257.4470,274.3945,283.8522,259.3094,254.3425,252.5245,256.8731,280.2938,253.6729,270.4367,267.9882,256.6261,257.3857,249.4548,258.2913,259.1382,286.7483,259.6678,255.6864,255.7318,248.0863,244.4221,253.8797,277.9993,251.8361,260.8212,256.6671,257.3843,257.7064,261.8327,252.1929,253.6919,250.1329,249.0577,267.9410,248.8354,248.9006,246.6742,263.6099,264.4934,292.4445,292.4446,287.8612,251.1187,262.8308,242.8302,253.9942,250.3536,253.4726,252.8104,259.8959,0.0000,257.9898,250.6216,268.2629,268.5080,253.0365,252.7099,285.7898,259.6126,256.3832,267.1836,258.4352,256.7281,258.7526,293.7495,263.0916,294.8085,316.0505,315.5506,290.2032,279.2122,247.8647,269.9973,269.6074,267.2886,270.0254,265.5791,254.6054,261.0195,261.9671,308.1450,315.0521,259.6582,269.0180,271.0158,271.1120,270.0927,267.9410,270.9671,270.4639,271.6344,271.1323,270.8110,266.7276,256.2895,249.1112,252.8122,0.0000,254.4615,256.5304,254.4616,250.4184,250.6546,253.8735,252.4595,256.3191,289.7810,251.3048,255.8746,255.5775,256.0272,254.1513,257.7919,268.9714,249.3366,254.1514,261.8350,259.4608,284.8016,285.5542,292.7298,259.8959,268.3041,259.8959,263.1428,265.3358,252.2369,254.1827
41.0000,288.2548,250.8749,251.3208,250.6805,243.8734,256.3714,254.0978,281.7842,256.5428,286.9124,272.5773,284.3988,257.0609,260.8287,247.5336,247.5378,254.1127,252.4030,256.6805,247.9900,252.8251,250.8804,251.5924,251.4575,258.7769,262.0075,262.6865,264.3548,287.2379,250.5226,251.3080,251.5786,289.6772,287.5751,284.4464,278.2058,255.8922,271.0744,255.9382,289.2098,308.3024,272.1051,273.1866,310.0235,292.9504,260.1447,270.3092,269.3272,244.1830,271.4876,268.5347,268.2151,274.0060,266.9785,275.0436,270.4744,251.9833,271.0758,253.9034,268.9720,265.2572,265.6431,269.6483,269.9958,263.8497,265.2316,265.7145,271.8799,267.3223,268.4452,276.0456,269.9976,269.8658,265.2931,259.1615,246.4348,249.6873,287.7968,283.8544,268.6490,252.0832,252.7549,255.9851,256.1187,256.9457,257.4965,257.8896,257.3852,256.8650,281.9733,256.2842,255.5556,254.9813,250.9873,249.1399,273.5331,274.1403,264.0898,0.0000,271.9652,277.2136,256.7615,251.9790,284.3352,256.0417,255.8596,258.8272,263.9945,264.5057,250.7387,257.4124,274.7770,283.6490,259.2801,254.4822,253.0985,257.0523,279.7947,253.7368,270.3008,268.6240,256.6460,257.4129,249.4523,258.4075,259.0516,286.5149,260.1793,255.7927,255.8381,248.0861,244.5587,253.8797,277.8665,251.8343,260.7741,256.7084,257.4053,257.7052,261.9042,252.1760,253.7057,250.2057,249.0577,268.5778,248.8316,249.0581,246.8122,264.0931,264.9761,292.0099,292.0100,287.5596,251.1195,262.7029,242.6864,254.1189,250.4361,253.5165,252.8792,260.4120,0.0000,258.4366,250.6688,268.4353,268.6959,253.1046,252.8135,285.5462,259.5408,256.3776,267.2587,258.4352,257.1653,258.7565,292.9995,262.9013,293.8891,314.6876,314.5676,289.9725,279.0820,247.9183,270.1827,269.8132,267.6768,269.8986,266.0658,254.7009,261.0973,261.9997,306.9654,313.7042,259.7235,269.7627,271.7908,271.8848,270.8141,268.5778,271.7407,271.1327,272.3286,271.9076,271.6529,267.3440,256.2842,249.1441,252.8810,0.0000,254.7435,256.5709,254.7436,250.5070,250.7453,253.9005,252.5408,256.7118,289.5412,251.3093,256.3311,256.0163,256.5004,254.4440,257.7350,269.5916,249.4642,254.4440,261.8123,259.4608,284.5901,285.3356,292.4752,260.4120,269.0460,260.4120,263.7255,265.8218,252.3405,254.2784
42.0000,287.4210,250.8211,251.2519,250.6303,243.8734,256.3438,254.1308,281.7842,256.4422,286.7358,272.6680,284.2274,257.0392,261.0227,247.4037,247.3982,253.9947,252.2992,256.8037,247.8515,252.7790,250.8402,251.5585,251.4075,258.7403,261.9530,262.6161,264.4658,287.0482,250.4780,251.2440,251.5595,289.4504,286.7525,283.7379,278.1330,255.7969,270.9106,255.8703,288.3450,306.8009,271.9907,273.3956,308.4646,292.6857,259.5308,270.3568,269.4189,244.1026,271.4370,268.4676,267.2270,274.4458,266.9634,274.4360,269.4471,251.9238,270.8938,253.3136,268.6994,265.2599,265.6609,269.5301,269.8624,264.6024,265.2380,265.7413,271.8334,267.2347,268.2808,276.0623,269.8764,269.6907,265.2955,258.8524,246.4348,249.6830,287.5988,283.7109,268.5810,251.7901,252.6484,255.8894,256.0195,256.8386,257.3840,257.7834,257.2833,256.7585,281.8563,256.1594,255.4847,254.9137,250.9362,249.1067,273.3133,274.0614,264.2080,0.0000,271.9927,277.1655,256.6894,251.9262,283.5767,256.1423,255.9397,258.8696,263.9969,264.5100,250.6479,257.2626,274.7525,283.5110,259.1047,254.5557,252.9882,256.9637,279.1592,253.6412,269.3138,268.6303,256.5621,257.3181,249.4259,257.8626,259.1186,286.3391,260.2006,255.2417,255.2870,248.0807,244.5120,253.8797,277.7617,251.7578,260.8055,256.6123,257.3075,257.6055,261.2074,252.1754,253.7062,250.1776,249.0577,268.5819,248.8316,249.0345,246.7650,264.0941,264.9844,291.5258,291.5259,287.2299,251.0602,262.4276,242.8353,253.5576,250.1315,253.4504,252.7854,260.4334,0.0000,258.5831,250.6186,268.3703,268.6261,253.0131,252.7486,285.3864,259.3329,256.2517,267.2462,258.4352,257.2921,258.7559,292.4354,263.0475,292.7883,312.6073,313.5473,289.7471,278.9715,247.7859,270.0378,269.6907,267.6242,269.7965,266.2966,254.7276,261.0767,261.9463,305.2443,311.6681,259.7324,269.9151,271.8231,271.9170,270.8417,268.5819,271.7730,271.0981,272.2810,271.9382,271.6890,267.3658,256.1594,249.1110,252.7871,0.0000,254.6930,256.4703,254.6931,250.4730,250.7068,253.8272,252.4555,256.7707,289.3237,251.2453,256.5045,256.1243,256.6457,254.3924,257.7627,269.3866,249.3447,254.3925,261.7661,259.4608,284.4387,285.1717,292.2167,260.4334,269.1851,260.4334,263.7489,265.8160,252.2755,253.7053
43.0000,289.2051,250.8543,251.2567,250.9590,244.2312,259.2005,257.0092,282.3092,256.6290,287.3733,273.2972,284.8969,257.1345,261.0227,247.5765,247.5897,254.0541,252.3690,256.9454,247.7229,253.9252,251.6188,252.4130,252.1467,262.5123,266.0036,266.7252,265.0499,287.8333,250.5286,251.3569,251.6127,290.2980,288.5939,285.6545,278.7049,255.9706,273.2239,256.0248,290.0978,307.9048,272.8207,274.1327,309.5099,293.4775,260.3694,270.2273,269.3457,244.4027,271.1993,268.2315,268.8178,274.1988,266.7499,274.8408,270.8755,251.9687,270.4158,254.0935,268.2189,265.0912,265.5068,269.1532,269.4418,264.3045,265.0962,265.5612,271.6416,266.9267,267.8605,275.8637,269.4947,269.3266,265.1267,259.2737,246.4348,249.6561,288.3624,284.3945,270.4560,252.0832,252.7164,256.0621,256.1899,257.0297,257.5735,257.9265,257.4406,256.9383,282.4797,256.2512,255.6483,255.0999,251.0768,249.1981,274.2542,275.1869,264.9035,0.0000,272.5580,277.7557,256.8087,252.6786,285.7133,256.2608,256.0432,258.7954,263.8517,264.3489,250.8182,257.3218,274.5532,284.2028,259.1447,257.2750,254.2594,256.7822,281.8963,253.9671,270.7221,268.4613,256.7208,257.5079,249.4766,258.5909,259.1625,286.9816,260.0500,255.9705,256.0160,248.0801,244.7626,262.5327,278.6624,251.8532,260.7452,256.7649,257.4586,257.7503,262.1160,254.0781,255.9848,250.4599,249.2942,268.4136,248.9297,249.2545,247.0180,263.9776,264.8455,291.4854,291.4854,287.4882,251.1581,262.2999,243.2895,253.2175,250.0805,253.6456,253.0556,260.2742,0.0000,258.7113,250.9384,268.1382,268.3922,253.2738,253.0428,286.0448,259.3160,256.3412,267.1237,258.4352,257.4221,258.7495,290.9221,263.3631,294.3679,316.1653,312.2859,290.6092,279.7941,247.9742,269.6200,269.3222,267.3452,269.2827,266.0345,257.5821,264.5513,265.9787,306.6637,314.9421,263.5323,269.8450,271.6821,271.7747,270.6724,268.4136,271.6320,270.9026,272.0872,271.7960,271.5532,267.2118,256.2512,249.2024,253.0575,0.0000,254.8329,256.6561,254.8331,250.7259,250.9388,253.9751,252.5084,256.8811,290.1474,251.3584,256.7285,256.2474,256.8024,254.5800,257.8612,268.9867,249.4768,254.5801,264.9615,259.4608,285.1537,285.9097,293.0199,260.2742,269.1479,260.2742,263.4676,265.6705,252.2432,254.4653
44.0000,286.7688,250.6604,251.0377,250.8403,244.2167,258.6771,256.5449,281.7842,256.3425,285.8826,272.2021,283.3879,256.7415,261.0227,248.2984,247.4582,256.3508,255.1379,256.9097,247.2614,253.7360,251.6738,252.4130,251.9989,261.9037,265.3480,266.0640,264.6448,286.1251,250.3557,251.1446,251.4056,288.4664,286.1743,283.5072,277.4236,255.6765,272.2060,255.7138,287.5870,303.8715,271.6589,273.0052,305.3391,291.5195,259.6713,269.5913,268.7484,244.4921,270.6626,267.8140,268.1121,273.4204,266.0155,273.8117,269.9612,253.7774,269.6982,253.4614,266.9183,264.5382,264.9482,268.5215,268.7870,263.4928,264.5024,264.9163,270.9888,266.2413,267.0877,275.2119,268.6942,268.2914,264.5733,258.8247,246.4348,249.5293,286.6149,282.8882,269.6197,252.0832,255.4561,255.7674,255.9070,256.7398,257.2772,257.5872,257.1069,256.6472,281.4471,255.8516,255.3293,254.8051,250.8596,249.0593,273.1362,274.1409,264.3380,0.0000,271.5050,276.5081,256.4617,252.5230,283.4616,256.0412,255.8270,258.4121,263.3163,263.8090,250.5578,256.8762,273.9010,282.6934,258.6042,256.7646,254.0669,256.1231,279.9649,253.8590,269.7704,267.8504,256.3748,257.1333,249.3599,257.9548,258.9849,285.4879,259.5896,255.3475,255.3928,248.0289,244.7303,261.9238,277.6221,251.6149,260.4231,256.4645,257.1063,257.3686,261.2836,253.4660,255.4264,250.2880,249.1229,267.8086,248.8977,249.1359,246.9855,263.4341,264.2616,289.6599,289.6600,285.9982,250.9554,261.7205,243.7443,253.2921,250.5271,253.4089,252.9090,259.8139,0.0000,258.6337,250.8205,267.7223,267.9303,253.1160,252.9205,284.5198,258.8097,255.9375,266.8765,258.4352,257.3793,258.7367,288.5501,263.1382,291.4261,311.2369,308.9107,288.7817,278.7559,247.8238,268.9649,268.7068,266.7576,268.5073,265.2765,257.1089,263.9535,265.3261,302.5316,310.1130,262.9396,269.1734,271.0330,271.1227,270.0257,267.8086,270.9836,270.2440,271.4289,271.1445,270.9017,266.6282,255.8516,249.0636,252.9112,0.0000,256.4082,256.3681,256.4082,250.5525,250.7691,253.6855,254.7240,257.3369,288.3679,251.1461,256.7375,256.0292,256.7954,256.1511,257.6630,267.8700,251.0060,256.1512,264.2833,259.4608,283.5939,284.3025,291.0827,259.8139,268.4726,259.8139,263.0085,265.0692,251.8505,253.8418
45.0000,281.9023,249.9780,250.3148,250.3312,244.5032,255.8121,253.9274,280.8157,255.5869,284.1909,270.7930,281.7276,254.9391,260.5726,247.8907,246.8546,256.3168,255.2768,256.3555,247.3135,252.3209,250.7987,251.2462,251.0001,257.9791,261.1295,261.7487,263.5623,284.0910,249.6960,250.5273,250.8426,286.2813,281.2189,278.9096,275.8601,254.9132,268.9524,254.9560,282.6525,297.5592,269.7169,271.5803,298.9024,289.1748,258.7607,269.0960,268.3038,244.0058,270.2022,267.4168,267.2290,272.9362,265.3233,272.7363,268.7906,253.6472,268.9724,252.5829,265.6572,263.9394,264.3551,267.8614,268.0958,263.1975,263.8901,264.2914,270.3451,265.5176,266.2654,274.6763,267.9523,267.3489,263.9748,258.0959,245.8080,248.7758,284.5420,281.0852,267.0215,252.0450,255.7402,255.0019,255.1476,255.9629,256.4760,256.7603,256.3035,255.8630,279.9532,254.9535,254.5686,254.0593,250.1613,248.3867,271.1044,272.1349,263.3478,0.0000,270.1275,274.9651,255.6751,251.4758,278.4388,255.4762,255.2604,257.8253,262.7093,263.2074,250.1011,255.9279,273.3476,280.8820,257.5784,254.3330,253.5562,261.6004,274.7787,253.3532,268.5649,267.2742,255.5743,256.2918,248.7085,257.0891,258.3695,283.8012,258.9901,254.4868,254.5320,247.3416,244.3818,253.1815,275.8647,250.9712,259.7043,255.6873,256.2930,256.5453,260.2789,252.1203,253.5158,249.7483,248.7962,267.2405,248.5829,248.6490,246.5111,262.8209,263.6511,288.0141,288.0142,284.3958,250.3279,260.3005,243.6121,252.1817,249.8276,252.7275,252.3745,259.2129,0.0000,258.0441,250.3217,267.3266,267.4925,252.5311,252.1705,282.7548,257.6643,255.0329,266.7331,258.4352,256.8142,258.7293,286.2257,262.3364,286.0178,303.9225,305.4847,286.5920,277.0778,247.2420,268.2946,268.0793,266.1036,267.6632,264.7045,254.5137,260.5159,261.1321,296.1465,302.9095,259.0163,268.5935,270.5270,270.6172,269.5232,267.2405,270.4771,269.6093,270.7842,270.6387,270.4030,266.0591,254.9535,248.3910,252.3769,0.0000,256.2106,255.6109,256.2105,249.9962,250.2077,252.9232,254.6970,256.8615,286.2266,250.5289,256.1809,255.4660,256.2406,255.9599,257.0168,266.8297,250.8135,255.9600,260.7624,259.4608,281.7265,282.3805,288.7628,259.2129,267.9017,259.2129,262.3843,264.4575,252.2997,252.9715
46.0000,277.4380,247.9896,248.2800,248.6902,243.5906,253.5197,251.7899,275.8076,253.3818,278.8492,266.8720,276.6921,252.5658,257.9180,246.9206,245.9769,254.6122,253.6391,255.1018,245.2904,250.5672,249.0714,249.5505,249.4126,255.5070,258.5946,259.1594,260.5806,277.8172,247.7306,248.5529,248.8475,278.3814,276.7300,274.6941,271.4104,252.7089,265.6895,252.7986,278.1271,291.7956,265.6602,267.6449,293.0270,281.1769,257.3730,268.0038,267.2614,243.3836,269.5933,266.9171,265.5360,272.5303,264.2715,271.1658,266.8707,251.8842,268.1082,251.2032,264.2840,262.8634,263.2806,267.0058,267.2224,263.1975,262.8737,263.2886,269.1664,264.3089,264.9621,273.9294,266.7108,266.1101,262.8986,257.0237,243.9188,246.6547,278.2195,275.6461,263.7574,250.4774,254.0538,252.7936,252.9532,253.7370,254.2233,254.4848,254.0623,253.6352,275.2375,252.7813,252.4511,251.9492,248.2223,246.4663,267.0262,268.1172,260.3281,0.0000,266.2517,270.5426,253.4533,249.8576,274.1420,254.2875,254.0568,256.7261,261.6385,262.1327,248.9862,253.7049,272.5565,275.4154,255.2925,252.2870,251.4304,260.8827,270.8329,251.3893,266.6394,266.1655,253.3831,254.0383,246.7556,255.7747,255.9057,278.5084,257.9345,253.1622,253.2071,245.3268,244.3818,250.7534,271.5190,248.9717,257.1075,253.4689,254.0584,254.3088,258.8052,249.7968,251.2172,248.3874,247.4403,266.1367,247.0456,247.8374,245.8460,261.7605,262.6299,282.6433,282.6434,279.3074,248.3558,257.7460,243.1282,250.6629,248.6199,250.7614,250.4743,258.1612,0.0000,256.7819,248.6791,266.8250,266.9284,250.6107,250.2060,277.3462,255.3059,252.8563,266.6025,258.4352,255.5554,258.7225,284.0398,259.4983,281.1560,297.6127,298.3706,278.8334,272.6239,246.3298,267.4641,267.2853,265.1296,266.8960,263.9681,252.3632,258.1497,258.6023,290.4996,296.6892,256.5323,267.4966,269.4141,269.5054,268.4253,266.1367,269.3646,268.4332,269.6036,269.5264,269.2852,264.9740,252.7813,246.4705,250.4766,0.0000,254.6225,253.4046,254.6225,248.6505,248.8526,250.8577,252.9669,255.4664,279.3797,248.5546,254.9135,254.2792,254.9779,254.3686,254.6776,265.5496,249.5806,254.3686,258.0491,259.4608,276.0557,276.5196,280.8031,258.1612,266.8160,258.1612,261.3884,263.4426,250.4549,251.6112
47.0000,273.3696,245.1561,245.4102,246.1006,241.3713,251.1802,249.5600,271.7534,250.3439,274.3998,263.2487,272.3955,249.1226,254.4051,245.0118,243.8926,252.3408,251.3876,253.0395,242.4791,248.2213,246.8381,247.2722,247.0642,253.0194,256.0394,256.5592,257.3607,273.3591,244.9209,245.7074,246.0112,273.7968,272.6790,270.8365,267.5156,249.6783,262.5704,249.8197,274.0052,286.5970,262.2277,263.9987,287.7311,276.4503,254.9977,266.3438,265.6341,241.6805,268.7276,266.2118,262.6976,271.9781,262.6005,269.1346,263.9395,249.4635,266.9488,248.8768,262.2786,261.0958,261.5129,265.8082,266.0277,263.1975,261.1966,261.6627,267.4347,262.4691,263.0656,272.7769,264.8927,264.2903,261.1308,255.0276,241.2622,243.9622,273.7183,271.3954,260.6458,247.6672,251.8549,249.7592,249.9263,250.6771,251.1368,251.4000,251.0002,250.5747,271.4929,249.8406,249.5141,249.0655,245.4881,243.7600,263.7262,264.7441,257.6557,0.0000,262.6359,266.6781,250.4263,247.4909,270.2060,252.2584,252.0161,254.8313,259.8603,260.3558,246.3205,250.7145,271.3423,271.1772,252.2678,250.1063,249.1711,260.4569,267.1005,248.5297,263.7671,264.4296,250.3774,250.9894,243.9900,253.5084,252.6049,274.0834,256.1012,250.8984,250.9430,242.6497,243.0729,248.3118,267.9688,246.0965,253.6892,250.4191,251.0051,251.2460,256.3455,247.8867,249.1578,246.1712,245.3385,264.4093,244.4675,245.9798,244.0972,260.0062,260.9416,279.6041,279.6042,275.9149,245.5189,254.3812,241.7160,248.2007,246.4913,247.9795,247.6641,256.3237,0.0000,254.6615,246.0839,266.1141,266.1267,247.7752,247.3031,273.0179,252.1751,249.9098,266.2111,258.4352,253.4941,258.7021,282.2419,256.1351,276.9623,293.0785,293.9381,274.2392,269.0161,244.1604,266.3249,266.1853,263.6590,266.2482,262.8069,250.1177,255.7257,256.0523,285.9682,292.1264,254.0266,265.7005,267.7429,267.8348,266.7462,264.4093,267.6929,266.6799,267.8692,267.8566,267.5979,263.2328,249.8406,243.7642,247.6663,0.0000,252.4137,250.3658,252.4137,246.4117,246.5888,248.0066,250.6061,253.3367,274.8241,245.7092,252.8420,252.2511,252.9031,252.1655,251.5038,263.6727,247.5368,252.1656,255.3710,259.4608,271.7601,272.1767,276.0976,256.3237,264.9907,256.3237,259.4923,261.7593,247.9293,249.3044
48.0000,273.2660,243.2183,243.4388,244.5534,240.0030,251.9560,250.3514,269.3419,248.3122,271.6432,261.0840,269.7099,247.2694,253.2064,243.6295,242.5061,250.4566,249.5584,251.3517,240.4367,247.5425,245.9350,246.4450,245.9957,254.6495,257.7750,258.3275,256.2982,270.5534,243.0033,243.7909,244.0651,270.9077,272.6856,270.8627,265.1124,247.6738,262.8209,247.9051,273.8687,285.7949,260.5605,261.8853,286.8688,273.4375,253.0803,264.3261,263.5963,240.5519,267.8083,265.4920,260.2281,270.5743,260.8854,267.0805,261.3608,247.5771,265.8139,246.9636,260.3416,259.4002,259.8082,264.6155,264.8338,261.8217,259.5427,259.9900,265.5919,260.7811,261.4081,271.4907,263.1420,262.4081,259.4350,253.4373,239.3726,241.9092,270.8799,268.7403,260.4456,245.8263,249.9830,247.7538,247.9739,248.5832,248.9915,249.3243,248.9460,248.5156,269.3452,247.8417,247.6000,247.1643,243.6327,241.8939,262.2249,263.4128,256.6023,0.0000,260.4368,264.3011,248.4676,246.4222,270.4151,250.6338,250.3924,253.2039,258.1865,258.6724,244.5747,248.6779,270.0444,268.5317,250.1777,250.7781,248.4302,258.2867,267.7078,246.6482,261.2056,262.5986,248.3942,248.9885,242.0717,251.6687,251.0525,271.3381,254.4704,249.0465,249.0907,240.6953,242.1621,254.6660,266.2682,244.1569,252.0150,248.4239,248.9627,249.1888,254.3779,247.6757,249.3304,244.6661,243.7332,262.5676,242.9200,244.6722,242.8938,258.3448,259.2876,276.9960,276.9961,273.4998,243.6022,252.1053,240.8440,246.3356,244.9197,246.1330,245.8234,254.6942,0.0000,252.9045,244.5262,265.3888,265.3019,245.9308,245.5125,270.3158,250.0321,247.9061,265.8232,258.4352,251.7799,258.6819,280.5525,255.0092,277.0345,293.7924,290.2111,271.3451,267.1884,242.7213,265.2010,265.0858,262.2154,265.6132,261.1821,250.8792,256.9843,257.7729,286.5054,292.8004,255.6763,263.9431,265.7170,265.8036,264.7928,262.5676,265.6691,264.8186,266.0234,265.8264,265.6083,261.4364,247.8417,241.8981,245.8255,0.0000,250.5915,248.3332,250.5915,244.8914,245.0450,246.0983,248.7249,251.5835,271.9530,243.7927,251.1381,250.6266,251.2083,250.3518,249.8498,261.7736,245.9783,250.3519,256.4410,259.4608,269.0728,269.4547,273.1038,254.6942,263.2470,254.6942,257.8810,260.1031,245.9396,247.4124
