"ETAPA \ BARRA","AGUAYTIA 220","BALNEARIO 220","BALNEARIOS 60 A","CALLAHUANCA 220","CALLAHUANCA 60","CARHUAMAYO 220","CARHUAMAYO NUEVA 138","CARHUAQUERO 220","CHAVARRIA 220 A","CHICLAYO OESTE 220","CHIMBOTE 220","GUADALUPE 220","HUACHIPA 60","HUACHO 220","HUANCAVELICA 220","HUAYUCACHI 220","ICA 220","INDEPENDENCIA 220","MARCONA220","MOYOPAMPA 60","OROYA NUEVA 220","OROYA NUEVA 138","OROYA NUEVA 50","PACHACHACA 220","PARAGSHA2 220","PARAGSHA 138","PARAGSHA 50","PARAMONGA NUEVA 220","PIURA OESTE 220","SAN JUAN 220","SANTA ROSA 220 A","SANTA ROSA EDS 60","TALARA 220","TINGO MARIA 138","TINGO MARIA 220","TRUJILLO 220","VENTANILLA 220","VIZCARRA 220","ZAPALLAL 220","AGUAYTIA 138","PUCALLPA 138","HUALLANCA 138","CHIMBOTE 138","PUCALLPA 60","ZORRITOS 220","ABANCAY NUEVA 138","ARICOTA138","ARICOTA II 66","CAMPO ARMINO 220","AYAVIRI138","AZANGARO 138","CACHIMAYO 138","CALLALLI 138","CERRO VERDE 138","COMBAPATA 138","DOLORESPATA 138","DESIERTO220","JULIACA 138","MACHUPICCHU 138","MOLLENDO 138","MOQUEGUA 220","MOQUEGUA 138","PUNO 220","PUNO 138","SANTUARIO 138","SOCABAYA 220","SOCABAYA 138","ILO 138","LOS HEROES 220 A","LOS HEROES 66","TINTAYA 138","TOMASIRI 66","REPARTICION 138","ILO2 220","COTARUSE 220","CHILCA REP 220","CANTERA 220","PIURA OESTE 60","LA NINA 220","CONOCOCHA 220","HUINCO 220","INDEPENDENCIA 60","CHILLON 220","CHILLON 60","CHAVARRIA 60 A","CHAVARRIA 60 B","BARSI 60","BARSI 220","OQUENDO 60","CAJAMARCA 220","PLANICIE 220 A","CARABAYLLO 220","CARABAYLLO 500","CHILCA CTM 500","CHILCA CTM 220 A","KIMAN AYLLU 138","KIMAN AYLLU 220","PARAMONGA EXISTENTE 138","MACHALA 200","CHIMBOTE 500","TRUJILLO 500","HUARANGAL 60","POMACOCHA 220","PIEDRA BLANCA 138","POROMA 220","POROMA500","OCONA 500","MONTALVO 500","MONTALVO 220","HUANZA 220","INDUSTRIALES 220 A","TINTAYA 220","LA NINA 500","INDUSTRIALES 60","CARHUAMAYO 50","CARIPA138","HUAMPANI 60","HUANUCO 138","REFINERIA ZINC 220","QUENCORO 138","ILO 3 220","MIRADOR 220","MIRADOR 60","ALTO PRADERA 220","ABANCAY NUEVA 220","LOMERA 220","REQUE 220","SAN JOSE 500","SANTA TERESA 220","SURIRAY 220","ASIA 220","CERRO DEL AGUILA 220","CHAGLLA 220","RAMADA 220","SANTA ROSA LDS 60","LOMERA 60","ZAPALLAL 60","MALVINAS 220","MALVINAS 60","ABANCAY 138","YAUPI 138","SANTA ISABEL 220","YANANGO 220","CHIMAY 220","ILO3 138","MATUCANA 220","COLCABAMBA 500","COLCABAMBA 220","YARABAMBA 500","YARABAMBA 220","BELAUNDE 220","BELAUNDE 138","CACLIC 220","INDUSTRIALES 220B","PLANICIE60","COBRIZAI 69","MOLLEPATA 60","MOLLEPATA220","CARAPONGO 500","CARAPONGO 220 A","SAN JOSE 220","MARCONA 60 A","SAN NICOLAS 60","CALLAHUANCA EDN 220","PUMIRI138","PUMIRI220","SAN MIGUEL 220","SAN MIGUEL 60","FELAM 220","MANCHAY 60","MANCHAY 220","SAN RAFAEL 138","SAN GABAN 138","MARCONA 60 B","ANGEL 138","PTO MALDONADO 138","MEDIO MUNDO 220","AUCAYACU 138","BELLAVISTA 138","TARAPOTO 138","PARINAS 220","PAMPA HONDA 220","ORCOTUNA 220","SAN ROMAN 138","SAN ROMAN 220","CHILOTA 220","MAZUCO 138","JESUS 138","CARHUAMAYO 138","CINCO MANANTIALES 138","OXIDOS CERRO 138","TOCACHE 138","JUANJUI 138","FRANCOISE 220","BOTIFLACA 138","MILL SITE 138","PLAZA TOQUEPALA 138","QUEBRADA HONDA 138","PANAMERICANA SOLAR 138","TOQUEPALA 138","ILO ELS 138","REFINERIA 138","LIXIVIACION 138","PUSHBACK 138","INTIPAMPA 138","PLANICIE 220 B","CHILCA CTM 220 B","CARAPONGO 220 B","CHILCA 1 220","DERIVACION 220","CHAVARRIA 220 B","DERIVACION 220  BARRA II","CAMPAS 220","CAMPAS 500","PLANICIE 500","NUEVA CHINCHA 220","CAHUACHI 220","VALLE DEL CHIRA 220","SANTA ROSA 220 B","ERSUR 220","FLAMENCO220","BARRA3HERMANAS","BARRAPTALOMITAS","PUERTO CHANCAY 220","CHAPARRAL 138","CHIRIBAMBA 220","BARRAPTALOMITAS2","YSHCAYUCRO 220","PAQUILLUSI 220","MIGUEL GRAU 500","MIGUEL GRAU 220","ALIPIO ROSALES 220","SUNNY","CUAJONE 138","SAN MARTIN 220","SAN LUIS 220","CERRO VERDE 220","PORTILLO 60"
1.0000,240.9826,258.7164,259.2813,251.2733,244.9309,237.9002,237.4102,261.4266,261.6111,269.4163,264.7885,268.5762,260.0742,257.1003,228.9461,154.4942,252.5031,252.7246,246.8706,255.5412,241.4533,237.3631,239.2929,243.1064,238.2579,240.9757,241.3320,256.8182,272.5495,258.4784,260.5869,261.5486,274.2834,242.1826,243.0825,267.1477,263.7143,248.0704,264.6269,241.4093,249.8252,249.7610,265.2295,250.5823,275.0873,231.6329,248.1760,247.3209,219.7543,237.0802,231.7872,236.9297,246.9114,245.2524,242.0948,237.6987,256.0574,237.9692,225.9222,249.4772,243.8259,244.1882,238.5537,238.7538,241.6712,243.7258,244.1476,249.3829,245.3842,246.1524,247.0232,248.0711,247.6678,243.8344,235.0881,256.8982,256.0736,272.7445,270.2001,250.0816,254.6394,253.8291,263.7787,264.0072,263.9940,264.6297,264.2217,263.7040,264.4046,262.5134,260.1317,265.2379,259.4068,257.2904,257.1857,252.4011,254.6559,258.2796,0.0000,264.7604,266.8561,264.6444,243.9975,242.9351,246.0575,246.1482,243.5903,243.0615,243.3018,0.6589,260.7812,245.7546,270.2067,261.1331,237.7505,234.0289,260.7325,244.4355,259.6970,237.5600,246.3653,264.9725,264.6823,258.2788,229.8113,260.6194,269.2829,242.5862,226.1452,226.2041,257.1234,230.3875,227.2986,258.3843,260.9372,261.2161,264.4175,264.3077,264.3177,232.7079,232.5152,234.5261,245.5344,243.2795,246.3420,249.0566,241.5225,232.5469,244.1411,243.6573,267.1452,268.3624,265.0612,260.0746,265.3447,219.1570,231.8069,230.1398,257.3923,258.3193,242.4006,0.0000,251.1856,251.4274,232.0723,234.4035,258.4240,258.2179,269.9868,262.9878,260.1962,219.5496,202.8411,247.5448,203.1219,218.2956,257.0535,247.0110,269.2399,272.0985,274.7058,259.6048,131.8720,237.9195,237.4832,241.3767,207.7484,243.7742,237.6889,241.7863,241.0220,257.6233,267.5166,238.9735,248.0968,249.6349,249.7070,248.5417,246.3420,249.5894,248.6036,249.7746,249.7259,249.5539,245.6954,260.1317,257.1857,258.3241,0.0000,249.6558,263.4573,249.6555,246.6225,247.6316,258.8876,255.0827,248.3739,274.3856,260.5828,245.8416,246.0564,246.0912,248.6899,261.8600,248.2219,238.2677,248.6890,241.8887,222.2032,270.8039,271.3631,275.0271,242.4006,247.4661,242.4006,244.7715,244.3712,259.1598
2.0000,239.2481,257.1225,257.6624,249.9291,243.6990,236.6434,236.1705,260.7419,260.1004,268.9611,263.8898,268.4657,258.6000,256.5978,227.8406,153.7653,251.2251,251.3778,245.9734,253.9087,240.1874,236.1086,238.0326,241.8419,237.0083,239.6148,239.9741,256.1284,272.0233,256.8968,259.0744,260.0134,274.0044,240.3219,241.3984,266.3847,262.2367,246.8704,263.2523,239.6566,247.7094,248.8393,264.3522,248.4337,275.0492,230.8504,247.9925,247.1459,218.7779,236.9051,231.6187,236.0531,246.8106,245.0221,241.5543,236.8021,254.6006,237.7582,225.1596,249.0017,243.6484,244.0044,238.3538,238.5513,241.6712,243.5164,243.9398,249.1771,245.1747,245.9234,246.8261,247.8733,247.3305,243.6570,234.3500,255.3229,254.5610,272.2167,269.6057,249.0510,253.2526,252.4859,262.2984,262.5106,262.4651,263.0710,262.7003,262.1968,262.8727,261.8385,258.7228,263.8549,258.0497,255.9301,255.7490,251.4392,253.7600,257.5544,0.0000,263.8397,266.0629,263.2300,242.7133,240.4107,245.2994,245.3867,243.3397,242.8824,243.1285,0.6589,259.3509,245.5554,269.5946,259.6943,236.4756,232.7723,259.1217,242.2420,258.2711,236.6806,246.1789,263.5267,263.2273,256.6942,229.0450,259.7564,268.8827,242.5637,225.3836,225.4423,255.5645,229.3671,226.1065,257.5789,259.4123,260.4639,262.9278,262.8141,262.8167,231.9215,231.2572,233.2746,244.3352,242.0708,246.1606,247.7233,240.4572,231.5170,243.8914,243.4439,267.3241,268.6890,264.8351,258.5454,263.7474,218.5635,230.3250,228.9130,256.0370,256.9126,242.3716,0.0000,250.2276,250.0815,231.9020,234.2180,257.0131,256.8243,269.4543,261.4986,258.7842,219.4912,202.7003,246.5798,202.9856,217.7245,256.4488,245.5643,270.7098,274.5965,274.4412,258.8340,131.2401,237.7153,237.2840,241.1825,207.4887,243.6182,236.4391,240.4717,239.6623,257.2311,268.6688,237.7065,247.8353,249.4475,249.5209,248.3591,246.1606,249.4019,248.3997,249.5692,249.5394,249.3405,245.5106,258.7228,255.7489,256.9173,0.0000,248.4969,261.9618,248.4966,245.4289,246.4298,257.5134,253.6579,247.3956,273.9355,259.0704,244.9343,245.2988,245.1812,247.5328,260.8083,247.8423,237.0697,247.5310,240.7048,222.0273,270.2148,270.7926,274.9529,242.3716,247.2112,242.3716,244.6600,244.1962,257.5954
3.0000,238.5275,256.3201,256.8460,249.1958,243.0270,236.0118,235.5269,259.7950,259.2565,267.9643,262.9983,267.5186,257.5304,255.7646,227.3984,153.4027,250.9865,250.9886,245.9285,252.9686,239.5337,235.3601,237.3496,241.1894,236.3874,239.0297,239.4020,255.2891,271.0785,256.1032,258.2420,259.1618,272.9886,239.6235,240.6919,265.4571,261.3763,246.2134,262.4240,238.9284,246.8281,248.0623,263.4411,247.5386,273.9906,230.5969,248.0038,247.1648,218.3179,236.9572,231.6535,235.8348,246.8601,245.2487,241.4528,236.5796,254.0854,237.7665,224.9233,252.9145,243.6518,244.0161,238.3662,238.5596,241.6712,243.5280,243.9756,249.1742,245.1703,245.9095,246.8989,247.8958,248.3028,243.6604,234.1159,254.5962,254.0519,271.2777,268.6687,248.3350,252.4750,252.1105,261.4363,261.6492,261.5924,262.1863,261.8351,261.3297,261.9978,260.9649,257.9744,263.0389,257.2733,255.2161,255.0301,250.7140,252.9902,256.6675,0.0000,262.9512,265.1443,262.3709,242.0584,239.7026,245.0967,245.1552,243.2687,242.8766,243.1270,0.6589,258.5909,245.6270,268.6578,258.9293,235.7838,231.8174,258.3937,241.5095,257.4691,236.4736,246.1798,262.6844,262.3849,255.9189,228.8029,258.9136,267.8939,242.5637,225.1473,225.2059,254.9103,228.8867,225.5142,256.7699,258.5684,259.5731,262.0582,261.9454,261.9238,231.6533,230.6450,232.6543,243.7255,241.4668,246.1567,246.9951,239.9560,231.0320,243.8730,243.4514,266.3353,267.6828,263.8973,257.7224,263.0574,217.9908,229.9199,228.4707,255.2857,256.1238,242.3737,0.0000,250.4550,249.3464,231.9370,234.2534,256.2121,255.9781,268.5164,260.7922,258.0346,219.4665,202.6472,246.5989,202.9340,217.3896,255.6107,244.8189,269.5334,273.3073,273.4226,258.0087,130.9180,237.7273,237.3006,241.1922,207.3371,243.6278,235.7828,239.8639,239.0769,256.3156,267.5279,237.1503,247.9443,249.4552,249.5282,248.3452,246.1567,249.4097,248.3862,249.5481,249.5471,249.3555,245.5212,257.9744,255.0300,256.1284,0.0000,248.5365,261.0994,248.5362,244.8199,245.8147,256.7584,253.1853,247.3599,272.9612,258.2380,244.9875,245.0966,245.1917,247.7276,259.9781,249.7121,236.6473,247.7260,240.0551,222.0609,269.2759,269.8528,273.9006,242.3737,247.3137,242.3737,244.6798,244.2162,256.6960
4.0000,233.3295,251.1482,251.6528,244.2419,238.2519,231.2508,230.7955,254.0544,254.0065,261.9901,257.3267,261.6262,252.4714,250.4798,223.1026,150.4872,246.2164,246.1367,241.8984,247.8722,234.7782,230.6484,232.6093,236.4406,231.5928,234.2612,234.6294,249.9972,264.9607,250.9436,253.0249,253.9270,266.7643,234.4172,235.5009,259.6624,256.0653,241.0819,257.1150,233.7086,241.1760,242.7251,257.7220,241.8475,267.7076,226.7581,244.3548,243.5236,214.2525,233.9388,228.6065,231.9628,245.5074,242.0930,237.9995,232.7290,249.1221,234.5666,221.1890,249.5055,240.2159,240.5721,235.1478,235.3287,241.6712,240.2595,240.8568,245.6243,241.6997,242.4323,243.9102,244.3500,245.0629,240.2245,230.2531,249.5144,248.9925,265.1398,262.6917,243.1443,247.4220,247.2111,256.1228,256.3372,256.2716,256.8453,256.4866,256.0123,256.6684,255.2337,252.7538,257.7324,252.0919,250.1644,249.9665,245.3413,247.5441,251.3864,0.0000,257.3015,259.3663,257.0422,237.2892,234.5472,241.0372,241.0731,239.6500,239.4576,239.6964,0.6589,253.3473,242.5535,262.6802,253.6737,231.0367,227.1630,253.1262,236.4213,252.3010,232.6544,242.6578,257.3552,257.0377,250.7789,225.0112,253.5668,261.9327,239.1490,221.4107,221.4684,249.8343,224.6327,220.9401,251.1939,253.3385,254.0240,256.7281,256.6192,256.6076,227.7922,225.9814,227.9566,239.0295,236.8142,242.6299,242.0838,235.5030,226.7381,240.4573,240.1651,260.3454,261.6291,258.0245,252.5193,257.4270,214.2335,225.2831,224.0598,250.1842,250.9979,238.9602,0.0000,246.2900,244.3883,228.8872,231.1946,251.0862,250.9026,262.5296,255.3682,252.8096,216.5912,199.9327,242.5035,200.2187,214.1448,250.3174,239.4049,263.3079,266.9867,267.1880,252.3883,128.4101,234.5268,234.1242,237.8635,204.4456,241.5359,231.0470,235.0667,234.3067,250.4969,261.3610,232.3082,244.4113,245.7811,245.8550,244.7386,242.6299,245.7373,244.8250,245.9935,245.8731,245.6207,242.0137,252.7538,249.9664,251.0024,0.0000,244.0313,255.7946,244.0310,240.1104,241.0816,251.6129,248.2626,243.1875,266.7594,253.0211,241.0924,241.0372,241.2328,243.2465,254.6776,246.4206,232.1352,243.2449,235.1398,219.1613,263.2625,263.8070,267.6253,238.9602,243.7879,238.9602,241.2987,240.9039,251.5375
5.0000,230.0486,246.8996,247.3307,240.3505,233.7150,230.8708,230.4402,247.7579,246.6184,255.2401,250.6894,254.9045,246.1822,241.5446,237.4281,234.7679,249.1029,249.1698,244.1381,242.4340,235.9506,231.1303,233.3886,238.1431,230.5991,233.2670,233.6507,242.2206,257.9289,246.7132,246.4065,246.9062,259.6348,231.3742,232.2215,253.0058,246.4150,237.5391,245.7532,230.4138,237.6065,236.7268,251.2769,238.2532,260.5078,234.3811,248.9379,248.0763,232.3934,238.5565,233.1481,239.3402,247.6672,246.6049,244.0966,239.9969,249.8918,239.2480,228.6765,250.1627,244.8460,245.2024,239.7969,240.0372,241.6712,245.2083,245.5524,250.3247,246.3364,247.0985,248.7078,249.0549,248.8165,244.8546,238.5229,246.0172,248.7665,258.0797,255.8417,238.6180,241.0874,250.2459,246.4681,246.6647,246.9759,247.3297,247.3628,247.0483,247.0386,249.1113,246.8907,245.6697,245.5828,245.1866,245.4845,239.3624,242.0639,243.5701,0.0000,250.6541,252.6639,246.3017,239.4386,231.8200,243.2067,243.1330,243.8517,243.8099,244.2800,239.5079,247.4619,247.2525,255.8034,247.7787,230.6359,227.4349,247.3534,234.3096,245.3204,239.8574,247.2921,246.4182,246.7273,246.8156,232.7102,243.5496,255.1872,243.9872,228.9222,228.9818,247.4552,233.0686,219.9920,245.4166,246.7044,244.0436,246.7626,246.9870,247.1362,235.4268,225.6153,227.5841,238.7322,236.5197,247.2607,238.1368,237.6639,235.2531,244.4676,245.0876,254.3166,255.7167,251.9451,246.4793,251.5057,231.5505,240.5982,238.6962,244.7456,244.5730,244.0991,0.0000,248.5525,240.4037,233.4334,235.7212,244.6633,244.5744,255.7194,249.4821,246.9444,220.8014,203.7915,244.8019,204.0845,217.9717,242.0114,235.9963,257.8918,261.1044,260.0448,246.5110,235.4680,239.2115,238.7439,242.5050,208.2832,244.6580,230.6924,234.3726,233.3210,246.1577,256.1200,231.3094,249.0463,250.3935,250.4687,249.3671,247.2607,250.3495,249.4910,250.6988,250.4869,250.2148,246.6392,246.8907,245.4845,244.5749,0.0000,246.6852,246.6664,246.6848,239.5654,240.0578,245.7689,250.0158,245.5972,259.6526,246.4048,243.3967,243.2066,243.5106,245.8648,244.2058,249.2289,242.0524,245.8631,233.0674,223.4523,256.3469,256.8595,260.4345,244.0991,248.4296,244.0991,246.3711,245.9164,245.3609
6.0000,227.9480,245.1554,245.5825,238.6003,232.0650,229.0530,228.6463,245.6389,244.7815,253.0634,248.6311,252.7582,244.1253,238.9004,235.8030,233.1337,247.2884,247.4064,242.6975,240.6010,234.2293,229.4956,231.7281,236.4336,228.7390,231.3551,231.7244,239.7310,255.7369,244.9730,244.5868,245.0776,257.4065,229.2730,230.1262,250.8934,244.5395,235.4554,243.8551,228.3036,235.3046,234.7841,249.1885,235.9340,258.2400,233.0365,248.0580,247.2279,230.8346,237.5301,232.0981,238.0165,247.2562,245.5457,242.9506,238.6913,248.1494,238.1682,227.3753,249.1449,243.7094,244.0733,238.7200,238.9635,241.6712,244.0948,244.4919,249.2350,245.1600,245.8723,247.7018,247.8147,247.7543,243.7180,237.1723,244.3565,247.0642,255.8839,253.6829,236.4746,239.3063,248.4596,244.5919,244.7964,245.1159,245.4718,245.4890,245.1767,245.1759,246.9543,245.0846,243.8001,243.7568,243.4343,243.7640,237.3532,239.9613,241.0584,0.0000,248.6078,250.5644,244.3881,237.7246,229.7370,241.7732,241.6959,242.5864,242.6610,243.1344,237.7309,245.6446,246.2152,253.6460,245.9568,228.8523,225.7555,246.0677,232.2494,243.4995,238.5641,246.2359,244.5420,244.8425,245.0998,231.3848,241.2165,253.0154,242.8014,227.6198,227.6791,245.7500,231.5084,218.2176,243.2746,244.8763,241.6197,244.8774,245.1080,245.2451,234.0653,223.8338,225.7901,237.0694,234.8922,246.2149,236.4020,236.0752,233.6783,243.3133,243.9673,252.0245,253.3948,249.7049,244.6788,249.6832,230.1960,238.7688,237.0045,242.9519,242.7662,242.9142,0.0000,246.9458,238.6524,232.3843,234.6804,242.8472,242.7162,253.5652,247.6741,245.1371,219.7566,202.8141,243.3390,203.1064,216.7213,239.4506,233.8398,255.5151,258.6517,257.8163,244.3610,233.8129,238.1353,237.6757,241.3966,207.2275,243.9447,228.8960,232.5033,231.4105,243.9583,253.7689,229.4470,247.9847,249.5113,249.5844,248.4465,246.2149,249.4658,248.4120,249.6080,249.6032,249.4186,245.5781,245.0846,243.7639,242.7680,0.0000,244.8413,244.7990,244.8409,237.8956,238.3820,243.9689,248.2583,244.0084,257.4359,244.5852,241.9291,241.7731,242.0831,243.9290,242.0322,248.1802,240.3731,243.9270,231.1209,222.4657,254.1805,254.6856,258.1730,242.9142,247.3507,242.9142,245.2274,244.7902,243.5834
7.0000,225.5310,242.2981,242.7112,235.9469,229.5266,226.5557,226.1625,243.0514,242.0540,250.3369,245.9159,250.0192,241.4562,236.9712,233.1630,230.5572,244.2850,244.4903,240.0546,237.7991,231.6203,226.8936,229.1151,233.7972,226.2682,228.8536,229.2229,237.6188,253.0263,242.1201,241.8368,242.2949,254.6908,226.8381,227.6905,248.1619,241.8222,233.0244,241.1426,225.8823,232.7996,232.3099,246.4694,233.4215,255.5169,230.6742,245.6989,244.8515,228.3024,235.5373,230.0909,235.6466,246.2669,243.7488,240.7620,236.3251,245.1959,236.0796,225.0623,250.9761,241.4384,241.7734,236.6106,236.8455,241.6712,241.9885,242.5179,246.8147,242.8956,243.6323,245.7202,245.5401,246.6943,241.4470,234.7590,241.4542,244.1553,253.1811,250.9642,234.0926,236.6428,245.5683,241.8734,242.0635,242.3850,242.7268,242.7258,242.4950,242.4349,244.3475,242.2979,241.0527,241.0145,240.6767,240.9549,234.8762,237.4734,238.9325,0.0000,245.8877,247.8376,241.6662,235.0621,227.2803,239.2488,239.1762,240.2413,240.4191,240.8726,235.0670,242.8430,244.1958,250.9272,243.1467,226.3721,223.2050,243.4353,229.7315,240.7905,236.2082,243.9122,241.7086,242.0406,242.2248,229.0403,238.9375,250.2869,240.5358,225.3053,225.3639,242.8302,228.9761,215.8604,240.7318,242.1200,239.3430,242.1436,242.1642,242.3937,231.7038,221.3756,223.3208,234.4370,232.2644,243.9027,233.7731,233.4982,231.1223,241.1093,241.8482,249.3569,250.7232,247.0632,241.9040,246.7694,227.7141,236.0892,234.3569,240.2187,240.0641,240.6474,0.0000,244.4866,235.9985,230.3755,232.6730,240.1467,240.0338,250.8531,244.8209,242.3489,217.7418,200.9682,240.6852,201.2571,214.6327,237.4195,231.3246,252.6950,255.8059,255.0970,241.7996,231.2235,236.0406,235.5955,239.2067,205.3022,242.6267,226.4076,229.9790,228.9081,241.2850,250.9678,226.9593,245.4237,247.1500,247.2242,246.0798,243.9027,247.1049,246.0291,247.1835,247.2424,247.0244,243.2612,242.2979,240.9549,240.0659,0.0000,241.7040,242.0829,241.7036,235.2594,235.7376,241.2104,245.3195,241.1999,254.7013,241.8351,239.1685,239.2487,239.4228,240.6275,239.6088,248.0030,237.6251,240.6253,228.6768,220.5627,251.4637,251.9710,255.4506,240.6474,244.7659,240.6474,243.0150,242.6393,240.8456
8.0000,225.4068,242.1558,242.5686,235.8053,229.3944,226.4487,226.0636,242.9510,241.9034,250.2382,245.8124,249.9219,241.3718,236.8915,232.9888,230.4304,243.9522,244.2363,239.7314,237.3804,231.4774,226.6869,228.9329,233.6586,226.1646,228.7731,229.1440,237.5416,252.8976,241.9766,241.6871,242.1292,254.5800,226.7263,227.5756,248.0643,241.6804,232.9265,241.0128,225.7547,232.6048,232.2131,246.3706,233.2206,255.4128,230.6789,245.7161,244.8853,228.1654,235.5582,230.1137,235.7010,246.3238,243.6739,240.8076,236.3828,244.9757,236.0586,225.0550,250.8389,241.3782,241.7278,236.5806,236.8068,241.6712,241.9081,242.4428,246.8048,242.8360,243.5609,245.7286,245.5727,246.6190,241.3867,234.7203,241.3016,243.9150,253.0447,250.8532,233.9976,236.5029,245.3099,241.7318,241.9250,242.2307,242.5671,242.5725,242.3426,242.2848,244.2373,242.1571,240.9217,240.8776,240.5315,240.8070,234.7698,237.3724,238.8560,0.0000,245.7810,247.7359,241.5405,234.9279,227.1750,239.0511,238.9926,240.1172,240.3450,240.8048,234.9389,242.7043,244.1945,250.8143,243.0087,226.2816,222.9807,243.2063,229.6380,240.6485,236.2648,243.8771,241.5799,241.9250,242.0755,229.0353,238.8644,250.1884,240.4410,225.2977,225.3564,242.6638,228.8331,215.7616,240.6257,241.9685,239.3841,242.0066,242.0278,242.2519,231.7207,221.2979,223.2266,234.2936,232.1222,243.8623,233.6328,233.3484,230.9780,241.0261,241.7661,249.2081,250.5722,246.9334,241.7558,246.6266,227.6254,235.8701,234.1694,240.0787,239.9222,240.5501,0.0000,243.8210,235.8569,230.3953,232.6771,240.0068,239.9055,250.7498,244.6777,242.2080,217.7684,200.9823,240.3243,201.2718,214.5470,237.3417,231.2196,252.4706,255.5316,254.9888,241.6921,231.0965,236.0163,235.5751,239.1592,205.2976,242.5833,226.3069,229.8952,228.8280,241.1638,250.7544,226.8494,245.5028,247.1549,247.2273,246.0620,243.8623,247.1096,246.0033,247.1747,247.2461,247.0516,243.2295,242.1571,240.8070,239.9240,0.0000,241.2079,241.9364,241.2076,235.1151,235.5931,241.0702,245.0908,240.8094,254.5832,241.6855,238.6683,239.0509,239.0781,240.0218,239.4974,247.9089,237.4198,240.0194,228.5758,220.5667,251.3469,251.8501,255.3458,240.5501,244.8739,240.5501,242.9226,242.5530,240.6084
9.0000,225.5722,242.2056,242.6198,235.8604,229.4559,226.5026,226.1116,243.1724,241.9639,250.5114,246.0249,250.2151,241.4783,237.1189,232.9804,230.4785,243.8098,244.1613,239.5957,237.4001,231.5375,226.8247,229.0302,233.7088,226.2188,228.7643,229.1344,237.7523,253.1607,242.0248,241.7428,242.1738,254.8419,226.9023,227.7380,248.2971,241.7578,233.0532,241.1009,225.9207,232.7812,232.3817,246.6011,233.3980,255.6633,230.6742,245.7769,244.9392,228.1984,235.6139,230.1746,235.6812,246.3390,243.7320,240.8527,236.3592,244.9410,236.1528,225.0591,250.8782,241.4485,241.8065,236.6650,236.8957,241.6712,241.9676,242.5015,246.8667,242.9359,243.6787,245.7609,245.7160,246.6794,241.4571,234.7350,241.3442,243.8980,253.3103,251.1171,234.1459,236.5064,245.2240,241.8093,242.0002,242.3025,242.6392,242.6469,242.4128,242.3586,244.4555,242.2249,241.0053,240.9540,240.5896,240.8596,234.9385,237.5599,239.0688,0.0000,245.9828,247.9633,241.6385,234.9725,227.3165,239.0278,238.9831,240.1536,240.4087,240.8718,235.0109,242.7752,244.2321,251.0724,243.0829,226.3139,223.2041,243.3353,229.7107,240.7072,236.2389,243.9469,241.6620,242.0142,242.1221,229.0369,239.0261,250.4648,240.4986,225.3019,225.3605,242.6778,228.8654,215.8133,240.8247,242.0238,239.5328,242.0876,242.1063,242.3259,231.7090,221.3472,223.2783,234.3408,232.1690,243.9248,233.6875,233.3803,231.0105,241.0827,241.8245,249.5178,250.8992,247.2036,241.8096,246.6727,227.8057,235.8000,234.1550,240.1449,239.9784,240.6099,0.0000,243.8120,235.9120,230.4563,232.7401,240.0656,239.9733,251.0704,244.7362,242.2757,217.7719,200.9954,240.2212,201.2845,214.5275,237.5610,231.4302,252.8878,255.9392,255.2509,241.8959,231.1481,236.1046,235.6568,239.2405,205.3003,242.6274,226.3562,229.9081,228.8198,241.4630,251.1504,226.8807,245.6988,247.2174,247.2893,246.1218,243.9248,247.1722,246.0699,247.2356,247.3080,247.1291,243.3038,242.2249,240.8595,239.9802,0.0000,240.9446,242.0097,240.9442,235.1623,235.6408,241.1391,245.0463,240.6590,254.8444,241.7411,238.3929,239.0274,238.9156,239.6665,239.6370,247.9628,237.3855,239.6640,228.6587,220.6264,251.6068,252.1101,255.5982,240.6099,245.0700,240.6099,243.0031,242.6220,240.6725
10.0000,225.4420,242.0776,242.4946,235.6994,229.2583,226.2360,225.8491,243.0498,241.8548,250.4612,245.8846,250.1532,241.3083,236.8828,232.6869,230.2825,243.3961,243.8200,239.2202,237.4128,231.2808,226.4554,228.7028,233.4891,225.9522,228.4770,228.8556,237.5102,253.1771,241.8944,241.6292,242.0588,254.8669,226.7699,227.5783,248.1831,241.6485,232.7970,240.9733,225.7986,232.8219,232.2265,246.4401,233.4534,255.6916,230.3396,245.4727,244.6221,227.9627,235.3501,229.9040,235.4244,246.1809,243.4843,240.5850,236.1077,244.6245,235.8976,224.7711,250.6379,241.1556,241.5114,236.4057,236.6446,241.6712,241.6873,242.2436,246.5130,242.6744,243.4411,245.4585,245.4020,246.4827,241.1641,234.4470,241.1953,243.6715,253.3390,251.0880,233.9086,236.4326,244.8778,241.7006,241.8957,242.1984,242.5382,242.5552,242.3130,242.2561,244.3236,242.1410,240.8765,240.8252,240.4480,240.7157,234.7852,237.3803,238.8114,0.0000,245.8537,247.8544,241.5183,234.7524,227.1646,238.7360,238.7041,239.8637,240.1187,240.5806,234.8634,242.6978,243.9310,251.0391,243.0083,226.0044,222.7858,243.2391,229.5181,240.5821,235.9726,243.6421,241.5428,241.9005,241.9864,228.7273,238.8437,250.4127,240.2040,225.0125,225.0711,242.5055,228.6466,215.5589,240.6678,241.9142,239.3713,241.9808,241.9899,242.2066,231.3291,221.0822,223.0136,234.1548,231.9848,243.6184,233.5293,233.1694,230.7896,240.7977,241.5439,249.4462,250.8420,247.1039,241.6919,246.8566,227.5693,235.5008,233.8601,240.0097,239.8508,240.3119,0.0000,243.6011,235.7523,230.1855,232.4713,239.9367,239.8135,251.0562,244.7821,242.1938,217.4888,200.7434,239.8591,201.0316,214.2738,237.3227,231.3512,252.9278,255.9660,255.2765,241.7464,230.9591,235.8461,235.3972,238.9626,205.0469,242.4673,226.0820,229.6132,228.5322,241.4479,251.1855,226.6254,245.4175,246.9170,246.9868,245.8010,243.6184,246.8718,245.7347,246.8796,247.0057,246.8303,243.0072,242.1410,240.7157,239.8527,0.0000,240.3716,241.9027,240.3712,234.9793,235.4624,241.0134,244.7171,240.2131,254.8733,241.6275,237.9085,238.7353,238.5015,238.9792,239.4693,247.7528,237.0733,238.9765,228.4009,220.3716,251.5863,252.1018,255.6260,240.3119,244.7862,240.3119,242.6878,242.3242,240.5857
11.0000,232.1453,249.9924,250.5044,243.0774,237.1377,230.0125,229.6378,253.5193,252.4827,261.6320,256.7234,261.3264,251.2530,249.0362,221.9376,149.8596,243.9975,244.3824,240.5793,246.5884,233.5882,229.3762,231.3552,235.3103,230.3229,232.8370,233.1910,248.6659,264.5766,249.7820,251.6593,252.7294,266.4134,233.2387,234.3052,259.1328,254.8984,239.8413,256.4679,232.5212,239.9258,241.9185,257.1120,240.5916,267.3232,226.3716,244.5103,243.6364,213.3312,233.9172,228.5709,231.8539,245.3536,242.0681,238.0674,232.6731,247.4720,234.6031,220.8181,249.2018,240.2179,240.5628,235.1551,235.3354,241.6712,240.1871,240.8151,245.5759,241.8328,242.6532,243.8226,244.6176,245.1029,240.2263,229.7340,248.4527,247.5539,264.7591,262.2955,241.9583,246.2369,245.4764,254.9558,255.2064,254.9665,255.5779,255.2707,254.1652,255.4746,254.5798,251.9745,257.2916,251.3260,249.3385,249.0612,244.4753,246.6469,250.0108,0.0000,256.6963,258.8285,256.2251,236.1471,233.3341,240.2195,240.3148,239.3475,239.4576,239.6984,0.6591,252.5736,242.4816,262.2636,252.9105,229.9255,225.8853,252.7552,235.1288,251.0716,232.5797,242.6991,257.5597,257.0710,249.6558,224.6121,252.4781,261.5839,239.0619,221.0357,221.0932,248.6124,223.7690,219.7287,250.3969,251.9710,252.9315,255.6779,257.6660,256.8373,227.3931,224.7916,226.7444,238.1375,235.9504,242.6771,240.9299,234.6648,225.8663,240.3615,240.0864,259.6905,261.0027,257.3678,251.2032,256.7549,213.1182,224.3625,222.9902,249.3499,249.7957,238.8869,0.0000,245.1900,243.2234,228.8520,231.1682,249.8864,249.6845,262.2971,254.6331,252.0301,216.3116,199.6870,241.2380,199.9721,213.4250,248.9395,238.2897,262.5492,266.1924,266.8461,251.6294,127.8720,234.5464,234.1293,237.8697,204.0756,241.5507,229.8778,233.7492,232.8856,249.5236,260.5574,230.9609,244.4685,245.9535,246.0256,244.8647,242.6771,245.9084,244.7940,245.9438,246.0445,245.8711,241.9533,251.9745,249.0612,249.7999,0.0000,240.9669,254.4710,240.9667,239.2353,240.2346,250.8222,246.5432,241.2660,266.4091,251.6557,239.1759,240.2181,239.7839,239.4319,253.7361,246.3558,230.7432,239.4291,233.8952,219.1363,262.8556,263.4052,267.2478,238.8869,243.8335,238.8869,241.2528,240.8471,250.4554
12.0000,233.6179,251.0880,251.6228,244.1432,238.0607,231.1146,230.7255,255.2765,253.6813,263.5892,258.3559,263.2611,252.5529,251.1298,222.6479,150.4388,244.4510,245.0368,240.7525,248.1904,234.5599,230.2169,232.2347,236.2773,231.4759,234.0114,234.3685,250.5900,266.5339,250.8633,252.8375,253.9192,268.4397,234.7530,235.7847,260.8823,256.1408,241.3052,257.7589,233.9989,241.5050,243.4785,258.7755,242.1800,269.3810,226.4987,244.4111,243.5316,214.0418,233.6396,228.2730,231.9471,245.0640,241.7653,237.8627,232.7627,248.2255,234.3140,220.9817,244.7933,240.1966,240.5334,234.9202,235.0893,241.6712,240.1593,240.7570,245.5416,241.7632,242.5585,243.6604,244.3336,243.8447,240.2047,229.9419,249.4009,248.3118,266.7284,264.1790,243.5144,247.3678,246.1385,256.1981,256.4305,256.1937,256.8055,256.5238,255.4053,256.7010,256.3173,253.1714,258.5609,252.5215,250.4060,250.0871,246.0437,248.2793,251.9494,0.0000,258.3122,260.5565,257.5108,237.1179,234.8377,240.5730,240.7019,239.4978,239.4576,239.6867,0.6589,253.8107,242.3184,264.1392,254.1727,230.9882,226.7697,253.3481,236.6218,252.2374,232.6556,242.6487,258.8587,258.3921,250.6885,224.7604,254.2217,263.5376,239.1052,221.1985,221.2561,249.4889,224.5085,220.8285,252.0836,253.1633,254.7072,256.9231,258.9836,258.1653,227.4774,225.8748,227.8333,239.0531,236.8377,242.6303,241.9878,235.4347,226.6127,240.3773,240.0669,261.3432,262.6839,259.0709,252.3578,258.0697,214.0588,225.0530,223.7277,250.4864,250.9429,238.9236,0.0000,245.3334,244.2914,228.5619,230.9091,251.0400,250.8435,264.2468,255.8955,253.2287,215.8449,199.1363,241.3923,199.4269,211.5440,250.9409,239.8311,264.0953,267.7231,268.8743,253.3323,128.3825,234.2856,233.8746,237.7430,203.1632,241.5212,230.9606,234.8926,234.0585,251.0980,262.0919,232.0821,244.3916,245.8770,245.9494,244.8044,242.6192,245.8320,244.7273,245.9100,245.9680,245.7931,241.7945,253.1714,250.0871,250.9472,0.0000,241.0453,255.7012,241.0451,240.1562,241.1661,251.9797,247.2740,241.3014,268.4158,252.8338,239.2689,240.5703,239.8205,239.3458,255.3243,244.1083,231.4331,239.3430,235.1699,218.8907,264.7527,265.3198,269.3009,238.9234,243.7696,238.9188,241.2516,240.8030,251.6838
13.0000,326.1620,353.5155,354.3178,343.7933,335.1515,324.9638,324.4944,359.6794,357.0370,371.6714,363.8122,371.1359,355.2637,352.0243,313.6206,211.8731,343.6940,344.8388,338.0151,349.7686,330.1168,324.1855,326.9147,332.6209,325.3612,328.8054,329.2792,351.5306,375.7942,353.1723,355.8656,357.4116,378.5513,328.2366,329.8052,367.5381,360.3701,338.7199,362.6104,326.7180,337.6780,342.4747,364.3931,338.6637,379.9196,318.5327,342.8978,341.6053,301.5634,327.6307,320.3834,326.3982,340.1484,337.9566,333.9691,327.6237,349.3077,329.0222,310.7555,333.8651,337.3118,337.7404,329.8244,330.0984,332.9345,336.7471,337.2094,344.7037,339.5204,340.6850,341.2370,342.7178,338.2248,337.3231,323.1779,351.0542,349.5577,376.0912,372.3737,341.9778,347.6065,346.5519,360.4483,360.7785,360.4751,361.3317,361.0146,359.4305,361.1715,360.9628,356.3554,363.7904,355.3460,352.3523,351.9430,345.9854,349.1429,353.4422,0.0000,363.7599,367.0510,362.2283,333.7918,328.7216,337.9871,338.1975,336.1224,336.3807,336.6468,0.6590,357.3409,339.5392,372.3042,357.8815,324.8668,319.5694,356.2711,331.9565,354.9407,327.4424,340.5679,364.2125,363.5027,352.8881,316.0365,356.8995,371.5869,335.4436,311.0539,311.1349,351.1849,316.6428,310.3953,354.7149,356.3380,357.4313,361.4395,364.4222,363.2892,319.9073,317.5861,320.3455,336.5344,333.4155,340.5444,341.2066,331.5361,319.2226,337.3420,336.6669,368.4404,370.4174,365.0906,355.2111,363.4210,300.9732,317.4687,315.2732,352.4900,353.1301,335.1549,0.0000,344.3036,344.0040,320.7776,323.9783,353.2724,352.9315,372.5576,360.3199,356.4348,303.2837,279.9128,338.8646,280.3156,298.2961,351.9001,335.5758,371.8400,377.5039,379.1620,356.5516,180.7467,328.9482,328.3166,333.8245,285.9893,336.4985,324.8319,330.1959,328.8755,351.9630,368.7582,326.1771,343.1073,344.9871,345.0905,343.5999,340.2970,344.9253,343.5615,345.2200,345.1159,344.8952,338.8037,356.3555,351.9430,353.1360,0.0000,338.3730,359.7750,338.3725,338.0861,339.4983,354.6032,347.9426,338.7148,378.4956,355.8603,335.8026,337.9811,336.5605,335.7372,358.7193,335.4743,325.8730,335.7333,330.4613,307.1157,373.1991,374.0237,379.7997,335.1504,342.2333,335.0592,338.3466,337.6970,354.2876
14.0000,235.9148,253.2339,253.8596,246.0654,239.7409,232.6381,232.2182,257.4860,255.7152,266.0628,260.4448,265.7090,254.6720,252.1223,224.1444,151.5822,245.2626,246.3878,240.7802,250.5266,236.1907,231.7588,233.7803,237.9819,232.9711,235.4139,235.7712,251.8002,268.9098,252.9567,254.8741,256.0028,270.8325,236.9505,237.9160,263.1348,258.0648,242.9255,259.6160,236.3495,244.9264,245.1865,260.8780,245.6980,271.8262,227.5556,242.5298,241.5469,215.5516,233.0807,227.7812,233.3906,244.7257,240.2646,238.5005,234.3421,249.7738,233.7857,221.9422,238.9885,239.1189,239.3737,234.2816,234.4641,241.6712,239.4462,239.9818,244.0691,240.6879,241.5826,243.0590,242.5832,239.4958,239.1270,230.6704,251.3227,250.0239,269.1207,266.5016,245.0603,248.8571,247.6590,258.1222,258.3590,258.1558,258.7773,258.5663,257.4339,258.6527,258.4846,255.1519,260.4404,254.3813,252.1521,251.8950,247.6874,250.0278,253.1563,0.0000,260.4119,262.7691,259.3758,238.8337,236.9840,240.7970,240.9791,238.8101,238.5947,238.6732,0.6589,255.9359,241.6842,266.4570,256.3634,232.4012,228.4461,254.8994,238.6789,254.1198,234.1898,241.1005,260.7915,260.2822,252.7176,225.7258,255.5851,266.0070,238.0254,222.1541,222.2120,251.3238,226.2779,222.2549,254.0135,255.2376,256.0102,258.8368,260.9861,260.2117,228.5972,227.3823,229.3428,240.6622,238.4318,241.0725,244.2161,236.8831,228.1215,239.6171,239.3733,264.2866,265.7185,261.6762,254.4081,260.3204,215.3732,226.8214,225.3278,252.3032,252.8115,237.6547,0.0000,244.7494,246.2183,228.0601,230.3739,252.9306,252.7086,266.5980,258.0486,255.2111,215.8488,199.4005,241.3859,199.6777,213.8527,252.0518,242.1671,267.9612,271.7357,271.2673,255.3275,129.3611,233.7039,233.2882,236.8775,204.2376,241.0305,232.4469,236.3215,235.4610,253.8134,265.7811,233.5154,242.9903,244.0295,244.1076,243.1314,240.5726,243.9885,243.2451,244.4308,244.1236,243.9237,239.4729,255.1519,251.8950,252.8158,0.0000,240.9807,257.6468,240.9804,241.7637,242.7831,253.8442,248.7159,241.2661,270.7992,254.8702,239.0893,240.7910,239.7031,238.8585,256.8617,236.4014,232.8746,238.8557,236.6807,218.3833,267.0859,267.6646,271.7377,237.6452,242.4087,237.4873,240.2128,239.9961,253.7531
15.0000,326.1620,335.6861,336.6080,325.8127,317.1057,309.7467,309.1307,342.7217,338.9653,353.7680,345.5729,352.9512,338.1868,335.0367,295.4861,200.0115,322.3932,324.7410,312.9053,332.8990,313.1965,307.4978,310.0706,315.1286,310.5872,314.6931,315.2061,335.0229,356.5807,335.2580,337.8298,339.4699,357.9841,325.8104,325.6439,349.2444,341.9987,325.6576,343.8460,326.8730,340.9419,326.3990,346.2604,342.2086,359.4578,293.6129,309.9617,308.6705,284.0897,298.4762,291.8882,301.4518,309.3010,306.5341,306.7265,302.7239,329.7635,299.5619,286.3346,298.8178,306.0936,306.3711,300.1068,300.3570,302.3582,306.5754,306.8157,312.3731,308.0502,309.2190,310.8730,310.5505,302.7703,306.1043,297.2545,332.6623,330.2985,356.9113,353.6683,327.2982,329.5186,326.4306,342.0814,342.3843,342.1652,343.0145,342.8026,341.2856,342.8152,344.0668,337.7639,344.8231,336.7256,333.2992,333.1241,329.9385,333.1920,336.8687,0.0000,345.5071,348.7576,343.6551,316.3327,324.3786,313.0692,313.4318,307.3272,305.5606,305.5687,0.6589,338.9902,309.2988,353.5801,339.6516,309.3930,303.6174,338.4394,323.7394,336.5557,302.4593,308.2988,345.4233,344.7359,334.8245,291.1564,339.2485,353.6386,304.8812,286.5963,286.6709,332.4470,297.8095,296.3010,338.3192,338.3724,340.3075,343.0380,345.7974,344.8553,294.9715,302.7984,305.3798,317.5500,314.6071,308.2535,323.3652,311.4725,300.2360,307.2314,306.5613,352.0350,352.0351,348.4889,337.2043,345.1565,283.2008,299.6421,297.2471,333.8116,334.7545,304.1428,0.0000,316.1847,326.0163,292.2301,295.0869,334.9588,334.7161,354.2144,341.8128,337.8514,276.9159,256.1919,313.4586,256.5281,277.6633,335.1727,330.9593,353.2165,368.0674,358.6989,340.0087,170.7517,299.4124,298.8508,303.3256,263.3570,305.9941,309.4751,315.3114,314.7372,342.0490,351.6233,311.3447,310.8199,311.8705,311.9751,310.7697,307.2007,311.8210,311.2338,312.8418,311.9949,311.7156,305.6280,337.7639,333.1240,334.7608,0.0000,315.0835,341.4712,315.0829,318.9092,320.2411,335.8913,328.1546,314.1399,358.8169,337.8242,310.6157,313.0615,311.5179,311.9073,340.6111,295.4262,306.9666,311.9038,315.7100,279.7281,354.3554,355.0340,359.3376,304.1125,310.0864,303.8158,307.5096,307.2721,336.8604
16.0000,296.9119,313.8759,314.5040,294.8286,287.5594,278.9697,278.1686,307.0255,309.5087,317.0246,308.9865,316.1098,306.2646,301.1564,287.3262,180.6101,419.6663,374.5517,196.8728,305.0212,282.8334,277.3654,279.8459,284.8228,279.2812,282.9915,283.4858,300.9533,319.2233,313.4776,309.2144,309.9732,320.5131,296.2096,295.5699,312.4580,309.0750,293.2426,309.1692,297.6178,311.6086,292.2024,309.8196,312.8687,321.8947,246.3882,241.5630,240.5680,256.1380,236.7670,231.0240,251.7184,246.8824,242.5146,250.1189,252.3596,356.9415,236.3879,240.4597,233.5399,238.9575,239.1268,236.4656,236.7603,241.6712,242.8358,243.1367,243.8124,240.2453,241.0511,247.6276,241.6648,237.9765,234.7352,251.2270,316.5884,347.7581,319.5369,316.6053,294.2564,298.7083,376.5778,309.1535,309.3768,309.6259,310.2921,310.8796,310.1061,309.9232,308.3112,300.5313,309.5344,299.3776,295.2600,302.4803,295.3810,298.8868,302.5902,0.0000,308.6600,311.8642,309.5422,287.3839,294.3477,221.8497,242.6234,239.9540,238.3064,238.5902,0.6589,301.7343,245.5386,316.4593,302.3869,278.3833,273.6201,309.0364,292.6469,304.6417,251.8551,240.4793,310.5385,310.6493,315.2309,244.7986,305.0747,316.8794,238.0254,240.7366,240.7993,327.9253,257.7689,264.3285,303.3348,309.7504,306.3816,309.6918,311.2282,311.1955,247.4552,272.7430,275.0499,277.7730,275.2220,240.4580,292.6228,262.8233,259.8692,239.9639,242.6825,315.8659,315.8660,312.4760,310.2419,310.3005,258.0106,288.1062,288.0367,296.0541,303.0237,238.2304,0.0000,198.9136,295.0219,231.2793,233.4410,303.2236,302.8984,317.3548,305.8656,300.6285,219.2593,202.9421,197.2614,203.2035,220.8964,301.1746,301.2595,323.1160,331.1129,321.1503,304.7987,154.3043,236.2013,235.7646,237.8803,208.8578,243.1844,278.4914,283.6206,283.0342,312.0736,321.5351,279.9536,242.2834,243.0570,243.1439,242.3107,239.4320,243.0206,242.9497,244.1750,243.1575,243.0269,237.9144,300.5313,302.4802,303.0325,0.0000,-0.0186,309.0484,0.0186,277.8663,277.0622,298.2700,365.2202,135.1667,321.2368,309.2114,195.3629,221.8434,195.9589,0.0000,306.2267,230.7861,321.4212,0.0000,283.8662,221.2907,317.1767,317.8038,321.7768,238.1918,241.7086,237.9210,242.1274,242.9518,307.3076
17.0000,326.1620,353.1769,353.9625,331.3153,322.8605,313.1953,312.4934,346.9208,348.3238,358.5761,348.3399,357.2677,345.2123,338.7309,321.9512,202.6045,470.5510,420.2043,217.6644,343.8279,317.6502,312.0208,314.6123,319.8060,313.4628,317.5978,318.1138,338.3931,360.8260,352.6794,347.9612,348.9486,362.4901,327.1911,326.7683,352.6532,347.8171,328.3797,347.6585,327.0220,344.1056,329.3532,349.2710,345.6449,364.1528,272.6096,262.6115,261.5389,286.8350,257.8299,251.5765,278.3682,267.4806,263.5268,274.5490,278.9957,400.7524,257.3797,265.9447,252.6035,259.6923,259.8836,257.3641,257.6812,260.4675,264.2953,264.4479,264.9949,261.0836,261.9443,269.5785,262.5294,257.6537,255.1037,277.6318,355.8600,390.6130,361.2496,357.7207,330.3486,335.8469,422.5335,347.9146,348.1821,348.5171,349.3207,349.9473,349.0600,348.8583,348.0995,337.8263,347.9847,336.5338,331.5614,339.7950,332.8452,336.6646,340.2411,0.0000,347.9919,351.9244,348.1878,322.7291,326.1825,245.1439,268.2472,262.4595,259.0744,259.2864,0.6589,339.2983,267.3518,357.5219,340.0812,312.9112,307.9395,348.8557,326.4027,342.5909,278.3507,261.3203,349.2244,349.3365,354.5837,270.7342,343.1863,358.3682,259.2068,266.2448,266.3141,368.5671,288.1536,296.6799,342.0375,348.6241,345.0049,348.5296,350.0940,350.1214,273.8899,306.2812,308.8266,311.2097,308.3517,261.2926,328.8438,293.4658,290.5013,261.5702,264.1552,357.8219,357.8220,353.4541,349.0981,349.1899,288.1071,323.8136,323.0798,332.6443,340.6985,259.1125,0.0000,220.0753,331.5398,251.8476,254.1868,340.9657,340.6586,358.8404,343.9488,337.9434,238.8425,221.0505,218.0929,221.3362,241.6705,338.6967,333.3554,359.9374,377.2691,363.2136,343.8140,173.2186,257.1261,256.6533,258.7175,227.5024,263.7289,312.8788,318.5002,317.6524,346.4582,358.0453,314.2730,263.4120,264.2392,264.3331,263.3714,260.0343,264.1991,264.0626,265.3925,264.3485,264.2494,258.4630,337.8263,339.7950,340.7089,0.0000,-0.0207,347.8171,0.0207,311.2534,310.3249,335.1965,409.9321,149.9806,363.2525,347.9574,215.8929,245.1349,216.5324,0.0000,344.3807,249.5496,360.2905,0.0000,318.6310,240.9568,358.3818,359.1236,364.0039,259.0612,262.8051,258.7429,263.4897,264.4017,346.3368
18.0000,326.1620,340.8739,341.6027,319.4515,310.1495,307.6223,306.4627,333.7053,332.0892,344.6696,333.6540,343.1080,330.1921,322.0258,332.9543,308.1499,465.4734,415.9610,212.9986,330.0933,312.9082,306.0090,309.1066,315.4049,307.4753,311.8541,312.5247,323.3684,346.6977,340.3744,332.4263,332.5421,348.4311,326.2278,324.6326,338.2178,328.4085,320.5522,325.4117,327.0662,345.0493,316.6770,334.8702,346.6698,350.1455,278.5418,257.5772,256.5040,303.0375,255.2147,248.7568,283.6835,265.0672,260.5673,276.0832,284.0862,394.0014,254.0774,271.7781,249.2893,254.6990,254.8948,253.8103,254.1705,257.9441,261.4224,261.6028,260.0086,256.1484,257.0316,267.3878,257.7130,254.2460,245.7735,284.4861,344.3462,382.8001,347.1548,343.5222,320.3543,319.9691,418.2419,328.5017,328.6630,329.6791,330.1322,331.1737,331.3879,329.4497,335.0586,323.1735,324.4830,320.9400,317.9183,326.8686,320.3214,324.8587,325.1455,0.0000,333.2694,337.4074,327.1143,318.9184,324.3603,239.8434,262.5135,257.8235,254.1205,254.3909,317.5351,324.6574,264.7482,343.2753,325.4387,306.5358,302.0473,334.4361,322.8466,326.5769,283.2574,256.2783,326.3166,327.6344,342.5877,276.8334,324.0977,344.4212,254.5397,272.1138,272.1847,358.3228,291.8492,291.0133,329.6693,333.0916,326.3370,328.5908,327.6491,329.0560,279.8722,300.8424,303.3361,303.7174,300.9027,256.2391,316.9518,288.9479,294.2268,256.8668,261.2041,344.8924,344.8925,340.4586,334.3452,334.8760,303.4406,336.1180,334.5185,318.4581,325.3524,254.9465,0.0000,215.6255,319.5504,249.0129,251.2572,325.6326,325.3932,344.8172,329.4792,323.2928,236.3669,218.9691,213.4700,219.2410,241.0051,322.9034,332.6280,360.1960,364.5241,349.1263,331.2534,309.5235,253.7620,253.2973,254.4378,225.9079,260.9920,306.8520,312.5593,311.9031,346.1975,358.2329,308.3204,258.4715,259.1754,259.2680,258.3008,254.9043,259.1360,259.0659,260.4213,259.2831,259.2023,253.4376,323.1735,326.8686,325.3596,0.0000,-0.0203,329.2554,0.0203,303.3895,301.8535,320.4788,404.2984,147.0415,349.1140,332.4257,211.1563,239.8329,211.7313,0.0000,324.1701,246.2137,365.3341,0.0000,311.4246,238.1797,344.1676,344.9393,349.9838,254.8949,257.8809,254.5724,259.9095,261.3225,331.3646
19.0000,326.1620,348.4942,349.3589,326.8921,318.2447,309.8454,308.9257,346.0054,343.2002,358.0030,346.2231,356.3199,340.8821,336.8227,317.5215,200.0095,464.4400,414.7419,212.7254,339.6776,313.7043,307.9445,310.5755,315.6616,310.2903,314.5687,315.1330,336.4346,360.3214,347.9407,342.5823,343.5440,362.2651,327.0073,326.2527,351.0388,343.6059,326.3437,343.7277,327.1004,345.7827,327.7021,347.2385,347.4664,364.1388,267.4379,253.9243,252.8444,282.8122,250.3905,244.2671,273.1319,259.7505,255.4185,268.1164,273.7604,395.5628,249.6664,260.8223,244.4655,251.1402,251.3278,249.5111,249.7890,252.8680,256.4783,256.5858,256.4203,252.6830,253.6059,261.8129,254.3838,248.9917,242.3403,272.0580,351.0488,385.6457,360.8278,356.8173,328.2744,331.3061,417.0959,343.7085,343.9088,344.1896,345.0298,345.3835,344.4512,344.5837,346.9783,334.0562,343.9945,332.5408,327.2965,335.3446,331.1617,335.0789,338.2701,0.0000,345.8106,350.2343,344.4172,318.5719,325.6279,239.6689,262.3520,255.2966,251.0220,250.9384,0.6589,335.6637,259.6287,356.5838,336.4978,309.3366,304.1037,344.9105,325.1000,338.0376,273.0738,252.6501,345.3097,345.5106,349.8610,265.5088,340.5329,357.7352,251.5881,261.1110,261.1790,363.7505,283.7604,293.6774,340.6804,343.3010,342.9834,344.4207,346.2253,346.2914,268.7733,303.0125,305.5265,306.7940,303.9508,252.6051,324.4517,288.7549,286.0719,253.9016,256.3484,357.6665,357.6666,352.8422,343.8746,346.5362,283.9493,319.7235,318.7861,328.4702,336.0922,251.4049,0.0000,215.0276,327.1118,244.5159,246.7421,336.3832,335.9585,358.1955,340.7975,334.1838,232.3681,215.4093,213.1115,215.6691,239.1404,336.7689,333.6308,362.1441,379.1256,362.9931,342.5285,171.0751,249.3561,248.9304,250.5004,222.9403,255.9627,309.3294,315.2033,314.6165,347.6966,360.1164,310.5987,254.8287,255.4952,255.5881,254.6398,251.1951,255.4567,255.4656,256.8303,255.6024,255.5299,249.8089,334.0562,335.3445,336.1024,0.0000,-0.0203,343.4909,0.0203,306.8090,305.8760,331.1621,404.6759,146.9784,362.9494,342.5806,210.7781,239.6543,211.2966,0.0000,341.1984,241.2198,355.4256,0.0000,315.7850,233.8996,357.5572,358.3928,363.9570,251.3539,254.2481,251.0343,255.7153,256.5992,341.7759
20.0000,608.9396,839.8521,838.1758,650.9717,654.3093,575.4837,573.2874,668.0935,738.7643,692.3234,670.0421,689.0583,704.2796,663.5242,2425.1953,201.4942,2209.0702,1921.2666,0.0000,734.7914,572.3773,567.9053,570.2929,572.1343,578.5423,585.4634,586.1755,657.1814,695.9937,838.9884,746.3986,738.5389,697.6969,610.3347,611.1083,678.8868,702.1541,617.6981,686.5840,610.7613,647.0668,632.0440,671.2852,650.3391,701.4846,277.6429,270.5985,269.3948,284.6696,265.6134,259.4482,284.2613,275.3030,270.7638,281.4116,285.1499,1590.3394,265.1834,270.6556,251.8025,267.7508,267.9318,265.1707,265.3294,268.4249,272.4227,272.4216,273.2453,269.6254,270.6854,277.0899,271.2664,262.3063,253.8070,281.1353,927.2299,1439.4392,697.0740,689.6471,626.5828,682.5699,1932.3436,702.3637,702.4572,706.8482,706.8188,718.0219,723.0618,704.5901,669.0894,653.5683,682.2417,643.9190,639.0145,736.0931,638.2494,643.7169,660.7109,0.0000,669.1681,677.4680,693.4432,589.4011,607.7420,157.7580,287.2447,275.0384,268.6595,267.8820,0.6589,656.8660,275.3318,689.2266,658.5591,574.9895,561.7850,722.1949,606.7204,696.3761,284.5622,269.2973,689.3179,698.2142,874.6636,275.2755,675.9868,691.8038,269.8799,270.9093,270.9798,1105.9424,360.5522,547.5672,655.6117,748.0373,684.2314,699.8515,694.5437,703.6340,279.0575,562.8705,567.4945,523.6931,519.1374,269.2473,647.0431,416.2649,363.4893,272.3034,272.4160,690.5944,690.5946,680.8799,768.7719,698.9748,572.9338,2108.6468,2332.6963,630.0062,692.5987,268.8655,0.0000,0.0000,652.3480,259.7000,262.0552,693.2755,692.6431,692.5063,678.4816,653.9292,247.3736,229.8652,0.0000,230.1136,258.4069,660.3715,623.3151,679.1651,734.0935,699.3088,659.5534,172.4127,264.8571,264.4937,266.6496,239.2432,271.7669,574.0266,585.7254,585.5214,650.9332,675.2063,579.0957,271.5739,272.2899,272.3892,271.3915,267.7006,272.2493,272.2648,273.6547,272.4039,272.3306,266.2269,653.5684,736.0929,692.6412,0.0000,-0.1155,706.6494,0.1154,519.6646,510.7515,644.0813,1737.9519,836.5209,700.4965,746.4223,0.0000,157.7412,0.0000,-0.0001,678.1394,252.3803,2229.8698,0.0000,593.1818,248.4156,690.9943,692.4700,701.1392,268.8109,270.9902,268.4688,272.5591,272.8151,726.0934
21.0000,606.8453,824.8980,823.4322,644.5138,646.5402,572.8573,570.5175,664.5063,728.7428,689.0991,665.5541,685.4220,695.5682,657.6079,2279.5406,212.0081,2138.1020,1850.9905,0.0000,725.0013,570.1590,565.1688,567.7692,570.0734,575.7958,582.8496,583.6301,651.8629,694.0411,824.0023,735.8988,728.5362,697.6969,608.4550,608.8115,674.8193,694.0899,614.4144,679.2826,608.7098,645.8959,628.0595,666.9750,649.2477,701.5253,284.1635,269.3405,268.1098,299.2972,265.8331,259.4900,290.3765,275.7852,270.7384,284.7370,291.0820,1537.4892,264.9715,277.0513,251.8024,266.5730,266.7435,264.8306,265.0325,268.7239,272.3904,272.4301,272.1078,268.4824,269.6021,277.6780,270.2899,262.1486,252.6905,288.4200,907.2627,1393.7880,695.1774,686.7098,622.8357,674.3402,1861.6211,694.2997,694.3955,698.6068,698.6651,709.3056,714.0199,696.4966,665.3731,646.6428,675.1380,637.3855,631.6931,724.5164,634.1515,639.9581,655.3854,0.0000,664.5559,673.3762,685.8333,586.8410,605.8077,156.7381,285.5325,273.3956,267.2291,266.6357,0.6589,649.9848,275.5893,686.3126,651.6912,571.9859,559.0661,714.4346,604.6654,688.0217,290.3294,268.0971,682.0644,690.5670,857.7577,281.9152,669.4372,688.5137,267.9062,277.3355,277.4077,1077.1928,366.0386,544.9677,651.8782,737.5531,677.6375,691.9684,687.1897,695.9073,285.6208,560.4086,564.9495,520.8797,516.3484,268.0454,640.5665,415.8001,369.0202,271.0269,272.3292,687.2545,687.2546,677.3492,757.1889,691.6701,564.1518,1988.5720,2194.5054,623.6395,684.2483,267.3121,0.0000,0.0000,645.8183,259.7346,262.0422,684.9175,684.1578,689.4889,671.3188,647.0039,247.3936,230.0244,0.0000,230.2654,259.7676,654.7872,621.6283,678.5501,731.8602,699.1257,655.8261,181.4761,264.6214,264.2556,265.8962,239.8465,271.8836,571.2470,582.9923,582.9039,649.7523,674.5078,576.2864,270.2672,271.0276,271.1289,270.1572,266.4852,270.9874,271.1144,272.5149,271.1428,271.0553,265.0299,646.6428,724.5162,684.2900,0.0000,-0.1149,698.3454,0.1148,516.7667,507.7521,637.2101,1677.5433,832.1633,699.2112,735.9210,0.0000,156.7148,0.0000,-0.0001,671.3491,252.2746,2113.6926,0.0000,590.1243,248.4034,688.3224,690.0357,701.1442,267.2579,269.7079,266.9176,271.7235,272.5411,716.8557
22.0000,644.8609,783.4442,783.1813,659.9849,648.8288,624.7324,622.2938,669.9022,712.8908,691.6975,666.0969,687.2069,686.8803,662.9125,801.2176,399.3052,1984.3428,1497.5838,-261.8952,712.1316,633.0187,621.3720,626.8268,636.8749,623.9677,632.4159,633.5440,661.4288,694.8357,782.4037,717.6725,713.1376,697.6969,649.5651,646.7352,675.8045,688.0950,647.9365,676.7386,646.8973,687.5473,634.9785,669.8994,691.2115,701.7417,401.1332,253.2025,251.9812,563.6891,276.7027,266.4084,399.5123,289.2743,278.2193,348.4144,396.9890,1278.5532,267.9772,392.2161,266.0221,250.6877,250.8408,265.1041,266.5595,276.5696,278.8556,279.6230,255.9271,251.6730,252.7685,296.5848,253.3207,270.6976,237.6325,422.4789,833.5426,1177.5219,696.0426,687.7794,649.1159,668.0489,1506.2791,688.3102,688.5354,691.8420,692.3342,699.9373,703.0405,690.4681,673.2749,631.9969,673.3698,627.2514,610.2006,685.4509,642.2643,654.7241,664.9626,0.0000,662.9453,673.1646,682.2008,654.4420,648.4911,0.0000,213.0043,240.6588,244.2728,249.0697,0.6589,635.3108,287.3105,686.9739,636.9814,623.2750,613.3681,709.4801,650.7799,681.4937,393.7616,252.1118,679.3488,685.8287,803.7741,402.0950,670.9530,690.9820,242.5862,393.1690,393.2713,954.2145,480.7247,590.5606,663.5557,719.3203,678.2179,687.1417,683.7533,690.4346,403.2036,611.1254,616.0956,543.9662,539.2343,252.0603,655.0697,433.2902,484.6404,245.8177,277.3521,695.8856,695.8858,685.6662,733.3139,679.7726,590.1946,779.6552,796.2276,613.8598,677.8639,251.5742,0.0000,-265.5028,660.4404,266.5752,267.9978,678.4636,676.8705,691.2956,658.2012,632.3716,254.1468,236.4643,-262.4707,236.7036,267.5447,662.4336,663.8666,725.5934,741.9097,699.2220,666.4336,341.8035,267.2009,266.3487,257.9892,246.6807,279.3270,623.1115,634.2445,632.5261,694.4260,721.2310,625.6714,254.1121,254.8521,254.9465,254.0392,250.5747,254.8139,254.9816,256.3318,254.9605,254.8754,249.2266,631.9970,685.4508,677.9069,0.0000,-0.1899,691.2832,0.1897,534.7356,516.3120,622.0857,1376.8324,1375.0243,699.8410,717.6870,-261.8952,0.0000,-261.8952,-0.0002,671.6779,262.3219,1071.7921,0.0000,631.6799,254.0490,689.0308,690.8387,701.3414,251.5231,253.5981,251.2029,266.3889,275.5728,705.5827
23.0000,326.1620,1904.8169,1885.2307,773.4638,959.2679,27.6189,47.9536,854.4181,1361.5502,924.1609,918.7210,926.6843,1160.3711,928.6087,2072.3845,176.8246,3381.7246,2789.5775,-324.2983,1313.6461,-19.1069,15.3508,0.6589,-36.4894,97.3226,98.4924,95.1759,837.6235,947.1766,1904.8252,1405.8730,1354.5629,945.0451,278.7380,326.1579,923.2476,1171.1044,388.1164,1111.8825,327.1923,347.7583,782.9857,887.6319,349.6121,950.8926,246.8401,243.4818,242.3822,249.4673,238.1738,232.7698,253.1690,247.2477,243.2988,251.4597,254.0677,2487.7973,238.0095,240.5803,232.5535,240.9190,241.0805,238.0865,238.1485,241.6712,244.4757,244.5472,245.8627,242.7046,243.6998,248.2080,244.2205,236.6353,228.3725,249.2268,1857.7011,2344.8065,948.8294,936.4822,511.5196,1112.4102,2805.8735,1171.4185,1169.5755,1186.1332,1181.7505,1244.7132,1270.5137,1174.9446,821.8665,1040.0783,1100.6627,1009.1053,1025.4253,1305.6000,777.0575,692.4580,842.1443,0.0000,942.8575,936.6850,1133.3247,-468.4648,249.7181,0.0000,263.8030,248.5425,242.1339,241.1118,0.6589,1045.5825,246.9236,941.0361,1048.3589,58.5003,24.3424,1192.7252,193.6662,1143.0133,253.5720,242.2937,1124.0834,1162.9653,1890.9346,244.5405,1019.5049,924.5679,242.5862,240.7793,240.8420,2030.1499,395.9046,92.1119,751.7288,1409.1392,1051.3811,1152.7448,1141.1640,1178.7913,248.0945,27.0209,27.2385,488.8932,484.6402,242.2449,780.5803,498.8006,399.1293,245.9345,244.5383,850.1554,850.1557,837.3967,1526.4483,1135.8654,493.5608,1804.3779,1994.1326,979.1897,1129.5662,241.2559,0.0000,-328.1929,786.9800,232.9963,235.1637,1131.0532,1133.7686,933.2597,1092.8322,1040.7849,222.0536,206.5683,-324.9116,206.7792,234.1946,879.2752,284.9677,311.7692,907.1927,947.7152,771.8765,151.4091,237.7166,237.4378,239.6837,215.6852,244.2663,49.4316,74.4843,97.7297,298.2442,309.8710,97.5779,244.3307,245.0046,245.0945,244.1818,240.8012,244.9681,244.9960,246.2547,245.1090,245.0333,239.5630,1040.0784,1305.5997,1129.6846,0.0000,-0.2352,1188.7019,0.2350,553.2507,670.3025,1020.6471,2624.7134,1703.0294,952.2340,1406.0120,-324.2983,0.0000,-324.2983,-0.0002,1044.8340,229.3151,2351.4146,0.0000,222.7705,222.9238,942.5188,942.8351,950.3880,241.2069,243.7910,240.8998,244.6143,244.8197,1268.7749
24.0000,326.1620,1867.3663,1848.3129,760.6882,942.8970,38.0515,56.3605,848.1978,1337.0782,917.4516,911.1147,919.5426,1142.8946,914.2368,3582.4420,0.6610,3444.3083,3078.2365,-33.3830,1291.9355,-16.4818,20.7409,4.8767,-36.4619,105.8314,106.4402,103.1783,826.5200,940.4526,1867.3365,1380.5121,1330.3867,938.3915,280.8005,326.9724,916.0794,1150.1983,389.0284,1091.0808,327.1666,347.2049,776.9947,880.5990,349.0110,944.2311,141.5105,268.4417,267.2928,0.6589,236.0028,234.3361,155.6605,242.3671,244.7205,198.2022,159.7604,2680.8188,243.7567,136.7487,233.7951,265.5981,265.7852,246.5353,245.3697,241.6713,246.6349,246.0058,271.0976,268.2567,269.2953,238.4090,269.6063,237.9060,256.2920,127.1753,1863.6090,2495.1603,942.1593,929.5591,509.6591,1094.3875,3095.4285,1150.5100,1148.7393,1165.2217,1160.8818,1222.2735,1247.8642,1154.0966,816.0700,1034.0242,1079.6056,1000.3647,1025.4290,1307.5892,771.1167,688.1233,830.9568,0.0000,935.1500,929.3092,1112.4306,-429.5888,252.9012,174.0089,344.2131,288.9851,273.4744,267.2602,0.6589,1039.5242,244.1696,934.0499,1042.2669,66.6701,30.4256,1171.1605,198.9649,1124.1623,161.6625,267.1098,1102.7505,1141.0289,1870.0068,135.9485,1001.8767,917.7896,275.3520,136.2991,136.3346,2085.9768,288.9513,100.1652,746.6844,1383.7534,1032.3759,1132.1158,1119.7132,1157.0421,142.2488,37.2229,37.5255,480.4860,476.3062,267.0579,767.6972,483.9278,291.3048,279.5490,248.1217,844.3557,844.3560,831.6415,1498.1622,1123.8998,486.5044,3041.4801,3423.0205,971.1912,1111.2681,264.5520,0.0000,-33.7897,773.9912,234.6495,237.7791,1112.7681,1115.8986,926.3569,1083.4255,1034.7035,223.7134,208.2988,-33.4511,208.5016,236.6730,866.6936,287.1208,314.2715,901.8525,941.0306,766.6040,0.6607,243.8699,244.0368,256.3452,217.7104,245.2426,57.7073,82.6888,105.6867,300.5633,312.3494,106.1141,269.3512,270.0793,270.1803,269.1875,265.4577,270.0395,270.1236,271.5385,270.1943,270.1104,264.1208,1034.0243,1307.5888,1111.3795,0.0000,-0.1518,1167.7515,0.1517,543.8145,658.9862,1015.6677,2859.8823,1099.4892,945.5633,1380.6480,-33.3830,173.9587,-33.3830,-0.0001,1026.3812,230.5443,3387.3374,0.0000,228.1326,225.4031,935.6001,935.9981,943.7228,264.4983,268.7460,264.1619,258.0878,250.2749,1247.3208
25.0000,652.7474,837.2602,836.2286,677.6823,669.4834,636.2468,633.0285,677.9935,739.1611,699.4877,674.8411,694.9059,707.4485,667.2184,1421.8212,572.7647,2270.1101,1785.7191,-264.2307,742.0990,645.7258,636.8010,641.0347,649.4018,634.8652,642.9533,644.3895,667.1124,700.4825,836.2129,747.3582,739.2697,698.7960,658.0408,655.1264,684.3300,699.2578,656.9334,678.4283,654.6815,693.2162,643.2615,678.6154,696.6894,703.1568,390.7040,253.5799,252.3831,542.5704,274.9942,265.1598,389.8272,286.7964,276.2590,342.2662,387.6065,1495.2886,266.9425,382.0744,263.7580,251.0315,251.1998,264.2782,265.6686,274.6661,277.0166,277.7333,256.2494,251.9856,253.0648,294.0556,253.7912,268.4646,242.2356,411.0024,908.2544,1361.5506,701.7811,694.8133,657.5290,687.0817,1796.3515,699.4774,699.6116,705.1903,704.7441,715.6345,722.2999,702.0552,681.6694,647.6081,671.7507,638.9699,628.5585,722.7703,650.7125,663.0921,670.7648,0.0000,672.0946,681.7149,687.1930,670.1598,657.4771,0.0000,214.8810,240.7617,244.6306,249.3206,638.9666,651.0440,285.2775,693.9607,652.7604,632.2990,630.6143,731.1259,660.8538,700.1776,384.5549,252.4563,679.9623,690.5016,865.6940,391.5454,674.1968,698.7577,242.5862,382.9795,383.0792,1066.8179,473.7246,600.8745,671.9350,749.1207,681.9126,696.3611,686.1347,697.4621,392.6252,622.3168,627.4205,552.4890,547.6826,252.3981,672.7089,435.5138,477.5831,245.9968,275.5948,704.9657,704.9659,694.5029,768.8317,699.4886,656.8337,1302.0176,1387.7691,627.2112,697.6938,250.9984,0.0000,-268.1123,678.2242,265.3182,266.6994,698.3152,696.9287,698.6073,676.1242,648.0102,253.2462,235.8463,-264.8343,236.0733,266.9728,667.4929,672.7259,735.5532,752.4711,700.7432,674.8173,582.3514,266.2085,265.3725,257.7548,246.2399,277.4821,633.8891,644.9992,643.0681,703.8521,731.1246,636.5117,254.6022,255.2139,255.3084,254.4328,250.8856,255.1759,255.3162,256.6594,255.3220,255.2524,249.6310,647.6081,722.7701,697.7357,0.0000,-0.1916,705.2731,0.1914,542.8188,523.5870,636.8875,1625.1644,1387.3475,704.2256,747.3830,-264.2307,0.0000,-264.2307,-0.0002,674.3217,260.1369,1563.6052,0.0000,641.8279,252.8181,695.6818,697.1520,702.7734,250.9475,254.0335,250.6288,265.2356,273.9338,730.7472
26.0000,653.3022,840.9226,839.8169,679.1397,671.2980,636.6752,633.4566,676.8336,741.5302,698.0897,674.9063,693.5328,709.0128,668.2581,1456.1514,570.2456,2293.5829,1805.5178,-264.6846,744.3946,646.2195,637.7015,641.7712,649.8531,635.2711,643.1840,644.6258,667.8707,699.4686,839.9004,749.8389,741.6176,697.6969,658.3777,655.5660,683.9455,701.0740,657.2904,679.9682,655.2715,694.5279,643.1909,678.6352,698.0662,701.9967,388.9694,253.5778,252.4110,539.0822,274.3699,264.5367,387.7807,286.3309,275.9693,340.8791,385.5297,1509.7176,266.4474,380.3017,263.5423,250.9738,251.1587,263.8573,265.2369,274.3602,276.7232,277.4314,256.1991,251.8834,252.9131,293.4726,253.6210,268.2396,242.1797,409.1092,913.2763,1373.7614,700.7097,693.9512,657.8579,688.9452,1816.1725,701.2924,701.3980,707.1246,706.6822,717.7020,724.4398,703.9188,680.9227,649.0813,673.2355,640.3004,630.1431,725.5116,650.6876,662.9294,671.4165,0.0000,672.1851,681.4204,688.7285,670.7388,657.7084,0.0000,215.2715,240.8255,244.6199,249.2747,638.9666,652.5292,284.7739,693.1542,654.2552,632.6411,631.5848,732.9324,660.8681,702.0770,382.4913,252.4145,681.5097,692.1413,869.8835,389.7578,675.4645,697.3636,242.5862,381.2042,381.3034,1074.2384,472.3519,601.2586,671.4738,751.5997,683.1950,698.0926,687.7576,699.2138,390.9638,622.7371,627.8436,553.0632,548.2520,252.3519,674.1709,435.5184,476.1991,245.9832,275.3161,703.7603,703.7604,693.4700,771.6029,700.9660,659.2030,1329.5043,1419.9702,628.5387,699.5861,250.9238,0.0000,-268.1701,679.6982,264.7081,266.1557,700.1889,698.7757,697.3696,677.6499,649.4825,252.3620,234.6827,-265.2500,234.9266,262.9442,668.3754,673.0225,735.7057,750.3242,699.6156,674.2662,580.2013,265.7418,264.9055,257.5211,243.9279,277.1719,634.3165,645.3401,643.3023,704.1552,731.2889,637.0042,254.6996,255.2033,255.2963,254.4063,250.8391,255.1651,255.2688,256.6207,255.3103,255.2545,249.6209,649.0814,725.5114,699.6283,0.0000,-0.1919,707.1807,0.1917,543.4019,524.1654,638.3335,1641.9124,1389.8516,703.1931,749.8641,-264.6846,0.0000,-264.6846,-0.0002,675.6769,259.9205,1592.2462,0.0000,642.2111,252.3027,694.8180,696.2499,701.6185,250.8728,254.1193,250.5537,265.0635,273.6808,732.8147
27.0000,648.1225,815.2591,814.7005,672.5981,663.6920,628.4344,625.5425,663.8437,733.9095,678.5037,669.9114,677.3245,703.7737,673.4482,1104.4038,374.9470,2138.1389,1647.1208,-263.6789,733.6197,636.5801,628.4942,632.2807,639.9368,627.7222,635.6981,637.0544,670.1565,694.1095,814.2088,739.6496,734.0992,697.6969,652.0658,650.0995,676.5430,704.7206,652.1241,691.1858,650.1455,690.5129,637.7477,673.3100,694.1515,701.7689,384.9355,252.9247,251.7024,529.9154,273.6552,263.8132,384.0902,286.1369,275.5063,338.7283,381.9515,1391.7474,265.8607,376.3419,263.4003,250.6283,250.7820,263.2960,264.6694,274.1642,276.0517,276.8068,255.8247,251.6288,252.7548,292.7109,253.5567,267.9939,241.8466,404.6738,875.5188,1274.1223,695.4106,685.1556,653.6330,684.4047,1656.8173,704.9445,705.1838,709.1429,709.5890,718.3250,722.0932,707.4099,671.2964,646.0484,687.3169,639.9507,624.7948,709.2606,645.1349,656.4720,673.7416,0.0000,667.0254,674.6197,697.2099,658.5591,651.2217,0.0000,214.4154,240.4399,244.3286,248.9604,0.6589,649.4525,284.0856,685.4510,651.1705,624.9718,622.6696,723.5969,653.9973,698.4362,378.9951,251.9773,693.9054,701.2214,839.5314,385.6862,683.1677,676.1711,242.5637,377.2314,377.3296,1014.9676,466.8746,594.1141,663.5775,741.3602,690.1513,703.3421,698.8551,706.5766,386.9247,614.7283,619.7386,548.3758,543.6053,251.9139,667.7368,432.3947,470.6772,245.5560,274.6513,693.7714,693.7716,683.6026,757.6618,695.8601,604.8483,1028.4406,1083.1737,626.2911,694.6907,250.8021,0.0000,-267.5824,673.2113,263.9932,265.4931,695.2880,693.6980,683.6750,673.4055,646.4399,251.1738,233.2565,-264.2985,233.5160,258.9464,671.9783,666.4898,727.6543,738.9531,699.0563,665.8774,320.7673,265.1594,264.3144,257.0712,241.3739,276.6795,626.3916,637.5928,635.8084,697.0673,723.3818,629.4668,253.9636,254.5486,254.6468,253.8376,250.4041,254.5122,254.8787,256.2429,254.6591,254.4973,249.2587,646.0485,709.2605,694.7364,0.0000,-0.1912,708.5368,0.1910,539.3049,521.1210,635.7131,1506.0617,1384.3356,699.4876,739.6671,-263.6789,0.0000,-263.6789,-0.0002,684.6797,259.7124,1315.4895,0.0000,635.6732,251.6746,687.6311,689.7733,701.3378,250.7512,253.3916,250.4320,264.6615,273.0901,724.5693
28.0000,646.9238,825.6342,824.8214,673.3596,666.1613,625.1580,622.1521,664.2287,738.9935,678.5332,670.6196,677.3493,707.6978,674.6798,1279.2623,355.3987,2200.2076,1716.0752,-260.8458,738.9765,632.0073,624.5215,628.0579,634.9056,624.8451,632.8566,634.1782,670.8887,694.2283,824.6213,745.2557,739.1588,697.6969,650.4416,648.7323,677.1594,707.6625,650.6752,693.2875,648.9858,690.1569,638.4856,673.7685,693.8681,701.7167,369.0703,248.1090,246.9680,502.3677,266.4875,257.0697,368.5143,278.5700,268.5688,327.0176,366.5997,1442.6659,259.3915,360.7716,257.2928,245.4488,245.6405,256.9922,258.2817,267.2026,269.0594,269.7703,250.6005,246.4507,247.4917,284.6437,248.6447,261.5442,236.8484,387.4931,891.3859,1317.0594,695.5007,685.4283,652.7728,687.5512,1726.1908,707.8869,708.1116,712.2602,712.6046,721.9366,726.1062,710.3653,671.6082,648.4208,689.1722,641.7167,627.5631,716.4355,645.8178,656.4672,674.4197,0.0000,667.8987,675.3003,699.6509,653.9227,649.3527,0.0000,212.1074,236.0747,239.5806,243.8777,0.6589,651.8297,276.5886,685.7692,653.5695,621.6278,618.8564,727.5429,651.6254,701.6304,363.8749,246.8827,695.9821,703.7273,852.0870,369.6484,684.8460,676.1711,238.0254,361.6082,361.7023,1040.2032,452.6609,591.3909,663.7240,746.9790,692.0398,706.0711,701.1123,709.3342,371.0053,611.5147,616.5038,545.1478,540.4053,246.8151,668.5871,426.7744,456.3479,240.7879,267.7567,694.1822,694.1824,683.9658,764.4299,699.1256,603.4616,1172.8593,1248.8761,627.8112,697.8842,245.6080,0.0000,-264.4131,674.0686,257.2528,258.7796,698.5177,697.0541,683.8146,676.2331,648.8175,244.8149,227.4543,-261.4371,227.7018,253.4270,672.9422,664.9695,726.7452,739.8381,699.0487,666.0731,304.0297,258.7121,257.8836,251.3351,235.5669,269.6370,622.9990,634.4100,632.9565,695.8118,722.4141,626.5670,249.0997,249.6812,249.7651,248.7871,245.3363,249.6435,249.6959,251.0025,249.7797,249.7407,244.3484,648.4209,716.4353,697.9306,0.0000,-0.1891,711.7317,0.1889,536.2800,518.4748,637.9439,1564.8614,1369.5119,699.4878,745.2747,-260.8458,0.0000,-260.8458,-0.0002,686.4625,253.5318,1449.3261,0.0000,633.4089,245.3106,687.8968,689.9871,701.2926,245.5581,248.5400,245.2455,258.5970,266.3705,729.2396
29.0000,653.0029,843.2743,842.1171,679.4199,671.7120,635.6388,632.4371,664.8443,742.7508,678.5930,669.8226,677.0963,712.2034,667.4386,1489.1734,566.8918,2305.9940,1819.3167,-264.5505,745.3440,645.4814,637.4940,641.4090,649.0649,634.0936,641.9738,643.2892,666.4139,694.0633,842.2534,751.1665,742.8126,697.6969,657.3968,654.7912,676.7512,701.8303,655.4766,680.2771,655.0945,696.8631,638.4188,673.4265,700.6282,701.7170,387.2742,253.8328,252.6848,534.3115,274.3426,264.4514,386.5405,286.9535,276.2005,340.5122,384.4010,1520.0466,266.5649,378.5959,264.7766,251.0513,251.2653,263.9177,265.2938,275.0040,276.5599,277.3516,256.3712,251.9910,253.0149,293.4262,253.9420,269.2830,242.2546,406.9840,916.5508,1382.7606,695.3428,685.2049,655.4308,689.6716,1830.1772,702.0565,702.1984,708.0141,707.6065,718.5938,725.4419,704.7855,672.3187,649.2685,673.4404,640.2618,630.5217,726.8648,645.9330,657.7323,669.9541,0.0000,667.1527,674.7898,689.3220,670.0558,656.7043,0.0000,215.1523,240.7118,244.6945,249.3438,639.2673,652.7228,284.7403,685.5019,654.4711,632.0654,631.1641,732.7319,659.8110,702.8393,381.4632,252.5534,681.8309,692.5179,872.6910,387.9946,675.1583,676.1711,242.5862,379.4887,379.5875,1079.5457,469.9744,600.1443,664.7361,752.9526,682.9429,698.8889,688.1796,699.7989,389.3095,621.7658,626.8392,552.5178,547.7112,252.4803,674.4664,434.6854,473.8025,246.0199,275.1528,695.5417,695.5419,685.0397,773.1772,701.6635,659.0369,1357.0523,1451.3330,628.6368,700.3235,250.8441,0.0000,-267.8076,679.9962,264.6298,266.1393,701.0451,700.0242,683.7634,677.9335,649.6782,252.0708,234.4961,-265.1230,234.7354,263.4998,667.2114,672.2806,735.7075,742.4794,699.0377,666.9987,577.3682,265.8240,264.9596,257.5932,243.6825,277.3330,633.3483,644.2474,642.0975,703.9650,731.2691,635.7560,254.8587,255.4482,255.5364,254.5429,250.9751,255.4093,255.4431,256.7823,255.5520,255.4876,250.1020,649.2686,726.8647,700.3661,0.0000,-0.1918,708.0317,0.1916,542.8899,523.7322,638.5028,1653.7246,1389.1081,699.3916,751.1919,-264.5505,0.0000,-264.5505,-0.0002,675.5667,260.9946,1617.8397,0.0000,640.6561,252.2871,687.6576,689.7739,701.2912,250.7932,254.2804,250.4741,264.9370,273.5307,734.0758
30.0000,662.3274,868.1064,866.7542,692.4582,685.8401,644.2868,641.0372,674.6820,760.8124,687.0649,680.1854,686.0553,728.9919,680.1848,1668.8479,556.8302,2411.2833,1917.6735,-267.2462,763.3407,653.4224,646.6222,650.0396,656.5929,642.9359,650.6908,651.9698,678.5261,699.5874,867.0798,769.8715,760.9228,697.6969,666.5184,664.2546,686.4116,717.1370,665.3701,694.3953,664.4140,706.0623,648.5428,683.7267,709.8164,702.0033,380.5918,253.5576,252.4097,519.9254,273.0713,263.4968,380.3186,285.1034,274.3749,336.5495,378.3627,1595.6966,265.5428,371.9834,256.4303,250.6894,250.9074,262.9966,264.3005,273.2400,275.0453,275.7601,255.9556,251.7200,252.7731,291.5163,254.0079,266.5505,241.9052,399.3131,947.6671,1448.2055,700.9143,692.7297,665.6986,704.9710,1929.4213,717.3681,717.5412,723.5976,723.0839,734.8920,742.1878,720.1763,682.4178,662.9832,687.2368,653.1691,644.2964,746.4758,656.2298,667.8706,682.2464,0.0000,677.6062,684.4207,703.8722,678.3395,665.8910,0.0000,217.3200,241.0495,244.6336,249.0518,639.2673,666.5324,283.1777,692.9446,668.3332,640.8747,640.7396,746.4388,669.1998,718.4233,375.5455,252.2094,695.9736,707.1432,900.0044,381.1341,688.6110,684.6337,242.5862,372.8424,372.9395,1122.4223,466.1307,608.5130,674.9143,771.7184,696.7518,713.9651,702.6100,714.8519,382.6478,630.3065,635.4016,559.7631,554.8936,252.1346,687.4895,437.7488,469.9274,246.0251,273.7091,706.6076,706.6078,695.6481,793.3579,717.1964,676.1856,1503.8055,1621.5653,641.2123,715.8588,250.4026,0.0000,-271.0446,693.1260,263.6563,265.0774,716.6254,715.7605,691.6541,692.6067,663.4062,251.7239,234.6248,-267.8669,234.8402,266.8885,679.6186,681.8694,747.0793,755.7301,699.6092,677.1696,568.7889,264.8113,263.9901,256.9456,245.2306,275.6938,642.0078,653.0396,650.8176,714.5744,742.5291,644.7280,254.5119,255.1568,255.2434,254.2234,250.6438,255.1176,255.0436,256.3670,255.2592,255.2056,249.8814,662.9833,746.4756,715.9030,0.0000,-0.1937,723.6890,0.1936,550.1247,530.9252,651.8720,1739.5151,1403.1001,703.2433,769.8987,-267.2462,0.0000,-267.2462,-0.0002,689.1801,256.6324,1765.9212,0.0000,649.9338,251.2805,694.6203,696.2535,701.6230,250.3518,253.9286,250.0351,263.9867,272.1769,751.0316
31.0000,655.0868,849.6683,848.4137,682.5855,675.0703,637.9143,634.6517,668.0140,747.1367,680.5185,672.3119,679.1896,716.9829,670.4652,1540.9029,564.2367,2340.1599,1849.0837,-265.5280,749.7641,647.5638,640.4284,643.9619,650.9377,636.4150,644.0725,645.4139,669.3743,695.1331,848.6727,755.7674,747.2183,697.6969,659.5794,657.0495,679.0146,705.3738,658.0132,683.5237,657.1360,698.0298,641.2370,675.9280,701.7158,701.8422,386.0261,254.4233,253.2900,530.3852,274.7931,265.0728,385.4867,287.0617,276.1483,339.9672,383.4056,1542.3289,267.0634,377.3282,258.3621,251.4683,251.7117,264.3916,265.7502,275.0960,276.6429,277.4159,256.7471,252.4588,253.4889,293.5347,254.6761,268.8095,242.6570,405.3870,924.9607,1401.7141,696.3796,686.8238,658.0911,693.3722,1860.0403,705.5994,705.7610,711.5963,711.1254,722.3926,729.3898,708.3155,675.2108,652.4588,676.5999,643.2533,633.8187,731.8824,648.8378,660.5552,673.0519,0.0000,669.6282,677.0372,692.7164,672.1315,658.9461,0.0000,215.9451,241.1539,245.1339,249.7578,639.2673,655.9055,284.9463,687.1104,657.6564,634.1761,634.6374,733.2422,662.1908,706.5763,380.4777,253.0257,685.0473,695.8419,879.8900,386.6792,678.2654,678.0581,242.9812,378.2126,378.3111,1091.4888,468.8836,602.3413,667.5998,757.5679,685.9722,702.3652,691.4548,703.2448,388.1106,624.0705,629.1160,554.2862,549.4643,252.9414,677.6263,435.4515,472.7029,246.4456,275.2509,698.6616,698.6618,688.0600,778.2158,705.2671,665.3649,1398.9211,1500.3849,631.5783,704.0811,251.1440,0.0000,-268.9735,683.1820,265.2300,266.6308,704.7949,703.9666,685.4149,681.3278,652.8708,253.2760,236.0929,-266.1262,236.3086,269.5170,670.2010,674.8262,739.9923,746.0283,699.1589,669.8731,575.1204,266.3000,265.4462,258.0313,247.1371,277.4257,635.5887,646.4185,644.1900,707.2292,735.4076,638.2315,255.3365,256.0270,256.1118,255.0590,251.4671,255.9873,255.8436,257.1306,256.1280,256.0536,251.0556,652.4589,731.8822,704.1240,0.0000,-0.1925,711.6716,0.1923,544.6479,525.4567,641.6357,1679.3062,1394.2136,700.1031,755.7935,-265.5280,0.0000,-265.5280,-0.0002,678.7329,258.7338,1661.0277,0.0000,643.0811,252.7531,689.1309,691.1102,701.4157,251.0931,254.7518,250.7765,265.1323,273.6422,737.8490
32.0000,653.8080,839.0584,837.8156,678.7606,670.5559,637.0148,633.8055,677.0494,740.4146,696.2473,673.7292,690.9606,711.3888,667.5054,1440.3701,572.7199,2290.5867,1798.3818,-265.5364,742.7179,646.6139,638.0555,642.1064,650.2833,635.5573,643.5063,644.9184,667.2303,698.5234,838.1130,748.7179,740.6322,697.6969,658.8298,655.9608,682.5246,700.2148,657.2475,679.2251,655.7979,695.4743,642.6584,677.4624,699.0505,701.8700,392.4077,256.6254,255.5212,542.5138,277.5824,267.6966,391.4124,290.1953,279.2597,344.5446,389.2152,1504.2290,269.5840,383.6254,261.9948,253.5383,253.8072,266.8681,268.2711,278.1816,279.4902,280.3337,258.9019,254.4452,255.4166,296.6450,256.6088,272.6894,244.6534,412.5935,911.1175,1368.8605,699.7625,692.6592,657.6737,688.2447,1808.9095,700.4341,700.5440,706.2021,705.7548,716.5410,723.3374,703.0282,680.6052,648.1191,672.5043,639.5495,629.3139,724.2344,650.3001,662.6229,670.8393,0.0000,670.9890,680.0853,688.1685,671.1197,658.1788,0.0000,215.9650,242.5979,246.9396,251.7600,639.2673,651.4615,287.8156,691.9310,653.1496,633.1134,632.1582,727.4616,661.3847,701.3110,386.2264,255.1584,680.6712,691.1451,867.9988,393.1954,674.6538,695.4044,244.7079,384.5383,384.6384,1071.1445,474.1815,601.5294,671.2380,750.4593,682.1416,697.3145,686.8526,698.2814,394.4911,623.1981,628.2321,553.3301,548.5164,255.0702,673.7801,436.3174,478.0441,248.1691,278.0450,704.0637,704.0639,693.4560,770.3231,699.8913,662.0250,1315.5147,1404.8613,627.8889,698.8748,253.2168,0.0000,-268.9841,679.3042,267.8521,269.2348,699.5833,698.7399,695.6842,676.4559,648.5218,255.7837,238.3852,-266.1029,238.6053,271.6529,667.6735,673.7737,737.4350,751.5475,699.4734,674.0269,582.3693,268.8232,267.9603,260.3029,249.4324,280.3962,634.6787,645.5681,643.6080,705.5381,732.9728,637.3316,257.3995,258.2368,258.3190,257.2229,253.6288,258.1963,257.9809,259.3044,258.3365,258.2518,253.5433,648.1192,724.2342,698.9166,0.0000,-0.1925,706.2809,0.1924,543.6476,524.3653,637.5125,1635.5868,1394.3813,702.4103,748.7429,-265.5364,0.0000,-265.5364,-0.0002,674.9298,262.4429,1579.9460,0.0000,642.3550,255.2215,693.6603,695.1691,701.4892,253.1659,256.8136,252.8626,267.5441,276.3549,731.5031
33.0000,484.8484,564.8645,565.2127,496.4676,485.4778,471.3128,469.4268,512.0310,529.8144,527.3566,509.3198,523.0666,518.8173,502.7434,560.2416,306.5259,1175.6637,923.3403,0.0000,526.3171,478.1710,472.0523,474.8957,480.8398,470.9651,476.9204,477.9031,501.9531,531.4720,564.0686,531.6132,530.1899,534.3311,487.9413,486.7093,516.4197,518.7168,489.9790,513.3438,486.2568,514.3025,484.8857,511.6962,516.8301,537.3362,307.8974,254.5113,253.4288,433.2138,259.2734,251.9797,311.8118,269.9889,263.4968,293.2553,311.6355,814.4283,256.0601,300.5518,251.8024,251.1877,251.4779,254.9624,255.6190,261.6007,263.4635,263.9954,256.6375,252.6959,253.7059,273.0300,254.9625,259.2843,242.3853,317.4485,588.5526,763.0672,532.4084,525.5713,491.8764,502.2474,928.7936,518.8841,519.1495,520.8413,521.6012,525.1541,526.0944,520.4623,513.9032,486.2472,511.8849,483.3455,471.8087,511.1682,490.4837,498.4846,504.7617,0.0000,507.5657,514.8098,516.4129,490.7273,487.5421,134.6714,245.3785,249.5114,248.7079,250.3886,0.6589,488.7426,268.6050,525.1641,490.0084,469.1272,468.0926,522.1981,490.0883,512.3293,310.2007,252.9337,515.5167,518.5804,574.7212,306.8609,508.6324,526.6726,247.6269,301.0469,301.1252,650.1900,390.2128,445.7495,505.7847,532.8520,513.1395,518.7963,518.2198,521.4906,309.5391,461.0872,464.8136,430.3369,426.3487,252.8446,492.7386,367.7904,393.3913,251.0097,262.8688,531.9849,531.9851,523.8185,539.4568,516.0826,449.4223,549.2966,558.1057,474.7306,509.4977,250.6277,0.0000,0.0000,496.7784,252.1769,254.0235,510.0115,509.4239,527.4264,502.4377,486.5043,240.7701,224.3480,0.0000,224.5576,255.4140,502.5522,496.6742,532.9304,568.6134,535.3572,508.1779,262.2280,255.5597,254.9886,253.2314,234.6113,263.9378,470.0988,478.3682,476.9998,515.0821,530.4648,472.2917,255.1130,256.0852,256.1658,255.0346,251.5359,256.0439,255.7305,257.0578,256.1843,256.0822,251.5959,486.2473,511.1681,509.5239,0.0000,-0.0987,520.1407,0.0986,425.8597,416.4289,479.9225,863.5315,714.7741,535.5396,531.6185,0.0000,134.6027,0.0000,-0.0001,509.4616,251.0877,702.0438,0.0000,477.3722,240.8020,526.8005,528.2576,537.0218,250.5836,254.5230,250.3390,258.6200,262.3945,524.5158
34.0000,637.4050,741.9596,742.3780,652.0840,637.9730,618.9320,616.3211,670.2627,695.6209,689.6420,667.1005,684.0953,680.2930,658.9009,737.4665,403.2247,1546.4086,1213.4911,0.0000,687.7538,628.1956,619.8897,623.7080,631.8397,618.3818,626.4084,627.7692,657.2221,694.4330,740.9249,698.0364,696.1251,697.6969,641.6748,639.7673,675.9844,680.9424,642.8975,673.8784,639.2740,676.5002,635.2019,670.1931,679.8553,701.6853,407.5587,341.2595,339.6601,570.3247,346.3118,336.5810,413.0180,360.6624,353.4395,389.8652,412.9055,1070.0637,342.4186,397.8542,344.8003,336.5968,336.9983,341.0354,341.9304,349.5032,352.1628,353.0442,344.0804,339.0928,340.7569,364.6259,342.0443,352.0113,324.8012,420.1494,773.2731,1002.6452,695.5582,687.2707,644.9229,659.3844,1220.4980,681.1613,681.5653,683.7103,684.6809,689.3263,690.6272,683.2314,672.7901,638.2638,672.0012,634.4065,619.4290,671.2919,642.5434,653.0432,659.4535,0.0000,664.8008,673.8984,677.9470,644.8510,640.9686,178.2658,324.5945,332.7976,333.1090,335.5075,0.6589,641.4662,358.8388,686.7261,643.1021,615.8036,614.7322,685.3827,643.9460,672.7285,411.0668,339.2700,676.6880,680.6380,754.9461,406.1975,667.0032,688.7575,331.5123,398.5084,398.6121,854.3030,513.6691,585.2736,662.4132,699.6298,672.5102,681.0617,680.2274,684.5575,409.7176,605.5036,610.3971,565.7445,560.5014,339.1497,647.1796,484.1214,517.8532,335.6171,351.3331,695.5030,695.5031,685.3289,708.4012,677.5778,590.6321,723.6677,734.8181,623.2321,669.0514,335.7988,0.0000,0.0000,652.4856,336.8651,339.4386,669.7187,668.8186,689.6815,659.6503,638.5969,321.1700,299.0760,0.0000,299.3653,339.6479,658.3004,655.3498,711.8102,742.4321,699.0913,665.4780,344.8010,341.7749,340.9694,339.0266,312.5706,352.8633,617.2147,628.1958,626.5150,684.4115,708.0848,620.0309,341.9957,343.4320,343.5418,342.1176,337.9078,343.3745,342.9099,344.6291,343.5660,343.4131,337.8838,638.2638,671.2918,669.0857,0.0000,-0.1303,682.8198,0.1302,559.8702,547.4236,629.9544,1134.6307,943.9316,699.5345,698.0437,0.0000,178.1744,0.0000,-0.0001,668.3888,345.4481,923.6013,0.0000,626.5191,321.7713,688.7285,690.5075,701.2731,335.7601,341.1824,335.5611,346.1051,350.8753,687.4616
35.0000,326.1620,347.7030,348.5616,326.3917,317.5102,309.6500,308.3488,342.8013,342.6600,352.1070,343.8226,350.1630,341.2523,334.0866,315.8148,199.8347,456.7795,407.4598,212.0205,336.8402,313.7485,309.7240,311.5658,315.4295,310.0337,314.1027,314.8164,333.6850,357.1188,347.1394,342.0291,343.0740,359.0751,326.6562,325.9612,347.9169,343.0612,325.2157,342.9538,327.0830,345.4102,326.0478,344.8622,347.0619,361.1302,266.0573,260.1258,258.9117,282.7192,254.8246,248.8733,272.5790,264.3949,261.8596,270.0185,273.4937,390.3399,254.5771,259.4486,260.7482,256.3235,256.6496,254.4087,254.6977,257.9119,260.4076,260.9507,262.1594,258.6095,259.9178,265.7731,260.8955,263.2477,247.3408,270.1746,349.8048,381.2417,357.6954,353.0795,326.6958,330.7462,409.6617,343.1707,343.4565,343.7170,344.5962,344.8097,343.9376,344.1440,344.1316,333.3136,343.2383,331.7583,326.5515,334.4278,329.1124,332.9438,334.7167,0.0000,343.4038,347.2766,343.7380,318.2677,325.5090,239.5468,262.3746,257.8579,255.8643,256.0204,0.6589,334.9341,263.7823,353.0946,335.7665,307.9795,307.1805,339.8122,325.4456,337.4730,272.8856,258.6494,344.6686,344.8303,348.8886,264.0761,338.5642,351.4113,255.2634,259.7268,259.7944,361.4541,283.6553,293.4343,338.2307,342.7875,340.5873,343.9113,345.7228,345.9369,267.4348,302.9187,305.3746,306.4385,303.6242,258.5722,323.9493,288.6252,285.9658,258.1343,260.2251,354.9993,354.9994,350.1412,343.2617,345.9094,285.6485,316.8062,316.8104,327.7823,335.5242,255.6571,0.0000,212.8881,326.6053,249.1082,251.3013,335.8529,335.5975,353.2711,340.0695,333.4450,237.4420,221.0470,212.2694,221.2641,250.5501,334.0257,333.1337,359.8122,378.1160,359.7702,339.9682,170.8557,254.2222,253.7577,255.5398,230.8723,260.6852,308.7964,314.6456,314.1452,346.9178,358.0857,310.8595,260.5746,261.7767,261.8607,260.7860,258.1075,261.7315,261.3185,262.5776,261.8783,261.7411,257.7822,333.3136,334.4277,335.5344,0.0000,-0.0202,342.9784,0.0202,306.4389,305.5203,330.4098,398.4297,146.3878,359.7986,342.0271,209.6949,239.4248,210.0797,0.0000,339.6982,261.2945,351.7046,0.0000,315.1340,238.2215,354.1230,355.0588,360.9141,255.6466,259.9322,255.5700,259.7788,260.5621,339.9369
36.0000,325.0600,337.8716,338.7033,317.2093,308.4912,301.8808,300.2956,333.8734,333.0040,342.4188,334.1264,340.6205,330.9759,325.1477,307.6321,194.7696,443.7255,395.6792,207.5902,327.4908,305.3030,300.2873,302.5564,306.9588,302.4677,306.8126,307.6197,325.0314,347.2906,337.3234,332.4263,333.4505,349.3485,324.2367,323.0893,338.3538,333.3024,318.3985,333.4502,325.9527,343.7026,317.5128,334.9293,345.3021,351.4137,260.6298,257.1365,256.0547,275.6873,252.0198,246.3033,267.3316,260.9406,258.9236,265.8913,268.2550,379.1039,251.9306,254.1636,267.5841,252.9452,253.2987,251.6123,251.9363,254.4613,256.7872,257.4331,258.9569,255.0373,256.1619,262.5099,257.6459,262.6897,244.0811,264.5987,340.0130,370.4210,347.8369,343.3335,319.0744,321.1995,397.2093,333.4091,333.7248,333.8485,334.7012,335.0278,334.1744,334.3250,335.3140,324.2018,333.7774,322.5259,317.5734,325.1682,321.2781,324.7463,326.0909,0.0000,333.7886,337.6564,334.0930,309.7637,322.3248,234.7465,257.0248,253.8017,252.4129,252.6110,0.6589,325.7647,260.6014,343.3486,326.5609,299.6384,297.2872,330.0414,320.7105,327.4708,267.6059,255.5209,335.1699,335.3585,339.0401,258.6971,329.2956,341.7569,251.7787,254.4358,254.5021,351.2892,276.6257,286.2736,329.7539,333.1678,331.0097,334.1632,336.1758,336.3769,261.9762,295.3613,297.7307,298.4845,295.8879,255.4702,314.8265,281.4939,278.8788,254.4768,256.5829,346.0827,346.0828,341.2837,333.6072,336.9694,278.9340,308.6207,308.6901,318.6624,325.8401,252.2864,0.0000,208.5878,317.4076,246.5144,248.5811,326.1402,325.7276,343.4751,331.1046,324.3318,235.3687,219.1375,207.8428,219.3516,250.1500,325.2339,330.3740,355.4255,369.1904,350.0337,331.3947,166.4570,251.5027,251.0166,252.4511,229.4494,257.2296,300.6872,306.9329,306.8419,343.4374,353.8700,303.2233,257.2412,258.7188,258.8067,257.7545,255.3108,258.6724,258.1644,259.3788,258.8237,258.6466,254.7528,324.2018,325.1681,325.8489,0.0000,-0.0197,333.1477,0.0197,298.4653,297.5360,321.2700,386.9178,142.9841,349.9645,332.4239,205.3030,234.6329,205.6973,0.0000,330.4027,263.7723,342.1608,0.0000,307.5496,235.6429,344.3557,345.2742,351.1944,252.2838,256.6113,252.2612,256.2945,256.9923,330.2440
37.0000,326.1620,346.5541,347.3906,325.4633,316.6060,309.2358,307.9070,342.6108,341.4996,350.8604,342.4309,348.8539,339.6556,333.1919,316.3109,200.1436,456.0637,406.5814,214.0103,335.5620,313.1381,308.2629,310.4684,314.9410,309.6551,314.0210,314.7730,332.8612,355.3891,345.9988,340.8608,341.8257,357.5785,326.9372,326.0463,346.7587,341.9620,324.9541,342.1245,327.1401,346.6347,325.3667,343.1980,348.3917,359.7898,267.8793,265.9826,264.6656,283.3491,261.4675,255.7108,273.3864,270.2295,267.9247,274.5994,275.1475,389.3588,261.5157,261.1974,278.3670,261.6624,261.9919,261.0016,261.3965,263.3396,265.5316,266.2442,267.9732,264.3718,265.9455,271.8327,267.3710,272.4452,252.4928,272.1559,348.9511,380.4822,355.9102,351.5919,326.2938,329.5476,408.1633,342.0691,342.3240,342.5964,343.5211,343.6905,342.7933,343.0482,344.0270,332.6767,342.4843,330.9214,325.9411,333.7267,329.1868,332.6601,333.8863,0.0000,342.1162,346.0140,342.7116,317.7963,326.0448,242.0368,264.9451,262.1967,261.0553,261.2994,0.6589,334.2348,269.8869,351.5917,335.0236,307.4718,305.2308,338.9465,326.4940,335.9826,274.7672,264.4187,343.8936,344.1264,347.8274,265.9298,337.6135,350.1561,260.3538,261.4873,261.5554,360.6478,284.3261,293.0763,338.0297,341.6299,339.2950,342.8112,344.8912,345.0605,269.4759,302.6589,305.0270,306.4449,303.6306,264.3624,323.0184,289.3409,286.6419,263.0961,265.3090,356.5510,356.5511,350.9681,342.1000,345.8498,286.5387,318.0565,317.7368,326.9907,334.3089,260.9306,0.0000,215.1121,325.6667,255.8993,257.8951,334.6211,334.2148,351.7982,339.8066,332.8117,245.0798,228.7100,214.2804,228.9052,265.8638,333.1620,333.6718,361.1596,382.6718,358.2832,339.7949,171.0042,260.9772,260.4406,261.5052,240.9931,266.1299,308.3187,314.4262,314.0589,347.9327,359.4655,310.4119,266.0874,267.6625,267.7569,266.6953,264.3400,267.6138,267.1876,268.4152,267.7734,267.5819,263.4346,332.6768,333.7266,334.3178,0.0000,-0.0203,341.8113,0.0203,306.4801,305.5367,329.6674,397.4654,147.2476,358.1528,340.8588,211.6537,241.9302,212.0696,0.0000,338.8445,274.1837,351.7258,0.0000,314.7487,244.4721,352.5635,353.4430,359.5503,260.9304,265.4341,260.9272,265.0918,265.7808,338.6726
38.0000,326.1620,345.5865,346.4170,324.4908,315.6475,308.4237,307.0272,344.3086,340.7178,352.4511,342.9067,350.3066,338.5805,333.0019,314.8832,199.2728,454.3881,405.1473,211.9791,334.8078,312.0511,307.0978,309.3134,313.7974,308.9231,313.1721,313.9293,332.8196,356.9412,345.0341,340.0266,340.9639,359.2808,327.3171,326.1397,347.5926,341.3404,324.6676,341.4279,327.1641,347.1520,325.9322,343.7466,348.9536,361.6734,265.4412,260.1576,258.9315,281.8554,256.3023,250.5839,270.7570,265.1929,262.7977,270.7211,272.4074,388.1451,256.2387,258.7349,265.4859,256.2265,256.5533,255.7305,256.1158,258.6203,260.8471,261.4862,262.2570,258.7620,260.1803,266.6384,261.7543,265.9118,242.8814,269.4331,347.9081,379.3828,357.5327,352.8525,326.1919,328.6766,406.7549,341.4536,341.7026,341.9995,342.9686,343.0550,342.1181,342.4677,345.3122,331.8450,341.7342,330.1796,324.9931,332.7497,329.6634,333.2363,333.9601,0.0000,342.5610,346.7909,342.0844,316.6163,326.3348,239.6316,262.3490,258.2765,256.0639,256.0808,0.6589,333.3432,264.7138,352.8443,334.1169,306.4979,304.1975,338.7239,326.6061,335.1444,271.9900,258.8074,343.1929,343.5312,346.8249,263.4271,337.2526,351.7229,255.8441,259.0189,259.0863,359.6066,282.7906,292.3833,338.9397,340.8012,339.1570,342.2169,344.1719,344.3046,267.1203,301.9737,304.2719,305.1790,302.3762,258.7444,322.0578,287.7494,285.0941,258.4271,260.6464,358.9496,358.9497,352.9072,341.2344,345.0867,284.8761,317.3786,316.6430,326.1502,333.4251,256.4147,0.0000,212.8169,324.6983,250.7742,252.7790,333.7278,333.2810,353.1767,338.9861,331.9890,239.8801,223.7317,212.2201,223.9294,258.1944,333.0614,334.7686,365.1991,386.6971,359.9829,340.8147,170.3176,255.7084,255.2071,256.1471,235.0448,261.3877,307.4188,313.4589,313.2053,350.5319,363.3336,309.6499,260.4042,261.7505,261.8400,260.8591,258.7444,261.7054,261.4891,262.6786,261.8567,261.6007,257.9920,331.8450,332.7496,333.4343,0.0000,-0.0201,341.1789,0.0201,305.2057,304.2888,328.8371,396.2131,146.0928,359.7958,340.0245,209.6714,239.5393,210.0745,0.0000,338.3360,265.7812,350.2725,0.0000,314.2048,239.6222,353.8940,354.8363,361.4046,256.4147,259.7921,256.4147,260.3808,261.0700,337.9156
39.0000,326.1620,346.2168,347.0240,325.2598,316.4425,309.1831,307.8110,345.7937,341.4997,353.9295,344.0709,351.6380,339.6757,333.8921,315.6946,199.7858,455.3986,406.0458,212.6060,335.4794,312.8149,307.9018,310.1130,314.5425,309.6790,313.9212,314.6598,333.7110,358.3077,345.6736,340.7852,341.7422,360.7817,327.5858,326.4153,348.8456,342.1790,325.4272,342.2768,327.1643,347.1552,327.0931,344.9413,348.9571,363.2850,266.4447,260.5852,259.3550,282.5542,256.7520,250.9349,271.7320,265.8574,263.4450,271.5949,273.3714,388.9745,256.7884,259.6677,265.6429,256.8279,257.1476,256.2638,256.6586,259.2689,261.5166,262.1588,262.7475,259.3399,260.7554,267.2658,262.3152,266.4707,243.4516,270.3513,348.4899,380.1566,358.8938,354.1815,327.0603,329.3751,407.6593,342.2928,342.5273,342.8338,343.8072,343.9025,342.9471,343.3006,346.6420,332.5132,342.5749,330.9514,325.6981,333.4107,330.7764,334.3583,334.8132,0.0000,343.7025,348.0216,342.9814,317.3502,326.7194,240.3168,263.0737,258.9456,256.6889,256.6921,0.6589,333.9654,265.3176,354.1678,334.7329,307.3671,304.9619,339.5323,327.2255,335.9378,272.9489,259.3445,344.0439,344.4081,347.4504,264.3891,338.1489,353.1763,256.4875,259.9525,260.0202,360.2625,283.4840,293.0988,340.1400,341.5494,340.1498,343.0646,345.0183,345.1403,268.1816,302.7358,305.0288,305.8964,303.0615,259.2783,322.8210,288.4515,285.7933,259.0814,261.3149,360.4452,360.4453,354.3466,341.9644,345.5342,284.9957,318.7079,317.6176,326.8984,334.2080,257.0590,0.0000,213.4296,325.4677,251.1403,253.2356,334.5211,334.1480,354.5351,339.5221,332.6577,239.7088,223.1706,212.8560,223.3890,254.8667,333.9544,335.2091,366.5160,388.2837,361.4875,342.0477,170.7557,256.2495,255.7241,256.7213,233.3055,262.0612,308.2093,314.2365,313.9553,351.4048,364.5871,310.3901,260.9326,262.1749,262.2665,261.3225,259.2783,262.1309,262.0008,263.1585,262.2826,261.9885,258.5395,332.5132,333.4107,334.2172,0.0000,-0.0202,342.0125,0.0202,305.9281,305.0047,329.5634,397.0991,146.4697,361.2303,340.7831,210.3290,240.2306,210.7164,0.0000,339.2005,266.2168,351.1225,0.0000,314.9944,240.0551,355.2290,356.1790,362.9990,257.0590,260.3093,257.0590,261.0390,261.7432,338.7308
40.0000,627.0709,673.4904,675.0605,632.5874,615.4078,600.6348,598.2853,665.8400,664.1922,678.3234,665.8835,675.5380,660.8344,648.5758,614.5811,388.6045,886.6602,790.4954,414.2635,653.1352,608.3579,599.4354,603.4992,611.8004,601.3338,609.5247,610.8794,647.7806,691.6309,672.4376,662.8026,664.5990,696.5530,630.7138,629.0011,674.0449,665.4075,630.3936,665.5032,628.9887,667.2322,632.8161,667.5395,670.6793,701.4775,519.7213,508.9439,506.5849,549.9394,500.5882,489.1381,530.0590,518.5515,513.2409,529.6111,533.2510,757.1875,500.6294,506.4266,517.4951,500.6596,501.2786,499.6072,500.3933,505.2286,509.5827,510.7024,512.5743,505.5797,508.2964,521.2159,511.7464,519.2126,474.5841,527.1534,677.9104,739.8887,692.8147,682.9332,633.8098,640.5506,793.6875,665.6171,665.7705,666.9101,668.9037,668.8822,667.0075,667.6262,669.0020,646.4903,666.0653,643.3524,633.3606,648.4386,639.8292,646.6689,649.9958,0.0000,665.1960,672.6375,667.0353,617.2887,630.0230,468.2358,512.5055,504.6015,500.3224,500.3638,0.6589,649.2647,517.3264,683.3355,650.7458,597.8039,593.7115,660.7621,632.9649,653.3246,532.4094,505.8729,668.9840,669.7438,675.9113,515.6552,657.2448,676.1711,499.8821,506.9817,507.1137,700.9409,551.7031,569.1383,657.1879,664.2905,661.5941,667.0686,670.8990,671.1352,523.1908,588.0878,592.5553,595.0444,589.5298,505.7913,627.8433,561.3408,556.1973,504.9081,509.1932,695.5389,695.5391,683.7717,665.1267,672.0758,554.3582,620.8000,618.4429,635.6042,649.9492,500.9958,0.0000,416.2657,632.9908,489.5475,493.6736,650.5740,649.8750,681.6151,660.1974,646.7767,466.8997,434.6406,414.8246,435.0684,495.3193,648.4727,645.3670,704.9216,748.9331,697.9261,660.6567,332.0091,499.5843,498.5460,500.5078,454.0551,510.5759,599.1067,610.5552,609.6048,676.3674,701.3048,602.7873,508.5841,512.0566,512.2204,510.0747,505.7913,511.9647,511.1161,513.4192,512.2585,511.7116,504.2616,646.4903,648.4384,649.9672,0.0000,-0.0393,665.1641,0.0393,595.1096,593.3052,640.7505,773.0771,285.2839,697.3553,662.7985,409.8801,468.0890,410.6465,0.0000,659.2887,518.6857,683.5603,0.0000,611.2745,467.9787,685.4304,687.3936,700.9125,500.9958,507.2601,500.9958,508.7727,510.0607,659.0892
41.0000,625.0739,672.2254,673.7255,631.6859,614.7206,599.9127,597.4729,664.9841,663.0371,678.1385,664.9307,675.2652,659.9675,647.5505,613.8666,388.1324,885.3353,789.3253,414.5137,652.2787,607.6490,598.8514,602.9071,611.0305,600.6314,609.0365,610.4461,646.7990,690.4977,671.2152,661.6361,663.3844,695.3561,628.7767,627.2334,673.1485,664.3522,629.3541,664.4269,626.9258,663.8223,631.9162,666.5726,667.1478,700.2115,518.9908,509.3166,507.0363,549.4063,500.1821,488.6720,528.9440,518.4786,513.1511,528.9452,532.0612,755.9860,500.0360,505.7538,517.4453,500.6533,501.3012,499.1582,499.9066,505.0745,509.4857,510.6011,512.7292,505.4611,508.0559,520.9489,511.8642,519.1402,474.5781,526.6968,676.7754,738.6740,691.6332,682.0749,632.8487,639.5575,792.5509,664.5627,664.7040,665.8701,667.8795,667.7599,665.8755,666.5838,667.9367,645.2783,664.9764,642.2958,632.3579,647.3888,638.9229,645.7171,649.0651,0.0000,664.2443,671.7210,665.9957,616.4857,628.2134,468.3881,512.5604,504.5956,500.2885,500.3471,0.6589,647.9344,517.0436,682.4048,649.3784,596.8546,592.9702,659.9520,631.3984,652.3068,531.2618,505.9930,667.7989,668.5476,674.7323,514.9857,656.1645,676.1711,499.8427,506.3134,506.4452,699.7905,551.1753,568.4737,656.1998,663.0837,660.3864,666.0165,669.6362,669.8042,522.4145,587.3206,591.8176,594.3207,588.8127,505.9194,626.9463,560.8131,555.6652,504.8420,509.1028,693.3123,693.3125,682.0713,663.9468,670.4246,554.4658,619.2444,617.4188,634.5915,648.9415,500.9624,0.0000,416.9724,632.0864,489.0889,493.2329,649.5727,648.9705,681.0979,658.7314,645.5622,466.2743,433.7172,415.1519,434.1622,491.6966,647.4703,643.2696,701.9290,744.3093,696.7269,659.6506,331.5951,499.0650,498.0639,500.2794,452.2735,510.4351,598.2969,609.8992,609.1118,674.0947,698.3845,602.2089,508.8123,512.4080,512.5748,510.3612,505.9194,512.3142,511.2553,513.5745,512.6116,512.1308,504.3747,645.2783,647.3886,648.9593,0.0000,-0.0393,664.1086,0.0392,594.3844,592.5626,639.6691,771.8495,285.2219,696.1805,661.6321,410.2547,468.2692,410.9832,0.0000,658.2314,518.6202,682.6782,0.0000,610.4939,467.5609,684.4531,686.3605,699.6572,500.9624,507.4835,500.9624,508.6852,509.9558,658.1274
42.0000,627.5618,677.4121,678.8692,636.8480,619.8603,604.0498,601.6451,666.3228,668.4271,678.3804,668.6540,676.8180,665.4761,651.8064,618.4883,391.1024,891.8592,795.1904,418.2126,656.9166,612.2720,603.5457,607.6159,615.7724,604.6589,613.1878,614.5965,650.7910,692.5049,676.4207,667.0175,668.8892,697.2127,631.1865,629.9184,676.1836,669.7208,632.9254,669.5601,629.3711,665.3933,634.8476,670.4579,668.6397,701.9367,522.4431,513.9945,511.7937,553.6674,504.1455,492.5399,532.0503,522.7901,517.5203,532.4016,535.1069,761.7571,503.9074,509.2059,522.3940,505.0349,505.7377,503.1361,503.8576,509.2386,513.8562,514.9586,517.1229,509.6945,512.1349,525.1716,516.0505,523.5580,478.7315,530.6379,682.0242,744.2050,693.6047,684.0796,636.4289,644.9470,798.3740,669.9324,670.0972,671.3307,673.3463,673.1749,671.2828,672.0142,670.0402,650.1145,670.0963,647.2441,637.3101,652.4415,641.6942,648.6526,652.9617,0.0000,667.9018,674.8347,671.1605,621.2206,630.8126,472.6367,517.1175,509.0282,504.6432,504.7170,0.6589,652.7284,521.2373,684.5966,654.1753,601.0128,597.3550,664.7581,634.3975,657.9963,534.3457,510.4677,672.9495,673.7025,679.9885,518.5070,660.7736,676.1711,504.2016,509.7755,509.9082,705.1452,555.5638,572.2854,658.7634,668.4409,664.8469,671.3620,674.7821,674.9332,525.7901,591.2665,595.8553,599.0492,593.4974,510.3842,632.0751,565.3598,560.0897,509.2033,513.4766,694.5307,694.5309,683.6617,669.2861,674.8699,558.6300,623.4474,621.8202,639.5896,654.4098,505.3426,0.0000,420.3794,637.2572,492.9648,497.1438,655.0411,654.5201,682.2451,663.3243,650.3979,470.0386,437.1304,418.7469,437.5836,494.5823,651.5774,645.2055,701.7516,743.6492,698.5830,662.0849,334.1461,502.9859,501.9999,504.4681,455.6977,514.6887,602.4742,614.0905,613.2643,674.9638,698.3254,606.2870,513.7775,517.0945,517.2531,514.9744,510.3842,516.9991,515.6607,517.9733,517.2927,516.8866,508.8802,650.1145,652.4413,654.4286,0.0000,-0.0396,669.5480,0.0395,599.1239,597.2932,644.6007,777.6527,287.5905,698.0918,667.0134,414.1224,472.5441,414.7598,0.0000,663.0396,523.2010,687.7882,0.0000,614.3887,471.2682,686.5848,688.4702,701.4033,505.3426,512.4496,505.3426,513.1060,514.3539,663.2491
43.0000,618.3939,668.0711,669.4204,628.5710,612.0638,596.4144,594.1144,662.7034,659.4879,677.8301,663.4712,676.1373,656.4706,644.0724,610.0647,385.9108,879.2589,784.1259,413.0603,647.7734,604.3716,595.7435,599.7763,607.7710,597.1013,605.5109,606.8802,643.4117,688.9539,667.1401,658.0621,659.8261,693.4711,622.1181,621.0354,671.6389,661.0352,625.3321,661.0110,620.0974,653.9728,629.1226,665.5339,657.0255,698.0359,515.4480,507.0907,504.9604,546.3756,496.6928,485.1023,525.5532,515.4878,510.4273,524.8515,528.4669,751.1564,496.2280,502.4796,514.8112,498.2775,498.9794,495.7040,496.3621,502.1557,506.9167,507.9613,510.2187,502.7533,505.0706,517.7609,508.9160,516.1054,472.3258,523.5411,672.8353,733.9224,690.0244,680.7609,629.2767,636.5451,787.2998,661.2565,661.7079,662.3765,664.2686,664.2404,662.3761,663.2481,665.1514,641.7662,661.5592,639.0783,629.0852,643.8843,635.6198,642.7978,645.7460,0.0000,662.5528,670.1951,662.4595,613.1027,621.6997,466.7873,510.6238,502.3860,497.8984,497.9713,0.6589,644.2776,513.8535,681.0095,645.7110,593.5187,589.6134,656.2931,625.1322,649.4129,527.7840,503.6274,664.2395,664.9435,670.7135,511.5892,652.6226,676.1711,497.5043,503.0347,503.1657,695.5458,548.3267,565.1324,653.3375,659.4244,656.4742,662.7270,665.9849,666.0934,518.5882,583.6749,588.2742,591.3500,585.8696,503.5457,623.8598,558.0562,552.7937,502.3852,506.5547,687.7129,687.7131,677.6983,660.2527,666.1326,551.4010,614.0130,612.9109,631.4086,645.8847,498.6351,0.0000,414.6068,628.9746,485.5431,489.7530,646.4907,645.9719,680.1778,654.8052,642.0420,462.4639,429.9112,413.5845,430.3662,483.9653,644.0320,635.1879,687.4680,733.0850,694.8386,656.8092,329.7448,495.4384,494.5161,497.4090,447.5177,507.5798,594.9242,606.4001,605.5872,662.8169,684.3020,598.7351,506.9334,510.1435,510.3020,508.0738,503.5457,510.0496,508.7456,511.0579,510.3385,509.9545,502.0687,641.7662,643.8841,645.9030,0.0000,-0.0390,660.7684,0.0390,591.4279,589.6054,636.3537,766.7992,283.8458,694.4500,658.0583,409.2342,466.7184,409.8038,0.0000,654.7938,515.7084,678.3362,0.0000,606.9483,464.2622,683.0266,684.8830,697.5274,498.6351,505.6540,498.6351,506.2010,507.3961,654.2848
44.0000,616.6893,671.6234,672.8977,631.7380,615.8434,598.2870,596.2516,662.2226,662.5606,677.7199,664.5902,676.4753,658.0181,646.0057,616.5571,388.3216,895.5004,799.5263,415.7427,651.4752,607.0870,598.3891,602.4802,610.8062,598.7369,607.0957,608.4180,645.0271,688.5438,670.7529,661.2160,663.1085,692.6585,620.3640,619.7777,672.3441,663.9170,626.0186,663.8054,618.2744,649.7431,629.5128,666.5697,652.5783,696.8977,518.2633,509.0380,506.9774,550.2508,497.5977,485.8295,529.0698,517.0125,512.4721,526.6366,531.3798,762.5667,497.0255,505.2788,516.6079,500.3807,501.0889,496.7898,497.4000,503.8299,509.1218,510.0976,512.2142,504.6208,506.7694,519.2466,510.5770,517.8204,474.3194,526.4635,677.1973,743.5719,689.5337,680.8358,630.2059,639.6325,803.7411,664.1375,664.6733,665.2543,667.1023,667.1172,665.2842,666.1381,664.8783,644.4409,664.3884,641.8997,632.1860,647.4216,635.9724,643.1093,647.3045,0.0000,663.7447,670.9579,665.2285,616.1975,620.2568,469.3473,513.5768,504.8812,500.0655,500.1079,0.6589,646.8681,515.3151,681.0820,648.2826,595.6715,591.7752,665.9775,624.3041,652.6322,530.5405,505.6779,666.9980,667.6326,674.6285,514.3924,654.8481,676.1711,499.7793,505.8327,505.9644,701.7041,551.7466,566.6805,653.3765,662.5147,658.3355,665.6056,668.6849,668.7462,521.2401,585.3249,590.0447,594.4094,588.9007,505.6000,627.0034,561.2167,556.2418,504.6086,508.7723,685.7124,685.7126,676.4679,663.5168,667.5266,555.5907,620.1063,619.2116,634.3539,649.0171,500.9290,0.0000,417.4152,632.1440,486.3071,490.6901,649.5537,648.8703,680.1301,656.8736,644.7081,462.2909,429.3989,416.2650,429.8720,479.5047,645.7976,632.3394,679.9554,728.1129,694.0140,656.7576,331.7396,496.3760,495.4973,499.0129,445.7389,509.4633,597.0324,608.2042,607.1796,657.6556,677.0980,600.3712,509.0144,512.0830,512.2455,510.0874,505.6000,511.9902,510.7885,513.0483,512.2818,511.9142,504.1314,644.4409,647.4214,649.0359,0.0000,-0.0394,663.6850,0.0394,594.4957,592.6597,639.2423,779.9143,286.2810,693.7901,661.2125,412.0650,469.2907,412.6752,0.0000,657.2689,517.4485,688.1257,0.0000,608.3729,465.1504,682.9757,684.7230,696.4393,500.9290,507.7479,500.9290,508.4420,509.6277,658.4975
45.0000,326.1620,353.2342,353.8478,332.4569,324.2158,315.1391,314.0548,349.0633,348.3989,358.3747,349.8865,357.2984,345.9456,339.8313,324.5730,204.4008,471.6549,421.3201,219.0955,342.5997,319.8077,316.1426,317.8674,321.5893,315.3632,319.4780,320.1344,339.4389,362.8289,352.8135,347.7169,348.6455,364.8853,327.4309,327.2416,354.1046,349.1083,329.8164,349.0786,326.9428,342.4206,331.2942,350.9195,343.8147,367.0047,272.8111,268.1914,267.1477,289.6456,261.7343,255.4982,278.8151,272.2155,270.0035,276.9750,279.7171,401.5858,261.3180,265.9953,271.7043,263.5777,263.9520,261.3155,261.6048,265.3218,268.2492,268.8057,269.7502,265.7086,266.7616,273.3153,268.9301,272.5985,249.8498,277.1707,356.2607,391.4745,363.3442,358.9739,331.8704,336.4122,423.5063,349.2211,349.5125,349.7795,350.7099,350.7284,349.7799,350.2362,350.0999,338.8914,349.3973,337.6381,332.5573,340.5802,334.7422,338.5612,340.6416,0.0000,349.4501,353.3774,349.8022,324.3910,327.0138,247.2409,270.5172,265.9715,263.4288,263.4396,0.6589,340.1094,271.2646,358.9885,340.8229,313.8591,313.4659,349.6487,328.4247,343.4413,279.2008,266.3543,350.6983,351.0331,354.8620,270.7817,344.4201,357.8106,263.2947,266.2862,266.3556,369.2129,290.4205,298.4786,344.0053,348.3567,346.2077,349.9750,351.5165,351.4979,274.3005,308.2503,310.7720,312.8405,309.9674,266.3190,329.9621,295.3990,292.7867,265.8375,268.0622,360.2172,360.2173,355.7107,348.9466,350.8849,292.3229,326.0106,325.7348,333.7008,341.4742,263.9116,0.0000,220.2179,332.6673,255.7597,258.1090,341.7419,341.4011,359.0606,345.3378,339.0276,242.9544,225.3505,219.4218,225.6156,249.5902,339.7913,333.3403,356.7445,380.7057,365.5960,345.7974,174.6606,261.0371,260.6072,262.6743,233.1753,268.3546,314.5239,320.2349,319.5282,345.8110,355.3409,316.2281,268.0961,269.7806,269.8618,268.6815,266.3190,269.7316,268.9678,270.1895,269.8818,269.6733,265.5649,338.8915,340.5801,341.4844,0.0000,-0.0208,348.9939,0.0208,312.8660,311.8783,336.2213,410.8152,150.8055,365.5182,347.7153,217.2143,247.2163,217.5925,0.0000,345.6834,272.3242,362.4043,0.0000,320.4183,244.6748,359.9708,360.8586,366.7809,263.9116,267.4395,263.9116,267.9162,268.5296,346.1510
46.0000,430.0972,441.8473,442.5745,416.0775,405.8835,396.4525,394.2551,436.5114,435.6406,447.8345,437.6220,446.5551,432.7871,426.0930,406.0994,255.6645,589.8984,527.0646,274.4271,428.4989,401.0356,395.7401,398.1780,402.9122,397.2333,402.6591,403.6624,426.2038,453.4974,441.3483,434.8265,435.9731,456.0522,427.4624,426.1817,442.7703,436.4783,418.1773,436.5413,431.0697,450.3234,415.3558,438.9854,452.0572,458.6164,341.3400,335.9325,334.6974,362.5192,327.7149,319.8207,348.8329,340.8133,337.9187,346.3712,349.7118,502.4266,326.9785,332.8366,339.8026,329.9867,330.4706,327.0265,327.3601,332.0179,335.7899,336.4419,337.7682,332.4994,333.6874,342.3434,336.5335,341.0264,312.8001,346.9771,445.6368,489.5487,454.1207,448.7239,418.6003,420.7692,529.7822,436.6151,436.9610,437.2778,438.4061,438.4477,437.2891,437.8348,438.3027,423.7529,436.9322,422.2594,415.9471,425.9968,420.0550,425.1114,427.7143,0.0000,437.0247,441.8651,437.3447,406.4610,424.0266,309.5575,338.6711,332.9744,329.7898,329.8079,0.6589,425.2346,339.7324,448.7537,426.1108,393.6070,392.6255,436.9246,420.0766,429.5366,349.0305,333.5119,438.4717,438.8088,443.9035,338.8362,431.3797,447.1401,329.6215,333.2041,333.2909,461.8037,363.4677,375.9655,431.3772,435.6042,433.7996,437.5405,439.4603,439.4203,343.1460,387.6952,390.9204,391.5061,387.9106,333.4757,412.9456,369.6826,366.4288,332.7918,335.5582,450.1009,450.1010,444.8229,436.3999,438.7193,366.1519,407.2128,407.2624,417.3710,427.1006,330.3955,0.0000,276.2206,416.3312,320.1514,323.0917,427.4364,427.0653,448.7616,431.7480,423.9172,304.1673,281.7718,274.8746,282.1220,309.9234,426.3708,434.7803,463.7262,474.2362,456.9522,433.4252,218.4268,326.6606,326.1435,328.7967,290.8498,335.7965,394.8600,402.9074,402.7009,450.2483,461.9828,398.3544,335.7425,337.9043,338.0090,336.4981,333.4757,337.8423,336.7806,338.3291,338.0340,337.7756,332.5275,423.7530,425.9966,427.1132,0.0000,-0.0260,436.3277,0.0260,391.4964,390.2320,420.4757,513.9632,188.8011,456.8663,434.8247,272.0385,309.5304,272.6468,0.0000,432.7077,340.6509,453.4062,0.0000,403.7747,306.2753,449.9660,451.0662,458.3521,330.3955,334.8976,330.3955,335.4063,336.1574,432.8657
47.0000,315.1433,325.2908,325.7677,306.4393,299.1142,291.6685,290.1808,322.0147,321.2832,331.5711,322.4399,330.0638,318.5908,313.9768,298.6235,188.1204,433.6072,387.5031,201.8167,315.5426,295.1426,291.2980,293.0671,296.5667,292.2246,296.0953,296.7927,314.2954,334.2377,324.9608,320.8369,321.6960,335.9613,313.3134,312.5244,326.3271,321.3711,307.5711,321.3430,315.7937,328.6495,305.9335,323.4327,329.8068,337.7081,250.4922,247.2162,246.3072,266.7132,240.7017,234.8736,255.5526,250.5496,249.0430,254.0173,256.0817,369.4598,240.1350,244.3155,257.3771,242.8160,243.1727,240.2840,240.5220,244.2263,247.0961,247.6381,248.5278,244.6529,245.5161,251.5834,247.4444,252.6172,230.1696,255.0235,328.0011,359.9283,334.6673,331.0479,308.1662,309.9922,389.5100,321.4672,321.7233,321.9714,322.7544,322.9919,322.1879,322.3428,322.9605,311.7501,321.6192,310.8683,306.1854,313.5701,309.4148,313.1211,316.0974,0.0000,322.0098,325.6678,321.8651,299.1583,310.8038,227.7713,249.1930,245.0394,242.6779,242.6885,0.6589,312.7871,249.6944,330.9372,313.4070,289.7714,288.9788,321.8747,307.9269,316.4193,255.6120,245.4112,322.7196,322.9244,326.7800,248.7353,317.7030,331.3313,242.5862,244.5919,244.6556,339.6959,267.4619,276.5790,317.7885,321.3721,319.4007,322.0912,323.4477,323.4366,251.7464,285.1469,287.5657,288.1682,285.4976,245.3856,304.1365,272.0703,269.6410,244.8805,246.9260,330.9295,330.9296,327.3670,321.8314,322.0346,269.7821,298.7651,299.2090,307.2951,314.6567,243.1586,0.0000,202.7977,306.6300,235.1275,237.3356,314.8888,314.6757,331.6095,317.2323,311.8633,223.1323,206.4652,202.0976,206.7344,225.3618,314.3096,318.4026,338.5922,347.1846,336.6232,319.3162,160.7675,239.9556,239.5962,241.7558,212.4871,247.0617,290.6168,296.3896,296.1293,329.1627,337.3521,293.0785,247.0730,248.6774,248.7534,247.6223,245.3856,248.6315,247.7788,248.9381,248.7719,248.5870,244.6958,311.7501,313.5700,314.6661,0.0000,-0.0191,321.3059,0.0191,288.1681,287.2448,309.4967,377.8873,138.8472,336.6219,320.8340,199.9980,227.7521,200.5389,0.0000,318.6414,254.0716,333.3828,0.0000,297.1034,224.9826,331.7899,332.5411,337.5358,243.1586,246.4464,243.1586,246.8303,247.3531,318.9729
48.0000,309.5624,320.9937,321.4262,302.5221,295.4233,287.5636,286.2139,316.1834,317.1434,325.5073,317.2485,324.1925,314.3799,309.3305,295.2303,185.9162,428.3166,382.7565,200.5170,311.4285,291.2841,287.4594,289.2247,292.8044,288.0158,291.7626,292.4215,309.5224,328.1213,320.6929,316.7732,317.5689,329.6963,307.7901,307.1337,320.8470,317.0314,302.7564,317.0136,310.1648,322.0600,300.8165,318.1755,323.1306,331.2798,248.3704,247.9137,247.0074,263.7916,240.6026,234.8724,253.1847,250.2975,248.7842,252.5876,253.6885,364.8481,240.2820,242.2823,256.7009,243.4885,243.8431,240.5141,240.7663,243.8851,246.9274,247.4295,249.1883,245.2506,246.1088,251.3848,248.0676,252.1462,234.9560,253.0838,323.7861,355.4304,328.4998,325.1815,303.3501,306.0047,384.7150,317.1225,317.3870,317.6193,318.3630,318.6562,317.8942,317.9730,317.2583,307.5597,317.3168,306.7133,302.2624,309.5454,304.2869,307.8960,311.2678,0.0000,316.8506,320.2289,317.4825,295.3506,305.3673,226.3940,247.6153,244.5504,242.9764,243.1874,0.6589,308.5458,249.5230,325.0801,309.1398,285.8837,285.0172,317.4888,302.6262,312.3116,253.2709,246.0856,318.3470,318.5194,322.5063,246.6791,313.1369,325.2982,242.5862,242.5608,242.6240,335.3968,264.5941,272.5954,312.3444,317.3109,314.5897,317.7181,319.0373,319.0179,249.5788,281.0954,283.5023,284.7628,282.1237,246.0634,300.2479,269.2011,266.7498,244.8187,246.7562,324.5476,324.5477,321.2819,317.7183,317.3924,266.5722,295.2804,295.7298,303.2797,310.6093,243.1524,0.0000,201.5161,302.7095,235.1309,237.3364,310.8294,310.6555,325.6482,312.8177,307.6655,223.0277,206.2079,200.7564,206.4853,223.8127,309.5863,312.6876,332.2351,339.3856,330.3470,313.7980,158.8471,240.1380,239.7507,242.2160,211.8349,246.7612,286.6378,292.1929,291.8005,323.0134,331.0005,288.8622,247.7271,249.3830,249.4594,248.3164,246.0634,249.3367,248.4200,249.5999,249.4779,249.2850,245.3759,307.5598,309.5453,310.6185,0.0000,-0.0189,316.9836,0.0189,284.7809,283.8550,305.4063,373.1775,137.7251,330.3918,316.7700,198.7342,226.3772,199.3127,0.0000,314.1941,253.5382,329.4786,0.0000,292.7113,224.9834,325.8655,326.5602,331.1319,243.1524,247.1043,243.1524,246.7536,247.2171,314.7922
