"ETAPA \ BARRA","AGUAYTIA 220","BALNEARIO 220","BALNEARIOS 60 A","CALLAHUANCA 220","CALLAHUANCA 60","CARHUAMAYO 220","CARHUAMAYO NUEVA 138","CARHUAQUERO 220","CHAVARRIA 220 A","CHICLAYO OESTE 220","CHIMBOTE 220","GUADALUPE 220","HUACHIPA 60","HUACHO 220","HUANCAVELICA 220","HUAYUCACHI 220","ICA 220","INDEPENDENCIA 220","MARCONA220","MOYOPAMPA 60","OROYA NUEVA 220","OROYA NUEVA 138","OROYA NUEVA 50","PACHACHACA 220","PARAGSHA2 220","PARAGSHA 138","PARAGSHA 50","PARAMONGA NUEVA 220","PIURA OESTE 220","SAN JUAN 220","SANTA ROSA 220 A","SANTA ROSA EDS 60","TALARA 220","TINGO MARIA 138","TINGO MARIA 220","TRUJILLO 220","VENTANILLA 220","VIZCARRA 220","ZAPALLAL 220","AGUAYTIA 138","PUCALLPA 138","HUALLANCA 138","CHIMBOTE 138","PUCALLPA 60","ZORRITOS 220","ABANCAY NUEVA 138","ARICOTA138","ARICOTA II 66","CAMPO ARMINO 220","AYAVIRI138","AZANGARO 138","CACHIMAYO 138","CALLALLI 138","CERRO VERDE 138","COMBAPATA 138","DOLORESPATA 138","DESIERTO220","JULIACA 138","MACHUPICCHU 138","MOLLENDO 138","MOQUEGUA 220","MOQUEGUA 138","PUNO 220","PUNO 138","SANTUARIO 138","SOCABAYA 220","SOCABAYA 138","ILO 138","LOS HEROES 220 A","LOS HEROES 66","TINTAYA 138","TOMASIRI 66","REPARTICION 138","ILO2 220","COTARUSE 220","CHILCA REP 220","CANTERA 220","PIURA OESTE 60","LA NINA 220","CONOCOCHA 220","HUINCO 220","INDEPENDENCIA 60","CHILLON 220","CHILLON 60","CHAVARRIA 60 A","CHAVARRIA 60 B","BARSI 60","BARSI 220","OQUENDO 60","CAJAMARCA 220","PLANICIE 220 A","CARABAYLLO 220","CARABAYLLO 500","CHILCA CTM 500","CHILCA CTM 220 A","KIMAN AYLLU 138","KIMAN AYLLU 220","PARAMONGA EXISTENTE 138","MACHALA 200","CHIMBOTE 500","TRUJILLO 500","HUARANGAL 60","POMACOCHA 220","PIEDRA BLANCA 138","POROMA 220","POROMA500","OCONA 500","MONTALVO 500","MONTALVO 220","HUANZA 220","INDUSTRIALES 220 A","TINTAYA 220","LA NINA 500","INDUSTRIALES 60","CARHUAMAYO 50","CARIPA138","HUAMPANI 60","HUANUCO 138","REFINERIA ZINC 220","QUENCORO 138","ILO 3 220","MIRADOR 220","MIRADOR 60","ALTO PRADERA 220","ABANCAY NUEVA 220","LOMERA 220","REQUE 220","SAN JOSE 500","SANTA TERESA 220","SURIRAY 220","ASIA 220","CERRO DEL AGUILA 220","CHAGLLA 220","RAMADA 220","SANTA ROSA LDS 60","LOMERA 60","ZAPALLAL 60","MALVINAS 220","MALVINAS 60","ABANCAY 138","YAUPI 138","SANTA ISABEL 220","YANANGO 220","CHIMAY 220","ILO3 138","MATUCANA 220","COLCABAMBA 500","COLCABAMBA 220","YARABAMBA 500","YARABAMBA 220","BELAUNDE 220","BELAUNDE 138","CACLIC 220","INDUSTRIALES 220B","PLANICIE60","COBRIZAI 69","MOLLEPATA 60","MOLLEPATA220","CARAPONGO 500","CARAPONGO 220 A","SAN JOSE 220","MARCONA 60 A","SAN NICOLAS 60","CALLAHUANCA EDN 220","PUMIRI138","PUMIRI220","SAN MIGUEL 220","SAN MIGUEL 60","FELAM 220","MANCHAY 60","MANCHAY 220","SAN RAFAEL 138","SAN GABAN 138","MARCONA 60 B","ANGEL 138","PTO MALDONADO 138","MEDIO MUNDO 220","AUCAYACU 138","BELLAVISTA 138","TARAPOTO 138","PARINAS 220","PAMPA HONDA 220","ORCOTUNA 220","SAN ROMAN 138","SAN ROMAN 220","CHILOTA 220","MAZUCO 138","JESUS 138","CARHUAMAYO 138","CINCO MANANTIALES 138","OXIDOS CERRO 138","TOCACHE 138","JUANJUI 138","FRANCOISE 220","BOTIFLACA 138","MILL SITE 138","PLAZA TOQUEPALA 138","QUEBRADA HONDA 138","PANAMERICANA SOLAR 138","TOQUEPALA 138","ILO ELS 138","REFINERIA 138","LIXIVIACION 138","PUSHBACK 138","INTIPAMPA 138","PLANICIE 220 B","CHILCA CTM 220 B","CARAPONGO 220 B","CHILCA 1 220","DERIVACION 220","CHAVARRIA 220 B","DERIVACION 220  BARRA II","CAMPAS 220","CAMPAS 500","PLANICIE 500","NUEVA CHINCHA 220","CAHUACHI 220","VALLE DEL CHIRA 220","SANTA ROSA 220 B","ERSUR 220","FLAMENCO220","BARRA3HERMANAS","BARRAPTALOMITAS","PUERTO CHANCAY 220","CHAPARRAL 138","CHIRIBAMBA 220","BARRAPTALOMITAS2","YSHCAYUCRO 220","PAQUILLUSI 220","MIGUEL GRAU 500","MIGUEL GRAU 220","ALIPIO ROSALES 220","SUNNY","CUAJONE 138","SAN MARTIN 220","SAN LUIS 220","CERRO VERDE 220","PORTILLO 60","SURIRAY138"
1.0000,275.5086,244.9443,245.0439,246.9724,242.8732,255.1865,253.1369,274.9881,249.9877,276.9213,264.7717,275.2152,248.3094,256.8416,247.2568,247.2478,251.9281,251.5844,257.5629,241.3648,250.8622,249.4662,250.0100,249.2105,256.7844,259.2593,259.8111,259.8381,275.6824,244.7942,245.5768,245.7941,276.8781,274.0872,273.1425,269.6365,249.4733,265.7253,250.2923,276.1030,287.8624,264.5961,265.5704,288.9211,279.3377,261.2079,277.2802,276.5863,245.5591,279.5917,277.8977,268.8918,280.8716,272.8320,276.5635,270.0210,249.9181,278.2460,255.0884,280.5026,271.7061,272.1558,276.9895,277.2497,273.4213,270.9406,271.4543,278.2913,273.0892,273.6491,282.0753,275.7267,276.1357,271.7470,261.4569,241.5936,247.7109,275.9978,273.6540,263.6696,245.5103,251.8387,249.5464,249.8343,250.0637,250.3219,250.8605,250.6083,250.0847,274.3657,250.4771,250.0730,249.7192,246.3427,244.3896,266.4286,267.5925,260.1213,0.0000,264.1986,268.5668,250.8259,249.5389,271.7569,257.8796,257.6279,264.8798,270.4081,270.9913,248.8717,251.2304,280.8287,273.3747,252.6644,253.4556,251.3987,257.7260,268.8659,248.5132,269.8805,275.1882,250.5480,251.1341,244.0055,259.7783,254.1275,276.6526,268.1709,257.1568,257.2015,244.1456,247.0106,251.9952,270.8474,245.9167,255.0860,250.2879,250.7528,250.9688,262.4898,254.3306,254.6579,248.4068,247.5652,275.1639,245.2823,249.4396,247.7572,269.7550,270.6831,282.8891,284.3338,278.9564,245.3894,254.8802,246.3464,249.4307,248.4074,248.7202,247.7250,268.3746,0.0000,260.8093,246.9266,277.7868,277.5806,247.7976,247.1945,275.4118,252.8468,250.5386,278.9239,271.5349,258.1809,271.7972,294.4977,258.5928,278.5205,297.8857,297.9341,277.1108,271.8982,247.3890,277.6172,277.4444,274.5706,279.0154,272.6783,253.5943,258.8135,259.2676,288.3503,296.5734,257.7738,276.6645,278.7039,278.7987,277.6542,275.1639,278.6518,277.4444,278.7530,278.8220,278.5656,273.9670,250.4771,244.3953,247.7262,0.0000,250.6791,250.0076,250.6792,248.6605,248.7910,248.6911,251.1122,256.0504,277.1498,245.5788,255.7659,257.8671,256.1668,248.4531,252.6916,277.4708,247.2568,248.4519,258.9101,273.0144,273.9922,274.4444,278.9824,268.3746,275.9398,268.3746,271.2734,271.5251,246.8970,255.5276
2.0000,276.2873,244.2839,244.3736,246.6777,242.6135,256.4858,254.5190,274.0560,249.1148,275.7078,263.9031,274.0717,247.5185,256.3146,247.1465,246.5574,251.5055,251.1211,257.0818,240.7193,251.1161,249.5249,250.1262,249.1973,259.0025,261.6041,262.1775,259.5445,274.3304,244.1439,244.9030,245.1259,275.4634,274.9372,273.9829,268.5951,248.5908,266.7504,249.4106,276.8652,288.2910,264.0844,264.7575,289.3195,277.8572,260.7799,276.6458,275.9675,245.5591,279.2705,277.6244,268.2183,280.6558,272.3530,275.9317,269.3095,249.3702,277.8113,254.6346,279.9714,271.1265,271.5717,276.5438,276.7954,273.4213,270.4375,270.9669,277.6327,272.4641,272.9948,281.6581,275.1542,275.7028,271.1670,261.1252,240.9451,247.1258,274.6185,272.4437,264.2915,245.0602,251.4013,248.6616,248.9510,249.1820,249.4244,249.9396,249.7046,249.1918,273.5881,249.6570,249.1935,248.9491,245.6449,243.7111,266.0387,267.3638,259.8411,0.0000,263.2912,267.5462,249.8674,249.5202,272.8287,257.3987,257.1430,264.3468,269.8588,270.4217,246.6972,250.3843,280.3988,272.1648,251.7794,254.8258,251.6289,257.0462,270.3657,247.8284,269.1883,274.5744,249.6431,250.1846,243.3497,259.3642,253.4113,275.4503,267.6202,256.7289,256.7736,243.5250,246.8095,259.0055,270.3783,245.2308,254.2556,249.3766,249.8437,250.0588,262.0633,253.9836,254.9416,247.9876,247.1474,274.5525,245.2823,249.0936,247.5557,269.2414,270.1768,281.8329,283.1637,278.0264,244.7213,253.8655,246.4733,249.0865,248.2061,248.0185,247.0909,267.8216,0.0000,260.2834,246.6254,277.5131,277.2826,247.1539,246.5732,274.1919,251.9260,249.7155,278.8531,271.5349,257.6940,271.7935,293.6267,258.1888,279.1162,297.0514,296.6799,275.6946,271.3434,246.4785,277.1909,277.0336,274.0484,278.7338,272.3270,254.9720,260.6743,261.5954,288.5032,295.8904,260.0036,276.0281,278.0579,278.1530,277.0422,274.5525,278.0063,276.7908,278.0909,278.1758,277.9198,273.3659,249.6570,243.7167,247.0921,0.0000,250.2178,249.1335,250.2178,248.2040,248.3135,247.9346,250.5818,255.5570,275.7380,244.9051,255.2850,257.3885,255.7191,247.9830,251.9386,277.0079,247.1465,247.9816,260.6386,273.0144,272.7461,273.1636,277.5121,267.8216,275.3031,267.8216,270.6888,271.0221,246.2142,255.0831
3.0000,275.4295,243.8406,243.8888,246.5308,243.2048,256.3732,254.4355,273.3865,248.7621,275.0491,263.3623,273.4633,247.1804,255.9612,247.0955,246.9558,251.2594,250.8969,256.9040,240.0635,250.9915,249.4799,250.0532,249.0542,258.8488,261.4701,262.0382,259.1576,273.9681,243.7140,244.5311,244.7040,275.0589,274.1293,273.2433,268.0407,248.2491,266.3752,249.1486,275.9783,286.8206,263.5895,264.1560,287.7965,277.3994,260.6151,276.5059,275.8509,245.5591,279.1100,277.5041,267.9553,280.6747,272.0861,275.7303,269.0213,249.1088,277.6224,254.4552,279.5273,270.9165,271.3655,276.3686,276.6162,273.4213,270.2188,270.7390,277.4479,272.2061,272.6956,281.5545,274.8665,275.2484,270.9570,261.0103,240.5563,246.8337,274.2872,271.9675,263.9161,244.9414,251.1975,248.3176,248.6033,248.8090,249.0332,249.5609,249.3454,248.8198,272.9735,249.2664,248.9522,248.6655,245.3451,243.3805,265.6073,266.8650,259.4370,0.0000,262.7827,267.0152,249.5988,249.3516,272.0744,257.2137,256.9521,264.1411,269.6486,270.2103,248.1868,249.9708,280.2701,271.7027,251.3291,254.7421,251.5809,257.0513,269.7230,247.5441,268.9246,274.3912,249.3395,249.8558,242.9295,259.2066,253.0955,274.7996,267.4097,256.5638,256.6084,243.1700,246.7294,258.8529,269.8273,244.8457,253.9228,249.0372,249.4983,249.7144,261.8961,254.0138,254.9169,247.8197,247.0163,274.3732,245.0551,248.9557,247.4750,269.0278,269.9577,280.9779,282.2765,277.2694,244.3354,253.1835,246.6607,248.8112,248.0758,247.7426,246.8223,267.6105,0.0000,260.1059,246.4782,277.3951,277.1648,246.8813,246.3040,273.6355,251.3804,249.3215,278.6514,271.5349,257.5149,271.7830,292.8064,257.8168,278.2200,295.6874,295.3442,275.2917,270.7744,247.0389,277.0157,276.8674,273.8667,278.4393,272.1346,254.8871,260.5760,261.4629,287.3451,294.5499,259.8706,275.8255,277.9118,278.0078,276.9035,274.3732,277.8598,276.6052,277.8870,278.0305,277.7655,273.1762,249.2664,243.3861,246.8234,0.0000,249.8601,248.7806,249.8601,248.0232,248.1230,247.6247,250.3494,255.3225,275.3719,244.5332,255.1287,257.2044,255.5925,247.5355,251.6433,276.5567,247.0955,247.5337,260.4167,273.0144,272.3081,272.7534,277.0631,267.6105,275.0969,267.6105,270.4688,270.8024,245.8218,254.9085
4.0000,274.3031,242.8152,242.8539,245.9013,242.7606,256.0245,254.1256,271.8873,247.5071,273.4315,262.0361,271.9120,245.9179,254.7435,246.9581,246.3133,250.3802,250.0907,256.0465,239.0757,250.5014,249.0527,249.6043,248.5164,258.4024,261.0577,261.6152,257.9985,272.3173,242.6958,243.4348,243.6046,273.3412,273.0203,272.1853,266.5785,246.9929,265.5481,247.9072,274.8337,285.3108,262.3742,262.8481,286.2537,275.6286,260.0304,275.1813,274.5027,245.5591,278.4105,276.9910,267.1861,279.7473,271.1492,274.7514,268.1901,248.2273,276.9290,253.8773,278.3899,269.9346,270.3633,275.6280,275.8725,272.6440,269.2908,269.8116,276.3431,271.2260,271.7481,280.4367,273.8855,274.2862,269.9752,260.5164,239.5719,245.9129,272.6236,270.3911,262.9960,243.2822,250.4266,247.0596,247.3444,247.5437,247.7542,248.2854,248.0741,247.5488,271.5644,248.0990,247.7212,247.5234,244.2820,242.3463,264.4279,265.7114,258.2870,0.0000,261.4389,265.5746,248.3170,248.7909,271.0600,256.3697,256.1096,263.2379,268.7077,269.2445,246.0807,248.7823,279.1692,270.1306,250.1040,254.4319,251.1423,256.1493,268.9002,246.3986,268.0844,273.2763,248.0812,248.5596,241.9168,258.6398,251.8750,273.1925,266.4868,255.9955,256.0401,242.2040,246.3833,258.4051,268.5827,243.7353,252.7319,247.7652,248.2251,248.4289,261.2926,254.1006,254.8460,247.0308,246.1939,273.2545,245.0354,248.3608,247.1282,268.1237,269.0298,279.2733,280.5047,275.7085,243.2580,251.9025,246.7016,248.5518,247.8905,246.6579,245.7062,266.6873,0.0000,259.1612,245.8461,276.8750,276.5790,245.7599,245.1721,272.0402,250.1560,248.1518,278.5054,271.5349,256.6435,271.7754,292.1525,256.6290,276.9368,293.6510,293.2004,273.5718,269.4895,246.1791,276.3132,276.1715,272.9987,278.2329,271.2426,254.5662,260.2061,261.0519,285.6363,292.5636,259.3984,274.6451,276.5789,276.6802,275.6673,273.2545,276.5291,275.4928,276.7805,276.7011,276.3365,272.0830,248.0990,242.3519,245.7072,0.0000,248.9099,247.5250,248.9099,247.2212,247.3171,246.5032,249.4918,254.4355,273.6828,243.4370,254.2650,256.3614,254.7521,246.5329,250.4104,275.5410,246.9581,246.5306,259.8244,273.0144,270.7157,271.1427,275.3004,266.6873,273.9226,266.6873,269.5404,269.8742,244.7644,254.3361
5.0000,273.6897,242.3527,242.4029,245.0715,241.2431,255.7579,253.9764,271.5888,247.1729,273.0451,261.6549,271.5343,245.5356,254.1961,246.8715,246.4038,250.0565,249.7446,255.9067,238.6193,249.9076,247.7607,248.4983,248.0649,258.1132,260.9414,261.5240,257.4964,271.9984,242.2374,243.0578,243.2363,272.9978,272.5028,271.6372,266.1926,246.6642,265.1330,247.6204,274.2038,284.3517,261.9299,262.4514,285.2648,275.2569,259.9149,274.9879,274.3044,245.5591,278.3117,276.8985,267.0087,279.4876,270.9622,274.5242,267.9941,247.8422,276.7846,253.7582,278.1121,269.7737,270.2055,275.4853,275.7256,272.3426,269.1113,269.6213,276.1918,271.0800,271.6134,280.2517,273.7128,274.1062,269.8143,260.4313,239.1006,245.4852,272.3157,270.0428,262.5721,243.8286,250.0762,246.7297,247.0185,247.1993,247.4002,247.9455,247.7392,247.2074,271.1559,247.8292,247.4549,247.2449,243.9835,241.9868,263.9833,265.2638,257.7714,0.0000,261.0655,265.1961,248.0249,248.3944,270.5963,256.2325,255.9618,263.0792,268.5450,269.0831,246.4300,248.5042,278.9854,269.7839,249.8508,254.1814,250.0523,255.3061,268.5228,246.1003,267.8957,273.1049,247.7917,248.3074,241.4495,258.5290,251.4282,272.8075,266.3243,255.8820,255.9265,241.7364,246.3665,258.1163,268.1336,243.3554,252.2157,247.4376,247.9000,248.0939,261.1729,254.1628,254.7951,247.2553,247.2566,273.0788,243.3183,248.3321,247.1116,267.9563,268.8514,278.6721,279.8992,275.1882,242.8614,251.6469,247.0358,248.1870,247.7221,246.4036,245.4175,266.5244,0.0000,259.0334,245.0084,276.7816,276.4714,245.4661,244.9082,271.6781,249.9115,247.8805,278.5018,271.5349,256.5060,271.7752,291.7854,256.1049,276.3277,292.6943,292.1876,273.2294,269.0469,246.3082,276.1736,276.0357,272.8487,278.1054,271.0035,254.3785,260.0534,260.9339,284.8385,291.6270,259.1240,274.5327,276.3851,276.4824,275.4797,273.0788,276.3355,275.3280,276.6289,276.5024,276.1422,271.9153,247.8292,241.9924,245.4184,0.0000,248.6660,247.1907,248.6660,247.2836,247.3245,246.2109,249.1184,254.2692,273.3545,243.0600,254.1391,256.2246,254.5953,246.3040,250.0290,275.3312,246.8715,246.3013,259.4937,273.0144,270.3758,270.8107,274.9334,266.5244,273.8047,266.5244,269.3730,269.6942,244.2743,254.2194
6.0000,273.4231,242.2876,242.3357,244.9819,241.2189,255.6458,253.9447,271.1036,247.0007,272.6205,261.3938,271.1768,245.3821,254.0865,246.9035,246.3964,250.1660,249.8147,255.9613,238.5984,249.5906,246.8414,247.7219,247.8993,258.0056,261.0517,261.6725,257.3573,271.4981,242.1754,242.9525,243.1242,272.4905,272.3003,271.4041,265.8624,246.4952,264.9555,247.4836,273.9289,283.9104,261.6144,262.1959,284.8084,274.7349,259.8958,275.3655,274.6985,245.5591,278.3340,276.9028,266.9625,279.6197,271.0364,274.5212,267.9359,247.8925,276.8209,253.7572,278.1694,269.8299,270.2622,275.5204,275.7626,272.4571,269.1639,269.6815,276.2952,271.1250,271.6280,280.3230,273.6859,274.2351,269.8708,260.4758,239.1049,245.5241,271.7949,269.6205,262.3709,243.6989,250.1376,246.5598,246.8460,247.0148,247.2048,247.7621,247.5624,247.0219,270.6616,247.6943,247.3239,247.1248,243.9011,241.9352,263.6230,264.9042,257.6411,0.0000,260.7989,264.8715,247.8898,248.2644,270.4351,256.2589,255.9834,263.1208,268.5985,269.1373,246.4356,248.3598,279.0472,269.3592,249.6891,254.0184,249.4216,255.3075,268.4514,245.9720,267.8409,273.2698,247.6428,248.1549,241.4097,258.5282,251.3294,272.3936,266.3755,255.8845,255.9291,241.7642,246.3520,258.0103,267.6684,243.2465,252.2070,247.2721,247.7289,247.9185,261.1269,254.1914,254.7717,247.1725,247.1740,273.2584,243.3140,248.3070,247.0969,268.0062,268.9032,278.0968,279.3096,274.6477,242.7666,251.4429,246.8157,248.3990,247.8076,246.2971,245.2991,266.5764,0.0000,259.1314,244.9204,276.7885,276.4931,245.3463,244.7910,271.2491,249.7402,247.7446,278.3380,271.5349,256.5711,271.7666,291.4490,255.9813,276.0919,292.0541,291.5439,272.7210,268.5618,246.3027,276.2091,276.0677,272.8909,277.9969,271.0818,254.3228,260.0882,261.0416,284.4725,291.0306,259.0287,274.5758,276.7735,276.8704,275.7675,273.2584,276.7217,275.4480,276.7133,276.8929,276.6097,272.0633,247.6943,241.9408,245.3000,0.0000,248.8054,247.0182,248.8054,247.2086,247.2559,246.1009,249.1748,254.3466,272.8401,242.9548,254.1787,256.2520,254.6729,246.4765,249.9019,275.4383,246.9035,246.4732,259.3572,273.0144,269.9319,270.3495,274.4136,266.5764,273.8465,266.5764,269.4353,269.7458,244.2035,254.2202
7.0000,273.1026,242.0015,242.0360,244.8797,241.5054,255.6831,253.8194,270.6925,246.6916,272.1136,260.9655,270.6489,245.1568,253.9578,246.8507,246.4651,249.9837,249.6159,255.7800,238.2782,249.8975,248.2856,248.8883,247.8941,257.9963,260.7829,261.3656,257.1807,270.9901,241.8915,242.6546,242.8086,271.9391,271.8949,271.1040,265.4128,246.1870,264.8053,247.1831,273.6027,283.4702,261.3250,261.7425,284.3579,274.1613,259.8923,275.2667,274.5970,245.5591,278.5792,277.0543,266.9403,279.7286,271.0034,274.7015,267.9124,247.6751,276.8890,253.7254,278.1546,269.7612,270.1910,275.5781,275.8206,272.4503,269.1115,269.6301,276.2064,271.0502,271.5542,280.7078,273.6427,274.2589,269.8017,260.4817,238.8077,245.2591,271.2864,269.1377,262.2059,243.1836,249.9356,246.2512,246.5340,246.7131,246.9085,247.4549,247.2477,246.7187,270.2986,247.3418,247.0216,246.8085,243.5981,241.6350,263.3912,264.6288,257.4461,0.0000,260.3858,264.4308,247.5600,248.2195,270.0476,256.0668,255.7934,262.9848,268.5278,269.0632,246.6840,248.0020,279.4121,268.8784,249.3047,254.0321,250.3699,255.2163,268.1100,245.6647,267.8158,273.1838,247.3265,247.8216,241.1171,258.5254,251.0961,271.8833,266.2677,255.8713,255.9158,241.4742,246.1866,258.0024,267.3424,242.9477,251.8684,246.9568,247.4086,247.5818,261.1388,254.1741,254.7858,246.4570,245.5223,273.1723,243.2936,248.0228,246.9311,267.9440,268.8461,277.6930,278.8654,274.2670,242.4720,251.0162,247.2267,248.0415,247.6710,245.9700,244.9927,266.4670,0.0000,258.9446,244.8162,276.9387,276.6362,245.0429,244.4954,270.7675,249.3368,247.3914,278.4014,271.5349,256.3929,271.7700,291.3001,255.8263,275.6787,291.6466,291.1037,272.1673,268.2224,246.3981,276.2777,276.1482,272.8788,277.9320,271.0428,254.2362,259.9091,260.7755,284.0486,290.6138,259.0066,274.4881,276.6771,276.7737,275.6552,273.1723,276.6255,275.3531,276.6244,276.7963,276.5146,271.9852,247.3418,241.6406,244.9936,0.0000,248.6842,246.7090,248.6842,246.6794,246.7973,245.7855,248.9669,254.1856,272.3029,242.6568,254.0050,256.0599,254.4846,246.3964,249.6637,275.4503,246.8507,246.3929,259.3000,273.0144,269.4441,269.8551,273.8432,266.4670,273.7114,266.4670,269.3040,269.6939,243.9492,254.1920
8.0000,273.4067,242.7470,242.7884,245.5256,241.8701,255.8924,254.0530,271.3938,247.3791,272.9052,261.6850,271.4483,245.8139,254.4202,246.9963,246.3642,251.0905,250.5288,257.7771,238.9737,250.3027,248.6388,249.2672,248.3682,258.2277,260.9569,261.5414,257.6795,271.7935,242.6367,243.3753,243.5319,272.7592,272.2098,271.4158,266.1658,246.8689,265.1623,247.8633,273.9056,283.7490,261.8959,262.4510,284.6346,275.0062,261.2767,278.9662,278.2880,245.5591,280.0713,278.3048,268.3834,281.1984,273.8780,276.4979,269.3625,248.5434,278.8520,255.0856,280.9005,273.2705,273.7197,277.7558,277.9945,273.4213,272.0558,272.5019,279.8048,274.6110,275.1286,282.7095,277.2783,277.1385,273.3122,261.7476,239.6113,246.1519,272.0922,269.9227,262.6167,243.8009,250.8564,246.9331,247.2193,247.3999,247.5942,248.1311,247.9338,247.4039,270.9461,248.1683,247.7106,247.5278,244.4261,242.4511,263.9277,265.1647,257.9833,0.0000,261.1033,265.1733,248.2476,248.6745,270.3313,258.1182,257.8150,266.4559,271.9663,272.5786,246.2857,248.8322,281.4933,269.6598,250.1837,254.2846,250.6482,255.8612,268.3332,246.3807,269.2636,276.7816,248.0159,248.5086,241.8876,259.8571,251.6489,272.6763,270.3799,257.1973,257.2421,242.3165,246.6405,258.2337,267.9344,243.6658,252.3881,247.6400,248.0984,248.2839,262.5408,254.1197,254.8303,247.2636,246.4620,276.7649,244.0869,248.8078,247.3865,270.9863,271.8146,278.2817,279.4771,274.8790,243.1987,251.9411,247.0580,248.3427,247.8606,246.7021,245.7141,270.5828,0.0000,260.9065,245.4659,278.2001,278.0266,245.7634,245.1918,271.5659,250.2342,248.2182,278.9353,271.5349,258.3837,271.7978,291.0422,256.3097,275.9913,292.0068,291.4781,272.9895,268.8316,246.2529,278.2791,278.0989,275.7434,277.8689,273.2916,254.4723,260.1202,260.9509,284.3212,290.9587,259.2451,278.2586,280.3976,280.4931,279.3308,276.7649,280.3446,278.9539,280.2287,280.5167,280.2552,275.5667,248.1684,242.4567,245.7149,0.0000,250.0708,247.3964,250.0709,247.4742,247.5565,246.5571,249.8534,256.0010,273.1204,243.3776,256.0263,258.1112,256.4803,247.7882,250.2650,278.2892,246.9963,247.7846,259.5866,273.0144,270.2312,270.6480,274.6844,270.5828,277.4878,270.5828,273.4701,272.6541,244.6308,255.5471
9.0000,273.7392,242.9641,243.0085,245.6887,241.9601,255.9430,254.1198,271.8657,247.5970,273.4585,262.0342,272.0147,246.1285,254.6383,247.0578,246.3655,251.4391,250.8268,258.0196,239.1893,250.3698,248.6328,249.2698,248.4694,258.2976,260.9854,261.5550,257.9178,272.3012,242.8522,243.5845,243.7412,273.2640,272.5643,271.7350,266.5837,247.0856,265.3796,248.0700,274.2405,284.1309,262.3264,262.7858,285.0208,275.5061,261.3886,279.1699,278.4760,245.5591,280.2343,278.4496,268.5890,281.2376,274.1394,276.6862,269.5904,248.8342,279.0410,255.2178,281.3898,273.5072,273.9610,277.9447,278.1826,273.4213,272.2654,272.7136,280.0317,274.8883,275.4353,282.8577,277.4651,277.5782,273.5556,261.8313,239.8339,246.4345,272.6083,270.4050,262.8625,243.9833,251.1686,247.1506,247.4443,247.6210,247.8194,248.3553,248.1510,247.6293,271.4254,248.4015,247.9147,247.7385,244.6362,242.6656,264.3879,265.5761,258.2323,0.0000,261.4552,265.5785,248.4639,248.7796,270.6470,258.3267,258.0190,266.6812,272.1929,272.8127,246.2650,249.0678,281.6545,270.1348,250.4217,254.3801,250.7291,256.0165,268.5642,246.5852,269.4988,277.0112,248.2234,248.7127,242.1058,259.9687,251.8348,273.2316,270.6130,257.3176,257.3624,242.5577,246.7108,258.3026,268.3965,243.8765,252.4682,247.8616,248.3112,248.4895,262.6465,254.1263,254.8249,247.4124,246.6105,276.9883,244.2670,248.9279,247.4566,271.1984,272.0255,278.9113,280.1382,275.4488,243.4095,252.2814,246.6103,248.7695,248.0303,246.9039,245.9155,270.8174,0.0000,261.1716,245.6303,278.3417,278.1619,245.9691,245.4086,272.0913,250.5189,248.4525,279.0287,271.5349,258.6284,271.8027,291.1493,256.5378,276.4294,292.8742,292.3332,273.4935,269.3039,246.2509,278.4611,278.2764,275.9573,277.9037,273.4437,254.5406,260.1648,260.9798,284.9360,291.7872,259.2862,278.5633,280.6081,280.7035,279.5568,276.9883,280.5552,279.1762,280.4551,280.7270,280.4707,275.7995,248.4015,242.6712,245.9163,0.0000,250.4681,247.6144,250.4682,247.6271,247.7100,246.7721,250.1559,256.2946,273.6400,243.5868,256.3020,258.3198,256.7181,248.2395,250.4759,278.7440,247.0578,248.2361,259.7107,273.0144,270.7151,271.1387,275.1850,270.8174,277.8177,270.8174,273.7262,272.8598,244.8513,255.6752
10.0000,274.4729,243.4171,243.4710,245.9981,242.0128,256.1479,254.2901,272.9556,248.2436,274.6193,262.9584,273.1361,246.6967,255.5416,247.0701,246.6371,251.7063,250.9569,258.4499,239.7347,250.6035,248.8183,249.4741,248.7131,258.5695,261.2290,261.8077,258.7657,273.4624,243.2993,244.1163,244.2716,274.4557,273.3179,272.4493,267.6005,247.7343,265.9688,248.7226,274.9789,284.9635,263.1922,263.7347,285.8619,276.7436,261.8502,279.6105,278.9080,245.5591,280.3715,278.5163,269.3155,281.3229,274.5273,277.2787,270.3526,248.7989,279.2679,255.6829,282.1639,273.8716,274.3222,278.1893,278.4420,273.4213,272.6049,273.0521,280.4956,275.3056,275.8861,283.0961,278.0499,278.1429,273.9128,262.1191,240.2074,246.7146,273.7815,271.5133,263.5318,244.9106,251.2893,247.8005,248.0994,248.2627,248.4604,249.0172,248.8120,248.2769,272.5127,249.0332,248.5549,248.3320,245.1576,243.1345,265.2427,266.4651,259.0852,0.0000,262.3661,266.5757,249.1342,249.0299,271.3327,258.7206,258.4042,267.0594,272.5504,273.1770,247.0903,249.7184,281.9052,271.2378,251.1120,254.5528,250.9241,256.5357,269.1038,247.1739,270.2682,277.4127,248.8866,249.4183,242.5329,260.3936,252.6294,274.3862,270.9854,257.7521,257.7969,242.9030,246.8627,258.5725,269.3942,244.4164,253.2815,248.5199,248.9778,249.1669,263.1405,254.0524,254.8854,247.7040,246.7596,277.3921,244.3285,249.1900,247.6091,271.5423,272.3676,280.2752,281.5650,276.6809,243.9207,253.0909,246.5029,248.9466,248.1056,247.4526,246.4861,271.1908,0.0000,261.6267,245.9415,278.4166,278.2944,246.5401,245.9664,273.2371,251.2448,249.0861,278.5205,271.5349,259.0579,271.7762,291.4675,257.4122,277.3079,294.4962,293.9958,274.6852,270.3319,246.6048,278.6893,278.4921,276.2638,278.0338,273.6863,254.7177,260.3922,261.2232,286.1535,293.3506,259.5313,278.9066,281.0412,281.1384,279.9720,277.3921,280.9880,279.6229,280.9651,281.1618,280.8912,276.1806,249.0332,243.1401,246.4870,0.0000,250.9091,248.2614,250.9092,247.9614,248.0636,247.3467,250.0391,256.7316,274.8203,244.1185,256.7570,258.7136,257.1762,248.7645,251.2197,279.3725,247.0701,248.7612,260.1050,273.0144,271.8334,272.2692,276.4152,271.1908,278.1249,271.1908,274.1134,273.1896,245.3853,256.1288
11.0000,275.4636,244.3835,244.4578,246.6817,242.4938,256.4317,254.5625,274.5718,249.2021,276.3873,264.3515,274.8245,247.6168,256.3670,247.2034,246.8249,252.6096,251.8217,259.0605,240.6575,251.0139,249.1039,249.7915,249.1936,258.9267,261.5273,262.1053,259.6540,275.4091,244.2551,245.0249,245.1854,276.4454,274.3223,273.3925,269.1443,248.6865,266.7031,249.6467,275.9814,286.2004,264.3902,265.1639,287.1200,278.7772,262.2485,280.2334,279.4936,245.5591,280.6095,278.7546,270.0511,281.4168,275.0848,277.9456,271.1589,249.7269,279.6558,256.1505,282.7411,274.4816,274.9294,278.6006,278.8568,273.4213,273.1678,273.6058,281.1248,276.0019,276.6474,283.4366,278.7310,278.7421,274.5226,262.4112,241.1761,247.6501,275.7723,273.2775,264.3473,245.5925,252.1749,248.7541,249.0432,249.2347,249.4464,250.0116,249.7902,249.2442,274.0259,249.9981,249.4708,249.2380,246.0319,244.0411,266.3737,267.6396,259.9662,0.0000,263.7418,268.0991,250.0850,249.5201,272.2627,259.3094,258.9975,267.6396,273.1335,273.7789,247.6124,250.7001,282.2787,273.0050,252.1100,254.8402,251.2724,257.2556,269.8932,248.0347,271.0741,278.0381,249.8422,250.4009,243.4992,260.7852,253.5415,276.1414,271.5537,258.1736,258.2185,243.8626,247.1183,258.9297,270.7344,245.3360,254.3591,249.4778,249.9540,250.1457,263.5137,253.9819,254.9430,248.3093,247.3625,278.0151,245.0121,249.6297,247.8654,272.1043,272.9336,282.0137,283.3809,278.3014,244.8407,254.3184,246.5919,249.2119,248.3125,248.3097,247.3224,271.7563,0.0000,262.2875,246.6297,278.6559,278.5580,247.3804,246.7876,275.0167,252.3427,250.0541,278.7113,271.5349,259.6714,271.7861,291.9728,258.2737,278.4832,296.5091,296.0639,276.6757,271.7246,246.8421,279.0749,278.8653,276.7751,278.2260,274.0969,254.9966,260.6747,261.5210,287.7370,295.3111,259.8613,279.5311,281.6839,281.7796,280.6024,278.0151,281.6303,280.2568,281.5937,281.8034,281.5475,276.7976,249.9981,244.0467,247.3233,0.0000,251.8320,249.2206,251.8321,248.5781,248.6832,248.2540,250.9692,257.4387,276.8100,245.0271,257.3750,259.3014,257.8040,249.7610,252.1082,279.9651,247.2034,249.7578,260.6032,273.0144,273.6463,274.1240,278.4419,271.7563,278.7503,271.7563,274.6401,273.7615,246.2649,256.5817
12.0000,276.4950,245.3474,245.4470,247.4311,243.0935,256.7013,254.8060,276.1668,250.2196,278.1624,265.6510,276.5694,248.5625,257.3781,247.3773,247.1088,253.3976,252.5455,259.5661,241.7256,251.4381,249.3531,250.1103,249.7001,259.2681,261.8320,262.4170,260.6370,277.2082,245.2023,245.9826,246.1475,278.3153,275.3916,274.3698,270.6460,249.6989,267.4248,250.6352,277.0275,287.5418,265.5098,266.4510,288.4880,280.7016,262.7103,280.6671,279.8785,245.5591,280.8703,279.0051,270.9186,281.3945,275.5369,278.6763,272.1284,250.4583,280.0237,256.5938,283.2611,274.9541,275.3981,278.9720,279.2312,273.4213,273.6256,274.0578,281.5776,276.5912,277.3251,283.7383,279.2153,279.1810,274.9949,262.5797,242.0687,248.4641,277.5970,274.9482,265.1584,246.4937,252.9104,249.7680,250.0622,250.2539,250.4700,251.0683,250.8347,250.2657,275.4641,251.0262,250.4486,250.1867,246.9197,244.9292,267.4742,268.7382,260.9184,0.0000,265.0542,269.5648,251.1003,250.0329,273.2646,259.8407,259.5354,268.1352,273.5948,274.2516,248.3799,251.7663,282.6194,274.6721,253.2284,255.0522,251.4459,258.1407,270.7658,248.9654,272.0326,278.5062,250.8666,251.4574,244.4261,261.1805,254.5602,277.9118,272.0237,258.5767,258.6217,244.7048,247.3826,259.2712,271.9735,246.3108,255.4488,250.4996,251.0014,251.2074,264.0444,253.9306,254.9850,248.9408,247.9918,278.4774,245.7621,250.0837,248.1302,272.5539,273.3944,283.4244,284.8418,279.7404,245.7958,255.6125,246.2050,249.9028,248.6741,249.2071,248.2299,272.2247,0.0000,262.8252,247.3846,278.9038,278.8150,248.2913,247.6563,276.7338,253.5066,251.0854,279.1595,271.5349,260.1730,271.8095,291.9273,259.2721,279.6523,298.0091,297.5527,278.5484,273.0169,247.1977,279.4312,279.2115,277.1998,278.2986,274.4430,255.2382,260.9489,261.8246,289.1194,296.7919,260.1679,280.0279,282.1374,282.2334,281.0710,278.4774,282.0837,280.7156,282.0473,282.2588,281.9914,277.2545,251.0262,244.9348,248.2310,0.0000,252.6260,250.2390,252.6261,249.2211,249.3289,249.1993,251.6665,257.9143,278.6696,245.9848,257.8937,259.8325,258.3108,250.6531,253.1051,280.4287,247.3773,250.6499,261.0889,273.0144,275.3475,275.8544,280.3581,272.2246,279.2684,272.2247,275.0899,274.2192,247.2374,257.0086
13.0000,277.8830,246.5909,246.7529,248.7571,244.4877,257.0940,255.2142,278.2732,251.5538,280.5252,267.3489,278.8028,250.0585,257.9097,247.9578,247.6754,254.6092,253.7006,260.2348,246.3750,252.0309,249.2584,250.2148,250.5529,259.7489,262.3992,263.0145,261.4201,279.4103,246.4103,247.2794,247.4234,280.6283,276.8347,275.6971,272.6208,251.0037,268.3571,251.8609,278.4319,289.2743,267.1315,268.1321,290.2501,283.1289,262.7981,280.7482,279.8984,245.9768,280.8948,279.0361,271.2435,281.3865,275.5298,278.6784,272.5139,251.6117,280.0346,256.7860,281.7512,275.1441,275.5746,279.0169,279.2633,273.4213,273.8375,274.2452,281.7314,276.8791,277.6984,283.8213,279.5376,278.3953,275.1843,262.6971,243.0630,249.5080,279.8035,277.1005,266.1303,247.9745,254.1325,251.0726,251.3590,251.6071,251.8337,252.4242,252.1994,251.5982,277.5032,252.3940,251.6845,251.4427,248.0736,246.0245,269.0607,270.2607,261.7192,0.0000,266.7674,271.4781,252.3359,250.8696,274.6566,260.4705,260.1660,268.4910,273.7930,274.4462,249.1269,253.2121,282.7147,276.7976,254.7639,255.3960,251.4869,261.0251,272.0618,250.2877,272.3976,278.6649,252.1638,252.7447,245.5564,261.2975,255.4128,280.2538,272.2487,258.7300,258.7750,245.6991,248.0238,259.7519,273.7110,247.6319,256.3285,251.7886,252.3690,252.6401,264.0528,253.8338,255.0641,250.1502,249.6733,278.6338,247.3515,250.8885,248.7735,272.7769,273.6142,286.4029,287.9653,282.3076,247.0711,257.3089,246.2408,250.9336,249.4110,250.4338,249.5471,272.4399,0.0000,263.5352,248.7208,278.9364,278.8502,249.6211,248.9160,279.0353,255.0294,252.4577,279.2943,271.5349,260.8417,271.8165,291.9201,259.9413,281.3792,301.3956,301.1902,280.8647,274.8352,247.7907,279.4587,279.2453,277.3140,278.4270,274.5983,255.6401,261.4375,262.3891,291.4448,300.0185,260.5664,280.1988,282.2563,282.3535,281.1984,278.6295,282.2027,280.8700,282.2009,282.3768,282.1184,277.2942,252.3941,246.0301,249.5482,0.0000,253.8016,251.5742,253.8016,250.3363,250.4062,250.4503,252.8590,258.7033,280.9489,247.2815,258.5442,260.4612,258.9585,251.9274,254.0788,279.2370,247.9578,251.9241,261.7203,273.0144,277.4946,278.0151,282.7676,272.4372,279.4469,272.4366,275.3008,274.4226,249.8528,257.1908
14.0000,264.2789,246.6401,246.8635,248.5794,244.3546,256.5525,254.9908,278.4258,251.4398,280.9618,267.2142,279.1106,249.6747,257.3057,247.5768,247.4749,254.0650,253.4462,258.7629,246.4234,251.9056,250.2074,250.8509,250.2861,258.8340,261.1397,261.6294,260.6214,279.9314,246.4258,247.2163,247.4206,281.1866,266.0648,265.6303,272.6772,250.8599,265.5204,251.6023,264.8460,276.0626,266.6453,267.9549,277.0725,283.7105,261.9944,278.2449,277.6543,245.5591,279.9334,278.2353,270.8976,280.7840,273.1801,278.0171,272.2926,251.4330,278.8510,255.9923,277.4741,272.4186,272.8210,277.5736,277.8441,273.4213,271.7175,272.1949,278.7975,274.1830,274.9987,282.5522,276.8416,274.8497,272.4581,261.7460,242.9630,249.3755,280.3679,277.4575,264.4756,247.8745,253.9977,250.9290,251.1844,251.5408,251.8011,252.3713,252.1067,251.5011,277.4589,252.1025,251.4175,251.1910,247.7596,245.7894,268.4517,269.5529,260.9182,0.0000,266.6928,271.5362,252.0552,250.6055,265.6414,258.9191,258.6534,266.0149,271.1747,271.7108,249.1576,252.9861,281.3649,277.1437,254.5991,255.4364,252.0330,261.1437,266.5111,250.1046,272.1291,275.7506,251.9632,252.5236,245.5214,260.4864,254.9613,280.6698,269.3442,257.9329,257.9778,245.5767,246.8766,258.8398,273.3899,247.5842,255.8638,251.6120,252.2512,252.5237,263.2718,253.9748,254.9488,249.3004,248.3501,275.7258,247.2610,249.9331,248.0055,270.5165,271.4703,286.4982,288.2356,282.3489,247.0270,256.5607,245.9998,250.5541,249.0584,250.1428,249.3425,269.4595,0.0000,262.0128,248.5452,278.1254,277.9658,249.4077,248.6701,279.4729,254.5018,252.1630,279.0035,271.5349,259.3706,271.8014,294.0993,259.2296,271.6524,298.4208,300.1291,281.4272,274.6153,247.6246,278.1905,277.9900,275.2229,279.3575,273.2897,255.4142,260.7130,261.1462,284.3751,296.3656,259.6769,277.3060,279.2599,279.3561,278.2357,275.5919,279.2120,277.9438,279.2667,279.3797,279.0308,274.1763,252.1025,245.7951,249.3439,0.0000,253.1282,251.4611,253.1282,249.5666,249.6975,250.1828,252.6653,257.5021,281.5070,247.2183,257.1262,258.9082,257.4625,251.3512,253.6948,274.9419,247.5768,251.3481,260.5783,273.0144,277.8861,278.4466,283.3462,269.4425,276.5440,269.3957,272.2929,272.3090,249.8174,256.3868
15.0000,264.2789,247.3054,247.5775,249.0954,245.1813,256.7680,255.6559,277.5377,252.2613,281.5749,267.5592,279.5432,250.6416,257.9993,247.6124,247.9798,253.7602,253.4333,257.0522,247.0426,252.2866,251.0956,251.5197,250.6646,259.0546,261.8514,262.2529,261.1018,288.5885,247.0489,247.8494,248.0366,289.8786,267.0729,265.7583,272.8002,251.6649,265.6508,252.2904,264.9180,277.5882,266.7621,268.2547,278.7295,292.4965,260.7982,273.2820,272.6425,245.5591,278.2444,276.7947,269.8279,278.9322,269.6352,276.6044,271.2980,251.6167,276.6681,254.8212,271.6760,268.2378,268.5987,275.0808,275.3634,271.9713,268.4293,268.9601,274.2058,269.9510,270.8150,280.2912,272.3348,270.1167,268.2764,260.5204,243.3029,249.5717,289.0503,278.7608,264.6209,248.2144,254.0372,251.7373,251.9604,252.4100,252.7150,253.2826,252.9599,252.3541,276.7391,252.6626,252.0645,251.7217,248.0652,246.1079,268.4671,269.3609,261.3867,0.0000,267.0917,271.8886,252.8084,250.9788,266.6969,257.1272,256.9010,262.4298,267.1679,267.5424,250.6771,253.6411,279.0192,277.5515,255.3458,256.3604,253.0523,261.5652,267.6719,250.7031,271.1220,270.9826,252.6837,253.2320,246.0576,259.3160,255.7010,281.2540,264.9241,256.7757,256.8204,245.8686,246.8766,259.0593,272.9074,248.2421,256.7991,252.4203,253.0714,253.3351,262.0993,253.9394,254.9778,249.6967,249.2209,270.9281,247.6871,249.7520,247.9104,267.0501,268.1611,284.0126,284.0126,280.7225,247.6576,257.3065,245.7521,250.8091,249.1616,250.6120,249.8885,264.9086,0.0000,260.2161,249.0648,276.6681,276.3605,249.9768,249.2260,280.5499,255.1260,252.7265,278.2702,271.6942,257.6485,271.9140,296.4385,259.8077,272.0998,295.1803,298.6665,290.1278,274.0516,248.2793,275.9264,275.7700,271.8627,280.2369,270.6584,256.1069,261.3930,261.8570,283.7219,293.5610,259.8900,272.7380,274.2869,274.3784,273.2961,270.2650,274.2436,273.2753,274.6624,274.4006,274.0612,269.4178,252.6626,246.1136,249.8901,0.0000,252.3056,252.2840,252.3056,249.8389,249.9245,250.6556,252.8061,256.0835,290.2159,247.8513,255.4366,257.1146,255.7520,250.4617,254.3850,268.9739,247.6124,250.4586,260.7756,272.8492,287.0393,287.0393,292.1185,264.8682,272.0701,264.7324,267.6907,269.0049,250.4704,255.2114
16.0000,266.0707,247.9051,248.2574,249.1673,244.4211,256.9104,255.4988,278.4563,252.7007,282.6446,268.2291,280.5174,252.2665,258.6021,247.5953,247.6969,253.3081,253.3035,254.9732,247.8571,252.3963,251.1117,251.5805,250.7734,259.3030,262.2745,262.8179,261.7040,289.7366,247.6096,248.3070,248.5712,291.0609,268.8319,267.2990,273.6170,252.0802,266.3302,252.5628,266.7812,280.8995,267.5589,268.9363,282.1716,293.7434,259.1637,268.3093,267.5744,245.5591,276.2355,275.1800,268.0572,275.3024,265.2292,274.2880,269.5509,251.6792,274.2449,253.2235,264.3066,263.7463,264.0186,272.3159,272.6125,267.8437,264.5497,264.9767,269.3968,265.4907,266.4645,277.4922,267.4326,264.0912,263.7839,258.9911,243.6931,249.7363,290.2126,279.6861,265.2375,248.2761,253.9239,252.1552,252.3438,252.9020,253.2509,253.7768,253.4145,252.8218,277.5943,252.9364,252.2894,251.9641,248.1529,246.3051,269.2363,270.0980,261.9818,0.0000,267.7654,272.6798,253.1021,251.1623,268.2715,254.9979,254.8304,258.6320,262.8356,263.0680,249.6999,254.0021,276.1898,278.4550,255.7954,255.5981,253.0127,261.5652,268.8574,250.9953,269.3664,266.1024,253.0008,253.5210,246.5761,257.7297,256.1817,282.3106,260.3447,255.2002,255.2446,246.1928,246.6279,259.3030,273.6616,248.7212,257.3923,252.8215,253.4936,253.7649,260.4526,253.8963,255.0130,249.5426,249.0670,266.0618,247.6871,249.2852,247.6424,263.1433,264.2786,285.3550,285.3551,281.8334,248.1400,257.7767,245.7169,250.7414,249.1148,250.8015,250.1457,260.2228,0.0000,258.0153,249.1364,275.0395,274.5431,250.2895,249.7410,281.4943,255.4357,253.0040,277.6513,271.6942,255.5489,271.8817,297.5962,260.4102,274.1832,298.2357,301.3201,291.3073,274.8250,247.8938,273.4248,273.2917,268.2109,280.4168,266.6163,255.9172,261.4944,262.2697,286.0839,296.4989,260.1301,267.3577,269.3449,269.4351,268.3784,265.0286,269.3036,268.4451,269.8426,269.4565,269.1133,264.4551,252.9364,246.3108,250.1475,0.0000,251.2200,252.7241,251.2198,249.6686,249.7842,250.8682,252.8064,254.2610,291.3926,248.3087,253.3596,254.9822,253.6299,249.2975,254.7776,261.5906,247.5953,249.2944,261.1371,272.8492,288.1522,288.1522,293.3547,260.1629,266.7575,259.9389,263.1063,265.1293,251.2014,253.6170
17.0000,267.9343,249.4789,249.9017,250.2634,245.0795,257.4774,255.9419,281.0308,254.2740,285.3105,270.2098,282.9828,253.5060,260.2675,247.8446,247.9519,254.3571,254.5393,254.8184,249.2385,253.1594,251.8190,252.3211,251.5771,260.0405,263.1363,263.7448,263.3706,292.7593,249.1440,249.7606,250.0530,294.1569,270.6325,269.0053,275.8631,253.6074,267.6392,254.0728,268.7082,284.1167,269.5718,270.9147,285.5054,296.9640,258.8995,266.9036,266.2166,245.5591,275.6438,274.7474,268.0438,274.3167,263.7183,273.9366,269.6099,251.3647,273.6911,252.9656,260.4947,262.4032,262.6794,271.6054,271.9297,266.6210,263.3997,263.7675,267.9426,264.0201,264.9082,276.6102,266.0166,261.4432,262.4406,258.5436,245.1028,251.1073,293.2704,282.2060,266.6899,249.1981,255.1138,253.6875,253.8297,254.5251,254.9265,255.4436,255.0393,254.4115,280.0246,254.3863,253.7340,253.3385,249.3711,247.5908,271.2192,272.0527,263.6407,0.0000,269.7608,274.8864,254.6835,251.9891,269.9492,254.7879,254.6644,257.6573,261.5348,261.7203,250.3765,255.5128,275.3098,280.9185,257.3686,255.9453,253.6837,262.1232,270.3023,252.3320,269.4161,264.6437,254.5411,255.1213,248.0886,257.4350,257.8755,284.9447,258.9934,254.9179,254.9622,247.6007,246.8510,260.0405,275.8374,250.2048,259.4772,254.3831,255.1058,255.3887,260.2358,253.7379,255.1426,250.3260,249.8487,264.5989,248.8968,249.6681,247.8662,261.9976,263.1358,288.7554,288.7554,284.7941,249.6130,259.5539,245.4286,251.4003,249.5102,252.0719,251.4244,258.8284,0.0000,257.8397,250.2394,274.6001,274.0502,251.5730,250.9578,284.1065,257.0556,254.4582,277.3964,271.6942,255.3984,271.8683,298.4632,262.0826,276.1124,301.2185,306.3788,294.3999,277.0746,248.2110,272.8143,272.6659,267.1692,280.2477,265.4267,256.3800,262.1403,263.1245,288.3713,299.3870,260.8822,266.0398,267.9121,267.9974,266.8989,263.4305,267.8717,267.0011,268.3821,268.0201,267.7754,262.9927,254.3863,247.5965,251.4264,0.0000,251.8179,254.2995,251.8177,250.4521,250.5737,252.2077,252.0912,254.3537,294.4578,249.7621,253.2002,254.7708,253.4578,249.8344,256.3442,257.7596,247.8446,249.8313,262.0936,272.8492,291.0957,291.0957,296.5548,258.7620,265.4381,258.5049,261.6607,263.9546,252.4386,253.3473
18.0000,270.7787,250.5392,250.9813,251.2717,245.9489,258.4855,256.7833,283.3846,255.5591,287.7892,272.0471,285.3146,255.1937,261.7238,247.9392,248.1499,254.7267,254.9581,255.0154,250.5470,253.9917,252.5099,253.0754,252.3567,261.1972,264.3789,265.0396,264.9161,295.6960,250.1871,250.9024,251.2129,297.1922,273.5714,271.6620,277.9473,254.8904,269.3665,255.2484,271.6016,288.0090,271.4861,272.7709,289.4878,300.1025,259.4454,266.7944,266.1107,245.5591,275.6829,274.7384,268.8273,274.1565,263.3048,274.4299,270.4451,252.2509,273.7805,253.4525,258.0913,262.2886,262.5811,271.6217,271.9534,266.3430,263.3171,263.6356,267.8008,263.9254,264.8195,276.6134,265.9999,259.9211,262.3257,258.8645,245.9950,251.8130,296.2407,284.5824,268.3470,250.5324,255.4863,254.9736,255.1182,255.8225,256.2376,256.7439,256.3311,255.7130,282.3025,255.5548,254.8794,254.4613,250.3622,248.5473,273.1361,273.9909,265.1686,0.0000,271.5899,276.9313,255.8803,252.7632,272.6394,255.0309,254.9231,257.6673,261.4300,261.6043,250.9669,256.7391,275.2989,283.2348,258.6573,256.6781,254.3749,264.4771,272.5138,253.5098,270.2401,264.4839,255.7425,256.3117,249.0873,257.9183,259.2817,287.4002,258.8882,255.3907,255.4351,248.4519,246.8766,261.1972,277.9316,251.3662,261.1889,255.6616,256.3807,256.6902,260.8577,254.5225,256.0086,251.0032,250.5244,264.4248,249.9117,249.9965,248.0422,261.9309,263.0571,291.7148,291.7149,287.4452,250.7309,260.9473,245.4701,251.5699,249.6440,253.1252,252.5734,258.7117,0.0000,258.0862,251.2528,274.5919,274.0570,252.7465,252.1820,286.5451,258.3161,255.6301,277.4007,271.6942,255.6024,271.8685,300.8837,263.5890,279.6057,306.3936,310.6590,297.4385,279.2216,248.4668,272.8679,272.6954,267.1146,280.9999,265.2582,257.2263,263.1926,264.3613,292.9545,304.4961,262.0680,266.1142,267.7973,267.8800,266.7608,263.1611,267.7570,266.8531,268.2400,267.9028,267.6861,262.8788,255.5549,248.5529,252.5755,0.0000,252.0020,255.5850,252.0018,251.1211,251.2400,253.3018,252.9858,254.5541,297.4648,250.9039,253.3282,255.0127,253.6352,249.9254,257.6220,255.3540,247.9392,249.9225,263.4036,272.8492,293.9441,293.9441,299.6773,258.6426,265.5416,258.3809,261.5517,263.8701,253.9468,253.8264
19.0000,287.4214,250.8200,251.2856,251.2655,245.4033,257.2726,254.8594,283.9810,255.9796,288.1565,272.4942,285.2504,256.2967,262.3614,247.9646,248.2360,254.6213,254.9450,254.9166,250.2624,253.5004,251.4586,252.2570,252.1165,259.5840,262.8089,263.5889,265.6628,296.6007,250.4552,251.1857,251.4695,298.1732,286.8379,283.8512,278.3327,255.3142,271.6231,255.6113,288.3282,306.4292,272.2002,273.2512,308.0608,301.1458,259.7256,266.6322,266.0100,245.5591,275.6805,274.7449,269.3015,274.1730,262.9450,274.6848,270.9885,252.6962,273.8139,253.7183,256.3005,262.1541,262.4569,271.6191,271.9633,266.2347,263.1703,263.4623,267.6829,263.6324,264.4114,276.5972,265.7162,258.8333,262.1918,258.9950,246.2436,251.9510,297.1678,285.1182,269.4269,250.7380,255.4772,255.4000,255.5592,256.2628,256.6972,257.1820,256.7651,256.1654,282.9537,255.9527,255.2253,254.7696,250.6229,248.8021,273.9070,274.8227,265.9362,0.0000,272.0076,277.3412,256.2069,252.5543,283.2638,254.9813,254.8876,257.5754,261.3002,261.4684,251.0925,257.1907,275.2763,283.7386,259.1987,254.5372,253.2106,259.3959,277.9472,253.7985,270.7746,264.3097,256.1378,256.7340,249.3528,258.1651,259.8035,287.6998,258.7733,255.6396,255.6841,248.7074,246.8766,249.9497,278.6734,251.6671,261.7478,256.0850,256.8115,257.1415,261.1797,253.7930,255.0975,250.8813,250.0676,264.2504,249.9117,250.0115,248.0505,261.8056,262.9124,292.7384,292.7385,288.2940,251.0105,261.5543,245.2701,251.8261,249.7508,253.3897,252.8304,258.5963,0.0000,258.2148,251.2519,274.5968,274.0602,253.0376,252.5994,287.0070,258.7991,256.0307,277.4081,271.6942,255.5271,271.8689,303.9023,264.2924,293.2435,321.6873,312.7938,298.4196,279.9355,248.5587,272.8835,272.7032,267.0450,282.1828,265.1225,255.3393,261.4406,262.7869,307.3242,319.6563,260.4814,265.9441,267.6100,267.6926,266.5483,262.9470,267.5703,266.7183,268.1200,267.7154,267.5021,262.7402,255.9527,248.8079,252.8325,0.0000,251.6670,256.0060,251.6668,251.1029,251.2852,253.6162,253.4516,254.3894,298.4142,251.1871,253.1814,254.9616,253.4779,249.4298,258.0845,253.5549,247.9646,249.4271,262.6107,272.8492,294.7907,294.7907,300.7107,258.5268,265.3882,258.2625,261.4658,263.7114,253.2693,254.0843
20.0000,288.3323,251.2137,251.6960,251.4666,245.4373,257.4392,255.1332,284.4927,256.3750,288.9604,273.1199,285.9771,256.8114,262.6901,247.9786,248.2588,254.6626,255.0723,255.0395,250.6316,253.6224,251.2511,252.1660,252.2999,259.8085,263.0537,263.7914,266.0623,297.8367,250.8398,251.5428,251.8427,299.5010,287.6905,284.6376,279.0274,255.7110,272.0666,255.9705,289.2702,308.0105,272.7672,273.8955,309.6998,302.5624,259.9152,266.7479,266.1149,245.5591,275.7801,274.8122,269.5589,274.3203,262.8806,274.9559,271.2533,253.1516,274.0054,253.9174,254.7674,262.2649,262.5617,271.7610,272.1110,266.4259,263.3262,263.5948,267.7758,263.7413,264.5220,276.7346,265.5759,257.9754,262.3023,259.1233,246.5972,252.2249,298.4266,285.9523,269.8496,250.7380,255.6216,255.7980,255.9572,256.6702,257.1160,257.5847,257.1705,256.5755,283.5432,256.3540,255.5798,255.1246,250.9532,249.1396,274.4234,275.3497,266.3503,0.0000,272.6229,278.0291,256.5721,252.7558,284.0154,255.1246,255.0384,257.6942,261.4181,261.5815,251.0846,257.6171,275.4076,284.5428,259.6404,255.1248,252.9815,259.8726,278.5123,254.1117,271.0308,264.4299,256.5133,257.1013,249.7303,258.3433,260.1480,288.4907,258.8758,255.8239,255.8685,249.0337,246.8766,250.1679,279.2364,252.0375,262.1006,256.4794,257.2163,257.5699,261.3817,253.7508,255.1321,251.2714,250.7920,264.3753,250.0261,250.1584,248.1282,261.9419,263.0663,293.5564,293.5564,289.0068,251.3742,262.0797,245.5215,251.7108,249.7396,253.7229,253.1225,258.6953,0.0000,258.3487,251.4534,274.6660,274.1512,253.3374,252.9114,287.8275,259.2663,256.4338,277.4374,271.6942,255.6504,271.8704,307.1574,264.6611,294.2437,323.4652,314.2595,299.7479,280.5080,248.5769,273.0474,272.8436,267.1667,283.4702,265.2876,255.6307,261.7125,263.0333,308.7824,321.3983,260.7278,265.9831,267.7434,267.8293,266.7087,263.0681,267.7033,266.8310,268.2130,267.8524,267.6117,262.8601,256.3540,249.1454,253.1247,0.0000,251.4600,256.4018,251.4598,251.4223,251.5772,253.9742,253.9190,254.4191,299.7023,251.5442,253.3058,255.1035,253.5876,249.0333,258.4327,252.0951,247.9786,249.0308,262.8952,272.8492,295.9634,295.9634,302.1132,258.6259,265.4105,258.3581,261.5366,263.9017,253.6829,254.2784
21.0000,289.0359,250.7256,251.2056,251.2360,245.2857,257.3161,254.9985,284.4927,256.1552,289.0791,273.1066,285.9622,256.5998,262.1941,247.9100,248.2913,254.0262,254.4938,254.5422,250.3602,253.1966,250.1979,251.2921,251.9705,259.7317,263.1899,263.9760,265.7413,298.1572,250.3450,251.1726,251.4531,299.8105,288.4406,285.2203,279.0610,255.4947,272.1122,255.7122,290.0056,309.3992,272.8526,273.9058,311.1475,302.9198,259.6589,266.3456,265.7474,245.5591,275.5987,274.6732,269.1813,274.0892,262.3163,274.5979,270.8691,252.5366,273.7676,253.6482,253.2752,261.8048,262.1091,271.4857,271.8352,266.0815,262.8866,263.1454,267.3422,263.2123,263.9354,276.4400,265.0301,256.9612,261.8424,258.9000,245.9313,251.6078,298.7626,286.1036,269.8076,250.2421,255.0324,255.5823,255.7349,256.4614,256.9163,257.3770,256.9600,256.3663,283.6499,256.0947,255.3223,254.8295,250.5739,248.6579,274.5184,275.4317,266.0224,0.0000,272.5913,278.0570,256.3089,252.4462,284.7055,254.6961,254.6164,257.2158,260.9596,261.1185,251.1195,257.3904,275.1043,284.6687,259.4593,254.8370,252.1055,259.6878,279.0865,253.8150,270.6151,263.9945,256.2812,256.8903,249.1742,258.0935,259.8116,288.5882,258.3746,255.5681,255.6126,248.3951,246.8766,250.0946,279.3437,251.6772,261.9700,256.2529,257.0039,257.3686,261.1364,253.7845,255.1045,250.7586,249.8074,263.9425,249.9697,249.9428,248.0143,261.5035,262.6247,294.0775,294.0776,289.3309,250.9739,261.9333,245.1968,251.8332,249.7172,253.4006,252.8070,258.1868,0.0000,257.6195,251.2248,274.5229,273.9752,253.0288,252.5858,287.9719,259.0671,256.1760,277.3510,271.6942,255.1201,271.8659,308.6149,264.2648,295.1694,325.0855,315.7059,300.0514,280.6188,248.6098,272.7996,272.5989,266.7969,284.0708,264.8874,255.4704,261.6993,263.1647,310.0823,322.9716,260.6695,265.5600,267.3268,267.4118,266.3028,262.6420,267.2867,266.4027,267.7787,267.4337,267.1979,262.4323,256.0947,248.6637,252.8092,0.0000,250.6906,256.1825,250.6903,251.0200,251.2242,253.6583,253.3209,253.8073,300.0279,251.1739,252.8053,254.6732,253.1011,248.1533,258.0881,250.6348,247.9100,248.1506,262.8288,272.8492,296.2573,296.2573,302.4620,258.1179,264.9789,257.8480,260.9152,263.4667,253.3972,254.0129
22.0000,289.8684,250.8381,251.3233,251.3773,245.3443,257.4756,255.0248,284.4927,256.4149,289.4097,273.4699,286.2756,256.8076,262.6357,247.9023,248.2895,253.9507,254.4982,254.4935,250.5321,253.5521,251.2089,252.1079,252.1758,259.9126,263.1802,263.9444,266.1401,298.7406,250.4523,251.3607,251.6600,300.4531,289.1915,285.9347,279.4414,255.7545,272.4614,255.9336,290.8631,310.7742,273.1558,274.2909,312.5690,303.6303,259.7078,266.3720,265.7766,245.5591,275.5809,274.6721,269.3483,274.0002,262.1929,274.6676,271.0554,252.5799,273.7763,253.7202,252.4043,261.8173,262.1298,271.4891,271.8404,266.0790,262.8796,263.1259,267.3718,263.2482,263.9817,276.4179,265.3117,256.4315,261.8550,258.9197,245.9313,251.6421,299.3509,286.5256,270.1282,250.6836,255.1042,255.8428,255.9924,256.7242,257.1821,257.6401,257.2227,256.6284,283.8580,256.2973,255.5291,255.0207,250.7097,248.7455,274.7791,275.7088,266.4102,0.0000,272.9445,278.4362,256.5365,252.6174,285.3677,254.6974,254.6258,257.2302,260.9690,261.1306,251.1060,257.6130,275.0884,285.0812,259.7181,254.8824,253.0448,259.8817,279.5773,254.0402,270.8086,264.0166,256.5066,257.1113,249.2420,258.1414,260.1715,288.9162,258.3914,255.6258,255.6703,248.4110,246.8766,250.2681,279.5890,251.8729,262.4010,256.5065,257.2606,257.6409,261.1732,253.7462,255.1358,250.8790,249.9273,263.9594,249.9716,249.9894,248.0389,261.5050,262.6189,294.5248,294.5249,289.6728,251.1425,262.1403,245.4468,251.6829,249.6786,253.5763,253.0249,258.2047,0.0000,257.6189,251.3650,274.5217,273.9725,253.2455,252.7961,288.3537,259.2745,256.3790,277.2744,271.6942,255.0836,271.8619,308.8101,264.6831,296.1043,323.5097,316.7597,300.6939,280.8534,248.6062,272.8057,272.6019,266.7967,284.1178,264.8890,255.5240,261.7122,263.1558,311.4324,321.8156,260.8460,265.6495,267.3436,267.4274,266.3363,262.6611,267.3035,266.4289,267.8068,267.4498,267.2254,262.4605,256.2973,248.7513,253.0271,0.0000,250.5172,256.4423,250.5169,251.1328,251.3327,253.8332,253.3702,253.7236,300.6519,251.3620,252.7073,254.6731,252.9879,247.9066,258.3895,249.7703,247.9023,247.9036,263.0521,272.8492,296.8152,296.8152,303.1616,258.1363,265.1012,257.8644,260.9366,263.4599,253.5888,254.0805
23.0000,289.7262,250.7625,251.2200,251.2747,245.3894,257.4197,254.9798,284.4927,256.2666,289.2515,273.2503,285.9545,256.4976,262.2646,247.8830,248.2757,253.6821,254.3152,254.2007,247.1076,253.5459,251.3393,252.1844,252.1590,259.8188,263.0126,263.7620,265.8259,298.6892,250.3840,251.2090,251.4701,300.3622,288.9879,285.7590,279.2630,255.6082,272.2579,255.7611,290.7348,310.9322,273.0465,274.0371,312.7529,303.5509,259.5178,266.2113,265.6145,245.5591,275.4962,274.6122,269.2555,273.8170,261.9141,274.6316,270.9975,252.6658,273.7184,253.5632,251.7410,261.6676,261.9747,271.4012,271.7488,265.8920,262.6828,262.9119,267.1195,263.1077,263.8516,276.3060,265.2717,255.9298,261.7046,258.6884,245.9313,251.5258,299.3116,286.3833,269.9331,250.3125,254.9357,255.6970,255.8505,256.5781,257.0381,257.5029,257.0812,256.4858,283.7839,256.1272,255.3594,254.8682,250.4928,248.5770,274.7170,275.5823,266.0730,0.0000,272.7504,278.2583,256.3754,252.5897,285.1889,254.4788,254.4301,257.0660,260.8126,260.9799,251.0957,257.4487,274.9706,284.9329,259.5481,254.8404,253.2072,258.7198,279.4495,253.8554,270.7483,263.8437,256.3544,256.9651,249.2037,257.9533,259.9109,288.7319,258.2436,255.4520,255.4965,248.3699,246.8766,250.1778,279.4843,251.7260,262.2232,256.3616,257.1190,257.5041,260.9805,253.7605,255.1241,251.0434,250.5647,263.7876,249.9716,249.9748,248.0325,261.3288,262.4238,294.5060,294.5061,289.6365,251.0109,262.0031,245.3617,251.7439,249.6859,253.4364,252.8332,258.0593,0.0000,257.2660,251.2603,274.4614,273.9069,253.0502,252.6009,288.2022,259.1232,256.2097,277.2775,271.6942,254.7818,271.8621,309.3355,264.3436,295.8226,323.0349,317.2359,300.5945,280.7568,248.5930,272.7363,272.5242,266.6821,284.2535,264.6950,255.4787,261.5931,262.9901,311.0188,321.3615,260.7343,265.4603,267.1746,267.2570,266.1413,262.4925,267.1347,266.2106,267.5517,267.2794,267.0601,262.3050,256.1272,248.5834,252.8355,0.0000,250.0364,256.2942,250.0361,251.1889,251.3546,253.6560,253.4765,253.3687,300.5960,251.2103,252.3983,254.4527,252.6485,247.2873,258.1449,249.0764,247.8830,247.2845,262.9277,272.8492,296.7495,296.7495,303.0790,257.9915,264.9054,257.7187,260.8040,263.2592,252.2272,253.9174
24.0000,292.9508,250.9468,251.4117,251.6519,245.6853,260.7912,258.4204,284.4927,256.6588,289.4548,273.6474,286.1333,256.6172,262.3335,247.8717,248.2592,253.6294,254.3144,254.1084,247.2738,254.5979,251.3909,252.4508,252.8442,264.0830,267.6713,268.4935,266.4850,299.1817,250.5628,251.4637,251.7407,300.8590,292.4055,289.0037,279.5996,256.0293,275.1342,256.0018,293.9545,314.0430,273.9472,274.5059,315.8539,304.1085,259.5055,266.1220,265.5362,245.5591,275.3581,274.4775,269.2704,273.6472,261.8033,274.5996,271.0307,252.4411,273.5846,253.5593,251.2907,261.6392,261.9506,271.3008,271.6534,265.8185,262.6289,262.8476,267.0764,263.0364,263.7519,276.2211,265.1010,255.6351,261.6763,258.6594,245.9313,251.5268,299.8169,286.7081,272.1554,250.7380,254.9716,256.1188,256.2867,256.9900,257.4612,257.8746,257.4494,256.9178,284.3132,256.3201,255.5909,255.0845,250.6452,248.6760,275.7641,276.8210,266.7331,0.0000,273.1121,278.6029,256.6233,253.3403,288.8689,254.4368,254.4024,257.0460,260.7840,260.9529,251.0276,257.6478,274.8852,285.2592,259.7479,258.0654,254.1879,258.5783,283.6537,254.1691,270.7811,263.7901,256.6380,257.2619,249.3110,257.9370,259.9602,288.9313,258.2284,255.4396,255.4841,248.3814,246.8766,264.0830,280.4648,251.9861,261.8910,256.7387,257.4609,257.8499,260.9651,256.8237,258.3053,251.0862,250.2721,263.7310,250.2568,250.0084,248.0509,261.2897,262.3717,294.7439,294.7440,290.0268,251.2473,262.1496,245.1874,251.9039,249.7323,253.6398,253.1261,258.0461,0.0000,257.0958,251.6309,274.3341,273.8071,253.3330,252.8704,288.4544,259.2973,256.4030,277.0713,271.6942,254.6758,271.8513,310.0389,264.7367,299.3514,326.9518,316.8581,301.0835,281.6255,248.5688,272.6231,272.4157,266.6171,284.5001,264.6245,258.8668,265.6522,267.6299,314.7668,325.2607,265.0036,265.4429,267.0845,267.1678,266.0590,262.4302,267.0450,266.1638,267.5093,267.1899,266.9661,262.2718,256.3201,248.6824,253.1286,0.0000,249.8532,256.6858,249.8530,251.2639,251.4373,253.8471,253.1985,253.2373,301.1029,251.4650,252.2983,254.4075,252.5120,247.0270,258.3232,248.6763,247.8717,247.0240,266.5716,272.8492,297.2157,297.2157,303.6256,257.9793,264.8934,257.7049,260.7830,263.2046,252.3650,253.9116
25.0000,292.0111,250.9867,251.4688,251.6761,245.6530,260.7950,258.3965,284.4927,256.6990,289.3287,273.5223,285.8293,256.4843,262.6901,247.8183,248.2556,253.3734,254.1438,253.9359,247.3713,254.7376,251.8175,252.8074,252.9325,264.0635,267.6205,268.4415,266.7023,299.3441,250.5944,251.4928,251.7847,300.8857,291.5596,288.2672,279.4402,256.0708,274.9690,256.0451,292.9628,311.9791,273.6135,274.3752,313.6932,304.1099,259.2315,265.9864,265.3833,245.5591,275.2397,274.3553,268.8321,273.4681,261.6239,274.1878,270.5478,252.1297,273.3183,253.3233,251.1633,261.4720,261.7782,271.0943,271.4421,265.5771,262.4542,262.6648,266.9938,262.9029,263.6427,276.0862,264.9071,255.4567,261.5090,258.5294,245.9313,251.4302,300.0115,286.6630,272.0757,250.7380,254.7977,256.1600,256.3222,257.0307,257.5016,257.9258,257.4935,256.9558,284.1954,256.3251,255.6240,255.1037,250.6506,248.6798,275.4399,276.5818,266.9785,0.0000,272.9995,278.4701,256.6444,253.4079,288.1409,254.3064,254.2845,256.9189,260.6226,260.7892,251.0350,257.6514,274.7396,285.1941,259.7299,258.0153,254.4589,257.9146,283.1712,254.1949,270.2770,263.6467,256.6681,257.2824,249.3200,257.7024,260.1880,288.7769,258.0970,255.2115,255.2559,248.3490,246.8766,264.0683,280.2389,252.0160,262.1702,256.7740,257.5013,257.8884,260.6432,256.7776,258.2882,251.2897,250.8105,263.5907,250.2568,250.0270,248.0608,261.1239,262.1989,295.0016,295.0017,290.0938,251.2770,262.1297,245.2669,251.7364,249.6367,253.6652,253.1467,257.9178,0.0000,256.9479,251.6538,274.2131,273.6725,253.3445,252.8648,288.3402,259.2989,256.4075,277.0016,271.6942,254.5042,271.8476,308.3459,265.0168,298.3316,325.3865,317.3569,301.0988,281.4196,248.5669,272.3937,272.2124,266.4337,284.0066,264.4091,258.8474,265.6248,267.5783,313.4086,323.7180,264.9914,265.2349,266.9622,267.0456,265.9603,262.2783,266.9223,266.0533,267.4281,267.0683,266.8397,262.1124,256.3251,248.6862,253.1492,0.0000,249.3973,256.7262,249.3971,251.3876,251.5263,253.8583,252.8309,252.9682,301.2338,251.4941,252.1449,254.2738,252.2949,246.4203,258.4802,248.5529,247.8183,246.4173,266.5338,272.8492,297.3454,297.3454,303.6292,257.8521,264.6549,257.5757,260.6582,263.0262,252.2679,253.6805
26.0000,272.8570,250.8759,251.3608,251.4233,245.4635,258.8683,257.1783,284.0629,256.4702,288.2083,272.6033,284.6657,256.2067,262.2010,247.8363,248.2599,253.0141,253.8873,253.5647,247.2566,254.0706,252.1276,252.8074,252.4808,261.6710,264.9329,265.5751,265.5173,298.1077,250.4845,251.3250,251.6052,299.5782,275.6401,273.4802,278.4098,255.8374,270.1610,255.7804,273.7599,291.8111,271.9439,273.4026,293.4383,302.7574,258.9139,265.5825,264.9927,245.5591,274.9573,274.1466,268.4026,273.1401,261.4739,273.7389,270.0858,252.1086,273.0006,253.0281,251.7159,261.1369,261.4475,270.7920,271.1335,265.3306,262.1578,262.3896,266.7218,262.5317,263.2478,275.7556,264.5125,255.7731,261.1745,258.3091,245.9313,251.2956,298.7739,285.5589,269.0042,250.7380,254.4991,255.9260,256.0941,256.8070,257.2780,257.7054,257.2633,256.7300,283.0000,256.1070,255.3698,254.8610,250.4665,248.5618,273.5369,274.5550,265.7953,0.0000,272.1343,277.4832,256.3598,252.9337,274.6056,253.9937,253.9922,256.6152,260.2999,260.4565,251.0786,257.4429,274.4227,284.1164,259.5328,257.1689,254.2669,257.6136,274.2953,254.0001,269.8012,263.2885,256.4114,257.0035,249.2494,257.4111,259.7522,287.6493,257.7884,254.9237,254.9681,248.3018,246.8766,261.6771,278.5421,251.8486,261.5435,256.5252,257.2623,257.6436,260.2945,254.8664,256.3745,251.0752,250.5964,263.2286,250.0640,249.9032,247.9952,260.8172,261.9012,293.5918,293.5919,288.7716,251.1232,261.8285,245.5674,251.9128,249.7788,253.4510,252.9585,257.6105,0.0000,256.6153,251.4055,274.0009,273.4313,253.1529,252.6624,287.2037,259.0419,256.1886,276.9424,271.6942,254.1373,271.8445,305.7835,264.1453,282.0524,307.4105,315.1531,299.7831,279.8532,248.5770,272.0873,271.9211,266.1154,282.9195,264.1450,257.6229,263.6651,264.9130,296.3405,305.8749,262.6003,264.9035,266.5493,266.6365,265.5773,261.8990,266.5100,265.7455,267.1576,266.6584,266.4004,261.7465,256.1070,248.5681,252.9610,0.0000,248.8674,256.4974,248.8672,251.1943,251.3446,253.6425,252.8069,252.5423,299.9561,251.3263,251.7396,253.9575,251.8745,245.7786,258.1340,249.0569,247.8363,245.7755,263.9334,272.7115,296.1299,296.1299,302.2825,257.5458,264.3490,257.2657,260.3443,262.7228,252.0684,253.3890
27.0000,270.2285,250.7041,251.1476,251.3090,246.3710,256.5196,254.8298,282.0850,256.2625,286.1800,271.3921,282.7289,255.9789,261.4936,247.6843,248.8660,252.3847,253.3848,253.1446,246.7454,253.2814,251.8858,252.4463,252.0015,258.2909,261.3243,261.8958,264.3411,295.9464,250.3247,251.1325,251.3521,297.2261,272.7604,270.7523,276.9478,255.6322,267.5208,255.6273,271.1441,289.4621,270.2613,272.1360,291.1133,300.3169,258.5658,264.6939,264.0205,245.5591,274.6030,273.8122,267.7243,272.7715,261.2122,273.1223,269.3503,251.9926,272.5800,252.6284,252.1838,260.6253,260.8986,270.3496,270.6748,264.9247,261.7737,262.0215,265.9904,262.1424,262.9888,275.3497,264.0383,255.9536,260.6621,258.0493,245.9313,251.0262,296.6036,283.8211,266.7383,250.7380,253.9526,255.7192,255.8801,256.5963,257.0640,257.4907,257.0529,256.5159,281.1012,255.7752,255.2400,254.6474,250.2824,248.4423,271.7410,272.6347,264.5896,0.0000,270.9675,276.0731,256.2000,252.4030,271.5462,253.6617,253.6816,256.2358,259.8327,259.9660,253.3190,257.0728,274.0221,282.4350,259.0964,255.0103,253.4431,257.8161,270.8614,253.8268,269.0859,262.6209,256.2361,256.8034,249.1555,257.0686,259.3326,285.6355,257.3731,254.5582,254.6025,248.2031,247.3289,248.7086,276.6341,251.6432,261.2718,256.3273,257.0577,257.4279,259.9703,253.9943,254.9329,250.9614,250.4829,262.5582,249.9579,249.9781,248.0764,260.3943,261.5153,291.5862,291.5863,286.7966,250.9386,261.2255,245.9724,251.1485,249.3922,253.2684,252.7989,257.1976,0.0000,256.0287,251.2989,273.6599,273.0538,252.9908,252.4910,285.3149,258.5506,255.8546,276.9408,271.6942,253.6901,271.8444,303.3365,263.1776,279.0972,304.2069,312.6628,297.4136,277.9485,249.4231,271.6579,271.4980,265.6373,281.7777,263.7564,255.2908,260.6447,261.3233,293.1585,302.6592,259.2020,264.0809,265.6807,265.7682,264.7984,261.2167,265.6432,265.0353,266.4204,265.7879,265.4678,261.1075,255.7752,248.4487,252.8013,0.0000,248.1080,256.2897,248.1078,251.1122,251.2741,253.4198,252.6807,252.0249,297.6927,251.1339,251.2942,253.6214,251.4611,244.8850,257.7789,249.5386,247.6843,244.8817,260.8929,272.3350,294.0352,294.0352,299.8533,257.1349,263.5279,256.8512,259.8925,262.3430,251.8370,253.0010
28.0000,270.1351,250.5623,251.0302,250.9610,245.2437,256.4266,254.7217,281.3694,255.8896,285.2522,270.7749,281.8094,255.7872,261.0434,247.6212,248.2330,251.9208,253.0324,253.0484,246.5750,253.1291,251.7573,252.3097,251.8240,258.1767,261.2507,261.8382,263.8797,294.5029,250.1834,250.9037,251.1740,295.7062,272.5916,270.6055,276.2226,255.2563,267.2585,255.2001,271.0637,289.6508,269.6648,271.5379,291.3263,298.7398,258.7144,264.7459,263.7909,245.5591,274.9811,274.1444,267.9455,273.2832,261.8438,273.4127,269.5901,252.0724,273.0342,252.7675,254.2281,261.0029,261.2782,270.7675,271.0987,265.3466,262.1344,262.4268,266.4273,262.5282,263.4314,275.7113,264.2267,257.4650,261.0413,258.1989,245.8521,250.8097,295.1307,282.8259,266.3877,250.4566,253.5780,255.3434,255.5089,256.2229,256.6880,257.0950,256.6632,256.1418,280.4357,255.4965,254.8088,254.2999,250.0332,248.2531,271.1142,272.0785,264.1015,0.0000,270.3419,275.3463,255.7787,252.2541,271.3934,253.6184,253.6552,256.4392,260.1861,260.3292,251.1292,256.7902,274.3896,281.4950,258.8354,254.8983,253.3250,257.4544,270.7425,253.5093,269.3371,263.0518,255.8320,256.4071,249.0389,257.2180,258.9157,284.7093,257.6843,254.7044,254.7487,248.0877,247.2719,248.5986,276.0369,251.4125,260.9473,255.9460,256.6622,257.0337,260.1155,254.0218,254.9104,250.7666,250.2884,262.9845,249.6936,249.8793,248.0195,260.7279,261.8686,291.0077,291.0078,286.1741,250.7310,261.0490,245.7446,251.0434,249.2753,252.9659,252.4969,257.5146,0.0000,255.9673,250.9473,273.9967,273.4239,252.6928,252.2386,284.3404,258.3240,255.5765,277.0302,271.6942,253.6044,271.8491,304.0075,262.7216,278.9303,304.1216,312.1667,295.8898,277.3341,248.5615,272.0925,271.9118,266.0500,282.0295,264.1741,255.1845,260.5481,261.2495,293.0775,302.5755,259.1102,264.6079,266.2132,266.3014,265.2667,261.6285,266.1707,265.4716,266.8568,266.3228,266.0964,261.5214,255.4965,248.2595,252.4993,0.0000,247.6152,255.9161,247.6150,250.9168,251.0840,253.1171,252.7787,251.8048,296.2073,250.9051,251.1847,253.5730,251.3450,244.2967,257.3433,251.5047,247.6212,244.2929,260.7067,272.7041,292.6623,292.6623,298.2848,257.4539,264.0608,257.1674,260.2133,262.7127,251.6177,253.1409
29.0000,271.1632,250.8418,251.2996,251.3278,245.3587,256.7035,254.9574,282.6228,256.5434,286.6744,271.7209,283.0814,256.5886,261.7315,248.1501,248.6327,252.2338,253.3378,253.7364,246.9394,253.4904,252.0044,252.6033,252.2223,258.5394,261.6974,262.2940,264.5953,296.2114,250.4610,251.3650,251.6630,297.4512,273.5753,271.5318,277.3646,255.9160,267.9144,255.8241,272.1228,291.3505,270.6650,272.4433,293.0837,300.5451,260.0497,265.9612,264.9614,246.0890,275.6955,274.7464,269.6244,274.4485,263.2713,274.8723,271.3270,252.2018,273.8923,254.0950,257.2391,262.1641,262.4702,271.6509,271.9793,266.6254,263.2971,263.6468,267.6520,263.8683,264.8814,276.6943,265.7044,259.7004,262.2026,259.3397,245.9313,251.0068,296.8627,284.1929,267.0767,250.7380,253.8955,256.0056,256.1767,256.8835,257.3605,257.7519,257.3260,256.8136,281.5059,256.1477,255.4182,254.8605,250.5090,248.5866,272.1435,273.0048,264.8409,0.0000,271.2975,276.4567,256.4616,252.6385,272.3194,254.3695,254.4015,257.4036,261.3137,261.4698,251.1027,257.4790,275.3724,282.8120,259.6051,255.1506,253.5496,258.6171,271.5559,254.0491,271.0832,264.2504,256.4760,257.0807,249.2547,258.5107,259.5559,286.1077,258.7475,256.0023,256.0468,248.2070,248.0962,248.9479,277.0121,251.8896,261.5134,256.6194,257.3263,257.7198,261.4886,253.9482,254.9706,251.3535,250.8671,264.1571,249.8872,250.5695,248.6603,261.8422,263.0228,291.6818,291.6819,287.0305,251.1478,261.9503,246.3594,251.6352,249.8484,253.4973,253.0068,258.5802,0.0000,256.6487,251.3136,274.6015,274.0932,253.2183,252.7631,285.7633,259.1123,256.2307,277.3328,271.6942,254.2861,271.8650,306.6506,263.4251,279.7927,301.4364,312.7082,297.6313,278.3320,248.8981,272.9384,272.7433,267.0726,283.0632,265.4331,255.4325,260.9012,261.6935,293.1761,300.2822,259.4789,266.2610,267.4438,267.5269,266.4660,262.7928,267.4010,266.6842,268.0839,267.5498,267.3996,262.7209,256.1477,248.5930,253.0092,0.0000,247.8882,256.5704,247.8879,251.5206,251.6838,253.6637,252.9236,252.3742,297.9480,251.3663,251.8359,254.3198,252.0191,244.4614,257.9909,254.3738,248.1501,244.4576,261.1688,272.8492,294.3170,294.3170,300.0799,258.5208,265.6398,258.2300,261.2798,263.8773,252.2370,254.4560
30.0000,271.0765,250.7982,251.2543,251.1291,245.3879,256.5732,254.8923,282.7838,256.3733,286.7396,271.6725,283.1685,256.2710,261.4228,247.7264,248.2712,251.9543,253.1234,253.3407,247.1299,253.0843,251.1890,251.8635,251.8876,258.4323,261.7389,262.3674,264.3935,296.0328,250.4196,251.2998,251.6342,297.2611,273.4964,271.4372,277.3633,255.7416,267.8164,255.6251,272.0378,291.3029,270.7112,272.4046,293.0395,300.3546,259.7373,265.8382,264.8425,245.5591,275.6502,274.6661,269.4361,274.4391,263.5131,274.8032,271.1473,252.1902,273.8392,253.8339,259.3946,261.9995,262.3025,271.5660,271.8918,266.5980,263.1819,263.5862,267.4603,263.6922,264.6948,276.6158,265.5009,261.1576,262.0330,259.0518,245.9313,250.9452,296.6757,284.1235,266.9874,251.1893,253.6902,255.8309,255.9985,256.7194,257.1988,257.5465,257.1372,256.6442,281.6526,255.9326,255.2229,254.7046,250.3674,248.4970,272.1974,273.0512,264.6759,0.0000,271.2507,276.4359,256.2380,252.3469,272.2748,253.9833,254.0433,257.1990,261.1660,261.3072,251.0960,257.2538,275.3015,282.7565,259.3301,255.0166,253.0771,260.4001,271.5794,253.9354,270.9002,264.0984,256.2870,256.8820,249.2313,258.2202,259.3275,286.1764,258.6187,255.7299,255.7744,248.1787,246.8766,248.8448,277.1172,251.8234,261.4068,256.4343,257.1363,257.5378,261.1393,253.9894,254.9369,250.9029,250.4244,264.0096,249.5559,249.8730,247.9799,261.7036,262.9009,292.2336,292.2337,287.3873,251.0883,261.5884,245.5160,251.6176,249.5731,253.3291,252.9068,258.4611,0.0000,256.3752,251.1177,274.5235,274.0326,253.1074,252.6307,285.7368,258.8131,256.0148,277.2916,271.6942,253.9195,271.8628,309.1361,263.1747,279.5771,300.8718,314.5678,297.4384,278.4524,248.5892,272.8715,272.6702,266.9531,284.1725,265.3885,255.3548,260.8857,261.7329,292.4783,299.7016,259.3977,266.0769,267.3229,267.4076,266.3333,262.6493,267.2798,266.5127,267.8927,267.4301,267.2765,262.5781,255.9326,248.5033,252.9093,0.0000,247.4715,256.3997,247.4713,251.0613,251.2415,253.5068,252.9079,251.9614,297.7626,251.3010,251.4161,253.9296,251.5764,243.9792,257.7519,256.5799,247.7264,243.9751,261.0671,272.8492,294.1556,294.1556,299.8890,258.4047,265.4315,258.1118,261.1623,263.7642,252.5398,254.1908
31.0000,271.4937,250.7874,251.2370,251.2477,245.4766,256.6986,254.9039,282.8859,256.3584,286.7152,271.7309,283.1827,256.3340,261.6708,247.8680,248.2794,251.9135,253.1167,253.5474,247.0530,253.3679,251.9780,252.5262,252.0415,258.5752,261.7683,262.3930,264.5794,295.9351,250.4122,251.2763,251.5938,297.1283,273.8672,271.8109,277.4040,255.7305,268.0555,255.6555,272.4681,292.0042,270.8956,272.4690,293.7652,300.2174,260.0766,266.5736,265.4765,245.5591,275.9890,274.9288,269.7410,275.1439,264.4314,275.2325,271.4576,252.2103,274.2581,254.1373,262.0980,262.7194,263.0157,272.0314,272.3587,267.4175,263.8080,264.2403,268.2030,264.6927,265.8988,277.1085,266.7854,263.0932,262.7569,259.3349,245.9313,250.9417,296.5770,284.0999,267.1954,250.7380,253.6854,255.8195,255.9809,256.6989,257.1752,257.5318,257.1276,256.6233,281.8222,255.9440,255.2491,254.7186,250.3930,248.5128,272.4164,273.2620,264.7987,0.0000,271.2985,276.4725,256.2774,252.4627,272.6175,254.2345,254.3027,257.7703,261.8578,262.0223,251.0756,257.2534,275.7911,282.7470,259.3129,255.0478,253.6732,259.8053,271.8801,253.9054,271.2012,264.8494,256.3056,256.9184,249.2250,258.5373,259.4672,286.1582,259.3327,256.0361,256.0806,248.1695,246.8766,248.9869,277.3255,251.8023,261.5061,256.4299,257.1356,257.5385,261.5157,253.9543,254.9657,250.9679,250.4899,264.7503,249.8949,249.9325,248.0112,262.3287,263.5255,292.6362,292.6363,287.6827,251.0688,261.6462,245.1870,251.9592,249.7575,253.3387,252.8731,259.1919,0.0000,256.5063,251.2355,274.7896,274.3397,253.0788,252.6190,285.6788,258.8479,256.0265,277.3550,271.6942,254.1125,271.8661,310.5178,263.3882,280.0348,304.6962,315.4111,297.3015,278.6539,248.5931,273.2983,273.0904,267.5492,284.6727,266.0988,255.3872,260.9165,261.7623,293.3598,303.1154,259.5448,266.8433,268.0901,268.1751,267.1077,263.4025,268.0464,267.2487,268.6366,268.1976,268.0414,263.3703,255.9440,248.5192,252.8755,0.0000,247.3743,256.3848,247.3741,251.1168,251.2840,253.5226,252.9245,252.0976,297.6430,251.2776,251.6014,254.1765,251.7815,243.7853,257.8615,259.4019,247.8680,243.7810,261.2298,272.8492,294.0696,294.0696,299.7518,259.1397,266.2073,258.8466,261.9211,264.3854,252.4123,254.4944
32.0000,289.7861,250.7876,251.2307,251.3298,245.5864,257.4570,255.1667,283.3798,256.4184,287.0389,272.0943,283.4772,256.3308,262.6901,247.8522,248.2666,251.6007,252.8955,253.2696,246.9770,253.6323,251.6153,252.3915,252.2070,259.8251,262.8731,263.5169,265.9271,295.8602,250.4161,251.2975,251.6244,297.0142,288.9001,285.7429,277.7010,255.7994,272.1101,255.7812,290.8125,311.3793,271.8666,272.9097,313.2333,300.1138,260.1863,266.4478,265.3865,245.5591,275.8998,274.8241,270.1069,275.1751,264.7280,275.4878,271.8796,252.1729,274.1740,254.2636,265.2290,262.4871,262.8041,271.9137,272.2414,267.5660,263.6572,264.1642,268.0642,264.4387,265.6124,277.0076,266.8919,264.8778,262.5307,259.3533,245.9313,250.7997,296.4823,284.2975,269.6901,250.7380,253.4532,255.8887,256.0526,256.7386,257.2022,257.6063,257.1955,256.6702,282.6190,255.9486,255.3446,254.7878,250.4100,248.5234,273.5808,274.6778,266.2321,0.0000,271.6057,276.7612,256.4177,252.6353,285.0928,253.9773,254.0623,257.2525,261.5877,261.7705,251.0503,257.2422,275.6994,282.9625,259.2754,255.5237,253.5327,259.9820,279.3439,253.9446,271.6441,264.6869,256.3887,257.0037,249.2270,258.6380,260.0890,286.4771,258.6926,256.1479,256.1924,248.1144,246.8766,250.1924,278.4738,251.8223,262.1549,256.5198,257.2074,257.6031,261.6316,253.7561,255.1277,250.9964,250.5183,264.5836,249.9745,249.9106,248.0009,262.1343,263.3617,293.4132,293.4133,288.4799,251.0857,261.5793,244.8433,252.2958,249.8620,253.3907,252.9070,258.5816,0.0000,256.3405,251.3156,274.6877,274.2597,253.1096,252.6631,285.9385,258.8119,256.0306,277.3052,271.6942,253.8577,271.8635,310.2095,264.5873,295.5060,321.6604,315.9323,297.1838,279.7057,248.5785,273.2001,272.9887,267.3767,284.5542,266.0983,255.7070,261.6359,262.8553,309.7030,319.9954,260.7780,266.6756,267.9370,268.0200,266.9460,263.2918,267.8932,267.1063,268.4975,268.0430,267.8860,263.3891,255.9486,248.5298,252.9095,0.0000,246.9330,256.4450,246.9327,251.1350,251.3069,253.5610,252.8895,251.7652,297.5487,251.2987,251.3118,253.9155,251.4856,243.2509,258.3116,262.4724,247.8522,243.2465,262.8587,272.8492,294.0376,294.0376,299.6460,258.5370,266.0447,258.2512,261.3043,264.2341,252.4316,254.6129
33.0000,293.0667,250.9132,251.3443,251.7433,246.0297,261.0348,258.7676,284.4927,256.6811,287.8043,272.7973,284.2259,256.3786,262.6901,247.7697,248.2979,251.9099,253.1041,254.3424,247.2212,254.8176,251.7819,252.8074,252.9895,264.3124,267.8273,268.5789,266.6015,296.2160,250.5450,251.5110,251.8571,297.3512,292.3281,289.0467,278.4307,256.0604,275.1998,256.0435,294.0865,314.5074,273.2180,273.6816,316.3483,300.4170,261.1134,268.8678,267.7610,245.5591,277.0265,275.7042,271.2368,277.2409,267.2868,276.8429,273.0334,252.3164,275.5049,255.1967,270.7964,264.7920,265.1277,273.3835,273.6977,269.9394,265.7416,266.3441,270.4648,266.8941,268.1590,278.5749,269.2918,268.9129,264.8348,260.2290,245.9313,250.9062,296.8177,284.9007,272.1347,250.7380,253.6918,256.1499,256.3127,257.0070,257.4755,257.8564,257.4560,256.9377,283.8489,256.2597,255.6172,255.0734,250.7026,248.7115,275.1268,276.3566,266.8611,0.0000,272.2550,277.4530,256.6773,253.4506,288.8325,255.0834,255.1459,259.0738,263.8054,264.0621,251.0282,257.5468,277.2804,283.5912,259.5785,258.8123,254.4723,261.4075,283.7213,254.2043,272.7896,267.1164,256.6588,257.2764,249.3030,259.5502,260.2071,287.2394,260.8495,257.0636,257.1083,248.1545,246.8766,264.3255,279.9427,252.0363,262.2700,256.7792,257.4721,257.8768,262.5431,257.0904,258.5584,251.3696,250.8671,267.0043,250.2885,250.1978,248.1527,264.1909,265.4387,294.6736,294.6737,289.7359,251.2788,261.9717,244.6948,252.2810,249.7931,253.6686,253.1639,260.8156,0.0000,257.4892,251.7209,275.5750,275.2559,253.3591,252.8632,286.6092,259.1804,256.3420,277.6694,271.6942,254.9334,271.8826,309.2177,264.9555,298.7106,317.8386,317.1519,297.5218,281.1050,248.6019,274.5524,274.3221,269.2707,284.1862,268.3523,259.2453,265.9252,267.7880,311.9968,317.0347,265.3126,269.0942,270.3871,270.4714,269.3887,265.8252,270.3422,269.5204,270.9036,270.4943,270.3409,266.0684,256.2597,248.7179,253.1664,0.0000,247.5078,256.7076,247.5076,251.4749,251.6120,253.8496,253.0612,252.6878,297.8923,251.5122,252.3855,255.0194,252.5536,243.8463,258.4788,267.9416,247.7697,243.8419,266.7248,272.8492,294.4323,294.4323,299.9547,260.7868,268.4490,260.5399,263.5636,266.3342,252.8379,255.5413
34.0000,292.0402,250.9134,251.3289,251.8148,246.1396,260.8769,258.5734,284.1453,256.7773,287.3341,272.6348,283.8520,256.2830,262.6901,247.8328,248.4656,251.8758,252.7558,256.2518,247.4244,254.8124,251.8104,252.8074,253.0420,264.1129,267.7065,268.5114,266.2438,295.4589,250.5528,251.5704,251.8952,296.5606,291.3784,288.1779,278.1888,256.1604,274.7901,256.2252,293.0190,312.5957,272.9218,273.5115,314.3605,299.5998,263.1298,273.6679,272.5908,245.7486,278.9918,277.2892,273.4235,280.4289,271.5295,279.3228,275.2541,252.0511,277.9985,257.1705,277.8766,269.2317,269.5967,276.1599,276.4672,273.4213,269.5515,270.2223,275.2448,271.3386,272.5604,281.3411,273.8888,274.5671,269.2821,262.0712,245.9313,250.7132,296.0381,284.4789,271.7838,250.7380,253.2923,256.2487,256.4034,257.0868,257.5444,257.9503,257.5599,257.0164,283.5336,256.4930,255.8089,255.2427,250.9930,248.8975,274.7956,276.0301,265.9440,0.0000,272.0936,277.2114,256.9295,253.4924,288.0205,257.1369,257.1748,262.8567,268.1092,268.4965,251.2110,257.7575,280.0953,283.2047,259.7936,258.3684,254.5571,261.8697,283.2021,254.3184,275.0016,271.9429,256.8207,257.4589,249.3047,261.4995,260.2539,286.7846,265.4335,259.0026,259.0476,248.0837,246.8766,264.1335,279.6291,252.0921,262.1758,256.9046,257.5928,257.9972,264.5941,256.9351,258.4018,251.5736,250.8671,271.8477,250.2885,250.6664,248.4705,268.0623,269.2531,294.2100,294.2100,289.3508,251.3257,262.2267,245.5069,251.9167,249.7468,253.8523,253.2825,265.5139,0.0000,259.3437,251.7927,277.1772,277.0650,253.4676,252.9270,286.1429,259.4507,256.5752,278.4361,271.6942,256.8411,271.9227,309.0834,264.7576,297.5820,319.1091,315.9058,296.7308,280.7929,248.7719,277.0969,276.8185,272.8931,284.2160,272.1108,259.0383,265.7586,267.6650,310.5729,317.9322,265.0819,273.6924,275.2000,275.2876,274.2111,271.0988,275.1529,274.3403,275.6914,275.3104,275.1230,270.9495,256.4930,248.9039,253.2848,0.0000,248.1212,256.8041,248.1212,251.7434,251.8887,254.0659,252.7549,254.1742,297.0952,251.5716,254.2522,257.0700,254.4718,244.5040,258.5945,274.9146,247.8328,244.4995,266.4790,272.8492,293.7280,293.7280,299.1417,265.5015,273.0064,265.3597,268.3070,270.1490,252.9717,257.5080
35.0000,271.6408,250.8401,251.2504,251.6950,245.9897,258.8066,257.2711,282.1737,256.7888,285.3305,271.7277,282.3003,256.1636,262.4534,247.4798,248.4818,250.2473,250.5790,257.5479,247.4816,254.1198,252.0439,252.7432,252.6299,261.5326,264.8928,265.5164,265.1571,285.1311,250.4830,251.5272,251.8520,286.2016,274.2535,272.3326,277.1816,256.1737,269.5804,256.2276,272.5194,290.0718,270.8029,272.5504,291.6540,289.1072,264.7310,277.8049,276.7357,245.7463,280.5868,278.6902,275.3956,281.2552,274.5357,281.4243,277.2597,250.5729,280.2791,258.7823,283.5433,272.8975,273.2834,278.6118,278.9654,273.4213,272.3453,272.9466,279.3586,275.0893,276.3215,283.2308,277.5195,278.6878,272.9489,263.4427,245.9313,249.5979,285.6991,282.1879,268.4211,250.7380,251.0853,256.2617,256.4292,257.1216,257.5976,257.9658,257.5680,257.0578,281.4586,256.4970,255.8203,255.2057,251.0930,248.9602,272.2952,273.4807,264.8390,0.0000,271.2040,276.1342,256.8491,253.0403,273.5302,258.6321,258.6534,265.8201,271.5804,272.1447,251.2241,257.7369,282.1205,281.9755,259.7467,257.4179,254.2600,261.3990,273.8691,254.3126,276.9401,276.1317,256.8324,257.4827,249.2523,263.0388,260.1139,284.8527,269.0763,260.5546,260.5999,247.7083,246.8766,261.5538,277.2985,252.0433,261.9930,256.9121,257.5998,257.9929,266.2142,254.8895,256.3485,251.5847,250.7695,276.0652,250.2885,250.9319,248.6084,271.0453,272.0652,291.2827,291.2828,286.8270,251.2761,262.2246,245.7903,251.4368,249.3834,253.8508,253.2713,269.2460,0.0000,260.6909,251.6794,278.5817,278.5793,253.4506,252.9036,283.9624,259.4653,256.5788,279.1177,271.6942,258.1457,271.9583,311.8545,264.0605,279.5485,297.6076,311.8358,286.3686,278.5360,248.7876,279.3807,279.0237,275.9625,285.1246,273.9693,257.7239,263.6839,264.8745,290.6763,296.6823,262.4666,277.5692,279.3550,279.4472,278.4040,275.8944,279.3048,278.5481,279.8131,279.4700,279.2463,274.9399,256.4970,248.9667,253.2735,0.0000,247.4872,256.8151,247.4874,251.8174,251.9724,254.0807,250.9458,254.8613,286.6893,251.5284,255.5045,258.5632,255.7693,243.9478,258.5100,280.0019,247.4798,243.9433,263.6591,272.8492,282.8067,283.4502,288.6700,269.2434,276.8525,269.2059,272.0654,272.9486,252.8691,259.1034
36.0000,271.1692,250.9356,251.3677,251.6931,245.8310,258.5198,256.9312,279.8992,256.8272,282.5545,270.0830,279.5871,256.3257,262.1285,247.6394,248.6804,249.9346,250.0235,258.2113,247.7078,254.0963,251.9509,252.8074,252.6330,261.1505,264.5033,265.1131,264.5733,282.0275,250.5664,251.6020,251.9258,283.0682,273.7390,271.8268,275.3038,256.1951,268.9131,256.2032,272.0537,289.7270,269.2992,270.7601,291.3201,285.9287,266.4905,279.4260,278.3849,245.8570,281.5799,279.5389,277.8480,281.5986,276.0034,283.9084,279.8502,250.1797,281.8325,260.4450,286.3739,274.4156,274.8098,280.0683,280.4986,273.4213,273.6469,274.2478,281.0029,276.5970,277.8063,284.2336,279.1875,280.8378,274.4679,264.4773,245.9313,249.4007,282.4810,279.5744,267.6248,250.7380,250.2906,256.2827,256.4315,257.1918,257.6920,258.0178,257.6095,257.1110,279.4494,256.5213,255.7948,255.1322,251.1257,248.9815,270.8788,271.9877,264.2692,0.0000,269.6672,274.2525,256.8430,253.0392,273.2189,259.3243,259.3328,267.0635,273.0497,273.6590,251.2656,257.7567,283.2144,279.3685,259.7058,257.0878,253.3161,260.3274,273.9654,254.3348,279.4251,277.7906,256.8493,257.5211,249.2873,264.6236,259.8902,282.0850,270.5793,262.1386,262.1843,247.6655,246.8766,261.1709,275.5601,252.1356,261.6394,256.9383,257.6343,258.0239,268.2114,254.7482,256.1234,251.6563,250.8671,277.7319,250.2885,251.0758,248.7260,272.3798,273.3660,288.8508,288.8509,284.6219,251.3530,262.7539,245.4236,252.7482,250.0320,253.8293,253.2911,270.7796,0.0000,261.4471,251.6775,279.4258,279.5017,253.4760,252.9274,281.2433,259.7296,256.6074,279.4397,271.6942,258.8291,271.9750,315.7755,263.5940,278.8174,293.4273,309.8838,283.2318,276.7177,248.9630,280.8323,280.3890,277.4565,286.4208,274.9524,257.3581,263.2938,264.4849,289.3551,292.9072,262.0163,279.1222,280.9516,281.0430,280.0579,277.7271,280.9012,280.2512,281.4584,281.0661,280.8405,276.5093,256.5214,248.9879,253.2934,0.0000,247.6073,256.8537,247.6075,251.8878,252.0400,254.0648,250.4713,255.3969,283.5518,251.6032,256.1652,259.2557,256.4178,244.1500,258.3756,282.5291,247.6394,244.1456,263.1502,272.8492,280.0724,280.6017,285.4981,270.7796,278.3957,270.7780,273.6412,274.2516,252.8045,260.7307
37.0000,272.2243,250.9332,251.3741,251.4490,245.5813,256.5433,254.8233,282.6553,256.8143,285.3018,271.3792,282.1777,256.0585,261.8155,247.7408,248.8406,250.4628,250.4230,258.4552,248.0558,253.2578,250.9953,251.9239,252.1407,258.3552,261.5877,262.1770,264.4309,284.4629,250.5559,251.5156,251.8438,285.7344,274.9050,272.5458,277.1324,256.1890,268.0909,256.3018,273.1945,292.6402,270.7274,272.0117,294.3931,288.7806,265.1501,279.7362,278.7000,245.8017,281.7078,279.7288,274.2605,281.7473,276.0744,282.5001,276.7673,250.4952,282.1165,258.9934,286.1015,274.6208,275.0273,280.3322,280.8026,273.4213,273.7216,274.3101,281.3404,276.8367,278.0595,284.3192,279.6184,280.8944,274.6725,263.7304,245.9313,249.7382,284.9572,281.8042,267.0976,250.7380,250.7143,256.2825,256.4446,257.1978,257.7359,258.1336,257.6748,257.1441,281.6507,256.7147,255.9118,255.2330,251.1789,249.0139,272.1928,273.0357,264.1562,0.0000,270.9615,275.9710,257.0485,252.5526,273.9083,259.4874,259.4785,267.2355,273.2083,273.8511,251.3950,257.9457,283.2990,281.5690,259.8961,255.1014,252.0720,262.4583,273.7004,253.9247,276.6296,278.0515,256.9815,257.7150,249.2728,263.3826,259.7626,284.8074,270.7554,260.8230,260.8684,247.7951,246.8766,253.3539,277.1123,252.0640,261.5083,257.0119,257.7246,258.0868,266.9800,254.0313,254.9027,251.6088,250.8671,277.9885,250.1823,251.0939,248.7145,272.4818,273.4478,292.0450,292.0451,287.4138,251.2848,263.4904,245.3522,253.3634,250.3788,253.8493,253.0480,270.9581,0.0000,261.7371,251.4385,279.6104,279.6516,253.2345,252.5785,283.7159,260.2122,256.8062,279.5848,271.6942,259.0874,271.9826,315.6048,263.3855,280.9523,300.9565,316.1732,285.9007,278.4496,249.1186,281.1016,280.6328,277.6924,286.3392,275.0163,255.2668,260.7896,261.5826,293.5761,300.0184,259.1756,279.4471,281.2524,281.3483,280.3131,277.9885,281.2016,280.5759,281.7997,281.3705,281.1365,276.7498,256.7147,249.0203,253.0496,0.0000,248.0870,256.8431,248.0872,251.8679,252.0371,254.1606,250.8486,255.7423,286.1040,251.5167,256.4085,259.4205,256.6849,244.6465,258.3252,282.4856,247.7408,244.6422,261.0472,272.8492,282.3359,282.9097,288.3208,270.9581,278.7285,270.9581,273.8433,274.3335,253.1961,259.3307
38.0000,276.2442,250.9899,251.4179,251.7501,245.8772,259.7568,258.0008,284.5197,257.0185,287.6394,272.9359,284.3990,256.2557,262.6901,248.0220,249.1174,250.6595,250.5628,258.5983,247.9928,254.4991,251.8181,252.8074,252.9056,262.6354,266.0721,266.7173,265.8437,286.9916,250.6196,251.6160,251.8887,288.3977,279.1364,276.5433,278.9382,256.4042,271.5221,256.5991,277.2353,297.1043,272.9533,273.6494,298.8954,291.5587,265.4125,279.6202,278.5661,246.0090,281.7694,279.7613,274.5377,281.8237,276.1119,282.7423,277.0560,250.5951,282.1800,259.2334,285.9886,274.6723,275.0684,280.3912,280.8636,273.4213,273.7815,274.3626,281.3943,276.9072,278.1599,284.4088,279.6328,280.8710,274.7173,263.9611,245.9313,249.8217,287.5500,284.0406,270.0029,250.7380,250.8263,256.4955,256.6351,257.3781,257.8957,258.3608,257.9008,257.3168,283.9066,256.8995,256.2054,255.5225,251.3709,249.1377,274.5699,275.5355,265.4508,0.0000,272.4461,277.7412,257.3518,253.3407,278.2822,259.6376,259.6209,267.3320,273.2741,273.9090,251.6808,258.0888,283.3794,283.7975,259.9863,258.1934,253.6699,261.3235,278.3864,254.1103,276.9123,278.0477,257.2619,258.0511,249.3005,263.6315,260.3871,287.1280,270.8340,261.0652,261.1106,247.8144,246.8766,262.6467,279.5693,252.1594,262.1699,257.2200,257.9689,258.3296,267.2584,256.1044,257.4064,251.7957,250.8671,277.9824,250.2885,251.2051,248.8518,272.5560,273.5089,294.8027,294.8028,289.9733,251.3764,263.4840,245.3407,254.2813,250.9363,254.0875,253.2285,271.0365,0.0000,261.9495,251.7295,279.6438,279.6955,253.4118,252.7984,285.9980,260.3168,256.9918,279.6582,271.6942,259.2331,271.9864,312.9778,264.5582,285.6097,307.5765,319.2660,288.5682,280.8670,249.3966,281.1612,280.6897,277.7511,285.2923,275.0578,258.4381,264.6548,266.0479,299.4582,306.5399,263.4884,279.3825,281.1334,281.2355,280.2342,277.9824,281.0836,280.6122,281.8550,281.2560,280.9299,276.7467,256.8995,249.1441,253.2300,0.0000,248.3740,257.0479,248.3742,252.0521,252.2106,254.3937,250.9723,255.9452,288.7452,251.6171,256.5321,259.5730,256.8246,245.0013,258.8330,282.4349,248.0220,244.9970,264.9085,272.8492,284.6417,285.2834,291.0812,271.0365,278.6797,271.0365,273.9180,274.3879,253.0365,259.5711
39.0000,272.9582,250.8340,251.2524,251.3179,245.4408,256.6021,254.9155,284.4927,256.9295,287.3983,272.5692,284.1460,256.1375,262.6901,247.9289,248.9636,250.8290,250.6463,258.8097,247.7804,253.0849,250.3865,251.4131,252.0402,258.5025,261.8265,262.4288,265.2832,286.6296,250.4722,251.5157,251.8038,287.8901,275.8635,273.3348,278.5812,256.3109,268.7157,256.4974,273.9180,293.1446,271.9155,273.2482,294.8777,291.1302,265.5062,279.7112,278.6416,245.8432,282.7427,280.3975,274.7433,282.6059,276.4354,283.6563,277.2871,250.6317,282.6947,259.3451,286.4001,274.9138,275.2944,280.8718,281.3328,273.4213,274.1281,274.6913,281.5934,277.1480,278.4186,286.0510,279.8974,281.1788,274.9558,264.1067,245.9313,249.8770,287.1956,283.7099,267.8270,251.4675,250.9110,256.4021,256.5325,257.3047,257.8338,258.2468,257.7904,257.2368,283.2715,256.7507,256.1012,255.4167,251.3046,249.0947,273.2981,274.2034,264.9510,0.0000,272.1096,277.3913,257.2276,252.4672,274.7964,259.8081,259.7747,267.5515,273.5285,274.1547,251.5628,257.9041,284.9671,283.4574,259.7872,255.1843,251.7570,261.0828,274.4556,254.0593,277.1777,278.2341,257.1456,257.9273,249.2085,263.7598,260.3104,286.8844,271.0783,261.1979,261.2434,247.8214,246.8766,253.3539,278.5040,252.0512,261.9724,257.1195,257.8501,258.1985,267.3396,254.0158,254.9153,251.6599,250.8671,278.1714,249.6585,251.1829,248.7769,272.8402,273.8485,293.8740,293.8741,289.1840,251.2648,263.1778,244.7011,254.5096,250.9243,254.0000,253.1873,271.2822,0.0000,262.1445,251.3068,280.2841,280.3613,253.3674,252.7766,285.7043,260.0872,256.8426,279.9297,271.6942,259.4456,272.0005,310.4140,264.2530,282.3423,306.9534,317.4874,288.0910,279.9112,249.2481,281.6740,281.2194,278.1084,284.3312,275.2837,255.3539,260.9572,261.8193,296.3628,305.6126,259.3555,279.4573,281.2253,281.3267,280.3846,278.1714,281.1763,280.8066,282.0536,281.3474,280.9654,276.9358,256.7507,249.1011,253.1888,0.0000,248.6868,256.9583,248.6870,251.9466,252.1313,254.2910,251.0307,256.1994,288.3541,251.5169,256.7663,259.7468,257.0347,245.3995,258.7682,282.7743,247.9289,245.3951,261.3713,272.8492,284.2967,284.9319,290.6449,271.2822,278.7455,271.2822,274.1840,274.7369,252.8798,259.6831
40.0000,272.2238,250.7604,251.1729,251.3517,245.5278,256.6393,254.9218,283.6232,256.7407,286.0398,271.7370,282.9274,255.9864,262.5482,247.9711,248.9300,250.9333,250.7275,258.9181,247.7516,253.3490,251.3419,252.1748,252.1537,258.4837,261.6675,262.2240,265.0537,284.3612,250.4058,251.3279,251.5727,284.3587,275.0129,272.6629,277.5184,256.1234,268.3909,256.3042,273.1629,291.9634,271.2516,272.4378,293.6581,287.6152,265.6157,279.8687,278.8107,245.8803,282.7109,280.3616,274.6948,282.6880,276.4858,283.5597,277.1994,250.7105,282.5801,259.4376,286.7280,274.9288,275.2982,280.7882,281.2316,273.4213,274.1715,274.7382,281.5825,277.1355,278.3809,286.0488,279.9862,281.2595,274.9705,264.2926,245.9313,249.8947,284.9069,282.0418,267.4917,250.7380,251.0112,256.2151,256.3443,257.1257,257.6646,258.0664,257.5954,257.0596,282.3600,256.5208,255.9036,255.2069,251.1658,249.0059,272.6064,273.5512,264.7880,0.0000,271.2752,276.3142,257.0417,252.5462,274.0285,259.8744,259.8274,267.6108,273.5614,274.1777,251.4162,257.6430,284.9590,281.7536,259.4848,255.3709,252.5347,260.8840,273.8640,253.8484,277.0895,278.2854,256.9451,257.7353,249.1763,263.8782,260.1259,285.5482,271.1417,261.3059,261.3514,247.8224,246.8766,253.3539,277.7118,251.8521,261.7136,256.9392,257.6466,257.9705,267.4403,254.0034,254.9254,251.6250,250.8671,278.2368,249.9935,251.1598,248.7785,272.8809,273.8918,292.6913,292.6913,288.1152,251.1063,262.9639,244.9288,254.3369,250.8907,253.8196,252.9707,271.3496,0.0000,262.2239,251.3388,280.2489,280.3209,253.1543,252.5897,284.1712,259.8536,256.6126,279.9156,271.6942,259.5701,271.9998,309.1293,264.0627,281.1978,301.7566,315.7076,284.6821,279.0793,249.1979,281.5779,281.1377,278.0650,283.9210,275.3157,255.3946,260.9006,261.6636,294.1488,300.7869,259.3517,279.3367,281.3834,281.4800,280.4963,278.2368,281.3335,280.8202,282.0435,281.5011,281.1779,276.9821,256.5208,249.0124,252.9723,0.0000,248.8998,256.7693,248.9000,251.8879,252.0549,254.1009,251.1062,256.3540,285.6659,251.3291,256.8921,259.8172,257.1418,245.6814,258.5934,282.9303,247.9711,245.6769,261.2565,272.8492,282.4520,282.9464,287.1468,271.3496,278.6033,271.3496,274.3085,274.7820,252.7348,259.7823
41.0000,271.4922,250.6936,251.0934,251.3234,245.5732,256.6286,254.9341,282.9626,256.6356,285.4847,271.3756,282.5154,255.8972,262.3422,247.9548,248.8408,251.0089,250.7651,259.0784,247.8865,253.3685,251.5131,252.2936,252.1416,258.4520,261.6498,262.2030,264.8049,283.8217,250.3493,251.2390,251.4693,283.7817,274.2618,272.0285,277.0923,256.0166,268.1385,256.1895,272.4028,290.6165,270.8171,272.0652,292.2583,287.0036,265.4321,280.4849,279.4859,245.8374,282.7674,280.3759,274.2889,282.9279,276.6711,283.2009,276.7581,250.7121,282.5341,259.2478,287.1685,275.2037,275.6061,280.8246,281.2540,273.4213,274.3542,274.9170,281.9915,277.3224,278.4667,286.1586,280.1291,281.4546,275.2454,264.2480,245.9313,249.8967,284.3596,281.5403,267.2305,250.7380,251.0633,256.1084,256.2437,257.0205,257.5591,257.9627,257.4819,256.9564,281.7724,256.3675,255.7912,255.0994,251.1039,248.9670,272.1692,273.1199,264.5367,0.0000,270.9248,275.9005,256.9251,252.5317,273.3649,260.0315,259.9695,267.8074,273.7992,274.4360,251.3118,257.4561,285.0576,281.2568,259.2869,255.4320,252.7227,261.1709,273.3717,253.7730,276.6627,278.6916,256.8248,257.6124,249.1428,263.7193,259.9550,285.0161,271.3618,261.1377,261.1832,247.8287,246.8766,253.3539,277.2146,251.7549,261.5194,256.8336,257.5253,257.8302,267.2275,254.0016,254.9269,251.5646,250.7497,278.6441,249.9935,251.1590,248.7618,273.0816,274.0769,291.7529,291.7530,287.3220,251.0254,262.6282,244.4247,254.4937,250.8865,253.7327,252.9023,271.5701,0.0000,262.3822,251.3101,280.2662,280.3428,253.0842,252.5437,283.6426,259.6025,256.4586,279.9224,271.6942,259.7243,272.0002,308.4106,263.8317,280.2835,300.2544,314.2441,284.1056,278.5577,249.1064,281.5724,281.1517,278.2193,283.7910,275.4230,255.4173,260.9136,261.6485,292.9066,299.3161,259.3621,279.9194,281.9996,282.0929,281.0101,278.6441,281.9478,281.2298,282.4548,282.1151,281.8581,277.3750,256.3675,248.9734,252.9038,0.0000,249.0475,256.6639,249.0477,251.8376,252.0048,253.9992,251.1110,256.5166,285.1040,251.2404,257.0459,259.9794,257.3019,245.8590,258.4454,283.2001,247.9548,245.8547,261.1550,272.8492,281.9438,282.4301,286.5409,271.5701,279.1680,271.5701,274.5348,274.9678,252.7773,259.6020
42.0000,288.4496,250.6880,251.0695,251.3653,245.6198,257.1045,254.7639,283.3023,256.6269,285.6565,271.8102,282.7210,255.9885,262.6901,247.8848,248.7731,250.9753,250.7447,259.1106,247.8069,253.5799,251.3743,252.2712,252.2673,259.2397,262.4631,263.1444,265.5438,283.9471,250.3543,251.2593,251.5380,283.8489,287.8820,284.7316,277.3924,256.0139,271.5710,256.2232,289.3860,308.0944,271.6133,272.6407,309.7808,287.0224,265.1179,280.5822,279.6286,245.8355,282.6413,280.2759,273.9991,282.9122,276.5255,282.7662,276.3129,250.7021,282.3085,258.9658,286.6762,275.2091,275.6245,280.6693,281.0799,273.4213,274.2739,274.8156,281.9887,277.2317,278.2950,286.0614,280.0777,281.1430,275.2508,264.0961,245.9313,249.8739,284.4737,281.7380,269.2014,250.7380,251.0613,256.1049,256.2350,257.0013,257.5311,257.9431,257.4690,256.9368,282.3284,256.3491,255.8215,255.1381,251.1294,248.9840,273.0434,274.2425,265.2499,0.0000,271.2670,276.2014,256.9555,252.6540,284.5918,260.0926,260.0213,267.8340,273.7884,274.4366,251.3127,257.4162,284.9436,281.4553,259.2372,255.0163,252.8906,260.7428,279.9075,253.7883,276.2076,278.7184,256.8359,257.6075,249.1453,263.4433,260.1668,285.1933,271.3772,260.8663,260.9117,247.8219,246.8766,253.3539,278.0721,251.7601,261.7539,256.8329,257.5174,257.8193,266.8257,253.8656,255.0382,251.6331,250.8671,278.6722,249.9935,251.1884,248.7768,273.0396,274.0026,292.1561,292.1562,287.7785,251.0419,262.4978,244.7400,253.8968,250.6098,253.7667,252.9241,271.5874,0.0000,262.4292,251.3500,280.1679,280.2316,253.1088,252.5963,283.8119,259.5182,256.4391,279.9780,271.6942,259.7581,272.0030,307.6731,264.3909,293.9260,313.8872,314.8201,284.1731,279.3274,249.0489,281.3876,280.9889,278.1501,283.6310,275.3107,255.2888,261.2489,262.4473,306.5425,312.9455,260.1865,280.0334,282.0840,282.1772,281.0635,278.6722,282.0318,281.2282,282.4504,282.2007,281.9437,277.4115,256.3491,248.9904,252.9256,0.0000,249.0578,256.6550,249.0580,251.8887,252.0516,254.0209,251.0896,256.5221,285.1900,251.2606,257.0678,260.0457,257.3215,245.8915,258.5933,282.8334,247.8848,245.8873,262.3026,272.8492,282.1238,282.5920,286.5675,271.5874,279.2790,271.5874,274.5799,274.8738,252.7208,259.3265
43.0000,287.1528,250.5987,250.9583,251.3710,245.7229,257.0378,254.7535,282.7803,256.6542,285.3546,271.7553,282.4760,255.9312,262.6901,247.7040,248.6560,250.8659,250.6519,259.0458,247.5254,253.5065,251.1818,252.1522,252.2146,259.1489,262.4427,263.1190,265.5289,283.6171,250.2799,251.2002,251.4239,283.5062,286.6023,283.6161,277.1738,256.0313,271.2119,256.2020,288.0451,305.8495,271.2425,272.6665,307.4543,286.6280,264.8929,280.4274,279.5291,245.7754,282.4132,280.0703,273.5512,282.8100,276.2971,282.2625,275.9151,250.6348,281.8445,258.6942,286.2199,275.0076,275.4400,280.2956,280.6687,273.4213,274.0832,274.6182,281.7224,276.8964,277.8505,285.8152,279.6065,280.7611,275.0495,263.8776,245.9313,249.7977,284.1240,281.4652,268.9562,250.7380,250.9731,256.1229,256.2618,257.0386,257.5749,257.9301,257.4658,256.9726,281.8307,256.2219,255.7961,255.1097,251.1028,248.9681,272.5977,273.8963,265.3619,0.0000,271.1725,276.0173,256.9036,252.5938,283.4308,260.0422,259.9650,267.6924,273.5941,274.2385,251.2602,257.2518,284.6914,281.1832,259.0203,255.0000,252.4628,260.3995,278.9750,253.9061,275.9151,278.5210,256.8166,257.6183,249.1177,263.2037,260.1242,284.9004,271.1958,260.6093,260.6547,247.8050,246.8766,253.3539,277.6527,251.6865,261.5819,256.8398,257.5027,257.7971,266.6356,253.8756,255.0300,251.5851,250.7704,278.4745,249.9935,251.1631,248.7408,272.8536,273.8145,290.9662,290.9663,286.9081,250.9792,262.1151,245.1059,252.8127,250.0556,253.7515,252.9736,271.4035,0.0000,262.3703,251.3569,279.9631,279.9985,253.1510,252.6842,283.5307,259.2606,256.3097,279.9776,271.6942,259.6810,272.0030,306.2242,264.3813,292.3441,314.1556,312.2310,283.8348,278.8845,248.9414,280.9803,280.6248,277.8561,283.1148,275.1431,255.2617,261.2287,262.4273,304.7422,312.9414,260.1032,279.9834,281.9192,282.0116,280.9035,278.4745,281.8670,280.9777,282.1840,282.0339,281.7970,277.2324,256.2219,248.9745,252.9753,0.0000,249.0098,256.6813,249.0100,251.8541,252.0225,253.9729,251.0053,256.4436,284.8750,251.2016,257.0065,259.9995,257.2633,245.8817,258.5798,282.4289,247.7040,245.8777,262.1649,272.8492,281.8366,282.2926,286.1821,271.4035,279.2518,271.4035,274.3593,274.6821,252.5319,259.0611
44.0000,284.8333,250.3565,250.6897,251.2642,245.7464,256.8642,254.6807,280.6532,256.2717,283.2816,270.4650,280.7019,255.5063,262.0139,248.1034,248.5363,253.0607,253.2611,259.0462,247.0260,253.4022,251.1881,252.1241,252.1247,258.8760,262.1696,262.8343,264.6224,281.5188,250.0585,250.9473,251.1772,281.2764,284.2739,281.5608,275.5956,255.6363,270.1827,255.7838,285.6567,302.0519,269.6782,271.3689,303.5295,284.2652,265.6956,279.9226,279.0598,245.8694,282.1001,279.7870,276.2927,282.6423,275.8375,282.9991,278.1241,252.3003,281.2703,259.6059,285.3368,274.5809,275.0069,279.8112,280.1446,273.4213,273.7375,274.2331,281.2514,276.3511,277.2264,285.5671,279.0313,280.0607,274.6216,264.1859,245.8965,251.0352,281.9841,279.5689,267.9475,250.7380,253.5502,255.7267,255.8795,256.6454,257.1674,257.4942,257.0362,256.5752,279.8779,255.7789,255.3879,254.7468,250.8449,248.7911,271.0131,272.3802,264.2695,0.0000,269.9087,274.4898,256.4719,252.4932,281.3403,259.9067,259.8222,267.3841,273.2076,273.8265,251.0135,256.7672,284.4212,279.2977,258.4447,254.9106,252.3789,259.6105,277.3477,253.7493,277.8877,278.0475,256.3780,257.1394,248.9562,263.9265,259.5626,282.8752,270.8171,261.4009,261.4464,248.2003,246.8766,253.3539,275.9557,251.4089,261.0141,256.4402,257.0557,257.3210,267.3294,253.9090,255.0026,251.5068,250.8671,278.0073,249.9935,251.0783,248.7305,272.5117,273.4691,288.1998,288.1998,284.4840,250.7340,261.5654,245.5967,252.5733,250.1968,253.4668,252.7904,271.0185,0.0000,262.3272,251.2497,279.6824,279.7117,252.9559,252.5178,281.5295,258.7451,255.8624,279.8097,271.6942,259.6741,271.9943,303.7156,263.5766,289.4896,309.2431,307.8832,281.6033,277.1192,248.8030,280.4635,280.1651,277.4083,282.3306,274.8268,255.1737,261.0217,262.1562,300.6551,308.1349,259.8339,279.4268,281.4009,281.4937,280.3934,278.0073,281.3493,280.4876,281.7077,281.5151,281.2659,276.7758,255.7789,248.7975,252.7924,0.0000,250.6116,256.2973,250.6116,251.7304,251.8820,253.6289,253.0762,256.9316,282.6853,250.9489,257.0158,259.8678,257.2540,247.5326,258.0674,281.6729,248.1034,247.5285,261.6685,272.8492,279.8956,280.3062,283.8402,271.0185,278.6881,271.0185,273.8851,274.3291,252.0858,259.9283
45.0000,286.7464,250.2496,250.5505,251.4711,246.3818,260.1051,258.0689,282.1991,256.1261,283.5478,270.6572,280.9073,254.2977,262.6234,248.1990,248.4341,253.6575,253.9980,259.0552,247.3511,254.4984,251.9998,252.8074,252.7730,263.1770,266.7462,267.4649,265.6566,281.2686,249.9738,250.8774,251.1532,280.8983,286.2464,283.6687,275.7259,255.4901,272.9133,255.6813,287.5198,302.8909,270.5595,271.6440,304.2760,283.7555,264.8590,279.7390,278.9258,245.9544,281.7615,279.4483,274.7602,282.3999,275.5202,281.7552,276.4157,252.7429,280.7082,258.7660,284.4872,274.3600,274.7912,279.3588,279.6679,273.4213,273.4928,273.9803,280.9661,275.9929,276.7643,285.2548,278.5704,279.5053,274.4012,263.7811,245.8615,251.3298,281.6990,279.5382,270.2371,250.7380,254.4576,255.5781,255.7259,256.4803,256.9808,257.2848,256.8506,256.4019,281.0340,255.5646,255.2778,254.6776,250.7755,248.7341,272.1833,273.8173,265.4454,0.0000,270.0491,274.6024,256.3268,253.1760,283.6080,259.8732,259.7825,267.2506,272.9926,273.6105,250.8672,256.5037,284.0846,279.2482,258.1308,258.1630,254.7528,263.4764,280.2163,253.7988,276.2115,277.8204,256.2205,256.9605,248.8852,263.1717,259.8121,283.1316,270.6404,260.6236,260.6689,248.2678,246.8766,263.1907,277.2812,251.3130,261.1116,256.2780,256.8681,257.1218,266.3987,256.0903,257.6020,251.5760,250.8671,277.7860,249.9935,251.0847,248.7665,272.2909,273.2298,289.2016,289.2017,285.5404,250.6605,260.8725,246.0510,251.9856,250.0149,253.4215,252.7979,270.8419,0.0000,262.2921,251.4470,279.3530,279.3812,252.9142,252.3286,281.6314,258.3144,255.6419,279.5603,271.6942,259.6717,271.9813,301.2977,264.4151,291.1593,309.6378,306.9327,281.2244,278.4006,248.6943,279.9741,279.7118,277.0661,281.4363,274.6004,258.5634,265.0305,266.7150,301.6889,308.6041,264.1804,279.1999,281.2083,281.3012,280.1849,277.7860,281.1566,280.2093,281.4207,281.3241,281.0720,276.5665,255.5646,248.7405,252.8001,0.0000,251.1166,256.1504,251.1166,251.7652,251.8922,253.5240,253.6332,257.0675,282.3532,250.8790,257.0545,259.8380,257.2481,248.1040,258.2236,281.0279,248.1990,248.1002,265.3563,272.8492,279.7972,280.1517,283.3514,270.8419,278.4805,270.8419,273.7098,274.0843,252.6207,259.1165
46.0000,265.7493,249.2644,249.5334,250.5871,245.8323,257.4712,256.2600,278.7799,255.0187,280.5127,268.3498,278.2124,253.1892,260.3397,247.8997,248.1599,253.3245,253.4973,259.9476,246.3026,253.1901,251.4546,252.0216,251.7754,259.9518,263.3007,263.8068,262.7889,278.3134,249.0058,249.9131,250.1626,277.8614,268.4236,267.1182,273.1819,254.3809,266.7173,254.6081,266.4241,279.8174,267.2878,269.2212,281.0240,280.6189,265.0565,282.2284,281.4475,245.7747,282.6573,280.2212,274.3808,283.0319,277.2150,281.9104,275.9368,252.1276,281.8001,258.9342,285.8720,276.7392,277.1793,280.6659,280.9525,273.5255,275.3088,275.7058,283.3057,278.2870,278.9857,286.4566,280.8020,281.0495,276.7811,264.2820,245.0606,250.5903,278.7054,276.7475,265.7141,249.9930,253.9438,254.4660,254.6352,255.3590,255.8406,256.1349,255.7247,255.2832,277.5815,254.6288,254.2668,253.6955,250.0115,247.9555,268.6562,270.0572,262.5391,0.0000,267.8265,272.1184,255.2116,252.1359,268.2639,260.8242,260.6916,269.6130,275.3176,275.9997,250.7072,255.5350,285.3324,276.4648,257.1514,256.8141,253.6522,262.7173,269.7091,252.8649,275.7679,280.2256,255.1433,255.8360,247.9730,263.4057,258.0320,280.1494,273.6521,260.8301,260.8755,247.4654,246.8766,259.9630,273.6559,250.3316,259.1558,255.1551,255.7517,256.0049,266.5305,253.7281,255.1506,251.1840,250.7057,280.1951,249.1126,251.0169,248.6601,274.2283,275.0693,285.2486,285.2486,281.7926,249.6954,259.7546,245.9438,251.2958,249.5383,252.5424,251.9061,273.8572,0.0000,263.2314,250.5653,280.1323,280.2063,252.0134,251.4022,278.7210,257.3069,254.7033,280.0929,271.6942,260.5683,272.0090,299.3939,261.8066,272.8081,289.2919,301.7486,278.1832,274.8234,248.4371,281.1351,280.8581,278.9282,280.7755,275.7200,256.7381,262.3902,263.2951,282.2053,288.3693,260.9430,281.6699,283.7001,283.7940,282.6350,280.1951,283.6477,282.5564,283.7670,283.8174,283.5631,278.9832,254.6288,247.9619,251.9082,0.0000,251.2470,255.0424,251.2471,251.3601,251.4567,252.6203,253.0435,257.6919,279.3304,249.9148,257.9553,260.7918,258.1427,248.3072,256.7102,282.5235,247.8997,248.3036,261.7331,272.8492,276.9686,277.2892,280.2300,273.8572,280.9437,273.8572,276.7759,275.9122,251.6322,259.3073
47.0000,264.2789,248.1583,248.3952,249.7430,245.1589,257.1578,255.9342,277.5076,253.7076,279.3810,267.3437,277.0737,251.4612,258.8763,247.5343,247.6248,252.5922,252.7199,259.6194,244.9997,252.8706,251.8424,252.2113,251.2445,259.5248,262.6426,263.0856,261.7502,278.0655,247.9238,248.7600,248.9958,278.9680,266.8630,265.7473,272.1410,253.0801,265.8723,253.3977,264.9062,277.3387,266.5575,268.1429,278.4585,281.5682,263.8842,281.5775,280.8197,245.5591,282.2194,279.8597,272.6112,282.6312,276.4749,280.7444,274.0371,251.2636,281.1689,257.7655,284.6349,276.0804,276.5203,280.0860,280.3710,273.4213,274.6526,275.0452,282.7016,277.5681,278.2234,285.9140,280.1887,280.0250,276.1220,263.4948,244.1246,249.6859,278.4227,276.0707,264.8966,248.7716,253.1759,253.1614,253.3336,254.0147,254.4621,254.7862,254.3995,253.9380,276.4242,253.4701,253.0957,252.5977,248.9966,246.9682,268.1354,269.2642,262.0369,0.0000,266.8165,271.1364,253.9569,251.5598,266.7203,260.3336,260.1643,269.0069,274.6613,275.3440,249.7331,254.3309,284.7563,275.8280,255.9294,256.5974,253.8438,261.4634,268.1929,251.7135,273.9201,279.5669,253.8973,254.5663,246.9335,262.3153,256.6713,279.0162,273.0077,259.7228,259.7680,246.5260,246.8958,259.5350,272.6842,249.1500,257.7431,253.8369,254.4439,254.6900,265.2798,253.8020,255.0902,250.5439,250.0667,279.5399,248.3818,250.6378,248.3799,273.5762,274.4156,283.6874,283.6874,280.3950,248.5595,258.2073,245.8209,250.5406,249.0002,251.5003,250.7984,273.2104,0.0000,264.5610,249.7143,279.7710,279.8010,250.8803,250.2123,277.8501,255.9834,253.5394,279.8079,271.6942,260.4184,271.9942,297.3790,260.5684,271.1405,287.4242,298.7560,279.1435,273.7953,247.8373,280.5490,280.3057,278.3046,280.0647,275.1801,256.4187,261.8882,262.6413,280.2760,286.4624,260.5358,280.9775,283.0393,283.1326,281.9839,279.5399,282.9870,281.9062,283.1602,283.1559,282.8963,278.3237,253.4701,246.9745,250.8003,0.0000,250.7178,253.7306,250.7179,250.7069,250.7823,251.5294,252.2092,257.2674,279.4750,248.7618,257.6270,260.3045,257.8171,247.8432,255.4080,281.4342,247.5343,247.8400,261.1861,272.8492,276.4273,276.8509,281.1811,273.2104,280.2213,273.2104,276.0948,275.2493,250.3045,258.1629
48.0000,264.2789,246.0280,246.2335,247.9110,243.5246,256.4128,255.1805,274.5315,251.5009,276.1681,264.7332,273.9966,249.3965,257.1913,246.9304,246.8305,250.6291,250.8322,257.2398,242.7928,251.6031,250.4157,250.8509,249.8713,258.6563,261.7208,262.1659,260.0062,274.8450,245.8135,246.6818,246.8983,275.6526,266.5256,265.3613,269.2761,250.8826,264.6973,251.2678,264.8707,276.5849,264.1685,265.5354,277.6397,278.1286,261.5639,277.8334,277.0967,245.2605,280.6280,278.5165,269.6410,281.7082,273.4321,277.9997,270.9259,249.2770,278.9878,255.4575,281.2684,272.3838,272.8227,277.7120,277.9855,273.4213,271.5492,272.0501,278.9082,273.8224,274.4481,283.8458,276.3674,276.8034,272.4248,261.6455,242.0355,247.6238,275.1699,273.0036,263.4018,247.2639,251.2707,250.9603,251.1309,251.7827,252.2024,252.5227,252.1606,251.7028,273.5997,251.2393,250.9742,250.5001,246.9080,244.8822,265.8310,267.0281,260.3138,0.0000,264.1986,268.3168,251.7711,250.2117,266.1562,257.8886,257.7132,265.2358,271.0098,271.6297,248.0198,252.0602,282.5616,272.7634,253.5994,255.7453,252.3369,259.4092,267.1671,249.6898,270.8101,275.8276,251.7118,252.3545,244.8202,260.1220,254.7497,275.8250,268.6458,257.5141,257.5589,244.4361,246.9901,258.6651,270.1721,247.0477,255.6802,251.6234,252.2107,252.4438,262.8865,253.9941,254.9330,248.8420,247.8932,275.8007,246.3306,249.6160,247.7370,270.3179,271.2824,280.3070,280.3071,277.2581,246.4736,255.6430,245.4606,249.6744,248.2686,249.4858,248.8240,268.8470,0.0000,262.0851,247.8722,278.4165,278.2969,248.8991,248.2855,274.7185,253.5750,251.3035,279.2377,271.6942,258.0169,271.9645,295.5688,258.8480,270.9421,289.9667,294.0494,275.8268,271.1919,246.9073,278.3496,278.1706,275.2522,279.4733,273.1238,255.6196,261.0201,261.7207,280.6840,288.6908,259.6573,277.2699,279.2783,279.3709,278.2247,275.8007,279.2265,278.1089,279.3607,279.3937,279.1412,274.6085,251.2393,244.8884,248.8258,0.0000,248.8007,251.5228,248.8008,249.1031,249.2279,249.4061,250.2495,255.0185,276.1969,246.6837,255.3299,257.8625,255.4661,246.0470,253.4396,278.1684,246.9304,246.0440,260.1250,272.8492,273.3223,273.7127,277.7612,268.8470,276.5220,268.8470,271.7095,272.1404,248.1945,255.8839
