"ETAPA \ BARRA","AGUAYTIA 220","BALNEARIO 220","BALNEARIOS 60 A","CALLAHUANCA 220","CALLAHUANCA 60","CARHUAMAYO 220","CARHUAMAYO NUEVA 138","CARHUAQUERO 220","CHAVARRIA 220 A","CHICLAYO OESTE 220","CHIMBOTE 220","GUADALUPE 220","HUACHIPA 60","HUACHO 220","HUANCAVELICA 220","HUAYUCACHI 220","ICA 220","INDEPENDENCIA 220","MARCONA220","MOYOPAMPA 60","OROYA NUEVA 220","OROYA NUEVA 138","OROYA NUEVA 50","PACHACHACA 220","PARAGSHA2 220","PARAGSHA 138","PARAGSHA 50","PARAMONGA NUEVA 220","PIURA OESTE 220","SAN JUAN 220","SANTA ROSA 220 A","SANTA ROSA EDS 60","TALARA 220","TINGO MARIA 138","TINGO MARIA 220","TRUJILLO 220","VENTANILLA 220","VIZCARRA 220","ZAPALLAL 220","AGUAYTIA 138","PUCALLPA 138","HUALLANCA 138","CHIMBOTE 138","PUCALLPA 60","ZORRITOS 220","ABANCAY NUEVA 138","ARICOTA138","ARICOTA II 66","CAMPO ARMINO 220","AYAVIRI138","AZANGARO 138","CACHIMAYO 138","CALLALLI 138","CERRO VERDE 138","COMBAPATA 138","DOLORESPATA 138","DESIERTO220","JULIACA 138","MACHUPICCHU 138","MOLLENDO 138","MOQUEGUA 220","MOQUEGUA 138","PUNO 220","PUNO 138","SANTUARIO 138","SOCABAYA 220","SOCABAYA 138","ILO 138","LOS HEROES 220 A","LOS HEROES 66","TINTAYA 138","TOMASIRI 66","REPARTICION 138","ILO2 220","COTARUSE 220","CHILCA REP 220","CANTERA 220","PIURA OESTE 60","LA NINA 220","CONOCOCHA 220","HUINCO 220","INDEPENDENCIA 60","CHILLON 220","CHILLON 60","CHAVARRIA 60 A","CHAVARRIA 60 B","BARSI 60","BARSI 220","OQUENDO 60","CAJAMARCA 220","PLANICIE 220 A","CARABAYLLO 220","CARABAYLLO 500","CHILCA CTM 500","CHILCA CTM 220 A","KIMAN AYLLU 138","KIMAN AYLLU 220","PARAMONGA EXISTENTE 138","MACHALA 200","CHIMBOTE 500","TRUJILLO 500","HUARANGAL 60","POMACOCHA 220","PIEDRA BLANCA 138","POROMA 220","POROMA500","OCONA 500","MONTALVO 500","MONTALVO 220","HUANZA 220","INDUSTRIALES 220 A","TINTAYA 220","LA NINA 500","INDUSTRIALES 60","CARHUAMAYO 50","CARIPA138","HUAMPANI 60","HUANUCO 138","REFINERIA ZINC 220","QUENCORO 138","ILO 3 220","MIRADOR 220","MIRADOR 60","ALTO PRADERA 220","ABANCAY NUEVA 220","LOMERA 220","REQUE 220","SAN JOSE 500","SANTA TERESA 220","SURIRAY 220","ASIA 220","CERRO DEL AGUILA 220","CHAGLLA 220","RAMADA 220","SANTA ROSA LDS 60","LOMERA 60","ZAPALLAL 60","MALVINAS 220","MALVINAS 60","ABANCAY 138","YAUPI 138","SANTA ISABEL 220","YANANGO 220","CHIMAY 220","ILO3 138","MATUCANA 220","COLCABAMBA 500","COLCABAMBA 220","YARABAMBA 500","YARABAMBA 220","BELAUNDE 220","BELAUNDE 138","CACLIC 220","INDUSTRIALES 220B","PLANICIE60","COBRIZAI 69","MOLLEPATA 60","MOLLEPATA220","CARAPONGO 500","CARAPONGO 220 A","SAN JOSE 220","MARCONA 60 A","SAN NICOLAS 60","CALLAHUANCA EDN 220","PUMIRI138","PUMIRI220","SAN MIGUEL 220","SAN MIGUEL 60","FELAM 220","MANCHAY 60","MANCHAY 220","SAN RAFAEL 138","SAN GABAN 138","MARCONA 60 B","ANGEL 138","PTO MALDONADO 138","MEDIO MUNDO 220","AUCAYACU 138","BELLAVISTA 138","TARAPOTO 138","PARINAS 220","PAMPA HONDA 220","ORCOTUNA 220","SAN ROMAN 138","SAN ROMAN 220","CHILOTA 220","MAZUCO 138","JESUS 138","CARHUAMAYO 138","CINCO MANANTIALES 138","OXIDOS CERRO 138","TOCACHE 138","JUANJUI 138","FRANCOISE 220","BOTIFLACA 138","MILL SITE 138","PLAZA TOQUEPALA 138","QUEBRADA HONDA 138","PANAMERICANA SOLAR 138","TOQUEPALA 138","ILO ELS 138","REFINERIA 138","LIXIVIACION 138","PUSHBACK 138","INTIPAMPA 138","PLANICIE 220 B","CHILCA CTM 220 B","CARAPONGO 220 B","CHILCA 1 220","DERIVACION 220","CHAVARRIA 220 B","DERIVACION 220  BARRA II","CAMPAS 220","CAMPAS 500","PLANICIE 500","NUEVA CHINCHA 220","CAHUACHI 220","VALLE DEL CHIRA 220","SANTA ROSA 220 B","ERSUR 220","FLAMENCO220","BARRA3HERMANAS","BARRAPTALOMITAS","PUERTO CHANCAY 220","CHAPARRAL 138","CHIRIBAMBA 220","BARRAPTALOMITAS2","YSHCAYUCRO 220","PAQUILLUSI 220","MIGUEL GRAU 500","MIGUEL GRAU 220","ALIPIO ROSALES 220","SUNNY","CUAJONE 138","SAN MARTIN 220","SAN LUIS 220","CERRO VERDE 220","PORTILLO 60","SURIRAY138"
1.0000,268.4270,240.2812,240.4733,241.4476,236.1757,249.0741,247.2009,270.1959,245.1090,272.3551,260.6711,270.7174,245.0413,251.4632,241.3344,239.8101,248.4093,247.2513,253.4200,235.9487,244.8699,243.4943,243.9918,243.2755,251.6895,253.9843,254.5274,254.4673,271.9750,240.0988,240.6204,240.6998,273.6852,267.1373,266.3278,265.0658,244.5306,259.8517,245.1227,268.9538,279.3586,259.5658,261.4435,280.2950,275.9553,252.2214,269.4280,268.7026,238.3373,269.0230,266.6679,258.6795,272.6778,264.7005,266.7216,259.7568,245.3350,268.8414,246.1832,263.4704,264.6170,265.0126,267.8757,268.2878,265.0468,263.4987,263.9164,270.5272,265.9006,266.4656,272.9154,268.1525,265.8790,264.6491,252.9098,236.9646,239.1410,272.2904,269.6562,258.1708,241.0582,247.5765,244.5996,244.7229,245.3387,245.7031,246.0891,245.7442,245.2432,269.3854,245.3766,244.8780,244.5923,241.4268,239.6127,261.1378,262.4280,254.6237,0.0000,260.0129,264.1498,245.5608,243.6359,264.9749,252.4572,252.0877,258.5984,263.3464,263.9574,241.1696,246.1287,271.5346,269.3785,247.6149,247.4834,245.6407,245.6412,262.4154,243.4894,259.6830,267.7261,245.4556,246.0494,239.3120,250.8444,248.7975,272.0970,261.5338,248.2324,248.2765,238.1056,239.6029,251.6978,265.7623,240.9387,249.5750,245.2239,245.8213,246.0013,253.3734,244.9747,246.5771,242.5718,241.7783,267.7007,239.8255,242.9850,240.9231,262.5587,263.3013,278.0602,279.5174,274.0375,240.4962,249.5445,238.5715,243.7593,242.4783,243.5614,242.7077,261.7497,0.0000,256.1590,241.4112,266.7802,267.6450,242.8438,242.6444,271.1276,247.5705,245.4350,260.9672,248.7208,253.9558,249.2183,267.2856,253.2085,271.3173,290.1443,290.7867,274.0058,266.8419,239.9214,268.4111,268.0372,266.4222,254.8073,264.8017,247.6861,253.2854,253.9828,280.5775,288.7997,252.6527,269.0376,270.8386,270.9215,269.8918,267.7007,270.7911,269.7851,270.9381,270.9426,270.7324,266.6248,245.3766,239.6169,242.7089,0.0000,248.9109,245.1296,248.9111,242.8075,242.9306,243.6472,246.6063,252.6081,273.7214,240.6226,253.2596,252.4568,253.3303,248.0241,247.4466,265.1394,243.6784,248.0241,253.6911,264.7377,270.0640,270.6233,275.6445,261.7497,268.3905,261.7497,264.8221,264.0125,240.8371,246.6464
2.0000,263.4296,237.3545,237.5002,238.8226,234.5669,245.8620,244.1186,265.6839,242.1487,267.8362,256.8195,266.3321,241.9633,248.0017,239.0663,238.0773,246.0153,244.7881,250.6234,232.9221,242.0287,240.6887,241.1921,240.5846,247.2804,249.4563,249.9361,250.7524,267.4092,237.1870,237.7220,237.7405,268.9630,262.1274,261.4409,260.9790,241.5866,255.4245,242.2474,263.9272,273.7480,255.4345,257.5550,274.6317,271.1314,249.3007,266.1812,265.4706,236.1835,266.0566,263.9931,255.3892,269.1852,261.5668,263.2449,256.3981,242.6653,265.2663,243.2981,260.2621,261.5087,261.8954,264.4504,264.6975,261.7579,260.3897,260.7787,267.2907,262.7456,263.2888,269.3548,265.0316,262.7958,261.5401,250.1182,234.1416,236.2657,267.6908,265.3095,253.9318,238.1477,245.1766,241.6528,241.7887,242.3595,242.7043,243.1016,242.7749,242.2737,264.9354,242.3910,242.0435,241.7026,238.5901,236.7837,256.8998,258.1468,250.9143,0.0000,256.2014,260.1095,242.6520,240.9013,259.9971,249.6619,249.2927,255.6299,260.2593,260.8617,240.6317,243.1105,268.1063,265.0283,244.5302,244.4678,242.5216,243.2610,257.4717,240.6123,256.3361,264.5386,242.5518,243.1120,236.4229,247.9583,245.5735,267.5994,258.4865,245.3569,245.4004,235.2715,237.6221,242.6710,261.4099,238.0242,246.2417,242.2768,242.8658,243.0383,250.4324,244.9553,245.3424,240.1578,239.7001,264.5135,237.2186,240.6321,238.6795,259.4817,260.1986,273.1619,274.5619,269.3451,237.5947,246.2836,236.5864,241.2282,240.1111,240.7276,239.8589,258.6976,0.0000,253.2876,238.7872,263.9507,264.1229,239.9850,239.7465,266.6850,244.4393,242.4458,262.7703,254.3854,251.1465,254.6812,272.6961,249.6029,266.1722,284.4206,285.0829,269.2699,262.4631,238.3662,264.8043,264.5864,263.1519,260.3694,261.5791,244.5445,249.3973,249.4738,275.2294,283.1194,248.2114,265.8248,267.5686,267.6519,266.6423,264.5135,267.5221,266.5505,267.6936,267.6720,267.4535,263.4654,242.3910,236.7878,239.8600,0.0000,246.3951,242.1690,246.3952,240.3261,240.4146,240.7575,244.0067,249.8697,269.0317,237.7243,250.4702,249.6615,250.5426,245.5172,244.3576,262.0177,241.3333,245.5172,249.3338,258.8629,265.6588,266.1690,270.8346,258.6976,265.1867,258.6976,261.7020,260.8977,237.9505,243.7683
3.0000,259.0006,233.6615,233.7793,235.4293,231.5734,242.1438,240.5546,261.2399,238.3401,263.3550,252.7029,261.9349,238.2338,244.1004,236.2487,235.1098,242.9571,241.7098,247.5834,229.2269,238.3305,236.4350,237.0749,237.0992,243.5326,245.8417,246.3350,246.8003,263.0740,233.5084,234.0427,234.0404,264.5844,257.8007,257.1299,256.7503,237.7896,251.4366,238.4925,259.4693,268.7152,251.3418,253.3852,269.5471,266.6781,246.6135,263.5004,262.8306,233.4938,264.5681,262.8031,252.6900,267.4009,258.8556,260.9094,253.7029,239.4379,263.5302,240.6673,257.4710,258.7707,259.1636,262.5770,262.8200,260.0523,257.7037,258.1039,264.5377,259.9262,260.4054,267.3994,262.1132,259.9225,258.8030,247.4948,230.5768,232.6565,263.3514,260.9951,249.9473,234.3467,242.1153,237.8527,237.9844,238.5333,238.8581,239.2484,238.9437,238.4459,260.5738,238.6414,238.3091,238.0060,234.9967,233.2042,252.8206,253.9952,246.9656,0.0000,252.1070,255.9068,238.8776,237.4348,255.7464,246.6086,246.2357,252.7524,257.5167,258.1138,237.1285,239.3307,266.1246,260.7236,240.7114,240.8411,238.4422,239.9881,253.3432,236.9251,253.6820,261.8093,238.7631,239.2834,232.7766,245.3219,241.7197,263.1316,255.6941,242.7428,242.7859,231.6779,234.7544,238.9932,257.1465,234.3298,242.3128,238.4668,239.0411,239.2095,247.7334,241.2512,241.6322,236.6060,235.8069,261.7872,234.1701,237.5100,235.7442,256.7527,257.5010,268.5107,269.8750,264.8217,233.9155,242.2574,234.1147,238.1352,237.1980,237.0838,236.2048,255.9064,0.0000,250.2344,235.3954,262.7400,262.7460,236.3265,236.1008,262.3019,240.5485,238.6925,262.4909,254.8856,248.1036,255.1406,272.5542,245.6707,261.7261,279.2917,279.9179,264.8903,258.1674,235.3206,263.0418,262.8566,260.8444,260.6516,259.1963,240.9556,245.7815,245.8588,270.4548,278.0356,244.4830,263.1108,264.8669,264.9499,263.9371,261.7872,264.8204,263.8016,264.9398,264.9700,264.7639,260.7418,238.6414,233.2082,236.2057,0.0000,243.3611,238.3596,243.3612,236.8588,236.9844,237.0849,240.8473,246.8387,264.6762,234.0450,247.4545,246.6082,247.5128,242.4941,240.5491,259.1697,238.4128,242.4941,245.5133,258.3441,261.3452,261.8522,266.3931,255.9064,262.4657,255.9064,258.9281,258.2081,234.3287,241.1368
4.0000,263.8152,235.9400,236.0568,237.8113,233.7270,247.2949,245.5784,264.2637,240.6254,266.1121,255.4164,264.6977,240.3925,247.0075,238.2126,237.0844,245.0380,243.8289,249.4836,231.5278,241.9484,240.5999,241.0734,240.0555,249.5614,251.9522,252.4720,250.0514,265.7209,235.7916,236.3358,236.3497,267.2181,262.6249,261.9666,259.4528,240.0684,256.3198,240.8094,264.2779,273.4028,254.6019,256.1526,274.2236,269.2969,248.1231,264.6794,263.9781,235.3950,265.2059,263.3108,254.0291,267.7733,260.1585,261.9704,254.9862,241.6132,264.2900,242.1315,258.6783,260.2058,260.5831,263.4349,263.6683,260.0523,259.0743,259.4145,265.9084,261.3823,261.9003,268.2650,263.5968,261.1975,260.2378,249.0533,232.8076,234.8676,265.9919,263.6748,254.3524,237.0064,244.2752,240.1305,240.2484,240.8148,241.1342,241.5268,241.2239,240.7153,263.7441,240.9103,240.6172,240.3208,237.2462,235.4439,256.2939,257.6172,250.1980,0.0000,254.7764,258.6007,241.1506,240.3616,260.7818,248.5016,248.1259,254.3989,258.9659,259.5656,239.3350,241.5893,267.0235,263.4016,242.9622,245.8345,242.8286,242.8425,258.8352,239.2673,254.9540,263.1567,241.0527,241.5722,235.0381,246.8117,244.3662,265.8896,257.2260,244.2105,244.2539,233.9077,237.0137,249.5696,260.5899,236.6144,244.9819,240.7347,241.3219,241.4852,249.2353,245.4410,246.1957,239.1756,238.7199,263.1315,236.2060,239.7250,237.8444,258.1896,258.8872,271.5556,272.8166,267.9251,236.2062,244.5013,236.0164,240.0807,239.1494,239.3973,238.5589,257.4372,0.0000,252.0699,237.7655,263.2531,263.3129,238.6727,238.4468,265.0174,242.8103,240.9601,262.6626,254.8856,249.9946,255.1495,272.0170,248.7667,266.3241,282.7127,282.9661,267.5289,261.5399,237.3287,263.8241,263.6262,261.9910,260.4711,260.0567,245.9956,251.3986,251.9536,274.4911,281.5599,250.5212,264.4089,266.0536,266.1403,265.2141,263.1315,266.0085,265.1606,266.3112,266.1593,265.8657,262.0973,240.9103,235.4479,238.5598,0.0000,245.3769,240.6447,245.3770,239.2991,239.3476,239.3637,242.9977,248.7749,267.3165,236.3381,249.3510,248.5011,249.4165,244.5027,243.0808,260.4238,240.4380,244.5027,251.0439,258.3441,264.0159,264.5120,269.0150,257.4372,263.7689,257.4372,260.4446,259.5792,236.6993,242.6083
5.0000,263.4773,235.9455,236.0468,237.9008,234.0464,247.3369,245.6486,264.3022,240.5804,266.0118,255.3783,264.5905,240.3208,246.9557,238.5607,237.4859,245.1895,243.9867,249.6423,231.5180,242.1226,240.8200,241.2843,240.2591,249.5777,251.9400,252.4508,249.9851,265.6496,235.8038,236.3391,236.3270,267.1070,262.3168,261.6903,259.3739,240.0292,256.2272,240.8278,263.9251,272.7521,254.5133,256.1173,273.5460,269.1618,248.2574,264.5723,263.8569,235.8339,265.2554,263.3265,254.0589,267.7901,260.2014,261.9331,254.9988,241.7105,264.2636,242.2566,258.5574,260.2249,260.5956,263.4194,263.6438,260.0523,259.1284,259.4619,265.8731,261.4123,261.9484,268.2764,263.5404,261.2229,260.2571,249.2445,232.8416,234.8823,265.9264,263.6033,254.2844,236.8876,244.4291,240.0895,240.2030,240.7561,241.0624,241.4763,241.1765,240.6550,263.6860,240.9234,240.6528,240.3609,237.2954,235.4869,256.2090,257.5422,250.1117,0.0000,254.7333,258.5331,241.1601,240.5455,260.5053,248.6659,248.2856,254.4933,259.0039,259.5948,239.6881,241.5912,267.0333,263.3307,242.9528,245.9221,242.9830,243.0074,258.6194,239.2732,254.9721,263.1266,241.0585,241.5857,235.0561,246.9532,244.3410,265.7882,257.2897,244.3455,244.3889,233.9185,237.6221,249.5860,260.5159,236.6149,244.9346,240.6941,241.2843,241.4306,249.3605,245.4292,246.2053,239.6535,239.6551,263.0989,236.2115,240.1287,238.2801,258.2416,258.9427,271.3156,272.5611,267.7681,236.2117,244.4297,236.5667,240.3301,239.4691,239.4655,238.5788,257.5009,0.0000,252.2273,237.8523,263.2673,263.3156,238.6892,238.4458,264.9352,242.7846,240.9714,262.7314,254.8856,250.1528,255.1531,271.5729,248.7048,265.9483,282.1063,282.3646,267.4179,261.4687,237.7229,263.8037,263.6120,261.9911,260.3219,260.0805,246.0657,251.4198,251.9413,273.9733,280.9641,250.5449,264.3670,265.9489,266.0344,265.1428,263.0989,265.9045,265.1231,266.2746,266.0527,265.7389,262.0774,240.9234,235.4910,238.5797,0.0000,245.5310,240.5995,245.5311,239.6781,239.6797,239.3990,243.1105,248.9346,267.2246,236.3415,249.5018,248.6655,249.5700,244.6562,243.0737,260.4042,240.7110,244.6562,251.0342,258.3441,263.9448,264.4413,268.8838,257.5009,263.7303,257.5009,260.5080,259.6340,236.7071,242.7379
6.0000,263.1228,235.7753,235.8724,237.8191,234.0025,247.2740,245.5936,263.6624,240.3964,265.4261,254.9151,264.0544,240.1671,246.7346,238.5002,237.4084,245.0488,243.8493,249.5838,231.3194,242.0647,240.8561,241.2841,240.1836,249.4867,251.8653,252.3711,249.7278,265.0136,235.6361,236.1768,236.1579,266.4569,261.9594,261.3604,258.8880,239.8423,256.0015,240.6386,263.5640,272.2593,254.0593,255.6109,273.0413,268.4998,248.2228,264.9411,264.2501,235.7992,265.2689,263.3522,254.0134,267.7920,260.2018,261.9344,254.9391,241.5511,264.2935,242.2319,258.5732,260.2446,260.6241,263.4481,263.6745,260.0523,259.1182,259.4530,265.9696,261.4228,261.9249,268.3046,263.6300,261.2585,260.2767,249.2486,232.6817,234.7127,265.2768,263.0284,254.0096,236.8176,244.2743,239.9023,240.0159,240.5744,240.8814,241.2766,240.9836,240.4710,263.0513,240.7240,240.4660,240.1752,237.1323,235.3255,255.7577,257.0489,249.8619,0.0000,254.2959,258.0487,240.9536,240.4592,260.1992,248.6076,248.2250,254.4553,259.0061,259.6051,239.5337,241.3840,267.0575,262.7564,242.7351,245.8599,243.0427,242.8353,258.4139,239.1250,254.9160,263.2678,240.8664,241.3892,234.8893,246.9304,244.1393,265.2105,257.2626,244.3244,244.3677,233.7758,237.6221,249.4950,259.9194,236.4493,244.7526,240.5041,241.0903,241.2378,249.3104,245.4440,246.1932,239.5580,239.5596,263.2508,236.2109,240.0774,238.2397,258.2331,258.9315,270.5410,271.7480,267.0582,236.0482,244.1823,236.5244,240.2546,239.4007,239.3001,238.4387,257.4714,0.0000,252.2012,237.7704,263.2922,263.3373,238.5479,238.3149,264.3525,242.5584,240.7712,262.7801,254.8856,250.0995,255.1556,271.3593,248.4643,265.5125,281.0605,281.3887,266.7659,260.8511,237.6341,263.8324,263.6396,262.0171,260.2376,260.0733,246.0123,251.3633,251.8673,273.2680,279.9730,250.4620,264.4778,266.3216,266.4048,265.3981,263.2508,266.2751,265.2385,266.3542,266.4249,266.2011,262.2008,240.7241,235.3295,238.4395,0.0000,245.4121,240.4152,245.4122,239.5801,239.5774,239.2181,242.9604,248.8489,266.5613,236.1792,249.4449,248.6071,249.5150,244.5378,242.8728,260.4338,240.6201,244.5378,250.8867,258.3441,263.3546,263.8373,268.2234,257.4714,263.8253,257.4714,260.4449,259.6224,236.5329,242.7144
7.0000,257.0510,229.6165,229.7081,231.8249,228.1929,241.9542,240.3137,257.1473,234.0743,258.7590,248.5152,257.4283,233.9620,240.4658,232.4801,231.4148,238.2773,237.2884,242.4903,225.3159,236.2783,235.0354,235.4724,234.2861,244.0354,246.4171,246.9192,243.5027,258.3168,229.4824,229.9884,229.9519,259.7337,255.9271,255.3400,252.3591,233.5334,250.0993,234.3132,257.4788,265.9095,247.8318,249.2508,266.6677,261.7337,241.6511,256.9526,256.2855,230.0072,261.3386,260.0962,247.4888,263.5287,253.2231,256.0141,248.4586,235.0387,259.5368,235.8129,251.6953,252.4376,252.8013,258.2569,258.4802,256.7859,251.9997,252.4751,258.0571,253.5551,254.0376,263.0311,255.6747,254.3100,252.4690,242.8306,226.5634,228.5287,258.5716,256.3899,248.0295,230.4178,237.7048,233.5916,233.7040,234.2480,234.5461,234.9244,234.6408,234.1465,256.5960,234.3861,234.1430,233.8940,230.8875,229.1327,249.5135,250.8364,243.6288,0.0000,247.8767,251.5429,234.5925,234.5603,254.2655,241.5602,241.2086,246.4235,251.2403,251.7750,233.1058,235.0270,261.7132,256.1262,236.3315,240.5544,237.2324,236.3347,252.6360,232.8608,248.4611,255.3656,234.5262,235.0260,228.7381,240.4930,237.8192,258.5498,248.7683,237.9472,237.9895,227.6117,231.6459,244.0433,253.5843,230.2532,238.3316,234.1702,234.7434,234.8853,242.7061,241.0222,241.4265,233.3785,233.3801,255.3517,230.4441,233.8631,232.2090,250.8733,251.7692,263.9408,265.0983,260.5252,229.8681,237.7106,230.9273,234.0139,233.3110,233.0451,232.1977,248.9722,0.0000,245.0390,231.7738,259.9772,259.5826,232.3071,232.1031,257.7013,236.1406,234.4317,261.6758,256.2818,242.9956,256.4206,272.7472,242.2154,259.3887,274.5717,274.6853,260.0364,254.4785,231.5785,258.9725,258.8760,255.4917,261.6237,254.3215,240.7000,245.9365,246.4195,266.9905,273.5122,244.9664,256.4477,258.2899,258.3720,257.4258,255.3517,258.2450,257.3179,258.4491,258.3906,258.1631,254.3203,234.3861,229.1366,232.1985,0.0000,238.3228,234.0924,238.3229,233.3758,233.3733,232.9404,236.3794,241.7379,259.8189,229.9908,242.3389,241.5598,242.4210,237.3035,236.5676,253.5069,234.3864,237.3033,245.2722,256.8961,256.7070,257.1737,261.4631,248.9722,255.7890,248.9722,251.8750,252.4922,230.3428,236.2919
8.0000,256.8077,229.5348,229.6260,231.7354,228.1320,241.8023,240.1907,256.8674,233.9663,258.4996,248.2581,257.1700,233.8054,240.3216,232.5084,231.4076,238.4039,237.4025,242.4977,225.1803,236.1641,234.8957,235.3402,234.1960,243.8670,246.2221,246.7242,243.3392,258.0586,229.4010,229.8946,229.8575,259.4612,255.6886,255.1024,252.1164,233.4243,249.8846,234.2069,257.2347,265.6489,247.5817,248.9530,266.4056,261.4631,241.7242,257.0447,256.3696,230.0072,261.3462,260.1284,247.5051,263.5039,253.2637,256.0756,248.4658,235.1671,259.6026,235.8598,251.5277,252.5248,252.8907,258.3214,258.5468,256.7859,252.0674,252.5384,257.9972,253.6671,254.1661,263.0559,255.7881,254.2775,252.5561,242.8880,226.4982,228.4978,258.3124,256.1398,247.8220,230.3224,237.8286,233.4824,233.5949,234.1416,234.4408,234.8146,234.5310,234.0395,256.3067,234.2901,234.0393,233.7924,230.8048,229.0562,249.2909,250.5773,243.4884,0.0000,247.6432,251.2996,234.4865,234.4702,254.0306,241.5664,241.2144,246.4811,251.3210,251.8592,233.0302,234.9279,261.7470,255.8744,236.2277,240.4400,237.0763,236.5425,252.3917,232.7620,248.4613,255.4333,234.4190,234.9157,228.6608,240.5547,237.6777,258.2906,248.8502,238.0000,238.0423,227.5618,231.6270,243.8722,253.3105,230.1566,238.1336,234.0623,234.6334,234.7729,242.7988,240.8830,241.2792,233.3135,233.3150,255.4159,230.3553,233.8310,232.1901,250.9431,251.8366,263.6040,264.7537,260.2058,229.7773,237.6274,230.8369,234.1269,233.3665,232.9523,232.1017,249.0568,0.0000,244.9864,231.6843,260.0095,259.6168,232.2098,231.9947,257.4519,236.0521,234.3355,261.6335,256.2818,242.9949,256.4184,272.6461,242.0615,259.1121,274.2310,274.2926,259.7622,254.2000,231.5611,259.0356,258.9339,255.5709,261.6035,254.3672,240.5739,245.7728,246.2260,266.6394,273.1690,244.8029,256.6304,258.3857,258.4662,257.5037,255.4159,258.3407,257.2955,258.3709,258.4852,258.2644,254.4114,234.2901,229.0601,232.1026,0.0000,238.4168,233.9844,238.4169,233.3130,233.3115,232.8459,236.5418,241.7815,259.5588,229.8970,242.3424,241.5660,242.4284,237.3970,236.4474,253.4329,234.4486,237.3969,245.0918,256.8961,256.4536,256.9193,261.1920,249.0568,255.9970,249.0568,251.9973,252.5673,230.2769,236.3408
9.0000,250.3541,227.5655,227.6622,229.5365,225.9335,234.8846,233.3526,253.7360,231.9755,255.7755,245.6569,254.4986,231.9306,237.2969,232.2808,230.9714,237.6797,236.6100,241.3041,223.1935,232.4922,231.3439,231.8088,231.4784,235.7935,237.7673,238.1958,239.7812,255.4944,227.4305,227.9163,227.8859,256.8852,249.1891,248.6813,249.4969,231.4350,243.6587,232.1918,250.7723,259.0140,244.0782,246.2682,259.7552,258.8777,241.5108,256.0888,255.4124,230.0072,260.9338,259.7977,247.3476,262.8272,252.3911,255.7150,248.3009,234.0056,259.1134,235.6617,250.9455,251.5584,251.9310,257.7505,257.9785,256.1762,251.1167,251.6075,257.0703,252.7192,253.2270,262.4526,254.7521,253.6173,251.5899,242.6704,224.6404,226.6705,255.7565,253.5430,242.4032,228.2763,237.0390,231.4934,231.6171,232.1571,232.4618,232.8286,232.5423,232.0620,252.9634,232.3859,232.0531,231.8396,228.9539,227.2070,245.4742,246.5093,239.9437,0.0000,245.1128,248.7054,232.5051,231.7909,247.2010,240.3030,239.9591,245.3796,250.3750,250.8878,231.5053,233.0241,261.1315,253.2801,234.3179,233.7635,232.7003,234.0368,244.8555,230.7506,248.2842,254.4760,232.4349,232.9235,226.7321,240.3497,235.1147,255.5749,247.8415,237.8014,237.8437,225.7106,230.4871,229.5464,249.5807,228.1788,235.5915,232.0815,232.6454,232.7811,242.5826,233.9951,234.3777,231.0086,230.1325,254.4544,228.3015,232.4557,231.3568,250.0181,250.8753,260.2745,261.5590,256.8779,227.8009,235.7674,231.1335,233.6872,233.0944,231.0259,230.0866,248.0489,0.0000,243.8241,229.4960,259.6742,259.2415,230.1996,229.9957,254.8114,234.1662,232.4320,261.3765,256.2818,241.8049,256.4050,272.8156,238.7458,252.9184,269.8960,270.5021,257.1816,250.5828,230.9637,258.5220,258.4257,254.7985,261.6658,253.5509,233.7707,238.0850,237.7956,261.1689,268.6457,236.6826,255.7324,257.4299,257.5087,256.5355,254.4544,257.3850,256.3581,257.4265,257.5282,257.3198,253.4528,232.3859,227.2109,230.0873,0.0000,237.8112,231.9936,237.8112,231.2892,231.4625,230.9400,235.5404,240.7935,256.9927,227.9187,241.1506,240.3026,241.2337,236.9639,234.0650,252.7967,233.9982,236.9639,237.8334,256.8961,253.8661,254.3437,258.6073,248.0489,255.1190,248.0489,251.0021,251.6134,228.2262,236.1408
10.0000,253.1684,228.6638,228.7695,230.5383,226.8390,237.2255,235.7303,256.0203,233.1413,258.0104,247.4588,256.6709,233.1291,238.7333,232.4364,231.2635,238.2802,237.1393,242.0781,224.3162,233.6137,231.7516,232.3744,232.4598,238.5379,240.7658,241.2523,241.4819,257.6349,228.5219,229.0140,228.9810,259.0566,252.0725,251.4539,251.4282,232.5983,246.1659,233.3433,253.5971,262.0454,246.1173,248.1280,262.8053,261.1004,242.1141,257.0725,256.3924,230.0072,261.4598,260.2117,248.1947,263.4343,253.2528,256.5554,249.1841,234.6144,259.6958,236.2703,252.1015,252.4109,252.7867,258.3762,258.6099,256.7859,251.9190,252.4177,257.9950,253.6189,254.1514,263.1198,255.8526,254.6586,252.4429,243.1277,225.6723,227.7710,257.9124,255.6228,244.7072,229.3522,237.5701,232.6581,232.7843,233.3256,233.6355,234.0201,233.7211,233.2329,255.2493,233.5268,233.1891,232.9589,230.0001,228.2458,247.5982,248.7383,241.6568,0.0000,246.8722,250.6041,233.6701,232.8140,250.1271,241.0842,240.7372,246.1871,251.1984,251.7307,232.3904,234.1829,261.8084,255.3469,235.5004,236.0214,233.7081,234.8564,247.8729,231.8552,249.1690,255.3780,233.5948,234.1006,227.8096,240.9234,236.4208,257.7998,248.6562,238.3836,238.4259,226.7727,230.7296,234.0879,251.8564,229.2836,236.8917,233.2508,233.8213,233.9572,243.2109,236.3409,236.7196,231.8659,231.0518,255.3573,229.2204,233.0054,231.6706,250.8149,251.6799,262.8689,264.1947,259.3266,228.8970,237.0771,230.8098,234.1930,233.3647,232.0908,231.1710,248.8641,0.0000,244.6329,230.4985,260.0876,259.6853,231.2896,231.0839,256.9733,235.3878,233.5749,261.7497,256.2818,242.5819,256.4245,273.1502,240.3277,255.8566,273.0631,273.5388,259.3536,252.8669,231.3437,259.1055,259.0033,255.5433,261.7949,254.3110,236.1223,240.8053,240.7857,264.2214,271.8033,239.4226,256.6373,258.4095,258.4886,257.4566,255.3573,258.3638,257.2782,258.3917,258.5086,258.2947,254.3426,233.5268,228.2497,231.1719,0.0000,238.4569,233.1599,238.4569,232.1174,232.2693,232.0393,236.0475,241.5180,259.1614,229.0164,241.9226,241.0838,242.0078,237.6073,235.3205,253.8732,234.3013,237.6073,240.4431,256.8961,255.9529,256.4444,260.8219,248.8641,255.9819,248.8641,251.8252,252.4098,229.2984,236.7392
11.0000,253.2061,229.8611,229.9955,231.3370,227.2318,236.2037,234.6832,257.7907,234.5388,260.0519,249.0321,258.6409,234.3973,239.9800,232.6878,231.6026,239.2047,237.9964,242.9481,225.6033,233.5934,231.6198,232.2947,232.7672,237.1575,239.2411,239.7121,242.4939,259.8513,229.7043,230.3025,230.2886,261.3041,252.1042,251.4364,253.1978,233.9790,245.9464,234.6604,253.6482,262.3669,247.2701,249.6750,263.1511,263.4097,242.7378,257.9086,257.1909,230.0072,261.8342,260.5453,249.1705,263.7108,254.0306,257.4617,250.2346,235.6255,260.2125,236.9166,253.0566,253.2117,253.5875,258.9277,259.1641,256.7859,252.6891,253.1742,258.8430,254.5159,255.1147,263.6597,256.6876,255.5269,253.2436,243.5664,226.8285,228.9975,260.1754,257.6513,244.8580,231.6797,238.4485,234.0406,234.1625,234.7352,235.0569,235.4565,235.1341,234.6345,256.8331,234.8531,234.4884,234.2260,231.1930,229.4247,248.6117,249.6954,242.6694,0.0000,248.4685,252.3513,235.0267,233.1255,249.9438,241.9223,241.5704,247.0124,251.9862,252.5316,233.4036,235.5339,262.3799,257.3713,236.8805,235.0190,233.3699,236.2493,247.2521,233.2013,250.2208,256.2113,234.9571,235.5107,228.9903,241.5111,237.7374,259.8299,249.4706,238.9881,239.0305,227.9546,231.0341,230.2485,253.1111,230.5865,238.3603,234.6374,235.2233,235.3585,243.8514,235.3296,235.7025,232.5954,231.7085,256.1876,229.7912,233.5896,232.0080,251.5817,252.4541,264.7535,266.2160,261.0611,230.1598,238.6965,230.5354,234.8733,233.7743,233.3057,232.5006,249.6815,0.0000,245.5758,231.3083,260.4231,260.0581,232.6211,232.3962,259.0236,236.8632,234.9050,261.9196,256.2818,243.4575,256.4334,273.6769,241.4498,256.1744,274.8988,275.6761,261.5983,254.2188,231.7825,259.6216,259.5078,256.2215,262.0188,254.8653,235.0880,239.5237,239.2689,265.2172,273.5152,238.0134,257.4856,259.2670,259.3468,258.3220,256.1876,259.2208,258.1286,259.2424,259.3675,259.1590,255.1590,234.8532,229.4286,232.5016,0.0000,239.4276,234.5579,239.4277,232.9058,233.0926,233.2934,237.0232,242.4237,261.4227,230.3048,242.8048,241.9218,242.8833,238.6198,236.6120,254.7682,234.7917,238.6197,239.5304,256.8961,258.0263,258.5642,263.1209,249.6815,256.8230,249.6815,252.6833,253.1924,230.5979,237.3711
12.0000,257.2442,231.2992,231.4624,232.6185,228.3434,239.5281,237.9124,260.9449,235.9969,263.1756,251.4783,261.6612,235.7951,242.1469,232.9130,231.9975,239.9299,238.6790,243.7114,227.0791,235.4396,233.2914,234.0006,234.1976,241.0015,243.2143,243.7217,244.9594,262.8803,231.1234,231.6407,231.6092,264.4066,256.1901,255.3839,255.8725,235.4459,249.4509,236.1519,257.7097,266.8919,250.0279,252.1869,267.7180,266.5943,243.4746,258.7404,258.0211,230.0072,262.2161,260.8507,250.3146,263.8189,254.7670,258.4377,251.4769,236.4455,260.7358,237.6412,253.8584,254.0148,254.3949,259.4760,259.7163,256.7859,253.4324,253.9023,259.7377,255.3265,255.9290,264.1628,257.4429,256.2771,254.0467,244.0254,228.1609,230.3522,263.2325,260.5550,248.0760,231.9874,239.1528,235.5093,235.6179,236.1957,236.5262,236.9609,236.6297,236.0983,259.9167,236.3412,235.9525,235.6374,232.5028,230.7405,251.4885,252.7112,245.1280,0.0000,250.8618,254.9718,236.5410,234.5737,254.0869,242.7524,242.4038,247.8141,252.7604,253.3271,234.5489,237.0642,262.9198,260.2614,238.4782,238.1447,235.4216,237.4837,251.5319,234.4718,251.4549,257.0387,236.4556,237.0529,230.3772,242.1837,239.6333,262.9371,250.2496,239.6694,239.7120,229.2818,231.4404,236.5040,256.1550,231.9435,240.3907,236.1166,236.7310,236.8857,244.6452,238.6703,239.0314,233.6706,232.7795,257.0138,231.0615,234.2899,232.4159,252.3271,253.2026,268.0464,269.5258,264.2751,231.5176,240.4584,230.3805,235.4808,234.1534,234.6207,233.7212,250.4596,0.0000,246.3813,232.5870,260.7321,260.4132,233.8512,233.5882,262.0275,238.4949,236.3964,262.0184,256.2818,244.2174,256.4386,274.1444,243.7837,260.3139,278.9978,279.5311,264.7006,257.2732,232.2882,260.1397,260.0071,256.9003,262.2432,255.3996,238.2984,243.1548,243.2301,269.4551,277.6420,241.8553,258.2937,260.1020,260.1826,259.1658,257.0079,260.0556,259.0014,260.1395,260.2036,259.9908,255.9741,236.3412,230.7445,233.7223,0.0000,240.0872,236.0173,240.0873,233.9469,234.0966,234.6854,237.7212,242.9871,264.5145,231.6429,243.5748,242.7520,243.6388,239.2773,238.3495,255.5343,235.1971,239.2772,243.1837,256.8961,260.9533,261.5186,266.2923,250.4595,257.6561,250.4590,253.4540,253.9361,231.9600,238.0795
13.0000,266.4468,239.5853,239.7882,240.9783,236.4097,246.9169,245.0804,271.9456,244.8308,274.5774,261.4297,272.9221,244.8014,250.5444,240.4739,239.6062,248.2271,246.8646,252.1067,235.5986,243.4089,241.5493,242.2137,242.1809,248.3693,250.4141,250.9264,253.6560,274.1274,239.3730,240.1720,240.1530,275.8566,265.3132,264.4610,266.4663,244.2341,257.9742,244.8428,266.9447,276.7703,259.9838,262.0510,277.6544,278.2204,251.2642,267.4378,266.6044,237.2394,266.3441,264.2775,258.4252,267.7044,262.2843,265.2038,259.6044,244.5527,265.6915,245.3246,260.2534,262.6040,262.9968,264.9675,265.1708,259.2295,261.2532,261.5121,268.5176,264.1770,264.9519,269.7573,266.4783,263.3489,262.6361,251.4995,236.0050,238.2918,274.5109,271.5679,256.7404,241.6823,247.4282,244.3019,244.4243,245.0622,245.4254,245.8621,245.4968,244.9551,270.6538,245.1032,244.6253,244.2746,240.8841,238.9247,261.5176,262.4005,253.8391,0.0000,260.7532,265.5060,245.2963,242.5201,263.0010,251.0909,250.7239,256.8036,261.3187,261.9458,242.7715,245.9181,268.6520,271.2805,247.4504,245.4116,243.4887,246.7209,260.0840,243.2234,259.5043,265.6475,245.2220,245.8508,238.4926,249.8029,248.1248,274.3165,259.5497,247.2512,247.2951,237.1668,238.3288,242.7549,266.3003,240.5093,248.7325,244.9296,245.5808,245.7529,252.4507,245.5616,246.0970,241.6620,240.7407,265.6016,239.2932,241.8935,239.8111,260.4826,261.0806,279.9096,281.6703,275.6442,239.9808,249.8135,237.3114,243.6165,241.9392,243.1526,242.4348,259.7507,0.0000,254.9451,240.9553,264.1939,264.2358,242.5797,242.2920,273.2851,247.5488,245.1658,263.8119,256.2818,252.6385,256.5322,274.2761,252.3510,270.0138,291.6011,292.4906,276.1732,267.5819,239.9845,265.2081,265.0013,263.9705,262.3855,261.3459,245.5194,250.4606,250.4337,280.3731,289.9969,249.1688,267.1068,268.8860,268.9670,267.9030,265.4132,268.8377,267.7261,268.9368,268.9887,268.7867,264.6264,245.1032,238.9288,242.4361,0.0000,248.3743,244.8523,248.3743,241.9508,242.1113,243.2643,245.8625,251.3495,275.9584,240.1742,251.9834,251.0900,252.0365,247.5363,246.9345,262.2233,243.0045,247.5362,250.9476,257.4964,272.0336,272.6292,277.8940,259.7489,266.4391,259.7248,262.8768,261.7706,240.6943,245.7504
14.0000,267.1549,239.1688,239.4072,240.4857,235.8528,246.7704,244.9299,272.5331,244.2938,275.0676,261.3519,273.2475,244.3561,250.2476,239.7042,239.0871,246.9072,245.8751,250.3648,235.1133,242.8591,240.4156,241.2389,241.6904,248.2937,250.4574,251.0057,253.4586,274.5207,238.9361,239.6984,239.6903,276.2678,265.9882,265.0361,266.5393,243.6978,258.1028,244.3222,267.6880,278.2203,260.1401,262.0037,279.1682,278.6453,250.0209,263.5813,262.7064,236.5301,264.7727,262.9521,257.5739,265.3707,259.2792,263.8421,258.8580,243.7626,263.9272,244.1162,255.6913,259.3659,259.7387,262.9538,263.1813,256.7859,258.5179,258.7573,264.9095,260.9051,261.7179,267.6789,262.8200,259.3661,259.3978,250.1372,235.4880,237.8132,274.9340,271.8724,256.8035,240.8951,246.4727,243.7640,243.8770,244.5179,244.8712,245.3514,244.9809,244.4032,271.1764,244.5931,244.1048,243.7675,240.2786,238.3509,261.7169,262.6758,253.6159,0.0000,260.6587,265.5603,244.7436,242.0337,263.5632,249.3189,248.9687,254.0011,258.1976,258.7229,242.3788,245.4718,266.5663,271.5674,247.0948,245.1368,242.5756,245.2096,260.4431,242.6760,258.7110,261.8995,244.7015,245.3090,238.0158,248.5597,247.7339,274.7803,256.2694,246.0300,246.0737,236.6416,237.6221,242.7549,266.7651,240.0516,248.3677,244.3766,245.0708,245.2565,251.2120,245.5967,246.0684,241.4884,241.4901,261.8188,238.8936,241.1232,239.0706,257.6655,258.3367,281.0111,282.8594,276.4802,239.5160,248.9991,236.6486,242.9162,241.2122,242.6299,241.8841,256.4026,0.0000,253.1243,240.4625,262.8494,262.7546,242.0313,241.7459,273.7101,246.8927,244.6533,263.2657,256.2818,250.8913,256.5037,276.1425,252.1065,270.8808,293.6282,294.5940,276.5858,268.0833,239.4842,263.3628,263.1671,261.3327,263.2580,258.7334,245.3423,250.4031,250.4738,281.7913,291.9364,249.1227,263.6080,265.0293,265.1052,264.0057,261.1383,264.9848,264.0440,265.3247,265.1280,264.8747,261.1733,244.5931,238.3550,241.8854,0.0000,246.9419,244.3160,246.9420,241.5605,241.6421,242.7289,245.0102,249.7243,276.3630,239.7005,250.2379,249.3180,250.2973,246.1088,246.4953,257.5663,242.1482,246.1087,250.9143,256.8961,272.3490,272.9658,278.3169,256.3926,262.9655,256.2924,259.5251,259.0373,240.0450,244.5314
15.0000,268.3918,239.1784,239.4456,240.4186,235.9256,246.7791,245.3180,270.4796,244.2039,274.1309,260.8499,272.2672,244.3516,249.9973,239.4879,238.9397,246.6103,245.6570,248.4070,235.1815,242.8150,240.8113,241.4489,241.5852,248.3007,251.0155,251.4923,253.1304,273.9311,238.9231,239.6709,239.7187,275.6359,268.0537,266.0173,265.8050,243.6000,258.0403,244.1487,268.9880,280.7901,259.3978,261.4769,281.8528,278.0062,248.3073,258.4094,257.5517,236.2969,263.0305,261.4612,255.8847,264.2631,255.6717,262.0959,257.2167,243.6083,261.6201,242.4425,249.9207,254.9117,255.2304,260.3267,260.5669,256.7859,255.1108,255.4535,260.0640,256.2492,256.9942,265.3979,258.0084,254.6022,254.9423,248.5042,235.3607,237.7601,274.3689,271.1907,256.4946,240.7553,246.2958,243.6682,243.7790,244.4364,244.7994,245.2683,244.8930,244.3199,269.4411,244.3934,243.9081,243.5393,239.9304,238.0816,260.8955,261.7269,253.2803,0.0000,260.1583,264.9490,244.6307,241.9342,265.4168,247.2399,246.9151,250.2162,253.9670,254.3066,242.4084,245.3407,264.1519,270.9302,247.0236,245.7231,243.0660,246.2167,261.9034,242.5415,257.0726,256.9379,244.5408,245.1040,237.9729,246.9023,247.5590,273.8366,251.6855,244.3867,244.4301,236.5528,237.6221,242.7549,265.4141,240.0396,248.3555,244.2864,244.9684,245.1750,249.4912,245.6112,246.0565,241.1599,241.1617,256.8514,238.8936,240.6314,238.7233,254.0131,254.9020,277.1773,277.1773,273.6664,239.4919,248.8734,236.1315,242.8351,241.0174,242.3887,241.7437,251.6958,0.0000,251.0818,240.3969,261.3456,261.1135,241.9022,241.5853,272.9883,246.7127,244.4554,262.5487,256.2818,248.9222,256.4663,277.6220,251.8132,272.6657,293.5383,290.2570,275.9523,266.6107,239.3628,260.9796,260.8371,257.7727,263.7640,256.5368,245.7480,250.8530,251.0281,283.1341,292.0818,249.1269,258.7397,259.8127,259.8876,258.8668,255.7919,259.7729,259.1432,260.4661,259.9091,259.6452,255.8694,244.3934,238.0857,241.7452,0.0000,246.4735,244.2264,246.4734,241.2122,241.2858,242.4758,244.8586,248.2590,275.7632,239.6729,248.2818,247.2390,248.3188,245.8614,246.2938,251.6361,241.9311,245.8613,250.8246,256.8961,271.7223,272.3445,277.6787,251.6661,258.1779,251.4775,254.6975,255.6134,240.2501,242.8587
16.0000,273.5688,240.5279,240.8335,241.5771,236.9922,249.2113,247.3054,273.2972,245.5368,276.9656,263.0420,275.0100,245.7791,251.7869,239.8188,239.3789,247.0965,246.2986,247.6519,236.6143,244.4188,242.6811,243.2662,242.7721,252.1122,255.0237,255.6855,255.3397,276.6624,240.2481,240.9691,241.0465,278.4763,273.2086,270.8709,268.2351,244.9254,261.6932,245.3845,274.2446,287.6490,262.1000,263.7207,288.8565,280.9721,247.7334,255.6607,254.7967,236.5089,262.1598,260.6916,255.3096,263.8028,253.8970,261.2123,256.6568,244.4944,260.3278,241.9016,252.7184,252.2874,252.5539,258.8144,259.0319,256.7859,253.2797,253.7039,257.3167,253.5368,254.2563,264.3170,255.0637,252.7260,252.3183,248.0154,236.5327,238.9960,277.1187,273.8155,259.6878,242.1766,246.9408,244.9974,245.1239,245.7803,246.1571,246.6251,246.2371,245.6722,272.2782,245.5936,245.1009,244.7276,240.9322,239.1452,263.7279,264.6169,255.5138,0.0000,262.3185,267.3338,245.8776,243.1628,270.4107,246.4038,246.1176,248.0623,251.4939,251.6850,243.3774,246.6203,262.9845,273.5480,248.3834,247.1109,245.0414,248.2947,266.6053,243.7726,256.5116,254.1767,245.8029,246.3666,239.2662,246.3712,249.1191,276.6567,248.9090,243.8647,243.9080,237.7604,237.6221,252.1237,268.2427,241.3609,250.0003,245.6160,246.2980,246.5271,248.8975,244.9714,246.5798,241.3205,240.4004,254.1144,239.9710,240.7057,238.8452,251.9986,253.0479,280.6473,280.6474,276.8302,240.7966,250.1704,236.2187,243.1434,241.3139,243.4727,242.9424,248.8207,0.0000,250.3169,241.5553,260.5664,260.2523,243.1126,242.7944,275.6774,247.9340,245.6582,262.3448,256.2818,248.1644,256.4557,278.7248,253.8368,278.2659,300.6409,295.1832,278.7946,269.4320,239.8796,259.6283,259.5211,255.6960,263.9695,255.3586,247.7604,253.9176,255.0067,289.3299,299.0393,252.9737,255.8715,257.0707,257.1445,256.1306,252.9093,257.0313,256.4026,257.7194,257.1664,256.9748,252.5644,245.5936,239.1493,242.9441,0.0000,246.5756,245.5597,246.5755,241.5329,241.6936,243.6150,245.6566,247.7604,278.5540,240.9710,247.5300,246.4025,247.5704,245.9633,247.7311,250.2517,242.3844,245.9632,254.4480,256.8961,274.3703,275.0132,280.6248,248.7700,255.2714,248.5311,251.8336,253.8002,241.7578,242.3193
17.0000,275.5416,242.0267,242.3536,242.5799,237.2892,249.7889,247.7525,275.5332,247.1062,279.2608,264.9721,276.9042,247.3003,253.4024,239.1942,237.6502,249.8171,249.2271,247.9935,238.5443,245.1921,243.4679,244.0443,243.5749,252.8593,255.8872,256.6195,256.9590,279.2604,241.7236,242.6488,242.9045,283.6346,275.0933,272.6602,270.3489,246.4939,263.0488,246.8616,276.2826,291.0085,264.0392,265.6533,292.3354,286.1893,247.7327,254.5147,253.6151,236.3837,261.8741,260.3877,255.6201,263.8029,252.9294,261.3002,257.0358,246.9651,260.0087,241.8801,249.5546,251.2574,251.4797,258.3490,258.5876,256.7859,252.6106,253.0209,256.2758,252.5482,253.3246,264.0636,254.0683,250.6588,251.2887,247.7738,238.0383,240.6418,279.7569,276.1907,261.1337,242.8838,249.8742,246.5710,246.7084,247.3690,247.7723,248.2331,247.8334,247.2753,274.5190,247.0880,246.5362,246.1504,242.2050,240.4947,265.6309,266.4944,257.1273,0.0000,264.2564,269.4349,247.4243,243.9889,272.1630,246.5301,246.2366,247.4572,250.5417,250.6688,244.6570,248.1875,262.6502,275.9305,250.0200,247.4530,245.9167,251.4206,268.1113,245.1228,256.8702,253.0999,247.3290,247.9208,240.7841,246.3270,250.7458,278.8893,247.9554,243.8257,243.8690,239.3265,237.6221,252.8710,270.2948,243.0738,251.9232,247.2139,247.8873,248.1482,248.9764,244.8090,246.7126,242.3153,241.7783,253.0553,240.9733,241.0554,238.9789,251.2430,252.3788,283.8561,283.8562,279.6089,242.6504,251.9422,236.0612,242.6888,240.7820,244.8035,244.2343,247.8319,0.0000,250.7002,242.5642,260.2657,259.9778,244.4185,244.1011,278.0724,249.5590,247.1569,262.1495,256.2818,248.5233,256.4454,279.4847,255.4588,280.2726,303.7223,300.0287,283.7178,271.5403,237.5450,259.2540,259.1321,254.9382,263.7350,254.9214,248.2354,254.5995,255.8650,291.6877,302.0227,253.7198,254.7440,255.9249,256.0042,255.0323,251.8378,255.8860,255.3663,256.6780,256.0253,255.8972,250.8938,247.0880,240.4988,244.2363,0.0000,248.7533,247.1302,248.7530,242.4419,242.5642,245.0092,248.3435,248.6963,281.9944,242.6504,247.8734,246.5283,247.9141,248.2608,249.2585,247.0463,249.2271,248.2608,255.4081,256.8961,276.8074,277.5007,285.7946,247.7728,254.1571,247.5290,250.7976,253.1165,243.7757,242.2850
18.0000,277.8749,242.5277,242.8830,242.7838,237.1059,249.0686,246.8779,283.8294,247.7045,288.5014,273.2944,286.0964,247.9654,255.9212,239.3073,237.7827,249.8813,249.3165,247.8638,238.9262,245.0654,243.7520,244.1944,243.5761,251.6422,254.6202,255.3717,260.3336,288.8941,242.2097,243.1244,243.4009,293.4651,277.1477,274.7455,279.3487,247.1113,264.6221,247.4659,278.6657,294.4032,270.9408,273.5673,295.8215,296.1742,248.0735,254.0934,253.1970,236.4738,261.8560,260.3764,256.1636,263.8062,252.0472,261.5926,257.6281,247.2066,259.9750,242.1755,243.1058,250.8498,251.0634,258.2257,258.4679,256.7859,252.2420,252.5964,255.9088,252.1276,252.9015,263.9630,253.7171,247.9715,250.8815,247.9401,238.4960,241.1717,289.4360,285.5504,263.5873,243.6317,249.8677,247.1926,247.3872,247.9547,248.3638,248.8539,248.4445,247.9091,282.1777,247.3317,247.0336,246.2351,242.3558,240.7522,272.2697,271.9935,260.4820,0.0000,273.5514,278.6816,248.1375,244.0268,273.6632,246.3723,246.0797,247.1047,250.1325,250.2521,244.6991,248.4787,262.5094,285.3683,250.4068,246.5108,245.9079,250.7208,268.5243,245.5851,257.4505,252.6986,247.8723,248.4496,241.2694,246.6240,252.4061,288.1217,247.5116,244.1150,244.1584,239.8332,237.6221,242.3125,276.7818,243.5633,253.6552,247.9762,248.4876,248.7707,249.3803,245.0055,246.5519,242.1844,241.2607,252.6596,241.1818,240.9843,238.9714,250.8728,252.0108,292.3199,292.3200,287.6978,243.1260,252.4313,236.1499,242.9016,240.9417,244.9256,244.6606,247.3745,0.0000,250.6248,242.7741,260.2474,259.9281,244.8567,244.5431,287.4020,249.9244,247.4036,262.1495,256.2818,248.4005,256.4454,281.7001,258.4469,282.7405,307.2347,309.9918,293.5428,278.3633,237.6774,259.1807,259.0455,254.6722,264.4155,254.6608,247.3678,253.5294,254.6046,294.9590,305.5186,252.5177,254.4122,255.4969,255.5798,254.6618,251.4407,255.4581,254.9952,256.3114,255.5999,255.4701,250.1896,247.3318,240.7563,244.6628,0.0000,248.7637,247.7290,248.7634,242.3939,242.5037,245.1496,248.5245,248.6230,291.7556,243.1260,247.7408,246.3701,247.7866,248.2713,250.5525,242.6416,249.3165,248.2713,255.3065,256.8961,286.2932,287.0161,295.7539,247.3122,253.8666,247.0653,253.3183,252.7469,244.0519,242.5742
19.0000,271.9408,243.0881,243.4689,243.2105,237.2848,249.4794,247.5618,291.2364,248.3380,296.7504,280.7712,294.2847,248.2485,257.8460,239.5992,238.0359,250.5986,249.9307,248.1308,239.6054,245.5214,244.8648,245.0444,243.9764,252.2016,255.1743,255.8563,263.1763,297.4664,242.7556,243.7001,244.0201,302.0612,272.6342,270.8620,287.3398,247.7473,265.4223,248.0847,272.7413,288.6888,277.0780,280.7058,290.1262,304.9285,248.4869,253.9259,252.9971,236.6594,261.9893,260.5009,256.8092,263.9500,251.8747,262.0217,258.3491,247.8109,260.1578,242.5585,241.5702,250.8331,251.0370,258.3483,258.5965,256.7859,252.2689,252.5970,255.8817,252.1673,252.9956,264.0745,253.7560,247.1111,250.8649,248.1577,239.0367,241.7853,298.0480,293.9252,265.6942,244.2815,250.4537,247.8300,248.0375,248.6022,249.0313,249.5081,249.0926,248.5710,288.9461,247.7109,247.5755,246.4379,242.6410,241.1259,278.1379,276.8464,263.3538,0.0000,281.8824,286.9237,248.8443,244.4434,270.1415,246.5475,246.2448,247.1852,250.1339,250.2449,244.6580,248.9071,262.6157,293.7945,250.9232,247.4195,247.0186,252.4240,266.9781,246.1185,258.1739,252.6279,248.4711,249.0526,241.8241,246.9913,253.7123,296.3612,247.5494,244.4809,244.5243,240.4329,237.6221,242.7549,282.5020,244.1596,254.8838,248.7179,249.1301,249.4351,249.8552,244.9036,246.6352,242.4393,241.5148,252.5844,241.6076,241.0722,239.0844,250.8921,252.0396,299.6553,299.6554,294.7698,243.7015,253.0532,235.9965,243.5600,241.3568,245.1767,245.1668,247.4125,0.0000,251.1421,243.2027,260.3667,260.0369,245.3578,244.9501,295.7418,250.4426,247.7852,262.3062,256.2818,248.6992,256.4536,284.6905,260.8817,278.3027,303.1312,318.7492,302.1277,284.3816,237.9305,259.3296,259.1793,254.7227,265.6135,254.6792,248.0750,254.1719,255.1617,290.5439,301.3627,253.1156,254.3062,255.3350,255.4150,254.5043,251.3651,255.2970,254.9561,256.2853,255.4360,255.3291,250.0943,247.7109,241.1300,245.1693,0.0000,249.5843,248.3632,249.5840,242.6267,242.6762,245.4155,249.1405,249.0735,300.3955,243.7015,248.0073,246.5458,248.0520,249.2546,251.6419,241.0958,249.9307,249.2545,256.3364,256.8961,294.7562,295.4971,304.4811,247.3495,253.7836,247.1010,253.4556,252.7686,244.8044,242.9481
20.0000,271.9408,243.9823,244.3898,243.8746,237.7181,249.8488,248.1507,294.9674,249.2408,301.3841,285.2097,299.0032,249.2755,258.2783,239.9979,238.3470,251.6150,250.9224,248.7264,240.5598,245.8644,244.8938,245.1409,244.4457,252.6911,255.7216,256.3494,264.4410,302.7965,243.6351,244.5902,244.9628,307.7706,272.8867,271.2151,292.1110,248.6333,266.5265,248.8578,272.7770,289.4563,280.7539,284.9540,290.9597,310.7981,249.2715,254.4014,253.4565,236.9166,262.3571,260.7533,257.8311,264.3032,252.2110,262.9300,259.3866,248.7990,260.6203,243.3461,240.6454,251.4086,251.6077,258.8045,259.0631,256.7859,252.8334,253.1137,256.4424,252.7288,253.5590,264.6251,254.0493,246.6919,251.4406,248.7886,239.9070,242.7181,303.4221,298.9430,267.1501,245.3444,251.4843,248.7193,248.9625,249.5397,250.0019,250.4195,249.9961,249.5227,292.7627,248.4525,248.3257,247.0502,243.3132,241.8681,281.6581,279.7686,264.6443,0.0000,286.7702,291.8164,249.6576,244.9695,270.5166,247.0893,246.7852,247.7518,250.7060,250.8187,245.0034,249.6918,263.1489,298.8772,251.7495,248.3644,247.1482,253.6591,267.6087,246.9624,259.1873,253.1742,249.2784,249.8215,242.7119,247.7420,254.2674,300.9630,248.1279,245.2393,245.2828,241.3330,237.6221,242.7549,285.8431,245.0692,255.3262,249.6571,250.0135,250.3427,250.6671,244.8032,246.7173,242.8304,241.7783,253.1302,242.2722,241.3375,239.3201,251.4579,252.6045,304.0358,304.0359,298.8952,244.5916,254.0553,236.2001,244.1208,241.8220,245.8056,245.9891,247.9932,0.0000,251.8131,243.8717,260.6245,260.3509,246.1880,245.7754,300.5946,251.3108,248.5300,262.2952,256.2818,249.3019,256.4531,288.2458,261.7699,278.7465,304.5000,324.2682,307.8242,287.8615,238.2415,259.7768,259.6051,255.2396,267.0797,255.0457,248.6876,254.7935,255.7117,291.5466,302.6915,253.6483,254.8147,255.8324,255.9093,255.0220,251.9059,255.7947,255.5217,256.8524,255.9319,255.8269,250.6443,248.4526,241.8722,245.9919,0.0000,250.4791,249.2662,250.4788,243.0418,243.0840,246.0790,250.1419,249.7829,305.9106,244.5916,248.6000,247.0880,248.6511,250.1482,252.2914,240.1339,250.9224,250.1482,257.1188,256.8961,299.8986,300.6964,310.3230,247.9297,254.2796,247.6807,254.1579,253.3726,245.8113,243.7253
21.0000,271.9408,244.1111,244.5233,244.1075,237.9336,250.1246,248.3053,294.9674,249.5509,301.7799,285.6621,299.3878,249.5912,259.5672,240.0526,238.4282,251.7595,251.0348,248.4428,240.8063,246.2739,245.7691,245.9259,244.7214,252.9690,255.9300,256.5548,265.4389,303.4078,243.7568,244.7937,245.1518,308.4958,273.0004,271.3607,292.5837,248.9505,266.9205,249.1882,272.8021,289.9975,281.2634,285.3690,291.5474,311.5579,249.1364,254.2460,253.2874,236.9748,262.3531,260.7870,257.6006,264.2743,251.9771,262.7692,259.1571,248.8857,260.6047,243.2221,239.4906,251.3049,251.4945,258.7757,259.0321,256.7859,252.7255,252.9961,256.3330,252.6640,253.5295,264.5549,254.0835,246.0062,251.3367,248.7181,239.9346,242.7868,304.0477,299.4643,267.6729,245.4611,251.6034,249.0371,249.2670,249.8487,250.3125,250.7406,250.3178,249.8306,293.0610,248.6834,248.6194,247.2737,243.4614,241.9717,282.1871,280.2252,265.6010,0.0000,287.2697,292.3075,249.9700,245.2108,270.6849,246.9785,246.6970,247.6485,250.6028,250.7169,245.2932,249.9472,263.0772,299.4116,252.0212,248.5162,247.6762,253.8983,267.8882,247.1953,258.9342,253.0605,249.5860,250.1447,242.8014,247.6242,255.1696,301.3569,248.0179,245.1222,245.1658,241.3921,237.6221,242.7549,286.2411,245.2834,256.4206,249.9780,250.3371,250.6824,250.5171,245.0145,246.9519,243.0446,242.1178,253.0182,242.5029,241.3922,239.3710,251.3543,252.4969,304.5460,304.5461,299.3013,244.7950,254.3376,236.3649,244.0599,241.8370,246.0081,246.2034,247.8817,0.0000,249.8444,244.1039,260.6524,260.3450,246.4091,246.0028,301.0601,251.5685,248.7619,262.4277,256.2818,248.8329,256.4600,289.1906,262.9035,278.9914,305.3601,325.6302,308.5458,288.2346,238.3226,259.7550,259.5849,255.1811,267.5014,254.9753,248.8534,254.9748,255.9188,292.1157,303.5071,253.9241,254.6016,255.6688,255.7477,254.9052,251.8051,255.6314,255.4174,256.7418,255.7696,255.6468,250.5271,248.6834,241.9759,246.2062,0.0000,250.6708,249.5767,250.6705,243.2166,243.2393,246.2806,250.2420,249.6156,306.5716,244.7950,248.3007,246.9767,248.3635,250.4727,252.9684,239.0110,251.0348,250.4726,257.4706,256.8961,300.4515,301.2699,311.0766,247.8184,254.0874,247.5701,253.9691,253.2664,246.0493,243.6042
22.0000,271.9408,244.7376,245.1760,244.4398,238.1504,250.6979,248.8540,294.9674,250.0455,303.6339,287.8621,301.4588,249.9798,260.5578,240.4016,238.7121,252.5766,251.8673,249.0096,241.3350,246.8141,246.6997,246.6940,245.1699,253.5420,256.4698,257.0925,266.6055,306.0185,244.3702,245.2139,245.6012,311.4432,273.2461,271.6599,294.8429,249.4593,267.7116,249.7126,272.8322,290.6479,282.9164,287.5154,292.2538,314.6287,249.9892,255.1103,254.1513,237.2063,262.7799,261.1051,258.8030,264.5950,252.4909,263.7738,260.4080,249.6760,261.1078,244.0736,239.4694,252.0323,252.2407,259.2989,259.5537,256.7859,253.3569,253.5919,257.1636,253.4423,254.3254,265.1527,255.0194,246.1577,252.0650,249.3756,240.5147,243.4943,306.6898,301.8027,268.6038,244.6898,252.5154,249.5476,249.7845,250.3444,250.8165,251.2756,250.8449,250.3421,294.0803,249.1589,249.1180,247.6575,243.8881,242.4517,283.6460,281.4119,266.7891,0.0000,289.6545,294.6448,250.5205,245.6919,271.0558,247.4894,247.2045,248.3090,251.3085,251.4370,245.7851,250.4664,263.6695,301.8118,252.6422,249.0844,248.7989,254.7040,268.5027,247.5154,260.1914,253.8494,250.1033,250.6581,243.4151,248.4333,255.9934,303.2458,248.7508,245.9398,245.9835,242.0414,237.6221,242.7549,287.3518,245.7195,257.4261,250.5252,250.8721,251.2384,251.4000,245.6151,247.5340,243.3702,242.4473,253.7995,242.8308,241.6054,239.5700,252.0113,253.1304,306.0363,306.0364,300.5771,245.2152,254.7081,236.5624,244.5649,242.2539,246.3688,246.4735,248.6251,0.0000,250.5482,244.4339,260.9735,260.7098,246.6866,246.2433,303.1880,252.0027,249.2373,262.5063,256.2818,249.4287,256.4641,290.4054,263.9893,279.5410,307.2308,328.3207,311.4809,289.3195,238.6064,260.2528,260.0679,255.8186,267.8516,255.3989,249.4251,255.5742,256.4609,293.3502,305.2903,254.5101,255.5417,256.5347,256.6111,255.6963,252.5924,256.4967,256.2355,257.5796,256.6344,256.5318,251.3177,249.1589,242.4558,246.4763,0.0000,251.4241,250.0724,251.4237,243.5277,243.5292,246.6994,251.0659,250.2714,309.3467,245.2152,248.8424,247.4867,248.9172,251.2253,253.6612,238.8727,251.8673,251.2253,258.1526,256.8961,302.9006,303.7783,314.1258,248.5620,255.0300,248.3233,254.8646,253.9111,246.5704,244.4429
23.0000,271.9408,245.1660,245.6099,244.7294,238.3174,250.6606,248.8061,294.9674,250.5126,302.0104,286.0793,299.6569,250.5078,259.9318,240.4338,238.7241,252.7653,252.0450,249.1079,241.7772,246.9174,246.6765,246.7125,245.3314,253.4478,256.3928,257.0192,265.8416,302.8683,244.7942,245.6865,246.0721,304.7443,273.2513,271.5772,292.9343,249.9131,267.3558,250.0970,272.8512,291.0601,281.7117,285.8794,292.7016,308.0445,249.9400,255.1006,254.1122,237.2282,262.7300,261.0586,258.9459,264.5854,252.4335,263.8384,260.5882,249.9286,261.1175,244.0733,239.0821,252.0482,252.2403,259.3058,259.5632,256.7859,253.3626,253.5891,257.1201,253.5224,254.4606,265.1263,255.2124,245.9085,252.0809,249.2687,240.9213,243.8142,303.5458,299.3323,268.1093,245.5548,252.6466,250.0027,250.2427,250.8196,251.2970,251.7492,251.3122,250.8123,293.4101,249.7329,249.5275,248.1841,244.3641,242.9061,282.5505,280.6729,266.0518,0.0000,287.5916,292.5823,250.9268,245.8634,271.0704,247.6161,247.3452,248.3781,251.3311,251.4581,246.1890,251.0624,263.6483,299.2570,253.2336,249.0177,248.8282,255.0705,268.5463,247.9872,260.3586,253.8539,250.5458,251.1201,243.8366,248.3838,255.8474,301.5938,248.7872,245.9110,245.9547,242.4178,237.6221,242.7549,286.6411,246.1993,257.3594,250.9520,251.3330,251.6998,251.3330,245.5845,247.4998,243.5199,242.4000,253.8089,242.9851,241.7458,239.6538,252.0341,253.1392,305.4767,305.4768,299.9766,245.6878,255.6018,236.6458,244.5654,242.2798,246.8551,246.9463,248.6598,0.0000,250.6069,244.7263,260.9310,260.6883,247.1635,246.7114,301.0944,252.7310,249.8146,262.5658,256.2818,249.5195,256.4672,290.8752,263.2910,279.5642,307.4002,328.2280,305.1306,288.6194,238.6185,260.2609,260.0680,255.8447,267.9870,255.4063,249.3782,255.5075,256.3839,293.4627,305.4582,254.3961,255.4037,256.5298,256.6110,255.6960,252.6074,256.4917,256.2198,257.5354,256.6329,256.5068,251.3300,249.7329,242.9102,246.9492,0.0000,251.5851,250.5396,251.5847,243.7338,243.7839,247.2207,251.2898,250.3899,305.0861,245.6878,248.9051,247.6125,249.0005,251.3862,253.6806,238.4386,252.0450,251.3862,257.9362,256.8961,300.2009,300.9237,307.5793,248.5966,254.9063,248.3592,254.8380,253.9125,247.0213,244.4336
24.0000,271.9408,244.6620,245.1057,244.3386,238.0211,250.2421,248.4822,294.9674,249.9905,301.5997,285.6154,299.1498,249.7567,259.3639,240.1876,238.5384,252.1986,251.4916,248.5725,241.3005,246.3460,245.5918,245.7536,244.8942,253.0655,256.0698,256.6966,265.3268,302.5091,244.2905,245.1704,245.5707,304.7161,273.2253,271.4741,292.4557,249.3944,266.9884,249.5780,272.8400,290.8174,281.2327,285.4399,292.4379,308.0178,249.4119,253.9131,252.9079,237.0523,262.3751,260.7530,258.3125,264.2641,252.0678,263.2927,259.9643,249.3375,260.6410,243.5567,241.7774,251.4253,251.6036,258.8315,259.0857,256.7859,252.8645,253.1248,256.3254,252.8400,253.7808,264.6710,254.2786,245.9482,251.4576,248.8095,240.4224,243.3022,303.1862,298.9079,267.7082,244.7229,252.1076,249.4839,249.7309,250.3073,250.7922,251.2196,250.7859,250.3051,293.1636,249.2008,249.0154,247.6738,243.8601,242.4035,282.0818,280.3084,265.5321,0.0000,287.1220,292.1142,250.3940,245.4319,270.9785,247.1362,246.8694,247.8404,250.7461,250.8515,245.6839,250.5148,263.1921,298.8410,252.6639,248.6592,247.9551,254.3683,268.3227,247.4552,259.7302,253.0132,250.0210,250.5801,243.3259,247.8756,255.2117,301.1676,248.2187,245.4043,245.4479,241.9037,237.6221,242.7549,286.3881,245.6820,256.3696,250.4297,250.8063,251.1731,250.7908,245.1807,247.0893,243.2588,242.3313,252.9537,242.8166,241.5242,239.4704,251.4957,252.6374,304.8895,304.8896,299.5672,245.1716,254.9906,236.3876,244.3836,242.0547,246.3624,246.4160,248.0899,0.0000,249.9539,244.3362,260.6263,260.3650,246.6219,246.1355,300.6434,252.1723,249.2819,262.2923,256.2818,248.9626,256.4529,290.9616,262.7505,279.5267,307.2876,326.8816,305.0766,288.3833,238.4328,259.7998,259.6271,255.2922,268.0416,255.0846,249.0320,255.1489,256.0597,293.3673,305.3476,254.0026,254.5860,255.3342,255.3929,254.6425,251.7580,255.2996,255.3964,256.7362,255.4207,255.3626,250.5595,249.2009,242.4076,246.4188,0.0000,251.0246,250.0174,251.0243,243.4363,243.4696,246.7060,250.6874,249.8378,304.8429,245.1716,248.3488,247.1322,248.4396,250.8262,253.1439,239.2193,251.4916,250.8262,257.5480,256.8961,299.7989,300.5350,307.5483,248.0269,254.1284,247.7903,254.1878,253.4083,246.4464,243.9205
25.0000,271.9408,245.1380,245.5962,244.6982,238.3171,250.3548,248.5167,294.9674,250.5632,300.8998,284.6820,298.2193,249.9554,259.3639,240.4112,238.7457,252.5444,251.8123,248.8467,241.6408,246.7595,246.3634,246.4721,245.2488,253.1084,255.9751,256.5986,265.1247,301.8983,244.7606,245.6593,246.0694,304.7161,273.1321,271.3955,291.5126,250.0042,266.8365,250.0671,272.7769,289.4542,280.4966,284.5030,290.9574,307.9599,249.3116,254.6189,253.6539,237.2837,262.3353,260.6907,257.8896,264.2351,252.2334,262.9034,259.4675,249.6508,260.5134,243.4688,241.9334,251.6973,251.8851,258.8188,259.0685,256.7859,253.0537,253.3005,256.6341,253.0708,253.9477,264.6939,254.6446,246.0691,251.7295,248.8843,240.9114,243.7127,302.5960,298.1440,267.4934,245.6389,252.4221,250.0919,250.3289,250.8765,251.3492,251.7772,251.3416,250.8821,292.6605,249.6953,249.5039,248.2108,244.3627,242.9041,281.4476,279.8012,265.3379,0.0000,286.0680,291.1411,250.8505,245.7767,270.8456,247.4172,247.1621,248.1151,251.0002,251.1172,246.1655,251.0040,263.2197,298.0725,253.1188,248.6780,248.3735,254.4766,268.1092,247.9849,259.2065,253.4280,250.5249,251.0842,243.7882,247.8077,255.4873,300.4308,248.4857,245.3314,245.3749,242.3692,237.8581,242.7549,285.8369,246.1680,256.8528,250.9668,251.3451,251.7127,250.6490,245.2291,247.1746,243.5314,242.3975,253.3842,242.9852,241.8260,239.7402,251.7203,252.8320,304.0080,304.0080,298.8425,245.6605,255.4081,236.6932,244.4885,242.2316,246.8750,246.9343,248.3578,0.0000,250.2341,244.6960,260.5709,260.3255,247.1245,246.6156,299.8714,252.6384,249.7753,261.9008,256.2818,249.2353,256.4324,289.2891,262.6364,279.2535,306.2843,325.8916,305.0034,287.8337,238.6400,259.7304,259.5824,255.4238,267.4864,255.1854,249.0705,255.1184,255.9666,292.6609,304.3781,254.0398,254.9596,256.0421,256.1169,255.2101,252.1834,256.0048,255.7408,257.0451,256.1401,256.0330,250.9601,249.6953,242.9082,246.9371,0.0000,251.3438,250.5896,251.3434,243.7594,243.8268,247.2226,250.9727,250.1163,304.3895,245.6605,248.6272,247.4110,248.7009,251.1451,253.4562,239.3832,251.8123,251.1450,257.5126,256.8961,299.0704,299.8467,307.4878,248.2947,254.4512,248.0573,254.5065,253.5970,246.7717,243.8424
26.0000,271.9408,244.9479,245.3996,244.5836,238.3171,249.6057,247.6586,285.5056,250.3810,290.4637,275.3693,287.7772,249.8144,258.3535,240.0537,238.3470,252.2495,251.5343,248.5918,241.5332,246.3020,245.3300,245.6854,244.9302,252.1351,255.0532,255.7340,262.3616,291.0971,244.5742,245.5054,245.8868,293.6674,272.8663,270.7600,281.3635,249.8169,264.5914,249.8920,272.7841,289.6086,272.4437,275.7083,291.1251,296.7288,248.6416,254.1904,253.2540,236.9271,262.1115,260.5323,256.9543,264.0220,251.9986,262.1786,258.4832,249.4453,260.2465,242.8316,242.1177,251.3523,251.5468,258.5519,258.7981,256.7859,252.7273,252.9996,256.3491,252.6433,253.4637,264.3987,254.0504,246.0874,251.3871,248.4176,240.7739,243.5506,291.7589,287.5945,264.3726,245.5318,252.1247,249.9023,250.0954,250.6678,251.1079,251.6164,251.1721,250.6410,283.8829,249.8494,249.3893,248.5174,244.5184,242.9614,273.5310,273.3153,262.5424,0.0000,275.6029,280.7185,250.6217,245.4278,270.3952,247.1798,246.9469,247.7912,250.6622,250.7726,246.0525,251.1507,262.9273,287.4459,253.2187,247.5989,247.2318,254.0797,267.2881,247.8609,258.2348,253.0609,250.3912,250.9853,243.6142,247.1891,254.8878,290.0256,248.1150,244.7151,244.7586,242.2183,237.6221,242.7549,278.2605,246.0093,256.3477,250.6423,251.1851,251.5403,249.9228,244.8649,246.6668,243.4418,242.3221,253.0145,242.9852,241.7284,239.5364,251.4041,252.5055,294.5809,294.5809,289.7032,245.5067,255.2819,236.1347,244.1560,241.8557,247.0787,246.8267,247.9785,0.0000,249.9781,244.5844,260.4111,260.1405,247.0121,246.5426,289.3286,252.6476,249.9270,261.9099,256.2818,248.9773,256.4329,286.5531,260.6678,278.8697,305.1358,315.1007,293.9419,279.9019,238.2415,259.4717,259.3335,255.1181,266.3499,254.9706,248.1837,254.1964,255.0448,292.0656,303.3207,253.0586,254.6241,255.6017,255.6790,254.7932,251.8174,255.5651,255.4231,256.7581,255.7013,255.5705,250.5897,249.8494,242.9655,246.8294,0.0000,251.0560,250.4076,251.0557,243.7001,243.8538,247.4508,250.7447,249.8392,293.4276,245.5067,248.3600,247.1696,248.4489,250.8575,252.9811,239.5704,251.5343,250.8575,255.8868,256.8961,288.4003,289.1577,296.2838,247.9151,254.1354,247.6679,254.0507,253.2594,246.5886,243.2147
27.0000,271.9408,244.8917,245.3412,244.5818,238.3162,250.3578,248.4942,294.9674,250.3313,301.1896,285.4512,298.5293,249.6162,259.3639,240.1318,238.4187,252.3210,251.5673,248.3135,241.3002,246.6780,246.4110,246.4844,245.1040,253.1403,256.0414,256.6562,265.2491,303.4018,244.5196,245.4216,245.7963,308.5751,273.0527,271.3894,292.1998,249.7682,266.9227,249.8181,272.8191,290.3651,280.8367,285.2804,291.9468,311.6677,248.7109,253.7708,252.7985,237.0222,262.1217,260.5277,257.0324,264.1600,252.0420,262.2409,258.5611,249.4292,260.1954,242.8674,242.9240,251.1015,251.2856,258.4592,258.6969,256.7859,252.6153,252.9179,256.0317,252.4547,253.3358,264.4249,253.8800,246.6044,251.1369,248.4398,240.6754,243.5159,304.1050,299.1518,267.5995,245.7788,252.1311,249.8548,250.0902,250.6475,251.1189,251.5570,251.1079,250.6475,292.8198,249.3560,249.2464,247.9138,244.0671,242.6308,281.6805,279.9686,265.4154,0.0000,286.9295,291.9454,250.5639,245.6152,270.7537,246.8729,246.6442,247.5196,250.4293,250.5264,245.9109,250.6563,262.9387,299.1584,252.7725,248.6730,248.3794,254.0945,267.9885,247.7922,258.3212,252.7465,250.2758,250.8478,243.5562,247.2464,255.3712,300.7238,247.8528,244.7628,244.8062,242.1468,237.6221,242.7549,285.9673,245.9241,256.7261,250.7249,251.1035,251.4560,250.0293,245.2584,247.1886,243.2731,242.1404,252.6948,242.9852,241.5257,239.4608,251.2176,252.3848,304.0060,304.0061,298.8920,245.4229,254.8824,236.4391,244.0795,241.8904,246.5980,246.7497,247.7136,0.0000,249.6335,244.5803,260.4039,260.1256,246.9312,246.4254,300.5277,252.2041,249.4342,261.9581,256.2818,248.6893,256.4354,285.2587,262.7034,279.1645,305.9886,325.2286,308.6099,287.9638,238.3132,259.4040,259.2676,254.9498,265.6048,254.9252,249.0534,255.1558,256.0330,292.5805,304.1112,254.1021,254.3201,255.1892,255.2677,254.4022,251.4972,255.1535,255.1109,256.4436,255.2899,255.0924,250.2786,249.3560,242.6349,246.7526,0.0000,251.1774,250.3576,251.1771,243.4897,243.5464,246.9177,250.7583,249.7036,306.6070,245.4229,248.0595,246.8573,248.1588,251.0817,253.2972,240.3755,251.5673,251.0817,257.5677,256.8961,300.2565,301.1438,311.1792,247.6488,253.7936,247.4026,253.8492,253.1619,246.4494,243.2510
28.0000,271.9408,244.9524,245.3981,244.6586,238.3038,250.5480,248.6675,294.9674,250.5286,301.4625,285.8860,298.8381,249.9541,259.6829,240.2317,238.5007,252.3734,251.6542,248.4000,241.4205,246.8289,246.6388,246.6877,245.2193,253.3379,256.2418,256.8618,265.5942,303.7221,244.5799,245.5414,245.9267,308.9549,273.1817,271.5093,292.6224,249.9680,267.1985,249.9973,272.8502,291.0378,281.2228,285.7283,292.6773,312.0612,249.0630,253.8274,252.8358,237.0816,262.3865,260.7526,257.5025,264.4298,252.5115,262.6242,259.0477,249.4936,260.5283,243.1956,244.6423,251.2794,251.4660,258.7362,258.9744,256.7859,252.8539,253.1836,256.2157,252.6767,253.5968,264.7121,254.0672,247.8448,251.3151,248.7231,240.6754,243.6186,304.4100,299.4948,267.8883,245.7993,252.2428,250.0561,250.2880,250.8537,251.3362,251.7550,251.3033,250.8568,293.1020,249.4877,249.4088,248.0338,244.1525,242.6845,282.0025,280.2833,265.7841,0.0000,287.3889,292.3746,250.7677,245.7331,270.9218,246.9269,246.7077,247.6320,250.6089,250.6996,246.0711,250.7946,263.2328,299.5110,252.9359,248.8488,248.6135,254.3619,268.2415,247.9293,258.8167,252.8902,250.4522,251.0300,243.6028,247.5818,255.6572,301.0025,247.9887,245.0928,245.1363,242.2016,237.6221,242.7549,286.2789,246.0456,257.1343,250.9372,251.2935,251.6471,250.4062,245.4785,247.3905,243.3634,242.2440,252.8293,242.9904,241.5745,239.5091,251.4205,252.6166,304.6264,304.6264,299.3426,245.5427,255.1137,236.3797,244.3275,242.0437,246.7072,246.8682,247.8469,0.0000,249.8027,244.6564,260.6242,260.3479,247.0589,246.5792,300.8318,252.3747,249.5672,262.1387,256.2818,248.7918,256.4449,285.8829,263.0401,279.4405,306.9690,326.1717,308.9909,288.2701,238.3951,259.7000,259.5457,255.1927,265.7648,255.1191,249.2318,255.3695,256.2349,293.2070,305.0400,254.3379,254.5784,255.2466,255.2999,254.5278,251.6322,255.2117,255.2871,256.6313,255.3298,255.2966,250.4125,249.4877,242.6886,246.8712,0.0000,251.2457,250.5550,251.2453,243.5741,243.6278,247.0285,250.8258,249.7967,306.9564,245.5427,248.1536,246.9051,248.2443,251.1500,253.5269,242.0494,251.6542,251.1499,257.7929,256.8961,300.6004,301.4805,311.5706,247.7804,254.0687,247.5351,254.0561,253.4145,246.6382,243.5772
29.0000,271.9408,245.0227,245.4597,244.7153,238.2747,250.4729,248.6775,294.9674,250.7300,301.8963,286.0851,299.2700,250.4590,259.1826,240.5314,238.8499,252.4729,251.7523,248.4828,241.4772,246.6513,245.8026,246.0345,245.2179,253.2717,256.3857,257.0232,265.2714,304.1633,244.6497,245.7140,246.1401,309.3395,273.2283,271.5027,292.9370,250.1670,267.1026,250.1524,272.8689,291.4427,281.3829,285.8756,293.1170,312.4576,249.7784,254.0365,253.0364,237.3823,262.4883,260.8665,258.4765,264.5174,252.9612,263.2595,260.0633,249.5631,260.7095,243.9240,246.6762,251.4860,251.6805,258.9110,259.1494,256.7859,253.0831,253.4394,256.5064,252.9270,253.8750,264.8317,254.4778,249.0678,251.5225,249.3014,240.6754,243.5422,304.8678,299.8913,267.7805,245.6180,252.3402,250.2572,250.4993,251.0712,251.5721,251.9401,251.5040,251.0831,293.2449,249.6915,249.5707,248.1777,244.2661,242.7565,282.1755,280.3394,265.4883,0.0000,287.6172,292.6719,250.9929,245.7617,271.0271,247.0178,246.8103,247.7664,250.8113,250.8984,246.2308,251.0274,263.3811,299.9002,253.2131,248.8327,247.9459,254.6736,268.4609,248.0656,259.8384,253.1084,250.6379,251.2103,243.6548,248.2714,255.4206,301.4358,248.1415,245.7931,245.8367,242.1813,237.9699,242.7549,286.3518,246.2333,256.7671,251.1567,251.4961,251.8760,251.1396,245.4247,247.3248,243.5149,242.3947,253.0406,243.0019,241.8035,239.7759,251.6371,252.8412,305.3309,305.3310,299.7983,245.7151,255.4812,236.7031,244.7232,242.3946,246.8430,246.9901,247.9960,0.0000,249.8483,244.7143,260.7365,260.4683,247.2015,246.7448,301.2695,252.6542,249.7733,262.2842,256.2818,248.8675,256.4525,288.5255,262.6349,279.2917,302.9059,327.4699,309.3741,288.3570,238.7442,259.8697,259.7110,255.3826,266.8108,255.3020,249.2247,255.4249,256.3757,292.1288,301.4002,254.2204,254.8649,255.4535,255.5038,254.7441,251.8373,255.4187,255.5479,256.9203,255.5343,255.5122,250.6102,249.6915,242.7607,246.9930,0.0000,251.3458,250.7564,251.3454,243.7399,243.8030,247.1763,250.9132,249.8979,307.3924,245.7151,248.2180,246.9893,248.3315,251.2500,253.4448,243.9205,251.7523,251.2500,257.7139,256.8961,301.0032,301.8955,311.9649,247.9292,254.3562,247.6848,254.1114,253.6387,246.8727,244.2949
30.0000,271.9408,244.9831,245.4187,244.6705,238.2747,250.4397,248.6389,294.9674,250.6078,301.7986,285.8903,299.1510,250.4488,259.3639,240.2731,238.6098,252.2667,251.5614,248.3176,241.4709,246.5756,245.8021,245.9889,245.1204,253.2500,256.3627,257.0074,265.3639,303.9026,244.6121,245.6635,246.0979,309.0566,273.1958,271.4864,292.7851,250.0476,267.0835,250.0546,272.8695,291.4566,281.3260,285.6481,293.1321,312.1622,249.5716,253.9892,252.9785,237.1200,262.4521,260.8018,258.3575,264.4651,253.2802,263.2577,259.9651,249.4486,260.6720,243.7423,248.5953,251.4729,251.6598,258.8697,259.1042,256.7859,253.1110,253.5094,256.4682,252.9257,253.8861,264.7833,254.3855,250.3986,251.5096,249.1082,240.6754,243.6324,304.5974,299.6822,267.7829,245.7993,252.1325,250.1370,250.3704,250.9390,251.4305,251.7871,251.3684,250.9466,293.2082,249.5598,249.4674,248.0870,244.1864,242.7055,282.1677,280.3094,265.5784,0.0000,287.4351,292.5014,250.8815,245.6612,271.0011,246.8391,246.6528,247.7526,250.8135,250.8924,246.1288,250.8849,263.3479,299.6856,253.0418,248.7796,248.0726,254.7711,268.4490,247.9987,259.7449,253.0991,250.5218,251.0880,243.6352,248.0749,255.5244,301.3366,248.1929,245.6056,245.6492,242.2055,237.6221,242.7549,286.3305,246.1819,257.0643,251.0337,251.3650,251.7511,250.9088,245.4002,247.2948,243.3593,242.2403,253.0351,243.0019,241.5737,239.5232,251.6360,252.8656,305.3221,305.3222,299.7732,245.6646,255.2443,236.5446,244.4077,242.1242,246.7546,246.9386,248.0595,0.0000,249.7782,244.6706,260.6754,260.4271,247.1495,246.7194,301.0815,252.4620,249.6411,262.2274,256.2818,248.7239,256.4495,291.0044,262.7665,279.2485,302.9353,327.7524,309.0925,288.3343,238.5042,259.8312,259.6696,255.3529,268.0301,255.3578,249.1908,255.3860,256.3523,292.0908,301.4239,254.2153,254.8158,255.4119,255.4657,254.7207,251.8639,255.3772,255.5252,256.8805,255.4950,255.4646,250.5861,249.5599,242.7096,246.9416,0.0000,251.1510,250.6338,251.1507,243.5793,243.6422,247.0837,250.7592,249.7208,307.1134,245.6646,248.0458,246.8031,248.1718,251.0553,253.4481,245.9497,251.5614,251.0553,257.6996,256.8961,300.7774,301.6572,311.6717,247.9953,254.2872,247.7529,254.2377,253.6678,246.8746,244.1113
31.0000,271.9408,245.0396,245.4739,244.7641,238.2747,250.8134,248.9206,294.9674,250.8017,302.6830,287.0258,300.1717,250.5561,260.1487,240.4843,238.7944,252.7226,251.9607,248.7512,241.6807,246.9668,246.7757,246.8001,245.3321,253.6303,256.6793,257.3204,266.1786,305.1873,244.6683,245.7782,246.2210,310.5103,273.2460,271.6381,293.9353,250.2465,267.6074,250.2589,272.8861,291.8161,282.3060,286.7504,293.5226,313.6773,250.2834,254.9503,253.8902,237.2577,262.8909,261.1748,259.1399,264.9936,254.1309,263.9730,260.7477,249.7173,261.2942,244.4075,247.6266,252.3806,252.5692,259.5126,259.7523,257.0782,253.8692,254.2639,257.4137,253.9764,255.0346,265.4089,255.5469,251.5836,252.4174,249.6810,240.6754,243.6712,305.8988,300.8255,268.3991,245.7993,252.5887,250.3367,250.5718,251.1361,251.6337,251.9913,251.5695,251.1497,293.7909,249.6756,249.6465,248.1816,244.2801,242.7645,283.0832,281.0517,266.3834,0.0000,288.6795,293.7045,251.0955,245.8629,271.1508,247.2120,247.0314,248.5167,251.6897,251.7938,246.3057,250.9993,263.9878,300.8654,253.1467,249.1063,248.9079,255.1234,268.7964,248.1301,260.5011,254.0657,250.7140,251.2971,243.6705,248.7429,256.0295,302.2418,249.1365,246.2625,246.3062,242.2134,237.6221,242.7549,287.0156,246.3029,257.5079,251.2513,251.5659,251.9568,251.6784,245.7800,247.6695,243.2783,241.7783,253.9972,243.0019,241.6439,239.6116,252.4190,253.6248,306.1995,306.1996,300.5292,245.7794,255.4907,236.6330,244.7938,242.4122,246.8397,247.0504,249.0291,0.0000,250.1886,244.7620,261.0515,260.8512,247.2626,246.8252,302.0882,252.6459,249.7580,262.3679,256.2818,249.1590,256.4569,292.3952,263.5691,279.2616,303.0802,329.0993,310.5384,288.9944,238.6886,260.4437,260.2588,256.1342,268.5389,255.9629,249.4969,255.7257,256.6698,292.1288,301.5485,254.6229,255.8240,256.3948,256.4467,255.6866,252.8817,256.3595,256.4784,257.8315,256.4771,256.4682,251.5188,249.6756,242.7686,247.0534,0.0000,251.6793,250.8280,251.6790,243.5722,243.6540,247.1810,251.0826,250.2076,308.4740,245.7794,248.5348,247.1675,248.6249,251.6310,253.8623,247.1186,251.9607,251.6310,258.1516,256.8961,301.9812,302.8903,313.1758,248.9706,255.2962,248.7325,255.3163,254.4275,247.0584,244.7727
32.0000,271.9408,245.0279,245.4541,244.7855,238.2747,250.7456,249.0771,294.9674,250.8420,301.9117,286.0348,299.2656,250.6029,259.3639,240.5709,238.8578,252.9345,252.1257,249.4188,241.6134,246.9602,246.8074,246.8002,245.3379,253.4976,256.2486,256.7435,265.4722,304.0110,244.6602,245.8151,246.2644,309.2041,273.2480,271.5802,292.8809,250.2729,267.3187,250.2547,272.8751,291.5775,281.5231,285.8343,293.2634,312.3599,251.0769,256.7464,255.6460,237.3278,263.6300,261.7455,260.1591,265.6599,255.7116,265.0644,261.8161,249.8526,262.2643,245.2132,248.7564,254.0536,254.2431,260.5644,260.8037,257.4585,255.2242,255.6199,259.1835,255.7874,256.9348,266.3494,257.6586,254.0512,254.0898,250.3752,240.6754,243.6397,304.7050,299.7743,267.9922,245.7993,252.7505,250.3623,250.5790,251.2042,251.7196,252.0261,251.6082,251.1998,293.4274,249.7759,249.6731,248.2738,244.3992,242.8405,282.3462,280.5444,265.7548,0.0000,287.5515,292.6070,251.0461,245.8624,271.0705,247.8972,247.7239,249.9194,253.2990,253.4625,246.3319,251.0921,264.9709,299.7837,253.2515,249.8215,249.0762,255.1905,268.5531,248.1777,261.5833,255.8470,250.7479,251.3367,243.6621,249.5110,255.5831,301.4491,250.8681,247.0388,247.0827,242.1978,237.6221,242.7549,286.6038,246.3379,256.9962,251.2417,251.6042,252.0005,252.4679,245.7309,247.6101,243.2887,241.6142,255.7798,243.0019,241.7942,239.7174,253.8315,254.9845,305.8588,305.8589,300.1952,245.8162,255.5679,236.5674,244.9683,242.5208,246.9262,247.0994,250.8084,0.0000,250.9775,244.7835,261.6295,261.5097,247.3111,246.8743,301.1593,252.7371,249.8578,262.6150,256.2818,249.8508,256.4698,291.9427,262.8264,279.3831,303.4479,328.5910,309.2355,288.6041,238.7520,261.4205,261.2026,257.5043,268.3240,257.0117,249.6849,255.6079,256.2494,292.3931,301.9108,254.4931,257.5020,258.2053,258.2618,257.5223,254.7444,258.1690,258.2581,259.6045,258.2912,258.2444,253.3630,249.7759,242.8447,247.1024,0.0000,252.0310,250.8682,252.0307,243.6302,243.7340,247.2818,251.2415,250.7770,307.2354,245.8162,249.1717,247.8445,249.2924,251.9826,253.5757,250.0109,252.1257,251.9826,257.9357,256.8961,300.8776,301.7613,311.8607,250.7594,256.9858,250.5503,257.0864,255.7855,247.0722,245.5703
33.0000,271.9408,245.1461,245.5665,244.8506,238.2747,250.8273,249.1346,294.9674,251.0291,301.5212,285.7780,298.8703,250.6211,260.7852,240.6269,238.9216,253.0107,252.2145,249.7369,241.7339,247.0165,246.7659,246.8002,245.4086,253.6002,256.3992,256.9231,266.3951,303.3755,244.7835,245.9329,246.3837,305.6470,273.3066,271.6356,292.5608,250.4741,267.5496,250.5234,272.8549,291.1384,281.4426,285.6110,292.7865,308.8282,251.5110,258.1707,257.0540,237.3563,264.0417,262.0823,260.6990,265.9365,256.9204,265.6016,262.3552,249.9393,262.8441,245.6262,252.7035,255.1668,255.3855,261.2208,261.4617,257.4585,256.0595,256.4755,260.5596,257.0417,258.2513,266.8926,258.9620,256.6463,255.2001,250.7649,240.8500,243.7740,304.0410,299.2715,268.3146,245.7993,252.8488,250.5627,250.7559,251.3845,251.8958,252.2150,251.7992,251.3762,293.3208,249.9854,249.9153,248.4961,244.6197,243.0443,282.2883,280.5919,266.6441,0.0000,287.2284,292.2589,251.2829,245.9375,271.1458,248.2365,248.0821,250.5630,254.3050,254.5506,246.5717,251.2873,265.5543,299.2735,253.4264,249.7700,248.9779,255.2191,268.6672,248.3162,262.1118,257.2797,250.9625,251.5537,243.8007,249.9262,256.4853,301.0577,251.6478,247.4483,247.4922,242.3560,237.6221,242.7549,286.5530,246.4546,257.9117,251.4368,251.8018,252.1961,252.9053,245.7910,247.6822,243.4325,241.7783,257.2159,243.0019,241.9036,239.7863,254.7131,255.8186,305.5953,305.5954,299.9921,245.9340,255.7747,236.1034,245.3905,242.6793,247.1248,247.2255,251.7069,0.0000,251.3416,244.8484,261.9718,261.9039,247.4323,246.9895,300.6816,252.9560,250.0671,262.6228,256.2818,250.1668,256.4702,291.4502,263.9760,279.2127,296.4369,328.1514,305.9634,288.5300,238.8159,262.0166,261.7822,258.3915,268.1286,257.5795,249.7305,255.7072,256.3983,291.3166,295.7359,254.5986,258.7156,259.6458,259.7037,258.9754,256.5196,259.6076,259.6625,260.9830,259.7317,259.6503,255.1142,249.9854,243.0485,247.2285,0.0000,252.1864,251.0555,252.1861,243.7755,243.8827,247.4981,251.3175,251.0560,305.6761,245.9340,249.4836,248.1747,249.5987,252.1380,254.2615,253.9567,252.2145,252.1380,258.1038,256.8961,300.3361,301.1888,308.3711,251.6786,258.1890,251.5479,258.1647,256.6274,247.1555,245.9827
34.0000,271.9408,245.2570,245.6578,245.1355,238.6143,250.6854,248.9641,293.7276,251.2790,298.8945,283.0600,296.0757,250.7548,259.6342,242.4853,240.1009,251.3090,249.9748,251.4139,242.0146,247.2029,246.6635,246.8002,245.7550,253.3508,256.1680,256.7146,265.0095,300.2114,244.9027,246.1557,246.5733,302.4094,273.2147,271.4193,289.6717,250.7217,266.8294,250.7861,272.8174,290.3279,279.2572,283.0478,291.9063,305.4142,253.6976,262.6188,261.4884,238.5596,265.5131,263.3706,262.9343,266.9183,260.4137,267.6467,264.5806,248.4892,265.0077,247.7723,258.7984,259.1956,259.4570,263.6349,263.8809,257.6979,259.2190,259.5751,264.9257,261.2416,262.5142,268.8060,263.5166,261.6754,259.2332,252.8056,240.9457,243.8630,300.8470,296.3148,267.3156,245.8713,250.5437,250.8094,250.9999,251.6308,252.1355,252.4470,252.0466,251.6173,291.5033,250.4811,250.2433,248.9902,245.1401,243.4124,280.2030,278.9754,265.2662,0.0000,284.1143,289.2398,251.5289,246.2834,271.0294,250.1832,250.0307,254.0496,258.1844,258.5737,246.8955,251.7557,267.6378,296.2549,253.8819,249.4015,248.8524,255.6049,268.5019,248.6074,264.2971,261.7358,251.2633,251.8827,243.9031,252.0395,255.9783,298.4080,255.8538,249.5496,249.5939,242.4342,238.7308,242.7549,284.8555,246.6694,257.4038,251.6385,252.0631,252.4574,255.1125,245.6436,247.5385,243.9141,241.7783,261.6754,243.1746,243.0092,240.9304,258.0993,259.0003,303.1800,303.1801,297.8541,246.1569,256.2478,237.4131,247.2901,244.5540,247.6103,247.5286,256.0271,0.0000,252.9304,245.1312,263.2757,263.3605,247.7265,247.2596,297.8583,253.4663,250.5622,263.2341,256.2818,251.8367,256.5021,291.1200,262.6929,278.9569,298.4551,324.8183,302.7306,286.8007,239.9946,264.2256,263.9215,261.6275,268.0884,259.7334,249.5388,255.4807,256.1662,290.7869,297.3949,254.3212,262.9756,264.1140,264.1715,263.4089,261.4490,264.0731,264.0785,265.3541,264.2004,264.0985,259.9078,250.4811,243.4166,247.5313,0.0000,251.5044,251.3052,251.5044,244.4011,244.5842,247.9938,249.5247,251.9658,302.4584,246.1569,251.1440,250.1120,251.2603,251.4563,254.0133,260.1581,245.4481,251.4563,257.6267,256.8961,297.2841,298.1004,304.9861,256.0189,262.3987,255.9720,262.5104,259.7869,247.3950,248.1234
35.0000,271.9408,244.7837,245.2216,244.5886,238.3372,250.0349,248.3014,293.2710,250.2201,297.9336,282.1327,295.0963,250.0747,257.6227,240.6565,240.5985,247.7861,246.3138,248.8644,241.1476,246.5447,246.0248,246.1812,245.0818,252.7146,255.5405,256.0953,263.3889,299.2192,244.4327,245.2110,245.5949,301.3829,272.7387,271.0459,288.7260,249.6310,265.9950,249.6042,272.7876,289.6840,278.2942,282.1079,291.2070,304.3288,251.9283,259.8270,258.7369,237.4358,264.2951,262.4026,261.3676,265.8971,258.0219,266.1569,263.0502,245.8770,263.5567,246.0754,258.5656,256.0398,256.3411,261.9204,262.2142,257.4585,256.4515,256.9536,261.9223,258.1166,259.3689,267.0393,260.1292,260.2343,256.0733,251.0698,240.4780,243.3500,299.8608,295.3302,266.3072,245.7993,246.8575,249.7172,249.9114,250.5884,251.0953,251.3588,250.9560,250.5535,290.6706,249.3229,249.0885,247.9338,244.1468,242.6138,279.2313,277.9967,263.5957,0.0000,283.2198,288.3087,250.2989,245.5809,270.5364,247.7444,247.6615,250.1870,254.9449,255.3629,244.4157,250.5616,265.8132,295.2819,252.5893,248.6967,248.0324,252.5203,267.9711,247.7535,262.7161,258.8317,250.1329,250.7088,243.4211,250.3301,254.3221,297.4399,251.3248,247.8689,247.9129,241.9547,237.6221,242.7549,283.9453,245.7131,255.6662,250.5131,250.9534,251.3327,253.3294,245.0002,246.8937,243.3846,242.2519,258.7716,242.9772,241.8558,239.8009,255.2203,256.1942,301.6902,301.6903,296.6740,245.0241,254.9094,237.0305,245.0214,242.6422,246.6299,246.7274,251.5398,0.0000,250.3811,244.5854,262.2910,262.2532,246.9284,246.5051,296.8771,252.1842,249.4030,262.8555,256.2818,249.2837,256.4823,293.5400,260.8984,277.8725,294.7797,322.2588,301.7030,285.9132,241.0721,262.6941,262.4089,259.1771,268.8702,257.9328,248.8662,254.8220,255.5374,288.4151,293.9430,253.6565,259.8833,261.3048,261.3619,260.5748,258.7514,261.2621,261.1475,262.3456,261.3914,261.2401,257.4844,249.3229,242.6179,246.7302,0.0000,248.2721,250.2452,248.2722,243.6211,243.7296,246.9469,246.4258,249.1879,301.4167,245.2122,248.5801,247.6693,248.7000,248.2246,252.5307,259.5637,242.8978,248.2246,256.8796,256.8961,296.3058,297.1161,303.9099,251.5389,259.2929,251.5328,257.8886,257.0120,246.1600,246.4208
36.0000,271.9408,244.8207,245.2707,244.5612,238.4140,249.0503,247.1858,278.2804,250.0725,281.2382,267.2810,278.5686,250.1341,256.3125,240.5196,240.6326,247.1818,245.5445,249.2293,241.5934,245.9253,243.8382,244.6750,244.7920,251.2780,254.3608,254.9853,259.1973,281.2784,244.4621,245.2740,245.6469,283.2625,272.5967,270.2008,272.6666,249.4244,262.5703,249.5317,272.7894,289.7228,265.8477,267.9635,291.2492,285.9942,251.4663,260.5755,259.5209,237.3448,264.7983,262.9173,259.0530,265.8639,258.6553,266.0102,261.2611,245.3144,264.5703,245.4729,260.2330,256.7098,257.0326,262.7959,263.1804,257.4585,256.9454,257.4671,262.6574,258.7710,259.9951,267.3054,260.9869,261.3930,256.7430,250.8876,240.4780,243.4747,281.7561,278.1834,261.5375,245.7993,245.8633,249.5076,249.6014,250.4172,250.8931,251.2508,250.8431,250.2947,276.9098,249.8772,249.1260,248.6532,244.6702,242.9569,267.1940,268.0234,259.3125,0.0000,266.5898,271.7247,250.1514,245.2810,270.3535,248.1818,248.1090,250.7463,255.5764,256.0267,244.3980,251.0784,266.1480,277.9848,252.9383,247.3488,245.2142,253.1162,267.6999,247.7621,261.0879,259.5472,250.1332,250.7653,243.4170,249.8931,253.6819,280.8022,251.9394,247.3615,247.4055,242.0138,237.7844,241.9854,272.2450,245.7901,255.3987,250.1348,250.8744,251.2393,253.0606,245.0433,246.5210,243.5999,242.4803,259.4802,242.9469,242.2083,239.9753,255.7797,256.6934,287.0398,287.0399,282.4646,245.0790,255.7018,236.1768,246.2044,243.0366,247.2066,246.7824,252.1594,0.0000,250.7662,244.5614,262.7948,262.7499,246.9796,246.5774,279.8723,252.8425,249.9596,263.1155,256.2818,249.6566,256.4959,296.1845,258.0150,277.5934,294.0286,307.0938,283.5619,273.6238,241.0986,263.6071,263.2354,259.9504,269.6307,258.3780,247.6755,253.5814,254.3557,287.9321,293.2496,252.1457,260.5685,262.0201,262.0755,261.2686,259.4802,261.9776,261.9237,263.0747,262.1036,261.9515,258.4136,249.8772,242.9611,246.7848,0.0000,247.9799,250.0982,247.9800,243.8993,244.1505,247.5699,245.7554,249.3856,283.2954,245.2751,248.9361,248.1071,249.0522,247.9325,252.0158,261.0370,242.5114,247.9325,254.4290,256.8961,278.8488,279.5354,285.6062,252.1594,259.9780,252.1594,258.4616,257.4972,246.4339,245.8530
37.0000,271.9408,244.6067,245.0704,244.2545,237.8587,249.1736,247.4762,294.9674,250.1910,299.6031,283.4838,296.9325,249.8092,259.3639,240.7954,240.9182,247.5521,245.8172,249.4426,241.7681,245.7635,244.1633,244.7086,244.6279,251.5399,254.5755,255.1408,264.7992,299.9790,244.2359,245.0076,245.3611,302.4150,273.4413,271.3751,290.4125,249.6005,266.0740,249.7788,272.8752,291.5793,279.8780,283.2640,293.2654,305.6308,252.3025,261.8728,260.8603,237.4792,265.2343,263.2816,260.3705,266.2422,259.1933,267.0827,262.6381,245.4716,265.1146,246.2528,260.6440,257.3408,257.6940,263.3475,263.7531,257.4585,257.4650,257.9680,263.5901,259.4304,260.6181,267.8669,261.9067,262.0077,257.3752,251.2977,240.2268,243.5142,300.5335,296.5435,266.7484,245.5481,246.1538,249.6914,249.8546,250.5867,251.1422,251.4921,251.0294,250.5557,292.3731,249.4338,249.2208,247.8685,244.0861,242.4830,280.8368,279.2032,264.9569,0.0000,284.7881,289.9070,250.5625,245.1713,271.3879,248.3572,248.2376,251.1209,256.1290,256.6221,244.5259,250.6584,266.7214,296.4670,252.6222,247.8536,245.8413,253.8906,269.1215,247.2637,262.4574,260.4513,250.2982,250.9863,243.1815,250.6314,255.3739,299.1434,252.4199,248.1004,248.1445,241.8855,237.6883,244.2283,285.3425,245.5446,256.8087,250.6020,251.0626,251.4138,254.0314,245.0267,246.5345,243.3233,242.1910,260.3959,242.7248,241.9611,239.8783,256.2719,257.2093,304.1217,304.1218,298.8533,244.8222,256.1033,236.2037,247.1877,243.6368,246.5180,246.3823,252.6429,0.0000,251.0713,244.2540,263.1579,263.1422,246.5873,246.0478,298.2672,252.8504,249.5241,263.3113,256.2818,249.8898,256.5061,296.6694,262.4716,279.3692,298.7205,328.3622,302.7343,287.3881,241.3609,264.1374,263.7529,260.5412,269.7372,258.7338,247.9920,253.8985,254.5743,291.5626,297.8143,252.3811,261.5075,263.3166,263.3950,262.4031,260.3959,263.2701,262.8658,264.0167,263.4188,263.2002,259.2500,249.4338,242.4872,246.3845,0.0000,248.2470,250.2191,248.2471,243.5925,243.7060,246.9102,245.9965,249.6441,302.2842,245.0086,249.1158,248.2892,249.2574,248.1527,253.2723,261.5892,242.7860,248.1526,256.1897,256.8961,297.3861,298.0823,305.1686,252.6429,260.8964,252.6429,259.0343,258.0301,246.4501,246.6121
38.0000,271.9408,244.7517,245.2167,244.3193,237.9158,249.3709,247.7429,296.4094,250.1924,303.1563,286.8633,300.6720,249.6230,259.3639,241.0469,241.1268,247.8311,246.0706,249.8070,241.8808,245.9663,244.6625,245.0870,244.7898,251.8138,254.7090,255.2267,265.3627,304.4428,244.3865,245.0840,245.4258,307.0488,273.6104,271.6123,294.0833,249.6003,266.7131,249.8026,272.8867,291.8295,282.6122,286.4480,293.5371,310.4363,252.6962,262.1288,261.1106,237.7140,265.4248,263.4397,260.8615,266.4154,259.4351,267.5576,263.1475,245.7575,265.3440,246.6431,260.7132,257.6440,257.9966,263.5931,264.0067,257.4585,257.7443,258.2309,263.8041,259.7556,260.9619,268.1214,262.3056,262.1612,257.6785,251.6440,240.4780,243.7026,305.0701,300.5909,267.6132,245.7993,246.3730,249.6899,249.8640,250.5814,251.1306,251.4951,251.0324,250.5535,294.7294,249.3369,249.2447,247.7829,244.1068,242.5837,283.4060,281.1679,265.2442,0.0000,288.5713,293.7086,250.5950,245.3307,271.6397,248.7280,248.5739,251.4415,256.4278,256.9256,244.5127,250.5174,266.9741,300.5735,252.4370,248.2923,246.3912,254.1227,269.5409,247.3198,262.9624,260.7294,250.3178,251.0120,243.3593,251.0135,255.4023,302.7176,252.7317,248.4831,248.5272,242.1081,237.8828,244.4943,287.5459,245.6154,256.9131,250.6399,251.0694,251.4164,254.4316,244.9778,246.5745,243.5145,242.5196,260.6706,242.7248,242.1338,240.0746,256.5606,257.4911,307.1987,307.1988,301.6307,244.9166,255.8038,236.5104,247.5171,243.9360,246.4899,246.4514,252.9566,0.0000,251.5065,244.3171,263.3160,263.3124,246.6424,246.0901,302.1048,252.6726,249.4277,263.4892,256.2818,250.2564,256.5154,294.3953,262.7805,279.8693,300.8595,332.2788,307.3709,289.6512,241.5369,264.3670,263.9793,260.8238,268.9292,258.9149,248.2780,254.1209,254.7106,293.0469,299.8725,252.6449,261.8643,263.5664,263.6561,262.6612,260.6706,263.5203,263.1091,264.2328,263.6754,263.3634,259.5381,249.3369,242.5879,246.4536,0.0000,248.5599,250.2206,248.5600,243.7446,243.8152,246.8573,246.2798,250.0102,306.8890,245.0851,249.4565,248.6724,249.6078,248.4654,253.2872,261.7168,243.0382,248.4654,256.6435,256.8961,301.5797,302.3650,309.9472,252.9566,261.2402,252.9566,259.3999,258.3070,246.5123,246.9995
39.0000,271.9408,244.7911,245.2441,244.4734,238.0927,249.4312,247.7062,294.9674,250.3500,301.0451,284.8791,298.5606,249.7612,259.3590,241.3023,241.3389,248.1872,246.3386,250.2420,241.9634,246.2732,245.3545,245.6943,245.0037,251.8197,254.6645,255.1653,264.8925,301.3531,244.4311,245.1831,245.5459,302.6384,273.5793,271.5532,291.9252,249.7551,266.4378,249.9462,272.8772,291.6227,281.0806,284.5974,293.3125,306.1316,253.0771,262.2084,261.1596,237.9417,265.6451,263.6154,261.2412,266.6286,259.7211,267.8874,263.5078,245.9327,265.5192,247.0103,261.1812,257.8770,258.2077,263.7713,264.1690,257.4585,258.0228,258.5050,263.9929,260.0211,261.2716,268.3973,262.6017,262.4831,257.9114,252.0061,240.4731,243.7040,301.9903,298.0450,267.1440,245.7993,246.6432,249.8452,250.0030,250.7509,251.3101,251.6594,251.1847,250.7150,293.2297,249.5001,249.3951,248.0086,244.2885,242.6994,281.9251,280.0288,264.6018,0.0000,286.3194,291.4382,250.7583,245.5141,271.6069,249.1462,248.9582,251.7450,256.6831,257.1690,244.6250,250.6552,267.2444,297.9474,252.5617,248.3521,246.9451,254.3094,269.5047,247.4545,263.3199,260.9057,250.4671,251.1733,243.3873,251.3858,255.4015,300.6066,252.9988,248.8507,248.8949,242.1012,238.1210,244.4998,286.2144,245.7091,256.6582,250.7704,251.2146,251.5400,254.8234,244.9610,246.5883,243.6584,242.5247,260.8512,242.8588,242.3827,240.3150,256.8382,257.7703,305.5323,305.5324,300.0496,245.0025,255.8681,236.6325,247.8610,244.2178,246.6918,246.5795,253.2219,0.0000,251.9642,244.4696,263.4884,263.4785,246.7694,246.2338,299.7549,252.7822,249.5912,263.7236,256.2818,250.7006,256.5276,292.2041,262.5247,279.9667,304.0337,330.0482,303.0936,288.2643,241.7342,264.5386,264.1542,261.0334,268.0311,259.1107,248.2719,254.1117,254.6677,293.6080,302.7215,252.6703,261.8551,263.6518,263.7438,262.7885,260.8512,263.6064,263.2964,264.4244,263.7631,263.3777,259.7146,249.5002,242.7035,246.5816,0.0000,249.0329,250.3780,249.0330,243.9215,244.0161,247.0546,246.4984,250.4704,303.3905,245.1842,249.8588,249.1022,250.0463,248.9984,253.3773,262.0836,243.2987,248.9983,256.5053,256.8961,298.8410,299.5091,305.6469,253.2219,261.2354,253.2219,259.6169,258.5912,246.6381,247.3667
40.0000,271.9408,244.7888,245.2300,244.5345,238.1767,249.5238,247.7997,294.9674,250.4461,301.0800,284.9683,298.6217,249.8464,259.3639,241.4907,241.4972,248.3196,246.4733,250.6323,242.0780,246.4290,245.6354,245.9400,245.1328,251.9229,254.7784,255.2697,264.9622,301.5168,244.4360,245.1944,245.5227,303.1025,273.5129,271.5433,292.0042,249.8527,266.4958,250.0353,272.8651,291.3597,281.1896,284.6874,293.0269,306.5966,253.4308,262.5187,261.4775,238.1367,265.7730,263.7136,261.4682,266.8234,259.9925,268.0484,263.7100,246.0351,265.6132,247.3483,261.6513,258.1843,258.5117,263.9066,264.2911,257.4585,258.3080,258.7772,264.3121,260.2879,261.5119,268.6156,262.7857,262.7618,258.2189,252.4255,240.4780,243.6672,302.1399,298.1203,267.2046,245.7993,246.7944,249.9437,250.1040,250.8556,251.4243,251.7527,251.2748,250.8239,293.2131,249.5580,249.4837,248.0844,244.3691,242.7531,281.9688,280.0577,264.7521,0.0000,286.4054,291.5217,250.8513,245.6402,271.5561,249.5236,249.3027,252.0782,256.9916,257.4776,244.7336,250.6852,267.4557,298.0442,252.5602,248.5347,247.2118,254.3534,269.4858,247.5217,263.5258,261.2096,250.5535,251.2738,243.3984,251.7451,255.4425,300.6457,253.3275,249.2002,249.2445,242.0869,238.3095,244.6003,286.2027,245.7132,256.6914,250.8727,251.3005,251.6170,255.1667,244.9332,246.6110,243.7989,242.6644,261.1592,242.8588,242.5711,240.5053,257.1379,258.0578,305.2719,305.2720,299.8881,245.0123,256.0701,236.8602,247.9755,244.3749,246.7707,246.6390,253.5533,0.0000,252.3361,244.5292,263.5878,263.5851,246.8302,246.3074,299.8094,252.9053,249.6495,263.8828,256.2818,251.1082,256.5359,291.2428,262.5661,279.6343,299.7501,329.3518,303.5348,288.2460,241.8851,264.6498,264.2732,261.2515,267.7568,259.2943,248.3823,254.2333,254.7822,292.2639,298.8047,252.8065,262.1057,263.9668,264.0462,263.0847,261.1592,263.9213,263.6100,264.7455,264.0685,263.7501,260.0216,249.5581,242.7573,246.6412,0.0000,249.2511,250.4739,249.2512,244.0624,244.1529,247.1242,246.6140,250.8233,303.6432,245.1955,250.2745,249.4899,250.4238,249.2165,253.4360,262.4211,243.4658,249.2165,256.5959,256.8961,298.9532,299.6405,306.1081,253.5533,261.4556,253.5533,260.0232,258.8781,246.6894,247.7104
41.0000,271.9408,244.7187,245.1474,244.4888,238.1767,249.4971,247.8332,294.9674,250.3729,300.5531,284.4150,297.9958,249.8130,259.1464,241.4993,241.4461,248.3905,246.5083,250.9295,242.1728,246.2876,245.1923,245.5386,245.0718,251.9004,254.9020,255.4194,264.6774,300.8675,244.3758,245.0960,245.3927,302.4361,273.4053,271.4618,291.4059,249.7833,266.3770,249.9712,272.8391,290.7972,280.7360,284.1685,292.4160,305.8987,253.3875,263.3305,262.3500,238.1349,265.9064,263.8022,261.2076,267.1000,260.2823,267.8485,263.4017,246.0208,265.6738,247.2994,262.1961,258.5788,258.9373,264.0481,264.4204,257.4585,258.5946,259.0553,264.8496,260.5986,261.7211,268.8306,263.1545,263.0824,258.6137,252.5125,240.4780,243.6422,301.4796,297.5423,267.0219,245.5819,246.8499,249.8748,250.0410,250.7794,251.3468,251.6859,251.1968,250.7531,292.9240,249.4884,249.4268,248.0539,244.3640,242.7505,281.5455,279.7524,264.4186,0.0000,285.7825,290.9088,250.7823,245.6061,271.4338,249.8153,249.5673,252.3724,257.3406,257.8511,244.6791,250.5845,267.6623,297.4444,252.4590,248.5392,247.1194,254.4479,269.3339,247.4463,263.2317,261.7634,250.4810,251.2060,243.3648,251.7243,255.3103,300.1031,253.6348,249.1705,249.2147,242.0846,238.3442,244.5784,285.9094,245.6079,256.6198,250.8011,251.2178,251.5119,255.0965,244.9368,246.6081,243.8042,242.6699,261.7186,242.8588,242.6327,240.5404,257.4489,258.3471,304.6392,304.6393,299.4050,244.9232,255.8593,236.6086,247.9807,244.3423,246.7418,246.5626,253.8577,0.0000,252.6328,244.4837,263.6814,263.6940,246.7538,246.2586,299.2253,252.7614,249.5793,263.7560,256.2818,251.4013,256.5293,290.4523,262.3117,279.3906,299.1038,328.1019,302.8744,287.9550,241.8335,264.7499,264.3879,261.5222,267.6156,259.4694,248.4172,254.3234,254.9044,291.7850,298.1718,252.8193,262.7979,264.7793,264.8613,263.7868,261.7186,264.7313,264.1534,265.2856,264.8836,264.6330,260.5538,249.4884,242.7546,246.5647,0.0000,249.3913,250.4006,249.3914,244.0737,244.1677,247.0923,246.5980,251.0722,302.9794,245.0973,250.5879,249.7905,250.7535,249.3567,253.3164,262.8105,243.4849,249.3567,256.5248,256.9685,298.3423,299.0157,305.4161,253.8577,262.1289,253.8577,260.2432,259.1678,246.6873,247.6702
42.0000,271.9408,244.1983,244.5990,244.3525,238.1493,249.4881,247.7697,294.9674,250.1522,299.9494,283.7791,297.3236,249.6756,259.3639,241.2012,241.1968,247.9740,246.0664,250.9544,241.7461,246.3484,245.7752,245.9923,244.9743,251.8792,254.7324,255.2206,264.7059,300.0661,243.8644,244.7776,245.1007,301.6018,273.1996,271.3568,290.7282,249.5633,266.3040,249.7561,272.8159,290.2949,280.2785,283.5475,291.8705,305.0299,252.8484,263.5317,262.5947,237.9441,265.8572,263.7301,260.3367,267.4046,260.2704,267.3188,262.4978,245.4953,265.5167,246.7818,261.9724,258.6328,259.0028,263.9554,264.3140,257.9312,258.6081,259.0773,264.9613,260.5717,261.6198,268.8559,263.1317,262.9340,258.6675,252.2445,239.8183,242.9824,300.6714,296.7837,266.9266,245.7283,246.4076,249.6546,249.8149,250.5518,251.1132,251.4562,250.9702,250.5225,292.5907,249.1546,249.1961,247.7939,244.0437,242.3098,281.1426,279.4443,264.4487,0.0000,285.1122,290.2187,250.5664,245.4441,271.1731,249.8330,249.5556,252.4322,257.3853,257.9036,244.4590,250.2309,267.6527,296.6880,252.0915,248.5756,247.4943,254.2548,268.9624,247.2517,262.3646,261.8728,250.2509,250.9847,242.7984,251.2464,255.3300,299.4886,253.7244,248.6871,248.7313,241.4215,238.1732,244.5578,285.5815,245.2787,256.6323,250.5751,250.9889,251.2828,254.4834,244.9319,246.6121,243.6264,242.4929,261.8327,242.7508,242.4735,240.3679,257.4661,258.3630,303.9582,303.9583,298.8694,244.5582,255.4191,236.6656,247.2513,243.8748,246.4858,246.3745,253.9556,0.0000,252.6977,244.3465,263.6108,263.6190,246.5668,246.1046,298.5375,252.3655,249.2447,263.7104,256.2818,251.4324,256.5269,290.0338,262.4239,278.9556,297.8568,326.9417,302.0400,287.6234,241.5886,264.6272,264.2840,261.5092,267.5598,259.6075,248.3713,254.2181,254.7370,290.8345,296.9611,252.8460,262.9243,264.9688,265.0548,263.9649,261.8327,264.9202,264.2608,265.3980,265.0776,264.8175,260.6534,249.1546,242.3139,246.3765,0.0000,249.1054,250.1797,249.1056,243.8872,243.9700,246.7958,246.1032,250.9914,302.1528,244.7788,250.6621,249.8155,250.7999,249.0709,253.2578,262.6390,243.1300,249.0708,256.4813,256.8961,297.5744,298.2361,304.5528,253.9556,262.2544,253.9556,260.5838,259.1726,246.4037,247.1675
43.0000,271.9408,244.2801,244.6596,244.3654,238.2577,249.4953,247.7994,294.9674,250.0816,301.3900,285.8436,298.8777,249.5097,259.3639,241.0244,241.0243,247.8490,245.9911,250.8106,241.4840,246.3225,245.7765,246.0003,244.9469,251.9086,254.7563,255.2418,265.1486,302.8855,243.9656,244.7836,245.0628,305.4646,272.9412,271.2591,292.6280,249.4814,266.4274,249.6687,272.7734,289.3783,281.2714,285.6830,290.8749,308.7857,253.0707,263.2852,262.4244,237.8286,265.4466,263.3748,261.2237,266.8960,259.7994,267.2172,263.2206,245.5406,264.8811,246.9659,261.1518,258.2830,258.6790,263.4187,263.7364,257.4585,258.2269,258.6554,264.5645,260.0538,260.9595,268.3888,262.5491,262.2703,258.3173,252.1163,240.1307,243.2430,303.4637,299.0617,267.2121,245.9230,246.3240,249.5710,249.7374,250.4871,251.0479,251.3302,250.8625,250.4510,293.0535,248.9646,249.1109,247.6795,244.0124,242.4001,281.8620,280.0436,265.1062,0.0000,287.3265,292.3020,250.4377,245.4219,270.8385,249.6843,249.4032,252.1515,257.0373,257.5546,244.4340,249.9984,267.1976,299.0537,251.8143,248.5558,247.3215,253.6961,268.4764,247.3516,263.0785,261.5426,250.1507,250.8860,242.9955,251.3789,255.2372,300.9470,253.3862,248.8251,248.8692,241.7207,238.0572,244.5861,286.1214,245.2631,256.3340,250.4958,250.8747,251.1593,254.7551,244.9207,246.6213,243.5524,242.4188,261.5009,242.7508,242.3567,240.2509,257.1174,257.9872,303.6234,303.6235,298.8937,244.5872,254.9349,236.6651,246.5665,243.4671,246.4153,246.4309,253.6122,0.0000,252.4966,244.3605,263.2589,263.2484,246.6116,246.1790,300.4268,252.0244,249.0516,263.5589,256.2818,251.2697,256.5190,288.2230,262.6605,278.3577,298.8003,325.1102,305.7937,288.1423,241.4379,264.0556,263.7603,261.0576,266.9501,259.1187,248.3836,254.2025,254.7588,289.8902,297.6533,252.8798,262.8159,264.7052,264.7912,263.6739,261.5009,264.6563,263.8716,264.9952,264.8134,264.5694,260.3462,248.9646,242.4043,246.4333,0.0000,249.0091,250.1079,249.0093,243.8072,243.8775,246.6937,246.0900,250.8268,305.3051,244.7849,250.5990,249.6712,250.6709,249.0092,253.2018,261.9271,242.9932,249.0092,256.5890,256.8961,300.0490,300.8318,308.3083,253.6122,262.1530,253.6122,260.0874,258.7824,246.1876,247.3340
44.0000,269.6230,244.0112,244.3544,244.2956,238.4243,248.0245,246.2943,277.3877,249.8472,281.0666,267.0148,278.4207,249.5051,254.8952,241.7611,240.9961,250.1217,248.6739,251.1330,241.0224,245.4653,243.4192,244.1799,244.5392,249.7392,252.8846,253.4789,257.9252,281.2678,243.7199,244.6512,244.9092,283.4869,270.3040,268.0787,272.4110,249.2009,261.0835,249.2722,270.3804,285.4475,265.2375,267.7006,286.8053,286.4422,252.5468,262.8320,262.0041,237.9792,265.0744,263.0872,260.6315,266.6468,259.4061,266.3596,262.4198,247.2317,264.3197,246.5056,260.1443,258.0329,258.4218,262.9698,263.2556,257.4585,257.9571,258.3596,264.1783,259.6686,260.4920,267.9731,262.0074,261.5554,258.0666,251.8613,240.0071,242.9715,281.7624,278.0773,260.2079,245.7993,248.9734,249.2881,249.4095,250.2187,250.7270,251.0456,250.5848,250.1200,276.0922,249.3285,248.8911,248.3787,244.4834,242.6697,266.3151,267.0675,257.9508,0.0000,266.3197,271.4845,249.9831,244.9946,268.1394,249.8704,249.6062,252.1134,256.8278,257.3243,244.3957,250.3047,266.7771,277.8766,251.9549,246.6558,245.0802,253.0116,265.6316,247.4873,262.2456,261.1985,249.8897,250.6392,242.7832,250.9157,252.7133,280.6345,253.2451,248.3726,248.4167,241.5349,238.3386,242.7549,271.3264,245.1024,254.1364,249.9483,250.5869,250.8391,254.0913,244.8093,246.0112,243.7099,242.5754,261.1591,242.6855,242.7226,240.5350,256.9205,257.7273,285.2344,285.2344,281.1254,244.4275,254.8915,237.2077,246.6066,243.9127,246.9822,246.4992,253.4684,0.0000,252.7461,244.2951,262.9730,262.9274,246.6729,246.3570,279.6933,252.1558,249.4102,263.5083,256.2818,251.5802,256.5164,285.6580,256.6817,275.1873,293.6000,303.8891,283.7924,272.7272,241.4081,263.5630,263.3132,260.7121,266.1114,258.8620,246.8114,252.4205,252.8907,285.5104,292.5556,250.7122,262.4456,264.2388,264.3268,263.2902,261.1591,264.1913,263.4765,264.6010,264.3475,264.1310,260.0314,249.3285,242.6738,246.5015,0.0000,250.6807,249.8719,250.6807,244.0428,244.2952,247.2518,248.1995,251.5543,283.4229,244.6526,250.9646,249.8587,251.0213,250.6807,251.3360,261.1223,244.4971,250.6807,252.9527,256.8961,278.7652,279.4781,286.0194,253.4684,261.7798,253.4684,259.8686,258.5026,245.8900,246.8838
45.0000,266.8788,242.7747,243.0793,243.2063,237.7378,247.3649,245.7126,274.9325,248.3584,278.3666,264.9371,275.8631,248.2435,253.4229,241.0608,240.2096,249.6885,248.4212,250.1623,239.6747,244.8964,244.0484,244.3374,243.7219,249.0568,251.8777,252.3951,256.4796,278.3953,242.5080,243.3110,243.5225,280.4263,267.4006,265.5519,270.0985,247.7259,259.5989,247.8694,267.5773,281.4517,263.1246,265.6273,282.7018,283.2137,251.3379,261.8558,261.0716,237.2352,264.4675,262.5581,259.3145,266.2441,258.4490,265.0036,260.8499,246.7088,263.4000,245.3289,258.6331,257.0580,257.4503,262.0885,262.3447,257.4585,257.0506,257.4696,263.1262,258.5754,259.3113,267.2625,260.8628,260.3517,257.0918,250.8916,238.9840,241.8191,278.8499,275.4433,258.7353,244.2125,248.8585,247.8107,247.9391,248.7070,249.1933,249.5074,249.0705,248.6145,273.7878,247.8835,247.5122,247.0208,243.2393,241.5045,264.2679,265.1038,256.7461,0.0000,264.2570,269.2018,248.5545,244.1264,265.4012,248.8917,248.6283,251.1543,255.8680,256.3542,243.9238,248.8214,266.0298,275.2440,250.4250,246.2712,246.1728,250.1693,263.2071,246.1244,260.6574,260.2063,248.4367,249.1451,241.6381,249.7674,251.2445,277.9573,252.2930,247.2267,247.2706,240.4497,237.6221,242.7549,269.2217,243.7352,252.5557,248.4707,249.0820,249.3230,252.7890,244.0896,245.3284,242.7632,241.7783,260.1712,241.6023,241.8252,239.7124,255.9827,256.8172,282.7399,282.7400,278.6926,243.1185,253.0913,236.8202,245.2063,242.9240,245.6850,245.1642,252.5160,0.0000,251.7342,243.1998,262.4453,262.3520,245.3386,245.0781,277.0160,250.5186,247.9601,263.2233,256.2818,250.5976,256.5015,283.3649,255.2183,271.8885,288.6256,299.6012,280.7223,270.5693,240.6683,262.6925,262.4895,259.7586,265.2790,258.2132,246.2813,251.6420,251.8914,281.3576,287.6788,250.0420,261.4734,263.2497,263.3382,262.3284,260.1712,263.2024,262.4288,263.5468,263.3578,263.1363,259.0550,247.8835,241.5086,245.1664,0.0000,250.0691,248.3822,250.0690,243.0420,243.2593,245.9152,247.7800,250.6630,280.4253,243.3127,249.9919,248.8818,250.0503,250.0691,249.9077,259.8242,243.9730,250.0691,252.0313,256.8961,276.0712,276.7289,282.8162,252.5160,260.8183,252.5160,258.9051,257.5965,244.2952,245.7190
46.0000,264.5065,241.1642,241.4252,242.1424,237.0106,246.8565,245.2937,271.5809,246.8409,274.8450,262.4218,272.5564,246.7417,251.9622,240.3541,239.5791,248.3393,247.1166,249.3132,238.0605,244.1680,243.3946,243.6823,242.9109,248.4857,251.3085,251.7882,254.8415,274.8235,240.9181,241.8594,242.0382,276.7414,264.9942,263.3700,267.2089,246.2108,258.1436,246.4062,265.1553,278.0209,260.6142,263.1101,279.1799,279.4237,250.4194,261.2654,260.5401,236.8415,264.0541,262.2120,258.2655,265.9828,257.7231,263.9018,259.5630,245.2608,262.7713,244.4133,257.6330,256.3524,256.7561,261.4857,261.7240,257.4585,256.3635,256.7835,262.3770,257.7423,258.3744,266.7865,260.0427,259.4654,256.3863,250.1974,237.3436,239.9704,275.2115,272.1448,257.1496,243.4875,247.5109,246.2921,246.4261,247.1667,247.6263,247.9288,247.5220,247.0703,270.6872,246.3727,246.0697,245.5755,241.8458,240.0240,261.7849,262.6968,255.0730,0.0000,261.7550,266.3676,247.0268,243.2574,263.1850,248.0967,247.8145,250.3944,255.1515,255.6416,243.0675,247.2714,265.5154,271.9528,248.8466,245.9160,245.3515,248.7293,261.3527,244.8110,259.3478,259.5174,246.9305,247.6062,240.0151,248.8994,249.7661,274.4830,251.5550,246.3507,246.3945,238.6960,237.6221,242.7549,266.4907,242.2620,251.0115,246.9387,247.5393,247.7800,251.7959,244.0098,245.0971,242.1795,241.7180,259.4868,240.5396,241.3358,239.3042,255.2699,256.1268,279.0665,279.0666,275.2652,241.6335,251.3195,236.5605,243.9889,241.9969,244.3466,243.9026,251.7762,0.0000,250.8977,242.1301,262.0988,261.9630,244.0652,243.8155,273.6071,248.8832,246.4459,263.1269,256.2818,249.7472,256.4965,281.3432,253.6574,269.1795,284.7371,294.3977,277.0348,267.7308,240.0048,262.0985,261.9272,259.0985,264.5657,257.6934,245.8444,251.1443,251.3244,278.0133,283.8643,249.4707,260.8570,262.6396,262.7274,261.6724,259.4868,262.5920,261.6814,262.7981,262.7484,262.5196,258.3839,246.3727,240.0281,243.9047,0.0000,248.8579,246.8636,248.8579,242.3349,242.4830,244.4697,246.3752,249.6678,276.7720,241.8611,249.1292,248.0886,249.1919,248.8579,248.4448,258.9029,243.0310,248.8579,251.1524,256.8961,272.7072,273.3051,279.0426,251.7762,260.1938,251.7762,258.1118,256.9125,242.7810,244.8175
47.0000,268.6699,240.0388,240.2824,241.0314,235.7747,246.6271,244.9106,270.4802,245.3631,272.8481,260.7610,270.5661,245.3152,250.1896,239.8336,238.6609,247.5651,246.3788,248.6235,236.6662,243.4974,242.6098,242.9300,242.1209,248.3144,251.1392,251.6357,253.3648,272.5979,239.8131,240.6297,240.8184,274.3850,268.0294,266.2077,265.4061,244.7311,258.2446,244.9575,269.2877,281.5241,259.4414,261.4435,282.6261,276.9527,249.4573,260.6751,259.9555,236.4706,264.6105,262.5106,256.9978,266.4700,257.2571,263.7858,258.2422,244.3847,262.7250,243.4743,256.8547,255.8271,256.2204,261.4249,261.6619,257.4585,255.9445,256.3548,261.8440,257.1717,257.7828,267.8685,259.4482,258.8689,255.8611,249.5807,236.3318,238.9454,272.9478,270.1400,256.6386,242.3455,246.8276,244.8094,244.9504,245.6712,246.1081,246.4070,246.0186,245.5699,269.3903,245.0129,244.6518,244.2501,240.6572,238.8982,260.8522,261.7501,253.6073,0.0000,260.0825,264.5689,245.5291,242.4990,265.4858,247.4244,247.1354,249.8008,254.6316,255.1149,241.1356,245.8748,266.5026,269.9318,247.4354,245.4625,244.6976,247.2899,262.2091,243.5221,258.0975,258.9635,245.4618,246.0951,238.9355,248.0389,248.1162,272.4872,250.9968,245.4832,245.5268,237.6753,237.6221,242.7549,265.3785,241.0066,249.2657,245.4401,246.0392,246.2719,250.7616,244.0610,245.0552,241.1377,240.2636,258.9385,239.4289,240.8106,238.8862,254.7835,255.6984,277.3490,277.3490,273.7293,240.4340,249.6327,236.4594,242.9684,241.2777,243.0998,242.6626,251.2158,0.0000,250.1670,241.0121,262.3993,262.2438,242.8163,242.5937,271.6210,247.3680,245.0816,263.2439,256.2818,249.0620,256.5026,279.6199,252.0372,272.1931,287.8544,291.4081,274.6735,266.5643,238.9376,262.0762,261.9475,258.8188,263.9429,257.3356,245.4550,250.8659,251.1520,280.9457,286.9294,249.2922,260.1987,262.0475,262.1350,261.1120,258.9385,262.0003,261.1228,262.2649,262.1550,261.9230,257.8327,245.0129,238.9023,242.6645,0.0000,248.1020,245.3849,248.1020,241.3791,241.5531,243.1793,245.5483,248.9403,274.4609,240.6315,248.4294,247.4173,248.4894,248.1020,246.8781,258.2505,242.4250,248.1020,250.8780,256.8961,270.6353,271.1823,276.5892,251.2158,259.5232,251.2158,257.4904,256.4900,241.4317,243.8971
48.0000,268.3907,237.9714,238.1780,239.3722,234.4471,247.4644,245.8507,266.8091,243.1514,268.4570,257.5388,266.3908,243.3026,248.4978,238.3098,237.2317,245.5304,244.3846,246.9236,234.4781,242.5592,240.9082,241.4439,240.8815,250.1308,253.2130,253.7653,251.7762,267.2096,237.7668,238.5888,238.7489,267.4587,267.8915,266.0669,261.7168,242.5387,258.2849,242.8305,268.9734,280.5006,256.8802,258.2894,281.5385,269.9176,247.5106,259.2203,258.5050,235.2106,263.8165,261.8961,254.5009,265.5119,255.7851,261.8000,255.6445,242.3222,261.7409,241.5368,255.1319,254.4240,254.8138,260.4059,260.6390,256.7778,254.5143,254.9298,260.3698,255.7473,256.3523,266.7498,258.0406,257.2187,254.4577,247.9687,234.2931,236.7342,267.5208,265.5149,256.0862,240.7097,244.7880,242.6157,242.8146,243.4024,243.7902,244.1413,243.7759,243.3332,266.1127,242.7891,242.5310,242.1295,238.6336,236.8716,258.4999,259.6323,252.0208,0.0000,256.8416,260.8809,243.3617,241.2818,265.6344,245.8051,245.5186,248.2955,253.2044,253.6998,239.5664,243.6095,265.3662,265.2863,245.0959,246.2026,243.3549,245.0529,262.9220,241.5111,255.5227,257.5248,243.2771,243.8817,236.8787,246.1730,246.1829,268.1305,249.5414,243.6066,243.6499,235.5667,236.5632,250.1469,262.7337,238.9416,247.1570,243.2596,243.8032,244.0205,248.7602,243.8336,245.2412,239.5117,238.5984,257.4995,237.7714,239.3898,237.5601,253.3414,254.2649,273.5524,273.5524,270.1529,238.3919,247.0831,235.4477,240.9619,239.5637,241.0720,240.7070,249.7591,0.0000,248.3791,239.3436,261.7794,261.5329,240.8549,240.6879,267.0967,244.9673,242.8528,262.9993,256.2818,247.3330,256.4898,277.8598,250.3994,272.0967,288.2948,286.3963,267.8829,263.7392,237.4882,261.1083,261.0033,257.6081,263.2872,256.1073,246.3404,252.3455,253.2069,281.2523,287.3361,251.1241,258.7655,260.5856,260.6719,259.6551,257.4995,260.5388,259.6421,260.7864,260.6926,260.4590,256.4108,242.7892,236.8756,240.7088,0.0000,246.1580,243.1720,246.1580,239.7263,239.8749,241.0712,243.4949,247.1385,268.5373,238.5908,246.7138,245.7980,246.7828,246.1580,244.9087,256.5780,240.7159,246.1580,251.9709,256.8961,265.8019,266.1708,269.5931,249.7591,258.0948,249.7591,255.9955,255.0566,239.3172,241.9807
