"ETAPA \ BARRA","AGUAYTIA 220","BALNEARIO 220","BALNEARIOS 60 A","CALLAHUANCA 220","CALLAHUANCA 60","CARHUAMAYO 220","CARHUAMAYO NUEVA 138","CARHUAQUERO 220","CHAVARRIA 220 A","CHICLAYO OESTE 220","CHIMBOTE 220","GUADALUPE 220","HUACHIPA 60","HUACHO 220","HUANCAVELICA 220","HUAYUCACHI 220","ICA 220","INDEPENDENCIA 220","MARCONA220","MOYOPAMPA 60","OROYA NUEVA 220","OROYA NUEVA 138","OROYA NUEVA 50","PACHACHACA 220","PARAGSHA2 220","PARAGSHA 138","PARAGSHA 50","PARAMONGA NUEVA 220","PIURA OESTE 220","SAN JUAN 220","SANTA ROSA 220 A","SANTA ROSA EDS 60","TALARA 220","TINGO MARIA 138","TINGO MARIA 220","TRUJILLO 220","VENTANILLA 220","VIZCARRA 220","ZAPALLAL 220","AGUAYTIA 138","PUCALLPA 138","HUALLANCA 138","CHIMBOTE 138","PUCALLPA 60","ZORRITOS 220","ABANCAY NUEVA 138","ARICOTA138","ARICOTA II 66","CAMPO ARMINO 220","AYAVIRI138","AZANGARO 138","CACHIMAYO 138","CALLALLI 138","CERRO VERDE 138","COMBAPATA 138","DOLORESPATA 138","DESIERTO220","JULIACA 138","MACHUPICCHU 138","MOLLENDO 138","MOQUEGUA 220","MOQUEGUA 138","PUNO 220","PUNO 138","SANTUARIO 138","SOCABAYA 220","SOCABAYA 138","ILO 138","LOS HEROES 220 A","LOS HEROES 66","TINTAYA 138","TOMASIRI 66","REPARTICION 138","ILO2 220","COTARUSE 220","CHILCA REP 220","CANTERA 220","PIURA OESTE 60","LA NINA 220","CONOCOCHA 220","HUINCO 220","INDEPENDENCIA 60","CHILLON 220","CHILLON 60","CHAVARRIA 60 A","CHAVARRIA 60 B","BARSI 60","BARSI 220","OQUENDO 60","CAJAMARCA 220","PLANICIE 220 A","CARABAYLLO 220","CARABAYLLO 500","CHILCA CTM 500","CHILCA CTM 220 A","KIMAN AYLLU 138","KIMAN AYLLU 220","PARAMONGA EXISTENTE 138","MACHALA 200","CHIMBOTE 500","TRUJILLO 500","HUARANGAL 60","POMACOCHA 220","PIEDRA BLANCA 138","POROMA 220","POROMA500","OCONA 500","MONTALVO 500","MONTALVO 220","HUANZA 220","INDUSTRIALES 220 A","TINTAYA 220","LA NINA 500","INDUSTRIALES 60","CARHUAMAYO 50","CARIPA138","HUAMPANI 60","HUANUCO 138","REFINERIA ZINC 220","QUENCORO 138","ILO 3 220","MIRADOR 220","MIRADOR 60","ALTO PRADERA 220","ABANCAY NUEVA 220","LOMERA 220","REQUE 220","SAN JOSE 500","SANTA TERESA 220","SURIRAY 220","ASIA 220","CERRO DEL AGUILA 220","CHAGLLA 220","RAMADA 220","SANTA ROSA LDS 60","LOMERA 60","ZAPALLAL 60","MALVINAS 220","MALVINAS 60","ABANCAY 138","YAUPI 138","SANTA ISABEL 220","YANANGO 220","CHIMAY 220","ILO3 138","MATUCANA 220","COLCABAMBA 500","COLCABAMBA 220","YARABAMBA 500","YARABAMBA 220","BELAUNDE 220","BELAUNDE 138","CACLIC 220","INDUSTRIALES 220B","PLANICIE60","COBRIZAI 69","MOLLEPATA 60","MOLLEPATA220","CARAPONGO 500","CARAPONGO 220 A","SAN JOSE 220","MARCONA 60 A","SAN NICOLAS 60","CALLAHUANCA EDN 220","PUMIRI138","PUMIRI220","SAN MIGUEL 220","SAN MIGUEL 60","FELAM 220","MANCHAY 60","MANCHAY 220","SAN RAFAEL 138","SAN GABAN 138","MARCONA 60 B","ANGEL 138","PTO MALDONADO 138","MEDIO MUNDO 220","AUCAYACU 138","BELLAVISTA 138","TARAPOTO 138","PARINAS 220","PAMPA HONDA 220","ORCOTUNA 220","SAN ROMAN 138","SAN ROMAN 220","CHILOTA 220","MAZUCO 138","JESUS 138","CARHUAMAYO 138","CINCO MANANTIALES 138","OXIDOS CERRO 138","TOCACHE 138","JUANJUI 138","FRANCOISE 220","BOTIFLACA 138","MILL SITE 138","PLAZA TOQUEPALA 138","QUEBRADA HONDA 138","PANAMERICANA SOLAR 138","TOQUEPALA 138","ILO ELS 138","REFINERIA 138","LIXIVIACION 138","PUSHBACK 138","INTIPAMPA 138","PLANICIE 220 B","CHILCA CTM 220 B","CARAPONGO 220 B","CHILCA 1 220","DERIVACION 220","CHAVARRIA 220 B","DERIVACION 220  BARRA II","CAMPAS 220","CAMPAS 500","PLANICIE 500","NUEVA CHINCHA 220","CAHUACHI 220","VALLE DEL CHIRA 220","SANTA ROSA 220 B","ERSUR 220","FLAMENCO220","BARRA3HERMANAS","BARRAPTALOMITAS","PUERTO CHANCAY 220","CHAPARRAL 138","CHIRIBAMBA 220","BARRAPTALOMITAS2","YSHCAYUCRO 220","PAQUILLUSI 220","MIGUEL GRAU 500","MIGUEL GRAU 220","ALIPIO ROSALES 220","SUNNY","CUAJONE 138","SAN MARTIN 220","SAN LUIS 220","CERRO VERDE 220","PORTILLO 60","SURIRAY138"
1.0000,272.6958,258.9334,259.0424,260.5061,255.9315,266.8642,265.4512,289.8256,264.4317,292.6418,280.3903,290.3917,262.3151,270.2756,259.9774,259.0009,265.4252,264.6666,267.5311,255.5893,263.3338,262.0204,262.4899,261.9474,269.4476,271.8845,272.3328,273.3371,292.8826,258.7846,259.5866,259.8213,294.6723,274.6203,274.6337,285.0186,263.7650,276.6312,264.1758,273.2411,284.0150,279.4122,281.1875,284.9848,296.8749,268.7804,285.0808,284.3763,257.2930,285.8077,282.7356,276.7261,290.3323,280.7567,284.9102,277.9312,263.2602,284.4366,262.1850,282.3702,279.4895,279.9496,283.4192,283.7329,281.8170,279.3891,279.8777,286.1824,280.8901,281.4685,291.0388,284.1566,281.9347,279.5336,269.0562,255.5216,261.4273,293.2931,290.2153,276.2306,261.8971,265.2384,263.8438,264.0120,264.7159,265.1371,265.4811,265.0945,264.6100,289.4957,264.2966,263.8894,263.5734,259.9840,258.1805,281.0891,282.2970,273.5939,0.0000,279.7445,284.1078,264.6556,262.3977,274.5152,268.0245,267.8930,272.6251,278.1598,278.7184,260.3232,265.0977,289.4519,289.8764,266.5841,266.0985,264.0949,273.4399,276.1433,262.7509,277.8183,282.9932,264.6255,265.2647,257.9698,267.2198,267.7547,292.2862,274.7554,264.3984,264.4461,258.0051,259.2238,269.4637,285.7626,259.9467,268.6793,264.5039,265.1352,265.3459,270.1659,261.8254,263.8657,260.5640,258.5029,282.9625,258.7759,261.5009,259.7131,278.0403,279.1142,298.6939,300.4586,294.4356,259.3947,268.7864,257.4622,262.7861,261.3161,262.4649,261.8943,274.9996,0.0000,270.9261,260.4786,282.7479,283.3002,261.9544,261.3801,291.5559,266.6792,264.3620,279.8801,269.0534,268.1517,269.4334,290.1711,272.0872,280.2756,307.2156,310.3255,295.0199,286.8794,259.0994,283.8998,283.6497,281.7035,275.9198,281.1198,265.9848,271.7559,271.9033,292.8316,305.1175,270.5925,284.5283,286.5203,286.6117,285.3692,282.9625,286.4679,285.3398,286.6488,286.6352,286.3912,281.7673,264.2966,258.1848,261.8962,0.0000,264.0195,264.4534,264.0194,261.0918,261.3877,262.4769,264.2901,267.1428,294.7752,259.5888,265.1771,268.0125,266.8435,262.3956,266.4134,282.0682,261.8375,262.3948,271.5425,276.8009,290.6718,291.3126,296.5793,274.9996,283.7880,274.9996,278.4766,279.9824,261.2640,262.6626
2.0000,272.6958,258.3048,258.3883,260.1901,255.7533,266.7891,265.3869,290.9009,263.8666,292.6045,280.1608,290.2733,261.6631,269.9665,259.8534,258.8571,265.1291,264.3393,267.2661,255.0505,263.2438,262.0651,262.4899,261.8192,269.3521,271.7140,272.1482,272.9683,292.4537,258.1696,259.0378,259.2504,294.1938,274.5230,274.5614,284.7786,263.2091,276.5173,263.6983,273.2182,283.5333,279.2813,281.0173,284.4615,296.3332,268.4270,284.8647,284.1812,257.2930,285.7377,282.6519,276.0824,290.3507,280.5501,284.4490,277.2204,262.8281,284.2675,261.8051,282.1297,279.2788,279.7389,283.2522,283.5580,281.8170,279.1956,279.6820,285.9462,280.6198,281.1561,290.9580,283.7966,281.6947,279.3229,268.8758,254.9040,260.9382,292.8409,289.9204,276.0931,261.4549,264.9458,263.2853,263.4510,264.1241,264.5196,264.8978,264.5221,264.0168,289.8466,263.7946,263.4284,263.1325,259.5292,257.6673,280.9889,282.3111,273.0263,0.0000,279.4754,283.8495,264.1437,262.2155,274.3320,267.8149,267.6765,272.4172,277.9485,278.5079,259.9595,264.5733,289.3438,289.5638,266.0601,266.0591,264.1390,273.1651,275.7848,262.2849,277.1175,282.7760,264.1110,264.7449,257.3449,266.8975,267.3700,292.2360,274.5484,264.0581,264.1058,257.4455,259.4284,269.3676,285.9137,259.3834,268.2923,263.9371,264.5743,264.7731,269.7910,261.8426,263.8516,260.8639,259.6887,282.7485,258.4575,261.5324,259.7479,277.8328,278.9202,298.7225,300.4785,294.6033,258.8299,268.0752,257.7059,262.3116,261.0619,262.0641,261.4521,274.7929,0.0000,270.6437,260.1581,282.6643,283.2027,261.5034,260.9206,291.3776,266.0843,263.8562,279.8169,269.0534,267.8785,269.4302,289.5045,271.7407,280.1226,306.7185,309.7897,294.5414,287.0833,258.9231,283.7395,283.4966,281.5190,275.6968,280.9582,265.9216,271.6508,271.7351,292.5390,304.6421,270.4924,284.2889,286.2971,286.3885,285.1806,282.7485,286.2448,285.1011,286.4143,286.4113,286.1733,281.5532,263.7946,257.6715,261.4539,0.0000,263.6341,263.8880,263.6340,261.1900,261.3893,262.0116,263.8938,266.8319,294.3120,259.0400,264.8213,267.8028,266.5898,261.9449,265.9973,281.8280,261.6331,261.9442,271.4342,276.8009,290.3316,290.9373,296.0477,274.7929,283.5249,274.7929,278.2739,279.7906,260.7401,262.2965
3.0000,272.6958,258.0102,258.0840,259.9766,255.7146,266.7279,265.3372,290.0318,263.3994,291.6446,279.4175,289.4385,261.0766,269.5058,259.7896,258.7500,264.7523,264.1299,267.0200,254.6956,263.1607,262.0905,262.4899,261.6928,269.2707,271.6639,272.0796,272.5851,291.4139,257.8835,258.6930,258.9158,293.1394,274.3861,274.4543,283.9457,262.7404,276.2993,263.2500,273.2048,283.2504,278.6560,280.2454,284.1543,295.2350,268.2493,284.6979,284.0254,257.2930,285.6488,282.5672,275.7020,290.2778,280.3893,284.1268,276.8112,262.6151,284.1294,261.6023,282.0223,279.0963,279.5548,283.1043,283.4027,281.8170,279.0164,279.5055,285.7694,280.4144,280.9337,290.8396,283.6619,281.5874,279.1405,268.7662,254.7043,260.7393,291.7756,288.9790,275.7788,261.0997,264.7545,262.8151,262.9821,263.6608,264.0558,264.3945,264.0334,263.5505,289.0559,263.3422,262.9941,262.7329,259.1925,257.3794,280.4329,281.7381,272.8262,0.0000,278.7480,283.0336,263.6495,262.0795,274.1607,267.5964,267.4624,272.2325,277.7708,278.3267,259.7186,264.0960,289.2168,288.6199,265.5286,266.0841,264.1096,273.5703,275.5335,261.9072,276.7196,282.5912,263.6432,264.2479,257.0881,266.7272,266.8548,291.2961,274.3787,263.8754,263.9230,257.2584,259.3383,269.2842,285.2514,259.0294,267.5402,263.4570,264.0862,264.2792,269.6200,261.8567,263.8401,260.7138,259.6887,282.5661,258.3336,261.3780,259.6578,277.6563,278.7404,297.6585,299.3502,293.6588,258.4993,267.4284,257.9444,262.0608,260.9458,261.7052,261.0968,274.6253,0.0000,270.1554,259.9426,282.5795,283.1085,261.1389,260.5461,290.4301,265.5375,263.4011,279.6722,269.0534,267.6095,269.4227,288.9573,271.3205,279.8115,305.5458,308.3990,293.4924,286.3869,258.7962,283.6022,283.3617,281.3503,275.5083,280.8147,265.8792,271.6086,271.6853,291.8610,303.5464,270.4419,284.0905,286.1227,286.2140,284.9882,282.5661,286.0704,284.9122,286.2380,286.2375,285.9782,281.3717,263.3422,257.3836,261.0985,0.0000,263.1453,263.4201,263.1452,260.9974,261.1775,261.6229,263.6745,266.5094,293.2586,258.6953,264.5993,267.5848,266.3663,261.3526,265.5444,281.7208,261.5118,261.3515,271.2814,276.8009,289.3634,289.9465,294.9573,274.6253,283.3294,274.6253,278.1373,279.6088,260.4825,262.1010
4.0000,272.6958,258.1464,258.2057,260.1222,256.1210,266.7515,265.3909,289.9042,263.4613,291.4414,279.3807,289.2562,261.1577,269.5449,259.8608,258.6898,265.2591,264.3842,268.6207,255.5484,263.2230,262.0658,262.4899,261.8008,269.2900,271.6703,272.0898,272.5909,291.2177,258.0263,258.8550,259.1201,292.9150,274.3787,274.4442,283.8466,262.8056,276.3221,263.3651,273.1855,282.8457,278.6411,280.2012,283.7148,294.9798,268.8155,287.2260,286.5290,257.2930,286.8477,283.5921,276.3070,291.0399,282.5434,285.1845,277.4436,262.8334,285.6473,262.1724,284.1364,281.8560,282.3150,284.8069,285.1065,281.8170,281.2795,281.6673,288.5691,283.1878,283.7307,292.3480,286.4471,283.6983,281.9006,269.2698,254.9014,260.9347,291.5724,288.8170,275.7941,261.2688,265.0083,262.8788,263.0481,263.7022,264.0781,264.4416,264.0889,263.5917,289.0012,263.5053,263.1244,262.8847,259.4614,257.6211,280.4340,281.7457,272.8236,0.0000,278.7067,282.9416,263.7595,262.1847,274.1292,269.1579,268.9852,275.0732,280.5007,281.1091,259.6251,264.2437,290.8004,288.4607,265.6609,266.1035,264.0779,278.7459,275.4531,262.0551,277.3948,285.2919,263.7358,264.3073,257.2472,267.2666,266.9362,291.0963,277.8125,264.4178,264.4655,257.4473,259.3925,269.3033,285.2740,259.1797,267.6509,263.5226,264.1487,264.3345,270.1844,261.8472,263.8478,261.0006,260.0056,285.2563,258.3336,261.7458,259.8565,280.0209,281.0266,297.4535,299.1343,293.5319,258.6567,267.4852,257.6469,262.2744,261.0373,261.8842,261.2660,278.0605,0.0000,272.1902,260.0889,283.6143,284.2315,261.3040,260.6779,290.2459,265.6514,263.5620,280.2080,269.0534,269.2536,269.4503,288.5466,271.3380,279.7450,305.0592,307.8454,293.2676,286.3987,258.7310,285.1651,284.8903,283.5875,275.3516,282.2416,265.9245,271.6348,271.6917,291.6440,303.0978,270.4831,286.8359,288.6630,288.7596,287.6239,285.2563,288.6120,287.6680,289.0423,288.7813,288.4496,284.0715,263.5053,257.6254,261.2677,0.0000,263.9298,263.4817,263.9298,261.2878,261.4479,261.8152,263.9054,267.8684,293.0436,258.8573,266.3230,269.1477,267.9870,262.0957,265.6318,283.8326,261.6553,262.0945,271.2994,276.9822,289.1944,289.7704,294.7070,278.0605,286.1050,278.0605,281.5917,281.8851,261.7089,262.6668
5.0000,287.8058,257.9930,258.0411,260.1060,256.0240,267.8556,265.9925,290.4357,263.3192,291.6570,279.6387,289.4582,261.0034,270.1803,259.8149,258.6818,265.1800,264.2276,269.0200,255.1995,263.5524,261.9005,262.4899,261.9576,270.7689,273.3299,273.8787,273.5713,291.4004,257.8816,258.7141,258.9379,293.1699,286.4211,285.7639,284.0807,262.6775,279.8645,263.3269,288.3137,298.3285,279.5469,280.4990,299.2294,295.2086,268.7083,287.3672,286.6794,257.2930,286.9279,283.6573,276.0812,291.0429,283.0649,285.1026,277.1905,262.6666,285.7135,262.0626,285.7398,282.0288,282.4845,284.8962,285.1907,281.8170,281.4907,281.9097,288.7449,283.3276,283.8506,292.4409,286.5789,285.2991,282.0737,269.2298,254.7799,260.7522,291.7427,289.0183,277.9954,261.1851,264.8064,262.7485,262.9064,263.5354,263.8900,264.2614,263.9438,263.4238,289.7664,263.4304,263.0828,262.8360,259.4101,257.5447,281.5769,283.0342,273.8178,0.0000,278.9170,283.1655,263.7003,262.3448,284.2512,269.3866,269.1854,275.2673,280.6789,281.2853,259.6474,264.1523,290.9122,288.6637,265.5645,266.3813,264.1767,276.1515,281.8012,261.9590,277.1551,285.4498,263.6598,264.2525,257.1056,267.1727,267.2790,291.3096,277.9996,264.3197,264.3674,257.2835,259.6153,270.7824,286.3118,259.0335,268.0393,263.3951,264.0275,264.2363,270.0667,262.7165,264.8065,260.9525,259.7377,285.4165,258.3336,261.8555,259.9351,280.2095,281.2372,298.6342,300.1782,294.5102,258.5149,267.3407,257.6022,262.1763,260.9595,261.8317,261.1823,278.2481,0.0000,274.2695,260.0689,283.6821,284.3096,261.2177,260.6083,290.4688,265.5500,263.4854,280.2272,269.0534,269.8364,269.4513,288.0735,272.1623,290.8207,310.1215,310.9474,293.5367,287.3554,258.7276,285.2425,284.9713,283.7210,275.1871,282.3913,266.5304,272.7734,273.3335,300.3497,308.7685,271.9345,286.9432,288.7989,288.8940,287.7734,285.4165,288.7481,287.8296,289.2177,288.9161,288.5593,284.2318,263.4304,257.5489,261.1839,0.0000,264.0016,263.3393,264.0017,261.2789,261.4475,261.7553,263.7328,268.1348,293.2430,258.7165,266.7341,269.3769,268.4066,262.1808,265.8383,285.4342,261.5656,262.1796,273.0000,277.0583,289.3923,289.9622,294.9423,278.2481,286.2285,278.2481,281.7869,282.0907,261.0718,262.5615
6.0000,285.9248,256.5040,256.5442,258.7551,254.7636,266.7188,264.8833,288.0751,261.7195,289.3026,277.6159,287.1739,259.4834,268.4807,258.8808,257.6826,264.1422,263.0993,267.9439,253.5301,262.4090,261.0497,261.5486,260.7338,269.5404,272.0739,272.5896,271.8381,289.1320,256.3988,257.2041,257.4228,290.8482,284.5273,283.9388,281.9438,261.0795,278.2482,261.7375,286.4192,296.1665,277.4964,278.4442,297.0432,292.8441,267.7283,286.4827,285.8241,256.4461,286.2240,283.0843,275.0637,290.5938,281.1131,284.1392,276.1675,261.4257,284.9359,261.1239,271.4918,280.8361,281.2914,284.0635,284.3672,281.8170,280.2435,280.6040,287.4861,282.0928,282.5659,291.5904,285.3614,280.8251,280.8804,268.3075,253.3349,259.4719,289.4675,286.7870,276.3044,259.6818,263.7078,261.1493,261.3088,261.9337,262.2837,262.6428,262.3262,261.8213,287.4457,261.8525,261.5039,261.2821,257.9273,256.0765,279.5257,280.9622,272.0960,0.0000,276.9185,281.0595,262.0897,261.1200,282.4592,268.1875,267.9729,274.0383,279.4747,280.0853,258.3436,262.5577,290.0025,286.4431,263.9356,265.3586,263.2855,273.9516,280.1869,260.4344,276.1371,284.3431,262.0463,262.6007,255.6282,266.2195,265.6065,288.9664,276.7686,263.3802,263.4277,255.8864,258.5512,269.5515,284.0747,257.5152,266.2776,261.7901,262.4040,262.5967,269.0608,261.8523,263.8437,259.4433,257.8784,284.3254,257.0929,260.6349,258.8697,278.9972,279.9909,296.0875,297.5567,292.0675,257.0115,265.6553,256.9111,261.1159,259.9918,260.3157,259.6791,277.0124,0.0000,273.1033,258.7151,283.1024,283.6675,259.7127,259.1280,288.1691,263.9145,261.9055,279.8387,269.0534,268.7454,269.4313,287.7475,270.4418,288.7868,307.3853,308.1029,291.2144,285.0808,257.6835,284.4564,284.1941,282.7028,275.0671,281.5067,265.4274,271.5819,272.0794,297.9613,306.0822,270.6977,285.7591,287.9161,288.0088,286.7938,284.3254,287.8634,286.6245,287.9569,288.0325,287.7678,283.1240,261.8525,256.0807,259.6806,0.0000,263.0683,261.7391,263.0684,259.8380,260.0354,260.2209,262.5367,267.1011,290.9465,257.2065,265.9266,268.1783,267.3444,261.3276,264.2086,277.9482,260.5548,261.3264,271.6297,276.8009,287.1586,287.7199,292.5845,277.0124,285.0340,277.0124,280.4853,280.8429,259.3953,261.6226
7.0000,285.8010,256.6281,256.6609,258.8954,254.9892,266.7744,264.9596,287.9169,261.8298,289.1327,277.6834,287.0519,259.7051,268.5852,258.8908,257.6569,264.3659,263.1867,268.4842,253.8411,262.5645,261.1695,261.6888,260.9301,269.5899,272.1200,272.6419,271.9231,288.8705,256.5262,257.3501,257.5796,290.4506,284.4317,283.8482,281.8912,261.1887,278.2616,261.8698,286.2863,295.8510,277.4680,278.5606,296.7113,292.4212,267.6610,286.6881,286.0162,256.4461,286.3452,283.1964,274.9670,290.6417,281.3488,284.1652,276.0651,261.5573,285.0907,261.0572,271.7152,281.0735,281.5136,284.2265,284.5280,281.8170,280.4879,280.8364,287.7358,282.3373,282.8255,291.7461,285.6369,281.0562,281.1179,268.2834,253.4741,259.5405,289.1949,286.6221,276.3295,259.8483,263.7534,261.2575,261.4126,262.0386,262.3823,262.7469,262.4326,261.9217,287.3314,261.9933,261.6442,261.4364,258.0966,256.2343,279.4520,280.9371,272.1888,0.0000,276.9561,281.0211,262.2110,261.2808,282.3724,268.5529,268.3103,274.3374,279.7149,280.3288,258.2917,262.6906,290.1648,286.2769,264.0658,265.4201,263.3239,276.0587,280.1171,260.5900,276.0343,284.5690,262.1683,262.7074,255.7568,266.1608,265.7258,288.8042,277.0437,263.3197,263.3671,255.9953,258.7227,269.6009,284.0066,257.6564,266.4047,261.8952,262.5124,262.6991,268.9785,261.8376,263.8557,260.2134,259.6887,284.5583,257.0929,260.9295,259.0415,279.2352,280.2387,295.8029,297.2525,291.8589,257.1530,265.7419,257.1292,260.9380,259.9417,260.5023,259.8458,277.2896,0.0000,273.3692,258.8541,283.2141,283.7799,259.8809,259.3026,288.0017,264.0267,262.0452,279.9862,269.0534,269.2639,269.4389,287.4220,270.5354,288.6136,306.8467,307.5686,290.8034,284.9989,257.6539,284.6112,284.3433,282.9099,274.9653,281.6548,265.5000,271.6420,272.1258,297.6014,305.5636,270.7687,285.8437,288.1261,288.2223,287.0043,284.5583,288.0735,286.8653,288.2070,288.2451,287.9535,283.3429,261.9933,256.2385,259.8472,0.0000,263.4586,261.8492,263.4586,260.3788,260.4714,260.3763,262.6470,267.5859,290.6295,257.3525,266.9648,268.5437,267.8723,261.7687,264.3308,278.1770,260.5954,261.7676,271.6717,276.8009,286.9682,287.5067,292.1634,277.2896,285.0630,277.2896,280.7909,281.0915,259.9442,261.5585
8.0000,266.5783,247.2432,247.2567,249.2637,246.1350,248.3993,247.0232,274.6995,252.3539,276.6739,266.1550,274.8411,250.3445,256.5128,252.3392,251.4228,256.7170,255.3076,261.0776,244.7115,249.5633,246.9959,247.9053,250.0575,248.2600,250.3925,250.8137,258.7037,276.8123,247.1487,247.9995,248.1914,278.3215,265.2381,264.7886,270.1171,251.7366,259.8680,252.4167,267.0230,275.7871,264.0251,266.8209,276.5752,280.1980,261.3311,280.0609,279.4390,250.4441,282.9831,280.5733,268.5589,285.8722,275.7417,278.5373,269.6861,253.2155,281.2747,254.8798,278.2901,274.5034,274.9538,279.9959,280.3343,277.3613,274.1463,274.6372,280.9863,275.6852,276.1149,286.9543,278.8840,277.8610,274.5469,262.1526,244.3727,251.0583,277.1264,274.6141,259.4904,250.4644,255.8949,251.8022,251.9868,252.5614,252.8976,253.2415,252.9433,252.4658,273.7914,252.6593,252.2904,252.0900,249.0272,247.1502,265.3288,266.3149,258.9644,0.0000,265.6018,269.3284,252.7809,250.4571,262.6877,261.0635,260.8117,267.3464,273.1591,273.7376,251.5178,253.3184,285.4034,274.2944,254.6109,247.5388,248.0206,266.9372,259.3024,251.1735,269.6934,277.9372,252.7567,253.2629,246.4671,259.9624,254.7862,276.3849,270.3017,257.1784,257.2248,247.0981,251.5170,233.8513,269.8716,248.2902,255.2658,252.4434,253.0367,253.2044,262.5969,246.5347,247.3724,251.0823,250.1301,277.9205,247.8193,253.1602,251.9920,272.7622,273.8591,281.7283,283.3715,278.0367,247.7958,256.2231,251.4768,253.9614,253.2619,251.2804,250.4620,270.5437,0.0000,265.7546,249.2476,280.5700,280.8478,250.4971,249.9051,275.7821,254.5941,252.7085,278.5629,269.0534,261.8227,269.3654,287.1493,257.8283,269.6517,289.9572,291.7208,278.6596,271.0324,251.3421,280.7184,280.4953,277.4759,274.8869,276.0239,247.5034,251.5683,250.4491,279.3168,288.4221,249.3119,279.3703,281.4532,281.5448,280.3395,277.9205,281.4016,280.1505,281.4444,281.5674,281.3115,276.7517,252.6593,247.1545,250.4632,0.0000,256.0779,252.3730,256.0779,251.5287,251.8228,251.1300,254.4925,260.1652,278.5064,248.0018,259.8465,261.0540,260.4805,254.5284,253.9230,277.9925,253.5184,254.5272,251.7047,276.8009,274.9628,275.4990,279.9529,270.5437,278.6203,270.5437,273.9900,274.7303,250.6942,255.3808
9.0000,278.8572,251.1077,251.1386,253.2600,249.4609,260.4995,258.7747,281.1732,256.0194,282.3775,271.3661,280.3908,254.1156,262.4920,252.9882,251.6687,259.2904,257.6797,263.7588,248.6733,256.7000,255.5512,255.9877,255.1496,263.2172,265.5126,266.0133,265.7052,282.0748,251.0108,251.7774,252.0037,283.4791,277.5342,276.9930,275.4287,255.3924,271.6970,256.1026,279.3199,288.4365,271.1044,272.2033,289.2564,285.3906,261.5551,282.2724,281.6418,250.4441,283.9362,281.3602,268.9267,286.3911,277.6469,279.3674,270.0819,256.0326,282.4838,255.1366,280.2556,276.6225,277.0789,281.3215,281.6683,277.3613,276.1126,276.5274,283.0740,277.8367,278.2820,288.1904,281.1462,279.8235,276.6662,262.3234,248.0514,254.0995,282.3905,279.9481,269.8781,254.2039,258.2666,255.4578,255.6126,256.2058,256.5243,256.9079,256.6035,256.0896,280.6476,256.2948,255.9016,255.7304,252.5585,250.7410,273.0194,274.4294,265.9572,0.0000,270.6619,274.5795,256.4394,255.4483,275.5175,263.6080,263.3326,269.6533,275.2138,275.8545,252.3697,256.9620,286.7078,279.6108,258.2852,259.2716,257.6023,271.4131,273.2772,254.9031,270.1035,280.0930,256.3896,256.9122,250.2631,260.1796,259.7511,282.0640,272.4754,257.4098,257.4562,250.5789,253.0107,263.2246,277.4212,252.0726,260.3141,256.0833,256.6888,256.8548,262.8079,255.4594,257.5161,254.8858,254.8874,280.0752,251.5405,255.4095,253.3223,274.7297,275.8481,288.8332,290.2469,285.0232,251.5941,259.9704,250.9600,255.1075,254.0440,254.8533,254.2014,272.7202,0.0000,268.5015,253.2217,281.3629,281.7090,254.2368,253.6763,281.3001,258.2886,256.3448,278.8891,269.0534,264.5146,269.3823,287.1462,264.3707,281.5669,299.3302,300.1372,283.8089,278.3860,251.6778,281.9475,281.6892,279.1797,274.8886,277.2744,259.3104,265.1647,265.5235,290.2575,298.0650,264.3323,281.6073,283.6754,283.7685,282.5725,280.0752,283.6231,282.2572,283.4936,283.7909,283.5409,278.9036,256.2948,250.7451,254.2027,0.0000,258.8051,256.0381,258.8052,254.9458,254.9781,254.7282,257.1182,262.8598,283.7247,251.7797,262.7718,263.5980,263.1718,257.3388,258.4447,279.9559,254.8490,257.3375,265.2745,276.8009,280.2683,280.7786,285.1386,272.7202,280.8740,272.7202,276.2068,276.7050,254.6489,255.6305
10.0000,279.1737,251.3748,251.4127,253.4023,249.3639,260.7823,259.0389,281.6235,256.3045,282.8524,271.7754,280.8659,254.3006,262.8006,253.2686,251.9016,259.6774,258.0016,264.2439,248.6444,256.9700,255.8948,256.3058,255.3941,263.5050,265.7889,266.2946,266.0268,282.5127,251.2774,252.0200,252.2304,283.9311,277.8270,277.2980,275.8530,255.6766,272.0074,256.3795,279.6397,288.8227,271.4517,272.6313,289.6486,285.8488,261.9960,282.6623,282.0178,250.7416,284.1888,281.5463,269.4663,286.4607,278.0103,279.8404,270.6158,256.3238,282.7243,255.5807,280.6694,277.0084,277.4676,281.5879,281.9357,277.3613,276.4730,276.8739,283.6609,278.2679,278.7449,288.4990,281.7168,280.2366,277.0519,262.7228,248.3266,254.4116,282.8256,280.3964,270.2042,254.4501,258.5751,255.7428,255.9046,256.4978,256.8229,257.1999,256.8911,256.3854,281.0948,256.6170,256.1780,256.0146,252.8475,251.0251,273.3621,274.8123,266.2719,0.0000,271.0610,274.9997,256.6958,255.7004,275.8123,263.9975,263.7100,270.0257,275.5926,276.2378,252.3920,257.2891,287.0194,280.0531,258.6368,259.5127,257.9638,269.7363,273.5785,255.1590,270.6225,280.5048,256.6695,257.2013,250.5323,260.6104,260.0337,282.5389,272.8460,257.8432,257.8897,250.8546,253.3134,263.5125,277.8534,252.3160,260.5512,256.3664,256.9745,257.1394,263.2486,255.7469,257.8002,255.1711,255.1731,280.4834,251.5405,255.7171,253.6254,275.1018,276.2100,289.2595,290.6800,285.4593,251.8425,260.3677,251.4828,255.2936,254.3137,255.1324,254.4476,273.0900,0.0000,268.9114,253.3618,281.5486,281.9051,254.4795,253.9141,281.7646,258.6597,256.6671,278.9541,269.0534,264.9927,269.3856,287.2830,264.6870,281.8592,299.6482,300.4109,284.2613,278.8278,251.8793,282.1926,281.9352,279.5021,274.9369,277.5119,259.5769,265.4517,265.8004,290.5188,298.3818,264.6165,281.9844,284.0678,284.1608,282.9453,280.4834,284.0155,282.7731,284.1255,284.1838,283.9205,279.2934,256.6170,251.0293,254.4489,0.0000,259.2638,256.3233,259.2639,255.2348,255.2693,255.0178,257.4286,263.3289,284.1652,252.0224,263.5200,263.9871,263.6397,257.8284,258.7333,280.3693,255.1458,257.8273,265.5741,276.8009,280.7099,281.2183,285.5958,273.0900,281.2565,273.0900,276.5659,277.0720,254.4625,256.0713
11.0000,278.9283,250.1614,250.1080,253.2111,249.3724,260.3009,258.5455,281.6078,256.2171,282.8817,271.6872,280.8737,254.0043,262.8064,252.7575,251.7226,258.8562,257.0074,264.0073,247.7371,256.4685,255.2653,255.7203,254.9156,263.0385,265.2448,265.7423,266.0034,282.5121,250.0693,251.3906,251.3715,283.8919,277.6266,277.0501,275.7900,255.6046,271.7403,256.3763,279.3950,288.5910,271.2989,272.5533,289.4180,285.7903,261.6100,282.3886,281.7337,250.4441,284.0677,281.4513,269.2403,286.2167,277.7707,279.6894,270.4267,255.1514,282.6305,255.2087,280.4545,276.7404,277.1992,281.4471,281.7994,277.3613,276.2155,276.6271,283.3722,278.0303,278.5307,288.3144,281.3586,280.0221,276.7839,262.2644,246.6981,253.0742,282.8442,280.3789,269.9944,254.2823,257.5438,255.6702,255.8152,256.3891,256.7015,257.1317,256.8244,256.2785,281.0619,256.6071,256.1676,255.6514,252.5342,246.6976,273.1743,274.6883,266.3724,0.0000,270.9074,274.8999,256.7430,255.1274,275.5529,263.7660,263.3777,269.7367,275.3007,275.9645,252.3901,257.2913,286.8341,280.0215,258.8632,258.9921,257.3412,269.6330,273.2144,255.0070,270.4430,280.2397,256.6425,257.3375,249.1527,260.2237,260.0731,282.5647,272.5631,257.4663,257.5128,249.3026,252.8556,263.0483,277.7697,251.6871,260.7334,256.2993,256.9195,257.0830,262.8815,255.2807,257.3274,254.5366,254.0516,280.2168,251.5405,255.1631,253.1670,274.7924,275.9515,289.2625,290.7537,285.4524,251.0736,261.0659,251.1098,254.8278,253.8283,254.6931,254.2798,272.8085,0.0000,268.8018,253.1767,281.4531,281.8011,254.3110,253.6140,281.7775,259.1143,256.6599,278.8901,269.0534,264.7666,269.3823,287.4041,264.6768,281.6419,299.5474,300.3716,284.2186,278.7582,251.7267,282.0816,281.8116,279.2950,274.9853,277.3494,259.0734,264.9228,265.2568,290.2926,298.2636,264.1029,281.7562,283.7952,283.8888,282.7194,280.2168,283.7429,282.4893,283.8363,283.9113,283.6580,279.0238,256.6071,246.7023,254.2809,0.0000,258.6136,256.2371,258.6137,254.6973,254.6708,254.7012,256.3555,262.9701,284.1085,251.3931,263.3032,263.7546,263.3903,257.1715,258.7336,280.1546,254.4440,257.1703,265.1860,276.8009,280.6867,281.2046,285.5399,272.8085,281.0174,272.8085,276.3039,276.7957,253.7987,255.6933
12.0000,279.0297,250.3981,250.4084,253.2616,249.3221,260.1079,258.3802,281.5302,256.2726,282.8426,271.6858,280.8646,254.1379,262.7194,252.7408,251.7264,258.6239,256.8575,263.8556,248.9323,256.3978,255.0508,255.5499,254.9393,262.8067,264.8661,265.3512,265.8319,282.4787,250.2743,251.5438,251.5417,283.8261,277.9423,277.1892,275.7824,255.6565,271.5886,256.4299,279.4870,288.4964,271.1001,272.5684,289.3066,285.7082,261.5030,282.0616,281.3783,250.4441,283.8078,281.2485,269.2611,285.1923,277.5193,279.5769,270.4602,254.9444,282.3989,255.1532,280.0405,276.4963,276.9390,281.1951,281.5349,277.3613,276.0073,276.4167,282.9971,277.8280,278.3718,287.9531,281.1427,279.6086,276.5395,262.1484,246.8130,253.0554,282.8110,280.3590,269.8234,254.3727,257.4017,255.7216,255.8639,256.4447,256.7562,257.1869,256.8779,256.3303,280.9533,256.6485,256.2271,255.7207,252.6034,246.8124,272.9586,274.5193,266.0570,0.0000,270.9062,274.8922,256.8047,255.1534,275.7626,263.6608,263.2811,269.5543,275.0732,275.7293,252.4017,257.3262,286.5159,280.0007,258.8589,258.7645,257.0816,270.0428,273.2116,255.0891,270.4616,279.9348,256.7057,257.4035,249.3136,260.1227,260.0422,282.5305,272.3407,257.3846,257.4310,249.3691,252.8965,262.8165,277.6217,251.8436,260.6734,256.3514,256.9734,257.1291,262.7376,255.0973,257.1386,254.8465,254.8483,279.9135,251.5405,255.2328,253.2081,274.5869,275.7450,289.1202,290.6042,285.3312,251.2393,261.1231,250.9925,255.0195,253.8959,254.7771,254.3704,272.5825,0.0000,268.9171,253.2278,281.2532,281.5948,254.4031,253.7058,281.7768,259.1548,256.7013,278.8100,269.0534,264.6341,269.3782,286.7917,264.5437,282.5138,300.2848,300.5325,284.1538,278.6197,251.7316,281.8490,281.5705,279.0476,274.8902,277.2189,258.8871,264.6244,264.8787,292.4564,299.2038,263.8053,281.4020,283.4762,283.5678,282.3542,279.9084,283.4242,282.1213,283.4585,283.5908,283.3352,278.7458,256.6485,246.8171,254.3714,0.0000,258.3058,256.2925,258.3059,254.9029,254.8356,254.7673,256.1025,262.6350,284.0657,251.5463,263.1673,263.6485,263.2145,256.8359,258.7361,279.7410,254.3746,256.8347,264.9728,276.8009,280.6628,281.1774,285.4605,272.5825,280.6487,272.5820,276.0311,276.5842,254.3169,255.6317
13.0000,268.1472,241.2976,241.3178,244.0717,240.5064,250.6020,249.0203,270.7207,246.7761,272.0174,261.3711,270.1703,244.7265,252.8389,243.8613,243.1544,249.1624,247.5095,254.3821,238.0100,247.1256,245.8275,246.3089,245.7700,253.1094,254.9983,255.4421,255.8030,271.5833,241.1656,242.3206,242.2666,272.8065,267.1672,266.4719,265.2757,246.1847,261.3258,246.9795,268.5653,276.7975,260.6805,262.1941,277.5377,274.5985,251.4430,272.0135,271.3355,241.9482,277.5281,275.9606,258.8629,275.9764,267.6115,269.9886,260.0779,245.6290,275.8230,245.3856,269.1039,266.8011,267.2218,274.1250,274.5360,267.9002,266.4044,266.7244,272.9207,268.0609,268.5939,279.8844,271.1774,268.9496,266.8409,252.4457,237.8003,243.7367,271.8940,269.6077,259.6271,245.0484,248.0061,246.2450,246.3813,246.9317,247.2190,247.6443,247.3562,246.8180,270.1459,247.2586,246.8091,246.3501,243.3888,237.7998,262.4742,263.9868,256.0025,0.0000,260.6472,264.4266,247.3186,245.9731,265.1578,254.2452,253.8902,259.9171,265.3916,266.0370,243.7448,247.9056,278.5245,269.2603,249.3488,249.4126,247.7117,259.6860,262.8822,245.7153,260.1311,269.9586,247.2338,247.8883,240.2162,250.2588,250.3028,271.7259,262.5881,247.6259,247.6705,240.2226,244.1259,253.1153,266.9394,242.6046,250.7232,246.8473,247.4583,247.6038,252.5434,245.9493,247.8512,245.7037,245.7055,269.9283,242.4418,246.2438,244.4268,264.9792,266.1393,277.9100,279.3164,274.2992,242.0438,251.6244,242.7869,245.2076,244.6155,245.4740,245.0461,262.8000,0.0000,259.1894,244.0370,275.9672,276.0275,245.0723,244.3895,270.9849,249.7084,247.3096,274.7854,265.9715,255.1178,266.2496,282.2498,254.5747,271.4865,288.5489,288.8413,273.1109,267.8953,243.1503,275.2094,274.9333,270.6340,271.3717,267.5713,249.4944,254.8729,255.0133,280.9215,287.4960,254.0247,271.4794,273.3953,273.4814,272.3102,269.7407,273.3459,272.0498,273.3622,273.5036,273.2797,268.8760,247.2586,237.8042,245.0470,0.0000,248.9065,246.7951,248.9065,245.7621,245.7096,245.4483,246.7549,253.0567,273.0851,242.3230,253.7387,254.2333,253.7825,247.5207,249.1285,268.8162,245.3096,247.5196,255.1221,275.3009,269.8818,270.3624,274.3614,262.7980,270.7865,262.7745,266.0904,266.9717,244.3367,245.8617
14.0000,229.6137,206.1185,206.1264,208.7485,206.0957,215.3225,214.0199,231.5007,210.7670,232.4761,223.3814,230.8793,209.1321,216.1741,208.5186,208.2376,212.5854,211.3765,217.6772,203.4114,211.7034,210.6200,210.9982,210.3670,217.3565,218.9793,219.3458,218.8080,231.9761,206.0077,206.9927,206.8978,232.9875,228.6526,228.1619,226.6791,210.2645,223.9770,211.0111,229.9763,237.1180,222.9343,224.1187,237.7601,234.4946,215.3430,232.4522,231.8825,207.0094,237.5565,236.2051,221.8249,236.0845,228.8588,231.2325,222.9046,209.7477,236.1419,210.1895,228.5707,228.3882,228.7444,234.6749,235.0364,229.3304,228.0886,228.3291,233.4005,229.3226,229.7107,239.6346,231.7594,229.0850,228.4228,216.2052,203.1326,208.1642,232.2268,230.3576,222.4118,209.4005,211.8018,210.3123,210.4094,210.8911,211.1222,211.4973,211.2597,210.7796,231.1033,211.1872,210.8839,210.4920,207.9691,203.1322,224.5175,225.9313,218.9735,0.0000,222.7432,225.9561,211.2324,210.5274,227.0874,217.6071,217.2969,222.8468,227.2620,227.7630,209.1458,211.7284,238.4661,230.0504,212.9302,214.3444,212.4165,222.1627,225.4472,209.9501,222.9486,230.7176,211.1901,211.7181,205.1713,214.3343,213.9164,232.2241,225.3090,212.0918,212.1300,205.1611,208.8295,217.3609,228.4814,207.2224,214.1933,210.8043,211.3549,211.4756,216.2503,212.3470,213.5905,210.1162,210.1177,230.6676,207.3507,210.6123,209.0868,226.8693,227.8681,237.7177,238.9083,234.6309,206.7567,214.6177,207.7411,209.5670,209.1189,209.7591,209.3986,225.4129,0.0000,221.8725,208.7151,236.2151,236.2890,209.4185,208.8617,231.5773,213.1290,211.2266,235.1075,227.6571,218.3124,227.8903,241.7477,217.7147,231.8306,246.2216,246.9003,233.2520,229.2823,208.2939,235.6113,235.3661,231.6735,232.3825,229.0526,214.4003,218.9611,218.9949,238.7082,245.1916,218.1364,232.3091,233.6367,233.7081,232.6532,230.1065,233.5968,232.5630,233.7805,233.7273,233.4968,229.8958,211.1872,203.1361,209.3993,0.0000,212.4918,210.7831,212.4919,210.1465,210.0796,209.7081,210.6942,216.3661,233.2549,206.9949,217.1485,217.5973,217.1533,211.2688,212.9042,228.3263,209.6534,211.2678,218.9188,235.6670,230.5672,230.9621,234.2966,225.3969,231.7350,225.3166,228.2759,228.5704,208.8106,210.5937
15.0000,228.1157,203.0192,203.0618,205.5313,202.3093,214.0314,212.9836,227.3266,207.5330,228.5157,219.8244,226.9876,205.6458,213.0766,205.5448,205.2155,209.0802,208.0941,213.1210,199.5910,209.2532,208.3984,208.6484,207.5839,215.9038,217.9308,218.2530,215.7632,228.0765,202.8995,203.7776,203.6451,228.9988,227.7622,226.5975,222.9447,207.0370,221.8577,207.7400,228.4957,235.9837,219.7084,220.5527,236.6571,230.5069,211.9445,225.3780,224.8224,204.1402,232.1607,231.0775,218.2115,229.7670,222.4540,226.6177,219.3197,206.4795,230.4446,206.8580,219.9209,221.9524,222.2513,228.8794,229.1987,223.0618,222.0578,222.2269,226.5548,222.7127,223.0448,233.7184,224.8443,221.5268,221.9853,212.7762,199.9753,204.9766,228.3269,226.4909,219.9297,206.1127,208.5153,207.0851,207.1764,207.6557,207.8854,208.2674,208.0319,207.5450,227.1243,207.9095,207.5941,207.1942,204.6358,199.9748,221.3343,222.6814,215.8987,0.0000,219.1903,222.2863,207.9875,207.7866,226.2646,213.0023,212.7161,217.2233,221.0190,221.3826,205.6220,208.4574,232.5862,226.2186,209.6571,213.3754,210.4907,211.7896,224.7588,206.6672,219.3251,223.8345,207.9373,208.5068,202.0446,210.9392,210.7678,228.2745,219.2214,208.7272,208.7648,201.9855,205.6130,215.9082,224.8607,204.0082,211.1543,207.5722,208.1263,208.2658,212.8565,212.6938,213.3068,206.8279,206.8294,223.7853,204.1459,207.1426,205.8666,220.8800,221.8470,232.4698,232.4698,230.0181,203.5674,211.4308,204.9152,206.6102,206.1639,206.4617,206.1109,219.2095,0.0000,217.0514,205.4892,231.0335,230.8301,206.1210,205.5718,227.6791,209.9109,207.9502,231.6830,225.8339,213.7219,225.9849,240.5425,214.6423,230.7294,243.4860,241.4630,229.2454,225.5490,205.1984,229.8630,229.6789,225.5507,230.7555,222.9108,213.3288,217.8743,217.9449,237.1286,242.6577,216.6790,225.4313,226.5162,226.5846,225.6321,222.9099,226.4805,225.7036,226.9214,226.6033,226.3598,222.7162,207.9095,199.9785,206.1117,0.0000,208.7382,207.5493,208.7382,206.8136,206.7328,206.4010,207.4143,212.0793,229.2975,203.7797,212.6027,212.9934,212.6018,207.5572,209.6959,219.6857,206.5574,207.5563,217.1497,230.2225,226.7169,227.0910,230.3058,219.1735,224.9051,219.0199,221.9562,222.5298,204.1155,207.2567
16.0000,228.8636,203.0025,203.0614,205.4820,202.2477,214.0751,212.9916,227.8912,207.5318,229.1514,220.0775,227.5340,206.1271,213.2057,205.5067,205.2479,208.5954,207.8522,211.6137,199.7764,209.2016,208.2394,208.5250,207.5248,215.9980,218.0750,218.4141,215.9143,228.5624,202.8705,203.7569,203.6358,229.5022,228.4656,227.2272,223.3116,207.0390,222.1309,207.6997,229.2731,237.3501,220.1075,220.8005,238.0767,231.0472,211.5464,221.8972,221.3292,204.1402,229.9288,228.9644,217.7685,227.7265,219.4604,225.2874,218.8833,206.2865,227.8812,206.4378,217.1882,218.6046,218.8580,226.2139,226.5074,221.3825,219.2624,219.4477,223.1365,219.3281,219.6636,231.2643,221.3086,217.6795,218.6371,212.3008,199.8507,204.7787,228.8182,226.9748,220.1688,206.0502,208.2537,207.0893,207.1995,207.6461,207.8726,208.2837,208.0372,207.5488,227.5924,207.8063,207.5328,207.1239,204.4423,199.8502,221.7262,223.0280,216.0774,0.0000,219.4469,222.6346,207.9836,207.7493,226.9159,211.4320,211.1680,214.4471,217.8219,218.0519,205.6361,208.3805,230.0982,226.6821,209.5826,213.3666,210.3609,212.2175,225.3090,206.6169,218.8475,220.3707,207.9029,208.4607,201.9841,210.5173,210.8449,228.8966,215.8922,208.3015,208.3390,201.8716,205.3491,216.0079,225.2220,203.9970,211.3297,207.5860,208.1232,208.2673,212.4986,212.6862,213.3130,206.5549,206.5564,220.3398,204.0971,206.6896,205.6027,218.0315,219.0451,233.2366,233.2366,230.6623,203.5447,211.4588,204.8551,206.6657,206.1643,206.3568,206.0483,215.8100,0.0000,215.4098,205.4401,228.8835,228.5090,206.0795,205.6040,228.3101,209.8384,207.8496,230.7751,225.8339,212.2042,225.9375,241.0317,214.7691,231.5322,244.7343,242.7772,229.7498,225.9302,205.2281,227.2513,227.1243,222.5330,230.8783,220.5134,213.3379,217.9517,218.0873,238.1721,243.8801,216.7886,221.8632,223.0316,223.0990,222.1622,219.3540,222.9966,222.2839,223.4976,223.1176,222.9387,218.7642,207.8063,199.8537,206.0492,0.0000,207.9983,207.5483,207.9983,206.5257,206.4602,206.2908,207.2101,210.8328,229.7931,203.7590,211.0766,211.4243,211.1027,206.8488,209.7172,215.3765,206.4385,206.8478,217.2885,227.9075,227.1878,227.5631,230.8404,215.7617,221.3195,215.5598,218.5216,219.7344,204.3369,206.8347
17.0000,221.5754,201.6831,201.7751,204.3870,201.5320,213.2340,212.4951,235.8103,206.3602,243.3690,218.9864,235.2145,204.9630,211.7510,205.1920,205.4212,207.6422,206.9136,210.2071,198.4670,208.3617,207.7276,207.8824,206.6588,215.0345,217.2031,217.4753,214.6556,257.6543,201.5204,202.3810,202.2018,258.7602,221.4430,221.1179,222.9163,205.8886,220.3671,206.5631,221.9955,230.2884,220.5224,219.8638,231.0346,260.5496,211.5589,219.8686,219.2971,204.1402,228.7189,227.7574,217.9330,227.1323,217.5392,224.8121,219.0783,205.1297,226.3960,206.4376,213.2944,216.6039,216.8364,224.6478,224.9105,221.3825,217.5607,217.7811,221.0838,217.3449,217.7007,230.0031,219.5692,214.7647,216.6360,212.1812,198.2372,203.6168,257.9554,254.3132,219.2818,203.1944,207.3315,205.9402,206.0410,206.4798,206.7171,207.1635,206.9039,206.3939,231.7123,206.5850,206.4001,205.9183,203.1184,198.2367,222.5478,224.1847,214.8147,0.0000,218.4395,221.5311,206.8957,206.8899,221.0895,209.9844,209.7262,212.6615,215.9187,216.0588,206.0877,207.1777,228.7453,255.2299,208.3718,212.9763,209.8481,210.1634,221.8360,205.2225,218.9955,218.3374,206.7737,207.3494,200.5418,210.5003,209.5598,242.0663,213.9670,208.2868,208.3243,200.4240,204.2581,215.0500,227.7234,202.6300,210.1426,206.4428,207.0000,207.1562,212.5494,212.1776,212.6697,205.4211,205.4226,218.3152,203.1479,205.5890,204.9191,216.2982,217.3316,240.2045,240.2046,236.2950,202.1750,210.3776,206.7427,205.1027,205.5435,205.1043,204.6013,213.8684,0.0000,214.0101,204.3398,227.6551,227.1971,204.6467,204.1556,249.6398,208.6816,206.6306,230.2130,225.8339,210.8343,225.9080,241.5461,213.4241,0.0000,264.0171,258.0306,259.0309,228.8927,205.4427,225.7280,225.6396,220.7313,230.9616,219.4221,212.8258,217.2454,217.2202,267.7473,264.9304,215.8380,219.9037,220.9859,221.0561,220.1143,217.3130,220.9512,220.2493,221.4404,221.0745,220.9518,216.3449,206.5850,198.2404,204.6022,0.0000,206.9602,206.3781,206.9601,205.3716,205.3169,205.0453,206.1398,209.4833,259.0658,202.3831,209.6117,209.9780,209.7196,205.8641,208.4655,211.4787,205.8768,205.8635,216.3484,226.5990,255.7798,256.4950,260.3075,213.8181,219.3680,213.6070,216.5088,218.0295,202.8918,206.8279
18.0000,223.1435,202.8343,202.9456,205.3397,202.3658,214.0516,213.2669,238.0146,207.5829,245.9061,220.4847,237.4170,206.2108,213.0007,205.5119,205.7033,208.4730,207.7432,210.7814,199.5835,209.1621,208.5753,208.7072,207.4274,215.9505,218.1575,218.4388,215.9242,260.8290,202.6587,203.5087,203.3291,261.9853,222.9639,222.5948,224.5875,207.1086,221.6294,207.7330,223.5893,232.3984,222.1239,221.3674,233.1913,263.8075,212.1506,220.2387,219.6657,204.1402,229.1581,228.1666,218.7111,227.3485,217.6153,225.4927,219.8960,206.1083,226.8892,207.0181,211.7585,216.9771,217.2100,225.1160,225.4010,221.3825,217.9320,218.0985,221.4540,217.6996,218.0438,230.4806,219.7093,213.8943,217.0098,212.6603,199.3300,204.6170,261.1511,257.3206,220.5764,204.1716,208.1727,207.1627,207.2688,207.7150,207.9677,208.4109,208.1411,207.6352,233.6775,207.7188,207.5496,207.0254,204.1623,199.3294,224.1514,225.7987,216.0790,0.0000,219.9403,223.1477,208.1051,207.6658,222.5676,210.5738,210.3148,213.1361,216.2920,216.4295,206.9802,208.3331,229.2100,258.2820,209.5443,213.7802,210.7970,211.1334,223.2306,206.3341,219.8054,218.7012,207.9714,208.5774,201.6714,211.0666,210.7731,244.5508,214.3845,208.8540,208.8916,201.4953,204.5587,215.9662,229.5024,203.7717,211.3562,207.6740,208.2320,208.4006,213.1673,212.6970,213.3042,206.1904,206.1917,218.6789,204.0993,206.1064,205.2208,216.6777,217.7076,242.5660,242.5661,238.4703,203.3053,211.6720,204.8953,206.7496,206.2173,206.1563,205.6801,214.2853,0.0000,214.6014,205.2968,228.0690,227.6373,205.7328,205.2450,252.4337,209.8913,207.7669,230.4398,225.8339,211.4055,225.9199,242.4079,214.6830,0.0000,267.3708,261.1987,262.2624,230.7261,205.8153,226.2103,226.1071,221.1580,231.2298,219.6547,213.6182,218.1483,218.1733,271.1727,268.3036,216.7706,220.3913,221.3683,221.4408,220.4873,217.6457,221.3334,220.6284,221.8145,221.4589,221.3410,216.5277,207.7188,199.3331,205.6811,0.0000,207.7345,207.6013,207.7345,206.1398,206.0768,206.1389,207.0716,210.1301,262.2961,203.5108,210.0831,210.5684,210.3051,206.6501,209.6647,209.8855,206.3987,206.6497,217.3807,227.0381,258.8599,259.6106,263.5612,214.2348,219.8698,214.0180,216.9743,218.4113,204.0090,207.4021
19.0000,224.0076,203.6046,203.7396,205.8854,202.7657,214.3107,213.4873,238.9303,208.3493,246.8309,221.2910,238.2523,207.0479,213.7923,205.6386,205.8831,209.0122,208.1902,211.0620,200.2804,209.5090,208.8077,208.9887,207.8147,216.2880,218.5734,218.8708,216.7147,261.7723,203.4161,204.2244,204.0501,262.8428,223.8080,223.3904,225.4175,207.8641,222.2268,208.4056,224.4718,233.6485,222.9081,222.1929,234.4745,264.7466,212.1710,220.2453,219.6829,204.1402,229.2051,228.2236,218.7969,227.3503,217.4475,225.5437,220.0289,206.6505,226.9819,207.0254,210.2206,217.0062,217.2388,225.1845,225.4745,221.3825,217.9613,218.1035,221.4731,217.6863,218.0021,230.4670,219.5421,213.0510,217.0389,212.6071,200.1007,205.2095,262.1067,258.2528,221.2221,204.7938,208.5918,207.9213,208.0622,208.5258,208.8120,209.1845,208.9094,208.4563,234.5793,208.4453,208.2203,207.6979,204.8173,200.1002,224.9188,226.5869,216.9216,0.0000,220.7383,223.9690,208.5209,208.0607,223.3745,210.8439,210.5901,213.2781,216.3264,216.4612,207.5053,209.0830,229.2053,259.2171,210.3151,213.9985,210.9801,211.1774,223.9709,207.0160,219.9400,218.7182,208.6795,209.2785,202.4528,211.0677,211.5871,245.4612,214.4612,208.8541,208.8917,202.2008,204.7314,216.3035,230.3518,204.4958,212.4708,208.3827,208.9877,209.1713,213.2116,212.6298,213.3591,206.6325,206.6338,218.6973,204.6453,206.4025,205.3939,216.7168,217.7419,243.7403,243.7403,239.5406,204.0310,212.5877,204.7467,207.0057,206.3787,206.8012,206.3417,214.3604,0.0000,214.9956,205.8461,228.1244,227.6857,206.4015,205.9190,253.3551,210.7074,208.4959,230.5154,225.8339,211.7042,225.9239,243.1805,215.4796,0.0000,269.7271,263.2199,263.0961,231.5929,206.0461,226.2901,226.1762,221.2078,231.5186,219.6721,213.8466,218.4598,218.5863,273.8919,270.7292,217.1107,220.4224,221.3755,221.4478,220.5033,217.6558,221.3407,220.6501,221.8314,221.4658,221.3512,216.5315,208.4453,200.1036,206.3427,0.0000,208.3413,208.3680,208.3412,206.5871,206.5276,206.8192,207.5686,210.4993,263.2119,204.2264,210.3059,210.8389,210.5690,207.3611,210.3804,208.4132,206.6522,207.3609,217.8128,227.0863,259.7968,260.5499,264.4835,214.3092,219.8895,214.0910,217.0700,218.4353,204.6244,207.4063
20.0000,224.8241,204.2471,204.4021,206.3004,203.1364,214.3566,213.6946,239.7521,209.1046,248.0381,222.0959,239.3383,207.6595,214.4896,205.7768,206.0536,209.4485,208.6153,211.3440,200.8871,209.2007,207.0300,207.6008,207.8819,216.4375,219.1170,219.4823,217.3864,263.2011,204.0459,204.8848,204.7206,264.2606,224.7620,224.1535,226.2811,208.6088,222.7034,209.0573,225.3044,234.8054,223.6668,223.0066,235.6608,266.1078,212.3276,220.4060,219.8352,204.1402,229.3394,228.3616,219.0133,227.4217,217.3672,225.7597,220.2756,207.1653,227.1628,207.1731,208.9320,217.1734,217.4034,225.3540,225.6492,221.3825,218.0819,218.1933,221.6462,217.8582,218.1797,230.5960,219.5896,212.2980,217.2060,212.6921,200.7075,205.7300,263.5460,259.6226,221.7477,205.7892,209.0305,208.6695,208.8578,209.3165,209.6299,209.9552,209.6693,209.2641,235.3871,209.0891,208.8675,208.3269,205.4059,200.7069,225.6448,227.2977,217.5767,0.0000,221.5349,224.8082,208.9490,208.2043,224.2885,211.1339,210.8831,213.4977,216.4869,216.6295,208.0104,209.7427,229.3288,260.6027,210.9893,213.9857,209.6841,212.2387,224.8056,207.6923,220.1819,218.8923,209.3769,209.9910,203.0773,211.2073,212.3310,246.6490,214.6445,208.9938,209.0315,202.7913,204.8896,216.4532,231.0956,205.1641,213.4804,209.0915,209.7339,209.9284,213.3926,212.6175,213.3693,206.9851,206.9868,218.8730,205.0023,206.6736,205.5522,216.8620,217.8680,244.7066,244.7067,240.4176,204.6840,213.2891,204.4570,207.3964,206.5903,207.4022,206.9979,214.5427,0.0000,215.2330,206.2687,228.2632,227.8296,207.0559,206.5541,254.6579,211.3802,209.1410,230.5204,225.8339,211.9804,225.9241,243.8796,216.1657,0.0000,271.1631,264.6314,264.5144,232.3520,206.2659,226.4650,226.3419,221.3770,231.8155,219.7414,214.0020,218.8061,219.1236,275.1438,272.1419,217.2807,220.5513,221.5461,221.6188,220.6856,217.8372,221.5113,220.8283,222.0038,221.6366,221.5176,216.6992,209.0891,200.7104,206.9991,0.0000,208.7286,209.1236,208.7285,206.9666,206.9279,207.4395,208.0496,210.8202,264.6543,204.8868,210.5746,211.1293,210.8440,207.7450,211.0486,207.1662,206.9040,207.7449,218.0776,227.2299,261.1923,261.9579,265.8537,214.4911,220.0204,214.2733,217.2564,218.5460,205.3302,207.5506
21.0000,228.1793,204.1532,204.3266,206.2231,202.7804,215.3680,214.4819,289.8256,208.8650,329.6252,219.9217,331.1183,207.3568,214.8940,205.7250,205.8746,209.1165,208.3924,210.9666,200.7226,210.1483,210.0001,209.9678,208.2644,217.9627,220.1726,220.4557,218.1833,350.3680,203.9436,204.6954,204.5451,351.9392,227.6583,227.4499,220.4798,208.3657,226.3860,208.7843,228.6771,238.5275,227.7649,223.2112,239.4144,354.5568,212.2820,220.0533,219.4752,204.1402,229.1091,228.1312,218.9970,227.2934,216.9900,225.6106,220.2633,206.9431,226.9079,207.1176,207.8017,216.8524,217.0793,225.0909,225.3867,221.3825,217.8019,217.9171,221.3225,217.5588,217.8994,230.3545,219.3033,211.5037,216.8852,212.6006,200.5361,205.5436,350.8383,345.4484,226.3025,204.9893,208.7911,208.4268,208.6066,209.0966,209.4281,209.7232,209.4305,209.0406,259.5835,208.6873,208.5532,207.8055,204.9929,200.5355,230.7330,239.0076,218.3895,0.0000,218.7322,220.6411,208.6750,208.5400,226.9236,210.7765,210.5291,213.1425,216.1634,216.3075,207.3330,209.3545,229.0785,346.7941,210.6380,215.0646,212.1335,212.1619,226.9388,207.4076,220.1585,218.5649,209.0930,209.7145,202.9535,211.1527,212.4275,329.8870,214.2856,208.9380,208.9757,202.6152,204.7782,217.9785,248.5035,204.9823,213.5853,208.8722,209.4836,209.6832,213.3692,212.3533,213.5853,206.8513,206.8527,218.5450,205.0023,206.4177,205.4019,216.5538,217.5849,270.1046,270.1046,265.2634,204.5157,213.0401,204.4387,207.3816,206.5538,206.9484,206.7023,214.1793,0.0000,214.8513,206.1836,228.0307,227.5878,206.7621,206.2304,338.6591,211.0690,208.7407,230.3751,225.8339,211.6059,225.9165,244.5660,216.7897,0.0000,300.2545,292.8481,352.2820,251.7042,206.0132,226.2066,226.0861,221.0859,232.0427,219.5818,214.8718,219.7767,220.1765,304.6898,301.3570,218.8256,220.1837,221.1894,221.2628,220.3277,217.5206,221.1547,220.5126,221.6795,221.2803,221.1631,216.3866,208.6873,200.5388,206.7035,0.0000,208.2793,208.8843,208.2792,206.7708,206.6189,206.9770,207.8303,210.4179,352.3748,204.6974,210.1782,210.7697,210.4553,207.2255,211.0197,206.0171,206.7843,207.2254,220.5313,226.9887,347.6052,348.6573,354.1941,214.1264,219.6619,213.9120,216.8639,218.2706,205.1450,207.4933
22.0000,229.4313,204.0083,204.1797,206.2031,202.6768,215.6685,214.7768,308.6824,208.8536,359.3206,219.1849,364.5944,207.3965,215.1075,205.6440,205.8706,208.8033,208.1603,210.8376,200.5973,210.2556,210.2840,210.1789,208.3008,218.4653,220.6583,220.9325,218.5009,381.2519,203.7961,204.6234,204.4581,382.1067,228.7859,228.6752,218.4065,208.3552,227.7142,208.7538,229.9399,240.0066,229.3131,223.3629,240.9131,386.8698,212.3161,220.0802,219.4883,204.1402,229.1665,228.1860,219.1852,227.4034,216.8720,225.8383,220.4919,206.7196,226.9871,207.1753,207.0084,216.8763,217.1085,225.1550,225.4560,221.3825,217.7990,217.8980,221.3665,217.6284,217.9997,230.4218,219.4534,211.0180,216.9087,212.5986,200.3020,205.2962,381.8175,376.0810,227.9768,205.0852,208.5518,208.4174,208.6140,209.0817,209.4125,209.7216,209.4231,209.0358,268.6673,208.5863,208.5038,207.6503,204.8269,200.3015,232.6385,243.3820,218.6925,0.0000,217.7577,219.1669,208.6689,208.5704,227.9546,210.7036,210.4539,213.1077,216.1699,216.3264,207.2971,209.2700,229.1295,377.4971,210.6005,215.3976,212.4208,211.5137,227.7864,207.3810,220.3903,218.5986,209.0634,209.7028,202.7726,211.1888,212.5002,360.1947,214.2670,208.9848,209.0225,202.3692,204.8741,218.4812,255.0217,204.9155,213.5441,208.8806,209.4710,209.6727,213.3954,212.2737,213.6505,206.8297,206.8313,218.5735,205.0023,206.3966,205.3976,216.5466,217.5817,279.6636,279.6637,274.6195,204.4255,213.0581,204.7368,207.0864,206.4157,206.8139,206.6719,214.1594,0.0000,214.7459,206.1633,228.0857,227.6466,206.7349,206.1994,368.8921,211.0297,208.6409,230.3846,225.8339,211.4805,225.9170,244.9069,217.0580,0.0000,311.0945,303.4166,382.6623,258.9557,206.0044,226.2787,226.1522,221.1301,232.1540,219.5654,215.1756,220.1755,220.6609,315.6574,312.2361,219.3186,220.2579,221.2206,221.2937,220.3483,217.5567,221.1859,220.5528,221.7237,221.3112,221.1994,216.4316,208.5863,200.3049,206.6731,0.0000,207.8932,208.8732,207.8931,206.7380,206.5494,206.8272,207.6006,210.2042,383.1928,204.6253,210.0211,210.6968,210.2851,206.7523,211.0770,205.2452,206.6434,206.7522,221.3923,227.0473,378.3491,379.4553,386.1981,214.1055,219.7473,213.8935,216.8617,218.2731,204.9696,207.5460
23.0000,226.3927,205.7410,205.9423,207.3112,203.7652,214.9624,214.0265,240.9224,210.4044,248.9245,223.3435,240.2111,208.8809,215.7697,205.9776,206.2435,209.8577,209.2911,211.7509,202.1940,210.4715,209.5898,209.8633,208.8824,217.1175,219.4711,219.8031,218.6448,263.3600,205.5181,206.1854,206.0750,263.4634,226.1323,225.5523,227.5301,209.9044,223.7592,210.2833,226.9160,237.2813,224.9768,224.2555,238.2148,265.7308,212.3826,220.8694,220.2563,204.1402,229.6734,228.7009,219.3158,227.7879,217.4005,226.1354,220.6336,208.0808,227.6264,207.2442,207.1508,217.6258,217.8514,225.7965,226.1077,221.3825,218.4278,218.4926,222.1441,218.4384,218.8535,230.9599,220.3850,211.3374,217.6572,212.5855,202.1948,206.8356,263.7631,259.9854,222.8420,206.0267,209.6881,209.9682,210.1596,210.6448,210.9864,211.3054,210.9969,210.5971,236.6728,210.3830,210.0730,209.5098,206.6017,202.1942,226.9529,228.5622,218.8385,0.0000,222.7826,226.0599,210.1740,209.1675,225.5712,211.6503,211.4299,213.9442,216.9009,217.0765,208.5083,211.0793,229.6885,260.9106,212.3760,214.4351,211.5792,213.3080,225.9270,208.8097,220.5435,219.3770,210.6439,211.2641,204.5675,211.2374,213.6017,247.5333,215.0360,209.0380,209.0757,204.1667,205.4095,217.1333,232.3984,206.4884,214.8131,210.3900,211.0534,211.2622,213.4825,212.4642,213.4946,207.8849,207.8865,219.3551,206.0391,207.3112,205.9384,217.2381,218.2227,246.3335,246.3336,241.8933,206.0260,214.7718,204.3519,207.7911,206.8600,208.5367,208.0683,214.9260,0.0000,215.6178,207.2804,228.6076,228.2029,208.1335,207.6013,255.2519,212.7767,210.4384,230.6533,225.8339,212.3888,225.9311,245.5225,217.4436,0.0000,273.8536,267.3406,263.8722,233.6574,206.5012,226.9177,226.7719,221.8260,232.3350,219.9831,214.3942,219.1799,219.4793,277.2138,274.7586,217.9555,220.9261,222.0152,222.0902,221.1999,218.3358,221.9802,221.3370,222.5020,222.1075,221.9847,217.1984,210.3830,202.1972,208.0695,0.0000,208.8384,210.4245,208.8383,207.8552,207.7974,208.6535,208.8463,211.1257,264.5582,206.1873,210.9110,211.6420,211.1625,207.6529,212.2944,205.3751,207.2926,207.6527,218.8845,227.6022,261.4663,262.1885,265.4344,214.8719,220.4198,214.6593,217.6125,218.8768,206.5886,207.6098
24.0000,226.5649,205.3249,205.5134,207.2464,203.6974,214.9341,213.9856,240.7728,210.3787,248.6491,223.2973,240.0358,208.8411,216.1892,205.9231,206.2446,209.4074,208.8970,211.5854,201.9832,210.4202,209.6271,209.8528,208.8083,217.0879,219.4158,219.7510,218.9119,262.6939,205.1001,205.9656,205.8345,262.8191,226.2817,225.6879,227.4628,209.8833,223.8087,210.2493,227.0963,237.6253,224.9208,224.2335,238.5735,265.1014,212.3378,220.8221,220.2036,204.1402,229.6835,228.6907,219.3355,228.0368,217.3736,226.1892,220.6603,207.6075,227.6277,207.2091,206.9519,217.5877,217.8114,225.7905,226.1039,221.3825,218.4317,218.4960,222.1456,218.4038,218.8239,231.0342,220.2125,211.1986,217.6193,212.5351,201.5698,206.2894,263.0746,259.4234,222.9136,206.0375,209.3004,209.9483,210.1449,210.6188,210.9630,211.2880,210.9763,210.5780,236.5830,210.2639,210.0158,209.3754,206.3423,201.5693,226.8746,228.5497,219.0961,0.0000,222.7206,225.9951,210.1409,209.0544,225.7010,211.5473,211.3220,213.8810,216.8614,217.0363,208.4686,210.9816,229.7425,260.3206,212.3453,214.3829,211.7402,212.8584,226.0146,208.7302,220.5607,219.3475,210.6048,211.2556,204.0744,211.1977,213.8108,247.2740,214.9897,209.0025,209.0401,203.5774,205.7660,217.1036,232.3801,206.2729,215.0028,210.3720,211.0296,211.2438,213.4339,212.4732,213.4873,207.8706,207.8722,219.3268,206.0391,207.4039,206.0197,217.2070,218.2230,245.9545,245.9546,241.6547,205.7584,214.7613,204.2494,208.1583,206.9994,208.3924,207.9739,214.8807,0.0000,215.5579,207.2158,228.5998,228.2102,208.0412,207.4999,254.8132,212.7151,210.3206,230.6698,225.8339,212.2281,225.9320,246.0642,217.7767,0.0000,273.2632,266.3740,263.2257,233.6264,206.4963,226.9172,226.7704,221.8030,232.5149,219.9936,214.3593,219.1440,219.4243,277.2675,274.2832,217.8561,220.8323,221.9731,222.0502,221.1607,218.3159,221.9380,221.3305,222.5050,222.0674,221.9308,217.1713,210.2639,201.5729,207.9752,0.0000,208.3142,210.3990,208.3141,207.8440,207.7761,208.4761,208.4074,210.8446,263.8872,205.9675,210.7351,211.5362,210.9447,207.0197,212.4250,205.1665,207.1037,207.0193,218.8859,227.6095,260.8589,261.5591,264.8023,214.8268,220.3344,214.6137,217.5711,218.9006,206.3556,207.5731
25.0000,226.3099,205.5992,205.7922,207.5231,204.0275,214.8821,213.9398,240.3638,210.8477,248.4890,223.2151,239.7349,209.1061,215.2383,205.9098,206.3300,209.1369,208.8221,211.5254,202.2679,210.5005,209.6487,209.9003,208.9450,216.9704,219.3014,219.6403,218.2016,262.8909,205.3690,206.3276,206.2100,262.9470,226.0234,225.4193,227.3520,210.3673,223.4375,210.5358,226.8452,237.4515,224.3063,224.1368,238.4068,265.2422,212.3444,221.0009,220.3913,204.1402,229.6858,228.6644,219.3331,228.1196,217.4635,226.1978,220.6612,207.6174,227.6387,207.2243,207.0831,217.6898,217.9238,225.8177,226.1321,221.3825,218.5150,218.5804,222.2258,218.4956,218.8982,231.0980,220.2785,211.2994,217.7215,212.5580,201.7763,206.3764,263.3065,259.5216,222.4033,207.0415,209.1753,210.4332,210.6421,211.1104,211.4677,211.7360,211.4214,211.0818,236.0766,210.5274,210.3043,209.6483,206.5863,201.7758,226.0945,227.7252,218.3955,0.0000,222.6708,225.9027,210.4549,209.1878,225.4921,211.5458,211.3453,213.9529,216.9543,217.1331,208.6964,211.2523,229.8014,260.4453,212.6013,214.2979,211.6949,213.9709,225.9036,209.1582,220.5646,219.4751,210.9531,211.6092,204.3216,211.2093,213.4408,247.0912,215.0838,209.0163,209.0540,203.7200,205.8287,216.9862,231.6763,206.6413,214.7197,210.8196,211.4464,211.6699,213.4319,212.4879,213.4752,208.0433,208.0449,219.4523,206.2147,207.5102,206.0824,217.2908,218.3061,245.4851,245.4852,241.1684,206.0978,215.0364,204.1779,208.2642,207.0334,208.6749,208.3897,214.9771,0.0000,215.6161,207.4956,228.5788,228.2155,208.4521,207.8948,254.7934,212.9822,210.5850,230.4917,225.8339,212.1789,225.9226,246.1793,216.9589,0.0000,273.0053,266.0925,263.3416,232.9725,206.6026,226.9367,226.7882,221.8664,232.5106,220.0554,214.3070,219.0659,219.3103,277.0645,274.0388,217.7420,221.0921,222.1578,222.2351,221.3168,218.4421,222.1222,221.4264,222.5864,222.2523,222.1243,217.3016,210.5274,201.7794,208.3912,0.0000,207.8607,210.8675,207.8606,208.0209,207.9602,208.7407,208.3759,210.6478,264.0198,206.3293,210.6642,211.5279,210.8486,206.4016,212.2619,205.3043,207.0660,206.4011,218.6481,227.6148,261.0001,261.7212,264.9391,214.9234,220.5562,214.7092,217.6976,218.9864,206.8103,207.5883
26.0000,226.3606,206.2801,206.4882,207.9262,204.4243,214.9809,214.0764,241.2223,211.2612,250.4367,223.6535,241.0882,209.5323,215.2834,205.9973,206.4101,209.1802,209.1654,211.2380,202.9668,210.7452,210.0007,210.2091,209.2093,217.0510,219.3187,219.6358,218.2648,266.9752,206.0484,206.8650,206.7747,268.2043,226.0259,225.4505,227.9372,210.7729,223.4618,210.8998,226.9012,237.6169,224.3535,224.5254,238.5821,270.0805,212.2811,220.7103,220.0977,204.1402,229.5383,228.5107,219.2389,228.1216,217.3488,226.0461,220.5600,208.1119,227.4318,207.1760,207.2880,217.4612,217.6881,225.6147,225.9218,221.3825,218.3223,218.4065,222.0208,218.2597,218.6641,230.9402,219.9874,211.4214,217.4926,212.5349,202.5946,206.9813,267.3814,263.0167,222.4010,207.5714,209.5344,210.8396,211.0578,211.5344,211.8996,212.1283,211.8278,211.5065,236.5090,210.9191,210.6742,210.0749,207.0653,202.5940,226.0433,227.5583,218.4314,0.0000,223.1522,226.4529,210.8156,209.4755,225.4918,211.3020,211.1627,213.7417,216.7459,216.9098,208.9791,211.6349,229.6380,264.0976,212.9280,214.5279,212.0790,214.7382,225.8992,209.5861,220.4677,219.2291,211.3414,211.9825,205.0545,211.1567,213.6209,248.9436,214.8659,208.9670,209.0047,204.4825,205.3078,217.0667,231.7608,207.1805,214.8650,211.2232,211.8521,212.0971,213.3497,212.4622,213.4962,208.1576,208.1591,219.2085,206.6889,207.3614,205.9571,217.1030,218.1111,245.8738,245.8738,241.5831,206.6695,215.3411,204.2571,208.3008,207.1056,209.0881,208.8205,214.7575,0.0000,215.1271,207.9016,228.4224,228.0481,208.8816,208.3419,257.5765,213.3167,210.9766,230.4076,225.8339,211.8644,225.9182,246.1797,217.0134,0.0000,273.2915,266.3574,268.4653,233.1505,206.7126,226.7314,226.5934,221.6498,232.4671,219.9423,214.4566,219.1506,219.3297,277.4755,274.3443,217.8242,220.7569,221.8648,221.9434,221.0491,218.1996,221.8296,221.2083,222.3811,221.9602,221.7940,217.0431,210.9192,202.5970,208.8220,0.0000,207.6089,211.2807,207.6088,208.1260,208.0820,209.1849,208.7971,210.3749,268.4649,206.8668,210.3671,211.2722,210.5426,206.0160,212.5098,205.5522,207.2547,206.0154,218.7033,227.4478,264.7509,265.5970,269.8230,214.7039,220.2313,214.4885,217.4560,218.7916,207.4281,207.5409
27.0000,226.1003,205.8639,206.0724,207.4971,204.0011,214.8600,213.9617,240.4464,210.8124,249.4965,223.0717,240.0868,209.0034,215.2389,205.9128,206.3082,208.8239,208.8684,210.6644,202.4908,210.4945,209.6930,209.9248,208.9351,216.9226,219.2232,219.5356,218.0909,266.1952,205.6328,206.3975,206.3170,267.4408,225.7545,225.1967,227.2625,210.3364,223.2383,210.4900,226.6391,237.3182,223.8339,223.9433,238.2801,269.6553,211.8767,219.8890,219.2434,204.1402,229.2513,228.2434,218.6560,228.0296,217.0627,225.5682,219.9670,207.7872,227.0260,206.7635,207.6995,216.9132,217.1217,225.1989,225.4949,221.3825,217.8952,218.0156,221.3700,217.7398,218.1912,230.5865,219.3240,211.5246,216.9446,212.1793,202.1904,206.6241,266.6058,262.1859,222.1440,206.5124,209.2270,210.4032,210.6173,211.0822,211.4470,211.6860,211.3860,211.0600,235.8485,210.4747,210.2542,209.6336,206.6270,202.1898,225.5515,227.0787,218.2471,0.0000,222.5648,225.8077,210.4087,209.2173,225.2461,210.7310,210.6249,213.2168,216.2314,216.3731,208.6544,211.1898,229.2798,263.2801,212.4929,214.4187,211.7485,214.3097,225.7001,209.0756,219.8975,218.5715,210.9101,211.5444,204.6443,210.7635,213.4147,247.9944,214.3479,208.5688,208.6064,204.0957,205.2634,216.9383,231.1896,206.7137,214.6728,210.7933,211.4151,211.6632,212.9567,212.4939,213.4703,207.8353,207.8368,218.5472,206.2588,207.1259,205.8286,216.6353,217.6777,245.2487,245.2488,240.9307,206.2145,214.8393,204.3751,208.0747,206.9740,208.6489,208.2955,214.2398,0.0000,214.4136,207.4691,228.1455,227.7237,208.3567,207.8080,256.6868,212.8467,210.5317,230.3188,225.8339,211.2826,225.9136,245.8385,216.8976,0.0000,272.4641,266.0814,267.6854,232.5515,206.5779,226.3216,226.2028,221.1660,232.3090,219.6789,214.3351,219.0411,219.2340,276.0306,273.3881,217.7432,220.0364,221.0466,221.1250,220.2963,217.5302,221.0129,220.5512,221.7292,221.1401,220.9215,216.4022,210.4747,202.1927,208.2970,0.0000,207.2311,210.8322,207.2309,207.8000,207.7585,208.7434,208.4834,209.8745,267.7199,206.3993,209.7761,210.6892,209.9469,205.6649,212.2328,205.9299,207.0862,205.6643,218.5356,227.1243,263.9420,264.7988,269.3411,214.1863,219.5166,213.9705,216.9394,218.3706,206.9567,207.1327
28.0000,228.1879,205.5109,205.7042,207.2826,203.9532,215.3795,214.4617,272.7890,210.4440,301.6150,221.7314,298.2067,208.5597,215.0891,205.8139,206.2928,208.2109,208.4595,210.0756,202.1625,210.6197,210.2191,210.2838,208.8986,217.8122,220.0624,220.3633,218.3539,322.6977,205.2858,206.0500,205.9519,324.3075,227.6569,227.2771,223.6903,209.9690,225.6022,210.1212,228.7318,239.5123,226.8818,224.1266,240.4833,326.9984,211.7332,219.7672,219.1593,204.1402,229.0330,228.0415,218.5640,227.9945,216.9208,225.4042,219.8489,207.4041,226.7585,206.6444,208.5824,216.5308,216.7525,224.9057,225.1978,221.3825,217.5567,217.7130,221.0328,217.3022,217.6909,230.3455,218.9033,212.0391,216.5624,212.0885,201.8177,206.2341,323.2190,317.6123,225.1256,206.2494,208.7882,210.0355,210.2554,210.7112,211.0743,211.3478,211.0123,210.6922,251.6645,209.9678,209.8709,209.1218,206.1492,201.8170,229.3821,235.1438,218.5125,0.0000,220.8150,223.2445,210.0484,209.1869,226.9453,210.1642,210.0890,212.7453,215.8416,215.9802,208.6646,210.6769,229.0259,318.9990,211.9862,214.9689,212.3504,214.1648,227.0106,208.7337,219.7700,218.2728,210.5231,211.1650,204.2863,210.6421,213.1601,301.0869,213.9072,208.4542,208.4918,203.7013,205.1135,217.8279,242.7933,206.3609,214.4030,210.4434,211.0236,211.2189,212.7843,212.3567,213.5826,207.5608,207.5624,218.2551,206.0429,206.8183,205.6494,216.2641,217.3325,261.8229,261.8230,257.1366,205.8672,214.2899,204.3143,208.0081,206.8844,208.1807,207.9607,213.7961,0.0000,214.0780,207.2518,227.9378,227.4916,208.0180,207.4487,310.6867,212.3197,210.0239,230.3733,225.8339,210.7160,225.9164,245.8476,216.9724,0.0000,291.0266,284.2144,324.6052,245.3620,206.5663,226.0422,225.9308,220.8029,232.3159,219.4737,214.8531,219.7259,220.0695,294.2357,291.9871,218.6582,219.7555,220.9230,220.9993,220.0986,217.2277,220.8878,220.2236,221.3914,221.0166,220.8660,216.0925,209.9678,201.8199,207.9623,0.0000,206.5261,210.4637,206.5260,207.4958,207.3958,208.2424,208.0880,209.2531,324.6519,206.0517,209.1613,210.1100,209.3287,204.8911,211.9425,206.8175,206.8645,204.8904,220.0663,226.8928,319.8389,320.9253,326.6167,213.7428,219.2604,213.5269,216.4514,218.0276,206.6271,207.0140
29.0000,226.1680,204.4889,204.6636,206.6092,203.1804,214.7378,213.8029,240.1066,209.7822,248.5513,222.3516,238.8854,208.0228,215.4440,205.6264,206.0574,207.5232,207.7603,209.5553,201.0607,210.0182,209.2514,209.4524,208.3444,216.8705,219.2477,219.5652,218.1862,265.5359,204.2703,205.1991,205.0769,266.7516,225.8287,225.2757,226.4609,209.3270,223.3751,209.5571,226.7052,237.3505,224.0675,223.2844,238.3093,268.9413,211.9053,219.4885,218.8560,204.1402,228.9035,227.9273,218.5690,227.9107,216.8869,225.2781,219.7978,206.5599,226.5864,206.7617,209.6882,216.2632,216.4798,224.7184,225.0033,221.3825,217.3214,217.5119,220.7774,217.1429,217.6103,230.1657,219.2989,212.6507,216.2951,212.2806,200.6778,205.3064,265.9573,261.4593,222.3737,205.3146,208.0814,209.3923,209.5865,210.0323,210.3821,210.6850,210.3555,210.0104,235.8098,209.3666,209.2940,208.6066,205.4730,200.6773,226.0830,227.7875,218.3818,0.0000,221.7905,225.0208,209.4688,208.5998,225.2755,209.6919,209.6309,212.3990,215.5823,215.7112,207.9068,210.0669,228.8481,262.5712,211.3753,214.2709,211.4889,212.1856,225.6481,208.0271,219.7024,218.0017,209.9126,210.5764,203.2185,210.8044,213.0913,247.0081,213.6192,208.5952,208.6328,202.6382,205.3584,216.8861,231.5690,205.5075,214.2928,209.7809,210.3797,210.5720,212.9872,212.5242,213.4455,207.1639,207.1655,217.9801,205.3696,206.7023,205.6117,216.0143,217.0903,245.5870,245.5871,241.0747,204.9765,213.6550,204.3007,207.7931,206.6903,207.6267,207.2441,213.5107,0.0000,213.4574,206.5747,227.8180,227.3471,207.3070,206.7945,255.8709,211.7028,209.4217,230.3799,225.8339,210.1890,225.9168,245.9718,217.0356,0.0000,273.6068,266.9169,266.9894,232.8146,206.2538,225.8621,225.7576,220.5761,232.3700,219.3350,214.1818,218.9761,219.2567,277.3643,274.6373,217.7120,219.4934,220.6266,220.7036,219.8237,216.9531,220.5917,219.9634,221.1356,220.7207,220.5690,215.8125,209.3666,200.6808,207.2455,0.0000,205.8390,209.8019,205.8389,207.1200,207.0685,207.6503,207.3052,208.6855,267.0939,205.2009,208.6197,209.6276,208.7786,204.1684,211.7133,207.9346,206.4743,204.1675,218.5698,226.7487,263.2444,264.1154,268.6300,213.4575,219.0049,213.2431,216.1813,217.7922,205.5563,207.1385
30.0000,226.1905,204.3160,204.4842,206.5339,203.1812,214.7239,213.7880,239.6970,209.5999,247.8052,222.1472,238.3649,207.7701,215.3707,205.5740,206.0152,207.1973,207.5825,209.3956,201.1897,209.9661,209.1610,209.3877,208.2806,216.8647,219.2628,219.5762,218.1150,263.9661,204.1019,205.0419,204.9221,265.1331,225.8580,225.2979,226.1847,209.1466,223.3604,209.3932,226.7258,237.3336,223.9315,223.0875,238.2890,267.3222,212.0708,219.6886,219.0680,204.1402,229.0606,228.0850,218.8680,227.9242,217.3225,225.5176,220.1151,206.3621,226.7760,206.9509,211.7144,216.4065,216.6250,224.8930,225.1798,221.3825,217.4900,217.7099,220.8758,217.2771,217.7324,230.3096,219.5949,214.0166,216.4379,212.4184,200.5122,205.1584,264.3554,260.1132,222.3202,205.1686,207.9210,209.2112,209.3999,209.8434,210.1869,210.4930,210.1695,209.8187,235.5377,209.1713,209.1304,208.4436,205.3137,200.5116,225.9653,227.6479,218.3227,0.0000,221.5732,224.7654,209.2983,208.5314,225.3204,209.5682,209.5288,212.4686,215.7269,215.8521,207.7796,209.8568,229.0106,261.1660,211.1259,214.2979,211.3315,212.6874,225.7115,207.8725,220.0219,218.1582,209.7438,210.4160,203.0519,210.9721,213.0013,246.2988,213.7693,208.7729,208.8105,202.4925,205.3130,216.8801,231.3564,205.3497,214.2976,209.5982,210.1975,210.3889,213.1421,212.5299,213.4409,207.0599,207.0614,218.1384,205.3646,206.6244,205.5663,216.1555,217.2532,245.3918,245.3919,240.8497,204.8166,213.4413,204.4631,207.6309,206.6114,207.4730,207.0968,213.6694,0.0000,213.3259,206.4990,227.9765,227.5142,207.1573,206.6361,254.8115,211.4982,209.2259,230.4646,225.8339,210.0085,225.9212,246.1414,216.9634,0.0000,272.6214,266.3176,265.3674,232.5818,206.1991,226.0432,225.9340,220.7375,232.4341,219.4636,214.1679,218.9766,219.2712,275.7447,273.5496,217.7363,219.6681,220.8179,220.8939,219.9982,217.1229,220.7829,220.0786,221.2342,220.9113,220.7655,215.9824,209.1713,200.5152,207.0982,0.0000,205.4343,209.6195,205.4342,207.0125,206.9592,207.4818,207.1146,208.5351,265.4541,205.0437,208.4421,209.4960,208.6027,203.6495,211.5823,209.9452,206.3722,203.6485,218.5494,226.9153,261.8016,262.6253,267.0103,213.6173,219.1635,213.4068,216.3780,217.9710,205.5849,207.3231
31.0000,226.1401,204.9424,205.1026,207.0936,203.9223,214.8210,213.9343,240.2311,210.1511,248.6326,222.4533,239.3946,208.4413,214.9909,205.7060,206.2275,207.5948,208.0455,209.6569,201.8771,210.2481,209.4906,209.6976,208.6115,216.9332,219.2506,219.5446,217.8963,264.9021,204.7330,205.7042,205.6123,266.0578,225.8204,225.2662,226.6289,209.6719,223.3545,209.8429,226.6721,237.2139,224.1549,223.3202,238.1634,268.2317,212.2968,220.2856,219.6387,204.1402,229.5316,228.5505,219.0524,228.1982,218.0997,225.8521,220.2908,206.9250,227.3472,207.1471,214.2067,217.0419,217.2587,225.4641,225.7635,221.3825,218.0284,218.2587,221.5103,217.9513,218.4385,230.7687,220.0437,215.6976,217.0732,212.6182,201.2109,205.7149,265.3022,261.0074,222.3145,206.8114,208.4183,209.7362,209.9233,210.4202,210.7793,211.0108,210.6944,210.3794,235.9023,209.6559,209.5996,208.9680,205.8760,201.2103,226.1954,227.8023,218.1176,0.0000,221.9425,225.1798,209.7448,208.8608,225.2822,209.8731,209.8664,213.0257,216.3460,216.4879,208.4544,210.3324,229.5004,262.0710,211.5641,214.5166,211.6554,213.3493,225.6762,208.5408,220.1969,218.8061,210.2245,210.8590,203.7073,211.1848,212.9630,247.1581,214.4289,208.9756,209.0132,203.1317,205.0153,216.9488,231.6044,206.0113,214.1280,210.1094,210.7067,210.9011,213.3933,212.5040,213.4621,207.3454,207.3470,218.7852,205.8557,206.7049,205.5829,216.7140,217.7929,245.7043,245.7043,241.1857,205.4713,213.8381,204.4497,207.8171,206.7635,208.0107,207.7932,214.3439,0.0000,213.2956,207.0636,228.4474,228.0131,207.8506,207.3531,255.6381,211.9185,209.7101,230.5561,225.8339,210.2412,225.9260,246.1573,216.6708,0.0000,273.3710,266.5005,266.2919,232.8624,206.4797,226.6121,226.4880,221.3405,232.4565,219.8278,214.3211,219.0486,219.2620,277.4089,274.4457,217.8001,220.2856,221.4373,221.5136,220.6195,217.8069,221.4021,220.7203,221.8697,221.5310,221.3904,216.6529,209.6559,201.2136,207.7947,0.0000,205.7915,210.1699,205.7914,207.2960,207.2525,208.0169,207.6370,208.8179,266.3811,205.7059,208.6859,209.7944,208.8458,204.0100,211.7308,212.4166,206.6354,204.0089,218.5952,227.4129,262.7137,263.5462,267.9223,214.2943,219.7930,214.0937,217.0710,218.5011,206.2696,207.5209
32.0000,226.6316,205.5769,205.7246,207.7406,204.5677,215.0680,214.1551,241.0951,210.8880,249.4940,223.3452,240.2586,209.1335,215.7091,205.8647,206.3788,208.3109,208.6128,211.3122,202.7991,210.6532,209.8437,210.0795,209.0660,217.2344,219.5817,219.8929,218.5979,265.7682,205.3738,206.3978,206.2932,266.9363,226.3563,225.7719,227.4868,210.4075,223.8672,210.5985,227.1602,237.6307,224.9556,224.2512,238.5737,269.1320,212.9302,223.6442,222.9710,204.1402,235.0957,234.8875,220.1268,231.2000,221.3921,228.4281,221.4766,207.5605,232.3326,207.7936,220.1301,220.2260,220.4640,230.2089,230.4495,223.4564,220.9762,221.1893,224.8762,221.2497,221.8056,234.7866,223.6351,220.3902,220.2587,213.3177,201.9291,206.3292,266.1611,261.8975,222.8958,207.7295,209.0044,210.4712,210.6516,211.1543,211.5103,211.7485,211.4322,211.1088,236.7490,210.4616,210.3611,209.7282,206.6892,201.9285,226.9463,228.5710,218.8021,0.0000,222.8035,226.0396,210.4940,209.2927,225.7763,211.5571,211.5405,215.6283,219.3895,219.6268,209.0348,211.1323,233.6835,262.9552,212.3772,214.7038,211.9375,214.2761,226.0727,209.2952,221.4378,222.1199,210.9738,211.6121,204.3791,211.8899,213.7108,248.0203,217.4392,209.6837,209.7215,203.7961,205.3521,217.2501,232.4159,206.7023,214.9245,210.8418,211.4469,211.6377,214.0183,212.4377,213.5163,208.0332,208.0348,222.0909,206.5031,207.3917,205.9781,219.5822,220.7280,246.5163,246.5163,242.0130,206.1522,214.6955,204.3588,208.0836,206.9548,208.7642,208.5508,217.3907,0.0000,215.0765,207.7147,234.6428,233.4351,208.6072,208.0928,256.5382,212.7632,210.5161,241.3997,240.5182,211.9671,240.3978,262.2542,217.3781,0.0000,273.8672,267.1665,267.1708,233.6859,206.6941,231.4821,231.4583,225.3250,247.6158,222.4859,214.5465,219.3293,219.5913,277.8475,274.9238,218.0909,223.6482,224.8121,224.8879,223.9459,221.1884,224.7757,224.0736,225.2411,224.9060,224.7597,220.1078,210.4616,201.9320,208.5522,0.0000,206.6478,210.9068,206.6477,208.0013,207.9476,208.8004,208.2390,210.2211,267.2528,206.3996,210.3193,211.4736,210.4672,204.7680,212.4730,218.1826,206.9560,204.7667,218.9821,232.8206,263.5937,264.4212,268.8191,217.3459,223.1292,217.1818,220.1315,221.4576,207.0658,208.1671
33.0000,235.4279,207.2463,207.4129,209.2172,205.1770,216.0294,214.6868,233.8969,212.6152,235.2316,225.5706,233.0772,210.7437,218.2348,208.2060,207.9863,211.0557,210.9324,215.0420,204.5171,212.1105,210.8469,211.2629,210.7146,218.4466,220.7319,221.1428,220.8841,235.0941,207.0420,208.0196,207.9258,236.1942,234.9624,233.2704,229.0494,212.1571,226.3920,212.4448,235.9713,246.7346,225.5481,226.3503,247.7040,238.1347,216.0995,229.7069,228.9480,206.4103,236.9678,235.6899,223.6013,236.1808,227.2283,232.1564,225.0025,209.6743,235.4693,210.9289,228.6146,225.9793,226.2417,233.6620,234.0543,229.0406,226.3374,226.6867,230.9188,227.2868,228.0088,238.6855,229.8099,227.5231,226.0116,216.2815,203.6157,208.3686,235.4294,233.1264,224.5746,208.1822,211.3517,212.2211,212.4050,212.8585,213.2026,213.5058,213.1847,212.8295,233.6089,212.4686,212.1966,211.5488,208.6032,203.6152,227.0516,228.3567,221.1025,0.0000,224.8929,228.3429,212.3698,210.9498,233.0027,215.3448,215.2895,220.8228,225.0269,225.3650,208.9557,213.1431,237.4716,232.8485,214.4854,215.0485,212.8784,215.8700,230.6057,210.9130,224.9751,228.2105,212.7891,213.4649,206.0523,214.9735,215.9370,234.8923,223.2824,212.7595,212.7978,205.6088,208.2950,218.4638,230.8858,208.3264,217.1815,212.6232,213.2193,213.4036,217.1947,212.1815,213.7258,210.2609,210.2628,228.1804,207.9674,210.1209,208.5516,224.9063,226.0866,240.9368,240.9368,237.5897,207.7853,216.9910,206.4945,210.9214,209.5181,210.5947,210.1387,223.3223,0.0000,218.9074,209.1876,235.6602,235.6066,210.1972,209.6473,234.3629,214.9687,212.5245,235.2582,228.5654,215.7084,228.7585,249.1846,219.7716,238.5611,252.7042,254.2014,236.4087,231.7005,208.0516,234.7677,234.5184,229.9604,235.2791,228.0329,215.1122,220.1959,220.7329,246.2570,251.9241,219.2891,229.5652,230.9378,231.0177,230.0921,227.6015,230.8987,230.1413,231.2935,231.0356,230.8696,226.4801,212.4686,203.6192,210.1399,0.0000,209.8088,212.6347,209.8088,210.2757,210.2152,210.6734,210.4418,213.7822,236.4359,208.0214,214.0189,215.2566,214.1659,208.0064,214.5659,226.5249,209.2887,208.0053,220.3373,234.9864,233.4464,233.9086,237.8594,223.2908,229.0188,223.1955,226.1566,226.8337,208.6959,211.2916
34.0000,283.6466,251.1008,251.3311,252.8696,247.6299,260.5857,259.0282,281.6761,257.0822,283.6441,272.1739,281.1131,254.6426,261.8704,251.9911,251.4292,255.9288,255.6714,261.1855,247.7740,256.2462,254.8286,255.3107,254.6471,263.4157,266.0329,266.4993,265.4627,283.6646,250.8523,251.8129,251.7616,285.0144,283.0944,281.0612,276.3007,256.5003,272.7330,256.7736,284.2970,297.1766,271.8916,273.0668,298.3365,287.3777,262.1404,281.1212,280.1745,249.6322,284.0992,281.8847,271.2788,283.1140,276.7716,280.6982,272.9364,254.1836,283.2237,255.9028,281.8822,276.1135,276.4735,281.6994,282.1042,273.0383,275.3881,275.6578,282.3865,277.9295,278.9013,287.4971,281.2043,278.9540,276.1518,262.0404,246.9330,252.6464,284.0757,281.2457,270.4456,251.9167,256.2007,256.5768,256.7992,257.4186,257.8626,258.1325,257.7542,257.3671,281.4557,257.1066,256.5367,255.8647,252.5738,246.9323,273.6442,275.1154,265.6645,0.0000,271.4013,275.4822,256.6790,255.0070,280.7948,261.6209,261.5564,269.5740,274.7941,275.3782,252.3034,257.9136,286.2521,280.9169,259.5261,259.5679,257.1335,262.4344,278.0277,255.1099,272.8604,279.2956,257.2686,258.0613,249.7420,260.6462,259.8896,283.2450,273.1626,257.9868,258.0333,249.3526,251.8170,263.4364,278.1648,252.1852,261.1463,257.0492,257.7920,258.0173,263.4794,255.7643,257.6937,253.8351,252.8679,279.2650,251.1766,254.2156,252.2625,274.0438,275.1371,290.2497,290.2498,286.2265,251.5830,262.6145,249.2487,255.7442,253.7259,254.7485,254.1951,273.3276,0.0000,265.6931,252.8349,281.8455,282.0044,254.2561,253.5371,282.6625,260.1669,257.1744,280.5669,271.8810,261.9828,272.1484,296.7268,263.9432,287.4499,304.4916,306.1793,285.2721,279.1484,251.4641,282.4923,282.1336,279.1086,279.9682,275.4745,259.5492,265.5331,266.0372,296.7467,303.5627,264.4235,280.7072,282.6346,282.7327,281.6123,279.0831,282.5842,281.5383,282.8446,282.7545,282.5124,277.5668,257.1066,246.9366,254.1965,0.0000,254.5697,257.1052,254.5697,254.0880,254.1091,254.9247,255.1177,259.5246,285.2899,251.8151,259.9297,261.5120,260.1059,252.4157,258.6460,279.1620,253.4522,252.4147,265.5856,277.0298,281.6470,282.2187,287.0418,273.3107,280.0174,273.2768,276.7686,275.9805,252.8119,256.3218
35.0000,273.5148,258.7013,258.9688,259.9966,254.0063,266.5145,265.6128,288.7447,264.7584,291.2863,279.7507,288.9465,262.4577,269.3979,259.9775,259.2820,264.2628,263.7540,270.1112,254.9948,263.0806,262.1051,262.4163,261.7381,269.0068,271.6384,271.9858,272.4393,291.1522,258.4358,259.3656,259.3312,292.4428,276.2486,275.1800,284.0368,264.1660,276.2488,264.5011,274.1430,286.5855,278.5964,280.5868,287.7060,294.7744,275.2805,292.2004,291.1978,257.5274,291.2460,288.1688,285.0655,292.4093,286.1207,292.3350,286.7182,262.1150,291.4881,268.7386,281.0000,286.7220,287.1290,290.2245,290.7134,282.5799,285.0751,285.3335,293.4755,288.7957,289.8940,296.2607,292.1340,286.9294,286.7620,274.6712,254.4376,260.4642,291.5557,288.8389,275.6202,259.5220,264.3234,264.2432,264.4213,265.0644,265.4960,265.8792,265.4762,264.9955,288.4857,264.9099,264.2467,263.5126,260.2322,254.4369,280.1180,281.4295,272.6648,0.0000,279.0241,283.1649,264.7413,262.1758,276.2831,270.5208,270.4207,279.6122,285.2532,285.9730,259.8594,265.7485,294.9287,288.5040,267.4476,266.4430,264.2164,268.5250,278.1768,262.6961,286.4856,290.2530,264.9971,265.8268,257.3165,273.5230,267.5315,290.9178,283.7646,270.7562,270.8050,256.9652,259.4223,269.0339,284.8148,259.7548,268.8841,264.7962,265.5248,265.7539,276.7351,261.6168,263.5709,260.8561,258.8110,290.2120,257.9708,261.9243,260.0266,284.0594,284.8515,297.3197,297.3197,293.2903,259.1432,270.7652,257.3188,263.8881,261.8142,262.3505,261.7476,284.0024,0.0000,275.0778,259.9637,288.2055,288.9785,261.8207,261.1163,290.2881,268.1634,264.9819,283.6419,271.8810,271.0018,272.3072,299.5714,271.1750,280.4573,296.8368,313.6016,292.7041,285.9096,259.2698,290.7642,290.2492,288.7029,280.8509,285.1900,266.1322,271.6841,271.6599,289.4237,295.9553,270.0452,291.6147,293.7661,293.8635,292.6669,290.2006,293.7123,292.6401,293.9503,293.8873,293.6154,288.8211,264.9099,254.4413,261.7490,0.0000,263.0252,264.7828,263.0253,261.3920,261.5223,262.6030,263.1356,268.3456,292.7426,259.3679,268.7913,270.4101,268.9771,260.8186,266.3011,284.9294,261.4768,260.8178,271.0494,281.6081,289.2094,289.7551,294.4442,283.9995,290.8665,283.9959,287.5582,285.6839,260.0528,269.1499
36.0000,276.7111,260.7639,261.1535,261.2127,254.9363,267.8903,267.0787,289.9287,266.2945,292.7527,280.8787,290.4784,264.2197,270.2756,261.6701,260.6307,267.1196,266.0998,272.5695,257.4817,263.8796,261.4827,262.1056,262.8558,270.4907,273.6407,274.0939,273.5507,292.3701,260.4604,261.0438,261.2119,293.7430,279.4826,278.1208,285.4325,265.6729,278.0426,265.8046,277.4157,291.3994,280.0845,281.5435,292.6593,296.1152,279.7588,296.3125,295.2946,258.6850,295.1345,291.7366,291.2768,296.6370,290.1777,298.5084,293.1641,264.3888,295.9195,273.0802,286.7082,290.5251,290.9595,294.4319,295.0311,286.3987,288.7862,289.1332,297.5903,292.7234,293.8806,300.4541,296.2442,291.9450,290.5713,278.0033,256.4956,262.8271,292.7422,290.1621,277.1381,260.3997,266.6925,265.7575,265.9714,266.6754,267.1761,267.4612,267.0199,266.6198,289.8485,266.2559,265.5276,265.0312,261.5679,259.5256,281.7502,282.8365,273.8057,0.0000,280.3110,284.5208,266.0643,263.4680,279.5234,272.9141,272.8722,282.8503,289.0001,289.7417,260.9101,267.1404,299.0964,289.8121,268.6743,267.6467,264.5006,271.2381,281.4484,264.0230,292.8168,294.2204,266.4144,267.1665,259.3895,277.7434,268.5627,292.3947,287.3755,274.9807,275.0303,259.1739,260.3000,270.5185,286.2023,261.4669,269.7757,266.3344,267.0386,267.2718,281.5183,263.1358,265.0020,262.0113,259.6887,294.1722,259.1798,263.3618,261.3162,287.7276,288.5381,298.6567,298.6568,294.6748,260.9046,272.2626,257.4656,267.4860,264.2624,263.8739,263.0126,287.6346,0.0000,277.8474,261.1820,291.8151,292.8935,263.1072,262.4760,291.6902,269.4671,266.3367,285.4216,271.8810,273.4085,272.3983,304.5489,272.1861,284.1066,301.8323,316.1181,294.0078,287.2902,260.5737,295.0742,294.4407,292.7101,282.5579,289.1546,267.5698,273.4681,273.6565,293.8887,300.8906,271.5152,295.6241,297.8914,297.9907,296.6925,294.1722,297.8357,296.7300,298.0796,298.0155,297.7282,292.8770,266.2559,259.5301,263.0144,0.0000,266.0028,266.3189,266.0029,262.6463,262.9307,264.0704,265.4529,271.2700,294.0163,261.0458,271.2088,272.8088,271.4148,263.8693,267.4489,290.3346,263.4276,263.8689,272.5439,285.4232,290.4960,291.0157,295.7791,287.6346,294.8496,287.6346,291.3239,289.4120,262.2574,273.4311
37.0000,279.8480,260.8953,261.3103,261.2148,254.9749,268.3213,267.3948,289.8256,266.5057,294.6908,282.0209,292.4861,264.4271,270.2756,261.2971,260.4530,266.2007,265.7109,269.0500,257.6258,263.9645,261.4120,262.1056,262.8241,271.0022,274.1031,274.5383,273.8419,294.6799,260.5745,261.1414,261.3416,296.3548,282.7612,280.9216,286.9391,265.8807,279.0461,265.9423,280.6453,296.5128,281.0521,282.6843,297.9428,298.9455,276.5719,288.6118,287.6244,258.2058,289.6732,286.6680,288.2023,290.3542,283.4917,294.0333,290.0351,264.1550,289.8137,269.9502,280.1539,282.9968,283.4208,288.1583,288.6951,279.9962,282.1172,282.4471,289.8677,285.1332,286.2603,294.2419,288.5760,285.2648,283.0457,274.6580,256.4956,262.7638,295.1256,292.1057,277.8197,260.3997,266.3232,265.9689,266.1362,266.8732,267.3800,267.7338,267.2572,266.8084,290.6766,266.1585,265.6074,265.0647,261.2825,259.3438,282.5154,283.3896,273.9841,0.0000,281.4504,285.9792,266.6528,263.4456,282.5674,269.2836,269.2761,275.7452,281.5714,282.2054,260.9128,267.0495,292.9085,291.7554,268.4987,268.2044,264.4771,272.7668,284.0381,264.0614,289.6227,286.5921,266.5695,267.3434,259.4759,274.5504,268.6216,294.3439,278.6984,271.8219,271.8709,259.1664,260.0761,271.0156,286.8693,261.5840,269.8274,266.6313,267.2597,267.4972,278.3765,263.6946,265.4858,261.7223,259.6887,286.5446,259.1828,262.5337,260.6789,281.0067,281.8560,301.2388,301.2389,296.5121,261.0061,272.4492,256.6901,267.7995,264.1756,263.8173,263.0088,278.9470,0.0000,274.2744,261.1851,286.6624,287.3060,263.1126,262.5043,293.6383,269.4787,266.2461,282.9801,271.8810,269.8747,272.2732,305.0909,272.3585,288.3792,313.1504,322.3930,296.6277,288.0002,260.4229,288.8942,288.3779,285.7955,282.7675,282.5712,267.9100,273.8648,274.1165,300.3663,311.6638,271.9587,287.9666,290.1460,290.2428,289.0103,286.5446,290.0920,289.0409,290.3428,290.2667,289.9910,285.2812,266.1586,259.3483,263.0109,0.0000,264.4103,266.5309,264.4103,262.2645,262.5485,263.9805,265.1779,268.1768,296.4969,261.1433,267.7040,269.1899,267.8935,262.4081,267.5368,283.6931,263.0483,262.4080,273.1076,279.9782,292.5325,293.1409,298.5757,278.9470,287.2181,278.9470,282.4882,282.7352,262.6519,270.2877
38.0000,287.7665,267.6276,268.0497,267.9754,261.5727,275.3724,274.4040,298.5413,273.5375,303.9365,290.1354,301.5871,271.1625,277.0790,268.6357,267.7760,273.5937,272.9391,276.5690,264.3431,270.8052,267.7833,268.6149,269.7197,278.1456,281.4272,281.9083,280.7488,304.0335,267.2963,267.9036,268.1035,305.9083,290.9186,288.8447,295.4591,272.9042,286.4739,272.9998,288.5925,305.0375,288.7239,290.7913,306.5195,308.7165,284.4443,295.9386,294.8930,265.5129,295.8356,292.2901,296.3525,297.8403,291.0477,301.8147,298.2174,271.1857,296.4453,277.6136,287.6707,290.4824,290.9069,294.8656,295.4657,287.4289,289.6283,289.9888,297.4975,292.7199,293.9309,301.4515,296.2873,292.8480,290.5332,282.3417,263.0263,269.7211,304.5466,301.1363,285.1008,266.3738,273.5839,272.9949,273.1562,273.9180,274.4435,274.8417,274.3367,273.8525,299.1529,273.2698,272.6722,272.0887,268.1686,266.0972,290.0389,290.8345,280.4790,0.0000,289.5498,294.4338,273.7318,270.3780,290.6715,276.7763,276.7166,283.2118,289.0614,289.6917,267.9699,274.1964,300.0137,300.7661,275.7404,275.1379,271.0188,280.8410,292.0901,270.9110,297.7690,294.0661,273.6616,274.4898,266.1124,282.3068,275.5974,303.5668,286.1782,279.4992,279.5496,265.8565,267.6288,278.1593,294.8399,268.3608,277.0281,273.6758,274.3498,274.5836,286.3304,270.6499,272.4730,268.6046,266.1472,294.0075,265.8041,269.8257,267.9991,288.5003,289.3653,309.9464,309.9464,305.1459,267.7586,279.8261,264.0599,275.3813,271.6434,270.7736,269.8004,286.4349,0.0000,282.0139,267.9428,292.3745,293.5261,269.9026,269.2101,302.7560,276.7525,273.3607,285.7076,271.8810,277.4256,272.4129,305.1070,279.2239,297.0608,323.0619,330.4006,306.1877,296.1298,267.7036,295.5596,294.9454,292.9041,282.7653,290.1122,274.9193,281.1143,281.4389,310.1955,321.4429,279.1444,295.4833,297.5093,297.6122,296.4193,294.0075,297.4557,296.6227,297.9863,297.6357,297.2794,292.7337,273.2698,266.1019,269.8025,0.0000,271.8483,273.5643,271.8482,269.2602,269.5862,270.9683,272.3133,275.7089,305.9863,267.9055,275.2087,276.6940,275.3688,269.8385,274.5023,291.2559,270.3433,269.8387,280.2936,286.0397,301.6321,302.3182,308.3131,286.4349,294.7191,286.4349,290.0902,290.2582,269.6142,277.9558
39.0000,280.3911,260.9430,261.3630,261.2230,254.9584,268.4253,267.3767,291.1694,266.5647,296.4941,282.8735,294.2116,264.4947,270.2756,261.3502,260.5609,265.9992,265.6528,267.9821,257.6919,264.0051,261.4015,262.1056,262.8515,271.1373,274.3272,274.8240,273.7971,296.5697,260.6192,261.1724,261.3669,298.4684,283.4706,281.4791,288.1013,265.9382,279.2548,266.0017,281.1854,296.9916,281.4802,283.5230,298.4161,301.2241,275.6897,284.6947,283.6820,258.2578,287.3411,284.4763,287.1892,287.7850,280.6091,292.2459,288.9835,264.1286,287.1547,269.0324,277.3414,279.6655,280.0602,285.3939,285.8818,277.2992,279.2864,279.6002,286.3047,281.8012,282.9784,291.6453,285.2351,282.3116,279.7143,273.7195,256.4956,262.7206,297.0684,293.6974,277.9436,260.2958,266.2651,266.0265,266.1842,266.9290,267.4337,267.8231,267.3337,266.8590,291.6586,266.1670,265.6664,265.1240,261.2183,259.3046,282.7282,283.5085,273.5195,0.0000,282.3056,287.1035,266.7154,263.4783,283.2408,268.1171,268.0612,272.7467,278.3289,278.8909,260.9856,267.0681,290.2981,293.3395,268.5582,267.9809,264.5469,272.9409,284.6452,264.0749,288.5323,283.0314,266.6549,267.4694,259.4802,273.6505,268.7206,296.1349,274.8909,270.9133,270.9621,259.1413,260.3000,271.1505,287.3913,261.6177,270.2088,266.6851,267.3404,267.5722,277.5484,263.8044,265.5921,261.6847,259.6887,282.9745,259.1847,262.4008,260.6489,278.1460,279.0208,302.1950,302.1951,297.5111,261.0405,272.2682,256.7315,267.9809,264.2888,263.8369,263.0109,275.1333,0.0000,273.1959,261.1929,284.4346,284.8934,263.1161,262.5141,295.2911,269.3922,266.2556,282.1444,271.8810,268.7991,272.2301,304.6546,272.3378,289.4936,314.9583,322.1377,298.7488,288.6562,260.5254,286.1908,285.7220,282.7402,282.6006,279.7704,267.8867,273.9652,274.3368,302.3837,313.3737,272.1077,284.3269,286.1946,286.2943,285.2747,282.9745,286.1445,285.4756,286.7739,286.3165,285.9195,281.7578,266.1670,259.3091,263.0130,0.0000,264.0773,266.5904,264.0772,262.2130,262.5017,263.9905,265.1491,267.3590,298.5424,261.1743,266.6894,268.0495,266.8345,262.1589,267.5749,280.7832,263.0574,262.1592,273.2392,277.6272,294.1950,294.8740,300.8292,275.1333,283.6016,275.1333,278.5849,279.8956,262.7246,269.3713
40.0000,274.3442,259.7702,260.1876,259.7585,253.5586,261.9508,260.8150,289.8256,265.3570,293.9013,280.6046,291.6348,263.3003,269.3351,260.1402,259.3519,265.0234,264.5990,267.2037,256.4715,261.2424,260.2055,260.5842,260.6992,263.3577,265.8537,266.2023,271.8152,292.5852,259.4502,259.9805,260.1820,292.8747,277.1275,275.3893,285.6304,264.7350,273.7309,264.7981,275.1274,290.7174,278.9700,281.2364,292.1224,295.6433,274.7467,284.0968,283.1088,256.9667,286.6876,283.8794,286.1347,287.0868,279.8182,291.2909,287.9192,263.1117,286.4314,268.1143,276.5722,278.8625,279.2508,284.6685,285.1481,276.5302,278.4955,278.8078,285.5248,280.9353,282.0579,290.8854,284.3241,281.5144,278.9113,272.8572,255.5551,261.7272,293.0577,290.4947,273.5112,259.3553,265.2094,264.8234,264.9849,265.7225,266.2289,266.6110,266.1223,265.6572,289.5505,264.9431,264.4531,263.8749,260.0812,258.2381,280.0838,280.8471,271.5382,0.0000,280.0801,284.6043,265.5133,261.2310,276.4677,267.3008,267.2112,271.9337,277.5224,278.0865,260.0358,265.8325,289.5458,290.0832,267.2926,261.8304,261.7989,271.4149,276.9707,262.8604,287.4808,282.2940,265.4331,266.2292,258.3998,272.7337,267.6187,293.5446,274.0919,270.0029,270.0516,258.1719,259.1145,256.1406,284.9577,260.4233,268.9410,265.4867,266.1257,266.3586,276.5830,257.4511,259.1900,260.3659,258.4500,282.2536,257.9245,261.2360,259.4337,277.3371,278.2285,299.9777,299.9778,295.3307,259.8541,271.0309,255.3192,266.8075,263.0737,262.6154,261.7968,274.3353,0.0000,272.3579,259.7434,283.8295,284.2359,261.9016,261.3102,292.3379,268.1605,265.0316,281.8305,271.8810,268.0199,272.2139,304.2474,270.8278,282.8701,307.1920,319.7741,293.3058,286.3091,259.3554,285.4696,285.0131,281.9767,282.4631,278.9856,261.4091,266.4149,265.8915,295.1437,305.6758,264.3267,283.4037,285.6015,285.6979,284.6161,282.2536,285.5500,284.7177,285.9927,285.7212,285.3776,281.0080,264.9431,258.2426,261.7989,0.0000,263.2322,265.3826,263.2321,260.9474,261.2669,262.7865,264.1129,266.5893,294.0249,259.9824,265.9429,267.2444,266.0876,261.3533,266.4669,279.9947,261.9091,261.3536,266.4786,277.0298,290.7581,291.2506,295.2704,274.3353,282.6417,274.3353,277.8014,279.1133,261.4687,268.4563
41.0000,280.6439,260.9850,261.3953,261.3375,255.0756,268.8109,267.8378,290.6110,266.7029,295.4272,282.3896,293.3308,264.6406,270.2756,261.5370,260.6537,266.5019,265.8992,269.0146,257.8788,264.1694,261.3200,262.1056,263.0063,271.5830,274.9281,275.4210,273.8454,294.3865,260.6662,261.2569,261.4710,294.8340,283.6515,281.7403,287.3748,266.0732,279.7068,266.1097,281.4382,297.2451,281.9834,283.1024,298.6696,297.6326,276.3347,286.3304,285.3878,258.3836,288.1272,285.1533,287.6202,289.1522,281.7084,292.8316,289.3863,264.3103,287.8627,269.6560,278.5410,280.8096,281.2302,286.2041,286.6803,278.4001,280.3594,280.6837,287.5911,282.8393,283.8966,292.6873,286.3746,283.4190,280.8567,274.4979,256.4956,262.8431,294.8532,292.2331,278.4167,260.2958,266.5064,266.1628,266.3244,267.0828,267.6028,267.9478,267.4648,267.0160,291.4545,266.2524,265.7698,265.1977,261.3543,259.3929,283.4924,284.4455,273.5377,0.0000,281.7972,286.3437,266.8398,263.6537,283.4554,269.0670,268.9375,273.7785,279.4390,280.0191,261.0846,267.1432,291.3007,291.8333,268.6111,268.6369,264.5053,272.9806,284.9341,264.1857,288.9489,284.3347,266.7659,267.5747,259.5219,274.3143,268.7405,295.0978,275.9922,271.5612,271.6102,259.1719,260.3000,271.5964,287.7965,261.7002,270.1179,266.8304,267.4670,267.7083,278.1703,264.1613,265.9643,261.7899,259.6887,284.2892,259.2837,262.6010,260.8019,279.2216,280.0942,301.1594,301.1594,296.8577,261.1158,272.3351,256.6651,268.1233,264.4216,263.9301,263.1119,276.2422,0.0000,274.2900,261.3066,285.1276,285.6612,263.2183,262.6292,293.9816,269.4705,266.3412,282.5468,271.8810,269.8521,272.2509,303.8396,272.3655,289.4854,314.1159,319.1269,295.2862,288.8843,260.6192,286.9518,286.4970,283.7216,282.3425,280.8623,268.3619,274.5272,274.9360,301.9699,312.5814,272.6543,285.6841,287.8284,287.9210,286.6577,284.2892,287.7754,286.7666,288.0654,287.9461,287.6785,283.0556,266.2524,259.3974,263.1141,0.0000,264.8746,266.7285,264.8745,262.3406,262.6312,264.0887,265.3462,268.3463,295.8801,261.2587,267.7845,269.0205,267.9379,263.0388,267.6432,281.9191,263.2677,263.0391,273.6933,278.3754,292.5201,293.0291,297.2584,276.2422,284.9303,276.2422,279.8024,280.9736,262.8513,270.0050
42.0000,279.8675,261.1257,261.5320,261.3876,255.1560,268.7904,267.8249,289.8257,266.7232,294.7242,282.1704,292.7349,264.5961,270.2756,261.5469,260.6239,266.6914,266.0102,269.4139,257.9157,264.2613,261.6113,262.3309,263.0779,271.5347,274.8971,275.3864,273.8134,293.6752,260.8124,261.3446,261.5661,293.9855,282.8243,281.0524,286.9675,266.0919,279.4394,266.1329,280.6369,295.9369,281.5054,282.9466,297.3156,296.6146,276.1524,286.8418,285.9413,258.4173,288.2456,285.2125,287.1794,289.8753,282.0906,292.5949,288.9165,264.4877,287.8229,269.4945,278.7370,281.1937,281.6389,286.2785,286.7279,279.5124,280.7400,281.0989,288.0139,283.1332,284.1054,292.9818,286.5493,283.6906,281.2346,274.5490,256.7400,262.9937,294.1216,291.6380,278.1838,260.4448,266.5676,266.1812,266.3493,267.1009,267.6178,267.9609,267.4801,267.0352,290.7076,266.3026,265.7984,265.2482,261.4720,259.5558,282.9384,283.9715,273.6099,0.0000,281.5527,285.9654,266.8457,263.7294,282.7020,269.4337,269.2804,274.1427,279.8122,280.3967,261.0957,267.1862,291.5594,291.2468,268.6638,268.6433,264.7903,273.3329,284.3246,264.2430,288.5052,284.7669,266.7851,267.5799,259.7055,274.1822,268.7330,294.4110,276.3644,271.4247,271.4736,259.3922,260.3000,271.5480,287.1920,261.7819,270.0400,266.8470,267.4820,267.7210,277.9153,264.0853,265.9202,261.8418,259.6887,284.7179,259.2837,262.6901,260.8622,279.5805,280.4726,299.8170,299.8171,295.7811,261.2177,272.2418,257.1256,267.5579,264.2162,263.9989,263.1784,276.6157,0.0000,274.6926,261.3562,285.1942,285.7520,263.2797,262.6838,293.3455,269.4488,266.3899,282.3747,271.8810,270.2518,272.2420,302.7132,272.3487,288.3754,311.9212,316.4778,294.4402,288.2374,260.5954,286.9711,286.5481,283.9556,281.9606,281.4828,268.3596,274.5106,274.9056,300.2985,310.4473,272.6353,286.2986,288.3439,288.4348,287.1293,284.7179,288.2902,287.1852,288.4890,288.4590,288.2239,283.4937,266.3026,259.5603,263.1805,0.0000,265.2111,266.7485,265.2111,262.4047,262.7002,264.1621,265.4909,268.7126,295.1129,261.3465,268.2321,269.3963,268.3803,263.4364,267.6578,282.1674,263.3176,263.4367,273.5885,278.4639,291.9011,292.3821,296.2679,276.6157,285.5411,276.6157,280.1940,281.3579,262.9474,269.8559
43.0000,278.7093,260.7689,261.1568,261.1286,254.9434,268.4324,267.5180,289.8256,266.3104,294.1812,281.9788,292.1834,264.1749,270.2756,261.2658,260.3364,266.3117,265.6363,269.2072,257.4979,263.9968,261.3686,262.1056,262.8290,271.1617,274.5000,274.9747,273.7599,293.0764,260.4688,260.9861,261.2147,293.3768,281.6791,280.0248,286.6075,265.6887,278.9680,265.7745,279.4406,293.9647,281.1086,282.8895,295.2733,295.9463,275.6982,286.2685,285.4015,258.2603,287.5971,284.6142,286.5117,289.1109,281.4683,291.6770,288.2601,264.1248,287.0250,269.0095,277.7870,280.6643,281.1136,285.5515,285.9607,278.7617,280.1975,280.5242,287.4838,282.5050,283.4062,292.2826,285.8291,282.8638,280.7046,274.1176,256.4956,262.6576,293.4943,291.1198,277.8650,260.1129,266.1707,265.7772,265.9527,266.6726,267.1763,267.5240,267.0526,266.6138,290.6180,265.9004,265.4407,264.9104,261.1553,259.2649,282.4854,283.7195,273.6854,0.0000,281.2900,285.6216,266.4702,263.4633,281.5741,269.1990,269.0249,273.7304,279.2942,279.8757,260.7630,266.7528,290.8722,290.7435,268.1708,268.3827,264.3695,272.4688,283.2241,263.8887,287.9392,284.2142,266.3880,267.1641,259.3916,273.7183,268.5343,293.8662,275.8789,270.9488,270.9976,259.1067,260.3000,271.1750,287.0110,261.4123,269.6935,266.4429,267.0576,267.2859,277.4787,263.6660,265.5380,261.6957,259.6887,284.1662,259.1412,262.5546,260.7307,279.0679,279.9371,300.4846,300.4846,296.0581,260.8629,271.8075,257.0498,266.7591,263.6965,263.6799,262.8420,276.1259,0.0000,274.5331,261.0969,284.5882,285.0879,262.9400,262.3624,292.7759,269.0254,265.9849,282.2258,271.8810,270.0496,272.2343,301.0877,272.3160,286.9296,306.8545,320.1299,293.8394,288.0818,260.3014,286.2094,285.8184,283.3272,281.4351,280.7898,268.0470,274.1339,274.5090,298.2407,305.7597,272.2812,285.7563,287.7606,287.8532,286.5524,284.1662,287.7074,286.6318,287.9550,287.8779,287.6315,282.9524,265.9004,259.2694,262.8441,0.0000,264.9312,266.3352,264.9311,262.2276,262.5058,263.8144,265.1095,268.4402,294.4856,260.9880,268.0788,269.1685,268.2168,263.2017,267.4303,281.3026,262.9998,263.2019,273.2320,277.8167,291.3728,291.8301,295.6103,276.1259,285.0009,276.1259,279.6432,280.8115,262.4764,269.3765
44.0000,296.6526,260.6987,261.0598,261.2268,255.1566,270.1181,268.5247,289.8256,266.2672,294.6517,282.6412,292.6406,264.0032,271.2768,261.1979,260.2366,266.3395,265.5797,269.3926,257.2493,264.6123,261.3312,262.3182,263.1809,273.2808,276.7667,277.3987,275.2717,294.6658,260.4144,260.9289,261.1411,296.4464,296.3061,293.7115,287.2484,265.6627,283.4114,265.8371,297.3868,311.9511,282.2080,283.6099,313.2631,298.9132,275.0515,286.3892,285.5722,258.2673,287.3019,284.2955,285.2691,289.0341,282.2694,290.6629,286.9108,264.0693,286.5643,268.3702,290.8625,280.7208,281.1769,285.2243,285.5981,278.7788,280.2978,280.7129,287.4701,282.4402,283.2455,292.0726,285.7640,286.0142,280.7606,273.8573,256.4956,262.5550,295.0565,292.1777,280.6953,260.1129,266.1097,265.7496,265.9246,266.6016,267.0822,267.4730,267.0070,266.5489,291.1286,265.9015,265.4920,264.9721,261.1966,259.2915,283.7869,285.2149,275.4258,0.0000,281.8879,286.3100,266.4986,263.8238,293.8384,269.3466,269.1578,273.8364,279.3628,279.9377,260.7689,266.7374,290.6900,291.8538,268.1584,269.0313,264.5125,272.6741,290.8458,263.8807,286.6170,284.2685,266.3935,267.1649,259.3507,273.1483,269.1020,294.3347,275.9693,270.3621,270.4108,259.0817,260.3000,273.2940,288.0682,261.3384,270.2214,266.4180,267.0226,267.2386,276.7429,265.2668,267.1828,261.7620,259.6887,284.2253,259.1412,262.6042,260.7604,279.1494,280.0379,300.2285,300.2286,296.1490,260.8064,271.6239,257.2015,266.2203,263.4223,263.7270,262.8439,276.2174,0.0000,274.6966,261.1894,284.2741,284.7781,262.9335,262.3530,293.5553,268.9372,265.9827,281.9943,271.8810,270.2241,272.2223,299.2939,273.5935,301.4666,320.9744,318.6043,296.7560,288.9854,260.2173,285.8158,285.4639,283.1910,280.8596,280.8684,269.0542,275.7795,276.7561,312.5512,319.9009,274.4295,285.8547,287.8674,287.9586,286.6151,284.2253,287.8140,286.6313,287.9402,287.9837,287.7367,283.0276,265.9015,259.2960,262.8459,0.0000,265.1286,266.2919,265.1286,262.2864,262.5603,263.8525,265.0279,268.6113,296.5058,260.9309,268.3184,269.3204,268.4614,263.4881,267.8349,287.4962,262.9364,263.4883,275.5692,277.5148,292.6006,293.1838,298.5692,276.2174,285.0913,276.2174,279.7508,280.8857,262.3812,268.7612
45.0000,293.5334,258.8627,259.1870,259.6792,253.9135,268.6044,266.9064,291.1820,264.3361,293.6772,281.0540,291.3778,262.0664,271.0173,258.8958,258.0676,264.1102,263.4130,267.2443,255.5548,263.3859,261.4880,262.1056,261.6083,271.7327,274.8289,275.4013,274.6332,293.0514,258.6036,259.1277,259.3167,294.9135,293.0977,290.8497,285.7257,263.7444,281.7861,264.0188,294.2041,307.4857,280.9193,282.0322,308.6818,297.2494,271.6599,283.7015,282.9303,256.0621,285.5178,282.8610,281.0030,286.4010,279.5849,286.9768,282.4780,262.0576,284.4789,265.0423,287.6027,278.1830,278.6319,283.1092,283.4637,275.9833,277.7279,278.0889,284.7531,279.7399,280.4410,289.7375,282.8238,283.0380,278.2218,271.0110,254.8616,260.6099,293.3945,290.6948,279.4437,259.2847,263.8887,263.8267,263.9684,264.6401,265.0875,265.4768,265.0406,264.5693,290.9062,263.9040,263.6506,263.1608,259.3848,257.5439,282.6575,284.2591,274.9006,0.0000,280.2999,284.7715,264.5953,262.1535,290.6487,267.1717,266.9865,271.4780,276.8395,277.4138,259.2017,264.6905,288.3756,290.3437,266.0137,267.5137,264.1742,270.9605,287.6723,262.1366,282.2338,281.6554,264.4806,265.2270,257.5943,269.8922,268.1243,293.3141,273.5207,267.1060,267.1541,257.3256,257.9243,271.7452,287.4623,259.5105,269.1865,264.4658,265.0631,265.2719,273.2307,263.6767,265.6419,259.8562,257.8011,281.6187,257.7843,260.4527,258.5688,276.6250,277.4785,299.4005,299.4005,295.5800,259.0029,269.1982,255.5293,263.0257,260.7663,261.9225,261.1541,273.7647,0.0000,272.4643,259.6424,282.8279,283.1613,261.2300,260.7044,292.2949,266.7091,263.9792,281.3561,271.8810,268.0616,272.1893,297.2578,273.1184,297.7806,317.4675,316.1668,295.2481,288.4933,258.1384,283.7681,283.4636,280.8143,280.1608,278.1011,267.4626,273.9652,274.8221,307.8166,316.2323,272.8836,283.1955,285.1628,285.2546,284.0336,281.6187,285.1105,283.9346,285.2138,285.2785,285.0437,280.4387,263.9040,257.5484,261.1561,0.0000,263.0356,264.3594,263.0356,260.3448,260.5982,262.0041,262.9420,266.4487,294.8912,259.1298,266.2330,267.1495,266.3653,261.4813,266.5834,284.4335,260.6877,261.4813,274.1117,277.0298,291.0674,291.6119,296.9303,273.7647,282.4470,273.7647,277.2395,278.3095,260.6037,265.4630
46.0000,285.8605,253.5892,253.8814,254.4145,249.0677,262.8210,261.2997,286.0631,258.5997,287.2465,274.8656,284.8855,256.3763,264.2792,254.2596,253.3006,259.1598,258.4310,262.6978,250.1525,257.8716,255.3164,256.1092,256.4246,265.8279,269.1344,269.7241,268.0056,286.2085,253.3533,253.6846,253.8456,287.9417,285.4885,283.4311,279.3707,258.0315,275.2955,258.3908,286.4669,298.4591,274.6711,275.8348,299.5387,290.1369,266.5070,279.2974,278.5853,251.6719,283.2337,281.0805,275.3118,283.2062,275.1798,282.2986,276.6830,257.0432,281.8050,259.9814,282.7130,273.8309,274.2729,280.2175,280.5849,272.9692,273.4593,273.8128,280.2115,275.2401,275.8448,286.5339,278.3616,278.4122,273.8689,266.2914,249.9254,255.5623,286.5136,284.0834,273.0716,252.7024,258.8739,258.1090,258.2563,258.8824,259.3042,259.6881,259.2816,258.8185,284.9827,258.4289,258.0933,257.6892,254.1529,252.4196,276.4386,278.0695,268.2296,0.0000,274.1216,278.4273,258.9306,256.9614,283.2271,262.6376,262.4323,267.0391,272.4750,273.0545,253.9376,259.1669,285.1443,283.7257,260.4454,261.7249,258.0654,264.9697,280.5396,256.5360,276.4997,277.2363,258.8256,259.5117,252.4477,264.8874,261.8450,286.8733,269.1250,262.1217,262.1690,252.3288,253.8862,265.8343,281.4032,254.0447,262.7333,258.7356,259.3243,259.5172,267.9878,257.9322,259.8940,255.5176,254.5437,277.2075,252.7234,256.0407,254.1991,272.2796,273.2000,292.8015,292.8015,289.2705,253.6064,263.4070,251.4158,257.7590,255.8707,256.5614,255.5969,269.3629,0.0000,267.6607,254.3751,281.0345,281.1469,255.6663,255.1225,285.7583,261.0941,258.4987,280.5578,271.8810,263.4796,272.1480,295.5297,266.4338,290.1643,308.7181,307.8140,288.2667,282.4754,253.2995,281.0811,280.8122,277.2173,279.5927,274.1787,261.8128,268.2341,269.1263,299.9771,307.5951,266.9549,278.7252,280.7165,280.8067,279.6061,277.2075,280.6651,279.4175,280.6649,280.8304,280.5826,276.0554,258.4289,252.4239,255.5986,0.0000,258.2954,258.6221,258.2954,255.7872,255.9354,256.6071,257.9172,261.7990,287.9378,253.6867,261.7572,262.6192,261.8749,256.8142,260.5516,279.7272,255.9147,256.8142,268.0635,277.0298,284.3928,284.8807,289.8388,269.3629,277.9900,269.3629,272.7496,274.0450,255.0284,260.4223
47.0000,283.1940,253.6480,253.9168,254.6519,249.4290,262.3898,260.8725,283.3580,258.3328,284.3609,272.9265,282.4532,256.3407,260.7275,254.5386,253.3607,259.6512,258.7313,264.0878,250.0801,258.3528,257.0265,257.5104,256.7943,265.1196,268.0255,268.5160,265.0575,282.2107,253.4303,253.7603,253.9309,282.2453,282.6569,280.9390,277.1175,257.7167,273.5391,257.9459,283.7551,294.8381,272.6738,273.8226,295.8356,284.3555,267.0328,281.9228,281.2190,251.9840,284.2506,281.9333,275.3501,284.0150,276.2279,282.7838,276.6099,257.3149,283.0171,260.4920,271.2288,276.3526,276.8010,281.6661,282.0370,273.2771,275.3219,275.4933,282.8860,277.7455,278.3273,287.8703,281.0123,276.9007,276.3920,267.0665,250.1149,255.7336,282.4804,280.9186,271.1151,253.9180,259.1502,257.7923,257.9873,258.6349,259.0580,259.3577,258.9651,258.5605,282.4824,258.2601,257.7516,257.4938,254.2211,252.5312,274.4739,275.9220,265.3062,0.0000,272.2629,276.1627,258.4753,257.2324,280.5880,264.0423,263.8085,269.6606,274.9430,275.5916,253.7183,258.9698,286.4881,280.5214,260.2219,261.5501,259.1285,264.8229,278.2675,256.6232,276.4537,279.8143,258.4742,259.0920,252.5592,265.4377,259.6080,284.0602,272.3121,262.6517,262.6991,252.4876,254.1668,265.1259,279.0893,254.0995,260.1493,258.3978,258.9871,259.1686,268.4487,257.4513,259.4435,256.3189,256.3209,279.7878,252.9337,256.5649,254.6195,274.3389,275.0967,289.9158,289.9158,286.5416,253.6825,262.9756,251.5680,257.8798,256.0469,256.5402,255.7697,272.5524,0.0000,269.0600,254.6092,281.8932,282.0529,255.8281,255.3067,282.7291,260.7913,258.3260,281.1090,271.8810,264.8749,272.1765,294.1471,263.2069,287.0418,304.4258,303.6427,282.7066,280.1068,253.3180,282.3684,282.0845,279.2162,279.1121,275.3563,261.4252,267.5000,268.0304,296.2162,303.3609,266.2411,281.2932,283.3491,283.4401,282.2316,279.7878,283.2969,282.0386,283.3471,283.4644,283.2162,278.6125,258.2601,252.5356,255.7714,0.0000,259.1263,258.3537,259.1264,256.3618,256.3937,256.5071,258.1923,262.9805,283.3540,253.7626,263.2029,264.0257,263.2896,257.7011,258.9732,275.1558,256.2021,257.7010,266.9727,277.0298,280.9892,281.2835,284.0927,272.5524,280.5335,272.5524,275.9743,275.9173,255.0061,260.9503
48.0000,268.5182,240.3639,240.5967,241.3187,236.4153,248.7978,247.5354,268.2468,244.9064,269.0591,258.7588,267.3375,242.7690,250.3913,241.6618,240.4634,247.0011,245.7285,251.9441,236.8978,244.6201,242.4141,243.0980,243.3822,251.4891,254.4495,254.9462,253.4766,267.0667,240.1719,240.4274,240.5544,267.0166,268.1634,266.4963,262.5190,244.3754,259.8447,244.8324,269.0210,278.9445,258.5658,259.6194,279.8374,268.9321,254.4356,270.6464,269.9717,239.2725,278.2343,277.0648,262.4744,276.5102,265.5323,272.0092,263.7674,244.2266,276.1711,248.1829,261.4760,265.2802,265.7135,274.1988,274.6160,266.5575,264.5307,264.8127,271.5213,266.6339,267.2152,279.6755,270.1060,266.2485,265.3179,254.8856,237.1728,242.6837,267.3030,265.9411,257.7884,239.6190,246.1451,244.4438,244.5833,245.1512,245.5228,245.8743,245.5187,245.0853,267.5871,244.9789,244.5914,244.2558,241.2316,239.5700,260.3310,261.8112,253.7086,0.0000,258.0862,261.6440,245.2531,243.8504,266.1255,251.9432,251.7008,258.1269,263.8373,264.4912,240.7755,245.6246,278.2620,265.5741,246.8202,248.0240,244.8273,250.9435,263.7592,243.1799,263.7225,268.5950,245.1773,245.7724,239.3918,253.0960,248.0402,268.7879,261.0233,250.4167,250.4619,239.4874,241.2924,251.4928,264.6119,240.7347,248.6681,245.0288,245.5728,245.7348,255.7519,244.0772,245.9888,243.2851,243.2871,268.5659,239.7001,243.7748,241.8515,263.3107,264.2669,274.1935,274.1936,271.1859,240.3675,249.2680,239.3799,244.3060,242.9156,243.3354,242.3441,261.2550,0.0000,256.1743,241.2773,276.9774,276.6033,242.3962,241.8869,267.5764,247.3135,245.0375,278.7531,271.8810,252.6356,272.0540,293.0668,252.1812,272.2330,288.4684,286.4124,267.4529,265.5074,240.4189,275.4139,275.2052,269.9110,278.7528,265.9405,248.0168,253.8708,254.4517,280.7857,287.4614,252.5885,270.0790,272.0017,272.0881,270.9040,268.5659,271.9518,270.6984,271.9646,272.1104,271.8903,267.4530,244.9789,239.5741,242.3453,0.0000,246.9194,244.9264,246.9195,243.3561,243.3934,243.3367,245.1091,250.7908,268.0904,240.4296,251.1641,251.9277,251.2125,245.7010,246.8716,264.7809,243.2753,245.7012,253.4347,275.8751,265.9887,266.2458,268.6963,261.2550,269.3669,261.2550,264.5543,265.1011,241.5694,248.6437
