"ETAPA \ BARRA","AGUAYTIA 220","BALNEARIO 220","BALNEARIOS 60 A","CALLAHUANCA 220","CALLAHUANCA 60","CARHUAMAYO 220","CARHUAMAYO NUEVA 138","CARHUAQUERO 220","CHAVARRIA 220 A","CHICLAYO OESTE 220","CHIMBOTE 220","GUADALUPE 220","HUACHIPA 60","HUACHO 220","HUANCAVELICA 220","HUAYUCACHI 220","ICA 220","INDEPENDENCIA 220","MARCONA220","MOYOPAMPA 60","OROYA NUEVA 220","OROYA NUEVA 138","OROYA NUEVA 50","PACHACHACA 220","PARAGSHA2 220","PARAGSHA 138","PARAGSHA 50","PARAMONGA NUEVA 220","PIURA OESTE 220","SAN JUAN 220","SANTA ROSA 220 A","SANTA ROSA EDS 60","TALARA 220","TINGO MARIA 138","TINGO MARIA 220","TRUJILLO 220","VENTANILLA 220","VIZCARRA 220","ZAPALLAL 220","AGUAYTIA 138","PUCALLPA 138","HUALLANCA 138","CHIMBOTE 138","PUCALLPA 60","ZORRITOS 220","ABANCAY NUEVA 138","ARICOTA138","ARICOTA II 66","CAMPO ARMINO 220","AYAVIRI138","AZANGARO 138","CACHIMAYO 138","CALLALLI 138","CERRO VERDE 138","COMBAPATA 138","DOLORESPATA 138","DESIERTO220","JULIACA 138","MACHUPICCHU 138","MOLLENDO 138","MOQUEGUA 220","MOQUEGUA 138","PUNO 220","PUNO 138","SANTUARIO 138","SOCABAYA 220","SOCABAYA 138","ILO 138","LOS HEROES 220 A","LOS HEROES 66","TINTAYA 138","TOMASIRI 66","REPARTICION 138","ILO2 220","COTARUSE 220","CHILCA REP 220","CANTERA 220","PIURA OESTE 60","LA NINA 220","CONOCOCHA 220","HUINCO 220","INDEPENDENCIA 60","CHILLON 220","CHILLON 60","CHAVARRIA 60 A","CHAVARRIA 60 B","BARSI 60","BARSI 220","OQUENDO 60","CAJAMARCA 220","PLANICIE 220 A","CARABAYLLO 220","CARABAYLLO 500","CHILCA CTM 500","CHILCA CTM 220 A","KIMAN AYLLU 138","KIMAN AYLLU 220","PARAMONGA EXISTENTE 138","MACHALA 200","CHIMBOTE 500","TRUJILLO 500","HUARANGAL 60","POMACOCHA 220","PIEDRA BLANCA 138","POROMA 220","POROMA500","OCONA 500","MONTALVO 500","MONTALVO 220","HUANZA 220","INDUSTRIALES 220 A","TINTAYA 220","LA NINA 500","INDUSTRIALES 60","CARHUAMAYO 50","CARIPA138","HUAMPANI 60","HUANUCO 138","REFINERIA ZINC 220","QUENCORO 138","ILO 3 220","MIRADOR 220","MIRADOR 60","ALTO PRADERA 220","ABANCAY NUEVA 220","LOMERA 220","REQUE 220","SAN JOSE 500","SANTA TERESA 220","SURIRAY 220","ASIA 220","CERRO DEL AGUILA 220","CHAGLLA 220","RAMADA 220","SANTA ROSA LDS 60","LOMERA 60","ZAPALLAL 60","MALVINAS 220","MALVINAS 60","ABANCAY 138","YAUPI 138","SANTA ISABEL 220","YANANGO 220","CHIMAY 220","ILO3 138","MATUCANA 220","COLCABAMBA 500","COLCABAMBA 220","YARABAMBA 500","YARABAMBA 220","BELAUNDE 220","BELAUNDE 138","CACLIC 220","INDUSTRIALES 220B","PLANICIE60","COBRIZAI 69","MOLLEPATA 60","MOLLEPATA220","CARAPONGO 500","CARAPONGO 220 A","SAN JOSE 220","MARCONA 60 A","SAN NICOLAS 60","CALLAHUANCA EDN 220","PUMIRI138","PUMIRI220","SAN MIGUEL 220","SAN MIGUEL 60","FELAM 220","MANCHAY 60","MANCHAY 220","SAN RAFAEL 138","SAN GABAN 138","MARCONA 60 B","ANGEL 138","PTO MALDONADO 138","MEDIO MUNDO 220","AUCAYACU 138","BELLAVISTA 138","TARAPOTO 138","PARINAS 220","PAMPA HONDA 220","ORCOTUNA 220","SAN ROMAN 138","SAN ROMAN 220","CHILOTA 220","MAZUCO 138","JESUS 138","CARHUAMAYO 138","CINCO MANANTIALES 138","OXIDOS CERRO 138","TOCACHE 138","JUANJUI 138","FRANCOISE 220","BOTIFLACA 138","MILL SITE 138","PLAZA TOQUEPALA 138","QUEBRADA HONDA 138","PANAMERICANA SOLAR 138","TOQUEPALA 138","ILO ELS 138","REFINERIA 138","LIXIVIACION 138","PUSHBACK 138","INTIPAMPA 138","PLANICIE 220 B","CHILCA CTM 220 B","CARAPONGO 220 B","CHILCA 1 220","DERIVACION 220","CHAVARRIA 220 B","DERIVACION 220  BARRA II","CAMPAS 220","CAMPAS 500","PLANICIE 500","NUEVA CHINCHA 220","CAHUACHI 220","VALLE DEL CHIRA 220","SANTA ROSA 220 B","ERSUR 220","FLAMENCO220","BARRA3HERMANAS","BARRAPTALOMITAS","PUERTO CHANCAY 220","CHAPARRAL 138","CHIRIBAMBA 220","BARRAPTALOMITAS2","YSHCAYUCRO 220","PAQUILLUSI 220","MIGUEL GRAU 500","MIGUEL GRAU 220","ALIPIO ROSALES 220","SUNNY","CUAJONE 138","SAN MARTIN 220","SAN LUIS 220","CERRO VERDE 220","PORTILLO 60"
1.0000,289.2288,304.7520,305.3440,296.9899,287.9739,285.6988,284.7431,310.4299,306.4116,319.5969,311.4072,318.8780,305.8736,299.3455,288.7879,284.3109,299.2910,300.2389,294.8929,306.0112,291.0598,284.9788,287.7866,293.4324,285.6908,289.3454,289.9728,300.6052,321.2337,304.4591,304.8451,305.5347,321.5124,290.5475,291.2221,315.2269,306.3626,295.5303,304.8151,289.7497,300.0237,295.5813,312.1407,300.9480,324.4038,284.4866,300.7389,299.4432,283.6240,289.5041,283.0625,291.0472,302.6679,297.4389,296.7866,292.0730,303.3032,290.1365,277.3558,292.8245,295.8902,296.3211,290.6739,290.9626,297.0513,295.8496,296.5397,302.6838,297.8605,298.9290,301.5397,301.1171,298.4643,295.9353,287.4790,302.7450,302.7898,321.6152,318.8293,296.7184,298.8024,301.8070,306.4369,306.6330,306.8735,307.3898,306.9830,306.5789,307.0824,311.4508,305.9947,304.5096,304.0069,302.6436,302.7448,298.8029,301.9106,300.8273,0.0000,311.4858,314.5467,305.8473,294.9440,290.6543,294.4804,294.6428,292.0771,294.6301,295.1893,299.3789,306.9583,299.5694,318.6984,308.6363,284.7919,280.9490,310.1458,292.8220,303.8252,291.8769,298.9672,305.6664,306.1675,304.3095,282.2653,302.0383,319.4861,290.5898,277.6512,277.7235,303.3992,284.8361,272.5666,306.4169,305.2525,303.0362,306.6743,306.5264,306.8620,286.0888,279.2039,281.6039,293.6018,290.9079,298.9274,294.2738,290.8595,287.5824,295.2657,295.7351,319.2135,321.0958,315.7346,304.7503,311.0970,282.7301,292.8288,290.4601,302.6281,302.6649,291.0114,0.0000,298.8786,297.0751,283.3670,285.9672,302.8433,302.5248,319.4353,308.5892,306.0735,268.7047,248.1837,295.6156,248.5311,268.2149,300.1655,296.8332,326.3805,329.5551,321.6450,307.8990,284.3109,290.0231,289.4906,293.5811,254.6544,297.2617,285.1123,290.4981,289.4072,310.7854,324.0781,286.4264,301.0999,302.8684,302.9616,301.6443,298.9274,302.8104,301.6839,303.1845,302.9847,302.7640,298.1329,305.9947,302.7434,302.6684,0.0000,295.1077,305.4182,295.1073,294.5836,295.2441,303.9895,302.5698,295.6827,322.7396,304.8429,293.0810,294.4439,293.3080,293.1015,302.8039,296.7297,293.3077,292.7763,289.0804,271.0831,319.3549,319.9408,323.9633,291.0114,300.3354,291.0114,295.4627,296.1376,306.3418
2.0000,289.0123,301.6605,302.2188,294.0866,285.2670,283.0200,282.0686,306.0902,303.1555,314.9526,307.5888,314.3811,302.6023,296.3770,286.5945,282.1207,297.2941,297.8985,293.9721,302.5820,288.3378,282.2370,285.0179,290.7317,283.0171,286.6953,287.3181,297.5070,316.4438,301.3903,301.6786,302.3336,316.4425,289.5638,290.1447,311.0884,303.1128,292.8997,301.6797,289.5114,299.3503,291.9568,308.3153,300.2353,318.9601,282.8885,300.4320,299.1640,281.5315,288.9620,282.4596,289.1698,302.4481,297.4286,295.5121,290.1403,300.7368,289.5618,275.8065,292.6279,295.6471,296.0772,290.1534,290.4243,297.0513,295.8880,296.5722,302.3871,297.5276,298.5344,301.1093,300.6328,298.3269,295.6914,285.9801,299.8582,300.1081,316.7845,314.3140,293.7643,295.6610,299.4098,303.1819,303.3659,303.5902,304.0753,303.7052,303.3217,303.7876,307.2634,302.9074,301.4046,300.9354,299.7843,299.8580,295.1968,298.3162,297.7146,0.0000,307.6624,310.4547,302.6501,292.2194,289.2898,293.5964,293.7227,292.9222,294.4309,294.9543,296.3260,303.8215,299.1655,314.1890,305.4533,282.0911,278.3744,306.7617,290.6847,300.7162,289.9637,298.6926,302.4786,302.9491,301.2940,280.7003,298.9512,314.8653,292.3513,276.1031,276.1750,300.5607,282.7826,270.0155,302.5463,302.0604,299.7728,303.4084,303.2775,303.5908,284.4696,276.5444,278.9461,291.1132,288.4176,298.6552,291.3931,288.7996,285.5092,295.1010,295.7472,314.4240,316.1515,311.2107,301.6075,307.7027,280.8587,290.3014,288.1413,299.6504,299.6040,292.7430,0.0000,298.0357,294.1670,282.7756,285.4256,299.7718,299.4645,314.8483,305.3681,302.9804,267.7832,247.2589,294.7097,247.6088,266.1642,297.1192,295.2605,321.8239,324.2255,316.5732,303.9363,282.1207,289.4769,288.9503,293.1864,253.3534,297.2354,282.4346,287.7665,286.7540,307.9006,319.7896,283.7249,300.8031,302.5534,302.6455,301.3552,298.6552,302.4960,301.3780,302.8815,302.6684,302.4485,297.8694,302.9074,299.8569,299.6072,0.0000,293.3164,302.2217,293.3159,292.1084,292.7525,300.9791,300.0818,294.4680,317.8048,301.6766,292.2464,293.5600,292.4157,291.6457,299.7297,296.5740,291.0565,290.4926,286.3214,270.5696,314.7733,315.2948,318.5790,292.7430,300.0418,292.7430,296.3478,296.4431,303.0313
3.0000,305.3425,304.7076,305.2578,297.2845,288.4906,287.4080,285.9921,309.9554,306.2613,318.5661,311.0731,317.9557,305.6954,300.1162,289.4178,285.0357,299.7795,300.5770,297.1466,305.8267,291.9045,285.3038,288.2726,294.0846,287.7262,291.7410,292.4876,301.6241,320.0249,304.4434,305.0353,305.7250,320.0355,303.2830,303.2640,314.5862,306.2067,299.4266,304.7496,305.8569,315.9952,295.9387,311.8732,316.9070,322.5755,285.5672,303.1155,301.8466,284.4540,291.4307,284.9226,291.7955,303.6231,299.7804,298.0333,292.7440,303.4773,292.0655,278.4354,294.7544,298.2436,298.6847,292.6683,292.9468,297.0513,298.3582,298.9149,305.0817,300.1303,301.1327,303.5544,303.3043,300.6547,298.2888,288.7528,302.7185,302.8852,320.3660,317.8812,299.0634,298.7560,302.1231,306.2748,306.4582,306.6811,307.1485,306.8493,306.4755,306.8674,311.3551,305.7756,304.4492,303.9730,302.6436,302.7183,299.4496,302.7860,301.8558,0.0000,311.0989,313.9479,305.6854,295.5936,301.3949,296.5604,296.6563,295.6974,296.9944,297.5407,299.3193,306.6776,301.6518,317.7510,308.2549,285.8062,281.6243,310.1980,299.6414,303.8550,292.5680,301.3324,305.5538,306.0075,304.2746,283.3730,302.4065,318.4726,295.0496,278.7355,278.8080,303.3979,285.7003,274.5085,306.8491,305.4110,303.2908,306.4838,306.4040,306.7224,287.1427,280.8434,283.2759,294.1393,291.4156,301.2929,294.5576,291.7647,288.4550,297.6556,298.2292,318.9015,320.5039,315.5070,304.8903,310.4161,284.2721,292.6398,290.8044,302.6779,302.7402,295.4280,0.0000,301.4086,297.3616,285.2378,287.8723,302.9023,302.6364,318.4630,308.1299,305.8470,270.2419,249.4104,297.9015,249.7697,268.0233,301.0661,308.3294,329.9033,330.3483,320.1714,308.1802,285.0357,291.9843,291.4460,295.7504,255.3882,298.7845,286.3773,292.3461,291.7860,319.3089,328.4404,288.4541,303.5313,305.2516,305.3439,304.0369,301.2929,305.1935,304.0477,305.5400,305.3677,305.1560,300.5020,305.7756,302.7169,302.7436,0.0000,295.4453,305.5112,295.4449,295.1165,295.7608,303.9263,302.7878,297.3165,321.4072,305.0326,295.7555,296.5280,295.8484,293.2045,303.0466,298.8398,293.8236,292.4160,291.2104,272.8890,318.3409,318.8637,322.1916,295.4280,302.7492,295.4280,298.9608,298.9606,306.3309
4.0000,280.9463,281.1578,281.6504,274.3125,266.2285,264.9722,263.7237,285.1590,282.4910,293.0390,286.4624,292.5535,281.9771,276.3707,267.1831,263.1516,276.8146,277.4956,274.4643,281.9347,269.2999,263.2877,266.0032,271.3581,265.2116,268.8661,269.5454,277.7608,294.3539,280.9243,281.4099,282.0175,294.3117,279.0580,279.0870,289.6024,282.4368,275.7711,281.1221,281.4065,290.4722,272.5299,287.1370,291.2875,296.5890,263.6307,279.6689,278.4759,262.6601,269.2046,263.1336,269.4518,281.4204,277.0979,275.2960,270.3318,280.1720,269.7018,257.0884,272.3511,275.4618,275.8523,270.2895,270.5404,276.0806,275.7307,276.3154,281.6567,277.2000,278.1498,280.5290,280.0776,277.8394,275.5032,266.6419,279.4660,279.5877,294.6465,292.4841,275.4346,275.7873,278.8970,282.4972,282.6617,282.8717,283.2924,283.0210,282.6864,283.0350,286.4959,282.1864,280.8736,280.4594,279.4145,279.4659,275.7763,278.7583,277.9636,0.0000,286.5206,289.0303,281.9756,272.7406,277.3667,273.9616,274.0335,273.1829,274.3460,274.8269,276.1408,282.9999,278.7250,292.3663,284.4617,263.5720,259.8212,285.9149,275.8446,280.3561,270.1979,278.2126,281.8604,282.2667,280.8158,261.6333,278.6808,292.9651,272.6009,257.3650,257.4320,280.0726,263.7856,253.0280,282.4250,281.7430,279.4303,282.6856,282.6214,282.9050,265.0370,258.8892,261.1494,271.5059,269.0145,278.1720,271.7962,269.3686,266.3291,275.0099,275.6037,293.2055,294.6378,290.1928,281.2909,286.4035,263.3801,269.4842,268.2722,279.3058,279.3525,272.9546,0.0000,278.1757,274.3836,263.4288,265.8912,279.4986,279.2476,292.9917,284.3416,282.2500,249.4264,230.1558,275.1378,230.4896,246.8124,277.2445,283.5984,303.0003,303.3860,294.4398,283.6270,263.1516,269.6424,269.1619,273.1522,235.4981,276.6777,264.0762,269.4788,268.9091,293.5147,301.6904,265.9040,280.1651,281.6394,281.7250,280.6069,278.1720,281.5874,280.6936,282.0767,281.7464,281.4624,277.4541,282.1864,279.4649,279.3554,0.0000,272.9901,281.8317,272.9897,272.4085,272.9934,280.4854,279.5294,274.6469,295.5824,281.4075,273.2547,273.9380,273.2216,271.0483,279.3749,276.1512,271.2546,270.2765,268.3544,252.0520,292.8820,293.3405,296.2458,272.9546,279.4645,272.9546,276.2431,276.2815,282.4798
5.0000,276.7061,277.0660,277.5417,270.3670,262.4286,261.1331,259.9183,280.8832,278.3396,288.6342,282.2658,288.1729,277.8611,272.3176,263.5656,259.4856,273.2306,273.7606,271.0116,277.8647,265.4605,259.6062,262.2533,267.4959,261.3498,264.9069,265.5652,273.6830,289.9542,276.8430,277.3008,277.8985,289.8876,274.8618,274.9032,285.3093,278.2887,271.7084,277.0211,277.1512,285.9182,268.5318,282.9399,286.7065,292.1180,260.2299,276.5272,275.3402,259.0207,266.5751,260.4861,266.0709,280.2527,274.3408,272.2780,266.9588,276.3135,266.9194,253.8024,269.4418,272.4787,272.8596,267.4973,267.7378,276.0806,272.8699,273.5865,278.4956,274.1982,275.1477,277.9169,277.0534,275.0333,272.5195,263.2792,275.4616,275.6931,290.2405,288.1338,271.3871,271.7947,275.1381,278.3471,278.5156,278.7017,279.1035,278.8554,278.5314,278.8645,282.2319,278.1009,276.7869,276.4011,275.4175,275.4615,271.7187,274.6560,273.8698,0.0000,282.3136,284.7560,277.8469,268.8560,273.1906,270.5676,270.6213,269.9733,271.3948,271.8528,272.1229,278.8951,276.0392,288.0166,280.3401,259.7801,256.2074,281.6574,271.6828,276.2849,266.8465,275.1526,277.7320,278.1128,276.7538,258.2881,274.5912,288.5642,269.4892,254.0766,254.1427,276.0938,260.1656,249.3436,278.2524,277.6213,275.2791,278.5303,278.4684,278.7425,261.5849,255.1287,257.3617,267.7013,265.2448,275.1098,267.8859,265.6966,262.6741,272.0598,272.7298,288.8551,290.2640,285.8740,277.1885,282.1401,258.9046,266.4614,264.8173,275.2835,275.3082,269.8607,0.0000,274.9220,270.4360,260.7782,263.2319,275.4527,275.2114,288.6103,280.1723,278.1620,246.9779,227.7986,271.7081,228.1342,243.9305,273.1777,279.4046,298.6137,299.0274,290.0141,279.4291,259.4856,266.8609,266.4041,270.2688,232.9251,274.8504,260.2672,265.5508,264.9498,289.2500,297.3105,262.0208,277.0947,278.4735,278.5614,277.4863,275.1098,278.4229,277.5570,278.9110,278.5816,278.2907,274.4136,278.1009,275.4606,275.3110,0.0000,269.7258,277.7075,269.7254,268.5957,269.1698,276.4401,275.7171,271.2305,291.1461,277.2985,269.6685,270.5497,269.6772,268.2320,275.2915,273.3132,267.5906,266.9601,264.4357,249.5311,288.5194,288.9668,291.7821,269.8607,276.4118,269.8607,273.2459,273.3714,278.3552
6.0000,277.7314,278.1949,278.6706,271.4834,263.5578,262.2380,261.0508,281.8633,279.4347,289.6008,283.3508,289.1697,279.0380,273.6719,264.8424,260.6712,274.9745,275.2544,272.7622,279.1104,266.5956,260.7458,263.3947,268.6374,262.4520,265.9880,266.6336,274.9600,290.8772,277.9737,278.4078,279.0099,290.7993,275.8932,275.9500,286.3578,279.3885,272.8333,278.1493,278.1720,286.8493,269.5386,284.0367,287.6295,293.0252,261.5281,278.2855,277.1211,260.2215,267.6917,261.5862,267.3277,280.8137,275.5349,273.4927,268.2101,277.7063,268.1354,255.0434,270.6454,273.8469,274.2392,268.7245,268.9734,276.0806,274.1126,274.7673,279.9746,275.5666,276.4852,279.0619,278.6149,276.2525,273.8878,264.5533,276.6213,277.0188,291.1486,289.1115,272.5246,272.7746,276.6312,279.4462,279.6097,279.7898,280.1853,279.9477,279.6272,279.9516,283.2536,279.1922,277.9134,277.5246,276.5708,276.6212,272.7386,275.7076,275.1867,0.0000,283.3909,285.8044,278.9622,270.0010,274.2139,272.0303,272.0409,271.3339,272.7264,273.2073,273.2304,279.9844,277.2084,288.9938,281.4490,260.9705,257.3234,283.1518,272.6956,277.3894,268.1021,276.6441,278.8446,279.2242,277.8938,259.5584,275.8542,289.5356,270.8179,255.3190,255.3855,277.3109,261.3628,250.3953,279.2747,278.7260,276.5811,279.6284,279.5672,279.8373,262.9167,256.1925,258.4441,268.8575,266.3679,276.6130,268.9913,266.9142,263.8828,273.3564,273.9798,289.8945,291.3024,286.9071,278.3012,282.9297,260.0544,267.7769,266.1028,276.4125,276.4125,271.1880,0.0000,276.6364,271.5519,261.8842,264.3649,276.5576,276.3432,289.5838,281.1138,279.2508,247.8421,228.6230,273.4681,228.9584,244.5839,274.4895,280.4374,299.5826,299.9780,290.9265,280.4471,260.6712,268.0798,267.6055,271.5682,233.7174,275.6258,261.4038,266.6771,266.0322,290.2975,298.2920,263.1480,278.6007,280.2400,280.3258,279.1256,276.6130,280.1869,279.0380,280.3928,280.3471,280.1342,275.8999,279.1922,276.6202,276.4153,0.0000,271.9226,278.8107,271.9222,269.7622,270.3370,277.5685,277.1528,273.1347,292.0630,278.4054,271.6850,272.0148,271.6149,270.8887,276.5031,274.5276,268.9525,269.3048,265.5488,250.6051,289.4829,289.9173,292.6901,271.1880,277.8707,271.1880,274.5477,274.6321,279.5895
7.0000,276.4582,276.9079,277.3773,270.2367,262.3462,261.0468,259.8587,280.5952,278.1065,288.2459,282.0234,287.8098,277.6128,272.3815,263.7470,259.5412,274.1061,274.2367,271.8530,277.7686,265.4132,259.6678,262.2830,267.4329,261.2534,264.7337,265.3716,273.6692,289.4519,276.6904,277.1002,277.6793,289.3235,274.6221,274.6858,285.0127,278.0639,271.6023,276.8536,276.8960,285.5181,268.7737,282.6648,286.2933,291.5272,260.4338,277.1347,275.9403,259.0960,266.7466,260.6268,266.2901,280.3178,274.6570,272.5162,267.1753,276.6199,267.1613,253.9993,269.8593,272.8149,273.1800,267.7500,268.0003,276.0806,273.1854,273.8883,278.8763,274.5599,275.5176,278.1517,277.4298,275.4270,272.8556,263.4764,275.3780,275.8946,289.7186,287.7367,271.3200,271.5072,275.6064,278.1207,278.2905,278.4495,278.8338,278.6219,278.3025,278.6143,282.0214,277.9499,276.6269,276.2541,275.3289,275.3778,271.8361,274.6294,273.8582,0.0000,282.0679,284.4609,277.6578,268.7839,272.9369,270.9985,270.9969,270.3403,271.7237,272.1871,271.9655,278.7337,276.2795,287.6123,280.1839,259.7735,256.2306,281.8244,271.3993,276.0939,267.0735,275.5684,277.5452,277.9334,276.6194,258.4869,274.5433,288.1799,269.8490,254.2733,254.3396,276.1003,260.2420,249.2516,278.1324,277.4130,275.1973,278.3032,278.2463,278.5058,261.7882,255.0333,257.2721,267.6732,265.1945,275.5465,267.7554,265.7767,262.7513,272.3840,273.0474,288.6148,290.0167,285.6394,276.9995,281.8678,258.6517,266.8657,265.0542,275.1531,275.1281,270.2230,0.0000,275.6840,270.3042,260.9267,263.4211,275.2683,275.0223,288.2410,279.9650,278.0087,246.6609,227.5887,272.5239,227.9196,243.3520,273.2005,279.1324,298.2772,298.6823,289.4451,279.2808,259.5412,267.1071,266.6389,270.5678,232.6119,275.0425,260.2095,265.4345,264.7783,288.9320,296.9726,261.9272,277.2808,279.0988,279.1854,278.0199,275.5465,279.0460,277.9465,279.2923,279.2063,278.9744,274.8180,277.9499,275.3769,275.1308,0.0000,271.3570,277.4975,271.3566,268.5754,269.1463,276.3095,276.0951,272.3284,290.6090,277.0979,270.9039,270.9812,270.8308,270.4109,275.2093,273.7142,267.8873,269.0853,264.3482,249.7105,288.0905,288.5144,291.1948,270.2230,276.5411,270.2230,273.6042,273.6988,278.2368
8.0000,277.0522,277.4795,277.9504,270.8130,262.9179,261.6100,260.4144,281.1260,278.6987,288.8374,282.6009,288.4103,278.2918,273.0443,264.2132,260.1109,274.1683,274.5279,272.3207,278.4001,265.9901,260.2487,262.8670,268.0070,261.8145,265.3116,265.9445,274.3211,290.0008,277.2611,277.6809,278.2615,289.8114,275.2270,275.2841,285.5925,278.6562,272.1892,277.4394,277.4899,286.1089,268.9531,283.2734,286.8838,292.0174,261.0836,277.8281,276.6277,259.6523,267.3345,261.1887,267.0456,280.6504,275.2203,273.3409,267.9420,277.0291,267.7771,254.6246,270.6161,273.4246,273.7998,268.3569,268.6127,276.0806,273.7281,274.4119,279.5143,275.2071,276.1819,278.7580,278.1242,276.1087,273.4659,264.0797,275.9260,276.3095,290.2673,288.3108,271.8779,272.0808,275.9058,278.7134,278.8823,279.0441,279.4311,279.2056,278.8882,279.2092,282.5227,278.4951,277.2074,276.8238,275.8840,275.9258,272.1142,275.0436,274.5478,0.0000,282.6428,285.0385,278.2403,269.3612,273.5498,271.4990,271.5057,270.8632,272.3147,272.7886,272.5356,279.2819,276.8833,288.1819,280.7455,260.3402,256.7941,282.4693,272.0303,276.6799,267.8422,276.2094,278.1301,278.5243,277.1827,259.1193,275.1841,288.7729,270.3785,254.8981,254.9645,276.6009,260.7855,249.7872,278.5792,277.9937,275.8879,278.8957,278.8317,279.0924,262.4481,255.5851,257.8278,268.2270,265.7433,276.1834,268.3264,266.3209,263.3001,272.9488,273.5915,289.1208,290.5181,286.1515,277.5778,282.2701,259.6933,267.0164,265.4433,275.7203,275.7094,270.7547,0.0000,276.2103,270.8807,261.4907,263.9996,275.8532,275.6313,288.8510,280.4350,278.5533,247.0655,228.0138,273.0371,228.3427,243.8935,273.8594,279.7980,298.9675,299.2297,289.9257,279.7413,260.1109,267.7178,267.2408,271.1787,233.0746,275.3986,260.7685,266.0236,265.3573,289.6665,297.6706,262.4750,278.0161,279.7987,279.8853,278.6921,276.1834,279.7454,278.5838,279.9331,279.9064,279.6838,275.4599,278.4951,275.9249,275.7122,0.0000,270.9592,278.0799,270.9587,269.1293,269.7008,276.8712,276.4578,272.5338,291.1421,277.6786,271.3700,271.4794,271.3043,269.8433,275.8235,274.4191,268.2851,268.0535,264.9085,250.2588,288.6553,289.0730,291.6834,270.7547,277.3060,270.7547,274.1536,274.2416,278.8648
9.0000,277.4079,277.8160,278.2886,271.1332,263.2336,261.8524,260.6474,281.4884,279.0448,289.2329,282.9672,288.8004,278.6672,273.0148,264.4880,260.3526,274.5243,274.8660,272.5763,278.7704,266.2431,260.4500,263.0757,268.2812,262.0521,265.5557,266.1932,274.3903,290.4084,277.5967,278.0229,278.6023,290.2518,275.5890,275.6286,285.9603,278.9966,272.4365,277.7524,277.8470,286.4952,269.3251,283.6531,287.2728,292.4642,261.3281,278.2361,277.0387,259.8824,267.7098,261.6020,267.3181,280.7337,275.5499,273.7079,268.2288,277.3411,268.1985,254.8684,271.0119,273.8166,274.2107,268.7688,269.0296,276.0806,274.0579,274.7283,279.9954,275.6255,276.6094,279.0612,278.6676,276.5243,273.8575,264.3200,276.2535,276.6649,290.6760,288.6956,272.1090,272.5348,276.2571,279.0542,279.2239,279.3983,279.7919,279.5524,279.2294,279.5616,282.9330,278.8182,277.5262,277.1506,276.2092,276.2533,272.4689,275.3919,274.6044,0.0000,283.0032,285.4065,278.5701,269.6324,273.8936,271.7941,271.8041,271.1699,272.6872,273.1726,272.8491,279.6049,277.2055,288.5690,281.0548,260.5626,257.0563,282.8800,272.3335,277.0272,268.1309,276.6193,278.4571,278.8523,277.5149,259.3628,275.3048,289.1674,270.6872,255.1416,255.2081,276.9410,261.0436,250.0137,278.9651,278.3359,275.9961,279.2366,279.1672,279.4225,262.6901,255.8291,258.0693,268.5332,266.0692,276.5814,268.6444,266.6034,263.5606,273.2947,273.9228,289.8096,291.2353,286.7112,277.9182,282.6257,259.3829,267.6815,265.8244,276.0476,276.0579,271.0664,0.0000,276.3460,271.2017,261.9003,264.3889,276.2022,275.9875,289.2552,280.7719,278.8765,247.4889,228.3908,273.2775,228.7209,244.2617,273.8831,280.2705,300.0480,300.3976,290.3706,280.1366,260.3526,268.1321,267.6501,271.5810,233.4523,275.6129,261.0023,266.2558,265.6007,290.3998,298.6920,262.6893,278.6199,280.2019,280.2868,279.0895,276.5814,280.1487,279.0381,280.4137,280.3083,280.1116,275.8687,278.8182,276.2524,276.0607,0.0000,271.3057,278.4216,271.3052,269.4334,270.0052,277.1973,276.7851,272.8014,291.5683,278.0206,271.7496,271.7751,271.4284,270.4027,276.0102,274.8286,268.5847,268.2263,265.1441,250.6279,289.0474,289.4706,292.1299,271.0664,277.9102,271.0664,274.4738,274.5752,279.2336
10.0000,281.9327,281.9925,282.4809,275.1279,267.0604,265.7304,264.5188,286.2044,283.2611,294.0346,287.4987,293.5545,282.7417,277.6232,268.3139,264.1075,278.8030,279.0497,276.1327,282.9568,270.0967,264.0815,266.7831,272.1846,265.9674,269.4449,270.1055,278.9385,295.2779,281.7644,282.1955,282.7682,295.1727,280.1044,280.0946,290.5844,283.2203,276.7362,281.9757,282.3868,291.3324,273.9771,288.1923,292.1368,297.4521,264.7456,281.3169,280.0841,263.5895,270.3887,264.2491,270.7327,281.8599,278.4181,276.6915,271.6104,281.5555,271.0497,258.1959,274.0978,276.8522,277.2441,271.6199,271.8985,276.0806,277.0114,277.5556,283.0625,278.7231,279.7522,281.7137,281.7310,279.5111,276.8935,267.7536,280.3760,280.8370,295.5615,293.4804,276.4770,276.4740,280.4703,283.2793,283.4446,283.6186,284.0197,283.7929,283.4553,283.7869,287.6893,283.0464,281.7303,281.3289,280.3207,280.3758,277.0830,279.9905,279.1541,0.0000,287.5207,290.0186,282.8032,273.5636,278.3202,275.3544,275.3718,274.5152,275.7022,276.2052,276.9826,283.8534,279.9386,293.3443,285.3317,264.3885,260.6742,287.0573,276.6101,281.1586,271.4706,279.6742,282.6835,283.1079,281.6688,262.7427,279.7676,293.9616,273.9246,258.4716,258.5389,281.0798,264.7480,253.7492,283.6437,282.5191,280.5660,283.4679,283.3969,283.6511,266.1275,259.6064,261.8863,272.4168,269.8943,279.6361,272.6037,270.3735,267.3007,276.3283,276.8894,294.8545,296.3495,291.6364,282.0897,287.1249,263.1277,271.6324,269.7137,280.1761,280.1611,274.2845,0.0000,279.9513,275.1987,264.5546,267.0753,280.3065,280.0552,294.0665,285.1371,283.1076,249.7613,230.5870,276.8266,230.9151,246.7973,278.4613,284.9646,305.4021,305.7610,295.2988,284.8396,264.1075,270.9773,270.4611,274.5283,235.7605,277.5155,264.8666,270.1765,269.4915,295.4537,304.0042,266.6229,281.6702,283.3158,283.4002,282.1216,279.6361,283.2619,282.1030,283.4853,283.4223,283.2168,278.9243,283.0464,280.3748,280.1640,0.0000,275.6759,282.6118,275.6753,273.3351,273.9221,281.3623,280.9955,276.6369,296.4832,282.1932,275.1940,275.3370,274.8520,274.9328,280.3757,277.8460,272.5510,272.8490,269.1973,253.1744,293.8474,294.2921,297.1083,274.2845,280.9421,274.2845,277.5827,277.5830,283.3846
11.0000,279.0368,278.5308,279.0451,271.5440,263.4505,262.5786,261.3504,283.1907,279.0985,291.0546,284.2022,290.5237,279.0920,274.5940,265.2348,261.0912,275.8594,275.9588,272.8744,279.5586,266.7746,260.7613,263.4435,268.8191,262.8402,266.3261,266.9968,275.8354,292.4009,278.2888,278.4864,279.0451,292.3088,277.1468,277.1271,287.4009,278.8536,273.5955,278.1363,279.5080,288.7948,270.4659,284.9010,289.6300,294.5807,262.2492,278.7342,277.4862,260.5237,268.1887,262.0599,268.5394,280.7336,276.0496,274.6066,269.4995,278.3260,268.7995,255.7209,271.6751,274.3020,274.6894,269.3234,269.6033,276.0806,274.4891,275.1700,280.5254,276.2394,277.3190,279.4821,279.3473,277.2375,274.3427,265.0149,276.9127,277.5844,292.7252,290.4613,273.3181,272.5095,277.3869,278.9161,279.0837,279.4476,279.8628,279.8934,279.5393,279.5246,284.5617,279.5621,277.9684,277.6947,276.7991,276.9125,273.7042,276.7267,276.0392,0.0000,284.2059,286.8139,278.9331,270.2110,275.3969,272.2469,272.2702,271.5911,273.1610,273.6543,273.2841,280.3853,277.6590,290.3268,281.8973,261.1985,257.4865,283.4924,273.7353,277.3117,269.3598,277.1205,278.8840,279.3014,278.1975,260.2181,276.4067,290.9736,271.0900,255.9903,256.0569,277.6913,261.6163,250.7657,280.4507,278.8203,277.3272,279.2911,279.5221,279.7679,263.6643,256.5613,258.7946,269.0474,266.5561,277.0801,269.0487,267.1378,264.1387,273.7519,274.3563,291.8017,293.3104,288.5491,278.4370,283.9673,260.2311,268.5858,266.6792,276.5644,276.3995,271.4619,0.0000,276.6384,271.6098,262.3611,264.8759,276.5513,276.2443,291.0446,281.8299,279.6262,247.7636,228.7935,273.5563,229.1164,245.2530,275.3919,281.8740,302.2997,302.8230,292.4284,281.6676,261.0912,268.7066,268.1997,272.1019,234.0711,275.9762,261.6962,267.0000,266.3705,292.0709,300.8579,263.4657,279.0916,280.7194,280.8023,279.5984,277.0801,280.6659,279.5592,280.9870,280.8245,280.6126,276.3581,279.5621,276.9114,276.4019,0.0000,272.9374,278.8343,272.9369,269.9532,270.5271,277.7941,277.8438,273.5267,293.6152,278.4841,271.6718,272.2319,271.4890,272.3314,276.8353,275.5264,269.4669,270.3954,266.0599,251.0895,290.8656,291.3434,294.2371,271.4619,278.3709,271.4619,274.8470,274.9675,279.7988
12.0000,305.3063,304.7243,305.3277,296.9680,288.0234,287.0848,285.7189,310.1400,305.3111,318.8866,311.0427,318.2661,305.3509,299.5009,289.6847,285.1925,301.0370,301.3708,297.3744,305.9608,291.6459,285.1030,288.0165,293.8646,287.3695,291.1582,291.8850,301.1448,320.2310,304.4346,304.6741,305.2862,320.1189,303.2486,303.1888,314.6710,305.0248,299.1854,304.1570,305.8311,316.1752,296.0105,311.8105,317.1057,322.6529,285.9161,302.5285,301.1849,284.4737,290.6405,284.1131,293.0557,301.6383,299.2265,298.4888,294.1624,304.0726,291.4350,278.7817,293.9124,297.7662,298.1833,292.0541,292.3473,294.8918,297.8862,298.3637,304.4640,299.8061,300.9377,302.7658,302.9220,300.1853,297.8086,288.6839,302.7951,303.3193,320.5937,318.0946,298.8087,298.5013,302.9591,305.0945,305.3008,305.6976,306.1539,306.2405,305.8277,305.7832,311.5327,305.7732,303.9853,303.7010,302.6435,302.7949,299.5156,302.7782,301.3301,0.0000,311.0541,314.0006,305.0555,295.3902,301.3673,296.6792,296.7191,295.5605,296.5277,297.0730,298.8621,306.7267,300.9296,317.9352,308.4667,285.5385,281.5925,310.0264,299.6179,303.3584,293.9648,300.7943,305.0499,305.5254,304.2754,283.6403,301.8197,318.7914,294.8170,279.0670,279.1396,303.5706,285.6600,274.1681,306.9230,305.0546,302.7706,305.5006,305.7964,306.0680,287.4598,280.5515,282.9665,293.9921,291.2699,300.7527,294.2419,291.6844,288.4143,297.2268,297.7672,319.4254,321.0870,315.8979,304.6144,310.4846,283.7350,293.8757,291.4547,302.4386,302.3602,295.1737,0.0000,301.7514,297.0428,284.4408,287.1403,302.5291,302.1793,318.8098,308.1965,305.8443,268.6589,247.9770,298.1511,248.3328,264.8602,300.5300,308.4386,330.8953,331.3971,320.2472,308.2830,285.1925,291.3587,290.7992,295.2237,253.4979,297.7621,286.0983,291.9002,291.2072,319.6281,329.2961,288.0354,302.9735,304.6886,304.7794,303.4805,300.7439,304.6307,303.3896,304.9656,304.8033,304.5810,299.8690,305.7732,302.7935,302.3630,0.0000,297.3071,305.0552,297.3065,294.9726,295.6036,303.7961,303.5087,297.9384,321.5702,304.6716,296.0638,296.6636,295.9322,296.6940,302.4459,298.2466,294.2966,293.9791,290.8846,272.1951,318.5326,319.0585,322.2688,295.1734,302.1975,295.1715,298.5945,298.5088,306.1240
13.0000,288.8770,287.7915,288.4242,280.0992,271.5188,270.9015,269.5692,293.8238,288.0196,302.1623,294.0880,301.4756,288.0317,282.8573,273.0275,268.8009,284.0625,284.3975,279.3838,288.8397,275.0654,268.7311,271.5361,277.1497,271.2124,274.7346,275.4165,284.4792,303.1170,287.4870,287.5388,288.1336,303.0231,286.9566,286.8071,297.7169,287.7522,282.6424,286.9805,289.3925,299.5594,279.8663,294.8392,300.4740,305.5059,268.4058,282.4643,281.2292,268.0234,271.9640,265.9058,275.2450,282.3359,279.6128,279.7747,276.3606,286.9811,272.7229,261.7458,272.3478,278.1592,278.5437,273.1930,273.4742,276.0806,278.6316,279.0694,284.2961,279.9115,280.8782,283.3298,282.0488,279.4517,278.1984,271.0233,285.9579,286.3226,303.4667,301.0966,282.3097,281.1945,285.9669,287.8158,288.0119,288.3652,288.7751,288.9867,288.5841,288.4429,294.9837,288.6543,286.8286,286.6225,285.6319,285.9576,283.1564,286.3138,284.6886,0.0000,294.0852,297.0330,287.7788,278.6269,285.1599,278.6169,278.6775,276.5992,277.0572,277.5147,281.9951,289.6120,281.5958,300.9165,291.2906,269.3887,265.4377,292.4232,283.4662,286.1566,276.1431,280.8431,287.8302,288.2333,287.3300,266.2857,284.9056,302.0564,275.4585,262.0117,262.0799,286.6150,269.0865,258.7530,290.4035,287.9181,285.7264,288.1839,288.5576,288.8275,269.8098,264.7559,267.0236,277.1546,274.6115,280.8003,277.5285,274.7209,271.6810,277.9463,278.5268,303.0606,304.7253,299.4583,287.5245,293.1487,267.9535,276.6287,274.6180,285.3814,285.2084,275.6577,0.0000,283.0887,280.1704,266.2053,268.7054,285.3673,284.9958,301.9404,290.9760,288.7209,251.6036,232.3590,280.0677,232.6858,249.0340,283.8675,292.0946,314.6274,315.2082,303.1348,291.7507,268.8009,272.6031,272.0697,275.9576,237.8766,278.6443,269.9203,275.4227,274.7788,303.1502,312.9912,271.8031,282.9965,284.5030,284.5880,283.3737,280.5602,284.4494,283.3010,284.7658,284.6105,284.4094,279.8418,288.6543,285.9555,285.2111,0.0000,280.3688,287.8840,280.3681,278.0651,278.6682,286.7348,286.4193,280.2590,304.4036,287.5363,278.1269,278.6026,278.1431,279.7906,285.4657,276.3519,277.5131,277.4937,274.6210,254.7197,301.4914,301.9895,305.1273,275.6491,282.2781,275.5789,279.1070,279.1675,288.8795
14.0000,252.2874,250.7440,251.3296,244.1114,236.5922,235.9036,234.7330,256.0529,251.0896,263.2397,256.1565,262.6195,251.2637,246.4657,237.5577,233.9399,247.2757,247.4927,242.6645,251.8196,239.5029,233.8861,236.3583,241.3401,236.1818,239.1799,239.7737,247.8724,263.9683,250.4524,250.6657,251.1909,263.8106,250.5242,250.3280,259.3297,250.8362,246.2755,250.0765,252.7766,262.4370,243.6910,256.8263,263.3064,265.9409,233.3303,243.3199,242.1857,233.1847,236.1508,230.7032,239.5184,248.7501,242.4846,243.4514,240.5516,249.6398,236.3473,227.5326,238.4362,240.2359,240.5142,236.6462,236.8652,245.9851,241.5059,242.2003,245.2512,241.7398,242.6445,246.3020,243.3021,241.6047,240.2703,235.5749,248.8651,249.2029,264.2732,262.2556,245.9421,246.2153,248.8836,250.8927,251.0709,251.3969,251.7576,251.9474,251.5836,251.4576,257.0391,251.4675,249.9236,249.7075,248.6888,248.8649,246.5223,249.3671,248.0728,0.0000,256.1670,258.7313,250.8044,242.6086,248.8378,241.8176,241.8641,239.1631,239.4607,239.7070,245.7106,252.3660,244.5733,262.0912,253.8993,234.5675,231.0393,254.9252,247.1220,249.5044,240.3610,242.1611,250.8570,251.2212,250.2171,231.4878,248.2425,263.1438,237.8014,227.7643,227.8236,249.4315,234.0791,225.3316,252.9809,251.0215,248.8968,251.2106,251.5444,251.7891,234.5582,230.5738,232.5359,241.2529,239.0391,242.1084,241.8756,238.9579,236.3360,240.5869,241.3924,264.5951,266.0908,261.2175,250.6125,255.2975,233.0640,240.7909,238.9805,248.6145,248.6898,237.8082,0.0000,245.9755,244.1781,230.9533,233.1285,248.8305,248.5227,263.0448,253.4326,251.5262,218.5760,202.0685,243.2753,202.3415,217.9144,247.3438,255.1306,275.5278,276.1329,263.9022,254.1731,233.9399,236.1999,235.7893,238.6826,207.4613,243.9575,235.0322,239.7846,239.2182,265.1371,274.0448,236.6778,244.0974,245.0924,245.1693,244.1800,241.4942,245.0496,244.3484,245.6539,245.1873,244.9698,240.9271,251.4676,248.8634,248.6923,0.0000,244.3392,250.9689,244.3386,242.0394,242.5726,249.7596,249.1336,243.6753,265.0497,250.6634,241.6173,241.8049,241.6991,244.0289,248.7498,237.9890,241.4770,242.2551,239.1793,220.9946,262.5825,263.0053,265.6153,237.7889,243.5163,237.6200,241.3316,241.7797,251.8745
15.0000,260.3564,256.5503,257.2141,249.3368,241.3895,241.5737,240.5897,262.7518,256.7446,270.3125,262.3875,269.5100,256.9774,252.2882,242.1051,238.4432,251.8934,252.4415,245.5608,257.8895,244.8302,239.3411,241.7605,246.5425,241.9667,245.6125,246.1915,253.7949,271.0838,256.2146,256.3110,256.9019,270.9916,259.2594,258.0476,265.7812,256.4954,252.6813,255.6954,260.9361,272.4095,249.8293,263.0492,273.4427,273.2724,236.6747,243.0707,241.9501,237.5839,236.9376,231.4704,243.0055,249.2390,242.2475,246.0293,244.0566,254.8851,236.9928,230.7406,232.9818,240.3482,240.5894,237.2092,237.4384,246.2059,242.0068,242.5838,245.3066,241.7001,242.5451,247.1625,243.2928,238.9062,240.3832,238.7806,254.4847,254.5494,271.4474,269.1266,252.1208,250.4318,253.9091,256.5562,256.7128,257.0771,257.4707,257.6690,257.2906,257.1407,263.4371,257.1980,255.5072,255.2558,254.0999,254.4844,252.7595,255.5951,253.9882,0.0000,262.4041,265.2007,256.5150,247.8905,257.2381,244.5469,244.6241,240.0060,239.6244,239.8408,251.1996,258.2208,245.3509,268.9681,259.9178,240.5312,236.5577,261.1749,254.9192,254.8983,243.8286,242.0143,256.5128,256.8783,255.9534,234.7533,254.0628,270.1876,237.8014,230.9733,231.0334,254.9688,238.3319,230.8511,259.2798,256.7078,255.0712,256.8980,257.2553,257.5397,237.9774,236.1639,238.1450,246.0528,243.7951,241.9608,247.0532,243.1840,240.6298,241.0917,241.9157,269.8852,269.8852,267.0827,256.2859,261.4566,238.5217,244.8365,243.4378,254.0295,254.0064,237.5528,0.0000,248.8837,249.4050,231.7110,233.8494,254.1709,253.7971,270.0713,259.3688,257.2622,219.6128,203.2719,246.1667,203.5337,221.2985,253.2196,263.9872,284.2591,281.9220,271.0827,260.4984,238.4432,236.8128,236.4099,239.0196,209.3770,244.3100,240.9123,246.0265,245.6452,274.2171,282.8529,242.4577,244.0790,244.8237,244.9033,243.9844,241.0092,244.7832,244.3414,245.7120,244.9208,244.7219,240.1803,257.1980,254.4820,254.0091,0.0000,248.3256,256.6346,248.3249,246.8204,247.3543,255.3076,254.2679,246.9399,272.2437,256.3085,244.6360,244.5377,244.5496,247.9315,254.4442,232.4570,246.1817,246.1685,245.0835,221.6779,269.5219,269.9872,272.9227,237.5122,243.5224,237.2721,241.4497,242.1647,257.7772
16.0000,265.5770,260.6703,261.3820,253.1501,244.9284,245.4157,244.9984,267.8661,260.9388,275.7550,267.1471,274.7913,261.3327,256.6803,245.0566,241.1794,255.2177,255.8461,247.5027,262.3687,248.5164,243.3948,245.6725,250.1497,245.8444,249.9227,250.4052,258.2668,276.5775,260.3036,260.4514,261.0892,276.6256,262.9713,262.9959,270.7678,260.6820,257.0660,259.7968,266.2272,279.1208,254.4412,267.8436,280.2822,279.0009,237.7645,242.4835,241.3556,240.3031,236.8781,231.3682,243.9369,249.1689,241.9973,246.3795,244.9547,258.5022,236.8987,231.8040,232.6404,240.1080,240.2935,237.0837,237.3172,246.0858,242.1295,242.6531,245.0090,241.3347,242.1430,247.1535,242.7179,237.4086,240.1428,239.9331,258.3743,258.2508,276.9761,274.4304,256.5278,254.3649,257.3028,260.7472,260.8991,261.3023,261.7293,261.8946,261.4973,261.3679,268.4775,261.3166,259.5704,259.2866,257.9393,258.3739,257.4291,260.2973,258.4522,0.0000,267.1567,270.1661,260.6434,251.5248,262.0927,246.3650,246.4625,240.5651,239.4608,239.6315,255.1952,262.4441,245.3341,274.2636,264.2680,245.2116,240.5877,265.7040,256.8181,258.9319,244.6875,241.5894,260.6412,261.0012,259.9964,235.8400,258.3627,275.6044,237.8014,232.0389,232.0993,258.8223,241.1038,234.5506,264.1461,260.8816,259.5237,261.0892,261.4514,261.7613,239.0714,239.9479,241.9440,249.4070,247.1184,241.5529,250.8357,246.0429,243.4284,241.1791,242.0574,275.5249,275.5249,272.4170,260.4137,265.8168,240.2933,248.4687,246.5672,257.9531,257.9954,237.3735,0.0000,251.0531,253.2235,231.6111,233.7640,258.1792,257.7926,275.4766,263.5924,261.3845,219.4235,203.1928,248.1689,203.4494,221.7638,257.6668,268.2932,291.1791,289.1629,276.7314,265.4170,241.1794,236.7079,236.3001,238.8357,209.4376,244.3320,245.3202,250.4163,249.9581,279.7177,289.5449,246.3489,243.4104,244.2348,244.3200,243.4749,240.4285,244.1962,244.0217,245.4115,244.3356,244.1289,239.3098,261.3166,258.3712,257.9984,0.0000,251.3597,260.7969,251.3590,250.1646,250.7034,259.3010,257.8059,249.2547,277.8380,260.4487,246.5933,246.3578,246.4049,250.8413,258.6533,230.1854,249.3103,249.4921,249.1206,221.5969,274.8690,275.3764,278.6385,237.3133,242.8482,237.0454,241.4283,242.2342,262.1366
17.0000,312.7837,305.8381,306.7772,296.5481,287.7697,283.8592,283.2263,317.9641,311.5782,327.6146,316.7877,326.2900,308.6987,306.7062,266.0496,180.7871,290.6788,291.4388,282.5635,309.3192,285.4778,280.4741,282.7199,286.6569,285.1229,289.5129,290.0511,307.2632,328.6261,305.3672,308.2207,309.4325,328.8650,309.4884,309.4757,321.1857,311.8636,301.5766,312.8526,313.6170,330.1740,301.4654,317.4058,331.6659,331.7386,266.1415,274.0786,272.8241,256.0929,267.0891,261.0131,273.5112,280.0880,272.7110,276.8772,274.7829,297.1956,267.3766,259.3510,261.0804,271.2839,271.4822,267.5947,267.8183,276.0806,273.2892,273.7299,276.7133,272.6180,273.4728,278.2942,273.8302,266.4813,271.3249,267.7383,302.1807,298.1271,329.1387,325.8638,301.9310,300.7058,293.0691,311.9367,311.9721,312.2160,312.9715,312.7780,312.1139,312.5840,318.3363,308.0467,313.3997,306.4007,302.6436,302.1801,304.9638,307.7147,307.4657,0.0000,316.6951,320.4755,313.2295,287.7460,308.4555,281.7224,281.9763,274.2900,270.8682,270.7994,0.6491,309.4704,276.5524,325.6744,311.7067,283.6031,277.5631,313.5625,298.0960,306.7250,274.5035,272.9394,313.3947,313.0692,304.6775,263.7498,309.9071,327.4071,271.1578,259.5888,259.6563,301.3848,268.3482,272.0244,312.7035,308.7753,311.6757,312.6560,312.8432,313.0304,267.6771,277.5805,279.8626,287.9299,285.2879,272.9111,293.9401,281.3419,270.9356,273.2873,273.2518,327.7399,327.7399,323.5730,307.5264,313.9725,256.3416,269.3529,267.5900,303.5754,304.9963,270.0147,0.0000,289.4529,296.7382,261.2839,263.7248,305.2147,304.5512,327.2734,311.0168,308.1337,247.6695,229.0714,283.2750,229.3753,249.9995,307.1524,316.1385,344.9798,345.7473,328.9967,314.3539,154.5181,267.1344,266.6852,269.7063,235.6280,275.1608,283.6050,289.7629,289.5434,330.4194,342.8955,285.7206,275.0594,276.0699,276.1619,275.1552,271.5439,276.0253,275.6616,277.1641,276.1806,276.0370,270.0859,308.0467,302.1779,305.0029,0.0000,286.0002,309.5000,285.9995,289.0749,290.2552,305.5100,295.2342,284.2592,330.2352,308.2149,281.1373,281.7141,281.0727,285.2293,310.6020,258.0977,276.0207,283.3812,290.2630,249.9984,326.4466,327.0850,331.3008,269.9334,274.4177,269.6225,273.5903,273.7278,309.7400
18.0000,315.2596,306.1351,307.1002,297.1197,288.3155,285.0263,284.2708,319.8947,312.4269,329.5275,318.1743,328.0323,309.3982,309.5580,266.3489,181.0871,290.7443,291.5094,282.0930,309.9913,286.3956,281.8756,284.0070,287.3142,286.4038,290.7129,291.2295,309.6936,330.5173,305.6393,308.7981,310.0599,330.8310,311.8189,311.7870,322.6911,312.7365,303.3682,313.6026,316.1363,333.5742,303.0683,318.8746,335.1456,333.7551,266.8520,273.7692,272.5108,256.4166,266.8938,260.8237,274.2472,280.0077,272.3480,277.2345,275.5711,297.2646,267.2973,259.9870,260.2238,271.0171,271.2298,267.4448,267.6727,276.0806,273.0691,273.5070,276.4304,272.3965,273.2803,278.0858,273.8659,265.5898,271.0601,268.3041,302.0470,298.1038,331.0626,327.6163,303.7901,301.2253,293.1042,312.8220,312.9501,313.0866,313.8820,313.5754,312.9016,313.5283,320.2101,308.3936,314.0399,306.8946,302.6436,302.0464,306.6166,309.5134,309.8979,0.0000,318.0320,321.9729,313.8574,288.3557,310.7781,281.4994,281.7914,274.0317,270.6164,270.5299,0.6491,309.8836,276.3382,327.4205,312.1393,284.7330,278.8135,314.5619,299.5421,307.3142,275.2920,272.6176,314.0961,313.7715,304.8114,264.4062,311.8659,329.2927,270.8803,260.2241,260.2919,301.3162,268.6185,273.2463,314.5469,309.3831,313.8326,313.5553,313.6251,313.8611,268.4578,278.7346,281.0183,288.2811,285.6360,272.5714,294.5048,281.5726,271.2081,273.0699,273.0294,330.1414,330.1415,325.7307,308.0296,314.5031,256.7219,269.6898,267.9186,303.9849,305.5230,269.7154,0.0000,289.0883,297.3083,261.0955,263.5549,305.7551,305.1032,329.1087,311.4214,308.4845,247.6071,229.1037,282.8185,229.4029,251.5860,309.7683,318.6745,348.1999,349.0252,330.9665,316.2088,154.7951,267.0188,266.5455,269.4991,236.1600,275.0041,284.6676,290.8847,290.7410,333.3315,346.0779,287.0786,274.9886,275.7466,275.8360,274.8206,271.1069,275.7025,275.3657,276.8777,275.8549,275.7668,269.7530,308.3936,302.0442,305.5300,0.0000,285.9350,310.1468,285.9343,289.4029,290.5886,305.8166,295.3259,283.9190,332.1793,308.7921,280.2824,281.4905,280.3914,284.9833,312.1282,257.1830,276.2332,283.5410,291.7171,249.8373,328.2307,328.8985,333.3098,269.6332,274.3848,269.3201,273.3162,273.4923,310.4591
19.0000,323.3386,314.6178,315.6513,304.9926,295.8041,292.2993,291.6114,328.7671,320.8893,338.9193,326.8065,337.2831,317.8320,315.9565,273.0229,185.7568,297.5030,298.6901,288.2496,318.6425,293.5891,288.2366,290.6092,294.7292,293.7122,298.4348,298.9959,316.6792,340.0264,314.0865,317.2319,318.5454,340.4208,319.7853,319.7435,331.6535,321.1820,310.9681,321.9312,324.2482,342.3457,311.0766,327.4941,343.9766,343.5102,273.2367,278.9955,277.6738,262.9356,271.4335,265.3266,280.8391,282.0834,276.9275,282.8793,282.1792,304.9309,272.1746,266.1744,264.2806,276.1399,276.3559,272.3071,272.5694,276.0806,278.0152,278.2019,281.6911,277.6750,278.6656,282.6253,279.4654,269.6906,276.1843,274.5622,310.3612,305.9114,340.6212,336.8791,311.3294,309.3219,300.2348,321.2728,321.4398,321.5958,322.4372,322.1038,321.4103,322.0567,328.9735,316.8229,322.4167,315.1567,310.7899,310.3605,314.6736,317.5982,316.8869,0.0000,326.7088,330.8868,322.2550,295.8659,318.7224,287.7958,288.1444,279.7612,275.7067,275.6458,0.6491,318.4191,280.9845,336.6844,320.8029,292.0062,285.3582,323.3518,307.9216,315.5859,281.8428,277.7651,322.5561,322.2226,313.2338,270.6816,319.1197,338.6625,276.3403,266.4128,266.4822,309.4861,275.3943,280.2189,322.9475,317.8574,321.0521,322.0321,322.1412,322.4177,274.9053,285.8910,288.2075,295.7229,293.0091,277.7104,302.3128,288.6360,278.0494,278.2109,278.0033,339.4842,339.4842,334.8207,316.4665,323.3632,264.1310,275.9590,274.5306,312.1444,313.7351,275.0953,0.0000,295.1282,305.1906,265.6106,268.1337,313.9834,313.2697,338.3855,320.0580,316.9199,252.2620,233.8283,288.9542,234.1115,259.2680,316.4951,326.8806,357.0350,359.3485,340.5603,324.7147,158.8054,271.8769,271.3428,274.4983,242.0068,278.1627,292.0007,298.4836,298.4607,342.0189,354.9100,294.4032,280.2681,281.0149,281.1054,280.0333,276.1486,280.9696,280.6008,282.1451,281.1247,281.0483,274.8117,316.8229,310.3575,313.7424,0.0000,292.0289,318.6050,292.0282,296.8777,298.1165,314.0828,302.8187,290.0799,341.7931,317.2256,285.9525,287.7858,286.6115,290.7801,319.7451,261.1393,283.1066,289.2631,299.0969,254.1778,337.5574,338.2814,343.0392,275.0108,279.6442,274.6908,278.5049,278.5089,319.0270
20.0000,313.8770,306.4702,307.5026,296.8999,287.8392,284.0232,283.3457,312.7679,312.4097,319.2614,314.8262,319.5953,309.5526,306.6074,265.9249,180.8974,289.1585,290.6536,281.2458,310.3667,285.6950,280.7028,282.9413,286.8846,285.2463,289.7294,290.2628,306.9618,325.3336,305.9377,308.9341,310.2516,325.7759,310.3268,310.2678,318.3397,312.6695,301.3414,313.2800,314.7927,333.0290,299.5524,315.4908,334.6725,328.7779,267.0186,273.3999,272.0796,256.0830,267.0315,261.0354,274.8198,279.9980,271.8429,277.6072,276.2427,296.8832,267.4570,260.1408,259.2434,270.6892,270.8923,267.4997,267.7361,276.0806,272.7216,273.1462,276.1382,272.2243,273.2292,278.0354,273.7904,264.5256,270.7337,268.2940,302.2657,297.8600,325.9294,321.7028,301.3411,301.1352,292.2004,312.7599,312.9520,313.1175,313.9531,313.6285,312.9468,313.5695,314.9036,308.4514,313.7507,306.5964,302.6436,302.2650,302.9604,305.7591,307.1746,0.0000,314.7683,317.7881,313.6457,288.0014,309.2956,280.9650,281.3131,273.6033,270.2886,270.1999,0.6491,310.0547,276.2706,321.9561,312.4299,283.7832,277.8137,314.7805,299.1271,307.2373,275.9486,272.2555,313.9590,313.6064,305.0998,264.5390,310.0795,318.2626,270.4814,260.3731,260.4409,301.4058,268.2952,272.1421,310.0776,309.5663,312.0128,313.5314,313.6367,313.9326,268.6309,277.8084,280.0523,287.9744,285.3321,272.2010,294.2919,281.2491,270.8818,272.7317,272.6797,325.3458,325.3459,320.7075,308.2048,314.9907,255.6962,269.9188,267.7078,303.7893,305.4317,269.3152,0.0000,288.0752,297.0934,261.2910,263.6785,305.6739,304.9536,321.1488,311.6873,308.5485,248.6173,230.8459,281.9513,231.1046,258.4178,306.9705,317.4287,347.8974,344.9971,325.9100,311.4984,154.6318,267.1259,266.6422,269.3646,239.9943,274.8232,283.7388,289.9150,289.7592,332.7000,345.7463,285.9376,274.6893,275.3930,275.4843,274.4665,270.6432,275.3490,275.0703,276.5844,275.5030,275.4201,269.3016,308.4515,302.2620,305.4388,0.0000,283.1425,310.2527,283.1417,289.1087,290.3140,305.7085,294.7819,282.4902,327.0687,308.9279,279.1584,280.9529,279.5099,281.4851,310.8330,256.1373,275.6417,279.4860,290.1742,249.9544,322.8053,323.5991,328.3199,269.2343,274.0743,268.9187,272.9080,273.1252,310.6951
21.0000,316.2949,308.0582,309.1336,298.3820,289.1909,285.5394,284.8239,315.1036,314.0951,321.4874,316.7540,321.6683,311.2944,308.3182,267.6925,181.7339,294.7937,294.3516,280.3381,312.3053,287.1151,282.0401,284.3272,288.2811,286.8098,291.3752,291.9197,308.7433,327.5649,307.5083,310.5579,311.9327,328.0741,312.5843,312.5223,320.4004,314.3524,303.1885,314.9100,317.2509,336.3085,301.5199,317.4147,338.0262,331.1423,267.9381,273.4178,272.0730,257.1860,267.3181,261.3913,275.6157,280.1387,271.3415,278.0811,277.0262,299.8291,267.6012,261.0525,251.1191,270.7206,270.9106,267.6494,267.8665,276.0806,272.7096,273.0723,276.1491,272.3127,273.3637,278.1836,273.9863,262.3609,270.7723,269.2773,303.7153,300.4985,328.1714,323.8644,303.1705,302.6596,295.8953,314.4456,314.6375,314.8325,315.6976,315.3122,314.6252,315.2890,317.0805,310.0771,315.3661,308.2595,304.1966,303.7144,304.9878,307.7604,308.9971,0.0000,316.7143,319.8314,315.3013,289.4144,311.5468,281.3400,281.3949,273.6326,270.3505,270.2386,0.6491,311.7250,276.4030,324.1171,314.0991,285.2111,279.0470,316.6523,301.1209,308.8123,276.7020,272.2753,315.6060,315.2288,306.6307,265.4638,311.7372,320.4570,270.5237,261.2861,261.3541,303.2704,269.4244,273.6337,312.1576,311.2110,313.6058,315.2284,315.3158,315.6331,269.5443,279.3031,281.5523,289.2616,286.6075,272.2242,295.7619,282.3881,272.0219,272.8113,272.6678,327.7223,327.7224,322.9943,309.8158,316.5738,256.4368,272.0692,269.5779,305.4095,306.9777,269.3159,0.0000,286.9845,298.5773,261.6302,263.9259,307.2372,306.5368,323.3557,313.2680,310.1757,249.2644,231.6526,281.0232,231.9012,260.9404,308.7209,319.7422,350.3943,347.9942,328.2059,313.6057,155.3543,267.2717,266.8159,269.4620,241.3949,274.7748,285.2104,291.4827,291.4025,335.0923,348.2411,287.4992,274.6230,275.4154,275.5064,274.4669,270.6567,275.3713,275.0960,276.5942,275.5247,275.4272,269.2661,310.0772,303.7108,306.9850,0.0000,292.0393,311.8944,271.8339,290.4033,291.6827,307.3399,298.0691,278.2531,329.3452,310.5516,278.0275,281.3237,278.3446,289.4115,312.4930,252.2153,278.1428,267.9424,291.8180,250.1889,324.9847,325.7919,330.6734,269.2345,274.0228,268.9192,272.9358,273.1300,312.5024
22.0000,323.8920,314.7808,315.9021,304.7825,295.3209,291.7295,291.0109,322.2766,320.9304,328.7918,323.7347,328.7941,318.0758,315.1192,273.2668,185.5305,301.1577,300.6869,285.4772,319.2438,293.2432,288.0325,290.3721,294.4178,293.0583,297.7122,298.2678,315.5871,335.0342,314.2059,317.3284,318.7665,335.5785,319.9655,319.8949,327.4724,321.1840,309.9704,321.7316,324.9042,345.1021,308.2487,324.4200,346.9227,338.7592,273.0508,277.3012,275.9163,262.4812,270.9435,265.0474,280.9350,281.6636,274.9662,282.6099,282.3465,306.3271,271.4213,265.9955,251.1191,274.6981,274.8878,271.4527,271.6786,276.0806,276.6062,276.7641,280.2074,276.3363,277.4294,281.7573,277.8842,262.7663,274.7436,274.2460,310.2339,306.9940,335.6715,331.1849,309.9173,309.1850,302.2811,321.2785,321.4369,321.7011,322.5985,322.1985,321.4965,322.1457,324.2461,316.7709,322.1828,314.9128,310.7000,310.2329,311.8097,314.6508,315.8418,0.0000,323.6900,326.9102,322.1806,295.5902,318.9034,286.4137,286.4768,278.2113,274.3185,274.2167,0.6491,318.4800,280.0760,331.4324,320.9060,291.3907,285.0089,323.5491,307.8769,315.4821,281.9961,276.2447,322.4646,322.0785,313.2804,270.4769,318.5549,327.7089,274.8855,266.2295,266.2989,309.8129,274.9076,279.5951,319.1704,318.0127,320.4550,322.0760,322.2025,322.5544,274.7184,285.3671,287.6593,295.2904,292.5810,276.1877,302.1074,288.0886,277.5578,276.8505,276.5856,335.4344,335.4345,330.4639,316.5684,323.5096,262.3422,277.3907,275.1180,311.9711,313.5963,273.6124,0.0000,292.4757,304.9833,265.2871,267.5816,313.8649,313.1431,330.7365,320.0709,316.8726,252.7852,235.0036,286.2145,235.2517,265.4265,315.5560,327.3702,359.2100,356.6622,335.7061,320.6614,158.6189,271.0760,270.5868,273.3434,245.1258,277.2545,291.4001,297.8076,297.7401,343.2299,356.9603,293.7921,278.6266,279.3361,279.4336,278.4549,274.5881,279.2920,279.1295,280.6460,279.4505,279.3636,273.1809,316.7709,310.2290,313.6038,0.0000,298.2950,318.6979,276.3350,296.4463,297.7578,313.9569,304.5237,283.2204,336.8836,317.3218,283.2283,286.3889,283.5109,295.5642,319.3074,252.4833,284.0130,272.1637,298.2180,253.6544,332.3397,333.1823,338.2716,273.5296,278.0409,273.2092,277.0451,277.0940,319.3626
23.0000,327.5501,317.7838,318.9139,307.8834,298.3524,294.2672,293.5499,325.7976,324.3572,332.7441,327.4676,332.6650,321.4198,320.0335,275.6677,187.3024,303.2372,303.0514,288.0870,322.4466,295.9902,290.7604,293.1190,297.2251,295.5350,300.2055,300.7443,319.9598,339.2567,317.1961,320.5955,322.0578,339.9112,323.5474,323.4538,331.3257,324.6256,313.1376,325.2070,328.5878,349.3050,311.4334,328.1618,351.1724,343.1852,275.1876,279.5403,278.1339,264.8795,272.8036,266.9054,283.1079,282.4901,276.8681,284.6344,284.5367,308.8254,273.4167,268.0559,251.1191,276.7703,276.9507,273.4355,273.6718,276.0806,278.6132,278.6816,282.3454,278.4734,279.6074,283.5683,280.3252,262.4585,276.8158,276.3193,313.0125,309.5919,339.9230,335.2332,313.2098,313.0452,304.6814,324.7217,324.8456,325.1223,326.0248,325.6190,324.9055,325.5651,327.7772,319.9544,325.5957,318.1490,313.6804,313.0116,314.8272,317.6611,320.2102,0.0000,327.4066,330.7523,325.7594,298.3774,322.4735,288.9377,289.0013,280.6391,276.3755,276.2858,0.6491,321.6900,281.9453,335.4860,324.1326,293.9932,287.6432,326.9411,310.6236,318.8161,284.1703,278.3673,325.8806,325.4996,316.1947,272.5699,322.8431,331.6353,277.2655,268.2904,268.3603,312.5393,277.4606,281.1820,322.4250,321.2948,324.8173,325.5475,325.6236,325.9903,276.8930,287.8737,290.1716,298.1526,295.4169,278.3197,305.1853,290.7928,280.1354,278.9235,278.6029,339.4208,339.4209,334.2731,319.7682,326.8544,264.8191,279.7770,277.5254,315.1336,316.9027,275.9860,0.0000,294.7732,308.0905,267.1476,269.4539,317.1744,316.4545,334.7943,323.3289,320.0592,254.5162,236.6660,288.7876,236.9131,267.8898,320.1754,331.2448,364.3917,361.5243,340.0445,323.9969,160.1638,273.0602,272.5455,275.3784,247.0422,278.5432,293.9483,300.3482,300.2345,347.8363,362.0579,296.2756,280.6192,281.5896,281.6879,280.6403,276.7005,281.5442,281.2771,282.7984,281.7061,281.5824,275.2714,319.9544,313.0084,316.9105,0.0000,299.7172,322.0118,279.5748,299.3242,300.6529,317.0974,306.9682,286.0313,341.1873,320.5888,285.8438,288.9086,286.2025,296.3628,323.3145,252.2749,286.4025,275.6597,300.9394,255.4293,336.4359,337.3194,342.6837,275.9069,280.0408,275.5790,279.2383,279.1435,322.6507
24.0000,325.2832,315.8012,316.9290,305.9519,296.4664,292.5112,291.7351,324.1487,322.3903,331.0731,325.7113,330.8998,319.2312,318.1589,273.6891,186.0323,300.3821,300.5847,285.9786,320.3064,294.1595,288.9830,291.3239,295.3489,293.8002,298.5320,299.0977,318.1252,337.5292,315.2136,318.6092,320.0483,338.0876,321.3834,321.2980,329.5633,322.6582,311.3013,323.2224,326.2935,346.4495,309.8502,326.4570,348.2663,341.3628,273.3869,277.9638,276.5657,263.0323,271.4840,265.6408,281.3874,281.8506,275.3826,283.0273,282.8215,306.5112,272.0055,266.3367,251.1191,275.2015,275.3886,272.0268,272.2592,276.0806,277.0376,277.1827,280.6766,276.9022,278.0313,282.2080,278.6909,261.8527,275.2469,274.5436,311.0199,307.3347,338.2092,333.4969,311.4698,311.0966,302.2182,322.7546,322.8698,323.1629,324.0727,323.6242,322.9215,323.6027,326.3042,317.9918,323.5994,316.1909,311.7041,311.0190,313.2593,316.1857,318.3628,0.0000,325.6238,328.9890,323.7959,296.4913,320.3186,286.9012,286.9867,278.6831,274.8014,274.7138,0.6491,319.7210,280.5519,333.7482,322.1570,292.1030,285.9010,324.6438,309.0600,316.8435,282.4613,276.7863,323.8903,323.5278,314.1968,270.8084,320.8999,329.9547,275.3376,266.5689,266.6383,310.4557,275.5808,279.5316,321.1480,319.3102,322.7974,323.5788,323.6380,324.0133,275.0481,286.1458,288.4361,296.2346,293.5164,276.7340,303.2711,288.8589,278.2374,277.3096,277.0208,337.8284,337.8285,332.7382,317.7829,324.8994,262.0905,278.3899,275.7014,313.1739,314.9307,274.0627,0.0000,292.9708,306.1580,265.8748,268.1386,315.1915,314.4405,333.0785,321.3803,318.0970,253.5453,236.0434,286.6688,236.2749,268.3370,318.3234,328.9181,361.1578,359.9259,338.2066,322.7154,159.0920,271.6526,271.1603,273.8969,246.8747,277.5478,292.1343,298.5932,298.5589,345.1026,358.9262,294.5384,279.1439,280.0036,280.1014,279.0512,275.1245,279.9585,279.6386,281.1280,280.1197,280.0068,273.7284,317.9918,311.0159,314.9385,0.0000,296.1701,320.0263,277.0028,297.3959,298.7166,315.1303,304.5736,283.7605,339.4371,318.6025,283.8300,286.8619,284.0626,292.1612,321.3706,251.8685,284.2347,272.9077,299.2021,254.1824,334.7009,335.5856,340.8587,273.9798,278.5488,273.6583,277.4845,277.5137,320.5167
25.0000,314.4991,306.5568,307.6700,296.7988,286.9280,283.7886,283.0609,314.5649,312.9215,321.4407,316.2578,321.1412,309.3571,308.8870,265.6651,180.6937,290.6998,291.2867,278.0913,309.5346,285.4670,280.4331,282.7055,286.6556,285.0170,289.5703,290.1189,308.8219,328.0980,305.9858,309.2311,310.5575,328.6965,310.9164,310.8594,319.9696,313.1893,301.8754,313.7893,315.4215,333.7937,300.6801,316.9805,335.4495,331.8978,266.0362,271.5091,270.1578,255.5369,265.4097,259.5240,273.8468,278.5716,269.9008,276.1805,275.2569,297.1722,265.6526,259.2226,256.8289,268.8523,269.0400,265.7292,265.9331,275.1854,270.8600,271.3231,274.2644,270.4785,271.5559,276.3013,272.2038,262.0675,268.8968,267.3142,301.9407,298.0821,328.8007,323.9860,302.1687,301.9391,292.8502,313.2815,313.3863,313.6585,314.5296,314.1622,313.4674,314.0839,316.6125,308.8063,314.1678,306.9733,302.6436,301.9399,303.9894,306.8092,309.0971,0.0000,316.1646,319.4455,314.3280,287.7841,309.8852,279.0842,279.1955,271.5194,268.4902,268.3734,0.6491,310.4871,274.5346,324.2443,312.9176,283.4203,277.4318,304.7923,299.7725,307.5228,274.8766,270.3995,314.4435,314.1440,304.9980,263.5799,311.5759,320.3340,268.4520,259.4514,259.5190,301.2828,267.7571,271.1749,311.6182,309.9140,313.5505,314.0798,314.1783,314.5418,267.6118,277.5716,279.8180,287.6904,285.0506,270.3465,294.1952,280.6770,270.3384,270.9272,270.8123,327.4062,327.4063,322.6401,308.4413,315.5078,255.2833,269.7234,267.4807,304.0459,305.6602,267.2510,0.0000,285.0409,296.9958,259.7638,262.0625,305.8899,305.1282,323.5302,312.1455,308.9077,247.5332,230.3273,278.8005,230.5595,260.5962,309.0315,317.9245,347.7305,348.4098,328.8125,313.1368,154.5087,265.3394,264.9028,267.5543,240.5410,273.3216,283.4472,289.6866,289.5971,332.9629,345.6863,285.7218,272.7284,273.4951,273.5901,272.5789,268.7831,273.4514,273.2354,274.7077,273.6070,273.5087,267.4160,308.8063,301.9371,305.6677,0.0000,285.9254,310.6233,268.5547,288.8344,290.1281,305.9574,295.2165,275.6663,329.9884,309.2247,275.7992,279.0327,276.2873,281.3867,311.9966,253.7441,275.7166,264.2500,290.2606,248.4226,325.2144,326.1213,331.4051,267.1680,272.1349,266.8567,270.9612,271.2233,308.7355
26.0000,326.9326,317.0646,318.2029,307.0489,296.8642,294.1108,293.4034,332.8244,323.8083,343.3100,330.4901,340.8171,319.8822,320.5937,274.3182,186.6743,300.1700,300.8820,286.4811,319.8720,295.3826,290.0224,292.4141,296.5100,295.5478,300.2813,300.8353,320.9712,345.3158,316.4803,319.9131,321.2762,345.8847,323.1678,323.1256,335.5391,324.1046,313.8458,324.8167,327.8989,347.1511,314.4068,331.2046,348.8863,349.1884,273.2471,278.3324,276.9602,263.8665,271.1430,265.1706,280.7667,281.7647,276.1692,282.5660,282.1178,307.0780,271.6021,266.3191,262.6134,275.5648,275.7598,271.7850,272.0004,276.0806,277.4474,277.6348,281.0638,277.2080,278.2895,282.1708,279.0133,268.1160,275.6106,274.8503,312.3081,308.0835,346.0513,341.5341,314.4606,312.4112,302.4769,324.1985,324.2766,324.5632,325.4575,325.0751,324.3663,324.9970,332.9691,319.5868,325.2058,317.8435,313.0836,312.3073,317.9831,320.9003,321.2515,0.0000,330.3769,334.8218,325.3035,297.6703,322.0962,287.3860,287.5102,279.1650,275.1786,275.0833,0.6491,321.3065,280.5269,341.3621,323.8022,293.7785,287.0456,314.8059,310.4943,318.1897,281.6845,277.1564,325.4344,325.1196,315.4500,270.7880,322.9802,342.9160,275.8001,266.5574,266.6268,311.5350,276.4939,281.1942,326.7495,320.6124,324.9500,324.9854,325.1228,325.5084,274.7763,287.6593,289.9924,297.4165,294.6872,277.1035,304.3564,289.8400,279.1594,277.7112,277.4312,344.0424,344.0425,339.1594,319.0777,326.4418,263.8673,278.2309,276.0964,314.6709,316.2576,274.5212,0.0000,293.2756,307.2537,265.4295,267.8079,316.4833,315.6868,342.9731,323.0162,319.6905,252.4971,234.6223,287.1585,234.8760,263.1248,320.9872,330.2749,360.5020,365.5113,346.0032,328.6201,159.6703,271.3302,270.8583,273.9403,244.1016,277.8252,293.7880,300.3086,300.3062,345.5413,358.4335,296.2907,279.5526,280.3637,280.4594,279.4035,275.5082,280.3187,280.0226,281.5152,280.4769,280.3718,274.1349,319.5869,312.3045,316.2653,0.0000,295.0963,321.3766,276.9466,298.5858,299.9229,316.6583,305.0014,284.0638,347.2632,319.9064,284.4333,287.3220,284.6584,290.2743,323.2775,259.5572,284.7377,272.6366,301.3191,253.8689,342.3890,343.2620,348.6797,274.4381,278.9392,274.1161,277.9292,277.9399,319.1676
27.0000,294.4476,306.2191,307.3040,296.3236,286.5152,281.9623,281.2979,319.2407,312.5766,329.4898,317.8774,327.1589,308.6921,308.1555,264.9177,180.1988,289.8438,290.6179,277.3764,309.0714,284.4211,279.4126,281.6949,285.8482,282.9008,287.2966,287.8082,307.9235,331.8047,305.6672,308.8747,310.1795,332.3184,295.4326,295.3977,322.5515,312.8547,297.4215,313.5347,295.3512,313.3721,301.3299,318.4573,314.9965,335.4450,264.2656,269.5871,268.2160,254.7738,263.3269,257.3315,271.4677,277.0171,268.5688,273.9674,272.7753,296.6942,263.6067,257.5699,255.8086,267.2846,267.4444,263.7633,263.9602,273.6564,269.4504,269.9261,272.5407,268.8871,269.9823,274.4442,270.4412,261.0015,267.3302,265.9067,301.8879,297.7231,332.5093,328.1709,299.8544,301.6589,292.1436,312.9444,313.0461,313.3062,314.1666,313.8161,313.1195,313.7308,319.2485,308.7018,313.9617,306.8731,302.6436,301.8872,304.5034,307.0890,308.2063,0.0000,317.8448,321.9135,314.0048,286.9557,294.4552,278.0715,278.2043,270.4085,266.9705,266.8325,0.6491,310.3168,272.6703,328.0300,312.7143,281.6920,276.1818,304.2231,296.7899,307.2221,272.3950,268.7130,314.1441,313.8006,304.7725,261.9143,310.9928,329.1215,267.2791,257.8042,257.8713,301.1136,267.0500,269.1614,312.9540,309.5292,312.6969,313.7096,313.8380,314.1803,265.7569,275.8272,278.0353,287.1921,284.5569,268.6613,293.7314,280.0036,269.6244,269.4852,269.4057,329.7083,329.7084,325.0716,308.0942,315.3353,253.8231,269.2227,266.7433,303.8728,305.3768,266.0722,0.0000,283.8208,296.5275,257.5956,260.0118,305.5902,304.7886,329.3728,312.0508,308.8003,244.4040,226.6365,278.0337,226.9062,251.4041,308.2019,301.9641,329.8747,349.5195,332.4350,314.8391,154.1329,263.3366,262.8946,265.7821,234.4597,271.8585,281.6795,287.6092,287.3294,316.0227,327.9418,283.5018,270.7737,271.5646,271.6590,270.7608,267.1187,271.5230,271.5166,272.9762,271.6752,271.4764,265.8229,308.7018,301.8850,305.3841,0.0000,284.8521,310.2698,267.6430,288.3602,289.6549,305.8734,294.6428,274.8700,333.6334,308.8685,275.7481,277.9938,275.7573,280.1089,311.5676,252.7192,274.9979,263.2695,288.0832,246.4786,329.0079,329.8509,334.9643,265.9904,270.1950,265.6796,269.6248,269.8386,308.2393
28.0000,295.0895,306.3209,307.4083,296.4758,286.6496,282.3027,281.6198,319.2186,312.6463,329.6186,317.9698,327.2565,309.0963,308.3683,264.9966,180.3364,289.1876,290.3076,277.3387,309.3778,284.6800,279.7219,281.9712,286.0676,283.2557,287.7031,288.2302,308.0933,331.9903,305.7652,308.9962,310.3286,332.5853,296.0464,295.9928,322.7181,312.9194,297.7791,313.6263,296.0073,314.3198,301.5065,318.4896,315.9704,335.7608,265.1967,271.0442,269.7266,255.0116,264.4837,258.4932,272.7343,278.1948,269.4279,275.1984,274.0932,296.5253,264.8220,258.4258,257.2093,268.2272,268.4347,264.9018,265.1039,274.6485,270.1839,270.6872,273.7442,269.8125,270.8398,275.5742,271.4952,262.2447,268.2740,266.6372,301.8858,297.5813,332.6839,328.3402,300.0850,301.7610,291.8332,313.0064,313.0604,313.3615,314.2064,313.9153,313.2152,313.7577,319.3041,308.7763,314.0460,306.9550,302.6436,301.8851,304.6307,307.0592,308.2771,0.0000,317.9607,322.0646,314.1544,287.1872,295.0599,278.0961,278.2670,270.7006,267.8511,267.7400,0.6491,310.4119,273.7750,328.1996,312.8196,282.0428,276.6263,304.7349,297.3786,307.3239,273.7269,269.8438,314.2399,313.8893,304.8456,262.7857,311.2597,329.2456,267.6821,258.6580,258.7254,301.0742,267.2387,269.4993,312.9866,309.6601,313.3929,313.7716,313.9349,314.2775,266.7461,276.1872,278.3823,287.3221,284.6857,269.7907,293.8807,280.1564,269.8150,270.2487,270.1338,329.9788,329.9789,325.2377,308.2099,315.5260,255.0792,268.6178,266.6502,303.9538,305.4795,266.4940,0.0000,284.1048,296.6783,258.7522,261.1559,305.7053,304.9350,329.5352,312.1629,308.8769,245.7579,227.9269,278.0173,228.1963,253.6486,308.3942,302.7668,331.5703,350.3896,332.7067,314.8844,154.2366,264.5124,264.0517,266.8252,236.0134,272.7102,282.0176,288.0289,287.7365,317.2416,329.5725,283.8895,272.1337,273.0225,273.1141,272.0747,268.2502,272.9780,272.7119,274.1877,273.1321,273.0048,267.0469,308.7763,301.8828,305.4869,0.0000,283.6091,310.3827,267.2469,288.4839,289.7830,305.9312,294.4215,274.7422,333.8733,308.9898,275.6600,277.9973,275.6068,278.3137,311.7038,253.9779,274.9283,262.7137,288.4013,247.5632,329.1814,330.0288,335.2730,266.4120,271.5402,266.1008,270.2176,270.5303,308.5495
29.0000,295.7540,306.4360,307.5196,296.6832,286.8789,282.5725,281.8704,319.9024,313.0347,330.1636,318.3816,327.6845,309.5095,308.6992,264.9538,180.4261,288.7128,289.9358,276.9396,309.9304,284.8750,279.8981,282.1607,286.2336,283.5568,288.0533,288.5757,308.4605,332.3319,305.8793,309.2458,310.6164,332.8690,296.6741,296.6078,323.1410,313.3098,298.1898,313.8969,296.6850,315.2677,301.9849,318.9544,316.9427,336.0426,265.5653,271.0506,269.7450,255.1054,264.6382,258.7131,273.2662,278.2557,269.4921,275.5203,274.6598,296.2525,265.0031,258.7919,257.4410,268.2210,268.4386,265.0325,265.2277,274.6757,270.1574,270.6748,273.7387,269.7937,270.8059,275.5935,271.5167,262.6117,268.2667,266.9514,301.8649,297.3932,333.0207,328.7382,300.4981,301.9713,291.3232,313.4042,313.5015,313.7891,314.6793,314.2285,313.5429,314.2193,319.9415,308.8714,314.2810,307.1373,302.6436,301.8642,305.1118,307.5883,308.6722,0.0000,318.3544,322.4797,314.4306,287.3439,295.6898,277.7889,277.9947,270.5303,267.8466,267.7312,0.6491,310.5210,273.8080,328.5906,312.9012,282.3241,276.7890,305.7690,297.8025,307.5696,274.3057,269.8450,314.5313,314.2131,304.9212,263.1441,311.5585,329.7719,267.5672,259.0222,259.0896,301.0002,267.2946,269.7856,313.5728,309.9231,313.6769,314.1873,314.2581,314.6283,267.1097,276.4399,278.6432,287.4030,284.7656,269.7876,294.0871,280.1812,269.8714,270.2263,270.1027,330.7954,330.7955,325.9841,308.4266,315.6771,255.9940,268.1135,266.5123,304.1074,305.6929,266.3815,0.0000,283.6508,296.8866,258.9616,261.3175,305.9277,305.1866,329.9964,312.2597,308.9742,246.2971,228.5699,277.6254,228.8324,256.3136,308.7433,303.5531,333.0808,351.5769,332.9826,315.4872,154.3215,264.6660,264.2017,266.8853,237.4796,272.7144,282.2711,288.3107,288.0847,318.3192,331.0132,284.1989,272.1374,273.0227,273.1124,272.0560,268.2649,272.9782,272.7044,274.1789,273.1305,273.0091,267.1900,308.8714,301.8617,305.7004,0.0000,283.0060,310.6580,265.6644,288.5604,289.8723,306.0416,294.0900,273.9484,334.1906,309.2394,275.2886,277.6729,275.2522,277.5901,311.9968,254.2947,274.7595,260.6629,288.7359,247.7163,329.5607,330.3926,335.5539,266.3004,271.5438,265.9887,270.1430,270.4959,309.0756
30.0000,295.3598,306.4203,307.5083,296.6480,286.8184,282.4451,281.7171,319.2440,313.0179,329.7268,318.1827,327.3050,309.5630,308.5993,264.8945,180.3774,288.6394,289.8012,276.8681,309.9790,284.7787,279.7579,282.0337,286.1618,283.4203,287.9626,288.5128,308.3065,331.7937,305.8598,309.2386,310.6105,332.2981,296.3621,296.2827,322.8720,313.2934,297.9411,313.8843,296.2718,314.4652,301.6234,318.7611,316.1051,335.4768,265.6353,271.2686,269.9557,255.0062,265.1358,259.2954,273.4928,278.5524,269.2925,275.8635,274.9117,296.1860,265.4506,258.8636,251.1191,268.3935,268.6168,265.4341,265.6276,275.0702,270.1968,270.6917,273.8167,270.0091,271.0466,275.8876,271.8769,261.5636,268.4372,266.9803,301.8566,297.0098,332.4541,328.3190,300.2277,301.9566,291.1311,313.3876,313.4810,313.7685,314.6561,314.2063,313.5287,314.1973,319.3238,308.8750,314.2693,307.1136,302.6436,301.8558,304.6444,307.0856,308.5182,0.0000,318.1542,322.2118,314.4385,287.2751,295.3746,277.6874,277.9025,270.4317,267.9886,267.8968,0.6491,310.5347,274.0938,328.1685,312.9452,282.0714,276.6444,305.8195,297.9334,307.5549,274.5650,270.0319,314.5313,314.2326,304.9067,263.2099,311.5211,329.3446,267.4654,259.0927,259.1601,300.8766,267.2118,269.6558,312.8724,309.9192,313.7331,314.1763,314.2488,314.6244,267.1766,276.3226,278.5207,287.3509,284.7141,269.9711,294.0531,280.1093,269.7878,270.3036,270.1450,330.3148,330.3148,325.4550,308.4164,315.6705,255.1574,268.6436,266.6263,304.0855,305.6781,266.2793,0.0000,283.3273,296.8523,259.5257,261.7850,305.9160,305.1736,329.5758,312.2553,308.9778,247.3612,230.1612,277.5489,230.3935,260.9368,308.6133,303.3474,333.3426,351.4800,332.4045,314.7724,154.2843,265.0903,264.6309,267.1757,240.3846,272.8546,282.1116,288.1878,287.9929,318.4010,331.2500,284.0918,272.3613,273.2396,273.3273,272.2666,268.4707,273.1949,272.8281,274.2576,273.3461,273.2325,267.5118,308.8750,301.8534,305.6856,0.0000,283.1173,310.6485,265.6127,288.5097,289.8212,306.0321,294.0076,273.8950,333.6230,309.2321,275.3441,277.5644,275.1830,277.8751,311.9519,251.6746,274.6709,260.6121,288.5594,248.1595,329.1092,329.9139,334.9862,266.1969,271.7342,265.8867,270.0897,270.5036,309.1070
31.0000,294.7252,306.3957,307.4761,296.6291,286.8324,282.2721,281.5622,318.6270,312.9618,329.2621,317.8554,326.9257,309.5537,308.3078,265.1728,180.4936,289.2955,290.3152,277.3368,309.7193,284.7182,279.6359,281.9362,286.1517,283.2023,287.7566,288.3078,307.9783,331.4020,305.8403,309.2076,310.6162,331.7522,295.7443,295.6769,322.5023,313.2326,297.4851,313.8117,295.6258,313.5847,300.9514,318.3969,315.2034,334.9349,266.1539,272.3613,271.0456,255.2215,266.0736,260.2559,273.9727,279.5355,270.2376,276.5316,275.4018,296.5359,266.4434,259.3404,251.1191,269.4195,269.6565,266.4336,266.6332,276.0806,271.0590,271.5702,274.9014,271.0574,272.1003,276.7804,272.8808,262.7541,269.4617,267.4617,301.8781,297.5721,332.0823,327.9213,299.7362,301.9307,291.7134,313.3266,313.4245,313.7198,314.6120,314.1325,313.4647,314.1476,318.5989,308.8107,314.2056,307.0634,302.6436,301.8774,303.8584,306.2080,308.2243,0.0000,317.8491,321.8566,314.3578,287.2601,294.7598,278.1135,278.3322,271.0767,268.9788,268.9161,0.6491,310.4616,274.9934,327.7770,312.8699,281.9608,276.4803,305.7524,297.8228,307.5212,275.0492,271.1092,314.4507,314.1090,304.8974,263.7079,311.2883,328.8936,268.2046,259.5708,259.6383,301.0708,267.4116,269.4483,311.9915,309.8879,313.3450,314.1132,314.1794,314.5618,267.7363,276.1579,278.3522,287.4291,284.7916,271.0447,294.0340,280.3017,269.9896,271.1931,271.0056,329.6155,329.6156,324.7284,308.3881,315.4292,256.0558,268.5282,266.8172,304.0624,305.6518,267.0461,0.0000,284.1705,296.8330,260.4838,262.7331,305.8890,305.1649,329.1208,312.1047,308.9121,248.3847,231.2729,278.0451,231.4980,263.1898,308.2997,302.5694,331.6877,350.9402,331.8431,313.9169,154.3622,266.0818,265.6179,268.1962,241.9434,273.7897,281.9597,287.9961,287.7882,317.2073,329.6707,283.8607,273.4435,274.3431,274.4309,273.3549,269.5927,274.2980,273.9062,275.3424,274.4496,274.3254,268.7207,308.8107,301.8749,305.6593,0.0000,283.7149,310.6066,266.2781,288.5958,289.9107,305.9969,294.4315,274.4419,333.1624,309.2010,275.8102,277.9865,275.7241,278.4176,311.7982,252.4717,275.0405,261.3477,288.2598,249.0582,328.7169,329.5245,334.4410,266.9651,272.8319,266.6527,270.9460,271.3563,309.0185
32.0000,294.2184,306.3617,307.4361,296.5928,286.8046,282.1276,281.3988,317.7193,312.8707,328.4399,317.3849,326.2429,309.3897,307.9732,265.2706,180.5286,289.4321,290.4047,277.4897,309.6237,284.6996,279.7138,281.9891,286.1415,283.0144,287.5367,288.0767,307.5863,330.4419,305.8101,309.1458,310.5481,330.7282,295.2551,295.1940,321.9243,313.1360,297.1020,313.7147,295.1110,312.9074,300.2911,317.9278,314.5115,333.9261,266.5663,273.4681,272.1729,255.3026,266.6237,260.7921,274.6059,279.7717,270.9420,277.1656,276.0860,296.5606,267.1469,259.7428,251.1192,270.2889,270.5601,267.1484,267.3627,276.0806,271.6421,272.1464,275.8476,271.9715,273.0136,277.3356,274.1968,263.9671,270.3298,267.7890,301.8812,297.6077,331.0840,327.1181,299.3290,301.8783,291.8158,313.2290,313.3257,313.6357,314.5306,314.0345,313.3742,314.0583,317.8676,308.7831,314.1225,306.9890,302.6436,301.8804,303.2211,305.6075,307.8211,0.0000,317.3906,321.2848,314.2478,287.2498,294.2722,278.3015,278.5329,271.4484,269.7819,269.7667,0.6491,310.4285,275.5688,326.9753,312.8377,281.8011,276.5068,305.7323,297.5951,307.4610,275.7497,272.0946,314.3659,314.0250,304.8772,264.1011,311.0074,328.0933,268.6495,259.9705,260.0382,301.0725,267.4861,269.2696,311.3281,309.8235,312.8556,314.0105,314.0890,314.4719,268.1456,276.0250,278.2131,287.4450,284.8072,272.0224,293.9974,280.3734,270.0649,271.8510,271.5927,328.9589,328.9590,324.0513,308.3340,315.4947,256.0844,268.7065,266.9464,304.0128,305.5988,267.5147,0.0000,284.3069,296.7961,261.0276,263.3185,305.8333,305.0832,328.2858,312.1287,308.8847,248.6540,231.5547,278.1806,231.7784,263.1888,307.9275,302.0048,330.8839,350.2372,330.8079,313.2333,154.3790,266.7858,266.2990,268.9920,242.1522,274.1788,281.7997,287.8081,287.5697,316.5165,328.8763,283.6522,274.3835,275.4386,275.5248,274.4042,270.6603,275.3923,274.8572,276.2906,275.5441,275.3943,270.1952,308.7831,301.8780,305.6063,0.0000,283.9868,310.5353,267.9858,288.6137,289.9262,305.9548,294.4748,275.0823,332.1687,309.1393,275.6074,278.1682,275.7770,278.8167,311.6133,253.2926,275.1354,263.6901,288.0064,249.6132,327.8746,328.6457,333.4280,267.4353,273.7677,267.1224,271.4523,271.9133,308.9310
33.0000,295.7255,307.7304,308.8011,298.0503,288.2727,283.6145,282.9299,319.2701,314.3356,329.9021,318.8798,327.7027,310.8355,309.5202,266.8524,181.5985,291.1538,292.0276,279.3481,311.0782,286.1910,281.2169,283.4721,287.6430,284.5128,288.9877,289.5204,309.2186,331.9441,307.1819,310.5708,311.9775,332.2329,296.7690,296.7143,323.4063,314.6070,298.6959,315.1927,296.6210,314.4741,301.9991,319.4211,316.0832,335.4683,268.9714,277.3820,276.0417,256.8998,269.6589,263.8436,277.2077,281.5315,274.3714,280.0602,278.7473,298.0929,270.4104,262.0490,256.1766,273.8711,274.1773,270.4384,270.6665,276.8286,274.6697,275.1347,279.6516,275.7614,276.9135,280.2963,278.3285,269.0764,273.9123,270.0806,303.2198,299.0896,332.5878,328.5966,300.9275,303.2992,293.4633,314.7010,314.8097,315.0926,315.9839,315.4956,314.8332,315.5257,319.4657,310.1369,315.5977,308.4189,303.9881,303.2190,304.9021,307.2430,309.4437,0.0000,318.8775,322.7703,315.7332,288.7561,295.7792,280.3949,280.6504,274.1554,273.2456,273.3210,0.6491,311.7689,278.6084,328.4616,314.1417,283.3873,278.0967,307.1896,299.1968,308.9093,278.4062,275.8956,315.8415,315.5122,306.2343,266.4484,312.5584,329.5548,271.6151,262.2772,262.3455,302.4708,269.1358,270.6953,312.9492,311.2494,314.5454,315.4929,315.5543,315.9370,270.6014,277.4322,279.6595,289.0026,286.3506,275.8158,295.4400,282.0852,271.7304,275.0265,274.6241,330.4744,330.4744,325.6052,309.7462,316.7912,258.2627,269.9641,268.4620,305.4473,307.0376,270.5574,0.0000,283.1796,298.2524,264.0830,266.3922,307.2707,306.5410,329.7147,313.4478,310.2388,251.4599,234.0912,280.0563,234.3214,265.6354,309.5545,303.4478,331.9379,351.7135,332.3082,314.8486,155.2619,270.0506,269.5315,272.4360,244.5805,276.4267,283.3381,289.3390,289.0235,317.7641,329.9721,285.2104,278.1109,279.3865,279.4718,278.2858,274.6374,279.3379,278.6675,280.1035,279.4923,279.3315,274.4805,310.1369,303.2165,307.0450,0.0000,285.9541,311.9716,268.5062,290.1822,291.5055,307.3418,296.0459,276.5277,333.6801,310.5643,277.2493,280.2567,277.6046,281.0146,313.1168,259.3764,276.7353,263.6595,289.5355,252.5269,329.3645,330.1401,334.9635,270.4826,277.4808,270.1944,274.4892,274.9568,310.3784
34.0000,293.0917,306.0817,307.1195,296.3872,286.6971,281.6521,281.0033,316.4379,312.5612,326.9321,316.5559,324.8571,309.0081,307.3983,265.1610,180.4806,288.8872,289.9659,277.6147,309.0971,284.4264,279.4696,281.7386,285.9360,282.4804,286.8445,287.3606,307.0166,329.0839,305.5535,308.8578,310.2426,329.3082,294.1423,294.1157,320.8833,312.8308,296.3713,313.4555,293.9681,311.4342,299.7228,317.0572,313.0085,332.4578,267.2803,277.4270,275.9222,255.3638,268.8936,263.1202,275.4207,281.1387,274.7000,278.7518,276.9460,296.1777,269.9081,260.4391,264.8942,273.7877,274.0904,269.9917,270.2302,276.8286,273.7575,274.4243,279.6613,276.1588,277.6406,279.4137,278.6930,273.5105,273.8285,268.5415,301.8251,297.2837,329.7047,325.8406,298.6407,301.6729,291.2738,312.9220,313.0346,313.3136,314.1945,313.6855,313.0545,313.7421,316.7131,308.5382,313.8924,306.7622,302.6436,301.8245,302.5292,304.7955,307.2420,0.0000,316.5694,320.2788,313.9488,287.0331,293.1645,278.6638,278.9201,271.5521,273.0463,273.2281,0.6491,310.1030,277.7601,325.7218,312.4063,281.4847,276.1760,304.9539,296.8892,307.2324,276.6136,276.0771,314.0945,313.7563,304.6743,264.8220,310.5288,326.6047,268.3920,260.6694,260.7373,300.9176,267.5616,268.7613,310.3607,309.5140,312.1970,313.7008,313.7817,314.1744,268.8657,275.4896,277.7149,287.3945,284.7574,275.9981,293.7935,280.4583,270.1410,274.4362,273.7273,326.9945,326.9946,322.4781,308.0538,315.0901,256.7735,268.1964,266.7443,303.8368,305.3910,267.7317,0.0000,281.3992,296.5902,263.3671,265.7207,305.6122,304.8853,326.8178,311.8272,308.6374,250.5236,233.1796,278.2984,233.4110,263.7639,307.3870,300.4472,326.8682,347.4827,329.3882,312.2127,154.3122,269.5622,269.0194,272.1790,243.3952,275.9479,281.4014,287.2567,286.8813,313.8726,325.0933,283.1216,278.0861,279.4980,279.5830,278.4272,275.2712,279.4476,278.7397,280.1104,279.6031,279.4208,274.9365,308.5382,301.8225,305.3983,0.0000,283.5440,310.2370,268.3842,288.5749,289.8835,305.7940,294.0242,275.2813,330.7601,308.8514,275.4024,278.5257,275.7240,278.4700,311.2372,268.2762,274.9008,264.2075,287.4264,251.8904,326.5924,327.3451,331.9675,267.6831,277.4378,267.5250,272.5925,273.7284,308.4636
35.0000,295.7570,306.5048,307.4812,297.3078,286.6548,286.6768,285.9696,315.6624,307.6380,325.6082,315.0346,323.5052,307.4910,303.0498,287.0985,282.8118,298.1435,299.1023,284.9474,308.2854,291.1648,285.1294,287.8393,293.3131,286.8556,291.2010,291.7865,304.1405,327.7681,305.9884,306.7203,307.6514,328.0766,297.7107,296.8936,319.5766,307.3090,298.4547,305.9307,296.6123,313.6408,299.0545,315.8232,315.1755,331.2495,281.5693,289.6681,288.1456,281.5493,280.7922,274.7929,289.8053,291.3140,286.9188,292.1931,291.2957,302.5592,281.8991,274.3724,281.2728,285.5437,285.8989,281.9157,282.2484,285.1149,285.4789,286.1087,292.0444,287.9698,289.4539,291.6929,290.5481,287.6909,285.5863,283.4036,302.8788,302.4527,328.3874,324.5026,299.5699,299.8017,300.4727,307.3995,307.5412,308.1912,308.8227,308.7712,308.3143,308.2660,316.2911,307.4140,305.5226,305.0267,302.6436,302.8782,302.0137,305.0037,304.3500,0.0000,315.0902,318.8985,307.1353,294.9442,297.5204,286.2371,286.5120,280.8887,284.3896,284.8815,300.3736,308.9282,289.8420,324.3747,311.1026,286.2940,281.6377,303.8014,299.1257,304.7317,290.8416,288.2683,307.0662,307.5529,305.3354,279.1178,304.7529,325.2763,278.0166,274.6365,274.7080,303.3928,282.4649,272.9243,310.4892,307.3647,306.4387,307.8437,308.2712,308.8564,283.2860,280.4192,282.6759,292.4856,289.8017,288.1999,294.6006,288.1994,285.1879,285.2135,285.4014,326.0980,326.0981,321.7585,306.5406,313.6880,281.5318,291.9559,289.2824,303.2897,303.4982,278.1942,0.0000,288.7306,297.4050,275.0441,277.4164,303.7267,303.2034,325.4327,310.5541,307.5113,261.7378,243.5154,285.6490,243.7624,275.7375,303.8163,303.5218,327.5266,346.6579,328.1623,312.2381,282.8118,281.5265,280.9026,284.0318,254.3621,286.5412,286.3682,292.0094,291.2507,315.9886,326.0059,287.4322,290.2319,291.8262,291.9168,290.7316,287.8914,291.7719,291.0822,292.5186,291.9379,291.7285,287.2457,307.4140,302.8747,303.5026,0.0000,293.0089,307.2467,274.9614,293.4032,294.1826,304.8014,301.6058,282.3860,329.4541,306.7163,282.4690,286.0973,282.9096,288.1298,304.8748,284.7887,291.8331,270.4683,290.7539,262.9773,325.2529,326.0185,330.7564,278.1766,289.5280,278.1161,283.7395,285.3234,306.8839
36.0000,293.5369,306.1811,307.1400,296.9948,286.3578,285.5324,284.8740,312.4561,307.3346,322.0528,312.7375,319.9407,307.0979,301.8782,287.3421,283.0757,298.5704,299.3329,286.1015,307.8917,290.3968,283.4144,286.5995,292.8649,285.6003,290.1818,290.7992,302.6434,324.5620,305.6756,306.4287,307.3730,324.9258,295.5465,294.7765,317.0016,306.9918,296.6089,305.5874,294.3553,310.6336,296.5148,313.2645,312.1005,328.0471,282.5481,292.2432,290.7931,281.7687,283.2741,277.4846,291.0805,292.0789,289.0378,294.0532,292.6396,302.6201,284.7888,275.2600,284.9680,287.9163,288.2933,284.6521,285.0444,285.1149,287.5084,288.0650,294.4538,290.2298,291.6047,293.7441,293.3263,290.4629,287.9588,284.1503,302.8477,302.5419,325.1130,321.4729,297.6285,299.5694,300.6795,307.0811,307.2351,307.9183,308.5694,308.4559,307.9974,307.9893,313.2991,307.1882,305.2140,304.6853,302.6436,302.8471,299.3901,302.0540,302.8824,0.0000,312.9498,316.3840,306.7315,294.5021,295.6234,287.4712,287.7443,283.1108,286.6907,287.2401,300.0706,308.6565,292.0106,321.3799,310.7867,285.0028,278.7830,303.0934,297.7595,304.4805,292.1383,290.7972,306.7449,307.2161,305.1113,280.0250,303.8559,321.7193,280.6582,275.5220,275.5938,303.3928,282.7380,271.7297,307.5183,307.0630,305.1606,307.5211,307.9465,308.5166,284.3435,279.3335,281.5615,292.4847,289.8008,290.7415,294.2931,288.5198,285.4637,287.3196,287.4286,323.1716,323.1717,318.8565,306.2439,313.4574,281.4605,292.6182,289.6880,303.0529,303.2631,280.9843,0.0000,289.8162,297.0946,277.7160,279.9940,303.4856,302.9459,322.1252,310.3513,307.2844,264.7840,246.7615,286.7961,246.9900,282.8709,302.4585,300.9763,322.9213,343.9039,325.0251,309.2606,283.0757,284.3271,283.6404,286.5841,258.7236,287.8860,285.1923,290.8833,290.2282,312.5751,321.6059,286.1970,292.7357,294.3728,294.4669,293.2803,290.6638,294.3178,293.5533,294.9296,294.4871,294.2690,289.8520,307.1882,302.8441,303.2673,0.0000,293.9532,306.9468,275.5689,293.4385,294.2164,304.5934,301.7280,283.3696,326.2328,306.4247,283.5610,287.3360,284.0464,289.5617,304.2255,288.4988,292.0717,270.8517,289.2917,265.4208,322.2005,322.9299,327.5645,280.9819,292.0167,280.9670,286.1402,287.4462,306.4716
37.0000,297.8956,306.3621,307.3583,297.0690,286.2835,287.3261,286.4643,314.6096,307.2106,323.8101,313.6846,321.6223,307.1298,302.6656,288.5641,284.4409,299.7735,300.3079,287.5335,309.0175,291.3726,284.2977,287.4643,293.5901,287.6338,292.3965,293.0667,303.6591,325.5755,305.8381,306.3713,307.2798,325.9797,300.0041,298.8202,318.2145,306.9306,298.9292,305.7045,298.8045,316.9286,298.0726,314.2215,318.5622,329.0558,283.9504,295.3257,293.7542,282.7820,287.0745,281.4262,291.1740,295.1009,292.0060,296.8267,293.5163,303.3231,288.7258,276.5511,290.1335,290.7674,291.1474,288.3858,288.8601,287.6240,290.1549,290.7800,297.5901,293.4362,295.0545,297.0812,296.8049,294.4626,290.8119,285.6163,302.9234,303.2044,326.1618,322.6670,299.4884,298.6520,301.6740,307.0217,307.1544,307.7898,308.4536,308.4811,307.9854,307.8932,315.2947,307.4474,305.3328,304.8168,302.6436,302.9227,301.0819,303.7344,303.9370,0.0000,313.8590,317.4970,306.8428,295.2653,300.0308,288.9741,289.2397,285.1488,289.4648,290.0520,300.1881,308.9324,295.3766,322.5278,311.0845,286.5868,280.1887,304.1707,302.0908,303.9240,293.3125,293.8240,306.8412,307.3433,305.2621,281.4165,304.4757,323.4646,282.9389,276.8232,276.8953,303.7062,283.6839,274.4204,309.1478,307.0340,306.3058,307.4992,307.9708,308.5151,286.0273,281.2517,283.3989,293.1767,290.7329,293.7644,294.3524,289.4307,286.4186,289.9419,290.0600,327.1196,327.1197,321.9280,306.2395,314.5229,281.8720,295.5173,291.6372,303.1442,302.9154,283.3378,0.0000,291.4546,297.1544,281.6226,283.7457,303.1568,302.5377,323.5825,311.0157,307.5539,269.2327,251.3589,288.2776,251.5677,292.3375,303.3488,306.4428,332.5342,351.5208,326.0819,310.9436,284.4409,288.1537,287.4354,289.8728,265.0590,290.6503,286.8125,292.8667,292.4348,320.1611,330.9715,288.2060,295.6767,297.5137,297.6081,296.3785,293.7644,297.4565,296.7385,298.0778,297.6294,297.3940,292.9092,307.4474,302.9192,302.9187,0.0000,295.3777,306.9042,277.4236,294.0640,294.8151,304.7034,302.5569,284.9871,327.2825,306.3672,284.7710,288.8462,285.2779,291.1952,304.5899,293.1056,293.1976,272.8472,291.2735,268.9772,323.3185,324.0032,328.5809,283.3378,294.9508,283.3378,288.6966,290.0956,306.9703
38.0000,298.0954,306.5745,307.5762,297.2316,286.3999,287.3050,286.4428,310.2464,307.6599,315.6202,311.7009,315.2582,307.2098,302.5961,289.1235,284.8298,300.9308,301.3408,288.0367,309.4480,291.5146,284.7621,287.7564,293.7367,287.5289,292.1751,292.8350,303.2551,321.9466,306.0491,306.6831,307.6922,322.4249,300.2427,298.9759,315.3453,307.3647,298.5128,305.9368,299.0159,317.3772,296.3426,312.3025,319.0322,325.5156,284.3499,295.1730,293.5698,283.0282,287.2250,281.5572,291.7601,295.3274,292.1337,297.2371,294.0946,304.0698,289.0018,276.9504,290.0025,290.8768,291.2466,288.6088,289.1060,287.7878,290.2934,290.8887,297.6736,293.5918,295.2662,297.2384,297.0562,294.6781,290.9222,285.9387,302.9887,303.9317,322.5867,318.3670,298.8060,298.8351,302.7147,307.4645,307.6127,308.2957,309.0231,308.9396,308.4023,308.4161,312.2232,307.3622,305.5015,304.8232,302.6436,302.9880,299.2616,301.9513,303.4734,0.0000,311.8738,314.7551,307.2259,295.4020,300.3436,289.3494,289.5868,285.4096,289.5875,290.1696,300.3540,308.8038,295.5247,318.6444,310.8434,286.6310,281.0123,304.4095,302.5559,304.1620,293.8786,293.8529,307.1434,307.7143,305.4196,281.8011,304.6368,314.5225,283.1618,277.2194,277.2916,304.0210,283.9141,274.3202,306.7790,307.3542,306.8594,308.0015,308.3590,308.9008,286.4191,281.3016,283.4077,293.3142,290.8692,293.7837,294.5141,289.6525,286.6511,290.0926,290.2011,324.8262,324.8263,319.2900,306.5268,314.3144,281.0086,297.2479,292.5894,303.2105,303.1006,283.5495,0.0000,292.1660,297.3177,281.7578,283.9126,303.3313,302.7248,317.4780,310.8493,307.4747,269.2313,251.1315,288.7866,251.3521,289.8586,303.1080,307.2725,335.8823,350.2117,322.5166,308.3749,284.8298,288.4020,287.6573,290.0442,263.9679,290.8102,286.8192,292.7492,292.2168,322.2899,334.1730,288.0896,295.6695,297.3575,297.4551,296.2652,293.7837,297.3019,296.8076,298.1600,297.4752,297.1652,292.9381,307.3622,302.9839,303.1042,0.0000,296.6628,307.2507,278.6834,294.2033,294.9669,304.7039,303.4715,285.7726,323.7002,306.6788,285.2955,289.2332,285.8198,292.6010,304.7099,293.2407,293.9420,274.3898,290.9944,269.1354,319.4708,320.2634,325.0366,283.5495,294.9629,283.5495,288.8579,290.2387,307.2997
39.0000,297.5353,306.5499,307.5499,297.0750,286.2718,286.9667,286.0957,310.4700,307.4932,315.7271,311.5437,315.3003,307.0443,300.8353,289.2111,284.8699,301.3591,301.6299,287.9746,309.2315,291.2719,284.2445,287.3910,293.5639,287.1611,291.8818,292.5456,302.0036,321.9815,306.0307,306.5476,307.5478,322.4439,299.7488,298.4520,315.2849,307.1824,297.9866,305.6887,298.4424,316.5297,296.1556,312.1251,318.1600,325.5885,284.6347,294.9143,293.2931,283.0434,287.0181,281.2517,292.0452,295.3312,292.1466,297.3766,294.3596,304.3027,288.7958,277.2122,290.0625,290.7899,291.1461,288.4141,288.9107,287.8799,290.2882,290.8887,297.5560,293.5153,295.2142,297.1799,296.9628,294.7336,290.8350,286.1805,303.0935,304.1552,322.6325,318.3684,298.2011,298.5221,303.0179,307.2829,307.4450,308.1508,308.8944,308.7900,308.2344,308.2704,312.2058,307.2235,305.2976,304.6895,302.6436,303.0927,299.0270,301.6582,302.2471,0.0000,311.7374,314.6755,307.0035,295.2571,299.8988,289.3674,289.5995,285.4224,289.5271,290.0928,300.1537,308.6088,295.4434,318.6411,310.5875,286.2526,280.1161,304.2947,302.2098,304.0062,294.1332,293.7130,306.9406,307.4923,305.4549,282.0682,303.5344,314.6189,283.1789,277.4809,277.5531,304.1704,283.8785,273.9692,306.6063,307.2092,305.6782,307.8175,308.1746,308.6938,286.7222,280.9787,283.0775,293.0849,290.3955,293.6433,294.3593,289.5808,286.6153,290.0680,290.1932,324.7655,324.7656,319.2649,306.4196,314.2137,281.2780,297.1889,292.6427,303.0945,302.9475,283.5627,0.0000,291.6777,297.1614,281.4648,283.6899,303.1774,302.5868,317.4927,310.7267,307.3366,268.4839,249.9671,288.7007,250.2114,285.6902,301.6252,306.7997,335.4713,349.9569,322.5257,308.2451,284.8699,288.2031,287.4517,289.8993,261.4892,290.8412,286.4519,292.4192,291.9220,321.8366,333.7538,287.7293,295.4510,297.0984,297.1976,296.0669,293.6433,297.0438,296.6797,298.0428,297.2172,296.8584,292.7939,307.2235,303.0883,302.9511,0.0000,297.3271,307.1044,277.7060,294.0343,294.8236,304.6115,303.7296,285.4222,323.7475,306.5434,285.2864,289.2580,285.7925,293.4882,303.9042,293.2976,294.1082,273.0386,290.5546,268.9243,319.4777,320.2779,325.0993,283.5627,294.7135,283.5627,288.8762,290.2464,307.1374
40.0000,297.0337,306.4716,307.4507,297.0832,286.3609,286.9493,286.0755,310.3373,307.4789,315.5885,311.4617,315.2070,307.0112,300.7415,289.2568,284.8497,301.1311,301.5243,288.3941,309.1896,291.3402,284.4780,287.5845,293.6012,287.1226,291.8416,292.4969,301.8667,321.7112,305.9656,306.4781,307.3993,322.1457,299.2221,298.0106,315.1587,307.1734,297.8055,305.6868,297.9240,315.6699,295.9658,312.0671,317.2694,325.1925,284.8235,295.3010,293.7074,283.0534,287.1603,281.3581,292.0352,295.5944,292.4430,297.3895,294.2965,304.2551,288.9011,277.4046,290.3183,291.0521,291.3980,288.5600,289.0490,288.1171,290.5863,291.1803,297.7875,293.7007,295.3404,297.4147,297.1572,295.0509,291.0975,286.4808,303.0835,304.0937,322.3461,318.1734,298.0461,298.5073,302.9248,307.2745,307.4411,308.1355,308.8809,308.7627,308.1987,308.2618,312.0017,307.1318,305.2973,304.6640,302.6436,303.0827,298.7918,301.4649,302.0749,0.0000,311.6462,314.5508,307.0263,295.2843,299.4236,289.7646,289.9689,285.7814,289.7962,290.3579,300.1535,308.4643,295.6680,318.4413,310.3874,286.2783,280.2730,304.3769,301.8346,303.9915,294.0713,294.0068,306.9461,307.5730,305.4093,282.2772,303.4743,314.4879,283.5301,277.6765,277.7488,304.1370,283.9355,273.9326,306.4003,307.1254,305.5887,307.8190,308.1435,308.6354,286.9029,280.9328,283.0480,293.1371,290.4473,293.9541,294.3667,289.6748,286.6728,290.3559,290.4915,324.3068,324.3069,318.9034,306.3512,314.0548,280.0865,298.0101,292.8794,303.0788,302.9325,283.9162,0.0000,291.9476,297.1688,281.5766,283.8246,303.1613,302.6021,317.3165,310.5982,307.2448,268.4585,249.7387,289.1170,249.9936,283.8980,301.5076,306.1406,334.3467,348.9985,322.2335,308.0377,284.8497,288.3298,287.5847,290.1169,260.7472,291.1034,286.4412,292.3977,291.8825,320.8919,332.6491,287.6934,295.5542,297.4824,297.5777,296.4598,293.9541,297.4270,296.9400,298.2753,297.5988,297.2849,293.0822,307.1318,303.0785,302.9361,0.0000,296.8119,307.0461,278.1226,294.0862,294.8652,304.5780,303.6486,285.8503,323.4598,306.4740,285.7545,289.6713,286.2232,292.7017,303.8684,293.5960,294.0948,273.4481,290.4807,269.0520,319.2603,320.0428,324.7199,283.9162,294.8022,283.9162,289.2302,290.5599,307.0879
41.0000,296.3431,306.3754,307.3301,297.0625,286.4036,286.8862,285.9998,309.7719,307.3968,315.0416,311.0426,314.8072,306.9458,300.5454,289.4319,284.9723,301.5820,301.7644,289.0970,308.9310,291.3603,284.5322,287.6418,293.6286,287.0406,291.8468,292.5175,301.6338,321.0957,305.8845,306.3785,307.2680,321.4764,298.5210,297.4055,314.7315,307.0924,297.5114,305.6140,297.2078,314.4291,295.5582,311.5868,315.9812,324.5227,284.8891,296.0371,294.4784,283.2163,287.5042,281.6509,291.9159,296.1921,292.9126,297.4408,294.1451,304.3757,289.1886,277.4743,290.9872,291.6029,291.9724,288.8921,289.3603,288.6172,291.0662,291.6518,298.5075,294.2086,295.7945,297.8431,297.7197,295.5238,291.6483,286.6399,303.0813,304.1786,321.7175,317.6217,297.7647,298.4592,303.1353,307.1933,307.3632,308.0530,308.7983,308.6668,308.0995,308.1815,311.4641,307.0235,305.2309,304.5899,302.6436,303.0805,298.4196,301.0425,301.8648,0.0000,311.2642,314.1175,306.9591,295.3076,298.7960,290.3512,290.5181,286.2980,290.3203,290.8990,300.0884,308.3134,296.0793,317.8937,310.2129,286.1763,280.2360,304.1750,301.3539,303.9360,293.9398,294.6226,306.8670,307.5132,305.3624,282.3606,303.3132,313.9663,284.0232,277.7489,277.8212,304.1668,284.1097,273.8541,305.9276,307.0110,305.3474,307.7424,308.0434,308.5152,286.9654,280.8390,282.9724,293.2196,290.5289,294.5668,294.3451,289.8626,286.8488,290.8529,290.9756,323.3589,323.3590,318.1511,306.2562,313.8561,280.3386,297.9509,292.9540,303.0345,302.8838,284.4146,0.0000,292.9843,297.1471,281.8745,284.1416,303.1116,302.5789,316.7362,310.4403,307.1352,268.6191,249.8670,289.8350,250.1232,283.3905,301.2886,305.3548,332.9860,347.0970,321.5600,307.5470,284.9723,288.6407,287.9003,290.5579,260.7645,291.5539,286.3679,292.3635,291.8871,319.9458,331.3366,287.6352,296.3119,298.2136,298.3068,297.0878,294.5668,298.1572,297.6122,298.9966,298.3286,298.0799,293.6998,307.0236,303.0764,302.8873,0.0000,297.6439,306.9467,279.2994,294.1719,294.9427,304.5179,303.8162,286.6955,322.8170,306.3745,286.5036,290.2757,286.9681,293.8939,303.7500,294.1293,294.2954,274.8224,290.3383,269.3525,318.6950,319.4628,324.0495,284.4146,295.5591,284.4146,289.7125,291.0372,306.9209
42.0000,296.0087,306.2958,307.2224,297.1344,286.5494,287.0810,286.2458,310.8730,307.4154,316.7574,312.2498,316.4314,306.9718,300.8968,289.3730,285.0129,301.0750,301.4748,289.5064,308.8541,291.4975,284.6989,287.7962,293.7410,287.2613,292.0378,292.7006,302.1330,324.3125,305.8203,306.3590,307.2578,326.9245,298.2231,297.1889,316.1555,307.1217,297.8161,305.6863,296.8431,313.4454,296.4118,312.8504,314.9416,330.0778,284.6617,296.4886,294.9920,283.3345,287.5815,281.7022,291.3821,296.4782,293.2045,297.0970,293.5569,304.2065,289.1586,277.2966,291.5884,291.9273,292.3270,288.9550,289.4057,288.8995,291.3404,291.9299,298.8376,294.4132,295.8898,298.0215,297.8453,295.8306,291.9726,286.6462,303.0490,303.9978,324.9314,319.9312,298.2114,298.5013,302.8369,307.2223,307.3841,308.0623,308.8010,308.6545,308.0895,308.1926,312.5009,307.0319,305.3032,304.6961,302.6436,303.0482,299.1791,301.8389,302.4261,0.0000,312.4129,315.5842,307.0283,295.4138,298.5052,290.7391,290.8800,286.6059,290.6246,291.2155,300.1595,308.2915,296.2510,320.2651,310.1909,286.4655,280.4295,304.2052,301.0754,303.9743,293.3730,294.9791,306.8917,307.5197,305.3114,282.1922,303.5329,315.6618,284.2997,277.5758,277.6480,304.0905,284.2546,274.0649,306.8434,306.9752,305.5375,307.7642,308.0355,308.4867,286.6888,280.9911,283.1484,293.3458,290.6541,294.9177,294.4153,290.0302,286.9951,291.1400,291.2536,323.9124,323.9125,318.9330,306.2259,313.7255,281.2096,297.0784,292.6189,303.1101,302.9266,284.6917,0.0000,293.4398,297.2179,281.9303,284.2058,303.1526,302.6415,318.7718,310.3766,307.1425,268.7584,249.9371,290.2784,250.1965,282.9074,301.7232,304.7361,330.8293,346.7398,326.8027,308.4999,285.0129,288.6585,287.9415,290.7511,260.7696,291.8211,286.6147,292.5939,292.0801,318.5936,329.2822,287.9001,296.9198,298.6515,298.7428,297.4720,294.9177,298.5947,297.9447,299.3285,298.7653,298.5307,294.0774,307.0319,303.0442,302.9300,0.0000,296.9016,306.9304,279.5651,294.2991,295.0666,304.5634,303.5878,287.0412,326.7391,306.3550,286.9357,290.6785,287.4032,292.9292,303.9258,294.5268,294.1465,275.0403,290.6273,269.4134,321.2766,322.2563,329.5547,284.6917,296.1641,284.6917,289.9545,291.3058,306.9063
43.0000,293.4529,306.0174,306.8990,296.9444,286.4854,286.2564,285.5484,308.1421,307.1148,313.5546,310.4712,313.9868,306.7406,299.9409,289.1365,284.8266,300.7287,301.3214,289.7934,308.0570,291.0949,284.4679,287.5103,293.4495,286.3082,290.9943,291.6128,300.9278,318.5371,305.5687,306.0812,306.9368,317.1543,295.5852,294.8088,313.7555,306.8017,296.2686,305.3423,294.2328,309.7278,294.3995,311.2227,311.1239,320.2694,283.9997,296.2430,294.8046,283.2987,286.8102,280.8993,290.3582,295.9389,292.8454,296.1219,292.5652,304.0513,288.2446,276.7283,290.9417,291.6180,292.0248,288.1874,288.6029,288.4038,291.0718,291.6301,298.4094,293.9706,295.3411,297.3851,297.4319,295.2695,291.6628,286.2504,303.0096,303.8434,319.1210,315.8046,296.7213,298.3773,302.8627,306.8999,307.0814,307.7511,308.4725,308.2976,307.7447,307.8740,309.9246,306.7536,304.9846,304.3743,302.6436,303.0089,297.0392,299.8688,301.1762,0.0000,310.5930,313.1271,306.6724,295.1053,296.0174,290.8707,290.9815,286.5945,290.3251,290.9141,299.8460,307.9660,295.6164,316.0507,309.8560,285.8315,280.0614,303.5763,298.8735,303.8984,292.4992,294.6628,306.5467,307.1695,305.1376,281.6079,302.7793,312.5901,284.2275,277.0102,277.0823,304.0145,284.1811,273.1554,304.5937,306.6693,304.4996,307.4356,307.6771,308.1049,285.9444,280.0917,282.2964,293.1848,290.4945,294.6065,294.2292,289.9328,286.9211,290.8750,290.9910,320.4522,320.4523,315.8558,305.9546,313.1192,283.4352,294.8187,291.7480,302.8824,302.8006,284.6148,0.0000,293.6531,297.0300,281.1360,283.4327,303.0184,302.5500,315.0298,309.9444,306.8594,267.8813,248.9389,290.5540,249.2070,280.1885,300.6278,301.5936,325.6997,341.6828,317.4134,306.1562,284.8266,287.8192,287.1371,290.2149,259.2864,291.3969,285.9140,291.6839,291.0413,314.3518,324.2542,286.9581,296.6697,298.3843,298.4752,297.1926,294.6065,298.3275,297.5401,298.8953,298.4974,298.2647,293.7848,306.7537,303.0053,302.8042,0.0000,296.3671,306.6304,280.9541,294.1461,294.9005,304.3547,303.4058,287.6618,319.6474,306.0774,287.2992,290.8219,287.7484,292.2168,303.3555,293.9393,293.9424,276.8882,289.5113,268.6805,316.6721,317.2625,319.8132,284.6148,295.9254,284.6148,289.7898,291.0708,306.4075
44.0000,292.9446,305.8997,306.7408,297.1145,286.8455,286.6433,285.9905,313.8683,307.1181,323.1058,313.2338,321.7710,306.6429,300.5766,290.4608,284.9133,305.3766,305.4882,289.9913,307.8488,291.3617,284.8569,287.8368,293.6591,286.7570,291.3682,291.9724,301.8897,323.3393,305.4803,306.0605,306.9307,321.9639,295.2057,294.5441,317.5778,306.8076,296.9789,305.4270,293.6622,307.8939,296.6286,313.9832,309.1759,324.9913,284.3393,295.8937,294.5226,283.5803,285.7529,279.7877,291.6077,295.2325,292.5377,295.8164,293.3793,306.8036,287.1068,277.0652,290.1149,291.2629,291.6735,287.2302,287.6106,287.8742,290.8183,291.3862,297.9763,293.4326,294.6665,296.5298,296.7397,294.6929,291.3074,286.3894,303.0969,305.9537,323.8823,321.2218,297.8363,298.5220,307.0300,306.9018,307.0662,307.7231,308.4091,308.2381,307.7041,307.8298,313.9980,306.6405,305.0842,304.6164,302.6436,303.0962,299.3435,302.2804,302.1060,0.0000,313.3496,316.7928,306.6802,295.2849,295.6074,291.0003,291.0915,286.5709,290.0050,290.5741,299.9436,307.7402,294.8206,321.0368,309.4656,286.2677,280.6032,303.4424,298.4017,304.0956,293.1696,294.2824,306.5708,307.1797,305.1070,281.8988,303.1254,322.8966,284.1442,277.3390,277.4112,304.7879,284.4084,273.5834,307.7680,306.6201,304.6661,307.3880,307.6439,308.0497,286.1750,280.3997,282.6482,293.3654,290.6733,294.2335,294.3967,290.1265,287.1506,290.6191,290.7407,323.9185,323.9186,319.6126,305.9175,312.6641,281.0820,297.5013,293.3024,303.0644,302.9475,284.5146,0.0000,293.9747,297.1991,280.0429,282.4198,303.1507,302.7585,322.3378,309.6387,306.7422,266.3944,247.3247,290.7330,247.6033,276.0444,301.4389,300.7808,322.9980,343.7003,322.2511,309.5884,284.9133,286.7692,286.1240,289.5607,256.8694,290.9920,286.3520,292.0610,291.4150,312.6087,321.6696,287.4353,296.2786,298.0151,298.1045,296.8064,294.2335,297.9585,297.0977,298.4566,298.1266,297.9057,293.4285,306.6405,303.0920,302.9512,0.0000,301.9796,306.6031,281.4097,294.3266,295.0912,304.4357,306.7570,287.9085,324.4436,306.0568,287.6011,290.9610,288.0214,298.7418,303.6448,293.2856,296.3736,277.4689,290.1616,267.7203,321.6423,322.1344,324.5537,284.5146,295.5289,284.5146,289.5982,290.8255,306.3122
45.0000,290.6367,305.6413,306.4029,297.1391,287.0177,286.1769,285.6358,311.7098,306.9384,321.0356,312.0542,319.9319,306.5142,300.2197,289.7167,284.6437,301.0874,303.3337,291.7579,307.0037,291.2876,285.5491,288.1728,293.5834,286.1625,290.5118,291.0637,301.2826,321.3761,305.2577,305.8865,306.6523,319.9400,292.8172,292.4494,316.0708,306.6116,295.8596,305.2528,291.2913,304.2517,295.2324,312.7656,305.4188,322.7972,283.9799,296.1622,294.8331,283.5010,285.6099,279.5832,291.3748,295.2772,292.7795,295.3272,292.8394,305.3514,286.8190,276.7374,289.7941,291.5481,291.9584,287.0853,287.4412,287.9976,291.1784,291.7051,298.2028,293.5862,294.7272,296.5786,296.7654,294.5764,291.5928,286.1377,303.0332,304.7509,321.8762,319.4242,296.8147,299.0590,304.8444,306.7014,306.8721,307.5146,308.1648,307.9673,307.4631,307.6051,311.9974,306.5621,304.9310,304.4057,302.6436,303.0327,297.8756,300.7975,301.5468,0.0000,312.1891,315.3492,306.4612,295.1561,293.3090,291.6122,291.8938,287.2359,290.2815,290.8655,299.7929,307.6527,294.8627,319.2533,309.4673,285.9326,281.7996,302.6421,296.2690,304.2256,292.5796,294.5479,306.3599,306.9690,304.9307,281.5663,302.7966,320.8633,284.7106,277.0126,277.0847,304.3259,284.3710,273.0161,306.0468,306.3995,304.1217,307.1648,307.3956,307.7812,285.7399,279.8767,282.1608,293.3553,290.6389,294.5053,294.4232,290.1371,287.1129,290.9294,291.1089,320.7323,320.7324,316.9355,305.7321,312.6385,281.9106,295.5114,292.1154,302.9237,303.0470,285.1001,0.0000,295.4717,297.2259,279.8496,282.2618,303.2403,302.8383,320.4005,309.6085,306.6592,265.9712,246.5554,292.4699,246.8531,272.6843,300.9451,297.9450,318.3842,337.1306,320.2359,307.7869,284.6437,286.5562,285.9411,289.6320,255.1621,291.1817,286.0247,291.4543,290.5665,308.8447,317.1542,286.8581,296.5008,298.2745,298.3638,297.0792,294.5053,298.2181,297.3221,298.6821,298.3859,298.1607,293.7064,306.5621,303.0296,303.0508,0.0000,294.1131,306.4072,294.1123,294.3161,295.0123,304.3068,304.9893,293.1608,322.4199,305.8831,289.4329,291.5794,289.8648,291.6052,303.4029,293.1061,295.0819,290.5907,289.4377,267.5705,319.8111,320.2682,322.3882,285.1001,295.7658,285.1001,290.0714,291.2201,305.7916
46.0000,289.0212,305.5522,306.2808,296.8650,286.7972,285.7600,285.3066,310.6562,306.5043,319.7402,311.3054,318.7866,306.1935,299.6406,289.2953,284.1154,300.6646,302.9825,291.5197,306.2668,290.9970,285.3902,287.9735,293.3086,285.7087,289.9910,290.5166,300.6734,320.0157,305.1924,305.5831,306.3086,318.4992,291.2072,291.0211,315.1418,306.1795,295.2312,304.8941,289.6244,301.5508,294.8785,312.0164,302.6245,321.2527,283.1019,295.6039,294.3368,283.1322,284.5937,278.4951,290.3854,294.4538,292.0763,294.1250,291.6210,305.1117,285.7124,275.9518,288.4904,290.9382,291.3596,286.0786,286.4091,287.2108,290.5777,291.0698,297.5498,292.8406,293.8738,295.7534,296.0749,293.5977,290.9829,285.5010,303.0563,304.5350,320.4744,318.2368,296.3256,298.7952,304.4553,306.2655,306.4391,307.0572,307.6800,307.5046,307.0302,307.1421,311.2169,306.3718,304.6081,304.1319,302.6436,303.0558,297.6787,300.6597,300.8867,0.0000,311.4368,314.4385,306.0430,294.8992,291.7488,291.3299,291.5992,286.8492,289.6756,290.2603,299.4754,307.4489,294.0261,318.0716,309.2343,285.6546,281.5692,301.8371,294.8020,303.9260,291.3286,293.9320,305.9652,306.5288,304.8933,280.7605,302.2854,319.5919,284.2755,276.2291,276.3011,304.2626,284.0339,272.5833,305.6227,306.0695,303.4850,306.7149,306.9638,307.3411,284.7501,279.4122,281.7261,293.0958,290.3818,293.8917,294.1516,289.8197,286.7727,290.3428,290.5142,319.6194,319.6195,315.9407,305.4864,312.3508,281.5426,294.6883,291.4971,302.6860,302.7798,284.6594,0.0000,295.3560,296.9517,278.7757,281.2414,302.9681,302.5820,319.1774,309.3943,306.4635,264.5900,245.0529,292.2458,245.3605,269.1208,300.3455,295.9919,314.9947,336.0064,318.7970,307.2629,284.1154,285.5046,284.9043,288.8145,252.9442,290.4359,285.6939,291.0361,290.0486,306.1811,313.8552,286.4157,295.9685,297.6894,297.7780,296.4677,293.8917,297.6332,296.6596,298.0299,297.8004,297.5934,293.1114,306.3718,303.0530,302.7834,0.0000,293.7398,306.0612,293.7389,294.0536,294.7301,304.1362,304.6770,292.8289,321.0106,305.5799,289.2497,291.2986,289.6669,291.3403,302.9627,292.0273,294.6877,290.1299,288.9731,266.6032,318.5832,319.0001,320.8606,284.6594,295.2253,284.6594,289.5491,290.6415,305.2513
47.0000,287.3067,294.1628,294.8245,285.9747,276.4287,275.9808,275.2452,298.4423,294.9586,306.9335,299.4610,306.1127,294.6499,288.7627,278.9491,273.8973,290.1672,292.1774,281.8206,294.4497,280.5924,274.8067,277.4313,282.7427,276.1148,280.3097,280.8739,289.9412,307.1936,293.8421,294.1424,294.8161,305.7439,287.6409,287.0290,302.8972,294.6606,286.3746,293.5396,287.8674,298.9413,284.1927,300.1892,299.9380,308.4739,273.0270,286.7503,285.5256,273.0924,276.3105,270.2097,279.7722,289.5565,283.8135,284.5153,280.9058,294.1001,277.0554,266.2390,279.8803,282.2254,282.6314,277.4898,277.7836,285.1149,282.1086,282.8966,288.6521,284.0566,285.0489,287.5688,287.1686,285.0977,282.2686,275.7858,291.9686,293.4465,307.5898,305.6323,286.5827,287.7151,293.5819,294.7396,294.9161,295.4453,296.0023,295.8966,295.4587,295.5319,299.2632,294.9769,293.2866,292.8575,291.6095,291.9682,287.1066,290.0974,290.1507,0.0000,299.5420,302.2515,294.6076,284.2731,286.8993,281.6024,281.8494,277.6676,281.0315,281.5671,288.3444,295.9631,285.6932,305.4821,297.6534,275.4350,271.2312,290.3567,287.3426,292.6184,280.6863,285.1319,294.5147,295.0439,293.6141,270.8964,291.1708,306.8063,275.3668,266.5151,266.5845,293.1246,273.9819,263.4301,294.4238,294.5821,292.2739,295.1746,295.4053,295.7409,274.5093,269.7808,272.0554,282.5420,279.9256,285.0957,283.3563,279.5766,276.6238,281.6785,282.0169,306.2826,306.2826,303.2115,294.0678,300.2861,271.9959,283.4997,280.8252,291.5205,291.5520,275.7867,0.0000,285.6155,286.0536,270.4904,272.9506,291.7233,291.3764,306.4605,297.6857,295.0597,256.6234,237.4147,282.5389,237.7264,259.0224,289.5389,292.2749,311.0948,319.9365,306.0287,295.8476,273.8973,276.8980,276.3710,280.1519,244.4755,284.2494,275.6180,281.0394,280.3574,302.2104,309.9156,276.8064,287.0774,288.7729,288.8593,287.6395,285.0957,288.7183,287.7619,289.1165,288.8808,288.6675,284.3311,294.9769,291.9658,291.5553,0.0000,284.0496,294.5772,284.0488,283.4634,284.1019,292.9105,293.7236,283.1082,308.1250,294.1395,279.7032,281.5683,280.0245,282.1309,291.7836,283.4932,284.1608,280.7365,279.3329,258.7440,305.9329,306.2998,308.0835,275.7867,286.3589,275.7867,280.8074,282.0801,293.6668
48.0000,287.3067,305.0972,305.7457,297.0444,287.3150,285.6060,285.3348,306.9257,305.8403,315.8017,309.2285,315.2367,305.4764,298.6077,291.9930,286.8668,303.7241,305.1284,299.8911,305.0792,291.5292,285.9088,288.5151,294.0904,285.3592,289.5205,289.9883,299.4698,315.9495,304.7914,305.0741,305.7436,313.9671,289.2999,289.3598,312.3820,305.5209,294.1061,304.4030,287.8269,298.0898,292.9632,309.9213,299.0131,316.3103,289.9551,311.0847,309.7172,286.1823,298.0151,291.6847,297.0694,308.6897,306.6475,304.1395,298.3089,306.4164,299.4039,282.6762,301.9694,306.2544,306.6854,300.0415,300.3649,301.0730,305.2618,305.7239,313.2233,308.3167,309.4476,309.7997,311.5076,307.7938,306.3006,292.6923,302.9595,305.4031,316.3148,314.7005,295.1525,298.6054,306.6743,305.5985,305.7939,306.3300,306.8833,306.7464,306.3312,306.4103,307.8083,305.9855,304.1989,303.8517,302.6436,302.9591,295.9245,298.9295,299.6817,0.0000,309.3754,311.7859,305.4396,295.6207,289.8009,299.9310,300.0802,301.7618,305.0205,305.5883,299.0719,306.9571,308.1122,314.5536,308.6345,285.7714,281.7681,300.9288,292.7635,303.6380,298.1806,309.3825,305.3964,305.8928,304.5892,287.6207,301.4253,315.7154,302.3900,282.9664,283.0401,304.4583,287.3099,272.2495,303.1258,305.4973,302.3430,306.0329,306.2789,306.6238,291.5851,279.1160,281.5130,294.8511,292.1209,309.3409,294.3153,293.3229,290.0804,304.7431,305.1435,312.7434,312.7434,310.6294,305.0038,311.4240,284.9704,296.4407,293.8042,302.6927,302.5918,302.8962,0.0000,303.9326,297.1170,292.0023,294.6556,302.7552,302.3968,315.4404,308.7646,306.0666,276.6252,255.6787,300.6516,256.0272,276.9529,299.2101,293.8818,312.8624,320.7996,314.2531,304.5051,286.8668,299.2997,298.6747,303.4671,262.5633,304.7602,285.7097,290.7748,289.5852,303.7860,311.6390,286.0601,311.4854,313.2982,313.3918,312.0793,309.3409,313.2392,312.2132,313.7236,313.4148,313.1985,308.5156,305.9855,302.9565,302.5949,0.0000,298.7282,305.4893,298.7275,295.8923,296.5597,303.9140,306.3086,300.0983,316.6714,305.0713,297.7474,299.8926,298.0183,296.7154,302.2710,306.0024,297.1715,295.1506,288.3738,279.3193,314.9230,315.2193,315.9818,302.8962,310.7028,302.8962,306.1280,305.9610,304.4195
