"ETAPA \ BARRA","AGUAYTIA 220","BALNEARIO 220","BALNEARIOS 60 A","CALLAHUANCA 220","CALLAHUANCA 60","CARHUAMAYO 220","CARHUAMAYO NUEVA 138","CARHUAQUERO 220","CHAVARRIA 220 A","CHICLAYO OESTE 220","CHIMBOTE 220","GUADALUPE 220","HUACHIPA 60","HUACHO 220","HUANCAVELICA 220","HUAYUCACHI 220","ICA 220","INDEPENDENCIA 220","MARCONA220","MOYOPAMPA 60","OROYA NUEVA 220","OROYA NUEVA 138","OROYA NUEVA 50","PACHACHACA 220","PARAGSHA2 220","PARAGSHA 138","PARAGSHA 50","PARAMONGA NUEVA 220","PIURA OESTE 220","SAN JUAN 220","SANTA ROSA 220 A","SANTA ROSA EDS 60","TALARA 220","TINGO MARIA 138","TINGO MARIA 220","TRUJILLO 220","VENTANILLA 220","VIZCARRA 220","ZAPALLAL 220","AGUAYTIA 138","PUCALLPA 138","HUALLANCA 138","CHIMBOTE 138","PUCALLPA 60","ZORRITOS 220","ABANCAY NUEVA 138","ARICOTA138","ARICOTA II 66","CAMPO ARMINO 220","AYAVIRI138","AZANGARO 138","CACHIMAYO 138","CALLALLI 138","CERRO VERDE 138","COMBAPATA 138","DOLORESPATA 138","DESIERTO220","JULIACA 138","MACHUPICCHU 138","MOLLENDO 138","MOQUEGUA 220","MOQUEGUA 138","PUNO 220","PUNO 138","SANTUARIO 138","SOCABAYA 220","SOCABAYA 138","ILO 138","LOS HEROES 220 A","LOS HEROES 66","TINTAYA 138","TOMASIRI 66","REPARTICION 138","ILO2 220","COTARUSE 220","CHILCA REP 220","CANTERA 220","PIURA OESTE 60","LA NINA 220","CONOCOCHA 220","HUINCO 220","INDEPENDENCIA 60","CHILLON 220","CHILLON 60","CHAVARRIA 60 A","CHAVARRIA 60 B","BARSI 60","BARSI 220","OQUENDO 60","CAJAMARCA 220","PLANICIE 220 A","CARABAYLLO 220","CARABAYLLO 500","CHILCA CTM 500","CHILCA CTM 220 A","KIMAN AYLLU 138","KIMAN AYLLU 220","PARAMONGA EXISTENTE 138","MACHALA 200","CHIMBOTE 500","TRUJILLO 500","HUARANGAL 60","POMACOCHA 220","PIEDRA BLANCA 138","POROMA 220","POROMA500","OCONA 500","MONTALVO 500","MONTALVO 220","HUANZA 220","INDUSTRIALES 220 A","TINTAYA 220","LA NINA 500","INDUSTRIALES 60","CARHUAMAYO 50","CARIPA138","HUAMPANI 60","HUANUCO 138","REFINERIA ZINC 220","QUENCORO 138","ILO 3 220","MIRADOR 220","MIRADOR 60","ALTO PRADERA 220","ABANCAY NUEVA 220","LOMERA 220","REQUE 220","SAN JOSE 500","SANTA TERESA 220","SURIRAY 220","ASIA 220","CERRO DEL AGUILA 220","CHAGLLA 220","RAMADA 220","SANTA ROSA LDS 60","LOMERA 60","ZAPALLAL 60","MALVINAS 220","MALVINAS 60","ABANCAY 138","YAUPI 138","SANTA ISABEL 220","YANANGO 220","CHIMAY 220","ILO3 138","MATUCANA 220","COLCABAMBA 500","COLCABAMBA 220","YARABAMBA 500","YARABAMBA 220","BELAUNDE 220","BELAUNDE 138","CACLIC 220","INDUSTRIALES 220B","PLANICIE60","COBRIZAI 69","MOLLEPATA 60","MOLLEPATA220","CARAPONGO 500","CARAPONGO 220 A","SAN JOSE 220","MARCONA 60 A","SAN NICOLAS 60","CALLAHUANCA EDN 220","PUMIRI138","PUMIRI220","SAN MIGUEL 220","SAN MIGUEL 60","FELAM 220","MANCHAY 60","MANCHAY 220","SAN RAFAEL 138","SAN GABAN 138","MARCONA 60 B","ANGEL 138","PTO MALDONADO 138","MEDIO MUNDO 220","AUCAYACU 138","BELLAVISTA 138","TARAPOTO 138","PARINAS 220","PAMPA HONDA 220","ORCOTUNA 220","SAN ROMAN 138","SAN ROMAN 220","CHILOTA 220","MAZUCO 138","JESUS 138","CARHUAMAYO 138","CINCO MANANTIALES 138","OXIDOS CERRO 138","TOCACHE 138","JUANJUI 138","FRANCOISE 220","BOTIFLACA 138","MILL SITE 138","PLAZA TOQUEPALA 138","QUEBRADA HONDA 138","PANAMERICANA SOLAR 138","TOQUEPALA 138","ILO ELS 138","REFINERIA 138","LIXIVIACION 138","PUSHBACK 138","INTIPAMPA 138","PLANICIE 220 B","CHILCA CTM 220 B","CARAPONGO 220 B","CHILCA 1 220","DERIVACION 220","CHAVARRIA 220 B","DERIVACION 220  BARRA II","CAMPAS 220","CAMPAS 500","PLANICIE 500","NUEVA CHINCHA 220","CAHUACHI 220","VALLE DEL CHIRA 220","SANTA ROSA 220 B","ERSUR 220","FLAMENCO220","BARRA3HERMANAS","BARRAPTALOMITAS","PUERTO CHANCAY 220","CHAPARRAL 138","CHIRIBAMBA 220","BARRAPTALOMITAS2","YSHCAYUCRO 220","PAQUILLUSI 220","MIGUEL GRAU 500","MIGUEL GRAU 220","ALIPIO ROSALES 220","SUNNY","CUAJONE 138","SAN MARTIN 220","SAN LUIS 220","CERRO VERDE 220","PORTILLO 60"
1.0000,294.6877,294.2012,294.6859,286.5570,277.3078,276.0246,274.7496,298.7361,296.0244,307.1284,300.3483,306.5323,297.2149,288.5549,278.4064,273.6256,290.3904,290.5810,286.4025,290.5333,280.5475,273.4505,276.5417,282.9628,276.2699,279.7248,280.3872,289.5221,308.1188,293.9588,294.6547,295.2100,307.2780,292.9599,292.5296,303.5616,295.9716,287.6823,294.3868,295.2235,305.7933,284.4368,301.1161,306.7442,308.4764,270.8118,289.9675,288.7364,273.0514,278.3523,272.0705,277.1094,291.4645,287.6937,283.9313,278.1582,293.3799,279.2248,264.2695,283.4461,285.5823,285.9725,279.8434,280.1357,286.8805,286.2440,286.8834,291.8933,287.4278,288.4494,290.1322,290.4855,288.6717,285.6293,274.1356,292.3813,293.0268,308.4576,306.3697,287.3298,288.6428,292.0484,296.0475,296.2792,296.5037,297.0351,296.4360,296.1371,296.7290,300.0016,295.4731,294.0921,293.5752,292.2994,292.3811,287.8273,291.2522,289.9509,0.0000,300.3404,302.9481,295.3619,284.4391,290.8265,285.7222,285.7874,284.8604,284.3596,284.9240,289.1341,296.3911,288.3658,306.2353,298.1162,274.4810,269.8018,285.7423,288.5116,293.4841,278.0491,288.4202,295.2407,295.7585,293.8984,268.8598,291.3843,307.0369,284.1332,264.5486,264.6175,293.2442,274.7634,263.5774,295.4040,295.0745,292.2864,296.2951,296.0806,296.4621,272.0415,269.7457,272.0663,283.4838,280.8585,288.3837,283.9396,280.9626,277.4144,285.3378,286.1237,308.1704,309.8419,304.4456,294.4845,300.2586,272.4941,282.1281,279.9686,292.2683,292.3810,284.3654,0.0000,290.0205,286.6425,272.3969,275.0566,292.6344,292.7249,307.0463,297.8403,295.5483,257.4831,238.0598,287.0182,238.3803,257.5157,289.2142,297.7448,319.6488,320.8660,307.3876,296.7629,273.6256,279.1644,278.6155,282.9515,244.3063,287.4546,275.0439,280.3000,279.7663,308.6598,318.0931,276.9910,290.3102,291.9637,292.0477,290.8285,288.3837,291.9103,291.0254,292.3485,292.0690,291.8637,287.6308,295.4732,292.3796,292.3842,0.0000,287.1760,295.1444,287.1757,284.4713,285.1341,293.5688,292.7553,287.3717,309.1943,294.6519,285.4225,285.7100,285.5195,285.5826,292.2409,287.0647,283.2070,285.5824,279.6682,260.7404,306.7262,307.1539,308.3026,284.3654,289.6139,284.3654,287.2078,286.9217,292.2944
2.0000,293.8889,294.1222,294.6018,286.4014,277.1823,275.9312,274.7083,297.7338,295.6620,306.0369,299.7140,305.5153,296.7647,288.1604,279.0696,274.2410,291.4045,291.2650,288.3951,290.3281,280.6225,273.6595,276.6956,283.0711,276.1205,279.5721,280.2277,289.0990,307.1015,293.8910,294.3846,294.9435,306.2046,292.1919,291.8206,302.7442,295.6209,287.2593,294.1189,294.4029,304.5385,283.7601,300.4727,305.4502,307.3466,272.4336,293.7033,292.4633,273.7277,281.5342,275.2391,278.6820,294.3902,291.0229,286.2145,279.7135,293.8202,282.5482,265.8509,286.3889,289.2413,289.6358,283.2150,283.5220,289.4470,289.6406,290.2307,295.6581,291.0883,292.1062,293.3936,294.1506,291.8802,289.2893,275.8197,292.4937,293.3800,307.4236,305.4316,286.8829,287.4712,292.7305,295.6945,295.9337,296.1244,296.6388,296.0653,295.7910,296.3553,299.0809,295.3251,293.8558,293.4012,292.2994,292.4934,287.1428,290.5594,289.5415,0.0000,299.7077,302.1705,295.0527,284.5556,290.1169,287.7123,287.7440,288.3004,287.9714,288.5793,288.9016,296.2146,291.6598,305.3038,297.9204,274.4484,270.0247,285.4713,287.9153,293.1561,279.6247,292.1286,294.9405,295.4091,293.8951,270.4766,291.0053,305.9572,288.2450,266.1331,266.2024,293.4422,275.4813,263.4350,294.5999,294.7952,291.7422,295.9419,295.7456,296.1321,273.6705,269.6274,271.9631,283.8289,281.2241,292.0949,283.7796,281.7248,278.1392,288.6951,289.5168,306.9464,308.5514,303.3450,294.2634,299.9880,273.0261,282.7695,280.5995,292.1586,292.0612,288.4456,0.0000,292.2454,286.4810,275.5726,278.2617,292.3073,292.3795,306.0417,297.6456,295.3970,260.4309,240.6981,289.0444,241.0268,259.7912,288.8022,296.8645,318.1268,319.2523,306.3154,295.9236,274.2410,282.5056,281.9361,286.4677,246.8069,290.5156,275.0071,280.2108,279.6154,307.5098,316.6171,276.8513,294.0217,295.7250,295.8120,294.6127,292.0949,295.6708,294.7705,296.1202,295.8331,295.6229,291.3212,295.3251,292.4915,292.0641,0.0000,288.6141,294.8492,288.6139,284.8297,285.4854,293.4535,293.2998,289.1972,308.1368,294.3819,287.3964,287.7001,287.5409,287.1039,291.9262,290.1913,283.8784,287.1034,279.4287,263.7787,305.7721,306.1822,307.1820,288.4456,293.3178,288.4456,290.9641,290.4402,292.0127
3.0000,293.6039,294.0083,294.4714,286.3532,277.1902,275.9422,274.7061,297.3413,295.4624,305.5364,299.4108,305.0799,296.6477,288.0092,279.3541,274.3916,292.6001,291.9452,288.9821,290.2030,280.6531,273.6974,276.7423,283.0967,276.1285,279.6497,280.3131,288.9483,306.5789,293.7891,294.2368,294.7904,305.6133,291.9160,291.5864,302.3844,295.4234,287.1853,293.9720,294.1040,303.9627,283.5364,300.1503,304.8495,306.7037,272.5744,294.1672,292.9363,273.8939,281.9795,275.6564,278.7655,294.6821,291.3346,286.4513,279.7619,294.2422,282.9352,265.9969,286.6865,289.6291,290.0264,283.6070,283.9089,289.4470,289.9742,290.5389,295.9741,291.4639,292.4681,293.8478,294.5919,292.1996,289.6772,276.0227,292.4958,293.7010,306.8879,304.9820,286.7713,287.3765,293.4122,295.4945,295.7346,295.9039,296.3962,295.8598,295.5961,296.1311,298.7677,295.2137,293.7262,293.3000,292.2994,292.4955,286.9509,290.3423,289.3902,0.0000,299.4086,301.8155,294.8685,284.5837,289.8445,288.0954,288.0906,288.6574,288.3390,288.9588,288.7735,296.0858,292.1019,304.8529,297.7916,274.4273,270.0010,285.3267,287.6468,293.0429,279.6809,292.5260,294.7743,295.2240,293.8292,270.6311,290.8650,305.4672,288.6046,266.2808,266.3501,293.5407,275.6222,263.4428,294.3363,294.6325,291.6349,295.7337,295.5548,295.9348,273.8022,269.6251,271.9686,283.8718,281.2667,292.4940,283.7301,281.8515,278.2813,289.0430,289.8523,306.7148,308.3103,303.0785,294.1267,299.6502,273.2100,282.9330,280.8245,292.0868,291.9652,288.8081,0.0000,293.0027,286.4310,275.9893,278.6691,292.2091,292.3013,305.5794,297.4268,295.2823,260.9864,241.0789,289.6454,241.4151,259.7645,288.6502,296.6123,317.8882,319.1959,305.7238,295.6451,274.3916,282.8974,282.3296,286.8689,247.0212,290.7035,275.0074,280.2802,279.6934,307.3116,316.3724,276.8732,294.4709,296.1882,296.2741,295.0507,292.4940,296.1335,295.1006,296.3989,296.2961,296.0953,291.7318,295.2137,292.4937,291.9681,0.0000,290.7885,294.6858,290.7883,284.8729,285.5205,293.3820,293.8198,290.2917,307.5803,294.2342,287.9785,288.0864,288.2038,290.0745,291.7777,290.5040,284.3173,290.0742,279.4005,264.1648,305.3029,305.6967,306.5473,288.8081,293.7632,288.8081,291.3205,290.7819,291.8786
4.0000,243.9054,245.0081,245.3823,238.6097,231.0106,229.7451,228.7631,247.0975,246.1240,253.8397,249.0779,253.5293,246.9173,239.7728,232.8810,228.7299,243.9998,243.4234,241.1190,241.8082,233.8014,228.0197,230.5544,235.8869,229.8588,232.8012,233.3478,240.4847,254.6795,244.8342,245.1457,245.5858,253.8184,242.5147,242.2854,251.4186,246.0927,238.8881,244.9292,244.3069,252.2160,235.7848,249.6761,252.9273,254.6857,227.2261,245.2833,244.2470,228.3478,235.2891,229.9579,232.3378,246.4993,243.7539,238.9073,233.1726,245.3573,236.0496,221.7624,246.9760,241.7422,242.0658,236.6323,236.8751,242.6686,242.1709,242.7416,246.9404,243.2531,244.0962,245.2745,245.7787,245.8694,241.7822,230.1729,243.8917,244.8561,254.9188,253.4457,238.5711,239.4642,244.6400,246.1497,246.3424,246.4858,246.8871,246.4685,246.2340,246.6686,248.2791,246.0694,244.7463,244.4073,243.7456,243.8915,238.6024,241.4117,240.8425,0.0000,249.0834,250.9687,245.6555,237.1234,240.8523,240.3856,240.3705,240.9273,240.6957,241.1941,240.6194,246.7696,243.8160,253.3416,248.1696,228.5121,224.8711,237.8895,239.1452,244.1678,233.1277,244.0770,245.5847,245.9624,244.9093,225.6267,242.2089,253.7931,240.9171,222.0002,222.0580,244.7448,229.7940,219.2986,244.6722,245.4641,242.7398,246.3439,246.1950,246.4638,228.2294,224.4758,226.4325,236.6265,234.4550,244.0443,236.4241,234.9932,232.0112,241.3192,242.0610,254.3901,255.6576,251.5959,245.0689,249.8245,227.9760,235.6551,234.0355,243.4261,243.2880,241.0926,0.0000,244.3252,238.6747,230.2413,232.5144,243.4797,243.5115,253.9117,247.9638,246.1252,217.4377,200.8654,241.6728,201.1448,215.9721,240.2663,246.2654,263.0635,263.8579,253.9061,245.7389,228.7299,236.0282,235.5618,239.3942,205.6793,243.1393,229.0069,233.3412,232.8374,254.7931,261.8937,230.4749,245.6973,246.9658,247.0417,246.0942,244.0443,246.9217,246.2088,247.2920,247.0584,246.8226,243.4223,246.0694,243.8903,243.2903,0.0000,242.5508,245.5052,242.5506,237.4673,237.9995,244.5406,244.9930,242.1703,255.4640,245.1436,240.2869,240.3799,240.4731,241.9743,243.0313,246.2084,237.0365,241.9742,232.5379,220.4124,253.6906,253.9968,254.5612,241.0926,245.1182,241.0926,243.2382,242.8322,243.1642
5.0000,292.3398,293.7458,294.1830,286.2626,277.2437,275.6199,274.4559,295.9590,295.0965,303.9917,298.3781,303.6546,296.0918,287.4255,279.8677,274.8163,293.5566,292.5368,290.6519,289.6811,280.5727,273.7140,276.7257,283.0867,275.7299,279.2546,279.9047,288.2685,304.9963,293.5443,293.9471,294.4709,303.9067,290.6864,290.4280,301.1783,295.0534,286.4282,293.6684,292.8122,302.1174,282.5122,299.0334,302.9541,304.8954,273.6760,296.5648,295.2979,274.3818,283.9354,277.5964,279.8350,295.4742,293.6750,287.9401,280.8495,294.6185,285.0979,267.0918,288.8554,292.3627,292.7482,285.8475,286.1606,289.4470,292.4629,292.8960,298.5749,294.2042,295.2406,295.8012,297.2583,294.4602,292.4110,277.1638,292.4311,293.9351,305.2798,303.5646,286.0107,287.5734,294.0107,295.1200,295.3500,295.5230,295.9935,295.4773,295.2075,295.7349,297.4330,294.9913,293.4582,293.0712,292.2994,292.4309,285.9722,289.2819,288.6974,0.0000,298.4173,300.6411,294.5221,284.5517,288.7113,289.7164,289.6600,291.4509,291.0820,291.7210,288.5086,295.8107,294.1488,303.4352,297.4712,274.1581,269.9355,285.1129,286.6998,292.8527,280.8187,295.1419,294.4336,294.8641,293.6313,271.7307,290.3546,303.9415,291.9498,267.3756,267.4452,293.5661,276.1334,263.0623,293.1539,294.3212,290.9162,295.3450,295.1555,295.4698,274.8810,269.2920,271.6433,284.0742,281.4434,295.0994,283.6384,282.3936,278.7976,291.5450,292.3488,304.7152,306.2065,301.4162,293.8480,299.1740,273.5408,283.4742,281.3274,291.9485,291.8235,292.1309,0.0000,294.5450,286.3385,277.9424,280.6719,292.0500,292.1227,304.1216,297.1047,295.0548,262.3392,242.3022,291.3156,242.6415,259.8551,288.0079,295.1525,315.0824,315.9982,304.0113,294.4200,274.8163,285.0909,284.4938,289.3568,247.9395,292.2461,274.7510,279.9248,279.2978,305.3034,313.6913,276.4852,297.0982,298.6019,298.6920,297.4873,295.0994,298.5490,297.6897,298.9998,298.7126,298.4074,294.3688,294.9913,292.4295,291.8261,0.0000,292.4383,294.3635,292.4381,285.0967,285.7295,293.2227,294.2800,291.9464,305.8993,293.9447,289.6406,289.7106,289.9432,292.0537,291.3704,292.7363,284.8616,292.0536,278.8921,266.0633,303.8428,304.2001,304.7543,292.1309,296.4079,292.1309,294.2724,293.4259,291.4745
6.0000,292.0930,293.6548,294.0775,286.3437,277.4005,275.6312,274.5232,295.7324,295.0824,303.7463,298.3479,303.4478,296.0797,287.4270,279.8784,274.8920,293.4839,292.4370,290.7547,289.6214,280.6355,273.8677,276.8462,283.1457,275.7164,279.1655,279.7917,288.2517,304.7410,293.4596,293.9288,294.4347,303.6281,290.4462,290.2145,301.0465,295.0352,286.3441,293.6573,292.5578,301.7122,282.4093,299.0484,302.5354,304.5915,273.8052,297.0827,295.8538,274.4795,284.0806,277.7416,280.0257,295.5081,293.7965,288.1327,281.0576,294.4923,285.2852,267.2245,288.9729,292.5989,293.0026,286.0342,286.3481,289.4470,292.6007,293.0204,298.9735,294.3871,295.3602,295.9464,297.3807,294.5768,292.6474,277.2849,292.3392,293.8135,305.0136,303.3578,285.9432,288.1836,293.8709,295.1007,295.3280,295.4994,295.9596,295.4172,295.1709,295.7055,297.2257,294.9598,293.4494,293.0635,292.2994,292.3391,285.8249,289.1655,288.6872,0.0000,298.3593,300.5243,294.5096,284.5969,288.4765,289.8221,289.7582,291.5908,291.2776,291.9383,288.4998,295.7631,294.2965,303.2324,297.4049,274.3268,270.0962,285.1742,286.4765,292.9246,281.0428,295.4777,294.4069,294.8315,293.5394,271.8595,290.3538,303.7023,292.1099,267.5077,267.5773,293.4418,276.2085,263.0495,292.9806,294.2932,290.9279,295.3207,295.1216,295.4495,275.0014,269.3129,271.6587,284.1214,281.4901,295.4413,283.7193,282.4548,278.8734,291.7064,292.4885,304.3849,305.8609,301.1247,293.8137,299.1212,274.2547,283.0018,281.1996,291.9586,291.9162,292.2871,0.0000,294.7300,286.4201,278.0892,280.8256,292.1383,292.2190,303.8844,297.0638,295.0221,262.3432,242.2787,291.4196,242.6194,259.5030,288.0023,294.8768,314.5723,315.4589,303.7325,294.2328,274.8920,285.2774,284.6719,289.5709,247.7822,292.3219,274.8251,279.9216,279.2116,304.9419,313.2026,276.4733,297.4920,299.1212,299.2076,297.9309,295.4413,299.0666,298.0627,299.3996,299.2295,299.0198,294.6962,294.9598,292.3382,291.9189,0.0000,292.4889,294.3391,292.4888,285.1419,285.7682,293.2098,294.1561,292.0384,305.6228,293.9264,289.7203,289.8164,290.0411,292.1507,291.3640,292.8532,284.8293,292.1506,278.8622,266.2090,303.6263,303.9717,304.4544,292.2871,296.7644,292.2871,294.3973,293.5565,291.4537
7.0000,290.8074,292.7410,293.1620,285.3396,276.4063,274.6377,273.5498,294.5671,294.0144,302.5872,297.2516,302.2905,294.9866,286.3546,279.0553,274.0763,292.7321,291.6593,289.9015,288.7619,279.7182,273.0367,275.9841,282.2379,274.6960,278.0846,278.7099,287.1560,303.6209,292.5505,292.9044,293.4029,302.5083,289.1853,288.9732,299.9013,293.9747,285.2356,292.6446,291.2624,300.2218,281.3016,297.9468,301.0273,303.4566,273.0828,296.2202,294.9681,273.6570,283.4250,277.0781,279.3481,295.2293,293.1285,287.5128,280.3880,293.7578,284.5953,266.5159,288.4343,291.7870,292.1591,285.3276,285.6410,289.4470,291.8830,292.3409,298.1248,293.5977,294.6043,295.3132,296.6439,293.9590,291.8356,276.5383,291.5311,292.9996,303.8961,302.2304,284.8428,286.6019,293.0798,294.0391,294.2633,294.4229,294.8751,294.3764,294.1222,294.6298,296.0500,294.0152,292.4516,292.0855,291.4190,291.5310,284.6910,288.0277,287.5604,0.0000,297.2633,299.3954,293.4800,283.7192,287.2435,288.9836,288.9231,290.7936,290.4923,291.1371,287.5189,294.8125,293.6429,302.1048,296.4660,273.3309,269.2515,284.2868,285.2903,291.8474,280.3770,294.6528,293.3906,293.8188,292.6614,271.1395,289.3187,302.5435,291.3303,266.7982,266.8677,292.6356,275.3666,262.0760,291.8265,293.2630,289.9334,294.2598,294.0772,294.3844,274.2772,268.3124,270.6670,283.2163,280.5934,294.6327,282.7224,281.5837,278.0233,290.9486,291.7657,303.1069,304.5708,299.8760,292.8172,298.0907,273.4887,282.1326,280.3628,290.9880,290.8378,291.5081,0.0000,293.8097,285.4138,277.4253,280.1644,291.0575,291.1240,302.7505,296.0850,294.0763,261.6618,241.6298,290.5699,241.9706,258.5982,286.9150,293.5803,313.1633,314.0317,302.6146,293.0729,274.0763,284.5813,283.9801,288.8146,247.0466,291.8701,273.8481,278.8860,278.1320,303.5620,311.7972,275.4286,296.3454,298.2620,298.3530,297.1622,294.6327,298.2075,297.2270,298.5503,298.3736,298.1286,293.8484,294.0152,291.5298,290.8403,0.0000,291.8091,293.3067,291.8089,284.2334,284.8548,292.2701,293.4084,291.2213,304.4983,292.9021,288.8395,288.9778,289.2067,291.5473,290.3292,292.2598,284.0237,291.5472,277.8174,265.5823,302.5005,302.8486,303.3222,291.5081,295.5983,291.5081,293.6520,292.8312,290.4887
8.0000,291.9746,293.6468,294.0702,286.1494,277.1665,275.5993,274.4710,295.5122,294.8519,303.5069,298.0650,303.2023,295.7259,287.2617,279.9542,274.9164,293.8162,292.7052,290.6895,289.6316,280.6036,273.8715,276.8385,283.1045,275.6823,279.1657,279.8003,288.1044,304.5084,293.4567,293.7454,294.2426,303.4064,290.3429,290.1157,300.7731,294.8164,286.2819,293.4940,292.4363,301.5292,282.2363,298.7181,302.3468,304.3535,273.9487,297.0765,295.8284,274.4679,284.1600,277.8076,280.2668,295.5187,293.8338,288.3847,281.3084,294.7909,285.3463,267.3419,289.1188,292.5508,292.9356,286.0802,286.3998,289.4470,292.5999,293.0275,298.8934,294.3888,295.4017,296.0512,297.5820,294.7160,292.5998,277.3520,292.4684,294.0256,304.7809,303.1218,285.8421,287.0407,294.1585,294.8810,295.1055,295.2661,295.7241,295.2218,294.9627,295.4763,297.0213,294.9188,293.3012,292.9432,292.2994,292.4682,285.6952,288.9952,288.5477,0.0000,298.0993,300.2566,294.3185,284.6042,288.3988,289.7780,289.7219,291.5629,291.2456,291.8971,288.3543,295.7213,294.3956,302.9908,297.3834,274.2199,270.0974,285.1685,286.4472,292.6477,281.2954,295.4450,294.2365,294.6626,293.5835,271.9806,290.1931,303.4619,292.0868,267.6242,267.6939,293.5952,276.1746,263.0171,292.8059,294.1055,290.7809,295.1036,294.9178,295.2176,275.1675,269.2813,271.6271,284.0616,281.4548,295.4200,283.5234,282.4042,278.8391,291.6904,292.4856,304.1115,305.5709,300.8606,293.6739,299.1567,273.9563,283.3193,281.3470,291.8382,291.6245,292.2640,0.0000,294.4409,286.2223,278.1554,280.8960,291.8430,291.8799,303.6665,297.0725,294.9809,262.3253,242.2475,291.3283,242.5889,259.2796,287.8466,294.7854,314.4514,315.1854,303.5164,294.0526,274.9164,285.3324,284.7277,289.5718,247.6710,292.3347,274.7721,279.9180,279.2124,304.8772,313.0900,276.4417,297.2651,299.1159,299.2045,297.9868,295.4200,299.0610,298.0041,299.3227,299.2263,298.9944,294.6462,294.9189,292.4668,291.6270,0.0000,292.8784,294.1475,292.8782,285.0734,285.6931,293.1431,294.4563,292.1189,305.3960,293.7431,289.5861,289.7722,289.9378,292.6621,291.1999,292.9945,284.9800,292.6620,278.8078,266.2758,303.3872,303.7353,304.2199,292.2640,296.5420,292.2640,294.3951,293.5544,291.3235
9.0000,288.9154,290.8756,291.2884,283.5066,274.6411,272.8283,271.7653,292.5709,292.1366,300.4957,295.2116,300.2173,293.0343,284.5070,277.3877,272.3881,291.1882,290.0103,288.3139,287.0406,277.8740,271.2180,274.1480,280.3876,272.8818,276.2319,276.8413,285.2713,301.3691,290.6905,291.0287,291.5096,300.2110,287.3137,287.0903,297.8365,292.0992,283.3488,290.7825,289.3685,298.2904,279.4723,295.8700,299.0926,301.0881,271.6381,295.0541,293.8210,271.9582,282.2611,275.9073,277.9628,294.6031,291.9933,286.3309,279.0218,292.0469,283.4057,265.1103,287.4438,290.5295,290.9226,284.1297,284.4433,289.4470,290.6560,291.1819,296.7906,292.3493,293.3455,294.1538,295.4003,292.9428,290.5774,275.0580,289.7105,291.2622,301.6272,300.0736,282.9629,284.7778,291.4208,292.1633,292.3883,292.5420,292.9913,292.4912,292.2350,292.7499,294.0545,292.1715,290.5924,290.2310,289.5993,289.7103,282.8699,286.1259,285.6669,0.0000,295.2380,297.3285,291.6082,281.8251,285.3696,287.4285,287.3664,289.3988,289.2210,289.8702,285.6912,292.9608,292.4618,299.9416,294.6082,271.5691,267.4692,282.6066,283.3933,289.9879,279.0184,293.4086,291.5156,291.9423,290.8144,269.7058,287.4732,300.4548,290.0107,265.3906,265.4597,290.8187,273.6885,260.3450,289.8811,291.3834,288.1218,292.3849,292.1883,292.4805,272.8229,266.5763,268.8969,281.4549,278.8483,293.3785,280.9070,279.8902,276.3290,289.6750,290.5312,301.0319,302.4776,297.8357,290.9453,296.2844,271.1646,280.8954,278.8088,289.1496,288.9866,290.1860,0.0000,291.9778,283.5810,276.2549,279.0009,289.2047,289.2542,300.6559,294.2623,292.2321,260.3774,240.4726,288.9426,240.8102,257.2782,285.0471,291.7251,311.3224,312.0080,300.3194,291.1129,272.3881,283.3893,282.7926,287.5821,245.8170,291.1044,272.0603,277.0421,276.2800,301.7524,309.9592,273.6084,295.3548,297.0817,297.1690,295.9374,293.3785,297.0270,295.9195,297.2134,297.1904,296.9854,292.6273,292.1715,289.7092,288.9891,0.0000,290.4840,291.4272,290.4839,282.4740,283.0941,290.4272,291.7322,289.7300,302.2123,291.0264,287.1937,287.4226,287.5857,290.3778,288.4724,291.2516,282.3630,290.3778,275.9830,264.4794,300.3151,300.6416,300.9654,290.1860,294.6455,290.1860,292.3541,291.5824,288.6742
10.0000,291.6090,293.7707,294.2130,286.2460,277.2449,275.6471,274.5978,296.3597,295.0209,304.4515,298.6536,304.0921,296.0178,287.5098,280.0267,275.0524,294.0252,292.8246,290.8793,290.0648,280.6350,273.9248,276.8549,283.1498,275.7257,279.1306,279.7568,288.3422,305.4290,293.5703,293.8882,294.3882,304.3636,289.7259,289.7202,301.4610,294.9874,286.3741,293.6452,292.0783,301.3232,282.7612,299.3505,302.1545,305.3112,274.1901,297.4367,296.1791,274.5494,284.5830,278.2380,280.6937,295.6745,294.0759,288.8688,281.7432,294.8188,285.8322,267.5922,289.8672,292.7498,293.1583,286.5014,286.8436,289.4470,292.7665,293.2013,299.2417,294.6621,295.7110,296.4257,297.8603,295.2129,292.7992,277.5710,292.4854,294.1404,305.7170,303.9727,286.0584,287.1593,294.2897,295.0536,295.2824,295.4303,295.8878,295.4042,295.1340,295.6461,297.8097,294.9576,293.4389,293.0731,292.2994,292.4852,286.1949,289.5258,288.7289,0.0000,298.6640,300.9303,294.5003,284.6299,287.9110,289.8848,289.8225,291.5816,291.3777,292.0659,288.4900,295.7527,294.7687,303.8296,297.4043,274.3727,270.3049,285.5172,286.2060,292.7817,281.7044,295.7172,294.3989,294.8491,293.6676,272.2235,290.4397,304.3977,292.0770,267.8732,267.9430,293.6716,276.2662,263.0587,293.4604,294.2536,291.1932,295.2828,295.0879,295.3846,275.3920,269.3443,271.6809,284.1446,281.5369,295.6818,283.6202,282.5035,278.9315,291.8326,292.6495,305.2265,306.7837,301.8384,293.8096,299.1620,273.9198,283.5684,281.4881,291.9461,291.7450,292.1881,0.0000,294.8473,286.3201,278.5830,281.3160,291.9722,292.0447,304.6031,297.0702,295.0205,262.6740,242.6346,291.5370,242.9732,259.9359,288.0907,294.7109,315.6102,316.4616,304.4796,294.7471,275.0524,285.7874,285.1640,289.8826,248.1611,292.4711,274.8995,279.9937,279.1810,305.3025,314.1392,276.4738,297.7663,299.4854,299.5750,298.3089,295.6818,299.4295,298.3263,299.6757,299.5969,299.3723,294.9093,294.9576,292.4836,291.7476,0.0000,293.2461,294.2997,293.2460,285.1617,285.7931,293.2138,294.4937,292.3785,306.3543,293.8858,289.7356,289.8786,290.1414,293.1389,291.3871,293.5690,285.0708,293.1389,278.9036,266.6739,304.2479,304.6129,305.1785,292.1773,297.0277,292.1881,294.4846,293.7088,291.6234
11.0000,292.4951,293.8441,294.2859,286.5354,277.5644,276.0161,274.9226,297.2020,295.3336,305.3363,299.2582,304.9232,296.4440,287.9814,279.9776,275.1179,293.7115,292.6219,290.3789,290.4851,280.8536,274.0687,277.0169,283.3296,276.1459,279.6340,280.2700,288.8842,306.3229,293.6382,294.1446,294.6403,305.2922,290.5842,290.5436,302.1407,295.2888,286.9757,293.8935,292.9799,302.5324,283.3952,300.0028,303.3915,306.2489,274.1769,296.8964,295.6303,274.5661,284.2624,277.9166,280.8088,295.4638,293.5538,288.7974,281.8687,294.6179,285.4777,267.5549,289.4330,292.1705,292.5832,286.1090,286.4543,289.4470,292.1992,292.6659,298.7703,294.1296,295.2104,296.0572,297.4032,294.7436,292.2199,277.4567,292.3688,293.9948,306.6265,304.7879,286.6430,288.3643,294.0977,295.3557,295.5749,295.7481,296.2096,295.6937,295.4227,295.9542,298.6241,295.0732,293.6632,293.2680,292.2994,292.3685,286.8252,290.2173,289.3242,0.0000,299.2451,301.6010,294.7720,284.7846,288.7368,289.4943,289.4504,290.9519,290.7622,291.4722,288.7110,295.8806,294.3823,304.6403,297.5324,274.7273,270.5514,285.9528,286.9737,293.1301,281.8155,295.1619,294.6566,295.1290,293.6672,272.1857,290.8376,305.2741,291.3409,267.8345,267.9042,293.5464,276.2521,263.4596,294.2131,294.5187,291.6958,295.5789,295.3694,295.6737,275.4075,269.7002,272.0425,284.2039,281.5720,295.1232,283.9094,282.4661,278.9170,291.2552,292.0835,306.2310,307.8188,302.7767,294.0205,299.3489,274.2472,283.4419,281.4518,292.1200,292.0993,291.3744,0.0000,294.2335,286.6120,278.2568,280.9718,292.3274,292.4277,305.4575,297.1994,295.1377,262.4773,242.4823,291.0358,242.8191,260.1314,288.6034,295.6545,316.9305,317.8342,305.4121,295.5188,275.1179,285.4163,284.7920,289.4062,248.1256,292.1350,275.2354,280.4322,279.6826,306.4442,315.4315,276.8797,297.2331,298.9399,299.0272,297.7576,295.1232,298.8839,297.8246,299.2493,299.0499,298.8462,294.3424,295.0732,292.3673,292.1021,0.0000,292.8410,294.5668,292.8409,285.2182,285.8556,293.3299,294.2864,291.8592,307.2912,294.1421,289.2182,289.4874,289.5663,292.7252,291.7179,293.1105,284.9619,292.7251,279.3736,266.3477,305.0803,305.4633,306.1154,291.3526,296.4874,291.3744,293.7696,293.0687,291.9926
12.0000,292.5593,293.8900,294.3542,286.2821,277.2032,275.8139,274.7465,297.4413,295.1657,305.6753,299.3385,305.2390,296.1540,287.8848,279.6766,274.8304,293.3838,292.3921,289.5423,290.4461,280.6238,273.8279,276.7642,283.1079,275.9431,279.3457,279.9695,288.8075,306.6600,293.6751,294.0262,294.5118,305.6748,290.6693,290.5829,302.3378,295.1385,286.9139,293.7963,293.0502,302.7245,283.4049,300.0598,303.5946,306.6541,273.4197,295.4931,294.2744,274.2161,282.9659,276.5923,280.1170,294.6664,292.3196,287.7851,281.2005,294.4095,284.0617,266.8318,287.6337,290.8042,291.2149,284.7067,285.0236,289.4470,291.0256,291.5363,297.3164,292.5960,293.5614,294.8933,295.6485,293.1024,290.8518,276.6687,292.4920,293.8898,306.9731,305.0702,286.5792,287.2428,293.8985,295.2058,295.4527,295.5588,296.0063,295.5865,295.3080,295.7883,298.7833,295.0906,293.5785,293.1931,292.2994,292.4918,286.8595,290.2456,289.2316,0.0000,299.3379,301.7755,294.6903,284.5985,288.8071,288.7076,288.6877,289.7174,289.4116,290.1116,288.6278,295.9246,293.1946,304.9180,297.6448,274.5545,270.3899,285.6989,287.0148,292.8828,281.1398,293.7552,294.5765,295.0703,293.7290,271.4351,290.6915,305.6094,289.8991,267.1087,267.1783,293.5720,275.8901,263.2663,294.3023,294.4105,291.3534,295.4465,295.2703,295.5782,274.6306,269.5149,271.8486,283.9645,281.3585,293.7240,283.6578,282.0883,278.5516,290.0187,290.9098,306.2198,307.8129,302.8456,293.9396,299.3316,273.8161,283.3451,281.2364,292.0089,291.8297,289.8384,0.0000,293.4447,286.3580,276.9363,279.6670,292.0613,292.1116,305.7648,297.2168,295.1550,261.2218,241.1832,290.1810,241.5256,257.4928,288.5204,295.6893,316.6426,317.4847,305.7963,295.6283,274.8304,284.0150,283.4065,288.0211,246.5113,291.3800,275.0557,280.2144,279.3959,306.3790,315.1667,276.6278,295.8289,297.5342,297.6234,296.3579,293.7071,297.4784,296.3471,297.7959,297.6457,297.4307,292.8605,295.0906,292.4901,291.8324,0.0000,292.3029,294.4496,292.3027,284.9706,285.6074,293.2986,294.0398,290.9922,307.6595,294.0237,288.3609,288.7001,288.7002,292.1872,291.6210,291.4043,284.6885,292.1871,279.2130,265.1108,305.3736,305.7697,306.5172,289.8012,295.0880,289.8358,292.4456,291.8490,291.8352
13.0000,292.7672,293.8660,294.3288,286.5655,277.5554,275.5116,274.4133,298.0630,295.3160,306.3654,299.7630,305.8684,296.3875,289.8222,279.6848,274.8413,293.3712,292.4087,289.6826,290.2894,280.5722,273.7491,276.7029,283.1405,275.5672,278.9056,279.5320,290.2470,307.2493,293.6464,294.1804,294.6786,306.2903,290.8060,290.7444,302.8319,295.2888,287.1126,294.0162,293.2724,303.2314,283.6752,300.5198,304.1271,307.2939,273.2593,296.1801,294.9702,274.2147,283.6109,277.3503,279.9911,294.9707,292.6598,287.8381,281.1071,294.3901,284.9061,266.7577,285.9752,291.6934,292.0996,285.5333,285.8606,289.4470,291.6504,292.1065,298.0531,293.3471,294.2350,295.4904,295.8215,292.5155,291.7405,276.6713,292.3588,293.8347,307.5662,305.6450,287.0066,288.5747,293.9883,295.3521,295.5631,295.6864,296.1069,295.7159,295.4458,295.8906,299.3325,295.1123,293.7585,293.3356,292.2994,292.3586,287.1046,290.6357,290.7008,0.0000,299.7496,302.2545,294.8264,284.5879,288.8460,288.9294,288.9073,289.9423,290.3662,291.0271,288.8047,295.9537,293.8252,305.4804,297.6513,274.1666,270.2214,285.4009,286.8568,293.1621,281.0630,294.4372,294.7283,295.2100,293.6424,271.3338,291.8466,306.2898,290.1745,267.0342,267.1037,293.4400,275.9404,262.1444,294.7561,294.5667,292.4546,295.5619,295.4082,295.7111,274.3739,269.2048,271.5446,284.0648,281.4578,294.3937,284.1496,282.1791,278.6024,290.6954,291.5547,307.0126,308.6782,303.5398,294.0496,299.1462,273.0185,283.7690,281.3241,292.1472,292.1400,290.0260,0.0000,293.4454,286.6469,277.6922,280.4039,292.3636,292.4552,306.3998,297.1255,295.1732,262.0803,242.0901,290.3275,242.4276,259.1925,290.1833,295.7437,316.9613,318.1187,306.4135,296.1070,274.8413,284.8467,284.2152,288.8777,247.7516,291.7873,274.7182,279.8260,278.9568,306.2576,315.4084,276.1875,296.6543,298.2457,298.3334,297.0499,294.0500,298.1907,297.0711,298.4907,298.3563,298.1453,293.5049,295.1123,292.3574,292.1428,0.0000,292.1950,294.5985,292.1948,285.0767,285.7131,293.3695,294.0492,291.0623,308.2647,294.1780,288.4644,288.9213,288.7638,291.9792,292.4746,289.6768,284.6999,291.9791,279.0802,265.8093,305.9437,306.3444,307.1534,289.9692,295.9265,289.9621,292.8547,292.4218,291.8373
14.0000,257.0716,258.3585,258.7825,251.7823,243.7985,241.6872,240.7007,261.1639,259.5519,268.4081,262.8697,268.0359,260.4633,254.3992,245.6395,241.4755,257.4170,256.6435,254.4432,254.9313,246.3008,240.1700,242.8249,248.6582,241.6932,244.5869,245.1509,254.6588,268.9609,258.1548,258.5807,259.0046,267.9595,255.3010,255.1897,265.4932,259.5251,251.7423,258.4039,257.5430,266.8431,248.5793,263.4840,267.6799,268.6857,240.1175,259.5102,258.3973,240.8958,249.2926,243.7591,246.0382,260.9117,256.9642,253.1062,247.0715,258.3789,250.3921,234.4228,248.1330,256.2881,256.5926,250.9317,251.2109,257.4588,256.4379,256.9256,261.3930,257.6535,258.4453,259.8236,259.1933,255.1430,256.3288,243.1596,257.0665,258.1388,269.2140,267.7388,251.6594,253.6258,257.9758,259.5805,259.7678,259.8839,260.2583,259.9122,259.6776,260.0628,262.2769,259.4804,258.1887,257.8017,257.0255,257.0664,251.5567,254.6745,255.0126,0.0000,262.8973,264.9833,259.1215,249.9231,253.5532,253.8372,253.8201,254.5153,255.3113,255.7692,253.8335,260.2368,258.2827,267.5867,261.7796,240.2996,236.9000,250.6025,251.7509,257.6489,247.0428,258.2657,259.0421,259.4591,258.1539,238.4400,256.2982,268.3517,254.6623,234.6660,234.7271,257.9190,242.4207,229.9201,258.2801,258.9270,256.7426,259.7694,259.6449,259.9176,241.0750,236.1723,238.2144,249.5965,247.3059,258.2116,249.6622,247.9110,244.7594,255.5212,256.3609,269.0527,270.5021,265.9733,258.4763,263.0510,239.7094,249.3457,247.1173,256.7710,256.7593,254.4481,0.0000,257.7974,251.8564,244.0591,246.4598,256.9527,257.0041,268.4350,261.2805,259.5342,230.4078,213.0420,255.0034,213.3281,229.0475,254.6524,259.5878,278.1240,279.1367,268.0642,259.4610,241.4755,250.3309,249.7862,253.8359,218.4937,257.6227,240.9362,245.3345,244.6293,268.6970,276.7631,242.2140,260.3270,261.3416,261.4184,260.3721,257.5234,261.2973,260.5421,261.7667,261.4373,261.2270,257.1444,259.4804,257.0655,256.7617,0.0000,256.4591,258.9431,256.4590,250.4956,251.0523,257.8995,258.0050,255.5810,269.7564,258.5785,253.3307,253.8298,253.5911,256.2697,256.9313,250.6273,249.9774,256.2697,244.7542,233.6319,267.9483,268.2574,268.5865,254.3891,259.7348,254.2893,257.1795,257.0041,256.3861
15.0000,225.2436,229.8820,230.2917,223.8362,216.5608,214.6456,214.2312,232.2890,231.0109,239.0796,233.9735,238.7231,231.9443,226.1936,217.9710,214.2180,228.3998,227.8762,224.8159,227.0204,218.7891,213.6504,215.8722,220.8915,214.5944,217.5347,217.9410,226.2969,239.5588,229.6782,230.1079,230.5101,238.6861,225.1536,224.5023,236.2926,230.9794,223.0887,229.9058,225.7074,234.8758,221.0262,234.5419,235.7011,239.3516,212.4862,227.2081,226.2239,213.6444,219.0276,214.1655,217.8291,229.0164,225.7891,223.2774,218.7662,229.5678,219.9416,207.4276,223.0289,224.8204,225.0480,220.3588,220.6068,225.9199,225.3208,225.7472,229.1701,225.9035,226.5671,228.2451,227.0401,224.2314,224.8557,215.0756,228.5701,229.4105,239.8002,238.4110,223.3343,225.5930,229.0769,231.0315,231.1829,231.3305,231.6892,231.3653,231.1353,231.4848,233.0269,230.8627,229.6903,229.2962,228.4818,228.5700,223.5523,226.2573,226.6146,0.0000,234.0035,235.8896,230.6130,222.0256,224.0493,224.1977,224.1984,223.7512,224.0867,224.3979,225.8157,231.5967,226.8954,238.2908,233.0532,214.1611,210.7741,223.0144,223.3409,229.1978,218.6988,226.3037,230.5133,230.9022,229.6343,210.9739,228.0071,239.0254,223.4182,207.6404,207.6945,229.2898,214.9533,204.1412,229.4640,230.4403,228.6306,231.2072,231.0971,231.3497,213.3484,209.7639,211.5679,221.6126,219.5787,226.2549,221.9557,219.7926,217.0271,224.4666,225.2654,237.5960,237.5960,235.5808,230.0026,234.3031,212.0621,221.7577,219.4386,228.3199,228.3801,223.0904,0.0000,227.8643,223.9064,214.4233,216.5165,228.5681,228.5984,239.1049,232.5817,230.9150,202.6305,187.5058,225.3163,187.7498,202.9278,226.3492,228.7434,243.5856,245.9637,238.7799,230.5155,214.2180,219.8605,219.3879,222.7731,192.7211,226.2863,214.4488,218.2539,217.5736,236.3921,242.5935,215.0551,228.1135,228.8098,228.8789,228.0508,225.4013,228.7735,228.3838,229.5104,228.8945,228.7138,224.9120,230.8627,228.5690,228.3824,0.0000,227.2457,230.4473,227.2455,222.4008,222.8906,229.3623,229.1957,225.9920,240.2829,230.1058,223.7959,224.1922,224.1383,227.0779,228.5407,220.3415,221.8748,227.0778,217.2783,205.2472,238.6247,238.9004,239.2604,223.0280,227.6229,222.8678,225.7009,225.7340,228.2378
16.0000,193.8859,197.3023,197.6726,191.9997,185.6667,184.1831,183.7561,199.7131,198.2970,205.6419,201.0085,205.2673,199.1593,194.2035,186.6151,183.3904,195.4881,195.1375,191.7203,194.8232,187.6392,183.2481,185.1571,189.3930,184.1756,186.7225,187.0862,194.3021,206.1158,197.1134,197.5086,197.8592,205.5136,193.7695,193.1423,203.0700,198.2690,191.5974,197.3138,194.3119,202.7427,189.9359,201.5049,203.5018,206.3290,181.3946,192.5582,191.7415,182.8704,185.8291,181.6850,185.9931,194.2368,191.3514,190.1156,186.8098,196.6442,186.5853,177.0704,187.2348,190.6599,190.8226,186.9272,187.1370,191.5468,191.2637,191.5826,194.3105,191.4548,191.9526,193.6614,192.2890,189.0087,190.6894,183.5465,196.0556,196.6399,206.3347,205.0330,191.8052,193.5605,196.1675,198.3156,198.4586,198.5685,198.8775,198.6805,198.4410,198.7095,200.3526,198.1686,197.1136,196.7541,195.9591,196.0554,192.1053,194.4281,194.5576,0.0000,201.0318,202.7223,197.9592,190.3635,192.7609,191.2045,191.2263,190.1711,190.1127,190.3244,193.7883,198.8630,192.5038,204.9276,200.1501,183.6505,180.7708,191.4331,192.0413,196.6673,186.7361,191.8158,197.8606,198.1980,197.0449,180.0878,195.7277,205.5844,189.5882,177.2502,177.2963,196.6442,183.9650,175.2040,197.2287,197.8081,196.2707,198.4766,198.3993,198.6052,182.1338,180.0155,181.5509,189.8795,188.1369,191.7884,190.3887,188.0883,185.7399,190.5532,191.2282,204.7994,204.7994,202.8183,197.4118,201.3454,181.5155,189.9092,187.8949,195.8698,195.9519,189.2510,0.0000,194.1385,192.0620,181.9036,183.6851,196.1221,196.1288,205.6578,199.7575,198.2162,171.8579,159.0548,192.1271,159.2604,172.2464,194.3387,196.9692,210.1488,213.4668,205.5917,198.1490,183.3904,186.5101,186.1109,188.9489,163.5071,191.9956,183.9416,187.2429,186.7531,203.7642,209.2633,184.5781,193.2235,193.9125,193.9717,193.2593,190.9425,193.8823,193.6372,194.6081,193.9844,193.8682,190.3413,198.1686,196.0545,195.9539,0.0000,194.2768,197.8167,194.2766,190.5449,190.9688,196.7988,196.2735,192.8553,206.8008,197.5068,190.8195,191.2007,191.1511,194.1333,196.1702,184.9059,189.9737,194.1332,186.5179,174.1246,205.2399,205.4994,206.2113,189.1951,192.7932,189.0277,191.4811,191.5746,195.9066
17.0000,284.4949,294.3087,295.0013,285.5637,276.8370,269.7598,269.2019,299.8391,300.4001,309.3453,301.7585,308.6769,299.0085,291.3906,257.2063,174.3998,283.2745,282.7196,277.5233,291.9242,273.3690,267.7840,270.2215,275.3957,270.3025,274.0189,274.5001,290.6609,310.0773,293.9682,296.8925,297.8418,309.1135,284.4538,284.0016,305.0671,300.7349,283.2772,301.7512,285.1860,298.8900,284.6086,302.2448,300.1244,310.0978,256.9114,274.8138,273.6452,247.2624,264.4560,258.6310,264.0047,275.3519,271.9025,270.1669,265.3083,287.5891,265.9109,250.6646,264.2802,272.0579,272.2780,266.4013,266.6763,270.6619,272.2918,272.5734,277.2911,273.2151,273.9222,275.3511,274.2664,267.2043,272.1006,259.0802,291.5952,288.7486,310.4559,308.2864,284.6954,290.6052,284.2300,300.8147,301.0736,300.9989,301.7314,301.2614,300.6940,301.5023,300.4972,296.9011,302.2783,295.2826,292.2994,291.5949,287.7325,290.4296,291.0578,0.0000,301.9061,304.5846,301.9950,276.3792,283.1076,276.7519,276.8889,272.7956,271.5874,271.6441,0.6491,298.0457,273.9690,308.1428,300.1831,269.3107,264.4364,286.8833,282.3180,295.8140,265.2139,273.6841,302.1147,301.8418,293.5908,254.8154,296.3085,309.2421,271.1869,250.8929,250.9582,291.2335,259.7299,257.1357,295.1662,297.3837,297.4038,301.5345,301.4164,301.5427,258.0357,263.6697,265.9104,278.1875,275.6344,273.6512,283.2699,272.7672,262.2357,272.5799,272.3094,308.1474,308.1475,304.7409,296.1815,302.2544,246.1526,261.0363,258.7887,292.7630,294.1942,270.2318,0.0000,280.9778,285.7595,258.9513,261.5676,294.4609,294.2499,309.3433,299.5762,296.9798,244.3773,225.9644,278.1308,226.2675,245.0879,291.3093,289.4993,310.4887,322.8968,309.2359,296.7305,149.0370,265.7733,265.1914,269.4633,231.9926,272.5781,269.4980,274.5934,274.0582,300.1798,309.0465,270.9358,275.7691,276.7541,276.8393,275.7940,272.3406,276.7106,276.3328,277.7210,276.8579,276.7282,271.2626,296.9011,291.5943,294.2001,0.0000,281.4306,298.1418,281.4304,279.4263,280.5894,294.6165,285.9176,279.2298,311.1293,296.8874,276.1447,276.7468,276.7908,281.2227,291.3906,260.7419,267.2170,281.2226,274.7130,247.9534,308.6510,309.0640,309.9602,270.1485,275.1684,269.8906,273.0565,272.8638,294.0996
18.0000,284.4949,294.7115,295.4728,285.8359,276.9639,268.9064,268.3577,293.7922,300.6875,300.1411,299.0399,301.2232,299.3875,290.2846,257.4339,174.5122,283.6421,283.0488,277.5630,292.5189,273.2089,267.7515,270.1571,275.4206,269.1849,272.8366,273.2939,289.2669,305.5068,294.3291,297.2196,298.2227,304.6541,284.0880,283.6377,301.3343,300.9712,281.9901,301.7845,285.2265,299.7517,282.0309,299.4829,301.0603,305.7126,257.5962,274.9291,273.7436,247.3691,264.8701,259.0878,264.9638,275.6162,271.6638,270.8792,266.3090,287.8979,266.3338,251.2707,262.5977,272.0970,272.3191,266.7324,267.0078,270.6619,272.3300,272.5707,277.4565,273.3319,274.0906,275.6832,274.7178,265.9948,272.1407,259.5449,291.6849,289.0092,305.9162,303.1054,283.0567,290.7776,284.6096,301.0523,301.2729,301.3680,302.1655,301.6324,301.0155,301.8315,296.1192,297.0192,302.2796,295.2091,292.2994,291.6845,285.0849,287.5877,289.6332,0.0000,299.2089,301.0107,302.1304,276.4088,282.6742,276.7860,276.9320,272.8043,271.6152,271.6726,0.6491,298.2729,274.2820,303.3651,300.4603,268.5830,264.2287,287.5625,281.7488,296.0145,266.1994,273.7382,302.2530,301.9642,293.8729,255.4334,295.7059,299.3238,271.1885,251.4965,251.5620,291.4142,259.8339,255.1426,291.6145,297.7388,296.8033,301.7925,301.6940,301.8311,258.7857,262.8953,265.0941,278.3490,276.0285,273.7013,283.9152,272.8685,262.3405,272.6224,272.3462,304.2724,304.2725,300.6286,296.5167,302.7028,245.6749,261.8504,259.2090,292.7830,294.3685,270.2112,0.0000,281.3052,286.0373,259.3975,261.9667,294.6503,294.4033,302.3735,299.8390,297.1032,245.2468,226.9302,278.2172,227.2261,247.8128,290.0978,289.3216,310.9268,319.9539,304.7798,292.9403,149.1292,266.1529,265.5591,269.6482,233.5465,272.5990,268.6759,273.6057,272.8829,300.4199,309.4679,269.8092,275.8776,276.8655,276.9525,275.8974,272.3233,276.8216,276.4714,277.8903,276.9709,276.8571,271.2152,297.0192,291.6834,294.3747,0.0000,281.7112,298.4670,281.7110,279.5405,280.6977,294.6272,286.2509,279.3757,306.6249,297.2143,276.0798,276.7810,276.7556,281.5031,290.2846,259.0151,267.4830,281.5031,273.4398,248.3317,303.8969,304.4125,305.5637,270.1273,275.3203,269.8586,273.0812,272.9041,294.5952
19.0000,284.4949,295.0753,295.8798,286.0166,277.0025,269.9532,269.4138,295.2899,301.1629,301.6593,300.0443,302.6043,299.8869,291.3082,257.4754,174.6809,282.8591,282.6229,277.2284,293.0886,273.7632,268.3458,270.7023,275.8185,270.3833,274.1618,274.6170,290.3380,306.9078,294.6648,297.6783,298.8714,306.1440,284.4007,283.9949,302.5203,301.4356,283.0208,302.1520,285.2668,300.6112,283.2058,300.5484,301.9939,307.2718,258.0140,274.7024,273.4749,247.5460,265.2088,259.5015,265.6310,275.7196,271.2944,271.3653,267.0463,287.7095,266.6312,251.6455,260.8990,271.9608,272.1712,266.9452,267.2220,270.6619,272.2010,272.4133,277.3981,273.2583,274.0775,275.8666,274.3814,264.7812,272.0047,259.8000,291.7241,288.9041,307.3289,304.4252,284.1725,291.0823,284.0710,301.5200,301.7224,301.8714,302.6967,302.1380,301.5052,302.3264,297.5562,297.2508,302.6043,295.5144,292.2994,291.7236,286.2811,288.8531,290.7022,0.0000,300.1914,302.1599,302.5223,276.8409,283.2590,276.6332,276.8096,272.6339,271.4710,271.5312,0.6491,298.5639,274.4524,304.6800,300.7724,269.6921,265.1310,288.1360,282.8791,296.3591,266.9220,273.5782,302.6197,302.2276,294.1125,255.8086,296.4881,300.8152,271.0065,251.8686,251.9342,291.4285,259.9970,256.9140,292.9730,298.2295,297.7882,302.2531,302.1623,302.3364,259.2417,263.9530,266.1405,278.5600,276.2375,273.5399,283.7201,273.0185,262.5051,272.4953,272.2156,306.1403,306.1403,302.3030,296.9453,303.0455,245.9338,261.9501,259.2956,293.0388,294.6768,269.9996,0.0000,281.0560,286.2136,259.7942,262.2806,294.9723,294.7206,303.7715,300.0989,297.3382,246.1073,228.0686,277.8945,228.3478,251.5296,291.1481,289.7470,311.6923,322.8066,306.2701,294.3251,149.2777,266.4101,265.8165,269.6832,235.6733,272.5207,269.7451,274.8336,274.2060,301.0343,310.2279,271.0634,275.6562,276.6616,276.7500,275.7294,272.1130,276.6178,276.3967,277.8344,276.7682,276.6481,270.9603,297.2508,291.7220,294.6832,0.0000,280.3678,298.9358,280.3675,279.7389,280.9093,294.8254,285.9802,278.7276,308.0880,297.6726,275.6458,276.6282,276.2771,279.6793,291.3082,257.2636,267.3455,279.6790,274.6134,248.6294,305.2348,305.7653,307.1119,269.9150,275.1085,269.6278,272.9542,272.7678,295.1760
20.0000,284.4949,295.2084,296.0315,286.2093,277.1591,269.4851,268.9272,295.4163,301.3024,301.8951,300.1371,302.7123,299.9765,291.1760,257.3152,174.6206,282.5805,282.4163,276.6469,293.1050,273.5839,268.0841,270.4892,275.7414,269.8193,273.5569,274.0078,290.1733,307.2510,294.7837,297.8451,299.1372,306.5193,284.4348,283.9384,302.6797,301.5657,282.6758,302.2231,285.2799,300.8911,283.1369,300.6219,302.2979,307.6742,257.6051,273.6171,272.3281,247.4150,264.5819,258.9199,265.3080,275.3789,269.6994,271.1302,266.7567,287.5914,265.8735,251.2701,248.1330,271.0740,271.2587,266.1821,266.4477,270.6619,271.3474,271.4918,276.3524,272.5136,273.4571,275.1509,273.8545,260.5875,271.1184,259.3781,291.7412,288.7774,307.6897,304.6835,283.8822,291.1888,283.8223,301.6518,301.8648,302.0187,302.8517,302.2980,301.6585,302.4759,297.5886,297.3413,302.6636,295.5783,292.2994,291.7406,286.1536,288.7151,290.5450,0.0000,300.3027,302.3173,302.6221,276.7430,283.2136,276.1294,276.3270,271.9298,270.6205,270.6633,0.6491,298.6836,273.6826,304.9398,300.8993,269.2010,264.7017,288.2877,282.6760,296.4696,266.6321,272.6062,302.6986,302.2381,294.1914,255.4091,296.4424,301.0299,270.2040,251.4909,251.5564,291.3904,259.8438,255.7437,292.9014,298.4091,297.7281,302.3888,302.3007,302.4945,258.8058,263.4990,265.6808,278.4785,276.1568,272.5637,284.2873,272.8456,262.3504,271.6720,271.3681,306.3020,306.3021,302.4022,297.1004,303.2866,246.2791,261.4808,259.0588,293.0882,294.7846,269.1910,0.0000,280.2828,286.4121,259.1999,261.6159,295.0812,294.8009,304.0065,300.2608,297.4312,246.0062,228.3766,277.2729,228.6349,254.2605,291.0069,289.9511,312.6765,323.2399,306.6446,294.2802,149.2423,265.6519,265.0792,268.8495,237.0580,271.9106,269.2534,274.2501,273.6011,301.6377,311.1511,270.5261,274.6277,275.5730,275.6612,274.6951,271.1184,275.5304,275.3741,276.7827,275.6788,275.5700,269.9375,297.3413,291.7389,294.7911,0.0000,279.8975,299.0982,279.8972,279.6582,280.8370,294.8778,285.8314,278.1724,308.4694,297.8393,274.9700,276.1242,275.6605,279.1436,291.1760,250.3181,267.1673,279.1435,274.1316,247.9992,305.5158,306.0664,307.5099,269.1088,274.1006,268.8077,272.0675,271.9086,295.3103
21.0000,284.4949,295.3986,296.2466,286.2481,277.0845,270.2859,269.6996,296.1735,301.6065,302.9008,300.8288,303.5392,300.3720,291.9216,257.2934,174.6779,281.8865,282.1248,276.1499,293.5174,273.9798,268.5315,270.9152,275.9891,270.7545,274.5696,275.0272,290.9610,308.3932,294.9575,298.0884,299.3935,307.7573,284.7460,284.2458,303.4969,301.8683,283.4729,302.4833,285.3039,301.4052,283.8813,301.3517,302.8563,308.9852,257.8227,273.5266,272.2116,247.4263,264.9122,259.2932,265.5743,275.4378,269.7179,271.3946,267.0373,287.4410,266.1310,251.4566,248.1330,271.0457,271.2293,266.3955,266.6581,270.6619,271.3610,271.5079,276.3334,272.5465,273.5404,275.3678,273.8788,259.5662,271.0907,259.5257,291.7547,288.6984,308.8562,305.6908,284.7027,291.3571,283.6078,301.9564,302.1538,302.3403,303.1918,302.6116,301.9710,302.7937,298.4737,297.5341,302.8982,295.7832,292.2994,291.7541,286.9127,289.5394,291.3499,0.0000,300.9816,303.1225,302.9008,277.0203,283.7263,275.9235,276.1621,271.8359,270.5882,270.6277,0.6491,298.9277,273.9028,305.9456,301.1820,269.9611,265.2567,288.5359,283.5938,296.6701,266.8807,272.5619,302.9811,302.5379,294.3152,255.6050,297.0087,302.0040,270.1474,251.6771,251.7427,291.3871,259.8716,257.2665,293.7661,298.6723,298.4419,302.6925,302.6180,302.8457,259.0583,264.3132,266.4829,278.5850,276.2630,272.5133,283.9511,272.8819,262.3783,271.6574,271.3760,307.6272,307.6273,303.5195,297.3268,303.6474,245.6909,261.9314,259.1759,293.2489,294.9549,269.1225,0.0000,279.8910,286.4467,259.5611,261.9145,295.2616,294.9853,305.0659,300.5215,297.6269,246.6870,229.1703,276.8137,229.4209,256.5982,291.7722,290.4253,314.1161,325.6665,307.8850,295.1541,149.3002,265.8893,265.3239,268.9498,238.3926,271.9423,270.0282,275.1774,274.6115,302.5114,312.5057,271.4796,274.6497,275.4888,275.5773,274.6095,271.0598,275.4465,275.3583,276.7673,275.5951,275.4921,269.8313,297.5341,291.7521,294.9615,0.0000,278.4613,299.3642,278.4611,279.7543,280.9398,295.0171,285.6294,277.3890,309.6732,298.0825,274.0568,275.9174,275.0949,277.1551,291.9216,249.5367,267.0420,277.1551,275.0323,248.2823,306.5566,307.1380,308.8096,269.0400,274.1186,268.7300,272.0834,271.9343,295.6364
22.0000,284.4949,295.4637,296.3209,286.2759,277.0832,270.2680,269.6792,296.3527,301.7115,303.0304,300.9381,303.5634,300.4734,292.0178,257.2342,174.6717,281.6721,281.9927,275.7449,293.5661,273.9700,268.5134,270.9056,275.9822,270.7363,274.5175,274.9702,291.0502,308.6048,295.0160,298.1675,299.4713,307.9979,284.8228,284.2814,303.6380,301.9714,283.4801,302.5593,285.3173,301.6921,283.9949,301.4564,303.1679,309.2479,257.9212,273.1960,271.8715,247.3921,264.5525,258.9329,265.8276,275.2982,269.4653,271.4360,267.3399,287.3848,265.7914,251.5317,248.1330,270.7242,270.9015,266.0553,266.3142,270.6619,271.0949,271.2572,276.0097,272.2544,273.2709,275.0422,273.7209,258.4773,270.7694,259.4935,291.7588,288.6040,309.0727,305.8527,284.7467,291.4070,283.4574,302.0606,302.2578,302.4571,303.3205,302.7130,302.0765,302.9117,298.6343,297.5888,302.9660,295.8343,292.2994,291.7582,287.0343,289.6483,291.4427,0.0000,301.0952,303.2597,302.9803,277.0100,283.7963,275.6444,275.9094,271.5552,270.2868,270.3134,0.6491,299.0028,273.5758,306.1150,301.2802,269.9439,265.2000,288.6092,283.6490,296.7293,267.2074,272.2341,303.0737,302.6454,294.3543,255.6708,297.1013,302.1164,269.8569,251.7493,251.8148,291.3602,259.8161,257.2491,293.8970,298.7586,298.5570,302.7980,302.7260,302.9723,259.1800,264.2983,266.4663,278.5591,276.2368,272.1868,283.9794,272.8090,262.3223,271.3792,271.1083,307.9567,307.9568,303.7818,297.4008,303.6979,245.8990,261.7075,259.0746,293.2854,295.0055,268.8275,0.0000,279.3442,286.4753,259.2030,261.5740,295.3145,295.0364,305.1850,300.5716,297.6822,246.3096,228.9076,276.3683,229.1533,256.5495,291.8697,290.6603,314.9046,326.4662,308.1259,295.2931,149.3017,265.5485,264.9838,268.6169,238.2016,271.7905,270.0040,275.1205,274.5580,303.1508,313.2810,271.4542,274.3079,275.1553,275.2424,274.2769,270.7258,275.1130,275.0416,276.4404,275.2603,275.1571,269.4567,297.5888,291.7561,295.0121,0.0000,277.9357,299.4520,277.9354,279.7277,280.9176,295.0543,285.5475,276.9463,309.9254,298.1615,273.5999,275.6357,274.6104,276.4564,292.0178,248.7614,266.9549,276.4566,275.0329,247.9595,306.7363,307.3282,309.0689,268.7452,273.7815,268.4317,271.8119,271.6593,295.7085
23.0000,284.4949,297.7641,298.6402,288.3461,279.0037,272.3799,271.8696,299.4584,304.1049,306.3200,303.8267,306.7481,302.8433,294.3575,258.7974,175.9069,282.2520,283.2110,277.2311,295.8845,276.0064,270.5255,272.9441,277.9965,272.8795,276.6615,277.0944,293.3725,311.9917,297.3043,300.5127,301.8440,311.4587,285.4060,284.9325,306.6517,304.3711,285.4489,304.9522,285.3330,302.0291,286.6721,304.3964,303.5339,312.8189,259.5666,275.1754,273.8461,249.0790,266.1948,260.5805,267.6664,276.0661,271.5411,273.2042,269.2099,288.9576,267.5576,253.1531,259.7058,272.6118,272.8024,267.8225,268.0864,270.6619,272.8321,272.9733,277.9399,274.1773,275.2088,276.6429,275.8118,263.8265,272.6533,261.0994,293.9460,290.3063,312.4927,309.0895,286.9752,293.6496,284.6781,304.4626,304.6656,304.8552,305.7278,305.1267,304.4813,305.3203,301.6596,299.9253,305.3540,298.1533,294.5093,293.9454,289.6881,292.3277,293.7246,0.0000,303.9570,306.2617,305.3984,279.0532,284.6915,277.3743,277.6779,273.3866,272.1423,272.1867,0.6491,301.3727,275.2399,309.3493,303.6953,272.1932,267.0971,290.7069,285.1715,299.0277,269.0721,274.1564,305.4816,305.0638,296.6110,257.2980,299.4879,305.3785,271.7183,253.3692,253.4352,293.4013,261.6047,259.6263,296.7407,301.1203,301.0330,305.2082,305.1387,305.3949,260.8152,266.3865,268.5581,280.4644,277.8904,274.1034,285.8258,274.6971,264.1281,273.1792,272.8508,311.3645,311.3646,307.0162,299.7321,306.1087,248.0261,263.0551,260.6050,295.5408,297.2756,270.7040,0.0000,280.9904,288.5467,260.8531,263.2385,297.5898,297.3002,308.4733,302.9467,300.0205,247.8498,230.3548,277.8903,230.6012,258.7252,294.2098,291.3898,316.2805,330.5481,311.5855,298.1904,150.3712,267.3092,266.7260,270.4508,239.8662,272.9456,272.1882,277.3123,276.7037,304.1992,314.6109,273.5977,276.4284,277.1430,277.2310,276.2473,272.6300,277.1002,276.9727,278.3745,277.2490,277.1720,271.3022,299.9253,293.9434,297.2824,0.0000,277.2510,301.8168,277.2507,281.6936,282.9180,297.3418,286.9681,277.7564,313.3601,300.5066,275.0462,277.3623,275.9994,274.7185,294.3575,255.8325,268.3872,274.7182,277.2020,249.5373,310.0099,310.6357,312.6221,270.6254,275.8590,270.3047,273.6080,273.4017,298.0110
24.0000,284.4949,297.1240,298.0066,287.7026,278.3740,271.8692,271.3409,298.9805,303.4637,305.8464,303.2240,306.1881,302.0727,293.8490,258.0978,175.4654,281.3956,282.3744,276.2407,295.3477,275.4045,269.9154,272.3217,277.3742,272.3917,276.1703,276.6143,292.8936,311.5616,296.6609,299.8589,301.1825,311.1320,285.3458,284.8248,306.0673,303.7273,285.0520,304.2880,285.3227,301.8076,286.1374,303.7922,303.2934,312.6062,258.9270,274.2169,272.8786,248.4194,265.4941,259.8985,267.0543,275.6576,270.7531,272.5301,268.6056,288.1065,266.8130,252.5291,258.6778,271.6975,271.8752,267.0484,267.3069,270.6619,272.0341,272.2097,277.0212,273.2744,274.3216,275.9822,274.9406,262.9171,271.7425,260.4344,293.2659,289.5304,312.0663,308.5947,286.5220,292.9964,283.7963,303.8192,304.0133,304.2259,305.1088,304.4612,303.8267,304.6864,301.1382,299.2520,304.6812,297.4890,293.8246,293.2653,289.1597,291.8140,293.2663,0.0000,303.3555,305.6838,304.7185,278.4390,284.5906,276.4521,276.7817,272.4762,271.2490,271.2816,0.6491,300.6949,274.5567,308.8544,302.9959,271.6378,266.5940,290.0981,284.9868,298.3719,268.4700,273.2269,304.8170,304.4067,295.9465,256.6616,298.9298,304.8927,270.8039,252.7441,252.8099,292.6829,260.9117,259.1623,296.2206,300.4711,300.5545,304.5588,304.4829,304.7512,260.1768,265.8967,268.0587,279.7800,277.2124,273.1790,285.1881,273.9679,263.4283,272.3293,272.0469,310.8466,310.8467,306.5033,299.0808,305.4830,247.1356,262.5293,259.9554,294.8716,296.6142,269.7716,0.0000,279.7967,287.9029,260.1686,262.5435,296.9219,296.6157,307.9777,302.3001,299.3480,247.3580,230.0319,276.8314,230.2709,258.8904,293.7102,291.3201,316.1598,330.2224,311.2585,297.6691,150.0004,266.5543,265.9770,269.6029,239.7662,272.4411,271.6609,276.8161,276.2125,304.0426,314.4970,273.1176,275.3361,276.1813,276.2719,275.3032,271.7066,276.1386,276.0513,277.4571,276.2893,276.1855,270.3870,299.2520,293.2633,296.6210,0.0000,276.4221,301.1628,276.4218,281.0015,282.2227,296.6689,286.1039,276.8030,312.9824,299.8528,274.0621,276.4336,275.0008,273.9404,293.8490,254.8982,267.6344,273.9403,276.7245,248.8785,309.5315,310.1731,312.3911,269.6895,274.7978,269.3738,272.7692,272.5939,297.3760
25.0000,284.4949,295.6190,296.5000,286.4946,277.2732,270.0914,269.4996,296.6793,301.8130,303.6249,301.0907,303.9081,300.2709,288.1929,256.7050,174.5537,279.4296,280.6590,274.6106,294.0042,273.9520,268.4883,270.8957,275.9971,270.5016,274.2725,274.7196,287.6809,309.4961,295.1567,298.3127,299.6649,309.1048,284.6372,284.0647,303.9275,302.0411,282.7084,302.4802,285.3063,301.4573,283.9333,301.5662,302.9128,310.6177,257.5972,273.2586,271.9466,247.1651,264.2503,258.5903,265.6005,275.1353,269.6548,271.2404,267.1406,286.4435,265.5241,251.2461,257.4591,270.5578,270.7595,265.8030,266.0609,270.6619,270.8974,271.1263,275.9058,272.1313,273.1529,274.9098,273.7923,261.7633,270.6024,259.1634,291.7562,287.9187,310.0077,306.4726,283.5979,291.4163,282.1069,302.1328,302.3739,302.6025,303.5006,302.8295,302.1912,303.0647,298.7932,297.6477,302.9297,295.8423,292.2994,291.7557,286.9172,289.3167,286.7631,0.0000,301.2680,303.5567,302.9785,277.0230,283.6832,274.9229,275.2853,271.1615,270.0800,270.1260,0.6491,299.0799,273.4382,306.7422,301.3607,269.7873,265.1195,288.7324,283.6739,296.8252,266.9865,272.1410,303.1027,302.6656,294.4280,255.3616,294.9082,302.6693,269.5721,251.4615,251.5269,291.1304,259.5831,257.3641,293.8000,298.9244,296.2219,302.8717,302.8229,303.0946,258.8308,264.1232,266.2917,278.4474,276.1262,272.0870,284.5691,272.5642,262.0869,271.1496,270.9029,308.2644,308.2645,304.0322,297.5448,303.8646,246.3910,260.7960,258.4789,293.2891,295.0928,268.5342,0.0000,278.1426,286.6981,258.8714,261.3031,295.3875,295.0341,305.8023,300.6989,297.7435,245.7438,228.4618,275.2115,228.7027,256.3527,288.2126,290.3436,313.8071,327.3912,309.2287,295.2721,149.2042,265.2910,264.7220,268.4117,237.9037,271.7140,269.8305,274.9515,274.3163,302.4955,312.2712,271.1968,274.4690,275.2133,275.2994,274.2713,270.6159,275.1699,274.9450,276.3427,275.3183,275.2363,269.3556,297.6478,291.7537,295.0997,0.0000,273.9003,299.5872,273.8999,279.6050,280.7944,295.0719,284.4127,274.8851,310.9376,298.3067,272.4533,274.8945,273.2908,270.9735,288.1929,253.7520,266.1171,270.9733,274.5221,247.7027,307.4302,308.0863,310.3960,268.4509,273.8842,268.1382,271.5810,271.4448,295.8857
26.0000,284.4949,295.5081,296.3739,286.1990,276.9754,270.5124,269.9448,302.7490,301.9086,313.1466,304.1220,311.5369,300.0422,291.2463,256.4002,174.4056,279.0184,280.2732,274.2066,293.7967,273.9102,268.2925,270.7379,275.8561,271.0860,274.8481,275.3003,290.2883,314.5017,295.0557,298.3014,299.6576,313.9762,285.0736,284.4526,307.9425,302.1696,284.0294,302.7613,285.2849,300.9973,286.8159,304.6526,302.4132,315.4887,256.8334,272.7412,271.4257,246.8929,263.5088,257.8243,264.4961,274.8684,269.2242,270.2251,265.9472,286.1244,264.7913,250.5350,256.8459,270.1374,270.3242,265.1371,265.3891,270.6619,270.4797,270.7222,275.4090,271.6875,272.7051,274.2520,273.3152,261.2654,270.1812,258.5976,291.7076,287.6527,314.9987,312.0277,285.4892,291.5014,281.6358,302.2589,302.4278,302.6776,303.5594,302.9208,302.2809,303.1201,303.3212,297.7348,303.1904,296.1145,292.2994,291.7071,289.8410,292.4085,289.3514,0.0000,304.2743,307.4377,303.1605,276.8980,284.0840,274.5188,274.9100,270.8035,269.6807,269.7177,0.6491,299.1379,272.7749,311.8950,301.3996,270.2108,265.0687,288.3931,284.0079,296.8461,265.7774,271.6764,303.2902,302.8660,294.3332,254.6507,296.7835,312.8932,269.2169,250.7539,250.8192,291.0004,259.3527,257.9199,297.5317,298.9031,298.3025,302.9525,302.9411,303.2008,258.0282,264.5199,266.7003,278.2446,275.6677,271.6274,283.6986,272.3600,261.8543,270.7407,270.4869,312.5381,312.5382,308.4066,297.5117,303.7026,245.6397,260.7151,258.2097,293.4212,295.1009,268.2026,0.0000,277.8499,286.3992,258.1142,260.5850,295.3842,295.0244,313.1103,300.6807,297.8275,244.7228,227.2885,274.7982,227.5401,252.6698,291.0946,290.7627,314.3185,331.1604,314.0902,299.2272,149.1116,264.5902,264.0278,267.8698,235.7803,271.4195,270.2598,275.4232,274.8867,302.9037,312.7620,271.7664,273.8678,274.6940,274.7812,273.7752,270.1558,274.6510,274.4446,275.8399,274.7991,274.6870,268.8980,297.7348,291.7054,295.1076,0.0000,273.5319,299.6091,273.5315,279.4658,280.6863,295.2047,284.0427,274.4994,315.8927,298.2953,272.0707,274.4791,272.9024,270.6305,291.2463,253.2336,265.7809,270.6302,275.4989,247.0220,312.5744,313.1439,315.2655,268.1229,273.2885,267.8069,271.1788,271.0296,295.7159
27.0000,284.4949,295.2964,296.1420,286.0918,276.9694,270.0543,269.4777,301.0747,301.5500,311.2586,303.0006,309.7086,299.5632,289.8102,256.0613,174.1752,278.6103,279.9629,273.5287,293.4368,273.5935,267.9578,270.4170,275.5892,270.5738,274.3345,274.8058,289.0700,312.8322,294.8579,297.9958,299.2793,312.1678,284.7544,284.1694,306.6020,301.8044,283.3061,302.4124,285.2639,300.5493,285.6986,303.4630,301.9267,313.6457,256.1467,271.5926,270.2632,246.5939,262.5209,256.7746,263.5296,274.1558,268.5300,269.2871,264.9399,285.8855,263.8034,249.8650,256.3160,269.3326,269.4929,264.1802,264.4301,270.1201,269.7307,269.9871,274.4750,270.8568,271.8896,273.3439,272.5820,260.7354,269.3783,257.9959,291.6913,287.4898,313.3176,310.4444,284.5859,291.2544,281.3217,301.8915,302.0801,302.3157,303.1889,302.5688,301.9268,302.7595,301.8031,297.5301,302.8758,295.8238,292.2994,291.6908,288.7591,291.2228,288.1469,0.0000,303.1795,306.1354,302.7873,276.6148,283.5936,273.8486,274.2760,270.0909,268.9096,268.9356,0.6491,298.8842,271.8572,310.3341,301.1306,269.6924,264.6536,288.0521,283.1657,296.5835,264.7834,270.7560,302.9484,302.5285,294.2005,253.9845,295.7692,311.0147,268.4667,250.0861,250.1512,290.9116,258.9986,257.4325,296.1871,298.5795,297.0423,302.5831,302.5831,302.8229,257.3456,264.1113,266.2650,277.9445,275.3703,270.7079,283.9198,271.9632,261.4968,269.9859,269.7393,310.6174,310.6175,306.6655,297.2324,303.4277,245.9034,259.8695,257.7112,293.1753,294.8655,267.4545,0.0000,277.0434,286.2953,257.0746,259.5962,295.1378,294.7598,311.3689,300.4637,297.6207,243.4029,225.5820,274.1364,225.8571,248.2903,289.7373,290.2757,313.1824,328.5289,312.2675,297.8312,148.9192,263.6187,263.0550,266.9854,232.8359,270.7337,269.7871,274.9082,274.3732,302.0375,311.6594,271.2496,272.7439,273.5288,273.6190,272.7459,269.2419,273.4881,273.5132,274.9019,273.6356,273.4451,267.9959,297.5301,291.6895,294.8721,0.0000,273.0178,299.2876,273.0175,279.1589,280.3603,295.0219,283.7511,273.8744,314.1368,297.9899,271.4083,273.7952,272.1531,270.1005,289.8102,252.7237,265.4532,270.1002,274.8692,246.0846,310.9836,311.5346,313.4257,267.3749,272.1742,267.0597,270.3966,270.2716,295.3310
28.0000,284.4949,295.3653,296.2116,286.1694,277.0755,270.6294,270.0187,301.8760,301.6541,311.9137,303.6079,310.2903,299.7382,291.8685,256.2107,174.2580,278.6659,280.0552,273.6727,293.2556,273.8782,268.0462,270.6026,275.8064,271.2443,275.2098,275.6927,290.6623,313.6111,294.9266,298.0248,299.2108,312.9881,285.0406,284.4720,307.2204,301.9312,284.1977,302.6037,285.2742,300.7699,286.6397,304.1324,302.1663,314.5127,256.6178,272.7022,271.4407,246.7255,263.3818,257.6645,264.0629,274.6394,268.6522,269.9552,265.4879,285.9858,264.6931,250.2804,248.1330,269.9946,270.2068,265.0152,265.2753,270.6506,270.2286,270.4308,275.3244,271.4332,272.3519,274.1333,272.8836,259.0953,270.0413,258.3596,291.7062,287.5500,314.1073,311.1478,285.6201,290.7117,281.4296,302.0190,302.1976,302.4002,303.2622,302.6886,302.0400,302.8527,302.6813,297.5660,303.0412,295.9400,292.2994,291.7057,289.7195,292.2211,289.7290,0.0000,303.7409,306.7542,302.9405,276.8626,284.0375,273.9751,274.4313,270.5150,269.5110,269.5706,0.6491,298.9192,272.6346,311.0431,301.1545,270.2358,264.6132,288.1128,283.9387,296.6056,265.3483,271.5655,303.1240,302.7914,294.2562,254.4179,297.0310,311.6582,269.0153,250.5015,250.5667,290.9639,259.1305,258.0708,297.1363,298.6075,298.4418,302.7128,302.7184,302.9558,257.8710,264.6980,266.8421,278.0699,275.4948,271.5127,283.9939,272.0959,261.6300,270.5143,270.2355,311.5422,311.5422,307.5761,297.2711,303.3342,245.6905,260.2786,257.9342,293.2551,294.8598,268.0148,0.0000,277.4291,286.3700,257.9574,260.4401,295.1396,294.8044,312.0578,300.4303,297.6562,244.4568,226.6022,274.2834,226.8763,250.1060,291.6232,290.6542,314.0679,329.4332,313.0865,298.7615,148.9906,264.4829,263.9042,267.7387,234.0991,271.2203,270.3259,275.6683,275.2457,302.6713,312.5131,271.9694,273.8553,274.6450,274.7318,273.6755,270.0400,274.6017,274.3491,275.7595,274.7503,274.6542,268.9249,297.5660,291.7042,294.8664,0.0000,273.0620,299.3444,273.0617,279.2767,280.4760,295.0842,283.8507,273.9726,314.9515,298.0190,271.5538,273.9084,272.3301,270.1231,291.8685,249.1504,265.5809,270.1224,275.6492,246.8847,311.7102,312.2774,314.2850,267.9375,273.2620,267.6193,270.9557,270.7933,295.3017
29.0000,284.4949,295.2462,296.0710,286.2170,277.1944,270.0251,269.4227,301.3248,301.4788,311.1138,302.9190,309.4554,299.6371,288.4322,255.9519,174.1539,277.8002,279.4729,273.2411,292.9930,273.6066,267.7141,270.3177,275.6463,270.5333,274.4185,274.8943,288.1462,312.7429,294.8178,297.9224,299.1073,312.0428,284.6939,284.1088,306.5314,301.7318,283.1276,302.3325,285.2695,300.6678,285.7019,303.3643,302.0554,313.5235,256.6362,272.8200,271.5785,246.6163,263.3795,257.6762,264.0922,274.8250,268.7267,269.9432,265.5035,285.5472,264.7127,250.3303,248.1330,270.1060,270.3271,265.0432,265.2955,270.6618,270.2717,270.4760,275.4133,271.5127,272.4028,274.0902,273.0780,259.7888,270.1526,258.4523,291.6824,287.2219,313.2258,310.3465,284.2977,291.1809,280.7912,301.8191,302.0423,302.2386,303.1064,302.4892,301.8497,302.6976,301.8866,297.4645,302.8233,295.7818,292.2994,291.6819,288.7935,291.1778,287.2040,0.0000,303.1005,306.0573,302.7278,276.6628,283.5903,273.7036,274.2030,270.4954,269.6119,269.6861,0.6491,298.7904,272.5889,310.2431,300.9960,269.6246,264.0630,288.0143,283.2824,296.5617,265.3603,271.6702,302.9137,302.5737,294.1782,254.4605,294.9298,310.8528,269.0918,250.5517,250.6169,290.8067,259.0155,257.3942,296.2061,298.4955,296.0484,302.5183,302.5131,302.7374,257.8506,264.1072,266.2462,278.0857,275.7672,271.6138,284.2947,271.9764,261.5139,270.5691,270.2763,310.6241,310.6242,306.7125,297.1672,303.3590,246.0122,259.6712,257.5758,293.1517,294.8548,268.1076,0.0000,276.9281,286.4217,257.9676,260.4434,295.1316,294.7894,311.2588,300.3947,297.5547,244.5492,226.7218,273.8433,226.9942,248.2009,288.5313,290.2081,313.4064,328.3066,312.1386,297.8700,148.8961,264.5038,263.9241,267.8052,233.9525,271.2448,269.7186,274.9235,274.4555,302.0594,311.8539,271.2417,273.9282,274.7500,274.8348,273.7701,270.1428,274.7069,274.4330,275.8427,274.8532,274.7616,269.1849,297.4645,291.6807,294.8614,0.0000,271.8656,299.2130,271.8653,279.2385,280.4095,294.9872,283.3347,273.2855,314.0805,297.9166,271.1240,273.6246,271.8498,268.6164,288.4322,249.6318,265.1979,268.6164,274.7541,246.8877,310.8927,311.4437,313.3025,268.0335,273.3610,267.7125,271.0066,270.8455,295.1512
30.0000,250.8415,255.0429,255.7468,247.0815,239.2862,233.7009,232.9748,260.6644,260.3692,268.7335,261.7550,267.2618,258.7105,250.5715,220.7572,150.2352,239.6326,241.1797,235.0453,252.9264,236.3617,231.0352,233.3835,238.0115,234.3015,237.7363,238.1916,250.1057,269.9436,254.6790,257.3125,258.3226,269.2679,250.1542,249.3702,264.7943,260.6031,246.0290,261.2008,251.5213,265.0349,247.2130,262.1937,266.2526,270.5404,220.5645,233.5623,232.4874,212.6283,225.7652,220.8675,226.7749,235.7366,230.9825,231.4933,227.9471,246.4911,226.7947,215.1420,221.2058,231.2902,231.4751,227.0720,227.2790,232.1952,231.7645,232.0164,235.7447,232.5268,233.3200,234.9500,234.1473,225.1452,231.3294,222.2057,252.0721,247.9888,270.3485,267.9825,246.6856,251.5530,242.3391,260.6770,260.8513,261.0001,261.7292,261.2311,260.6943,261.3938,261.1612,256.9795,261.6124,255.5119,252.6192,252.0718,249.9745,252.1700,249.2969,0.0000,261.8741,264.3833,261.5200,238.9159,248.5493,235.4203,235.8765,232.2249,230.8507,230.9195,0.6491,258.0947,233.6765,267.8868,259.9498,233.0615,227.8866,248.5535,247.0118,256.1295,227.8102,232.6053,261.6595,261.3756,254.1586,218.7089,255.5981,268.5017,230.7819,215.3352,215.3913,251.2348,223.3035,222.9224,256.3953,257.8034,256.6704,261.2833,261.2804,261.4784,221.6183,228.5779,230.4300,239.8703,237.6492,232.5548,245.2056,234.4659,225.4574,231.9425,231.7588,268.7206,268.7207,265.3421,256.6719,262.0650,211.7488,224.2452,222.2372,253.2116,254.6594,229.9240,0.0000,238.0654,247.2572,221.1132,223.2206,254.8930,254.5996,268.7843,259.5217,257.0564,209.7689,194.8379,235.5658,195.0528,217.5099,250.5692,254.8953,274.8575,284.1477,269.3462,257.7923,128.4878,226.6150,226.1368,229.3763,202.4627,232.6790,233.2275,237.9386,237.7609,265.0255,273.5158,234.9076,234.5030,235.2093,235.2797,234.3647,231.3078,235.1728,234.9323,236.1103,235.2959,235.2211,230.5630,256.9795,252.0710,254.6650,0.0000,234.3503,258.4239,234.3500,240.9013,241.9225,254.8638,244.5470,235.2577,271.0186,257.3076,233.2190,235.3471,233.8070,231.5678,250.5715,218.2346,228.7839,231.5677,238.0967,211.6023,268.4223,268.8727,270.3498,229.8668,234.0286,229.5869,232.4029,232.2545,254.8237
31.0000,284.4949,294.4219,295.0663,280.0568,271.6068,265.3078,264.4081,294.1768,295.0264,302.9445,294.9397,301.2384,292.7175,284.0553,270.1428,171.5396,388.0685,345.3837,189.2068,288.3190,268.2554,262.2183,264.8789,270.0913,265.9023,269.8119,270.3403,283.2557,304.2491,294.0284,293.3465,294.1115,303.5034,283.8260,282.8230,298.3731,295.1538,278.8613,295.3814,285.2687,300.6519,278.8351,295.5812,302.0381,304.9376,229.3594,234.1578,233.0734,242.8159,228.1724,223.0023,235.1508,238.3885,233.2570,237.1500,236.1443,329.9754,228.6427,223.7823,224.0117,231.7722,231.9652,228.7211,229.0094,234.4266,233.8174,234.1419,236.2359,232.9992,233.8160,237.8978,234.6581,227.9828,231.8115,232.0544,294.1377,322.0918,304.7160,302.0058,279.4022,285.1183,347.1926,295.2369,295.4156,295.6970,296.4643,296.3554,295.8013,296.0479,294.7666,289.2455,295.6797,287.0459,284.1439,294.1371,282.0340,284.9268,282.3554,0.0000,294.9062,297.8397,295.8774,272.0580,282.0197,213.0566,232.7165,231.7388,230.8507,231.2729,0.6491,290.5214,236.1484,301.8816,292.8832,264.4922,258.7051,282.4886,280.3006,290.2900,235.8528,233.1455,296.1709,296.1592,294.6225,227.6982,289.4491,302.6756,230.8329,224.0204,224.0787,304.4687,244.9221,252.9880,289.5559,293.9035,290.7285,295.8011,296.2215,296.5054,230.4725,259.4786,261.5888,265.0088,262.5549,233.0948,277.6073,250.7995,247.2846,231.8473,233.7078,303.2900,303.2901,299.4766,293.5085,296.0018,244.2673,271.4085,271.0348,283.8275,288.6385,230.6623,0.0000,191.5186,280.2499,223.2385,225.2709,288.8866,288.4018,302.9245,292.6881,289.3372,211.9166,197.0013,189.6046,197.2098,220.9253,283.9505,289.2824,312.4153,320.7970,303.5921,291.0846,146.6918,228.4249,227.9175,230.4389,205.0901,234.8406,264.6983,270.0492,269.8367,300.9902,310.8501,266.5805,235.0879,235.8149,235.8870,234.9569,231.8852,235.7775,235.4492,236.5864,235.9029,235.8098,231.1597,289.2455,294.1199,288.6463,0.0000,2.7617,294.1544,2.7966,265.2920,264.8452,286.5083,337.2116,130.3852,305.4663,293.3422,187.7330,212.9882,188.2604,2.7455,284.0553,221.0333,299.6467,2.7455,270.0400,213.5459,302.4982,303.0205,304.7228,230.6141,234.5995,230.3321,233.7759,234.1095,289.7278
32.0000,284.4949,295.0324,295.8387,285.7066,276.7013,270.0449,269.4318,301.5175,301.2010,310.6734,302.6747,308.9780,299.1550,290.2306,255.8388,173.9731,278.0621,279.6825,272.7400,292.6349,273.4139,267.5756,270.1549,275.3720,270.6176,274.5368,275.0129,289.3219,312.1244,294.6196,297.6471,298.7995,311.4073,284.7773,284.2068,306.1502,301.4780,283.4356,302.2021,285.2538,300.3340,285.7151,303.1628,301.6928,312.9093,256.1887,272.7205,271.5021,246.3373,263.3855,257.7268,263.5653,274.9261,269.7560,269.4533,264.9716,285.6437,264.5287,249.8850,260.3704,269.6238,269.8894,264.8278,265.0580,270.6619,270.1442,270.5172,274.9557,271.1230,272.0340,273.9653,273.2608,264.6722,269.6682,258.0484,291.6734,287.2829,312.5870,309.8362,284.7317,291.0005,281.1691,301.5630,301.7626,301.9303,302.7729,302.1896,301.5685,302.3874,301.9734,297.2872,302.6831,295.6179,292.2994,291.6730,288.8569,291.3610,288.4109,0.0000,302.8243,305.6920,302.5411,276.4385,283.6899,273.2836,273.8398,270.5595,269.0766,269.1549,0.6491,298.5482,272.5146,309.7340,300.6588,269.6776,263.9982,287.5653,283.4203,296.2979,264.8325,271.3501,302.7173,302.4021,294.0434,254.0277,295.8666,310.4062,269.2877,250.1088,250.1739,290.8412,258.7316,257.4743,296.3534,298.2074,296.9702,302.2598,302.2519,302.4679,257.4202,264.1262,266.2655,277.7185,275.1467,271.2843,283.2104,271.6826,261.2273,270.2989,270.1154,310.6242,310.6243,306.7604,296.9107,303.1302,245.3472,259.9297,257.5823,292.9787,294.5941,268.4608,0.0000,276.0330,285.9064,258.0025,260.4047,294.8574,294.5136,310.7032,300.2148,297.3755,245.0654,227.8850,273.3176,228.1225,255.6370,290.0856,290.2385,313.4120,328.4421,311.5006,298.0021,148.7419,264.3062,263.7602,267.4493,237.2370,271.2772,269.7348,274.9945,274.5664,301.9372,311.8390,271.3262,273.6315,274.6333,274.7137,273.5431,269.9278,274.5883,274.0351,275.3464,274.7334,274.6139,269.4770,297.2872,291.6721,294.6005,0.0000,272.0296,298.9358,272.0292,278.9295,280.1187,294.8685,283.4620,273.0282,313.3915,297.6415,270.6110,273.1871,271.1553,268.8627,290.2306,256.8581,265.2098,268.8624,274.9439,246.8511,310.3557,310.8807,312.6844,268.4202,273.0378,268.0934,271.1435,270.7908,294.7703
33.0000,284.4949,295.0279,295.8231,285.9949,277.0533,270.6550,270.0831,302.2266,301.0811,311.1041,303.1942,309.3718,299.0966,293.2745,256.2732,174.2376,278.3898,279.9573,273.7827,292.6386,273.8414,268.1569,270.6736,275.7335,271.3005,275.1869,275.6562,291.9969,312.5965,294.6207,297.6214,298.7798,311.8600,284.9480,284.4964,306.6212,301.3272,284.4480,301.9497,285.2402,300.0422,286.5487,303.7033,301.3759,313.3620,257.4219,275.5633,274.3374,246.8384,265.3799,259.7309,265.0731,275.7992,271.6235,271.2736,266.5318,285.7880,266.7560,251.0983,253.6307,272.3159,272.6222,267.1075,267.3543,270.6619,272.2873,272.5341,277.7282,273.8869,274.8187,275.9072,275.9779,265.9579,272.3593,259.2042,291.6749,287.4525,313.0672,310.2820,286.0451,291.0327,281.4668,301.4119,301.6127,301.8051,302.6404,302.0637,301.4531,302.2445,302.7283,297.2590,302.5067,295.6120,292.2994,291.6746,289.7340,292.3423,291.0689,0.0000,303.2139,306.1206,302.2786,276.7759,283.9697,274.3882,274.9675,272.7222,271.6795,271.8357,0.6491,298.5032,274.5153,310.1793,300.5755,270.3484,264.5804,287.7167,283.9206,296.2996,266.3894,274.1533,302.5626,302.2439,294.0407,255.2360,297.3997,310.8310,271.9115,251.3192,251.3847,290.9012,259.2455,258.1239,297.2328,298.1761,298.3743,302.1566,302.1219,302.3419,258.6352,264.7248,266.8681,278.0532,275.4782,274.0719,283.8186,272.2148,261.7460,272.5990,272.2609,311.3958,311.3959,307.5268,296.8915,303.1599,246.0714,260.2124,257.9801,293.0172,294.6268,271.2352,0.0000,277.3700,286.1932,260.0147,262.4467,294.8862,294.5381,311.1165,300.2120,297.3473,246.7311,229.3995,274.3797,229.6404,256.8278,292.7158,290.3467,313.0949,329.2456,311.9529,298.8463,148.9288,266.5491,265.9708,269.9279,238.5965,272.6242,270.3834,275.6481,275.2201,301.8905,311.5682,271.9973,276.4972,277.4985,277.5762,276.3707,272.8219,277.4525,276.8159,278.1419,277.5969,277.4779,272.7658,297.2590,291.6736,294.6331,0.0000,272.5034,298.8806,272.5031,279.2598,280.4302,294.8592,283.6484,273.8846,313.8614,297.6158,271.6601,274.2773,272.1281,269.2889,298.7606,256.5179,265.5838,269.2877,275.8185,248.7868,310.8074,311.3417,313.1370,271.2098,275.8861,270.9176,273.6242,273.0502,294.7833
34.0000,284.4949,294.9353,295.7188,286.1454,277.3350,270.4563,269.9227,301.0762,300.9207,309.9191,302.6506,308.3183,298.9703,292.3497,256.7237,174.4878,278.6047,280.0901,275.5010,292.6145,273.8697,268.0944,270.6503,275.8627,271.0436,274.9093,275.3681,291.1663,311.4108,294.5372,297.5122,298.6513,310.5952,284.6865,284.2845,305.8754,301.1570,283.9660,301.7839,285.2184,299.5781,285.8191,303.1862,300.8718,312.0591,259.1020,280.2538,278.9053,247.4029,268.9187,263.2972,266.8083,278.3359,276.4093,273.8462,268.3030,285.8062,270.6087,252.7383,265.4798,276.7828,277.0984,271.0371,271.2958,272.5072,276.1255,276.4295,282.3924,278.7016,279.8610,279.3485,280.7363,274.2400,276.8260,260.9012,291.6519,287.4492,311.8478,309.2417,285.4559,291.0090,281.5368,301.2396,301.4478,301.6434,302.4711,301.8919,301.2861,302.0764,301.7244,297.1039,302.3793,295.5180,292.2994,291.6515,288.9527,291.5751,290.2256,0.0000,302.6564,305.3943,302.0938,276.8694,283.6817,276.2663,276.8633,276.2176,275.9953,276.2781,0.6491,298.3166,278.0887,309.1569,300.3645,270.1882,264.4026,287.8115,283.5752,296.2450,268.1797,278.8923,302.4150,302.0980,293.9720,256.9049,296.7576,309.6670,276.1247,252.9610,253.0269,290.8833,259.9189,257.8794,296.3562,298.0550,297.5092,301.9743,301.9517,302.1520,260.3260,264.4599,266.6425,278.4364,275.8810,278.8135,284.2173,272.9785,262.4260,276.5298,276.0870,309.9605,309.9605,306.2971,296.7886,302.6391,246.5569,260.6887,258.4358,293.0005,294.6028,275.6193,0.0000,278.9277,286.3436,263.5894,266.0619,294.8553,294.5326,309.9361,299.8782,297.1879,249.9371,232.3557,276.0797,232.6010,259.5893,291.8357,289.8000,311.0541,327.2096,310.6798,297.9330,149.0926,270.4213,269.8085,274.1331,241.5128,275.8430,270.2153,275.3988,274.9456,300.7063,309.6691,271.7470,281.0519,282.2655,282.3443,281.1293,277.9342,282.2171,281.5008,282.8093,282.3650,282.2199,277.7910,297.1039,291.6507,294.6090,0.0000,273.0647,298.7524,273.0645,279.6590,280.8281,294.7830,283.6998,275.2116,312.6147,297.5067,273.3989,276.1406,273.8429,269.7791,298.3136,268.5290,265.9135,269.7788,275.4619,252.2139,309.7420,310.2408,311.8389,275.6025,280.4195,275.4097,277.7329,276.9746,294.7328
35.0000,284.4949,295.2308,295.9526,286.5133,276.6821,274.6454,274.1630,299.6454,296.7742,308.0051,300.8156,306.4425,297.3850,288.9412,276.5851,272.3778,285.9831,287.6977,280.2860,291.9713,279.6778,272.9651,275.8916,282.2785,274.6076,278.6641,279.1751,288.6985,309.3533,294.8450,295.5318,296.2596,308.4367,285.5020,284.7496,304.0837,296.6808,285.0295,294.8715,285.2095,299.3902,284.6429,301.5371,300.6677,309.8326,269.5820,285.1753,283.7710,271.3899,274.7039,268.7655,277.1017,284.6171,283.0551,282.2148,278.4769,291.1064,276.0494,262.9983,277.1343,281.3563,281.6881,276.3401,276.6567,278.6042,281.9971,282.4520,287.2392,283.4644,284.7518,285.7254,285.8469,283.3047,281.4002,272.0979,292.5653,291.7894,309.7780,307.2941,285.7342,289.1917,289.1189,296.7621,297.0122,297.2933,297.8601,297.5073,297.0778,297.5125,300.4683,296.0603,294.5234,293.8850,292.2994,292.5649,287.8077,290.9463,287.7970,0.0000,300.8622,303.5639,295.9090,283.8143,285.0060,280.7754,281.3402,280.8439,280.1756,280.7257,289.5583,297.2387,284.1604,307.1952,299.1532,274.2903,269.1539,286.6406,285.9309,293.9381,278.2152,283.8217,295.8912,296.3754,294.5071,267.4678,291.7773,307.7590,280.3602,263.2541,263.3227,292.9761,273.0209,261.2702,295.4388,296.0651,292.5367,296.9998,296.9687,297.3739,270.8702,268.5647,270.7764,282.5700,279.9531,283.7593,283.9115,279.1256,275.6544,281.0990,281.8846,308.5745,308.5745,304.9728,295.3635,301.4553,269.2938,282.2111,278.8469,292.4171,292.7641,280.3682,0.0000,283.8468,286.6142,269.0617,271.5709,293.0190,292.8799,307.9466,298.7484,296.1427,255.1704,237.1990,280.8865,237.4506,264.8384,288.9422,290.3045,310.0217,325.7969,308.5145,296.9179,272.3778,275.8259,275.1878,279.0671,246.5284,281.9175,274.4562,279.4360,278.7100,300.5740,308.7996,275.2806,285.7598,287.2299,287.3123,286.1356,283.3463,287.1788,286.3913,287.6828,287.3327,287.1545,282.8890,296.0603,292.5629,292.7679,0.0000,280.1138,296.0426,280.1134,283.5387,284.2169,293.8539,289.9900,280.7318,310.4782,295.5284,278.1881,280.6394,278.5747,277.1385,292.6894,280.3118,280.9705,277.1384,278.0243,257.4361,307.7558,308.2378,309.6222,280.3609,285.1091,280.2678,283.0621,282.7093,293.2495
36.0000,249.4707,252.5895,253.2019,245.3084,236.9484,235.4268,234.8001,255.9659,254.0136,263.0378,256.9144,261.8122,254.5280,247.3288,236.8498,233.4294,244.6148,245.9424,240.5498,249.7808,239.5547,233.5888,236.1826,241.7537,235.4734,238.9158,239.3911,247.1891,264.2112,252.2606,252.9227,253.5380,263.4292,249.1870,248.1898,259.7952,253.9321,245.0659,252.3965,250.0969,262.5216,243.2022,257.3719,263.6409,264.6461,231.3069,245.5521,244.4451,232.5352,236.9381,231.7914,237.9378,247.3153,244.5426,243.0121,239.1424,248.9164,237.9994,225.6574,248.1330,242.0384,242.3539,238.1775,238.4611,243.7927,242.7851,243.4686,247.2387,243.6929,244.6513,246.4680,245.9822,246.9405,242.0764,233.4599,250.4193,249.5748,264.5681,262.4821,245.0018,247.5529,246.8240,254.0006,254.2041,254.4631,254.9505,254.6296,254.2652,254.6435,256.6945,253.4129,252.1020,251.5397,250.2537,250.4191,245.9948,248.5446,246.4188,0.0000,257.0404,259.3317,253.2692,243.0583,247.9988,240.9944,241.4580,241.1762,241.0094,241.4721,247.8524,254.4135,245.0431,262.3936,256.0492,234.7716,230.3072,245.3554,247.2898,251.6100,238.8812,244.3326,253.2587,253.6653,252.0067,229.5027,249.7527,262.8450,240.8141,225.8781,225.9369,250.7165,233.9655,224.0368,252.3799,253.3774,250.4040,254.2033,254.1755,254.5255,232.4247,230.2265,232.1152,242.0364,239.7949,244.2913,243.0790,239.2181,236.2224,241.8822,242.6584,263.6969,263.6969,260.5992,252.7607,257.9251,230.8595,241.7948,238.8726,250.3173,250.6110,240.9449,0.0000,243.4403,245.3930,232.0383,234.1943,250.8259,250.7119,263.0401,255.6694,253.4821,220.0962,204.7159,241.0347,204.9266,229.9365,247.3631,253.3178,270.0814,278.5114,263.4941,253.6461,233.4294,237.7695,237.2363,240.3083,213.0689,244.2477,235.0443,239.4457,238.9511,262.0903,269.0675,236.0141,245.9763,247.2747,247.3462,246.3319,244.1783,247.2301,246.5317,247.6207,247.3637,247.1958,243.5957,253.4130,250.4176,250.6142,0.0000,239.9213,253.3662,239.9210,242.8685,243.4477,251.5381,247.9251,240.7794,265.1525,252.9198,238.7898,240.8820,239.1678,237.4293,250.5316,247.0071,240.4397,237.4293,238.3998,222.0049,262.8658,263.2736,264.4621,240.9444,245.3973,240.9225,243.4411,243.2952,250.9505
37.0000,284.4949,288.9617,289.7026,280.5598,270.8487,270.2118,269.4853,294.5864,290.4479,302.1468,294.5485,300.4937,291.3780,282.0743,270.9990,267.1703,279.9570,281.4949,274.0931,286.1715,274.3645,267.4669,270.4399,276.7047,270.3993,274.5480,275.0957,282.4509,303.2126,288.5605,289.1901,289.8181,302.6399,285.0090,283.7670,298.1171,290.3825,281.0099,288.6305,285.3235,301.8259,279.1108,295.0876,303.3132,304.2630,263.4442,278.6515,277.3466,265.7998,269.7803,264.1784,269.7800,278.3231,276.5624,276.8368,271.8592,284.8847,271.2380,256.8810,275.1537,274.2501,274.6320,271.1148,271.5447,271.9573,274.8892,275.4596,280.5782,276.4179,277.6789,279.8820,279.5255,278.7356,274.2960,265.8034,286.3920,285.6920,303.6431,301.2499,280.8250,282.6380,282.5418,290.4658,290.6967,291.0162,291.6335,291.2711,290.8111,291.2500,295.3541,289.9636,288.3141,287.6759,286.1319,286.3917,282.3335,285.2063,281.6201,0.0000,294.6762,297.5072,289.6404,278.2402,284.1953,274.3750,274.8833,273.1483,272.9726,273.5465,283.4553,291.1655,278.3484,301.1312,293.1197,269.5586,263.9693,281.1563,284.4745,287.2713,271.7761,277.0968,289.6893,290.2264,288.2706,261.3387,285.2255,301.8403,272.0959,257.1391,257.2061,286.8640,267.3034,257.9774,289.9854,289.7463,286.1251,290.7220,290.7256,291.1142,265.0176,264.4247,266.4875,276.7716,274.4645,277.0463,278.2672,273.2078,269.8816,274.0700,274.7611,305.3830,305.3831,300.9382,289.0356,295.6332,263.7879,277.7702,273.8382,286.2021,286.3034,272.3166,0.0000,277.6435,280.6518,264.4173,266.6548,286.5786,286.4261,302.0283,292.7927,290.0492,251.7082,234.7655,274.6793,234.9728,269.7477,282.4067,290.5409,312.9872,326.2088,302.7237,291.5615,267.1703,270.8161,270.1429,272.9104,246.3789,275.1478,269.7877,275.1215,274.5876,302.2460,311.6334,271.0436,278.9900,280.6008,280.6872,279.4806,277.0323,280.5480,279.7800,281.0303,280.7074,280.4968,276.2820,289.9637,286.3897,286.3064,0.0000,274.3599,289.7256,274.3595,277.6328,278.2617,287.6813,283.7765,274.7051,304.4852,289.1867,272.1679,274.2563,272.6021,271.5962,286.2171,277.5964,275.1426,271.5960,273.6034,252.7758,301.6740,302.1323,304.0173,272.3166,278.3044,272.3139,275.4785,275.4518,287.2563
38.0000,284.4949,295.4793,296.2793,286.7024,276.6572,274.8258,274.2987,294.6226,297.0872,299.4243,298.0153,299.5892,298.1111,287.2307,277.1973,273.1901,286.8288,288.2021,280.7004,292.9945,279.8714,273.0907,276.0540,282.4735,274.7094,278.8220,279.3021,286.9985,305.1028,295.0438,295.7194,296.4014,304.6607,285.9695,284.9112,300.6712,296.9881,284.0900,294.9320,285.3480,302.3513,281.0510,298.5071,303.8838,306.4206,269.7515,284.4581,283.0622,271.6426,275.7326,270.0326,276.4315,283.9295,282.8470,283.3516,278.5440,291.5417,277.3882,262.9438,281.9682,280.3299,280.6983,277.2021,277.6555,277.9599,281.0573,281.6493,286.7260,282.6485,284.0435,285.9530,285.8014,285.3692,280.3775,271.8626,292.6404,292.4485,305.5809,302.4525,283.9579,288.9334,289.3197,297.0822,297.3496,297.7431,298.4494,297.9484,297.4296,297.9968,296.4477,296.2222,294.5642,293.7818,292.2994,292.6400,283.7732,286.4057,286.1361,0.0000,298.2023,300.2164,296.1113,284.0333,285.9707,280.7795,281.2433,279.3468,279.0672,279.6331,289.6000,297.4657,284.4463,302.7384,299.4424,274.5800,269.2218,287.9855,287.8984,293.6578,278.4353,283.1413,296.1286,296.7384,294.6887,267.5074,290.9106,298.4183,278.2154,263.2036,263.2721,293.3510,273.1863,262.0892,291.1432,296.3140,291.8915,297.3950,297.2982,297.6842,271.4561,269.0144,271.0689,282.6238,280.0303,283.0806,284.5412,279.2249,275.8213,280.2211,280.9281,307.1355,307.1356,302.4325,295.5535,302.1925,268.7405,285.1820,280.4808,292.3616,292.6242,278.4414,0.0000,284.3255,286.8032,270.2778,272.5795,292.9189,292.7795,301.4209,299.1773,296.3204,257.2968,239.8935,281.3144,240.1098,274.6699,287.2396,292.2213,317.5169,328.3325,304.7409,292.7030,273.1901,276.9229,276.2073,278.9987,251.3735,281.3110,274.6135,279.6946,278.8720,305.4453,315.9832,275.3339,284.9665,286.4550,286.5439,285.4410,283.0806,286.4030,285.9266,287.1838,286.5637,286.2804,282.2919,296.2222,292.6374,292.6276,0.0000,281.2423,296.2842,281.2419,283.5768,284.2648,293.8617,290.5128,281.4675,306.4703,295.7157,278.8459,280.6740,279.3332,278.5195,292.0947,284.3243,281.5407,278.5192,277.5571,258.3922,303.3243,303.9021,306.1524,278.4414,284.2975,278.4414,281.6511,281.6241,293.9811
39.0000,284.4949,295.4961,296.3137,286.1242,275.9214,274.4760,273.9763,294.5721,296.7727,299.5788,297.9124,299.6642,297.6345,286.7838,277.3526,273.3094,287.2236,288.5107,281.2718,292.8788,279.5730,272.6880,275.6874,282.2151,274.3173,278.4513,278.9225,286.3997,305.2913,295.0601,295.4589,296.1245,304.9326,285.8719,284.7895,300.6881,296.6936,283.6390,294.7284,285.3433,302.2504,280.4621,298.3445,303.7743,306.7691,270.2031,284.8799,283.4777,271.7429,276.0966,270.3418,276.9027,284.5749,283.3281,283.9066,279.0176,291.8529,277.7970,263.3636,282.2662,280.8084,281.1778,277.6222,278.0883,278.4102,281.5229,282.1199,287.2230,283.1387,284.5468,286.4452,286.3169,285.8729,280.8564,272.2679,292.8241,292.7289,305.7803,302.5659,283.3803,287.1862,289.6230,296.7863,297.0375,297.4227,298.1264,297.7101,297.1783,297.6798,296.1242,296.2080,294.3873,293.6413,292.2994,292.8236,283.0062,285.5022,285.2369,0.0000,298.1251,300.2135,295.9229,283.8435,285.8732,281.2015,281.6325,279.7788,279.5345,280.1053,289.4262,297.4360,284.9152,302.8486,299.3953,274.3560,268.8093,287.6239,287.8030,293.2169,278.9138,283.6131,295.9320,296.5480,294.7775,267.9391,290.5943,298.5597,278.6678,263.6236,263.6922,293.5737,273.2754,261.7151,290.4919,296.0504,291.6596,297.1126,297.0674,297.4487,271.9338,268.6963,270.7341,282.5449,279.9284,283.5492,283.5192,279.3079,275.9113,280.6830,281.3922,306.9085,306.9086,302.1588,295.3599,302.5550,269.0480,285.3117,280.6538,292.2055,292.1519,278.8935,0.0000,284.9545,286.2181,270.5961,272.9524,292.4483,292.2454,301.5401,299.3708,296.3094,257.3137,239.5313,281.8931,239.7674,272.1447,286.7100,292.1354,317.6700,328.1542,305.0119,292.1420,273.3094,277.3364,276.6141,279.4440,250.0396,281.7822,274.2981,279.3524,278.5023,305.4243,316.1455,274.8190,285.4684,286.8765,286.9677,285.9100,283.5492,286.8249,286.4240,287.6822,286.9870,286.6729,282.7554,296.2080,292.8203,292.1551,0.0000,281.7880,296.0267,281.7876,283.5205,284.2210,293.7889,290.8412,282.0471,306.7022,295.4553,279.5193,281.1029,280.0034,279.1259,291.8012,284.7647,281.7559,279.1253,277.1085,258.7456,303.4546,304.0512,306.4886,278.8935,284.7853,278.8935,282.1167,282.0954,293.6949
40.0000,284.4949,295.5182,296.3325,286.2119,276.0551,274.6072,274.0981,294.0489,296.8223,299.0846,297.6037,299.1555,297.8519,286.9038,277.5843,273.5471,287.4099,288.6503,281.7909,292.9091,279.7463,272.9831,275.9472,282.3598,274.4384,278.5974,279.0684,286.5274,304.8646,295.0847,295.4953,296.1758,304.4921,285.7865,284.7615,300.3064,296.7422,283.6115,294.7590,285.3340,302.0496,279.9936,298.0078,303.5561,306.3332,270.6838,285.2585,283.8419,271.9781,276.4427,270.6593,277.2527,285.1049,283.6491,284.2521,279.3334,291.9455,278.1038,263.8262,282.4350,281.1047,281.4495,277.9280,278.3900,278.7805,281.8553,282.4497,287.5288,283.4366,284.8524,286.8383,286.6144,286.1574,281.1527,272.8044,292.8276,292.7838,305.3515,302.1438,283.2832,287.2361,289.7649,296.8358,297.0904,297.4759,298.1844,297.7442,297.2107,297.7358,295.5958,296.1198,294.4078,293.6412,292.2994,292.8270,282.4681,284.9378,285.5448,0.0000,297.8367,299.8546,295.9697,283.9816,285.8145,281.6432,282.0296,280.1286,279.8482,280.4092,289.4456,297.3321,285.2859,302.4338,299.2868,274.5290,269.0911,287.7699,287.8008,293.2675,279.2378,283.9301,295.9578,296.5804,294.7971,268.4232,290.6681,298.0649,278.9975,264.0888,264.1576,293.5873,273.4909,261.8306,289.9392,296.0812,291.7101,297.1687,297.0938,297.4657,272.4268,268.8004,270.8533,282.6734,280.0556,283.8849,283.6049,279.5141,276.1289,281.0143,281.7246,306.2560,306.2560,301.5792,295.3934,302.0749,269.3359,285.4820,280.8632,292.2284,292.2025,279.2217,0.0000,285.4434,286.3046,270.9141,273.2759,292.5082,292.3679,301.0470,299.0753,296.2190,257.6037,239.7013,282.4248,239.9428,271.5092,286.8335,292.0035,317.2956,327.1807,304.5708,291.5951,273.5471,277.6436,276.9240,279.7453,250.0022,282.1188,274.4327,279.4984,278.6490,305.2223,315.7912,274.9964,285.4850,287.2715,287.3633,286.2554,283.8849,287.2190,286.7406,287.9891,287.3833,287.0793,283.0611,296.1198,292.8237,292.2057,0.0000,282.0755,296.0617,282.0752,283.6475,284.3450,293.7755,290.9425,282.4997,306.2638,295.4916,280.1296,281.5568,280.6539,279.4107,291.8648,285.0136,281.9516,279.4103,277.1633,259.0523,303.0359,303.6326,306.0518,279.2217,284.7684,279.2217,282.4501,282.4247,293.7942
41.0000,284.4949,295.4583,296.2553,286.2287,276.0910,274.7003,274.1629,293.5722,296.7935,298.7834,297.4573,298.9435,297.5864,286.8163,277.7037,273.6464,287.5298,288.7247,282.3584,292.8893,279.8643,273.2017,276.1430,282.4471,274.5329,278.7154,279.2077,286.4274,304.5425,295.0354,295.4456,296.1136,304.1582,285.7027,284.7171,300.0918,296.7156,283.5194,294.7340,285.3214,301.7792,279.5846,297.8682,303.2625,305.9835,270.4396,285.9592,284.5757,272.1136,276.8335,270.9862,276.9149,285.7109,284.1180,284.1916,278.9838,291.9923,278.4010,263.7176,282.6922,281.6135,281.9722,278.2784,278.7310,279.2634,282.3295,282.9277,288.0909,283.8888,285.2451,287.3126,287.0715,286.5744,281.6620,272.8726,292.8056,292.8003,305.0190,301.8607,283.1114,287.2140,289.8284,296.8095,297.0668,297.4484,298.1594,297.7079,297.1653,297.7119,295.0992,296.1222,294.3845,293.6239,292.2994,292.8051,281.9570,284.3936,285.4809,0.0000,297.6866,299.6514,295.9595,284.0656,285.7258,282.1704,282.5081,280.6189,280.3407,280.9111,289.4229,297.3066,285.7363,302.1542,299.2294,274.5705,269.2642,287.7209,287.7014,293.2443,278.9113,284.4900,295.9257,296.5592,294.7572,268.2841,290.5933,297.7865,279.4879,263.9817,264.0504,293.5744,273.6574,261.9210,289.4152,296.0213,291.5755,297.1485,297.0450,297.3927,272.0426,268.8646,270.9338,282.7769,280.1585,284.4480,283.6200,279.7058,276.2970,281.4918,282.2003,305.3946,305.3947,300.8683,295.3439,302.3961,269.5719,285.3812,280.8905,292.2271,292.1800,279.7203,0.0000,286.1347,286.3199,271.2456,273.6230,292.4754,292.2891,300.7454,299.2351,296.2230,257.8645,239.7708,283.0019,240.0215,270.7604,286.7371,291.8837,316.9177,325.6317,304.2351,291.0784,273.6464,277.9689,277.2606,280.1757,249.6858,282.5913,274.5030,279.6043,278.7652,304.9599,315.4172,275.2361,286.1000,287.9721,288.0588,286.8394,284.4480,287.9185,287.2962,288.5540,288.0806,287.8367,283.6328,296.1222,292.8018,292.1832,0.0000,282.2965,296.0135,282.2961,283.7522,284.4477,293.7616,291.0011,282.9560,305.9272,295.4420,280.7696,282.0991,281.3229,279.6074,291.8167,285.3814,282.0534,279.6069,277.1767,259.3814,302.7451,303.3332,305.7043,279.7203,285.3992,279.7203,282.9590,282.9083,293.7062
42.0000,284.4949,295.5149,296.2962,286.5582,276.4975,275.5184,274.9801,300.5142,297.1011,309.3884,301.1606,307.8243,297.9351,287.9017,277.9499,273.9072,287.7438,288.8649,283.1054,293.0223,280.3589,273.6137,276.5779,282.8485,275.4741,279.7435,280.2438,287.8347,310.5678,295.0989,295.6621,296.3613,310.1185,286.0797,285.1093,304.9700,297.0434,284.8967,295.1373,285.3070,301.4712,282.9338,301.6474,302.9279,311.9472,270.7934,286.5515,285.2078,272.4284,277.1618,271.3041,277.0516,286.2727,284.5577,284.3067,279.0717,292.0702,278.7224,264.0099,283.0213,282.1250,282.5096,278.6373,279.0780,279.7112,282.8006,283.3884,288.6198,284.3394,285.6327,287.7168,287.5457,286.9172,282.1729,273.2260,292.7711,292.8065,311.0371,308.3897,284.9128,287.4912,289.9664,297.1368,297.3690,297.7398,298.4395,297.9898,297.4498,298.0018,300.3922,296.3021,294.7808,294.0968,292.2994,292.7706,285.2750,287.8571,286.8766,0.0000,301.3479,304.3461,296.3428,284.4445,286.1625,282.7993,283.0829,281.1388,280.8396,281.4172,289.8125,297.4642,286.1357,308.2695,299.3445,275.3830,269.7967,288.0098,288.2607,293.5313,278.9993,285.0314,296.2749,296.9090,294.7779,268.6144,291.4144,309.0952,279.9820,264.2777,264.3465,293.5388,274.0254,262.8188,293.7304,296.2262,292.5502,297.4527,297.3459,297.6822,272.4543,269.6260,271.7242,283.1503,280.5286,284.9816,283.9446,280.1175,276.6687,281.9815,282.6744,310.4357,310.4358,306.0063,295.5234,302.3418,269.8100,285.4810,281.0543,292.5787,292.4621,280.2128,0.0000,287.0107,286.6476,271.5673,273.9599,292.7576,292.6225,309.1557,299.2850,296.4022,258.2184,240.0903,283.7825,240.3419,270.7240,287.9988,292.1335,316.5202,330.2423,310.1959,295.6769,273.9072,278.3086,277.6045,280.6176,250.0306,283.0288,275.3194,280.5321,279.7901,304.9417,315.0580,276.1876,286.8865,288.5528,288.6396,287.4377,284.9816,288.4991,287.8234,289.0772,288.6613,288.4357,284.1822,296.3021,292.7671,292.4652,0.0000,282.7030,296.2525,282.7027,284.1263,284.8328,294.0132,291.1007,283.5999,311.9475,295.6585,281.5691,282.7425,282.1412,280.0323,292.4732,285.7200,282.2582,280.0317,278.3794,259.7008,308.8677,309.3781,311.6676,280.2128,286.1850,280.2128,283.4186,283.3808,293.9514
43.0000,284.4949,295.3687,296.0995,287.1074,277.2529,275.9176,275.3969,301.4551,297.3708,310.5419,302.0645,309.2591,298.1014,288.8325,278.0531,273.9558,288.1986,289.0428,283.3737,292.9382,280.6817,273.9030,276.8750,283.1592,275.9179,280.2243,280.7248,288.7682,311.7762,294.9734,295.8260,296.4943,311.2129,286.1183,285.2240,305.9050,297.3005,285.5293,295.3762,285.2720,300.7212,284.0378,302.6842,302.1133,312.9763,270.6990,286.5482,285.2464,272.5801,276.6629,270.7823,276.8998,286.0937,284.4182,283.9555,278.9497,292.0689,278.1524,263.9517,282.5994,282.0858,282.4763,278.1801,278.5894,279.5288,282.7327,283.2957,288.5633,284.1891,285.3970,287.3887,287.3355,286.6173,282.1332,273.2094,292.5589,292.7418,312.2242,309.4786,285.7639,288.6426,290.1502,297.3925,297.6206,297.9890,298.6658,298.1635,297.6399,298.2371,301.4024,296.3592,294.9944,294.3028,292.2994,292.5584,286.4763,289.2818,287.8808,0.0000,302.1802,305.2779,296.5546,284.6949,286.1772,283.0430,283.2850,281.1974,280.8067,281.3826,290.0223,297.4928,285.8013,309.3626,299.3464,275.7843,270.1127,288.1662,288.2280,294.0231,278.9745,284.9863,296.4689,297.1140,294.6130,268.5429,292.0429,310.2935,279.9729,264.2192,264.2880,293.3638,274.1917,263.2420,294.9655,296.3722,293.2052,297.6845,297.5288,297.8566,272.3153,269.9753,272.1006,283.3636,280.7397,284.9400,284.8664,280.2985,276.8367,281.9454,282.6132,310.8063,310.8064,306.6606,295.6174,302.3313,270.1549,285.0890,280.9466,292.7834,292.9078,280.2054,0.0000,287.0284,287.2019,271.0552,273.4843,293.1896,293.0773,310.2701,299.2962,296.4586,257.4933,239.2905,284.0159,239.5479,268.4361,288.9307,291.8909,314.9907,329.3167,311.2869,296.8478,273.9558,277.7954,277.1148,280.3610,248.8018,282.8750,275.7322,280.9634,280.2696,304.1020,313.6133,276.6100,286.8466,288.5402,288.6260,287.3646,284.9400,288.4864,287.7571,289.0175,288.6478,288.4307,284.1546,296.3592,292.5557,292.9114,0.0000,283.7201,296.4251,283.7197,284.3311,285.0307,294.1154,291.1495,284.0806,313.0849,295.8224,281.8968,282.9989,282.4336,281.4779,292.9679,285.3825,282.3907,281.4776,278.9468,259.2498,309.9901,310.5260,312.7066,280.2054,286.1498,280.2054,283.3573,283.3160,294.0318
44.0000,284.4949,295.1166,295.8230,286.4955,276.6394,275.3894,274.8381,300.5517,296.8856,309.3508,301.4038,308.2254,297.3738,287.8507,277.7596,273.4257,288.1782,289.1848,283.0675,292.2345,280.1683,273.2936,276.3215,282.6710,275.4117,279.7313,280.2465,287.9530,310.4022,294.7442,295.3950,296.0386,309.6695,285.8321,284.9812,305.0447,296.8180,285.0812,294.9522,285.2169,299.5456,283.7719,302.0828,300.8365,311.3157,270.4275,285.5307,284.2694,272.2169,275.2524,269.3116,277.3792,284.8929,283.4232,283.1285,279.0634,292.2118,276.6282,263.6747,281.0713,281.1656,281.5543,276.7894,277.1614,278.3842,281.8541,282.3750,287.4681,283.1396,284.2564,286.1355,286.1049,285.3637,281.2125,272.7349,292.6894,292.7878,310.8147,308.3282,285.3665,287.5066,290.5991,296.9072,297.1456,297.4889,298.1479,297.6445,297.1386,297.7380,300.7791,296.1301,294.6139,293.9855,292.2994,292.6889,286.4480,289.4364,287.0459,0.0000,301.4879,304.4290,296.1019,284.2276,285.7313,282.6893,282.9108,280.5417,279.9420,280.4910,289.6479,297.2139,284.5473,308.2116,299.0271,275.0981,269.3338,287.3217,287.4588,293.6552,278.9587,284.0037,296.0253,296.6544,294.5056,268.2242,291.2480,309.1276,279.1880,263.9352,264.0039,293.4438,273.8271,262.7589,294.7638,295.9151,292.1602,297.1940,297.0325,297.3374,271.9678,269.3831,271.5481,283.0159,280.3951,283.9600,283.8849,279.9300,276.4688,281.1063,281.7443,309.9557,309.9558,305.9040,295.2353,302.0335,269.9807,284.2614,280.4174,292.4922,292.4778,279.4238,0.0000,286.6473,286.5873,269.5971,272.0808,292.7452,292.6004,309.0843,299.0654,296.2262,255.8090,237.5552,283.7023,237.8198,264.9263,288.0375,291.2835,313.1008,328.3799,309.7380,296.5256,273.4257,276.3375,275.6885,279.1982,246.4789,281.8252,275.1510,280.3793,279.7738,302.7773,311.7818,276.1437,285.8865,287.5094,287.5927,286.3480,283.9600,287.4564,286.6761,287.9144,287.6138,287.4123,283.2025,296.1301,292.6860,292.4812,0.0000,283.5998,295.9709,283.5994,283.9930,284.6876,293.9139,291.2836,283.8029,311.5968,295.3916,281.6569,282.6540,282.1497,281.3586,292.3377,284.0444,282.2672,281.3582,278.4735,257.9194,308.7825,309.2649,311.0638,279.4238,285.1972,279.4238,282.5120,282.4347,293.3788
45.0000,284.4949,295.0649,295.7352,286.5527,276.8154,275.1771,274.6111,299.3139,296.8118,308.1799,300.7776,307.2021,297.2991,287.4876,277.6946,273.2441,288.5767,289.3641,283.2812,292.1237,280.0937,273.2394,276.2729,282.6319,275.1749,279.5138,280.0389,287.5172,309.3871,294.7151,295.3554,295.9838,308.5420,285.5349,284.7722,304.2233,296.7263,284.7312,294.8286,285.1676,298.4988,283.0934,301.4405,299.6996,310.0863,270.1434,285.4859,284.2684,272.1779,274.7764,268.7838,277.1772,284.5869,283.2346,282.5879,278.6073,292.3117,276.0391,263.4329,280.5187,281.0899,281.4827,276.3300,276.6813,278.0991,281.7385,282.2284,287.3601,282.9464,283.9745,285.8114,285.8443,284.9925,281.1367,272.5640,292.6336,292.7635,309.7962,307.3758,284.9243,287.9964,290.8009,296.8139,297.0747,297.3929,298.0259,297.4864,297.0125,297.6368,299.6693,295.9743,294.4992,293.8900,292.2994,292.6332,285.7358,288.6922,286.5627,0.0000,300.8698,303.6518,295.9638,284.1737,285.2990,282.8068,282.9980,280.5353,279.8669,280.4171,289.5352,297.0176,284.2190,307.2705,298.7437,274.7955,269.1752,287.1390,286.7526,293.8168,278.4546,283.9300,295.8894,296.5039,294.4528,267.9709,290.9694,307.9805,279.1354,263.6941,263.7627,293.3704,273.8021,262.5329,293.8506,295.8493,291.7916,297.0896,296.8938,297.1980,271.6042,269.1098,271.3115,282.9943,280.3738,283.8921,283.9436,279.9163,276.4435,281.0197,281.6346,308.0379,308.0380,304.3400,295.1983,301.8684,270.3048,283.5382,280.0865,292.4506,292.5946,279.3781,0.0000,286.9414,286.6465,269.0797,271.5993,292.8503,292.7385,308.0448,298.8927,296.0661,255.0786,236.6439,283.9318,236.9198,262.0610,287.6319,290.6045,310.8551,324.9400,308.6064,295.5556,273.2441,275.8143,275.1931,278.9362,244.9177,281.5793,274.9180,280.1546,279.5566,301.3330,309.6346,275.9226,285.8148,287.4545,287.5382,286.3237,283.8921,287.4014,286.5657,287.8067,287.5592,287.3589,283.1355,295.9743,292.6305,292.5983,0.0000,284.5472,295.9027,284.5468,283.9717,284.6597,293.8342,291.4085,284.2309,310.4972,295.3521,281.9236,282.7780,282.3619,282.7239,292.1255,283.6172,282.2976,282.7234,278.1744,257.4630,307.8211,308.2911,309.8500,279.3781,285.1229,279.3781,282.4407,282.3321,293.2835
46.0000,284.4949,291.5656,292.1960,283.0951,273.5585,272.2115,271.5481,295.7591,293.0511,303.8691,297.0238,302.9593,293.5787,284.1634,274.1227,269.6296,284.8400,285.6714,279.6784,288.2774,276.7990,269.8514,272.9258,279.2538,272.3353,276.5812,277.1254,284.4174,304.9703,291.2421,291.7155,292.3034,303.9824,284.8664,283.9775,300.2612,292.9763,282.5145,291.2146,285.1249,297.5933,281.0123,297.7479,298.7161,305.3946,266.3242,281.3561,280.1895,268.7383,270.4561,264.4966,273.2597,280.3642,279.0914,278.1039,274.4290,288.6668,271.5967,259.7336,275.9808,277.0812,277.4666,272.0043,272.3241,273.8957,277.7137,278.1587,283.1446,278.8103,279.7532,281.4867,281.6738,280.6012,277.1270,268.8334,289.3414,289.1852,305.3537,303.1203,282.6351,284.5038,287.0327,293.0584,293.3071,293.5954,294.1888,293.6897,293.2492,293.8289,296.5997,292.4414,290.9168,290.3465,289.0255,289.3411,284.1557,287.3641,283.4335,0.0000,297.0670,299.6988,292.2702,280.7824,284.0637,279.2094,279.3854,276.7200,275.8991,276.4325,286.0125,293.4332,279.8999,303.0296,295.1269,271.5973,265.7646,283.3664,284.3750,290.2186,274.2251,279.8444,292.2067,292.7817,291.0306,264.2082,287.4931,303.6811,275.2278,259.9929,260.0606,289.9417,270.3610,259.8238,291.7296,292.1826,288.2217,293.3169,293.1403,293.4253,267.7014,266.1467,268.3610,279.5584,276.9697,279.8106,280.5167,276.4156,272.9694,277.0442,277.6207,304.1528,304.1528,300.8034,291.5990,297.9736,266.8936,279.5209,276.3034,288.9441,289.0465,275.4701,0.0000,283.3524,283.1870,264.7980,267.3178,289.2904,289.1960,303.7047,295.2061,292.5269,250.8010,232.4412,280.2950,232.7246,255.5437,284.4235,289.5911,308.3617,319.5730,304.0403,293.1641,269.6296,271.4356,270.8488,274.7732,239.9670,277.3959,271.8302,277.0894,276.6195,299.5830,307.2305,273.0742,281.7000,283.2836,283.3658,282.2186,279.8106,283.2318,282.3711,283.5812,283.3863,283.1932,279.0767,292.4414,289.3389,289.0500,0.0000,280.9022,292.2221,280.9018,280.5154,281.1713,290.3752,287.7133,280.6522,305.9835,291.7125,278.3806,279.1847,278.7479,279.1023,288.6184,279.1807,278.6779,279.1018,275.5014,253.4044,303.5345,303.9637,305.1783,275.4701,281.0253,275.4701,278.4186,278.2969,289.5324
47.0000,284.8634,284.7007,285.2810,276.6245,267.4473,266.4542,265.5977,288.0120,285.9739,295.8404,289.6004,294.9277,286.6306,277.5519,268.4464,263.9692,279.3679,279.7990,275.2388,281.2831,270.7382,263.6976,266.8057,273.1071,266.6696,270.8010,271.3635,277.9174,296.7034,284.4092,284.7824,285.3430,295.5544,283.6790,282.5133,292.5274,285.9025,277.3188,284.3043,285.4458,296.9555,274.1870,290.3251,297.9916,296.8000,261.2673,278.2118,277.0423,263.2533,266.8362,260.9517,267.7614,276.7346,275.8145,273.3137,268.8464,282.5097,268.0563,254.8787,272.3613,274.0927,274.4634,268.5912,268.9163,270.6619,274.5239,274.9417,280.0500,275.7893,276.7248,277.8015,278.3992,277.1424,274.1373,264.0253,282.7229,282.7830,297.0480,295.1082,276.7407,277.8543,281.1292,285.9760,286.1993,286.4718,287.0110,286.5875,286.1872,286.6791,289.0032,285.5524,284.0501,283.5455,282.4418,282.7226,277.3943,280.5971,276.9139,0.0000,289.6216,292.0100,285.2646,274.5915,281.8724,274.7536,274.8806,273.6186,272.9177,273.4674,279.2614,286.4738,276.2751,295.0078,288.0903,265.5585,259.6687,276.5342,280.1643,283.3857,268.6997,276.7823,285.2350,285.7596,284.2556,259.2691,280.6996,295.6981,272.7583,255.1373,255.2038,283.3608,264.8800,254.4170,284.5844,285.2048,281.2320,286.2076,286.0959,286.3760,262.5326,260.4862,262.6720,273.5323,270.9993,276.7498,274.0995,270.8406,267.4355,273.8158,274.4301,295.7493,295.7494,292.7566,284.6902,290.5881,261.7485,273.1837,270.3629,282.2594,282.2909,272.9746,0.0000,278.8067,276.7087,261.2632,263.8007,282.5238,282.4700,295.7039,288.0806,285.6296,247.0721,228.7784,275.8581,229.0682,249.6474,277.8666,288.1598,306.0638,309.5629,295.6048,285.8899,263.9692,267.9590,267.3811,271.5685,235.5486,274.1127,265.8685,271.1251,270.8328,297.6917,304.9695,267.3930,278.5463,280.1333,280.2132,279.0640,276.7498,280.0824,279.2621,280.4710,280.2334,280.0389,276.0329,285.5524,282.7207,282.2941,0.0000,276.2419,285.2465,276.2417,274.4764,275.1027,283.6225,281.6762,276.1049,297.5811,284.7796,274.0158,274.7317,274.4053,274.7925,281.8181,275.6723,272.9242,274.7920,269.7658,250.0703,295.4503,295.8239,296.6091,272.9746,277.8999,272.9746,275.5720,275.2133,282.5969
48.0000,277.8287,279.0776,279.6199,271.3033,262.4337,261.0478,260.3089,281.1986,280.2396,288.7366,283.2375,287.9658,280.6558,271.7062,263.8227,259.4667,274.4852,274.7419,272.0424,275.6970,265.5664,258.8854,261.8308,267.9675,261.1590,265.0875,265.6088,271.9669,289.5950,278.8108,279.1181,279.6426,288.3396,276.6478,275.6769,285.8859,280.1730,271.1898,278.6668,278.3617,288.8855,268.0460,283.9102,289.8325,289.4508,257.6593,276.7352,275.5676,258.8860,265.0100,259.1092,263.7888,275.9330,274.2425,270.2754,264.8263,277.2753,266.2338,251.3935,270.3222,272.6464,273.0107,266.8497,267.1686,270.6619,272.9723,273.4435,278.5057,274.3528,275.2967,276.0495,277.1174,275.2970,272.6902,260.5897,277.3257,277.4388,289.9040,288.1826,270.6908,272.4302,276.0046,280.2423,280.4680,280.7109,281.2208,280.7954,280.4294,280.9141,282.2475,279.9790,278.4510,277.9933,277.1015,277.3255,271.2029,274.2771,270.9864,0.0000,283.2724,285.4159,279.5826,269.3949,274.9482,271.6247,271.7044,271.9614,271.4731,272.0378,273.7565,280.8396,274.5088,288.0911,282.3894,260.2944,255.0028,271.3372,273.4078,277.8202,264.7356,275.3097,279.5489,280.0417,278.7126,255.7400,274.8996,288.6168,271.7880,251.6534,251.7189,277.9277,260.5532,249.1590,278.0659,279.5089,275.2427,280.4674,280.3465,280.6116,258.8749,255.1530,257.3223,268.6813,266.1933,275.2780,268.8241,266.4674,263.0671,272.1546,272.8674,288.3745,288.3746,285.6583,279.0420,284.7669,257.7351,267.9612,265.5090,276.8170,276.7804,271.9759,0.0000,275.3927,271.3831,259.4307,262.0069,276.9923,276.9061,288.6840,282.4085,280.0507,244.9362,226.6832,272.6268,226.9766,246.0166,271.9550,280.7930,297.4665,300.7638,288.3872,279.3036,259.4667,266.1784,265.6069,269.9737,232.9237,273.0734,260.5762,265.5410,265.1226,289.6080,296.4268,261.8734,277.0727,278.6404,278.7203,277.6072,275.2780,278.5900,277.7241,278.9266,278.7399,278.5469,274.5691,279.9791,277.3239,276.7832,0.0000,271.8765,279.5512,271.8763,269.6313,270.2368,278.1280,276.4916,272.5393,290.3878,279.1155,270.8992,271.6063,271.2511,270.4286,276.1034,273.7671,268.1305,270.4281,264.0908,248.3699,288.4836,288.8162,289.2809,271.9759,276.4313,271.9759,274.2764,273.7424,276.9736
