"ETAPA \ BARRA","AGUAYTIA 220","BALNEARIO 220","BALNEARIOS 60 A","CALLAHUANCA 220","CALLAHUANCA 60","CARHUAMAYO 220","CARHUAMAYO NUEVA 138","CARHUAQUERO 220","CHAVARRIA 220 A","CHICLAYO OESTE 220","CHIMBOTE 220","GUADALUPE 220","HUACHIPA 60","HUACHO 220","HUANCAVELICA 220","HUAYUCACHI 220","ICA 220","INDEPENDENCIA 220","MARCONA220","MOYOPAMPA 60","OROYA NUEVA 220","OROYA NUEVA 138","OROYA NUEVA 50","PACHACHACA 220","PARAGSHA2 220","PARAGSHA 138","PARAGSHA 50","PARAMONGA NUEVA 220","PIURA OESTE 220","SAN JUAN 220","SANTA ROSA 220 A","SANTA ROSA EDS 60","TALARA 220","TINGO MARIA 138","TINGO MARIA 220","TRUJILLO 220","VENTANILLA 220","VIZCARRA 220","ZAPALLAL 220","AGUAYTIA 138","PUCALLPA 138","HUALLANCA 138","CHIMBOTE 138","PUCALLPA 60","ZORRITOS 220","ABANCAY NUEVA 138","ARICOTA138","ARICOTA II 66","CAMPO ARMINO 220","AYAVIRI138","AZANGARO 138","CACHIMAYO 138","CALLALLI 138","CERRO VERDE 138","COMBAPATA 138","DOLORESPATA 138","DESIERTO220","JULIACA 138","MACHUPICCHU 138","MOLLENDO 138","MOQUEGUA 220","MOQUEGUA 138","PUNO 220","PUNO 138","SANTUARIO 138","SOCABAYA 220","SOCABAYA 138","ILO 138","LOS HEROES 220 A","LOS HEROES 66","TINTAYA 138","TOMASIRI 66","REPARTICION 138","ILO2 220","COTARUSE 220","CHILCA REP 220","CANTERA 220","PIURA OESTE 60","LA NINA 220","CONOCOCHA 220","HUINCO 220","INDEPENDENCIA 60","CHILLON 220","CHILLON 60","CHAVARRIA 60 A","CHAVARRIA 60 B","BARSI 60","BARSI 220","OQUENDO 60","CAJAMARCA 220","PLANICIE 220 A","CARABAYLLO 220","CARABAYLLO 500","CHILCA CTM 500","CHILCA CTM 220 A","KIMAN AYLLU 138","KIMAN AYLLU 220","PARAMONGA EXISTENTE 138","MACHALA 200","CHIMBOTE 500","TRUJILLO 500","HUARANGAL 60","POMACOCHA 220","PIEDRA BLANCA 138","POROMA 220","POROMA500","OCONA 500","MONTALVO 500","MONTALVO 220","HUANZA 220","INDUSTRIALES 220 A","TINTAYA 220","LA NINA 500","INDUSTRIALES 60","CARHUAMAYO 50","CARIPA138","HUAMPANI 60","HUANUCO 138","REFINERIA ZINC 220","QUENCORO 138","ILO 3 220","MIRADOR 220","MIRADOR 60","ALTO PRADERA 220","ABANCAY NUEVA 220","LOMERA 220","REQUE 220","SAN JOSE 500","SANTA TERESA 220","SURIRAY 220","ASIA 220","CERRO DEL AGUILA 220","CHAGLLA 220","RAMADA 220","SANTA ROSA LDS 60","LOMERA 60","ZAPALLAL 60","MALVINAS 220","MALVINAS 60","ABANCAY 138","YAUPI 138","SANTA ISABEL 220","YANANGO 220","CHIMAY 220","ILO3 138","MATUCANA 220","COLCABAMBA 500","COLCABAMBA 220","YARABAMBA 500","YARABAMBA 220","BELAUNDE 220","BELAUNDE 138","CACLIC 220","INDUSTRIALES 220B","PLANICIE60","COBRIZAI 69","MOLLEPATA 60","MOLLEPATA220","CARAPONGO 500","CARAPONGO 220 A","SAN JOSE 220","MARCONA 60 A","SAN NICOLAS 60","CALLAHUANCA EDN 220","PUMIRI138","PUMIRI220","SAN MIGUEL 220","SAN MIGUEL 60","FELAM 220","MANCHAY 60","MANCHAY 220","SAN RAFAEL 138","SAN GABAN 138","MARCONA 60 B","ANGEL 138","PTO MALDONADO 138","MEDIO MUNDO 220","AUCAYACU 138","BELLAVISTA 138","TARAPOTO 138","PARINAS 220","PAMPA HONDA 220","ORCOTUNA 220","SAN ROMAN 138","SAN ROMAN 220","CHILOTA 220","MAZUCO 138","JESUS 138","CARHUAMAYO 138","CINCO MANANTIALES 138","OXIDOS CERRO 138","TOCACHE 138","JUANJUI 138","FRANCOISE 220","BOTIFLACA 138","MILL SITE 138","PLAZA TOQUEPALA 138","QUEBRADA HONDA 138","PANAMERICANA SOLAR 138","TOQUEPALA 138","ILO ELS 138","REFINERIA 138","LIXIVIACION 138","PUSHBACK 138","INTIPAMPA 138","PLANICIE 220 B","CHILCA CTM 220 B","CARAPONGO 220 B","CHILCA 1 220","DERIVACION 220","CHAVARRIA 220 B","DERIVACION 220  BARRA II","CAMPAS 220","CAMPAS 500","PLANICIE 500","NUEVA CHINCHA 220","CAHUACHI 220","VALLE DEL CHIRA 220","SANTA ROSA 220 B","ERSUR 220","FLAMENCO220","BARRA3HERMANAS","BARRAPTALOMITAS","PUERTO CHANCAY 220","CHAPARRAL 138","CHIRIBAMBA 220","BARRAPTALOMITAS2","YSHCAYUCRO 220","PAQUILLUSI 220","MIGUEL GRAU 500","MIGUEL GRAU 220","ALIPIO ROSALES 220","SUNNY","CUAJONE 138","SAN MARTIN 220","SAN LUIS 220","CERRO VERDE 220","PORTILLO 60","SURIRAY138"
1.0000,222.9235,198.5215,198.6504,200.3441,197.5989,207.8941,206.7415,223.4751,202.7852,223.9563,214.9726,222.5562,202.2272,208.4393,199.6606,198.9916,208.1368,206.2296,215.1258,195.7385,203.1689,200.8021,201.5139,201.9334,209.9993,212.2844,212.7326,211.0426,223.0070,198.3769,198.9532,198.9778,224.1853,221.9986,221.3354,218.2237,202.3095,216.4663,202.9316,223.3193,231.1253,215.2432,215.6709,231.8275,225.9784,210.8927,233.7656,233.1791,197.7992,235.0116,232.7438,217.5147,237.5838,230.3564,228.7600,218.8061,203.9065,234.4833,205.7840,236.0399,229.1710,229.5485,233.3885,233.8873,231.0843,228.8350,229.2721,234.6350,230.2014,230.6439,238.8033,232.8779,232.8309,229.2034,211.5002,195.6931,201.9609,223.2206,221.4414,214.7909,198.8231,206.5785,202.3642,202.4633,202.9534,203.2350,203.5756,203.3080,202.8708,222.9283,203.1115,202.7561,202.7666,200.1982,198.3423,216.8698,218.0833,211.2160,0.0000,214.4422,217.5076,203.2239,202.2151,220.4915,214.1824,213.9484,222.1214,227.3111,228.4386,199.7434,203.6256,237.5137,221.2143,204.4680,207.0117,203.1009,207.1062,218.9032,201.5389,218.9422,232.0392,203.1486,203.5753,197.6429,209.9197,206.1606,223.7357,225.3571,207.7211,207.7580,198.1735,201.1077,210.0043,220.4747,199.1976,206.9803,202.8911,203.3924,203.5374,211.9702,205.8451,206.6541,202.2574,201.4906,232.0153,198.9699,204.3544,201.6582,226.1041,228.6233,229.1410,230.1522,226.2668,198.8155,206.2745,198.4917,201.1538,200.4786,202.0937,200.8932,225.5526,0.0000,219.3861,200.3077,232.8364,233.4886,200.9684,200.7560,222.7336,204.7682,203.1569,228.4588,217.9507,215.7895,218.3764,234.3650,209.9504,225.1984,238.6522,239.0456,224.4240,221.2250,199.0190,234.0593,233.6433,231.4958,223.2421,230.3091,207.0787,211.9181,212.2903,232.0048,237.7520,210.8792,233.3090,234.9769,235.0518,234.0064,232.0153,234.9334,233.8965,235.0176,235.0721,234.8726,231.0502,203.1116,198.3483,200.8939,0.0000,210.1605,202.8018,210.1610,202.6084,202.9696,201.9534,205.1803,214.0994,224.2079,198.9551,214.9980,214.1781,215.0193,209.9334,204.9491,233.8124,202.2661,209.9331,211.4807,230.5763,221.6935,222.0527,225.7306,225.5526,232.6974,225.5526,228.3376,229.3213,199.9745,206.1730
2.0000,219.5263,195.0090,195.1218,197.0533,194.4896,205.8947,204.7111,219.2097,199.0991,219.5991,210.9794,218.2566,198.6168,204.8055,196.1542,195.4535,204.6592,202.7064,211.1891,192.2764,200.5363,198.9819,199.4314,198.8912,207.7970,209.9510,210.3529,207.4844,218.7116,194.8753,195.4629,195.4896,219.8338,218.5653,218.0179,214.0813,198.6247,213.4689,199.2454,219.9015,227.2985,211.3877,211.6787,227.9638,221.5511,206.9116,229.5017,228.9432,194.3415,231.5802,229.7599,213.1803,233.1567,226.0996,224.3595,214.4020,200.3717,230.4243,201.8849,231.5738,225.0109,225.3818,229.3868,229.7382,226.7207,224.6507,225.0472,230.3068,225.9677,226.3647,234.5157,228.5076,228.4714,225.0420,207.6815,192.2194,198.4104,218.9175,217.1979,211.6035,195.8739,203.0701,198.6764,198.7715,199.2553,199.5184,199.8412,199.5900,199.1642,218.7432,199.3973,199.0785,199.1282,196.6164,194.8033,213.0437,214.2955,207.6852,0.0000,210.4542,213.4031,199.4918,199.1257,217.2166,210.3042,210.0811,218.0931,223.1841,224.2911,196.1412,199.8858,233.3649,216.9817,200.6805,205.0551,201.3246,203.9238,215.9255,198.0240,214.5468,227.8087,199.4430,199.8423,194.1407,205.9987,202.4767,219.3877,221.2670,203.8277,203.8638,194.6668,197.4736,207.8019,216.4686,195.6948,203.1916,199.1774,199.6701,199.8059,207.9473,205.1629,205.4721,198.7548,198.0010,227.7870,195.6958,200.7012,198.0790,221.9987,224.4446,224.5862,225.4773,221.8906,195.3225,202.3191,195.1403,197.4388,196.8870,198.4994,197.4269,221.4585,0.0000,215.3079,197.0117,229.7021,229.6380,197.4953,197.3073,218.4340,200.9215,199.4394,229.9520,223.2404,211.8094,223.4675,239.6311,206.3531,221.5431,233.8746,234.0267,220.0682,217.1579,195.4729,229.9544,229.6899,227.4133,228.5073,226.0024,205.0428,209.7109,209.9614,227.8458,233.0711,208.6828,229.0638,230.6868,230.7600,229.7528,227.7870,230.6443,229.5920,230.6824,230.7801,230.5800,226.8493,199.3973,194.8092,197.4276,0.0000,206.5509,199.1147,206.5514,199.0575,199.3833,198.3204,201.6377,210.2413,219.8725,195.4649,211.0692,210.3008,211.0898,206.3356,201.2816,229.4203,198.7528,206.3353,208.9753,225.0903,217.4440,217.7899,221.3146,221.4585,228.4592,221.4585,224.1860,225.1277,196.5293,202.2785
3.0000,211.9914,188.7241,188.8224,190.8006,188.3770,199.2189,198.0674,211.6946,192.6700,212.0770,203.9683,210.8131,192.2235,197.9688,190.0343,189.3061,198.1864,196.2865,205.3752,186.0377,194.2031,192.8046,193.2396,192.6194,201.0178,203.0802,203.4675,200.5711,211.2850,188.6015,189.1788,189.1976,212.3181,211.0646,210.5777,206.8872,192.2127,206.3608,192.8387,212.3430,219.2707,204.2925,204.6328,219.8937,213.9526,200.9193,223.8840,223.3465,188.2930,228.4229,227.1820,207.1847,229.2105,220.8138,219.1945,208.4521,193.9814,226.7587,196.0316,226.1218,219.5423,219.9047,225.4759,225.8125,223.1741,219.3479,219.7880,224.6633,220.4437,220.8188,230.2391,222.9599,223.1416,219.5721,201.7985,186.0679,192.0909,211.4827,209.8473,204.5578,189.6224,196.6529,192.2616,192.3558,192.8153,193.0631,193.3695,193.1355,192.7271,211.2809,193.0419,192.6949,192.7787,190.4155,188.6269,205.8928,207.0808,200.7713,0.0000,203.4680,206.2515,193.0613,192.8203,209.7847,204.4871,204.2603,212.4439,217.6964,218.8115,189.8878,193.5016,229.1096,209.6431,194.2663,198.3707,194.8274,197.3708,208.5833,191.6880,208.6557,222.2468,193.0179,193.3871,187.8991,200.1093,195.8257,211.8780,215.6730,197.9942,198.0293,188.4469,191.4437,201.0219,209.1335,189.3928,196.5048,192.7443,193.2170,193.3441,201.9244,198.4995,198.8053,192.7100,192.1782,222.2243,189.4889,194.6863,192.0520,216.5580,219.1252,216.7760,217.6072,214.2484,189.0408,195.7910,188.9128,191.3410,190.7528,192.2083,191.1258,215.8606,0.0000,209.6384,190.7590,227.0621,226.5840,191.1895,191.0110,211.0056,194.4821,193.0809,229.6259,224.9696,206.0229,225.0885,241.1378,199.4701,213.8555,225.4667,225.5927,212.5455,209.7844,189.3126,226.2264,226.0334,222.7055,230.1627,221.2908,198.3818,202.8657,203.0904,219.7732,224.7089,201.8616,223.4976,225.0347,225.1054,224.1226,222.2243,224.9936,223.9641,225.0285,225.1242,224.9425,221.3239,193.0419,188.6326,191.1264,0.0000,200.0920,192.6847,200.0925,192.9711,193.2793,192.0179,195.2194,204.2015,212.3759,189.1807,205.2632,204.4845,205.2971,199.7574,194.7181,224.0532,192.5148,199.7571,202.1138,223.2969,210.0817,210.4105,213.7283,215.8606,222.9158,215.8606,218.5321,219.8097,190.1914,196.4207
4.0000,207.0820,184.6381,184.7237,186.7636,184.5028,194.8849,193.7838,206.6672,188.4721,206.9946,199.2456,205.8013,188.0741,193.5681,186.0484,185.2902,194.1699,192.2629,201.3375,181.9032,190.0397,188.7123,189.1256,188.5011,196.6261,198.6603,199.0341,196.0782,206.1814,184.5236,185.1180,185.1326,207.1596,206.1842,205.7381,202.0402,188.0203,201.7553,188.6381,207.4150,213.9753,199.5997,199.8677,214.5652,208.7402,196.8871,219.7329,219.1864,184.3263,226.4977,225.6860,203.1161,226.2536,217.0326,215.6949,204.4096,189.9558,224.5533,192.0928,222.3013,215.6481,215.9923,223.0036,223.3634,220.1072,215.5809,216.0193,220.6281,216.5619,216.9725,227.4402,219.3374,219.3193,215.6775,197.8692,182.0653,188.0712,206.3655,204.8440,199.9722,186.0127,192.6570,188.0670,188.1612,188.6097,188.8447,189.1342,188.9132,188.5191,206.3252,188.8589,188.5066,188.6164,186.3451,184.5852,201.1886,202.3285,196.2766,0.0000,198.7765,201.4303,188.8341,188.6887,204.9736,200.4859,200.2668,208.4925,213.8106,214.9187,185.8642,189.3032,226.3138,204.6452,190.0407,194.1025,190.6648,193.4341,203.8803,187.6034,204.6497,218.2357,188.8060,189.1509,183.8440,196.1549,191.5024,206.8068,211.7301,194.0759,194.1104,184.4403,187.4417,196.6302,204.3015,185.3219,192.1304,188.5330,188.9916,189.1117,197.8682,194.1660,194.4739,188.5676,187.9080,218.2103,185.4990,190.6530,188.0475,212.7208,215.3477,211.5087,212.2856,209.1220,184.9759,191.4534,185.0941,187.2060,186.7176,188.0877,187.0763,211.9130,0.0000,205.3055,186.7237,225.5508,224.8802,187.1341,186.9670,205.9678,190.2165,188.8955,228.9626,224.9696,201.9364,225.0537,240.6894,195.0163,208.8335,219.8141,219.9060,207.3769,204.9205,185.2973,223.9678,223.7903,219.5077,230.0158,217.7380,194.0938,198.4655,198.6707,214.4592,219.1041,197.4584,219.4359,220.8513,220.9257,220.0155,218.2103,220.8121,219.9289,220.9869,220.9434,220.6829,217.3368,188.8589,184.5908,187.0769,0.0000,196.0980,188.4860,196.0985,188.8594,189.1819,187.8836,191.1912,200.1793,207.1882,185.1200,201.2325,200.4837,201.2709,195.7830,190.4444,220.2314,188.5141,195.7827,197.6623,223.2969,205.0563,205.3620,208.5228,211.9130,218.8740,211.9130,214.5168,216.0411,186.1142,192.4806
5.0000,205.8625,183.6484,183.7150,185.8905,184.0163,193.9159,192.8395,205.4045,187.5222,205.7303,198.1429,204.5703,187.0943,192.5898,185.1855,184.7618,192.9182,191.0832,200.2213,180.9014,189.1203,187.7839,188.1992,187.6017,195.6389,197.6943,198.0632,195.0752,204.8694,183.5390,184.1410,184.1205,205.8640,204.9810,204.5543,200.8722,187.0812,200.6765,187.7368,206.1875,212.5864,198.4845,198.7642,213.1617,207.4284,195.9174,218.6600,218.1144,183.5307,225.9653,225.2808,202.1452,225.2974,215.9857,214.8123,203.4260,188.8295,223.9631,191.1657,221.1397,214.6297,214.9706,222.3500,222.7204,219.0667,214.5533,214.9792,219.5751,215.5399,215.9534,226.6612,218.3333,218.2357,214.6590,196.9610,181.1049,186.9847,205.0322,203.5961,198.9064,184.8958,191.4294,187.1271,187.2220,187.6506,187.8784,188.1806,187.9671,187.5653,205.0779,187.8876,187.6149,187.6812,185.4092,183.6432,200.0601,201.1805,195.2973,0.0000,197.6751,200.2725,187.9370,187.7802,203.8119,199.4764,199.2656,207.4812,212.7956,213.9006,185.9762,188.3229,225.5412,203.3972,189.0424,193.1887,189.7307,192.5606,202.7776,186.6445,203.6687,217.1904,187.8934,188.2440,182.8665,195.2156,190.5477,205.5478,210.7168,193.1508,193.1850,183.4206,186.6536,195.6407,203.0853,184.3394,191.1309,187.5976,188.0553,188.1769,196.8691,193.1907,193.5024,187.6613,186.9857,217.1642,184.6320,189.7776,187.2099,211.7056,214.3194,210.1552,210.9115,207.8146,183.9971,190.3981,184.2852,186.2860,185.8263,187.1504,186.1168,210.8993,0.0000,204.1447,185.8509,225.1417,224.4183,186.1736,185.9958,204.7164,189.1994,187.9232,228.7878,224.9696,200.8216,225.0445,240.5315,194.0228,207.5807,218.2901,218.3496,206.0840,203.6893,184.8643,223.3666,223.1934,218.6679,229.9605,216.6865,193.1516,197.5010,197.7039,213.0989,217.6049,196.4613,218.3769,219.7699,219.8430,218.9491,217.1642,219.7311,218.8757,219.9321,219.8593,219.5882,216.2986,187.8876,183.6487,186.1174,0.0000,194.8106,187.5363,194.8110,187.9557,188.2757,186.9414,190.0313,199.0030,205.8850,184.1429,200.1241,199.4750,200.1588,194.4450,189.5149,219.1240,187.5263,194.4448,196.6508,223.2969,203.7920,204.0830,207.2140,210.8993,217.8268,210.8993,213.4983,215.0074,185.1408,191.5532
6.0000,205.4631,183.2600,183.3182,185.5501,183.8433,193.5055,192.4303,204.7603,187.1083,205.0448,197.5722,203.9035,186.7226,192.1252,184.8709,184.5291,192.6186,190.7554,200.0952,180.4681,188.7581,187.4699,187.8647,187.2462,195.2122,197.2260,197.5903,194.5764,204.1842,183.1534,183.7713,183.7822,205.1549,204.6524,204.1771,200.2518,186.6690,200.2125,187.3375,205.7821,212.0635,197.9109,198.1826,212.6282,206.6995,195.6366,218.8252,218.2941,183.2013,226.6723,226.1284,201.8727,225.5094,215.9427,214.8926,203.1720,188.4718,224.6826,190.8793,221.1054,214.6047,214.9482,222.9345,223.3450,219.0628,214.5205,214.9368,219.6012,215.4950,215.8833,227.0967,218.2934,218.2018,214.6337,196.7186,180.7322,186.6334,204.3427,202.9383,198.4132,184.5237,191.1068,186.7141,186.8028,187.2372,187.4643,187.7555,187.5438,187.1489,204.4409,187.4699,187.2213,187.2889,185.0397,183.2726,199.4934,200.5984,194.7853,0.0000,197.1117,199.6644,187.5305,187.4167,203.4382,199.2999,199.0816,207.3570,212.7410,213.8623,186.0160,187.8938,225.9633,202.7406,188.5850,192.7781,189.4319,192.1032,202.3112,186.2611,203.4298,217.2310,187.4717,187.7811,182.4830,194.9543,190.1143,204.8653,210.6108,192.8865,192.9207,183.0604,186.3441,195.2140,202.4556,183.9663,190.7039,187.1824,187.6289,187.7434,196.5918,192.7864,193.0947,187.3280,186.6599,217.2126,184.2940,189.4823,186.9013,211.6441,214.2831,209.5545,210.2942,207.1991,183.6236,189.9346,183.6718,186.1500,185.5552,186.7710,185.7422,210.7903,0.0000,203.9090,185.5108,226.0104,225.3244,185.7990,185.6258,204.0449,188.7539,187.5047,229.1327,224.9696,200.6829,225.0626,240.3157,193.5382,207.5099,218.2990,218.0351,205.3742,203.0516,184.6721,224.0712,223.8729,218.9370,229.8942,216.6515,192.7426,197.0545,197.2362,213.6922,217.7051,196.0350,218.3532,219.9395,220.0103,219.0570,217.2126,219.8995,218.9009,219.9577,220.0280,219.8309,216.3291,187.4699,183.2781,185.7428,0.0000,194.5772,187.1221,194.5777,187.6222,187.9420,186.5524,189.6869,198.8410,205.1836,183.7733,200.0051,199.2988,200.0383,194.2221,189.0918,219.0900,187.2066,194.2219,196.2036,225.3244,203.1279,203.4129,206.4882,210.7903,217.8011,210.7903,213.3454,214.9754,184.7494,191.2696
7.0000,206.0421,183.9294,184.0020,186.4554,184.5764,194.1101,193.0344,205.4768,187.6832,205.8202,198.2408,204.6905,187.5493,192.6681,185.3802,184.8267,193.3432,191.4556,200.6143,182.4237,189.4270,188.1653,188.5512,187.9290,195.8048,197.7871,198.1544,195.1247,205.0155,183.8206,184.4602,184.5168,205.9704,205.2355,204.7603,200.9614,187.2311,200.8135,187.8718,206.3601,212.6215,198.5914,198.8417,213.1844,207.5026,196.1252,219.1059,218.5751,183.6881,226.0836,225.3733,202.2475,225.4427,216.2388,214.9544,203.5186,189.1568,224.0874,191.3295,221.3845,214.8869,215.2199,222.4926,222.8579,219.2857,214.8108,215.2348,219.8399,215.7287,216.0865,226.8217,218.0920,218.5058,214.9160,197.1429,181.3797,187.3093,205.1868,203.7184,199.0169,185.3230,191.8328,187.2757,187.3659,187.8119,188.0354,188.3160,188.1044,187.7154,205.1392,188.0206,187.7540,187.8708,185.6278,183.8821,200.1869,201.2659,195.2877,0.0000,197.7828,200.3710,188.0553,188.0749,204.0018,199.7712,199.5498,207.7441,213.0498,214.1567,185.8473,188.4408,225.7062,203.5201,189.1110,193.3566,190.1174,193.8679,202.8392,186.9305,203.7644,217.5124,188.0160,188.3130,183.1414,195.4038,190.6413,205.6426,210.9682,193.3237,193.3580,183.7119,186.7737,195.8065,203.1388,184.6545,191.1836,187.7348,188.1814,188.2899,197.1107,193.3678,193.6892,187.8711,187.1685,217.5036,185.7672,189.9607,187.3775,211.9627,214.5781,210.2170,210.9621,207.8794,184.3071,190.4467,184.3423,186.5539,186.0402,187.3675,186.4342,211.1493,0.0000,204.5299,186.4207,225.2348,224.5188,186.4965,186.3599,204.8294,189.2681,188.0551,228.7059,224.9696,201.2207,225.0402,240.1688,194.0848,208.1034,218.8830,218.6414,206.1946,203.7397,184.9004,223.4956,223.3223,218.8621,229.8466,216.9263,193.3454,197.6426,197.7982,214.2386,218.2800,196.5997,218.5084,220.2395,220.3126,219.3649,217.5036,220.1991,219.1600,220.1805,220.3307,220.1126,216.6086,188.0206,183.8876,186.4348,0.0000,195.2680,187.6965,195.2684,188.1619,188.4767,187.1337,190.3771,199.4332,206.0343,184.4621,200.5323,199.7705,200.5703,194.9261,189.6294,219.3864,187.7910,194.9260,196.7996,223.2969,203.9206,204.2181,207.2941,211.1493,217.9149,211.1493,213.7274,215.2690,186.0517,191.7203
8.0000,205.4445,183.3249,183.3828,185.5667,183.8290,193.4694,192.3998,204.9071,187.1399,205.2644,197.7029,204.1424,186.7855,192.1495,184.9095,184.5693,192.8023,190.9060,200.2810,180.5905,188.7596,187.4301,187.8524,187.2659,195.1717,197.1478,197.5160,194.5751,204.4233,183.2199,183.8300,183.8377,205.3852,204.6483,204.1637,200.4222,186.7016,200.2244,187.3841,205.7609,211.9903,198.0185,198.3051,212.5503,206.9243,195.8317,219.1244,218.6076,183.2458,226.0666,225.3634,202.0654,225.3800,216.1178,214.8756,203.3598,188.6042,224.0630,191.0656,221.3874,214.7890,215.1386,222.4552,222.8241,219.1574,214.6607,215.0904,219.7497,215.6381,215.9868,226.7663,218.0956,218.4378,214.8183,196.8394,180.8231,186.6453,204.5884,203.1548,198.4330,184.6686,191.2899,186.7461,186.8319,187.2637,187.4857,187.7836,187.5720,187.1734,204.5694,187.5393,187.2725,187.3539,185.1226,183.3606,199.6005,200.6891,194.7189,0.0000,197.2447,199.8281,187.5713,187.4423,203.4101,199.4485,199.2238,207.5360,212.9177,214.0435,186.0193,187.9614,225.6471,202.9536,188.6538,192.7215,189.2931,192.0677,202.2353,186.3181,203.6139,217.4545,187.5148,187.8264,182.5568,195.1211,190.1674,205.0880,210.8095,193.0531,193.0873,183.0816,186.3380,195.1735,202.5715,184.0233,190.8296,187.2126,187.6587,187.7652,196.8048,192.7314,193.0504,187.3728,186.6999,217.4404,184.2475,189.5260,186.9405,211.7953,214.4256,209.6194,210.3663,207.2981,183.6841,190.0080,184.0415,185.9724,185.5383,186.8365,185.8045,210.9936,0.0000,204.3088,185.5273,225.2229,224.4962,185.8619,185.6912,204.2821,188.8249,187.5736,228.6782,224.9696,200.8901,225.0387,240.2407,193.5477,207.4747,218.1761,217.9390,205.6075,203.1732,184.7068,223.4661,223.2914,218.7936,229.8654,216.7927,192.7039,197.0024,197.1590,213.5648,217.5761,195.9787,218.6128,220.2520,220.3240,219.3475,217.4404,220.2111,219.0776,220.0750,220.3425,220.1485,216.5531,187.5393,183.3662,185.8051,0.0000,194.7977,187.1535,194.7982,187.6707,187.9927,186.6234,189.8273,199.0571,205.4310,183.8319,200.2022,199.4481,200.2471,194.4614,189.1304,219.3400,187.2894,194.4613,196.1816,223.2969,203.3478,203.6387,206.7144,210.9936,218.0300,210.9936,213.6141,215.1175,184.8105,191.4526
9.0000,205.9865,183.6129,183.6765,185.8235,183.9481,193.8619,192.7472,205.4881,187.4368,205.8920,198.2139,204.7419,187.0861,192.6848,185.1504,184.7286,193.0828,191.1902,200.5550,180.9201,189.0730,187.7247,188.1583,187.5496,195.5898,197.6264,198.0102,195.1099,205.0663,183.5058,184.0912,184.0988,206.0569,205.1896,204.6993,200.9613,187.0031,200.7082,187.6932,206.3057,212.5907,198.5785,198.8308,213.1557,207.5977,196.0732,219.2796,218.7482,183.4680,226.2214,225.4876,202.3993,225.6903,216.4073,215.1865,203.6880,188.8798,224.2544,191.3223,221.7245,215.0234,215.3746,222.6440,223.0115,219.4569,214.9330,215.3711,219.9545,215.9061,216.2817,226.9791,218.3706,218.7952,215.0528,197.0741,181.0989,187.0326,205.2355,203.7565,198.9381,184.5707,191.5599,187.0483,187.1332,187.5599,187.7842,188.0924,187.8763,187.4737,205.1645,187.8568,187.5722,187.6488,185.4040,183.6395,200.1682,201.2581,195.2675,0.0000,197.7394,200.3628,187.8965,187.7254,203.9523,199.7159,199.4899,207.7942,213.1634,214.2838,185.9919,188.2853,225.8578,203.5537,188.9930,193.0452,189.5893,192.3379,202.7882,186.5614,203.9337,217.6599,187.8221,188.1478,182.8420,195.3644,190.5987,205.7111,211.0635,193.3020,193.3363,183.4339,186.5801,195.5931,203.1550,184.2883,191.2544,187.5213,187.9649,188.0705,197.0312,193.1402,193.4496,187.6478,186.9839,217.6393,184.5650,189.7832,187.1831,212.0541,214.6974,210.3322,211.0971,207.9532,183.9513,190.4039,183.9899,186.4468,185.8509,187.1155,186.0344,211.2481,0.0000,204.6295,185.7835,225.3470,224.6333,186.0948,185.9235,204.8988,189.1844,187.8918,228.6776,224.9696,201.1626,225.0387,240.2950,194.0844,208.1000,219.1166,218.8543,206.2868,203.7608,184.8384,223.6500,223.4694,219.0091,229.8926,217.0897,193.0538,197.4177,197.6365,214.3827,218.5005,196.3776,218.9021,220.4097,220.4789,219.5152,217.6393,220.3693,219.2826,220.2796,220.4981,220.3204,216.7676,187.8568,183.6450,186.0349,0.0000,195.0598,187.4506,195.0603,187.9425,188.2623,186.9171,190.1121,199.3307,206.1164,184.0931,200.4868,199.7155,200.5243,194.7113,189.5218,219.6912,187.5473,194.7112,196.6266,223.2969,203.9589,204.2597,207.3887,211.2481,218.3292,211.2481,213.8771,215.3929,185.0992,191.7069
10.0000,210.6285,187.5819,187.6710,189.6955,187.3555,198.0229,196.8742,210.1476,191.3898,210.5806,202.5544,209.3767,191.0598,196.7913,188.9992,188.2139,197.3767,195.4283,204.6252,184.8879,193.0779,191.8113,192.1852,191.4902,199.7967,201.8330,202.2247,199.3200,209.7954,187.4651,188.0248,188.0680,210.8424,209.8153,209.2930,205.4333,190.9385,205.0913,191.5999,210.9588,217.4621,202.9473,203.1817,218.0468,212.4354,199.9698,223.0947,222.5297,187.2324,228.1947,226.9967,206.2834,228.9952,220.2738,218.6348,207.5474,193.0082,226.4656,195.1157,225.8085,218.8109,219.1640,225.0969,225.4378,223.1741,218.7226,219.2021,223.8840,219.7708,220.1970,229.8466,222.2756,222.7636,218.8406,200.8795,184.9970,191.2644,209.9842,208.3853,203.2746,188.4599,195.8553,190.9854,191.0715,191.5254,191.7621,192.0613,191.8363,191.4333,209.7986,191.8489,191.4653,191.5827,189.3001,187.5330,204.5740,205.7048,199.5023,0.0000,202.0694,204.8116,191.8102,191.6816,208.5253,203.6515,203.4101,211.6560,216.9651,218.0793,188.7099,192.2970,228.7052,208.1769,193.0452,197.1961,193.9322,196.7332,207.2926,190.4932,207.7586,221.4875,191.7473,192.0770,186.7865,199.1868,194.6080,210.3912,214.9033,197.0843,197.1193,187.4279,190.3810,199.8015,207.6998,188.2306,195.2372,191.4627,191.9187,192.0314,200.9620,197.2938,197.6052,191.5281,190.8505,221.4641,188.4748,193.6338,190.9964,215.8500,218.4909,215.2470,216.0490,212.7437,187.8911,194.5807,187.8301,190.4086,189.7648,191.0359,189.9544,215.0896,0.0000,208.8413,189.6543,226.8705,226.3525,190.0178,189.8453,209.5677,193.2742,191.8863,229.3420,224.9696,205.2853,225.0736,240.4379,198.2505,212.9151,224.5808,224.2507,211.0770,208.3344,188.2082,225.9031,225.7069,222.1449,229.9474,220.9044,197.1987,201.6376,201.8434,219.6009,223.9342,200.5835,222.7082,224.2507,224.3209,223.3468,221.4641,224.2098,223.1783,224.2480,224.3405,224.1520,220.5713,191.8489,187.5386,189.9550,0.0000,199.3230,191.4038,199.3235,191.8227,192.1434,190.8489,194.2959,203.4873,210.8929,188.0267,204.5614,203.6511,204.5987,198.9914,193.5014,223.6949,191.5495,198.9913,200.8736,223.2969,208.6097,208.9340,212.2188,215.0896,222.1323,215.0896,217.7413,219.1930,189.1353,195.5034
11.0000,217.7106,193.5069,193.6171,195.5294,193.0026,204.1606,202.9391,217.3211,197.4559,217.8125,209.2236,216.5208,197.0824,202.9478,194.6367,193.9459,203.1030,201.1749,209.9069,190.7973,198.9575,197.4150,197.8967,197.3391,206.0219,208.1258,208.5520,205.6147,216.9556,193.3748,193.9464,193.9962,218.0390,216.8945,216.2715,212.3022,196.9852,211.6610,197.6248,218.0672,225.0927,209.6333,209.8914,225.7244,219.7128,205.5602,227.9853,227.3714,192.8474,230.5078,228.8392,212.0690,231.3128,224.7232,223.2579,213.3055,198.8104,229.2055,200.5971,230.5288,223.5997,223.9579,228.1443,228.4613,224.6541,223.2160,223.6067,228.8051,224.6937,225.2022,233.0574,227.2962,227.3665,223.6297,206.2339,190.7560,196.8836,217.1684,215.4459,209.7866,194.3397,201.5719,197.0350,197.1211,197.6051,197.8588,198.1774,197.9320,197.5084,216.9073,197.8703,197.4731,197.5597,195.1187,193.3234,211.2952,212.4869,205.7759,0.0000,208.7127,211.6361,197.8615,197.5562,215.5158,208.9427,208.7014,216.6974,221.7692,222.8812,194.5795,198.3588,231.9806,215.2241,199.1656,203.2036,199.5125,202.7268,214.1653,196.4559,213.4489,226.3506,197.8040,198.1605,192.6537,204.6513,200.7463,217.6092,219.8639,202.5108,202.5468,193.1621,195.9588,206.0291,214.6368,194.1723,201.5385,197.5283,198.0119,198.1359,206.5925,203.4438,203.7448,197.2975,196.6581,226.3231,194.2061,199.2167,196.5879,220.5704,223.0114,222.7807,223.6617,220.0891,193.8098,200.8970,193.5295,196.1317,195.4555,196.9534,195.8808,220.0560,0.0000,214.0592,195.4882,228.7280,228.4197,195.9507,195.7506,216.7266,199.4411,197.9117,230.1982,224.9696,210.5466,225.1184,240.8931,204.4852,220.2380,232.8180,232.4926,218.2775,215.3221,193.9580,228.6957,228.4685,226.0817,230.1021,224.3829,203.2583,207.8825,208.1347,227.4793,232.1323,206.8282,227.6125,229.1768,229.2476,228.2700,226.3231,229.1348,228.0892,229.1776,229.2680,229.0780,225.4017,197.8703,193.3292,195.8815,0.0000,204.9685,197.4710,204.9689,197.5770,197.8902,196.7821,200.0989,208.8680,218.0922,193.9483,209.8462,208.9424,209.8834,204.6773,199.5747,228.3337,197.2296,204.6772,207.1872,223.2969,215.6870,216.0343,219.4839,220.0560,227.0144,220.0560,222.7917,223.6821,195.0822,200.9787
12.0000,222.4898,198.0316,198.1837,199.6263,196.8297,207.6154,206.3234,223.0821,202.0477,223.7929,214.4902,222.3976,201.6459,207.8251,198.8497,198.1732,207.7042,205.8399,213.6436,195.3164,202.8223,201.0541,201.6294,201.3540,209.6568,211.7722,212.2160,210.4736,222.9399,197.8737,198.3991,198.4695,224.1086,221.7005,220.9819,217.8310,201.5685,216.0581,202.1982,222.8641,230.2412,214.6915,215.1763,230.9047,225.8756,209.6407,231.1087,230.4305,196.8779,232.2860,230.4190,216.4975,232.1820,227.5523,226.6919,217.7988,203.4510,231.3242,204.5823,233.5557,226.7250,227.0790,230.3955,230.7131,224.6541,226.1300,226.4181,231.9876,227.9674,228.5817,235.2405,230.4934,230.2356,226.7557,209.9925,195.1622,201.6261,223.1907,221.2655,214.3284,198.4085,206.3153,201.6213,201.7082,202.2080,202.4784,202.8341,202.5668,202.1138,222.4863,202.4706,202.0245,202.0686,199.4899,197.7015,216.3303,217.5473,210.6671,0.0000,213.9669,217.1173,202.4744,201.6191,220.2107,212.6522,212.4139,220.0664,224.9118,226.0177,198.9917,203.0181,234.2466,221.0270,203.9186,206.5795,203.0553,207.2398,218.6665,200.8717,217.8961,229.5035,202.4045,202.7818,197.1302,208.6077,205.5026,223.5731,223.0989,206.4418,206.4784,197.7035,199.9534,209.6636,219.9252,198.6486,206.3604,202.1343,202.6496,202.7932,210.7438,205.9227,206.5906,201.4183,200.7058,229.4715,198.0168,203.2236,200.5997,223.6705,225.9460,228.6544,229.6437,225.8441,198.2737,205.8254,197.0924,201.0185,199.9210,201.3797,200.2452,223.2842,0.0000,217.8507,199.5874,230.3295,230.1789,200.3270,200.0872,222.6548,204.2062,202.5163,230.9935,224.9696,214.3064,225.1600,240.8466,209.3563,225.2465,238.7913,238.5916,224.3524,220.6915,198.2108,230.8406,230.5769,228.7789,230.1780,226.3167,206.6638,211.4454,211.7786,232.9748,238.0254,210.4296,230.7700,232.3373,232.4067,231.4455,229.4698,232.2948,231.2745,232.3652,232.4280,232.2401,228.5330,202.4706,197.7075,200.2460,0.0000,209.2318,202.0642,209.2321,201.7294,202.0626,201.2644,204.7902,212.6102,224.1373,198.4010,213.5835,212.6514,213.6217,208.9355,204.2590,231.2509,201.6201,208.9354,211.1012,224.3082,221.5375,221.9242,225.6327,223.2816,230.1719,223.2840,226.0367,226.6020,199.5857,204.9519
13.0000,224.9688,200.3699,200.5677,201.6132,198.6023,208.5744,207.2580,227.0768,204.4213,227.9657,217.7865,226.4009,204.0773,209.7901,200.7875,200.2275,209.5356,207.8109,214.9890,197.6907,204.3545,202.1690,202.8499,203.1748,210.8078,212.8985,213.3657,212.6163,227.1063,200.1817,200.6998,200.7516,228.3666,224.2201,223.3844,221.4365,203.9341,218.0268,204.5424,225.3630,233.1363,217.8192,218.5043,233.8355,230.2169,211.1357,231.6210,230.8916,198.7426,232.6874,230.8102,218.3091,232.3426,228.0412,227.7772,219.6927,205.5311,231.7915,206.0911,233.3885,227.2149,227.5643,230.8624,231.1854,224.6541,226.7335,226.9955,232.5041,228.5653,229.2587,235.7361,231.0608,230.3791,227.2447,211.3596,197.3411,203.4689,227.3988,225.2873,216.4568,200.5046,208.3394,203.9888,204.0923,204.5892,204.8685,205.2525,204.9739,204.5013,226.2362,204.9845,204.3783,204.4342,201.7131,199.9051,219.3616,220.5556,212.7771,0.0000,217.2406,220.6692,204.8172,203.4571,222.5862,213.9836,213.7523,220.7393,225.4324,226.5099,201.2346,205.6134,234.7610,225.0056,206.6413,207.4926,204.3386,209.8171,220.7698,203.1444,219.7471,229.9690,204.7930,205.1802,199.4007,210.0697,207.6362,227.6842,223.4548,207.9129,207.9498,199.7461,201.8459,210.8147,223.2675,200.9767,208.4801,204.5033,205.0625,205.2267,212.2321,205.6720,206.7957,203.8184,203.8203,229.9317,199.7755,205.1507,202.4984,224.3316,226.5512,233.2487,234.4205,230.0789,200.5761,208.7650,198.6564,203.3808,202.0174,203.6845,202.4888,223.5850,0.0000,219.3456,201.5780,230.7276,230.6196,202.5840,202.2823,227.0363,206.9435,205.0353,231.2040,224.9696,215.6376,225.1709,240.9913,211.4189,228.1570,243.7122,243.8182,228.6128,224.1493,200.2921,231.3061,231.0381,229.2576,230.2509,226.7410,207.6229,212.4990,212.9025,236.7139,242.7634,211.5669,231.2794,232.8838,232.9585,231.9436,229.8310,232.8406,231.7730,232.8826,232.9766,232.7810,228.9951,204.9845,199.9111,202.4896,0.0000,210.8364,204.4389,210.8367,203.9930,204.2809,203.6122,206.8402,214.0540,228.3623,200.7016,214.9300,213.9821,214.9682,210.4799,206.4661,231.1798,203.5706,210.4796,212.5521,224.7377,225.5672,225.9919,229.9611,223.5668,230.6666,223.5695,226.3333,227.2192,201.9652,206.4502
14.0000,223.1128,197.9293,198.1351,199.8203,196.9162,207.6024,206.2027,224.2174,201.8625,224.9531,214.8983,223.3685,201.5891,207.3206,198.1389,197.7181,206.3157,204.8327,211.3769,195.3139,202.8707,201.4896,201.9626,201.2830,209.6409,211.5315,211.9546,210.1946,223.9576,197.7347,198.2535,198.3425,225.1450,222.2477,221.4969,218.4911,201.3703,216.1697,201.9363,223.5165,231.4795,215.1874,215.6055,232.1959,226.9328,208.0007,226.0408,225.3141,196.1851,229.9911,228.3911,215.3902,230.7686,223.7708,224.8677,216.8579,202.6699,228.5987,203.0295,227.7208,222.2114,222.5362,227.4011,227.7173,224.6541,222.5181,222.9445,227.0935,223.4468,224.1132,232.4925,225.6873,225.3145,222.2397,208.2177,194.8301,200.8381,224.2326,222.2435,214.4330,197.6005,205.3804,201.4242,201.5239,202.0301,202.3047,202.6884,202.4086,201.9348,223.4894,202.3000,201.7614,201.8216,199.0663,197.3096,216.8014,218.0755,210.3071,0.0000,214.3751,217.7368,202.1979,201.4606,220.7018,210.3052,210.0889,216.0707,220.5875,221.5249,198.6738,202.9611,231.4149,221.9571,204.0209,206.5158,203.4001,206.5596,219.0525,200.6384,216.9094,224.5181,202.1915,202.5521,196.9179,206.9807,205.1052,224.6685,218.2920,204.8573,204.8937,197.1858,199.1245,209.6481,220.7222,198.5213,205.9518,201.9236,202.4878,202.6580,209.0845,205.9290,206.5854,201.2398,201.2415,224.4598,199.1282,202.2976,199.7682,219.9482,222.3030,230.5202,231.6214,227.3450,198.1296,205.6214,196.2299,200.5941,199.3230,201.0854,200.0050,218.3305,0.0000,215.7592,199.7871,228.2799,227.9862,200.1005,199.8240,224.0217,204.0171,202.3467,230.0148,224.9696,212.0450,225.1088,241.6369,208.9752,226.0844,241.3214,241.3188,225.3885,221.5612,197.7760,228.0368,227.8305,225.0012,230.6239,224.0694,206.5562,211.2357,211.5382,234.5012,240.4015,210.3779,226.0050,227.2742,227.3443,226.3551,223.9909,227.2348,226.3332,227.4577,227.3621,227.1406,223.6536,202.3000,197.3155,200.0059,0.0000,207.5129,201.8799,207.5132,201.3504,201.5991,200.9821,203.9164,210.5271,225.1828,198.2552,211.3214,210.3037,211.3581,207.1685,203.9093,225.5512,200.7919,207.1683,211.1224,223.2969,222.4936,222.8928,226.6866,218.2945,225.4434,218.2515,220.9952,222.9809,199.4117,203.3818
15.0000,226.4807,200.8377,201.0799,202.5199,199.4409,208.8875,207.6787,226.9097,204.8596,228.3208,217.9567,226.6610,204.4905,210.1152,200.8303,200.4556,208.6859,207.4557,212.3828,198.3462,205.0750,203.9003,204.3217,203.7121,211.1322,213.3350,213.7406,212.9075,227.4999,200.6155,201.2192,201.3899,228.7701,226.0370,224.5833,221.5958,204.3448,218.4600,204.8145,226.9557,236.3474,217.9600,218.6488,237.1929,230.6489,209.8422,224.2238,223.5075,198.8552,229.7769,228.1466,217.3350,230.6617,222.8495,225.9036,218.7939,205.3930,228.0858,204.8154,224.9758,220.9014,221.1954,226.7590,227.0569,224.6541,221.8143,222.2425,225.5720,221.9785,222.5818,232.2458,223.8845,223.4947,220.9299,209.9378,197.5219,203.5597,227.8110,225.6176,216.7636,200.9139,208.0590,204.4024,204.5103,205.0445,205.3385,205.7140,205.4217,204.9473,226.0940,205.2069,204.6117,204.6286,201.6768,199.9460,219.4731,220.6303,213.0515,0.0000,217.4473,220.8894,205.1444,203.9139,224.1803,211.1824,210.9747,215.5098,219.4957,220.2498,201.4632,205.9793,231.0987,225.3416,207.2206,208.0930,205.5706,210.5811,221.9405,203.5580,218.7943,222.8077,205.1209,205.4805,199.7527,208.7741,207.9589,228.0237,217.0697,206.6336,206.6703,199.8991,201.4507,211.1395,223.2554,201.5198,208.8919,204.9151,205.4874,205.6840,210.9686,205.5915,206.8615,203.6401,203.6419,222.7387,201.8073,204.4035,202.1019,219.3098,221.5904,232.0210,232.0211,229.4653,201.0746,208.6543,198.8216,203.3712,202.0417,203.8333,202.8972,217.0155,0.0000,216.7179,202.4934,228.0274,227.7021,202.9998,202.6454,227.4863,206.9795,205.2567,229.9775,224.9696,213.0432,225.1069,243.5429,211.7300,229.5800,245.0472,242.4231,229.0175,224.1030,200.5198,227.4768,227.3025,224.0227,231.2628,223.6106,208.0787,212.9344,213.3384,237.2240,243.9916,211.8833,224.3804,225.4429,225.5131,224.5879,221.8679,225.4067,224.7360,225.9370,225.5309,225.2899,221.8404,205.2069,199.9520,202.8983,0.0000,209.3743,204.8777,209.3745,203.7499,204.0029,203.7505,206.6305,211.8427,228.7719,201.2208,212.3287,211.1809,212.3659,208.9512,206.7575,222.7477,203.4558,208.9509,212.8709,223.2969,225.9187,226.3489,230.3888,216.9657,223.8422,216.8371,219.6690,222.2858,202.5863,205.1651
16.0000,231.6982,204.2565,204.5349,205.5958,202.3035,212.0953,210.8446,231.4586,208.3996,233.0697,221.9577,231.2456,208.0147,213.7827,203.3945,203.1083,211.7921,210.6541,214.6816,201.6837,207.8371,205.6615,206.3830,206.6152,214.5192,217.0812,217.5575,216.6614,232.1295,204.0097,204.6051,204.7734,233.5360,231.2921,229.5409,225.8650,207.8712,222.4605,208.2796,232.2386,242.9463,222.0706,222.6283,243.9107,235.5592,209.3542,225.5742,224.8408,201.2907,234.1128,232.8953,217.1266,232.3650,224.1871,227.4528,218.7269,208.6609,232.5029,204.3554,223.9558,222.2734,222.5350,230.6104,231.0964,224.6541,223.5890,223.8908,226.9153,223.3135,223.9146,235.8283,225.1052,223.5914,222.3027,209.8476,200.8116,206.8671,232.4510,230.1489,220.6601,204.2528,211.3204,207.9328,208.0437,208.6049,208.9238,209.3003,208.9908,208.5100,230.5487,208.6825,208.0448,207.9957,204.8936,203.1838,223.6385,224.7779,216.7833,0.0000,221.4526,225.1079,208.6651,206.8990,229.1807,213.4514,213.2390,217.1477,220.9808,221.6095,204.6315,209.5418,234.5215,229.8452,210.9245,211.0908,207.5741,214.3672,226.4671,206.9363,218.8058,224.0844,208.6192,208.9958,203.1334,208.4880,211.5617,232.7518,218.4275,206.3426,206.3792,203.2248,203.9421,214.5344,227.5283,204.9338,212.6037,208.4659,209.0491,209.2731,210.4382,208.6643,209.9823,206.5399,206.5420,224.0294,204.6973,206.9632,204.6013,221.1017,223.3446,237.0248,237.0249,234.2059,204.4625,212.3717,201.1844,205.9789,204.6085,207.1142,206.2264,218.3247,0.0000,218.7268,205.5738,232.8798,232.7881,206.3418,205.9495,232.1606,210.5743,208.7353,232.2909,224.9696,215.3419,225.2275,244.6185,215.4475,235.2960,252.9461,248.4811,233.7922,228.4240,203.2476,231.8273,231.5259,226.6131,231.5159,224.7209,211.2227,216.4349,217.0774,243.9010,251.7030,215.3084,225.5654,226.8154,226.8882,225.9124,222.9824,226.7788,226.0715,227.2856,226.9076,226.6946,222.8066,208.6825,203.1899,206.2277,0.0000,212.2298,208.4187,212.2300,206.6483,206.8892,207.0918,209.8893,214.3043,233.5124,204.6066,214.6282,213.4502,214.6638,211.8061,210.2963,221.6916,206.2683,211.8059,216.4140,232.7881,230.4565,230.9121,235.2774,218.2697,225.0126,218.0749,221.0249,224.0744,206.0439,204.7226
17.0000,233.8562,204.9668,205.2386,206.2243,202.8145,213.2231,213.2231,235.2876,209.4065,237.1824,225.1575,234.8851,209.1841,214.8964,203.9802,203.8485,212.0821,210.9962,214.4825,202.5996,208.7847,206.3782,207.0425,207.3971,215.8997,217.9054,218.1393,218.2721,235.7693,204.7038,205.7506,206.0023,237.2570,232.7625,231.5105,229.3210,208.8948,224.2792,209.3120,234.4457,246.1433,225.1249,225.8189,247.1972,239.3699,209.7168,223.7037,222.9654,201.8828,229.9266,228.2298,217.3060,230.9299,222.4831,225.9187,218.8332,209.0373,228.0866,204.6860,220.2484,220.4755,220.7147,226.6607,226.9494,224.6541,222.0449,222.4214,225.0678,221.5303,222.1452,232.5662,223.3650,220.9548,220.5047,209.9918,201.3754,207.1121,236.1388,233.4898,222.5988,205.7232,211.6864,208.9601,209.0855,209.6289,209.9747,210.7499,210.4280,209.5598,234.0525,209.5771,209.0611,208.8717,205.5780,203.8219,226.6293,227.5969,218.4053,0.0000,224.8044,228.5342,209.7609,207.6819,230.6123,213.2287,212.8484,216.0064,219.3501,219.8551,205.5557,210.4908,231.2940,233.3108,211.9311,217.9335,209.8056,215.6268,227.8320,207.9158,218.8349,222.2248,209.8016,210.1945,203.8029,208.7386,212.6534,236.7821,216.9711,206.5898,206.6264,203.4272,204.3772,215.9156,230.6618,206.1048,213.7639,209.5475,210.4142,210.6641,210.8379,209.8086,211.1133,207.1523,207.1541,222.1769,204.7188,207.2984,205.0379,219.6514,221.8097,241.5212,241.5213,238.1335,205.4991,213.4849,201.7305,206.7349,205.2694,207.9423,207.1993,216.8494,0.0000,218.6053,206.2004,228.1069,227.7573,207.3272,206.9372,234.7791,211.5645,209.6336,230.0628,224.9696,215.1376,225.1113,245.2093,216.8356,237.0776,255.9908,254.8458,237.5124,231.6642,204.0145,227.4356,227.2619,223.7533,231.4381,223.7557,217.4762,220.0102,217.9895,246.3172,254.6593,216.7131,223.7532,224.9297,225.0016,224.0375,221.0857,224.8937,224.2224,225.4330,225.0208,224.8754,220.5939,209.5771,203.8280,207.2007,0.0000,212.3520,209.4065,212.3521,207.2436,207.4642,207.9120,210.2209,214.2086,237.2324,205.7519,214.4319,213.2275,214.4645,211.9140,211.3573,218.0254,206.7578,211.9138,217.9652,223.2969,233.9628,234.4384,239.0736,216.7934,223.2273,216.5785,219.4765,222.5262,207.1607,205.0452
18.0000,218.8728,204.8308,205.1183,205.8092,202.3430,208.7747,208.7747,232.9609,209.3719,235.2916,223.1024,232.9654,209.2825,213.8727,203.5924,203.5019,211.9696,210.8571,214.3511,202.5691,207.0163,205.4536,205.9005,206.2761,210.4524,212.4386,212.5761,216.2437,234.0528,204.5566,205.6879,205.9697,235.6308,220.0116,219.3238,227.3146,208.8580,218.3173,209.1963,219.4569,231.0629,222.2386,223.7328,232.1087,237.8536,209.5606,223.3636,222.6217,201.4221,229.8904,228.2111,217.2724,230.9741,221.9063,225.9048,218.8277,208.9356,228.0931,204.5374,217.9121,220.1347,220.3783,226.5805,226.8799,224.6541,221.7521,222.1010,224.7404,221.2061,221.8315,232.4678,223.0438,219.3779,220.1642,209.7693,201.2318,207.0215,234.4490,231.6337,218.1531,205.8649,211.5320,208.9275,209.0910,209.5797,209.9200,210.7268,210.4106,209.5328,231.4840,209.5024,208.9524,208.8079,205.4816,203.7096,223.4125,224.3201,216.3837,0.0000,222.6356,226.4707,209.7298,206.5226,219.1922,213.0226,212.6299,215.7227,219.0118,219.5091,205.3776,210.4459,231.1672,231.4466,211.8733,214.4920,207.9770,215.8365,219.0203,207.8265,218.8275,221.8804,209.7389,210.1454,203.6887,208.5771,212.1066,234.8870,216.6540,206.4349,206.4715,203.3595,204.0123,202.6636,227.6993,206.0579,213.4728,209.5204,210.3940,210.6768,210.6995,205.6314,206.8289,206.7679,206.7699,221.8285,204.4508,206.9989,204.6720,219.3395,221.5172,239.2529,239.2530,235.7154,205.4159,213.5269,201.0721,206.5489,204.9475,207.8482,207.0964,216.5312,0.0000,218.7318,205.8006,228.0836,227.7170,207.2347,206.8690,232.9362,211.5283,209.5566,230.0916,224.9696,215.0817,225.1129,246.7051,215.2642,224.2914,242.9113,253.1250,235.8871,228.8118,203.6929,227.4026,227.2101,223.5439,231.8881,223.5547,213.8348,215.4079,212.5495,233.3919,241.5920,211.2747,223.5020,224.5902,224.6624,223.6843,220.7221,224.5542,223.8942,225.1050,224.6814,224.5551,220.1971,209.5025,203.7157,207.0979,0.0000,212.2330,209.3719,212.2331,206.9289,207.2045,207.8374,210.1234,214.0972,235.5817,205.6892,214.2929,213.0218,214.3339,211.7896,210.9129,215.6825,206.4675,211.7894,212.8212,223.2969,232.1361,232.6504,237.5400,216.4753,222.9809,216.2552,219.1734,222.2382,207.1946,204.8917
19.0000,218.8728,205.2885,205.5952,206.0221,202.3587,209.4440,209.4440,238.3507,209.7311,241.1926,228.3969,238.8276,209.7208,215.0334,203.4650,203.4177,212.4400,211.3075,214.4505,202.9346,207.3846,206.1577,206.4725,206.5116,211.2999,213.3162,213.4381,218.2281,240.3253,205.0040,205.9958,206.2839,241.9522,220.2271,219.7479,232.9933,209.2252,219.7756,209.5646,219.4880,231.7288,226.4317,228.7919,232.8319,244.2778,209.5507,223.2758,222.5368,201.1813,229.9133,228.2458,217.5439,231.0174,221.6745,226.0897,219.1531,209.4291,228.1408,204.5446,216.5926,220.0799,220.3216,226.6053,226.9122,224.6541,221.6940,222.0269,224.7076,221.1233,221.7329,232.4499,222.8330,218.5328,220.1096,209.6216,201.7144,207.5754,240.7626,237.7093,220.1111,205.5891,212.0085,209.2964,209.4811,209.9560,210.3187,211.1211,210.8019,209.9299,236.4217,209.8030,209.2764,208.9002,205.6574,203.9929,227.5762,227.8949,218.3605,0.0000,228.5312,232.3347,210.1351,206.7879,219.5997,213.0197,212.6248,215.7032,218.9540,219.4539,205.5763,210.7936,231.1480,237.5500,212.3298,215.3804,208.7066,215.9918,219.8115,208.0527,219.1452,221.8235,210.0994,210.4942,204.1471,208.5470,212.8715,240.7809,216.6269,206.4184,206.4551,204.0748,203.4347,203.4799,231.8864,206.3828,214.1140,209.9672,210.7852,211.0899,210.7085,206.1115,207.3815,206.7596,206.7615,221.7734,204.7188,206.7348,204.3858,219.2721,221.4607,244.7456,244.7456,240.9604,205.7574,214.0770,200.9150,206.4471,204.8416,207.9466,207.2897,216.5069,0.0000,218.8752,206.0139,228.1150,227.7374,207.4432,207.0386,239.1585,211.9688,209.8644,230.0788,224.9696,215.1520,225.1122,248.7401,216.8784,224.5336,243.1712,259.6345,242.2074,233.2112,203.6507,227.4373,227.2402,223.5268,232.7426,223.5211,214.6674,216.2658,213.4267,233.6668,241.8614,212.1315,223.4018,224.5070,224.5800,223.6314,220.6690,224.4711,223.8566,225.0711,224.5986,224.4697,220.1177,209.8030,203.9990,207.2914,0.0000,212.6513,209.7311,212.6514,206.8930,207.1247,208.0050,210.6135,214.5180,241.9253,205.9970,214.3758,213.0189,214.4339,212.1822,211.5661,214.2534,206.5667,212.1819,214.0075,223.2969,238.2828,238.8250,243.9475,216.4515,222.8889,216.2298,219.1781,222.1761,207.5131,204.8883
20.0000,219.3110,205.7211,206.0430,206.2000,202.4732,209.6233,209.6233,236.8450,210.1314,240.6457,228.2178,238.4263,210.1491,215.1269,203.6279,203.6101,212.6933,211.6155,214.6002,203.3833,207.4980,206.0967,206.4160,206.6777,211.4855,213.5782,213.7273,218.2826,240.2341,205.4274,206.3673,206.6771,241.9504,220.7170,220.1534,232.7299,209.6228,219.9365,209.9234,219.9449,232.5661,226.4317,228.6376,233.7036,244.3373,209.8373,223.3590,222.5998,201.2789,230.0812,228.3861,218.0057,231.1624,221.5782,226.4277,219.6538,209.7765,228.3507,204.8415,215.1501,220.2245,220.4634,226.7844,227.0947,224.6541,221.7925,222.0982,224.8602,221.3210,221.9734,232.6212,223.1356,217.7563,220.2542,209.8273,202.0400,207.9363,240.6843,237.5265,220.1756,205.6827,212.3222,209.6961,209.8907,210.3644,210.7371,211.5603,211.2281,210.3450,235.6942,210.1968,209.6331,209.2627,205.9873,204.3197,227.4329,227.7087,218.4161,0.0000,228.2771,232.0780,210.5172,206.9863,220.0817,213.1871,212.8017,215.8743,219.0990,219.6006,205.8806,211.2188,231.3121,237.3695,212.7828,215.4492,208.9834,216.7266,220.2816,208.3713,219.6418,221.9564,210.4879,210.8845,204.5423,208.8193,213.0942,240.2575,216.8000,206.6984,206.7350,204.4126,203.4347,203.6601,231.4686,206.7677,214.3720,210.3693,211.2052,211.5170,211.0019,206.3073,207.5669,206.9626,206.9644,221.9027,204.7188,206.8637,204.4910,219.4000,221.5627,244.2097,244.2097,240.3366,206.1415,214.5029,200.8378,206.8425,205.0897,208.2798,207.5855,216.6831,0.0000,219.1632,206.1920,228.2523,227.8724,207.7459,207.3356,239.0387,212.3784,210.2592,230.2068,224.9696,215.3615,225.1189,251.0414,216.9541,225.1902,244.6772,259.5757,242.2018,232.7089,203.8595,227.6265,227.4166,223.6903,233.6629,223.5800,214.8408,216.4977,213.6879,234.6789,243.2902,212.3418,223.5337,224.5901,224.6605,223.7386,220.8084,224.5546,224.0070,225.2259,224.6801,224.5677,220.2469,210.1968,204.3259,207.5872,0.0000,212.7731,210.1314,212.7732,207.1012,207.3446,208.3668,210.9667,214.4832,241.8668,206.3685,214.5106,213.1863,214.5817,212.2887,211.8288,212.9295,206.7865,212.2885,214.1561,223.2969,238.1241,238.6928,243.9966,216.6279,223.0365,216.4075,219.3804,222.2684,207.9870,205.1787
21.0000,218.8728,205.2830,205.6137,205.9499,202.1230,208.7952,208.7952,231.5622,209.8347,233.3254,221.5771,231.1097,209.9528,213.8739,203.4789,203.4419,212.3083,211.2728,214.1700,202.5211,207.0495,205.5000,205.8990,206.3250,210.4748,212.5289,212.6741,216.0348,227.8159,204.9794,206.0363,206.3382,223.7680,220.1415,219.4026,225.2950,209.3098,218.1870,209.5124,219.5311,232.6531,221.2672,222.2931,233.8358,226.2739,209.8487,223.3268,222.5838,201.1629,230.0411,228.3809,218.1197,231.1451,221.3097,226.6389,219.7999,209.4201,228.3128,204.8626,214.1200,220.0800,220.3300,226.7297,227.0427,224.6541,221.6320,221.9316,224.7134,221.1613,221.7884,232.5771,222.8434,217.0977,220.1104,209.7870,201.5354,207.6231,228.2680,227.4811,217.8826,205.3414,211.9848,209.3852,209.5744,210.0818,210.4654,211.2700,210.9295,210.0528,230.2401,209.9816,209.2346,208.9971,205.7109,203.9653,222.5247,223.5393,216.1748,0.0000,221.1294,224.3340,210.1352,206.6061,219.4834,212.9053,212.5493,215.6776,218.9531,219.4529,205.5547,211.0427,231.2576,227.1367,212.6374,214.6492,208.3059,214.1999,219.6307,208.0548,219.7794,221.8591,210.1326,210.5426,204.0829,208.8233,212.2501,232.9464,216.6327,206.7086,206.7452,204.0049,203.4347,202.6871,226.7268,206.4503,213.6286,210.0174,210.8932,211.2133,211.0191,205.6302,206.8299,206.7200,206.7218,221.8056,204.7188,206.7505,204.3895,219.2524,221.4000,238.3805,238.3805,234.6916,205.7822,214.3474,200.8773,206.5993,204.9205,208.0275,207.2637,216.5162,0.0000,218.5588,205.9436,228.2440,227.8508,207.4297,207.0409,228.9635,212.1881,210.0458,230.1706,224.9696,214.8750,225.1170,252.6093,215.1602,224.8093,245.1208,254.1981,224.5609,227.7669,203.6681,227.5811,227.3743,223.5853,234.2528,223.4907,214.0221,215.5597,212.6420,234.7282,243.6803,211.3439,223.5247,224.5583,224.6320,223.6764,220.7229,224.5221,223.8916,225.0798,224.6507,224.5332,220.1483,209.9816,203.9715,207.2654,0.0000,212.2724,209.8347,212.2724,206.8747,207.1599,208.1144,210.6286,213.9750,227.6298,206.0374,214.0731,212.9046,214.1411,211.7349,211.1135,211.8960,206.5618,211.7347,212.7548,223.2969,227.3459,227.3855,226.0006,216.4612,223.0006,216.2429,219.1931,222.1140,207.1367,205.1955
22.0000,219.1357,205.1014,205.3841,205.9541,202.1095,208.8049,208.8049,232.6633,210.0816,234.5650,222.3950,232.2514,210.1121,214.3596,203.5936,203.5593,212.6368,211.7281,214.5768,202.8325,206.7975,204.5107,205.1391,206.2243,210.5526,212.8240,213.0252,216.5741,229.0387,204.8200,206.0662,206.3715,224.9669,220.6843,219.7725,226.2405,209.5741,218.5531,209.8076,219.8216,233.5094,222.0328,223.1486,234.7432,227.5517,210.1523,223.7949,223.0365,201.1908,230.3254,228.6004,218.6830,231.2494,221.5696,227.2005,220.4041,209.7994,228.6436,205.1895,213.8228,220.5126,220.7619,227.0615,227.3760,224.6541,222.0012,222.2739,225.1986,221.6298,222.2823,232.9219,223.2330,217.0010,220.5427,209.9928,201.5612,207.9254,229.5231,228.5911,218.3300,204.8274,212.6723,209.6513,209.8498,210.3191,210.7020,211.5664,211.2284,210.3080,231.2390,210.2990,209.5214,209.2408,205.9075,204.1019,223.2383,224.2821,216.7647,0.0000,221.9139,225.2515,210.4558,206.5156,220.0183,213.2363,212.8547,216.0567,219.3610,219.8793,205.7884,211.3837,231.6030,228.2439,213.0260,214.1624,207.3433,214.5394,220.1506,208.1507,220.3850,222.3237,210.4359,210.8750,203.9912,209.1142,212.6918,234.1632,217.0436,207.0127,207.0495,204.1805,203.4347,202.7619,227.5767,206.4872,214.2353,210.3011,211.2043,211.5505,211.3237,205.6304,206.8297,206.8193,206.8212,222.2711,204.7188,206.8581,204.4570,219.6203,221.7707,239.6825,239.6826,235.8535,205.7663,214.8680,200.5876,206.9697,205.1094,208.2164,207.3192,216.9313,0.0000,218.5408,205.9499,228.4633,228.0837,207.4913,207.0742,230.0950,212.6242,210.3654,230.3331,224.9696,215.1979,225.1255,253.2562,215.6780,225.5173,246.5329,256.2888,225.7730,228.6569,203.8026,227.9033,227.6834,223.9725,234.4880,223.7366,213.6594,215.5429,212.9273,235.8338,245.0492,211.4246,223.9573,225.0382,225.1140,224.1711,221.1933,225.0016,224.3796,225.5685,225.1324,225.0071,220.5938,210.2990,204.1080,207.3208,0.0000,212.7067,210.0816,212.7068,206.9925,207.2899,208.3535,211.0773,214.6919,228.8771,206.0673,214.4682,213.2359,214.5340,212.1339,211.4783,211.5450,206.8103,212.1336,212.9448,223.2969,228.4831,228.5476,227.2680,216.8766,223.4440,216.6586,219.6523,222.4932,207.3252,205.5133
23.0000,220.0636,206.2179,206.5798,206.9159,202.9190,209.6247,209.6247,233.7291,210.8877,235.6163,223.2796,233.1568,211.1289,215.1269,203.8845,203.9218,213.3219,212.2886,214.6803,203.6988,207.7015,205.9775,206.4160,206.9701,211.3827,213.4797,213.6382,217.3635,230.2402,205.8925,206.9796,207.2930,226.1824,221.5240,220.6728,227.1827,210.3651,219.4034,210.5581,220.7611,234.6873,222.9937,224.0247,235.9426,228.7938,210.1964,223.5898,222.7982,201.4248,230.2320,228.5569,218.7876,231.1329,221.4305,227.1242,220.5260,210.4717,228.5956,205.2522,213.2682,220.4610,220.6873,227.0051,227.3210,224.6541,221.9139,222.1865,225.1129,221.6077,222.3027,232.7067,223.0881,216.6654,220.4909,209.9948,202.4786,208.7649,230.7500,229.6824,219.1909,205.6827,213.0335,210.4424,210.6206,211.1343,211.5237,212.3919,212.0406,211.1061,232.3241,211.0433,210.2585,209.9867,206.6402,204.9038,224.2248,225.2509,217.5017,0.0000,222.8091,226.2002,211.2479,207.2802,220.8556,213.3793,213.0367,216.1196,219.3332,219.8394,206.4070,212.1474,231.4385,229.3372,213.7817,215.4497,208.9390,214.5329,220.9869,208.9654,220.4935,222.2247,211.2116,211.6526,205.0219,209.1463,213.4746,235.1910,217.0612,207.0534,207.0902,205.0459,203.4347,203.5612,228.6053,207.4149,215.1107,211.0914,212.0069,212.3510,211.3597,206.4152,207.6125,206.8007,205.8559,222.1780,206.1493,207.0025,204.6214,219.5969,221.6899,240.9258,240.9259,237.0250,206.7181,215.6485,201.1285,207.1528,205.3928,208.9220,208.1362,216.9482,0.0000,218.6986,206.9168,228.4177,228.0214,208.3169,207.9281,231.2173,213.3645,211.1113,230.2753,224.9696,215.3021,225.1225,253.6981,216.4579,226.4608,247.8910,258.0290,226.9930,229.7034,204.2027,227.8505,227.6276,223.9099,234.5677,223.6886,214.8413,216.4593,213.5906,237.0182,246.3923,212.2627,223.6265,224.8446,224.9238,224.0278,221.1072,224.8087,224.3001,225.4808,224.9411,224.7869,220.4943,211.0433,204.9099,208.1380,0.0000,213.1325,210.8877,213.1325,207.1594,207.5343,209.1032,211.6885,214.8417,230.1193,206.9806,214.5562,213.3781,214.6276,212.5196,212.2350,211.0217,207.2066,212.5193,213.7844,223.2969,229.6041,229.6931,228.5065,216.8938,223.1362,216.6764,219.6329,222.3765,208.0907,205.5715
24.0000,219.6364,206.3275,206.6951,206.5340,202.4230,209.5132,209.5132,233.7155,210.9350,235.7315,223.3308,233.2533,210.9909,215.1269,203.8255,203.9088,213.1434,212.1016,214.7541,203.6163,207.6548,205.9957,206.4160,206.9294,211.2547,213.3254,213.4873,217.3533,230.4609,206.0030,206.9726,207.2416,226.4246,221.1442,220.3182,227.2566,210.4212,219.2359,210.6387,220.3121,233.7886,222.9207,224.0655,235.0033,229.0454,210.1461,223.6133,222.8291,201.4041,230.2124,228.5314,218.7167,231.0898,221.3939,227.0341,220.4583,210.3266,228.5853,205.2079,212.9612,220.4881,220.7158,227.0050,227.3189,224.6541,221.9465,222.2038,225.1268,221.6219,222.3073,232.7873,223.1767,216.4413,220.5177,209.9572,202.5563,208.5380,230.9867,229.8220,219.0873,205.6827,212.8016,210.4988,210.6882,211.1803,211.5708,212.4581,212.1130,211.1632,232.3198,211.1483,210.3485,210.0605,206.7167,204.9810,224.1442,225.1943,217.5210,0.0000,222.8685,226.2780,211.3194,207.2591,220.5112,213.4413,213.0969,216.1607,219.3571,219.8654,206.4654,212.2522,231.4828,229.4826,213.8946,215.2569,208.9146,214.0803,220.7139,208.9503,220.4238,222.2471,211.3122,211.8011,205.1162,209.1021,213.4858,235.3033,217.0918,207.0108,207.0475,205.0077,203.4347,203.4384,228.6096,207.4106,215.0213,211.1531,212.0917,212.4460,211.3084,206.2728,207.4889,207.3540,207.3560,222.1999,204.9466,207.1279,204.6801,219.6128,221.7215,240.5292,240.5293,236.9626,206.7395,215.8174,201.0227,207.1364,205.3423,209.0005,208.1066,216.9785,0.0000,218.9153,206.5276,228.3956,228.0187,208.2834,207.8644,231.3508,213.5196,211.2166,230.1605,224.9696,215.3942,225.1165,253.7910,216.4495,226.0030,247.2239,257.8623,227.2369,229.7150,204.2003,227.8463,227.6240,223.9299,234.6930,223.6946,214.6827,216.2958,213.4369,236.4076,245.7337,212.1082,223.6634,224.8619,224.9409,224.0460,221.1334,224.8261,224.3105,225.4938,224.9581,224.8066,220.5225,211.1483,204.9871,208.1083,0.0000,212.9962,210.9350,212.9962,207.5130,207.8079,209.1800,211.5040,214.8274,230.3732,206.9736,214.6138,213.4390,214.6906,212.3663,212.2863,210.7217,207.0974,212.3661,213.6638,223.2969,229.7684,229.8755,228.7569,216.9244,223.1713,216.7072,219.6496,222.4265,207.9400,205.5274
25.0000,219.0731,206.4019,206.7677,206.6762,202.5944,209.4607,209.4607,233.4968,211.1257,235.6281,223.3633,233.1511,211.0910,215.1269,203.7883,203.9211,212.9615,211.9822,214.5239,203.6164,207.6661,206.0120,206.4160,206.9751,211.1869,213.2995,213.4641,217.3345,230.6598,206.0767,207.1972,207.4770,226.6704,220.6384,219.8618,227.2584,210.5934,219.0806,210.7615,219.7227,232.6657,222.8348,224.0809,233.8322,229.4561,209.9622,223.5515,222.7884,201.3956,230.0288,228.3479,218.3667,230.9876,221.2367,226.6515,220.0776,210.2016,228.2948,205.0325,212.7322,220.3225,220.5566,226.7667,227.0760,224.6541,221.7845,222.0479,224.9734,221.4423,222.1046,232.6094,223.2001,216.2463,220.3525,209.8611,202.6106,208.5442,231.1935,229.9570,218.9745,206.9975,212.6931,210.6704,210.8570,211.3790,211.7709,212.6358,212.2819,211.3481,232.0542,211.2486,210.4697,210.1988,206.8265,205.0690,224.0438,225.0433,217.5341,0.0000,222.9110,226.3073,211.4238,207.2956,220.0905,213.3043,212.9902,216.0316,219.2009,219.7031,206.5531,212.3512,231.3004,229.6254,213.9888,215.2496,208.9891,213.9766,220.4548,209.2345,220.0387,222.1162,211.4406,211.9128,205.1724,208.9359,213.5288,235.1999,216.9562,206.8431,206.8798,205.0499,203.4347,203.3729,228.3893,207.6317,215.0162,211.3090,212.2458,212.5925,211.1045,206.1873,207.4230,207.4225,207.4243,222.0707,204.9466,207.1421,204.6845,219.4530,221.5591,240.1882,240.1883,236.5115,206.9277,215.8120,201.0052,207.0714,205.2907,209.1549,208.4136,216.8442,0.0000,218.7659,206.6720,228.2169,227.8458,208.5775,208.1608,231.4532,213.5647,211.3159,229.9875,224.9696,215.1849,225.1074,252.5793,216.4379,225.4123,246.1545,256.7744,227.4755,229.4772,204.2237,227.5895,227.3884,223.7186,234.3318,223.5875,214.6881,216.2851,213.4105,235.6664,244.7030,212.0256,223.5834,224.7864,224.8647,223.9682,221.0050,224.7502,224.1630,225.3402,224.8822,224.7285,220.3796,211.2486,205.0751,208.4154,0.0000,212.6997,211.1257,212.6997,207.5844,207.8846,209.3019,211.3401,214.3814,230.5934,207.1982,214.3770,213.3001,214.4388,212.0605,212.3643,210.5364,207.0279,212.0603,213.5822,223.2969,229.9243,230.0500,229.1400,216.7901,223.0723,216.5726,219.5353,222.2652,208.0190,205.3567
26.0000,218.8728,206.0790,206.4461,206.6424,202.6352,209.3554,209.3554,231.9732,210.4861,234.0501,222.3579,231.7122,210.5306,214.5134,203.6067,203.6902,212.4461,211.5154,214.0104,203.3021,207.9283,207.3113,207.4201,206.9951,211.0052,212.7799,212.8861,216.6819,229.2090,205.7570,206.6747,206.9447,225.2107,220.0859,219.5033,226.0892,209.9561,218.5993,210.1474,219.5235,232.4912,221.7325,223.0871,233.6600,227.9526,209.5488,223.0710,222.3237,201.3164,229.7827,228.1660,217.6722,230.8407,220.9040,226.0595,219.3334,209.7434,227.9455,204.6237,212.6715,219.8857,220.1259,226.4282,226.7306,224.6541,221.3906,221.6752,224.5583,220.9628,221.5939,232.2982,222.6648,216.0911,219.9161,209.6075,202.2324,208.0584,229.7155,228.6034,218.3671,205.6827,212.2203,210.0317,210.2255,210.7256,211.1027,212.0038,211.6453,210.6958,230.6762,210.6616,209.8658,209.6188,206.3038,204.5990,222.9271,223.9753,216.8524,0.0000,221.9086,225.1684,210.7878,207.2401,219.5125,212.8425,212.5486,215.5835,218.7750,219.2678,206.0659,211.7597,230.9826,228.2827,213.3919,215.6356,210.1325,213.2264,219.8261,208.6519,219.2939,221.6633,210.8073,211.2386,204.8227,208.5573,212.8956,233.6445,216.5053,206.4583,206.4949,204.6270,203.4347,203.1977,227.1444,207.1021,214.3049,210.6653,211.6090,211.9495,210.6627,206.0774,207.3159,207.1340,207.1357,221.6145,205.6658,206.9161,204.5346,219.0533,221.1622,238.5014,238.5015,234.9601,206.4542,215.0847,201.2757,206.5395,204.9944,208.6142,207.8466,216.3899,0.0000,218.2749,206.6369,228.0326,227.6293,208.0072,207.5989,230.0248,212.9077,210.7274,229.9257,224.9696,214.6420,225.1042,249.9054,215.8042,224.7121,244.6518,254.5027,226.0090,228.1850,203.9551,227.2559,227.0752,223.3288,233.2642,223.3282,214.9694,216.1615,212.9036,234.5956,243.2641,211.8311,223.1914,224.3005,224.3791,223.4873,220.5491,224.2647,223.7221,224.9240,224.3963,224.2222,219.9320,210.6616,204.6050,207.8483,0.0000,212.1065,210.4861,212.1065,207.2656,207.5374,208.7411,210.8688,213.8142,229.1090,206.6758,213.8533,212.8360,213.9039,211.4223,211.7503,210.5055,206.7345,211.4220,213.2713,223.2969,228.5530,228.6567,227.6425,216.3354,222.6893,216.1177,219.0527,221.8681,207.5139,204.9577
27.0000,221.3641,206.0547,206.4131,206.4825,202.4916,212.0574,212.0574,232.3344,210.4884,234.0026,222.5570,231.5076,210.4699,214.9864,203.6313,203.7054,212.3516,211.4558,213.8896,203.3149,208.2967,205.9003,206.5193,207.2400,214.4453,216.8987,217.1618,217.4946,229.3760,205.7391,206.6226,206.8810,225.3546,222.9218,222.0722,226.2401,209.9645,221.0219,210.1797,222.0406,235.5323,222.5526,223.3180,236.7484,228.0844,209.5029,222.8409,222.0523,201.3352,229.8970,228.2549,217.4357,230.8927,221.0616,225.9224,219.0568,209.7158,228.0175,204.5395,213.6936,219.8634,220.0844,226.4737,226.7686,224.6541,221.4239,221.7270,224.4984,221.0272,221.7444,232.3547,223.0643,216.6799,219.8944,209.6148,202.2324,208.0603,229.8931,228.7467,220.2929,205.6827,212.1299,210.0399,210.2206,210.7335,211.1164,212.0101,211.6434,210.7015,231.2646,210.6545,209.8867,209.6282,206.2948,204.5920,223.9492,225.0984,217.6867,0.0000,222.0708,225.3228,210.8087,207.6128,222.5563,212.7407,212.4743,215.5344,218.7620,219.2473,206.0849,211.7454,231.0445,228.4331,213.4026,216.7811,209.2125,213.5801,223.3034,208.6202,219.0199,221.5640,210.8151,211.2492,204.8160,208.5135,213.1650,233.5718,216.4658,206.3978,206.4345,204.6279,203.4347,214.4723,228.0231,207.0432,214.5579,210.6754,211.6051,211.9282,210.6331,208.7474,209.9962,207.1715,207.1731,221.5118,204.9466,206.9160,204.5424,219.0686,221.1922,239.3498,239.3499,235.6710,206.4104,215.0180,200.8999,206.7761,205.0619,208.6138,207.8056,216.3487,0.0000,217.9754,206.4682,228.1163,227.6912,207.9667,207.5567,230.1918,212.8684,210.7199,230.0056,224.9696,214.5331,225.1084,248.2451,216.4643,227.5239,247.0409,255.2974,226.1521,228.9806,203.9709,227.3133,227.1305,223.3463,232.4598,223.3648,216.4622,219.0035,216.9838,237.3253,245.7184,215.3037,223.0178,224.0619,224.1418,223.3101,220.4420,224.0274,223.6530,224.8648,224.1578,223.9270,219.8274,210.6545,204.5981,207.8074,0.0000,211.9978,210.4884,211.9978,207.2855,207.5527,208.7390,210.8299,213.6784,229.2461,206.6237,213.7353,212.7292,213.7679,211.3150,211.9428,211.3889,206.7262,211.3149,216.2500,223.2969,228.7071,228.8160,227.7760,216.2935,222.4888,216.0751,219.0255,221.9099,207.5463,204.8811
28.0000,222.0124,206.1938,206.5490,206.5810,202.5978,212.4414,212.4414,232.6248,210.6082,234.1650,222.7059,231.6697,210.6030,215.1269,203.7411,203.7981,212.5687,211.6758,213.9055,203.3639,208.6434,206.5903,207.0867,207.4543,214.8571,217.2490,217.4933,217.6785,229.2954,205.8797,206.7336,206.9989,225.2745,223.4809,222.6640,226.3780,210.0849,221.4303,210.2944,222.7050,236.5239,222.8567,223.4833,237.7695,228.1264,209.7186,223.1317,222.3837,201.4245,229.8631,228.2805,217.7192,230.9074,221.2454,226.0214,219.3580,209.8742,228.0784,204.7394,214.7983,219.8858,220.1299,226.5115,226.8097,224.6541,221.4315,221.7608,224.4801,220.9998,221.6527,232.2697,222.9518,217.4353,219.9167,209.7496,202.3366,208.3781,229.8039,228.7499,220.6390,205.6827,212.3893,210.1608,210.3380,210.8554,211.2413,212.1283,211.7626,210.8230,231.6109,210.7588,209.9968,209.7347,206.3945,204.6940,224.2907,225.4420,217.8416,0.0000,222.2100,225.4464,210.9191,207.8199,223.0936,212.6969,212.4538,215.5080,218.7692,219.2576,206.1889,211.8504,231.0049,228.4382,213.5032,217.5572,210.0664,213.8883,223.8036,208.7180,219.3309,221.6480,210.9265,211.3552,204.9489,208.7074,213.3401,233.7341,216.4356,206.5898,206.6265,204.7954,203.4347,214.8842,228.3677,207.1549,214.9154,210.7963,211.7232,212.0503,210.8764,209.1342,210.3801,207.2621,207.2636,221.5949,204.9466,206.9499,204.5942,219.0714,221.1963,240.2430,240.2431,236.3059,206.5286,215.1332,201.2860,206.7328,205.1425,208.7140,207.8981,216.3136,0.0000,218.2759,206.5643,228.1396,227.7059,208.0617,207.6560,230.1313,212.9770,210.8245,230.0483,224.9696,214.5569,225.1106,248.7546,216.6279,228.2123,248.3282,256.6642,226.0633,229.3256,204.0652,227.3598,227.1686,223.3674,232.6567,223.3893,217.1535,219.5271,217.3397,238.2673,246.9645,215.7529,223.2971,224.3504,224.4262,223.4839,220.5197,224.3144,223.6102,224.8461,224.4442,224.3008,219.9317,210.7588,204.7001,207.8999,0.0000,212.1653,210.6082,212.1654,207.3649,207.6266,208.8435,211.0031,213.7863,229.0630,206.7347,213.7526,212.6785,213.7837,211.4770,212.0670,212.4973,206.8794,211.4769,216.6418,223.2969,228.6902,228.7783,227.7971,216.2580,222.7766,216.0391,218.9471,221.9132,207.6793,205.0777
29.0000,219.1820,205.9704,206.3327,206.1379,202.1004,209.0943,209.0943,231.6768,210.2711,233.3361,221.9113,230.7986,210.4083,214.8480,203.5650,203.5833,212.3210,211.5031,213.5589,203.0494,207.3129,205.7519,206.2169,206.5217,210.8176,212.8876,213.0587,216.8340,228.4486,205.6538,206.3955,206.6855,224.3778,220.5247,219.7800,225.5786,209.7553,218.6353,209.9598,219.8768,233.7476,221.5967,222.6207,234.9979,227.0477,209.8855,223.1069,222.3439,201.2288,229.8977,228.3112,218.1962,230.9954,221.4034,226.3526,219.8681,209.7468,228.1306,204.9215,216.0422,219.8094,220.0570,226.5279,226.8264,224.6541,221.4045,221.7645,224.4019,220.9769,221.6623,232.3107,222.9241,218.1929,219.8407,209.8044,202.2324,208.2765,228.9482,227.9188,218.3721,204.6680,212.2281,209.8327,210.0122,210.5243,210.9202,211.7996,211.4396,210.5011,230.5534,210.4146,209.6525,209.3516,206.0685,204.4454,222.8755,223.8985,217.0010,0.0000,221.4649,224.6570,210.6253,206.8767,219.8951,212.3619,212.1596,215.3463,218.6903,219.1783,205.8863,211.5151,231.0464,227.6084,213.1676,214.5691,208.2561,213.8237,220.0954,208.2897,219.8374,221.5988,210.6061,211.0508,204.7784,208.8616,213.0235,232.9042,216.3327,206.7557,206.7924,204.6876,203.4347,203.0179,227.0352,206.8274,214.5523,210.4851,211.4052,211.7456,211.0525,205.8491,207.0693,206.3876,205.5353,221.5436,204.9466,206.6665,204.3704,218.9975,221.1627,239.6761,239.6761,235.5281,206.2175,214.8332,201.1498,206.5839,204.9886,208.3146,207.4470,216.2148,0.0000,217.6421,206.1318,228.1686,227.7372,207.6213,207.2311,229.2589,212.6477,210.4815,230.1431,224.9696,214.1901,225.1155,250.4412,216.0396,225.2580,245.3513,256.4439,225.1699,228.0690,203.8375,227.3933,227.1969,223.3337,233.3441,223.4073,214.0450,215.7581,212.9964,235.3102,243.9971,211.7151,223.2960,224.3334,224.4089,223.4752,220.4701,224.2970,223.5500,224.7687,224.4271,224.2983,219.8758,210.4146,204.4515,207.4487,0.0000,211.8090,210.2711,211.8090,206.7250,207.0933,208.4919,210.8528,213.4447,228.2544,206.3965,213.3910,212.3363,213.4268,211.0643,211.7525,213.7469,206.7046,211.0642,213.1423,223.2969,227.8558,227.9416,226.7481,216.1599,222.7711,215.9411,218.8728,221.8877,207.4320,205.2507
30.0000,219.4821,205.8624,206.2061,206.2634,202.2700,209.2582,209.2582,232.2344,210.4202,233.9216,222.3506,231.3405,210.6580,214.9040,203.5838,203.6502,212.1983,211.3968,213.5110,203.1058,207.4427,206.0496,206.4155,206.6115,211.0004,213.0411,213.1958,216.9835,229.0874,205.5504,206.5285,206.8171,225.1187,220.8042,220.0658,226.0492,209.8983,218.8738,210.0848,220.1832,234.1844,221.9973,223.1026,235.4464,227.9794,210.1388,223.6555,222.8844,201.2403,230.1513,228.5268,218.5341,231.2182,222.1790,226.6914,220.1995,209.6049,228.4756,205.1535,218.5520,220.3323,220.5812,226.8891,227.1876,224.6541,221.9247,222.3070,224.9451,221.5428,222.2580,232.6438,223.7452,219.9019,220.3637,209.9882,202.0833,208.0816,229.5928,228.4951,218.6206,205.5335,212.1521,209.9755,210.1548,210.6714,211.0641,211.9108,211.5616,210.6438,231.0685,210.5290,209.7765,209.4870,206.1404,204.4389,223.2460,224.3022,217.1508,0.0000,221.8793,225.1260,210.7541,206.9371,220.1649,212.4351,212.2791,215.7149,219.1899,219.6914,205.9923,211.6323,231.4080,228.1831,213.2888,215.0708,208.8512,213.9217,220.3519,208.5029,220.1645,222.1391,210.7268,211.1729,204.6604,209.0963,213.1183,233.4778,216.8121,206.9860,207.0227,204.5350,203.4347,203.1940,227.4982,206.9606,214.6757,210.6216,211.5251,211.8686,211.3310,206.0117,207.2323,206.4820,205.6270,222.0820,204.9466,206.7376,204.4132,219.4836,221.6804,240.3277,240.3278,236.1072,206.2934,214.9768,200.8629,206.8604,205.0882,208.4475,207.6758,216.7051,0.0000,217.1689,206.2581,228.3855,227.9782,207.8531,207.4810,229.8797,212.7729,210.5963,230.3956,225.2778,214.1034,225.4206,252.6923,216.1464,225.6268,246.1725,257.1862,225.9129,228.5490,203.9102,227.7348,227.5276,223.7796,234.4625,223.7725,214.4875,216.0595,213.1549,235.9156,244.7871,211.8944,223.8703,224.8763,224.9516,224.0248,221.0197,224.8399,224.0913,225.3127,224.9697,224.8418,220.4090,210.5290,204.4450,207.6776,0.0000,211.6482,210.4202,211.6482,206.8210,207.1916,208.6010,210.7265,213.3617,228.9399,206.5295,213.3335,212.4021,213.3534,210.8616,211.8526,216.1226,206.6746,210.8615,213.3450,223.2969,228.4472,228.5465,227.6496,216.6522,223.3296,216.4345,219.4058,222.4191,207.5559,205.4805
31.0000,221.2259,206.0411,206.3782,206.3808,202.2577,210.0558,210.0558,235.7621,210.6728,240.5194,228.5403,238.0049,211.0327,215.1269,203.6620,203.7687,212.0974,211.3640,213.6260,202.7372,207.6719,205.9872,206.4160,206.7967,211.9802,214.1891,214.3695,218.4584,241.3002,205.7311,206.7095,206.9665,243.2148,222.5268,221.7960,233.0113,210.1580,220.5798,210.3658,221.9370,236.1381,226.4317,228.9595,237.4183,246.0397,210.2956,224.3210,223.5164,201.3144,230.5779,228.8852,218.6633,231.7117,223.0496,227.0572,220.3610,209.6114,228.9314,205.2944,220.9901,221.0013,221.2505,227.3717,227.6649,225.1328,222.5401,222.9569,225.6563,222.2854,223.0542,233.0896,224.4557,221.6398,221.0326,210.1453,202.2324,208.0717,241.8336,238.1534,220.5773,205.6827,212.1239,210.2357,210.4332,210.9323,211.3364,212.1490,211.8162,210.9205,235.4730,210.6875,210.0537,209.6089,206.2533,204.5615,227.5345,227.8072,218.6122,0.0000,228.6042,232.4221,211.0588,207.1536,221.8148,212.6042,212.4853,216.2151,219.8266,220.3581,206.2199,211.7854,231.8679,238.0446,213.4744,215.6337,208.9260,212.6545,221.8673,208.7135,220.3272,222.8396,211.0027,211.4616,204.8334,209.2545,213.3535,240.0854,217.4434,207.1382,207.1750,204.6282,203.4347,204.1372,231.4237,207.1414,214.8713,210.9362,211.7894,212.1492,211.5048,206.8229,208.0330,206.5705,205.6270,222.7799,204.9466,206.8001,204.4732,220.0579,222.2937,245.1852,245.1852,240.7438,206.4744,215.2513,200.9822,206.9864,205.1972,208.5587,207.8773,217.3514,0.0000,217.2819,206.3745,228.7383,228.3244,208.0638,207.7109,239.5625,212.9979,210.7554,230.9072,226.0909,214.2004,226.2175,255.6159,217.0546,227.4529,248.4718,262.9008,243.4507,232.6143,204.0448,228.1874,227.9746,224.3617,236.0343,224.3673,215.0943,216.9348,214.2946,237.9610,247.0341,212.8635,224.5684,225.5636,225.6393,224.7083,221.7554,225.5268,224.8011,226.0232,225.6571,225.5409,221.1282,210.6875,204.5676,207.8791,0.0000,211.4521,210.6728,211.4521,206.9190,207.2633,208.7205,210.7082,213.4069,243.0452,206.7106,213.4124,212.5628,213.4479,210.5467,212.1102,218.6044,206.7093,210.5464,214.6228,223.2969,238.8947,239.5659,245.6265,217.3018,224.0263,217.0899,220.0565,223.0236,207.3402,205.6229
32.0000,221.1952,206.0262,206.3494,206.4724,202.3562,210.0506,210.0506,235.4321,210.8724,240.0889,228.1976,237.5863,211.1550,215.1269,203.7049,203.8382,212.3444,211.5397,214.8117,203.0611,207.7042,206.0119,206.4160,206.8588,211.9594,214.1597,214.3363,218.3728,240.7970,205.7213,206.8214,207.0738,242.5641,222.5443,221.7798,232.6086,210.3638,220.5349,210.5893,221.9017,236.0105,226.4317,228.6512,237.2823,245.1593,210.9834,227.4983,226.6730,201.3285,232.9176,231.0784,219.7530,234.6247,226.3656,228.9937,221.5494,209.7534,231.4072,206.0260,226.8310,223.9923,224.2513,229.9134,230.2045,228.2616,225.4010,225.9117,228.8033,225.3446,226.1486,235.6730,227.4881,226.3485,224.0233,210.8037,202.2324,208.1668,241.3378,237.6874,220.5139,205.6827,212.3015,210.4420,210.6445,211.1232,211.5222,212.3920,212.0328,211.1181,235.2124,210.9823,210.2874,209.8707,206.5442,204.7478,227.4099,227.7047,218.5429,0.0000,228.1746,231.9946,211.2985,207.1985,221.8193,213.8931,213.8114,218.6564,222.7157,223.3298,206.4030,212.0752,234.4653,237.5743,213.7761,215.8020,209.1116,212.7174,221.8441,208.8791,221.5551,225.9767,211.2252,211.6938,204.8267,209.9690,213.4655,239.6576,220.3925,207.8702,207.9071,204.6555,203.4347,204.1174,231.2600,207.2528,215.0228,211.1427,212.0011,212.3283,212.1712,206.8247,208.0310,206.8368,205.8918,225.9206,204.9466,207.1797,204.6840,222.7325,225.1413,244.9017,244.9018,240.4834,206.5568,215.5942,200.9526,207.0899,205.2647,208.8109,208.0334,220.3670,0.0000,218.5292,206.4663,230.9255,230.5327,208.2143,207.8462,239.0720,213.3289,211.0504,232.9880,228.0934,215.4044,228.2230,257.4839,217.0030,227.4946,248.6999,262.3858,242.8019,232.4257,204.1312,230.6606,230.4286,227.1402,238.0408,227.3992,215.2309,216.9949,214.2679,238.0968,247.2544,212.8155,227.6109,228.7681,228.8441,227.9251,224.9834,228.7298,227.9583,229.1763,228.8629,228.7262,224.3373,210.9823,204.7539,208.0351,0.0000,211.8744,210.8724,211.8746,207.2056,207.5682,208.9952,210.8616,214.3075,242.4866,206.8224,214.5591,213.8422,214.6051,210.9077,212.2528,224.3528,206.8052,210.9073,214.5888,224.6529,238.4160,239.0807,244.7831,220.3326,227.0443,220.1444,223.0912,225.8944,207.5060,206.3461
33.0000,221.1306,206.1864,206.5201,206.6103,202.4964,210.1230,209.1042,234.4959,211.1837,237.9182,226.2368,235.2433,211.3387,215.1269,203.7301,203.9475,212.7162,211.7319,216.9686,203.0979,207.6575,205.7801,206.4160,206.9361,211.8360,214.5171,214.9591,217.9713,238.6313,205.8854,206.7711,206.9374,240.3415,223.1387,221.7649,230.4564,210.6888,220.2178,210.9804,221.8250,235.6818,225.0455,226.8084,236.9309,242.8921,212.0525,232.7938,231.8990,201.3410,237.3176,235.3610,221.3791,239.5614,231.5033,232.1271,223.3371,209.8553,236.1035,207.1116,234.5833,229.0218,229.2924,234.6362,234.9733,233.2950,230.1142,230.7099,234.0746,230.5937,231.5345,240.2994,232.8764,232.8192,229.0521,211.8194,202.2324,208.2097,239.1488,235.6957,220.0592,205.6827,212.4713,210.7662,210.9516,211.4231,211.8133,212.7400,212.3815,211.4162,233.9555,211.5456,210.7099,210.3802,207.1124,205.1189,226.1276,226.7349,218.1504,0.0000,225.9225,229.8166,211.6753,207.2797,222.3378,216.1745,216.1465,222.7827,227.5602,228.3257,206.7295,212.6259,239.0867,235.4650,214.3428,209.5144,207.2878,213.0119,222.2117,209.1196,223.4034,231.3099,211.6223,212.1391,204.9256,211.0678,213.6754,237.4598,225.3311,208.9781,209.0152,204.6554,203.4347,203.9982,230.1642,207.2013,215.3494,211.4381,212.3661,212.6932,213.2381,206.8930,208.1013,207.2977,206.3507,231.2602,204.9466,207.8522,205.0527,227.1980,229.8392,243.3951,243.3952,239.0947,206.5581,216.1990,201.1461,206.9543,205.2415,209.2805,208.2569,225.4120,0.0000,220.6504,206.6039,235.2343,234.9776,208.4397,208.0364,237.4213,213.9424,211.6134,236.3000,230.5207,217.5773,230.6952,260.1749,216.7849,227.9640,248.6993,260.2725,240.5783,231.2850,204.2729,235.3682,235.0762,232.0323,240.4804,232.2799,209.5146,214.2710,214.5280,238.2967,247.2964,212.6897,232.7656,234.1116,234.1925,233.3004,230.6385,234.0712,233.2607,234.4552,234.2107,234.0391,229.7368,211.5456,205.1250,208.2584,0.0000,212.6623,211.1837,212.6625,207.7067,208.1169,209.5273,210.9921,216.0334,240.2844,206.7722,216.6783,216.1145,216.7009,211.6104,212.5034,232.0196,206.8970,211.6099,214.3644,228.9845,236.2951,236.9721,242.5229,225.3964,232.1881,225.2775,228.2105,230.6199,207.5618,207.4241
34.0000,220.3950,206.1607,206.4904,206.6011,202.5090,209.9539,208.9594,234.4959,211.1799,237.2026,225.4690,234.4851,211.2223,215.1269,203.5293,203.8705,211.9681,210.9588,217.1167,203.1160,207.5992,205.8119,206.4160,206.8843,211.6278,214.2921,214.7307,217.5460,237.5586,205.8627,206.7680,206.9503,239.2381,222.4091,221.0965,229.6504,210.6696,219.8136,210.9608,221.0680,234.4868,224.3899,226.0950,235.6963,241.7690,212.2960,234.5126,233.6030,201.2203,238.3426,236.3187,221.8130,240.7122,233.0984,233.0037,223.8359,209.3231,237.3854,207.3514,238.8860,230.3806,230.6780,235.8942,236.2692,234.4404,231.2609,231.9268,235.6511,232.1169,233.1378,241.4139,234.8324,235.9036,230.4113,211.9870,202.2324,207.6777,238.0503,234.7666,219.6591,205.6827,211.6496,210.7437,210.8523,211.4704,211.8943,212.6986,212.3503,211.4154,233.5498,211.5536,210.6992,210.4214,207.1623,205.1511,225.4858,226.2492,217.2443,0.0000,225.0612,228.9659,211.5818,207.2115,221.7052,216.4474,216.4506,223.4250,228.7489,229.6374,206.6997,212.6125,240.2109,234.5182,214.2950,209.4001,207.3386,212.7858,221.7684,209.1229,223.9173,233.0350,211.6010,212.1179,204.9030,211.3114,213.6562,236.7393,226.0786,209.2244,209.2615,204.4493,203.4347,203.7977,229.7156,207.1957,215.2848,211.3660,212.3342,212.6588,213.5139,206.7160,207.9292,207.3366,206.3893,232.9930,204.9466,207.9506,205.0629,228.2888,230.9731,242.5499,242.5500,238.4545,206.5502,216.1628,200.5961,207.0931,205.1434,209.3216,208.2619,226.2421,0.0000,221.0448,206.5953,236.2092,236.0524,208.4426,208.0341,236.5468,213.9315,211.6211,236.6607,230.5207,217.7517,230.7140,261.1216,216.5512,227.0542,246.5691,259.0377,239.4702,230.8488,204.2030,236.6356,236.2947,233.3442,240.8068,233.5062,209.3765,214.0873,214.3035,236.9343,245.2802,212.4899,234.2977,235.8338,235.9168,235.0226,232.7982,235.7912,234.9077,236.0343,235.9346,235.7400,231.6677,211.5536,205.1572,208.2634,0.0000,212.0294,211.1799,212.0297,207.7560,208.1824,209.5637,210.3478,215.9283,239.1584,206.7690,216.7769,216.3795,216.8048,210.8733,212.4916,236.2445,206.4716,210.8726,214.0976,230.0318,235.3177,235.9617,241.4022,226.2388,233.6957,226.1987,229.0279,231.7595,207.5112,207.6587
35.0000,220.7218,206.2080,206.5405,206.6257,202.5093,210.2448,209.3131,238.0560,211.3116,240.5169,228.2721,237.7461,211.1557,215.1269,203.9611,204.0159,209.6452,208.2233,217.4890,203.1616,207.6569,205.8243,206.4160,206.9278,211.9906,214.6758,215.1080,218.1515,240.9365,205.9102,206.8155,207.0213,242.8719,222.6976,221.4876,232.7284,210.7638,220.4976,210.9378,221.3794,234.4830,226.4317,228.7819,235.6640,245.6111,213.0819,237.0295,236.0973,201.4051,240.1487,238.0910,223.4376,241.4654,235.1305,235.0892,225.6165,207.5356,239.8155,208.2721,243.0688,232.5981,232.9235,238.2142,238.7102,234.4404,233.0675,233.7006,238.1391,234.4906,235.5925,243.2063,237.2251,238.9220,232.6294,212.6297,202.2324,206.4725,241.4244,238.0424,220.5256,205.7495,208.8280,210.8373,210.9646,211.6083,212.0297,212.3637,212.0118,211.5385,236.4117,211.4870,210.6492,210.2975,207.1429,205.1372,227.4480,228.0306,217.7782,0.0000,228.2145,232.1281,211.5697,207.2888,222.0606,217.0867,217.1378,224.9718,230.7991,231.8233,206.7087,212.5390,242.0597,237.8132,214.2095,209.7685,207.4362,212.9709,222.2646,209.1827,225.6700,235.4897,211.4627,211.9669,204.9302,212.1225,213.6024,240.0439,228.0010,210.0920,210.1293,204.0855,203.5016,204.1480,231.9925,207.2454,215.0734,211.4690,212.0638,212.3863,214.2389,207.0207,208.2254,207.1116,205.6270,235.4435,204.9466,208.0649,205.1993,230.0773,232.7784,245.0070,245.0071,241.1147,206.5977,216.1669,200.9832,207.6545,205.6719,209.2417,208.3017,228.1956,0.0000,221.6935,206.6198,238.0058,237.9940,208.4736,208.0412,239.8305,213.9065,211.5554,237.5645,230.5207,218.1295,230.7611,265.2812,216.8862,227.0834,245.4587,261.5048,243.1217,233.2937,204.3283,239.0027,238.5522,235.6114,242.1914,234.7501,209.7236,214.4682,214.6872,236.4874,244.2916,212.8309,236.6689,238.3591,238.4412,237.4713,235.4283,238.3147,237.4313,238.5284,238.4599,238.2372,234.3264,211.4870,205.1433,208.3033,0.0000,210.4875,211.3349,210.4880,207.6479,208.1061,209.4868,208.1579,215.6884,242.6401,206.8166,217.0599,217.0139,217.1250,209.3139,212.4750,240.0445,205.6530,209.3132,214.6144,231.9240,238.6342,239.2878,245.2138,228.1953,236.0342,228.1909,231.0126,233.5702,207.5670,208.5536
36.0000,223.3274,206.3481,206.6834,207.0031,202.9376,213.0118,211.9661,235.2133,211.7643,236.6035,225.2062,233.8157,211.5685,215.5873,203.9684,204.2540,209.3660,207.8123,217.8146,203.2239,208.6778,205.9467,206.8764,207.5951,215.3837,218.4628,218.9942,218.2976,236.3749,206.0402,207.1016,207.2841,238.2622,225.5195,224.0354,229.2982,211.2121,222.3680,211.3586,224.0079,237.5774,224.7594,225.9224,238.8004,240.9022,212.6149,237.7893,236.8831,201.4473,240.8512,238.8036,221.2655,241.6661,235.8622,234.8617,223.9090,207.2310,240.7613,207.6913,244.6265,233.2878,233.6260,239.0710,239.6169,234.4404,233.6971,234.3447,238.8736,235.1589,236.2343,243.7552,238.0153,240.0275,233.3194,212.5200,202.2324,206.3656,236.7928,233.9471,221.6193,206.1431,208.2458,211.2868,211.4044,212.0673,212.4932,212.8373,212.4786,211.9907,234.0724,211.9482,211.0700,210.7982,207.5204,205.3795,226.0048,227.1315,217.9529,0.0000,224.7182,228.5475,211.9491,207.9682,225.2022,217.5023,217.5599,225.5391,231.4532,232.5084,207.0719,212.9953,242.6415,233.6881,214.6236,212.1222,207.6302,213.7164,226.0628,209.5688,224.1441,236.2122,211.9211,212.4853,204.9989,211.7078,214.0602,236.1278,228.6251,209.6138,209.6510,204.0712,203.8951,215.4097,230.4275,207.5417,215.5780,211.8725,212.5321,212.8602,213.9078,209.8310,211.0017,207.4048,205.6270,236.1632,205.0501,208.4530,205.4599,230.6951,233.4098,242.4578,242.4579,238.6761,206.8460,216.9058,200.8384,208.3740,206.0004,209.6918,208.6723,228.8240,0.0000,222.0530,206.9907,238.7201,238.7179,208.8469,208.4136,235.7919,214.4949,212.0188,237.9169,230.5207,218.4982,230.7794,266.2758,217.1785,229.9652,248.2148,259.3765,238.5097,231.5050,204.5848,239.9021,239.3979,236.3880,242.4703,235.2373,212.3118,217.6748,218.4555,239.3845,247.0769,216.2020,237.3904,239.0985,239.1782,238.1897,236.1632,239.0540,238.1769,239.2621,239.1975,238.9833,235.1312,211.9482,205.3857,208.6739,0.0000,210.3028,211.7880,210.3033,207.9894,208.4828,209.9371,207.8027,215.8850,238.0772,207.1026,217.3098,217.4278,217.4214,209.0604,212.9124,241.4327,205.4949,209.0598,217.3072,232.6293,234.3992,234.9528,240.5204,228.8240,236.7814,228.8240,231.6568,234.1980,207.8826,208.0090
37.0000,224.6182,206.2375,206.5873,206.7497,202.6690,212.9366,211.8998,233.2347,211.3780,233.7557,223.3911,231.5536,211.2246,215.6020,204.0638,204.2771,209.5428,207.9628,217.8128,203.1671,208.4636,205.5694,206.4794,207.4237,215.3127,218.3991,218.9344,218.0727,229.5361,205.9242,206.7931,206.9890,225.8136,226.8288,225.1205,226.9962,210.8531,222.4087,211.0304,225.3521,240.0171,223.6219,224.2220,241.3390,228.7072,212.9205,238.0686,237.1585,201.4356,241.2327,239.1715,221.9399,241.9220,236.0140,235.5807,224.6481,207.3427,241.1994,207.9793,244.5000,233.4897,233.8353,239.4605,240.0305,234.4404,233.8687,234.5031,239.1807,235.3798,236.4629,244.1486,238.1709,240.1211,233.5217,212.5839,202.2324,206.5507,229.9561,229.4089,221.3614,205.6827,208.4021,210.9309,211.0572,211.6920,212.1395,212.5222,212.1280,211.6431,232.3916,211.6400,210.7230,210.3949,207.2499,205.2049,224.9190,226.1605,217.7627,0.0000,222.8640,226.0751,211.6708,207.8276,226.4228,217.4881,217.5481,225.6335,231.6294,232.6965,206.8388,212.6831,243.0292,228.9865,214.2811,212.1144,207.7041,214.2372,227.1131,208.9015,224.8722,236.4611,211.5830,212.1465,204.9256,211.9661,213.9346,233.3741,228.7655,209.8782,209.9154,204.1429,203.9098,215.3265,229.1166,207.2481,215.5178,211.5627,212.1856,212.4904,214.2789,209.8350,210.9601,207.2726,205.6270,236.4109,205.0852,208.3856,205.4220,230.8476,233.5768,241.0052,241.0053,237.1607,206.5840,216.8982,200.5248,209.0335,206.3225,209.3265,208.1544,228.9659,0.0000,222.3014,206.7354,239.0892,239.1035,208.3340,207.8774,232.0105,214.3295,211.7145,238.1359,230.5207,218.5054,230.7907,266.5617,217.0701,232.0103,253.3766,259.8443,226.6362,230.0842,204.5701,240.3167,239.7988,236.6838,242.5198,235.3673,212.2628,217.6507,218.3926,243.0183,252.0533,216.0870,237.6629,239.3876,239.4684,238.4577,236.4109,239.3425,238.4725,239.5752,239.4880,239.2721,235.3712,211.6401,205.2111,208.1555,0.0000,210.4087,211.4029,210.4092,207.8253,208.3059,209.6016,207.9448,215.9315,229.5065,206.7940,217.2706,217.4136,217.3700,209.1501,212.7082,241.4593,205.6121,209.1494,217.1793,233.0052,229.1665,229.1777,228.3767,228.9659,237.0452,228.9659,231.8200,234.3849,207.7927,208.2835
38.0000,225.0890,206.2085,206.5512,206.6962,202.6006,213.0263,211.9720,234.6023,211.3752,235.0332,224.0225,232.6897,211.1799,215.3355,203.8625,204.1476,209.3042,207.7457,217.6776,203.2234,208.4564,205.6330,206.4989,207.3760,215.4358,218.4524,218.9878,218.0552,230.6923,205.9006,206.7899,207.0065,227.0324,227.3838,225.5871,227.8119,210.8500,222.7027,211.0233,225.8236,240.5020,224.3647,224.8759,241.8251,230.0445,212.8172,237.7197,236.7920,201.2396,241.1947,239.1322,221.9047,241.8878,235.9062,235.5372,224.5894,207.2045,241.1318,207.8673,244.2782,233.3786,233.7135,239.3933,239.9658,234.4404,233.7678,234.4049,239.0516,235.2771,236.3883,244.0819,238.0310,239.9855,233.4107,212.4373,202.2324,206.3438,231.1445,230.4546,221.6672,205.7965,208.1400,210.9280,211.0578,211.6893,212.1369,212.5169,212.1226,211.6420,233.5138,211.6141,210.7257,210.4208,207.2463,205.2019,225.6658,226.9121,217.7588,0.0000,223.4778,226.8584,211.6649,207.7736,226.9391,217.3955,217.4567,225.5360,231.5217,232.5877,206.8023,212.6367,242.9629,230.0170,214.2327,212.1746,207.9180,213.8879,227.5597,208.9054,224.8071,236.2761,211.5865,212.1610,204.9030,211.8530,213.7820,234.6290,228.6651,209.7646,209.8018,204.0590,203.6433,215.4495,230.0797,207.2408,215.3497,211.5549,212.1805,212.4793,214.1882,209.9278,211.0508,207.2237,205.6270,236.2217,204.9466,208.2387,205.2455,230.7414,233.4758,242.3082,242.3082,238.4039,206.5759,216.6576,200.2430,208.8954,206.1387,209.3321,208.1598,228.8663,0.0000,221.9951,206.6817,239.0478,239.0516,208.3364,207.8896,233.1661,214.2030,211.6888,238.1446,230.5207,218.3632,230.7912,265.1438,216.9397,232.7437,252.7665,261.4442,227.8561,231.1039,204.4544,240.2493,239.7361,236.5956,242.0151,235.3060,212.3382,217.7187,218.4463,244.1692,251.6848,216.2339,237.4203,239.0325,239.1178,238.2218,236.2217,238.9889,238.3235,239.4463,239.1361,238.8412,235.1852,211.6141,205.2081,208.1609,0.0000,210.1621,211.4000,210.1627,207.7635,208.2402,209.6074,207.7668,215.7692,230.6827,206.7909,217.1138,217.3230,217.1840,208.8746,212.6071,241.2974,205.4045,208.8739,217.3582,232.9546,230.2306,230.2669,229.6953,228.8663,236.8269,228.8663,231.7309,234.2788,207.7476,208.1698
39.0000,235.3221,205.8240,206.1440,206.3590,202.4683,209.5104,207.8431,234.0304,211.0604,234.2340,223.3859,232.0205,210.6111,215.1269,203.5748,203.8053,209.2157,207.5761,217.5702,203.1611,207.2658,205.0412,205.8610,206.5648,211.1357,213.7888,214.3304,217.5656,229.3887,205.5341,206.3969,206.5549,224.8556,234.8015,232.3505,227.1417,210.5398,222.0952,210.7110,236.0642,250.8785,223.5107,224.2314,252.2138,227.9342,212.3065,237.3129,236.4188,200.9093,240.9269,238.8636,220.9605,241.9566,235.6563,234.7284,223.5547,207.0380,240.6579,207.3210,244.1708,233.0720,233.4056,238.9790,239.5172,234.4404,233.5225,234.1671,238.8477,234.8694,235.9142,243.8767,237.5823,239.6696,233.1041,212.1179,202.0398,206.1607,229.8439,229.4511,220.4946,205.6827,207.9518,210.6185,210.7589,211.3698,211.8153,212.2048,211.8019,211.3309,232.6861,211.1602,210.4072,210.0783,206.9526,204.9451,224.7033,225.9384,217.2969,0.0000,222.8503,226.1529,211.3498,206.8799,232.1422,217.2207,217.2666,225.2861,231.2273,232.2870,206.4799,212.0999,242.7315,228.9973,213.5881,208.1114,206.4045,214.7281,228.3813,208.5887,223.7862,235.9632,211.2667,211.8773,204.6028,211.3736,213.5507,233.8502,228.3844,209.2629,209.3001,203.8800,203.4347,205.0019,229.1369,206.8360,215.2157,211.2533,211.8550,212.1362,213.6681,206.4383,207.5573,206.9811,205.6270,235.9128,204.9466,208.0201,204.9854,230.4649,233.2296,240.9803,240.9803,237.3159,206.1894,216.0237,199.9912,208.4714,205.7946,209.0121,207.8419,228.5840,0.0000,221.5463,206.3544,238.7751,238.7407,208.0036,207.5733,232.2175,213.6612,211.2352,238.1208,230.5207,218.2566,230.7900,261.0945,216.5776,240.2496,260.3698,259.3490,225.7839,230.1846,204.1152,239.8107,239.3309,236.2360,240.4600,235.1210,208.2921,213.3383,213.7916,251.8744,259.3011,211.9341,237.0229,238.6079,238.6961,237.8510,235.9128,238.5652,238.1606,239.2452,238.7138,238.3744,234.8452,211.1602,204.9513,207.8430,0.0000,210.2836,211.0849,210.2842,207.5077,207.9876,209.2568,207.5964,215.7293,229.1815,206.3980,217.0716,217.1514,217.0328,209.1450,212.3323,241.0450,205.1634,209.1444,214.0079,232.6516,229.1398,229.1046,227.5910,228.5840,236.4243,228.5840,231.4253,234.0397,207.6228,207.6399
40.0000,234.9603,205.8012,206.1139,206.3865,202.5237,209.6564,207.9085,233.6839,211.0342,233.8229,223.1500,231.6455,210.5853,215.1269,203.6089,203.8176,209.2487,207.6004,217.5020,203.1431,207.5653,205.9553,206.6189,206.7022,211.2505,213.7982,214.3140,217.5158,228.9556,205.5165,206.3677,206.5268,224.4071,234.3545,232.0285,226.8255,210.5105,222.0070,210.6696,235.6921,250.2923,223.2376,224.0091,251.6083,227.4719,212.4202,237.4369,236.5510,200.9518,240.9505,238.8708,220.9993,241.9990,235.6893,234.7163,223.5726,207.0500,240.6027,207.4303,244.1826,233.0761,233.4013,238.9455,239.4722,234.4404,233.5515,234.1970,238.7989,234.8407,235.8580,243.9088,237.5372,239.7052,233.1081,212.2892,202.0398,206.1759,229.4026,229.0631,220.4003,205.6827,207.9735,210.5894,210.7238,211.3565,211.8122,212.1665,211.7655,211.3136,232.3244,211.0806,210.3634,210.0309,206.9216,204.9258,224.3815,225.6610,217.2541,0.0000,222.6156,225.8544,211.2998,206.9912,231.7537,217.2397,217.2843,225.3075,231.2416,232.2946,206.4532,211.9982,242.7540,228.6145,213.4668,208.2589,207.0852,214.7175,228.1095,208.5684,223.8078,235.9955,211.2249,211.8389,204.5958,211.4971,213.5034,233.4447,228.4094,209.3817,209.4189,203.8854,203.4347,205.1133,228.8042,206.7983,215.0563,211.2200,211.8142,212.0909,213.7683,206.5623,207.6933,206.9603,205.5366,235.9569,204.9466,208.0227,205.0029,230.4857,233.2573,240.4001,240.4002,236.8174,206.1630,215.9018,200.0862,208.3931,205.7821,208.9763,207.8231,228.6104,0.0000,221.4213,206.3796,238.7810,238.7370,207.9851,207.5692,231.7950,213.5528,211.1556,238.1425,230.5207,218.1470,230.7911,260.2062,216.5493,239.6954,259.4948,258.3666,225.3312,229.8392,204.1217,239.7673,239.2993,236.2238,240.1878,235.1366,208.3808,213.3878,213.8022,251.0782,258.4401,212.0868,236.9284,238.7412,238.8265,237.9288,235.9569,238.6975,238.1453,239.1964,238.8452,238.5378,234.8788,211.0806,204.9320,207.8242,0.0000,210.3604,211.0584,210.3609,207.4909,207.9686,209.2082,207.6170,215.7237,228.7107,206.3688,217.0526,217.1755,216.9480,209.2672,212.3059,241.0734,205.1937,209.2667,214.0597,232.6480,228.7438,228.6975,227.1303,228.6104,236.2882,228.6104,231.4731,234.0777,207.6033,207.7531
41.0000,235.2826,205.7902,206.0849,206.4653,202.6288,210.0583,208.3059,234.4959,211.1727,238.2357,226.8557,236.0718,210.6593,215.1269,203.6500,203.8586,209.4364,207.7112,217.8533,203.1182,207.7753,206.2332,206.8722,206.8410,211.7275,214.3231,214.8452,218.2472,237.9545,205.5148,206.3891,206.5027,239.2530,234.6579,232.4220,231.1194,210.6582,222.7506,210.8455,235.9960,250.2184,225.7909,227.5098,251.5004,242.2395,212.2809,237.9329,237.0955,201.0024,241.0287,238.9434,220.6486,242.1899,235.8621,234.5020,223.1940,207.1358,240.6473,207.2900,244.3888,233.3384,233.6856,239.0462,239.5666,234.4404,233.7535,234.3869,239.1186,235.0285,235.9650,244.0477,237.7405,239.8217,233.3706,212.2827,202.0398,206.2224,238.4070,235.5541,221.3304,205.6827,208.0927,210.7374,210.8830,211.4924,211.9491,212.3085,211.9064,211.4614,234.2434,211.2025,210.5477,210.1690,207.0062,204.9787,226.6714,227.4160,217.9906,0.0000,226.5673,230.3874,211.4863,207.1312,232.0623,217.5351,217.5489,225.5745,231.4850,232.5522,206.5933,212.1040,242.8848,235.3197,213.5992,208.6653,207.3783,214.8952,228.4325,208.6737,223.4415,236.3385,211.3917,212.0240,204.5977,211.3841,213.5837,237.8591,228.6760,209.2615,209.2987,203.8999,203.4347,205.5766,230.6471,206.8076,215.1429,211.3884,211.9601,212.2272,213.6019,206.9365,208.0827,207.0202,205.4966,236.3015,204.9466,208.0881,205.0552,230.6995,233.4640,242.1044,242.1044,238.6258,206.1789,216.0076,200.3485,208.1331,205.7088,209.0791,207.9201,228.8801,0.0000,222.4971,206.4573,238.8569,238.8191,208.0830,207.6621,237.3348,213.6788,211.2772,238.1666,230.5207,218.5594,230.7923,259.5516,216.9511,239.8446,259.0748,259.6305,239.6347,231.7073,204.1773,239.8405,239.3822,236.4093,240.0450,235.2571,208.7808,213.8551,214.3253,250.8922,258.0499,212.5664,237.3845,239.2298,239.3127,238.3450,236.3015,239.1850,238.4704,239.5167,239.3322,239.0968,235.2193,211.2025,204.9849,207.9212,0.0000,210.7262,211.1970,210.7268,207.5671,208.0341,209.3175,207.7066,216.0684,239.5770,206.3903,217.3668,217.4778,217.2633,209.7249,212.4172,241.2172,205.2624,209.7245,214.6741,232.7280,236.0165,236.5560,241.8238,228.8801,236.7250,228.8801,231.7863,234.2704,207.6313,207.6213
42.0000,234.7395,205.5560,205.8344,206.3532,202.5592,210.0049,208.3081,235.0003,210.8895,239.8473,229.5503,237.9419,210.4031,215.1269,203.4857,203.6726,209.2297,207.4852,217.8860,202.8288,207.6771,206.1994,206.8249,206.7325,211.7082,214.2807,214.7833,218.7046,240.0711,205.2910,206.1896,206.3348,241.2947,234.0726,231.9897,233.3910,210.3794,222.8364,210.5935,235.4246,249.0693,226.4317,230.5539,250.2991,244.2470,211.9323,237.5928,236.7898,200.9175,240.5729,238.5084,220.3183,241.9390,235.5544,233.9198,222.7317,206.8948,240.0956,206.9727,243.8093,233.0604,233.4160,238.5605,239.0506,234.4404,233.4802,234.1103,238.7684,234.6591,235.5284,243.5913,237.3239,239.3763,233.0921,212.0257,201.8704,205.9870,240.5124,237.6880,221.6136,205.6827,207.8579,210.4577,210.6217,211.2003,211.6495,211.9913,211.6058,211.1793,235.1228,210.8398,210.2912,209.8387,206.7385,204.7437,227.0550,228.0925,218.4613,0.0000,229.3401,232.8461,211.2338,207.0046,231.5046,217.5047,217.4836,225.3932,231.2174,232.2804,206.3599,211.7119,242.4271,237.5167,213.1887,208.7093,207.2181,214.5501,227.9282,208.4710,222.9535,236.0245,211.1115,211.7190,204.3896,211.0570,213.4223,239.5112,228.4426,208.9420,208.9790,203.7042,203.4347,205.5575,231.4163,206.6039,214.8022,211.1374,211.6621,211.9299,213.1939,206.8318,208.0076,206.9699,205.6270,235.9845,204.9466,208.0033,204.9769,230.4338,233.1943,242.6604,242.6604,239.3141,205.9735,215.4961,200.2649,207.7121,205.4199,208.7980,207.7391,228.6446,0.0000,222.3571,206.3452,238.4193,238.3567,207.8996,207.4910,239.2379,213.2402,210.9128,237.8934,230.5207,218.6267,230.7782,258.6213,217.1982,239.0095,257.1660,259.7315,241.6785,232.5083,203.9845,239.3212,238.8859,236.0283,239.8271,235.0326,208.7749,213.8005,214.2823,249.4976,256.1964,212.5713,237.1719,238.8763,238.9569,238.0211,235.9845,238.8321,238.1191,239.1608,238.9764,238.7631,234.9266,210.8398,204.7499,207.7402,0.0000,210.6042,210.9132,210.6047,207.4696,207.8953,208.9996,207.4562,216.0354,241.6566,206.1907,217.4400,217.4564,217.3089,209.6169,212.2555,240.7310,205.0735,209.6165,214.7472,232.2774,238.1897,238.7097,243.8371,228.6446,236.5359,228.6446,231.5207,233.9921,207.3808,207.3065
43.0000,233.7360,205.5424,205.8053,206.3973,202.6509,209.7378,208.1003,234.4959,211.0300,238.8982,227.5543,236.7575,210.4892,215.1269,203.4656,203.6348,209.2372,207.5066,218.0200,202.9010,207.4898,205.7054,206.4160,206.6637,211.4091,214.0980,214.6180,218.3075,239.7093,205.2858,206.2483,206.3879,242.0743,233.1279,231.0898,231.8661,210.5128,222.3284,210.6967,234.3955,247.5186,225.9641,228.1392,248.7013,244.9899,212.3228,237.8844,237.1038,200.9173,240.6725,238.5787,221.1802,242.0634,235.6470,234.3130,223.5342,206.9304,240.0658,207.3547,243.7264,233.2660,233.6333,238.6036,239.0737,234.4404,233.6432,234.2428,239.0278,234.8215,235.6491,243.7801,237.5154,239.3241,233.2978,212.2087,201.8704,205.9979,240.1282,236.7906,221.1114,205.6827,207.8975,210.5916,210.7576,211.3375,211.7824,212.1316,211.7333,211.3129,234.2520,210.9432,210.3947,209.9906,206.8586,204.8219,226.7600,227.3738,218.0776,0.0000,227.3815,231.2316,211.3302,206.9443,230.6269,217.6993,217.6665,225.5805,231.4095,232.4804,206.4203,211.8032,242.6065,236.6059,213.2653,208.4325,206.8047,214.6158,227.1763,208.6679,223.7538,236.2625,211.2148,211.8261,204.4038,211.4000,213.4793,238.5240,228.6315,209.2929,209.3301,203.7170,203.4347,205.2673,230.6307,206.6552,214.8950,211.2504,211.7755,212.0219,213.6034,206.5365,207.7296,207.0085,205.6270,236.2218,204.9466,208.0686,205.0117,230.6110,233.3596,241.3420,241.3421,238.1863,206.0168,215.5499,200.3352,207.4195,205.2776,208.9358,207.8738,228.8334,0.0000,222.4969,206.3916,238.4919,238.4340,208.0311,207.6383,238.2794,213.3131,211.0150,237.9832,230.5207,218.6905,230.7828,257.6710,216.9740,237.8208,255.0149,257.7069,242.3540,231.6988,203.9611,239.3293,238.9202,236.1574,239.5807,235.0953,208.5569,213.6166,214.0998,247.7505,254.0927,212.2800,237.4910,239.1675,239.2471,238.2797,236.2218,239.1228,238.3603,239.4238,239.2673,239.0601,235.1642,210.9432,204.8281,207.8750,0.0000,210.6446,211.0533,210.6452,207.5302,207.9768,209.1297,207.4879,216.1312,241.6076,206.2495,217.5724,217.6581,217.4599,209.6566,212.3220,240.6694,205.0698,209.6562,214.3859,232.3528,237.4178,238.0782,244.5693,228.8334,236.8666,228.8334,231.7084,234.1606,207.4491,207.6762
44.0000,232.0360,205.3899,205.6321,206.3566,202.7098,209.3717,207.7752,234.4959,210.8206,237.3859,225.8920,235.1715,210.2559,215.1269,204.0503,203.5626,210.9996,209.5981,218.1743,202.7287,207.4349,205.8861,206.5609,206.6125,210.9565,213.5401,214.0233,217.8588,237.4619,205.1499,206.1101,206.2518,239.6768,231.4533,229.5612,230.1388,210.3009,221.5064,210.5136,232.6520,244.8903,224.5865,226.5502,245.9930,242.4684,212.0616,237.5046,236.7548,201.0256,240.1623,238.0962,220.9394,241.7784,235.2472,233.6279,223.1007,208.2788,239.3693,207.1332,243.0177,232.9622,233.3285,238.0263,238.4594,234.4404,233.3024,233.8903,238.6438,234.4159,235.1745,243.2806,237.0095,238.7374,232.9936,212.0982,201.8704,206.9949,237.8372,234.8373,220.3848,205.6827,210.0923,210.3774,210.5351,211.1056,211.5253,211.8780,211.4956,211.0695,233.3902,210.7478,210.2218,209.9187,206.7913,204.7801,225.4880,226.3917,217.6006,0.0000,225.5511,229.4191,211.1077,206.8657,229.0340,217.7128,217.6643,225.4236,231.1306,232.1889,206.2787,211.5646,242.1001,234.6110,212.9341,208.1857,206.7270,214.2368,225.7209,208.6324,223.2750,235.9109,211.0014,211.5933,204.3093,211.1689,213.3983,237.0000,228.4135,209.0695,209.1066,204.0474,203.4347,204.8260,229.6997,206.4945,214.8116,211.0036,211.5372,211.7730,213.2467,206.1085,207.3388,206.9774,205.6270,235.8725,204.9466,208.0535,205.0433,230.3358,233.0275,239.8061,239.8062,236.9565,205.8792,215.2257,200.4483,207.6757,205.6906,208.8763,207.8129,228.6144,0.0000,222.5455,206.3510,238.0048,237.9056,207.9609,207.6029,236.5172,213.0394,210.8156,237.7575,230.5207,218.8799,230.7711,255.6123,216.7239,235.7456,251.4676,254.8332,239.9507,230.7865,203.8786,238.6912,238.3277,235.7217,238.8655,234.7952,208.2336,213.1477,213.5444,244.8275,250.6213,211.8300,237.1255,238.7779,238.8548,237.8966,235.8725,238.7338,237.9720,239.0350,238.8753,238.6864,234.8361,210.7478,204.7863,207.8143,0.0000,211.9209,210.8429,211.9213,207.4942,207.9471,209.0323,209.1426,216.6132,239.2443,206.1114,217.6747,217.6771,217.6007,210.9377,212.2066,240.0455,206.2497,210.9374,213.8497,231.8378,235.3619,235.9552,242.0667,228.6144,236.5161,228.6144,231.4762,233.7930,207.2469,207.4599
45.0000,230.1232,205.1867,205.4026,206.2375,202.8022,209.0099,207.5455,233.3914,210.5068,235.3111,224.0366,233.0996,209.6872,215.1269,204.0123,203.3556,211.1639,209.8516,217.8495,202.6090,207.2208,205.9310,206.4160,206.4449,210.5366,213.0197,213.4780,217.3782,235.0985,204.9651,205.9091,206.0591,237.1559,229.5686,227.8517,228.1100,209.9813,220.5915,210.2219,230.6889,241.9102,222.8954,224.7606,242.9210,239.7923,211.9303,236.7823,236.0683,200.9725,239.3843,237.3297,221.2889,241.3974,234.5909,233.0752,223.0896,208.3881,238.3544,207.0333,241.9609,232.3199,232.6851,237.1224,237.5053,234.4404,232.7088,233.2940,237.9701,233.6629,234.3445,242.5484,236.1936,237.8862,232.3516,211.9104,201.7288,206.9814,235.4459,232.6674,219.5366,205.6827,210.4004,210.0548,210.1932,210.7769,211.1760,211.5085,211.1468,210.7215,231.8489,210.4485,209.9371,209.7175,206.6051,204.6107,223.8848,225.0509,217.0924,0.0000,223.5458,227.3525,210.7677,206.6822,227.2572,217.4200,217.3679,224.9562,230.5348,231.5647,206.0196,211.2336,241.3544,232.4227,212.5682,207.9740,207.3573,215.3065,224.1478,208.5154,223.1820,235.2229,210.6767,211.2496,204.1294,211.0228,213.2534,234.9253,227.8784,208.9396,208.9766,203.9269,203.4347,204.6253,228.2760,206.2704,214.6073,210.6451,211.1866,211.4126,213.0431,205.6844,206.9516,206.8774,205.6270,235.1872,204.8554,207.9430,204.9642,229.7658,232.4359,237.6138,237.6139,235.0377,205.6821,214.6028,200.6157,207.1532,205.4485,208.6994,207.6726,228.0774,0.0000,222.1746,206.2328,237.2334,237.0979,207.8023,207.4247,234.3731,212.5802,210.5126,237.3645,230.5207,218.5567,230.7507,253.6651,216.4599,233.4833,249.2289,251.2747,237.4270,229.3313,203.6640,237.7314,237.4213,234.9431,238.1594,234.3405,208.0202,212.7540,213.0288,241.7125,248.2692,211.4246,236.4288,238.0421,238.1167,237.1697,235.1872,237.9987,237.2694,238.3562,238.1374,237.9544,234.1673,210.4485,204.6169,207.6741,0.0000,212.0861,210.5279,212.0865,207.3743,207.8238,208.8150,209.3059,216.4224,236.7908,205.9104,217.3408,217.3890,217.2530,211.2104,212.0218,239.1317,206.3266,211.2100,213.2997,231.0507,233.1298,233.6834,239.4149,228.0774,235.8321,228.0774,230.9109,233.1973,207.2276,207.3531
46.0000,228.5012,204.6034,204.7940,205.8603,202.5668,208.7825,207.3729,231.6952,209.8020,233.4033,222.6806,231.2866,209.0037,214.4280,203.7353,203.0059,210.8163,209.4381,217.6839,201.9446,207.0526,206.1056,206.5060,206.2002,210.2427,212.5810,212.9975,216.5369,233.0875,204.3990,205.3438,205.4872,234.8508,227.9083,226.3826,226.5387,209.2712,219.7682,209.5325,229.0275,239.4514,221.5859,223.3846,240.3901,237.0790,211.3448,236.7044,236.0383,200.8178,239.1105,237.0564,220.2392,241.3243,234.3857,232.2495,221.9275,207.9056,237.9296,206.4356,241.3899,232.1378,232.5098,236.7710,237.1311,234.4404,232.5440,233.1241,237.7091,233.3674,233.9572,242.3430,235.8912,237.5206,232.1698,211.5932,201.1861,206.4316,233.4170,230.8491,218.6915,205.6827,209.9757,209.3419,209.4749,210.0669,210.4541,210.7446,210.4107,209.9999,230.3648,209.7583,209.2629,209.0810,206.0400,204.0554,222.6331,223.8214,216.2404,0.0000,222.2075,225.8187,210.0265,206.4000,225.6969,217.2249,217.1546,224.7554,230.3509,231.3817,205.4482,210.5124,241.1288,230.6054,211.8112,207.8579,207.3208,214.7901,222.7783,207.9856,222.0421,235.0573,209.9603,210.4958,203.5650,210.4863,212.5230,233.0379,227.6796,208.3854,208.4224,203.3562,203.4347,204.6253,226.9289,205.6858,213.7355,209.9153,210.4517,210.6827,212.4074,205.6238,206.8351,206.7571,205.9123,235.0282,204.5138,207.7676,204.8132,229.5979,232.2722,236.4867,236.4868,233.7304,205.1167,213.6967,200.7982,206.3636,204.9755,208.1400,207.1861,227.8774,0.0000,222.1880,205.8526,236.9592,236.8004,207.3051,206.9449,232.4912,211.7807,209.8195,237.2437,230.5207,218.4019,230.7444,251.9213,215.6760,231.5254,245.9677,248.8621,235.1223,227.9447,203.2817,237.3471,237.0649,234.6738,237.5284,234.1877,207.8418,212.4525,212.5957,239.1036,245.0879,211.1336,236.2704,237.9537,238.0314,237.0497,235.0282,237.9098,237.0371,238.0963,238.0514,237.8498,234.0158,209.7584,204.0615,207.1875,0.0000,211.9098,209.8221,211.9103,207.1548,207.5545,208.1903,208.8350,216.2398,234.6385,205.3453,217.1846,217.1975,217.0970,211.1182,211.3286,238.7035,205.9959,211.1178,212.8392,230.7608,231.2628,231.7728,236.7669,227.8774,235.6625,227.8774,230.6930,233.0456,206.6195,206.7740
47.0000,227.1145,203.5448,203.7045,205.0341,201.9089,208.4808,206.8308,230.8895,208.7200,232.4064,221.8619,230.4053,207.9076,213.8130,203.2698,202.4681,210.0413,208.6566,216.9981,200.7494,206.4760,205.2213,205.7408,205.5862,209.9330,211.7677,212.2167,216.1551,232.1287,203.3596,204.3240,204.4531,233.7828,225.8853,225.1530,225.6848,208.2025,219.2250,208.5475,227.6014,237.2312,221.1281,222.5766,238.0982,235.8986,210.4751,235.9342,235.2768,200.5264,238.4794,236.4658,218.9018,241.0442,233.6646,231.2375,220.4678,207.0250,237.1221,205.5791,240.3847,231.3929,231.7589,236.0123,236.3508,234.4404,231.8481,232.4378,236.9220,232.5812,233.1450,241.6999,235.0185,236.6641,231.4250,211.0258,200.2202,205.5069,232.4624,229.9312,218.2616,204.9235,209.1961,208.2700,208.3972,208.9601,209.3221,209.6220,209.3083,208.8915,229.8920,208.7296,208.2904,208.1433,205.1298,203.1262,222.3778,223.4841,216.3298,0.0000,221.3479,224.9305,208.9896,205.7756,223.7136,216.5984,216.5151,224.0622,229.6282,230.6450,204.6142,209.4440,240.4559,229.6681,210.7084,207.1895,206.4429,213.8787,220.8518,207.0278,220.6092,234.2895,208.9213,209.4330,202.5443,209.6806,211.7363,232.0545,226.9641,207.5701,207.6070,202.4177,203.4347,204.6253,226.5241,204.6415,212.9288,208.8343,209.3602,209.5794,211.4687,205.6970,206.7752,206.2370,205.5688,234.2645,203.6161,207.4011,204.5094,228.9023,231.5755,237.6335,239.0017,234.0598,204.0922,212.3692,200.7525,205.4827,204.3496,207.2459,206.2610,227.1594,0.0000,221.2402,205.0213,236.3595,236.1397,206.3708,206.0321,231.5443,210.6074,208.7865,237.0152,230.5207,217.6586,230.7325,250.4494,215.1842,229.9602,247.8446,249.1532,234.0551,227.5192,202.7003,236.5669,236.3189,233.9237,237.0121,233.6750,207.2698,211.7547,211.7858,238.6289,246.5527,210.8416,235.4686,237.1832,237.2601,236.2811,234.2645,237.1394,236.2318,237.3081,237.2796,237.0729,233.2595,208.7296,203.1323,206.2623,0.0000,211.2638,208.7393,211.2643,206.5956,206.9790,207.2386,207.9896,215.5652,233.6219,204.3256,216.5167,216.5746,216.4360,210.5428,210.4779,237.8016,205.4059,210.5424,212.4938,230.1169,230.3196,230.8348,235.6047,227.1594,234.8713,227.1594,229.9415,232.3494,205.5503,205.9356
48.0000,224.0387,200.8286,200.9536,202.8322,199.8906,207.1104,205.5736,226.4442,206.0396,227.5721,218.0272,225.7923,205.4226,210.9336,201.4677,200.6093,207.6390,206.2200,215.0074,198.0465,204.6435,203.4614,203.9446,203.6258,208.6241,210.5215,210.9527,213.2069,226.7057,200.6620,201.7638,201.8609,227.2026,222.8582,222.2234,221.4944,205.5187,216.8124,205.8805,224.4887,233.3810,217.4972,218.7209,234.1814,229.2334,208.3799,234.2551,233.6069,199.0047,239.6379,238.4834,216.4198,239.8975,231.9543,229.6164,217.9472,204.4296,237.3630,203.5001,238.3837,229.8105,230.1688,236.0423,236.2700,232.9402,230.2427,230.7683,235.2183,230.9468,231.4894,241.1610,233.3471,234.8112,229.8422,209.3034,197.4904,202.8496,227.0175,225.0585,215.6426,203.3491,206.7381,205.5822,205.7061,206.2636,206.6022,206.8892,206.5890,206.1830,225.6976,206.0264,205.6443,205.5094,202.5865,200.5187,218.8366,219.9896,213.3494,0.0000,217.5362,220.7650,206.2840,203.7752,220.9085,214.7182,214.6232,222.3379,228.0119,229.0487,202.2266,206.7003,240.0305,224.7875,207.9080,205.9108,204.7306,210.7759,218.4734,204.5850,218.1319,232.6455,206.2276,206.7171,199.8170,207.7081,208.9198,227.2561,225.3090,205.5890,205.6255,199.6948,202.3645,204.6253,222.7195,202.0593,209.9820,206.1282,206.6351,206.8296,209.3259,204.6413,205.6052,204.2092,203.5073,232.6220,201.4595,205.7581,202.9661,227.2689,229.9645,232.8852,234.0924,229.5649,201.4989,209.4520,199.0805,203.5276,202.4581,204.7287,203.8841,225.5024,0.0000,218.9992,202.8141,238.2088,237.0660,203.9859,203.6984,226.6654,207.7913,206.0791,244.4450,242.6206,215.6326,242.5805,262.2213,212.2636,226.5944,242.7885,243.6783,227.5700,223.6055,200.7640,236.7089,236.6219,233.1321,248.9768,232.0103,205.9880,210.4609,210.5382,234.4850,241.6310,209.5030,233.8153,235.4952,235.5708,234.5904,232.6220,235.4521,234.5333,235.5989,235.5906,235.3881,231.6424,206.0264,200.5248,203.8853,0.0000,209.0895,206.0575,209.0900,204.5669,204.9324,204.6183,205.4372,213.4997,227.7897,201.7655,214.5411,214.6961,214.4821,208.4453,207.7330,235.9036,203.3535,208.4451,210.7866,231.0197,225.3015,225.6868,228.9682,225.5024,233.2277,225.5024,228.2564,230.7347,202.8620,203.8783
