"ETAPA \ BARRA","AGUAYTIA 220","BALNEARIO 220","BALNEARIOS 60 A","CALLAHUANCA 220","CALLAHUANCA 60","CARHUAMAYO 220","CARHUAMAYO NUEVA 138","CARHUAQUERO 220","CHAVARRIA 220 A","CHICLAYO OESTE 220","CHIMBOTE 220","GUADALUPE 220","HUACHIPA 60","HUACHO 220","HUANCAVELICA 220","HUAYUCACHI 220","ICA 220","INDEPENDENCIA 220","MARCONA220","MOYOPAMPA 60","OROYA NUEVA 220","OROYA NUEVA 138","OROYA NUEVA 50","PACHACHACA 220","PARAGSHA2 220","PARAGSHA 138","PARAGSHA 50","PARAMONGA NUEVA 220","PIURA OESTE 220","SAN JUAN 220","SANTA ROSA 220 A","SANTA ROSA EDS 60","TALARA 220","TINGO MARIA 138","TINGO MARIA 220","TRUJILLO 220","VENTANILLA 220","VIZCARRA 220","ZAPALLAL 220","AGUAYTIA 138","PUCALLPA 138","HUALLANCA 138","CHIMBOTE 138","PUCALLPA 60","ZORRITOS 220","ABANCAY NUEVA 138","ARICOTA138","ARICOTA II 66","CAMPO ARMINO 220","AYAVIRI138","AZANGARO 138","CACHIMAYO 138","CALLALLI 138","CERRO VERDE 138","COMBAPATA 138","DOLORESPATA 138","DESIERTO220","JULIACA 138","MACHUPICCHU 138","MOLLENDO 138","MOQUEGUA 220","MOQUEGUA 138","PUNO 220","PUNO 138","SANTUARIO 138","SOCABAYA 220","SOCABAYA 138","ILO 138","LOS HEROES 220 A","LOS HEROES 66","TINTAYA 138","TOMASIRI 66","REPARTICION 138","ILO2 220","COTARUSE 220","CHILCA REP 220","CANTERA 220","PIURA OESTE 60","LA NINA 220","CONOCOCHA 220","HUINCO 220","INDEPENDENCIA 60","CHILLON 220","CHILLON 60","CHAVARRIA 60 A","CHAVARRIA 60 B","BARSI 60","BARSI 220","OQUENDO 60","CAJAMARCA 220","PLANICIE 220 A","CARABAYLLO 220","CARABAYLLO 500","CHILCA CTM 500","CHILCA CTM 220 A","KIMAN AYLLU 138","KIMAN AYLLU 220","PARAMONGA EXISTENTE 138","MACHALA 200","CHIMBOTE 500","TRUJILLO 500","HUARANGAL 60","POMACOCHA 220","PIEDRA BLANCA 138","POROMA 220","POROMA500","OCONA 500","MONTALVO 500","MONTALVO 220","HUANZA 220","INDUSTRIALES 220 A","TINTAYA 220","LA NINA 500","INDUSTRIALES 60","CARHUAMAYO 50","CARIPA138","HUAMPANI 60","HUANUCO 138","REFINERIA ZINC 220","QUENCORO 138","ILO 3 220","MIRADOR 220","MIRADOR 60","ALTO PRADERA 220","ABANCAY NUEVA 220","LOMERA 220","REQUE 220","SAN JOSE 500","SANTA TERESA 220","SURIRAY 220","ASIA 220","CERRO DEL AGUILA 220","CHAGLLA 220","RAMADA 220","SANTA ROSA LDS 60","LOMERA 60","ZAPALLAL 60","MALVINAS 220","MALVINAS 60","ABANCAY 138","YAUPI 138","SANTA ISABEL 220","YANANGO 220","CHIMAY 220","ILO3 138","MATUCANA 220","COLCABAMBA 500","COLCABAMBA 220","YARABAMBA 500","YARABAMBA 220","BELAUNDE 220","BELAUNDE 138","CACLIC 220","INDUSTRIALES 220B","PLANICIE60","COBRIZAI 69","MOLLEPATA 60","MOLLEPATA220","CARAPONGO 500","CARAPONGO 220 A","SAN JOSE 220","MARCONA 60 A","SAN NICOLAS 60","CALLAHUANCA EDN 220","PUMIRI138","PUMIRI220","SAN MIGUEL 220","SAN MIGUEL 60","FELAM 220","MANCHAY 60","MANCHAY 220","SAN RAFAEL 138","SAN GABAN 138","MARCONA 60 B","ANGEL 138","PTO MALDONADO 138","MEDIO MUNDO 220","AUCAYACU 138","BELLAVISTA 138","TARAPOTO 138","PARINAS 220","PAMPA HONDA 220","ORCOTUNA 220","SAN ROMAN 138","SAN ROMAN 220","CHILOTA 220","MAZUCO 138","JESUS 138","CARHUAMAYO 138","CINCO MANANTIALES 138","OXIDOS CERRO 138","TOCACHE 138","JUANJUI 138","FRANCOISE 220","BOTIFLACA 138","MILL SITE 138","PLAZA TOQUEPALA 138","QUEBRADA HONDA 138","PANAMERICANA SOLAR 138","TOQUEPALA 138","ILO ELS 138","REFINERIA 138","LIXIVIACION 138","PUSHBACK 138","INTIPAMPA 138","PLANICIE 220 B","CHILCA CTM 220 B","CARAPONGO 220 B","CHILCA 1 220","DERIVACION 220","CHAVARRIA 220 B","DERIVACION 220  BARRA II","CAMPAS 220","CAMPAS 500","PLANICIE 500","NUEVA CHINCHA 220","CAHUACHI 220","VALLE DEL CHIRA 220","SANTA ROSA 220 B","ERSUR 220","FLAMENCO220","BARRA3HERMANAS","BARRAPTALOMITAS","PUERTO CHANCAY 220","CHAPARRAL 138","CHIRIBAMBA 220","BARRAPTALOMITAS2","YSHCAYUCRO 220","PAQUILLUSI 220","MIGUEL GRAU 500","MIGUEL GRAU 220","ALIPIO ROSALES 220","SUNNY","CUAJONE 138","SAN MARTIN 220","SAN LUIS 220","CERRO VERDE 220","PORTILLO 60","SURIRAY138"
1.0000,301.7577,273.5860,273.7938,275.0503,269.7803,281.9806,279.9770,303.9199,278.8001,306.2491,294.0329,304.0072,276.7863,285.2700,277.6353,275.9918,282.8238,282.5106,285.9598,270.2454,278.7287,276.3059,277.4435,277.5021,283.7220,286.7615,287.3762,288.2391,305.7034,273.3850,274.6380,274.9710,308.1582,299.7388,299.3481,298.6517,278.1285,293.3401,278.8460,302.3594,314.2471,292.9841,294.8935,315.3171,310.5903,289.9321,304.5462,303.8024,274.7617,301.0816,296.9104,297.7896,308.1464,299.0794,304.3564,298.9312,280.0046,300.0025,283.0005,294.9216,298.4082,298.9066,299.4931,299.7356,301.1908,297.6853,298.2232,305.5921,299.8750,300.4398,308.3390,302.8202,300.1355,298.4528,290.0612,269.4124,276.7002,305.9781,303.2878,291.5675,274.4956,282.6068,278.2081,278.4320,279.0181,279.3990,279.8684,279.4783,278.9412,303.3685,278.9478,278.6062,278.2597,274.5050,272.4240,294.8132,296.1182,288.4844,0.0000,293.3804,297.6680,279.3534,278.0076,297.7852,285.5718,285.3622,291.4912,297.1054,297.6522,276.8684,279.7474,306.6009,302.9884,281.2283,280.1912,276.6685,287.8548,295.8171,277.2498,298.7148,302.2250,279.2228,279.8570,272.3314,288.1730,282.5640,305.8952,294.2858,285.2092,285.2595,272.4339,275.7387,278.4304,299.6160,275.0058,283.3344,278.9686,279.5620,279.7023,291.3981,279.5698,280.4532,277.0836,277.0854,302.1997,272.6931,277.9625,276.5546,296.6098,297.4276,312.2182,313.8103,308.1225,274.3361,283.6082,274.9738,280.8111,279.1658,277.2317,276.3975,294.6197,0.0000,289.7379,275.0006,296.9508,297.9098,276.4586,275.8455,304.9487,281.4352,279.0131,292.5003,280.4617,286.6674,280.7641,303.6609,287.0128,304.7213,326.8367,327.2001,308.1258,300.7406,275.9436,299.5557,299.2878,299.1898,287.9881,299.8265,280.4460,286.7235,286.7842,315.7109,325.2868,284.7750,303.8746,306.1176,306.2197,304.9432,302.1997,306.0601,304.6519,306.0956,306.2454,305.9690,300.9012,278.9478,272.4300,276.3991,0.0000,281.1468,278.8220,281.7305,277.2028,277.3533,277.0910,281.6160,285.3581,307.5752,274.6390,284.4738,285.5440,284.7402,279.5286,281.2018,298.5323,279.5698,279.5332,286.1434,287.6493,303.7084,304.2740,310.1969,294.6197,303.0743,294.6197,298.2647,298.2900,275.9973,283.4948
2.0000,300.8400,273.4656,273.6600,274.9078,269.7119,281.8381,279.9064,302.6871,278.4158,304.9597,293.2558,302.8422,276.3594,284.7048,277.6876,275.8629,283.0682,282.7263,286.1462,270.0582,278.5979,276.1695,277.3056,277.3907,283.5075,286.5847,287.1876,287.6305,304.4286,273.2775,274.4269,274.7503,306.8359,298.8353,298.5073,297.6837,277.7468,292.8034,278.5090,301.4214,312.9032,292.0967,294.1205,313.9365,309.2028,289.7653,304.3370,303.6052,274.7617,300.9913,296.8497,297.4707,307.9365,298.9402,304.1093,298.5734,280.1857,299.8510,282.8377,294.6404,298.3166,298.8142,299.3654,299.5982,300.9614,297.5995,298.1137,305.4658,299.7307,300.2655,308.2372,302.5398,299.8677,298.3611,289.9765,269.4810,276.9665,304.6752,302.1324,290.9838,274.2760,282.8498,277.8239,278.0590,278.6242,278.9919,279.4454,279.0740,278.5489,302.2414,278.7087,278.2988,277.9999,274.4347,272.4241,293.9132,295.2468,287.8895,0.0000,292.6037,296.7333,278.9670,277.9069,296.9649,285.6249,285.3944,291.4683,297.0266,297.5676,276.6160,279.4784,306.4983,301.8405,280.9280,280.1525,276.5138,287.6622,295.1327,276.9957,298.3813,302.0842,278.8634,279.4656,272.2848,288.0219,282.0298,304.6256,294.2354,285.0553,285.1056,272.7699,275.6954,278.2170,298.6251,274.7796,282.5143,278.5755,279.1645,279.2974,291.2138,279.6039,280.4253,276.9626,276.9644,302.0567,272.6328,277.8903,276.5114,296.5340,297.3443,310.7301,312.2534,306.7969,274.1501,283.2118,274.9014,280.8669,279.2072,277.0200,276.1764,294.5756,0.0000,289.9116,274.8573,296.8894,297.8297,276.2274,275.6051,303.7306,281.1304,278.7706,292.6408,280.4617,286.8496,280.7713,302.7207,286.4170,303.6714,324.9313,325.1249,306.8007,299.7101,275.7965,299.4209,299.1648,299.0789,287.6970,299.6424,280.3703,286.5962,286.6078,314.3521,323.4606,284.5621,303.7578,305.9019,306.0067,304.7538,302.0567,305.8453,304.5070,305.9691,306.0316,305.7636,300.7749,278.7087,272.4299,276.1779,0.0000,281.5442,278.4370,282.1635,277.0789,277.2178,276.8956,281.8090,285.6093,306.2537,274.4280,284.7383,285.5996,285.0844,280.0713,280.7816,298.2603,279.6867,280.0767,285.8159,287.6493,302.5275,303.0654,308.8193,294.5756,302.9530,294.5756,298.2300,298.2154,275.7536,283.3368
3.0000,302.8487,273.4915,273.6792,275.0560,269.8930,283.7145,281.7660,303.3992,278.4159,305.4619,293.6438,303.2633,276.3643,285.2710,277.6354,275.8356,282.8493,282.5785,286.2167,270.0549,279.3599,276.7932,277.9604,277.8307,286.5023,289.7405,290.3887,288.4700,305.1110,273.3082,274.4479,274.7678,307.6338,300.9239,300.5513,298.0901,277.7530,294.8866,278.5509,303.4218,314.7346,292.9918,294.5320,315.7526,310.0106,289.6697,304.2094,303.4693,274.7617,300.9109,296.7993,297.3233,307.8361,298.8233,303.9595,298.4147,280.0530,299.7637,282.7324,294.4692,298.2097,298.7009,299.2790,299.5084,300.7973,297.4860,297.9946,305.3304,299.6326,300.1783,308.1442,302.4715,299.7668,298.2539,289.9179,269.4836,276.9251,305.3892,302.6796,292.7114,274.3166,282.7096,277.8293,278.0559,278.6132,278.9707,279.4245,279.0662,278.5353,303.0414,278.6917,278.3312,278.0428,274.4356,272.4241,294.9678,296.3858,288.7215,0.0000,292.9624,297.1478,278.9807,278.3524,299.2073,285.6513,285.4109,291.4048,296.9224,297.4636,276.5743,279.4544,306.4048,302.3976,280.8982,281.9189,277.4241,287.7423,297.7059,277.0284,298.2357,301.9644,278.8755,279.4722,272.3022,287.9312,282.3856,305.1149,294.1353,284.9594,285.0097,272.7969,275.7160,286.5068,299.6184,274.7945,282.9739,278.5747,279.1621,279.3000,291.1119,279.3159,280.9721,277.0739,277.0756,301.9390,272.6919,277.9249,276.5318,296.4333,297.2336,311.4815,312.9511,307.5672,274.1735,283.0473,275.1990,280.5573,279.0757,277.0578,276.2173,294.4703,0.0000,289.9632,274.9993,296.8385,297.7694,276.2663,275.6600,304.2588,281.0361,278.7517,292.5697,280.4617,286.9185,280.7676,302.4713,287.1352,305.6061,326.0346,325.9793,307.6141,300.6504,275.7670,299.3370,299.0835,298.9872,287.5900,299.4957,282.2398,289.1323,289.7441,315.9336,324.6399,287.5462,303.5901,305.7774,305.8808,304.6319,301.9390,305.7209,304.3705,305.8335,305.9061,305.6322,300.6585,278.6917,272.4299,276.2188,0.0000,281.2382,278.4368,281.9096,277.1598,277.2777,276.9115,281.6528,285.5791,306.9274,274.4490,284.8991,285.6287,285.2593,279.6821,281.0143,298.1378,279.5967,279.6876,288.4222,287.6493,303.1159,303.6841,309.6281,294.4703,302.7808,294.4703,298.0775,298.0893,275.7755,283.2350
4.0000,302.3005,273.3898,273.5599,275.1167,270.0777,283.6658,281.7483,302.9921,278.2357,305.0264,293.3986,302.8729,276.1388,285.0276,277.6059,275.7886,282.6561,282.4733,286.4123,269.9204,279.3798,276.9229,278.0526,277.8486,286.4293,289.6245,290.2513,288.2372,304.7722,273.2170,274.3427,274.6464,307.2625,300.4127,300.0895,297.7850,277.5756,294.7156,278.4093,302.8524,313.7420,292.7802,294.2793,314.7218,309.5904,289.7764,304.1465,303.3903,274.7617,301.0979,296.9013,297.3282,308.1446,299.0231,304.0498,298.3929,279.9887,299.8343,282.8210,294.5832,298.3582,298.8394,299.3768,299.5990,300.9869,297.6880,298.1926,305.4064,299.7926,300.3650,308.4171,302.6943,299.9746,298.4031,290.0649,269.4704,276.8682,305.0471,302.3439,292.5332,274.2545,282.5930,277.6503,277.8845,278.4207,278.7644,279.2194,278.8721,278.3442,302.7366,278.5992,278.2081,277.9472,274.4347,272.4242,294.7805,296.1824,288.5112,0.0000,292.7147,296.8560,278.8040,278.3588,298.7149,285.8073,285.5513,291.5758,297.0880,297.6194,276.5318,279.3432,306.6528,302.0678,280.7764,281.9061,277.5381,287.9465,297.2577,276.9458,298.2239,302.0304,278.7130,279.2907,272.2372,288.0419,282.1602,304.6865,294.3176,285.0613,285.1116,272.8131,275.7211,286.4323,299.4011,274.6772,282.6358,278.3883,278.9721,279.1017,291.2221,279.2768,280.9276,277.0656,277.0675,302.0004,272.9522,277.9353,276.5372,296.6128,297.4332,310.9707,312.4190,307.1541,274.0717,282.8426,275.0417,280.5603,279.0383,276.9865,276.1550,294.6608,0.0000,290.1213,275.0608,296.9411,297.8787,276.1977,275.5810,303.8910,280.8965,278.6566,292.6926,280.4617,287.1051,280.7739,301.7555,286.8949,305.0535,325.2235,325.1004,307.2467,300.4165,275.7207,299.4201,299.1784,299.1116,287.3685,299.6673,282.2220,289.0952,289.6312,315.3445,323.8611,287.5030,303.6534,305.7083,305.8176,304.6378,302.0004,305.6531,304.4205,305.8911,305.8416,305.4626,300.7399,278.5992,272.4299,276.1564,0.0000,280.9882,278.2561,281.7526,277.1471,277.2521,276.8448,281.5741,285.6653,306.5944,274.3439,285.1150,285.7872,285.5647,279.3772,280.8357,298.3167,279.5372,279.3841,288.3169,287.6493,302.7832,303.3513,309.2163,294.6608,302.8381,294.6608,298.3155,298.3131,275.6875,283.3279
5.0000,302.4264,273.2713,273.4284,275.0369,270.0555,283.5527,281.6267,303.0558,278.1700,305.1996,293.4491,303.1110,276.0333,284.9717,277.5864,275.7798,282.4930,282.3718,286.4922,269.6727,279.2183,276.4986,277.7098,277.7473,286.3332,289.5799,290.2263,288.2060,305.1429,273.1045,274.3090,274.5997,307.7695,300.7301,300.2737,297.8728,277.5072,294.6959,278.3695,302.9636,313.5571,292.6563,294.3241,314.5101,310.0812,289.6483,304.3404,303.5976,274.7617,301.1095,296.9240,297.1430,308.1182,299.1183,303.9178,298.1809,279.8864,299.8849,282.7131,294.7479,298.4535,298.9368,299.4290,299.6491,301.0388,297.7647,298.2717,305.5407,299.8698,300.4215,308.4455,302.8016,300.0919,298.4987,290.0179,269.3627,276.7913,305.4376,302.5809,292.4807,274.9606,282.5115,277.5797,277.8093,278.3416,278.6694,279.1428,278.7997,278.2569,302.7255,278.5862,278.1804,277.9385,274.4574,272.4244,294.6328,296.0753,288.4896,0.0000,292.7671,296.9508,278.7451,278.2597,298.9491,285.8985,285.6322,291.6663,297.1775,297.7126,276.5369,279.3165,306.6879,302.3102,280.7416,281.7312,277.1423,287.8549,297.3077,276.9832,298.0201,302.1664,278.6596,279.2289,272.1226,287.9348,282.0947,304.8701,294.4100,284.9576,285.0079,272.6982,275.7280,286.3365,299.3036,274.6389,282.5021,278.3071,278.9022,279.0252,291.0611,279.1321,280.8112,277.0579,277.0594,302.1410,272.6741,277.9484,276.5443,296.6928,297.5108,311.0146,312.4653,307.1707,274.0190,282.7848,275.3297,280.5035,279.0462,276.9902,276.2181,294.7587,0.0000,290.2175,274.9814,296.9646,297.9049,276.2539,275.6309,304.1005,280.8702,278.6422,292.5723,280.4617,287.1881,280.7677,301.4058,286.8526,305.9065,326.0380,325.3879,307.7742,300.3348,275.7140,299.4706,299.2234,299.1914,287.2449,299.7230,282.0910,289.0072,289.5851,317.4522,324.8569,287.4000,303.7561,305.8995,306.0073,304.8274,302.1410,305.8437,304.5634,306.0256,306.0318,305.6368,300.8631,278.5862,272.4297,276.2195,0.0000,280.8005,278.1901,281.6310,277.1474,277.2538,276.8419,281.4635,285.6923,307.0208,274.3102,285.1362,285.8815,285.6882,279.1653,280.7900,298.4486,279.4853,279.1730,288.2341,287.6493,303.0577,303.6584,309.7130,294.7587,302.9400,294.7587,298.4262,298.3905,275.5600,283.2228
6.0000,302.0942,273.2647,273.4188,275.1356,270.1977,283.5468,281.5998,302.5629,278.1034,304.6422,293.1482,302.6200,276.0584,284.8834,277.7890,275.7537,283.3184,282.9384,286.7807,269.7570,279.2516,276.5401,277.7621,277.7848,286.3178,289.6411,290.3008,288.0699,304.4998,273.1007,274.2928,274.5781,307.1262,300.4125,299.9841,297.4893,277.4387,294.5539,278.3067,302.6202,312.9913,292.4618,294.0028,313.9242,309.4433,289.6981,304.8425,304.1135,274.7617,301.2400,297.0315,297.2263,308.3494,299.2985,304.0260,298.2535,280.2901,300.0154,282.7716,294.8847,298.6726,299.1640,299.5727,299.7901,301.1481,297.9345,298.4402,305.8291,300.0919,300.6237,308.6018,302.9852,300.3460,298.7178,290.0741,269.3939,277.2601,304.7648,302.0416,292.3282,274.9918,283.0657,277.5104,277.7440,278.2664,278.5852,279.0817,278.7304,278.1806,302.2693,278.5266,278.1218,277.8909,274.4433,272.4244,294.4438,295.8053,288.3486,0.0000,292.4720,296.5744,278.6723,278.2855,298.6744,286.0984,285.8138,291.8430,297.3741,297.9223,276.5042,279.2500,306.8394,301.7740,280.6597,281.6340,277.0915,287.9282,297.1271,276.9674,298.0954,302.4856,278.5934,279.1548,272.1284,287.9887,282.0258,304.3233,294.5833,285.0143,285.0646,273.0246,275.7499,286.3230,298.9083,274.6179,282.4640,278.2361,278.8298,278.9379,291.1020,279.1309,280.8121,277.0747,277.0764,302.4677,272.9725,277.9867,276.5663,296.8732,297.6824,310.3830,311.7974,306.6153,274.0058,282.6884,275.3203,280.9678,279.3705,276.9629,276.2151,294.9287,0.0000,290.5433,275.0813,297.0708,298.0109,276.2524,275.6450,303.5365,280.7854,278.5820,292.6536,280.4617,287.4888,280.7719,300.9621,286.7377,305.5283,325.2530,324.5422,307.1293,299.9115,275.6869,299.6031,299.3559,299.3706,287.1008,299.8669,282.0588,289.0215,289.6449,316.9959,324.1254,287.4126,304.0688,306.4102,306.5150,305.2571,302.4677,306.3526,304.8479,306.3379,306.5406,306.2432,301.1683,278.5266,272.4297,276.2165,0.0000,281.7684,278.1233,282.4852,277.1617,277.2628,276.8042,281.9420,286.1358,306.3639,274.2941,285.4086,286.0855,286.0326,280.2687,280.7179,298.6665,279.8319,280.2759,288.1766,287.6493,302.4940,303.0700,309.0740,294.9287,303.2324,294.9287,298.5550,298.5534,275.5980,283.2807
7.0000,301.5450,273.1797,273.3328,274.8082,269.8749,283.2888,281.5954,302.6877,277.9038,304.8423,293.2120,302.7925,275.8350,284.7927,277.5941,275.7742,282.7181,282.4723,286.9251,269.5410,278.4002,273.9985,275.6427,277.3353,286.0995,289.9278,290.6608,287.9856,304.6875,273.0177,274.1028,274.3738,307.3230,299.8657,299.4604,297.5995,277.2560,294.3321,278.1942,302.0639,312.2918,292.4831,294.0647,313.2118,309.6554,289.7714,304.9521,304.2040,274.7617,301.3030,297.0486,297.1861,308.4561,299.4740,304.0363,298.1878,280.0013,300.0547,282.7933,295.0447,298.7965,299.2737,299.6226,299.8379,301.2982,298.0967,298.6038,305.8773,300.2390,300.7949,308.7087,303.2191,300.5641,298.8415,290.1458,269.4286,276.5996,304.9590,302.2171,292.1832,274.0542,282.6048,277.3269,277.5477,278.0654,278.3849,278.8799,278.5341,277.9830,302.3185,278.4933,278.0226,277.7910,274.4347,272.4243,294.4489,295.7895,288.2717,0.0000,292.5196,296.6688,278.5472,277.9424,298.2584,286.2135,285.9160,291.9835,297.5124,298.0522,276.5785,279.2140,306.9418,301.9377,280.6457,281.3934,275.2487,287.6617,296.9810,276.7123,298.0169,302.5973,278.4535,279.0090,272.0886,288.0459,281.9414,304.5190,294.7393,285.0527,285.1030,272.1450,275.7301,286.1062,298.9060,274.4271,282.4415,278.0582,278.6465,278.7443,291.2021,279.1947,280.7599,276.9370,276.9387,302.5859,272.6328,277.9537,276.5464,297.0185,297.8425,310.3145,311.7888,306.6012,273.8417,282.6951,275.9832,280.1133,278.9595,276.8469,275.9465,295.0941,0.0000,290.6926,274.7563,297.0908,298.0479,275.9852,275.3551,303.7411,280.7884,278.5482,292.5657,280.4617,287.6440,280.7674,300.7113,286.6526,304.3803,323.9715,323.8175,307.3250,299.9196,275.7154,299.6469,299.4002,299.4460,287.0208,300.0206,281.9888,289.1321,289.9261,314.3792,322.6382,287.2056,304.0747,306.5307,306.6370,305.3898,302.5859,306.4729,304.9192,306.3398,306.6622,306.3458,301.2810,278.4933,272.4298,275.9478,0.0000,281.1510,277.9238,282.0844,277.0521,277.1689,276.7442,281.5789,286.1208,306.5478,274.1041,285.6250,286.2032,286.2466,279.6343,280.6133,298.8667,279.5298,279.6423,287.9808,287.6493,302.6644,303.2464,309.2835,295.0941,303.2064,295.0941,298.7767,298.7382,275.3734,283.3082
8.0000,300.6696,273.1585,273.3017,274.8989,270.2596,283.3075,281.5020,300.1592,277.8221,301.6433,291.3543,299.9128,275.7717,284.2576,277.6572,275.9941,282.7427,282.4713,286.9948,269.5144,279.0716,276.4613,277.6441,277.6254,285.9442,289.2692,289.9085,287.2452,299.4426,272.9976,274.0656,274.3127,298.7266,298.8512,298.5898,295.1999,277.1696,293.6525,278.0905,301.1879,311.4038,290.7661,292.2504,312.3227,301.1350,289.7060,305.0208,304.2769,274.7617,301.2978,297.0764,297.0624,308.4134,299.4352,303.9732,298.0387,279.9739,300.1130,282.7311,294.7786,298.8005,299.2911,299.6697,299.8914,301.2668,298.0501,298.5625,305.8775,300.2625,300.8220,308.6734,303.2438,300.5181,298.8461,290.1064,269.3837,276.5279,299.7061,298.3510,291.3554,274.0129,282.5951,277.2404,277.4749,277.9838,278.3031,278.7848,278.4488,277.9053,300.0929,278.3765,277.9275,277.6246,274.4347,272.4245,292.7518,294.1997,287.5309,0.0000,290.6827,294.2463,278.4602,278.1411,297.3288,286.2296,285.9230,291.9581,297.4950,298.0479,277.2998,279.0875,306.9163,298.0063,280.4960,281.6008,276.9613,287.7759,296.2174,276.6681,297.8575,302.6203,278.3637,278.9188,272.0638,287.9883,281.5942,301.3710,294.6991,284.9949,285.0452,272.0480,275.7123,285.9509,297.0358,274.3861,282.0704,277.9851,278.5619,278.6711,291.1358,279.1867,280.7665,276.9545,276.9562,302.6022,272.6328,277.9248,276.5288,296.9870,297.7982,307.8493,309.1450,304.2506,273.8087,282.5535,275.2803,280.8506,279.2430,276.7421,275.9118,295.0460,0.0000,290.6876,274.8429,297.1169,298.0661,275.9509,275.3092,300.1909,280.6566,278.4312,292.6199,280.4617,287.6985,280.7702,300.4145,286.0065,303.2019,321.7759,321.3215,299.0590,297.9502,276.0096,299.6978,299.4433,299.4870,286.9363,299.9917,281.9531,288.7812,289.2772,312.7502,320.5374,287.0311,304.2532,306.5976,306.7005,305.4059,302.6022,306.5395,304.9311,306.3400,306.7267,306.4483,301.3120,278.3766,272.4296,275.9130,0.0000,281.3385,277.8421,282.3498,277.0415,277.1249,276.6471,281.5606,286.2588,300.2537,274.0669,285.7663,286.2193,286.3744,279.9766,280.3519,298.7528,279.5674,279.9850,287.6187,287.6493,298.4038,298.6587,300.8037,295.0460,303.4102,295.0460,298.6680,298.6672,275.3565,283.2472
9.0000,298.6716,273.0769,273.2218,274.6424,269.9711,281.3503,279.7506,299.9042,277.7778,301.7163,291.1711,300.1373,275.6854,283.7636,277.6780,275.9974,283.0275,282.6482,287.2078,269.2985,277.7395,273.9296,275.4223,276.9209,282.8998,286.3771,287.0129,286.5037,299.4324,272.9150,273.9901,274.2389,298.7266,296.9008,296.5932,295.1224,277.1250,291.6066,278.0268,299.1886,309.3806,290.1359,292.0068,310.2974,301.1513,290.0048,305.3407,304.5866,274.7617,301.5025,297.2389,297.5175,308.5601,299.8038,304.3968,298.5087,280.0805,300.3579,283.0351,295.3982,299.1369,299.6361,299.9268,300.1524,301.3827,298.3837,298.8959,306.2738,300.6333,301.2146,308.9296,303.5034,301.0301,299.1899,290.3216,269.3835,276.6008,299.6997,298.3311,289.7199,274.0557,282.7840,277.1969,277.4418,277.9473,278.2750,278.7385,278.4013,277.8757,299.7002,278.3840,277.8731,277.5749,274.4342,272.4245,292.0041,293.3314,286.8165,0.0000,290.5372,294.1461,278.4194,277.5011,295.2086,286.4070,286.0926,292.2327,297.8247,298.3798,277.2629,279.0990,307.1797,297.9721,280.5171,279.7938,274.6631,287.5709,293.7340,276.6026,298.3284,302.9655,278.3041,278.8419,272.0123,288.2700,281.2823,301.4682,295.0207,285.2825,285.3328,272.0515,275.7109,277.6228,296.4008,274.3118,281.7109,277.9514,278.5103,278.6191,291.4447,279.7303,280.3219,276.8026,276.8044,302.9401,272.4907,277.9221,276.5269,297.3076,298.1289,307.5964,309.0083,303.9541,273.7315,282.6758,275.1006,280.8725,279.2360,276.6939,275.8411,295.3761,0.0000,290.9310,274.5958,297.2796,298.2447,275.8788,275.2220,300.2086,280.7301,278.4395,292.6038,280.4617,287.9130,280.7694,300.4196,285.3761,301.4420,321.1042,320.9395,299.0601,297.3889,276.0069,299.9399,299.6812,299.7874,286.9212,300.2588,280.1386,286.4064,286.4013,311.4428,319.7595,283.9659,304.6798,306.9227,307.0266,305.7381,302.9401,306.8647,305.3101,306.7369,307.0525,306.7714,301.6516,278.3840,272.4296,275.8424,0.0000,281.7415,277.7978,282.7767,276.9409,277.0605,276.6239,281.7008,286.5421,300.2551,273.9914,285.9935,286.3972,286.5868,280.4919,280.1315,299.2980,279.6500,280.4991,285.0071,287.6493,298.3764,298.6376,300.8176,295.3761,303.8625,295.3761,299.0576,299.0253,275.2113,283.5452
10.0000,298.8999,273.1963,273.3487,274.8512,270.1772,281.4924,279.8051,300.1296,277.9880,301.9860,291.3280,300.4373,275.9675,283.9418,277.6700,276.0667,283.4169,282.9579,287.2894,269.5314,278.0945,274.8744,276.2164,277.1377,283.0364,286.3477,286.9542,286.6732,299.5843,273.0286,274.1933,274.4433,298.7266,297.0922,296.8125,295.3191,277.3244,291.7927,278.1751,299.4182,309.6356,290.3273,292.1598,310.5547,301.1896,290.2233,305.4145,304.6334,274.7617,301.5691,297.2829,298.0395,308.4786,299.9446,304.8045,299.0840,280.1486,300.4433,283.2935,295.7236,299.2280,299.7166,300.0026,300.2283,301.3827,298.4911,299.0098,306.4191,300.7883,301.4219,309.0172,303.7825,301.2696,299.2730,290.4250,269.3855,277.6065,299.8590,298.5159,289.9034,274.9834,283.0772,277.3972,277.6526,278.1559,278.4820,278.9451,278.6077,278.0840,299.9679,278.4508,278.0086,277.7078,274.4347,272.4244,292.2232,293.5519,286.9828,0.0000,290.7096,294.3356,278.5876,277.6761,295.3864,286.4803,286.1689,292.3204,297.9198,298.4727,277.3787,279.1759,307.2805,298.1515,280.5819,279.9428,275.3889,287.8800,293.8703,276.8492,298.9163,303.0585,278.4864,279.0587,272.0841,288.4752,281.4469,301.7428,295.1142,285.5079,285.5583,272.8131,275.7600,277.7547,296.6634,274.5206,281.8765,278.1520,278.7112,278.8257,291.6579,279.6713,280.3701,276.9202,276.9221,303.0351,272.6328,278.0055,276.5764,297.4070,298.2351,308.0072,309.4189,304.3118,273.9130,282.7925,275.6247,280.3208,279.0422,276.8296,276.0951,295.4687,0.0000,291.0238,274.8047,297.3246,298.3024,276.1337,275.4952,300.4342,280.7971,278.5077,292.5697,280.4617,287.9972,280.7676,300.6275,285.5479,301.6808,321.7478,321.5545,299.0789,297.6584,276.0831,300.0181,299.7552,299.8639,287.0004,300.3562,280.2196,286.4407,286.3740,311.7961,320.3599,284.0759,304.6760,307.0014,307.1053,305.8154,303.0351,306.9434,305.4396,306.9303,307.1313,306.8378,301.7316,278.4508,272.4297,276.0965,0.0000,282.0123,278.0078,282.9133,277.0512,277.1748,276.7040,281.8089,286.6433,300.3729,274.1946,286.0494,286.4710,286.6819,280.6501,280.2907,299.5640,279.7676,280.6567,285.1581,287.6493,298.5494,298.8018,300.8527,295.4687,303.8289,295.4687,299.1537,299.1336,275.4596,283.7918
11.0000,299.3721,273.3443,273.5188,274.8576,270.0694,281.6219,279.8157,300.9509,278.1085,302.9048,291.8034,301.3468,275.9471,284.1818,277.6689,276.1263,283.8209,283.2463,287.2466,269.7398,278.4239,275.8954,277.0611,277.2882,283.1701,286.2447,286.8206,286.9600,300.4186,273.1646,274.2497,274.5122,299.3358,297.4950,297.2299,295.9519,277.4497,292.0625,278.2932,299.9044,310.4027,290.6484,292.6573,311.3471,301.8473,290.5651,305.5420,304.7344,274.7617,301.6478,297.3315,298.7129,308.5134,300.1201,305.3427,299.8268,280.3965,300.5649,283.6750,296.1717,299.3319,299.8194,300.1171,300.3514,301.3827,298.5995,299.1370,306.5572,300.9763,301.6691,309.1202,304.0086,301.6383,299.3766,290.6078,269.4687,277.7960,300.7398,299.2907,290.1894,274.1282,283.3855,277.5240,277.7665,278.2896,278.6308,279.1026,278.7519,278.2181,300.6680,278.5790,278.1146,277.7970,274.4347,272.4242,292.5307,293.9594,287.2629,0.0000,291.1854,294.9398,278.7252,277.7999,295.7557,286.4063,286.1178,292.3562,298.0176,298.5722,277.4714,279.3292,307.3904,298.9145,280.7641,280.0458,276.1636,287.8879,294.1783,276.8194,299.6518,303.1818,278.6199,279.2081,272.2040,288.7968,281.6671,302.6601,295.1918,285.8517,285.9021,273.0799,275.7661,277.8859,297.2209,274.5904,282.2359,278.2835,278.8581,278.9786,292.0130,279.6309,280.4031,276.9656,276.9675,303.1558,272.6328,278.0153,276.5823,297.5031,298.3402,308.8864,310.3265,305.1218,273.9885,283.1609,276.7924,279.6108,278.8741,276.8780,276.0279,295.5458,0.0000,291.0422,274.8081,297.3746,298.3754,276.0716,275.3904,301.2947,281.0454,278.6391,292.5530,280.4617,287.9551,280.7668,301.0465,285.8134,302.1840,322.8564,322.7007,299.6897,298.2610,276.1476,300.1309,299.8634,299.9725,287.1515,300.4821,280.2572,286.4059,286.2732,312.5409,321.4233,284.1789,304.8063,307.1339,307.2375,305.9537,303.1558,307.0757,305.5802,307.0686,307.2637,306.9701,301.8425,278.5790,272.4299,276.0293,0.0000,282.5254,278.1291,283.3354,277.0878,277.2101,276.7719,282.0970,286.7434,301.1458,274.2509,286.0986,286.3876,286.5815,281.2681,280.4534,299.9572,279.8810,281.2731,285.3386,287.6493,299.3318,299.5972,301.5029,295.5458,303.9684,295.5458,299.2599,299.2375,275.5403,284.1586
12.0000,299.7933,273.5227,273.7303,274.9127,270.0147,281.6536,279.8473,301.6894,278.3047,303.8831,292.3956,302.2795,276.0092,284.4385,277.6938,276.2346,283.8209,283.2861,287.1510,270.1087,278.4381,275.8101,277.0005,277.3270,283.2260,286.3133,286.8895,287.2377,301.4273,273.3232,274.4199,274.7020,300.3825,297.9224,297.6046,296.6835,277.6421,292.2810,278.4571,300.3393,311.1121,291.0965,293.2728,312.0813,302.9386,290.9329,305.4857,304.6227,274.7617,301.5891,297.2997,299.4776,308.2913,300.0903,305.7974,300.6695,280.4483,300.5377,284.0425,296.0354,299.3369,299.8192,300.1005,300.3330,301.3827,298.5945,299.1393,306.5683,301.1047,301.8937,309.0819,304.0414,301.5273,299.3813,290.7412,269.5003,277.8568,301.7748,300.1869,290.4457,274.2368,283.4429,277.7174,277.9650,278.4852,278.8273,279.3438,278.9729,278.4154,301.2724,278.7412,278.2670,277.9459,274.4347,272.4241,292.9464,294.3867,287.5134,0.0000,291.7698,295.6504,278.9100,277.8519,296.1872,286.3585,286.0820,292.3340,298.0193,298.5756,277.6099,279.5324,307.3715,299.8072,281.0001,280.0714,276.1317,288.0023,294.6202,276.9463,300.4716,303.1748,278.8141,279.4205,272.3153,289.1151,281.8837,303.6312,295.1796,286.1817,286.2322,273.1689,275.7901,277.9407,297.7035,274.7780,282.4601,278.4784,279.0771,279.2009,292.4213,279.6423,280.3939,277.0212,277.0232,303.1423,272.6328,278.0541,276.6059,297.5020,298.3345,309.1702,310.6075,305.5786,274.1559,283.5207,276.5609,279.8313,278.9584,276.9942,276.1371,295.5278,0.0000,290.9757,274.8638,297.3443,298.3557,276.1789,275.4534,302.2466,281.3011,278.8039,292.5898,280.4617,287.8553,280.7686,300.1095,286.0839,302.5922,322.9198,322.5167,300.7390,298.7718,276.2603,300.1079,299.8440,299.9703,286.9727,300.5277,280.2881,286.4556,286.3414,312.9266,321.5510,284.1825,304.8094,307.1021,307.2058,305.9067,303.1423,307.0439,305.5864,307.0792,307.2319,306.9332,301.8303,278.7412,272.4299,276.1386,0.0000,282.3425,278.3261,283.0097,277.1471,277.2832,276.8766,282.1619,286.4684,302.1958,274.4210,286.1074,286.3384,286.4716,280.9114,280.6512,299.8383,279.9118,280.9163,285.4558,287.6493,300.2546,300.5454,302.5876,295.5277,303.9922,295.5278,299.2342,299.2194,275.7442,284.5114
13.0000,298.0463,268.3850,268.6910,271.4721,266.2798,280.0373,278.2478,299.9953,274.6119,302.1442,289.7045,300.4729,272.4289,280.5439,281.4011,275.4276,296.7685,297.3320,286.7552,265.9549,275.7733,272.2236,273.6451,274.6454,281.4874,284.7493,285.3888,283.8618,299.4217,268.0611,269.9221,270.2423,298.7266,296.2477,295.8265,294.3784,273.9742,290.1367,274.8666,298.6016,309.5614,288.8694,290.5351,310.5475,301.3635,289.2930,303.8388,302.9249,274.7617,300.7699,296.6822,297.8445,307.4464,298.5073,304.1747,299.0823,287.4484,299.6105,282.5388,293.1264,297.7653,298.2370,299.0729,299.3086,300.7716,297.1529,297.7240,304.8492,299.6039,300.4591,308.0182,302.3888,299.2579,297.8087,289.3755,263.1666,313.7655,299.7649,298.0792,288.0695,269.8351,297.5662,274.0465,274.2728,274.7980,275.1410,275.7000,275.3406,274.7277,299.3786,275.2877,274.7184,274.5006,270.7609,267.7824,290.8788,292.1383,284.0947,0.0000,289.0057,293.3185,275.2688,275.0737,294.6084,285.2415,284.3854,290.7190,296.4274,296.9948,274.8747,276.1448,306.2814,297.7110,277.6525,278.1955,273.0552,283.7880,293.2195,273.0512,298.8810,301.5611,275.2339,275.7242,266.6340,287.5871,278.1611,301.8813,293.5742,284.6924,284.7427,324.0538,274.5963,276.2346,295.6031,270.3000,278.8741,274.8070,275.4856,275.6681,290.6564,279.5962,279.6941,274.3486,274.3503,301.5264,269.4214,276.0632,275.4089,295.9348,296.8851,308.2522,309.8637,304.2120,269.4728,280.2608,276.9008,283.1060,282.5411,273.5681,272.1983,293.9325,0.0000,290.6072,271.4100,296.7218,297.6569,272.2574,271.5269,300.3335,277.9305,275.3534,292.3970,280.4617,287.4531,280.7588,300.3936,282.4729,301.0719,322.5532,322.4182,299.0563,296.7267,275.1668,299.1664,298.9104,298.6618,287.1251,299.4056,278.6152,284.8181,284.7750,311.6915,321.0418,282.3686,303.2456,305.4926,305.5955,304.2653,301.5191,305.4343,303.9020,305.3568,305.6214,305.3523,300.1973,275.2877,267.7893,272.1997,0.0000,292.9432,274.6346,288.7172,274.4821,274.6635,273.3606,292.2651,287.9443,300.3212,269.9231,285.6864,285.2184,286.0350,289.2234,276.9495,297.1794,287.7131,289.2252,283.5215,287.6493,298.1838,298.4756,300.9952,293.9306,302.4309,293.9318,297.6976,297.7563,271.6031,283.0099
14.0000,304.2804,273.6226,273.9125,275.1724,270.1307,283.5234,281.6117,305.3099,278.7098,307.3273,294.1996,305.5816,276.2790,285.1585,277.6907,276.4142,283.7650,283.1413,287.2463,270.2912,278.8549,274.8616,276.4618,277.6585,286.3830,289.7404,290.4483,288.6081,304.2282,273.2790,274.5867,274.7990,303.2229,302.4180,301.8164,299.1073,278.0333,295.3671,278.8423,304.8969,317.0805,293.7665,295.0475,318.1771,305.8472,291.1017,305.2882,304.3095,274.7617,301.7704,297.4598,300.1750,308.3867,300.0418,306.1882,301.5327,280.0070,300.8955,284.3221,292.8442,299.6347,300.0811,300.4106,300.6610,301.3827,299.0368,299.5283,306.6098,301.5291,302.4675,309.4172,304.2676,299.7224,299.6782,290.8469,268.9753,277.0158,304.6009,302.9292,293.1252,274.6505,283.5153,278.1064,278.3207,278.8884,279.2229,279.8118,279.4491,278.7911,304.7770,279.1806,278.6394,278.2851,274.4347,272.1672,295.9060,297.2581,288.8839,0.0000,293.4782,297.9874,279.2756,278.2116,300.6071,286.5179,286.2562,292.9629,298.3587,298.8909,277.9248,280.1253,307.7212,302.5277,281.8435,281.4729,275.6646,288.3237,298.9281,277.2469,301.2926,303.1796,279.2416,279.8597,272.0801,289.2945,282.5108,307.0525,296.0245,286.4049,286.4554,272.5444,275.8729,286.3893,300.9221,274.9802,283.3158,278.8458,279.5758,279.7944,292.5043,279.2483,280.8326,277.2299,277.2321,303.1299,272.8247,278.1960,276.6890,297.8305,298.7802,314.6812,316.4110,310.1653,274.2716,283.9765,276.0150,280.2982,279.1025,277.2488,276.4079,296.1920,0.0000,291.0555,275.1219,297.5095,298.5642,276.4525,275.6396,305.3754,281.7686,279.2443,292.7828,280.4617,287.9484,280.7785,302.5645,287.1626,307.5442,330.6307,330.4111,303.5852,302.0874,276.4597,300.4373,300.1406,300.2742,287.9787,300.8584,282.0171,289.0795,289.7431,318.9289,328.9971,287.3024,304.9657,306.9618,307.0667,305.7993,302.9077,306.9056,305.6020,307.1245,307.0926,306.7377,301.7335,279.1806,272.1742,276.4095,0.0000,282.6972,278.7335,283.5354,277.3463,277.4849,277.1245,281.7459,286.6319,305.0502,274.5878,286.0582,286.4892,286.5119,281.6575,281.1583,296.8239,279.8527,281.6617,288.4665,287.6493,303.0009,303.2815,305.4862,296.1752,304.1413,296.1532,299.8054,299.7203,275.9318,284.7744
15.0000,308.7313,275.6464,276.0303,276.6302,271.1355,285.0894,283.5000,305.7256,280.7183,309.0490,295.8990,307.3294,278.1689,286.8146,280.4836,276.7812,285.6535,285.2641,287.5106,272.3373,280.0369,275.9530,277.5210,278.8211,288.0717,292.0350,292.7060,290.2970,306.2781,275.2290,276.4720,276.7185,305.3564,307.7737,305.8509,300.7324,279.9979,297.4812,280.6026,309.4538,323.7688,295.3270,296.7034,325.0580,308.1059,291.3628,303.6954,302.6249,274.7617,301.6019,297.3096,300.7812,308.2201,299.2826,306.5484,302.2367,282.0688,300.6817,284.5850,289.8908,298.8229,299.1995,300.0793,300.3482,301.3827,298.6141,299.0886,305.4614,300.7002,301.7292,309.1200,302.9526,297.7147,298.8658,290.8606,270.7094,278.8651,306.6894,304.7877,294.9039,276.6007,285.7202,280.0757,280.2587,280.9652,281.3596,281.9275,281.5027,280.8387,305.4362,280.9352,280.3461,279.9233,275.8715,273.7071,297.3703,298.5502,290.6068,0.0000,295.1884,299.7130,281.1060,279.4213,305.5195,286.7365,286.4977,292.8042,297.6131,298.1109,278.9200,281.9993,307.4099,304.4194,283.8598,283.5151,277.0459,289.8177,302.9924,279.0244,301.9635,301.7737,281.0934,281.7193,273.9778,289.5094,284.2616,308.7783,295.6998,286.6328,286.6834,274.2280,276.2198,288.0769,301.8640,276.8995,285.2611,280.8095,281.5887,281.8321,292.8268,280.6844,282.3387,278.2912,278.2931,301.7070,274.2778,278.7930,277.0374,297.2395,298.3680,313.2285,313.2286,309.7448,276.1725,286.0441,275.0108,284.3284,282.2769,278.8103,278.1278,295.5529,0.0000,291.2650,276.5872,297.3532,298.3824,278.1840,277.3276,307.2266,283.6644,281.0038,292.7652,280.4617,288.2057,280.7776,305.0378,288.8403,313.4473,339.0960,328.5424,305.7192,302.9321,276.9195,300.1774,299.8707,299.6925,288.7796,300.6013,283.9149,291.1708,292.0312,326.0797,337.2494,289.0411,303.7276,305.3912,305.4943,304.2920,300.8862,305.3392,304.3610,305.9696,305.5188,305.1495,299.9241,280.9352,273.7141,278.1299,0.0000,284.1348,280.7438,284.3307,278.3985,278.5292,278.7295,283.8744,287.0794,307.1503,276.4729,286.3262,286.7006,286.7509,282.6661,282.8808,293.4274,282.3803,282.6672,290.1827,287.6493,304.9321,305.2436,307.7250,295.5099,302.9996,295.4083,299.2568,299.2455,277.8015,285.0216
16.0000,311.7823,276.3818,276.8473,277.0111,271.2826,285.8925,284.2808,309.4413,281.4937,313.7433,298.9036,311.5600,280.7468,288.5657,280.7843,276.8619,285.6615,285.7688,284.9897,273.9240,280.2650,275.4660,277.2077,279.0917,289.0673,293.1951,293.9062,292.1989,313.3095,275.9252,277.2024,277.5622,316.2500,310.8868,308.6340,304.3768,280.7759,299.3019,281.3563,312.5725,328.2540,298.0740,299.7091,329.6668,318.9999,289.2261,297.8156,296.6681,274.7617,298.9273,295.2019,298.5549,303.9078,293.9825,303.5485,300.0441,282.5689,297.6812,282.4891,282.0312,293.4491,293.7372,296.6903,296.9999,296.9024,293.8299,294.2578,299.6541,295.3244,296.4391,305.3632,297.2414,290.6291,293.4906,288.8377,271.2659,280.0533,313.7374,310.1877,296.8188,276.9200,286.5565,280.8563,281.0205,281.7430,282.1457,282.7305,282.2988,281.6140,308.8215,281.4118,281.0493,280.6176,276.2310,274.1368,300.0894,301.2081,292.4635,0.0000,298.1421,303.4031,281.8902,279.7576,308.3186,284.2212,284.0394,288.3530,292.3483,292.7668,279.1162,282.5510,303.6503,309.9039,284.3742,284.2401,277.0204,290.5675,305.1532,279.6510,299.7455,295.9733,281.8357,282.4428,274.6430,287.4290,285.6262,313.4009,290.3743,284.5654,284.6157,274.9235,275.9359,289.0673,304.8246,277.6504,286.8772,281.5870,282.3807,282.6523,290.6730,281.4197,283.1122,278.2974,278.2992,295.9189,274.6582,278.3051,276.7533,292.3970,293.6007,317.2199,317.2200,313.4526,276.8945,286.4625,273.7277,285.4472,282.7743,279.3594,278.7240,289.9365,0.0000,288.5479,276.9708,295.2296,296.0390,278.8662,278.1631,312.3293,283.9774,281.4836,291.6531,280.4617,285.6547,280.7205,306.3245,290.6730,317.0209,344.4449,334.1620,316.2409,306.0064,277.0171,297.0913,296.8012,295.2662,288.9853,295.8907,284.6820,292.0900,293.1836,330.5324,342.4599,290.0156,297.7777,299.5222,299.6199,298.4388,294.7136,299.4725,298.5697,300.1442,299.6437,299.3887,293.6842,281.4118,274.1439,278.7260,0.0000,283.3122,281.5200,282.4373,278.3876,278.5435,279.3020,284.3875,284.7182,315.4405,277.2031,283.7687,284.1793,284.2077,281.0571,283.9980,284.9158,282.7617,281.0552,291.4600,287.6493,310.8045,311.4946,318.5595,289.8717,297.0467,289.6783,293.9867,294.2774,279.1351,282.9294
17.0000,316.8533,278.6835,279.1939,279.0915,273.1413,288.7338,286.7839,313.5764,283.9579,317.6601,302.0842,315.0320,283.4030,291.4428,281.1157,277.4334,285.8868,286.2691,285.1688,276.4901,282.7243,278.9061,280.4083,281.0531,292.0381,295.9937,296.6982,295.2667,317.2430,278.1857,279.4858,279.8476,320.2026,315.7756,313.3363,307.8501,283.2269,302.8274,283.7013,317.7370,335.3145,301.6385,302.9135,336.8985,323.0926,289.5379,296.6492,295.5058,274.7617,298.6719,295.0042,299.4111,303.5667,293.4628,304.0456,301.0214,283.6274,297.4860,282.8062,289.1932,292.3803,292.6450,296.3023,296.6332,296.2318,293.0986,293.5582,298.5237,294.2033,295.3020,304.9491,296.0584,290.8170,292.4221,288.8501,273.3282,280.8562,317.7254,313.9266,300.1997,279.0077,287.0734,283.3128,283.4701,284.2358,284.6728,285.2370,284.7887,284.1072,312.8682,283.6764,283.3354,282.8305,278.2165,276.1504,303.7341,304.8653,295.5535,0.0000,301.3041,306.8269,284.3104,281.6733,312.9498,284.4403,284.2547,287.6704,291.3130,291.6974,280.7873,284.8992,303.2395,313.6418,286.7875,286.8578,280.2232,294.1394,309.3014,281.8977,300.7255,294.8049,284.2346,284.9013,276.8615,287.6928,288.3410,317.2470,289.2858,284.8468,284.8971,276.6805,276.4078,292.0381,308.6647,279.9707,289.9054,284.0611,284.8583,285.1622,291.0514,284.4563,286.0260,279.7895,279.7910,294.7578,276.7246,279.1127,277.2261,291.5736,292.8732,322.5782,322.5783,318.2149,279.1723,289.1023,273.6009,286.2327,283.2865,281.4481,280.9112,288.7137,0.0000,288.7659,279.0546,295.0253,295.8162,281.0799,280.3818,316.1483,286.4044,283.7543,291.6884,280.4617,285.8471,280.7223,308.0902,293.6627,322.4797,351.9118,342.0529,320.1762,309.9070,277.7505,296.8132,296.4946,294.5453,289.2872,295.2385,287.2329,294.8009,295.9801,337.1588,349.8144,293.0060,296.7557,298.3454,298.4464,297.2714,293.4390,298.2965,297.4407,299.0133,298.4696,298.2706,292.0403,283.6764,276.1575,280.9135,0.0000,282.6443,283.9852,282.6440,279.8380,279.9704,281.4598,285.2100,284.9313,319.4025,279.4864,283.8878,284.3943,284.3023,280.4000,286.5366,286.0952,283.1596,280.3987,294.5564,287.6493,314.5932,315.3228,322.6270,288.6415,296.0146,288.3731,292.9898,293.4643,281.7928,283.2266
18.0000,319.5004,280.0746,280.6328,280.0289,273.1615,289.9269,287.8383,314.7192,285.3564,319.8351,303.9894,317.2431,286.1358,292.8034,281.7636,277.8310,286.8333,287.2546,285.4756,277.2728,283.7069,279.7338,281.2994,281.9832,293.3389,297.4210,298.1769,296.7610,319.7506,279.5511,280.7790,281.1159,322.8470,318.4132,315.7812,309.8932,284.6170,304.5047,285.0170,320.4393,339.1411,303.3641,304.8639,340.8266,325.8743,290.2464,296.2629,295.1117,275.0971,298.6624,294.9704,300.3860,303.2131,292.7058,304.5195,302.0259,284.7922,297.5084,283.4547,285.7025,292.0574,292.3263,296.2315,296.5795,295.7378,292.8053,293.1646,298.2636,293.8929,295.0047,304.8500,295.7628,288.5936,292.0990,289.3141,274.6699,282.0309,320.2731,316.2166,301.7818,279.8532,288.0710,284.7067,284.8572,285.6273,286.1615,286.6662,286.2054,285.5544,314.5279,285.0532,284.6215,284.1060,279.4053,277.3918,305.3725,306.5234,297.0442,0.0000,303.1804,308.8589,285.6862,282.6472,315.4350,284.7255,284.5592,287.5436,290.9907,291.3704,281.1918,286.3485,303.1141,315.9375,288.3268,287.8035,281.0688,288.8269,311.5018,283.1416,301.7008,294.4476,285.5758,286.2461,278.2353,288.3335,289.7384,319.4281,288.9659,285.4775,285.5279,277.9082,276.9039,293.3389,310.3242,281.2877,291.5305,285.4757,286.2643,286.5947,291.8391,285.5135,287.1588,280.6757,280.6770,294.3926,277.6434,279.7267,277.7237,291.3085,292.5887,324.9484,324.9485,320.2734,280.4829,290.8617,273.9705,286.9687,283.9707,282.6551,282.1132,288.3437,0.0000,289.1468,279.9928,294.9889,295.7716,282.3420,281.8579,318.4289,287.9266,285.1361,291.6451,280.4617,286.1679,280.7201,310.2318,295.1011,325.4411,356.3215,345.9427,322.8194,311.5667,278.1487,296.7937,296.4501,294.3408,289.9557,294.8247,288.2894,296.0638,297.4031,340.8130,354.1305,294.3317,296.5754,297.9615,298.0607,296.9069,293.0161,297.9129,297.1490,298.7536,298.0856,297.9217,291.5168,285.0532,277.3989,282.1155,0.0000,283.5479,285.3844,283.5475,280.7217,280.8578,282.7361,286.3059,285.4170,321.9917,280.7795,284.1731,284.6762,284.5499,281.4110,287.8689,282.6724,283.9409,281.4084,295.9432,287.6493,316.9423,317.7237,325.3866,288.2685,295.8651,287.9751,292.6764,293.1630,282.0329,283.8662
19.0000,322.8067,281.9656,282.5674,281.6518,274.1950,291.6148,289.6098,317.0009,287.3935,322.0422,305.9416,319.0149,288.2459,295.0312,283.2053,279.0508,288.0335,288.6094,286.6305,279.6338,284.9088,279.7033,281.5957,283.4285,295.1682,299.6539,300.4588,298.9633,322.0848,281.4126,282.7082,283.1271,325.1339,321.6829,318.8376,311.9673,286.6339,306.7912,286.9209,323.8079,343.7824,305.6838,306.7433,345.5828,328.2449,291.8181,297.0762,295.9364,276.4806,299.1337,295.3508,302.3006,304.1919,293.3347,305.9104,304.0167,286.2824,298.1416,285.0154,284.6310,292.8865,293.1527,296.8641,297.2122,296.6886,293.6756,294.0190,298.9867,294.6906,295.7811,305.5561,296.4875,288.3345,292.9289,290.6610,276.3916,283.5584,322.6423,318.4334,303.9910,281.7568,289.4043,286.7280,286.8997,287.6938,288.2569,288.7667,288.2703,287.6263,316.8718,286.9885,286.4879,285.9486,281.1536,279.1280,307.8037,308.8256,299.2745,0.0000,305.1603,310.9209,287.5631,284.1726,318.6302,285.8941,285.7498,288.5135,291.8409,292.2047,281.7894,288.3475,303.8143,318.1536,290.4137,289.4734,281.5104,291.2996,314.5640,285.0374,303.6566,295.2413,287.5364,288.2254,280.0571,289.8480,291.8374,321.5671,289.8389,286.9969,287.0475,279.6764,278.3287,295.1705,312.6391,283.2429,293.7044,287.4965,288.3089,288.6516,293.4513,287.1569,288.8224,282.2483,282.2495,295.1876,279.2568,281.1883,279.1527,292.1951,293.4633,328.1224,328.1225,323.0601,282.3956,293.0389,275.2292,288.6627,285.5142,284.4610,283.9704,289.1984,0.0000,290.5957,281.6199,295.3727,296.2142,284.2140,283.7230,320.6417,289.9765,287.0751,291.8009,280.4617,287.3550,280.7281,313.9304,297.3174,328.8179,359.8230,351.0019,325.0926,313.8882,279.2760,297.4064,297.0405,295.0793,291.2869,295.7502,290.0333,298.0730,299.6290,344.3833,357.6625,296.1793,297.4057,298.7676,298.8667,297.7421,293.7652,298.7192,297.9188,299.4779,298.8918,298.7290,292.2815,286.9885,279.1352,283.9729,0.0000,284.5514,287.4225,284.5510,282.3092,282.4665,284.5705,287.7569,286.5232,324.3381,282.7085,285.3081,285.8392,285.6471,282.2894,289.8903,281.4910,285.3483,282.2879,297.8887,287.6493,319.1884,319.9987,327.7416,289.1229,296.7163,288.8200,293.5101,294.0155,284.2369,285.4130
20.0000,322.0284,281.3204,281.9446,280.5443,273.2576,290.3471,288.3205,316.3206,286.2274,321.5630,305.0811,318.4554,287.2378,291.7953,281.8042,277.6746,287.2071,287.7438,285.0287,278.8189,283.6303,278.3024,280.2459,282.1686,293.8739,298.3660,299.1731,296.4327,321.6227,280.7544,281.8257,282.2829,324.7400,320.8743,317.9258,311.2150,285.4541,305.3651,285.6607,323.0648,343.7646,304.6479,305.9216,345.6305,327.9025,290.3382,295.3086,294.1708,274.7617,298.3084,294.7232,300.9317,302.7122,291.4344,304.5983,302.6775,285.6031,297.2646,283.5660,280.9471,291.2575,291.5213,295.8510,296.2135,295.1818,292.0495,292.3806,297.3610,293.0171,294.0882,304.3220,294.6111,285.4392,291.2994,289.1030,275.9082,282.9247,322.2046,317.8602,302.4033,280.5006,288.5550,285.5492,285.7536,286.5712,287.0718,287.5653,287.0957,286.4563,316.0318,285.9219,285.2855,284.8537,280.1532,278.3147,306.6441,307.6560,296.7238,0.0000,304.2993,310.1634,286.3547,282.9623,317.7678,284.2444,284.1471,286.8911,290.2172,290.5768,281.1697,287.2984,302.5990,317.5770,289.3320,288.1841,280.0626,290.6723,313.6023,283.9174,302.3149,293.5569,286.3499,286.9892,279.4712,288.3718,289.4630,321.0744,288.2142,285.5385,285.5888,279.0845,275.9695,293.8785,311.6357,282.3724,291.2038,286.3126,287.1384,287.5169,291.9948,285.9932,287.6027,280.7785,280.7797,293.5004,278.1617,279.3755,277.3262,290.5813,291.8368,327.5228,327.5229,322.3520,281.5673,291.9180,273.8195,287.0649,284.0553,283.3485,282.8638,287.5634,0.0000,288.9773,280.5155,294.7379,295.4993,283.1109,282.6184,320.1376,288.8729,286.0094,291.6009,280.4617,285.7443,280.7178,317.0420,294.4689,328.1933,360.2141,351.0631,324.6982,312.9357,278.0122,296.4931,296.1237,293.7435,292.4353,294.1653,288.7387,296.7670,298.3404,344.1948,357.9615,294.9268,295.7010,297.0021,297.0965,295.9880,292.0669,296.9545,296.2698,297.8496,297.1226,296.9819,290.6009,285.9219,278.3218,282.8664,0.0000,283.4657,286.2562,283.4653,280.8236,280.9928,283.5240,287.0045,285.1138,323.9227,281.8260,283.7409,284.1815,283.9935,281.1796,287.9124,277.8806,284.1587,281.1782,296.5046,287.6493,318.6416,319.4757,327.3909,287.4886,295.0033,287.1846,291.8326,292.3705,283.4146,283.9563
21.0000,319.3226,280.5790,281.1972,279.9252,272.6694,286.4063,284.2258,314.7192,286.0887,320.4193,304.4646,317.0800,286.8613,293.0542,281.7156,277.7603,286.8988,287.4007,284.2000,278.2461,282.2997,278.2296,279.8953,281.1975,289.0267,293.0056,293.7223,296.5980,321.0220,280.0040,281.2871,281.7169,324.1983,317.9875,315.0926,310.4806,285.3275,302.4433,285.5518,320.3893,341.7205,303.4579,305.2718,343.6434,327.4008,290.0494,294.6183,293.4775,274.7617,298.0767,294.5284,300.4868,302.3536,290.7045,304.1482,302.2152,285.0608,296.9261,283.2541,279.0380,290.6539,290.9070,295.4778,295.8436,294.6385,291.4885,291.7967,296.7912,292.3919,293.4588,303.9269,293.8818,284.1434,290.6960,288.8434,275.0235,282.5341,321.6239,317.1203,300.1994,279.8532,288.1841,285.4235,285.5855,286.4585,286.9672,287.4992,286.9927,286.3233,314.7391,285.6708,285.1194,284.5306,279.7094,277.7189,305.2583,306.1503,296.8918,0.0000,303.7020,309.4728,286.2333,281.8895,314.4847,283.6047,283.5361,286.3063,289.6301,289.9781,281.3051,287.0965,302.1938,316.8701,289.2299,284.3634,278.9424,290.1598,309.5109,283.5419,301.8242,292.9289,286.2092,286.8917,278.6805,288.0861,290.1572,319.8936,287.6442,285.2433,285.2936,278.2915,275.9695,278.3026,310.2504,281.8448,292.1119,286.1858,287.0288,287.3982,291.7263,282.1300,283.7071,280.3565,280.3581,292.8764,277.5555,279.1289,277.1950,290.0104,291.2730,326.7133,326.7134,321.3116,280.9775,291.8224,273.2717,287.3614,284.0781,282.9805,282.4297,286.9946,0.0000,286.0029,279.9041,294.5384,295.2576,282.6828,282.1431,319.2178,288.7137,285.7602,291.4708,280.4617,284.6833,280.7111,319.0881,295.1328,325.3912,357.7115,351.2788,324.1545,311.5829,278.1052,296.1490,295.7884,293.2493,293.1521,293.6048,284.7171,292.0274,292.9996,341.5868,355.4473,290.1018,294.9582,296.3118,296.4081,295.3418,291.4344,296.2646,295.6917,297.2788,296.4336,296.2730,289.9524,285.6708,277.7259,282.4323,0.0000,283.1855,286.1188,283.1851,280.4517,280.6523,283.1718,286.5463,284.4663,323.3524,281.2874,282.8816,283.5348,283.1878,281.0251,288.3005,275.9864,283.9697,281.0226,292.4610,287.6493,317.9586,318.8269,326.8824,286.9201,294.2759,286.6164,291.2975,291.8252,282.8844,283.6491
22.0000,319.9138,280.8195,281.4538,279.9405,272.5555,286.2092,284.1162,314.7192,286.2778,320.8149,304.8149,317.4351,287.0997,293.2633,281.7901,277.7559,287.1395,287.6297,284.1474,278.6243,281.8246,276.6071,278.5692,281.0273,288.8961,293.1653,293.9440,296.8181,321.5581,280.2338,281.5062,281.9998,324.7960,318.6978,315.6033,310.8614,285.5143,302.5643,285.7413,320.9976,342.6802,303.7316,305.6332,344.6347,328.0799,290.0507,294.5245,293.3715,274.7617,297.9860,294.4610,300.5685,302.2108,290.4228,304.1599,302.3010,285.2546,296.8583,283.2690,277.4588,290.5576,290.7998,295.3846,295.7558,294.5529,291.3992,291.6901,296.5978,292.3479,293.4563,303.8213,294.2674,283.1958,290.5997,288.8101,275.2608,282.7033,322.1735,317.5663,300.3310,279.8532,288.4732,285.6098,285.7430,286.6180,287.2181,287.6949,287.1946,286.5361,314.9376,285.8668,285.3027,284.7090,279.8871,277.9211,305.4958,306.3772,297.1283,0.0000,304.0392,309.8499,286.4600,281.7944,315.1045,283.5541,283.5011,286.2502,289.5448,289.8880,281.3313,287.3053,302.0875,317.3227,289.4433,283.9576,277.7267,290.4124,309.9567,283.6863,301.9010,292.8001,286.4000,287.0591,278.9125,288.0827,290.3909,320.2829,287.5778,285.2465,285.2969,278.5159,275.9695,278.1761,310.4775,282.0750,292.4785,286.3846,287.2358,287.6298,291.7253,281.9636,283.5234,280.3896,280.3912,292.7491,277.5746,279.1514,277.2067,289.9274,291.1849,327.0791,327.0792,321.6120,281.1991,292.0255,273.7601,287.1152,284.0685,283.1398,282.5646,286.9328,0.0000,286.0049,279.9234,294.4713,295.1910,282.8197,282.2809,319.6366,288.9147,285.9568,291.3449,280.4617,284.6454,280.7046,319.4227,295.3500,326.1600,355.2019,352.4287,324.7532,311.8052,278.1053,296.0715,295.7070,293.1075,293.2589,293.5227,284.5546,292.0137,293.1527,342.5284,353.4404,289.9770,294.7283,296.2032,296.3059,295.1468,291.2991,296.1562,295.5285,297.0830,296.3293,296.1391,289.8404,285.8668,277.9281,282.5672,0.0000,283.4475,286.3083,283.4471,280.5045,280.7225,283.3559,286.7778,284.5149,323.9322,281.5064,282.6912,283.4802,283.1501,281.3628,288.4971,274.5278,284.1052,281.3594,292.4098,287.6493,318.4318,319.3222,327.5487,286.8586,294.1164,286.5542,291.2445,291.7425,283.1804,283.6604
23.0000,320.0519,280.8921,281.5249,280.2393,272.7101,286.5855,284.2348,314.7192,286.5567,318.9287,303.7947,315.3575,287.3854,293.1355,281.7528,277.7379,286.9516,287.5399,283.8133,278.6139,282.7339,279.3318,280.8193,281.4971,289.1494,292.8987,293.6020,296.5596,317.5681,280.3029,281.6825,282.1558,317.3864,318.6186,315.6637,309.3546,285.8049,302.4616,286.0791,321.1624,343.3989,302.7790,304.7076,345.4034,320.6885,289.5851,293.9212,292.7707,274.7617,297.6972,294.2706,300.0830,301.7672,289.9283,303.7513,301.8279,285.2287,296.6747,282.8182,276.1775,290.1638,290.3951,295.1484,295.5162,294.1843,291.0246,291.2909,296.1566,291.9032,292.9948,303.4011,293.6718,282.3226,290.2045,288.3098,275.2608,282.6632,318.1742,315.0003,300.1412,279.8532,288.4432,285.9005,286.0547,286.9074,287.4423,287.9574,287.4831,286.7979,314.3687,286.2324,285.6642,285.0473,280.0799,278.0412,304.6821,305.8195,296.8515,0.0000,302.9977,308.3025,286.8287,282.1412,314.9995,283.3455,283.3062,285.9590,289.1681,289.5066,281.2958,287.6727,301.6820,314.6645,289.8274,284.2680,279.7990,290.1113,309.8051,283.9385,301.4387,292.3140,286.7381,287.4059,278.9526,287.6143,290.4538,318.3659,287.2358,284.7858,284.8361,278.4956,275.9695,278.4201,309.9147,282.2552,292.4641,286.6934,287.5458,287.9672,291.2731,282.3414,283.8994,280.6062,280.6077,292.2619,277.8674,279.1717,277.2161,289.5563,290.8138,326.4201,326.4202,321.0072,281.3495,292.7448,273.6988,287.1114,284.0398,283.3978,282.8156,286.5979,0.0000,285.5678,280.2186,294.2801,294.9829,283.0733,282.4975,317.3340,289.4798,286.3245,291.1927,280.4617,284.2957,280.6968,319.6826,295.1050,326.2749,356.4507,351.8654,317.6596,311.2408,278.0848,295.8684,295.4857,292.8304,293.2861,293.1421,284.7304,291.9290,292.8941,343.0678,354.5784,290.2005,294.1383,295.5909,295.6898,294.5359,290.8063,295.5452,295.0727,296.6354,295.7135,295.5335,289.3846,286.2324,278.0482,282.8181,0.0000,283.0447,286.5875,283.0443,280.6932,280.8704,283.6390,286.7286,284.1419,318.8591,281.6826,282.1967,283.2696,282.8026,280.8490,288.6655,273.3189,284.0472,280.8459,292.5292,287.6493,315.4406,316.0084,320.2048,286.5242,293.5462,286.2182,290.8848,291.3743,283.2216,283.2063
24.0000,321.2154,281.0467,281.7032,280.2273,272.6443,286.8856,284.5087,314.7192,286.5746,318.6256,302.8974,314.9485,287.2198,293.6544,281.7364,277.8029,286.7456,287.4251,283.9091,278.8408,282.6693,278.6308,280.2909,281.5226,289.5720,293.5627,294.3367,296.9697,317.0687,280.4415,281.7509,282.2488,317.3864,319.9754,316.8810,308.6978,285.8099,303.6914,286.0170,322.3144,344.3103,302.1008,303.6144,346.2932,320.7456,289.8708,294.4759,293.3505,274.8326,297.8727,294.4037,300.5997,302.0295,290.2446,304.1754,302.3874,285.1812,296.8750,283.1665,276.2901,290.5434,290.7969,295.3905,295.7630,294.5579,291.3734,291.6420,296.5421,292.2622,293.3170,303.7086,294.0116,282.4867,290.5848,288.5627,275.2608,282.5928,317.6978,314.2547,300.6763,279.8532,288.3237,285.9067,286.0611,286.9576,287.5000,287.9848,287.4996,286.8322,313.8765,286.1119,285.5675,284.8792,279.9970,277.9876,303.9714,305.2417,297.2962,0.0000,302.2549,307.6083,286.7543,282.2162,316.2975,283.5291,283.4916,286.2420,289.5215,289.8730,281.3109,287.5778,301.9876,313.9138,289.7728,284.3072,279.3230,289.8232,310.9766,283.9235,302.0012,292.7557,286.6940,287.3731,279.0386,287.9091,290.6385,318.0460,287.5600,285.1046,285.1549,278.4863,276.6697,278.8225,309.2167,282.3322,292.3736,286.6978,287.5469,287.9735,291.5236,282.6318,284.1943,280.7300,280.7316,292.6994,277.8549,279.5119,277.4883,289.8914,291.1606,325.8957,325.8958,320.4899,281.4348,292.4524,273.3263,287.4243,284.1167,283.3114,282.7894,286.9267,0.0000,285.6045,280.2060,294.4170,295.1487,283.0399,282.4416,316.8205,289.2694,286.2043,291.2330,280.4617,284.3805,280.6989,320.4012,295.6131,327.6942,358.1105,351.5936,317.6190,310.5600,278.1423,296.0827,295.7021,293.1462,293.6063,293.5154,284.9766,292.4071,293.5512,344.6769,356.2482,290.6361,294.8019,296.1463,296.2455,295.0620,291.2336,296.0996,295.4838,297.0241,296.2695,296.1015,289.8278,286.1119,277.9946,282.7921,0.0000,282.5501,286.6054,282.5497,280.8257,281.0057,283.5176,286.6556,284.0401,318.5475,281.7509,282.2414,283.4531,282.9001,280.0980,288.8139,273.3744,283.9919,280.0952,292.9861,287.6493,314.7568,315.3651,320.2463,286.8538,294.1677,286.5440,291.2086,291.7316,283.2408,283.5451
25.0000,318.4870,281.1367,281.8176,279.8786,272.3277,286.0513,283.8141,314.7192,286.2263,318.5593,303.2853,314.7098,286.7363,292.7597,281.5329,277.7560,286.2564,287.0904,283.4666,278.7779,282.2189,278.2606,279.8877,281.1904,288.5969,292.5161,293.2541,296.1694,317.3525,280.5221,281.6460,282.1924,317.3864,317.2939,314.3725,308.9204,285.4493,301.7987,285.6117,319.5331,340.4415,302.3380,304.1746,342.3263,320.7074,289.2683,294.0666,292.9695,274.7617,297.4800,294.0700,299.6962,301.4874,289.6824,303.3224,301.4397,284.9701,296.3966,282.5901,275.6641,290.1038,290.3633,294.9510,295.3249,294.0231,290.8804,291.1034,296.1449,291.7672,292.7764,303.2774,293.5399,281.8581,290.1448,288.1559,275.4783,282.5414,318.0123,314.5063,299.5909,279.8532,287.9819,285.5459,285.7060,286.6096,287.1481,287.6393,287.1451,286.4779,314.1013,285.7688,285.1757,284.5603,279.8018,277.9387,304.1637,305.3286,296.4690,0.0000,302.5295,307.8804,286.3310,281.9268,313.8797,283.1486,283.1385,285.8441,289.0850,289.4354,281.3838,287.2227,301.5393,314.1918,289.3347,283.7013,278.8972,288.8215,309.0838,283.6455,301.0286,292.3212,286.3120,286.9598,279.1635,287.3505,289.9940,317.9521,287.1453,284.5459,284.5961,278.6008,276.5290,277.8888,309.5143,282.2287,291.8405,286.3184,287.1821,287.6008,290.8682,281.7552,283.3450,280.4640,280.4655,292.2654,277.3287,279.3167,277.3469,289.4419,290.6720,326.2361,326.2361,320.7651,281.3747,291.9597,273.1552,287.2477,283.9138,283.0496,282.5293,286.5154,0.0000,285.1685,279.8570,294.0889,294.8133,282.7667,282.1668,316.8976,288.8449,285.8603,290.7291,280.4617,283.9352,280.6728,318.3465,294.7715,324.7495,354.2268,351.5380,317.5935,310.8754,278.1131,295.6393,295.2757,292.6999,293.0179,292.9701,284.2834,291.5275,292.5079,341.3033,352.4360,289.6044,294.4034,295.7226,295.8207,294.6320,290.7911,295.6761,295.0680,296.6263,295.8450,295.6758,289.3980,285.7688,277.9458,282.5320,0.0000,281.7718,286.2569,281.7713,280.5696,280.7766,283.2444,286.3541,283.4608,318.7394,281.6461,281.7232,283.0717,282.5068,279.1226,288.2311,272.7991,283.7365,279.1199,291.9773,287.6493,315.0337,315.6518,320.2101,286.4438,293.7244,286.1311,290.7646,291.2509,282.9428,282.9786
26.0000,318.4198,280.7226,281.3869,279.8183,272.4099,285.9472,283.7350,314.1742,286.1019,317.9581,302.9913,314.1803,286.4426,293.2564,281.2976,277.7440,285.4882,286.3980,283.1423,278.4036,282.1021,278.1329,279.7670,281.0725,288.5027,292.4084,293.1275,296.4373,317.0903,280.1142,281.4077,281.9202,317.3864,317.1782,314.2815,308.5088,285.3220,301.7365,285.4867,319.4703,340.4685,302.0911,303.8836,342.3613,320.6375,288.9305,293.4738,292.3713,274.7617,297.2451,293.9005,299.1395,301.1156,289.4316,302.8779,300.8482,284.3435,296.0664,282.2599,276.0309,289.7153,289.9722,294.6336,294.9983,293.6542,290.5269,290.7517,295.6509,291.3645,292.3779,302.9758,293.1769,282.0361,289.7566,287.9477,274.9544,281.9258,317.7449,314.1418,299.5477,280.4017,287.1602,285.4177,285.5674,286.4850,287.0209,287.5123,287.0146,286.3448,313.5828,285.5552,285.0314,284.3819,279.5535,277.5927,303.9077,305.0545,296.7452,0.0000,302.2283,307.5088,286.1735,281.7741,313.7250,282.8755,282.8665,285.5173,288.7137,289.0538,281.3649,287.0132,301.2386,313.8465,289.1330,283.6831,278.7446,288.5260,308.8480,283.5593,300.4317,291.8423,286.1632,286.8178,278.7016,287.0422,290.1971,317.3621,286.7940,284.2340,284.2841,278.0383,276.5417,277.7995,309.0809,281.9912,291.9950,286.1791,287.0447,287.4595,290.5056,281.6303,283.2329,280.3373,280.3387,291.7787,277.3287,279.2230,277.2983,289.0875,290.3188,325.4397,325.4398,320.0645,281.0954,291.6703,273.7973,286.9603,283.7597,282.8798,282.4527,286.1635,0.0000,284.8642,279.7980,293.9172,294.6084,282.6814,282.0704,316.3995,288.5992,285.6457,290.7516,280.4617,283.6128,280.6740,315.3998,295.1420,324.6219,353.5426,349.8570,317.5631,310.4052,278.1000,295.3256,294.9804,292.3464,291.8689,292.6010,284.2059,291.4342,292.4010,341.0094,351.8078,289.5238,294.0107,295.1238,295.2174,294.0852,290.2969,295.0786,294.5642,296.1315,295.2428,295.0736,288.9369,285.5553,277.5998,282.4555,0.0000,280.9884,286.1324,280.9879,280.4422,280.6493,283.0336,285.7003,282.9860,318.5493,281.4078,281.3581,282.7986,282.2269,278.2384,288.3318,273.1885,283.3206,278.2353,291.8985,287.6493,314.7077,315.3512,320.1465,286.0932,293.3560,285.7774,290.3713,290.8916,282.6322,282.6559
27.0000,318.8355,280.8231,281.4895,279.7511,272.4289,285.9812,283.7381,313.4169,285.8832,317.0905,302.4946,313.1783,286.3549,293.0420,281.1352,277.7099,285.2482,286.2228,283.0552,278.3959,282.1486,278.3733,279.9242,281.0778,288.5193,292.3980,293.1267,296.2047,316.7645,280.2203,281.3186,281.8240,317.3864,317.4261,314.5441,307.9434,285.1081,301.6918,285.2968,319.9236,341.6990,301.6721,303.3351,343.6619,320.6013,288.9431,293.2108,292.0317,274.7617,297.3508,293.9824,298.9788,301.4137,289.8153,302.7643,300.6568,284.2930,296.1463,282.2203,277.5305,289.7551,289.9764,294.6963,295.0474,293.8964,290.6755,290.9769,295.6235,291.5224,292.6580,303.0895,293.2774,283.0275,289.7964,287.9958,275.2029,281.9425,317.4251,313.6428,299.3931,279.8532,286.9415,285.2033,285.3566,286.2547,286.7804,287.2987,286.7933,286.1175,312.9655,285.3632,284.8478,284.2272,279.4852,277.6360,303.5712,304.6644,296.5112,0.0000,301.7604,306.9812,285.9787,281.7967,313.8919,282.8205,282.8295,285.5729,288.7904,289.1097,281.3605,286.7939,301.3652,313.3781,288.9013,283.6752,279.1105,288.7207,308.8590,283.3694,300.2671,291.7727,285.9500,286.5674,278.8698,287.0516,290.0239,316.4729,286.8921,284.2226,284.2728,278.2090,276.4257,277.8155,308.5938,281.8885,291.9408,285.9696,286.8216,287.2207,290.5464,281.7117,283.2862,280.2476,280.2492,291.7096,277.3287,279.1387,277.2435,289.1926,290.4609,324.7396,324.7397,319.3904,281.0536,291.2758,274.1748,286.1871,283.3590,282.7469,282.2703,286.2719,0.0000,284.6497,279.7291,293.9964,294.6858,282.5030,281.9303,315.7390,288.2927,285.4520,290.9384,280.4617,283.4992,280.6837,313.3178,294.9157,324.9713,354.3849,348.7273,317.5272,309.8827,278.0704,295.3939,295.0506,292.4012,290.9254,292.8352,284.2205,291.4372,292.3929,341.6134,352.6047,289.5380,293.7209,294.8790,294.9735,293.9161,290.2191,294.8352,294.5237,296.1040,294.9977,294.7462,288.8624,285.3632,277.6431,282.2730,0.0000,280.7045,285.9136,280.7041,280.3445,280.5503,282.9021,285.5897,282.8452,318.3083,281.3188,281.2596,282.7415,282.1952,277.8901,288.1328,274.5870,283.1531,277.8876,291.8633,287.6493,314.2729,314.9578,320.1104,286.2038,293.0666,285.8842,290.4940,291.0286,282.6214,282.6243
28.0000,319.0911,280.3226,280.9701,279.6276,272.4622,285.8799,283.6077,313.3298,285.6579,316.8613,302.3325,312.9186,286.2276,292.8554,280.8540,277.7124,284.5862,285.6365,282.9828,277.9679,281.9894,278.1366,279.7208,280.9114,288.4417,292.3806,293.1246,296.0287,316.5967,279.7244,280.9895,281.4809,317.3864,317.6391,314.7236,307.7719,284.8833,301.6426,285.0715,320.1994,342.3929,301.5767,303.1901,344.3936,320.5593,289.2368,293.8779,292.7213,274.7617,297.6016,294.1646,299.4026,301.7947,290.3384,303.1288,301.0884,283.6871,296.4507,282.5150,279.3994,290.1020,290.3434,294.9859,295.3373,294.2505,290.9667,291.3048,296.0012,291.8792,292.9905,303.3299,293.7042,284.2817,290.1450,288.2284,274.5654,281.3553,317.2425,313.4588,299.3043,279.8532,286.3227,284.9784,285.1281,286.0242,286.5462,287.0684,286.5663,285.8857,312.8583,285.0959,284.6178,283.9779,279.1793,277.2125,303.4834,304.5781,296.3170,0.0000,301.5872,306.8096,285.7744,281.6047,314.0444,282.7515,282.7647,285.7467,289.1131,289.4415,281.3528,286.5327,301.6207,313.2010,288.6580,283.5377,278.8503,288.7179,308.8927,283.1543,300.7098,292.2326,285.7237,286.3540,278.3196,287.3336,289.8313,316.2392,287.1820,284.5078,284.5580,277.5839,275.9695,277.7408,308.4934,281.5602,291.7936,285.7469,286.5950,286.9968,290.8487,281.6086,283.1839,279.9931,279.9947,292.1715,277.3287,278.8642,277.0566,289.4836,290.7464,324.7943,324.7944,319.3751,280.6842,291.0214,274.1003,285.7078,282.9799,282.4920,282.0582,286.5702,0.0000,284.6530,279.6063,294.1774,294.8816,282.2963,281.7357,315.5231,288.0232,285.1848,291.1093,280.4617,283.4627,280.6925,313.7286,294.7348,325.2583,355.0054,349.1341,317.5077,309.7791,278.0714,295.6801,295.3228,292.7254,291.1204,293.1725,284.0911,291.3627,292.3735,342.1149,353.2092,289.4885,294.3302,295.5493,295.6409,294.5299,290.6716,295.5036,294.9315,296.4823,295.6670,295.5100,289.2948,285.0959,277.2196,282.0609,0.0000,280.0488,285.6882,280.0484,280.0834,280.2930,282.6301,284.9885,282.6166,318.1860,280.9896,281.1842,282.6684,282.1530,277.1076,287.9216,276.4063,282.7513,277.1052,291.7824,287.6493,314.0977,314.7851,320.0720,286.5043,293.6709,286.1828,290.8100,291.3195,282.3542,282.9148
29.0000,324.2133,281.2947,281.9551,280.3978,272.8835,290.7117,288.3766,314.7192,286.5453,318.2994,303.6953,314.3521,287.3887,293.5298,281.1599,277.7111,285.2643,286.2868,283.6629,278.8532,283.8900,278.9702,280.8194,282.2394,294.3076,298.8444,299.7115,297.4911,317.4341,280.6878,281.8957,282.4583,317.3864,322.8556,319.7450,309.1583,285.7711,305.9926,285.9149,325.3450,348.0124,303.7597,304.6503,350.0557,320.6458,290.3660,295.1845,294.0424,274.7617,298.3007,294.6888,300.8653,302.9910,291.7972,304.5523,302.6012,284.4476,297.2587,283.6076,282.7555,291.2308,291.4831,295.8262,296.1674,295.4766,292.1283,292.5221,297.2993,293.0047,294.0968,304.3355,294.9284,286.6985,291.2743,289.1603,275.4254,282.0808,318.0971,314.5741,302.8310,279.8532,286.9816,285.8696,286.0290,286.9193,287.4554,287.9575,287.4608,286.7925,314.6267,286.0203,285.4465,284.8153,279.9959,278.0423,305.8767,307.1081,297.7655,0.0000,302.8827,308.1342,286.6933,283.0271,319.5401,283.4493,283.4818,286.7242,290.2319,290.5612,281.2559,287.5014,302.6119,314.2927,289.7009,287.9724,280.5725,290.4282,314.9703,283.9325,302.2262,293.4473,286.5948,287.2268,279.2580,288.4115,290.6187,317.6769,288.2769,285.5812,285.6316,278.4085,275.9696,294.3145,310.6918,282.4845,292.7272,286.6616,287.4898,287.9142,292.0240,286.3892,287.9798,280.6999,280.7013,293.3889,277.7363,279.2384,277.2551,290.5923,291.8987,326.1283,326.1284,320.8940,281.6041,292.0984,274.0579,286.1220,283.3219,283.2859,282.8061,287.6817,0.0000,285.3020,280.3647,294.7057,295.4864,283.0696,282.5184,316.8010,289.0165,286.1121,291.3952,280.4617,284.1062,280.7072,315.8159,295.8422,330.6369,357.5947,350.1546,317.5880,311.8587,278.0560,296.4769,296.1040,293.7411,291.9305,294.4107,288.7978,297.0161,298.8129,347.8281,356.2370,295.4109,295.5312,296.8583,296.9539,295.8120,291.8812,296.8115,296.2122,297.7847,296.9793,296.8008,290.4847,286.0203,278.0494,282.8089,0.0000,280.7388,286.5759,280.7384,280.7328,280.9023,283.4822,285.7136,283.2883,318.7793,281.8957,281.8825,283.3586,282.8568,277.8087,288.7038,279.6120,283.1934,277.8065,296.9368,287.6493,315.1270,315.7471,320.1575,287.6170,294.8633,287.2945,291.9942,292.5024,283.4581,283.9982
30.0000,320.0178,281.1704,281.8245,280.0396,272.6893,286.4708,284.1444,314.5218,286.3227,317.9318,303.1170,313.9387,286.8795,292.8947,281.3449,277.7271,285.4344,286.4868,283.8165,278.8168,282.4363,278.4386,280.0818,281.3389,289.0710,293.1316,293.9116,296.3164,317.0562,280.5688,281.7454,282.3325,317.3864,318.5312,315.5838,308.6434,285.5499,302.3248,285.6998,321.1409,343.6379,302.4838,303.9870,345.6658,320.6594,290.6200,295.7128,294.5471,274.7617,298.5841,294.9217,301.1574,303.5678,292.7150,304.8825,302.8776,284.5886,297.5681,283.8521,285.8180,291.7299,291.9746,296.1746,296.5118,296.1321,292.6611,293.1215,297.7366,293.5651,294.7023,304.7133,295.6063,288.8630,291.7679,289.3637,275.4896,282.2910,317.6960,314.1639,299.9377,279.8532,287.2267,285.6480,285.8178,286.6956,287.2302,287.7138,287.2337,286.5739,313.9427,285.8511,285.2503,284.6312,279.8896,277.9965,304.3668,305.4527,296.6483,0.0000,302.3669,307.6303,286.4776,282.0725,314.9660,283.5495,283.5969,287.1164,290.7382,291.0616,281.3006,287.3161,303.0121,313.8736,289.4693,283.9916,279.1232,292.1765,309.8780,283.7350,302.4830,293.9507,286.3955,287.0314,279.2117,288.6531,290.1482,317.3019,288.7927,285.8216,285.8720,278.5144,275.9695,278.3468,309.4801,282.3326,292.1561,286.4418,287.2716,287.7052,292.2979,282.2505,283.7950,280.4538,280.4553,293.8945,277.5142,279.1952,277.2320,291.0839,292.4231,326.1666,326.1667,320.5947,281.4613,291.9456,273.8171,286.7413,283.6790,283.1186,282.6152,288.2283,0.0000,285.6192,280.0181,294.9385,295.7402,282.8600,282.2529,316.4121,288.8690,285.9428,291.5614,280.4617,284.3200,280.7158,318.0345,294.9089,326.0185,355.3637,351.7449,317.5463,310.7980,278.0762,296.7923,296.4244,294.1751,292.8464,295.0346,284.6224,292.0218,293.1210,342.2068,353.5428,290.1726,295.9757,297.3951,297.4903,296.3225,292.3928,297.3479,296.6757,298.2227,297.5159,297.3432,291.0098,285.8511,278.0036,282.6179,0.0000,280.8325,286.3531,280.8321,280.5466,280.7543,283.3269,285.8802,283.4137,318.4799,281.7454,282.0254,283.4497,283.0084,277.8567,288.3361,282.7044,283.3843,277.8546,292.4130,287.6493,314.7190,315.3474,320.1622,288.1668,295.3051,287.8472,292.5517,293.0479,283.6159,284.2404
31.0000,320.2425,280.8494,281.4831,279.9684,272.6675,286.3674,283.9722,313.6709,286.2405,317.4835,302.9249,313.5858,286.9459,292.7960,281.5506,277.7555,285.4572,286.4546,284.1216,278.5729,282.3450,278.3250,279.9800,281.2515,288.9804,293.0905,293.9113,296.1899,316.8989,280.2590,281.5714,282.1371,317.3864,318.7632,315.7604,308.4019,285.4643,302.2743,285.6112,321.3759,344.0871,302.3040,303.7875,346.1344,320.6251,290.9540,296.6675,295.4373,274.7617,299.0716,295.2747,301.5033,304.5495,294.0068,305.4451,303.2382,284.4389,298.1072,284.1708,289.3018,292.6933,292.9319,296.7831,297.1165,297.2927,293.5711,294.1047,298.7438,294.7093,295.9786,305.4096,296.9852,291.3560,292.7353,289.6822,275.1074,282.0287,317.5343,313.9287,299.8272,280.0596,287.1763,285.5618,285.7110,286.6260,287.1699,287.6066,287.1389,286.4926,313.4351,285.7110,285.1602,284.5186,279.7603,277.7767,304.1962,305.2326,296.5025,0.0000,302.1732,307.4038,286.3860,281.9612,315.1690,283.8624,283.9130,287.8608,291.6886,292.0252,281.3056,287.1620,303.7108,313.6552,289.3036,283.6897,278.9916,291.4467,310.0380,283.6698,302.8458,294.9327,286.3027,286.9527,278.8715,288.9790,290.0652,316.8689,289.7285,286.1422,286.1927,278.1643,275.9695,278.2647,309.1573,282.1603,292.1172,286.3493,287.1763,287.6152,292.6401,282.1217,283.6814,280.4224,280.4245,294.8703,277.4438,279.2369,277.2544,291.9696,293.3249,325.4648,325.4649,319.9803,281.2545,291.8027,273.1768,287.2682,283.9395,283.0163,282.5543,289.2099,0.0000,285.8093,279.9471,295.2966,296.1583,282.8026,282.2331,316.0616,288.7222,285.8026,291.5722,280.4617,284.5807,280.7163,319.5294,294.7948,326.3544,359.2816,351.3519,317.5402,310.4298,278.1012,297.3452,296.9760,294.9599,293.3357,296.0814,284.4454,291.9111,293.0780,343.0075,357.0349,290.0795,296.9466,298.3658,298.4633,297.2745,293.3930,298.3185,297.6647,299.2315,298.4884,298.3083,292.0118,285.7110,277.7838,282.5570,0.0000,281.0020,286.2706,281.0016,280.5194,280.7256,283.2016,285.7781,283.7089,318.3894,281.5713,282.3641,283.7555,283.3569,278.0573,288.2438,286.2981,283.4960,278.0552,292.3163,287.6493,314.5145,315.1628,320.1324,289.1534,296.2857,288.8385,293.5115,293.9719,283.3628,284.5596
32.0000,320.0938,280.7678,281.3931,279.9158,272.6364,286.3671,284.0000,314.4910,286.2111,317.7646,303.0013,313.7707,286.8277,292.8518,281.6790,277.7443,285.8371,286.7057,284.9436,278.3631,282.3292,278.3092,279.9579,281.2373,288.9749,293.0515,293.8643,296.2632,316.9076,280.1825,281.5094,282.0512,317.3864,318.6762,315.6706,308.4988,285.4479,302.2943,285.6414,321.2129,343.6263,302.4956,303.8621,345.6468,320.6539,291.8732,298.4975,297.2275,274.7617,299.9011,295.9056,302.7387,306.1709,296.1557,306.7614,304.5586,284.5878,299.1362,285.0957,294.8770,294.4500,294.6978,297.9053,298.2284,299.1815,295.1718,295.7755,300.5387,296.6253,297.9969,306.6230,299.3752,295.3653,294.4996,290.4413,275.0276,282.0559,317.5295,314.0063,299.9089,279.8532,287.4540,285.5454,285.7110,286.5676,287.0902,287.5936,287.1206,286.4488,313.9467,285.7591,285.1955,284.5423,279.8245,277.7894,304.4373,305.4916,296.6103,0.0000,302.2421,307.4879,286.4471,281.9425,315.0779,284.6577,284.6967,289.2736,293.4094,293.7777,281.3127,287.2007,304.9334,313.7206,289.3570,283.7534,279.0063,291.4392,309.9314,283.6353,304.2044,296.7569,286.3211,286.9902,278.7952,289.8614,290.1225,317.1345,291.4212,287.0336,287.0842,278.1318,275.9695,278.2616,309.5354,282.0972,292.2247,286.3485,287.1672,287.5951,293.5745,282.1553,283.6954,280.5115,280.5136,296.6860,277.3287,279.4002,277.3404,293.5664,294.9174,326.0994,326.0995,320.5651,281.1890,291.8280,273.0619,287.6259,284.1603,283.0393,282.5187,290.9750,0.0000,286.7624,279.8936,295.9375,296.9092,282.7633,282.1743,316.2081,288.7729,285.8503,291.6974,280.4617,285.4273,280.7228,319.2806,294.8591,326.3424,359.6703,351.6019,317.5416,310.8471,278.0927,298.3839,297.9939,296.4084,293.2972,297.8268,284.4737,291.9063,293.0407,343.1593,357.3850,290.0408,298.7681,300.1995,300.2965,299.0891,295.2752,300.1517,299.4749,301.0294,300.3205,300.1555,294.0144,285.7591,277.7965,282.5214,0.0000,281.5819,286.2414,281.5815,280.6157,280.8151,283.2396,285.9729,284.4484,318.3892,281.5094,283.2440,284.5465,284.1921,278.6836,288.2834,291.8123,283.6729,278.6806,292.3373,287.6493,314.5667,315.1977,320.1569,290.9264,298.1129,290.6182,295.1954,295.5963,283.2453,285.4732
33.0000,319.2879,280.9796,281.5837,280.2178,272.8132,286.2698,283.9641,314.1079,286.7772,317.1222,302.9040,313.2018,286.9705,292.7904,281.5414,277.7523,286.1595,286.8936,286.5891,278.6075,282.4063,278.2548,279.9800,281.3967,288.8238,292.8788,293.6775,296.0264,316.3969,280.4076,281.8614,282.3917,317.3864,317.9233,314.9739,308.1621,286.0307,301.9408,286.2782,320.3784,342.2016,301.9920,303.7793,344.1689,320.6000,292.9333,302.0814,300.7852,274.7617,301.3319,297.0994,303.9815,308.2354,298.8255,308.4242,305.8586,284.8061,300.9789,286.2274,289.5977,297.7860,298.0875,299.9523,300.2583,301.3828,298.0176,298.5791,304.0177,300.1235,301.5645,308.6161,302.8437,297.5097,297.8341,291.4774,275.2608,282.3846,316.9763,313.4496,299.5868,279.8532,287.6135,286.1292,286.3277,287.1401,287.6714,288.1443,287.6972,287.0476,313.4993,286.4711,285.8747,285.2093,280.4188,278.2545,303.8976,305.0421,296.3170,0.0000,302.1412,307.1703,287.0150,282.0662,314.4358,286.3662,286.3738,292.1115,296.6701,297.1004,281.2720,287.8856,306.9597,313.1879,290.0649,283.7429,278.6965,292.7415,309.5050,284.1129,305.5112,300.2864,286.9654,287.6599,279.0153,290.9152,290.3525,316.5033,294.7604,288.1121,288.1630,278.3870,275.9696,278.1161,309.0665,282.4435,292.3582,286.9399,287.7685,288.2172,294.5721,282.0585,283.5989,280.9964,280.9985,300.1931,277.5715,279.8645,277.5838,296.5166,297.7631,325.5294,325.5295,320.0636,281.5103,292.7848,273.3538,287.2854,283.9714,283.6096,282.9765,294.5170,0.0000,288.4418,280.1984,297.1423,298.2445,283.2111,282.5279,315.5655,289.6615,286.5629,292.2487,280.4617,287.0744,280.7511,318.2045,294.6353,325.3951,357.8882,350.7239,317.4836,310.3791,278.0936,300.2623,299.8335,299.1094,292.8977,300.4276,284.4230,291.7741,292.8688,341.7646,355.6674,289.8880,302.3796,303.8150,303.9070,302.6480,298.9291,303.7656,302.9686,304.5110,303.9340,303.7658,298.1734,286.4712,278.2616,282.9789,0.0000,282.2604,286.8079,282.2601,281.1234,281.2998,283.8711,286.1743,285.7927,318.0029,281.8614,284.9170,286.2543,285.8647,279.3283,288.6663,292.9281,283.6640,279.3261,292.1342,287.6493,314.0386,314.6728,320.1023,294.4860,301.6864,294.2247,298.4048,298.5658,283.6753,286.5950
34.0000,315.1576,280.8932,281.4952,279.9530,272.5816,282.8760,280.5734,312.9959,286.6699,316.2325,302.1507,312.3732,286.6516,291.3967,281.3761,277.9042,285.7338,286.2614,287.3575,278.5941,281.2923,277.8458,279.4199,280.7595,284.4061,288.1772,288.9220,294.0327,315.8884,280.3237,281.7911,282.3441,317.3864,313.7124,310.9590,307.3745,285.9155,298.5334,286.1201,316.2183,337.4348,300.6008,302.9389,339.3473,320.5748,293.9241,304.5175,303.2452,274.9637,302.2573,297.8103,305.1622,309.3366,300.9347,309.7169,307.0660,284.3505,302.0989,287.1798,295.5016,299.6499,300.0036,301.1721,301.4749,302.1932,299.5255,300.1477,306.3300,302.0943,303.5391,309.8721,304.9725,301.7287,299.7066,292.3263,275.2608,282.0260,316.4505,312.7882,296.6978,279.8532,286.9450,286.0147,286.2421,287.0409,287.5790,288.0316,287.5869,286.9592,312.2577,286.4136,285.7526,285.0997,280.4033,278.2401,302.2837,303.2059,293.7073,0.0000,301.4508,306.4252,286.9041,281.3869,310.1327,287.1566,287.1473,293.2559,298.4426,298.9232,281.3253,287.8160,308.2370,312.5426,289.9938,280.5087,277.5184,293.1295,305.0205,284.0320,306.7076,302.6861,286.8464,287.5298,278.9645,291.8656,289.4397,315.6235,296.0501,289.0545,289.1055,278.2605,276.5792,263.2272,307.5223,282.3772,291.1412,286.8362,287.6557,288.1073,295.6065,279.3516,280.6316,281.0506,281.0530,302.6056,277.3287,280.2807,277.9373,298.1431,299.2585,324.3164,324.3165,318.8513,281.4367,292.7489,273.7425,286.9909,283.7796,283.5441,282.8966,296.1035,0.0000,289.1911,279.9416,297.8611,299.0629,283.1231,282.3903,314.7857,289.6327,286.5057,292.5018,280.4617,287.8437,280.7641,318.3193,292.8986,320.8890,352.1601,348.9804,317.4317,308.9267,278.2309,301.3908,300.9421,300.6595,292.9823,301.7658,281.0710,287.7446,288.1866,336.6716,350.0414,285.4489,304.4572,306.2656,306.3631,305.1214,301.8744,306.2127,305.3412,306.8329,306.3896,306.1735,300.9654,286.4136,278.2472,282.8990,0.0000,282.2549,286.7006,282.2547,281.2388,281.4425,283.8006,285.6242,286.3099,317.6372,281.7911,285.7427,287.0440,286.6696,279.3637,288.0582,298.8395,283.3140,279.3614,288.1782,287.6493,313.4264,314.0992,320.0728,296.0909,303.7116,295.9349,299.9776,300.1068,283.6603,287.5420
35.0000,317.9945,281.0255,281.6285,280.3255,272.9723,286.3427,284.1117,314.0253,286.7818,317.1423,303.0226,313.3694,286.6130,292.3406,278.1454,278.1107,282.6058,282.3948,288.7534,278.7722,282.5300,278.2510,279.9799,281.5984,288.8659,293.1254,293.9507,295.5468,316.5811,280.4553,281.9238,282.4852,317.3864,316.6200,313.8889,308.3569,286.0180,301.7063,286.1872,319.0335,339.7955,301.9087,303.9208,341.6670,320.5971,296.0147,308.8587,307.6133,275.2385,304.0864,299.3819,307.7891,310.3134,304.2677,312.3325,309.7258,281.8042,304.5547,289.2969,300.4888,303.4660,303.8722,303.7872,304.1280,302.1932,302.6466,303.1933,310.7356,306.0082,307.4515,312.1330,308.7214,306.1059,303.5245,294.1204,275.2608,280.0943,317.1592,313.6917,299.3525,279.8532,283.0432,286.1175,286.3281,287.1606,287.7029,288.1498,287.6935,287.0649,313.3744,286.4238,285.7824,285.1104,280.6077,278.3708,303.6828,304.8741,295.2651,0.0000,302.2553,307.3689,286.9280,282.2786,313.4970,288.8248,288.8087,296.3113,302.1335,302.7091,281.2354,287.8026,310.6337,313.4363,289.8892,283.8333,278.8952,292.9925,309.3074,284.1574,309.2786,307.0580,286.9204,287.6489,279.0370,293.8805,290.0093,316.5465,299.7320,291.0906,291.1419,277.6007,276.6596,278.1661,308.9514,282.5110,291.7964,286.9169,287.7504,288.1926,297.7114,282.1082,283.6618,281.4485,281.4508,306.9902,277.6759,280.7588,278.3042,301.4491,302.3790,324.2314,324.2315,319.3293,281.5691,292.6261,274.5612,283.1404,280.4138,283.6560,283.0190,299.9780,0.0000,290.6939,280.3038,299.4382,300.7718,283.2345,282.5217,315.6671,289.5709,286.5151,293.3660,280.4617,289.2593,280.8084,320.9286,294.2375,323.1533,351.1099,348.3494,317.5004,310.2698,278.3936,303.8403,303.3217,303.8720,293.8243,303.8465,284.5776,292.0566,293.1149,337.4903,349.3051,289.9170,308.5364,310.6152,310.7069,309.5629,306.7976,310.5592,309.8117,311.2526,310.7367,310.4841,305.5237,286.4238,278.3780,283.0215,0.0000,280.5609,286.8124,280.5610,281.5976,281.7823,283.8846,282.4881,286.7258,318.1038,281.9237,287.1600,288.7139,288.0665,277.7157,288.4449,304.1169,279.8317,277.7139,292.0923,287.6493,314.2692,314.8965,320.1026,299.9754,307.7531,299.9278,303.5071,303.3642,283.7370,289.6363
36.0000,317.7512,280.5668,281.0935,280.4238,273.0729,286.1225,283.9336,312.7486,286.6453,315.6324,301.8717,311.9542,286.2352,292.1427,277.6452,277.8908,281.9283,281.4435,289.3960,277.5653,282.3887,278.3800,279.9799,281.4384,288.5831,292.7358,293.5340,295.0839,315.2419,280.1491,281.7311,282.1975,316.8835,316.2672,313.5849,307.2349,285.8709,301.2502,286.0363,318.8070,339.9155,300.9006,302.6078,341.8183,320.0581,295.6676,310.5909,309.4075,274.7618,305.1427,300.3256,305.2680,310.7181,305.8074,312.7407,307.9921,281.0651,306.2433,288.7684,303.5699,304.9850,305.4190,305.3310,305.7753,302.1932,303.9332,304.5212,312.4437,307.4766,308.8523,313.0953,310.4406,308.4988,305.0449,294.0507,275.0846,279.7878,315.7058,312.4206,298.8160,279.8532,281.8380,285.9683,286.1567,287.0348,287.5803,288.0287,287.5664,286.9196,312.2058,286.6185,285.6383,284.9979,280.5819,278.2937,302.7182,303.9632,294.7072,0.0000,301.3386,306.1600,286.7615,282.0563,313.3357,289.4655,289.4272,297.5112,303.5941,304.2120,281.2122,288.0090,311.6834,312.1286,290.2048,283.7495,279.2314,291.3201,309.5284,284.0457,307.7704,308.7563,286.7895,287.5066,278.7688,293.5512,289.8004,315.0500,301.1835,290.6748,290.7261,277.8394,275.9695,277.8923,307.8985,282.3363,291.4602,286.7530,287.6245,288.0684,297.6222,282.0281,283.5009,281.2759,281.2785,308.6919,278.0547,280.5284,277.9395,302.7683,303.6624,322.7155,322.7156,317.9900,281.3490,293.6574,273.8344,283.4890,280.2902,283.5610,282.9135,301.5073,0.0000,291.4569,280.4075,300.3742,301.7479,283.1142,282.4878,314.2838,290.2515,286.7158,293.7431,280.4617,289.9247,280.8277,326.4721,293.8955,322.4734,343.0158,347.0670,316.9130,309.1776,278.2030,305.4071,304.7760,305.3926,295.6689,304.8609,284.4171,291.7791,292.7290,335.7994,342.0985,289.5804,310.1244,312.3074,312.3999,311.2195,308.6838,312.2508,311.5590,312.9635,312.4298,312.1579,307.3250,286.6185,278.3009,282.9160,0.0000,280.3065,286.6761,280.3067,281.4246,281.6137,283.8398,281.6370,287.1382,317.0168,281.7310,287.8989,289.3606,288.7253,277.4631,288.2768,306.9836,279.1529,277.4615,291.7326,287.6493,312.9522,313.5951,319.5558,301.5073,309.3343,301.5055,304.9453,304.7017,282.9714,289.1472
37.0000,320.6807,280.4147,280.9508,279.8985,272.4824,285.4824,283.1669,314.7192,286.6301,317.3336,302.9476,313.4807,285.7063,292.8920,277.8680,278.1721,282.5717,281.8869,289.7472,277.6171,281.9201,277.6045,279.2839,281.0853,287.8210,291.9704,292.7762,295.9228,316.0528,279.9892,281.4195,281.8763,317.3864,319.3825,316.1536,308.4793,285.9246,301.9244,286.2088,321.8214,344.6838,302.4786,303.7727,346.7447,320.7684,296.2811,310.8796,309.6909,274.8169,305.3419,300.5454,306.1734,310.8733,305.9799,313.4634,308.9214,281.3447,306.5546,289.2951,303.5171,305.2457,305.6840,305.6386,306.1049,302.1932,304.1497,304.7053,312.8065,307.7584,309.1460,313.3117,310.9330,308.6247,305.3042,294.2447,275.0131,280.0236,316.5584,313.5133,299.5043,278.7520,282.2907,286.0286,286.2043,287.0339,287.6208,288.1469,287.6354,286.9700,314.1130,286.7379,285.7826,285.0225,280.5619,278.2539,304.2266,305.4180,295.6258,0.0000,302.3254,307.3048,287.0637,281.7446,316.0585,289.7552,289.6790,297.7582,303.8426,304.4682,281.3482,288.1071,311.9162,313.1744,290.2563,283.1226,278.6562,293.3012,311.4827,283.3631,308.6958,309.0511,286.9512,287.7781,278.6375,294.0558,290.3863,316.7232,301.4276,291.1684,291.2198,277.8008,275.9695,280.7608,309.5494,282.0387,292.4310,286.8874,287.7255,288.1389,298.3955,281.5464,282.9292,281.1912,281.1938,308.9854,277.3287,280.5436,277.9672,303.0012,303.8810,326.0757,326.0758,320.7738,281.0740,294.4447,273.8127,284.2035,280.7381,283.4738,282.3712,301.7533,0.0000,291.8130,279.8784,300.5893,301.9629,282.5744,281.8289,315.6452,290.7345,286.8420,294.0413,280.4617,290.2846,280.8429,325.7179,294.7083,326.9105,358.4266,353.5558,317.4711,310.8991,278.4626,305.7038,305.0677,305.6836,295.4282,305.0261,283.6800,291.0203,291.9640,343.4034,356.5065,288.7565,310.4037,312.6003,312.6934,311.5137,308.9854,312.5436,311.9134,313.3269,312.7232,312.4679,307.5977,286.7379,278.2611,282.3729,0.0000,280.9999,286.6635,281.0000,281.3634,281.5622,283.8587,282.0062,287.6357,317.7774,281.4194,288.2319,289.6600,289.0663,278.2387,288.6596,307.0544,279.4630,278.2373,291.4103,287.6493,313.9426,314.5162,320.2418,301.7533,309.6443,301.7533,305.1687,304.9214,283.1176,289.6573
38.0000,321.2163,280.3216,280.8503,279.9450,272.4633,285.6754,283.2374,314.7192,286.6265,318.0378,303.3058,314.1759,285.6987,292.9793,278.0865,278.2587,282.7758,282.0382,289.9584,277.4959,282.2217,278.4148,279.9799,281.2301,287.9964,291.9934,292.7791,296.0487,316.6184,279.9025,281.3540,281.7836,317.3864,319.9630,316.6775,308.9387,285.9214,302.2196,286.2182,322.3596,345.2739,302.9371,304.1397,347.3395,320.9373,296.2651,310.6954,309.4935,274.8848,305.3549,300.5224,306.1144,310.9217,305.9935,313.4796,308.8547,281.4135,306.5360,289.2827,303.2922,305.2719,305.6952,305.6310,306.0987,302.1932,304.2089,304.7530,312.7859,307.8035,309.2236,313.3449,310.9375,308.5282,305.3226,294.2658,274.9043,279.9375,317.1883,314.0646,299.7774,278.7520,282.4644,286.0248,286.1949,287.0282,287.6124,288.1663,287.6370,286.9609,314.5412,286.6955,285.7937,285.0367,280.5580,278.2127,304.6703,305.8506,295.6551,0.0000,302.6734,307.7421,287.0711,281.8471,316.6108,289.9944,289.8810,297.8724,303.8897,304.5058,281.3526,288.0278,311.9419,313.7094,290.1572,283.2479,279.2099,291.5314,311.9860,283.3597,308.6324,309.0082,286.9516,287.7903,278.5314,294.0463,290.4140,317.4279,301.5004,291.1583,291.2097,277.3508,275.9695,280.7608,310.0607,281.9676,292.3605,286.8771,287.7228,288.1157,298.3657,281.7531,283.1272,281.2467,281.2495,308.9415,277.4196,280.5949,278.0199,303.0641,303.9425,326.8882,326.8883,321.4348,281.0034,294.2396,273.3748,285.5854,281.4435,283.4820,282.3678,301.8274,0.0000,292.0866,279.9227,300.5690,301.9547,282.5668,281.8586,316.2551,290.6189,286.8000,293.9369,280.4617,290.4952,280.8376,323.0144,294.8182,327.7930,360.9080,354.4307,317.5421,311.4077,278.5371,305.6917,305.0573,305.6879,294.4304,305.0621,283.7678,291.0762,291.9880,345.1121,358.9006,288.9704,310.2676,312.3977,312.4997,311.4520,308.9415,312.3424,311.8847,313.3063,312.5268,312.1312,307.5501,286.6955,278.2198,282.3695,0.0000,281.2443,286.6600,281.2444,281.4101,281.6003,283.8529,282.1200,287.8653,318.2192,281.3539,288.4361,289.9139,289.2618,278.5067,288.6976,306.9183,279.6549,278.5054,291.6153,287.6493,314.4865,315.0657,320.3950,301.8274,309.5315,301.8274,305.2281,304.9879,282.7432,289.6469
39.0000,320.9625,280.2369,280.7544,279.8637,272.4292,285.5296,283.1871,314.7192,286.5999,318.5432,303.5842,315.0257,285.6193,293.0484,278.1469,278.2389,283.0592,282.2214,290.1842,277.3505,281.9338,277.5941,279.3026,281.0770,287.8896,291.9925,292.7990,296.1548,316.8651,279.8253,281.2693,281.6539,317.3864,319.8257,316.4912,309.2505,285.8995,302.1512,286.2178,322.0882,344.6379,302.9880,304.4642,346.6706,320.9766,296.3232,310.5997,309.3920,274.8617,305.3395,300.5119,306.0805,310.9680,306.0112,313.4929,308.8071,281.5490,306.4944,289.3047,303.2054,305.2644,305.6761,305.5981,306.0563,302.1932,304.2218,304.7671,312.6911,307.7827,309.2042,313.3785,310.8905,308.5154,305.3117,294.3075,274.9042,280.0716,317.4437,314.3728,299.7491,278.7520,282.6393,286.0025,286.1683,287.0001,287.5830,288.1257,287.6108,286.9328,314.5090,286.6561,285.7966,285.0380,280.5601,278.2138,304.5951,305.8163,295.8366,0.0000,302.9243,308.0349,287.0522,281.7168,316.4888,290.1731,290.0295,297.9390,303.8967,304.5062,281.3604,287.9561,311.9630,314.0017,290.0520,283.1486,278.5434,291.5623,311.8928,283.3237,308.5978,308.9581,286.9544,287.8293,278.4847,294.0918,290.4672,317.9877,301.5286,291.1913,291.2427,277.3843,275.9695,280.7608,309.9735,281.8748,292.4732,286.8513,287.7071,288.1108,298.4538,281.5840,282.9726,281.2251,281.2279,308.8949,277.3287,280.6151,278.0215,303.0809,303.9575,326.5374,326.5375,321.2370,280.9206,294.2436,272.9361,285.9408,281.5809,283.4757,282.3295,301.8559,0.0000,292.2987,279.8429,300.5589,301.9459,282.5278,281.8293,316.6375,290.5962,286.7603,294.0563,280.4617,290.7213,280.8437,320.8313,294.9089,327.6348,360.6726,353.2663,317.5989,311.3222,278.5214,305.6558,305.0275,305.6676,293.6079,305.0694,283.6966,291.0400,291.9860,344.8585,358.6592,288.8734,310.1609,312.3019,312.4093,311.3707,308.8949,312.2471,311.8100,313.2113,312.4336,311.9858,307.5098,286.6561,278.2210,282.3311,0.0000,281.7212,286.6334,281.7214,281.4006,281.5983,283.8423,282.2800,288.1776,318.4264,281.2692,288.6484,290.1019,289.4940,279.1251,288.7226,306.8827,279.7639,279.1238,291.5321,287.6493,314.7684,315.3343,320.4372,301.8559,309.3981,301.8559,305.2380,304.9889,282.6480,289.6719
40.0000,320.4046,280.2179,280.7188,279.8972,272.5021,285.6209,283.2349,314.7192,286.6683,318.2887,303.4939,314.7520,285.7097,293.5299,278.1511,278.2411,283.1735,282.2835,290.4182,277.2659,282.1035,277.9774,279.6642,281.1727,287.9667,292.1320,292.9382,296.5510,316.6531,279.8173,281.2596,281.6464,317.3864,319.2365,316.0366,309.0778,285.9637,302.1306,286.2701,321.5030,343.4877,302.9009,304.3856,345.4695,320.9374,296.5388,310.9895,309.8047,274.9170,305.3578,300.5005,306.0366,311.2160,306.2193,313.4477,308.7021,281.6347,306.4311,289.4885,303.6734,305.4584,305.8663,305.5914,306.0333,302.2897,304.4237,304.9631,312.9398,307.9313,309.3084,313.4946,311.0801,308.7647,305.5057,294.6591,274.9043,280.0620,317.2058,314.1676,299.8145,278.7520,282.6926,286.0665,286.1962,287.1029,287.7140,288.2033,287.6624,287.0180,314.3598,286.5800,285.8311,285.0468,280.5746,278.2231,304.4640,305.7190,296.2481,0.0000,302.8269,307.8828,287.0873,281.8002,315.9549,290.3767,290.2148,298.1376,304.0961,304.7014,281.3436,287.8361,312.0652,313.8038,289.9077,283.2564,278.6655,291.4188,311.4869,283.3570,308.4957,309.2216,286.9812,287.8567,278.4875,294.3222,290.7191,317.7302,301.7340,291.4026,291.4540,277.3770,275.9695,280.7608,309.8048,281.8515,292.5864,286.9041,287.7382,288.0977,298.6503,281.6532,283.0541,281.2710,281.2735,309.1721,277.3287,280.6598,278.0655,303.2824,304.1589,326.1094,326.1095,320.9257,280.9113,293.8980,273.4281,285.2253,281.3021,283.4899,282.3540,302.0643,0.0000,292.4888,279.8751,300.5515,301.9505,282.5555,281.9089,316.3982,290.3802,286.6840,293.8653,280.4617,290.9683,280.8340,319.1285,295.3743,326.9263,359.5200,352.3365,317.5743,311.1465,278.5207,305.6223,305.0095,305.7469,293.0836,305.2180,283.7563,291.1411,292.1244,343.8921,357.5145,288.9448,310.2867,312.6926,312.7981,311.7301,309.1721,312.6365,312.0606,313.4604,312.8229,312.4051,307.7552,286.5801,278.2303,282.3557,0.0000,281.9623,286.7013,281.9625,281.4412,281.6323,283.8360,282.3479,288.4357,318.2666,281.2596,288.8742,290.3107,289.7469,279.4215,288.9308,307.1994,279.7911,279.4204,291.6057,287.6493,314.5664,315.1297,320.4003,302.0643,309.4855,302.0643,305.4683,305.2061,282.6162,289.8677
41.0000,319.7566,280.3034,280.7764,280.3579,273.3073,285.7166,283.3813,314.5922,287.0293,318.2631,303.5400,314.8647,286.2559,293.0951,278.1702,278.4634,283.1071,282.2381,290.6032,277.4938,282.3385,278.3299,279.9799,281.4154,288.0213,292.1818,292.9641,296.2301,316.5986,279.9123,281.5838,281.9199,317.3864,318.5805,315.4924,309.0898,286.3007,301.9741,286.5304,320.8277,342.2488,302.8339,304.4288,344.1797,320.8848,296.2794,311.6815,310.5735,274.9632,305.4048,300.5080,305.4845,311.5148,306.4318,313.0716,308.1137,281.5936,306.4054,289.2340,304.0240,305.7859,306.2369,305.6433,306.0671,302.4629,304.6511,305.1840,313.4055,308.1520,309.4071,313.6394,311.3386,308.9509,305.8329,294.5875,274.9043,280.0249,317.1406,314.1425,299.6618,281.0453,282.6449,286.4036,286.5571,287.4608,288.0646,288.5407,287.9965,287.3720,314.2343,286.7281,286.1032,285.3266,280.7975,278.3664,304.3720,305.6080,295.9256,0.0000,302.8922,307.9070,287.3687,281.9979,315.3749,290.5969,290.4335,298.3866,304.3851,305.0109,282.0915,287.9464,312.1917,313.7802,289.9566,283.5241,278.9988,292.1202,311.0546,283.8979,307.9253,309.6824,287.2719,288.1609,278.5451,294.0994,290.5636,317.7267,301.9956,291.1721,291.2235,277.3666,275.9695,280.7608,309.6982,282.1646,292.2943,287.2355,288.0528,288.3993,298.3465,281.6991,283.1285,281.4864,281.4890,309.6297,277.7122,280.7947,278.1548,303.5346,304.3892,325.6843,325.6844,320.6240,281.1802,293.8874,273.3538,285.1902,281.2763,283.8024,282.9393,302.3275,0.0000,292.6516,280.3405,300.5639,301.9776,283.1360,282.5540,316.3668,290.4206,286.8314,293.7033,280.4617,291.1445,280.8257,318.2792,294.9979,326.0840,357.7932,351.5242,317.5619,311.0374,278.8203,305.6352,305.0363,305.9352,292.8612,305.3944,283.9174,291.2480,292.1761,342.5993,355.8405,289.0386,311.0280,313.3722,313.4729,312.2855,309.6297,313.3143,312.5218,313.9269,313.5007,313.2001,308.2110,286.7282,278.3737,282.9411,0.0000,281.9107,287.0615,281.9110,281.6553,281.8501,284.0732,282.2994,288.5506,318.1977,281.5839,289.0251,290.5330,289.9410,279.3270,288.9384,307.4363,279.7846,279.3263,291.5975,287.6493,314.5347,315.0915,320.3541,302.3275,310.1944,302.3275,305.7071,305.4404,283.0099,289.6246
42.0000,319.1824,280.2651,280.7194,280.3602,273.3044,285.6946,283.3594,314.7192,287.0116,318.1845,303.6360,314.7951,286.3316,293.0891,278.1426,278.3826,283.1969,282.2903,290.7456,277.6113,282.3347,278.3125,279.9799,281.4134,288.0084,292.2480,293.0404,296.2288,316.5871,279.8843,281.5815,281.9614,317.3864,317.9806,314.9957,309.1245,286.2841,301.8794,286.5192,320.2360,341.2979,302.8157,304.5847,343.1965,320.8616,295.8546,312.0014,310.9351,274.9389,305.4808,300.5306,304.4315,312.3245,306.6469,312.3688,307.0171,281.6004,306.3167,288.7730,303.9193,306.0051,306.4720,305.6426,306.0413,303.5566,304.8787,305.4452,313.7077,308.2779,309.4517,313.8718,311.4250,309.0242,306.0525,294.4752,274.9043,280.0797,317.1276,314.1259,299.6192,281.0453,282.7135,286.3868,286.5373,287.4428,288.0462,288.5193,287.9713,287.3529,314.2627,286.7249,286.0929,285.3289,280.8098,278.3750,304.2976,305.6053,295.9227,0.0000,302.9575,307.9475,287.3560,281.9953,314.8341,290.7278,290.5589,298.5715,304.5973,305.2254,282.0922,287.9359,312.3774,313.7757,289.9838,283.4654,278.9021,291.9106,310.6285,283.8972,306.8762,309.9455,287.2467,288.1092,278.5308,293.7289,290.5619,317.6496,302.2037,290.7722,290.8236,277.3877,275.9696,280.7608,309.7082,282.1503,292.3180,287.2172,288.0232,288.3573,297.8876,281.6199,283.0826,281.5010,281.5038,309.8936,277.7145,280.8217,278.1601,303.7425,304.6147,325.5723,325.5724,320.5482,281.1717,293.8874,273.3265,284.9436,281.1411,283.8072,282.9422,302.5425,0.0000,292.8628,280.3428,300.5901,302.0090,283.1422,282.5687,316.2988,290.4035,286.8271,293.7446,280.4617,291.3033,280.8278,317.6307,294.9963,325.2521,355.6965,351.6562,317.5588,311.0523,278.7516,305.5933,305.0219,306.0529,292.7264,305.9117,283.8932,291.2823,292.2431,341.2595,353.8368,289.0591,311.3768,313.6888,313.7938,312.5820,309.8936,313.6304,312.8022,314.2319,313.8225,313.5259,308.4685,286.7249,278.3823,282.9439,0.0000,282.1327,287.0436,282.1329,281.6711,281.8655,284.0749,282.3136,288.6962,318.1807,281.5816,289.1525,290.6649,290.0901,279.6349,288.9292,307.4547,279.7886,279.6340,291.5755,287.6493,314.5278,315.0829,320.3341,302.5425,310.5474,302.5425,305.9517,305.6696,283.0365,289.1875
43.0000,317.8016,280.1323,280.5559,280.3907,273.4447,285.5770,283.3311,314.7192,287.0659,318.4292,304.0092,315.1823,286.3166,293.1390,277.9398,278.2574,282.9422,282.0744,290.5655,277.2837,282.2803,278.3738,279.9799,281.3731,287.8822,292.0707,292.8463,296.3177,316.9423,279.7701,281.5246,281.8568,317.3864,316.6316,313.8225,309.3744,286.3374,301.5625,286.5421,318.8032,338.7941,302.7171,305.1045,340.5961,320.7767,295.8623,311.9324,310.9287,274.8850,305.1811,300.2607,304.9537,311.9107,306.2877,312.2967,307.4851,281.4257,305.7869,288.8237,303.1800,305.7731,306.2585,305.2153,305.5768,303.0279,304.6097,305.1329,313.4148,307.9153,308.9742,313.5570,311.0202,308.4282,305.8205,294.3516,274.8631,279.8812,317.4539,314.4377,299.4704,281.0453,282.5176,286.4420,286.6340,287.4804,288.0714,288.5298,287.9972,287.4101,314.1711,286.5967,286.1110,285.3416,280.7900,278.3495,304.0597,305.5306,296.1591,0.0000,303.2570,308.2294,287.3695,281.9360,313.5684,290.5817,290.4183,298.3724,304.3629,304.9919,282.0599,287.7577,312.0598,314.0934,289.7255,283.4496,279.0613,291.5400,309.5209,284.0525,307.3899,309.7524,287.2734,288.1844,278.4514,293.7148,290.5746,317.9170,301.9789,290.7817,290.8330,277.2966,275.9695,280.7608,309.6280,282.0743,292.2313,287.2732,288.0434,288.3737,297.8553,281.4332,282.9359,281.4832,281.4860,309.7039,277.7463,280.7881,278.1218,303.4995,304.3496,324.7669,324.7669,320.0724,281.1010,293.5336,273.7879,283.7834,280.5530,283.8210,283.0203,302.3187,0.0000,292.6594,280.3748,300.3226,301.7213,283.2140,282.6970,316.5818,290.1540,286.6961,293.5900,280.4617,291.1047,280.8199,315.6957,295.0646,323.4681,352.0318,349.2266,317.5888,310.9695,278.6401,305.1265,304.6014,305.7188,292.0697,305.4761,283.8635,291.1656,292.0670,338.4839,350.2818,288.9506,311.3092,313.6073,313.7130,312.4663,309.7039,313.5482,312.5291,313.9362,313.7410,313.4555,308.2913,286.5968,278.3566,283.0223,0.0000,281.9087,287.0970,281.9089,281.6555,281.8518,284.0462,282.1062,288.4720,318.4259,281.5248,289.0015,290.5188,289.9021,279.4253,288.9621,306.8145,279.5806,279.4249,291.4423,287.6493,314.8547,315.4188,320.2676,302.3187,310.4984,302.3187,305.7065,305.4112,282.8411,289.2252
44.0000,315.4850,279.3107,279.7060,279.7174,273.0067,285.1599,282.9174,315.0216,286.0693,317.7880,303.1836,314.3999,285.1559,292.2653,278.8650,278.1566,285.7547,285.3793,290.4077,276.1951,281.9713,278.4405,279.9799,280.9673,287.4657,291.6007,292.3586,295.4441,316.3313,278.9697,280.5419,280.8517,317.3864,314.3670,311.8104,308.5464,285.3616,300.6467,285.6535,316.4068,334.7656,301.8289,304.2963,336.4202,320.6605,295.5832,311.3519,310.3924,275.0064,304.7443,299.9045,304.9114,311.2297,305.6504,311.6079,307.1897,283.3950,305.1399,288.5826,302.2716,305.2151,305.7030,304.6323,304.9659,302.3387,304.0563,304.5402,312.8497,307.2353,308.2061,313.0446,310.3259,307.6029,305.2617,294.1511,274.2688,281.1975,316.8047,313.7476,298.6749,278.2023,285.8762,285.4643,285.6517,286.4642,287.0390,287.5033,286.9868,286.4005,313.7357,285.6742,285.2420,284.4858,280.0175,277.6399,303.2121,304.8055,295.2303,0.0000,302.4251,307.4170,286.4638,281.5145,311.4972,290.1957,290.0208,297.8869,303.8178,304.4397,281.7993,286.7885,311.5446,313.4042,288.6868,283.0202,278.7700,290.3900,307.8250,283.0950,307.0435,309.1773,286.3321,287.2171,277.7203,293.4574,289.7103,317.2532,301.4549,290.5358,290.5871,277.3488,275.9695,280.7608,309.0610,281.0676,291.4274,286.2973,287.0456,287.3610,297.4902,280.9384,282.4882,280.9745,280.9769,309.1330,277.3287,280.4898,278.0080,302.9629,303.7991,323.5110,323.5111,319.1699,280.1624,292.4237,274.0648,284.3623,281.3160,282.9851,281.9759,301.7924,0.0000,292.5135,279.6955,299.9669,301.3245,282.1632,281.6444,315.9033,289.1470,285.7697,293.4592,280.4617,290.9502,280.8132,313.6760,294.1894,320.7356,347.2026,346.4700,317.5186,310.4469,278.5159,304.5301,304.0440,305.1521,291.4031,304.7920,283.4439,290.7150,291.5974,334.6806,345.5799,288.5517,310.7262,313.0113,313.1161,311.8937,309.1330,312.9526,311.9475,313.3702,313.1443,312.8574,307.7247,285.6742,277.6471,281.9780,0.0000,284.0083,286.0999,284.0084,281.1355,281.3167,283.2001,284.6538,289.0049,317.9712,280.5422,288.8559,290.1329,289.7408,281.6552,288.0790,305.9635,281.4463,281.6547,290.9109,287.6493,314.1857,314.7661,320.1587,301.7924,309.8746,301.7924,305.1572,304.8627,281.7625,288.9848
45.0000,312.7792,279.1658,279.5176,279.8499,273.6133,284.7773,282.6845,313.5174,285.7413,315.9647,301.9769,312.6345,284.2923,291.1846,278.7964,277.7968,285.8254,285.6794,289.9455,276.5416,281.8330,278.5074,279.9799,280.8730,287.0205,291.0803,291.7945,294.3042,314.9401,278.8547,280.5285,280.8913,316.5821,311.6170,309.3859,307.1280,284.9883,299.4168,285.1892,313.6299,330.5409,300.4217,303.0493,332.0648,319.6542,294.9136,310.4217,309.5147,274.8759,304.0564,299.3072,304.5746,310.5941,304.8023,310.4941,306.4181,283.4716,304.1671,287.9289,300.8033,304.4237,304.9119,303.7554,304.0508,302.1932,303.3097,303.7784,311.8510,306.2664,307.1170,312.2423,309.1481,306.4554,304.4702,293.5568,274.0772,281.1591,315.3671,312.2811,297.5394,280.2428,286.2648,285.0872,285.2839,286.1344,286.6897,287.0677,286.5726,286.0391,312.1561,285.1552,284.8008,284.1509,279.7294,277.3867,301.8416,303.4300,294.0389,0.0000,301.2665,306.0722,285.9412,281.3841,308.9412,289.7435,289.5787,297.2608,303.0597,303.6646,281.3843,286.2174,310.7317,311.9704,288.0535,282.8707,278.7347,293.7310,305.6432,283.2555,306.1754,308.2982,285.8693,286.6926,277.5665,292.8001,288.8302,315.4389,300.7445,289.8837,289.9348,277.1750,275.9695,280.7608,307.6156,281.0203,290.2405,285.8797,286.5969,286.8847,296.7212,280.4603,282.0667,280.8025,280.8049,308.2565,277.4849,280.3370,277.8783,302.2305,303.0572,321.3234,321.3235,317.2336,280.1246,291.2568,273.7403,284.0353,281.0886,282.7645,282.1589,301.0801,0.0000,291.9389,279.8329,299.3745,300.6984,282.3016,281.7263,314.2601,288.2938,285.2442,293.2162,280.4617,290.4630,280.8008,310.9898,293.0669,317.4447,341.5159,341.6958,316.6730,308.9693,278.1481,303.6312,303.1988,304.3135,290.4484,304.1478,283.2071,290.2920,291.0797,330.1769,340.0447,288.1236,309.8982,312.0672,312.1693,310.9821,308.2565,312.0096,310.9691,312.3634,312.1974,311.9363,306.8914,285.1552,277.3939,282.1614,0.0000,283.9076,285.7691,283.9075,280.9572,281.1388,282.8464,284.8037,288.6230,316.7165,280.5290,288.3974,289.6819,289.2679,281.5571,287.3900,304.7171,281.5231,281.5572,290.2563,287.6493,312.7599,313.3579,319.1782,301.0801,309.0835,301.0801,304.4002,304.1032,282.3030,288.3343
46.0000,309.6858,277.5408,277.8773,278.2825,272.2168,283.6097,281.7208,310.1301,283.7509,312.4458,299.3178,309.3133,281.5053,289.0747,278.3919,277.1614,284.9299,284.7436,289.0444,274.5194,280.5601,277.1207,278.5619,279.6706,285.8768,289.9300,290.6096,292.0639,311.4076,277.2476,278.7614,279.1271,312.9108,308.5479,306.5320,304.1992,283.0108,297.4041,283.2945,310.4758,326.1559,297.6981,300.3801,327.5685,315.8352,294.0718,309.4527,308.5991,274.7617,303.4999,298.8435,303.8344,310.3263,303.8372,309.4623,305.4119,282.3018,303.3575,287.1507,299.4081,303.4600,303.9516,302.9720,303.2452,302.1932,302.3875,302.8644,310.7968,305.1633,305.9121,311.6019,307.9447,305.2719,303.5064,292.9451,272.5381,279.8644,311.7872,308.9753,295.4509,278.2023,285.3138,283.1057,283.3041,284.1220,284.6522,285.0282,284.5613,284.0270,308.9998,283.3233,282.9428,282.3464,278.0813,275.7788,299.1399,300.7682,291.7983,0.0000,298.6188,303.1786,283.9992,280.2133,306.0800,288.8166,288.6296,296.3092,302.1091,302.7040,279.8981,284.3358,310.0403,308.6789,286.1435,281.9552,277.6712,291.7979,303.1576,281.4148,305.1274,307.3064,283.9302,284.7115,275.9724,292.0262,286.7705,311.9499,299.7966,289.1239,289.1749,275.7076,275.9695,280.5508,304.7337,279.2311,287.9929,283.8900,284.6007,284.8844,295.7538,279.2409,280.8810,279.6708,279.6730,307.2693,275.9338,279.6974,277.4966,301.3004,302.1327,317.7108,317.7109,313.8132,278.3962,289.0441,274.0115,283.0445,280.4671,281.0623,280.3588,300.1237,0.0000,291.0336,278.2572,298.9096,300.1834,280.4613,279.7643,310.8584,286.3146,283.4067,293.0344,280.4617,289.5547,280.7915,308.9479,290.8537,314.0362,336.6738,336.7649,313.0002,306.0104,277.3878,302.8600,302.4687,303.4441,289.7762,303.4647,282.2339,289.2205,289.9318,326.0549,335.2858,286.9613,308.9184,311.0774,311.1789,310.0025,307.2693,311.0200,309.9143,311.3079,311.2055,310.9359,305.9229,283.3233,275.7860,280.3611,0.0000,283.2091,283.7779,283.2091,279.8304,280.0095,281.0792,283.7094,287.7618,313.0798,278.7620,287.5225,288.7593,288.3775,281.0019,285.4165,303.4683,280.9092,281.0012,288.8253,287.6493,309.4056,309.9511,315.3826,300.1237,308.1153,300.1237,303.4438,303.1590,280.2371,287.5634
47.0000,307.6991,276.5269,276.8022,277.7090,272.1464,283.0719,281.4190,307.5546,282.7985,309.8292,297.5761,306.8368,281.0908,288.2205,278.1904,276.9918,284.2339,284.0679,288.7902,273.8219,279.6958,275.3614,277.0200,279.0459,285.2351,289.4668,290.1503,291.2801,308.8707,276.2632,277.8994,278.2379,310.3281,306.7384,304.7796,302.1352,282.0607,296.2784,282.4110,308.4312,322.9405,296.0004,298.5913,324.2473,313.0760,293.1013,309.1654,308.3336,274.7617,303.2315,298.6166,302.1989,310.0548,303.3562,308.4384,303.6311,281.5359,302.8735,286.1709,298.4248,303.0779,303.5646,302.5672,302.8341,302.1932,302.0016,302.4654,310.4227,304.7320,305.4421,311.2802,307.6495,304.4835,303.1242,292.3905,271.6313,278.8304,309.2037,306.6233,294.3460,278.2023,284.6414,282.1515,282.3528,283.1392,283.6355,284.0194,283.5795,283.0379,306.6723,282.3350,282.0816,281.4746,277.2796,274.9413,297.5777,299.1143,291.6214,0.0000,296.8835,301.1741,283.0589,279.5954,304.3190,288.5755,288.3554,295.9778,301.7235,302.3239,279.6911,283.3025,309.6860,306.3352,285.0605,281.5368,276.2389,293.2676,301.4851,280.6920,303.3925,306.9403,282.9982,283.7357,275.0028,291.1396,285.8896,309.3553,299.4290,288.2139,288.2647,274.6740,276.8124,279.9199,302.7457,278.3355,287.0579,282.9240,283.6255,283.9029,294.7044,279.2639,280.7034,279.3385,279.3406,306.9121,275.3774,279.8069,277.6316,300.9089,301.7499,314.5657,314.5658,310.9979,277.5047,287.6728,274.4462,282.4017,280.1217,280.2877,279.6946,299.7656,0.0000,290.7191,277.6846,298.6820,299.9111,279.8051,279.2039,308.3951,285.1139,282.4137,292.9519,280.4617,289.3004,280.7872,306.7368,290.0281,312.2673,335.8444,330.9572,310.4146,303.9182,277.2127,302.4301,302.0759,303.0523,289.0095,303.1274,281.8755,288.8070,289.4704,324.5764,334.3261,286.3413,308.4629,310.7817,310.8881,309.6443,306.9121,310.7239,309.5207,310.9332,310.9134,310.6188,305.5610,282.3350,274.9484,279.6968,0.0000,282.7577,282.8245,282.7577,279.5203,279.6900,280.2079,282.9737,287.4070,310.4760,277.9001,287.2757,288.5235,288.1356,280.6378,284.5431,302.6198,280.5205,280.6372,288.0425,287.6493,307.0112,307.5181,312.6511,299.7656,307.6345,299.7656,303.0654,302.7735,279.9130,286.6113
48.0000,311.3279,277.3964,277.6615,278.8484,273.0641,287.8489,286.1090,308.4205,283.3023,310.2044,298.2917,307.2642,281.7045,289.5400,279.9454,278.2509,285.4673,285.3564,289.9224,274.4463,282.6497,279.1145,280.5156,281.1860,290.9181,295.0341,295.7046,293.0353,309.0754,277.1491,278.6153,278.9684,310.3280,310.3591,308.5203,302.6974,282.5736,300.2164,283.0128,312.0323,325.9789,297.6317,299.3400,327.2348,312.9945,294.1545,310.0929,309.2595,276.7502,303.5782,298.8970,302.7174,310.3890,304.1189,308.7577,303.9809,282.6698,303.2030,287.1693,299.0188,303.9765,304.4633,303.0000,303.2425,302.1932,302.8482,303.2586,311.3434,305.6218,306.3221,311.8312,308.4671,305.1222,304.0230,293.7106,272.5381,279.8633,309.3839,306.9889,297.6227,278.2023,285.9198,282.6616,282.8585,283.6173,284.0880,284.4857,284.0624,283.5131,307.8203,282.9891,282.6876,282.1806,278.0612,275.7667,299.5182,301.1437,293.4151,0.0000,297.5550,301.7471,283.6052,281.7321,308.1832,289.6982,289.4667,296.9652,302.6393,303.2301,279.4798,283.9248,310.2351,306.7008,285.6572,286.3017,280.2840,294.3996,305.8593,281.3310,303.7218,307.8521,283.5376,284.2317,275.8895,292.2163,286.8512,309.7389,300.3708,289.2544,289.3055,275.6105,278.4372,290.9279,304.3657,279.0315,287.8837,283.4246,284.1171,284.3805,295.7126,283.3044,285.0335,280.6223,280.6242,307.8259,276.4630,281.1813,279.2615,301.8220,302.6031,315.4660,315.4661,312.0097,278.2618,288.0959,276.3632,283.8766,281.7373,281.0553,280.3663,300.7027,0.0000,291.8017,278.8023,298.9664,300.2175,280.4715,279.9098,308.7769,285.6551,283.0637,293.2597,280.4617,290.4175,280.8030,305.2144,291.5843,316.0601,340.5581,331.0124,310.4304,305.4012,278.2533,302.7994,302.4554,303.7144,288.5130,303.6107,286.5809,293.9973,295.0270,328.7808,338.9350,292.0379,309.3728,311.7212,311.8265,310.5856,307.8259,311.6630,310.4188,311.8558,311.8522,311.5603,306.4710,282.9891,275.7738,280.3683,0.0000,284.0290,283.3275,284.0289,280.7267,280.8505,280.9247,284.1629,288.5671,310.6163,278.6161,288.4181,289.6523,289.2730,281.9604,285.4063,303.2447,282.0914,281.9601,292.9902,287.6493,307.3360,307.8035,312.5852,300.7027,308.5414,300.7027,303.9864,303.6506,280.6598,287.6319
