"ETAPA \ BARRA","AGUAYTIA 220","BALNEARIO 220","BALNEARIOS 60 A","CALLAHUANCA 220","CALLAHUANCA 60","CARHUAMAYO 220","CARHUAMAYO NUEVA 138","CARHUAQUERO 220","CHAVARRIA 220 A","CHICLAYO OESTE 220","CHIMBOTE 220","GUADALUPE 220","HUACHIPA 60","HUACHO 220","HUANCAVELICA 220","HUAYUCACHI 220","ICA 220","INDEPENDENCIA 220","MARCONA220","MOYOPAMPA 60","OROYA NUEVA 220","OROYA NUEVA 138","OROYA NUEVA 50","PACHACHACA 220","PARAGSHA2 220","PARAGSHA 138","PARAGSHA 50","PARAMONGA NUEVA 220","PIURA OESTE 220","SAN JUAN 220","SANTA ROSA 220 A","SANTA ROSA EDS 60","TALARA 220","TINGO MARIA 138","TINGO MARIA 220","TRUJILLO 220","VENTANILLA 220","VIZCARRA 220","ZAPALLAL 220","AGUAYTIA 138","PUCALLPA 138","HUALLANCA 138","CHIMBOTE 138","PUCALLPA 60","ZORRITOS 220","ABANCAY NUEVA 138","ARICOTA138","ARICOTA II 66","CAMPO ARMINO 220","AYAVIRI138","AZANGARO 138","CACHIMAYO 138","CALLALLI 138","CERRO VERDE 138","COMBAPATA 138","DOLORESPATA 138","DESIERTO220","JULIACA 138","MACHUPICCHU 138","MOLLENDO 138","MOQUEGUA 220","MOQUEGUA 138","PUNO 220","PUNO 138","SANTUARIO 138","SOCABAYA 220","SOCABAYA 138","ILO 138","LOS HEROES 220 A","LOS HEROES 66","TINTAYA 138","TOMASIRI 66","REPARTICION 138","ILO2 220","COTARUSE 220","CHILCA REP 220","CANTERA 220","PIURA OESTE 60","LA NINA 220","CONOCOCHA 220","HUINCO 220","INDEPENDENCIA 60","CHILLON 220","CHILLON 60","CHAVARRIA 60 A","CHAVARRIA 60 B","BARSI 60","BARSI 220","OQUENDO 60","CAJAMARCA 220","PLANICIE 220 A","CARABAYLLO 220","CARABAYLLO 500","CHILCA CTM 500","CHILCA CTM 220 A","KIMAN AYLLU 138","KIMAN AYLLU 220","PARAMONGA EXISTENTE 138","MACHALA 200","CHIMBOTE 500","TRUJILLO 500","HUARANGAL 60","POMACOCHA 220","PIEDRA BLANCA 138","POROMA 220","POROMA500","OCONA 500","MONTALVO 500","MONTALVO 220","HUANZA 220","INDUSTRIALES 220 A","TINTAYA 220","LA NINA 500","INDUSTRIALES 60","CARHUAMAYO 50","CARIPA138","HUAMPANI 60","HUANUCO 138","REFINERIA ZINC 220","QUENCORO 138","ILO 3 220","MIRADOR 220","MIRADOR 60","ALTO PRADERA 220","ABANCAY NUEVA 220","LOMERA 220","REQUE 220","SAN JOSE 500","SANTA TERESA 220","SURIRAY 220","ASIA 220","CERRO DEL AGUILA 220","CHAGLLA 220","RAMADA 220","SANTA ROSA LDS 60","LOMERA 60","ZAPALLAL 60","MALVINAS 220","MALVINAS 60","ABANCAY 138","YAUPI 138","SANTA ISABEL 220","YANANGO 220","CHIMAY 220","ILO3 138","MATUCANA 220","COLCABAMBA 500","COLCABAMBA 220","YARABAMBA 500","YARABAMBA 220","BELAUNDE 220","BELAUNDE 138","CACLIC 220","INDUSTRIALES 220B","PLANICIE60","COBRIZAI 69","MOLLEPATA 60","MOLLEPATA220","CARAPONGO 500","CARAPONGO 220 A","SAN JOSE 220","MARCONA 60 A","SAN NICOLAS 60","CALLAHUANCA EDN 220","PUMIRI138","PUMIRI220","SAN MIGUEL 220","SAN MIGUEL 60","FELAM 220","MANCHAY 60","MANCHAY 220","SAN RAFAEL 138","SAN GABAN 138","MARCONA 60 B","ANGEL 138","PTO MALDONADO 138","MEDIO MUNDO 220","AUCAYACU 138","BELLAVISTA 138","TARAPOTO 138","PARINAS 220","PAMPA HONDA 220","ORCOTUNA 220","SAN ROMAN 138","SAN ROMAN 220","CHILOTA 220","MAZUCO 138","JESUS 138","CARHUAMAYO 138","CINCO MANANTIALES 138","OXIDOS CERRO 138","TOCACHE 138","JUANJUI 138","FRANCOISE 220","BOTIFLACA 138","MILL SITE 138","PLAZA TOQUEPALA 138","QUEBRADA HONDA 138","PANAMERICANA SOLAR 138","TOQUEPALA 138","ILO ELS 138","REFINERIA 138","LIXIVIACION 138","PUSHBACK 138","INTIPAMPA 138","PLANICIE 220 B","CHILCA CTM 220 B","CARAPONGO 220 B","CHILCA 1 220","DERIVACION 220","CHAVARRIA 220 B","DERIVACION 220  BARRA II","CAMPAS 220","CAMPAS 500","PLANICIE 500","NUEVA CHINCHA 220","CAHUACHI 220","VALLE DEL CHIRA 220","SANTA ROSA 220 B","ERSUR 220","FLAMENCO220","BARRA3HERMANAS","BARRAPTALOMITAS","PUERTO CHANCAY 220","CHAPARRAL 138","CHIRIBAMBA 220","BARRAPTALOMITAS2"
1.0000,99.1847,317.8600,318.3455,325.5275,310.9891,0.5950,78.7404,229.9271,316.5590,249.1352,258.0644,252.5002,321.5006,237.1083,318.4505,311.6783,329.5125,328.8674,328.1245,315.9952,440.5396,257.5785,335.7402,351.0460,24.3543,59.4287,61.3606,219.7944,264.9683,317.5876,319.1134,319.3545,265.4714,98.0015,100.0575,258.2874,315.0751,104.1765,310.8188,99.3584,102.7830,213.5002,248.1535,103.0910,269.1014,317.7513,346.6420,345.5779,313.5913,342.5943,334.9769,328.1168,351.6100,341.8501,343.0885,330.0378,326.2020,340.7377,313.5829,336.9183,343.1506,343.6190,340.5045,341.0217,340.6934,340.3813,340.8229,350.4731,345.2467,346.4825,357.0361,347.1265,342.9025,343.2064,323.0027,314.2485,323.0843,265.3628,259.8218,134.9812,314.6810,330.5255,315.1296,314.4685,316.6233,316.3188,316.8098,317.0775,315.2863,219.7305,316.4057,311.1115,311.2333,313.4452,313.5412,210.4373,183.9182,219.8520,0.0000,269.7205,264.0952,311.5654,314.5837,91.9111,327.3948,326.3557,335.7432,340.7278,342.4664,307.9833,317.5311,355.5940,261.8706,320.6130,79.4215,205.7767,328.5865,80.2585,318.7467,330.3715,345.7408,312.5243,314.3737,316.8427,316.0852,242.1585,248.8285,339.6312,313.9426,314.0242,317.8794,310.6036,22.9266,200.2885,318.7157,252.9517,309.5719,313.5521,314.7104,318.9159,0.5880,0.5899,323.4543,320.5133,345.5858,322.0507,314.2122,313.5241,339.2481,340.1791,208.6129,202.4783,213.9755,318.7434,324.6100,311.7843,323.2077,320.3056,312.8845,318.7711,340.5234,0.0000,334.0973,325.1284,335.2783,336.9710,318.9412,318.2011,255.4768,320.8694,316.4932,319.2012,297.1549,329.0804,297.7263,316.3298,227.7330,108.5950,170.6563,188.2719,265.5452,205.8667,311.1337,340.4959,339.7069,342.1339,303.1051,341.2279,84.1997,72.6600,59.8568,134.6321,164.5680,24.4140,347.7666,348.2328,348.2133,347.2551,345.5858,348.1913,349.1953,351.0402,348.2762,348.3601,344.8980,316.4057,313.5453,318.7722,0.0000,327.0179,316.5785,327.0175,321.0008,314.6901,312.9382,327.9795,328.4549,266.0819,319.1116,326.3918,327.3724,326.7964,325.3843,283.5969,341.0624,322.5688,325.3847
2.0000,98.6950,316.6497,317.1100,324.5232,310.1728,0.5949,78.4772,229.1157,315.3718,248.3611,257.2443,252.0351,320.3242,236.1635,317.5223,310.6234,329.0530,328.1090,327.6020,314.5967,439.1081,256.7561,334.6545,349.9172,24.2684,59.2304,61.1584,218.9459,263.6307,316.3928,317.9854,318.1734,263.9754,97.5246,99.5863,257.4502,313.8868,103.7669,309.6785,98.8623,102.1606,212.7299,247.4034,102.4572,267.4830,316.5752,345.7609,344.6988,312.6398,341.5700,333.9165,326.7337,351.1951,341.1152,341.9296,328.5882,325.2968,339.6783,312.4816,336.0353,342.3375,342.8005,339.5041,340.0110,340.6934,339.6379,340.1150,349.6174,344.4103,345.6353,356.2557,346.2520,342.0624,342.3928,321.9869,313.1145,322.0869,264.0062,258.8423,134.4710,314.6810,329.7196,313.9381,313.2834,315.4166,315.0892,315.5989,315.8697,314.0758,218.9544,315.2683,309.9887,310.1690,312.4014,312.4669,209.6539,183.2609,218.9976,0.0000,268.8421,263.2234,310.3870,313.5532,91.4683,326.7814,325.6199,334.9868,339.9463,341.6610,306.8913,316.3634,354.8039,260.9122,319.3968,79.1346,205.1361,327.3341,79.8781,317.7404,328.9217,344.8983,311.3567,313.1760,315.6649,314.9469,241.1203,248.1058,338.8628,312.8440,312.9254,316.7657,309.6866,22.8459,199.5810,317.5881,251.7047,308.3833,312.3586,313.4944,317.7226,0.5880,0.5899,322.4483,319.5163,344.7442,321.0580,313.3025,312.5985,338.4839,339.4347,207.7990,201.6904,213.1782,317.5993,323.3423,310.9096,322.1150,319.3076,311.8504,317.8124,339.7605,0.0000,333.5492,324.1262,334.2202,335.9286,317.9715,317.2518,254.6195,319.6628,315.3528,317.9811,295.9352,328.5531,296.5087,314.1008,226.8388,108.0513,169.7482,187.2800,264.0413,205.1407,310.0732,339.4597,338.6845,341.2306,301.5914,340.7281,83.9168,72.4163,59.6571,133.9223,163.6883,24.3234,346.9098,347.3451,347.3270,346.3904,344.7442,347.3041,348.3353,350.1830,347.3894,347.4966,344.0604,315.2683,312.4710,317.8134,0.0000,327.2451,315.3907,327.2447,320.0058,313.7169,311.8632,327.1226,328.1678,264.6220,317.9837,325.9651,326.7672,326.2340,326.0961,282.5285,340.2091,321.7070,326.0952
3.0000,98.2267,315.6239,316.0642,323.6358,309.4631,0.5947,78.2577,228.0649,314.2755,247.2004,256.2008,250.9137,319.3112,235.2613,316.7273,309.7322,328.5229,327.4751,326.9901,313.5119,437.8448,255.9954,333.6864,348.9201,24.1941,59.0716,60.9933,218.1135,262.2669,315.3794,317.0211,317.1935,262.5286,97.0750,99.1346,256.3539,312.7907,103.3618,308.6249,98.3883,101.5709,211.8833,246.3722,101.8571,265.8990,315.6437,345.0724,344.0252,311.8029,340.6408,332.8474,325.5487,350.8591,340.4978,340.8671,327.3294,324.5403,338.6596,311.6016,335.1816,341.6270,342.0892,338.5364,339.0253,340.6934,338.9830,339.5152,348.9032,343.6714,344.8724,355.5612,345.5047,341.3845,341.6824,321.1651,312.1659,321.3000,262.6326,257.6577,133.9523,314.6810,329.1493,312.8392,312.1899,314.3107,313.9701,314.4417,314.7344,312.9678,217.9810,314.2040,308.9520,309.1811,311.4663,311.5321,208.8519,182.5149,218.1797,0.0000,267.7712,262.1157,309.2870,312.6460,91.0614,326.1044,324.8926,334.2973,339.2619,340.9552,305.9897,315.2740,354.1054,259.7370,318.2745,78.9238,204.4727,326.2821,79.5466,316.8339,327.6488,344.1929,310.2789,312.0626,314.6647,314.0419,240.1552,246.9552,338.1890,311.9660,312.0471,315.9080,308.8603,22.7759,198.7347,316.6375,250.6017,307.2924,311.2500,312.3716,316.7958,0.5880,0.5899,321.5334,318.6096,344.0423,320.1807,312.4684,311.7645,337.8098,338.7775,206.6744,200.5706,212.1238,316.6232,321.9979,310.1001,321.2251,318.4693,310.9038,316.9556,339.0961,0.0000,332.8956,323.2406,333.1554,334.8951,317.1070,316.4134,253.4593,318.4496,314.2846,316.6992,294.7027,327.9309,295.2759,312.2969,225.9733,107.5425,168.7332,186.0803,262.6020,204.2590,309.1804,338.4583,337.6901,340.3889,300.1428,340.3099,83.6814,72.2170,59.4969,133.2670,162.7352,24.2497,346.2279,346.6499,346.6353,345.6931,344.0423,346.6090,347.6295,349.4677,346.6969,346.7832,343.3535,314.2040,311.5360,316.9566,0.0000,326.8330,314.2932,326.8326,319.0982,312.8275,310.8780,326.4115,327.6131,263.2054,317.0195,325.4589,326.0924,325.6908,325.7837,281.5279,339.4769,320.9751,325.7829
4.0000,98.0648,315.5418,315.9775,323.5461,309.4673,0.5946,78.2417,227.6508,314.0623,246.7272,255.8881,250.4896,319.0689,234.9995,316.6292,309.6617,328.4017,327.3223,327.0803,313.2443,437.7579,255.9980,333.6575,348.8481,24.1798,59.0341,60.9520,217.8599,261.6344,315.3018,316.8899,317.0298,261.8155,96.9206,98.9827,255.9925,312.5832,103.2481,308.4651,98.2221,101.3219,211.6119,246.0536,101.6006,265.1069,315.5178,344.4113,343.3458,311.7359,340.4379,332.5994,325.3995,350.7830,340.3561,340.7287,327.1788,324.4343,338.3947,311.4907,334.9036,341.3952,341.8441,338.2846,338.7686,340.6934,338.8525,339.3935,348.5686,343.4306,344.6606,355.4310,345.1907,341.1671,341.4505,321.0696,312.1784,321.2033,261.9914,257.1918,133.7966,314.6810,328.9407,312.6301,311.9855,314.0872,313.7360,314.2089,314.5072,312.7470,217.5974,314.0747,308.8086,309.0542,311.4334,311.5321,208.5788,182.2492,217.9082,0.0000,267.4591,261.7537,309.1111,312.5905,90.9276,326.1169,324.8549,334.1830,339.0852,340.7383,305.9887,315.1134,353.9701,259.2896,318.0755,78.9089,204.4949,326.0194,79.4482,316.7007,327.5156,343.8054,310.1128,311.8864,314.6104,313.9232,239.8688,246.4913,338.0390,311.8555,311.9366,315.8612,308.7911,22.7624,198.4135,316.5046,250.2626,307.0885,311.0652,312.1751,316.6633,0.5880,0.5899,321.4520,318.5290,343.6404,320.0914,312.3967,311.6947,337.6621,338.6468,206.2103,200.1005,211.6973,316.5050,321.8892,310.1643,321.0086,318.3338,310.7978,316.8429,338.9490,0.0000,332.8931,323.1504,332.9069,334.6487,316.9875,316.2886,252.9961,318.3313,314.1542,316.4214,294.4042,328.0104,294.9789,311.5390,225.7132,107.3463,168.2351,185.5027,261.8952,203.9197,309.1202,338.1975,337.4375,340.1475,299.7241,340.2144,83.6635,72.1870,59.4596,132.9569,162.2678,24.2372,345.8304,345.9353,345.9296,345.1379,343.6404,345.8977,347.2450,349.1326,345.9880,346.0024,342.9786,314.0747,311.5354,316.8438,0.0000,326.9345,314.0795,326.9341,319.0152,312.7412,310.7787,326.2644,327.7020,262.5204,316.8884,325.6596,326.1063,325.8436,325.9951,281.3265,339.2409,320.8555,325.9945
5.0000,98.7974,315.7537,316.1731,323.9288,309.7744,0.5959,78.3395,233.3094,314.4655,255.6584,258.9699,257.8869,319.4189,236.6297,316.9941,310.0092,328.7001,327.6162,327.4871,313.5244,438.3793,256.2569,334.0607,349.2994,24.2703,59.1972,61.1287,219.5269,267.1965,315.5217,317.1733,317.2748,267.3538,97.6188,99.7453,260.0474,313.0198,104.1463,309.0598,98.9503,101.9613,214.3134,249.0632,102.2320,270.6663,315.7764,344.5035,343.4248,312.1285,340.6140,332.7157,325.6332,350.9276,340.5518,340.9607,327.4082,324.7203,338.4874,311.7566,334.8712,341.5962,342.0395,338.4060,338.8799,340.6934,339.0901,339.5990,348.7215,343.6360,344.8785,355.6669,345.3445,341.3303,341.6512,321.3556,312.3847,321.4246,267.5570,262.7379,135.0667,314.6810,329.2239,313.0641,312.3565,314.4441,314.0550,314.6176,314.9075,313.0873,221.7848,314.6364,309.4234,309.7168,311.8389,311.8440,211.2686,184.8095,219.5590,0.0000,270.5651,265.7129,309.6228,312.9623,91.4935,326.5086,325.2100,334.4713,339.3152,340.9485,306.3157,315.6604,354.1970,264.5317,318.6431,79.0024,204.7033,326.2270,79.7866,317.0870,327.7498,343.9665,310.6967,312.5168,314.8251,314.1851,241.7404,256.0167,338.2934,312.1218,312.2029,316.0607,309.1881,22.8476,201.6935,316.7440,252.6223,307.4778,311.6144,312.6952,316.9193,0.5880,0.5899,321.9411,319.0137,343.7989,320.4694,312.8069,312.0954,337.8999,338.8867,210.1746,204.1636,215.7611,316.7731,322.4404,310.5342,321.3207,318.6698,311.3361,317.2242,339.2123,0.0000,333.2792,323.5320,333.0230,334.7632,317.3679,316.6720,260.1385,318.9131,314.7142,316.4718,294.4515,328.3781,295.0263,311.3758,227.3689,108.2119,170.6442,188.5696,267.4256,207.4512,309.4647,338.3027,337.5508,340.3185,299.6745,340.3387,83.7751,72.3336,59.6225,134.3574,164.4972,24.3291,345.9757,346.0253,346.0218,345.2632,343.7989,345.9883,347.3906,349.2858,346.0795,346.0772,343.1448,314.6364,311.8481,317.2249,0.0000,327.3443,314.4826,327.3439,319.5043,313.2069,311.3202,326.5596,328.1182,268.0676,317.1719,326.1716,326.4990,326.2917,326.4559,282.3448,339.3437,321.1926,326.4554
6.0000,98.7794,315.9150,316.3320,324.1125,309.9523,0.5958,78.3892,233.3766,314.5645,255.6886,259.1277,257.9609,319.2530,236.7797,317.3678,310.3224,329.2513,328.0584,328.3053,313.6128,438.7723,256.5874,334.4414,349.5866,24.2858,59.2201,61.1560,219.6784,267.0928,315.6860,317.3172,317.4237,267.1695,97.5934,99.7358,260.1655,313.1294,104.1934,309.2139,98.9299,101.8926,214.4271,249.2344,102.1590,270.4295,316.3262,346.1673,345.1191,312.4948,341.5729,333.7246,326.2211,351.3614,342.4154,341.7331,328.0027,325.0744,339.5520,312.3217,352.3398,342.7385,343.2016,339.4838,339.9662,340.6934,340.0855,340.6719,349.9885,344.7569,345.9436,356.5212,346.5069,346.3227,342.7935,321.9539,312.5800,321.7504,267.4450,262.8036,135.1431,314.6810,329.6595,313.1732,312.4744,314.5290,314.1293,314.7003,314.9967,313.1814,221.8691,314.7996,309.5883,309.8910,312.0532,312.0507,211.3779,184.9101,219.7459,0.0000,270.7148,265.8364,309.7718,313.2118,91.4730,327.2396,325.8773,335.3438,340.3484,342.0594,306.5226,315.8021,355.1179,264.6097,318.7448,79.0283,204.9745,326.1262,79.7741,317.2171,328.3644,345.2934,310.8471,312.6622,314.9980,314.7440,241.8756,256.0538,339.2578,312.6877,312.7690,316.3095,309.5588,22.8622,201.7872,316.9098,252.7215,307.5909,311.7535,312.8302,317.4572,0.5880,0.5899,322.2394,319.3092,345.1424,320.6491,313.1877,312.4696,338.8885,339.8778,210.2357,204.2257,215.8329,316.9219,322.5707,310.9337,321.6412,319.0224,311.5222,317.3620,340.1697,0.0000,334.1401,323.7134,334.0356,335.7912,317.4954,316.7553,260.1677,319.0764,314.8765,317.4111,295.2352,329.2043,295.8163,311.7453,227.5202,108.1490,170.5848,188.5532,267.2354,207.5423,309.7619,339.3729,338.6136,341.4336,300.3318,341.0511,83.8272,72.3696,59.6455,134.1975,164.4189,24.3472,347.3007,347.7571,347.7426,346.7979,345.1424,347.7161,348.6889,350.5548,347.8037,347.8891,344.4645,314.7996,312.0548,317.3627,0.0000,328.0275,314.5813,328.0271,319.8026,313.4962,311.5024,326.9504,328.9053,267.9012,317.3158,327.0925,327.2305,327.1432,327.1702,282.4989,348.1618,321.5932,327.1698
7.0000,98.6158,315.5612,315.9714,323.7957,309.7137,0.5957,78.3097,232.9492,314.1687,255.2092,258.7198,257.5032,319.0854,236.3914,317.1216,309.9514,329.1874,327.9352,328.2052,313.2141,438.2435,256.2074,333.9783,349.2010,24.2538,59.1395,61.0703,219.3123,266.4068,315.3354,316.9890,317.0892,266.3881,97.4427,99.5752,259.7210,312.7321,104.0304,308.8337,98.7644,101.6900,214.0721,248.8399,101.9530,269.5220,316.0078,345.3344,344.2445,312.1731,341.0261,333.1283,325.8804,351.1196,342.0780,341.3487,327.6613,324.8890,338.9703,311.9899,352.0523,342.1448,342.5673,338.8873,339.3567,340.6934,339.6732,340.2893,349.3409,344.2192,345.4776,356.1116,346.0214,346.1684,342.2003,321.6046,312.2448,321.5200,266.7553,262.2583,134.9268,314.6810,329.5781,312.7745,312.0765,314.1270,313.7195,314.2915,314.5919,312.7766,221.4675,314.4388,309.2148,309.5387,311.7190,311.7170,211.0382,184.6029,219.3637,0.0000,270.2944,265.3846,309.3932,312.8729,91.3336,327.0134,325.5840,334.9469,339.8552,341.4930,306.1537,315.4469,354.7026,264.0819,318.4001,78.9595,204.6499,326.3094,79.6555,316.8971,328.0285,344.6096,310.4642,312.2629,314.6480,314.4188,241.4461,255.5779,338.8130,312.3557,312.4369,316.0538,309.2450,22.8321,201.4401,316.5815,252.2028,307.1973,311.3627,312.4344,317.1499,0.5880,0.5899,321.8982,318.9713,344.4675,320.3366,312.8735,312.1528,338.4456,339.4644,209.7827,203.7736,215.4038,316.5883,322.1245,310.4180,321.5954,318.8420,311.1853,317.0618,339.7327,0.0000,334.0392,323.3979,333.4390,335.2054,317.2000,316.4921,259.6722,318.6629,314.5147,316.7714,294.6401,329.1148,295.2201,311.0110,227.1439,107.9853,170.0912,187.9630,266.4526,207.1807,309.3912,338.7809,338.0230,340.8355,299.6965,340.7894,83.7398,72.2838,59.5646,133.9838,163.9738,24.3132,346.2892,346.8960,346.8867,346.0332,344.4675,346.8566,348.0209,349.9062,346.9458,347.0071,343.7675,314.4388,311.7210,317.0625,0.0000,328.0158,314.1852,328.0154,319.4658,313.1693,311.1568,326.7993,328.8385,267.1483,316.9876,327.1225,327.0061,327.1064,327.2000,282.1129,347.9669,321.3951,327.1996
8.0000,98.4963,315.3627,315.7715,323.5790,309.5729,0.5956,78.2476,232.6269,313.9584,254.8643,258.3428,257.1881,318.9165,236.1874,316.7760,309.6505,328.9186,327.6704,327.7639,312.9090,437.8836,256.0128,333.7190,348.9130,24.2324,59.0657,60.9930,219.1048,265.9632,315.1377,316.7795,316.8556,265.8851,97.3288,99.4580,259.3744,312.5166,103.9166,308.6019,98.6442,101.5550,213.8197,248.4198,101.8166,268.9839,315.1937,344.4625,343.3832,311.8206,338.5942,331.4431,324.7172,349.2437,340.0712,338.8268,326.3721,324.6695,337.5426,311.2339,334.3243,341.1002,341.5373,337.4998,338.0048,340.6934,338.4764,339.0598,348.2661,343.1674,344.4009,352.1684,344.9125,341.0887,341.1552,320.8482,312.0808,321.3603,266.3115,261.8827,134.7800,314.6810,329.3027,312.5589,311.8606,313.9212,313.5164,314.0850,314.3821,312.5676,221.1740,314.1984,308.9803,309.3036,311.5066,311.5321,210.8225,184.3674,219.1610,0.0000,269.9384,265.0264,309.1553,312.6134,91.2252,326.4755,325.0033,334.0345,338.7841,340.4487,305.9641,315.2038,350.7935,263.7070,318.1483,78.9022,204.4735,326.4014,79.5566,316.6994,326.6796,343.6220,310.2269,312.0222,314.4610,313.6209,241.2479,255.2377,337.7544,311.5966,311.6776,315.8495,308.8861,22.8119,201.1761,316.3763,252.0206,306.9848,311.1242,312.1917,316.3236,0.5880,0.5899,321.5911,318.6669,343.4804,320.1234,312.5038,311.7905,337.3511,338.2840,209.5009,203.4947,215.1165,316.3817,321.8636,310.1947,321.1288,318.4559,310.9542,316.8677,338.6529,0.0000,333.5076,323.1827,331.7705,333.5957,317.0067,316.3114,259.3189,318.4064,314.2741,315.0222,293.0575,328.6616,293.6320,309.1799,226.9383,107.8645,169.9245,187.7974,265.9460,206.9076,309.1071,337.3733,336.5704,339.6152,298.0366,339.9741,83.6716,72.2102,59.4907,133.8237,163.8054,24.2932,345.4321,346.0541,346.0394,345.1146,343.4804,346.0132,346.9880,348.8296,346.0999,346.1671,342.7895,314.1984,311.5358,316.8684,0.0000,327.7584,313.9749,327.7579,319.1573,312.8661,310.9296,326.5657,328.4514,266.6635,316.7781,326.8202,326.4703,326.7382,326.9875,281.8890,339.0079,321.0812,326.9872
9.0000,98.5865,315.3509,315.7630,323.5074,309.4510,0.5958,78.2457,232.9237,313.9427,255.2332,258.5708,257.5180,318.8676,236.3307,316.8117,309.7116,328.9922,327.6605,328.0342,312.9041,437.8706,256.0107,333.7009,348.8960,24.2386,59.0765,61.0066,219.2487,266.3521,315.1243,316.7202,316.7920,266.2788,97.4185,99.5480,259.6375,312.5143,103.9975,308.6327,98.7343,101.6434,214.0162,248.6585,101.9049,269.3739,315.4549,344.8709,343.7875,311.8712,339.0571,331.9543,325.0847,349.3282,340.4192,339.2270,326.7607,324.6498,338.0784,311.4664,334.8098,341.5133,341.9650,338.0041,338.5200,340.6934,338.8137,339.3862,348.6077,343.6155,344.8704,352.4812,345.4566,341.5329,341.5680,321.0359,312.0679,321.2765,266.7028,262.2431,134.8863,314.0614,329.2282,312.5573,311.8590,313.8974,313.4902,314.0847,314.3726,312.5532,221.4440,314.2605,309.0121,309.3236,311.5182,311.5321,211.0337,184.5669,219.3136,0.0000,270.1529,265.2876,309.2013,312.5979,91.2983,326.7008,325.1997,334.3257,339.1464,340.8484,305.9925,315.2738,351.1219,264.0487,318.2540,78.8923,204.5328,326.2386,79.5992,316.6163,327.0730,344.0255,310.2582,312.0705,314.4506,313.8674,241.4268,255.6004,338.0881,311.8276,311.9087,315.8210,308.9454,22.8178,201.4086,316.2927,252.2743,306.9934,311.1458,312.2017,316.5880,0.5880,0.5899,321.6217,318.6972,343.8715,320.0513,312.5705,311.8503,337.6908,338.6198,209.8279,203.8295,215.4167,316.3335,322.0191,310.1454,321.2815,318.5339,310.9535,316.7677,338.9844,0.0000,333.8167,323.1099,332.2820,334.1036,316.9091,316.1979,259.7107,318.5235,314.3370,315.4807,293.4996,328.9354,294.0741,309.7521,227.0824,107.9781,170.2933,188.1511,266.3383,207.1510,309.1632,337.8972,337.0817,340.0744,298.5286,340.1992,83.6712,72.2162,59.5014,134.0439,164.1488,24.3001,346.0396,346.4602,346.4451,345.5118,343.8715,346.4196,347.3372,349.1717,346.5061,346.6016,343.2112,314.2605,311.5359,316.7683,0.0000,328.0217,313.9594,328.0213,319.1915,312.8982,310.9521,326.5619,328.7318,267.0566,316.7189,327.1414,326.6952,327.0423,327.3362,281.9655,339.4649,321.0990,327.3360
10.0000,98.6969,315.6464,316.0671,323.7854,309.6929,0.5958,78.3091,233.1582,314.2728,255.5150,258.8228,257.7999,319.1942,236.5676,317.1227,310.0168,329.5328,328.1270,328.3441,313.2077,438.1704,256.1059,333.8546,349.1665,24.2577,59.1334,61.0657,219.4814,266.6920,315.4142,317.0183,317.0985,266.6339,97.5227,99.6532,259.8844,312.8390,104.0916,308.9240,98.8465,101.7913,214.2036,248.9135,102.0560,269.7536,315.9599,344.7921,343.6624,312.1517,339.0913,331.9362,325.6670,349.3424,340.5830,339.6108,327.3556,325.0088,338.1512,311.8786,335.1544,341.5805,342.0224,338.0631,338.5868,340.6934,338.9426,339.5152,348.7384,343.7698,345.1009,352.5998,345.5411,341.8478,341.6355,321.3678,312.3086,321.7151,267.0493,262.5037,135.0105,314.3477,329.7234,312.8829,312.1866,314.2361,313.8364,314.4226,314.7081,312.8910,221.6536,314.5547,309.2960,309.6040,311.7645,311.7692,211.1889,184.7262,219.5907,0.0000,270.4128,265.5430,309.4958,312.8464,91.3972,326.9353,325.4187,334.4773,339.2525,340.9271,306.2298,315.5743,351.2466,264.3094,318.5467,78.9528,204.6279,326.8489,79.6900,316.9139,327.6462,344.0586,310.5529,312.3678,314.7210,314.3264,241.6545,255.8822,338.2108,312.2386,312.3198,316.1076,309.2109,22.8357,201.5900,316.5827,252.4823,307.3122,311.4485,312.5091,317.1376,0.5880,0.5899,321.8878,318.9610,343.8985,320.3270,312.8299,312.1181,337.8166,338.7493,210.0797,204.0797,215.6490,316.6296,322.4695,310.4430,321.6581,318.8790,311.2299,317.0564,339.1053,0.0000,334.1227,323.3882,332.2680,334.1196,317.1996,316.4857,259.9935,318.8925,314.6329,315.3291,293.3841,329.2426,293.9571,309.8135,227.3162,108.0988,170.5431,188.4305,266.6942,207.3402,309.4583,337.9600,337.1341,340.1357,298.4522,340.3003,83.7381,72.2798,59.5586,134.1819,164.3767,24.3158,346.0501,346.3823,346.3711,345.4882,343.8985,346.3425,347.4260,349.3027,346.4309,346.5374,343.2312,314.5547,311.7733,317.0571,0.0000,328.6423,314.2896,328.6419,319.4580,313.1651,311.2246,326.9748,329.1541,267.4103,317.0169,327.4734,326.9286,327.3736,328.0555,282.2369,339.7889,321.4709,328.0554
11.0000,99.3580,317.3027,317.7521,325.2127,310.9221,0.5960,78.6547,234.8564,315.8761,257.4488,260.4924,259.6802,320.7748,237.9639,318.6123,311.5087,331.1911,329.8067,329.4447,314.7951,440.1418,257.2023,335.3089,350.7474,24.3764,59.4138,61.3598,220.7849,269.0848,317.0544,318.5442,318.6044,269.0889,98.1667,100.3048,261.6491,314.4469,104.7278,310.5247,99.5127,102.5598,215.6018,250.5478,102.8337,272.2786,317.2389,345.5984,344.4440,313.5602,339.9647,332.8532,327.0350,349.6497,341.2667,340.7094,328.7269,326.7005,339.0478,313.1056,334.9205,342.4979,342.9404,338.9560,339.4699,340.6934,339.7944,340.2941,349.5749,344.7357,346.1137,353.4127,346.4837,342.1526,342.5513,322.5795,313.9103,323.4051,269.4717,264.5346,135.8365,314.6810,331.4396,314.4926,313.7764,315.8575,315.4761,316.0668,316.3371,314.5087,223.2251,316.1871,310.8931,311.1572,313.2797,313.3135,212.5460,185.9524,220.8653,0.0000,272.1266,267.3362,311.0983,314.2829,91.9782,328.0598,326.5808,335.4678,340.1593,341.8427,307.7794,317.2290,352.0673,266.2996,320.2371,79.2832,205.5050,328.3743,80.1576,318.3405,328.9783,344.8847,312.1991,314.0859,316.3547,315.5789,243.0955,257.8076,339.1252,313.4654,313.5469,317.7291,310.5734,22.9475,202.9740,318.1022,254.0160,308.8949,313.1045,314.1683,318.4319,0.5880,0.5899,323.3546,320.4143,344.7102,321.7383,314.1855,313.4935,338.7164,339.6092,211.6361,205.6224,217.2127,318.1831,324.3911,311.8504,323.3683,320.4746,312.7339,318.4359,340.0096,0.0000,335.3079,324.8130,333.1839,335.0222,318.5884,317.8472,261.9797,320.6765,316.2687,316.2756,294.2730,330.3439,294.8472,310.8006,228.6667,108.8297,171.9242,189.9640,269.1515,208.7777,310.9590,338.8575,338.0280,341.0472,299.3990,340.8158,84.1071,72.6101,59.8407,135.1581,165.6895,24.4345,347.0075,347.1886,347.1748,346.2955,344.6014,347.1494,348.2319,350.1405,347.2350,347.3712,344.1018,316.1871,313.3176,318.4365,0.0000,330.1303,315.8937,330.1298,320.9147,314.5940,312.7797,328.6866,330.1838,269.8720,318.5427,328.5917,328.0516,328.4798,329.6024,283.7683,339.7490,323.0351,329.6024
12.0000,99.4619,317.8463,318.3333,325.6860,311.3863,0.5959,78.7304,235.2731,316.1741,257.9830,260.8280,260.1986,321.3264,238.0428,318.6212,311.6475,331.1760,329.8608,329.0295,315.2761,440.5542,257.4141,335.5933,351.0964,24.3955,59.4650,61.4109,220.8850,269.7153,317.5769,319.0730,319.0931,269.7673,98.2692,100.4044,262.0629,314.7239,104.8173,310.7957,99.6179,102.6908,215.8553,250.8528,102.9671,273.0296,316.2725,343.9069,342.7545,313.6037,338.3791,331.1019,325.8359,348.9729,339.7034,339.2918,327.4860,326.8363,337.2745,312.3389,328.6831,341.0427,341.4769,337.2546,337.7362,340.6934,338.7877,339.2874,347.8988,343.1872,344.5253,352.3700,344.5740,338.3831,341.0947,322.0022,314.3253,323.6087,270.1101,265.0332,135.9465,316.2510,331.5034,314.7659,314.0598,316.1379,315.7290,316.3745,316.6394,314.7724,223.5536,316.6135,311.1823,311.5192,313.6135,313.6771,212.7861,186.1566,220.9653,0.0000,272.4952,267.7478,311.3059,314.6059,92.0906,327.6244,326.1922,334.6485,338.9588,340.4172,308.0215,317.7083,350.9832,266.7830,320.7858,79.3546,205.6797,329.3010,80.2877,318.8389,327.7267,343.1043,312.4908,314.3522,316.8320,314.7079,243.0827,258.3393,338.1062,312.7014,312.7827,318.0561,310.6214,22.9655,203.2323,318.6546,253.7980,309.1329,313.4056,314.4705,317.3687,0.5880,0.5899,323.5720,320.6297,342.9055,322.2101,314.2364,313.5420,337.6581,338.6056,211.7930,205.7693,217.4496,318.7104,324.8813,312.0126,323.1663,320.3983,313.1079,318.9842,339.0193,0.0000,334.9152,325.2893,331.4333,333.2992,319.1379,318.3751,262.4915,321.1250,316.6965,314.4657,292.3917,329.9149,292.9728,306.9110,228.7530,108.9096,171.7972,189.8831,269.8299,209.0553,311.1133,337.1069,336.3083,339.4658,296.9694,340.1709,84.1865,72.6760,59.8924,135.1621,165.5649,24.4489,345.4371,345.5136,345.4941,344.5499,342.2555,345.4756,346.4899,348.4617,345.5557,345.7101,342.3915,316.6135,313.6811,318.9850,0.0000,330.0243,316.1918,330.0238,321.1225,314.8030,313.1514,328.7796,329.7773,270.5443,319.0715,328.1974,327.6147,328.0702,329.5451,283.9659,333.5252,323.0617,329.5452
13.0000,90.8873,229.8637,230.1890,235.3533,225.8130,27.6574,77.1527,179.3149,230.2004,194.7685,195.8432,196.0604,233.4255,183.6843,230.2725,225.8336,239.7148,238.6445,237.9416,228.4199,307.2710,190.3363,240.2460,250.8498,42.7585,65.3752,66.6659,171.6470,202.7234,229.6576,231.3913,231.4270,202.7808,90.2622,91.7332,196.9147,229.1823,95.1448,226.6980,91.0347,93.9383,165.2596,189.6231,94.1994,205.2571,228.5195,247.2164,246.3407,226.5331,243.9607,238.5855,235.6079,252.1268,245.1160,245.1750,236.8448,236.2612,242.9929,225.6320,243.9930,245.3676,245.6643,242.9142,243.2457,246.5093,244.3333,244.7680,250.1580,246.9611,247.9901,254.2503,247.9356,244.3647,245.4050,232.5086,226.8297,233.8349,203.0161,199.2180,115.3099,231.7752,239.9019,229.2167,228.7160,230.1837,229.9467,230.4625,230.5831,229.2474,171.9384,230.2327,226.8633,226.9041,227.8055,227.3341,163.5126,147.0928,171.6993,0.0000,203.1843,200.4662,227.0168,227.7119,86.3023,236.9061,235.8714,241.4986,244.1811,244.9352,224.7130,231.0534,253.2283,200.2354,233.2585,77.5346,157.0366,237.8039,78.9372,231.7620,236.9885,246.5632,227.8026,229.1287,228.9278,227.3635,187.1308,194.9767,243.7847,225.8899,225.9487,229.6130,224.7365,40.5174,158.4462,231.0652,194.4198,225.7296,228.4657,229.1823,229.3125,27.0153,27.2586,233.6700,231.5452,246.3948,232.8904,227.5917,226.8496,243.4449,244.2003,165.3898,161.7724,168.5450,230.9715,235.7796,225.3650,233.6821,231.6196,227.7647,231.7730,244.4612,0.0000,242.2341,235.1161,238.8179,240.1719,231.8799,231.3987,197.7066,233.2631,230.2891,226.7049,210.9592,238.5849,211.3695,222.6511,177.1653,97.6370,140.6191,152.4616,202.8288,162.3145,225.6703,242.8340,242.2765,244.3651,214.6781,245.6880,80.6381,73.8412,65.6513,115.7371,136.3900,42.8444,248.4550,248.3960,248.3772,247.6365,245.4221,248.3695,249.0760,250.5628,248.4226,248.5479,245.9513,230.2327,227.3371,231.7739,0.0000,238.8509,230.2143,238.8505,232.2272,228.2619,227.8098,237.7719,238.5538,203.3624,231.3902,237.3773,236.8981,237.2418,238.5258,210.9213,241.2956,233.5791,238.5259
14.0000,64.7910,202.8341,203.1622,208.3785,199.5605,0.5996,50.4318,151.8587,202.7364,166.4377,167.9500,167.7722,205.8680,157.2339,203.0014,199.3746,210.3779,209.7101,208.8304,201.7647,281.0631,164.1858,214.0478,223.9165,15.8912,38.2945,39.5402,144.8970,173.9494,202.6293,204.1303,204.1006,174.0015,63.9433,65.3551,168.7917,201.7801,68.1819,199.3163,64.9061,67.1763,139.1798,161.5987,67.3805,176.1152,201.1605,215.4812,214.7052,199.9098,213.6730,208.7635,207.5391,222.1502,214.1876,215.5947,208.6736,207.6514,212.4720,198.5246,209.2419,214.2072,214.4396,212.3597,212.6268,217.9670,213.9408,214.3622,218.1825,215.5371,216.4286,223.0381,216.2544,211.6320,214.2405,204.4733,200.1249,205.9232,174.2131,170.8207,88.4231,204.4311,210.8516,201.8091,201.2700,202.6744,202.3921,202.9376,203.0820,201.7494,144.3118,202.6765,199.4782,199.5262,200.4539,200.2202,137.2287,120.3591,144.9307,0.0000,175.3247,172.4046,199.5912,200.3131,59.8385,207.9268,207.0460,211.5469,213.4661,213.8459,198.3228,203.4466,222.0316,171.9115,205.4793,50.8215,131.2391,209.9165,52.0202,204.3584,208.7735,215.0399,200.3696,201.6578,201.9835,200.0973,160.7147,166.6523,213.3365,198.7500,198.8017,202.4593,198.0171,14.9596,131.2920,203.8222,168.0607,198.2743,200.9990,201.7031,201.8995,0.5880,0.5919,206.6051,204.7265,214.8870,206.1704,200.3287,199.8789,213.0199,213.8205,136.8799,133.0677,140.4544,203.7668,207.9393,198.8353,206.1685,204.2598,200.4264,204.4291,213.9749,0.0000,212.5311,208.1407,208.9556,210.1200,204.5215,204.0405,169.2764,205.5445,202.7295,198.5630,184.8918,209.3914,185.2450,195.9830,150.5371,70.8483,111.7025,123.3362,174.0451,135.0214,199.2226,212.3069,211.8540,213.4768,188.4531,215.8889,53.9148,46.6566,38.5652,87.9145,107.6564,15.9241,216.7686,216.4914,216.4800,215.9018,213.8490,216.4705,217.2348,218.5355,216.5180,216.6052,214.2820,202.6765,200.2228,204.4299,0.0000,209.6523,202.7492,209.6520,205.0656,201.0499,200.4118,208.8068,209.3937,174.5047,204.1293,208.3748,207.9190,208.2082,209.3821,183.8987,206.9037,205.6535,209.3822
15.0000,76.4398,238.8605,239.3142,244.9743,233.9575,0.6003,59.1790,179.0470,238.5856,196.3518,197.7378,197.7641,242.5110,183.6843,238.3956,233.8090,247.2000,246.5091,244.4326,237.6333,330.3842,192.9640,251.5970,263.1905,18.5686,44.9267,46.3957,169.6164,205.4098,238.5852,240.2938,240.3520,205.5568,75.3902,77.0137,198.8401,237.4106,80.0726,234.3822,76.5987,79.7413,163.7933,190.2979,80.0242,208.1491,235.9636,250.4887,249.6613,234.6323,249.0619,243.4237,243.6444,257.4109,249.0652,252.1964,245.0239,244.2117,247.6598,232.7189,241.0875,249.3018,249.5615,247.4520,247.7611,251.5201,249.2602,249.5905,253.8857,250.5759,251.4407,259.7201,251.1772,244.8417,249.3402,239.4603,235.5166,242.2278,205.7410,201.4365,103.7993,240.4872,247.9059,237.4487,236.8300,238.5543,238.2579,238.8722,239.0260,237.4529,170.0497,238.5461,234.5600,234.6717,235.7057,235.5010,161.4292,141.5996,169.6686,0.0000,206.4262,203.0880,234.7868,235.4782,70.5080,243.3025,242.3094,246.8744,248.6373,248.9040,231.8542,239.5469,258.5757,202.6807,242.0698,59.6335,154.2466,247.3318,61.2198,240.4203,245.0965,250.1022,235.6751,237.1827,237.7972,234.6340,187.7908,196.5793,248.6527,232.9762,233.0368,238.2192,232.3925,17.4801,154.5821,239.9153,196.4837,233.2802,236.4696,237.3275,236.8867,0.5880,0.5923,242.7079,240.5012,249.9266,242.3798,235.0919,234.5775,248.2329,249.1364,161.5389,157.0565,165.6361,239.8799,245.0579,233.0902,242.4354,239.9821,235.7021,240.4848,249.3933,0.0000,248.7588,244.6961,243.6396,244.9627,240.6109,240.0323,199.6892,242.0758,238.6130,231.8171,215.9827,245.0899,216.3886,230.5288,176.0531,83.6208,132.4932,146.2356,205.6072,159.0114,233.5234,247.4349,246.9086,248.5928,220.6118,250.6395,63.2774,54.7525,45.2449,103.9936,127.6592,18.6080,252.0874,251.6178,251.6132,251.0248,248.5677,251.5959,252.7433,254.2965,251.6549,251.7055,249.0760,238.5461,235.5040,240.4859,0.0000,246.0685,238.6017,246.0681,240.8890,236.1784,235.7351,245.5341,245.3335,206.1308,240.2925,243.8951,243.2920,243.6617,245.7501,215.7802,238.1980,241.6022,245.7501
16.0000,30.8685,237.4780,237.9444,242.8581,232.7910,0.6017,53.3123,200.3426,238.0928,212.0798,205.7780,211.9529,241.7669,183.6843,236.6324,232.7417,245.9275,245.1917,243.1233,236.1622,321.5210,185.5079,243.5524,258.7143,16.7313,32.4509,34.3567,170.7403,219.1037,237.1848,239.0296,239.1196,219.3678,0.0000,31.0760,210.8280,237.0228,71.5229,234.2739,30.9387,32.3307,173.0781,199.0669,32.4560,222.2175,234.7049,249.1833,248.5039,232.6917,247.8908,242.2623,242.5361,256.8597,247.5779,251.0627,243.9719,242.9153,246.4636,231.4826,238.2832,247.8393,248.1065,246.2051,246.5065,251.5201,247.9695,248.3311,252.4366,248.7539,249.3406,258.5542,249.2664,242.4771,247.8778,238.1298,234.2049,240.8825,219.4738,214.5806,102.8491,237.5446,246.6470,237.0653,236.5224,238.1045,237.8763,238.4893,238.5779,237.1171,196.8360,238.5437,234.5115,234.8549,235.4374,234.8791,171.0729,153.2599,170.7898,0.0000,214.0116,213.1560,234.7311,232.0831,5.3330,242.1003,241.2268,245.6348,247.2929,247.4543,232.8146,239.5906,257.3795,214.7028,242.0952,52.1866,147.2748,246.7001,15.9623,239.3010,244.0522,248.6464,235.6059,236.9965,236.4472,233.3817,187.5950,212.0616,247.3657,231.7351,231.7954,236.9069,231.0250,15.7505,173.1145,238.6433,195.9019,233.1201,236.3956,237.2026,235.5916,0.5880,0.5931,240.9450,238.7541,248.4938,240.3218,234.0777,233.1972,246.9603,247.8443,267.5572,296.0585,233.6559,238.5825,245.0459,231.0313,240.7828,238.2578,235.4973,239.2099,248.0820,0.0000,247.3744,242.6184,242.4736,243.7884,239.3617,238.7940,214.0839,242.0576,238.6122,230.6951,215.0324,243.7720,215.4315,229.4667,176.6727,571.8429,438.1699,382.1934,219.4229,179.8989,232.7557,246.2139,245.6911,247.2513,219.8187,249.8063,57.0082,45.3177,32.8659,520.6560,452.7402,16.7680,250.5033,250.2817,250.2724,249.6388,247.0723,250.2593,251.3027,252.8451,250.3155,250.3984,247.6120,238.5437,234.8821,239.2108,0.0000,244.7682,238.1100,244.7678,239.4493,235.3409,235.7365,244.2451,244.0106,219.9649,239.0281,242.5678,242.0883,242.3031,244.4439,215.6736,235.4861,240.0132,244.4439
17.0000,78.1783,243.9549,244.4665,249.6316,239.6601,0.6008,60.2515,183.2656,242.1786,201.1843,201.6937,202.4004,247.4161,183.6843,243.1680,239.0976,252.3579,251.8501,247.9096,242.1047,336.6681,196.7101,256.4549,268.2278,18.8531,45.7198,47.2219,170.5183,211.0465,243.6291,244.9524,245.0064,211.4171,77.0891,78.6497,203.1502,240.7289,81.2924,238.3927,78.3702,82.1761,167.1158,194.0876,82.5189,214.2724,240.4205,253.9446,253.2304,239.0921,252.2715,246.7303,248.5477,258.8438,251.4726,256.2687,250.0480,249.5610,251.1406,236.9728,241.1795,252.3444,252.6189,250.8102,251.1555,251.5201,252.2657,252.3994,257.0923,253.3887,254.0535,262.6629,254.2830,245.6391,252.3842,243.5711,240.4851,247.4573,211.4351,206.2450,105.2318,242.8992,253.5068,240.7800,240.2663,242.1809,241.9549,242.6196,242.7189,241.0194,173.8700,243.2439,238.7671,238.9807,240.1116,240.1023,164.7021,144.3433,170.5780,0.0000,210.6035,207.4464,238.9168,240.0664,72.0668,246.8399,245.9699,250.1787,251.7136,251.9378,238.7515,244.3885,261.5526,207.4219,247.0999,60.7149,157.2948,253.8462,62.5292,244.4365,250.1040,253.2309,239.9548,241.3966,242.8610,238.9872,187.7635,201.3807,251.8004,237.2256,237.2873,243.3317,236.6201,17.7479,157.8098,244.5010,196.4384,236.8286,240.7801,241.6531,241.3965,0.5880,0.5926,247.1030,244.8561,253.0769,246.9864,239.2323,238.8448,251.3243,252.1559,165.7893,161.2282,169.6891,244.6315,250.5265,237.2448,247.6961,244.9376,239.9881,244.6022,252.5326,0.0000,252.2615,249.3467,246.9509,248.2960,244.7733,244.0640,204.5845,247.1575,243.3200,234.8722,218.9508,248.5758,219.3558,233.9065,176.5591,85.7344,137.3336,151.4822,211.4759,162.4058,239.0511,250.8627,250.2858,251.8090,223.7931,252.5536,64.4333,55.7419,46.0444,107.2157,132.2481,18.8953,255.1385,255.0872,255.0710,254.3346,251.5791,255.0626,255.9573,257.5082,255.1169,255.2388,252.1346,243.2440,240.1054,244.6028,0.0000,250.6267,242.1978,250.6262,245.2279,240.4218,240.1661,250.9333,249.1620,211.9896,244.9508,247.2566,246.8252,247.0109,250.2463,218.2496,238.3130,246.5978,250.2463
18.0000,171.9640,190.1117,190.4864,187.4057,183.1308,165.7266,168.0664,190.2301,191.9304,197.9787,192.6573,197.1435,193.3061,183.6843,185.9100,184.0898,195.7049,195.1201,193.3968,187.6978,187.0583,175.9986,180.9244,185.8049,166.0464,169.3222,169.7191,183.3250,203.2929,189.8506,190.8533,191.2600,203.7487,172.6215,172.9345,195.1115,191.3475,174.5158,191.0904,172.4052,181.1647,178.3769,192.6771,181.9539,206.6055,186.9607,198.7572,198.2233,181.8937,197.8165,193.3833,193.6316,205.5717,196.9914,200.4391,194.9257,193.8697,196.7897,184.1673,188.6062,197.4751,197.7012,196.4790,196.7241,201.7902,197.4731,197.7989,201.2336,198.2337,198.7015,206.1325,198.6891,192.1401,197.5065,189.0954,187.6754,192.4167,203.6764,198.4723,176.4388,189.0224,196.4293,191.4072,191.6276,192.2040,192.5200,192.6747,192.4396,192.0526,189.6991,192.6090,191.0407,190.7559,189.8100,188.9931,179.2584,180.1729,183.2455,0.0000,193.2741,195.0008,191.6347,184.9155,172.3548,192.7053,192.2822,195.7047,197.0957,197.1587,188.8665,193.4813,205.1888,197.8204,195.0804,168.1046,170.6071,196.5823,172.9737,190.9155,195.0189,198.1824,191.7447,192.1333,189.3703,185.7865,184.3284,197.8474,197.1355,184.3575,184.4054,189.6603,182.4287,156.3131,184.5780,190.6499,185.7842,191.6122,192.2864,192.6029,187.7380,161.9302,163.3582,186.5982,184.9016,198.0607,185.6747,186.0566,184.1438,196.8684,197.3735,195.4662,196.5313,192.7255,190.6098,196.7039,180.6231,189.2432,187.2312,190.1259,190.3471,197.5892,0.0000,196.9071,187.4491,193.5498,194.6106,190.5054,190.2010,198.8741,194.7322,192.6626,184.1948,171.7799,193.9313,172.0939,184.1836,183.5714,177.3129,201.1724,204.0202,203.8053,186.0589,184.7926,196.5397,196.1069,197.1591,175.7556,199.4897,168.4463,170.6645,169.3780,188.0784,199.1108,166.4213,199.7572,199.6555,199.6435,199.0559,196.8803,199.6361,200.3392,201.5592,199.6792,199.7746,197.3056,192.6090,188.9956,190.3485,0.0000,194.6412,191.9462,194.6409,187.2153,187.3522,190.8225,194.7200,194.0993,204.2731,190.8517,192.8029,192.6916,192.6450,194.2979,188.3666,186.3172,189.5380,194.2978
19.0000,181.9762,200.6291,201.0400,197.5723,193.0746,177.2376,179.0634,201.7897,202.6896,210.0111,203.9606,209.0071,204.1472,193.0874,195.8584,194.0929,206.0675,205.4407,203.5280,198.0623,195.7848,185.2671,189.8917,195.4636,177.3259,180.5947,181.0094,193.2680,215.7473,200.3414,201.4341,201.8953,216.1126,183.0121,183.3096,206.6825,202.0709,185.3925,201.7385,182.4631,192.1382,188.9916,204.0742,193.0100,218.5328,197.0242,208.9615,208.3681,191.6361,208.1978,203.7118,204.1498,215.1828,206.9204,210.9836,205.5444,204.2899,207.2227,194.0335,197.8332,207.6476,207.8803,206.8297,207.1028,210.5003,207.5839,207.8360,211.5816,208.5245,209.0784,216.5660,209.0834,201.5581,207.6818,199.1482,197.9851,202.7914,216.1864,210.4321,187.1906,199.4747,206.6518,202.1366,202.4132,203.0046,203.3650,203.5025,203.2472,202.8699,201.2137,203.3743,201.6810,201.3686,200.2983,199.4159,189.9268,191.0978,193.1557,0.0000,204.5329,206.5028,202.3763,194.8992,182.9518,202.8336,202.4421,205.8709,207.2468,207.3164,199.3116,204.3347,215.6099,209.6787,206.0733,179.0866,180.1759,207.7330,184.0564,201.5019,205.6173,208.3793,202.4463,202.8308,199.8198,195.7611,193.6648,209.8531,207.3026,194.2313,194.2818,200.0475,192.2443,166.9314,195.7736,201.2019,194.9968,202.3964,203.0518,203.4072,197.8557,173.2125,174.7194,196.6513,194.8633,208.2476,195.7550,196.0968,194.0517,207.0033,207.4870,207.7454,209.0039,204.6401,201.1688,207.8457,190.2209,199.5230,197.3140,200.6599,200.8726,207.7670,0.0000,207.4228,197.6258,203.8809,204.9555,201.0484,200.7194,210.9128,205.6873,203.4330,194.3590,181.4374,204.1148,181.7595,195.8611,193.2793,188.1768,214.2991,217.4070,216.2019,197.3460,194.8604,206.9367,206.4740,207.3935,186.1705,209.1191,179.4064,181.8978,180.6508,200.0433,212.0564,177.7456,210.0374,209.9105,209.8978,209.2867,206.9964,209.8903,210.6549,211.9239,209.9354,210.0389,207.4381,203.3743,199.4185,200.8742,0.0000,204.8156,202.7070,204.8154,197.3435,197.5624,201.4274,205.1272,204.2716,216.7533,201.4324,202.7774,202.8164,202.6728,204.3832,198.5526,195.4145,199.6336,204.3831
20.0000,181.9762,204.5963,205.0229,200.9366,196.5781,188.3371,187.0627,212.6483,206.9797,219.6668,211.4956,218.1790,208.3032,199.2498,199.1127,197.5398,209.5453,209.0131,206.6465,201.8256,194.7291,188.6304,191.3728,197.5530,187.4752,187.9127,188.3904,200.0323,225.1021,204.2962,205.4383,205.9495,225.5631,177.1868,183.2592,215.2018,206.3804,192.6846,206.1325,182.4756,192.4042,197.0963,211.9968,193.2989,228.1524,200.1489,212.1237,211.5231,194.7566,211.2609,206.9823,207.4057,216.4373,209.5035,213.9872,208.8167,208.0207,210.5334,197.1204,199.9494,210.6539,210.8952,210.0838,210.3851,210.5003,210.3915,210.4933,214.7153,211.5657,212.1328,219.2129,212.1925,203.8123,210.6922,202.2798,201.8928,206.5955,225.5683,219.3875,195.2831,203.4111,210.2142,206.4498,206.7689,207.3276,207.7350,207.8446,207.5618,207.2368,213.3992,207.7154,206.0582,205.7800,204.4833,203.5067,198.2720,200.6021,199.9120,0.0000,211.7184,214.4697,206.7854,198.1337,179.2911,206.0404,205.7604,208.9310,210.2040,210.3119,203.4085,208.7155,218.3162,218.3060,210.4708,186.7930,184.7247,212.0677,184.6862,205.5365,208.8721,211.4417,206.8400,207.1729,203.7696,198.8658,199.6902,219.4315,210.2576,197.3186,197.3700,203.9425,195.5894,176.4859,206.4984,205.2239,200.7375,206.9026,207.4682,207.8179,200.9780,184.0489,185.6566,199.9658,198.1475,211.3101,199.1090,199.6495,197.4282,209.9293,210.3090,236.4287,244.4638,225.4062,205.1610,212.1812,193.3362,202.8639,200.6088,204.9063,204.8364,210.6905,0.0000,210.5344,201.0118,207.1521,208.2099,205.0217,204.7029,220.2232,210.0140,207.7757,197.7468,184.7333,207.2418,185.0542,201.4292,199.7755,291.3298,283.7634,273.2293,225.6621,208.4880,198.4023,210.2295,209.7382,210.5633,189.9636,210.9057,187.2110,189.5416,187.9799,290.2246,285.1823,187.9241,213.1471,213.1011,213.0846,212.4147,210.0210,213.0795,213.7748,215.0627,213.1238,213.2184,210.4771,207.7154,203.5093,204.8382,0.0000,208.0612,206.9978,208.0609,200.8197,201.3350,205.7554,208.8076,207.4371,226.2185,205.4365,205.7447,206.0200,205.7097,207.5426,203.5976,197.5500,203.0128,207.5426
21.0000,149.2546,201.9417,202.3907,201.0462,195.4065,125.3297,141.3580,184.6403,202.9707,192.4830,192.4310,193.0740,205.2881,183.6843,198.0362,195.8932,207.3441,206.8911,203.7158,199.6450,221.4027,179.4787,197.4753,204.1711,129.9568,138.9889,139.6555,179.7021,201.9502,201.6358,202.7203,203.0981,202.5645,149.4231,149.9463,194.0664,202.1655,151.2885,201.2210,149.6759,158.0573,173.6954,190.6675,158.8126,205.4014,198.2703,209.4249,208.8046,194.0516,209.1894,204.8465,205.4218,215.5539,207.3473,211.9695,206.8251,205.6394,208.1989,195.2626,197.7025,208.2037,208.4261,207.7468,208.0334,210.5003,208.1626,208.3731,212.1539,209.1090,209.6983,217.2387,209.5472,201.5411,208.2417,200.4302,199.0440,204.1015,202.3688,196.6148,158.3292,200.6985,208.1224,202.2288,202.2988,203.2012,203.4139,203.6760,203.5219,202.8213,182.9507,203.4303,201.1971,200.9419,200.3684,199.8221,173.8042,169.6679,179.5691,0.0000,194.9990,195.0919,201.8234,196.8271,148.0239,203.1657,202.9138,206.4040,207.7740,207.8697,199.5125,204.4582,216.2664,196.5695,206.3918,141.5410,166.2146,210.2220,146.2209,202.5450,206.8705,208.9021,202.0931,202.7148,201.0380,197.0034,185.1097,191.9275,207.8354,195.4631,195.5139,201.2044,193.8263,122.3390,175.7733,202.4960,188.2054,201.4862,202.7871,203.3020,199.1146,122.4599,123.5392,199.5815,197.7668,208.7695,199.1108,197.1507,195.6483,207.5176,208.0643,185.9379,185.5715,184.5361,202.4569,208.4555,192.5392,201.8432,199.5428,200.7066,202.1050,208.3348,0.0000,207.3832,201.0136,205.0051,206.0118,202.2814,201.8698,195.3532,206.0337,203.4935,195.8372,182.9910,204.2869,183.3067,200.0610,181.5924,155.0743,185.3591,190.5352,202.6328,177.8403,196.4264,207.8960,207.4371,208.1308,188.3799,209.4972,142.6486,142.3250,139.1072,168.4489,182.6281,130.2765,210.4953,210.3797,210.3688,209.7839,207.4903,210.3599,211.2199,212.4971,210.4059,210.5134,207.9544,203.4303,199.8247,202.1066,0.0000,205.5234,202.9886,205.5230,199.5902,198.5625,201.2626,206.5395,204.6312,203.0695,202.7185,202.7076,203.1388,202.7189,204.9267,194.7770,195.3018,201.5273,204.9266
22.0000,151.9519,201.2497,201.7038,200.0900,194.5346,129.3742,144.1191,185.1589,202.3169,192.7453,192.5790,193.1201,204.5871,183.6843,197.1428,195.0629,206.3949,206.0234,202.1572,198.9506,218.4525,179.3046,196.1209,202.7335,133.5999,142.1407,142.7883,180.0841,202.3561,200.9400,202.0068,202.4019,203.0003,152.1359,152.6017,194.2350,201.5205,153.7236,200.6054,152.3954,161.2287,174.2691,190.9818,162.0248,205.8871,197.5648,208.5732,207.9439,193.1303,208.3131,203.9425,204.7845,215.1803,206.5006,211.2792,206.2055,204.8220,207.3152,194.5133,196.8929,207.3119,207.5325,206.8572,207.1384,210.5003,207.2930,207.5451,211.2577,208.2547,208.8683,216.4471,208.7555,200.6385,207.3504,199.6058,198.3482,203.3472,202.7887,196.8559,160.2141,199.9487,207.2695,201.5848,201.6785,202.5609,202.7929,203.0315,202.8743,202.2029,183.6816,202.7665,200.5739,200.3009,199.6737,199.1285,174.4427,170.7844,179.8905,0.0000,194.9746,195.1738,201.2303,196.0074,150.8293,201.8754,201.8326,205.4365,206.8812,206.9761,198.8278,203.8040,215.4572,196.7572,205.7227,144.3197,166.7543,209.4348,149.2283,201.8094,206.2512,208.0312,201.4810,202.0800,200.3439,196.2760,185.0697,192.1544,206.9251,194.7123,194.7629,200.5139,192.9417,125.7685,176.7168,201.7935,188.0913,200.9413,202.1907,202.7137,198.4277,126.4058,127.5234,198.5976,196.7917,207.9003,198.1716,196.2729,194.7555,206.6292,207.1893,187.2185,186.9867,185.5544,201.7477,207.8130,191.6519,200.9640,198.6635,200.0239,201.3500,207.4200,0.0000,205.8544,200.0655,204.1018,205.1178,201.5305,201.1194,195.6308,205.3747,202.8304,194.9005,182.2180,202.7396,182.5269,199.6695,181.8027,157.7947,187.8136,192.7459,203.0655,178.7236,195.6174,207.0075,206.5477,207.2474,187.6919,208.9571,145.3278,145.2699,142.2528,171.1059,185.1235,133.9245,209.5782,209.5300,209.5184,208.9233,206.6426,209.5099,210.3359,211.5995,209.5556,209.6459,207.1033,202.7665,199.1310,201.3516,0.0000,204.2694,202.3349,204.2690,198.6603,197.7441,200.6023,205.7051,203.1736,203.5025,202.0050,201.0447,201.8406,201.0933,203.5903,194.3840,194.4354,200.6439,203.5903
23.0000,154.4554,201.5886,202.0482,200.2917,194.7859,132.8067,146.6823,186.5673,202.7822,194.1737,193.7071,194.5081,205.0411,183.6843,197.3253,195.3026,206.5899,206.2492,202.4086,199.2120,217.2828,180.0430,196.0507,202.5812,136.7438,144.9195,145.5510,180.6528,203.8410,201.2734,202.3716,202.7745,204.4210,154.6758,155.0847,195.4614,201.9908,156.0243,201.0536,154.9147,164.0670,175.5510,192.2405,164.8919,207.1430,197.6935,208.9335,208.3069,193.2903,208.6963,204.4153,205.0249,215.2720,206.6616,211.5288,206.4767,205.0713,207.7682,194.6172,196.9828,207.6118,207.8489,207.2893,207.5793,210.5003,207.5063,207.7416,211.5622,208.5771,209.1966,216.6593,209.1250,200.7382,207.6503,199.6512,198.6325,203.6242,204.2983,198.1633,162.1208,200.3064,207.4966,202.0567,202.1819,203.0485,203.3037,203.5047,203.3442,202.7128,185.1858,203.2062,201.0218,200.7403,200.0579,199.4781,175.7428,172.3865,180.4784,0.0000,195.9899,196.3221,201.7161,196.2591,153.4262,202.0383,202.0471,205.6645,207.1371,207.2661,199.2131,204.2563,215.6795,198.0215,206.1833,146.8753,167.9951,209.8480,151.9584,202.1911,206.5292,208.3582,201.9377,202.5256,200.6615,196.3914,184.9926,193.5714,207.1602,194.8140,194.8646,200.7882,193.1599,128.7282,178.2752,202.1621,187.8625,201.4621,202.6559,203.1822,198.5567,129.7662,130.9096,198.7801,196.9727,208.2195,198.3774,196.5334,194.9757,206.8632,207.4043,189.0484,188.9184,187.2285,202.1049,208.3036,191.7854,201.1852,198.8615,200.4274,201.7101,207.6483,0.0000,206.0842,200.2732,204.5730,205.5726,201.8933,201.4853,196.9123,205.8382,203.2713,195.4668,182.7613,202.9873,183.0704,200.6316,182.1136,160.3750,190.4901,195.2904,204.4927,180.2666,195.8783,207.4547,206.9892,207.6330,188.3630,209.0992,147.8374,147.9408,145.0288,173.7807,187.8116,137.0870,209.9400,209.8952,209.8809,209.2635,206.9734,209.8748,210.6493,211.9045,209.9193,210.0176,207.6451,203.2062,199.4807,201.7118,0.0000,204.3679,202.8004,204.3675,198.8843,198.0456,201.0249,205.9524,203.3718,204.9693,202.3698,201.1950,201.9943,201.2683,203.6123,194.6596,194.5355,200.8434,203.6123
24.0000,156.3193,200.4011,200.8650,198.8902,193.4680,136.2230,148.8927,186.6690,201.6705,194.0662,193.4471,194.2657,203.7232,183.6843,195.9613,194.0581,205.1191,204.8379,200.8242,198.1449,213.9963,179.4780,194.3178,200.7347,139.7788,147.4357,148.0414,180.8947,203.7636,200.0834,201.1720,201.5895,204.3549,156.5842,156.9718,195.2344,200.8929,157.9233,199.9979,156.7786,165.9267,175.7588,192.1270,166.7512,207.1430,196.3933,207.6782,207.0302,191.9680,207.5568,203.2605,203.6126,214.7276,205.5765,210.2656,205.0385,203.7139,206.5871,193.3481,195.7461,206.4488,206.6655,206.1172,206.4017,210.5003,206.3617,206.6507,210.1567,207.4345,208.0857,215.5794,208.0529,199.5531,206.4869,198.3919,197.4503,202.3124,204.2304,197.9907,163.5681,199.0978,206.6518,200.9595,201.0998,201.9482,202.2206,202.4033,202.2358,201.6325,185.4660,202.0624,199.9548,199.6509,198.9178,198.3244,176.0369,173.1009,180.7153,0.0000,195.5600,196.0048,200.6594,194.9964,155.4465,200.5496,200.6934,204.4183,205.9706,206.1091,198.0938,203.1070,214.5794,197.7996,205.0089,149.0833,168.1857,208.3616,154.2115,200.9936,205.0811,207.1257,200.8706,201.4466,199.4715,195.1076,184.9020,193.4429,205.9667,193.5456,193.5959,199.5446,191.8920,131.5853,178.7911,200.9757,187.5798,200.4558,201.5896,202.1101,197.2560,133.1035,134.2768,197.3959,195.6011,206.9908,196.9963,195.2784,193.6960,205.6972,206.2546,189.6784,189.6776,187.6908,200.9076,207.0563,190.6109,199.6990,197.4638,199.2976,200.4929,206.4481,0.0000,204.4091,198.8789,203.4170,204.4130,200.6703,200.2512,196.7651,204.6441,202.1271,194.2846,181.7213,201.3895,182.0251,199.6873,182.2454,162.1769,191.7388,196.4071,204.4194,180.7149,194.6522,206.2771,205.8184,206.4662,187.3696,208.3720,149.9660,150.2854,147.5390,175.2601,189.0980,140.1257,208.7023,208.6385,208.6240,208.0194,205.7791,208.6185,209.1883,210.4967,208.6619,208.7615,206.3050,202.0624,198.3270,200.4947,0.0000,202.7588,201.6887,202.7584,197.5524,196.8184,199.9090,204.5566,201.7652,204.8952,201.1702,199.5252,200.4966,199.6184,201.9369,193.9930,193.3579,199.4610,201.9369
25.0000,71.9222,206.8599,207.3404,202.2822,198.3837,173.8039,164.6152,259.5949,210.7646,255.0107,230.5466,249.8063,211.4353,203.5661,199.8683,198.9170,210.8777,210.5541,206.8358,204.6787,189.1187,174.5170,180.9244,195.3854,170.5949,149.3512,150.9051,204.3897,256.8368,206.5305,208.1705,208.8464,257.4645,0.0000,72.2836,242.7360,210.2487,165.9277,210.2330,72.1188,76.0275,217.2858,232.0037,76.3797,260.7974,201.4794,213.3483,212.7296,195.2332,213.3338,208.6801,208.8426,217.7044,210.5722,216.1159,210.3187,209.8491,212.0435,198.3403,200.3548,212.0487,212.2825,211.6065,211.8910,210.5003,211.6860,211.6892,216.1055,212.9685,213.5557,222.1529,213.5386,204.3549,212.0876,203.4631,204.2922,208.6390,257.4350,249.5861,187.7661,206.3116,211.8229,210.3226,210.6409,211.1719,211.6499,211.7814,211.4044,211.1401,271.9817,212.0966,210.2375,210.7085,208.5390,207.0044,218.9713,223.9676,204.1906,0.0000,230.4407,238.1829,210.8032,195.8576,24.6444,206.6926,207.2078,210.3083,211.6180,211.7143,206.7471,213.1356,221.2463,246.1395,214.7352,160.8815,168.4087,214.5200,73.7939,208.6346,210.3676,212.8042,211.0263,211.1833,206.0749,200.1459,204.0463,254.1806,211.6495,198.5399,198.5915,206.2137,197.1201,160.5948,245.8503,208.1258,205.1825,210.8539,211.6891,211.9814,202.3663,169.8262,171.3218,201.5182,199.6857,212.6705,200.5001,201.9004,198.9731,211.3445,211.6065,471.4781,552.8170,375.6963,207.7722,216.0731,193.9089,203.5947,201.3744,209.2150,207.7573,212.0206,0.0000,210.5353,202.4162,208.8399,209.8545,207.9462,207.6663,252.7310,214.1091,212.1577,199.3117,186.4077,207.4172,186.7202,204.5112,204.1156,1353.8240,963.2337,801.2206,257.5457,253.3229,200.0655,211.7460,211.2897,212.0184,192.1067,211.7310,164.2139,158.5149,149.6566,1205.5613,1006.2605,171.0083,214.3364,214.3137,214.3006,213.7044,211.4261,214.2933,215.1640,216.4552,214.3390,214.4280,211.9698,212.0966,207.0070,207.7591,0.0000,208.4598,210.7840,208.4595,202.8375,204.2469,210.3036,210.5121,207.6844,258.2009,208.1683,205.4290,206.6273,205.5252,207.5436,207.7785,197.9773,204.0768,207.5435
26.0000,181.5607,191.9061,192.3422,188.4247,184.1508,178.1501,177.4702,195.4549,194.1089,203.1693,196.9355,201.5602,195.0042,186.8090,186.2069,184.9250,195.2865,195.1900,191.1093,189.6940,183.3543,178.7404,180.9244,185.5363,177.5716,179.6960,180.0594,187.5315,209.4736,191.6015,192.6551,193.1569,209.9217,182.3411,182.4831,199.6372,193.5251,183.4873,193.1422,182.0536,191.8525,183.4210,197.3598,192.7355,212.6728,186.9362,197.8658,197.2853,182.2294,198.1100,193.5008,193.7804,204.4347,195.8228,200.8868,195.1645,194.4403,196.5798,184.0768,186.2323,196.7423,196.9496,196.2197,196.4606,199.1001,196.6636,196.8519,200.5046,197.5816,198.1280,206.8485,198.0251,190.0563,196.7785,188.9362,189.1688,193.2557,209.9638,203.6148,184.1807,190.6395,206.6518,193.5925,193.8816,194.4608,194.8639,194.9334,194.6799,194.3620,195.4289,194.4953,193.0282,192.6382,191.3506,190.5193,184.4978,186.4786,187.3653,0.0000,197.1581,199.3214,193.7887,186.0784,182.2885,191.0126,191.4681,194.9180,196.3512,196.4315,190.5098,195.4755,205.8885,202.7459,197.1498,177.5615,175.0839,198.3092,183.3971,192.6567,195.2257,197.4139,193.8336,194.1924,191.0366,185.7335,187.2540,202.9142,196.3761,184.2665,184.3144,190.9685,182.8535,167.1625,190.6189,192.5016,188.3076,194.0001,194.4901,194.8816,187.7399,174.0806,175.6092,187.1907,185.4886,197.2922,186.7064,186.5415,184.5725,196.1068,196.5649,202.8332,204.2901,199.3108,192.3991,198.7660,180.8908,189.7176,187.6130,191.8236,191.9753,196.8110,0.0000,194.6176,188.4907,193.6479,194.6009,192.1370,191.7642,203.9379,196.6985,194.5542,184.6879,172.5827,191.6553,172.8799,188.1786,187.2931,187.2955,211.7636,214.2039,209.9778,192.0099,185.7452,196.3180,195.9196,196.6637,177.4611,198.0030,177.6757,180.5654,179.7377,198.5486,209.7029,177.9983,198.7583,198.7573,198.7477,198.2234,196.1345,198.7389,199.6128,200.8290,198.7830,198.8488,196.6230,194.4953,190.5217,191.9772,0.0000,192.8178,194.1267,192.8175,187.9264,188.3288,192.6044,195.0864,191.9537,210.5355,192.6532,189.7546,190.9421,189.8373,191.9053,190.8099,184.0779,189.7475,191.9052
27.0000,181.9762,190.5408,190.9702,187.1033,182.9029,177.2164,176.4028,193.5533,192.6055,201.1492,195.2478,199.5875,193.5270,185.5068,184.7609,183.4922,193.3749,193.4781,189.4718,188.2374,182.4339,178.4924,180.5023,184.3875,176.6421,178.6411,178.9805,186.2381,207.5382,190.2426,191.2228,191.7047,207.9449,182.2874,182.4238,197.8679,192.0208,182.5744,191.6455,182.5027,192.9857,181.9324,195.6552,193.9304,210.6445,185.6573,196.4001,195.7959,180.9051,196.9511,192.2838,192.4658,204.0852,194.7598,199.6638,193.8347,192.8508,195.3503,182.8233,185.4379,195.4725,195.6656,194.9811,195.2165,199.2624,195.4728,195.7387,199.1420,196.3349,196.9178,205.7702,196.7243,189.1992,195.5089,187.6705,187.8741,191.7767,208.0265,201.7479,183.0613,189.2148,206.6518,192.0869,192.3702,192.9492,193.3428,193.4273,193.1728,192.8449,193.6590,192.9850,191.5331,191.1630,189.9172,189.1350,183.0416,185.0193,186.0798,0.0000,195.4761,197.5689,192.2736,184.8982,182.0417,189.4547,190.0127,193.5829,195.0951,195.1690,189.0341,193.9446,204.7816,200.9019,195.5975,176.5588,174.6346,196.8061,182.7534,191.2064,193.9004,196.0725,192.3181,192.6548,189.7013,184.4682,185.9851,200.9017,195.0973,183.0129,183.0605,189.6093,181.5113,166.2878,189.0216,191.0717,187.1094,192.4924,192.9694,193.3546,186.4546,173.1928,174.6990,185.8376,184.1477,195.9477,185.3939,185.1621,183.2177,194.8679,195.3664,200.9526,202.3294,197.4837,190.9847,197.1388,179.7420,188.0276,186.0783,190.3729,190.5406,195.5281,0.0000,192.8717,187.1656,192.4295,193.3839,190.7016,190.3449,202.0215,195.1237,193.0425,183.4420,171.2336,190.0031,171.5383,185.9894,185.9944,187.0101,210.1727,212.2737,207.9991,190.3645,184.3061,195.0825,194.6889,195.4043,175.6829,197.3127,176.6316,179.5045,178.6825,197.7384,208.2393,177.0884,197.4397,197.2751,197.2719,196.8115,194.7897,197.2581,198.2616,199.4642,197.3051,197.3348,195.1867,192.9850,189.1374,190.5425,0.0000,190.5772,192.6232,190.5768,186.5498,186.9356,191.1363,193.4362,190.1314,208.5663,191.2210,188.1458,189.3776,188.2076,189.3806,189.3849,183.2580,188.1977,189.3810
28.0000,181.9762,190.5008,190.9305,186.9565,182.7451,176.9103,176.1890,193.2068,192.5117,200.7873,195.0575,199.2383,193.4756,185.3224,184.6434,183.3670,193.2453,193.3778,189.3473,188.1163,182.0576,177.6630,179.7813,184.1564,176.3445,178.3601,178.7080,186.0429,207.0352,190.2037,191.1446,191.6183,207.4128,182.2931,182.3692,197.6288,191.9269,182.3667,191.5450,182.5156,193.2611,181.7271,195.4741,194.2296,210.0719,185.5925,196.8444,196.2810,180.7802,197.0401,192.4479,192.4546,204.1186,194.8386,199.6495,193.8332,192.7867,195.5459,182.7721,185.8561,195.5743,195.7983,195.1484,195.3909,199.2624,195.4939,195.7676,199.3299,196.4172,196.9489,205.7908,196.8918,189.4904,195.6106,187.6209,187.8741,191.7363,207.5094,201.4104,182.8396,189.1165,206.6518,191.9932,192.2813,192.8574,193.2527,193.3373,193.0800,192.7556,193.3703,192.8977,191.4327,191.0648,189.8394,189.0845,182.8204,184.7938,185.8859,0.0000,195.2805,197.3314,192.1766,184.7017,181.9781,189.3053,189.9141,193.5727,195.1459,195.2510,188.9263,193.8563,204.8091,200.5837,195.5071,176.2954,173.9841,196.6435,182.5617,191.1082,193.9081,196.2993,192.2175,192.5546,189.6818,184.4100,185.7847,200.5418,195.1275,182.9614,183.0090,189.6052,181.3964,166.0077,188.7676,190.9933,186.8760,192.4015,192.8668,193.2483,186.3751,172.8900,174.3957,185.7090,184.0205,196.1754,185.2502,185.0520,183.1016,194.8961,195.3864,200.7935,202.1890,197.2628,190.9160,197.0881,179.6163,187.9159,185.9635,190.2776,190.4416,195.5583,0.0000,192.7815,187.0206,192.5943,193.5488,190.6060,190.2545,201.6793,195.0512,192.9557,183.6757,171.4467,189.8861,171.7521,186.3107,185.8046,187.0185,210.3333,212.4173,207.4661,190.1006,184.1834,195.2667,194.8609,195.5411,175.9298,197.3364,176.3970,179.2447,178.4029,197.7597,208.3863,176.7935,197.7074,197.7429,197.7305,197.1546,195.0367,197.7236,198.4609,199.6524,197.7665,197.8373,195.6175,192.8977,189.0869,190.4434,0.0000,190.4311,192.5295,190.4308,186.4306,186.8248,191.0478,193.3572,189.9972,208.0374,191.1428,188.0632,189.2220,188.0999,189.2232,189.2533,183.6135,188.0869,189.2236
29.0000,181.9762,190.5355,190.9890,186.7582,181.6418,177.3374,176.5175,193.4101,192.2517,201.0354,195.0418,199.4105,193.4748,185.2839,184.6165,182.6920,193.0080,193.2537,189.2012,188.3123,182.6322,178.8872,180.8459,184.5473,176.7236,178.6088,178.9369,186.0490,207.5464,190.2370,191.0192,191.6076,208.2033,182.2853,182.4341,197.7006,191.6704,182.5719,191.2592,182.5309,193.5917,181.7991,195.4514,194.5886,211.5566,185.8677,196.8066,196.2083,180.7506,197.3549,192.8602,192.8971,204.1475,194.9324,199.9711,194.3160,192.7495,195.8841,183.0147,186.5510,195.5448,195.7589,195.4148,195.6619,199.2624,195.4853,195.7684,199.3138,196.4707,197.0688,205.8553,197.0125,189.9454,195.5815,187.8094,187.8741,191.6864,208.0208,201.6258,183.0056,187.7273,206.6518,191.7382,192.0181,192.6032,193.0060,193.0706,192.8164,192.5020,193.5600,192.7684,191.1349,190.8344,189.6671,188.9719,182.9045,184.9037,185.8667,0.0000,195.2640,197.3926,191.9129,185.3114,182.0366,189.1518,189.7911,193.5111,195.1167,195.2162,186.5947,193.7498,204.8729,200.7693,195.4567,176.7135,174.9489,196.4011,182.7529,190.7875,194.4033,196.2743,191.9533,192.3052,189.7130,184.6690,185.7723,200.7778,195.0969,183.2023,183.2499,189.5821,181.3259,166.3646,188.9106,190.8719,186.9173,192.1430,192.6100,192.9965,186.6489,173.2736,174.8026,185.6572,183.9689,196.1512,185.0415,184.9510,183.0305,194.8749,195.3743,201.1699,202.5652,197.5505,190.8289,197.0952,179.5062,188.0283,185.9928,190.0524,190.1063,195.5249,0.0000,192.6183,186.8098,192.9998,193.9177,190.2857,189.9599,201.9056,194.9948,192.8279,184.3133,172.1945,189.7348,172.4930,188.1935,185.7898,187.0770,210.8859,213.0781,208.2343,190.2561,183.2679,195.5771,195.1670,195.6598,177.0896,197.3472,176.7503,179.5487,178.6536,198.0237,208.8928,177.1654,197.6382,197.7134,197.7011,197.1280,195.0131,197.6939,198.4567,199.6363,197.7370,197.7925,195.5560,192.7684,188.9743,190.1080,0.0000,189.9734,192.2694,189.9731,186.3370,186.7007,190.8569,193.2933,189.7605,208.7252,191.0173,187.9703,189.0648,187.9822,188.5937,189.0594,184.2718,188.0221,188.5940
30.0000,181.9762,190.3639,190.8081,186.7285,181.6427,177.3204,176.4938,193.4559,192.2170,201.0769,195.0557,199.4400,193.4002,185.2809,184.6684,182.7497,193.0739,193.2719,189.4790,188.1296,182.5832,178.7411,180.7301,184.5143,176.7236,178.6702,179.0077,186.0581,207.6258,190.0673,190.9305,191.5167,208.3356,182.3016,182.4459,197.7241,191.6348,182.5932,191.2380,182.5283,193.5347,181.9523,195.4441,194.5268,211.7125,186.1011,197.3507,196.7288,180.7965,197.8719,193.4628,193.2105,204.3155,195.4840,200.3572,194.6556,192.7065,196.4967,183.2154,188.2532,196.0307,196.2452,195.9955,196.2523,199.2624,195.8481,196.1400,199.7690,197.0280,197.6758,206.1989,197.8211,191.2066,196.0671,187.9788,187.6450,191.5768,208.0970,201.6750,183.0439,187.7273,206.6518,191.7026,191.9819,192.5709,192.9760,193.0318,192.7803,192.4692,193.6265,192.7679,191.1170,190.8052,189.6381,188.8720,183.1130,185.0239,185.8800,0.0000,195.2756,197.4141,191.8765,185.2696,182.0552,189.3605,189.9744,193.8228,195.5318,195.6922,186.5995,193.7468,205.2380,200.8115,195.4832,176.6719,174.8195,196.4394,182.7759,190.7555,194.7521,196.7839,191.9301,192.2847,189.5169,184.8870,185.7530,200.8175,195.4664,183.4025,183.4502,189.3990,181.3742,166.3647,189.0048,190.7676,186.8617,192.1058,192.5851,192.9730,186.8932,173.2264,174.7731,185.6691,183.9809,196.6593,185.0121,185.0030,183.0793,195.2494,195.7361,201.2201,202.6193,197.6084,190.7206,197.1644,179.4424,188.1961,186.0850,190.0227,190.0750,195.8912,0.0000,192.9892,186.7801,193.6019,194.5104,190.2536,189.9147,201.9402,195.0360,192.8278,185.0144,172.9712,190.0321,173.2646,189.6215,185.7945,187.1253,211.0144,213.2399,208.3684,190.3419,183.3179,196.1784,195.7565,196.1928,178.2091,197.5982,176.7256,179.5672,178.7136,198.0871,209.0161,177.1685,198.1842,198.2710,198.2584,197.6608,195.5354,198.2510,198.9299,200.0923,198.2945,198.3599,196.0743,192.7679,188.8744,190.0767,0.0000,190.1081,192.2347,190.1078,186.3519,186.7118,190.8291,193.2813,189.9960,208.8424,190.9286,188.3024,189.2704,188.2896,188.7301,189.0450,185.9765,188.0610,188.7304
31.0000,181.9762,190.5423,190.9874,186.8431,181.7635,177.5576,176.7185,193.8491,192.2979,201.5319,195.3800,199.8724,193.5134,185.4872,184.6833,182.8648,192.6982,193.0984,189.4186,188.2011,182.7696,178.9827,180.9500,184.6646,176.9712,178.9404,179.2765,186.2803,208.3136,190.2466,191.0595,191.6463,209.0698,182.3634,182.5300,198.0923,191.7189,182.8230,191.3343,182.5339,193.6550,182.2965,195.7814,194.6574,212.4766,186.2091,197.4575,196.8364,180.8856,198.0352,193.6720,193.3546,204.3539,195.8409,200.4500,194.8009,192.6778,196.6718,183.3261,190.1397,196.0547,196.2635,196.1408,196.3978,199.2624,195.9285,196.2596,199.8648,197.0625,197.7122,206.2722,197.7597,192.4766,196.0907,188.1066,187.8741,191.5938,208.8007,202.1606,183.2972,187.7273,206.6518,191.7866,192.0621,192.6468,193.0481,193.1024,192.8555,192.5448,194.0174,192.8659,191.2151,190.9234,189.7448,189.0218,183.4368,185.3530,186.0924,0.0000,195.5885,197.7799,191.9666,185.4246,182.1597,189.3415,190.0018,193.8622,195.5751,195.7193,186.6660,193.8425,205.3258,201.2735,195.5613,176.9327,175.1088,196.6225,182.9682,190.8461,194.8866,196.8547,192.0211,192.3627,189.7193,184.9974,186.0021,201.2689,195.5125,183.5140,183.5617,189.5532,181.4604,166.5976,189.3662,190.9088,187.2017,192.1885,192.6746,193.0636,186.9957,173.4777,175.0151,185.7727,184.0835,196.7390,185.1248,185.0878,183.1663,195.3099,195.8139,201.7386,203.1574,198.0661,190.8618,197.2425,179.6985,188.1023,186.0744,190.1348,190.1680,195.9349,0.0000,192.8665,186.8940,193.8079,194.7032,190.3470,190.0137,202.4142,195.1217,192.9258,185.2866,173.3271,189.9597,173.6157,190.6925,186.0078,187.2618,211.4945,213.8649,209.1072,190.7128,183.4259,196.3409,195.9199,196.2730,178.7885,197.6720,176.9588,179.8212,178.9829,198.4564,209.4776,177.4368,198.1788,198.3823,198.3683,197.7567,195.6484,198.3616,199.0215,200.1882,198.4051,198.4515,196.0626,192.8659,189.0242,190.1697,0.0000,189.4543,192.3153,189.4540,186.4521,186.8123,190.9406,193.1927,189.7498,209.5685,191.0576,188.2657,189.2493,188.2404,187.8206,189.1821,187.8790,188.0023,187.8210
32.0000,181.9762,190.4832,190.9235,186.7742,181.7175,177.4265,176.6050,193.1338,192.1532,200.7327,194.9014,199.1353,193.3601,185.1994,184.6951,182.8738,192.5697,192.9988,189.7757,188.0937,182.6862,178.8861,180.8551,184.6085,176.8180,178.7877,179.1240,185.9727,207.1896,190.1919,190.9770,191.5574,207.9150,182.2930,182.4468,197.5046,191.5751,182.5905,191.2124,182.5299,193.5698,181.8290,195.2855,194.5649,211.2432,186.6239,198.7178,198.0774,180.9410,198.7872,194.4667,193.7736,204.7687,196.9819,201.0137,195.2298,192.5908,197.6007,183.7089,193.5099,197.1731,197.3935,197.0804,197.3522,199.3973,196.7527,197.0959,201.0448,198.2690,198.9680,206.9473,199.1009,194.8041,197.2075,188.4689,187.8741,191.5091,207.6457,201.3728,183.0093,187.7273,206.6518,191.6416,191.9196,192.4973,192.8928,192.9491,192.7050,192.3952,193.3911,192.7743,191.1026,190.8184,189.7072,188.9970,182.9946,184.8978,185.7819,0.0000,195.1219,197.2053,191.8441,185.3665,182.0727,189.7126,190.3791,194.5586,196.5349,196.8267,186.6268,193.7461,206.0459,200.5272,195.4904,176.7979,174.9987,196.5378,182.8462,190.7529,195.3211,198.0563,191.8960,192.2257,189.6742,185.3971,185.7016,200.4795,196.3549,183.8966,183.9444,189.5150,181.5395,166.4534,188.8341,190.8269,186.8763,192.0492,192.5425,192.9276,187.4308,173.3783,174.8978,185.7819,184.0927,197.9380,185.0562,185.1857,183.2463,196.1670,196.6359,201.0014,202.3793,197.3821,190.7860,197.0200,179.7079,188.1302,186.0883,190.0583,190.0896,196.7679,0.0000,193.2974,186.8248,194.6109,195.5367,190.2645,189.9256,201.5748,194.9668,192.8328,185.9019,173.9063,190.3314,174.1957,191.2714,185.7089,187.0691,210.7166,212.9409,207.9556,190.1542,183.4279,197.2752,196.8299,197.2896,179.3588,198.2760,176.8410,179.6845,178.8306,198.0039,208.7492,177.2863,199.4560,199.6606,199.6438,198.9936,196.9104,199.6389,200.2128,201.3685,199.6812,199.7352,197.2813,192.7743,188.9994,190.0913,0.0000,189.4789,192.1705,189.4786,186.4664,186.8251,190.8603,193.0882,190.0003,208.4027,190.9751,188.6332,189.6183,188.5993,187.8486,188.9985,191.1635,187.9706,187.8489
33.0000,181.9762,190.3794,190.8101,186.6904,181.6507,177.2967,176.4829,192.9121,192.0582,200.5201,194.6891,198.9481,193.2324,185.0072,184.5218,182.8086,191.9715,192.5804,189.6597,187.9529,182.5959,178.8291,180.7896,184.5223,176.6768,178.6189,178.9550,185.7781,206.9649,190.0934,190.8861,191.4716,207.7095,182.2434,182.3917,197.2911,191.4793,182.4489,191.1162,182.5240,193.4424,181.6730,195.0462,194.4265,211.0297,186.6061,199.0267,198.3638,180.8593,198.7850,194.3611,193.8228,205.0034,197.6943,201.1345,195.2970,192.2689,197.6586,183.7162,197.2075,197.4581,197.6810,197.1648,197.4412,199.6767,197.0120,197.4226,201.3239,198.6324,199.3828,207.1451,199.5450,197.0386,197.4931,188.4892,187.8071,191.2634,207.4178,201.1535,182.8479,187.6620,206.6518,191.5454,191.8227,192.4066,192.8047,192.8499,192.6074,192.3032,193.1776,192.6618,191.0091,190.7208,189.6381,188.9282,182.8529,184.7182,185.5763,0.0000,194.9240,196.9946,191.7391,185.2790,181.9991,189.6931,190.3954,194.7149,196.7888,197.1079,186.5430,193.6119,206.2664,200.3088,195.3025,176.6799,174.9171,196.3758,182.7234,190.6676,195.3860,198.3975,191.7997,192.1307,189.5831,185.3913,185.4847,200.2709,196.5741,183.9036,183.9515,189.3862,181.4740,166.3204,188.6388,190.7402,186.6064,191.9492,192.4426,192.8262,187.3887,173.2438,174.7667,185.7116,184.0229,198.2786,184.9733,185.1305,183.1801,196.4050,196.8907,200.6585,202.0191,197.1008,190.6933,196.9731,179.6787,187.9058,185.9006,189.9689,190.0068,196.9875,0.0000,193.2114,186.7410,194.5150,195.4986,190.1799,189.8444,201.3513,194.8889,192.7206,185.5695,173.5625,190.2120,173.8531,190.4106,185.5151,186.9682,210.1560,212.3790,207.7555,189.9536,183.3600,197.3386,196.8795,197.4814,178.8050,198.5875,176.7186,179.5372,178.6621,197.7230,208.2345,177.1232,199.8110,199.9715,199.9552,199.3195,197.3646,199.9497,200.5145,201.6481,199.9921,200.0493,197.6422,192.6618,188.9306,190.0085,0.0000,188.6291,192.0754,188.6289,186.3968,186.7529,190.7682,192.7118,189.6448,208.1950,190.8842,188.5530,189.5983,188.4794,186.7296,188.8668,194.8903,187.7016,186.7300
34.0000,181.9762,190.3684,190.7939,186.6202,181.5763,177.1027,176.3076,192.2887,191.9183,199.6990,194.2935,198.2672,192.9657,184.3981,184.0799,182.7192,190.7115,191.0814,190.0864,187.9381,182.4711,178.6823,180.6466,184.4299,176.4545,178.4218,178.7589,185.0765,205.6200,190.0880,190.8420,191.4295,206.3670,182.1058,182.2586,196.7674,191.3367,182.1060,190.9970,182.5111,193.1650,181.2148,194.6836,194.1252,209.6194,187.0389,200.5229,199.8188,180.7809,200.0905,195.7210,194.2798,206.0786,199.2982,201.9162,195.7687,191.2492,199.0861,184.1306,201.9162,198.9203,199.1479,198.5954,198.8929,200.7360,198.1842,198.6431,202.9249,200.2162,201.0507,208.2882,201.1842,200.1528,198.9525,188.9108,187.8741,190.5159,206.0182,200.3026,182.4151,187.7273,206.6518,191.4016,191.6816,192.2698,192.6675,192.6884,192.4557,192.1643,192.6117,192.5705,190.9070,190.6331,189.6381,188.9508,182.3449,184.2368,184.5108,0.0000,194.5193,196.4706,191.6096,185.1810,181.8440,190.2080,190.9078,195.6672,198.0733,198.5525,186.4458,193.4995,207.4454,199.5273,195.1601,176.5101,174.7729,195.9287,182.5354,190.5979,195.8617,199.9770,191.6911,192.0197,189.5999,185.8177,184.8451,199.4722,197.7248,184.3190,184.3669,189.2207,181.4993,166.1113,188.1183,190.7115,185.9051,191.8026,192.3257,192.7091,187.8339,173.0622,174.5788,185.7232,184.0346,199.8587,184.9041,185.2298,183.2056,197.5834,198.0560,200.1376,201.4607,196.5590,190.6585,196.7764,179.5558,187.4899,185.4729,189.9116,189.9550,198.1325,0.0000,193.5866,186.6711,195.8792,196.8713,190.1199,189.7626,200.4702,194.7542,192.6280,186.8494,174.7869,190.6347,175.0781,191.9909,184.8547,186.7160,209.1352,211.3757,206.4193,189.4200,183.2695,198.7706,198.2946,198.9303,180.1387,199.7452,176.5443,179.3497,178.4656,197.1955,207.2853,176.8933,201.2838,201.4744,201.4617,200.8643,199.1447,201.4523,202.1139,203.2517,201.4982,201.5582,199.2969,192.5706,188.9532,189.9566,0.0000,187.8981,191.9352,187.8980,186.4168,186.7715,190.7082,191.4578,189.6921,206.8548,190.8401,189.0199,190.1129,188.8958,186.0115,188.5661,199.4825,186.8458,186.0119
35.0000,181.9762,190.2455,190.6595,186.6190,181.6313,177.0635,176.2984,191.7671,191.8596,199.2026,194.0202,197.8474,192.8706,184.2145,183.7494,182.7922,189.4467,189.5216,190.8485,187.8677,182.4619,178.6662,180.6235,184.4456,176.4035,178.4312,178.7667,184.8801,205.0711,189.9706,190.7772,191.3662,205.8280,182.0418,182.1844,196.4398,191.2775,181.9898,190.9460,182.4815,192.5314,180.9099,194.3913,193.4370,209.0453,187.9011,203.1885,202.4313,180.8899,202.6274,198.4833,195.2063,208.0744,201.6540,203.3763,196.7135,190.1498,201.9234,184.9747,206.8778,201.4849,201.7172,201.3656,201.7121,202.7442,200.1758,200.6755,205.6310,202.9512,203.8971,210.3672,204.0343,203.7776,201.5169,189.8072,187.7757,189.6730,205.4568,199.8684,182.2385,187.7273,190.4968,191.3413,191.6169,192.2142,192.6121,192.6246,192.3906,192.1046,192.0471,192.4765,190.8616,190.5813,189.6381,188.9147,182.0181,183.8884,184.3157,0.0000,194.2554,196.1504,191.5423,185.1875,181.8194,191.1353,191.8325,197.3331,200.3135,201.0958,186.4365,193.3752,209.5627,199.1163,194.9834,176.4702,174.7819,195.9019,182.5849,190.5737,196.7961,202.7704,191.6229,191.9485,189.4808,186.6771,184.6376,198.9880,199.7255,185.1663,185.2145,188.8304,181.7136,166.0631,187.6754,190.6598,185.6467,191.7350,192.2389,192.6075,188.7072,173.0299,174.5428,185.8592,184.1691,202.6619,184.9023,185.5230,183.4219,199.6182,200.0390,198.5036,199.7226,195.4340,190.5810,196.6272,179.8201,187.1165,185.1568,189.8893,189.9377,200.1185,0.0000,194.3963,186.6694,198.6445,199.6171,190.0970,189.7503,199.9760,194.6331,192.5314,189.5130,177.2171,191.4017,177.5156,193.9127,184.6631,186.3083,206.9748,209.2043,205.8820,188.9435,183.3306,201.5892,201.0707,201.5957,182.5034,201.7722,176.5321,179.3482,178.4748,196.0225,205.2783,176.8547,203.8484,204.1473,204.1384,203.6081,202.3606,204.1245,204.8701,205.9637,204.1743,204.2145,202.1652,192.4765,188.9172,189.9393,0.0000,187.2628,191.8762,187.2628,186.5618,186.9094,190.6618,190.1385,189.9939,206.2960,190.7754,189.7530,191.0403,189.6451,185.3900,188.4659,204.3111,186.0328,185.3904
36.0000,181.9762,190.1067,190.4982,186.9359,182.2507,173.1281,173.3607,189.7422,191.8821,196.9009,192.4832,195.6549,192.6898,183.6843,183.6608,182.8543,188.9484,188.9955,190.9632,187.8778,184.2518,177.7393,180.8648,185.0151,172.8585,175.4428,175.8247,183.9064,202.5465,189.8386,190.7649,191.2762,203.3234,181.4215,181.4302,194.7526,191.2775,179.7611,190.8621,182.4564,191.9944,179.4240,192.6041,192.8538,206.5142,186.8240,204.0637,203.3700,180.9619,203.4755,199.6095,192.7098,208.0931,202.2561,202.4223,194.4631,189.7046,203.0988,184.2174,208.4899,202.1867,202.4369,202.4468,202.8541,202.7535,200.6417,201.1448,206.4600,203.5400,204.3808,210.6693,204.6476,204.8835,202.2188,189.5495,187.6785,189.3226,202.9066,197.8227,180.1574,188.4563,189.7675,191.3378,191.5436,192.2713,192.6830,192.5931,192.3909,192.1085,190.0600,192.3737,190.7754,190.4721,189.6381,188.8789,180.6205,181.9865,183.3320,0.0000,192.9187,194.5538,191.3903,185.2229,180.8047,191.3411,192.0462,197.7400,200.8744,201.7782,186.3955,193.2438,209.9052,197.1752,194.8021,173.4411,172.9865,199.9709,180.7799,190.6958,194.6699,203.6478,191.5427,191.8938,189.3433,185.7720,184.1458,196.7038,200.2110,184.4248,184.4727,188.6382,181.7854,162.7259,185.7322,190.6586,185.2337,191.6283,192.1668,192.5627,187.6479,169.1509,170.6495,186.0541,184.3625,203.5552,185.2127,185.5990,183.4944,200.1015,200.5051,195.9158,196.9344,193.1338,190.5398,196.4889,179.9361,187.1071,185.1176,189.8500,190.0845,200.6032,0.0000,194.5793,186.9827,199.7709,200.7156,190.2299,189.8643,197.7867,194.5250,192.4275,190.6160,178.4417,191.5215,178.7320,196.4409,183.8877,185.3898,204.3621,206.4550,203.3758,186.9873,183.3774,202.7342,202.1754,202.4860,184.1612,202.0935,173.6439,176.3803,175.4865,194.3742,202.8366,173.2654,204.7000,205.0050,204.9972,204.4859,203.5186,204.9815,205.7353,206.7940,205.0330,205.0657,203.1004,192.3738,188.8813,190.0861,0.0000,186.9606,191.8982,186.9607,186.7092,186.9582,190.5879,189.6207,189.9630,203.7646,190.7632,189.8199,191.2467,189.7510,185.0989,188.2179,205.9166,185.7721,185.0993
37.0000,181.9762,190.0057,190.4118,186.5722,181.5784,175.2716,174.9054,191.2505,191.7950,198.2309,193.2454,196.8758,192.6085,183.6843,183.9092,183.1520,189.2395,189.2033,191.5272,187.8602,183.1328,177.9818,180.5160,184.6253,174.7853,177.0579,177.4220,184.2265,203.9012,189.7350,190.5735,191.1361,204.8051,181.9870,181.9769,195.7227,191.2775,181.0232,190.8974,182.5003,192.9330,180.4263,193.4325,193.8733,208.2034,188.0512,205.3778,204.6345,181.1245,205.5899,202.0232,194.1970,209.4688,203.3572,204.2211,196.1651,189.8163,205.4827,185.1816,210.2980,203.4225,203.6721,204.6082,205.0879,204.0004,201.6633,202.1784,207.8349,204.9562,205.9253,212.0308,206.1684,206.2504,203.4556,190.2519,187.6374,189.4767,204.2714,198.9463,181.3079,188.1504,189.9331,191.3359,191.5298,192.1915,192.6120,192.5445,192.3234,192.0694,191.5200,192.3667,190.8183,190.4769,189.6381,188.8635,181.6519,183.2051,183.6143,0.0000,193.5992,195.4321,191.4200,185.1447,181.6803,191.9069,192.5716,198.5920,201.9716,202.9936,186.5149,193.2138,211.2677,198.2432,194.7358,175.0265,173.6600,195.7369,182.2763,190.2723,196.4009,204.9502,191.5862,191.9580,189.2629,186.8747,184.1225,198.0164,201.2125,185.3849,185.4331,188.6682,181.9590,164.5401,187.0636,190.4562,185.1632,191.6291,192.2025,192.5848,189.0134,171.2564,172.7670,186.0165,184.3252,204.8535,184.8517,185.7822,183.6695,201.1304,201.5204,198.3061,199.5058,195.0804,190.3696,196.5419,179.8514,187.9777,185.6320,189.8066,189.7761,201.5907,0.0000,195.1894,186.6183,202.1749,203.0566,189.9295,189.5780,199.0104,194.5586,192.4214,193.1604,181.2631,192.0953,181.5345,202.7943,184.0630,186.4713,208.0472,210.3633,204.8518,188.3560,183.6492,205.0316,204.4289,204.1864,188.1299,203.2358,175.1551,177.9591,177.1001,196.6731,206.3114,175.1610,205.9421,206.3184,206.3106,205.7945,204.8532,206.2945,207.1271,208.1736,206.3468,206.3743,204.4057,192.3667,188.8659,189.7771,0.0000,187.3408,191.8116,187.3409,186.7099,187.0123,190.5855,189.7732,190.4711,205.2069,190.5717,190.3856,191.8135,190.3336,185.4827,188.2393,207.4870,186.0046,185.4831
38.0000,181.9762,190.4969,190.9132,187.0740,182.1062,177.7126,176.7787,194.9295,192.4596,201.9154,195.6310,200.2843,193.4135,185.3591,184.8123,184.0344,190.2887,190.1385,192.5557,188.2861,183.0178,178.7901,180.9246,185.0406,177.1023,178.9391,179.3064,186.0812,208.1055,190.2109,191.1156,191.6922,209.2094,181.9678,182.5024,198.5062,191.9096,182.9641,191.6964,182.5245,193.4536,182.9909,195.9436,194.4387,212.9215,189.7226,206.3511,205.5349,181.9151,207.1172,203.5504,196.1337,210.9879,204.7250,206.0972,198.1571,190.5375,207.0689,186.6161,212.1057,204.6228,204.8542,206.1164,206.6268,205.5087,202.9094,203.4745,209.0546,206.3143,207.4232,213.4274,207.6243,207.8953,204.6570,191.4799,187.8741,190.1886,208.5378,202.3255,183.4752,187.7273,190.8914,191.9731,192.1627,192.8700,193.3223,193.2763,193.0222,192.7438,195.0776,193.2658,191.6237,191.2788,190.2730,189.3584,184.1974,185.9809,185.4210,0.0000,195.8639,198.0997,192.2554,185.7629,182.1118,192.9173,193.5337,199.7115,203.1764,204.1940,187.0874,194.1206,212.6663,201.4647,195.6680,176.8997,174.8003,197.5679,183.6099,190.8028,198.3846,206.0932,192.4099,192.8034,189.6622,188.4315,185.8101,201.6570,202.4048,186.8163,186.8649,189.0931,182.7468,166.7211,190.1949,190.9381,186.8719,192.3579,193.0226,193.3862,190.7975,173.6606,175.1812,186.6800,184.9829,205.9873,185.3495,186.5814,184.4648,202.3431,202.7593,204.2094,206.2668,199.8587,190.8956,198.1855,180.4387,189.4437,186.7784,190.5205,190.2732,202.7856,0.0000,196.2704,187.1208,203.7020,204.5943,190.4406,190.0600,202.5258,195.8384,193.3290,194.6256,182.6102,193.1302,182.8852,204.1482,185.8424,198.1326,218.9602,220.1347,209.2515,191.6086,184.4861,206.5816,205.9636,205.5356,189.4742,204.6802,176.9993,179.8416,178.9815,208.3195,217.3788,177.5109,206.9941,207.2783,207.2766,206.8446,205.9873,207.2558,208.3550,209.3945,207.3110,207.2977,205.5264,193.2658,189.3609,190.2741,0.0000,188.3994,192.4772,188.3995,187.4037,187.7531,191.3428,190.6186,191.5552,209.6002,191.1136,191.4305,192.8249,191.3882,186.5381,189.3629,209.1815,186.9205,186.5386
39.0000,181.9762,190.6578,191.0566,187.5348,182.6215,178.1705,177.0148,197.2620,193.0851,204.1799,197.0535,202.4207,193.8635,186.3974,185.5350,184.7228,191.3233,190.9393,193.7218,188.5592,183.4732,178.9707,181.2205,185.5179,177.5799,179.0311,179.4291,187.1712,210.4222,190.3751,191.4366,191.9867,211.6257,180.4672,182.1907,200.2487,192.5506,183.5971,192.3631,182.5210,193.3788,184.4635,197.4066,194.3574,215.4425,190.6485,207.1763,206.3404,182.5745,208.1353,204.5036,197.1701,212.1572,205.7889,207.2096,199.2144,191.0710,208.0954,187.5049,213.4025,205.6309,205.8563,207.1236,207.6369,206.6246,203.9413,204.5190,210.0708,207.3420,208.4817,214.5303,208.5768,209.0276,205.6650,192.3505,187.8741,190.6390,210.8744,204.3262,184.3965,187.7273,191.7078,192.6163,192.7996,193.4921,193.9505,193.9287,193.6624,193.3770,197.4852,193.8714,192.2784,191.8865,190.7733,189.6827,185.6816,187.5603,186.5141,0.0000,197.2549,199.7366,192.9714,186.2135,180.8741,193.9982,194.4655,200.7050,204.1918,205.2032,187.7447,194.7097,213.7631,203.3740,196.2662,177.0645,174.9572,198.1989,182.8806,191.2783,199.4496,207.0482,193.0694,193.5039,189.7655,189.3396,186.8801,203.9011,203.4243,187.7048,187.7536,189.2554,183.4159,167.1706,192.1419,191.2237,188.0060,193.0184,193.6822,194.0408,191.7313,174.1180,175.6366,187.2725,185.5696,206.9358,185.8051,187.2697,185.1402,203.3591,203.7888,210.2416,213.7418,204.1503,191.1787,199.0072,181.0667,190.3083,187.5652,191.0774,190.7110,203.8134,0.0000,197.4565,187.5808,204.6581,205.5720,190.8787,190.4898,204.6512,196.5661,193.9369,195.4246,183.1411,194.3075,183.4285,203.6557,186.9142,220.3996,233.9185,232.0801,211.6698,193.6846,185.1700,207.5969,206.9679,206.5433,189.5445,205.7584,177.2266,180.0045,179.0760,227.8355,233.1468,177.9877,207.9279,208.0875,208.0929,207.7276,206.9358,208.0663,209.3540,210.4123,208.1253,208.0626,206.4752,193.8714,189.6851,190.7119,0.0000,189.7898,193.1031,189.7899,188.0096,188.3711,191.9052,191.2742,192.8034,212.0163,191.4346,192.6105,193.9136,192.5832,188.1405,190.1676,210.3639,187.6741,188.1410
40.0000,181.9762,192.0674,192.4652,188.8990,183.9548,179.3842,178.1952,198.9790,194.5041,205.8752,198.5546,204.1409,195.3498,187.7258,186.9856,186.1455,192.8383,192.4132,195.5431,189.9765,184.8230,180.3168,182.5764,186.8950,178.7557,180.0673,180.4646,188.4957,212.0434,191.7865,192.8272,193.3910,213.2375,180.0749,182.3152,201.8363,193.9696,184.6235,193.7889,182.5138,193.2223,185.8631,198.9045,194.1874,217.0590,192.2491,209.1713,208.3477,184.0022,209.7548,206.0853,198.7427,213.6033,207.4849,208.8535,200.7858,192.5480,209.7033,189.0969,215.1336,207.3881,207.6234,208.7612,209.2751,207.8536,205.6400,206.1987,211.8696,209.0915,210.2050,216.2361,210.3940,210.7702,207.4224,194.0211,189.3037,192.0976,212.4972,205.9428,185.5999,188.8000,193.1612,194.0363,194.2260,194.9135,195.3766,195.3590,195.0881,194.8033,199.2405,195.2745,193.7045,193.3103,192.2132,191.1185,187.1001,188.9995,187.8253,0.0000,198.7628,201.2922,194.4097,187.5964,180.7204,195.8097,196.1676,202.4191,205.9224,206.9534,189.1530,196.0967,215.4742,204.9712,197.6575,178.2832,176.2742,199.5488,183.2044,192.6564,201.0246,208.8874,194.4915,194.9179,191.1904,190.9379,188.2130,205.6004,205.1444,189.2997,189.3489,190.6973,184.8638,168.2775,193.7269,192.6151,189.3499,194.4472,195.1078,195.4671,193.3394,175.3050,176.8334,188.7057,186.9900,208.7819,187.1560,188.7580,186.6018,205.0734,205.4890,213.1426,217.1602,206.5008,192.5743,200.3062,182.4030,191.8354,189.0375,192.4969,192.0780,205.5327,0.0000,199.2805,188.9445,206.2426,207.1678,192.2507,191.8862,206.2931,197.9144,195.3399,196.9126,184.4945,196.1410,184.7862,204.7615,188.2415,228.9261,239.6924,236.8304,213.2856,195.3188,186.5906,209.2174,208.5890,208.2386,190.8203,207.2907,178.4126,181.1278,180.1150,235.3800,239.2259,179.1781,209.7916,210.1174,210.1156,209.6644,208.7819,210.0943,211.1664,212.2140,210.1501,210.1320,208.3150,195.2745,191.1210,192.0789,0.0000,191.3897,194.5223,191.3898,189.4525,189.8199,193.3300,192.7496,194.5697,213.6318,192.8252,194.4416,195.7349,194.4313,189.7306,191.5574,212.1030,189.1339,189.7310
41.0000,183.5350,191.2826,191.6631,188.2193,183.2956,179.2017,178.3299,196.2757,193.7145,203.5568,197.0480,202.0398,194.5378,186.8315,186.4200,185.4994,192.3374,191.8351,195.3075,189.2208,184.4086,180.3121,182.4037,186.3592,178.6227,180.7725,181.1310,187.5517,209.7497,191.0121,192.0442,192.5834,210.9137,184.2419,184.2771,199.9494,193.1794,184.4954,192.9959,184.0597,194.5033,184.1256,197.3911,195.4445,214.6785,191.5286,209.0649,208.2768,183.4486,209.4994,205.8336,197.9338,213.6134,207.1773,208.2275,199.9556,191.9064,209.3411,188.4645,214.7155,207.1293,207.3819,208.4336,208.9268,207.8536,205.3330,205.9009,211.6699,208.7702,209.8209,215.9609,210.0765,210.4121,207.1637,193.4680,188.5581,191.4188,210.1872,203.8474,184.9090,188.0595,192.5763,193.2458,193.4366,194.1193,194.5783,194.5685,194.2950,194.0090,196.1169,194.4429,192.9105,192.4818,191.4458,190.3584,185.2575,187.1425,186.9150,0.0000,197.2645,199.5520,193.6304,187.0556,184.3142,195.5594,195.7959,202.0908,205.6277,206.6846,188.4124,195.2374,215.1842,202.9853,196.7731,178.5716,176.3451,198.7337,185.6886,191.8954,200.2084,208.6819,193.6968,194.1514,190.4248,190.2616,187.3331,203.3167,204.8320,188.6689,188.7179,189.9793,184.2952,168.1523,191.2955,191.8237,188.5025,193.6585,194.2972,194.6433,192.5789,175.1131,176.6480,188.0807,186.3704,208.5775,186.4802,188.1707,186.0279,204.7628,205.1817,203.5534,204.9694,200.0163,191.7935,199.4986,181.8393,191.1524,188.4121,191.7052,191.3246,205.2219,0.0000,199.0285,188.2623,205.9864,206.8807,191.4957,191.1360,204.0816,197.0941,194.5082,196.9584,184.3886,195.9017,184.6880,204.0354,187.3186,189.3074,213.4642,216.0594,210.9617,192.6902,185.9305,208.8736,208.2623,207.9532,190.5594,207.0800,178.5746,181.5631,180.8116,200.8058,211.5164,179.0656,209.6809,210.0218,210.0161,209.5122,208.5775,209.9978,210.9571,212.0140,210.0517,210.0777,208.1138,194.4429,190.3609,191.3255,0.0000,191.0703,193.7326,191.0704,188.8126,189.1470,192.5185,192.1333,194.3125,211.2965,192.0424,194.2089,195.4951,194.2242,189.4790,190.7268,211.7266,188.5632,189.4793
42.0000,182.9511,190.8940,191.2601,187.8868,182.9946,178.8903,178.0364,196.0686,193.3565,203.3965,196.7991,202.0941,194.1658,186.4688,186.0643,185.1163,191.9856,191.4680,195.2200,188.8226,184.1033,180.0682,182.1445,186.0393,178.3072,180.4296,180.7811,187.1959,209.3253,190.6320,191.6734,192.2169,210.4426,183.6640,183.7352,199.7368,192.8243,184.1485,192.6494,183.4629,193.6441,183.9558,197.1330,194.5616,214.1383,191.0009,208.8635,208.1077,183.1312,208.9394,205.1395,197.2228,213.5169,206.9612,207.6712,199.2019,191.5526,208.6480,188.0200,214.5927,206.8578,207.1137,207.8258,208.2932,207.8536,205.1182,205.6953,211.3733,208.4316,209.4244,215.6969,209.7045,210.1551,206.8920,193.1079,188.1993,191.0257,209.7529,203.5780,184.5980,187.7273,192.2021,192.8905,193.0828,193.7555,194.2093,194.2131,193.9357,193.6469,195.8944,194.0818,192.5667,192.1450,191.1181,190.0199,185.1223,186.9424,186.5287,0.0000,197.0125,199.3209,193.2818,186.7270,183.7462,195.4969,195.6402,201.8926,205.3893,206.4208,188.0610,194.8620,214.9108,202.7259,196.4084,178.2891,176.0646,198.2921,185.1370,191.5493,199.4652,208.4247,193.3419,193.7939,190.0525,189.7745,186.9685,203.1907,204.6122,188.2259,188.2749,189.6057,184.0058,167.8552,191.0918,191.4406,188.1328,193.2993,193.9325,194.2684,192.0241,174.8182,176.3449,187.7801,186.0728,208.3257,186.1505,187.8964,185.7357,204.5377,204.9674,203.0296,204.4323,199.6357,191.4204,198.9899,181.5487,190.6089,187.9689,191.3715,190.9817,205.0099,0.0000,198.9635,187.9295,205.2955,206.2106,191.1525,190.8045,203.8513,196.6621,194.1463,196.2402,183.6392,195.8165,183.9415,202.6301,186.9596,188.6337,212.3155,214.9433,210.4918,192.4828,185.5521,208.2141,207.6210,207.5125,189.6311,206.9283,178.2794,181.2406,180.4693,199.8577,210.3947,178.7619,209.4278,209.8169,209.8109,209.2838,208.3257,209.7925,210.6703,211.7169,209.8467,209.8651,207.8631,194.0818,190.0224,190.9825,0.0000,190.7999,193.3745,190.8000,188.5124,188.8447,192.1784,191.7712,194.1585,210.8220,191.6716,194.1174,195.4430,194.1609,189.2122,190.3744,211.5105,188.2030,189.2125
43.0000,182.8346,191.2525,191.5980,188.3623,183.4972,179.2168,178.3887,196.3735,193.8211,203.7704,197.4058,202.5735,194.5616,187.0143,186.6110,185.4873,192.9614,192.3825,195.8697,189.2153,184.5103,180.4703,182.5561,186.4727,178.6244,180.7615,181.1114,187.7249,209.5843,191.0028,192.0971,192.6414,210.6561,183.5793,183.6989,200.2463,193.2822,184.4244,193.0995,183.3268,193.1087,184.2543,197.8367,193.9901,214.3035,191.1410,209.2932,208.5544,183.5944,208.9627,205.0788,197.2641,213.6869,207.2856,207.7437,199.2380,192.3058,208.5543,188.2454,214.6896,207.2691,207.5318,207.8402,208.2778,207.8536,205.4882,206.0382,211.8057,208.7765,209.7179,215.9854,209.8901,210.4134,207.3033,193.4311,188.6120,191.6883,210.0019,203.9847,184.9451,188.2249,193.0948,193.3483,193.5513,194.2050,194.6446,194.6648,194.3894,194.0959,196.2011,194.5343,193.0155,192.6152,191.5846,190.4678,185.3206,187.2712,187.1168,0.0000,197.5708,199.8387,193.7267,187.1529,183.6806,196.1147,196.1823,202.3415,205.7925,206.8306,188.4811,195.3009,215.1995,203.1584,196.8552,178.6300,176.3991,198.4691,185.1102,192.1059,199.5481,208.8469,193.7694,194.2103,190.4402,189.9554,187.5320,203.5815,205.0185,188.4528,188.5018,190.1134,184.4756,168.1539,191.4125,191.8408,188.7336,193.7538,194.3476,194.6725,192.1216,175.0786,176.6422,188.2483,186.5366,208.7492,186.6225,188.3797,186.2101,204.9313,205.3422,202.9492,204.3297,199.7393,191.8313,199.3859,182.1779,190.8061,188.3676,191.8485,191.4929,205.4148,0.0000,199.6084,188.4059,205.2374,206.1616,191.6576,191.3145,204.2494,197.0876,194.5984,196.1145,183.4281,196.4416,183.7351,201.4041,187.4968,188.4105,211.4442,214.1236,210.7057,192.8002,185.9303,208.1665,207.5959,207.7275,189.1343,207.1310,178.6285,181.5850,180.8024,199.3366,209.5754,179.0828,209.8858,210.2595,210.2532,209.7172,208.7492,210.2349,211.0966,212.1500,210.2899,210.3144,208.2880,194.5343,190.4703,191.4938,0.0000,191.9388,193.8387,191.9389,188.9855,189.3214,192.6415,192.5922,194.9523,211.0403,192.0953,194.7550,196.0678,194.8176,190.5328,190.8599,211.7196,188.8944,190.5333
44.0000,195.5221,192.9029,193.2321,190.0290,185.1969,181.4846,180.4704,198.2908,195.4907,205.5569,199.3782,204.4197,196.2268,189.3304,188.9898,187.1363,196.7223,196.5232,197.7407,190.7078,185.8869,180.1085,182.6936,188.0714,181.1888,183.8658,184.3606,190.2555,211.3598,192.6661,193.7629,194.2907,212.3043,194.0212,193.5614,202.1142,194.9483,188.5856,194.7839,196.0157,205.8124,186.4235,199.9013,206.6950,215.8593,192.4758,210.4607,209.7403,185.3974,209.6154,205.5851,198.7616,214.1473,208.4035,208.8541,200.6276,195.6298,209.0633,189.6210,215.6876,208.4467,208.7033,208.4938,208.9018,207.8536,206.6993,207.1808,213.0044,209.8873,210.7804,217.0007,210.9923,211.4197,208.4808,194.8778,190.3724,194.6292,211.7907,205.8059,188.1644,189.9196,197.2286,195.0143,195.2263,195.8613,196.2894,196.3102,196.0402,195.7529,198.3042,196.1588,194.6974,194.3237,193.2944,192.1965,187.6352,189.7843,189.7178,0.0000,199.4728,201.7136,195.3785,188.8325,192.7198,197.8403,197.8311,203.7318,207.0251,208.0249,190.1331,196.9026,216.2305,204.9908,198.4136,180.3097,176.5706,200.0110,191.3993,193.8715,200.9297,210.0188,195.4245,195.8514,192.1490,191.3057,189.8234,205.3775,206.2930,189.8286,189.8780,192.2831,186.2022,170.5680,193.7393,193.5301,190.9663,195.4311,195.9828,196.2923,193.3969,177.2969,178.8786,189.9164,188.1896,209.9287,188.2747,190.0831,187.9530,206.1802,206.5625,205.1291,206.4221,201.8841,193.4966,200.7563,183.9702,192.9746,190.6276,193.5615,193.2169,206.6889,0.0000,201.5097,190.0740,205.7495,206.7045,193.3770,193.0671,206.0475,198.5825,196.2208,196.4971,183.6288,198.3267,183.9444,200.4521,189.9314,198.0112,216.0020,217.2693,212.3513,195.0634,187.5798,208.7347,208.1919,208.6428,188.9640,207.8577,180.6624,184.1819,183.8913,206.8862,214.6285,181.6662,210.9533,211.4256,211.4191,210.8910,209.9287,211.4009,212.2752,213.3490,211.4551,211.4660,209.4580,196.1589,192.1990,193.2180,0.0000,195.0886,195.5078,195.0885,190.6670,191.0208,194.3352,196.2792,197.2154,212.6933,193.7612,196.6054,197.7992,196.6848,193.6598,192.7779,212.7235,191.9649,193.6603
45.0000,193.1957,191.8389,192.1400,189.1093,184.3592,180.4394,179.4842,196.1765,194.3809,203.3993,197.7252,202.3837,195.2023,187.9879,188.1510,186.0795,196.1961,195.9965,197.0076,189.7884,185.0707,179.8578,182.2714,187.1747,180.0571,182.5804,183.0293,188.8743,208.9757,191.6214,192.7342,193.2520,209.8282,191.7235,191.4022,200.2827,193.8289,187.0622,193.6429,193.6467,202.5804,184.7160,198.2277,203.3850,213.2294,191.9356,209.7393,209.0673,184.5282,208.4118,204.1775,198.9385,213.7716,207.6073,208.3303,200.5409,194.9382,207.6253,189.0496,215.0433,207.5910,207.8519,207.1899,207.5590,207.8536,205.9036,206.4077,212.1221,208.9250,209.7276,216.2399,210.0211,210.5489,207.6250,194.1457,189.3638,193.7942,209.3824,203.7574,186.6761,189.2543,196.9544,193.8927,194.1155,194.7376,195.1465,195.1602,194.9032,194.6233,196.2560,195.0134,193.5627,193.2209,192.2672,191.1760,185.9143,188.0431,188.3936,0.0000,197.8396,199.9194,194.2187,187.8977,190.5060,197.0742,197.0073,202.9103,206.1980,207.1731,189.0351,195.7401,215.4429,202.9920,197.2518,179.4245,176.1904,198.5811,189.3415,192.9556,200.7495,209.1934,194.2565,194.6589,191.1124,190.7411,188.4597,203.2393,205.4731,189.2500,189.2993,191.3043,185.3165,169.5025,191.8599,192.4916,189.5592,194.2980,194.7929,195.0893,192.7660,176.3225,177.8681,188.9665,187.2483,209.1135,187.3633,189.1707,187.0589,205.3676,205.7650,202.3610,203.5496,199.4588,192.4641,199.3260,183.2950,191.6863,189.5974,192.5140,192.2811,205.8727,0.0000,200.7377,189.1538,204.3451,205.3265,192.4350,192.1574,203.9561,197.2860,195.0722,194.9700,182.0276,197.5840,182.3497,197.5155,188.5679,195.4321,212.0737,213.3313,209.8778,193.1363,186.5169,207.3494,206.8421,207.5751,186.9176,207.3004,179.6886,183.0399,182.6100,203.6002,210.7891,180.5385,210.1059,210.7062,210.6968,210.1221,209.1135,210.6807,211.3988,212.4653,210.7344,210.7387,208.6431,195.0134,191.1785,192.2824,0.0000,194.7334,194.3971,194.7333,189.7085,190.0529,193.2502,195.6443,196.5874,210.2282,192.7325,195.8800,197.0379,195.9812,193.4691,191.5620,211.9216,191.2481,193.4688
46.0000,189.6936,190.0919,190.3834,187.1744,182.4732,178.3988,177.4726,192.7960,192.1114,199.8460,194.8278,199.0024,193.0261,185.4884,186.2185,183.9942,194.2702,194.0883,195.2635,187.9996,183.3018,178.6615,180.9244,185.3247,177.9232,180.3336,180.7460,186.3166,204.9024,189.8914,190.8077,191.3231,205.6282,188.2537,188.0864,197.1715,191.5588,184.4258,191.4061,190.0975,198.0849,181.8976,195.2821,198.8040,208.8230,189.9281,207.9403,207.3080,182.6473,206.3166,201.8455,196.9234,213.0658,205.9402,206.3055,198.3361,193.1410,205.2287,187.1235,212.9975,205.7832,206.0458,204.9252,205.2480,207.8536,204.2143,204.7838,210.1918,207.0346,207.7727,214.6098,208.1935,208.7320,205.8171,192.2552,187.8741,192.0484,205.2622,200.2746,184.0673,187.7273,195.0244,191.6190,191.8456,192.4544,192.8435,192.8338,192.5950,192.3348,192.9683,192.7916,191.3503,191.0884,190.3077,189.3826,183.0900,185.1470,185.8530,0.0000,194.9762,196.8420,191.9385,186.0442,187.1579,195.3151,195.2240,201.1530,204.4389,205.3741,186.8869,193.4713,213.7644,199.5898,194.8738,177.4597,174.7172,195.9004,186.2171,190.9059,198.5270,207.3632,191.9988,192.3507,189.4614,188.7718,185.9327,199.7134,203.7262,187.3246,187.3733,189.7137,183.4536,167.4938,188.7817,190.6182,186.9753,192.0170,192.5002,192.7758,190.7070,174.3344,175.8590,187.0371,185.3364,207.2865,185.4449,187.2865,185.1786,203.6365,204.0713,198.4052,199.4771,195.8211,190.5852,196.7549,181.5362,189.4080,187.5140,190.4604,190.2899,204.1329,0.0000,198.9644,187.2171,202.0143,203.0128,190.4335,190.1806,200.4410,194.8755,192.8463,192.5683,179.6418,195.8370,179.9673,193.7808,186.0359,191.6210,206.9175,208.1573,205.6804,189.9974,184.4223,205.0047,204.5378,205.5390,184.0905,206.1704,177.6826,180.8904,180.3656,199.0939,205.7289,178.4008,208.3119,208.8876,208.8776,208.2971,207.2865,208.8624,209.4897,210.5319,208.9151,208.9216,206.8335,192.7916,189.3851,190.2911,0.0000,192.8728,192.1264,192.8727,187.7656,188.1021,191.1636,193.7837,194.7831,206.0359,190.8062,194.1538,195.2831,194.2779,191.6227,189.2275,210.0350,189.3246,191.6223
47.0000,188.4080,189.3647,189.6216,186.7343,182.1491,177.8620,176.9730,191.6495,191.7626,198.6135,194.0007,197.8558,192.4568,185.1501,185.6547,183.4721,193.6618,193.4823,194.8656,187.2408,182.9364,178.8566,180.9244,184.8734,177.3405,179.5357,179.9094,186.0246,203.3684,189.1826,190.2157,190.6965,203.9595,186.9771,186.9155,196.1881,191.2775,183.7171,190.9657,188.7850,196.2332,181.0652,194.4606,196.9035,207.0296,189.1126,207.2187,206.5684,182.1465,205.4904,200.8749,195.8072,212.7868,205.4506,205.3542,197.1358,192.5062,204.2585,186.4000,212.2825,205.2240,205.4779,204.0387,204.3369,207.8536,203.7287,204.3147,209.6264,206.4731,207.2242,214.0729,207.5139,208.1657,205.2577,191.6513,187.1994,191.3528,203.7067,199.0928,183.4401,187.7273,194.4513,191.3345,191.5552,192.0914,192.4571,192.4347,192.2186,191.9949,191.9132,192.1542,190.8794,190.5655,189.7684,188.7962,182.2767,184.3340,185.9620,0.0000,194.1474,195.8862,191.4827,185.5447,185.8892,194.9115,194.7736,200.6766,203.9232,204.8258,186.6528,192.8013,213.2138,198.4530,194.1536,177.0335,174.9416,194.9891,184.9585,190.4926,197.3418,206.7513,191.5095,191.8755,188.7543,188.0026,185.5951,198.4947,203.2355,186.6045,186.6530,189.0127,182.9684,166.9451,187.8584,190.0324,186.6390,191.6633,192.0045,192.2862,189.8757,173.7772,175.3162,186.5564,184.8599,206.6717,185.0093,186.8038,184.6888,203.1365,203.5854,197.0980,198.1280,194.6339,189.9650,195.8425,181.1600,188.5689,186.8357,189.9526,189.8610,203.6536,0.0000,198.5220,186.7774,201.0467,202.0661,189.9969,189.7879,199.2527,194.0958,192.2053,191.4502,178.4795,195.4395,178.8093,191.5103,185.7215,190.2259,204.9168,206.0724,204.0187,189.0365,183.9425,204.0674,203.6188,204.8136,182.5594,205.8254,177.1981,180.2423,179.5724,197.3567,203.7499,177.8113,207.6739,208.1629,208.1544,207.6274,206.6717,208.1386,208.8905,209.9655,208.1906,208.2037,206.2223,192.1542,188.7987,189.8623,0.0000,192.3329,191.7767,192.3328,187.2802,187.6113,190.6106,193.1561,194.3280,204.3985,190.2142,193.7837,194.8836,193.9095,191.0896,188.8246,209.4234,188.7442,191.0892
48.0000,187.7621,189.6955,189.9465,186.8792,182.3159,177.7723,176.9355,191.3015,191.7632,198.0550,193.7401,197.3709,192.5805,184.9199,185.7166,183.4580,193.7956,193.6545,195.0131,187.5004,182.9618,178.8580,180.9244,184.9593,177.2097,179.3603,179.7288,185.7912,202.5776,189.5252,190.4353,190.9145,203.1100,186.3584,186.3612,195.8368,191.2775,183.4458,190.9620,188.1167,195.1153,180.7950,194.1903,195.7450,206.0377,188.8486,207.3194,206.6512,182.2063,205.2416,200.5493,195.3291,212.8004,205.4304,205.0184,196.5963,192.8050,203.9572,186.2229,212.0385,205.2645,205.5123,203.8003,204.0822,207.8536,203.7453,204.3204,209.6360,206.5530,207.3315,214.0350,207.5868,208.0444,205.2981,191.5928,187.7508,191.6564,202.8944,198.5760,183.1982,188.4161,194.6208,191.3318,191.5549,192.0824,192.4324,192.4049,192.1966,191.9804,191.6584,192.1502,190.8883,190.6407,189.9368,189.0998,182.0168,184.0712,185.7415,0.0000,193.9011,195.5470,191.4538,185.6508,185.2790,195.0563,194.9072,200.7439,203.9607,204.8670,186.6543,192.7735,213.1705,197.9717,194.0753,176.9874,174.9456,194.9120,184.3630,190.6407,196.8170,206.8071,191.4878,191.8142,189.1730,187.7820,185.3338,197.9479,203.2730,186.4304,186.4789,189.4621,183.0567,166.8219,187.5973,190.2946,186.3120,191.6460,191.9619,192.2278,189.5863,173.6843,175.2256,186.6581,184.9609,206.7317,185.1541,186.9127,184.7779,203.1698,203.6053,197.4263,198.4781,194.6856,190.2143,195.5063,181.3132,188.4023,186.7982,190.0717,190.0458,203.6884,0.0000,198.6332,186.9235,200.7250,201.7628,190.1775,190.0022,198.7249,193.9082,192.1978,191.0238,177.9674,195.5766,178.3023,190.2011,185.4876,189.5946,204.5467,205.7773,203.1681,188.7768,183.9308,203.7916,203.3504,204.7135,181.7911,205.8011,177.1548,180.1322,179.3995,196.7655,203.3352,177.6700,207.6921,208.2822,208.2719,207.7165,206.7317,208.2573,208.9067,209.9752,208.3094,208.3113,206.2802,192.1503,189.1023,190.0471,0.0000,192.4646,191.7766,192.4646,187.3848,187.7232,190.7067,193.3915,194.4469,203.5492,190.4339,193.9621,195.0324,194.0825,191.2242,188.7368,209.2648,188.8491,191.2239
