"ETAPA \ BARRA","AGUAYTIA 220","BALNEARIO 220","BALNEARIOS 60 A","CALLAHUANCA 220","CALLAHUANCA 60","CARHUAMAYO 220","CARHUAMAYO NUEVA 138","CARHUAQUERO 220","CHAVARRIA 220 A","CHICLAYO OESTE 220","CHIMBOTE 220","GUADALUPE 220","HUACHIPA 60","HUACHO 220","HUANCAVELICA 220","HUAYUCACHI 220","ICA 220","INDEPENDENCIA 220","MARCONA220","MOYOPAMPA 60","OROYA NUEVA 220","OROYA NUEVA 138","OROYA NUEVA 50","PACHACHACA 220","PARAGSHA2 220","PARAGSHA 138","PARAGSHA 50","PARAMONGA NUEVA 220","PIURA OESTE 220","SAN JUAN 220","SANTA ROSA 220 A","SANTA ROSA EDS 60","TALARA 220","TINGO MARIA 138","TINGO MARIA 220","TRUJILLO 220","VENTANILLA 220","VIZCARRA 220","ZAPALLAL 220","AGUAYTIA 138","PUCALLPA 138","HUALLANCA 138","CHIMBOTE 138","PUCALLPA 60","ZORRITOS 220","ABANCAY NUEVA 138","ARICOTA138","ARICOTA II 66","CAMPO ARMINO 220","AYAVIRI138","AZANGARO 138","CACHIMAYO 138","CALLALLI 138","CERRO VERDE 138","COMBAPATA 138","DOLORESPATA 138","DESIERTO220","JULIACA 138","MACHUPICCHU 138","MOLLENDO 138","MOQUEGUA 220","MOQUEGUA 138","PUNO 220","PUNO 138","SANTUARIO 138","SOCABAYA 220","SOCABAYA 138","ILO 138","LOS HEROES 220 A","LOS HEROES 66","TINTAYA 138","TOMASIRI 66","REPARTICION 138","ILO2 220","COTARUSE 220","CHILCA REP 220","CANTERA 220","PIURA OESTE 60","LA NINA 220","CONOCOCHA 220","HUINCO 220","INDEPENDENCIA 60","CHILLON 220","CHILLON 60","CHAVARRIA 60 A","CHAVARRIA 60 B","BARSI 60","BARSI 220","OQUENDO 60","CAJAMARCA 220","PLANICIE 220 A","CARABAYLLO 220","CARABAYLLO 500","CHILCA CTM 500","CHILCA CTM 220 A","KIMAN AYLLU 138","KIMAN AYLLU 220","PARAMONGA EXISTENTE 138","MACHALA 200","CHIMBOTE 500","TRUJILLO 500","HUARANGAL 60","POMACOCHA 220","PIEDRA BLANCA 138","POROMA 220","POROMA500","OCONA 500","MONTALVO 500","MONTALVO 220","HUANZA 220","INDUSTRIALES 220 A","TINTAYA 220","LA NINA 500","INDUSTRIALES 60","CARHUAMAYO 50","CARIPA138","HUAMPANI 60","HUANUCO 138","REFINERIA ZINC 220","QUENCORO 138","ILO 3 220","MIRADOR 220","MIRADOR 60","ALTO PRADERA 220","ABANCAY NUEVA 220","LOMERA 220","REQUE 220","SAN JOSE 500","SANTA TERESA 220","SURIRAY 220","ASIA 220","CERRO DEL AGUILA 220","CHAGLLA 220","RAMADA 220","SANTA ROSA LDS 60","LOMERA 60","ZAPALLAL 60","MALVINAS 220","MALVINAS 60","ABANCAY 138","YAUPI 138","SANTA ISABEL 220","YANANGO 220","CHIMAY 220","ILO3 138","MATUCANA 220","COLCABAMBA 500","COLCABAMBA 220","YARABAMBA 500","YARABAMBA 220","BELAUNDE 220","BELAUNDE 138","CACLIC 220","INDUSTRIALES 220B","PLANICIE60","COBRIZAI 69","MOLLEPATA 60","MOLLEPATA220","CARAPONGO 500","CARAPONGO 220 A","SAN JOSE 220","MARCONA 60 A","SAN NICOLAS 60","CALLAHUANCA EDN 220","PUMIRI138","PUMIRI220","SAN MIGUEL 220","SAN MIGUEL 60","FELAM 220","MANCHAY 60","MANCHAY 220","SAN RAFAEL 138","SAN GABAN 138","MARCONA 60 B","ANGEL 138","PTO MALDONADO 138","MEDIO MUNDO 220","AUCAYACU 138","BELLAVISTA 138","TARAPOTO 138","PARINAS 220","PAMPA HONDA 220","ORCOTUNA 220","SAN ROMAN 138","SAN ROMAN 220","CHILOTA 220","MAZUCO 138","JESUS 138","CARHUAMAYO 138","CINCO MANANTIALES 138","OXIDOS CERRO 138","TOCACHE 138","JUANJUI 138","FRANCOISE 220","BOTIFLACA 138","MILL SITE 138","PLAZA TOQUEPALA 138","QUEBRADA HONDA 138","PANAMERICANA SOLAR 138","TOQUEPALA 138","ILO ELS 138","REFINERIA 138","LIXIVIACION 138","PUSHBACK 138","INTIPAMPA 138","PLANICIE 220 B","CHILCA CTM 220 B","CARAPONGO 220 B","CHILCA 1 220","DERIVACION 220","CHAVARRIA 220 B","DERIVACION 220  BARRA II","CAMPAS 220","CAMPAS 500","PLANICIE 500","NUEVA CHINCHA 220","CAHUACHI 220","VALLE DEL CHIRA 220","SANTA ROSA 220 B","ERSUR 220","FLAMENCO220","BARRA3HERMANAS","BARRAPTALOMITAS","PUERTO CHANCAY 220","CHAPARRAL 138","CHIRIBAMBA 220","BARRAPTALOMITAS2","YSHCAYUCRO 220","PAQUILLUSI 220","MIGUEL GRAU 500","MIGUEL GRAU 220","ALIPIO ROSALES 220","SUNNY","CUAJONE 138","SAN MARTIN 220","SAN LUIS 220","CERRO VERDE 220","PORTILLO 60"
1.0000,260.0334,276.1782,276.7437,268.4611,260.9583,253.0815,252.3498,277.5854,280.0364,286.0644,281.5960,285.5330,280.1310,272.8332,242.1085,164.2288,264.6347,264.9501,263.2941,275.2922,257.1900,252.2325,254.6023,259.1136,253.3851,256.6406,257.0995,271.3828,287.3607,275.9266,278.8349,279.8942,286.6012,260.2119,261.0380,284.0117,283.0022,263.7910,283.2266,260.4850,269.3891,265.2009,282.0106,270.1901,288.1991,242.9613,267.1351,265.9707,233.3225,255.2423,249.7343,249.0632,265.7068,263.9616,257.5652,250.1751,269.9489,256.4872,236.9807,263.8700,263.0477,263.4115,257.1781,257.4146,260.8667,262.5474,263.0256,268.8345,264.8213,265.7872,265.5618,267.7369,265.5721,263.0864,246.2476,273.9096,270.6014,287.6240,285.9726,265.4761,273.0298,266.3344,283.0754,283.3587,283.1509,283.8639,282.9685,282.4907,283.7134,278.9379,278.1300,283.7781,277.2000,274.6726,273.9094,267.9665,270.3682,270.3558,0.0000,281.6508,283.5713,283.5049,259.9956,259.8500,263.3954,263.5498,262.6701,262.1845,262.5089,0.6589,278.9597,264.3445,285.9272,279.4673,252.5566,248.0508,271.5209,260.8736,278.0599,250.1896,265.6802,283.6667,283.4388,275.6365,241.0103,277.5629,285.9831,262.4048,237.2055,237.2672,273.3131,245.2523,241.3098,274.4309,279.2272,277.9004,283.6189,283.1029,283.2306,244.1030,247.3563,249.4656,262.0580,259.6313,265.6443,266.1064,257.6700,247.6172,262.8994,262.4849,284.9615,286.2556,282.2898,278.1280,284.6680,233.9988,244.0973,243.0922,275.0189,276.4856,262.2670,0.0000,262.6259,268.6395,250.0339,252.4795,276.6833,276.7081,286.1874,281.6390,278.2091,236.3280,218.1403,263.4131,218.4350,235.0810,272.1565,265.4804,290.1148,292.9969,286.6718,275.7621,140.2748,256.4522,255.9577,260.3906,223.5930,262.8290,252.6412,257.3653,256.6842,277.1554,288.1827,254.1039,267.5089,269.0173,269.0987,267.9704,265.6443,268.9672,267.9964,269.2632,269.1180,268.9288,264.9630,278.1300,273.9096,276.4912,0.0000,261.8650,282.5291,261.8650,263.2547,264.3408,276.6035,268.2910,263.4602,288.2995,278.8301,262.5282,263.3916,262.6002,260.0562,279.3983,265.0497,251.0849,260.0561,257.1002,239.3383,286.2973,286.6264,287.9552,262.2670,266.8533,262.2670,264.1951,263.4114,276.8902
2.0000,235.6722,250.7090,251.2170,243.5742,236.7687,229.9316,229.3102,251.3247,254.0016,258.9557,255.1866,258.5567,253.8835,247.4815,220.1376,149.2010,240.9154,241.0041,239.9259,249.6052,233.5684,229.1308,231.2363,235.2908,230.2375,233.2357,233.6564,246.1121,260.1059,250.4901,252.9281,253.8708,259.3489,235.8607,236.6507,257.2851,256.6588,239.3760,256.9499,236.0663,243.8313,240.3336,255.5360,244.5297,260.6945,221.1637,244.0173,242.9694,212.0611,233.1460,228.0834,226.6021,243.4526,241.3291,234.7548,227.5907,245.4737,234.2221,215.7134,244.4668,240.2446,240.5796,234.8686,235.0776,239.6324,239.7952,240.3209,245.6062,241.8367,242.6943,242.6411,244.5753,243.4060,240.2797,224.2236,248.8359,245.9867,260.3271,258.9402,240.8436,246.7986,242.2479,256.7231,256.9785,256.7651,257.3989,256.6160,256.1944,257.2794,252.6051,252.4490,257.4763,251.5414,249.4360,248.8357,242.8707,245.0300,245.0911,0.0000,255.2466,256.8984,257.1682,236.1142,235.5956,239.9274,240.0445,239.6117,239.4576,239.7535,0.6589,253.1819,241.5016,258.8993,253.6344,229.4768,225.4694,246.1367,236.6531,252.1659,227.6160,242.6671,257.3203,257.0958,250.2950,219.4000,251.7791,258.8951,239.5318,215.9209,215.9771,248.3555,222.9126,219.6602,248.6144,253.2710,252.0410,257.2184,256.7616,256.8656,222.2149,224.7121,226.6390,238.0265,235.8224,242.6366,241.4334,234.2073,225.0622,240.0516,239.7295,257.7099,258.8185,255.4518,252.3356,258.3383,212.2429,222.1779,221.0758,249.5914,250.7382,239.4168,0.0000,239.1824,243.7317,228.3586,230.6038,250.9108,250.9004,259.1089,255.6368,252.5185,215.8755,199.1596,240.0389,199.4340,214.0717,246.8368,240.5265,262.1547,264.4790,259.4132,249.7913,127.4222,234.1989,233.7568,237.8119,203.9502,240.5547,229.5758,233.8888,233.2753,250.8508,260.4736,230.8995,244.3171,245.7289,245.8036,244.7796,242.6366,245.6831,244.8125,245.9989,245.8213,245.6421,242.0048,252.4490,248.8355,250.7432,0.0000,238.4588,256.2149,238.4588,239.1168,240.0930,251.0712,243.9989,240.0137,260.9166,252.9239,239.2726,239.9244,239.3106,236.8117,253.4622,243.7310,228.3369,236.8116,233.4983,218.6012,259.2110,259.4881,260.4899,239.4168,243.7155,239.4168,241.2299,240.5657,251.0552
3.0000,235.3110,250.3483,250.8441,243.2739,236.5162,229.7115,229.1402,250.9504,253.6126,258.4841,254.9019,258.0141,253.4907,247.1812,220.0967,149.0638,241.5215,241.2378,240.0680,249.2028,233.3505,228.9620,231.0570,235.0535,230.0119,232.9738,233.3612,245.8268,259.8624,250.1377,252.5487,253.4864,259.2865,235.4967,236.3129,256.9089,256.2525,239.1393,256.5741,235.6981,243.3246,240.0302,255.2979,244.0105,260.6518,221.0933,244.1085,243.0671,211.9103,233.2138,228.1184,226.5076,243.5567,241.2821,234.7218,227.4806,245.5185,234.2341,215.6405,244.3370,240.2678,240.6095,234.8865,235.0929,239.5731,239.7700,240.2714,245.6546,241.8576,242.7076,242.7413,244.5954,243.3557,240.3035,224.1662,248.5430,245.9417,260.0782,258.6247,240.5897,246.4613,242.4866,256.3153,256.5707,256.3453,256.9663,256.2031,255.7859,256.8572,252.2764,252.0968,257.1088,251.2040,249.1378,248.5428,242.5444,244.7560,244.8038,0.0000,254.9317,256.5526,256.7684,235.8751,235.2201,239.9124,240.0063,239.5980,239.4576,239.7660,0.6589,252.8148,241.5798,258.5946,253.2624,229.4556,225.2783,245.7881,236.2522,251.8132,227.5136,242.7128,256.9267,256.6869,249.9660,219.3315,251.4358,258.4122,239.5280,215.8487,215.9049,248.1381,222.7438,219.4450,248.3321,252.8818,251.6594,256.8033,256.3535,256.4498,222.1476,224.4691,226.4106,237.7883,235.5865,242.6815,241.1345,234.0240,224.8917,240.0369,239.7049,257.3233,258.4224,255.0959,251.9627,257.9066,211.7804,222.2897,221.0583,249.2687,250.3955,239.4147,0.0000,239.2949,243.4300,228.3945,230.6401,250.5652,250.5601,258.7350,255.2438,252.1644,215.8266,199.0852,240.1588,199.3611,213.7058,246.5464,240.1663,261.6358,263.9182,259.3743,249.5001,127.2971,234.2166,233.7769,237.8334,203.7643,240.4891,229.4174,233.7030,233.0160,250.5183,259.9832,230.6654,244.4261,245.8207,245.8947,244.8539,242.6815,245.7745,244.8533,246.0152,245.9130,245.7391,242.0518,252.0968,248.5427,250.4004,0.0000,239.7732,255.8072,239.7732,238.8770,239.8478,250.7409,244.1197,240.5171,260.7412,252.5445,239.4584,239.9101,239.5611,238.7101,253.1143,243.6563,228.4014,238.7100,233.2640,218.6357,258.9210,259.2151,260.4479,239.4147,243.8106,239.4147,241.2390,240.5480,250.6712
4.0000,245.0249,261.2098,261.7113,253.8991,246.8982,239.6059,239.0206,261.1889,264.5717,268.9352,265.5182,268.5130,264.4084,257.6869,230.0651,155.7580,252.4317,252.0197,251.8416,259.8629,243.5537,238.9703,241.1683,245.3853,239.8783,242.9709,243.3785,256.2311,270.3108,261.0009,263.4756,264.4304,269.6082,245.2675,246.1280,267.4997,267.3053,249.2120,267.6860,245.4144,253.0853,250.0138,265.8880,253.7751,270.9436,231.7515,256.7176,255.6043,221.5701,245.2523,239.9021,237.4198,256.0156,253.6684,246.4264,238.4544,256.4047,246.3932,226.0462,253.2289,252.9386,253.2829,247.1030,247.3184,251.7920,252.3185,252.7967,258.4853,254.6061,255.5194,255.2552,257.4689,255.1093,252.9758,234.9888,259.4427,256.7999,270.5190,269.1285,250.7248,257.1858,253.2960,267.3688,267.6402,267.3875,268.0213,267.2358,266.8109,267.9212,262.6035,263.0774,268.2679,262.1222,260.0856,259.4426,252.6676,254.9161,255.1681,0.0000,265.5685,267.1435,267.8599,246.2293,245.0040,251.6915,251.7629,252.2847,252.1206,252.4308,0.6589,263.8072,254.0523,269.0998,264.2618,239.2772,235.0092,256.2955,246.1257,262.7479,238.5175,255.4191,268.0377,267.7754,260.8561,229.9088,262.1856,268.8710,252.6908,226.2639,226.3228,259.0476,232.9245,228.8582,258.5628,263.8108,262.3032,267.8746,267.4071,267.4946,232.8438,234.1322,236.1602,248.4219,246.1214,255.3825,251.6647,244.7428,235.1705,252.5756,252.2469,267.7292,268.8381,265.4645,262.8742,269.0506,221.6099,232.1640,231.0045,260.1539,261.2913,252.5875,0.0000,250.9249,254.0603,240.1960,242.5679,261.4625,261.4549,269.2083,266.3320,263.1458,226.8442,209.2126,251.9528,209.5044,224.1441,256.9983,250.1492,272.2708,274.4969,269.6984,259.7570,132.9807,246.3840,245.9131,250.2872,213.9840,252.9166,239.2980,243.7291,243.0145,260.9946,270.5968,240.5753,257.1611,258.5159,258.5953,257.5794,255.3825,258.4688,257.6433,258.8620,258.6137,258.3513,254.7315,263.0774,259.4426,261.2963,0.0000,250.8899,266.8383,250.8899,249.5729,250.5803,261.6800,254.9695,252.1174,271.1643,263.4713,251.2477,251.6894,251.4192,249.7775,264.0024,254.5320,238.6910,249.7774,243.2141,229.9427,269.4115,269.6936,270.7448,252.5875,256.5309,252.5875,254.1668,253.2387,261.4408
5.0000,231.5955,247.0873,247.5533,240.2144,233.6220,226.6676,226.1199,246.9735,250.2287,254.3209,251.0546,253.9825,250.0663,243.6239,217.9668,147.4820,239.6853,238.9594,238.9511,245.8309,230.4643,226.1525,228.2286,232.2104,226.9095,229.8262,230.2185,242.2502,255.6659,246.8964,249.2042,250.1035,255.0326,231.8378,232.6691,252.9538,252.7919,235.6766,253.1880,231.9549,239.0316,236.4266,251.3560,239.6678,256.3145,219.6545,243.6960,242.6352,209.8486,232.9626,227.8567,225.1478,243.3407,241.3859,233.9052,226.1436,242.9258,233.9989,214.2921,247.8748,240.2135,240.5366,234.6777,234.8755,239.4483,239.6749,240.2124,245.4302,241.7887,242.6574,242.4476,244.4814,244.1335,240.2486,222.7971,245.4898,243.2573,255.8653,254.5302,237.0974,243.2906,240.1626,252.8504,253.1101,252.8522,253.4367,252.7145,252.3218,253.3566,248.3041,248.8724,253.7539,247.9649,246.0971,245.4896,238.9881,241.0513,241.2235,0.0000,251.1235,252.6170,253.3426,233.0036,231.6038,238.6982,238.7435,239.4524,239.4576,239.7410,0.6589,249.5503,241.3172,254.4999,249.9740,226.3446,222.3605,242.4364,232.6971,248.5374,226.2260,242.5320,253.5073,253.2444,246.7797,217.9387,247.9210,254.2700,239.9319,214.4980,214.5539,245.2081,220.5947,216.4851,244.4912,249.5120,248.0094,253.3275,252.8889,252.9653,220.6366,221.4778,223.4031,235.1486,232.9711,242.4949,238.0992,231.7833,222.7218,239.8657,239.6005,253.1029,254.1454,250.9726,248.6434,254.4590,209.8558,219.9676,218.8568,246.1263,247.1744,239.8426,0.0000,238.1176,240.3657,228.1354,230.3907,247.3348,247.3270,254.5939,251.9247,248.9358,215.4862,198.6776,239.0340,198.9578,212.5444,242.9731,236.4578,257.3367,259.5209,255.1223,245.6179,125.9031,233.9918,233.5517,237.7012,203.1070,240.3820,226.3806,230.5574,229.8672,246.6555,255.7393,227.5729,244.1846,245.4014,245.4792,244.5469,242.4949,245.3574,244.6305,245.7876,245.4960,245.2393,241.8834,248.8725,245.4897,247.1789,0.0000,238.8402,252.3476,238.8402,236.2428,237.1936,247.5648,241.6423,239.4563,256.4818,249.2002,238.4266,238.6968,238.5694,238.2472,249.6644,245.2775,226.2133,238.2471,230.0431,218.3992,254.8000,255.0724,256.1242,239.8426,243.5959,239.8426,241.3818,240.5314,247.2926
6.0000,230.9857,246.5119,246.9720,239.6917,233.1497,226.1747,225.6470,246.2015,249.6385,253.4669,250.3703,253.1633,249.5922,243.0862,217.5505,147.1920,239.2167,238.4594,238.7402,245.2217,230.0001,225.7827,227.8259,231.7317,226.4039,229.2822,229.6592,241.6981,254.7118,246.3248,248.6201,249.5100,254.0405,231.2187,232.0620,252.1839,252.1935,235.1046,252.5984,231.3429,238.3739,235.7573,250.6951,239.0060,255.2857,219.4487,244.0046,242.9687,209.4682,232.8296,227.7101,224.8615,243.2325,241.3371,233.6773,225.8522,242.4099,233.8956,214.0519,247.9658,240.2335,240.5657,234.5869,234.7834,239.3514,239.6162,240.1539,245.5064,241.7886,242.6191,242.3481,244.5028,244.1054,240.2686,222.5248,244.9439,242.7260,254.8934,253.6649,236.5146,242.7418,239.6333,252.2510,252.5014,252.2579,252.8416,252.0979,251.7188,252.7550,247.5461,248.2664,253.1662,247.3901,245.5537,244.9437,238.2841,240.3731,240.6929,0.0000,250.4265,251.8575,252.7328,232.5167,230.9831,238.4517,238.4868,239.3343,239.4576,239.7532,0.6589,248.9394,241.2225,253.6322,249.3647,225.9176,221.9959,241.8959,232.0663,247.9719,225.9408,242.6383,252.9109,252.6472,246.2167,217.7100,247.3614,253.4215,239.8746,214.2583,214.3141,244.6552,220.2004,216.0027,243.7650,248.9245,247.4547,252.7203,252.2878,252.3721,220.4760,220.9888,222.9142,234.6801,232.5070,242.6105,237.5805,231.3735,222.3237,239.8147,239.5422,252.2761,253.2984,250.1844,248.0624,253.6294,209.5087,219.4947,218.4185,245.5696,246.6168,239.7893,0.0000,237.7921,239.8421,227.9931,230.2692,246.7785,246.8054,253.7352,251.2076,248.3278,215.1767,198.4112,238.7957,198.6901,212.0847,242.4284,235.7688,256.4394,258.5592,254.1302,244.8796,125.6498,233.8947,233.4498,237.6556,202.7730,240.3108,225.9121,230.0498,229.3243,245.8384,254.8547,227.0727,244.3039,245.7129,245.7874,244.7610,242.6105,245.6671,244.7168,245.8646,245.8054,245.6234,241.9903,248.2664,244.9438,246.6214,0.0000,238.4606,251.7516,238.4607,235.7729,236.7183,246.9958,241.1335,239.2128,255.4939,248.6162,238.2508,238.4502,238.3512,237.8685,249.0939,245.2857,225.7645,237.8684,229.5140,218.2840,253.9104,254.1618,255.1012,239.7893,243.6809,239.7893,241.3310,240.4737,246.7296
7.0000,231.2283,246.9741,247.4475,240.0806,233.5007,226.5305,225.9757,246.6496,250.0526,253.9744,250.8137,253.7398,249.8768,243.4300,217.9325,147.4265,239.8687,239.0069,239.1388,245.6563,230.4132,226.2959,228.3181,232.1272,226.7477,229.6010,229.9861,242.0369,255.1480,246.7805,249.0388,249.9469,254.4441,231.4611,232.3235,252.6579,252.5791,235.4354,252.9879,231.5818,238.5392,236.1113,251.1440,239.1646,255.6937,219.7561,243.9370,242.8740,209.7931,232.8533,227.7169,225.2528,243.2373,241.1666,233.9335,226.2528,242.9217,233.9298,214.3449,244.1671,240.2293,240.5403,234.6149,234.8189,239.3729,239.6433,240.1508,245.4772,241.8163,242.6858,242.4059,244.5090,243.2730,240.2644,222.7737,245.3657,243.2185,255.3279,254.1277,236.8519,243.1285,240.1931,252.6363,252.8936,252.6342,253.2090,252.5389,252.1239,253.1332,247.9600,248.6810,253.5594,247.7902,245.9572,245.3655,238.6008,240.7167,241.0175,0.0000,250.8712,252.3209,253.1258,232.9172,231.2285,238.7354,238.7619,239.4600,239.4576,239.7502,0.6589,249.3509,241.2669,254.0900,249.7778,226.2064,222.4378,242.2712,232.3222,248.3644,226.3476,242.6125,253.3005,253.0212,246.6589,218.0017,247.7248,253.9401,239.9338,214.5501,214.6060,245.1013,220.5298,216.3308,244.1278,249.3401,247.8143,253.1060,252.6801,252.7238,220.7901,221.3414,223.2670,235.0456,232.8690,242.5926,237.9655,231.7112,222.6563,239.8529,239.5711,252.7107,253.7403,250.6017,248.4900,254.1627,209.7823,219.9220,218.8133,245.9664,247.0097,239.8452,0.0000,238.4984,240.2308,228.0021,230.2910,247.1676,247.1655,254.2271,251.6765,248.7426,214.9605,198.2640,239.2451,198.5400,211.8570,242.7682,236.0284,256.7750,258.9323,254.5303,245.2536,125.8501,233.9264,233.4779,237.6692,202.5974,240.3138,226.2401,230.3800,229.6437,246.1070,255.1776,227.4082,244.0754,245.6547,245.7312,244.7256,242.5926,245.6090,244.6858,245.8361,245.7486,245.5453,241.9559,248.6810,245.3655,247.0142,0.0000,239.2912,252.1374,239.2913,236.1372,237.0837,247.3976,241.6614,239.7474,255.9164,249.0348,238.6624,238.7339,238.7920,238.8750,249.4665,243.5469,226.2102,238.8749,229.8559,218.3047,254.3632,254.6081,255.5080,239.8452,243.4378,239.8452,241.3785,240.5092,247.1245
8.0000,244.0898,260.5976,261.1074,253.2884,246.3447,239.0600,238.5035,260.2517,263.8289,267.9341,264.5608,267.6917,263.7001,256.8901,229.8244,155.4742,252.9829,252.1011,251.9911,259.3338,243.0784,238.6860,240.8104,244.8886,239.3011,242.3441,242.7440,255.4323,269.1652,260.3883,262.7587,263.7267,268.4259,244.3322,245.2388,266.5297,266.4883,248.4954,266.9035,244.4636,251.8222,249.1341,264.8885,252.4837,269.7385,231.6468,256.9146,255.7924,221.2385,245.3094,239.9060,237.4944,256.0359,253.7392,246.6784,238.5616,256.2745,246.3942,225.9417,253.5377,252.9413,253.2776,247.1070,247.3216,251.7920,252.3167,252.8131,258.4820,254.6426,255.5720,255.3545,257.4843,255.3615,252.9788,234.8025,258.8561,256.5743,269.3577,268.0890,249.9693,256.5068,253.3511,266.5489,266.8192,266.5556,267.1664,266.4644,266.0152,267.0799,261.6509,262.3145,267.5008,261.4062,259.4629,258.8559,251.8044,254.0201,254.3768,0.0000,264.6339,266.1711,267.0438,245.7400,244.0919,251.5860,251.6218,252.2232,252.1115,252.4277,0.6589,263.0248,254.1391,268.0473,263.4775,238.7979,234.7751,255.6943,245.2542,262.0358,238.6620,255.4751,267.2369,266.9395,260.2445,229.7934,261.3808,267.8987,252.6632,226.1574,226.2163,258.5771,232.5545,228.3078,257.6241,263.0761,261.4401,267.0414,266.5954,266.6345,232.7363,233.5924,235.6196,247.9133,245.6177,255.4504,251.0572,244.3407,234.7970,252.5572,252.2426,266.6611,267.7420,264.4448,262.1827,267.9344,221.1945,231.9366,230.7549,259.4785,260.6015,252.5634,0.0000,251.3555,253.4471,240.2025,242.5906,260.7707,260.7908,268.2051,265.3890,262.3785,226.5662,208.9469,252.1203,209.2388,223.3314,256.1990,249.1571,271.0711,273.2803,268.5161,258.8099,132.7208,246.3884,245.9206,250.2853,213.5259,252.9230,238.7906,243.1806,242.3903,259.8052,269.3849,239.9982,257.1028,258.7257,258.8053,257.7248,255.4504,258.6772,257.6532,258.8621,258.8242,258.6207,254.7854,262.3145,258.8558,260.6064,0.0000,252.3097,266.0258,252.3097,249.0601,250.0576,260.9855,254.9336,252.6901,269.9590,262.7545,251.4815,251.5842,251.5622,251.8708,263.2144,254.8017,238.5737,251.8707,242.5828,229.9641,268.3361,268.5946,269.5434,252.5634,256.4588,252.5634,254.1690,253.2337,260.8123
9.0000,231.3892,247.1714,247.6625,240.1893,233.5917,226.5947,226.0706,246.5999,250.2150,253.8192,250.7924,253.5436,250.0078,243.5463,217.9375,147.4735,239.7302,238.9912,238.9412,245.9466,230.4408,226.1850,228.2310,232.1966,226.8144,229.7106,230.0911,242.1496,255.0456,246.9689,249.1998,250.1148,254.3602,231.6390,232.4784,252.5844,252.7325,235.5271,253.1195,231.7432,238.7122,236.1113,251.1186,239.3387,255.6015,219.8031,244.0330,242.9715,209.8449,232.8856,227.7303,225.4103,243.2666,241.4853,234.2330,226.4293,242.9475,233.9893,214.4118,248.3786,240.2502,240.5845,234.6637,234.8722,239.4733,239.6944,240.2446,245.5730,241.8814,242.7670,242.4514,244.6322,244.4814,240.2853,222.8233,245.4996,243.3094,255.2228,254.0248,236.9345,243.2574,240.1941,252.7901,253.0464,252.8012,253.3838,252.7266,252.2890,253.2983,247.9565,248.7801,253.6868,247.9041,246.0745,245.4994,238.6528,240.7640,241.1571,0.0000,250.8536,252.2613,253.2629,233.0018,231.4045,238.6809,238.7294,239.4493,239.4576,239.7580,0.6589,249.4504,241.3152,253.9939,249.8769,226.3235,222.4469,242.5359,232.4879,248.5004,226.5271,242.6674,253.4422,253.1660,246.8222,218.0577,247.8262,253.7783,239.9339,214.6160,214.6718,245.2243,220.5829,216.3944,244.1664,249.5004,247.8316,253.2597,252.8351,252.8594,220.8129,221.4057,223.3305,235.1214,232.9442,242.6347,238.0741,231.7651,222.7099,239.8783,239.6174,252.7653,253.7902,250.6319,248.6577,254.1834,210.0319,219.8218,218.7991,246.0813,247.1406,239.8389,0.0000,238.2744,240.3404,228.0178,230.3257,247.2987,247.2989,254.1136,251.7310,248.8411,214.8454,198.1797,239.0127,198.4544,211.6834,242.8843,236.2642,257.1337,259.1619,254.4488,245.2839,125.8928,233.9797,233.5261,237.7086,202.4804,240.4200,226.3357,230.4808,229.7536,246.4287,255.5310,227.4463,244.3712,245.7488,245.8213,244.7896,242.6347,245.7028,244.7672,245.9313,245.8398,245.6756,242.0138,248.7801,245.4994,247.1452,0.0000,238.8731,252.2952,238.8731,236.2144,237.1645,247.5112,241.6832,239.4705,255.8085,249.1958,238.4393,238.6785,238.5089,238.2799,249.5923,245.6729,226.2074,238.2798,229.9275,218.3376,254.2649,254.5098,255.4175,239.8389,243.7609,239.8389,241.3969,240.5512,247.3408
10.0000,237.6780,252.4769,252.9446,245.7286,238.1604,235.1520,234.6090,250.6305,252.6835,257.7749,254.4012,257.4415,253.6825,244.4910,240.7862,239.5006,251.5628,250.9759,249.6310,250.3890,240.6400,235.4125,237.8667,243.0113,234.7945,237.7747,238.2035,244.2303,258.8928,252.2711,252.3637,252.9173,258.1704,238.1977,238.7764,256.3825,253.0908,241.4944,251.7778,238.0468,245.3093,239.9374,254.8920,245.9623,259.4156,235.5626,256.4167,255.2788,236.3954,245.5721,240.0288,241.1552,256.1737,254.5806,248.7725,242.1114,252.7573,246.5123,229.8087,261.9507,252.4991,252.8407,247.1319,247.3981,251.7920,252.6892,253.2646,257.9989,254.2160,255.1770,255.8529,257.0393,257.7844,252.5357,239.2997,251.2279,252.2261,259.0767,257.8837,242.0117,246.4273,252.2201,253.1484,253.4017,253.5320,253.9310,253.6423,253.3321,253.7186,252.1932,252.8768,251.6509,251.3499,250.9844,251.2277,242.5940,245.2185,243.2086,0.0000,254.4859,255.9943,252.5633,244.2832,238.2204,249.2881,249.2764,251.1573,251.4437,251.9348,246.1885,253.5604,254.4465,257.8202,253.9938,234.7583,231.3649,246.6032,239.8641,251.3044,242.1193,255.0072,252.5532,252.9242,252.2941,233.8222,247.7468,257.7248,251.8463,230.0463,230.1062,252.0526,237.6649,224.0079,248.5312,252.6714,247.7564,253.3417,253.2410,253.4425,236.6625,229.7708,231.7660,244.0293,241.7696,254.9731,243.4753,242.8760,239.9567,251.8118,252.5623,257.5804,258.8102,255.1814,252.3398,258.2351,236.3785,243.4267,241.9380,250.4981,250.4304,252.0940,0.0000,248.7735,245.7930,240.3286,242.7243,250.6017,250.7239,258.0217,255.7957,252.9386,226.3110,208.8032,249.7276,209.0901,223.0850,244.4506,242.7965,263.1207,264.8250,258.2580,249.6145,240.4848,246.4867,245.9879,250.0747,213.3494,253.2403,234.8768,238.8587,237.8282,252.8154,261.5844,235.4262,256.7588,258.2303,258.3063,257.1866,254.9731,258.1821,257.1727,258.3731,258.3255,258.1403,254.3324,252.8768,251.2263,250.4327,0.0000,250.3293,253.1636,250.3292,244.9213,245.4639,251.6114,252.3868,250.4326,259.6453,252.3617,249.0752,249.2847,249.1285,249.7076,249.0925,259.0581,244.8059,249.7075,237.0193,230.0909,258.0978,258.3515,259.2308,252.0940,256.1160,252.0940,254.0796,253.4779,251.0352
11.0000,249.9176,266.3107,266.8698,258.7120,251.5393,244.0893,243.4964,266.6040,269.6731,274.5986,270.7467,274.3783,269.4454,262.6781,234.2421,158.6330,257.5605,256.8358,256.0857,265.2395,248.0589,243.2719,245.5393,249.9463,244.3779,247.4935,247.9168,261.1920,275.8619,266.0721,268.5536,269.5120,275.1213,250.1883,251.0225,272.8917,272.4083,254.0262,272.7712,250.3173,258.1902,254.8867,271.1137,258.8981,276.4701,235.7796,260.3608,259.1810,225.5727,248.2505,242.8422,241.9300,257.1769,256.8914,250.4235,243.0077,261.1157,249.6242,229.9737,256.9120,256.3579,256.7068,250.3287,250.5754,251.7920,255.5517,255.9162,262.0510,258.2075,259.2382,258.2187,261.1764,258.7164,256.3951,238.8364,264.2998,261.7054,276.0888,274.6586,255.5770,262.4081,258.1115,272.4722,272.7448,272.5009,273.1406,272.4671,271.9602,273.0341,267.9907,268.0111,273.3575,267.0902,264.9442,264.2997,257.6287,259.9505,260.1027,0.0000,270.8101,272.5047,272.9441,250.8124,249.8840,255.7627,255.8326,255.8436,255.4866,255.8354,0.6589,268.7568,257.1062,274.6083,269.2260,243.7516,239.3032,261.5134,250.9484,267.7804,243.0542,258.9289,273.1603,272.9167,265.8412,233.8609,267.2096,274.5668,256.0243,230.1876,230.2476,263.9239,237.0928,233.1510,263.7617,268.8946,267.2904,272.9761,272.5432,272.5676,236.8787,238.5286,240.5852,252.9723,250.6298,258.8902,256.4373,249.0953,239.3790,255.9378,255.4996,273.5083,274.6867,271.0799,267.9505,274.0329,225.8201,236.4472,235.2639,265.0668,266.2971,255.8480,0.0000,255.4523,258.8784,243.1464,245.5776,266.4711,266.4616,274.8393,271.2749,268.0803,229.0715,211.2658,256.2088,211.5606,226.0977,261.9769,255.3306,278.5612,280.8641,275.2104,265.0108,135.4476,249.6029,249.0889,253.6093,216.0286,255.0354,243.7754,248.2779,247.5387,266.5970,276.7746,245.0460,260.7167,262.2076,262.2844,261.1404,258.8902,262.1584,261.1857,262.4711,262.3042,262.1113,258.2292,268.0111,264.2996,266.3022,0.0000,256.4538,271.9439,256.4538,254.1397,255.1705,266.6067,259.6460,256.8037,276.6929,268.5492,255.4906,255.7594,255.6221,255.8170,269.0531,258.1625,243.1165,255.8169,247.8213,232.7957,274.9325,275.2210,276.2690,255.8386,260.0602,255.8480,257.4312,256.4651,266.6267
12.0000,259.4169,276.2590,276.8743,268.2607,260.7451,253.1264,252.5090,276.8855,279.7444,285.2927,280.9981,285.0335,279.4124,272.4646,242.7060,164.3750,266.8911,266.1936,264.7196,275.2887,257.1870,252.2942,254.5941,259.1211,253.4366,256.6295,257.0629,270.9371,286.5282,275.9911,278.5715,279.5672,285.7840,259.6967,260.5366,283.3386,282.5721,263.5514,282.9117,259.8406,268.1876,264.5201,281.3733,268.9382,287.2287,243.8930,268.2655,267.0842,233.6271,255.9847,250.3865,250.3954,265.5730,264.8690,258.6309,251.5415,270.6163,257.2252,237.8667,263.8093,264.1873,264.5468,257.9716,258.1920,260.5514,263.5851,263.9807,269.9647,265.9473,266.9117,266.4027,268.6447,266.2610,264.2242,246.9232,274.0331,271.2704,286.7687,285.2533,265.1536,272.1300,267.5714,282.6395,282.9244,282.6792,283.3493,282.6946,282.1405,283.2325,278.2544,277.9421,283.5085,276.9915,274.6726,274.0329,267.3641,269.7776,269.7797,0.0000,281.0733,282.9157,283.1079,260.0322,259.3909,264.3732,264.4607,263.9147,263.3229,263.6517,0.6589,278.7538,265.2255,285.1919,279.2612,252.7734,248.3586,271.2006,260.5188,277.7190,251.5616,266.7525,283.3543,283.1371,275.7048,241.8787,277.1569,285.2548,263.8531,238.0852,238.1472,273.6152,245.5463,241.7935,273.7842,278.9382,277.2485,283.1627,282.7402,282.7600,245.0487,247.3698,249.4967,262.1487,259.7213,266.7130,265.9033,257.9661,247.9139,263.9314,263.5330,283.8929,285.1225,281.4096,277.9443,284.2009,233.4188,245.5075,243.9432,274.8583,276.1632,263.5850,0.0000,263.8918,268.4346,250.6988,253.1976,276.3434,276.3153,285.5002,281.3376,278.0149,236.3152,218.0050,264.8118,218.3061,232.7414,271.7459,265.0322,289.1294,291.4745,285.8814,275.1014,140.3648,257.2192,256.7164,261.3556,222.8309,263.3440,252.8049,257.4759,256.6766,276.7033,287.2679,254.1000,268.6874,270.1759,270.2551,269.1042,266.5709,270.1254,269.0438,270.3804,270.2758,270.0876,265.9549,277.9421,274.0326,276.1686,0.0000,265.5158,282.0952,265.5158,263.3505,264.4240,276.4642,269.0882,265.5197,287.4179,278.5669,264.0862,264.3700,264.2955,264.8565,279.0634,265.2631,251.9302,264.8564,257.0387,240.0190,285.5382,285.8436,287.0136,263.5651,268.0171,263.5653,265.3914,264.4885,276.5919
13.0000,238.3029,253.4712,254.0708,246.1802,239.2685,231.7041,231.1117,254.8232,256.7409,262.6214,258.2770,262.4081,256.4208,251.7207,222.2851,150.6438,244.4735,243.9477,241.7621,252.6158,235.6607,231.1352,233.2493,237.5201,231.9041,234.7425,235.1332,249.8939,263.4718,253.2019,255.6643,256.6081,262.7992,238.5299,239.2754,260.5550,259.3039,241.9132,259.6725,238.7079,246.6903,243.0753,258.6557,247.4083,264.1680,222.6208,243.6127,242.5176,213.9408,233.4471,228.2916,228.7156,244.0771,241.1885,236.1456,229.8246,248.0921,234.4176,217.1818,239.8655,240.1665,240.4860,235.0041,235.2060,240.8581,240.1450,240.6535,245.2783,241.7031,242.5658,243.1518,243.4637,241.3908,240.1997,225.4930,251.2878,248.6515,263.6838,262.3482,243.6201,250.3934,245.2564,259.3626,259.5999,259.3771,259.9658,259.4550,258.9400,259.8670,255.9984,255.0054,260.1795,254.1775,251.9189,251.2876,245.6778,247.9934,248.9425,0.0000,258.3318,260.1265,259.7718,238.3453,238.1266,241.4155,241.5118,240.1786,239.4576,239.6904,0.6589,255.7992,241.9537,262.2706,256.2709,231.3694,227.5489,248.7878,238.9131,254.9010,229.8301,242.2433,260.0334,259.8059,252.8803,220.8279,255.2939,262.5905,239.7475,217.3813,217.4379,250.8420,224.8406,220.2663,251.7685,256.0137,255.3607,259.8156,259.4909,259.5221,223.6086,226.4387,228.3833,240.2540,238.0292,242.1862,244.1997,236.2014,227.0087,240.2665,240.0909,261.5696,262.7910,259.1232,255.0658,260.6499,213.8159,224.7826,223.3938,252.1777,253.4854,239.3227,0.0000,240.9069,246.3459,228.5714,230.8540,253.6499,253.6282,262.6846,258.0753,255.0703,215.6220,198.8630,241.8419,199.1404,212.6995,250.8264,243.4893,266.5289,268.8440,262.8842,253.0125,128.6789,234.3742,233.9307,237.8360,203.4594,241.2337,231.3881,235.5930,234.7873,254.3860,264.7025,232.4644,244.2071,245.3774,245.4457,244.3318,241.6641,245.3326,244.4068,245.6745,245.4655,245.3166,241.4653,255.0054,251.2875,253.4905,0.0000,243.1528,258.8651,243.1528,241.3535,242.3464,253.6467,246.6810,242.6602,264.3005,255.6601,241.1638,241.4127,241.3073,242.6716,256.7470,239.2716,230.7909,242.6716,235.5007,218.8384,262.5838,262.8536,263.9631,239.2882,243.6076,239.2272,241.3867,240.8496,253.8245
14.0000,231.9648,246.0368,246.6665,238.7223,231.8761,224.9798,224.3779,247.5138,249.1681,255.0793,250.6745,254.8624,248.9466,244.2270,215.3634,146.0554,236.5969,236.2811,233.5712,245.3069,228.6060,224.1726,226.2385,230.3537,225.2491,227.9349,228.3157,242.5210,255.8533,245.7474,248.1196,249.0335,255.2020,232.1357,232.7914,252.9404,251.6346,234.9941,251.9606,232.3891,240.7610,235.9529,251.0502,241.5143,256.5395,215.6534,234.2435,233.1194,207.3001,225.1734,220.2693,221.7483,235.1074,231.9763,228.4129,222.8785,240.3339,226.1625,210.3498,229.1199,231.4557,231.7147,226.6681,226.8697,231.9181,231.4601,231.8746,236.1138,232.9612,233.8764,234.4441,234.5808,230.5445,231.4882,218.2599,243.7642,241.0654,256.0684,254.7431,236.5723,242.9182,237.5984,251.6925,251.9160,251.7218,252.3036,251.8109,251.3097,252.1934,248.6462,247.4503,252.4424,246.5999,244.3445,243.7640,238.4586,240.7708,241.5979,0.0000,250.7326,252.5161,252.0804,231.1711,231.6933,233.2561,233.3669,231.4103,230.8540,231.0303,0.6589,248.2751,233.2883,254.6608,248.7485,224.5882,220.7175,241.2572,232.3579,247.3057,222.8666,233.1227,252.3453,252.1459,245.3886,213.8736,247.7067,255.0477,230.6987,210.5398,210.5946,243.2676,217.8022,214.3366,244.4829,248.4815,247.7907,252.1342,251.8454,251.8972,216.6368,219.8815,221.7615,232.8811,230.7245,233.0540,236.6301,228.7672,219.9023,231.6014,231.4314,254.4312,255.6513,251.8739,247.5429,253.0912,207.3106,217.7800,216.4561,244.6261,245.9179,230.0990,0.0000,232.8025,238.8827,220.5309,222.6920,246.0851,246.0611,255.1175,250.5155,247.5153,208.3578,192.3545,233.6446,192.6127,207.1057,243.3961,237.0323,260.0012,262.2597,255.2828,245.7067,124.7826,226.0917,225.6530,229.3018,197.3204,232.4125,224.6354,228.7319,227.9772,247.8040,258.1724,225.7863,235.1055,235.9525,236.0236,235.0482,232.1889,235.9124,235.2479,236.4767,236.0409,235.8518,231.9950,247.4503,243.7637,245.9229,0.0000,235.1593,251.2137,235.1592,233.9370,234.9007,246.0808,238.8992,234.4327,256.6527,248.1154,232.9704,233.2530,233.1025,234.6938,249.1152,226.6117,223.5767,234.6938,228.7254,211.1013,254.9722,255.2389,256.3389,230.0480,234.5553,229.9176,232.3538,232.0354,246.3598
15.0000,262.7137,276.9703,277.7413,268.5268,260.6163,253.4714,253.0650,279.6565,280.5321,288.3148,282.7168,287.8783,280.5320,275.1897,241.5617,163.9252,265.3652,265.2481,260.1725,276.6306,257.1891,252.5113,254.7006,259.0051,253.8604,257.3672,257.7458,273.3475,289.2432,276.6039,279.3332,280.4029,288.6358,263.3130,263.3262,285.3910,283.3229,265.1258,283.5927,263.2802,274.4855,266.2528,283.1876,275.4944,290.2103,240.6667,257.5152,256.3113,232.3892,248.2715,242.9351,247.5161,256.9417,254.8208,253.5710,248.7668,270.0031,249.3464,234.6862,247.6398,254.7882,255.0387,249.8271,250.0632,251.7920,255.0090,255.1959,259.9063,256.2270,257.1205,258.2680,257.6372,251.3057,254.8246,243.3376,274.0996,270.9344,289.5332,287.7780,266.8246,273.3266,266.7541,283.3924,283.6365,283.4446,284.1231,283.5642,282.9810,283.9776,280.7325,278.4920,284.0855,277.4679,274.6726,274.0993,269.0733,271.7002,272.3183,0.0000,282.7754,284.9542,283.8188,259.9456,262.6913,259.6152,259.7665,255.7798,254.2154,254.3495,0.6589,279.5328,257.0404,287.6982,280.1142,253.4593,248.7738,272.0426,263.2038,278.3032,248.6894,256.4215,284.0568,283.8318,276.1163,238.6099,279.0362,288.2485,254.1944,234.8939,234.9551,273.5068,244.0325,241.5620,275.9532,279.7808,279.3880,283.9028,283.5712,283.6590,241.8239,247.7785,249.8667,261.4211,259.0004,256.3537,266.1766,256.2271,246.3855,255.3092,255.0143,286.9721,286.9721,284.2813,278.6696,285.3783,232.4630,244.4408,242.8741,275.1406,276.7016,253.3544,0.0000,259.9644,268.7105,243.2096,245.5113,276.9118,276.8756,288.3098,282.1964,278.5713,230.1106,212.6382,260.3437,212.9130,230.7426,274.2982,267.9635,287.7231,298.5141,288.7379,277.3567,140.1077,249.2333,248.7426,252.5702,218.7494,254.6305,253.3699,258.1375,257.4115,277.9870,286.3506,254.4667,258.6419,259.3861,259.4684,258.4757,255.1676,259.3439,258.9030,260.3261,259.4865,259.2849,254.5882,278.4920,274.0986,276.7076,0.0000,263.2207,282.8547,263.2205,262.5702,263.6438,276.8253,268.3301,261.5739,290.2119,279.3283,259.4642,259.6126,259.6504,262.6997,280.5021,244.7998,250.8583,262.6997,257.8378,232.7328,288.1015,288.4371,289.9752,253.2859,258.0667,253.0856,255.8693,255.6106,277.6286
16.0000,264.2861,277.2641,278.0827,268.6553,260.5915,253.6900,253.2108,280.5651,280.8822,289.3820,283.3416,288.8394,281.1486,275.6255,241.2278,163.7858,264.9811,264.9494,258.8096,277.0969,257.2390,252.4260,254.6783,259.0166,254.1414,257.6514,258.0469,273.8091,290.2954,276.8660,279.6636,280.7827,289.7181,264.8399,264.6761,286.1886,283.6892,265.7232,283.8689,264.9120,277.3155,266.8608,283.8247,278.4327,291.3534,239.6009,254.5113,253.2987,232.0296,246.0325,240.6630,246.3497,255.9810,252.3450,251.8498,247.6030,269.8144,247.0026,233.6462,242.9218,252.1972,252.3822,247.4404,247.6646,251.7920,252.8388,253.0909,257.1937,253.5228,254.3911,256.1235,254.6928,247.4273,252.2326,242.2850,274.1378,270.8007,290.6120,288.7247,267.3648,273.5299,266.4172,283.7627,284.0071,283.8391,284.5428,283.9703,283.3712,284.3764,281.5900,278.7343,284.3242,277.6762,274.6726,274.1374,269.7022,272.3642,272.7588,0.0000,283.4059,285.7224,284.1551,259.9650,264.0458,258.3119,258.5000,253.7169,251.7493,251.8046,0.6589,279.8681,254.8226,288.6408,280.4919,253.5970,248.6342,272.3658,264.2307,278.5370,247.5042,253.6448,284.3619,284.1193,276.3180,237.5555,279.4425,289.2987,251.7849,233.8536,233.9145,273.5075,243.6320,241.8294,276.7020,280.1429,279.9632,284.2858,283.9515,284.0731,240.7549,248.0019,250.0860,261.2561,258.8367,253.5989,266.3067,255.7868,245.9812,253.0626,252.8460,288.4982,288.4983,285.4754,278.9832,285.9278,232.1147,244.1093,242.5415,275.2820,276.9074,250.8582,0.0000,258.0617,268.8418,240.9381,243.2578,277.1386,277.1189,289.3090,282.5796,278.8178,227.8747,210.5947,258.9354,210.8656,229.1632,274.7488,269.8158,290.8600,301.7436,289.8175,278.1357,140.0302,246.8744,246.3969,250.0704,216.7142,253.2823,253.5103,258.3078,257.6916,280.4392,289.3743,254.7551,255.4878,256.3677,256.4532,255.5684,252.3143,256.3279,256.1959,257.6026,256.4694,256.2676,251.4028,278.7343,274.1363,276.9135,0.0000,262.5355,283.2274,262.5352,262.3924,263.4788,276.9844,268.0906,260.4160,291.3044,279.6585,258.0522,258.3096,258.3015,262.0158,280.8374,240.0195,250.5371,262.0158,258.1969,230.5966,289.0727,289.4312,291.1082,250.7851,254.9284,250.5456,253.4523,253.3495,278.0665
17.0000,266.5708,277.3767,278.2419,268.7103,260.5141,254.4481,253.8333,282.7878,280.8171,291.9199,284.7122,291.2368,281.4196,276.2386,241.8479,163.8670,268.3214,266.8675,257.7089,278.1090,257.6133,252.7650,255.0243,259.2529,255.0206,258.6754,259.1193,274.6264,292.6619,276.9572,279.6438,280.7901,292.2399,267.0182,266.7176,287.9537,283.1130,267.0337,283.7477,267.2669,281.0901,268.4648,285.2394,282.3356,293.9989,240.1182,253.7881,252.5828,232.1300,245.6206,240.2090,247.1513,255.9383,251.3564,252.1474,248.4527,271.1268,246.5526,234.0631,241.0749,251.2825,251.4598,246.8928,247.1277,251.7920,252.0294,252.2901,256.3555,252.6012,253.4558,255.6944,253.6350,245.7006,251.3198,242.4729,274.1266,271.8556,293.0207,290.8854,268.5906,273.4553,268.3592,283.2748,283.5316,283.4838,284.2261,283.7841,283.2144,283.9811,283.6746,278.9198,284.2577,277.7915,274.6726,274.1261,271.3339,274.0224,273.5843,0.0000,284.7418,287.4117,284.0571,260.2307,266.1101,257.8374,257.8110,252.8200,250.8510,250.8809,0.6589,280.1040,254.3425,290.7760,280.7717,254.1671,249.1361,273.3325,266.0781,278.4071,248.3174,252.7901,284.2959,284.0370,276.3997,237.9859,279.8339,291.8143,250.8241,234.2672,234.3282,273.8695,243.6658,242.6660,278.5586,280.1378,280.7740,283.9668,283.8497,284.0437,241.3648,248.7985,250.8565,261.2723,258.8530,252.7583,266.3575,255.7560,246.0152,252.2524,252.0317,291.4292,291.4293,288.0199,278.9904,286.5436,231.7093,245.3739,243.3784,275.3568,276.8319,249.8186,0.0000,256.6950,268.8930,240.4798,242.7980,277.0852,277.0417,291.6690,282.9649,279.0096,227.5009,210.1710,257.7390,210.4456,229.1264,275.4873,272.1871,293.8349,306.1777,292.3431,280.0584,140.0771,246.3791,245.8934,249.3362,216.1191,252.7665,254.1467,259.1756,258.7113,283.1735,292.3388,255.6756,254.6621,255.6511,255.7359,254.8056,251.4167,255.6099,255.4523,256.7677,255.7528,255.6133,250.2478,278.9198,274.1244,276.8379,0.0000,268.2008,282.8615,268.2009,262.3966,263.5191,277.0831,269.6904,269.6531,293.7917,279.6386,256.8798,257.8349,257.1757,267.6990,280.9887,238.1127,251.6486,267.6990,259.1804,230.1607,291.2694,291.6744,293.7346,249.7425,254.0887,249.4784,252.5428,252.5044,278.5976
18.0000,270.7045,280.3189,281.2393,272.0522,263.7748,257.6260,256.8812,286.7680,283.9096,296.1872,288.2520,295.3630,284.7946,278.0278,244.2428,165.5571,270.6691,269.2016,260.1341,281.4684,260.8491,256.4593,258.6011,262.3236,258.2033,261.7895,262.2206,276.9016,296.9454,279.8615,282.7093,283.9118,296.6283,271.0951,270.6927,291.7578,286.2144,270.3524,286.6588,271.4533,286.3453,271.9035,288.8048,287.6873,298.4885,242.9418,255.9259,254.7076,234.4587,247.8475,242.4867,250.0777,256.9918,253.2152,254.7353,251.4461,273.6254,248.9124,236.7415,242.4674,253.3552,253.5494,249.1675,249.4152,251.7920,254.0673,254.2561,258.5937,254.7268,255.6095,257.7967,255.8806,247.1033,253.3952,245.1016,276.6539,274.3674,297.3385,294.9891,271.7088,276.2885,270.5081,286.3871,286.6651,286.6656,287.4526,286.9477,286.3621,287.1672,287.5947,281.7189,287.1659,280.6590,277.1604,276.6532,274.8016,277.5144,275.8693,0.0000,288.2875,291.1817,287.0152,263.2500,270.0960,260.1785,260.1468,254.9430,252.9063,252.9374,0.6589,282.9943,256.5007,294.8694,283.7062,257.3608,252.7534,276.9313,269.9059,281.4219,251.3012,254.9014,287.3226,287.0591,279.1840,240.7221,282.1647,296.0592,252.8649,236.9462,237.0079,276.4245,246.1085,245.6945,282.2570,283.2389,283.2685,287.0766,286.9852,287.2348,244.2908,251.9334,254.0009,263.9740,261.5298,254.8597,270.4770,258.3127,248.4811,254.3362,254.0740,296.0383,296.0384,292.3215,282.0166,289.5666,233.1723,248.5240,246.0069,278.1736,279.8088,251.8168,0.0000,259.3468,272.2404,242.7497,245.0349,280.0634,280.0453,295.8845,285.8304,281.8136,229.9451,212.7443,260.2586,213.0055,233.7075,277.5464,276.7598,300.9106,311.8745,296.7365,283.8230,141.5256,248.6925,248.1789,251.5216,219.3437,254.0999,257.2359,262.3298,261.8270,288.8776,299.2091,258.8886,256.9925,257.8027,257.8885,256.9734,253.4678,257.7611,257.6782,259.0121,257.9056,257.8065,252.2299,281.7189,276.6509,279.8151,0.0000,270.5889,285.9943,270.5891,265.0778,266.2119,279.8253,272.1483,272.1192,298.1812,282.7039,259.1995,260.1752,259.6128,270.0827,283.4850,239.4132,254.0216,270.0826,262.3445,232.2812,295.4126,295.8572,298.2088,251.7392,256.4404,251.4536,254.6276,254.5662,281.9263
19.0000,274.2075,282.3680,283.3394,273.4374,264.8933,259.6493,258.8596,289.9088,286.0358,299.6656,290.9909,298.7002,286.9090,281.8192,245.2939,166.3992,272.1094,270.6635,259.7744,283.7452,262.3347,257.4279,259.7038,263.7911,260.3947,264.2265,264.7003,280.3736,300.3134,281.8819,284.7911,286.0278,300.1183,274.6283,274.0588,294.7561,288.4453,273.2162,288.8823,275.0003,290.7867,274.7651,291.5403,292.2094,302.0973,243.1067,253.4165,252.1816,235.4356,246.4286,241.0580,250.3475,256.3442,251.3497,254.2346,251.7533,275.2860,247.1265,236.8598,240.4553,250.8283,251.0197,247.2831,247.5089,251.7920,252.1778,252.4455,256.1050,252.2767,253.2161,256.3340,253.5198,245.0009,250.8691,245.1307,278.4862,276.0463,300.7255,298.2410,274.6314,278.2770,271.9162,288.6277,288.9101,288.8988,289.7167,289.1774,288.5786,289.4253,290.6087,283.8028,289.3245,282.7070,278.9854,278.4855,277.7566,280.4763,279.3140,0.0000,291.0307,294.1374,289.1862,264.8152,273.5043,259.8961,259.8685,253.4511,250.4019,250.3913,0.6589,285.1539,254.9557,298.1005,285.8910,259.2720,254.0205,279.0398,273.0812,283.3917,251.5775,252.3807,289.5218,289.2752,281.1483,240.8528,285.2942,299.5155,250.8555,237.0640,237.1257,278.2291,247.0767,247.7797,285.2414,285.3538,286.5536,289.3250,289.2128,289.4928,244.5059,253.9497,256.0116,265.3390,262.8818,252.3367,271.0442,259.2811,249.4588,252.3304,252.1694,298.5693,298.5694,295.0849,284.0834,292.0189,234.5617,249.4314,247.0495,280.0990,281.7130,249.7469,0.0000,258.9220,273.6243,241.3004,243.4963,281.9793,281.9406,299.2909,288.1002,283.9026,229.1644,212.2468,259.8821,212.4955,235.7839,281.1643,280.5353,305.6920,312.2528,300.2282,286.8155,142.2977,246.8698,246.4014,249.3080,219.7661,252.9005,259.2093,264.5735,264.2579,293.1583,303.9118,261.1261,254.5106,255.2828,255.3691,254.4494,250.9344,255.2412,255.1932,256.5216,255.3859,255.2912,249.6381,283.8028,278.4829,281.7195,0.0000,272.0098,288.2047,272.0099,266.4444,267.6141,281.8147,273.7514,273.5182,301.6418,284.7855,258.7195,259.8937,259.1219,271.5009,286.2890,237.3651,255.2296,271.5008,264.7563,230.8227,298.6804,299.1528,301.7989,249.6689,253.9578,249.3811,252.6202,252.6274,284.0819
20.0000,270.7620,278.0323,279.0034,269.0990,260.6380,255.5466,254.6944,286.2677,281.6723,295.9636,287.0725,294.8908,282.5702,277.7086,240.9303,163.4565,267.7661,266.2954,253.6370,279.3416,258.0556,253.1626,255.4230,259.4520,256.3264,260.1595,260.6401,276.3352,296.4902,277.5447,280.4228,281.5892,296.2701,271.1476,270.4888,290.8977,284.0823,269.2579,284.4848,271.5794,287.8729,271.0109,287.6774,289.3415,298.2196,237.5636,245.7764,244.5450,231.0782,239.4611,234.2423,244.5111,249.2828,244.1279,247.7164,245.8610,270.9212,240.0212,231.4680,233.4398,243.4060,243.5773,240.1472,240.3563,245.0648,244.9732,245.2510,248.4495,244.8774,245.8533,249.0612,246.2637,237.7547,243.4459,239.6157,274.1802,271.7239,296.9091,294.4327,270.6742,273.9597,267.5369,284.2671,284.5634,284.5263,285.3381,284.7894,284.2251,285.0608,286.9157,279.4679,284.9046,278.3780,274.6726,274.1795,273.9026,276.6677,275.2973,0.0000,287.0819,290.2602,284.7680,260.4681,269.9612,253.8501,253.8310,246.2768,243.0158,242.9834,0.6589,280.8143,247.6941,294.2789,281.5402,255.0650,249.8656,274.6421,269.3900,279.0128,245.6550,244.8511,285.1450,284.9492,276.8209,235.3746,281.0961,295.7961,243.1401,231.6690,231.7293,273.9186,242.4715,243.9085,281.4781,280.9926,282.5172,284.9554,284.8694,285.2141,238.9243,249.9456,251.9699,260.7812,258.3666,244.8048,266.7473,254.4207,244.8092,245.1501,244.9704,295.7419,295.7420,291.8377,279.7226,287.6354,229.9415,245.2328,242.7221,275.7420,277.3423,242.0510,0.0000,252.7970,269.2866,234.4696,236.5700,277.6183,277.5903,295.5824,283.7364,279.5676,223.0039,206.9674,253.8021,207.1874,232.4281,277.0925,277.0956,302.4376,312.1254,296.3781,283.0704,139.8373,239.7604,239.3220,242.0209,215.4022,245.8584,255.0398,260.3813,260.1877,289.8243,300.6533,256.9212,246.9031,247.5861,247.6697,246.7889,243.4245,247.5466,247.5718,248.8493,247.6850,247.6022,242.1315,279.4679,274.1769,277.3488,0.0000,267.6921,283.8407,267.6923,261.8532,263.0111,277.4905,269.3826,269.2144,297.8026,280.4172,252.4656,253.8472,252.8886,267.1913,281.9976,230.3529,250.8584,267.1913,260.7196,224.2569,294.8597,295.3276,297.9256,241.9768,246.3669,241.6957,245.1258,245.3263,279.6822
21.0000,277.0657,286.3051,287.3245,277.3334,268.6152,262.5301,261.6996,295.2484,290.1733,305.3986,295.9060,304.1521,291.2079,285.9704,247.8065,168.2015,274.6603,273.5617,260.8141,288.0318,265.4961,260.4327,262.7734,267.0651,263.1930,267.1391,267.6265,284.4764,306.1515,285.7874,288.8753,290.1305,306.1303,277.8048,277.1629,299.9551,292.6726,276.6612,292.9910,277.8937,294.3936,279.2913,296.5097,295.8807,308.2725,244.5063,252.8598,251.5546,237.7527,246.4540,241.0920,251.6818,256.3847,251.0865,254.9648,253.0869,278.4992,246.9961,238.2206,239.9579,250.4091,250.5666,247.1181,247.3327,251.7920,252.0023,252.2739,255.6234,252.0130,253.0919,256.3099,253.6227,244.3866,250.4574,246.5751,282.1642,279.4366,306.6069,303.8483,278.3689,282.1930,274.8506,292.8685,293.1816,293.1703,294.0310,293.4086,292.8250,293.7231,295.8437,287.7605,293.4015,286.6731,282.6758,282.1634,282.2442,284.9975,283.4083,0.0000,295.9275,299.3049,293.3114,268.0908,276.7498,261.1166,261.1069,253.3378,249.9998,249.9693,0.6589,289.1866,254.9025,303.6911,289.9473,262.0901,256.9415,283.2597,276.4832,287.4141,252.8533,251.9011,293.6979,293.4746,284.9831,242.2431,289.4336,305.2036,250.1144,238.4270,238.4891,281.8441,249.5187,249.4730,290.0736,289.4836,290.7243,293.5754,293.4766,293.8611,245.9219,256.7848,258.8595,268.4392,265.9536,251.8599,275.4131,261.8423,251.9242,252.1923,251.9995,305.3066,305.3067,301.1200,288.1240,296.2789,236.3564,252.4601,249.7272,283.9356,285.6772,248.9873,0.0000,259.8682,277.5337,241.3229,243.4665,285.9717,285.9476,305.0447,292.1876,287.8657,229.5344,213.1949,260.9548,213.4127,240.5773,285.2942,283.9979,310.3645,323.0355,306.2531,291.7590,143.9166,246.7252,246.2779,249.0156,222.2789,252.8163,262.0568,267.4777,267.1709,297.2008,308.5085,263.9444,253.8646,254.7295,254.8185,253.9200,250.4242,254.6886,254.7268,256.0381,254.8343,254.7235,249.0257,287.7605,282.1605,285.6841,0.0000,273.7660,292.4375,273.7660,269.5453,270.7497,285.6983,276.8499,275.3879,307.6088,288.8694,259.4647,261.1111,259.9976,272.8424,290.4141,236.7669,257.8900,272.8423,267.8365,230.7944,304.3358,304.8614,307.9501,248.9108,253.3349,248.6221,252.1423,252.3690,288.2953
22.0000,277.0657,286.7428,287.7667,277.7584,269.0120,262.9002,262.0464,295.9127,290.6468,306.1041,296.5760,304.7129,291.6728,286.4933,248.1980,168.4780,275.2173,274.0759,260.8691,288.4875,265.8793,260.8022,263.1653,267.4482,263.5636,267.5049,267.9945,285.0043,306.9129,286.2219,289.3357,290.5854,306.9376,277.9846,277.3149,300.6097,293.1870,277.0301,293.4915,277.9058,294.6537,279.8116,297.2353,296.1633,309.1387,244.8855,252.8171,251.5043,238.0714,246.5006,241.1398,252.2743,256.4079,251.0184,255.3056,253.6944,279.0396,247.0528,238.5896,239.6809,250.3873,250.5441,247.1478,247.3616,251.7920,251.9914,252.2498,255.5738,252.0129,253.1074,256.3058,253.6536,244.1574,250.4289,246.8485,282.6015,279.9172,307.3703,304.5833,278.8099,282.6372,275.3719,293.3859,293.7015,293.6917,294.5644,293.8974,293.3253,294.2514,296.4844,288.2673,293.8955,287.1537,283.1189,282.6007,282.6928,285.5366,283.9444,0.0000,296.5726,299.9698,293.8233,268.4694,277.0003,261.2321,261.2321,253.3783,249.9912,249.9539,0.6589,289.7039,254.8955,304.4202,290.4805,262.3749,257.1981,283.7464,276.8765,287.8745,253.4594,251.8672,294.1932,293.9609,285.4202,242.6012,289.9488,305.8859,250.1218,238.7932,238.8554,282.3101,249.8326,249.8151,290.6788,289.9451,291.2496,294.0986,293.9830,294.3927,246.2994,257.1829,259.2391,268.8110,266.3220,251.8238,275.8409,262.1564,252.2411,252.1968,251.9904,306.1363,306.1363,301.8673,288.5781,296.9612,236.5963,252.9353,250.1456,284.3948,286.1271,248.9882,0.0000,260.1796,277.9595,241.3678,243.5023,286.4143,286.3785,305.8562,292.7838,288.3744,229.6861,213.3707,261.0536,213.5868,241.2666,285.8241,284.2941,311.2777,324.2045,307.0585,292.3795,144.1517,246.7675,246.3153,249.0127,222.5730,252.7999,262.3925,267.8135,267.5357,297.8155,309.3824,264.3441,253.8544,254.6872,254.7772,253.8907,250.3778,254.6464,254.6788,255.9696,254.7925,254.6859,248.9915,288.2674,282.5978,286.1340,0.0000,274.1854,292.9489,274.1854,269.9183,271.1285,286.1714,277.3903,275.8098,308.4050,289.3297,259.3756,261.2235,259.9685,273.1952,290.9230,236.5267,258.3286,273.1954,268.2282,230.8284,305.0736,305.6056,308.8066,248.9119,253.3399,248.6218,252.1123,252.3467,288.7557
23.0000,277.0657,287.9807,289.0248,278.8865,270.0373,265.0940,264.2789,297.3240,291.8240,307.2460,297.7236,305.3980,292.8394,286.9673,249.0747,169.2057,274.8168,274.3563,261.6903,289.8650,267.5913,262.9488,265.1759,268.8822,265.9366,269.7834,270.2450,285.7198,308.3285,287.4485,290.5041,291.7604,308.4072,278.3517,277.8120,301.7772,294.3492,278.5344,294.6518,277.9566,295.7487,281.1116,298.3704,297.3525,310.6953,245.8554,253.7510,252.4140,239.1281,247.2886,241.9505,253.2707,256.7192,251.8517,256.2207,254.7109,279.5967,247.9265,239.5061,240.7148,251.2932,251.4422,248.0128,248.2289,251.7920,252.8398,253.0703,256.4978,252.9656,254.0954,257.0870,254.6051,245.0328,251.3349,247.7237,283.7196,280.6499,308.8101,305.8580,280.2405,282.9839,275.6622,294.5499,294.8604,294.8482,295.7240,295.1077,294.5204,295.4119,297.9699,289.4735,295.0689,288.2939,284.2388,283.7189,284.0798,286.9239,284.5241,0.0000,297.7286,301.1498,295.1042,269.9058,277.7387,262.1642,262.1750,254.3328,250.9040,250.8639,0.6589,290.9352,255.7089,305.7112,291.7213,264.7196,259.3838,285.0180,278.3628,288.9483,254.4727,252.7829,295.3873,295.1615,286.6140,243.5344,290.7473,306.9548,251.0835,239.7092,239.7716,283.2801,250.9055,253.7193,292.1108,291.1256,292.1182,295.2905,295.1841,295.5985,247.3120,259.3531,261.4123,270.0496,267.7026,252.7429,276.8116,263.2551,253.3243,253.0873,252.8423,308.4959,308.4960,303.8284,289.7606,298.4385,238.7887,253.1028,250.8572,285.5192,287.1772,249.9703,0.0000,261.0191,279.0811,242.1795,244.3197,287.4720,287.4086,307.0605,294.1331,289.5833,230.5163,214.2228,261.8397,214.4355,242.9014,286.4313,284.7167,311.7995,328.8111,308.5240,293.8268,144.7606,247.6340,247.1707,249.9008,223.6878,253.3660,264.6341,270.1014,269.8147,298.3431,309.9111,266.7360,254.6786,255.6376,255.7287,254.8293,251.2817,255.5963,255.6094,256.8927,255.7436,255.6196,249.8997,289.4735,283.7160,287.1841,0.0000,272.4907,294.1080,272.4905,271.1018,272.2859,287.3197,277.8351,274.1070,309.8751,290.4981,260.0910,262.1537,260.6763,270.8860,291.8297,237.4293,258.9792,270.8864,270.3196,231.6033,306.3952,306.9587,310.3487,249.8976,254.1724,249.6017,253.0377,253.2053,290.0043
24.0000,278.1390,289.7134,290.7818,280.4667,271.5187,266.5389,265.7594,299.4692,293.5599,309.6139,299.7383,307.6676,294.2272,288.7134,250.4690,170.0966,276.6835,276.2127,262.5832,291.6535,269.0523,264.3622,266.5986,270.3647,267.3861,271.2581,271.7148,287.4814,310.8536,289.1694,292.2267,293.5165,311.1844,279.5298,279.0177,303.9223,296.1017,280.0591,296.3964,279.0011,296.2001,282.9209,300.3840,297.7503,313.5525,246.9935,254.6506,253.3180,240.3250,248.0831,242.7771,254.4895,257.0315,252.4580,257.2100,255.9360,281.4187,248.7272,240.6110,241.0233,252.1253,252.2870,248.8047,249.0027,251.7920,253.5855,253.7276,257.2968,253.8165,254.9503,257.8859,255.6225,245.4211,252.1672,248.8210,285.3808,282.3532,311.3484,308.2148,281.8752,284.6210,277.7272,296.3047,296.6163,296.6077,297.4935,296.8760,296.2835,297.1761,300.0376,291.1974,296.8111,289.9998,285.8841,285.3800,285.8904,288.7603,286.3297,0.0000,299.7485,303.2868,296.8627,271.4084,279.0036,263.1595,263.1871,255.1827,251.7102,251.6863,0.6589,292.6838,256.5082,308.0701,293.4780,266.2367,260.8328,286.5315,279.8040,290.6324,255.6831,253.6262,297.1450,296.9213,288.3005,244.6501,292.4825,309.3070,251.8670,240.8135,240.8762,284.9875,252.1586,255.1026,294.0616,292.8492,293.8130,297.0504,296.9527,297.3801,248.4588,260.7264,262.8205,271.5026,269.1428,253.5796,278.3810,264.5667,254.5894,253.8866,253.5950,310.5740,310.5741,305.9038,291.4828,300.2253,239.4942,254.9201,252.3774,287.1831,288.8390,250.7262,0.0000,261.6393,280.6634,243.0028,245.1168,289.1195,288.9960,309.4225,295.9099,291.3085,231.5312,215.3155,262.7248,215.5213,244.5535,288.1886,285.8321,312.5139,331.1024,311.2879,295.8133,145.5384,248.4320,247.9628,250.7263,225.0637,253.8081,266.1196,271.6161,271.2915,299.2570,310.6739,268.1585,255.6913,256.5343,256.6264,255.7006,252.1061,256.4927,256.4179,257.6957,256.6416,256.5298,250.7684,291.1974,285.3770,288.8460,0.0000,274.2974,295.8588,274.2972,272.5583,273.7527,289.0111,279.6710,275.9258,312.5237,292.2207,260.9204,263.1430,261.4912,272.6604,293.5751,237.7951,260.5508,272.6609,271.8250,232.3588,308.7964,309.3993,313.1910,250.6494,255.1541,250.3589,253.8315,253.9716,291.6540
25.0000,277.0657,288.1169,289.1936,278.8755,269.9507,265.0611,264.2666,297.5392,291.9365,307.6954,298.0152,305.6408,292.4272,287.0975,248.8603,169.0580,274.4548,274.2648,261.0131,290.0244,267.5141,262.8016,265.0404,268.8147,265.9233,269.8043,270.2702,285.8590,309.0681,287.5682,290.6101,291.9047,309.1086,278.3487,277.8168,302.1065,294.4583,278.5906,294.7368,277.9035,294.6053,281.3152,298.6696,296.1106,311.4979,245.2459,253.3669,252.0603,238.8263,246.8222,241.4767,252.6578,256.4078,251.2860,255.5942,254.0677,279.5372,247.3942,238.9894,239.9361,250.8422,251.0128,247.5204,247.7391,251.7920,252.3494,252.5525,256.1298,252.4823,253.5760,256.7277,254.2130,244.2725,250.8842,247.2727,283.7562,280.5741,309.6017,306.3994,280.3314,283.0233,275.7978,294.6601,294.9600,294.9763,295.8653,295.2338,294.6462,295.5349,298.1620,289.5553,295.1452,288.3638,284.2643,283.7554,284.2721,287.0991,284.6749,0.0000,298.0137,301.4979,295.2036,269.8601,277.7756,261.5768,261.6204,253.7780,250.4198,250.3992,0.6589,291.0417,255.3118,306.2641,291.8303,264.7208,259.3139,284.6928,278.4770,289.0079,253.7963,252.3517,295.4893,295.2701,286.6795,242.9841,290.8390,307.3711,250.5296,239.1917,239.2539,283.2905,250.6393,253.7070,292.2864,291.2370,292.1383,295.3986,295.3104,295.7443,246.6170,259.2572,261.3538,269.9342,267.5880,252.3030,276.8019,263.0080,253.0555,252.5957,252.3518,308.4067,308.4068,303.8750,289.8698,298.4900,237.4356,253.6463,250.8472,285.5594,287.2175,249.3888,0.0000,260.2987,279.0713,241.7087,243.8540,287.4899,287.3437,307.5614,294.2298,289.6655,230.0913,213.9072,261.2028,214.1154,242.0274,286.5694,284.5924,310.9872,328.6186,309.2032,294.0052,144.6593,247.1262,246.6754,249.4292,223.3228,253.0183,264.6259,270.1435,269.8359,297.9444,309.1837,266.7114,254.4076,255.2360,255.3272,254.4008,250.8298,255.1947,255.2109,256.5483,255.3427,255.2324,249.5340,289.5553,283.7525,287.2245,0.0000,271.5526,294.2211,271.5524,270.9829,272.1710,287.3796,277.7524,273.1611,310.6399,290.6040,259.2902,261.5499,259.8815,269.6768,291.9315,236.7071,258.8106,269.6767,270.3375,231.1618,306.9946,307.6055,311.1315,249.3109,253.8641,249.0238,252.5514,252.7250,289.9615
26.0000,273.3609,278.6287,279.6110,270.1107,260.6299,260.6213,259.6904,285.1046,279.0740,294.5915,285.5755,292.7052,280.6883,272.8388,260.4312,260.1609,273.1687,273.0266,257.7706,279.2382,264.5240,259.0264,261.6012,266.3223,260.8869,264.7436,265.2764,272.9745,295.9346,278.1133,278.5971,279.4321,295.8807,274.2287,273.0797,289.4655,279.1248,271.1342,277.5634,274.1864,290.6420,270.1868,286.3529,292.1252,298.0953,248.2758,252.2403,250.9474,254.7422,246.2506,240.7173,255.0032,256.3958,251.0422,256.5492,256.2292,275.6811,246.5518,242.0662,239.6704,249.7528,249.9203,246.6757,246.9374,251.7920,252.0380,252.2860,254.8835,251.3081,252.3652,256.5713,253.0145,244.1092,249.7946,251.2792,275.1246,275.6375,296.4380,293.4574,271.3326,271.5245,274.4909,279.3116,279.5882,280.0231,280.6578,280.4442,280.0416,280.2040,286.1035,278.6798,277.2101,276.7484,274.6726,275.1239,273.2087,276.4324,271.8157,0.0000,285.5996,288.8580,278.6420,267.8119,273.3736,258.3911,258.4603,252.0387,249.0885,249.2621,270.5374,280.0854,254.8906,293.3124,280.8307,259.9195,255.3659,273.6623,273.4793,276.7056,255.8575,251.2245,278.7342,279.1742,277.5070,246.2255,275.2468,294.2939,249.0658,242.2966,242.3597,275.8984,255.6175,248.9016,280.9751,279.1923,276.4556,279.6972,279.9703,280.5717,249.5776,254.9185,256.9778,265.1861,262.8811,251.1776,268.0044,260.8382,258.0817,251.1389,251.9903,295.5556,295.5557,291.3761,278.4776,287.0870,252.5596,266.1437,262.6973,275.1750,275.5591,248.3124,0.0000,257.3318,270.2017,240.9601,243.1337,275.8203,275.7872,294.5015,283.1076,278.7836,228.8856,212.3470,257.9756,212.5768,237.2346,273.0537,280.1969,305.4812,314.0931,295.9672,282.4776,261.6744,246.3152,245.8546,248.4587,220.4992,252.8233,260.0380,265.2374,264.7795,292.9916,303.7440,261.6305,253.2451,254.1070,254.1958,253.2501,249.7083,254.0659,253.9898,255.2955,254.2114,254.0932,248.4943,278.6798,275.1199,275.5631,0.0000,270.2546,279.4593,270.2543,265.9480,266.6156,276.6155,275.0120,271.8151,297.3769,278.5935,256.0221,258.3514,256.5733,268.3877,275.8269,236.5240,265.3906,268.3876,264.0950,230.4790,293.9954,294.5751,297.7555,248.2373,252.7109,247.9481,251.7884,252.2815,278.4066
27.0000,270.9788,278.0269,279.0386,269.0286,260.4809,255.7785,254.8388,285.0414,281.5672,294.4664,286.2779,292.5500,281.8274,276.8205,239.8375,162.9497,264.6057,264.5022,250.7908,279.5542,258.0977,253.6990,255.7877,259.2977,256.6373,260.3675,260.8538,275.5636,296.1003,277.5173,280.3045,281.4885,295.8370,271.2248,270.6030,289.8753,283.9571,269.1575,284.3025,271.8212,288.6284,270.4672,286.8117,290.1433,297.9994,235.5650,243.1568,241.8800,230.2182,236.7073,231.4479,242.1772,246.7578,241.6911,245.0988,243.4416,269.7077,237.2661,229.5876,231.0671,241.0608,241.2050,237.4793,237.6844,242.6086,242.5762,242.8186,245.9566,242.6121,243.6742,246.4511,244.2236,235.3171,241.1021,237.8443,274.1380,270.8355,296.6072,293.6626,270.3837,273.0514,265.9395,284.1447,284.4368,284.4333,285.2681,284.7206,284.1467,284.9668,286.0280,279.5128,284.7260,278.1940,274.6726,274.1373,273.4823,276.1035,274.3540,0.0000,286.3138,289.3520,284.6897,260.2909,270.1007,251.4451,251.5472,243.9812,240.7024,240.6648,0.6589,280.8981,245.0672,293.5624,281.6488,255.1340,250.5096,274.2220,269.6459,278.7933,243.1728,242.3869,284.9833,284.7288,276.7660,233.4510,280.4624,294.1640,240.8477,229.7887,229.8485,273.5927,241.5386,244.8473,280.7586,280.8855,281.6451,284.8531,284.7851,285.1756,236.8488,250.1934,252.2079,260.2987,258.0365,242.3366,267.0288,253.4136,243.8671,242.8071,242.5783,295.3752,295.3753,291.2159,279.6263,288.1261,229.9810,243.4601,241.4403,275.5334,277.0981,239.7636,0.0000,250.0746,269.2181,231.6913,233.8603,277.3508,277.1810,294.5365,284.0693,279.6167,219.7799,203.5614,250.9457,203.7996,225.6957,276.2754,277.0985,301.8330,313.4900,295.9042,282.3008,139.4498,237.0522,236.6223,239.5022,210.5123,243.4260,255.1928,260.5599,260.3943,289.6113,300.1286,257.3548,244.1950,244.9561,245.0428,244.2136,240.9201,244.9183,245.0848,246.3521,245.0573,244.8625,239.8129,279.5128,274.1351,277.1047,0.0000,261.7550,283.7244,261.7548,261.2996,262.4220,277.4158,267.9090,263.2226,297.4529,280.2989,249.0480,251.3874,249.5939,259.9469,281.5539,228.0632,249.4968,259.9468,260.8505,221.6882,294.2214,294.7821,297.6648,239.6911,243.6758,239.4146,242.7283,242.9248,279.4878
28.0000,272.2154,278.2191,279.2337,269.3668,260.8139,256.4437,255.4436,286.1085,281.8703,295.4885,287.0811,293.5383,282.4491,277.3845,240.2541,163.2535,264.8704,264.7676,251.4322,279.9422,258.5870,254.0966,256.2226,259.7359,257.3591,261.2017,261.7063,276.2448,296.9860,277.7051,280.5943,281.8138,296.8097,272.4856,271.7866,290.7335,284.2924,270.0467,284.5915,273.0753,290.2386,271.3297,287.7053,291.7857,299.0373,236.7026,244.9967,243.7598,230.7048,238.1462,232.8658,243.6250,248.2516,243.0248,246.5668,244.9317,269.9376,238.8112,230.6587,232.9247,242.3966,242.5869,238.9594,239.1811,243.9403,243.7769,244.0441,247.5649,243.9701,244.9953,247.9336,245.8241,237.0625,242.4392,238.7904,274.1476,270.9944,297.4791,294.5583,271.2188,273.3203,266.2113,284.4838,284.7717,284.7843,285.6318,285.0560,284.4770,285.3181,287.0534,279.6398,284.9911,278.4444,274.6726,274.1469,274.3511,277.0508,275.0881,0.0000,287.0724,290.1916,284.9951,260.7404,271.3019,252.0265,252.1440,244.9519,241.9561,241.9589,0.6589,281.0420,246.5349,294.4510,281.7997,255.7383,250.9349,274.7743,270.7478,279.0849,244.6664,243.9196,285.2866,285.0405,276.9005,234.5379,280.9294,295.1809,241.9844,230.8580,230.9181,273.6617,242.0121,245.5361,281.7434,281.1847,282.2156,285.1913,285.1124,285.5138,238.0301,250.8656,252.8728,260.6564,258.3910,243.8668,267.3620,253.8803,244.3451,244.0015,243.7709,296.6687,296.6688,292.3831,279.8912,288.2014,231.2776,243.3561,241.7305,275.7680,277.3703,240.8932,0.0000,250.8214,269.5540,233.1108,235.3018,277.6378,277.5260,295.5008,284.1244,279.7450,221.1626,204.9496,251.6158,205.1838,228.0696,276.9059,278.6484,304.7524,315.3278,296.8809,283.2977,139.6898,238.5640,238.1077,240.9163,212.1841,244.7034,255.8061,261.3337,261.2273,291.8484,302.9458,258.1019,245.9791,246.7980,246.8815,245.9388,242.4715,246.7573,246.6766,247.9691,246.8966,246.7764,241.4169,279.6398,274.1443,277.3771,0.0000,262.0439,284.0636,262.0436,261.6542,262.7914,277.5626,268.1681,263.5556,298.3914,280.5885,249.6862,251.9563,250.2257,260.2337,281.9449,229.9139,249.8569,260.2336,261.6065,223.0547,295.1103,295.6655,298.6929,240.8215,245.4341,240.5420,243.9237,244.1264,279.9324
29.0000,272.3751,278.2527,279.2614,269.3967,260.8163,256.3624,255.3716,286.1964,281.9475,295.3550,287.0235,293.3148,282.8400,277.3988,240.2656,163.2425,264.7242,264.6662,251.4079,279.9361,258.5400,253.9903,256.1463,259.7158,257.2675,261.0590,261.5627,276.2304,296.6504,277.7380,280.6751,281.9282,296.3416,272.6192,271.8888,290.6362,284.3781,270.0213,284.6606,273.2490,290.7027,271.3126,287.6654,292.2760,298.5459,237.1343,245.5339,244.3026,230.6750,238.8589,233.6685,244.1610,248.6631,243.6769,247.1565,245.4682,269.8568,239.5587,231.0713,234.1554,242.9567,243.1514,239.6549,239.8680,244.4250,244.3067,244.5927,248.1283,244.5141,245.5273,248.4480,246.3622,238.1436,242.9982,239.1650,274.1451,270.9465,297.1323,294.3350,271.1889,273.3722,266.0870,284.5723,284.8598,284.8685,285.7210,285.1008,284.5469,285.4075,287.0848,279.6881,285.0497,278.4832,274.6726,274.1444,274.2959,277.0355,275.0604,0.0000,287.0124,290.0894,285.1203,260.7155,271.3787,252.0950,252.2362,245.3489,242.5067,242.5161,0.6589,281.1081,247.0831,294.2237,281.8690,255.6594,250.7438,275.0597,270.7058,279.1396,245.2146,244.4924,285.3643,285.1255,276.9260,234.9551,280.9996,295.0330,242.5165,231.2700,231.3303,273.6400,242.0192,245.4485,281.7611,281.2764,282.4121,285.2960,285.1881,285.6128,238.4737,250.8005,252.7983,260.6769,258.4111,244.4388,267.3928,253.9133,244.3523,244.5172,244.2936,296.8893,296.8894,292.5153,279.9604,288.3433,230.2361,244.0949,241.9398,275.8038,277.4235,241.4492,0.0000,250.5768,269.5850,233.8991,236.0192,277.7027,277.6275,295.3066,284.2020,279.7951,222.2930,206.2813,251.5485,206.5019,231.4476,276.9025,278.7602,304.6347,315.9201,296.3999,283.3223,139.6860,239.2816,238.8210,241.5439,214.3712,245.2484,255.7241,261.1846,261.0839,291.8823,302.8619,257.9743,246.4943,247.3350,247.4172,246.4742,243.0938,247.2945,247.2419,248.5284,247.4323,247.3170,242.0862,279.6881,274.1418,277.4302,0.0000,261.9110,284.1470,261.9108,261.6792,262.8223,277.5948,268.0752,263.4405,297.9868,280.6692,249.6630,252.0146,250.1704,260.1019,281.9936,231.1511,249.8248,260.1017,261.5335,223.7348,294.8559,295.3834,298.2031,241.3802,245.9583,241.1036,244.5021,244.6788,280.0936
30.0000,283.5850,278.2587,279.2599,269.5542,261.0244,257.5120,256.0713,287.0832,281.9796,295.8090,287.3205,293.7350,282.8686,278.0634,240.3875,163.3446,264.7031,264.6885,251.4181,279.9175,259.0202,254.0139,256.3427,260.0386,258.6920,262.6279,263.2448,277.2220,296.9299,277.7479,280.7067,281.9498,296.5808,281.8799,280.5272,290.9934,284.4302,272.9320,284.7455,284.3528,299.6126,272.3210,287.9731,300.9876,298.7590,237.2940,245.6754,244.4331,230.8515,239.2366,234.1142,244.3063,248.9370,243.9227,247.3989,245.6172,269.8836,239.8820,231.2346,234.4484,243.1137,243.3098,239.9591,240.1660,244.6389,244.4584,244.7576,248.1067,244.6952,245.7252,248.6789,246.4663,238.7224,243.1533,239.3558,274.1318,270.9538,297.4098,294.6556,273.1257,273.4274,266.1047,284.6238,284.9087,284.9040,285.7503,285.1285,284.5802,285.4457,288.0317,279.6950,285.1204,278.5466,274.6726,274.1311,275.5318,278.3407,276.0605,0.0000,287.2955,290.4169,285.2065,261.0410,279.2513,252.1146,252.2672,245.4692,242.6683,242.6762,0.6589,281.1017,247.3234,294.5384,281.8567,256.0788,250.8821,275.1198,275.8730,279.1916,245.3677,244.6234,285.4205,285.1862,276.9276,235.1230,281.3834,295.4819,242.6789,231.4341,231.4944,273.6268,242.1610,246.8075,282.8984,281.3104,282.7110,285.3539,285.2258,285.6461,238.6306,251.8859,253.9155,260.8024,258.5354,244.5657,267.5453,254.0295,244.4956,244.6708,244.4431,298.0889,298.0890,293.6012,279.9867,288.2751,231.0428,243.8247,241.9699,275.8625,277.4795,241.6189,0.0000,250.8186,269.7388,234.3311,236.3809,277.7595,277.6930,295.6461,284.1598,279.8016,223.1209,207.4870,251.5802,207.6857,235.5406,277.7455,288.2328,315.2372,317.6351,296.6369,284.4041,139.7610,239.5937,239.1450,241.7786,216.7769,245.4366,256.4210,262.3152,262.6392,301.8474,313.3761,259.4443,246.6974,247.4839,247.5644,246.6199,243.2149,247.4433,247.2697,248.5045,247.5809,247.4762,242.3206,279.6950,274.1284,277.4863,0.0000,261.8710,284.1913,261.8708,261.7883,262.9283,277.6240,268.1171,263.3701,298.2364,280.7008,249.6731,252.0276,250.1850,260.0621,282.2929,231.5302,249.9094,260.0620,263.1131,224.0777,295.1623,295.6789,298.4201,241.5509,246.1313,241.2816,244.6365,244.8227,280.1132
31.0000,281.8001,278.1483,279.1476,269.3023,260.7545,256.7044,255.3481,280.3897,281.7376,285.5163,283.8549,285.0608,282.6688,276.9564,240.3253,163.2917,264.1417,264.4549,251.8105,279.7817,258.6429,253.8547,256.1032,259.7605,257.7153,261.5826,262.1609,275.7528,291.1555,277.6405,280.4979,281.7813,290.8217,279.9652,278.7614,286.3390,284.0974,271.2305,284.3493,282.5636,297.7389,268.9962,284.4889,299.1063,292.9703,237.7120,246.8649,245.5952,230.8352,240.3443,235.1881,244.9491,250.1610,245.2087,248.3020,246.2673,269.7488,240.9791,231.6594,236.2544,244.2595,244.4626,241.0515,241.2493,245.8499,245.5337,245.8706,249.3375,245.9269,247.0136,249.8097,247.8209,240.6680,244.2979,239.7415,274.1432,270.8260,291.6505,288.3857,271.1758,273.1926,265.9717,284.2903,284.5909,284.6063,285.4613,284.8087,284.2705,285.1435,282.8590,279.4372,284.7362,278.1023,274.6726,274.1425,272.1785,274.8856,274.5989,0.0000,283.8368,285.9467,284.8160,260.7681,277.5207,252.5550,252.7209,246.4406,243.8044,243.8114,0.6589,280.8330,248.4512,288.6757,281.5769,255.4733,250.6600,274.9265,274.4968,278.9390,246.0006,245.8023,285.0568,284.7897,276.8650,235.5408,280.5679,284.5035,243.8724,231.8575,231.9179,273.5886,242.1564,245.8757,278.6550,281.1031,281.7997,285.0344,284.8971,285.3227,239.0254,251.1178,253.1286,260.6630,258.3974,245.7387,267.2961,254.0365,244.4909,245.7335,245.5101,292.8175,292.8176,288.3877,279.8025,287.9812,231.2755,243.6817,241.9086,275.5572,277.2412,242.8972,0.0000,250.8356,269.4875,235.4054,237.4625,277.5212,277.4551,287.5313,283.8951,279.5433,224.2212,208.6832,251.9376,208.8739,238.1349,276.4376,286.2561,313.1361,312.5944,290.8779,279.8938,139.6897,240.6863,240.2354,242.8918,218.4325,246.5826,255.7118,261.4357,261.5988,299.8627,311.2963,258.4190,247.8947,248.6868,248.7678,247.8121,244.3948,248.6458,248.4822,249.7384,248.7844,248.6746,243.5736,279.4372,274.1401,277.2479,0.0000,260.4600,283.8784,260.4596,261.6578,262.7852,277.3717,267.9479,261.9884,292.4414,280.4921,250.0679,252.4620,250.5919,258.2395,281.6321,233.3539,249.7820,258.2394,261.8449,225.1029,289.2925,289.8850,292.6361,242.8382,247.3406,242.5791,245.8138,245.9272,279.9435
32.0000,281.7952,278.1482,279.1387,269.4227,260.9134,256.8555,255.4994,280.5479,281.7780,285.4971,283.8723,285.0421,282.7259,276.9106,240.6816,163.5130,264.1709,264.5170,253.0256,279.6917,258.8298,254.0251,256.2845,259.9566,257.8513,261.7694,262.3570,275.7257,291.0147,277.6442,280.5363,281.8268,290.7069,279.9467,278.7714,286.3379,284.1421,271.2907,284.3899,282.5514,297.5791,268.8703,284.5318,298.9332,292.8642,239.1707,249.6524,248.3797,231.2296,242.7054,237.4936,246.7826,252.7818,248.0563,250.5614,248.2228,269.7815,243.4283,233.0443,241.3339,246.8316,247.0634,243.5112,243.7155,248.4913,247.9449,248.3567,251.9281,248.5644,249.6711,252.2857,250.6524,244.9021,246.8693,240.9962,274.1346,270.8557,291.4860,288.3058,271.2095,273.2636,266.0048,284.3336,284.6285,284.6626,285.5214,284.8466,284.3149,285.1933,282.9255,279.4473,284.7827,278.1506,274.6726,274.1339,272.0758,274.8646,274.5779,0.0000,283.8484,285.9399,284.8472,260.9554,277.5561,253.7880,253.9675,248.5624,246.3275,246.3644,0.6589,280.8295,250.9322,288.5960,281.5736,255.6395,250.8032,274.9835,274.6394,279.0084,247.9857,248.4610,285.0998,284.8226,276.8514,236.9434,280.5281,284.4842,246.3755,233.2404,233.3011,273.6013,242.6369,246.0058,278.6677,281.1342,281.6303,285.0710,284.9434,285.3785,240.5244,251.2733,253.2808,260.9761,258.7076,248.3886,267.4137,254.5869,244.9760,248.1237,247.9062,292.8496,292.8497,288.4396,279.8325,287.9744,230.8503,244.6137,242.4218,275.6318,277.3133,245.4979,0.0000,252.1068,269.6061,237.7182,239.8277,277.5927,277.5320,287.4445,283.8873,279.5534,226.3368,210.6269,253.1477,210.8207,240.4018,276.3973,286.1804,312.7636,312.3351,290.7656,279.9203,139.8481,243.1341,242.6710,245.4140,220.3608,249.1297,255.8681,261.6235,261.7857,299.5786,310.9373,258.5261,250.5517,251.4883,251.5675,250.5569,247.1109,251.4459,251.0222,252.3354,251.5852,251.4554,246.6525,279.4473,274.1314,277.3200,0.0000,260.5307,283.9275,260.5304,261.9819,263.1129,277.3939,267.9731,262.1257,292.3266,280.5305,251.2850,253.6871,251.7891,258.3096,281.6407,238.3325,250.0266,258.3096,261.9502,227.3450,289.1974,289.7740,292.5290,245.4476,249.9914,245.2175,248.3338,248.3816,279.9533
33.0000,284.9484,281.3088,282.2730,272.6745,264.1948,259.9751,258.6309,283.9710,285.0169,288.8084,287.1366,288.4374,285.9213,280.0310,243.7379,165.8116,265.0012,266.5095,258.2669,282.7950,262.0533,257.1032,259.4457,263.2338,260.9604,264.9009,265.4966,278.9310,294.3732,280.8146,283.7638,285.0395,294.1453,283.0998,281.9252,289.6206,287.4105,274.4810,287.6746,285.7042,300.7192,272.1004,287.8123,302.0721,296.3417,243.7029,257.1978,255.8206,234.6569,249.0601,243.8322,251.7163,257.5072,255.0148,256.4019,253.2646,272.1462,250.1533,237.4400,249.3459,254.0854,254.3464,250.2921,250.5343,251.7920,254.5560,254.8764,259.4371,256.1157,257.4046,258.6354,258.2725,253.5211,254.1237,245.3949,277.2765,273.4217,294.8451,291.6135,274.4092,276.4667,268.0178,287.6023,287.8940,287.9335,288.7961,288.1030,287.5766,288.4640,286.2843,282.5140,288.0774,281.2821,277.6673,277.2759,275.3019,278.1306,277.7910,0.0000,287.0957,289.2148,288.1226,264.2307,280.7169,258.5261,259.1229,255.0854,253.4245,253.5913,0.6589,283.8861,257.3857,291.9111,284.6211,258.7774,253.6524,278.1178,277.8395,282.2666,253.0633,255.9475,288.3901,288.1396,280.0155,241.4018,283.7408,287.7977,253.4707,237.6365,237.6984,276.5598,246.1924,248.9718,281.9848,284.3604,284.9161,288.3392,288.2151,288.6545,245.1007,254.3272,256.3577,264.4265,262.1282,255.8658,270.6378,258.3119,248.5658,254.8425,254.5162,296.1637,296.1638,291.7725,283.0462,291.0425,235.3390,246.9061,245.2961,278.7713,280.5643,252.8023,0.0000,261.1690,272.8567,244.0674,246.2307,280.8404,280.7857,290.7077,286.9629,282.6200,232.2242,216.0339,258.8083,216.2365,245.9356,279.5833,289.3053,315.8099,315.5369,294.2125,283.2516,141.7578,249.8673,249.3505,252.4449,225.7748,254.5832,258.9935,264.7825,264.9189,302.6906,313.9988,261.6622,257.9789,259.1199,259.1992,258.1151,254.7830,259.0747,258.5358,259.8557,259.2180,259.0753,254.5691,282.5140,277.2736,280.5710,0.0000,259.3529,287.1948,259.3526,265.4497,266.5427,280.4612,270.1713,259.1138,295.7269,283.7580,256.5150,258.4167,256.8472,256.7447,284.8649,248.3212,252.6883,256.7445,265.0874,233.4148,292.5231,293.1105,296.0017,252.7654,257.3981,252.6101,255.3381,255.1390,283.1135
34.0000,280.4116,278.0334,278.9605,269.5065,261.2101,256.6523,255.3984,280.0340,281.6528,284.6962,283.4563,284.4382,282.2883,276.5179,240.9613,163.9290,261.7546,263.1699,256.1181,279.0697,258.8801,253.8900,256.2545,260.1390,257.5755,261.4191,262.0041,275.3900,290.2171,277.5614,280.4258,281.6570,289.9051,278.6588,277.5812,285.8156,284.0034,270.7385,284.3298,281.1195,295.1661,268.6227,284.0860,296.4316,292.0152,241.2386,256.5259,255.1014,232.0670,247.8376,242.6024,249.1829,256.9026,254.6166,254.3773,250.7309,268.7701,249.0651,235.1153,251.8024,253.2704,253.5437,249.2289,249.4703,251.7920,253.4751,253.9387,258.7058,255.4806,256.8754,257.4024,257.3982,255.2841,253.3080,243.1100,274.2339,270.1419,290.6650,287.5856,270.7670,273.2765,264.4462,284.1877,284.4746,284.5024,285.3409,284.6652,284.1593,285.0236,282.3132,279.2781,284.7574,278.0486,274.6726,274.2334,271.7202,274.4263,274.2535,0.0000,283.4253,285.4173,284.7704,261.1146,276.4096,256.4333,257.0210,253.5873,252.5116,252.7560,0.6589,280.5769,256.1755,287.8907,281.2734,255.5055,250.2938,274.6450,273.7636,278.9872,250.5346,255.3988,285.0219,284.7857,276.8181,239.0245,280.2234,283.7170,252.1755,235.3113,235.3726,273.4133,243.5861,245.7423,278.1573,280.9983,281.0821,284.9171,284.8007,285.2220,242.5441,251.0569,253.0730,261.5442,259.2710,255.3273,267.4939,255.6547,245.9344,253.7988,253.4195,291.4247,291.4248,287.4009,279.7288,287.5100,231.9978,244.5690,242.6221,275.6063,277.3266,251.7349,0.0000,259.0114,269.6870,242.8470,245.0602,277.5821,277.5048,286.5940,283.6006,279.3793,230.7427,214.6743,256.6542,214.8746,243.4360,276.0590,284.5036,308.9776,309.8404,289.9708,279.3827,140.1342,248.7877,248.2545,251.4980,224.2043,253.9417,255.7363,261.3546,261.4381,296.9418,307.3323,258.2825,257.2340,258.4760,258.5550,257.5287,254.7238,258.4295,257.8688,259.1202,258.5733,258.4200,254.2823,279.2781,274.2315,277.3330,0.0000,256.4813,283.7849,256.4810,262.5740,263.6506,277.2961,266.7462,256.7247,291.5017,280.4202,254.4193,256.3202,254.7371,253.9019,281.4577,252.5980,249.6932,253.9018,261.6241,232.3053,288.4673,289.0254,291.6887,251.7193,256.6350,251.6347,254.2333,254.0435,279.5666
35.0000,279.1355,277.8662,278.7773,269.3202,261.0768,256.2939,255.1002,279.2686,281.4547,283.8597,283.0584,283.5004,281.8039,276.1619,240.7722,163.8169,261.4582,262.9253,256.1096,278.6822,258.5932,253.5129,255.8985,259.9141,257.1909,261.1109,261.6911,274.9988,289.7249,277.4051,280.2343,281.4668,289.5212,277.3826,276.4385,285.2740,283.7996,270.1333,284.1571,279.8093,293.1664,268.0845,283.6959,294.3695,291.6000,240.7879,256.6153,255.2536,231.9485,247.6142,242.4355,248.5429,256.6757,254.6965,253.7693,250.0508,268.5457,248.8893,234.6947,254.0668,253.1157,253.4123,249.0677,249.3217,251.7920,253.2489,253.7633,258.7895,255.2687,256.5901,257.0313,257.5819,256.3762,253.1529,242.7799,274.2023,269.9892,290.1769,287.0148,270.2396,273.1152,264.1814,283.8913,284.1815,284.2827,285.1116,284.4469,283.9479,284.7595,281.5343,279.1379,284.6019,277.8989,274.6726,274.2019,271.1384,273.8303,273.8671,0.0000,283.0154,284.9140,284.5719,260.8900,275.3223,256.3331,256.8980,253.1898,252.2892,252.5741,0.6589,280.3945,255.8671,287.3461,281.0725,255.2026,249.9255,274.3928,273.0448,278.8134,249.8271,255.4860,284.8443,284.6183,276.6872,238.6048,279.9519,282.8671,251.5974,234.8927,234.9539,273.3324,243.4621,245.3754,277.4838,280.7905,280.8190,284.6582,284.5948,285.0071,242.0781,250.6792,252.7083,261.4042,259.1321,255.4310,267.3099,255.5247,245.8092,253.6146,253.1886,290.0797,290.0798,286.3036,279.5459,287.1963,232.6248,243.9058,242.3187,275.4750,277.1629,251.2762,0.0000,259.1461,269.5015,242.6763,244.8619,277.4020,277.2918,285.8731,283.3935,279.2368,230.6375,214.6040,256.6826,214.8028,243.4977,275.6720,282.6217,304.3767,307.7839,289.6030,278.6805,140.0365,248.6158,248.0831,251.3426,224.2209,253.8246,255.4336,261.0419,261.1295,293.8441,302.9798,257.9081,257.1068,258.5327,258.6121,257.5880,255.1919,258.4854,257.9599,259.2037,258.6304,258.4493,254.5387,279.1379,274.2003,277.1693,0.0000,256.2724,283.5744,256.2721,262.4402,263.5142,277.1925,266.4862,256.6438,291.0269,280.2288,254.4614,256.2248,254.7585,253.6951,281.2170,255.1154,249.4830,253.6950,261.1962,232.1172,287.9338,288.5103,291.2811,251.2694,256.5090,251.2422,253.9173,253.8013,279.2503
36.0000,277.6943,277.5550,278.4529,269.1249,260.9280,255.7377,254.5898,278.1429,281.2291,282.4668,281.9399,282.2090,281.2808,275.7894,240.6959,163.7879,261.0705,262.4668,256.7649,278.5560,258.2355,252.9522,255.4625,259.6619,256.5795,260.5040,261.0837,274.5020,288.2274,277.1016,280.0045,281.2431,288.0290,276.0269,275.1591,284.1399,283.5840,269.3366,283.9681,278.3230,290.7712,267.2497,282.3864,291.8922,290.1120,241.3889,258.1290,256.8639,231.9366,249.0478,243.9788,249.3072,257.1163,255.8405,254.9882,250.8324,268.1476,250.5187,235.2220,256.3127,254.3770,254.7074,250.6063,250.8962,251.7920,254.3332,254.8109,260.0997,256.3803,257.5558,258.2185,259.1094,257.8654,254.4141,243.1805,274.1277,269.6879,288.6386,285.6656,269.5059,272.9526,263.4518,283.6742,283.9671,284.0683,284.8950,284.2381,283.7309,284.5436,280.5143,278.9805,284.4307,277.6968,274.6726,274.1274,270.4284,272.9205,273.3853,0.0000,281.9960,283.7740,284.3394,260.6204,274.1837,257.0594,257.5831,254.2890,253.5176,253.8226,0.6589,280.1918,257.1109,285.9946,280.8384,254.6205,248.9331,274.1417,272.3364,278.6385,250.5638,256.8896,284.6531,284.4361,276.4431,239.1509,279.6297,281.4949,252.8747,235.4189,235.4802,273.1692,243.5276,244.7918,276.5268,280.5533,280.3722,284.4365,284.3806,284.7739,242.7495,250.1337,252.1593,261.3794,259.1076,256.8419,267.1173,255.6515,245.8753,254.7393,254.2722,289.0984,289.0985,285.3234,279.2982,286.9248,231.7897,244.6272,242.5071,275.3232,276.9979,252.6333,0.0000,259.5478,269.3073,244.2069,246.3336,277.2243,277.0685,284.4788,283.2056,279.0775,232.4165,216.3456,257.2817,216.5414,247.2913,275.2353,280.9667,300.9820,306.9187,288.1080,277.7064,139.9985,250.1933,249.6297,252.7474,226.5942,254.5515,254.8927,260.4652,260.5241,291.5047,299.7690,257.2580,258.5942,260.0071,260.0892,259.0311,256.7750,259.9590,259.3122,260.5164,260.1070,259.9194,256.0424,278.9805,274.1263,277.0042,0.0000,256.2026,283.3588,256.2023,262.4326,263.4981,277.0602,266.0470,257.0618,289.5009,279.9989,255.1756,256.9607,255.4635,253.6260,280.9597,257.2250,249.2591,253.6259,260.5481,233.5123,286.5447,287.0899,289.7920,252.6328,257.9645,252.6250,255.1915,254.9253,278.9933
37.0000,280.3670,277.5475,278.4653,269.1440,260.8971,255.8169,254.5567,278.6976,281.0765,282.7711,281.6752,282.3217,281.2947,275.4232,240.9597,163.8423,261.7134,262.9302,256.8522,279.1591,258.1222,252.3492,254.9857,259.6131,256.6680,260.8639,261.4845,274.6884,288.3749,277.0832,279.8574,281.0418,288.4653,278.6001,277.3963,284.1426,283.3601,269.8745,283.8250,281.1016,295.6918,267.0185,282.0469,297.0064,290.7181,240.7686,257.9142,256.5648,231.9028,250.0028,245.1157,247.5361,257.4480,256.3081,255.0910,249.7155,268.5017,251.5806,234.6209,266.1784,253.9489,254.2832,251.3576,251.7124,251.7920,254.0674,254.6862,259.8891,256.2333,257.6029,258.6628,259.1798,260.6869,253.9877,242.7849,274.1556,270.0572,288.7965,285.7798,269.6724,273.3129,263.9421,283.4505,283.7296,283.8280,284.6687,284.0998,283.5669,284.3144,280.8828,279.0448,284.3112,277.6046,274.6726,274.1552,270.1574,272.4278,273.5294,0.0000,281.7924,283.7091,284.1905,260.6083,276.5907,256.9657,257.4497,253.5607,252.9906,253.3422,0.6589,280.2634,257.5882,286.0867,280.9131,254.5996,248.6296,274.8187,274.4246,278.1425,249.6788,256.6044,284.5426,284.3649,276.4512,238.5970,279.4021,281.7678,251.8229,234.8265,234.8876,273.3395,243.4668,244.3964,276.4246,280.4282,280.2975,284.2267,284.2334,284.6066,242.2817,250.3524,252.2967,261.2163,258.7974,256.5533,267.5830,255.5661,245.8139,254.3853,253.9914,291.0668,291.0669,286.5939,279.1823,287.5000,230.9379,246.3616,243.3586,275.2176,276.7270,251.5844,0.0000,259.8983,269.3276,245.3045,247.2564,276.9652,276.7744,284.6882,283.5300,279.1486,234.2605,218.6202,257.3905,218.7884,254.2817,275.1494,284.3462,307.4018,311.7027,288.5600,277.7381,140.0150,251.1033,250.4988,252.8921,230.4246,254.5730,254.8798,260.6953,260.8794,296.5145,306.0257,257.3213,258.2343,259.8185,259.9011,258.8076,256.5533,259.7687,259.1404,260.3135,259.9195,259.7166,255.8151,279.0448,274.1541,276.7326,0.0000,257.0245,283.1087,257.0242,262.2989,263.3795,277.0318,266.4590,257.4247,289.7710,279.8518,255.3409,256.8783,255.5996,254.6716,280.7342,262.3642,249.6000,254.6723,260.6605,234.3871,286.6526,287.2084,290.3735,251.5844,257.5998,251.5844,254.6102,254.5828,279.2289
38.0000,281.8774,277.7620,278.6825,269.2317,260.8919,256.5490,255.1692,280.4188,281.4234,284.7669,282.7515,284.3228,281.4028,276.1344,241.4842,164.1552,262.5995,263.6036,257.4354,279.4607,258.7497,253.5446,256.0312,260.0135,257.4515,261.3523,261.9575,275.4282,290.1329,277.2961,280.1598,281.3706,290.2265,280.2159,278.8257,285.5270,283.8403,270.6271,284.2340,282.6304,297.5932,267.4093,283.1308,298.9414,292.4171,241.5398,257.8361,256.4453,232.2971,250.1488,245.2142,248.3091,257.7942,256.6260,255.6203,250.4721,269.0045,251.8044,235.2691,266.2018,254.1589,254.4789,251.5739,251.9484,252.1339,254.3460,254.9774,260.0343,256.5096,257.9513,258.8343,259.5043,261.1086,254.1983,243.2850,274.1784,270.5491,290.5894,287.4282,270.2515,273.3113,264.6594,283.9361,284.1883,284.3467,285.2383,284.5735,284.0048,284.8371,282.1145,279.2434,284.6747,277.9136,274.6726,274.1779,270.2325,272.4138,274.2417,0.0000,282.8682,285.0355,284.6773,260.9853,278.1441,257.4132,257.8666,253.8763,253.2363,253.5682,0.6589,280.4323,257.7677,287.7114,281.0797,255.2597,249.6891,275.0650,275.8637,278.3975,250.4186,256.7250,284.9629,284.8468,276.5725,239.2786,280.0659,283.7578,252.0985,235.4739,235.5352,273.5548,243.8534,245.6244,276.9687,280.7371,281.3107,284.7321,284.6660,285.0177,243.1779,251.1295,253.0442,261.5446,259.1446,256.6648,267.2372,255.9495,246.2044,254.6647,254.2701,293.4693,293.4694,288.4964,279.4629,287.8612,231.2406,247.3308,244.0841,275.4733,276.9288,251.8548,0.0000,260.3463,269.4088,245.4098,247.4110,277.1615,276.9363,286.5004,283.7806,279.3549,234.0720,218.1670,258.0015,218.3496,251.4912,275.8873,286.5654,312.4654,316.0507,290.3196,278.4761,140.2720,251.3191,250.7041,253.1027,229.1947,254.8934,255.5036,261.2316,261.3688,300.1108,310.9083,258.0925,258.3096,259.7401,259.8245,258.7966,256.6648,259.6920,259.2842,260.4551,259.8419,259.5703,255.9353,279.2434,274.1763,276.9346,0.0000,258.0535,283.5823,258.0533,262.6195,263.7159,277.2139,267.0846,258.1741,291.5782,280.1541,256.0154,257.3353,256.2253,255.8536,281.2554,262.6647,250.1823,255.8535,261.3827,234.5337,288.3135,288.8932,292.0822,251.8548,257.6967,251.8548,254.8698,254.8530,279.4910
39.0000,281.1683,277.6918,278.6031,269.0313,260.7093,255.8648,254.5722,280.0303,281.3506,284.9289,282.7188,284.6517,281.4464,276.7570,241.6476,164.1934,263.3178,264.0252,257.8985,279.1286,258.2228,252.4972,255.1196,259.7132,256.6838,260.7216,261.3431,275.6229,290.3834,277.2327,280.0728,281.2978,290.5771,279.5830,278.1456,285.5603,283.8198,269.9038,284.2621,281.9122,296.6907,266.3489,283.0489,298.0222,292.8283,241.7973,257.6128,256.2064,232.3454,249.9148,244.9303,248.4890,257.6061,256.0922,255.6413,250.6305,269.2832,251.6213,235.4752,258.1096,254.0805,254.3908,251.4111,251.7967,251.9935,254.2504,254.8220,259.9306,256.4485,257.9160,258.7240,259.4999,259.0719,254.1196,243.4605,274.1860,270.7944,290.8539,287.5838,269.5216,272.7545,265.0858,283.9161,284.1573,284.3071,285.2027,284.5364,283.9609,284.8046,281.4039,279.1103,284.6849,277.8738,274.6726,274.1855,268.8026,270.8427,274.4239,0.0000,282.8544,285.0676,284.7177,260.7180,277.5742,257.6438,258.0509,253.9128,253.1721,253.4991,0.6589,280.2438,257.6280,287.8646,280.8781,254.6309,248.7750,274.8785,275.4179,278.2842,250.5789,256.6016,284.9560,284.8580,276.5366,239.5012,280.4358,283.9459,252.0697,235.6802,235.7416,273.6409,243.8854,244.4179,275.7874,280.6398,281.7324,284.7262,284.6305,284.9683,243.4867,250.4742,252.3754,261.4740,259.0528,256.5393,267.0213,255.9731,246.2367,254.6046,254.1806,292.6742,292.6743,287.7491,279.3817,287.3407,231.3678,247.5146,244.2666,275.4234,276.7968,251.8243,0.0000,261.0660,269.2105,245.1362,247.1909,277.0335,276.8669,286.6282,283.4419,279.2200,233.3585,217.0913,258.5156,217.2948,247.6049,276.2744,286.0062,312.2668,314.8374,290.6737,277.4285,140.3028,251.1467,250.5224,252.9926,226.9389,254.7505,254.8950,260.6102,260.7396,299.7085,310.6831,257.3310,258.1408,259.5134,259.5989,258.6214,256.5393,259.4662,259.1711,260.3515,259.6160,259.3139,255.8090,279.1103,274.1839,276.8025,0.0000,259.3045,283.5444,259.3043,262.5753,263.6843,277.1662,267.4204,258.9091,291.8749,280.0671,256.5670,257.5728,256.7262,257.5133,281.5035,258.7767,250.4448,257.5132,260.6262,234.3250,288.4913,289.0967,292.4843,251.8243,257.5027,251.8243,254.7881,254.7659,279.3468
40.0000,280.5639,277.6452,278.5425,269.0692,260.7850,255.8674,254.5651,279.4972,281.3021,284.4419,282.4091,284.1985,281.3941,276.4267,241.8021,164.2642,263.4514,264.1289,258.2316,279.1317,258.4197,253.1340,255.6305,259.8348,256.6267,260.5468,261.1442,275.2978,289.9427,277.1950,280.0219,281.1975,290.1293,278.9321,277.6021,285.1906,283.7907,269.6167,284.2215,281.2938,295.7882,265.9580,282.7254,297.0941,292.3765,242.1528,258.1386,256.7469,232.4846,250.1378,245.1051,248.7228,258.0465,256.4816,255.8806,250.8377,269.3772,251.8451,235.8113,258.5698,254.4672,254.7674,251.6629,252.0441,252.3568,254.6264,255.2014,260.3238,256.7862,258.2155,259.0515,259.7756,259.4938,254.5066,243.8629,274.1795,270.8319,290.4058,287.1671,269.2278,272.7414,265.1867,283.8875,284.1330,284.2810,285.1794,284.4975,283.9172,284.7812,280.8827,279.0770,284.6503,277.8380,274.6726,274.1791,268.3802,270.4237,274.0868,0.0000,282.5630,284.7152,284.6972,260.8217,276.9861,258.0076,258.3849,254.2752,253.5530,253.8816,0.6589,280.1814,257.9452,287.4521,280.8137,254.7121,249.3020,274.8996,274.9516,278.2682,250.7877,257.0275,284.9213,284.8469,276.5166,239.8553,280.2450,283.4659,252.4454,236.0184,236.0798,273.6486,244.0273,244.3433,275.3171,280.5820,281.5821,284.7046,284.5847,284.9075,243.8558,250.4724,252.3760,261.5731,259.1729,256.9810,267.0571,256.1204,246.3800,254.9816,254.5560,291.9187,291.9188,287.0900,279.3340,287.3602,231.2800,247.8107,244.4543,275.4101,276.7835,252.2021,0.0000,261.3744,269.2466,245.3186,247.4120,277.0196,276.8536,286.1817,283.4269,279.1875,233.3337,216.9651,258.7719,217.1739,246.5043,275.9441,285.2445,311.0357,313.5342,290.2263,276.9424,140.3534,251.3845,250.7593,253.3130,226.4762,255.1226,254.9063,260.5309,260.5670,298.7277,309.4819,257.2747,258.3822,260.0458,260.1288,259.1219,256.9810,259.9975,259.5826,260.7462,260.1469,259.8756,256.2285,279.0770,274.1775,276.7892,0.0000,259.4929,283.5163,259.4926,262.6658,263.7659,277.1389,267.5186,259.1868,291.4256,280.0162,256.9858,257.9477,257.1334,257.7004,281.3557,259.2103,250.5797,257.7002,260.4977,234.5346,288.0711,288.6715,292.0332,252.2021,257.7275,252.2021,255.1890,255.1472,279.3088
41.0000,280.4545,277.5407,278.4079,269.0452,260.8006,255.9238,254.6151,279.7767,281.2622,284.8448,282.6658,284.8363,281.2851,276.7125,241.7668,164.2438,263.5170,264.1387,258.7058,279.0168,258.3310,252.7301,255.3170,259.7935,256.7343,260.8529,261.4927,275.5659,290.2127,277.1077,279.9711,281.1478,290.3985,278.8977,277.5710,285.5290,283.7952,269.7745,284.2484,281.1641,295.2472,266.2009,282.9938,296.5159,292.6048,242.0422,258.6136,257.2607,232.4647,250.4150,245.3128,248.4673,258.4057,256.7286,255.8182,250.5452,269.3482,251.9861,235.7240,258.9114,254.7797,255.1017,251.8588,252.2263,252.6002,254.8827,255.4512,260.7893,257.0484,258.4207,259.4334,260.1616,259.7286,254.8192,243.8951,274.1526,270.8129,290.6707,287.4652,269.4306,272.7278,265.2056,283.8923,284.1372,284.2733,285.1704,284.5022,283.8995,284.7785,281.1523,279.0433,284.6708,277.8515,274.6726,274.1522,268.6432,270.7062,274.3788,0.0000,282.8066,285.0192,284.7356,260.7908,276.9630,258.3758,258.7087,254.5676,253.8415,254.1845,0.6589,280.1019,258.2728,287.7468,280.7230,254.6625,248.9900,274.7902,274.9537,278.2569,250.5167,257.4003,284.9258,284.8656,276.4588,239.7770,280.3979,283.9049,252.7192,235.9340,235.9954,273.6333,244.0668,244.4659,275.5993,280.5142,281.6662,284.7145,284.5645,284.8499,243.7228,250.4976,252.4191,261.5982,259.1758,257.3515,267.0336,256.2049,246.4199,255.2529,254.8155,291.7999,291.8000,287.1397,279.2744,287.3024,230.7054,247.9859,244.4348,275.4179,276.7697,252.4737,0.0000,261.7066,269.2230,245.5292,247.6336,277.0022,276.8345,286.5232,283.3700,279.1541,233.4955,217.0495,259.2900,217.2619,245.8848,276.2215,285.1766,310.7465,312.8141,290.5016,277.2224,140.3412,251.5550,250.9483,253.5732,226.4028,255.3548,254.9482,260.7169,260.8694,298.5919,309.2017,257.4077,258.8698,260.5092,260.5907,259.5295,257.3515,260.4603,260.0086,261.2140,260.6095,260.3950,256.5984,279.0433,274.1507,276.7754,0.0000,259.6818,283.5129,259.6816,262.7024,263.8053,277.1315,267.4965,259.5712,291.6879,279.9655,257.5372,258.3259,257.6913,257.8880,281.4785,259.4779,250.5611,257.8879,260.6339,234.7446,288.3601,288.9523,292.2690,252.4737,258.2171,252.4737,255.4192,255.3931,279.2175
42.0000,279.6254,277.4404,278.2856,268.9967,260.7938,255.8337,254.5567,279.2963,281.1384,284.4004,282.5368,284.4569,281.2897,276.5650,241.7628,164.2526,263.5228,264.1264,259.0224,278.5798,258.3218,252.8225,255.3769,259.7824,256.6266,260.7603,261.3888,275.3917,289.7725,277.0200,279.8625,281.0674,289.9017,278.0457,276.8404,285.2903,283.6714,269.4763,284.1457,280.3103,293.8947,265.9101,282.9205,295.1184,292.0567,241.7420,258.7973,257.4831,232.5473,250.3273,245.2004,247.9407,258.4897,256.8771,255.4614,249.9777,269.3527,251.8376,235.4839,259.4325,254.9041,255.2434,251.7717,252.1224,252.7064,255.0190,255.5866,260.8866,257.0956,258.3975,259.4310,260.1587,259.9028,254.9433,243.8276,274.1394,270.7820,290.2163,287.0968,269.1870,272.6611,265.1793,283.7679,284.0132,284.1400,285.0319,284.3409,283.7446,284.6465,280.7495,278.9480,284.5749,277.7762,274.6726,274.1389,268.2902,270.4174,274.1849,0.0000,282.6478,284.7901,284.6307,260.7756,276.1748,258.6324,258.9326,254.7485,253.9745,254.3132,0.6589,279.9781,258.2684,287.3858,280.5924,254.6500,249.0670,274.4089,274.2877,278.1772,249.9638,257.5355,284.7864,284.6887,276.4097,239.5331,280.2702,283.4723,252.8773,235.6967,235.7581,273.6184,244.1395,244.3633,275.2741,280.3897,281.5370,284.5907,284.4027,284.6641,243.3637,250.3493,252.3050,261.6127,259.1902,257.4832,266.9846,256.2729,246.4933,255.3888,254.9534,290.9563,290.9564,286.4934,279.1709,287.0192,231.7959,247.0867,244.1520,275.3622,276.7021,252.6408,0.0000,262.2281,269.1735,245.4217,247.5415,276.9362,276.8038,286.1039,283.1824,279.0575,233.4114,216.9419,259.6434,217.1557,245.3897,276.0601,284.0805,308.5919,311.0334,290.0046,276.8792,140.3416,251.4382,250.8446,253.5926,226.2469,255.4612,254.8966,260.6402,260.7774,296.9506,307.1050,257.3449,259.1666,260.6841,260.7643,259.6811,257.4832,260.6351,260.1140,261.3110,260.7834,260.5774,256.7493,278.9480,274.1376,276.7077,0.0000,259.7794,283.3855,259.7792,262.7182,263.8160,277.0758,267.4845,259.8132,291.2089,279.8569,257.9241,258.5914,258.1026,257.9849,281.3592,259.7586,250.5543,257.9848,260.4850,234.6574,287.9783,288.5527,291.7291,252.6408,258.5211,252.6408,255.5943,255.5447,278.9941
43.0000,280.2780,277.4018,278.2075,269.3615,261.3175,256.7565,255.4782,285.6003,281.3151,294.0046,285.7968,292.6495,281.6721,277.6457,241.9494,164.3876,263.9928,264.4054,259.4135,278.2934,258.9147,253.7335,256.1149,260.2083,257.6734,261.7755,262.3940,276.9445,294.2132,277.0012,280.0187,281.1907,292.6479,278.7709,277.6594,289.5017,283.9438,271.0658,284.4676,280.9220,293.6748,269.2906,286.3138,294.8233,294.8259,241.5254,258.8475,257.5808,232.7926,249.8443,244.6687,247.5046,258.1609,256.8043,254.9458,249.5487,269.4986,251.2560,235.3281,259.4625,254.8996,255.2494,251.3207,251.6411,252.4309,254.9915,255.5364,260.8002,256.9776,258.1870,259.0988,259.9496,259.7527,254.9385,243.8218,274.0875,270.8589,294.6435,292.4468,271.1856,272.9870,265.4962,284.0383,284.2610,284.3872,285.2562,284.5633,283.9630,284.8796,285.6200,279.0334,284.8902,278.1787,274.6726,274.0870,271.8005,274.1528,275.7636,0.0000,285.8165,288.8008,284.9044,261.1535,276.8407,258.8824,259.1573,254.8469,253.9803,254.3140,0.6589,280.0216,257.9378,292.3154,280.6240,255.5959,250.4797,274.3907,274.8401,278.5732,249.6203,257.5326,285.0563,284.9789,276.3799,239.3656,280.9979,293.7919,252.9192,235.5426,235.6039,273.6007,244.4028,245.3601,279.5132,280.5248,282.1982,284.8161,284.6267,284.8584,243.0841,251.2116,253.1980,261.9161,259.4908,257.4827,267.3450,256.5515,246.7593,255.3936,254.9318,295.2385,295.2386,291.0324,279.2847,286.6217,232.7325,246.4157,244.0274,275.6741,277.0327,252.6856,0.0000,262.4221,269.5368,244.9010,247.0601,277.2651,277.2220,293.3809,282.9901,279.1389,232.7329,216.1325,260.0313,216.3550,242.7342,277.4005,284.4277,307.4483,314.2771,292.9146,281.2948,140.4688,250.9219,250.3544,253.3666,224.9293,255.2992,255.8398,261.6117,261.7916,296.4718,306.0386,258.3819,259.2619,260.7236,260.8037,259.7085,257.4827,260.6744,260.0531,261.2218,260.8225,260.6186,256.7645,279.0334,274.0856,277.0385,0.0000,260.6838,283.6544,260.6836,263.0135,264.1182,277.2719,267.6633,260.3655,295.1385,280.0132,258.3764,258.8469,258.5795,259.2024,281.9639,259.6637,250.7769,259.2023,261.8178,234.2010,292.8145,293.2124,294.5208,252.6856,258.6205,252.6856,255.6041,255.5315,279.0257
44.0000,280.8915,277.6073,278.3318,270.1068,261.2537,261.0782,259.8144,283.1777,278.3360,291.0810,283.3299,289.7885,279.9873,273.0260,262.0368,261.7897,271.6958,272.4296,265.7897,276.9382,265.0846,259.5314,262.1151,266.8978,261.3279,265.3921,266.0313,273.6738,291.1242,277.2330,277.8543,278.6351,289.4175,279.8462,278.4736,286.9397,278.5647,272.1171,277.2402,281.4841,293.2039,267.8997,284.0952,294.2590,291.4468,253.9175,266.6085,265.3522,256.9575,257.7802,252.2579,260.5247,266.6209,265.2423,265.5196,262.1761,275.1066,258.8291,247.4487,267.5156,262.5368,262.8975,258.9564,259.3019,260.5590,263.4469,263.9978,268.5128,264.5154,265.6637,267.7903,267.5972,268.0543,262.5763,256.7476,274.9943,275.3379,291.5160,289.5926,271.3499,271.0447,273.7116,278.6540,278.8738,279.3943,280.0167,279.7503,279.3127,279.5257,283.7045,277.8948,276.9098,276.3253,274.6726,274.9939,270.6773,273.7506,272.4935,0.0000,283.4031,286.2277,278.3422,268.2998,278.2287,265.1052,265.2917,262.0002,261.3573,261.8872,270.6927,278.8513,266.3307,289.4435,279.4315,259.8480,256.0159,272.9821,276.8615,276.1930,262.0479,265.2235,278.2712,278.8465,276.8711,251.7689,275.1720,290.8781,260.1713,247.6888,247.7533,275.7322,258.0242,248.8397,278.4237,278.3415,276.2451,279.1048,279.2520,279.6478,255.4678,255.3782,257.4338,266.3925,263.9256,265.1783,267.9868,263.4407,260.5122,262.7228,263.3408,292.5204,292.5205,288.6713,277.7018,285.0224,255.0837,268.0083,264.5115,274.9766,275.1761,260.3071,0.0000,269.2162,270.1839,252.5051,254.7402,275.4074,275.5172,290.4781,281.6306,277.9957,239.7605,222.3946,266.4291,222.6375,247.8053,273.5140,285.1446,306.5507,310.1044,289.6768,279.9701,263.0943,258.5468,257.9823,261.0093,230.7908,263.6293,260.1900,265.6042,265.4199,296.4453,305.2487,262.0506,266.9880,268.5238,268.6044,267.4596,265.1783,268.4733,267.7510,268.9409,268.6239,268.4308,264.4547,277.8948,274.9914,275.1793,0.0000,267.9077,278.8499,267.9073,267.2380,267.8552,276.2154,274.3306,266.9834,291.9320,277.8511,264.7827,265.0729,265.0156,266.3852,275.6917,267.8891,266.1389,266.3851,264.4086,241.4814,289.8872,290.2403,291.1642,260.3071,266.3218,260.3071,263.6401,263.8660,277.2124
45.0000,275.8795,277.0917,277.8277,268.7406,260.7774,255.7537,254.6304,282.1791,280.7283,290.5648,283.7448,289.6807,280.8502,275.5211,241.3452,163.8466,263.9113,264.2817,258.9829,276.8148,258.3326,253.7758,255.9438,259.6301,256.5571,260.4107,260.9810,274.9239,290.7434,276.7394,279.4976,280.6206,288.9365,274.4149,273.7460,286.9729,283.2344,268.9993,283.7579,276.4013,286.7012,267.3449,284.2454,287.6280,290.8597,240.4598,257.6792,256.5189,232.1677,247.7816,242.4905,247.0182,256.9787,255.4750,253.1199,248.4615,269.4042,248.8965,234.3552,257.1470,253.7203,254.0749,249.2547,249.5105,251.7920,253.8336,254.3578,259.4751,255.5146,256.5126,257.4098,258.2842,257.8475,253.7588,242.8714,274.1646,270.7060,291.1012,289.3526,269.3379,272.3052,265.4960,283.3237,283.5907,283.6627,284.4803,283.8338,283.2421,284.1477,282.6370,278.6574,284.2512,277.6456,274.6726,274.1642,269.9934,272.4315,273.7727,0.0000,283.8032,286.3502,284.1571,260.5824,272.6933,258.3674,258.6116,253.9617,252.8447,253.1583,0.6589,279.5961,256.2188,289.2364,280.1686,254.7388,250.4183,272.7334,271.0819,278.2822,248.3941,256.3110,284.3399,284.2138,276.2449,238.3379,279.4161,290.4272,251.8770,234.5663,234.6274,273.5773,243.8061,244.7707,277.2159,279.9629,280.2603,284.0831,283.8761,284.0414,241.8280,250.1018,252.1555,261.4245,259.0038,256.2730,266.3794,255.9741,246.1570,254.2767,253.7867,290.3724,290.3725,287.0085,278.8267,285.9760,231.4844,245.3412,243.0906,275.2435,276.6517,251.6488,0.0000,261.8572,268.9152,242.7459,244.9933,276.8643,276.8150,290.1115,282.5333,278.7564,230.1528,213.1774,259.5242,213.4264,235.2369,275.3272,279.2641,298.6448,305.1862,289.1957,278.8017,140.0341,248.7116,248.2182,251.7422,220.4062,254.1924,254.9851,260.4562,260.4331,289.6183,297.4772,257.2448,258.0264,259.5197,259.5976,258.4924,256.2730,259.4709,258.7161,259.8892,259.6165,259.4285,255.5819,278.6574,274.1630,276.6577,0.0000,261.0013,282.9717,261.0011,262.5230,263.6004,276.9421,267.5294,260.1158,291.4831,279.4924,258.0486,258.3404,258.2844,259.8828,280.7299,257.6326,250.3553,259.8825,260.4808,232.2418,289.6339,289.9465,290.5941,251.6488,257.3861,251.6488,254.4327,254.3525,277.9378
46.0000,273.4707,275.5523,276.2677,267.1422,259.2313,254.1389,253.1785,280.5529,279.0068,288.4350,282.0305,287.5831,279.2248,273.8988,239.7305,162.7481,262.1024,262.5110,257.5191,274.7241,256.5553,251.5536,253.8409,257.9717,254.9868,258.8293,259.3890,273.4141,288.5943,275.2123,277.8257,278.9695,286.7845,272.1343,271.5410,285.0763,281.3831,267.6024,281.9768,273.9421,283.2366,266.9057,282.6020,284.0727,288.6014,238.9076,256.1270,255.0107,230.6684,246.0803,240.7456,245.4418,256.2606,254.0599,251.3122,246.6721,267.6867,247.0964,232.8188,255.1341,252.2487,252.6010,247.5337,247.7659,251.7920,252.4486,253.0153,257.8779,253.9256,254.8433,255.8847,256.6796,256.1721,252.2866,241.3286,272.6792,268.9761,288.9301,287.2910,268.2546,270.6691,263.6726,281.4678,281.7316,281.7786,282.5577,282.0282,281.4197,282.2512,281.4075,277.0218,282.4904,275.9768,273.1728,272.6788,269.9872,272.6247,272.2777,0.0000,282.0351,284.4735,282.3188,258.9428,270.3965,256.9335,257.1645,252.5390,251.4024,251.6991,0.6589,277.9546,254.6547,287.1863,278.5016,253.2465,248.2703,270.6030,268.7405,276.5776,246.5633,254.7846,282.5207,282.3350,274.7263,236.7915,277.6896,288.3025,250.4616,233.0305,233.0911,271.9794,242.2877,243.2725,276.7502,278.2921,278.3982,282.2044,282.0339,282.1405,240.2641,248.4838,250.5472,259.8575,257.4731,254.7492,264.9356,254.4215,244.6241,252.8509,252.3991,288.3208,288.3209,285.3113,277.1900,284.3135,229.6230,243.6195,241.3674,273.6080,274.9896,250.2440,0.0000,260.4136,267.3181,241.0109,243.3032,275.1998,275.1683,287.9989,280.8795,277.1147,228.2298,211.1863,258.0512,211.4441,231.3805,273.7643,276.5548,294.2118,301.5581,287.0321,278.1152,139.1073,246.9544,246.4848,250.1372,217.7637,253.2469,253.4963,258.8845,258.8514,285.9714,293.1456,255.6916,256.4917,257.9403,258.0171,256.9219,254.7492,257.8924,257.1257,258.2864,258.0358,257.8633,254.0788,277.0218,272.6778,274.9953,0.0000,259.3018,281.1217,259.3016,260.9510,262.0132,275.3307,265.7609,258.5624,289.2974,277.8206,256.6295,256.9104,256.8784,258.1905,279.0075,255.8536,248.6787,258.1903,259.0566,230.6397,287.5578,287.8477,288.3509,250.2440,255.8651,250.2440,253.0410,252.9583,276.0736
47.0000,273.0647,276.7702,277.4439,268.5069,260.7103,255.1806,254.2990,280.3992,280.2126,288.3552,282.6449,287.7235,280.3053,274.8059,241.7882,164.0065,264.4892,264.6427,261.7013,275.5226,257.9726,253.0914,255.3638,259.4767,255.9300,259.7175,260.2415,274.2057,288.6085,276.4580,279.0489,280.1683,286.7845,271.7502,271.3413,285.4413,282.5711,268.1262,283.2572,273.4836,281.7290,267.2987,283.1947,282.4703,288.4393,242.0494,262.7662,261.6151,232.7725,251.4322,246.0723,248.3910,260.3458,259.9475,255.3568,249.5766,269.5772,252.6983,235.9324,260.5375,258.8510,259.2052,253.2981,253.5341,254.8650,258.5244,258.9347,264.5800,260.5724,261.5147,261.3212,263.3906,261.9117,258.8896,244.7527,274.1092,270.6833,288.9111,287.4271,268.8582,272.3388,265.9115,282.6518,282.9218,282.9359,283.6854,283.1664,282.5900,283.4057,281.4660,278.3243,283.8175,277.3011,274.6726,274.1090,270.3851,272.9957,273.0716,0.0000,282.6596,284.8849,283.5535,260.4170,270.0857,261.2435,261.4236,258.9415,258.0200,258.3255,0.6589,279.2059,260.2025,287.3357,279.7263,254.4191,249.5662,271.5754,268.5768,277.9208,249.5253,261.4249,283.7641,283.5435,276.0366,239.9538,278.7212,288.2578,257.9130,236.1494,236.2109,273.4974,244.5767,244.1721,276.9908,279.4762,279.2604,283.3831,283.2200,283.3258,243.3574,249.4319,251.5441,261.7691,259.3450,261.3896,266.1457,256.8889,246.9352,258.9884,258.4805,288.0836,288.0837,285.1931,278.4189,285.2934,231.9435,245.2046,243.2298,275.0289,276.3750,257.7384,0.0000,264.5268,268.6793,246.3538,248.7059,276.5712,276.5462,288.0219,282.0451,278.4116,233.1211,215.5140,262.1966,215.7876,234.6501,274.6047,275.9947,293.0958,301.0039,287.0151,278.3070,140.1201,252.6193,252.1252,256.3284,221.7325,258.1662,254.6136,259.8689,259.7426,285.0323,292.0231,256.6551,263.1444,264.6277,264.7057,263.6196,261.3896,264.5789,263.7854,264.9949,264.7246,264.5383,260.7061,278.3244,274.1083,276.3806,0.0000,262.2514,282.3057,262.2513,262.9068,263.9667,276.7000,267.7525,262.3213,289.2644,279.0440,260.8183,261.2229,261.0750,261.1605,280.1495,261.4899,250.7674,261.1602,259.8980,235.7611,287.6712,287.9349,288.2119,257.7384,262.5089,257.7384,259.8437,259.2735,277.0908
48.0000,270.7550,275.8284,276.4690,267.6250,259.9471,254.0438,253.2504,278.4845,279.1262,286.5397,281.2340,285.9578,278.9511,273.4794,241.5337,163.7524,264.2846,264.2995,262.8458,274.1882,257.1402,252.3164,254.5875,258.7384,254.6982,258.3463,258.8499,272.7848,287.5847,275.5404,277.9907,279.0740,286.7845,269.5033,269.1984,283.8994,281.4390,266.5209,282.2338,271.1319,278.5429,265.6886,281.7149,279.2089,288.2604,242.3328,265.2627,264.0865,232.6395,253.2495,247.8437,248.4772,262.3685,262.1365,256.2569,249.6260,269.0812,254.6047,236.2771,262.3039,261.3546,261.7067,255.3093,255.5414,256.8630,260.7942,261.1774,267.1305,263.1093,264.0764,263.2900,265.8386,263.8862,261.3930,245.3060,273.4568,270.1087,287.8561,286.0981,267.3227,271.0573,265.6053,281.5153,281.7907,281.7660,282.4858,281.9784,281.4460,282.2360,279.5838,277.4635,282.8416,276.3930,274.0211,273.4565,268.7564,271.3003,271.6100,0.0000,281.2764,283.4165,282.4723,259.6657,267.8709,262.3723,262.5069,261.2551,260.5258,260.8382,0.6589,278.3003,262.1845,286.0441,278.8040,253.3589,248.5803,270.3366,266.4144,276.9056,249.6198,263.9385,282.7009,282.4488,275.2089,240.2982,277.4720,286.4502,260.8244,236.4973,236.5588,272.8486,244.4873,242.9965,275.2115,278.3888,277.7787,282.2380,282.0947,282.2086,243.5663,248.2819,250.4074,261.3345,258.9146,263.9031,265.2687,256.8362,246.8451,261.2431,260.7478,285.6282,285.6282,282.9769,277.3949,284.2508,232.3184,244.3536,242.7650,274.1959,275.3972,260.6781,0.0000,265.9541,267.7939,248.1390,250.5506,275.5782,275.5176,286.4554,281.1313,277.5452,234.4818,216.6180,263.3965,216.9011,234.3596,273.2199,273.6208,290.3887,297.5987,286.8966,276.4985,139.8610,254.5713,254.0716,258.5849,222.3720,260.2826,253.5475,258.6154,258.3747,282.4385,289.3130,255.4237,265.6582,267.1506,267.2296,266.1583,263.9031,267.1014,266.3006,267.5458,267.2483,267.0691,263.2136,277.4635,273.4561,275.4024,0.0000,262.4460,281.1631,262.4460,262.4937,263.5406,275.8766,267.3006,263.1413,288.5131,277.9860,261.9614,262.3538,262.2538,261.3544,279.0137,263.4006,250.4791,261.3540,258.5744,237.5098,286.4443,286.7832,288.0427,260.6781,265.0150,260.6781,262.4564,261.6568,275.8494
