"NODO DE ENVIO :","TALARA 220","PIURA OESTE 220","PIURA OESTE 220","LA NINA 220","CHICLAYO OESTE 220","GUADALUPE 220","TRUJILLO 220","CHIMBOTE 220","CHIMBOTE 220","PARAMONGA NUEVA 220","PARAMONGA NUEVA 220","MEDIO MUNDO 220","LOMERA 220","PUERTO CHANCAY 220","VENTANILLA 220","VENTANILLA 220","VENTANILLA 220","VENTANILLA 220","VENTANILLA 220","SAN JUAN 220","SANTA ROSA 220 B","SAN JUAN 220","SAN JUAN 220","INDEPENDENCIA 220","DERIVACION 220","CHILCA REP 220","CHILCA REP 220","NUEVA CHINCHA 220","CANTERA 220","CHILCA REP 220","CHILCA REP 220","CHILCA REP 220","POMACOCHA 220","POMACOCHA 220","PACHACHACA 220","PACHACHACA 220","PACHACHACA 220","CALLAHUANCA EDN 220","CALLAHUANCA EDN 220","REFINERIA ZINC 220","REFINERIA ZINC 220","CAMPO ARMINO 220","CAMPO ARMINO 220","CAMPO ARMINO 220","CAMPO ARMINO 220","HUANCAVELICA 220","CAMPO ARMINO 220","CAMPO ARMINO 220","CAMPO ARMINO 220","HUAYUCACHI 220","PACHACHACA 220","AGUAYTIA 220","TINGO MARIA 220","VIZCARRA 220","CONOCOCHA 220","CALLAHUANCA 60","MOYOPAMPA 60","MOYOPAMPA 60","HUANUCO 138","PARAGSHA 138","CARHUAMAYO 138","CARIPA138","CAMPO ARMINO 220","CAMPO ARMINO 220","COTARUSE 220","COTARUSE 220","OROYA NUEVA 220","CARHUAMAYO 220","PARAGSHA2 220","SANTUARIO 138","SANTUARIO 138","SANTUARIO 138","CALLALLI 138","QUENCORO 138","DOLORESPATA 138","ABANCAY NUEVA 138","TINTAYA 138","AYAVIRI138","AZANGARO 138","JULIACA 138","ARICOTA II 66","TOMASIRI 66","MOQUEGUA 138","SOCABAYA 220","MACHUPICCHU 138","MACHUPICCHU 138","CHILOTA 220","MOQUEGUA 220","AGUAYTIA 138","CERRO VERDE 138","CHAPARRAL 138","CHIMBOTE 138","CHIMBOTE 138","CHIMBOTE 138","CARHUAMAYO 220","CARHUAMAYO 220","PARAGSHA2 220","HUINCO 220","HUINCO 220","VENTANILLA 220","VENTANILLA 220","CHAVARRIA 220 B","CHAVARRIA 220 A","TRUJILLO 220","CHILCA CTM 500","CARABAYLLO 220","CARABAYLLO 220","INDEPENDENCIA 220","KIMAN AYLLU 220","KIMAN AYLLU 220","HUALLANCA 138","PARAMONGA NUEVA 220","CHICLAYO OESTE 220","SOCABAYA 220","CONOCOCHA 220","CONOCOCHA 220","TRUJILLO 220","GUADALUPE 220","MEDIO MUNDO 220","CARABAYLLO 500","CHIMBOTE 500","PIURA OESTE 220","POMACOCHA 220","PIEDRA BLANCA 138","CHILCA CTM 500","POROMA 220","POROMA500","MONTALVO 220","HUANZA 220","INDUSTRIALES 220B","OCONA 500","SOCABAYA 220","SOCABAYA 220","TRUJILLO 500","INDUSTRIALES 60","SOCABAYA 138","MOQUEGUA 220","CARABAYLLO 220","CHAVARRIA 60 B","CHAVARRIA 60 B","CHAVARRIA 220 A","CHILCA REP 220","TINTAYA 138","COMBAPATA 138","ALTO PRADERA 220","SANTA TERESA 220","SURIRAY 220","SURIRAY 220","SURIRAY 220","CHILCA REP 220","ASIA 220","LOMERA 220","CHAGLLA 220","CHAGLLA 220","RAMADA 220","RAMADA 220","REQUE 220","REQUE 220","SAN JOSE 500","OQUENDO 60","POROMA 220","VENTANILLA 220","CHAVARRIA 60 B","BARSI 60","CHILLON 60","HUAMPANI 60","HUARANGAL 60","ARICOTA138","ILO ELS 138","MOYOPAMPA 60","MOQUEGUA 138","LOMERA 60","SANTA ROSA EDS 60","MIRADOR 220","CARHUAMAYO 138","PARAGSHA 50","INDUSTRIALES 60","SURIRAY 220","ABANCAY NUEVA 138","SANTA ISABEL 220","MOQUEGUA 220","MOQUEGUA 220","YANANGO 220","CHIMAY 220","SANTA ISABEL 220","CHAVARRIA 60 B","CHILLON 60","HUACHIPA 60","CHAVARRIA 60 A","CHIRIBAMBA 220","PLANICIE 220 A","PLANICIE 220 B","COLCABAMBA 500","POROMA500","YARABAMBA 500","CARHUAQUERO 220","CAJAMARCA 220","CACLIC 220","CERRO DEL AGUILA 220","CERRO DEL AGUILA 220","YARABAMBA 220","YARABAMBA 220","CARAPONGO 500","CARAPONGO 220 B","PLANICIE60","MANCHAY 60","PLANICIE 220 B","COBRIZAI 69","MOLLEPATA220","SOCABAYA 220","CAMPO ARMINO 220","CARAPONGO 220 A","CARAPONGO 220 B","CARAPONGO 220 B","MARCONA 60 B","MARCONA 60 B","AZANGARO 138","PUMIRI220","CALLAHUANCA 220","MATUCANA 220","CALLAHUANCA 60","CALLAHUANCA 60","CARAPONGO 220 A","CARAPONGO 220 A","SAN MIGUEL 60","SAN MIGUEL 60","LA NINA 220","FELAM 220","SAN GABAN 138","SAN GABAN 138","ANGEL 138","SAN RAFAEL 138","MONTALVO 220","SAN GABAN 138","MEDIO MUNDO 220","MEDIO MUNDO 220","TINGO MARIA 138","AUCAYACU 138","BELLAVISTA 138","TARAPOTO 138","PARINAS 220","PAMPA HONDA 220","PAMPA HONDA 220","AGUAYTIA 138","HUANZA 220","SAN ROMAN 220","SAN ROMAN 138","PUNO 220","MAZUCO 138","SOCABAYA 138","CINCO MANANTIALES 138","OXIDOS CERRO 138","PARAGSHA2 220","TOCACHE 138","JUANJUI 138","MOQUEGUA 138","MOQUEGUA 138","MILL SITE 138","PUSHBACK 138","MILL SITE 138","MILL SITE 138","TOQUEPALA 138","MILL SITE 138","PLAZA TOQUEPALA 138","PLAZA TOQUEPALA 138","ILO3 138","ILO ELS 138","ILO 138","QUEBRADA HONDA 138","PLAZA TOQUEPALA 138","MILL SITE 138","CARHUAMAYO NUEVA 138","CHILCA CTM 220 A","DERIVACION 220  BARRA II","SANTA ROSA 220 A","DERIVACION 220","CARAPONGO 220 A","CARAPONGO 500","CAMPAS 220","COLCABAMBA 500","PLANICIE 500","DESIERTO220","CAHUACHI 220","VALLE DEL CHIRA 220","FLAMENCO220","BARRA3HERMANAS","ERSUR 220","BARRAPTALOMITAS","BARRAPTALOMITAS2","HUANCAVELICA 220","ZAPALLAL 220","CHILCA CTM 500","CHAPARRAL 138","CAMPO ARMINO 220","CAMPO ARMINO 220","MOQUEGUA 138","BARRAPTALOMITAS","PUNO 220","ZAPALLAL 220","PIURA OESTE 220","BALNEARIO 220","OROYA NUEVA 220","OROYA NUEVA 138","CARHUAMAYO 138","PARAGSHA 138","ARICOTA138","MOQUEGUA 220","SOCABAYA 220","LOS HEROES 220 A","AGUAYTIA 220","PARAGSHA2 220","PUCALLPA 138","INDEPENDENCIA 220","CHILLON 220","BARSI 220","CHAVARRIA 220 A","CHAVARRIA 220 A","CARABAYLLO 500","CHILCA CTM 500","CARHUAMAYO 220","KIMAN AYLLU 220","CHIMBOTE 500","TRUJILLO 500","POROMA500","MONTALVO 500","LA NINA 500","TINTAYA 220","CHIMBOTE 220","ABANCAY NUEVA 220","SANTA ROSA 220 A","SANTA ROSA 220 A","MALVINAS 220","LOMERA 220","INDUSTRIALES 220 A","MIRADOR 220","TINGO MARIA 220","ILO 3 220","BELAUNDE 220","YARABAMBA 500","COLCABAMBA 500","CARAPONGO 500","MANCHAY 220","CAMPO ARMINO 220","MOLLEPATA220","SAN JOSE 500","SAN JOSE 500","MARCONA220","MARCONA220","PUMIRI220","CALLAHUANCA EDN 220","SAN MIGUEL 220","SAN ROMAN 220","CAMPAS 500","PLANICIE 220 A","CHILCA CTM 500"
"NODO DE RECEPCION :","ZORRITOS 220","VALLE DEL CHIRA 220","LA NINA 220","CHICLAYO OESTE 220","CARHUAQUERO 220","REQUE 220","GUADALUPE 220","TRUJILLO 220","TRUJILLO 220","CHIMBOTE 220","CHIMBOTE 220","HUACHO 220","HUACHO 220","HUACHO 220","ZAPALLAL 220","ZAPALLAL 220","CHAVARRIA 220 A","CHAVARRIA 220 A","CHAVARRIA 220 A","INDUSTRIALES 220B","SAN JUAN 220","BALNEARIO 220","BALNEARIO 220","ICA 220","ICA 220","ASIA 220","DESIERTO220","INDEPENDENCIA 220","INDEPENDENCIA 220","SAN JUAN 220","SAN JUAN 220","SAN JUAN 220","SAN JUAN 220","SAN JUAN 220","POMACOCHA 220","CALLAHUANCA 220","CALLAHUANCA 220","CARAPONGO 220 A","CARAPONGO 220 B","CHAVARRIA 220 A","CHAVARRIA 220 A","POMACOCHA 220","POMACOCHA 220","HUANCAVELICA 220","HUANCAVELICA 220","INDEPENDENCIA 220","PACHACHACA 220","PACHACHACA 220","HUAYUCACHI 220","ORCOTUNA 220","OROYA NUEVA 220","TINGO MARIA 220","VIZCARRA 220","CONOCOCHA 220","PARAMONGA NUEVA 220","HUACHIPA 60","SANTA ROSA EDS 60","SANTA ROSA EDS 60","PIEDRA BLANCA 138","HUANUCO 138","CARIPA138","OROYA NUEVA 138","COTARUSE 220","COTARUSE 220","SOCABAYA 220","SOCABAYA 220","CARHUAMAYO 220","PARAGSHA2 220","VIZCARRA 220","SOCABAYA 138","JESUS 138","CALLALLI 138","TINTAYA 138","DOLORESPATA 138","CACHIMAYO 138","CACHIMAYO 138","AYAVIRI138","AZANGARO 138","JULIACA 138","SAN ROMAN 138","TOMASIRI 66","LOS HEROES 66","ILO 138","MOQUEGUA 220","QUENCORO 138","CACHIMAYO 138","MOQUEGUA 220","LOS HEROES 220 A","PUCALLPA 138","REPARTICION 138","MOLLENDO 138","HUALLANCA 138","HUALLANCA 138","HUALLANCA 138","PARAGSHA2 220","PARAGSHA2 220","CONOCOCHA 220","CARAPONGO 220 B","CARAPONGO 220 A","CHILLON 220","CHILLON 220","BARSI 220","BARSI 220","CAJAMARCA 220","CARAPONGO 500","ZAPALLAL 220","ZAPALLAL 220","ICA 220","RAMADA 220","RAMADA 220","KIMAN AYLLU 138","PARAMONGA EXISTENTE 138","FELAM 220","MOQUEGUA 220","KIMAN AYLLU 220","KIMAN AYLLU 220","GUADALUPE 220","REQUE 220","HUACHO 220","CHIMBOTE 500","TRUJILLO 500","TALARA 220","CARHUAMAYO 220","TINGO MARIA 138","POROMA500","MARCONA220","OCONA 500","MOQUEGUA 220","CARABAYLLO 220","SANTA ROSA 220 B","SAN JOSE 500","TINTAYA 220","TINTAYA 220","LA NINA 500","HUACHIPA 60","CERRO VERDE 138","ILO2 220","MIRADOR 220","OQUENDO 60","HUARANGAL 60","CHAVARRIA 220 B","CHILCA CTM 220 B","COMBAPATA 138","QUENCORO 138","SAN JUAN 220","SURIRAY 220","ABANCAY NUEVA 220","COTARUSE 220","COTARUSE 220","ALTO PRADERA 220","CANTERA 220","ZAPALLAL 220","PARAGSHA2 220","PARAGSHA2 220","PAMPA HONDA 220","PAMPA HONDA 220","CHICLAYO OESTE 220","CHICLAYO OESTE 220","MONTALVO 500","CHILLON 60","MARCONA220","CHAVARRIA 220 A","ZAPALLAL 60","MALVINAS 60","ZAPALLAL 60","HUACHIPA 60","ZAPALLAL 60","ILO3 138","ILO3 138","BALNEARIOS 60 A","TOQUEPALA 138","ZAPALLAL 60","MIRADOR 60","MALVINAS 220","CINCO MANANTIALES 138","CARHUAMAYO 50","SANTA ROSA LDS 60","MACHUPICCHU 138","ABANCAY 138","YAUPI 138","ILO 3 220","ILO 3 220","PACHACHACA 220","YANANGO 220","CARHUAMAYO 220","CHILLON 60","HUARANGAL 60","SANTA ROSA LDS 60","CHILLON 60","INDEPENDENCIA 220","INDUSTRIALES 220 A","INDUSTRIALES 220 A","POROMA500","YARABAMBA 500","MONTALVO 500","CAJAMARCA 220","CACLIC 220","BELAUNDE 220","COLCABAMBA 220","COLCABAMBA 220","SOCABAYA 220","SOCABAYA 220","CARABAYLLO 500","REFINERIA ZINC 220","HUACHIPA 60","PLANICIE60","MANCHAY 220","MOLLEPATA 60","HUANCAVELICA 220","SAN JOSE 220","COLCABAMBA 220","SANTA ROSA 220 B","SANTA ROSA 220 B","REFINERIA ZINC 220","SAN NICOLAS 60","SAN NICOLAS 60","PUMIRI138","SAN ROMAN 220","CALLAHUANCA EDN 220","CALLAHUANCA EDN 220","HUAMPANI 60","MOYOPAMPA 60","SAN MIGUEL 220","SAN MIGUEL 220","HUACHIPA 60","HUACHIPA 60","PIURA OESTE 220","LA NINA 220","AZANGARO 138","ANGEL 138","SAN RAFAEL 138","AZANGARO 138","LOS HEROES 220 A","MAZUCO 138","PARAMONGA NUEVA 220","PARAMONGA NUEVA 220","AUCAYACU 138","TOCACHE 138","TARAPOTO 138","BELAUNDE 138","TALARA 220","CAJAMARCA 220","CAJAMARCA 220","PUCALLPA 138","ORCOTUNA 220","PUNO 220","PUNO 138","CHILOTA 220","PTO MALDONADO 138","JESUS 138","OXIDOS CERRO 138","PARAGSHA 138","FRANCOISE 220","JUANJUI 138","BELLAVISTA 138","BOTIFLACA 138","BOTIFLACA 138","PUSHBACK 138","BOTIFLACA 138","INTIPAMPA 138","TOQUEPALA 138","ARICOTA138","PLAZA TOQUEPALA 138","ILO3 138","QUEBRADA HONDA 138","PANAMERICANA SOLAR 138","ILO 138","REFINERIA 138","ILO3 138","LIXIVIACION 138","LIXIVIACION 138","CARHUAMAYO 138","CHILCA CTM 220 B","CAHUACHI 220","SANTA ROSA 220 B","DERIVACION 220  BARRA II","CARAPONGO 220 B","CAMPAS 500","YANANGO 220","CAMPAS 500","CARABAYLLO 500","NUEVA CHINCHA 220","MARCONA220","PARINAS 220","POROMA 220","MARCONA220","MARCONA220","DERIVACION 220","DERIVACION 220  BARRA II","CHIRIBAMBA 220","PUERTO CHANCAY 220","PLANICIE 500","REPARTICION 138","COTARUSE 220","COTARUSE 220","INTIPAMPA 138","BARRAPTALOMITAS2","PUNO 138","HUARANGAL 60","PIURA OESTE 60","BALNEARIOS 60 A","OROYA NUEVA 50","OROYA NUEVA 50","CARHUAMAYO 50","PARAGSHA 50","ARICOTA II 66","MOQUEGUA 138","SOCABAYA 138","LOS HEROES 66","AGUAYTIA 138","PARAGSHA 138","PUCALLPA 60","INDEPENDENCIA 60","CHILLON 60","BARSI 60","CHAVARRIA 60 B","CHAVARRIA 60 A","CARABAYLLO 220","CHILCA CTM 220 B","CARHUAMAYO NUEVA 138","KIMAN AYLLU 138","CHIMBOTE 220","TRUJILLO 220","POROMA 220","MONTALVO 220","LA NINA 220","TINTAYA 138","CHIMBOTE 138","ABANCAY NUEVA 138","SANTA ROSA LDS 60","SANTA ROSA EDS 60","MALVINAS 60","LOMERA 60","INDUSTRIALES 60","MIRADOR 60","TINGO MARIA 138","ILO3 138","BELAUNDE 138","YARABAMBA 220","COLCABAMBA 220","CARAPONGO 220 A","MANCHAY 60","COBRIZAI 69","MOLLEPATA 60","SAN JOSE 220","SAN JOSE 220","MARCONA 60 B","MARCONA 60 B","PUMIRI138","CALLAHUANCA 60","SAN MIGUEL 60","SAN ROMAN 138","CAMPAS 220","PLANICIE 500","CHILCA CTM 220 B"
"ETAPA \ EQUIPO","L2249","L2248","L2241","L2239","L2240","L2236","L2234","L2232","L2233","L2215","L2216","L2213","L2214","L2212","L2242","L2243","L2244","L2245","L2246","L2018","L2011","L2012","L2013","L2209","L2211","L2090","L2091","L2208","L2207","L2093","L2094","L2095","L2205","L2206","L2226","L2222","L2223","L2008","L2009","L2014","L2015","L2201","L2202","L2203","L2204","L2231","L2218","L2219","L2220","L2221","L2224","L2251","L2252","L2253","L2278","L6031","L6011","L6020","L1121","L1120","L1702","L1705","L2051CS","L2052CS","L2053CS","L2054CS","L2259","L2258","L2254","L1021","L1022","L1020","L1008","L1004","L1003","L1007","L1006","L1042","L1011","L1012","L6620","L6637","L1383","L2025","L1002","L1001","L2030","L2029","L1125","L1029","L1030","L1103","L1104","L1105","L2267","L2268","L2264","L2001","L2002","L2016","L2017","L2005","L2006","L2260","L5001","L2107","L2108","L2210","L2272","L2274","L1131","L1101","L2238","L2026","L2269","L2270","L2235","L2237","L2279","L5006","L5008","L2250","L2294","L1142","L5032","L2292","L5034","L2057","L2110","L2010","L5036 CS","L2022","L2023","L5010","L659","L10231024","L20272028","L21122113","L6171826","L63694344","INTCHAVARRIA 220","R26","L1005","L1050","L2092","L2049","L2050","L2060","L2059","L2088","L2089","L2117","L2150","L2151","L2273","L2275","L2296","L2297","L5037 CS","L653558","L2293","L2247","CHARIAZAPAL","BARSIMALVIN","CHLLONZAPAL","HPNIHUCPA60","HURANZAPALL","LARQLILO3","L1392","LMO60BAL60","L1025","LMRAZAPAL60","LSROMIRA60","MIRAMALVIN","L1703","PGSHCHYO50","SROSAIND60","L1038","L1039A","L1701TR","L2033","L2034","L2256","L2257","L22652266","L63525554","L65548644","L657658","L6979884","L2132","L2118","L2119","L5031 CS","L5033CS","L5035","L2190","L2192","L2194","L2140","L2141","L2065","L2066","L5003","L2709","L641642","L6412","L212324","L60616263","L2145","L2074","R28L2225","L2701","L2702","L2708","L6627","L6628","L1045","L2041","L2716","L2007","L6040","L6111","L2127","L2128","L6423","L6424","L2162","L2164","L1010","L1013","L1051","L1009","L2036","L1014","L2125","L2126","L1122","L1124","L1017","L1018","L2295","L2283","L2287","L1156","L2116","L2040","L1046","L2039","L1015","L1148","L1708","L1709","L2271","L1016","L1019","L1381","L1382","L13862","L13861","L1394","L1388","L1026","L1395","L1393","L13851","L1390","L1391","L1387","L13852","L1398","L1389","L1707","INTCHILCA CTM 220","L2312","INTSANTA ROSA 220","INT  DERIVACION 220","INT  CARAPONGO 220","L5022CS","L2146","L5021CS","L5004","L2307","L2315","L2147","L2082","L2298","L2300","L2313","L2314","L2130","L2311","L5002","L1056","L2051","L2052","L1384","INTPTALOMITAS 33","AT220138PUN","T22060ZAP","T15328326","TR12345","T22050ORO","T13850ORO","T13850CAR","T13850PRG","T13866ARI","AT220138MOQ","AT220138SOC","T22066LHE","AT220138AGU","AT220138PSG","T13860PUC","T34261","T22060CHL","T22060BRS","T22060CHV2","T22060CHV1","T500220CRB","AT72500220","AUT201","AUT501","AT84523","AT85523","AUT5371","AUT5671","AT91LANINA","TTIN220138","AT1130211","AT90212","TRSROSALDS","TRSROSAEDN","TRMALVINAS","TRLOMERA","TIND22060","TRMIR22060","AT82211AT1","TILO3220138","TBEL220138","TRYARABAMBA","TRCOLCABAM","AT114","TRMANCHAY","TRCOBRIZAI","T107261","ATXF001","ATXF002","T6261","T62161","AT4","TRCALLAHUAN","TRA1SM","TR3SAN ROMAN","TRCAMPAS","TR220500PLANICIE","AT133500220"
1.00,33.29,8.59,-51.20,2.58,-57.95,26.62,44.80,65.41,65.71,76.43,0.00,-23.43,-56.95,-40.51,-14.24,-14.24,42.48,42.48,40.81,144.79,-143.93,96.96,71.77,-14.06,74.06,89.60,80.77,4.08,45.42,147.44,153.48,153.48,45.44,45.44,67.87,80.50,80.50,150.61,150.72,104.03,104.03,47.28,47.28,87.04,87.04,71.56,42.16,42.16,58.75,62.54,-162.04,-40.94,-31.93,0.47,43.74,24.27,22.12,22.12,19.09,34.61,-29.81,37.01,0.00,0.00,114.70,114.70,-125.50,-19.52,154.75,-2.70,1.97,25.06,4.76,-13.73,-29.87,14.97,-38.26,-40.50,23.83,4.35,-0.23,-1.06,30.29,61.80,40.56,45.54,16.31,15.44,21.96,27.14,9.11,-62.84,-62.85,-62.90,-19.04,-19.30,138.19,58.72,58.64,70.91,70.91,75.15,79.88,-23.78,148.15,14.74,14.74,-15.22,101.76,101.76,51.92,-12.16,9.33,61.80,45.90,45.90,48.14,26.62,-23.36,303.97,307.15,-4.14,-126.71,25.12,270.31,11.77,360.72,322.96,79.03,144.15,357.11,70.43,70.60,154.68,-16.00,51.69,1.24,144.83,-18.06,-1.57,75.15,42.59,-32.42,-35.96,78.70,81.06,36.42,59.32,40.93,189.90,61.20,37.55,230.06,230.06,98.66,98.66,26.41,26.37,112.44,13.88,11.77,42.48,-3.43,1.73,-3.59,5.04,-1.84,-3.30,-33.57,5.59,39.17,9.05,14.42,106.35,45.27,-5.12,-38.37,-55.63,21.35,-100.48,67.61,19.56,-16.60,149.05,233.52,-1.32,0.04,-16.63,-4.45,70.76,207.32,-71.91,636.79,487.67,235.68,-74.75,24.62,24.53,289.54,289.85,116.00,116.00,354.71,201.88,-24.95,4.22,71.91,4.36,-14.44,45.04,75.25,-28.67,-28.82,201.86,23.84,23.84,32.20,32.18,159.72,129.76,33.51,12.14,32.85,32.85,30.11,30.11,51.58,-16.86,69.40,25.62,84.37,51.20,22.85,16.71,13.60,13.60,39.93,37.85,17.08,-7.92,-0.36,96.25,96.25,16.11,-61.71,27.70,8.74,24.29,14.09,11.83,12.54,7.92,19.01,29.50,27.66,49.09,46.85,0.66,-9.34,-39.03,-48.78,-10.09,23.30,-27.94,-12.91,0.00,24.93,10.87,-21.38,2.57,20.29,33.71,305.05,0.00,-230.33,-37.02,166.78,-202.63,-194.88,8.40,86.90,44.33,-15.36,-29.31,29.55,76.04,83.95,37.15,37.13,71.22,-40.39,294.82,-9.11,165.03,165.03,39.52,-1.28,3.38,78.79,87.51,168.66,-37.16,36.76,18.23,8.75,-6.82,211.22,104.85,38.17,38.11,76.70,37.42,69.66,141.80,154.88,100.25,120.18,95.85,-281.10,33.73,-25.91,-6.17,135.16,43.01,346.15,135.73,-55.38,-63.28,36.34,130.16,99.92,106.23,19.40,36.96,38.31,-9.16,86.67,24.46,232.09,-651.13,-4.14,4.22,18.62,14.44,120.55,121.55,37.87,38.68,-32.18,-12.47,60.25,4.39,-194.86,-207.32,-276.97
2.00,32.73,5.42,-46.75,4.32,-51.72,26.03,43.87,64.80,65.10,74.81,0.00,-25.48,-54.34,-38.89,-12.43,-12.43,43.00,43.00,41.31,154.44,-153.46,92.44,68.42,-14.24,74.06,90.31,82.18,5.33,47.10,150.92,157.11,157.11,41.11,41.11,62.79,80.26,80.26,150.20,150.31,97.28,97.28,47.04,47.04,85.00,85.00,69.92,42.27,42.27,60.94,66.47,-155.71,-39.99,-30.23,3.76,36.95,23.41,21.97,21.97,19.21,33.97,-25.69,33.36,0.00,0.00,116.32,116.32,-123.08,-17.79,156.53,-10.04,-5.45,23.19,2.83,-13.85,-29.38,14.89,-39.19,-41.26,23.69,4.80,-0.30,-1.11,30.16,60.73,40.05,44.96,16.86,15.05,21.49,26.19,8.79,-60.04,-60.04,-60.09,-17.36,-17.60,140.90,34.23,34.15,68.09,68.09,73.10,77.70,-17.67,154.14,12.67,12.67,-15.41,94.28,94.28,61.47,-12.96,7.74,60.73,52.24,52.24,47.14,26.02,-25.40,302.61,303.69,-6.68,-123.21,25.24,277.82,18.92,363.28,322.09,65.38,153.71,359.61,70.49,70.66,149.63,-15.24,50.48,1.24,136.58,-18.27,-1.58,73.10,54.67,-33.28,-36.91,82.89,81.06,35.73,60.60,41.82,192.93,62.39,36.34,230.06,230.06,91.32,91.32,25.82,25.78,111.19,13.67,18.92,43.00,-3.44,1.51,-3.38,4.76,-1.82,-3.26,-33.29,4.61,38.99,8.83,14.53,103.55,44.19,-5.14,-37.37,-57.11,20.75,-101.13,67.22,19.44,-16.05,149.06,234.16,-1.36,0.09,-16.59,-4.91,69.13,198.68,-67.75,643.33,491.47,235.65,-68.40,23.21,23.13,289.55,289.85,117.89,117.89,347.62,195.11,-23.40,4.03,67.75,4.19,-14.15,42.85,75.69,-41.70,-41.85,195.09,23.78,23.78,32.29,32.27,159.25,129.76,32.43,10.34,31.06,31.06,28.36,28.36,47.07,-18.78,69.72,26.00,84.74,51.44,22.47,16.04,15.84,15.84,39.50,37.50,16.78,-6.95,1.05,88.95,88.95,15.76,-65.55,28.18,8.80,25.18,13.57,18.56,11.48,7.12,20.02,29.13,27.29,49.06,46.82,0.87,-9.13,-38.86,-48.66,-10.14,23.43,-27.78,-12.74,0.00,24.92,10.87,-21.35,2.51,20.36,35.34,305.06,0.00,-223.28,-37.02,164.97,-195.92,-194.34,2.19,93.91,45.78,-15.23,-31.87,36.57,64.89,80.71,37.15,37.13,69.57,-38.78,293.18,-8.79,165.90,165.90,39.34,-1.28,2.97,75.47,84.33,160.80,-33.21,33.15,16.82,8.61,-6.90,209.69,116.41,37.40,37.29,76.31,36.63,69.71,136.15,150.65,96.77,116.53,96.93,-287.18,35.36,-35.85,-4.04,136.48,50.29,344.88,130.30,-55.25,-61.45,35.66,126.88,96.14,103.44,18.01,36.04,32.88,-9.91,86.16,23.07,235.89,-651.57,2.21,4.03,18.57,14.15,122.40,123.42,37.91,38.73,-32.27,-12.12,56.74,4.00,-194.32,-198.68,-282.96
3.00,32.13,4.32,-44.56,4.17,-48.99,26.14,41.39,63.19,63.49,73.63,0.00,-26.19,-53.08,-37.91,-8.88,-8.88,42.57,42.57,40.90,149.22,-148.31,87.27,64.59,-2.54,47.58,99.42,89.43,13.64,54.06,144.84,150.77,150.77,41.36,41.36,64.64,80.16,80.16,146.76,146.86,90.20,90.20,45.97,45.97,89.48,89.48,75.01,41.08,41.08,59.10,65.23,-160.32,-38.84,-28.48,5.39,36.06,23.13,21.95,21.95,19.03,33.01,-29.86,36.22,0.00,0.00,116.54,116.54,-123.48,-17.70,156.97,-11.56,-7.11,21.38,3.24,-14.06,-28.85,14.65,-39.47,-41.75,23.63,5.32,-0.26,-1.18,30.11,60.57,39.48,44.30,18.00,15.07,20.85,26.02,8.73,-59.24,-59.24,-59.29,-17.27,-17.50,141.85,34.22,34.15,65.46,65.46,69.60,73.98,-16.01,140.02,8.85,8.85,-2.75,90.79,90.79,63.96,-12.37,7.88,60.57,53.95,53.95,44.48,26.13,-26.11,295.63,296.09,-7.39,-124.61,25.07,279.43,21.50,360.98,320.81,64.19,148.54,357.36,69.95,70.12,144.89,-15.58,49.99,1.24,128.61,-18.07,-1.34,69.60,64.49,-33.64,-37.06,77.77,81.06,35.18,61.66,42.55,186.27,69.05,35.32,230.06,230.06,87.92,87.92,25.93,25.89,111.16,13.87,21.50,42.57,-3.23,1.34,-2.90,4.99,-2.07,-3.27,-33.13,4.90,39.08,8.36,13.83,97.08,45.50,-5.34,-37.31,-58.34,20.44,-101.06,67.17,19.43,-16.69,149.06,234.09,-1.32,0.36,-16.14,-4.84,74.18,191.70,-64.08,646.67,488.41,234.37,-64.78,22.43,22.36,289.55,289.85,117.16,117.16,335.29,188.01,-22.92,3.57,64.08,4.10,-13.26,41.65,73.84,-40.23,-40.38,187.99,23.68,23.68,32.53,32.51,159.05,121.80,31.73,10.11,30.18,30.18,27.62,27.62,44.85,-18.64,70.01,26.14,84.89,51.83,22.45,15.50,16.27,16.27,39.05,37.28,16.70,-6.07,1.46,85.60,85.60,15.30,-64.34,28.90,8.84,26.44,13.10,19.69,12.76,8.38,19.36,28.61,26.94,48.74,46.52,0.47,-9.53,-38.94,-48.74,-10.14,23.52,-27.82,-12.70,0.00,24.91,10.84,-21.41,2.46,20.40,33.14,265.88,0.00,-215.91,-23.79,155.63,-191.42,-194.97,-2.97,84.53,53.14,-14.81,-32.16,31.61,61.72,76.63,23.84,23.83,74.68,-37.80,276.76,-8.73,165.25,165.25,39.42,-0.84,2.42,72.93,81.76,151.81,-37.45,35.97,17.47,8.28,-6.89,209.28,117.20,37.39,36.18,75.86,35.56,70.49,130.90,143.44,92.82,111.94,82.49,-272.42,33.16,-38.22,-3.28,133.86,60.43,343.58,125.76,-56.29,-58.59,35.11,123.45,92.20,96.98,17.76,36.27,31.40,-10.50,86.11,22.30,234.43,-649.73,-4.04,3.57,19.11,13.26,121.31,122.32,37.67,38.48,-32.51,-13.33,55.27,3.52,-194.95,-191.70,-268.42
4.00,31.65,4.02,-43.63,5.00,-50.53,23.93,43.76,63.25,63.55,75.60,0.00,-26.86,-52.25,-37.53,-5.96,-5.96,42.84,42.84,41.15,147.98,-147.08,84.09,62.24,-2.79,47.58,99.04,89.81,14.22,54.76,141.66,147.45,147.45,40.97,40.97,62.87,81.30,81.30,141.72,141.82,84.75,84.75,46.37,46.37,90.27,90.27,75.91,41.61,41.61,56.41,65.88,-159.74,-37.69,-27.71,6.02,35.03,22.86,21.89,21.89,18.91,32.51,-29.53,36.51,0.00,0.00,115.92,115.92,-123.76,-17.56,156.92,-13.80,-9.56,20.11,1.39,-14.21,-28.54,14.46,-39.01,-41.26,23.84,5.51,-0.20,-1.14,29.79,59.39,39.26,44.06,18.96,14.61,20.18,25.65,8.68,-59.86,-59.86,-59.91,-17.13,-17.36,142.02,34.23,34.16,62.09,62.09,68.77,73.10,-16.72,130.76,4.82,4.82,-3.02,91.16,91.16,62.57,-12.44,7.38,59.39,54.85,54.85,47.02,23.92,-26.78,301.35,298.41,-7.94,-124.48,24.95,276.18,24.96,354.20,314.11,64.84,147.31,350.72,66.37,66.53,145.34,-15.09,49.77,1.23,125.21,-18.40,-1.17,68.77,78.22,-32.88,-36.12,75.63,81.06,35.13,62.07,42.83,182.44,69.54,35.22,230.06,230.06,88.35,88.35,23.73,23.69,108.04,13.54,24.96,42.84,-3.18,1.90,-2.34,4.96,-2.42,-3.11,-32.85,4.91,37.69,8.09,13.62,95.09,45.72,-5.50,-36.67,-58.98,20.58,-101.92,65.50,18.95,-16.61,149.05,234.96,-1.39,0.71,-16.12,-5.39,75.07,185.32,-61.91,645.53,478.91,230.13,-65.61,21.76,21.69,289.54,289.84,114.60,114.60,332.62,182.54,-22.31,3.35,61.91,4.04,-13.02,44.27,75.14,-41.50,-41.63,182.52,23.29,23.29,32.92,32.89,161.31,108.13,31.33,9.59,29.70,29.70,27.12,27.12,43.91,-19.84,70.22,26.53,85.27,51.86,21.84,15.11,17.23,17.23,39.11,37.17,16.69,-5.60,1.19,86.10,86.10,14.80,-64.97,29.39,8.92,27.08,12.80,21.37,12.98,8.62,19.17,28.71,26.88,48.17,45.97,-3.28,-7.28,-37.58,-47.17,-9.93,24.26,-26.75,-11.95,0.00,24.77,10.72,-20.82,2.10,20.77,33.42,229.32,0.00,-210.94,-23.79,148.42,-193.51,-194.89,-0.78,80.91,53.80,-15.48,-33.24,26.53,59.24,72.42,23.84,23.83,75.59,-37.43,266.71,-8.68,164.12,164.12,38.03,-0.84,2.27,70.25,80.76,146.28,-36.59,36.26,17.20,8.48,-6.84,203.85,118.98,36.33,35.01,76.36,34.42,74.04,124.17,141.74,88.96,107.71,70.40,-260.93,33.44,-36.41,0.00,135.60,72.43,336.26,126.06,-53.23,-53.58,35.06,121.16,89.53,95.00,17.03,34.45,29.99,-10.11,83.98,21.63,229.30,-651.02,-8.52,3.35,19.31,13.02,119.59,120.58,37.07,37.86,-32.89,-14.54,54.25,3.41,-194.87,-185.32,-257.10
5.00,31.54,3.69,-43.46,4.48,-49.07,24.46,42.50,63.09,63.39,74.17,0.00,-26.80,-52.57,-37.59,-5.33,-5.33,42.80,42.80,41.12,150.09,-149.16,82.51,61.06,-1.41,47.58,101.18,91.50,15.08,55.49,141.45,147.23,147.23,40.22,40.22,63.83,80.04,80.04,146.46,146.55,82.95,82.95,45.60,45.60,90.52,90.52,75.80,40.78,40.78,55.84,65.51,-161.06,-37.44,-26.49,6.10,35.61,22.92,22.09,22.09,18.57,31.98,-31.38,38.85,0.00,0.00,116.00,116.00,-124.22,-17.39,157.03,-12.66,-8.51,21.42,1.40,-14.22,-28.42,14.50,-39.34,-41.61,23.81,5.50,-0.09,-1.11,29.96,59.71,39.32,44.15,18.91,14.86,20.08,25.99,8.74,-59.11,-59.12,-59.16,-16.96,-17.19,142.15,26.04,25.97,61.53,61.53,67.98,72.25,-16.02,125.05,3.95,3.95,-1.53,90.48,90.48,64.81,-10.78,7.80,59.71,54.67,54.67,45.67,24.46,-26.72,294.82,295.67,-8.06,-125.16,24.62,279.79,27.65,355.45,314.93,64.48,149.40,351.94,67.01,67.17,144.19,-15.25,49.29,1.25,121.90,-18.32,-1.11,67.98,91.02,-32.91,-36.41,75.69,81.06,35.19,61.88,42.70,182.07,71.43,35.09,230.06,230.06,87.54,87.54,24.26,24.22,108.06,13.62,27.65,42.80,-3.11,1.60,-2.20,4.96,-2.43,-3.08,-33.08,4.92,37.32,7.89,13.70,93.70,45.95,-5.37,-36.82,-58.72,20.58,-102.57,65.47,18.94,-17.86,149.05,235.60,-1.37,0.76,-16.07,-5.34,74.97,182.01,-60.26,651.06,480.40,231.21,-64.61,21.02,20.96,289.53,289.83,114.75,114.75,326.31,181.50,-22.07,2.98,60.26,3.98,-13.27,46.27,75.99,-44.89,-45.02,181.48,23.54,23.54,32.94,32.91,158.81,120.22,31.42,9.45,29.32,29.32,26.63,26.63,43.74,-19.19,70.32,26.43,85.18,52.12,22.09,14.95,17.28,17.28,37.95,36.06,16.94,-4.99,1.46,85.14,85.14,14.73,-64.61,29.51,8.81,27.42,12.65,20.14,12.95,8.43,20.37,29.17,27.34,48.17,45.97,-4.28,-6.50,-37.20,-46.64,-9.76,24.53,-26.44,-11.45,0.00,25.07,10.66,-20.88,2.07,20.97,32.37,208.56,0.00,-208.30,-23.79,146.44,-190.25,-196.14,-5.31,77.01,54.67,-15.73,-33.10,26.21,58.19,70.56,23.84,23.83,75.48,-37.49,259.49,-8.74,165.01,165.01,37.64,-0.84,2.06,69.70,80.79,143.52,-37.46,38.57,17.77,8.37,-6.70,203.87,115.54,36.83,34.83,75.42,34.26,71.35,123.04,140.10,88.00,106.58,65.69,-256.85,32.38,-38.18,-3.66,133.21,78.53,337.33,124.55,-53.44,-58.26,35.11,120.29,87.76,93.61,17.48,34.06,28.08,-11.07,83.93,20.91,229.59,-651.84,-11.17,2.98,19.94,13.27,120.18,121.18,37.61,38.42,-32.91,-14.52,53.27,3.31,-196.11,-182.01,-253.08
6.00,31.37,3.16,-42.39,4.76,-48.68,23.81,42.63,62.49,62.78,74.71,0.00,-26.80,-53.44,-38.55,-4.07,-4.07,42.65,42.65,40.98,149.02,-148.11,80.67,59.70,-1.21,47.58,101.76,92.53,15.95,56.56,139.91,145.63,145.63,39.81,39.81,64.23,79.43,79.43,145.41,145.50,79.97,79.97,45.19,45.19,91.15,91.15,76.04,40.34,40.34,55.10,64.93,-161.39,-36.99,-26.54,5.89,33.99,22.84,21.87,21.87,18.91,32.04,-31.55,39.76,0.00,0.00,116.32,116.32,-124.67,-17.79,156.82,-11.66,-7.55,21.51,1.59,-14.24,-28.34,14.39,-39.17,-41.50,23.97,5.77,-0.32,-1.23,30.54,61.20,39.25,44.07,19.39,15.00,19.85,26.12,8.66,-59.03,-59.03,-59.07,-17.36,-17.59,141.88,26.04,25.97,60.56,60.56,66.45,70.63,-15.63,119.64,0.92,0.92,-1.31,89.43,89.43,65.04,-12.18,7.71,61.20,55.25,55.25,45.82,23.81,-26.71,292.45,292.89,-8.62,-125.58,24.95,282.47,28.91,357.56,320.15,63.92,148.35,354.01,66.90,67.06,142.79,-14.85,50.43,1.24,120.86,-18.20,-1.06,66.45,96.68,-33.10,-36.37,74.87,81.06,35.24,62.09,42.85,180.09,72.40,36.36,230.06,230.06,86.66,86.66,23.61,23.57,111.11,13.74,28.91,42.65,-3.08,0.97,-2.25,5.07,-2.51,-3.27,-33.26,4.68,39.53,7.99,14.03,89.52,45.90,-5.42,-36.37,-59.13,20.75,-101.84,67.69,19.58,-18.16,149.05,234.86,-1.35,0.79,-16.13,-5.29,75.21,179.00,-59.31,654.83,483.29,233.67,-63.87,21.22,21.16,289.55,289.86,115.01,115.01,320.71,178.52,-21.65,2.85,59.31,3.95,-13.16,45.19,75.83,-44.51,-44.64,178.50,23.64,23.64,33.25,33.23,157.61,119.17,31.17,9.62,29.30,29.30,26.52,26.52,42.65,-19.72,70.58,26.30,85.05,52.70,22.36,14.87,17.38,17.38,38.71,36.83,16.48,-5.04,1.21,84.43,84.43,14.57,-64.05,29.90,8.99,27.83,12.63,19.10,12.89,8.23,20.00,28.41,26.80,48.73,46.50,-0.07,-10.15,-39.39,-49.26,-10.22,23.97,-27.93,-12.38,0.00,25.26,10.80,-21.82,2.35,20.69,31.93,193.38,0.00,-206.96,-23.79,141.89,-186.87,-196.44,-9.00,73.35,55.61,-15.60,-33.80,27.49,57.63,69.50,23.84,23.83,75.72,-38.44,252.80,-8.66,165.59,165.59,39.88,-0.84,2.04,68.40,79.72,140.32,-37.34,39.47,17.56,8.52,-6.97,209.47,114.72,37.24,34.45,75.06,33.88,73.33,121.11,136.96,86.42,104.82,59.15,-252.08,31.95,-38.32,-3.21,132.32,79.76,342.84,123.22,-53.66,-56.08,35.17,119.22,87.49,89.44,17.08,32.73,31.21,-10.57,86.76,21.10,230.12,-651.73,-14.34,2.85,20.11,13.16,119.67,120.67,37.92,38.74,-33.23,-14.66,53.06,3.23,-196.41,-179.00,-248.38
7.00,30.80,2.52,-41.61,5.06,-48.59,23.53,42.96,62.30,62.59,73.76,0.00,-26.49,-52.75,-37.76,-3.24,-3.24,42.32,42.32,40.66,144.23,-143.37,79.95,59.17,-1.10,45.61,100.36,90.74,15.34,55.41,136.88,142.47,142.47,40.48,40.48,64.46,78.72,78.72,143.10,143.19,79.81,79.81,45.61,45.61,90.95,90.95,76.28,40.74,40.74,55.08,64.82,-158.87,-36.35,-26.11,5.91,33.62,22.75,21.88,21.88,18.46,31.52,-28.85,36.99,0.00,0.00,116.26,116.26,-124.30,-17.85,156.18,-12.89,-8.80,21.51,1.17,-14.48,-28.23,14.36,-39.40,-41.84,24.01,5.56,-0.19,-1.06,30.71,59.76,39.24,44.06,18.99,15.11,19.57,26.85,8.64,-58.30,-58.30,-58.35,-17.41,-17.65,141.33,33.56,33.49,60.39,60.39,65.99,70.14,-15.32,113.45,0.57,0.57,-1.19,88.22,88.22,67.65,-11.82,7.73,59.76,55.18,55.18,46.16,23.52,-26.41,289.28,291.11,-9.22,-124.86,24.51,279.63,28.36,355.58,315.13,63.81,143.59,352.07,67.02,67.18,142.12,-15.53,50.16,1.24,117.87,-18.12,-1.09,65.99,96.67,-33.07,-36.55,71.71,81.06,35.28,62.12,42.86,177.14,70.59,35.30,230.06,230.06,85.50,85.50,23.33,23.29,108.42,13.82,28.36,42.32,-3.03,0.72,-2.18,4.39,-2.35,-3.20,-33.06,5.22,39.24,7.70,13.57,88.48,45.17,-5.28,-37.03,-59.21,20.83,-102.40,66.46,19.23,-17.61,149.05,235.42,-1.33,0.71,-15.95,-5.23,75.44,179.00,-58.48,652.56,480.66,231.29,-63.56,20.34,20.29,289.54,289.85,114.88,114.88,318.91,178.36,-22.10,2.96,58.48,3.90,-13.08,45.40,75.67,-40.95,-41.08,178.34,23.59,23.59,33.17,33.15,156.20,116.10,31.79,9.26,29.45,29.45,26.70,26.70,41.87,-20.40,70.52,26.24,84.99,52.66,22.34,14.87,17.07,17.07,38.51,36.45,16.02,-5.30,0.98,83.30,83.30,14.36,-63.94,29.66,8.95,27.41,12.64,20.21,12.18,7.53,20.19,28.03,26.48,45.39,43.32,-2.69,-12.77,-39.10,-48.74,-9.99,24.79,-27.32,-12.34,0.00,25.10,10.66,-21.15,1.95,21.10,33.77,179.22,0.00,-204.63,-22.80,139.93,-187.93,-195.89,-7.39,68.53,54.48,-16.30,-34.39,26.74,59.04,70.95,22.85,22.84,75.96,-37.66,247.97,-8.64,165.04,165.04,39.58,-1.17,2.21,67.50,79.41,139.07,-35.17,36.73,17.43,8.97,-6.81,202.71,116.16,37.34,33.95,75.91,33.40,71.81,120.77,136.01,86.10,104.46,55.56,-244.94,33.79,-39.11,-4.53,131.31,79.42,337.78,122.49,-53.43,-57.92,35.21,119.08,85.30,88.40,17.45,34.65,29.27,-10.36,85.20,20.23,229.85,-651.55,-17.66,2.96,20.20,13.08,120.06,121.06,38.28,39.11,-33.15,-14.49,53.42,3.40,-195.86,-179.00,-241.35
8.00,30.64,2.61,-41.99,4.87,-48.98,23.44,43.03,61.66,61.95,74.95,0.00,-27.05,-51.96,-37.37,-2.61,-2.61,42.27,42.27,40.60,144.75,-143.89,79.38,58.75,-1.03,45.61,101.68,92.26,16.16,56.43,136.42,141.99,141.99,40.45,40.45,63.79,80.04,80.04,140.57,140.66,78.72,78.72,45.48,45.48,91.33,91.33,77.25,40.65,40.65,54.83,64.84,-161.13,-36.04,-25.72,6.98,34.29,22.52,21.70,21.70,18.61,31.60,-31.15,39.49,0.00,0.00,116.77,116.77,-124.86,-17.77,156.57,-12.15,-8.01,21.62,1.15,-14.40,-28.29,14.35,-39.37,-41.85,24.23,5.52,-0.24,-1.05,30.00,60.50,39.33,44.16,19.14,15.30,19.43,27.12,8.53,-59.15,-59.15,-59.20,-17.33,-17.57,142.03,34.00,33.93,59.87,59.87,65.71,69.84,-15.78,114.65,0.15,0.15,-1.11,88.74,88.74,65.03,-12.28,8.11,60.50,55.72,55.72,46.24,23.44,-26.97,293.95,291.54,-9.21,-125.61,24.65,279.80,24.84,358.08,318.13,63.82,144.11,354.51,67.03,67.19,142.46,-15.44,52.24,1.24,117.29,-18.07,-1.00,65.71,95.91,-33.10,-36.50,71.47,81.06,35.44,61.87,42.69,176.55,72.33,35.12,230.06,230.06,85.94,85.94,23.24,23.21,109.76,13.87,24.84,42.27,-2.99,0.71,-2.10,4.03,-2.51,-3.30,-32.45,4.92,39.65,7.75,13.47,87.73,45.75,-5.41,-36.81,-58.95,20.99,-102.51,66.94,19.37,-17.72,149.05,235.53,-1.32,0.83,-15.85,-5.19,76.40,177.66,-58.43,652.62,484.01,233.23,-64.00,20.05,20.00,289.53,289.83,115.52,115.52,320.25,177.27,-22.28,3.00,58.43,3.95,-12.66,45.66,75.61,-41.69,-41.82,177.25,23.26,23.26,33.43,33.41,158.82,108.13,31.81,9.24,29.25,29.25,26.38,26.38,42.25,-20.44,70.97,26.09,84.84,53.59,22.60,14.88,17.21,17.21,38.49,36.77,16.01,-5.20,1.11,83.66,83.66,14.25,-63.95,29.82,9.01,27.51,12.64,19.62,12.75,8.11,20.01,28.28,26.66,47.27,45.12,-1.05,-11.70,-39.50,-49.30,-10.14,23.66,-28.01,-12.76,0.00,24.63,10.76,-21.58,2.51,20.54,32.31,181.63,0.00,-204.17,-22.80,139.05,-188.11,-196.00,-7.32,70.50,55.80,-16.13,-34.59,25.31,61.10,73.25,22.85,22.84,76.94,-37.27,248.59,-8.53,165.33,165.33,40.00,-1.17,2.29,67.35,80.06,138.09,-36.89,39.20,17.68,9.16,-6.87,206.51,117.57,37.78,33.70,75.23,33.16,75.40,119.73,135.43,85.28,103.47,54.13,-245.79,32.33,-36.89,-0.38,131.32,73.79,341.05,122.94,-53.41,-51.38,35.37,118.00,85.93,87.65,16.85,33.85,29.45,-10.44,85.81,19.95,231.14,-651.47,-17.62,3.00,19.57,12.66,120.60,121.60,37.74,38.55,-33.41,-14.72,52.79,3.49,-195.97,-177.66,-242.19
9.00,30.81,2.13,-42.45,4.99,-49.60,24.15,43.35,62.85,63.14,74.96,0.00,-26.49,-52.44,-37.42,-3.23,-3.23,42.05,42.05,40.39,145.66,-144.80,81.03,59.97,-0.09,45.61,101.30,93.19,16.50,58.77,137.91,143.55,143.55,40.53,40.53,64.98,79.14,79.14,143.73,143.82,81.33,81.33,45.05,45.05,91.55,91.55,77.28,40.15,40.15,56.56,64.25,-161.71,-36.31,-26.08,7.01,34.98,22.80,21.95,21.95,18.99,32.25,-31.19,39.76,0.00,0.00,116.12,116.12,-125.04,-18.02,156.79,-11.43,-7.20,21.95,1.72,-14.39,-28.43,14.54,-38.31,-40.72,24.20,4.95,-0.25,-1.11,30.19,61.85,39.57,44.45,17.63,15.52,19.58,28.48,8.56,-59.06,-59.07,-59.11,-17.58,-17.82,142.25,34.23,34.16,60.90,60.90,66.51,70.70,-16.03,120.31,1.37,1.37,-0.10,90.05,90.05,65.14,-12.86,8.28,61.85,55.49,55.49,46.59,24.15,-26.41,295.71,295.43,-9.48,-125.99,25.00,281.31,22.82,360.90,323.47,63.25,145.02,357.28,67.40,67.56,144.28,-15.65,51.79,1.23,119.09,-18.00,-1.02,66.52,88.31,-32.86,-36.46,72.52,81.06,35.56,61.32,42.31,178.32,71.72,34.83,230.05,230.05,87.19,87.19,23.95,23.91,112.88,13.94,22.82,42.05,-2.97,0.07,-2.13,3.93,-2.43,-3.37,-32.91,5.07,39.93,7.67,13.80,88.13,45.23,-5.21,-37.47,-58.14,20.92,-101.77,67.97,19.66,-17.93,149.05,234.79,-1.31,0.77,-16.21,-5.04,76.44,181.33,-59.94,652.56,487.98,235.82,-64.99,20.84,20.78,289.52,289.82,116.26,116.26,323.92,179.88,-22.80,3.54,59.94,4.21,-13.39,43.64,74.47,-40.95,-41.08,179.86,23.40,23.40,33.05,33.03,157.04,117.14,32.38,9.23,29.74,29.74,27.02,27.02,42.71,-20.91,70.75,26.10,84.85,53.20,22.94,14.95,16.73,16.73,38.88,36.99,16.19,-5.30,1.40,84.86,84.86,14.36,-63.39,28.97,8.91,26.12,12.64,19.11,12.25,7.64,19.92,28.90,27.22,49.48,47.23,0.08,-10.00,-39.78,-49.65,-10.22,23.33,-28.44,-12.95,0.00,25.10,10.76,-21.92,2.67,20.38,31.76,203.87,0.00,-207.46,-22.80,141.68,-187.13,-196.21,-8.51,73.42,57.44,-16.47,-34.63,26.63,62.66,76.52,22.85,22.84,76.97,-37.32,255.20,-8.56,165.91,165.91,40.29,-1.17,2.82,68.33,81.73,140.95,-37.30,39.47,17.70,8.80,-6.88,211.46,116.48,38.34,33.97,74.12,33.42,76.15,121.78,137.09,86.57,104.85,58.95,-253.00,31.78,-37.44,-2.55,133.04,68.43,346.74,124.51,-52.69,-55.90,35.48,119.89,87.32,88.05,17.60,35.62,30.85,-10.35,87.12,20.72,232.63,-650.30,-16.62,3.54,19.25,13.39,120.41,121.41,37.96,38.78,-33.03,-13.87,54.05,3.96,-196.18,-181.33,-249.29
10.00,30.92,2.73,-43.78,4.60,-50.38,24.60,44.12,62.53,62.82,76.10,0.00,-26.38,-52.70,-37.46,-5.10,-5.10,42.47,42.47,40.80,148.11,-147.21,83.96,62.14,0.26,45.61,102.72,93.58,17.47,57.78,140.82,146.58,146.58,40.62,40.62,63.24,81.21,81.21,141.30,141.40,83.35,83.35,44.87,44.87,91.64,91.64,77.07,40.09,40.09,57.93,64.09,-163.63,-37.18,-26.46,7.28,35.91,22.67,21.71,21.71,19.15,32.75,-31.24,39.27,0.00,0.00,115.41,115.41,-125.55,-18.42,157.39,-11.06,-6.79,21.68,1.83,-13.66,-28.56,14.68,-39.16,-41.62,23.90,6.10,-0.18,-1.12,30.11,61.48,39.77,44.77,19.11,15.95,19.86,28.99,8.55,-59.96,-59.96,-60.01,-17.97,-18.21,142.87,34.23,34.16,61.92,61.92,67.49,71.73,-16.47,132.44,4.04,4.04,0.28,91.30,91.30,61.86,-12.74,9.02,61.48,55.45,55.45,47.41,24.59,-26.30,301.81,297.77,-9.32,-126.50,25.17,281.17,20.42,362.27,326.11,63.08,147.44,358.62,67.20,67.36,146.85,-15.04,52.30,1.22,122.57,-18.17,-1.10,67.49,74.59,-32.28,-36.08,75.32,81.06,35.79,60.78,41.94,181.29,74.15,34.69,230.04,230.04,88.50,88.50,24.39,24.36,112.35,13.77,20.42,42.47,-3.05,-0.81,-2.19,3.78,-2.36,-3.45,-32.86,4.73,40.39,7.75,14.11,89.27,44.91,-5.24,-36.81,-57.46,21.00,-101.21,68.47,19.81,-17.33,149.06,234.24,-1.34,0.72,-16.31,-5.15,76.22,183.77,-61.69,648.95,490.04,235.81,-66.56,21.24,21.18,289.52,289.82,117.08,117.08,330.16,181.90,-22.79,3.93,61.69,4.23,-14.36,42.96,72.56,-42.03,-42.16,181.88,23.38,23.38,33.21,33.18,161.13,108.13,32.34,9.38,29.72,29.72,27.04,27.04,44.06,-20.92,71.11,26.02,84.77,53.91,23.41,14.82,16.52,16.52,39.19,37.29,16.39,-5.48,1.18,86.26,86.26,14.57,-63.22,29.88,9.31,27.56,12.33,18.86,11.93,7.29,18.19,29.57,27.62,50.24,47.95,0.73,-10.02,-40.24,-50.12,-10.25,23.52,-28.93,-13.18,-0.27,25.10,10.76,-22.30,2.57,20.47,31.34,240.67,0.00,-210.13,-22.80,147.02,-187.89,-195.62,-7.16,82.25,58.34,-16.71,-35.19,28.87,64.04,80.10,22.85,22.84,76.75,-37.36,266.51,-8.55,165.80,165.80,40.70,-1.17,2.29,69.80,83.64,146.05,-38.72,38.98,17.65,9.94,-6.83,213.80,116.33,39.23,34.45,73.43,33.89,75.02,123.83,139.10,88.27,106.81,67.92,-264.62,31.35,-34.91,1.10,132.85,61.39,346.20,127.01,-53.07,-50.55,35.71,120.19,89.71,89.19,18.01,34.78,33.18,-10.84,87.76,21.12,234.27,-648.39,-10.01,3.93,20.32,14.36,121.33,122.34,37.66,38.47,-33.18,-13.88,54.09,3.21,-195.59,-183.77,-260.73
11.00,31.21,3.43,-47.67,4.28,-53.14,25.34,46.77,65.63,65.94,76.62,0.00,-26.20,-52.23,-36.89,-8.02,-8.02,42.78,42.78,41.10,148.93,-148.02,91.45,67.69,1.02,45.61,104.26,95.21,17.05,58.91,145.64,151.61,151.61,42.17,42.17,65.63,80.64,80.64,147.40,147.50,89.47,89.47,45.70,45.70,92.72,92.72,78.69,40.75,40.75,60.53,64.72,-161.59,-38.31,-28.81,5.14,37.13,23.16,21.85,21.85,19.68,34.45,-31.96,38.64,0.00,0.00,108.43,108.43,-123.57,-17.69,158.04,-16.11,-11.65,19.59,0.83,-11.67,-26.38,14.13,-42.11,-44.57,23.78,6.45,-0.23,-0.96,29.66,53.99,37.72,42.73,19.93,15.29,20.59,27.19,7.50,-60.04,-60.04,-60.09,-17.25,-17.49,142.72,34.23,34.16,64.23,64.23,69.51,73.88,-17.67,149.73,9.30,9.30,1.10,95.62,95.62,61.00,-12.23,9.82,53.99,53.70,53.70,50.25,25.33,-26.12,312.56,310.79,-8.76,-125.04,25.69,268.09,17.96,351.51,331.76,63.69,148.25,348.08,67.13,67.29,154.58,-15.26,50.80,1.16,130.99,-18.69,-1.25,69.51,50.36,-30.44,-33.61,78.99,74.46,34.17,53.15,36.67,186.81,75.29,33.89,230.06,230.06,92.77,92.77,25.12,25.08,98.54,13.25,17.96,42.78,-3.25,-0.91,-2.23,3.64,-2.32,-3.39,-32.52,5.06,39.78,7.95,14.54,92.99,45.46,-5.23,-37.31,-49.54,19.95,-100.26,66.59,19.26,-15.34,149.05,233.29,-1.45,0.69,-16.51,-5.50,77.83,196.22,-67.20,629.55,476.46,221.70,-70.42,22.96,22.88,289.51,289.81,117.70,117.70,348.97,188.03,-24.34,5.12,67.20,4.20,-14.92,36.38,67.25,-38.20,-38.34,188.01,23.69,23.69,33.37,33.35,160.00,123.63,33.30,10.01,31.17,31.17,28.31,28.31,48.00,-21.17,72.10,26.63,85.38,55.14,22.94,13.20,16.53,16.53,40.26,38.25,16.40,-6.34,1.63,90.53,90.53,15.10,-63.84,30.57,9.13,29.01,10.75,23.96,12.47,7.82,18.99,29.93,28.10,49.40,47.14,0.20,-9.88,-40.41,-49.75,-10.47,23.46,-28.76,-13.15,-1.91,25.23,10.66,-22.12,2.60,20.44,31.77,292.55,0.00,-219.42,-22.80,157.08,-200.23,-193.62,7.25,92.60,60.10,-15.74,-34.89,31.03,63.79,81.54,22.85,22.84,78.38,-36.79,289.39,-7.50,164.04,164.04,38.07,-1.17,1.53,73.12,90.16,159.08,-38.64,38.36,18.25,9.76,-7.11,208.69,126.74,38.11,35.72,74.31,35.12,77.30,128.45,143.25,92.59,111.74,86.26,-278.53,31.79,-33.72,-1.39,138.29,54.31,318.41,134.82,-53.18,-58.77,34.10,125.05,94.13,92.90,18.35,37.11,37.86,-9.63,85.37,22.82,235.50,-643.09,0.77,5.12,21.40,14.92,123.03,124.06,37.38,38.19,-33.35,-11.83,56.65,2.68,-193.59,-196.22,-274.44
12.00,31.90,5.05,-52.39,2.44,-60.87,26.04,47.25,67.40,67.71,78.07,0.00,-26.78,-51.50,-36.85,-6.56,-6.56,43.45,43.45,41.74,143.67,-142.83,96.30,71.28,1.15,45.61,98.42,91.77,14.48,57.74,143.53,149.41,149.41,44.43,44.43,65.49,82.29,82.29,146.84,146.95,89.07,89.07,47.87,47.87,93.75,93.75,79.71,42.90,42.90,62.36,66.40,-158.58,-39.02,-29.41,5.64,36.42,23.06,21.04,21.04,19.95,35.17,-31.06,40.13,0.00,0.00,102.87,102.87,-123.68,-17.53,159.14,-26.69,-21.45,16.94,-0.73,-10.90,-27.20,14.55,-42.36,-44.62,23.32,3.50,-0.26,-0.94,29.01,41.43,38.21,43.30,13.90,14.55,21.07,14.95,7.51,-60.17,-60.17,-60.22,-17.10,-17.33,143.87,34.23,34.16,61.42,61.42,74.89,79.61,-20.34,136.35,5.58,5.58,1.24,95.15,95.15,61.35,-12.26,11.74,41.43,54.85,54.85,50.78,26.03,-26.70,320.03,319.39,-7.67,-124.50,25.95,238.76,16.34,329.47,352.40,65.33,143.05,326.45,68.09,68.26,160.56,-16.31,39.06,1.15,138.70,-18.51,-1.29,74.90,71.62,-29.88,-32.58,78.74,74.46,34.31,52.44,36.19,183.55,71.08,34.41,230.05,230.05,92.20,92.20,25.82,25.78,72.35,13.43,16.34,43.45,-3.22,3.45,-2.35,4.93,-2.19,-3.51,-33.38,6.05,39.09,7.90,15.75,104.03,45.19,-5.17,-37.51,-48.49,19.66,-100.58,63.21,18.29,-13.41,149.06,233.62,-1.41,0.58,-15.49,-5.60,78.84,195.33,-62.72,600.88,447.57,196.08,-68.10,22.55,22.47,289.53,289.83,116.59,116.59,360.85,187.63,-23.47,3.22,62.72,4.53,-14.96,31.66,65.09,-37.47,-37.61,187.61,23.89,23.89,31.24,31.22,163.25,117.92,31.69,10.49,30.11,30.11,27.56,27.56,52.80,-19.45,71.26,26.13,84.88,54.08,22.77,14.46,17.42,17.42,39.98,37.84,16.33,-6.18,1.99,89.86,89.86,15.46,-65.47,26.51,8.12,23.11,11.72,35.53,12.21,7.70,17.33,29.99,28.19,49.05,46.81,0.80,-9.28,-40.69,-49.18,-10.57,22.29,-29.52,-13.71,-8.40,25.74,10.66,-22.54,3.18,19.86,32.07,221.34,0.00,-210.51,-22.80,157.55,-225.10,-191.71,34.20,87.10,57.80,-15.26,-34.61,33.16,63.00,82.26,22.85,22.84,79.41,-36.75,282.98,2.68,159.48,159.48,34.87,-1.17,3.37,69.07,96.90,167.52,-35.51,39.83,17.91,9.03,-7.08,203.61,142.79,37.20,36.56,74.20,35.92,75.32,122.83,154.35,88.11,106.94,84.90,-253.41,32.09,-34.79,-2.67,140.54,48.92,266.76,140.65,-51.31,-62.24,34.24,124.26,86.00,103.92,17.09,36.40,34.51,-9.75,81.05,22.41,233.28,-640.97,0.41,3.22,20.15,14.96,125.38,126.43,37.03,37.83,-31.22,-13.13,55.13,4.62,-191.69,-195.33,-249.69
13.00,32.17,5.14,-52.13,4.29,-63.11,27.73,49.36,69.90,70.22,78.62,0.00,-26.41,-51.00,-35.70,-10.42,-10.42,43.46,43.46,41.75,141.85,-141.03,114.96,85.09,3.93,47.58,101.33,92.98,18.73,57.66,150.27,156.44,156.44,48.62,48.62,70.53,85.23,85.23,148.07,148.18,102.78,102.78,49.50,49.50,97.75,97.75,82.78,44.17,44.17,68.32,67.60,-164.64,-40.66,-31.78,5.44,40.25,23.56,20.44,20.44,20.69,38.06,-33.69,36.91,0.00,0.00,96.50,96.50,-121.95,-16.74,161.37,-33.97,-27.80,15.53,-1.78,-9.15,-29.13,15.19,-42.35,-44.55,22.64,0.86,0.20,-0.33,27.90,30.80,39.95,45.40,7.90,15.07,22.07,9.88,8.02,-61.33,-61.34,-61.38,-16.33,-16.56,145.79,55.16,55.07,65.23,65.23,81.11,86.22,-21.21,159.15,13.49,13.49,4.25,100.02,100.02,56.75,-11.11,10.78,30.80,53.75,53.75,53.04,27.72,-26.33,333.53,330.91,-7.58,-125.12,26.69,216.85,17.12,312.27,359.26,66.50,141.24,309.56,69.71,69.87,164.91,-17.60,34.17,1.15,154.24,-19.15,-1.50,81.12,33.91,-27.76,-30.96,84.46,74.46,36.25,48.83,33.70,190.90,74.65,32.43,229.89,229.89,97.05,97.05,27.51,27.47,20.41,12.78,17.12,43.46,-3.44,4.60,-2.29,4.82,-2.03,-3.78,-35.56,6.44,37.23,7.91,15.34,115.02,46.11,-5.41,-39.23,-44.33,20.95,-99.97,55.87,16.16,-11.04,149.05,233.02,-1.54,0.51,-15.58,-5.95,81.90,219.12,-69.09,570.85,414.73,183.37,-72.12,24.52,24.43,289.54,289.84,107.08,107.08,392.90,201.36,-26.25,4.29,69.09,5.14,-16.93,0.00,59.21,-25.95,-26.11,201.34,24.09,24.09,28.86,28.84,169.05,117.85,32.61,12.29,32.85,32.85,30.05,30.05,52.53,-22.35,70.04,25.10,83.85,52.80,23.44,16.51,16.61,16.61,41.10,39.25,16.62,-6.87,2.03,94.74,94.74,16.19,-66.64,22.23,7.40,16.72,13.24,44.28,13.12,8.85,16.00,30.91,29.05,48.23,46.03,2.51,-7.56,-40.94,-47.18,-10.38,20.36,-30.84,-14.53,-22.41,27.34,10.66,-23.36,4.13,18.90,30.27,295.23,0.00,-229.95,-23.79,174.49,-246.32,-189.34,57.98,98.65,58.35,-15.82,-34.51,35.12,63.22,82.54,23.84,23.83,82.51,-35.61,318.46,5.06,152.27,152.27,27.55,-0.84,5.49,74.06,96.19,199.95,-43.34,36.66,17.83,8.36,-6.63,192.40,161.16,38.39,38.29,73.42,37.60,79.75,130.44,167.15,94.91,114.60,115.11,-271.59,30.29,-33.14,-0.97,147.81,48.51,202.23,145.18,-48.15,-65.04,36.17,132.71,97.00,114.88,18.57,39.91,39.03,-9.03,71.68,24.36,214.24,-635.13,12.33,4.29,20.66,16.93,142.94,144.13,37.05,37.85,-28.84,-9.86,60.13,6.54,-189.32,-219.12,-267.60
14.00,32.26,4.94,-54.55,4.04,-66.36,28.25,50.27,70.51,70.84,78.30,0.00,-24.16,-52.96,-36.88,-15.51,-15.51,44.86,44.86,43.09,145.67,-144.80,127.04,94.03,5.30,47.58,101.27,90.60,26.02,56.56,158.62,165.15,165.15,52.14,52.14,71.58,87.75,87.75,157.60,157.72,105.33,105.33,51.27,51.27,99.53,99.53,84.25,45.86,45.86,72.84,69.17,-165.36,-43.33,-34.48,1.81,44.92,24.27,20.61,20.61,20.43,38.89,-34.23,35.65,0.00,0.00,90.48,90.48,-121.37,-16.98,160.33,-39.12,-32.64,14.78,-2.35,-8.36,-29.52,15.39,-43.59,-46.14,22.20,-0.49,0.24,-0.23,26.60,20.03,40.55,46.20,5.04,13.70,23.52,0.36,8.00,-62.51,-62.52,-62.56,-16.56,-16.79,143.62,41.41,41.32,67.55,67.55,82.64,87.84,-24.46,169.49,19.48,19.48,5.74,105.19,105.19,51.06,-11.36,9.85,20.03,48.57,48.57,54.02,28.24,-24.09,333.32,332.90,-7.59,-125.00,26.43,190.49,16.70,288.82,360.21,68.03,145.02,286.50,70.16,70.32,167.40,-17.51,24.91,1.16,163.85,-19.45,-1.64,82.64,27.87,-26.20,-29.68,91.54,74.46,37.06,47.41,32.71,200.02,75.15,33.26,230.06,230.06,102.06,102.06,28.03,27.99,2.42,12.48,16.70,44.86,-3.60,4.99,-2.49,5.42,-1.96,-3.62,-35.32,6.94,34.65,8.22,15.07,120.15,46.94,-5.59,-39.41,-42.73,21.56,-99.04,50.29,14.55,-8.96,149.06,232.09,-1.60,0.41,-15.85,-6.11,83.35,234.25,-73.13,539.74,384.95,158.74,-76.40,23.71,23.63,289.54,289.84,104.99,104.99,409.13,203.90,-26.50,4.90,73.13,5.30,-17.35,0.00,54.90,-24.28,-24.45,203.88,23.63,23.63,27.58,27.56,174.02,134.19,33.09,13.18,33.76,33.76,31.40,31.40,54.99,-20.68,69.58,24.13,82.88,52.84,22.17,17.88,14.18,14.18,41.07,38.92,16.44,-8.60,2.20,99.66,99.66,17.26,-68.17,20.10,6.91,13.72,14.19,49.81,13.93,9.76,17.21,30.97,28.90,47.03,44.88,0.58,-4.45,-40.58,-44.38,-10.11,19.64,-29.68,-13.89,-27.15,26.84,10.66,-22.57,4.49,18.54,30.77,303.75,0.00,-240.84,-23.79,185.49,-271.02,-187.27,84.99,101.93,56.48,-17.77,-34.20,37.02,63.78,82.67,23.84,23.83,83.99,-36.78,336.96,13.51,146.85,146.85,19.20,-0.84,6.36,77.86,101.24,220.96,-44.64,35.42,18.03,8.12,-6.51,177.73,163.07,35.76,40.82,75.04,40.03,85.96,135.08,170.29,98.38,118.57,135.21,-272.89,30.78,-26.99,-3.17,147.65,45.76,159.72,147.97,-47.25,-68.77,36.97,138.78,101.83,120.00,19.70,42.04,43.49,-9.01,64.55,26.89,210.06,-630.82,31.10,4.90,20.87,17.35,140.52,141.69,36.84,37.63,-27.56,-7.78,62.84,7.40,-187.25,-234.25,-268.88
15.00,32.49,5.98,-56.69,3.21,-70.95,29.62,50.21,69.92,70.24,77.06,0.00,-23.59,-54.60,-37.17,-19.87,-19.87,45.86,45.86,44.06,139.04,-138.25,136.87,101.30,6.39,47.58,99.68,89.20,23.59,54.64,158.50,165.02,165.02,56.31,56.31,73.56,89.97,89.97,154.66,154.78,109.78,109.78,54.60,54.60,103.21,103.21,87.58,49.02,49.02,75.48,71.10,-160.68,-49.92,-40.06,-1.30,41.88,23.84,20.69,20.69,22.44,40.51,-33.36,34.53,0.00,0.00,83.23,83.23,-119.47,-16.26,161.80,-40.22,-33.71,16.73,-0.39,-7.80,-29.56,15.56,-42.49,-45.04,21.82,-1.15,0.22,-0.12,26.40,18.04,40.47,46.15,2.94,11.95,27.10,-39.15,8.20,-62.52,-62.53,-62.58,-15.86,-16.08,143.88,55.16,55.07,69.93,69.93,85.06,90.41,-23.49,182.32,26.45,26.45,6.91,102.17,102.17,51.47,-13.18,11.45,18.04,48.66,48.66,53.95,29.61,-23.52,332.98,332.17,-7.11,-123.02,28.38,163.17,15.91,266.38,342.16,69.84,138.46,264.40,69.68,69.85,169.61,-17.07,-16.14,1.14,173.28,-19.77,-1.63,85.06,4.25,-24.76,-28.52,90.95,74.46,36.74,47.56,32.82,200.18,73.99,32.52,230.06,230.06,99.23,99.23,29.40,29.35,-22.13,12.16,15.91,45.86,-3.64,5.38,-2.22,5.72,-2.05,-3.21,-35.88,8.02,30.88,8.06,13.59,126.26,46.63,-5.23,-40.60,-42.67,21.07,-98.94,45.35,13.12,-4.03,149.06,232.01,-1.67,0.54,-17.44,-6.22,86.67,255.39,-77.25,505.39,347.28,151.49,-70.71,25.16,25.07,289.53,289.83,90.52,90.52,427.81,207.65,-26.68,6.70,77.25,5.38,-17.31,0.00,49.05,-12.18,-12.36,207.63,23.42,23.42,26.72,26.70,178.40,132.08,32.06,10.46,37.29,37.29,34.65,34.65,57.17,-20.80,68.24,23.26,82.01,51.23,20.06,19.68,13.93,13.93,41.77,39.60,15.60,-11.91,1.80,96.99,96.99,19.88,-70.04,18.85,6.63,12.05,15.91,50.90,13.86,9.72,16.37,30.92,28.96,44.71,42.67,0.09,-0.91,-37.82,-40.29,-9.72,20.62,-26.98,-12.16,-29.20,27.42,10.58,-20.91,3.90,18.97,32.56,304.33,0.00,-251.98,-23.79,194.32,-294.14,-182.36,113.30,104.27,54.68,-18.68,-34.52,35.13,66.82,81.99,23.84,23.83,87.36,-37.07,360.56,48.76,138.04,138.04,12.88,-0.84,6.79,82.64,104.07,238.04,-41.82,34.31,19.27,8.31,-6.53,162.82,126.85,31.92,47.03,76.28,45.99,87.00,139.85,175.27,102.13,122.63,156.81,-261.60,32.57,-31.51,-2.78,145.05,45.72,127.95,150.30,-46.82,-68.34,36.66,145.11,106.63,126.10,22.08,46.95,46.77,-10.09,58.25,30.45,181.10,-624.97,48.33,6.70,21.37,17.31,141.83,143.01,36.81,37.60,-26.70,0.39,69.33,7.79,-182.34,-255.39,-257.75
16.00,32.82,6.89,-57.93,3.47,-73.66,29.72,52.23,72.43,72.76,82.86,0.00,-30.92,-27.13,-49.95,-19.55,-19.55,45.47,45.47,43.68,151.04,-150.10,141.17,104.49,7.58,47.58,101.29,90.41,23.47,55.60,164.24,171.00,171.00,55.76,55.76,70.70,93.23,93.23,158.21,158.34,115.04,115.04,56.24,56.24,103.85,103.85,88.48,50.84,50.84,77.18,73.81,-159.75,-53.86,-43.80,-4.08,33.87,24.16,20.77,20.77,23.67,42.09,-32.86,33.71,0.00,0.00,79.08,79.08,-118.95,-15.88,163.08,-40.33,-33.93,17.39,0.71,-7.67,-29.60,15.45,-42.36,-44.73,21.67,-1.73,0.30,-0.16,26.93,15.49,40.20,45.80,2.48,10.98,29.31,-58.73,8.38,-62.68,-62.69,-62.74,-15.49,-15.71,144.07,47.07,46.98,70.38,70.38,86.88,92.35,-24.27,192.51,36.01,36.01,8.20,103.62,103.62,51.98,-13.04,11.91,15.49,51.36,51.36,56.12,29.71,-30.82,341.97,342.30,-6.51,-122.14,29.57,145.51,15.98,250.76,322.68,72.47,150.34,249.01,69.33,69.49,174.26,-17.39,-34.26,1.16,174.70,-20.30,-1.80,86.89,13.77,-24.47,-27.46,96.41,74.46,36.42,48.15,33.23,206.08,74.51,0.00,230.06,230.06,100.56,100.56,29.50,29.45,-34.49,11.63,15.98,45.47,-4.66,4.39,-5.01,5.20,-3.32,-2.98,-35.52,6.89,30.33,13.40,13.68,128.64,47.11,-5.52,-42.12,-43.35,20.87,-99.02,41.76,12.08,-3.02,149.06,232.09,-1.78,0.48,-18.46,-6.94,87.56,265.07,-78.03,486.03,323.39,143.68,-72.23,26.26,26.17,289.54,289.84,82.88,82.88,447.34,212.93,-26.57,6.77,78.03,5.51,-16.63,0.00,49.17,-18.37,-18.56,212.91,23.13,23.13,26.28,26.26,184.82,134.20,33.16,10.45,38.54,38.54,35.56,35.56,58.43,-21.89,67.94,22.88,81.63,51.02,18.65,20.62,21.02,21.02,42.89,40.50,15.81,-13.42,1.49,98.23,98.23,21.50,-72.67,18.14,6.33,11.18,16.94,50.79,14.33,10.16,15.11,32.14,29.58,36.19,34.54,-2.36,-8.69,-38.04,-39.51,-9.47,22.08,-25.54,-11.26,-30.86,27.02,10.72,-20.01,3.18,19.69,32.98,303.36,0.00,-263.28,-23.79,203.21,-313.27,-181.36,133.68,111.42,55.94,-19.05,-34.25,31.97,70.68,81.03,23.84,23.83,88.27,-49.77,377.47,64.87,133.64,133.64,10.31,-0.84,6.95,82.65,105.06,245.51,-41.42,33.49,18.70,8.26,-6.50,143.46,108.49,29.55,50.87,77.19,49.65,87.12,140.74,179.03,104.15,125.75,174.74,-265.91,33.00,-31.86,-4.11,150.48,49.01,107.79,155.43,-47.51,-69.29,36.34,149.87,113.17,128.47,27.13,49.15,45.81,-10.31,53.64,33.39,165.81,-625.12,58.08,6.77,20.13,16.63,140.38,141.55,36.37,37.15,-26.26,1.80,71.16,8.06,-181.33,-265.07,-262.01
17.00,34.07,8.90,-64.46,1.95,-76.07,33.17,54.39,73.46,73.79,83.26,0.00,-32.14,-29.04,-44.16,-28.42,-28.42,47.19,47.19,45.33,135.45,-134.70,152.70,113.03,-3.85,74.06,90.70,79.08,11.62,43.58,161.60,168.25,168.25,62.01,62.01,80.17,89.91,89.91,162.96,163.10,124.13,124.13,61.43,61.43,104.79,104.79,88.00,55.33,55.33,67.69,61.76,-149.81,-57.63,-49.89,-8.36,31.82,28.55,17.19,17.19,25.67,45.13,-33.88,31.81,0.00,0.00,71.45,71.45,-112.40,-13.20,165.67,-12.15,-6.13,26.15,8.10,-7.01,-30.77,16.02,-39.50,-42.00,22.39,-2.52,-0.05,-0.62,27.20,20.94,41.17,46.92,1.51,9.41,31.29,-67.71,9.01,-62.29,-62.30,-62.34,-12.88,-13.05,144.92,76.61,76.51,75.84,75.84,91.04,96.77,-23.98,192.55,51.51,51.51,-4.17,104.57,104.57,51.44,-12.71,14.37,20.94,50.65,50.65,58.44,33.16,-32.04,359.86,354.44,-5.26,-116.86,31.53,118.94,13.72,235.23,310.01,121.31,134.89,233.69,68.48,68.64,185.31,-19.31,-43.62,1.21,190.26,-20.62,-2.08,91.04,-13.82,-21.62,-24.67,91.56,74.46,37.11,46.37,32.00,204.82,64.50,0.00,230.06,230.06,101.64,101.64,32.92,32.87,-53.39,11.30,13.72,47.19,-4.64,2.94,-4.55,7.79,-2.60,-2.90,-36.50,5.17,29.54,12.12,9.94,137.72,48.78,-5.60,-42.50,-41.03,20.98,-97.49,41.06,11.88,1.01,149.06,230.57,-1.84,0.20,-16.61,-6.85,87.08,282.77,-82.98,458.42,291.61,150.07,-75.79,28.52,28.41,289.52,289.82,64.24,64.24,467.73,222.06,-29.65,7.07,82.98,5.82,-17.73,0.00,50.41,6.06,5.86,222.03,23.20,23.20,26.77,26.76,178.28,134.20,37.30,0.00,40.78,40.78,37.32,37.32,65.07,-21.51,67.46,22.75,81.51,50.27,16.84,21.22,22.39,22.39,42.48,40.50,15.47,-14.91,1.70,99.43,99.43,22.96,-60.96,17.87,6.30,10.23,18.39,23.37,15.96,11.82,15.77,31.65,28.91,36.35,34.69,1.08,-7.92,-36.96,-38.94,-9.68,22.78,-25.25,-11.23,-32.04,27.57,10.72,-19.69,2.83,20.03,35.68,301.94,0.00,-281.33,-37.02,211.88,-337.22,-177.33,162.01,107.25,44.33,-19.63,-34.16,33.21,74.80,82.39,37.15,37.13,87.77,-44.02,391.09,70.96,127.09,127.09,10.32,-1.28,7.63,90.11,114.85,265.57,-37.95,31.62,20.75,9.28,-6.80,143.09,45.84,26.20,54.32,81.04,52.92,86.29,151.65,187.58,111.90,134.25,173.30,-251.11,35.70,-29.75,1.23,152.01,43.24,95.19,166.79,-49.15,-65.63,37.02,154.90,126.19,137.53,29.04,51.56,52.24,-8.04,52.75,36.39,128.52,-626.31,61.68,7.07,20.25,17.73,142.21,143.39,36.83,37.62,-26.76,-14.25,74.69,8.82,-177.31,-282.77,-247.42
18.00,34.81,9.38,-65.94,2.50,-77.30,33.61,55.71,75.56,75.90,84.89,0.00,-33.52,-29.09,-42.34,-28.80,-28.80,49.85,49.85,47.89,135.20,-134.46,156.30,115.69,-2.90,74.06,93.48,80.91,11.46,44.40,163.66,170.40,170.40,62.40,62.40,81.26,89.77,89.77,161.90,162.04,124.31,124.31,62.29,62.29,106.66,106.66,89.28,56.11,56.11,68.61,61.72,-145.98,-60.73,-53.41,-10.52,29.64,28.61,15.83,15.83,26.67,47.26,-33.96,30.59,0.00,0.00,67.40,67.40,-109.55,-12.13,167.23,-14.42,-8.12,26.38,7.82,-6.37,-30.58,15.77,-39.28,-42.01,22.49,-4.10,0.19,-0.23,27.20,17.31,41.40,47.32,-1.18,9.31,32.95,-71.47,8.98,-62.03,-62.04,-62.08,-11.83,-12.00,145.57,76.62,76.51,78.13,78.13,94.38,100.31,-24.41,217.92,54.45,54.45,-3.14,106.35,106.35,51.49,-13.15,13.93,17.31,50.97,50.97,59.86,33.60,-33.41,376.39,366.07,-4.87,-114.30,32.51,114.56,10.77,230.98,300.47,121.27,134.65,229.50,69.10,69.27,189.42,-19.13,-48.36,1.25,199.00,-20.50,-1.95,94.38,-27.31,-20.90,-24.02,92.88,74.46,38.05,45.37,31.31,207.34,65.85,0.00,230.06,230.06,103.30,103.30,33.33,33.27,-55.19,11.43,10.77,49.85,-4.52,4.02,-4.31,6.28,-2.74,-2.67,-36.13,4.02,28.17,11.90,9.13,143.88,49.23,-5.65,-42.42,-40.28,22.17,-95.81,37.78,10.93,4.12,149.06,228.89,-1.82,0.35,-16.75,-6.52,88.35,294.01,-85.35,445.72,287.78,142.95,-77.62,29.88,29.75,289.51,289.81,65.85,65.85,482.95,222.24,-29.17,7.68,85.35,5.99,-18.21,0.00,44.46,10.51,10.31,222.21,23.45,23.45,26.13,26.12,178.00,134.20,39.09,0.00,42.07,42.07,38.46,38.46,66.58,-22.20,66.67,21.98,80.73,49.56,16.50,22.87,23.84,23.84,42.84,40.98,15.51,-15.65,2.24,101.00,101.00,24.17,-60.92,16.21,5.74,7.75,19.76,26.06,16.39,12.25,15.83,31.69,28.84,34.96,33.37,2.00,-7.43,-39.17,-37.13,-9.21,23.78,-23.58,-10.27,-32.84,26.88,10.84,-18.58,2.34,20.53,36.39,301.62,0.00,-289.74,-37.02,217.73,-341.09,-174.23,169.05,122.87,45.82,-20.14,-33.99,35.92,78.99,84.54,37.15,37.13,89.07,-42.21,418.09,71.02,125.97,125.97,-0.40,-1.28,8.45,93.41,116.94,271.81,-36.94,30.41,21.09,9.32,-6.56,127.93,47.31,25.75,57.20,81.96,55.65,87.46,156.23,194.45,113.93,136.21,187.96,-243.99,36.41,-27.86,5.73,159.53,34.65,86.32,171.02,-47.94,-63.82,37.97,158.80,130.72,143.66,29.09,54.88,54.80,-7.64,48.55,37.70,131.72,-620.36,75.61,7.69,20.48,18.21,141.03,142.20,37.13,37.92,-26.12,-12.41,76.96,9.85,-174.21,-294.01,-240.41
19.00,35.75,10.91,-67.99,2.43,-77.53,35.55,56.06,76.75,77.10,83.34,0.00,-33.63,-30.36,-40.18,-32.69,-32.69,51.88,51.88,49.84,138.84,-138.06,161.97,119.88,-10.16,91.62,91.88,77.08,7.43,40.26,168.47,175.42,175.42,60.97,60.97,81.12,89.65,89.65,160.51,160.66,125.58,125.58,63.36,63.36,104.13,104.13,86.11,57.17,57.17,73.41,64.07,-139.62,-62.21,-55.80,-13.13,29.69,28.25,16.09,16.09,26.75,47.89,-31.08,27.45,0.00,0.00,66.95,66.95,-107.49,-11.15,166.66,-14.61,-8.23,27.10,8.22,-6.59,-31.25,16.18,-37.26,-39.84,21.77,-5.51,0.21,-0.04,27.60,18.95,41.99,47.94,-2.88,9.92,33.90,-74.02,9.09,-61.70,-61.71,-61.75,-10.87,-11.02,144.17,66.40,66.29,80.32,80.32,96.05,102.09,-23.57,261.30,61.14,61.14,-11.00,107.95,107.95,52.38,-12.25,14.05,18.95,48.97,48.97,60.24,35.54,-33.52,383.78,372.52,-3.74,-111.62,32.58,123.45,7.81,237.14,304.98,111.53,138.26,235.57,69.95,70.12,193.25,-18.05,-49.90,1.27,206.24,-20.89,-2.08,96.05,-42.72,-20.88,-23.83,96.14,74.46,38.28,44.38,30.62,213.10,61.47,0.00,230.06,230.06,104.92,104.92,35.26,35.20,-50.35,11.03,7.81,51.88,-4.56,3.17,-3.96,5.68,-2.47,-2.75,-36.63,4.17,28.84,11.30,9.06,147.65,48.99,-5.46,-41.47,-38.83,21.98,-96.99,38.93,11.26,8.05,149.06,230.07,-1.90,0.29,-17.12,-6.75,85.21,306.74,-88.59,443.40,296.54,147.40,-78.37,33.03,32.88,289.47,289.77,68.15,68.15,494.32,223.51,-28.68,9.05,88.59,6.02,-19.00,0.00,39.67,9.69,9.47,223.49,24.76,24.76,24.42,24.41,177.77,134.20,39.19,0.00,42.83,42.83,39.02,39.02,68.67,-22.19,64.90,20.91,79.67,47.35,17.19,25.51,23.59,23.59,44.22,42.14,15.53,-18.08,2.84,102.67,102.67,24.87,-63.20,13.63,5.21,4.20,21.64,26.40,16.16,12.00,18.34,32.88,29.48,35.39,33.78,1.15,-7.85,-39.49,-37.88,-9.30,25.57,-24.16,-10.63,-32.91,27.19,10.72,-18.95,1.35,21.36,39.51,300.59,0.00,-295.28,-45.80,230.92,-334.69,-170.31,166.48,149.09,41.75,-20.26,-33.50,38.37,84.76,88.48,45.98,45.97,85.87,-40.07,457.25,70.91,126.28,126.28,1.17,-1.25,9.42,96.85,118.37,281.67,-32.59,27.31,21.56,9.32,-6.57,131.88,47.59,27.05,58.86,84.33,57.22,88.28,160.61,197.89,117.28,139.96,218.14,-235.71,39.54,-28.03,6.50,162.18,26.27,95.66,175.03,-46.30,-66.89,38.19,161.13,133.82,147.43,30.36,57.04,58.24,-6.75,50.02,40.78,136.33,-615.49,101.00,9.05,20.63,19.00,141.62,142.80,38.71,39.54,-24.41,-9.86,78.09,10.73,-170.29,-306.74,-232.25
20.00,37.25,12.18,-70.47,1.92,-78.75,37.18,55.60,77.15,77.50,85.18,0.00,-34.01,-30.06,-39.97,-30.23,-30.23,55.58,55.58,53.39,135.43,-134.68,164.99,122.13,-9.50,91.62,93.45,80.20,9.06,42.36,169.57,176.57,176.57,62.78,62.78,84.20,89.93,89.93,160.69,160.84,121.82,121.82,63.40,63.40,106.93,106.93,88.43,57.01,57.01,73.24,63.20,-142.54,-63.54,-57.26,-13.84,30.13,28.52,16.35,16.35,27.00,48.90,-34.69,30.38,0.00,0.00,65.87,65.87,-107.56,-11.37,167.18,-14.84,-8.33,27.37,8.39,-6.66,-31.17,16.10,-36.60,-39.16,21.54,-6.04,0.60,0.03,27.82,19.07,42.01,47.97,-3.97,10.85,34.79,-75.71,9.06,-62.51,-62.52,-62.56,-11.09,-11.25,144.39,66.40,66.29,81.72,81.72,98.25,104.44,-24.13,271.12,59.37,59.37,-10.28,110.63,110.63,48.45,-12.43,14.56,19.07,48.51,48.51,59.74,37.17,-33.90,392.19,377.13,-2.77,-112.61,32.81,120.80,3.17,237.79,301.81,112.48,134.87,236.22,70.26,70.43,196.03,-18.25,-52.57,1.36,212.48,-21.06,-2.03,98.26,-52.69,-20.80,-23.76,95.27,74.46,38.46,44.10,30.43,215.43,65.46,0.00,230.06,230.06,107.65,107.65,36.87,36.82,-46.62,10.86,3.17,55.58,-4.60,4.28,-3.87,5.79,-2.65,-2.74,-36.76,4.60,28.79,11.42,7.98,150.64,50.50,-5.84,-41.37,-38.54,22.23,-95.57,38.31,11.08,9.08,149.06,228.66,-1.93,0.41,-16.78,-6.85,87.51,314.82,-89.97,436.84,298.54,147.09,-79.05,36.89,36.70,289.46,289.77,69.15,69.15,499.84,219.74,-29.18,9.28,89.97,6.31,-19.31,0.00,35.97,15.90,15.68,219.71,24.81,24.81,23.86,23.84,178.31,134.20,39.51,0.00,43.65,43.65,39.71,39.71,71.21,-21.67,63.90,19.96,78.72,46.41,17.98,27.37,24.46,24.46,47.34,45.32,15.60,-21.19,3.34,105.48,105.48,25.52,-62.36,12.78,4.97,3.07,22.58,26.89,17.62,13.41,16.68,35.06,31.73,33.11,31.60,-0.84,-9.84,-39.49,-37.40,-8.87,27.04,-23.82,-10.27,-33.39,26.74,10.72,-18.86,0.45,21.98,37.69,300.36,0.00,-300.93,-45.80,229.40,-336.58,-169.28,169.44,152.94,44.17,-20.53,-33.02,40.73,91.06,93.02,45.98,45.97,88.21,-39.85,469.26,70.94,125.66,125.66,0.97,-1.25,9.70,98.03,121.10,286.93,-35.47,30.21,21.84,9.25,-6.15,127.62,46.89,28.76,60.39,84.58,58.67,95.13,163.42,202.43,118.53,141.31,219.91,-230.46,37.71,-24.26,10.09,164.35,14.62,98.94,177.97,-45.71,-62.39,38.37,163.28,137.43,150.41,30.06,57.74,61.47,-6.64,49.23,44.57,138.34,-611.79,107.15,9.28,20.37,19.31,140.07,141.24,38.75,39.59,-23.84,-9.69,79.46,11.02,-169.26,-314.82,-227.08
21.00,38.33,12.70,-73.43,0.81,-79.40,39.77,55.57,78.33,78.68,85.13,0.00,-34.58,-30.49,-37.30,-16.89,-16.89,65.21,65.21,62.65,135.60,-134.85,171.21,126.73,-25.25,128.43,81.68,67.50,-2.77,31.34,173.20,180.36,180.36,63.36,63.36,84.67,89.22,89.22,160.38,160.52,109.18,109.18,66.01,66.01,100.55,100.55,82.27,59.56,59.56,73.14,62.17,-136.35,-65.88,-59.84,-17.54,30.19,29.24,11.09,11.09,27.30,49.72,-31.44,27.51,0.00,0.00,71.08,71.08,-105.89,-10.93,166.97,-13.30,-6.54,27.71,8.04,-7.84,-32.81,16.64,-36.37,-38.85,21.65,-5.50,0.79,0.40,27.88,20.62,43.29,49.20,-3.29,11.74,35.98,-77.53,9.15,-62.49,-62.49,-62.54,-10.67,-10.81,142.94,66.39,66.29,84.73,84.73,102.32,108.76,-24.33,251.25,47.64,47.64,-27.33,114.05,114.05,48.46,-12.48,15.46,20.62,45.93,45.93,59.71,39.76,-34.48,393.44,381.87,-2.38,-110.31,33.10,110.42,1.87,236.43,298.54,119.25,135.04,234.88,70.10,70.26,201.09,-19.14,-52.44,1.37,220.68,-21.49,-1.81,102.33,-44.30,-23.03,-26.28,98.20,81.09,38.96,53.36,36.82,219.48,51.60,0.00,230.06,230.06,110.80,110.80,39.43,39.37,-49.82,10.42,1.87,65.21,-4.44,8.08,-2.81,6.50,-2.94,-2.74,-36.69,0.03,28.88,10.44,5.89,153.78,49.77,-5.56,-42.78,-48.07,22.20,-95.64,38.28,11.07,9.38,149.06,228.72,-2.02,0.87,-17.06,-7.07,81.39,321.14,-90.85,433.25,294.41,149.85,-81.33,39.25,39.04,289.46,289.76,65.69,65.69,497.74,207.70,-29.95,8.58,90.85,5.99,-19.46,0.00,42.63,22.33,22.13,207.68,23.86,23.86,24.24,24.23,176.93,134.20,39.86,0.00,45.02,45.02,41.01,41.01,74.23,-20.31,63.48,19.41,78.17,46.16,18.74,28.18,24.37,24.37,48.75,45.96,15.51,-22.43,4.27,108.41,108.41,26.39,-61.35,13.41,5.27,3.83,23.16,25.95,16.71,12.37,18.15,35.62,31.91,32.13,30.67,-1.31,-10.94,-39.64,-37.31,-8.69,27.36,-23.70,-10.31,-33.06,26.44,10.79,-18.68,0.30,22.14,40.51,300.24,0.00,-314.13,-64.20,212.11,-346.44,-168.99,179.75,135.01,31.72,-25.12,-33.05,46.75,94.86,95.90,64.56,64.53,82.00,-37.20,457.60,70.85,123.58,123.58,0.89,-1.50,9.57,98.64,126.04,297.73,-30.90,27.37,22.15,9.84,-5.97,126.31,46.53,30.39,62.47,86.08,60.63,92.17,169.43,210.80,120.87,143.58,198.01,-234.56,40.54,-22.64,6.56,163.98,6.34,98.47,182.95,-47.23,-68.31,38.87,166.46,147.44,153.54,30.49,57.36,66.50,-6.43,49.19,46.74,131.41,-618.43,99.35,8.58,20.40,19.46,140.99,142.17,37.68,38.49,-24.23,-10.43,82.07,10.77,-168.97,-321.14,-231.12
22.00,38.94,13.66,-75.80,0.21,-78.71,42.14,54.18,78.55,78.90,85.95,0.00,-35.81,-30.22,-35.61,-13.13,-13.13,71.43,71.43,68.62,144.87,-144.01,173.78,128.63,-22.88,128.43,83.13,69.57,-1.00,33.32,179.73,187.17,187.17,60.95,60.95,80.77,90.01,90.01,161.58,161.71,99.67,99.67,66.18,66.18,100.36,100.36,81.53,60.00,60.00,71.03,59.86,-132.82,-67.87,-62.42,-20.01,27.52,29.63,13.15,13.15,28.05,51.48,-31.37,26.91,0.00,0.00,70.94,70.94,-103.91,-9.77,168.66,-11.11,-4.30,28.78,8.53,-7.51,-32.97,16.73,-36.19,-38.68,22.17,-5.73,0.79,0.29,27.97,22.78,43.46,49.43,-2.73,12.14,37.11,-78.78,9.26,-62.03,-62.04,-62.08,-9.53,-9.66,143.61,44.27,44.17,86.12,86.12,103.81,110.34,-23.28,256.29,45.09,45.09,-24.77,114.11,114.11,48.54,-13.21,16.00,22.78,46.35,46.35,58.22,42.12,-35.70,399.52,385.17,-2.03,-107.79,33.83,111.04,2.18,240.10,303.11,126.10,144.23,238.50,70.02,70.19,203.10,-19.55,-55.48,1.39,224.57,-21.95,-1.82,103.82,-31.83,-22.84,-25.95,103.47,81.09,39.15,52.98,36.56,226.77,53.75,0.00,230.06,230.06,110.96,110.96,41.77,41.71,-49.77,9.96,2.18,71.43,-4.49,8.53,-2.40,6.27,-2.98,-2.87,-37.25,1.35,29.32,10.11,6.52,155.27,50.24,-5.60,-44.08,-47.61,22.29,-95.39,39.61,11.46,9.73,149.06,228.46,-2.11,1.01,-17.78,-7.50,80.65,327.55,-92.90,433.16,297.89,154.92,-80.55,41.29,41.06,289.48,289.78,64.81,64.81,496.60,198.14,-30.82,8.94,92.90,6.22,-20.18,0.00,43.31,13.98,13.78,198.12,24.17,24.17,24.84,24.82,178.47,134.20,40.75,0.00,45.34,45.34,41.34,41.34,76.65,-19.65,63.05,19.22,77.98,45.56,19.24,28.80,25.69,25.69,49.35,46.56,15.69,-23.66,5.06,108.67,108.67,27.22,-59.11,13.81,5.23,4.22,23.71,24.01,17.17,12.73,18.15,35.96,32.36,35.34,33.73,0.94,-8.62,-40.07,-37.84,-8.79,26.68,-24.48,-10.88,-33.24,26.95,10.79,-19.10,0.63,21.81,41.42,299.28,0.00,-315.78,-64.20,205.45,-346.70,-168.64,180.36,134.60,33.74,-29.07,-34.01,53.97,97.82,98.22,64.56,64.53,81.25,-35.52,463.65,70.74,124.02,124.02,1.37,-1.50,9.58,99.40,129.48,302.19,-29.33,26.77,22.51,9.71,-5.94,133.61,39.18,31.30,64.43,87.17,62.47,89.53,172.22,213.86,122.08,144.97,190.10,-240.38,41.45,-21.95,9.19,165.23,-0.28,103.55,184.95,-47.36,-65.39,39.05,170.13,145.33,155.02,30.22,58.63,68.90,-5.86,50.90,48.67,129.65,-619.14,105.75,8.94,20.10,20.18,142.75,143.94,38.44,39.27,-24.82,-11.28,82.74,10.96,-168.62,-327.55,-236.85
23.00,40.00,13.06,-77.26,-0.19,-78.38,44.52,53.66,78.95,79.30,85.42,0.00,-35.90,-30.07,-35.42,-12.70,-12.70,69.91,69.91,67.16,135.06,-134.31,175.23,129.71,-36.60,160.88,73.10,57.49,-12.27,20.86,174.99,182.22,182.22,63.01,63.01,84.50,88.52,88.52,159.06,159.19,106.20,106.20,68.20,68.20,96.00,96.00,77.11,61.74,61.74,74.75,62.26,-128.32,-69.64,-63.89,-21.49,26.17,29.60,14.51,14.51,27.83,51.61,-29.58,24.22,0.00,0.00,72.05,72.05,-101.80,-9.32,168.38,-14.46,-7.41,27.28,7.97,-7.34,-32.90,16.58,-36.29,-38.79,22.20,-5.99,0.48,-0.01,27.55,21.84,43.70,49.77,-3.05,11.11,37.90,-78.96,9.44,-61.98,-61.99,-62.03,-9.09,-9.22,142.85,66.39,66.29,86.81,86.81,105.68,112.33,-21.73,252.50,45.31,45.31,-39.62,114.77,114.77,48.61,-13.45,16.23,21.84,45.92,45.92,57.65,44.51,-35.79,400.28,387.12,-2.38,-105.91,33.60,99.81,-1.82,239.60,307.13,121.32,134.50,238.01,69.94,70.11,205.59,-19.75,-55.44,1.35,225.98,-22.00,-1.76,105.68,-45.36,-22.65,-25.92,98.93,81.09,39.86,52.06,35.92,221.92,43.17,0.00,230.06,230.06,111.52,111.52,44.14,44.07,-49.15,9.91,-1.82,69.91,-4.49,9.51,-2.33,5.78,-3.12,-2.88,-37.15,3.49,29.27,10.18,6.37,158.35,50.03,-5.45,-44.38,-46.76,23.16,-94.59,39.88,11.54,11.59,149.06,227.67,-2.12,1.11,-17.83,-7.44,76.27,331.72,-93.77,421.84,298.18,152.88,-79.73,44.26,43.99,289.49,289.79,66.10,66.10,505.82,204.31,-30.59,8.76,93.77,6.05,-20.84,0.00,43.05,23.97,23.77,204.29,23.91,23.91,24.75,24.74,175.54,134.20,41.25,0.00,46.72,46.72,42.59,42.59,78.15,-19.02,63.43,19.20,77.95,46.25,18.37,28.35,26.06,26.06,49.58,46.80,15.83,-23.38,6.62,109.15,109.15,27.80,-61.44,13.56,5.14,3.84,23.48,27.61,17.09,12.77,18.95,36.43,32.57,36.85,35.17,1.90,-7.12,-39.67,-38.10,-9.10,26.40,-24.80,-10.94,-33.47,26.75,10.75,-19.42,0.81,21.69,43.40,299.42,0.00,-316.34,-80.43,208.28,-355.79,-166.78,191.46,132.22,22.47,-26.96,-34.51,67.74,100.08,100.07,80.98,80.94,76.80,-35.33,465.45,70.56,122.66,122.66,2.25,-2.34,9.71,100.51,133.38,304.72,-26.92,24.11,22.91,9.64,-6.23,136.72,47.33,29.41,65.81,88.75,63.77,86.41,173.60,217.70,123.60,146.55,196.61,-233.70,43.44,-24.10,7.98,164.82,-22.23,102.12,187.65,-46.79,-67.88,39.76,171.96,144.11,158.09,30.07,59.82,67.22,-6.18,51.23,48.38,132.23,-618.91,101.86,8.77,20.54,20.84,142.19,143.38,38.05,38.87,-24.74,-9.17,85.23,11.13,-166.76,-331.72,-230.27
24.00,40.57,12.82,-78.74,-1.21,-79.69,45.41,52.24,78.00,78.35,86.29,0.00,-35.34,-29.88,-37.47,-17.06,-17.06,67.94,67.94,65.27,133.98,-133.25,176.84,130.90,-36.01,160.88,74.16,57.36,-11.70,19.95,175.21,182.45,182.45,64.33,64.33,84.84,89.73,89.73,160.48,160.62,110.41,110.41,68.06,68.06,96.48,96.48,77.66,61.58,61.58,76.08,63.57,-131.39,-67.23,-62.75,-19.50,27.13,29.45,15.27,15.27,27.77,51.37,-29.41,24.02,0.00,0.00,72.19,72.19,-103.69,-9.56,167.86,-15.74,-8.57,26.95,7.42,-7.24,-32.92,16.62,-36.51,-38.97,22.10,-5.41,0.90,0.50,27.16,22.23,43.44,49.44,-2.55,12.82,36.80,-79.76,9.30,-62.45,-62.46,-62.50,-9.33,-9.45,143.07,66.40,66.30,86.42,86.42,104.75,111.34,-22.50,254.01,47.60,47.60,-38.98,114.47,114.47,46.77,-14.08,17.01,22.23,46.53,46.53,56.14,45.39,-35.23,399.57,384.82,-2.74,-107.85,33.54,94.11,-4.14,243.04,306.15,118.74,133.44,241.40,69.74,69.91,205.44,-19.66,-55.76,1.34,225.65,-22.34,-2.29,104.75,-47.32,-22.84,-26.13,99.33,81.09,39.34,52.48,36.21,222.03,44.27,0.00,230.06,230.06,111.19,111.19,45.02,44.95,-47.69,9.57,-4.14,67.94,-4.87,9.16,-3.22,6.67,-2.48,-2.95,-36.48,4.44,29.59,10.85,6.69,158.77,49.78,-5.36,-43.51,-46.96,22.60,-97.83,39.80,11.51,11.60,149.06,230.97,-2.19,0.50,-17.14,-7.96,76.81,331.04,-94.01,414.91,303.04,154.85,-78.48,44.70,44.42,289.47,289.77,67.37,67.37,509.49,208.28,-31.30,8.70,94.01,5.93,-20.82,0.00,41.37,23.73,23.52,208.26,23.45,23.45,24.88,24.86,177.92,134.20,40.01,0.00,45.87,45.87,41.85,41.85,79.66,-17.72,63.47,18.99,77.75,46.50,19.95,28.75,25.45,25.45,49.82,46.96,15.86,-22.92,7.62,108.77,108.77,26.99,-62.72,14.03,5.37,4.52,23.51,29.05,16.93,12.67,18.67,36.45,32.83,36.24,34.59,1.33,-8.17,-39.97,-38.12,-8.81,26.29,-24.98,-11.06,-33.25,26.13,10.72,-19.52,0.82,21.61,43.46,298.46,0.00,-313.73,-80.43,214.55,-360.87,-166.77,196.63,134.67,23.01,-27.57,-35.52,83.68,102.09,101.75,80.98,80.94,77.35,-37.37,467.23,70.70,122.34,122.34,2.60,-2.34,9.50,98.40,136.96,307.52,-28.11,23.91,23.04,9.70,-5.87,135.82,49.80,32.67,63.89,88.61,61.97,86.30,172.81,215.78,124.46,148.20,203.40,-232.26,43.49,-22.30,9.59,162.60,-42.92,105.58,187.54,-46.70,-63.55,39.25,170.45,142.99,158.51,29.88,57.27,66.47,-4.88,51.14,48.02,134.77,-617.19,104.77,8.71,21.20,20.82,143.04,144.23,37.24,38.04,-24.86,-9.65,83.74,10.78,-166.75,-331.04,-228.85
25.00,40.25,11.71,-78.07,-2.14,-77.91,46.46,50.21,75.82,76.16,84.16,0.00,-33.77,-29.97,-42.44,-32.77,-32.77,55.98,55.98,53.78,143.26,-142.42,177.40,131.31,-47.54,185.32,63.69,47.30,-18.84,12.46,178.57,185.96,185.96,64.37,64.37,81.20,94.10,94.10,164.03,164.19,131.00,131.00,69.01,69.01,89.90,89.90,72.24,62.78,62.78,81.69,70.75,-134.97,-61.93,-57.30,-14.17,28.50,28.53,15.39,15.39,26.59,49.78,-29.44,25.09,0.00,0.00,74.02,74.02,-105.52,-9.83,167.73,-20.81,-13.68,24.45,6.20,-7.17,-32.44,16.40,-38.36,-40.52,22.26,-3.79,1.15,0.76,27.67,21.76,42.72,48.61,0.30,13.66,33.95,-79.92,9.17,-61.31,-61.32,-61.36,-9.59,-9.72,144.77,66.40,66.29,83.34,83.34,103.46,109.96,-20.91,262.54,60.38,60.38,-51.45,109.23,109.23,53.08,-12.69,17.15,21.76,49.34,49.34,53.95,46.45,-33.67,387.30,374.91,-3.67,-109.37,32.38,86.87,-5.85,243.33,303.59,109.19,142.63,241.69,69.04,69.21,202.70,-19.75,-55.72,1.34,225.69,-21.81,-2.65,103.46,-38.43,-23.55,-26.69,106.16,81.09,38.53,54.05,37.30,223.22,33.60,0.00,230.06,230.06,106.32,106.32,46.07,46.00,-42.64,10.11,-5.85,55.98,-5.14,7.18,-4.79,6.64,-2.05,-2.94,-37.06,3.89,29.29,12.33,9.64,161.24,49.01,-5.41,-42.86,-48.80,22.02,-98.68,39.56,11.44,10.81,149.06,231.82,-2.08,-0.17,-16.44,-7.68,71.44,327.63,-92.29,408.40,305.43,153.11,-75.61,41.84,41.60,289.49,289.80,69.44,69.44,520.92,228.96,-30.91,7.72,92.29,5.66,-20.08,0.00,45.49,13.06,12.84,228.93,23.51,23.51,25.93,25.92,186.53,134.20,38.57,0.00,43.46,43.46,40.01,40.01,78.97,-15.83,64.42,19.48,78.23,47.76,20.68,27.53,24.51,24.51,49.02,46.21,16.05,-21.52,8.15,104.20,104.20,24.90,-69.70,16.16,5.91,7.66,22.54,33.76,16.18,11.96,18.91,35.79,32.52,36.03,34.39,0.79,-7.81,-39.98,-37.56,-8.54,26.19,-24.66,-10.86,-33.60,26.89,10.72,-19.32,0.87,21.56,41.67,298.45,0.00,-310.74,-92.64,241.70,-371.99,-167.57,207.14,145.70,13.76,-27.74,-36.55,96.48,103.98,103.37,93.37,93.32,71.90,-42.31,474.88,70.83,122.55,122.55,1.47,-0.54,8.49,97.41,137.66,308.49,-29.89,24.97,22.06,10.08,-5.62,134.67,57.79,34.23,58.94,85.99,57.30,85.07,166.64,213.13,122.46,146.47,238.37,-236.72,41.70,-25.88,7.54,155.62,-59.14,108.90,184.95,-48.06,-63.21,38.44,168.04,142.41,160.98,29.97,54.88,64.03,-4.97,50.83,44.50,138.92,-621.35,112.95,7.72,19.92,20.08,140.56,141.74,37.24,38.04,-25.92,-8.15,80.06,9.70,-167.55,-327.63,-233.25
26.00,38.83,9.85,-76.16,-2.16,-74.21,45.59,46.64,73.69,74.03,82.41,0.00,-33.61,-29.19,-43.14,-39.36,-39.36,49.87,49.87,47.91,147.97,-147.07,176.80,130.86,-47.95,185.32,60.41,44.03,-20.84,9.17,179.74,187.19,187.19,63.89,63.89,78.93,95.97,95.97,164.83,164.99,140.92,140.92,69.44,69.44,87.99,87.99,70.24,63.36,63.36,85.90,75.56,-134.67,-62.01,-57.44,-12.10,27.28,27.85,15.50,15.50,27.54,50.21,-30.70,26.99,0.00,0.00,73.76,73.76,-105.22,-9.09,169.56,-26.32,-19.19,23.19,4.23,-7.47,-32.27,16.37,-40.05,-42.30,22.14,-2.94,1.25,0.74,27.79,19.31,42.10,47.80,2.20,13.51,34.01,-79.28,9.27,-60.51,-60.51,-60.56,-8.87,-8.99,147.11,66.41,66.29,81.33,81.33,103.01,109.50,-18.80,267.88,66.32,66.32,-51.90,103.90,103.90,55.30,-12.35,16.57,19.31,52.10,52.10,50.11,45.57,-33.51,381.79,365.78,-5.19,-108.83,33.31,77.86,-7.50,240.79,299.25,99.53,147.30,239.17,68.85,69.02,195.14,-19.99,-54.79,1.35,224.57,-21.48,-2.70,103.02,-34.88,-24.19,-27.12,109.61,81.09,37.45,55.56,38.34,222.98,31.47,0.00,230.06,230.06,101.02,101.02,45.21,45.14,-43.40,10.44,-7.50,49.87,-5.17,7.00,-5.29,6.20,-1.95,-2.84,-36.77,3.71,28.86,12.78,11.12,163.31,49.45,-5.48,-42.94,-50.27,20.97,-99.13,38.54,11.15,11.44,149.06,232.27,-2.02,-0.37,-16.23,-7.47,69.45,327.26,-90.78,397.51,303.45,148.28,-69.59,39.92,39.70,289.50,289.80,70.89,70.89,529.52,238.91,-30.62,7.44,90.78,5.24,-20.08,0.00,44.14,7.41,7.17,238.88,23.62,23.62,26.23,26.21,190.20,134.20,37.97,0.00,42.71,42.71,39.34,39.34,77.02,-15.09,65.24,20.29,79.05,48.50,20.43,25.55,24.17,24.17,46.11,44.37,16.05,-19.31,8.23,98.85,98.85,24.95,-74.37,17.10,6.11,9.22,21.41,38.95,16.61,12.36,17.47,33.86,30.81,33.97,32.42,-2.13,-8.80,-39.57,-36.88,-8.28,26.33,-23.92,-10.32,-33.36,26.77,10.72,-18.92,0.89,21.68,40.78,297.45,0.00,-308.74,-92.64,255.14,-380.80,-166.92,216.74,152.02,10.59,-28.17,-37.91,108.23,105.82,104.96,93.37,93.32,69.89,-43.00,480.87,70.73,121.31,121.31,1.02,-0.54,7.87,96.77,137.24,307.44,-29.88,26.86,21.99,9.24,-5.46,128.79,66.75,33.84,59.04,85.47,57.40,76.73,162.63,212.22,120.71,144.63,258.64,-238.01,40.81,-29.79,11.30,154.11,-74.18,103.33,177.37,-48.43,-56.83,37.37,168.02,140.46,163.04,29.19,55.41,60.86,-4.91,49.53,42.48,141.81,-620.00,118.46,7.44,21.36,20.08,139.71,140.88,37.25,38.05,-26.21,-6.09,78.73,9.06,-166.91,-327.26,-234.52
27.00,39.42,9.38,-75.75,-2.99,-70.64,45.77,46.00,74.03,74.37,80.18,0.00,-35.67,-28.73,-38.99,-38.37,-38.37,49.62,49.62,47.67,147.85,-146.96,174.62,129.25,-53.49,192.19,58.46,42.79,-22.17,8.74,180.04,187.50,187.50,60.54,60.54,75.69,92.57,92.57,161.02,161.18,140.81,140.81,71.15,71.15,86.81,86.81,69.18,65.28,65.28,80.73,80.01,-118.13,-67.26,-60.02,-14.36,21.67,27.27,15.42,15.42,27.76,50.25,-27.44,30.29,0.00,0.00,74.20,74.20,-101.96,-6.79,171.26,-32.23,-25.01,21.78,2.33,-7.71,-32.33,16.22,-41.35,-43.84,22.59,-3.07,0.61,0.05,27.65,16.74,42.38,48.13,2.12,10.57,36.34,-76.19,9.64,-58.28,-58.29,-58.33,-6.62,-6.71,147.86,66.41,66.28,80.86,80.86,103.17,109.66,-15.05,270.00,67.23,67.23,-57.89,99.46,99.46,62.59,-11.63,17.95,16.74,54.12,54.12,49.43,45.75,-35.56,385.14,368.07,-5.45,-102.95,33.51,77.64,-8.90,242.68,299.15,94.70,147.18,241.04,69.15,69.32,196.22,-19.68,-53.05,1.33,219.06,-21.46,-2.63,103.17,-33.57,-24.20,-27.00,109.13,81.09,38.14,54.88,37.87,223.76,29.26,0.00,230.06,230.06,96.58,96.58,45.39,45.32,-43.19,10.46,-8.90,49.62,-4.97,6.64,-4.64,5.92,-1.80,-2.64,-37.06,3.83,27.50,11.73,10.95,163.70,49.12,-5.31,-43.00,-49.81,21.81,-99.81,37.63,10.89,14.23,149.06,232.95,-2.01,-0.27,-16.65,-7.42,68.40,323.18,-89.98,396.12,307.98,145.09,-65.90,38.80,38.60,289.50,289.80,74.70,74.70,530.14,238.80,-29.88,7.52,89.98,5.42,-19.36,0.00,44.40,4.38,4.15,238.77,23.07,23.07,26.75,26.74,183.52,134.20,37.35,0.00,42.16,42.16,38.98,38.98,76.61,-14.93,66.63,21.04,79.79,50.32,17.65,23.84,26.35,26.35,44.12,42.27,16.16,-18.19,8.70,94.36,94.36,26.66,-78.67,17.45,6.15,9.50,20.81,44.75,16.28,11.77,19.98,32.74,29.16,34.20,32.64,-3.09,-6.23,-38.17,-36.00,-8.74,26.24,-23.08,-10.03,-33.03,27.06,10.72,-18.20,0.85,21.59,43.99,297.47,0.00,-302.45,-96.07,255.66,-379.44,-164.15,218.14,155.95,8.94,-28.46,-37.98,113.44,106.15,105.32,96.86,96.81,68.83,-38.88,480.71,70.36,122.30,122.30,-0.20,1.55,7.94,96.44,137.15,303.66,-16.50,30.12,22.27,9.26,-6.12,127.63,80.67,28.16,63.10,87.36,61.22,84.42,161.70,212.53,120.09,143.75,259.67,-238.69,44.02,-36.44,12.27,155.26,-82.17,100.34,178.48,-47.84,-58.62,38.05,165.70,136.42,163.42,28.73,56.11,54.97,-7.64,48.36,41.38,149.44,-620.27,118.60,7.52,19.39,19.36,140.53,141.70,36.43,37.21,-26.74,-5.15,78.01,9.22,-164.14,-323.18,-235.19
28.00,39.79,8.77,-74.09,-3.16,-73.52,44.35,44.98,73.70,74.03,81.32,0.00,-33.09,-29.41,-42.28,-26.09,-26.09,59.76,59.76,57.40,141.80,-140.97,172.75,127.87,-53.17,192.19,61.18,45.22,-20.22,10.80,177.02,184.34,184.34,61.00,61.00,79.78,90.17,90.17,160.89,161.03,122.56,122.56,66.57,66.57,85.39,85.39,67.69,60.45,60.45,69.65,69.17,-133.86,-68.44,-62.19,-20.37,26.21,28.61,15.44,15.44,27.58,50.44,-30.35,26.76,0.00,0.00,83.26,83.26,-105.64,-10.12,167.33,-7.53,-0.77,28.12,8.67,-7.60,-33.30,16.65,-36.09,-38.36,24.69,-1.93,0.48,0.00,27.59,45.80,43.32,49.19,6.53,11.43,37.01,-70.89,9.60,-60.53,-60.53,-60.58,-9.87,-10.01,142.30,66.40,66.29,82.43,82.43,104.75,111.34,-20.42,251.08,52.92,52.92,-57.55,106.65,106.65,56.15,-13.29,17.74,45.80,46.19,46.19,48.33,44.33,-32.99,367.64,359.77,-5.67,-109.06,33.37,127.86,-8.00,292.23,246.27,112.71,141.18,289.86,68.50,68.67,191.86,-19.94,-46.36,1.34,219.11,-21.92,-2.44,104.75,-28.02,-24.42,-27.27,103.69,81.09,38.93,53.15,36.67,222.25,31.39,0.00,230.07,230.07,103.64,103.64,43.98,43.91,6.69,10.00,-8.00,59.76,-5.05,7.82,-4.36,7.05,-2.41,-2.83,-36.84,4.30,29.11,12.16,9.10,161.57,49.85,-5.40,-43.64,-47.68,22.16,-98.04,39.39,11.39,7.15,149.06,231.19,-2.11,0.15,-16.93,-7.86,66.93,320.15,-90.40,457.22,368.92,206.95,-69.60,42.76,42.50,289.48,289.78,73.33,73.33,489.19,220.48,-30.34,7.22,90.40,5.29,-19.53,0.00,53.95,10.29,10.08,220.45,23.29,23.29,30.08,30.06,178.79,134.20,38.24,0.00,43.71,43.71,39.93,39.93,74.90,-14.30,66.63,20.23,78.99,51.03,17.10,24.56,23.57,23.57,45.50,43.54,15.74,-20.52,9.23,101.39,101.39,27.14,-68.17,21.07,6.98,13.66,21.37,20.53,16.99,12.50,19.37,34.14,30.22,35.59,33.97,0.34,-7.91,-39.63,-37.89,-9.05,25.58,-24.41,-10.94,-32.88,26.78,10.72,-18.97,1.26,21.31,42.09,297.46,0.00,-302.32,-96.07,225.09,-335.87,-171.21,166.78,133.05,10.93,-29.01,-37.69,116.46,105.98,105.26,96.86,96.81,67.34,-42.15,454.63,68.04,133.68,133.68,1.74,1.55,7.39,95.74,134.64,300.40,-28.65,26.63,22.56,8.62,-6.24,133.67,38.39,28.46,64.25,87.56,62.30,84.85,164.83,215.79,120.38,144.05,213.42,-241.47,42.12,-27.10,3.50,151.32,-83.40,211.50,174.06,-49.11,-65.65,38.84,167.10,134.96,161.30,29.41,55.09,57.15,-6.67,50.61,45.23,146.70,-629.77,97.16,7.22,19.79,19.53,139.63,140.79,37.08,37.88,-30.06,-9.59,79.91,8.91,-171.19,-320.15,-237.93
29.00,39.83,9.19,-74.57,-2.17,-73.00,45.39,46.02,75.17,75.51,81.83,0.00,-33.24,-30.78,-41.55,-32.66,-32.66,65.24,65.24,62.67,169.64,-168.46,175.17,129.66,-53.24,192.19,63.75,46.19,-20.25,9.01,194.88,202.99,202.99,58.72,58.72,71.67,98.43,98.43,167.95,168.11,115.14,115.14,69.89,69.89,85.47,85.47,66.95,64.31,64.31,75.75,73.47,-129.76,-70.30,-63.03,-20.58,26.92,28.77,16.87,16.87,27.49,50.60,-29.35,25.15,0.00,0.00,73.05,73.05,-103.54,-8.91,168.79,-17.17,-10.01,25.28,4.97,-7.98,-33.81,17.02,-39.02,-41.57,22.74,-4.95,0.96,0.12,27.87,18.78,43.88,49.78,-0.87,12.70,38.00,-52.59,9.78,-60.73,-60.73,-60.78,-8.69,-8.81,143.53,10.22,10.11,85.39,85.39,104.30,110.86,-20.00,278.27,62.61,62.61,-57.63,108.91,108.91,54.35,-12.88,16.68,18.78,46.32,46.32,49.45,45.38,-33.14,379.85,368.11,-5.42,-105.83,33.26,86.38,-7.82,250.99,314.90,111.59,168.76,249.24,69.74,69.91,194.74,-18.11,-28.38,1.33,227.51,-22.43,-2.57,104.30,-10.29,-22.77,-25.90,118.90,81.09,39.19,52.24,36.05,241.71,34.65,0.00,230.07,230.07,105.87,105.87,45.01,44.94,-35.69,9.48,-7.82,65.24,-5.20,6.17,-4.24,6.64,-2.33,-2.94,-37.10,2.76,29.77,12.12,9.48,164.09,50.22,-5.55,-43.58,-46.40,22.05,-97.47,40.79,11.80,12.17,149.06,230.63,-2.21,0.13,-18.98,-8.24,66.19,333.98,-95.26,405.59,320.63,149.84,-72.08,45.12,44.84,289.51,289.82,78.45,78.45,512.62,213.04,-29.27,9.34,95.26,5.37,-20.42,0.00,47.03,-10.96,-11.18,213.01,23.23,23.23,25.97,25.96,195.04,134.20,38.95,0.00,44.83,44.83,40.32,40.32,75.39,-15.20,65.21,19.29,78.04,49.34,20.06,26.60,23.94,23.94,48.47,45.55,16.32,-22.43,9.32,103.61,103.61,27.87,-72.33,15.34,5.61,6.18,22.86,30.41,17.36,12.86,18.92,35.63,31.95,36.17,34.52,0.47,-8.36,-40.04,-38.25,-8.76,25.95,-24.88,-11.00,-32.44,26.89,10.72,-19.46,0.99,21.44,43.42,297.36,0.00,-314.79,-96.07,237.89,-375.00,-166.20,211.58,150.76,11.17,-29.60,-37.74,118.64,105.48,104.86,96.86,96.81,66.59,-41.43,486.37,54.52,126.46,126.46,3.06,1.54,9.16,101.20,134.94,304.62,-26.62,25.03,22.50,8.91,-5.84,138.23,78.75,32.66,65.98,88.92,63.93,81.73,170.75,214.86,124.06,148.26,242.30,-250.29,43.45,-26.07,7.08,156.84,-85.23,112.58,177.05,-46.71,-64.54,39.10,172.72,141.72,163.82,30.78,58.59,63.00,-7.70,52.40,47.48,156.95,-622.93,139.91,9.35,20.51,20.42,140.79,141.96,36.57,37.35,-25.96,-7.49,80.68,10.56,-166.18,-333.98,-246.61
30.00,40.04,9.91,-76.65,-2.14,-73.41,45.94,46.55,75.19,75.53,81.80,0.00,-33.87,-30.38,-40.80,-27.09,-27.09,69.80,69.80,67.05,167.13,-165.98,176.16,130.39,-53.62,192.19,63.90,47.98,-20.53,12.66,194.44,202.52,202.52,57.84,57.84,74.20,96.29,96.29,165.92,166.07,106.37,106.37,69.40,69.40,85.71,85.71,67.07,63.65,63.65,73.98,69.94,-129.41,-71.20,-63.59,-23.16,26.66,29.06,16.66,16.66,26.98,50.65,-29.46,25.06,0.00,0.00,72.71,72.71,-103.37,-9.56,167.86,-12.73,-5.44,27.03,6.17,-7.59,-33.94,17.16,-37.65,-40.17,22.48,-6.12,1.20,0.19,27.58,20.25,44.40,50.46,-3.25,13.55,38.43,-46.34,9.62,-60.78,-60.78,-60.83,-9.32,-9.45,141.82,11.31,11.20,86.09,86.09,104.37,110.94,-20.06,273.25,57.04,57.04,-58.04,110.67,110.67,54.06,-11.30,16.20,20.25,44.35,44.35,50.02,45.93,-33.76,378.04,368.04,-4.90,-105.96,32.78,95.16,-3.78,256.05,317.97,115.07,166.28,254.23,70.93,71.10,195.88,-18.00,-22.25,1.34,226.04,-22.67,-2.54,104.37,-10.87,-22.49,-25.92,117.88,81.09,39.95,50.86,35.10,241.63,33.11,0.00,230.06,230.06,107.58,107.58,45.52,45.45,-34.17,9.24,-3.78,69.80,-5.21,7.23,-3.97,6.02,-2.41,-3.01,-36.70,2.95,30.05,11.92,8.00,163.37,50.21,-5.43,-43.24,-44.83,22.67,-95.79,41.14,11.90,12.05,149.05,228.95,-2.26,0.26,-18.79,-8.47,66.31,336.34,-96.98,415.16,326.99,154.14,-73.10,46.10,45.81,289.52,289.82,79.33,79.33,502.54,205.12,-29.60,9.55,96.98,5.55,-20.93,0.00,46.91,-6.97,-7.18,205.09,24.00,24.00,25.07,25.06,190.83,134.20,40.11,0.00,45.53,45.53,41.18,41.18,77.52,-14.71,64.11,18.77,77.53,47.84,20.95,28.02,24.46,24.46,48.41,45.64,16.33,-22.96,9.24,105.30,105.30,28.19,-68.92,13.78,5.10,4.07,23.51,26.48,17.06,12.42,19.32,36.30,32.03,36.51,34.85,0.62,-8.46,-40.17,-38.31,-8.54,25.74,-25.06,-11.15,-31.91,26.29,10.82,-19.54,1.22,21.42,43.72,297.14,0.00,-317.82,-96.07,226.98,-365.32,-166.32,201.62,143.14,12.82,-30.81,-37.43,120.54,104.87,104.34,96.86,96.81,66.71,-40.69,481.08,50.18,128.43,128.43,3.71,1.54,9.70,100.48,137.77,306.32,-26.44,24.95,22.92,9.20,-5.55,139.17,76.66,34.40,66.72,89.22,64.63,84.74,172.14,215.01,124.27,148.49,226.28,-249.78,43.75,-24.25,5.37,155.34,-78.60,118.52,177.80,-46.08,-66.32,39.85,176.52,141.04,163.10,30.38,58.38,62.26,-8.06,52.85,48.43,158.70,-622.81,135.31,9.55,20.30,20.93,142.43,143.61,38.49,39.32,-25.06,-7.63,82.41,11.22,-166.30,-336.34,-246.11
31.00,41.16,10.90,-79.34,-2.74,-75.33,46.22,47.50,76.64,76.98,83.98,0.00,-35.06,-29.54,-39.18,-18.07,-18.07,67.97,67.97,65.29,140.31,-139.51,174.51,129.17,-52.96,192.19,63.17,47.12,-21.79,10.85,177.94,185.30,185.30,62.41,62.41,82.54,90.01,90.01,159.98,160.11,112.04,112.04,68.76,68.76,89.58,89.58,70.11,62.44,62.44,73.31,66.42,-128.49,-71.19,-64.71,-23.72,25.78,29.42,16.15,16.15,27.87,51.54,-28.57,25.37,0.00,0.00,81.54,81.54,-103.04,-9.84,168.27,-9.95,-2.53,26.47,6.50,-9.44,-36.03,17.78,-35.03,-37.49,22.34,-5.83,1.28,0.26,27.67,27.01,45.94,51.87,-3.00,15.17,38.67,-39.07,9.79,-60.87,-60.88,-60.92,-9.60,-9.73,141.99,66.40,66.29,86.35,86.35,105.47,112.10,-21.81,253.62,48.53,48.53,-57.32,112.28,112.28,52.60,-12.00,16.70,27.01,44.58,44.58,51.04,46.21,-34.95,387.07,375.84,-4.13,-106.56,33.65,101.61,-4.01,264.80,329.24,117.50,139.71,262.85,70.27,70.44,200.14,-19.27,-16.38,1.58,226.25,-22.72,-2.22,105.47,-37.67,-26.07,-29.42,101.92,88.00,40.39,63.35,43.71,224.85,33.33,0.00,230.06,230.06,109.18,109.18,45.79,45.72,-25.83,9.18,-4.01,67.97,-5.02,9.77,-3.27,6.06,-2.90,-3.29,-37.45,4.53,31.38,11.50,7.24,161.29,50.78,-6.18,-43.28,-59.46,22.47,-94.19,45.01,13.02,11.09,149.06,227.32,-2.27,0.72,-17.38,-8.34,69.32,333.65,-95.55,425.55,336.87,166.76,-75.87,45.47,45.18,289.52,289.82,77.84,77.84,504.30,210.81,-30.61,8.57,95.55,5.91,-21.57,0.00,46.79,19.64,19.44,210.79,23.60,23.60,24.99,24.98,178.46,134.20,40.65,0.00,47.05,47.05,42.56,42.56,80.28,-13.97,62.94,18.37,77.13,46.10,22.76,29.43,25.83,25.83,48.50,45.56,16.23,-23.11,9.60,106.92,106.92,28.36,-65.49,13.83,5.25,4.13,24.24,24.10,17.61,12.93,18.09,35.76,32.03,36.78,35.10,-0.90,-9.98,-35.74,-39.82,-8.75,24.41,-26.79,-12.23,-30.84,26.99,10.82,-20.63,1.88,20.76,42.68,296.85,0.00,-318.08,-96.07,216.03,-356.33,-167.27,191.51,131.49,11.69,-30.97,-37.00,122.19,104.79,103.58,96.86,96.81,69.76,-39.07,466.66,47.12,126.75,126.75,20.14,1.53,9.70,99.94,141.39,303.46,-25.84,25.25,20.43,8.65,-5.48,157.24,78.34,37.82,67.14,89.04,65.02,86.28,172.67,217.27,125.30,149.21,207.07,-236.00,42.71,-21.75,6.39,158.60,-80.72,139.37,181.83,-47.35,-66.17,40.29,176.14,141.68,161.02,29.54,57.43,64.55,-6.93,57.81,47.81,155.73,-622.69,105.02,8.58,20.40,21.57,142.53,143.72,37.59,38.40,-24.98,-8.10,85.17,11.09,-167.26,-333.65,-232.53
32.00,40.53,9.93,-75.79,-1.10,-73.76,45.19,47.18,75.58,75.92,83.21,0.00,-35.08,-29.06,-39.55,-14.86,-14.86,72.03,72.03,69.20,136.32,-135.56,173.74,128.60,-53.67,192.19,63.09,47.23,-20.96,12.24,176.84,184.16,184.16,61.21,61.21,83.59,86.48,86.48,159.23,159.36,102.94,102.94,66.17,66.17,87.17,87.17,67.92,59.79,59.79,66.09,55.32,-130.94,-70.17,-64.53,-25.43,24.87,30.33,16.00,16.00,27.78,51.58,-28.30,25.64,0.00,0.00,88.68,88.68,-104.75,-10.91,167.03,-10.19,-2.67,26.23,5.36,-10.04,-36.95,18.12,-34.70,-37.06,23.10,-5.31,1.56,0.88,28.86,34.61,46.77,52.71,-1.35,15.92,38.29,-26.68,10.04,-61.11,-61.11,-61.16,-10.65,-10.79,140.29,66.39,66.29,86.12,86.12,105.23,111.85,-21.01,242.88,44.56,44.56,-58.09,111.87,111.87,51.11,-11.57,14.29,34.61,43.37,43.37,50.70,45.17,-34.97,375.42,367.52,-4.81,-108.34,33.57,134.92,-2.80,293.48,296.21,137.76,135.75,291.09,70.67,70.84,194.35,-19.79,-2.46,1.29,225.01,-23.01,-2.25,105.24,-34.03,-26.74,-30.26,100.30,88.00,41.04,62.09,42.84,224.07,32.02,0.00,230.06,230.06,108.83,108.83,44.78,44.71,1.08,8.90,-2.80,72.03,-5.11,9.90,-3.22,6.56,-2.97,-2.98,-37.20,4.83,30.78,11.62,5.91,160.23,50.39,-6.10,-43.33,-57.98,22.79,-94.32,43.60,12.61,7.78,149.07,227.41,-2.33,0.78,-16.82,-8.72,67.15,329.08,-94.99,464.57,378.26,188.45,-74.63,46.42,46.12,289.50,289.80,87.24,87.24,476.09,201.68,-31.39,8.14,94.99,5.80,-21.65,0.00,51.92,22.04,21.85,201.65,24.17,24.17,26.23,26.22,171.52,134.20,41.55,0.00,46.67,46.67,42.17,42.17,76.64,-14.70,63.48,18.12,76.87,47.30,22.62,29.34,25.88,25.88,48.66,45.81,15.71,-23.60,9.27,106.63,106.63,28.09,-54.68,15.23,5.62,5.72,24.16,24.53,17.23,12.45,18.29,35.78,32.20,36.62,34.95,0.61,-9.48,-40.47,-38.61,-8.13,27.26,-24.64,-10.81,-28.62,26.61,10.82,-19.34,0.64,22.28,42.37,298.11,0.00,-314.98,-96.07,200.92,-326.06,-170.59,157.45,118.69,11.77,-31.50,-37.18,123.77,104.88,102.74,96.86,96.81,67.57,-39.43,449.20,41.71,135.45,135.45,5.54,1.53,9.50,98.79,135.93,302.13,-26.60,25.52,20.24,8.60,-5.17,142.37,93.24,38.41,66.49,88.59,64.41,85.69,172.21,216.78,124.49,148.48,178.08,-238.60,42.40,-23.31,3.35,156.10,-79.86,187.92,176.19,-46.57,-67.82,40.94,174.79,139.95,159.96,29.06,55.94,64.38,-6.08,56.00,48.74,174.55,-627.77,92.28,8.14,20.39,21.65,143.11,144.31,38.63,39.46,-26.22,-13.53,84.39,10.93,-170.57,-329.08,-235.09
33.00,39.70,9.03,-73.77,-0.92,-72.05,43.85,45.25,74.90,75.24,79.39,0.00,-29.68,-45.93,-27.02,-12.45,-12.45,71.24,71.24,68.43,139.64,-138.84,168.06,124.39,-54.88,192.19,61.28,45.40,-21.73,10.02,176.06,183.34,183.34,58.48,58.48,79.12,87.28,87.28,152.76,152.89,101.01,101.01,64.93,64.93,84.26,84.26,64.64,58.88,58.88,72.37,58.98,-130.48,-69.14,-62.59,-21.27,32.14,27.11,21.47,21.47,27.35,51.09,-28.61,25.01,0.00,0.00,91.22,91.22,-104.05,-10.28,167.93,-7.88,-0.45,25.52,5.31,-10.02,-36.60,17.88,-34.58,-37.07,23.48,-4.56,2.17,1.45,28.46,38.11,46.51,52.45,0.38,18.93,37.52,-15.51,9.78,-61.08,-61.09,-61.13,-10.03,-10.17,142.52,66.40,66.30,85.27,85.27,102.63,109.08,-21.25,243.69,36.13,36.13,-59.40,110.99,110.99,51.91,-10.52,13.73,38.11,42.89,42.89,48.62,43.84,-29.59,379.46,365.94,-5.54,-107.23,33.14,143.73,-3.93,301.49,303.74,118.77,139.04,298.96,69.94,70.11,190.02,-19.04,9.27,1.23,219.25,-23.07,-2.83,102.63,-26.22,-27.01,-30.66,100.59,88.00,41.04,62.36,43.03,222.62,31.35,18.45,230.06,230.06,107.85,107.85,43.49,43.43,13.47,8.84,-3.93,71.24,-4.54,11.02,-1.22,4.28,-0.60,-3.05,-35.71,9.11,31.80,6.47,7.82,156.08,49.29,-5.37,-43.72,-58.44,23.03,-94.77,47.24,13.66,7.15,149.05,227.87,-2.34,0.00,-18.04,-8.84,63.90,324.95,-93.51,473.54,390.99,194.29,-72.73,45.43,45.15,289.49,289.79,90.13,90.13,473.85,199.11,-30.51,8.65,93.51,5.70,-22.05,0.00,51.87,15.44,15.25,199.09,24.29,24.29,27.12,27.10,173.10,134.20,38.94,15.07,46.92,46.92,42.56,42.56,74.58,-14.44,64.01,18.40,77.16,47.98,25.65,28.62,20.67,20.67,48.44,45.71,15.90,-23.02,8.78,105.52,105.52,27.52,-58.25,16.54,5.94,7.48,23.72,22.20,16.36,11.73,18.09,35.61,32.28,37.06,35.37,-0.80,-10.33,-38.95,-39.20,-7.72,26.72,-24.72,-10.97,-22.58,25.21,10.61,-19.31,0.91,22.01,42.81,297.95,0.00,-308.37,-96.07,195.56,-317.91,-171.20,148.58,120.95,9.48,-29.22,-37.63,124.51,104.39,102.00,96.86,96.81,64.27,-26.96,447.30,32.10,137.31,137.31,13.17,1.52,9.05,92.72,133.60,292.25,-26.84,24.89,22.09,8.99,-4.68,151.85,99.79,44.42,65.14,87.53,63.15,79.75,170.51,211.42,123.72,147.67,174.02,-242.37,42.84,-22.41,8.86,158.80,-83.18,206.15,171.85,-46.80,-64.49,40.94,175.66,132.47,155.83,27.48,56.35,62.78,-6.97,60.65,47.78,180.32,-627.69,87.19,8.65,20.56,22.05,140.96,142.14,38.41,39.23,-27.10,0.98,85.18,10.49,-171.18,-324.95,-238.81
34.00,38.27,7.21,-70.27,-0.86,-71.24,42.29,43.86,72.31,72.64,78.20,0.00,-27.60,-51.02,-33.05,-17.80,-17.80,65.67,65.67,63.09,150.49,-149.56,165.20,122.28,-56.47,192.19,39.91,25.25,-40.47,-9.84,180.71,188.20,188.20,55.57,55.57,74.53,88.73,88.73,154.12,154.25,110.56,110.56,63.27,63.27,68.10,68.10,48.70,57.55,57.55,75.16,61.11,-136.75,-67.16,-59.70,-19.84,34.54,26.63,21.33,21.33,25.98,49.31,-27.73,24.61,0.00,0.00,101.08,101.08,-107.50,-12.22,165.39,-8.61,-1.18,24.42,4.08,-10.36,-37.51,18.16,-33.55,-35.97,24.12,-3.86,1.89,0.99,30.04,48.01,47.05,52.95,2.18,19.76,36.28,6.33,9.43,-61.34,-61.34,-61.39,-11.92,-12.08,140.74,66.40,66.30,84.88,84.88,100.81,107.16,-22.38,242.27,37.19,37.19,-61.12,109.31,109.31,50.73,-12.14,13.13,48.01,41.55,41.55,47.13,42.27,-27.51,358.86,350.84,-6.65,-110.27,31.82,176.77,-7.86,334.69,312.64,112.19,149.80,331.58,70.37,70.54,183.04,-19.96,31.05,1.23,215.05,-22.85,-2.23,100.82,-2.58,-28.43,-32.30,105.32,88.00,41.31,61.65,42.54,227.22,14.57,26.86,230.06,230.06,106.25,106.25,41.94,41.88,45.65,9.05,-7.86,65.67,-4.59,11.18,-1.64,3.83,-2.16,-3.09,-35.00,8.02,34.94,8.57,10.07,155.88,48.50,-5.50,-44.80,-57.51,23.02,-94.50,55.63,16.09,1.75,149.06,227.59,-2.30,0.76,-17.97,-8.44,48.13,318.74,-92.15,515.73,439.61,218.45,-72.02,42.32,42.07,289.50,289.81,101.84,101.84,459.45,208.70,-30.70,7.37,92.15,5.10,-22.89,0.00,65.68,3.46,3.27,208.67,23.86,23.86,28.25,28.24,175.95,134.20,38.67,13.94,45.73,45.73,41.34,41.34,71.00,-13.85,64.42,18.28,77.04,48.83,26.66,28.30,18.32,18.32,46.53,43.94,16.22,-21.82,8.35,103.98,103.98,26.61,-60.32,17.90,6.40,9.01,23.14,22.89,15.60,10.90,18.20,34.48,30.98,38.70,36.94,-3.06,-13.09,-39.11,-42.47,-7.91,26.69,-25.12,-11.28,-11.78,24.55,10.61,-19.51,0.93,22.00,41.61,297.96,0.00,-305.87,-96.07,201.41,-295.07,-176.59,120.03,119.41,-9.79,-21.40,-37.58,124.97,103.72,101.30,96.86,96.81,48.34,-32.97,439.51,12.95,148.38,148.38,24.05,1.52,8.88,98.50,129.51,287.28,-29.70,24.49,20.80,9.45,-4.83,170.41,121.25,46.24,62.99,86.00,61.12,73.23,169.73,207.69,124.29,147.83,178.39,-254.27,41.64,-21.72,3.86,150.71,-91.50,262.38,164.86,-45.97,-65.43,41.21,175.17,130.41,155.63,24.15,55.20,58.79,-7.86,71.38,44.74,203.75,-641.50,77.33,7.37,20.14,22.89,141.07,142.25,37.89,38.71,-28.24,1.11,82.72,10.26,-176.57,-318.74,-250.53
35.00,37.62,7.63,-69.27,-1.17,-70.00,42.25,44.64,77.23,77.58,58.39,58.39,-38.86,-40.61,-23.48,-9.06,-9.06,65.06,65.06,62.50,154.59,-153.61,165.05,122.17,-58.10,192.19,19.99,3.77,-59.06,-30.00,186.19,193.91,193.91,52.67,52.67,72.31,86.06,86.06,155.41,155.54,110.56,110.56,61.19,61.19,51.12,51.12,31.46,55.64,55.64,74.79,60.05,-137.84,-64.48,-56.02,-16.66,52.61,27.89,22.87,22.87,24.66,48.22,-28.01,24.77,0.00,0.00,112.75,112.75,-107.59,-12.01,165.77,-8.73,-1.26,23.14,3.52,-10.27,-38.70,18.58,-31.41,-33.85,24.17,-4.69,1.58,0.82,31.19,54.12,47.89,53.82,0.56,19.66,34.97,32.84,9.85,-59.12,-59.13,-59.17,-11.72,-11.88,142.17,66.40,66.30,83.90,83.90,101.97,108.39,-20.27,234.97,37.56,37.56,-62.88,106.73,106.73,57.77,-11.20,13.03,54.12,34.79,34.79,47.97,42.23,-38.75,322.60,349.26,-6.31,-110.27,30.53,219.97,-8.63,368.17,322.47,110.21,153.87,364.41,71.80,71.98,184.13,-20.03,58.10,1.21,211.23,-22.51,-1.92,101.98,15.91,-30.30,-34.23,110.57,88.00,41.87,60.24,41.56,232.82,-5.65,15.45,230.06,230.06,103.72,103.72,41.92,41.85,103.19,9.40,-8.63,65.06,-4.06,11.79,-0.27,3.88,-2.02,-2.92,-34.76,9.47,35.85,6.46,12.21,154.18,48.27,-5.37,-42.70,-55.68,23.15,-94.43,61.12,17.68,-3.19,149.06,227.50,-2.23,1.06,-15.97,-7.99,31.08,310.26,-88.50,568.62,500.29,229.64,-70.63,39.95,39.73,289.50,289.80,125.20,125.20,430.86,209.62,-31.31,7.16,88.50,4.56,-24.44,27.52,78.67,-1.17,-1.35,209.60,24.20,24.20,27.79,27.77,170.68,134.20,40.65,14.98,43.95,43.95,40.38,40.38,69.98,-13.05,63.77,18.14,76.90,47.79,26.81,28.49,29.32,29.32,44.26,41.92,16.43,-21.05,7.69,101.46,101.46,25.65,-59.29,16.70,6.32,6.94,23.10,23.06,15.07,10.20,18.32,32.28,29.25,39.87,38.06,-3.12,-13.25,-37.55,-43.56,-8.11,27.19,-24.30,-10.73,-3.06,24.03,10.71,-19.03,0.81,22.33,40.83,299.73,0.00,-304.73,-96.07,197.38,-260.27,-181.51,79.90,111.08,-30.56,-19.30,-37.10,124.43,103.88,102.30,96.86,96.81,31.17,-23.44,422.60,-9.85,163.04,163.04,31.42,1.41,9.74,95.85,126.65,287.03,-30.70,24.66,20.53,8.58,-5.21,182.31,147.44,46.29,60.70,84.68,58.97,58.49,167.76,210.08,122.27,145.00,177.26,-264.35,40.86,-29.91,-30.02,147.68,-92.04,330.96,165.42,-44.95,-70.88,41.77,180.17,124.31,153.94,25.16,52.04,56.69,-8.84,78.38,42.42,250.52,-654.46,63.85,7.16,20.13,24.44,128.65,129.73,38.03,38.85,-27.77,-6.73,80.80,11.01,-181.49,-310.26,-260.46
36.00,36.91,7.24,-66.92,-1.36,-64.64,39.78,42.59,76.04,76.38,55.94,55.94,-34.34,-45.06,-27.89,-28.91,-28.91,48.44,48.44,46.53,169.43,-168.25,163.05,120.69,-59.86,192.19,13.59,-3.15,-61.68,-35.92,187.31,195.08,195.08,50.93,50.93,65.74,90.10,90.10,158.91,159.05,134.62,134.62,60.90,60.90,46.61,46.61,26.33,55.81,55.81,82.74,66.15,-140.59,-62.86,-54.34,-12.34,50.17,27.01,23.01,23.01,23.86,48.46,-31.61,27.44,0.00,0.00,117.48,117.48,-107.32,-11.69,166.53,-3.20,4.51,24.31,5.35,-15.87,-46.27,14.98,-25.39,-27.83,25.35,-7.92,1.09,0.24,31.40,59.52,45.52,48.80,-6.52,18.20,34.17,33.02,9.64,-56.11,-56.12,-56.16,-11.40,-11.56,144.32,66.40,66.29,78.18,78.18,98.83,105.05,-17.62,244.71,51.21,51.21,-64.79,99.31,99.31,66.49,-18.03,13.04,59.52,39.20,39.20,45.77,39.76,-34.24,307.87,339.02,-6.54,-109.84,29.76,219.62,-10.98,370.35,324.42,98.55,168.55,366.54,71.34,71.52,177.08,-18.89,56.18,1.21,209.84,-21.41,-2.20,98.84,28.55,-32.91,-38.11,117.53,88.00,40.54,64.93,44.80,230.30,-10.58,21.00,230.06,230.06,96.43,96.43,39.47,39.41,112.88,10.50,-10.98,48.44,-4.10,9.28,-1.77,4.19,-1.42,-2.84,-34.89,7.50,35.88,7.43,14.62,154.43,49.04,-5.42,-41.64,-62.28,25.43,-92.75,63.15,18.27,-4.75,149.06,225.82,-2.00,0.31,-16.30,-7.27,26.01,301.12,-87.52,569.02,502.55,236.82,-66.11,33.87,33.71,289.50,289.80,122.75,122.75,439.10,232.58,-30.95,7.28,87.52,4.76,-26.29,30.93,82.33,-15.13,-15.34,232.56,24.39,24.39,27.35,27.33,178.65,134.20,38.86,14.46,41.64,41.64,38.36,38.36,67.58,-12.63,61.72,16.03,74.79,46.00,25.48,32.77,24.80,24.80,42.49,40.30,16.74,-20.93,7.69,94.20,94.20,25.06,-65.23,13.21,6.14,0.17,26.45,18.36,16.21,11.46,17.03,29.85,28.03,39.97,38.15,-4.03,-13.03,-35.87,-43.79,-8.32,27.57,-24.03,-10.52,-0.10,23.61,10.72,-18.88,0.45,22.41,38.94,300.90,0.00,-306.04,-96.07,225.84,-265.26,-183.08,83.38,125.27,-36.04,-18.69,-37.07,123.56,104.32,103.88,96.86,96.81,26.07,-27.84,427.66,-9.64,161.84,161.84,35.96,1.41,13.03,93.31,122.71,283.55,-33.74,27.30,21.48,8.55,-5.49,188.41,138.25,43.52,59.31,84.01,57.65,43.83,156.34,203.61,116.67,139.13,214.61,-271.38,38.97,-37.93,-34.21,144.76,-96.44,347.75,158.54,-43.61,-77.36,40.44,174.19,131.60,154.19,24.06,48.06,55.05,-8.87,80.98,41.72,245.60,-658.11,70.29,7.28,20.19,26.29,124.94,125.99,37.75,38.56,-27.33,-5.78,76.75,14.06,-183.06,-301.12,-267.39
37.00,39.60,13.76,-69.71,-0.23,-62.27,46.28,42.81,79.85,80.21,60.91,60.91,-41.58,-35.85,-20.73,7.27,7.27,62.19,62.19,59.74,147.01,-146.13,174.55,129.20,-58.78,194.98,22.43,1.77,-58.88,-32.73,183.75,191.36,191.36,49.10,49.10,75.73,77.04,77.04,145.94,146.02,121.21,121.21,57.67,57.67,48.62,48.62,25.58,51.91,51.91,73.10,48.08,-134.16,-69.44,-64.73,-23.75,42.80,28.70,21.93,21.93,26.21,55.25,-32.99,24.78,0.00,0.00,121.02,121.02,-101.56,-10.18,169.44,-5.06,3.64,25.73,6.07,-16.59,-49.86,14.53,-21.74,-24.61,25.62,-10.89,1.39,0.15,32.57,63.62,47.98,51.25,-14.38,20.09,37.67,36.60,10.60,-56.57,-56.58,-56.62,-9.93,-10.07,143.02,66.36,66.30,83.34,83.34,106.75,113.47,-15.30,218.55,21.84,21.84,-63.62,108.79,108.79,61.86,-21.72,11.17,63.62,36.55,36.55,46.01,46.26,-41.46,332.49,359.25,-2.09,-105.84,32.02,257.81,-6.31,397.24,346.11,122.62,146.35,392.85,75.41,75.59,186.43,-20.24,60.56,1.32,216.85,-22.55,-1.48,106.75,24.55,-32.16,-38.48,109.08,88.00,44.70,58.44,40.32,229.79,-7.07,13.66,230.06,230.06,105.62,105.62,45.90,45.83,123.31,9.35,-6.31,62.19,-3.86,15.21,0.46,2.36,-2.78,-3.10,-36.60,8.79,37.76,6.27,11.07,151.83,51.48,-5.87,-44.55,-55.48,30.01,-89.02,66.86,19.34,-6.86,149.05,222.09,-2.24,1.68,-17.42,-7.87,25.27,316.10,-98.74,612.51,540.03,253.14,-71.63,43.39,43.13,289.45,289.75,132.51,132.51,420.82,157.14,-36.39,8.26,98.74,5.80,-32.20,24.77,82.01,16.96,16.85,157.12,24.87,24.87,25.75,25.73,152.88,134.20,43.66,17.94,47.51,47.51,44.02,44.02,70.43,-12.89,60.61,15.35,74.11,44.64,27.83,34.51,31.96,31.96,46.99,43.90,16.58,-26.67,7.65,103.24,103.24,27.63,-47.59,8.76,6.01,-7.70,27.73,22.08,17.93,13.39,15.93,33.57,29.72,42.75,40.80,-2.99,-13.19,-37.63,-45.39,-8.07,27.43,-25.35,-10.79,0.00,23.69,10.94,-20.18,0.81,22.52,40.77,301.57,0.00,-326.06,-97.47,120.02,-223.79,-185.17,39.43,93.59,-31.73,-19.72,-35.25,118.87,103.82,103.43,98.27,98.23,25.33,-20.70,410.90,-10.60,170.61,170.61,38.08,3.02,16.46,92.56,125.69,303.54,-33.04,24.66,22.24,8.66,-4.98,200.47,153.41,47.72,65.40,87.98,63.39,45.43,166.65,219.90,122.47,144.74,139.27,-269.54,40.80,-30.46,-30.33,154.88,-81.42,374.33,167.50,-39.51,-71.66,44.58,186.09,139.71,151.59,22.19,45.39,64.64,-5.13,85.71,51.05,265.16,-657.68,21.06,8.26,22.79,32.20,132.73,133.83,38.96,39.80,-25.73,-5.54,88.09,16.92,-185.15,-316.10,-265.58
38.00,42.55,18.21,-80.77,-0.13,-68.72,48.82,50.22,85.88,86.25,65.80,65.80,-45.91,-30.07,-14.64,2.62,2.62,61.78,61.78,59.34,148.29,-147.39,176.28,130.48,-57.57,194.98,26.59,4.21,-58.63,-31.87,186.42,194.16,194.16,49.50,49.50,74.07,77.40,77.40,146.84,146.93,133.83,133.83,58.16,58.16,51.09,51.09,26.81,52.51,52.51,74.41,46.00,-129.18,-70.85,-68.01,-21.23,40.47,28.92,21.96,21.96,28.28,59.29,-35.03,23.34,0.00,0.00,118.26,118.26,-95.97,-6.79,175.21,-5.57,3.55,25.40,5.80,-15.76,-49.77,14.43,-21.92,-24.99,25.92,-11.34,1.81,0.53,32.34,61.53,48.41,51.91,-15.02,20.49,38.29,36.75,10.37,-56.43,-56.44,-56.48,-6.62,-6.71,149.04,68.26,68.20,88.82,88.82,109.74,116.64,-15.00,273.13,37.96,37.96,-62.32,112.79,112.79,59.77,-27.89,10.82,61.53,41.85,41.85,53.96,48.80,-45.77,382.36,396.72,1.09,-100.84,34.07,261.29,-7.32,392.96,339.05,130.80,147.62,388.67,75.28,75.46,207.31,-18.57,61.10,1.32,226.01,-22.88,-1.36,109.74,5.45,-31.04,-37.60,112.48,88.00,45.81,56.79,39.19,232.01,-4.33,5.72,230.06,230.06,109.65,109.65,48.41,48.34,120.88,9.03,-7.32,61.78,-3.77,13.53,1.16,2.35,-2.92,-2.84,-37.05,8.78,34.90,5.61,12.95,157.26,52.64,-6.01,-41.81,-53.79,31.21,-88.30,64.12,18.55,-3.98,149.06,221.36,-2.30,1.95,-16.83,-7.62,26.49,319.81,-105.25,602.78,534.77,248.65,-77.52,47.05,46.74,289.46,289.77,132.28,132.28,457.61,169.54,-36.78,10.47,105.25,6.39,-34.46,20.01,76.50,17.07,16.93,169.53,25.02,25.02,25.81,25.79,153.61,134.20,44.03,18.71,47.24,47.24,43.89,43.89,81.74,-12.69,61.43,16.46,75.22,45.12,28.03,32.60,35.53,35.53,50.75,47.31,17.27,-28.03,8.60,107.35,107.35,28.09,-45.55,8.26,6.12,-8.89,26.41,23.41,19.28,14.75,13.60,35.83,31.61,41.32,39.43,-5.20,-9.83,-34.81,-41.84,-7.32,28.00,-23.26,-9.80,0.00,23.69,10.86,-18.61,0.43,22.74,40.86,302.62,0.00,-328.77,-97.47,142.14,-225.19,-182.31,43.71,139.74,-28.51,-20.92,-33.90,112.91,103.00,102.32,98.27,98.23,26.55,-14.62,461.02,-10.37,168.91,168.91,35.20,3.02,17.14,101.46,140.19,306.54,-33.61,23.24,23.21,8.61,-4.49,192.87,158.37,48.32,66.48,88.58,64.41,46.73,177.61,226.05,130.88,153.59,172.67,-260.47,40.89,-28.27,-19.09,171.43,-77.83,367.45,188.23,-38.44,-63.23,45.68,187.73,140.77,157.01,24.35,46.30,68.33,-3.28,82.21,54.62,264.69,-652.22,39.99,10.48,23.30,34.46,131.88,132.98,38.69,39.52,-25.79,-6.62,87.84,17.48,-182.29,-319.81,-256.65
39.00,43.60,18.95,-82.33,-0.98,-75.25,47.19,51.14,87.92,88.30,67.53,67.53,-47.55,-28.31,-13.18,3.23,3.23,61.18,61.18,58.77,141.98,-141.15,174.00,128.79,-57.44,194.98,26.55,3.91,-59.35,-32.50,181.70,189.23,189.23,49.94,49.94,76.58,75.61,75.61,144.98,145.07,136.91,136.91,58.06,58.06,51.80,51.80,27.31,52.24,52.24,74.37,45.43,-128.36,-70.35,-67.71,-20.14,40.57,28.77,21.98,21.98,28.10,59.37,-34.87,23.58,0.00,0.00,117.88,117.88,-95.43,-6.45,175.68,-6.95,2.20,24.97,5.18,-15.89,-49.42,14.36,-22.98,-26.19,25.75,-10.66,2.02,0.77,32.57,58.90,48.23,51.73,-14.47,20.48,37.92,36.62,10.69,-56.98,-56.98,-57.02,-6.29,-6.38,149.83,80.30,80.23,89.39,89.39,109.39,116.27,-18.07,278.80,38.96,38.96,-62.17,113.03,113.03,58.10,-27.62,11.92,58.90,42.72,42.72,54.95,47.17,-47.41,395.16,406.74,1.72,-100.61,33.89,266.49,-3.36,390.64,330.42,130.23,141.36,386.40,75.10,75.28,210.74,-18.16,61.17,1.32,222.94,-23.32,-1.49,109.39,-5.11,-30.93,-37.70,109.53,88.00,45.66,57.10,39.40,226.21,-4.44,4.12,230.06,230.06,110.03,110.03,46.80,46.73,115.36,8.58,-3.36,61.18,-3.90,13.12,1.28,1.88,-2.80,-2.66,-36.89,9.15,33.81,5.49,12.42,156.46,53.44,-6.59,-41.10,-54.17,31.14,-88.00,61.98,17.93,-3.72,149.05,221.06,-2.39,1.92,-16.65,-8.02,26.98,316.09,-107.32,606.41,531.46,245.23,-75.49,46.37,46.07,289.46,289.76,132.53,132.53,462.44,172.63,-37.14,11.12,107.32,6.51,-34.76,22.00,75.84,22.02,21.89,172.61,24.94,24.94,25.90,25.89,150.06,134.20,44.33,18.74,47.25,47.25,43.89,43.89,83.33,-12.14,62.30,17.89,76.65,45.40,27.79,30.50,37.23,37.23,50.44,47.24,17.53,-27.21,8.61,107.88,107.88,27.81,-44.99,8.80,6.36,-8.03,25.39,24.76,20.05,15.50,12.92,35.40,31.52,37.35,35.65,-10.39,-11.40,-33.74,-40.38,-6.92,27.99,-21.86,-9.02,0.00,23.59,10.86,-17.65,0.43,22.74,40.33,303.59,0.00,-326.20,-97.47,143.17,-220.28,-182.04,39.03,147.12,-28.72,-22.04,-33.32,106.59,100.91,100.52,98.27,98.23,27.04,-13.16,464.68,-10.69,168.93,168.93,34.10,2.99,16.83,101.65,141.93,302.58,-33.33,23.48,21.73,8.26,-4.28,182.41,161.07,48.07,65.83,88.99,63.79,46.06,178.74,225.33,132.92,156.01,172.16,-255.64,40.36,-27.06,-16.63,177.91,-63.61,358.56,191.55,-38.79,-61.60,45.53,185.71,140.23,156.21,24.19,46.25,66.08,-3.08,79.49,53.96,265.19,-651.56,35.90,11.12,23.28,34.76,133.51,134.62,39.31,40.16,-25.89,-6.44,87.83,17.03,-182.02,-316.09,-251.88
40.00,43.63,18.92,-80.83,-0.21,-74.28,46.25,51.55,88.07,88.46,67.67,67.67,-47.53,-28.33,-13.49,3.76,3.76,60.99,60.99,58.59,141.67,-140.85,171.27,126.77,-59.23,194.98,25.71,2.65,-59.81,-33.71,181.38,188.89,188.89,48.76,48.76,76.48,74.51,74.51,144.12,144.21,135.99,135.99,57.63,57.63,50.18,50.18,25.80,51.82,51.82,73.57,44.88,-127.50,-69.01,-66.48,-19.73,40.27,28.65,21.82,21.82,27.34,58.35,-34.80,23.91,0.00,0.00,117.27,117.27,-95.47,-6.55,174.38,-5.29,3.74,25.58,5.40,-16.18,-49.20,14.27,-22.92,-26.01,25.98,-10.86,1.63,0.50,32.72,60.56,47.95,51.37,-13.53,20.16,37.21,36.79,10.56,-57.23,-57.24,-57.28,-6.39,-6.48,148.81,80.03,79.96,89.24,89.24,109.30,116.18,-18.23,277.23,37.96,37.96,-64.11,113.18,113.18,57.52,-28.25,11.06,60.56,42.59,42.59,55.39,46.23,-47.39,393.85,406.05,1.79,-100.46,33.16,275.37,-0.39,393.30,336.30,129.69,141.06,389.00,74.94,75.12,209.12,-18.04,61.64,1.32,219.85,-22.96,-1.36,109.31,-2.42,-31.09,-37.83,107.59,88.00,45.28,57.92,39.96,226.89,-5.37,4.77,230.06,230.06,110.16,110.16,45.86,45.79,118.39,8.95,-0.39,60.99,-3.80,12.74,1.18,1.87,-2.97,-2.89,-36.71,8.97,36.23,5.68,12.33,155.92,53.45,-6.56,-41.16,-55.17,30.85,-88.03,64.37,18.62,-4.33,149.05,221.10,-2.32,1.99,-16.84,-7.64,25.49,310.97,-107.45,616.77,535.08,247.97,-76.54,44.79,44.51,289.46,289.76,132.64,132.64,456.47,171.71,-36.84,11.22,107.45,6.31,-34.32,22.50,77.51,20.30,20.17,171.69,24.63,24.63,26.20,26.19,147.89,134.20,44.14,18.61,47.03,47.03,43.51,43.51,81.80,-12.81,62.60,18.55,77.31,45.34,27.65,29.55,37.22,37.22,50.12,46.76,17.42,-26.40,8.43,107.99,107.99,27.29,-44.45,9.09,6.16,-7.50,24.65,22.96,20.06,15.50,14.50,34.56,31.22,38.82,37.05,-7.76,-14.10,-36.12,-43.41,-7.59,26.01,-23.68,-10.16,0.00,23.40,10.86,-18.79,1.41,21.76,40.77,303.53,0.00,-322.16,-97.47,140.74,-212.41,-182.65,30.48,147.22,-29.90,-22.55,-32.99,100.15,98.38,98.48,98.27,98.23,25.55,-13.48,459.63,-10.56,170.96,170.96,36.53,2.99,16.59,101.67,138.89,297.84,-32.42,23.81,22.08,8.82,-4.72,189.72,157.09,47.62,64.60,89.45,62.64,45.14,178.46,225.15,131.88,154.68,167.59,-256.93,40.80,-27.63,-17.22,178.81,-51.23,364.31,189.99,-39.11,-62.21,45.16,183.59,138.31,155.67,23.56,46.94,63.54,-2.96,82.53,52.41,265.41,-653.22,32.42,11.22,23.31,34.32,133.28,134.39,39.81,40.67,-26.19,-6.88,87.07,17.03,-182.63,-310.97,-253.15
41.00,43.26,18.29,-78.83,0.62,-71.05,45.24,51.66,87.71,88.09,67.15,67.15,-47.47,-28.37,-13.56,4.23,4.23,61.00,61.00,58.60,140.82,-140.01,167.10,123.69,-58.79,192.19,25.52,3.00,-58.93,-33.11,181.15,188.65,188.65,47.44,47.44,77.12,72.78,72.78,142.67,142.76,134.01,134.01,57.75,57.75,49.91,49.91,25.55,51.89,51.89,71.63,44.69,-124.35,-67.39,-64.55,-19.63,39.82,28.39,22.11,22.11,26.10,56.33,-33.73,24.39,0.00,0.00,119.25,119.25,-95.64,-6.81,172.47,-6.36,2.49,25.85,4.65,-16.74,-48.94,14.22,-24.15,-27.25,25.97,-9.61,1.34,0.19,32.59,62.32,47.44,50.69,-10.92,19.87,36.37,36.48,10.43,-57.39,-57.40,-57.44,-6.64,-6.73,147.13,79.73,79.67,88.79,88.79,108.61,115.45,-17.53,275.59,37.13,37.13,-63.64,113.24,113.24,57.25,-28.02,9.91,62.32,42.07,42.07,55.51,45.22,-47.33,390.31,403.09,1.41,-100.03,31.96,283.53,2.01,395.87,342.46,129.51,140.22,391.52,74.82,75.00,206.52,-17.03,59.99,1.33,217.79,-22.75,-1.30,108.62,-2.08,-32.14,-38.40,106.58,88.00,44.42,59.26,40.89,227.14,-5.17,4.86,230.06,230.06,110.09,110.09,44.87,44.80,121.44,9.15,2.01,61.00,-3.72,12.74,1.18,1.94,-3.00,-3.08,-36.74,8.53,37.62,5.63,11.09,154.94,53.28,-6.35,-40.11,-56.59,30.05,-88.50,66.43,19.22,-4.14,149.05,221.56,-2.28,2.00,-17.04,-7.46,25.24,302.91,-106.92,625.89,538.44,251.00,-78.01,42.94,42.68,289.46,289.76,132.75,132.75,448.45,169.78,-35.64,11.32,106.92,6.20,-33.07,23.12,78.97,20.57,20.44,169.76,24.58,24.58,26.90,26.88,144.47,134.20,43.64,18.87,46.17,46.17,42.88,42.88,79.75,-13.26,63.09,18.76,77.52,46.04,27.53,28.73,37.07,37.07,49.01,45.80,17.19,-25.18,7.99,107.79,107.79,26.68,-44.27,10.77,6.43,-4.79,23.88,23.61,19.85,15.28,16.03,34.12,30.72,42.13,40.21,-3.41,-13.56,-37.49,-45.35,-8.18,24.83,-25.24,-11.32,0.00,23.81,10.88,-19.61,2.02,21.18,42.27,303.46,0.00,-321.02,-96.07,138.86,-204.42,-182.45,22.64,148.34,-30.30,-22.75,-32.82,94.19,95.73,96.83,96.86,96.81,25.30,-13.54,452.65,-10.43,171.79,171.79,37.94,1.44,15.55,101.10,135.90,290.59,-29.07,24.28,22.68,8.91,-5.11,199.36,156.18,47.21,63.15,90.73,61.27,45.16,177.54,223.74,130.75,153.34,164.05,-257.03,42.30,-28.75,-17.71,178.58,-40.41,370.36,187.19,-39.60,-62.96,44.30,178.71,142.05,154.70,23.50,46.00,62.47,-3.24,85.16,50.60,265.64,-654.67,30.82,11.32,22.28,33.07,133.00,134.11,39.51,40.36,-26.88,-7.42,85.80,16.05,-182.43,-302.91,-253.25
42.00,42.69,16.22,-80.20,-0.24,-72.91,44.27,52.29,86.98,87.36,69.00,69.00,-48.88,-27.62,-12.55,9.33,9.33,58.07,58.07,55.79,139.03,-138.24,162.31,120.14,-59.85,192.19,24.95,2.96,-59.81,-33.32,178.05,185.42,185.42,46.75,46.75,77.70,71.31,71.31,141.33,141.42,142.35,142.35,57.32,57.32,49.21,49.21,25.19,51.42,51.42,70.74,45.50,-125.49,-65.62,-62.32,-16.51,41.31,28.39,22.31,22.31,25.89,55.28,-37.73,29.19,0.00,0.00,120.34,120.34,-95.61,-5.82,173.32,-4.23,4.36,26.05,4.75,-17.30,-48.35,14.01,-25.19,-28.27,25.90,-8.32,1.04,-0.13,32.64,63.41,46.64,49.70,-7.97,19.23,35.53,36.30,10.52,-58.52,-58.53,-58.57,-5.68,-5.76,148.96,103.77,103.71,89.50,89.50,108.44,115.27,-18.66,252.09,33.35,33.35,-64.78,113.39,113.39,53.93,-27.55,11.01,63.41,43.75,43.75,56.18,44.26,-48.73,397.00,404.47,0.47,-100.31,31.75,280.15,3.68,392.34,343.57,130.30,138.44,388.07,74.07,74.25,208.02,-17.83,60.86,1.29,213.62,-23.06,-1.19,108.45,11.52,-32.74,-38.91,102.85,88.00,43.36,61.10,42.16,224.45,-5.61,3.38,230.06,230.06,110.03,110.03,43.91,43.85,122.15,8.84,3.68,58.07,-3.67,14.05,1.72,2.06,-3.17,-3.16,-36.76,8.36,38.47,5.20,12.49,152.88,54.70,-6.62,-41.33,-58.63,29.21,-89.79,67.73,19.59,-6.74,149.05,222.84,-2.34,2.25,-17.23,-7.58,24.89,294.76,-105.66,629.66,533.06,250.83,-77.93,40.76,40.53,289.49,289.79,130.43,130.43,453.21,178.19,-36.26,10.06,105.66,5.82,-31.80,26.52,83.24,22.01,21.88,178.16,24.79,24.79,27.60,27.58,141.56,134.20,43.51,18.75,46.32,46.32,42.95,42.95,81.15,-12.67,63.41,19.19,77.95,46.21,26.95,28.29,38.56,38.56,48.70,45.58,17.48,-23.58,8.21,107.52,107.52,26.06,-45.06,12.60,6.59,-1.68,23.26,21.10,21.19,16.49,16.64,33.55,30.51,43.98,41.98,-2.86,-13.02,-38.34,-46.61,-8.60,25.03,-26.03,-11.52,0.00,23.95,10.89,-20.36,1.94,21.29,40.36,303.49,0.00,-320.35,-96.07,134.68,-207.68,-185.05,23.32,137.89,-31.38,-22.34,-31.99,88.38,93.04,95.31,96.86,96.81,24.94,-12.54,433.94,-10.52,171.64,171.64,38.80,1.44,14.27,101.26,141.65,282.25,-30.25,29.03,23.36,9.08,-5.45,204.37,150.50,46.00,61.68,90.36,59.88,45.50,178.98,223.39,133.34,156.03,151.54,-263.90,40.39,-25.75,-12.57,178.21,-31.20,370.90,188.58,-41.30,-52.87,43.25,177.61,142.47,152.64,24.24,43.16,60.37,-3.69,86.81,48.48,260.99,-658.99,5.94,10.06,22.38,31.80,130.95,132.04,39.67,40.53,-27.58,-7.64,85.96,14.92,-185.03,-294.76,-260.02
43.00,41.78,15.19,-81.08,1.84,-67.28,43.53,57.78,88.51,88.90,71.58,71.58,-51.23,-24.14,-10.03,8.49,8.49,58.91,58.91,56.59,141.54,-140.72,155.34,114.98,-60.14,191.76,29.11,7.93,-54.76,-28.18,176.02,183.30,183.30,44.92,44.92,75.60,71.22,71.22,142.19,142.29,136.59,136.59,57.24,57.24,50.97,50.97,28.06,51.49,51.49,67.75,46.24,-123.00,-63.06,-58.88,-12.60,41.16,28.08,22.38,22.38,25.40,53.54,-33.56,24.83,0.00,0.00,121.09,121.09,-94.69,-4.87,173.88,-9.97,-1.60,24.44,2.94,-17.36,-46.93,14.89,-27.59,-30.52,25.50,-6.41,0.84,-0.27,32.17,62.34,46.76,50.12,-4.26,18.59,34.01,34.70,10.09,-59.48,-59.49,-59.53,-4.75,-4.81,150.79,106.22,106.15,88.72,88.72,106.09,112.76,-17.32,262.57,36.09,36.09,-65.10,115.69,115.69,52.76,-27.71,9.30,62.34,46.66,46.66,62.08,43.51,-51.08,415.43,416.29,-0.19,-98.93,31.27,284.91,5.00,390.95,340.66,131.03,140.93,386.70,73.38,73.56,214.22,-18.54,58.17,1.32,206.83,-22.95,-1.25,106.09,12.15,-32.93,-38.33,102.90,88.00,42.55,61.63,42.53,221.13,-1.14,0.99,230.06,230.06,112.34,112.34,43.17,43.11,120.35,8.95,5.00,58.91,-3.65,13.07,1.66,1.92,-3.00,-3.18,-36.18,8.52,38.53,5.06,13.84,150.73,53.44,-6.59,-41.43,-58.72,27.52,-91.28,67.48,19.52,-6.66,149.05,224.34,-2.32,2.13,-16.52,-7.58,27.72,288.60,-105.19,632.94,531.29,249.02,-89.29,35.94,35.76,289.50,289.81,130.47,130.47,457.66,193.66,-35.52,9.09,105.19,5.46,-29.10,25.87,83.85,13.09,12.95,193.64,24.80,24.80,28.20,28.18,141.39,134.20,43.17,17.50,44.68,44.68,41.23,41.23,82.05,-15.20,64.06,19.82,78.58,46.83,26.28,26.73,40.91,40.91,47.74,44.69,18.22,-20.62,7.64,109.88,109.88,24.94,-45.79,14.83,6.87,2.27,21.86,26.04,20.05,15.13,18.01,32.67,30.31,44.09,42.08,-2.87,-13.00,-38.39,-46.84,-8.77,25.31,-26.27,-11.83,0.00,23.80,10.86,-20.37,1.76,21.41,41.35,303.66,0.00,-307.49,-95.86,153.42,-204.97,-184.96,20.68,149.87,-26.94,-21.88,-31.93,79.90,90.37,93.52,96.64,96.59,27.79,-10.02,439.78,-10.09,171.61,171.61,38.86,0.42,12.56,100.15,136.59,270.15,-28.67,24.72,21.43,7.50,-5.61,204.42,155.84,44.70,59.03,89.45,57.39,46.95,177.41,218.55,131.76,154.36,149.52,-264.39,41.38,-24.63,-6.44,183.77,-20.22,367.31,194.96,-42.14,-44.95,42.44,175.11,132.12,150.50,23.14,44.95,55.75,-4.53,86.50,43.76,261.07,-659.63,9.21,9.09,21.32,29.10,131.18,132.27,39.39,40.24,-28.18,-9.54,82.51,13.28,-184.94,-288.60,-260.50
44.00,40.10,13.19,-75.67,2.52,-68.73,39.33,56.96,85.65,86.02,67.99,67.99,-49.59,-26.25,-11.89,4.72,4.72,60.97,60.97,58.57,136.19,-135.43,146.91,108.74,-61.70,191.76,57.29,37.26,-25.20,0.75,165.84,172.67,172.67,47.09,47.09,77.46,72.21,72.21,143.89,144.00,126.39,126.39,54.81,54.81,69.30,69.30,48.02,48.95,48.95,62.26,45.35,-131.31,-59.19,-53.65,-9.29,47.69,27.61,22.94,22.94,23.75,50.00,-35.96,30.27,0.00,0.00,119.87,119.87,-100.61,-7.52,170.01,-8.08,-0.25,24.08,2.68,-19.25,-46.43,14.89,-29.57,-32.33,24.95,-4.09,0.49,-0.35,31.85,61.14,45.78,48.72,0.75,17.40,31.94,32.70,9.63,-59.99,-59.99,-60.04,-7.34,-7.44,148.47,106.69,106.61,88.49,88.49,101.37,107.75,-20.15,255.44,37.51,37.51,-66.79,113.09,113.09,52.75,-18.03,8.56,61.14,43.94,43.94,61.20,39.32,-49.44,393.77,399.12,-1.62,-104.84,29.67,279.40,5.39,380.73,332.65,130.17,135.63,376.70,71.35,71.52,204.30,-17.37,57.75,1.26,202.77,-22.82,-1.46,101.37,-3.82,-33.20,-38.02,93.29,88.00,40.59,64.63,44.59,210.61,26.73,3.14,230.06,230.06,109.84,109.84,39.02,38.96,116.75,9.08,5.39,60.97,-3.77,10.68,1.10,2.44,-2.67,-3.12,-35.53,8.59,38.47,5.41,12.42,144.43,52.14,-5.90,-39.49,-61.82,25.57,-93.43,66.96,19.37,-6.16,149.06,226.49,-2.29,1.80,-16.08,-7.61,47.45,278.95,-103.48,623.07,516.94,243.20,-87.31,32.05,31.90,289.51,289.82,126.40,126.40,439.81,203.05,-34.30,9.17,103.48,5.70,-25.68,29.37,73.31,13.37,13.21,203.03,24.61,24.61,28.83,28.81,143.36,134.20,41.82,17.87,42.02,42.02,39.28,39.28,76.52,-15.81,64.95,20.65,79.40,47.67,24.95,24.91,39.23,39.23,45.04,42.39,17.85,-18.33,6.81,107.45,107.45,23.43,-44.92,17.43,7.21,6.90,20.51,23.20,19.10,14.24,18.96,31.58,29.05,43.81,41.81,-2.70,-13.24,-38.34,-47.18,-9.17,25.03,-26.21,-11.60,0.00,23.75,10.76,-20.50,1.77,21.19,39.24,301.80,0.00,-297.44,-95.86,170.30,-203.92,-184.48,20.11,145.32,2.55,-20.77,-32.43,70.53,87.71,91.65,96.64,96.59,47.65,-11.88,425.49,-9.63,166.46,166.46,38.81,0.42,10.52,99.47,129.31,255.49,-31.11,30.10,23.01,8.05,-6.07,202.38,146.99,42.20,55.44,86.82,53.99,48.35,176.95,208.83,130.53,153.28,149.15,-255.49,39.26,-24.75,-10.37,176.79,-10.53,357.95,184.98,-44.33,-49.91,40.49,164.80,132.39,144.21,23.10,42.93,58.01,-5.85,85.83,39.93,252.93,-649.13,18.91,9.17,20.96,25.68,128.05,129.11,39.19,40.04,-28.81,-10.99,78.60,11.30,-184.45,-278.95,-251.74
45.00,38.38,11.25,-69.72,3.99,-63.03,36.61,55.21,81.98,82.35,65.24,65.24,-45.90,-31.50,-16.87,0.02,0.02,64.52,64.52,61.98,142.93,-142.10,135.17,100.05,-62.70,189.45,58.91,40.61,-20.47,5.49,167.30,174.20,174.20,48.39,48.39,73.74,77.91,77.91,150.62,150.73,109.45,109.45,55.12,55.12,71.15,71.15,51.37,49.52,49.52,58.81,47.54,-140.15,-54.09,-47.13,-5.71,53.10,27.51,22.48,22.48,21.86,45.38,-33.94,30.83,0.00,0.00,120.45,120.45,-107.24,-10.48,165.84,-5.56,1.46,23.97,2.69,-20.18,-44.27,13.94,-31.78,-34.37,25.04,-1.65,0.41,-0.57,31.57,60.47,43.69,46.32,5.94,16.67,29.25,32.24,10.48,-60.79,-60.80,-60.84,-10.22,-10.36,145.97,82.43,82.35,86.20,86.20,96.45,102.52,-20.73,223.14,35.45,35.45,-67.87,111.59,111.59,52.46,-13.33,7.51,60.47,41.84,41.84,59.32,36.60,-45.76,361.99,375.65,-2.93,-110.66,27.83,264.85,9.18,366.59,322.48,132.32,142.31,362.86,69.38,69.55,191.75,-16.90,55.45,1.26,192.65,-22.61,-1.66,96.45,13.33,-34.52,-38.75,94.97,88.00,38.68,68.94,47.57,211.94,29.29,9.19,230.06,230.06,108.34,108.34,36.32,36.26,111.85,9.29,9.18,64.52,-3.94,9.45,0.26,3.27,-2.46,-3.04,-34.99,7.99,37.88,6.24,12.77,141.10,50.49,-5.79,-38.80,-67.20,24.62,-96.36,65.85,19.05,-8.43,149.05,229.41,-2.25,1.45,-16.00,-7.78,50.76,266.10,-97.71,617.60,496.29,236.92,-89.39,27.80,27.69,289.52,289.82,119.87,119.87,413.68,207.58,-31.27,7.78,97.71,5.25,-22.72,39.41,78.52,-2.81,-2.98,207.56,24.45,24.45,30.32,30.30,154.60,134.20,40.71,16.86,39.92,39.92,37.11,37.11,70.44,-17.79,66.44,21.79,80.54,49.32,24.00,22.91,35.69,35.69,42.69,40.32,17.88,-15.67,5.97,105.92,105.92,21.45,-47.07,20.76,7.80,12.14,18.95,19.21,17.53,12.69,19.04,30.78,28.18,42.79,40.84,-3.63,-13.22,-37.75,-46.56,-9.13,25.71,-25.74,-11.31,0.00,23.83,10.75,-20.19,1.42,21.51,38.12,303.89,0.00,-278.42,-94.71,180.52,-217.13,-186.74,31.14,122.73,5.73,-19.96,-32.64,62.77,83.37,88.02,95.47,95.42,51.00,-16.85,389.88,-10.48,163.32,163.32,38.20,-0.08,8.60,96.96,120.67,235.09,-33.37,30.65,21.53,8.17,-6.11,198.42,132.79,40.53,50.76,84.62,49.54,66.69,172.36,198.71,125.84,148.53,132.79,-265.21,38.14,-25.90,-17.90,166.59,4.76,346.81,172.90,-47.90,-55.30,38.59,160.99,117.19,140.90,22.30,42.92,51.24,-7.21,84.42,35.75,239.85,-654.34,26.10,7.78,20.03,22.72,123.67,124.70,38.73,39.57,-30.30,-13.21,74.26,9.46,-186.72,-266.10,-261.32
46.00,36.81,9.16,-62.79,3.88,-61.65,33.23,51.76,77.54,77.89,61.96,61.96,-40.33,-38.16,-22.80,-16.50,-16.50,51.51,51.51,49.48,151.84,-150.90,126.44,93.58,-64.83,189.45,54.96,37.72,-22.25,4.07,167.89,174.82,174.82,47.72,47.72,70.07,82.50,82.50,153.83,153.96,120.53,120.53,54.70,54.70,67.67,67.67,49.32,49.36,49.36,64.06,58.68,-147.17,-49.37,-41.20,-2.63,57.57,26.19,22.04,22.04,20.72,41.81,-32.03,31.97,0.00,0.00,118.93,118.93,-112.66,-13.08,162.84,-5.24,1.14,23.76,3.17,-14.89,-36.94,16.78,-33.79,-36.35,24.50,0.00,0.04,-0.84,30.70,59.82,44.99,49.88,9.48,15.51,26.70,30.81,9.98,-61.03,-61.04,-61.09,-12.76,-12.93,144.34,66.38,66.28,80.00,80.00,89.53,95.16,-22.05,229.34,43.43,43.43,-70.18,107.13,107.13,53.47,-12.95,6.91,59.82,40.37,40.37,55.61,33.22,-40.21,334.76,352.16,-4.35,-115.30,26.72,267.01,12.95,362.23,319.72,107.05,151.14,358.58,68.96,69.12,178.73,-16.01,54.33,1.26,181.27,-21.49,-1.94,89.53,19.82,-32.87,-36.62,98.14,88.00,39.18,66.23,45.70,210.92,25.69,16.08,230.06,230.06,103.98,103.98,32.97,32.91,110.72,10.42,12.95,51.51,-3.95,5.71,-1.13,2.98,-1.80,-3.07,-33.86,6.73,38.29,7.00,15.09,134.55,48.57,-5.67,-37.94,-63.12,22.28,-97.14,65.75,19.02,-9.63,149.06,230.17,-2.02,0.70,-16.23,-7.14,48.74,255.71,-93.52,620.12,490.42,234.10,-84.71,24.16,24.08,289.52,289.83,118.45,118.45,407.64,218.71,-29.34,8.02,93.52,4.44,-19.95,38.66,80.86,-17.92,-18.11,218.69,24.47,24.47,30.61,30.59,163.65,134.20,38.92,14.15,37.67,37.67,34.93,34.93,63.37,-16.82,67.14,22.98,81.74,49.51,22.83,21.20,30.31,30.31,40.71,38.57,17.53,-13.28,5.08,101.59,101.59,19.58,-57.96,22.57,7.94,15.55,17.64,17.63,15.66,10.79,19.37,28.94,27.23,43.63,41.64,-3.06,-13.08,-38.16,-47.43,-9.60,25.51,-26.33,-11.68,0.00,23.27,10.75,-20.57,1.51,21.42,36.26,303.96,0.00,-265.75,-94.71,200.36,-217.89,-187.94,30.71,131.16,2.86,-19.07,-32.87,55.54,78.45,83.79,95.47,95.42,48.95,-22.77,387.89,-9.98,163.75,163.75,38.62,-0.08,7.00,92.64,110.30,219.91,-35.03,31.78,19.68,8.00,-6.54,199.20,126.66,38.22,46.33,81.22,45.31,63.90,159.98,184.47,118.46,140.73,162.13,-268.55,36.28,-26.60,-21.01,156.16,19.53,342.87,159.77,-48.74,-55.73,39.09,155.14,110.36,134.37,22.08,44.00,46.45,-8.39,84.29,32.16,237.00,-656.69,39.08,8.03,19.69,19.95,122.13,123.15,38.69,39.52,-30.59,-10.59,69.89,7.94,-187.92,-255.71,-264.60
47.00,36.00,8.17,-58.46,4.89,-57.59,32.92,50.75,76.15,76.50,60.41,60.41,-40.65,-38.59,-23.09,-21.40,-21.40,43.45,43.45,41.74,152.59,-151.64,116.63,86.32,-54.32,165.38,61.80,47.22,-14.20,13.04,163.79,170.54,170.54,46.02,46.02,69.07,82.08,82.08,153.40,153.54,127.56,127.56,53.71,53.71,71.85,71.85,54.39,48.45,48.45,65.33,63.48,-147.17,-47.04,-38.38,0.64,55.71,25.48,21.78,21.78,20.94,40.11,-32.64,32.80,0.00,0.00,118.08,118.08,-112.56,-12.26,163.68,-3.07,2.75,25.00,3.47,-14.36,-34.44,16.84,-34.83,-37.28,24.22,1.09,-0.02,-0.81,31.05,60.06,44.44,49.67,11.49,15.27,25.29,29.67,9.58,-59.67,-59.68,-59.72,-11.96,-12.13,146.21,66.38,66.28,76.13,76.13,86.30,91.73,-17.13,231.26,46.55,46.55,-58.80,103.83,103.83,59.40,-11.52,6.31,60.06,43.83,43.83,54.53,32.91,-40.53,330.29,346.25,-5.19,-115.11,26.94,268.60,15.87,358.03,317.11,93.67,151.88,354.47,68.82,68.99,174.16,-15.32,53.86,1.27,173.89,-20.56,-1.82,86.31,20.36,-32.99,-36.90,93.81,88.00,38.76,67.32,46.45,206.98,35.00,16.31,230.06,230.06,100.61,100.61,32.66,32.61,109.15,11.37,15.87,43.45,-3.66,4.57,-1.32,3.99,-1.60,-3.03,-34.17,6.11,38.06,6.70,17.17,130.45,48.62,-5.66,-37.14,-64.55,21.81,-98.91,65.60,18.98,-9.69,149.05,231.93,-1.83,0.53,-16.29,-6.38,53.76,243.84,-87.64,619.99,484.01,232.76,-78.30,29.56,29.44,289.52,289.82,115.83,115.83,407.75,226.34,-26.46,6.91,87.64,4.32,-18.38,44.95,78.17,-24.67,-24.86,226.31,24.30,24.30,30.89,30.87,162.83,134.20,36.65,12.93,36.00,36.00,33.39,33.39,58.97,-18.33,67.68,23.74,82.49,49.80,22.54,19.78,30.53,30.53,41.67,39.32,18.50,-10.86,4.31,98.10,98.10,18.56,-62.64,23.82,8.06,17.83,16.62,14.47,15.53,10.76,19.76,30.11,28.32,43.14,41.17,-3.14,-13.23,-37.93,-47.26,-9.66,25.52,-26.12,-11.66,0.00,24.00,10.81,-20.33,1.59,21.47,35.88,303.91,0.00,-253.73,-82.67,209.28,-215.36,-188.00,28.10,139.16,10.93,-17.42,-33.40,49.61,75.20,81.88,83.25,83.22,54.02,-23.05,383.99,-9.58,162.27,162.27,38.39,-1.57,5.97,89.58,103.43,202.85,-35.13,32.60,19.86,8.54,-6.66,198.64,116.30,37.69,43.90,80.53,42.98,68.12,152.23,177.83,113.23,134.73,174.13,-268.77,35.90,-31.85,-19.48,154.23,31.56,339.97,154.99,-50.06,-54.35,38.67,149.29,104.18,130.27,22.27,43.48,43.19,-8.85,84.11,29.33,231.76,-654.01,38.34,6.91,19.48,18.38,120.88,121.88,39.03,39.87,-30.87,-10.58,66.82,6.97,-187.98,-243.84,-264.82
48.00,34.13,6.09,-53.08,5.11,-54.55,31.07,47.94,72.64,72.97,58.34,58.34,-39.53,-40.27,-25.13,-16.48,-16.48,42.72,42.72,41.04,150.17,-149.24,108.46,80.28,-55.40,165.38,61.97,47.02,-12.83,13.89,158.35,164.86,164.86,41.85,41.85,62.11,77.06,77.06,146.54,146.67,119.37,119.37,52.70,52.70,69.56,69.56,52.75,47.93,47.93,64.42,65.24,-130.87,-44.54,-35.73,-0.20,53.17,24.58,21.67,21.67,19.64,36.91,-23.22,40.59,0.00,0.00,122.89,122.89,-118.01,-15.26,159.30,-16.90,-11.20,21.25,-0.23,-15.44,-33.32,16.26,-36.53,-38.87,24.08,2.36,-0.14,-0.98,31.03,61.23,43.42,48.43,14.46,15.71,23.95,28.54,9.36,-59.38,-59.39,-59.43,-14.89,-15.09,142.02,66.38,66.28,72.69,72.69,83.12,88.35,-16.00,212.05,36.61,36.61,-59.96,99.20,99.20,61.64,-10.50,6.60,61.23,42.68,42.68,51.52,31.06,-39.41,308.98,327.62,-6.74,-114.79,25.66,285.77,15.88,371.24,327.67,80.34,149.48,367.42,68.80,68.97,164.12,-14.53,53.57,1.27,163.01,-19.97,-1.64,83.12,44.39,-34.76,-38.85,89.80,88.00,37.92,69.30,47.82,200.66,34.16,19.19,230.06,230.06,96.30,96.30,30.82,30.78,113.40,11.96,15.88,42.72,-3.48,4.77,-1.42,4.60,-1.74,-3.26,-34.59,5.65,39.21,6.75,16.25,123.59,45.05,-5.02,-36.41,-67.06,21.55,-99.57,68.05,19.69,-9.38,149.06,232.58,-1.71,0.58,-16.52,-6.06,52.13,228.56,-81.21,641.38,502.69,239.82,-73.49,28.65,28.54,289.53,289.84,121.48,121.48,380.82,217.99,-25.04,6.34,81.21,3.90,-17.03,39.17,79.61,-27.29,-27.47,217.97,24.05,24.05,31.46,31.44,152.92,129.76,34.50,11.87,34.08,34.08,32.00,32.00,53.50,-19.15,68.68,24.48,83.23,50.93,23.23,18.38,29.81,29.81,40.54,38.48,17.25,-10.53,3.84,94.05,94.05,17.57,-64.34,25.46,8.25,20.65,15.52,27.22,12.09,7.44,18.91,29.43,27.86,49.23,46.98,0.80,-9.27,-39.07,-48.74,-10.01,23.61,-27.66,-12.70,0.00,24.85,10.80,-21.23,2.52,20.51,40.16,249.26,0.00,-243.69,-82.67,196.75,-195.31,-187.69,8.23,126.81,11.18,-16.60,-34.24,44.12,72.49,80.75,83.25,83.22,52.38,-25.08,356.22,-9.36,165.94,165.94,39.56,-1.57,4.79,84.46,96.31,188.65,-13.27,40.29,18.30,8.89,-6.77,211.06,139.15,38.80,41.55,81.06,40.73,69.55,145.35,171.28,107.31,128.07,156.48,-253.39,40.19,-34.66,-21.72,146.23,37.02,351.23,145.05,-49.87,-53.49,37.84,141.21,102.22,123.43,21.07,40.15,39.21,-8.98,87.22,28.44,243.06,-655.46,26.11,6.34,19.30,17.03,125.14,126.18,37.74,38.55,-31.44,-11.15,64.03,5.89,-187.67,-228.56,-249.67
