"ETAPA \ BARRA","AGUAYTIA 220","BALNEARIO 220","BALNEARIOS 60 A","CALLAHUANCA 220","CALLAHUANCA 60","CARHUAMAYO 220","CARHUAMAYO NUEVA 138","CARHUAQUERO 220","CHAVARRIA 220 A","CHICLAYO OESTE 220","CHIMBOTE 220","GUADALUPE 220","HUACHIPA 60","HUACHO 220","HUANCAVELICA 220","HUAYUCACHI 220","ICA 220","INDEPENDENCIA 220","MARCONA220","MOYOPAMPA 60","OROYA NUEVA 220","OROYA NUEVA 138","OROYA NUEVA 50","PACHACHACA 220","PARAGSHA2 220","PARAGSHA 138","PARAGSHA 50","PARAMONGA NUEVA 220","PIURA OESTE 220","SAN JUAN 220","SANTA ROSA 220 A","SANTA ROSA EDS 60","TALARA 220","TINGO MARIA 138","TINGO MARIA 220","TRUJILLO 220","VENTANILLA 220","VIZCARRA 220","ZAPALLAL 220","AGUAYTIA 138","PUCALLPA 138","HUALLANCA 138","CHIMBOTE 138","PUCALLPA 60","ZORRITOS 220","ABANCAY NUEVA 138","ARICOTA138","ARICOTA II 66","CAMPO ARMINO 220","AYAVIRI138","AZANGARO 138","CACHIMAYO 138","CALLALLI 138","CERRO VERDE 138","COMBAPATA 138","DOLORESPATA 138","DESIERTO220","JULIACA 138","MACHUPICCHU 138","MOLLENDO 138","MOQUEGUA 220","MOQUEGUA 138","PUNO 220","PUNO 138","SANTUARIO 138","SOCABAYA 220","SOCABAYA 138","ILO 138","LOS HEROES 220 A","LOS HEROES 66","TINTAYA 138","TOMASIRI 66","REPARTICION 138","ILO2 220","COTARUSE 220","CHILCA REP 220","CANTERA 220","PIURA OESTE 60","LA NINA 220","CONOCOCHA 220","HUINCO 220","INDEPENDENCIA 60","CHILLON 220","CHILLON 60","CHAVARRIA 60 A","CHAVARRIA 60 B","BARSI 60","BARSI 220","OQUENDO 60","CAJAMARCA 220","PLANICIE 220 A","CARABAYLLO 220","CARABAYLLO 500","CHILCA CTM 500","CHILCA CTM 220 A","KIMAN AYLLU 138","KIMAN AYLLU 220","PARAMONGA EXISTENTE 138","MACHALA 200","CHIMBOTE 500","TRUJILLO 500","HUARANGAL 60","POMACOCHA 220","PIEDRA BLANCA 138","POROMA 220","POROMA500","OCONA 500","MONTALVO 500","MONTALVO 220","HUANZA 220","INDUSTRIALES 220 A","TINTAYA 220","LA NINA 500","INDUSTRIALES 60","CARHUAMAYO 50","CARIPA138","HUAMPANI 60","HUANUCO 138","REFINERIA ZINC 220","QUENCORO 138","ILO 3 220","MIRADOR 220","MIRADOR 60","ALTO PRADERA 220","ABANCAY NUEVA 220","LOMERA 220","REQUE 220","SAN JOSE 500","SANTA TERESA 220","SURIRAY 220","ASIA 220","CERRO DEL AGUILA 220","CHAGLLA 220","RAMADA 220","SANTA ROSA LDS 60","LOMERA 60","ZAPALLAL 60","MALVINAS 220","MALVINAS 60","ABANCAY 138","YAUPI 138","SANTA ISABEL 220","YANANGO 220","CHIMAY 220","ILO3 138","MATUCANA 220","COLCABAMBA 500","COLCABAMBA 220","YARABAMBA 500","YARABAMBA 220","BELAUNDE 220","BELAUNDE 138","CACLIC 220","INDUSTRIALES 220B","PLANICIE60","COBRIZAI 69","MOLLEPATA 60","MOLLEPATA220","CARAPONGO 500","CARAPONGO 220 A","SAN JOSE 220","MARCONA 60 A","SAN NICOLAS 60","CALLAHUANCA EDN 220","PUMIRI138","PUMIRI220","SAN MIGUEL 220","SAN MIGUEL 60","FELAM 220","MANCHAY 60","MANCHAY 220","SAN RAFAEL 138","SAN GABAN 138","MARCONA 60 B","ANGEL 138","PTO MALDONADO 138","MEDIO MUNDO 220","AUCAYACU 138","BELLAVISTA 138","TARAPOTO 138","PARINAS 220","PAMPA HONDA 220","ORCOTUNA 220","SAN ROMAN 138","SAN ROMAN 220","CHILOTA 220","MAZUCO 138","JESUS 138","CARHUAMAYO 138","CINCO MANANTIALES 138","OXIDOS CERRO 138","TOCACHE 138","JUANJUI 138","FRANCOISE 220","BOTIFLACA 138","MILL SITE 138","PLAZA TOQUEPALA 138","QUEBRADA HONDA 138","PANAMERICANA SOLAR 138","TOQUEPALA 138","ILO ELS 138","REFINERIA 138","LIXIVIACION 138","PUSHBACK 138","INTIPAMPA 138","PLANICIE 220 B","CHILCA CTM 220 B","CARAPONGO 220 B","CHILCA 1 220","DERIVACION 220","CHAVARRIA 220 B","DERIVACION 220  BARRA II","CAMPAS 220","CAMPAS 500","PLANICIE 500","NUEVA CHINCHA 220","CAHUACHI 220","VALLE DEL CHIRA 220","SANTA ROSA 220 B","ERSUR 220","FLAMENCO220","BARRA3HERMANAS","BARRAPTALOMITAS","PUERTO CHANCAY 220","CHAPARRAL 138","CHIRIBAMBA 220","BARRAPTALOMITAS2","YSHCAYUCRO 220","PAQUILLUSI 220","MIGUEL GRAU 500","MIGUEL GRAU 220","ALIPIO ROSALES 220","SUNNY","CUAJONE 138","SAN MARTIN 220","SAN LUIS 220","CERRO VERDE 220","PORTILLO 60"
1.0000,242.6066,252.0318,252.5982,244.7671,237.8685,231.2641,230.4889,252.0527,255.1421,259.1225,255.7759,258.8280,255.2499,248.7119,221.3349,150.0616,241.8227,242.0304,241.0726,251.0760,234.7437,229.9151,232.1552,236.5010,231.6290,234.7439,235.2022,247.5270,258.7249,251.7794,254.1224,255.0892,255.6109,241.5998,242.0892,257.6740,257.2196,241.6598,257.8684,243.0280,251.3359,241.4465,256.1926,252.0832,257.1828,222.7327,245.4894,244.4222,213.3653,235.0790,229.9340,228.4593,246.9136,243.4853,236.8195,229.5240,246.4847,235.9937,217.2569,250.5217,241.7312,242.0660,236.6035,236.8019,244.1046,241.5537,242.2663,247.0489,243.3550,244.2394,244.7255,246.0358,246.3922,241.7667,225.7564,249.8879,247.0318,258.9620,258.4471,242.5954,248.7756,243.2950,257.2887,257.5658,257.5464,258.1982,257.7251,257.2254,257.9697,253.5391,253.5407,258.4536,252.5649,250.5080,249.8877,244.0631,246.3184,246.6539,0.0000,255.8056,257.2175,258.0767,237.3521,240.6202,241.1976,241.3282,241.0373,240.9447,241.2261,0.6589,254.2971,243.5057,258.3478,254.7598,230.5885,226.2825,247.5002,240.2791,253.2716,229.5609,244.1505,258.3328,258.0881,251.4951,220.9607,252.9190,259.0787,241.0271,217.4645,217.5211,249.3997,224.1721,220.5905,249.7523,254.4799,253.3738,257.9522,257.7949,257.8673,223.7792,226.0323,227.9599,239.1879,236.9731,244.1177,242.6144,235.4505,226.3338,241.6612,241.4646,259.2024,260.2511,256.6869,253.5528,259.5687,214.0209,223.1143,222.2244,250.6663,251.9246,240.9010,0.0000,240.4611,244.9239,230.2046,232.4573,252.1060,252.0994,258.9106,256.7891,253.6131,217.7863,201.1837,241.1817,201.4638,216.8091,248.1703,245.9939,265.7893,267.4928,256.0266,250.8738,128.1160,235.9521,235.5308,239.4217,206.2125,243.3652,230.7543,235.2392,234.7786,255.6185,264.3064,232.2862,245.8313,247.2179,247.2927,246.2555,244.1177,247.1719,246.2787,247.4426,247.3104,247.1365,243.4919,253.5407,249.8877,251.9294,0.0000,239.4350,256.9941,239.4350,240.2787,241.2612,252.1318,245.0191,241.1194,258.8494,254.1182,240.3713,241.1941,240.4374,237.7812,254.4961,247.6545,229.4707,237.7811,234.9997,220.3583,258.4528,258.5186,256.9983,240.9010,245.2288,240.9010,242.8682,242.2843,252.4045
2.0000,246.1812,256.1490,256.7188,248.6455,241.6392,235.2528,234.5086,255.5066,259.1007,262.6264,259.5136,262.4107,259.0038,252.5874,225.3583,152.6462,246.5339,246.5196,246.1424,254.8770,238.6983,233.8534,236.0840,240.4613,235.6536,238.8638,239.3340,251.3300,262.2004,255.9023,258.0817,259.0455,258.9752,245.1879,245.7271,261.3478,261.1784,245.5288,261.9264,246.5928,254.7036,244.9808,259.9101,255.4331,260.4678,226.9889,251.2806,250.2003,217.1580,239.8505,234.7501,232.6088,249.0285,248.4276,241.1401,233.6362,250.9624,241.0783,221.3921,255.4583,247.3961,247.7409,241.7528,241.9702,244.1046,246.7437,247.2007,252.9173,249.0400,249.9248,249.4029,251.8584,251.3221,247.4323,230.0869,254.1538,251.4306,262.4234,262.0103,246.4159,251.7728,247.7919,261.2463,261.5262,261.4812,262.1299,261.6782,261.1830,261.9152,257.0707,257.6456,262.5473,256.5949,254.6858,254.1536,247.6676,249.9398,250.3517,0.0000,259.5537,260.8970,262.1031,241.3482,244.2603,246.1853,246.2881,246.7644,246.5924,246.8977,0.6589,258.3935,248.3385,261.9098,258.8554,234.5872,230.2976,251.2007,244.0482,257.1594,233.6698,249.8908,262.3684,262.1017,255.6805,225.1681,256.8669,262.5952,247.1518,221.6036,221.6613,253.7280,228.1692,224.8274,253.3244,258.4316,257.2838,261.9225,261.7736,261.8352,228.0679,229.9125,231.8840,243.2692,241.0165,249.8592,246.4540,239.6621,230.3694,247.0291,246.6763,262.4561,263.4552,260.0700,257.5519,263.7228,217.3765,227.4130,226.3102,254.6977,255.7920,247.0441,0.0000,245.3801,248.8001,235.0277,237.2913,255.9693,255.9295,262.4542,260.9474,257.7166,222.3848,205.3261,246.2585,205.6175,220.7027,252.0064,249.5330,268.9070,270.3429,259.3968,254.4322,130.2968,241.0545,240.5893,244.8377,210.2663,246.6406,234.7794,239.3623,238.8990,259.0368,267.4737,236.3312,251.5898,253.0435,253.1205,252.0661,249.8592,252.9963,252.0999,253.3215,253.1387,252.9542,249.2085,257.6456,254.1533,255.7967,0.0000,244.2072,260.9343,244.2072,244.3823,245.3670,256.2224,249.5102,246.0949,262.2874,258.0775,245.4721,246.1822,245.5112,242.5204,258.4867,252.5866,233.6760,242.5203,238.9635,224.9407,261.9928,262.0386,260.2969,247.0441,250.9702,247.0441,248.5714,247.6491,256.2275
3.0000,246.3961,256.3952,256.9533,248.9367,241.9625,235.5935,234.8992,255.7394,259.3269,262.7774,259.8470,262.4888,259.2252,252.8884,225.8586,152.8734,247.7488,247.3522,246.8805,255.0769,239.0498,234.2440,236.4691,240.7969,235.9896,239.1702,239.6073,251.6432,262.5821,256.1567,258.3148,259.2758,259.5329,245.3994,245.9674,261.5926,261.3929,245.8765,262.1731,246.8014,254.7875,245.2601,260.2920,255.5056,261.0488,227.4588,251.9906,250.9144,217.5255,240.4491,235.3183,233.0599,249.4103,248.9515,241.6420,234.0716,251.6120,241.6492,221.8457,255.9125,248.0261,248.3787,242.3347,242.5507,244.1046,247.2954,247.7190,253.5868,249.6721,250.5513,250.0282,252.4989,251.8493,248.0629,230.5761,254.4656,251.9896,262.8002,262.3186,246.7488,252.0340,248.6326,261.4595,261.7399,261.6824,262.3195,261.8872,261.3949,262.1151,257.3539,257.9055,262.8038,256.8674,254.9937,254.4653,247.9298,250.2611,250.6607,0.0000,259.8564,261.1717,262.3257,241.6841,244.4583,246.7620,246.8410,247.3468,247.1962,247.5164,0.6589,258.6400,248.9603,262.2287,259.0979,235.1312,230.6568,251.4464,244.2206,257.4180,234.1119,250.5500,262.5980,262.3152,255.9586,225.6345,257.1343,262.7345,247.7467,222.0584,222.1162,254.1159,228.5443,225.1482,253.6457,258.6555,257.5126,262.1296,261.9873,262.0408,228.5436,230.2169,232.2080,243.6104,241.3545,250.5175,246.7414,240.0497,230.7480,247.6049,247.2303,262.6939,263.6858,260.3331,257.7902,263.9169,217.4237,228.0761,226.8371,254.9806,256.0574,247.6414,0.0000,246.0857,249.0902,235.5974,237.8645,256.2322,256.1977,262.7039,261.1741,257.9748,222.8394,205.7161,246.9739,206.0096,220.8295,252.3161,249.7597,269.0220,270.4199,259.9789,254.7471,130.4829,241.6320,241.1658,245.4454,210.5536,246.9727,235.1826,239.7488,239.2081,259.3165,267.6141,236.6602,252.3183,253.7581,253.8344,252.7597,250.5175,253.7103,252.7595,253.9592,253.8534,253.6738,249.8674,257.9055,254.4650,256.0620,0.0000,246.1438,261.1464,246.1437,244.7243,245.7056,256.5012,250.2342,247.2037,262.7384,258.3107,246.2536,246.7596,246.3592,245.0524,258.7536,253.0915,234.3043,245.0523,239.2986,225.4840,262.3268,262.3899,260.8781,247.6414,251.6829,247.6414,249.1734,248.2141,256.4503
4.0000,235.9124,245.9809,246.5012,238.8966,232.2573,225.9625,225.3078,244.7502,248.7527,251.3982,248.8838,251.1845,248.6237,242.4133,217.0969,146.8986,238.0974,237.6116,238.1142,244.5754,229.4217,224.8089,226.9541,231.1497,226.3035,229.3572,229.7793,241.1795,251.1587,245.7625,247.7949,248.6952,248.1470,235.0041,235.5593,250.4543,250.7151,235.6073,251.5052,236.2874,243.6726,234.9006,249.2694,244.3366,249.5188,219.4239,243.8199,242.7653,209.1485,233.4079,228.2519,224.9335,245.7725,241.8104,234.0705,225.9618,241.6179,234.2798,214.0288,248.4520,240.2285,240.5560,234.9317,235.1174,243.3483,239.8910,240.6264,245.4970,241.8064,242.6708,243.0558,244.5283,244.5943,240.2637,222.4952,244.2380,241.9354,251.3522,251.0038,236.4449,241.8277,238.8149,250.7771,251.0508,250.9793,251.5773,251.1728,250.7100,251.3939,246.3269,247.4733,252.1327,246.4576,244.7705,244.2379,237.4911,239.6701,240.2410,0.0000,248.9119,250.0658,251.6243,231.9884,234.1268,238.0111,238.0661,239.1759,239.4576,239.7372,0.6589,248.1598,241.8240,250.9206,248.5874,225.4628,221.2560,241.0927,233.9466,246.9722,226.0469,242.5846,251.8977,251.6146,245.6042,217.6952,246.5416,251.3671,239.8389,214.2365,214.2922,243.9303,219.7698,215.9069,242.8387,248.1102,246.7962,251.4165,251.2817,251.3207,220.4581,220.8004,222.7130,234.0227,231.8556,242.5500,236.7882,230.8528,221.8891,239.9186,239.7910,251.3155,252.2305,249.1076,247.3010,253.1494,209.2248,219.0369,217.9731,244.6966,245.6882,239.7444,0.0000,237.2477,239.0423,228.5264,230.7847,245.8504,245.8162,251.3397,250.5769,247.5378,216.0232,199.3892,238.2193,199.6755,213.6218,241.8400,239.1972,257.4186,258.6165,248.5725,243.8726,125.3571,234.2622,233.8470,237.8323,203.9371,241.9690,225.5686,229.9102,229.3933,248.4093,256.1144,226.9611,244.2396,245.5264,245.6018,244.6365,242.5500,245.4817,244.6975,245.8547,245.6193,245.3701,241.9318,247.4733,244.2377,245.6925,0.0000,236.8164,250.4765,236.8164,235.1066,236.0475,246.1440,240.3206,238.2478,251.2522,247.7910,237.5526,238.0091,237.7147,235.7664,248.1561,245.7738,225.1600,235.7663,229.4234,218.7727,250.9885,251.0268,249.3678,239.7444,243.6411,239.7444,241.4429,240.7005,245.9371
5.0000,239.0178,248.8092,249.3246,241.7024,235.0190,228.7676,228.0497,249.2935,251.6251,256.6493,253.0855,256.2282,251.4817,245.4536,219.6713,148.5857,241.4244,240.6805,240.7597,247.4219,232.1532,227.4186,229.6174,233.8700,229.1611,232.2318,232.6826,244.3360,258.2864,248.5953,250.6578,251.5620,258.1432,238.1269,238.6919,255.0918,253.6190,238.7962,254.4859,239.3887,246.6924,238.7309,253.4200,247.3491,259.4662,221.5077,245.7082,244.6407,211.5389,235.2807,230.0849,227.0933,247.0510,243.7176,236.1215,228.1134,244.6225,236.1588,216.1037,250.2709,242.1953,242.5214,236.8211,237.0083,244.1045,241.8587,242.5327,247.4556,243.7786,244.6520,244.9385,246.4917,246.4919,242.2307,224.6946,247.1033,244.9333,258.4878,256.9216,239.7260,244.6612,241.8925,253.6800,253.9506,253.8539,254.4400,254.0608,253.6019,254.2734,250.6810,250.4056,255.1330,249.4398,247.6460,247.1032,241.3621,243.4950,243.3632,0.0000,253.1142,254.7443,254.5899,234.7127,237.1848,240.5101,240.5539,241.3813,241.4384,241.7115,0.6589,251.0877,243.7242,256.8993,251.5140,228.1470,223.8367,243.8891,236.8966,249.8569,228.2044,244.5332,254.8533,254.5599,248.4487,219.7879,249.5652,256.5853,241.9186,216.3125,216.3688,246.8465,222.2634,218.6333,246.9058,250.9674,249.8527,254.3181,254.1919,254.2249,222.4982,223.5297,225.4728,236.7393,234.5470,244.4960,239.5690,233.4602,224.4067,241.9372,241.7666,255.7791,256.8086,253.5088,250.1565,256.0776,211.5746,221.6575,220.5604,247.6102,248.5669,241.8213,0.0000,239.9195,241.8495,230.3608,232.6249,248.7295,248.6965,256.9581,253.5159,250.4695,217.7888,200.9587,240.8432,201.2504,214.9873,244.9444,242.4902,261.5927,263.0975,258.2952,248.0221,126.8019,236.1435,235.7223,239.7652,205.4393,243.4872,228.3090,232.7472,232.2663,252.0305,260.1881,229.8312,246.1996,247.4269,247.5053,246.5654,244.4960,247.3825,246.6491,247.8161,247.5222,247.2634,243.8794,250.4056,247.1030,248.5712,0.0000,240.5958,253.3664,240.5959,237.8326,238.7839,249.0760,243.3529,241.2520,259.3039,250.6539,240.2312,240.5086,240.3752,239.9984,251.1597,247.6474,227.9265,239.9983,232.4096,220.5172,257.2553,257.5813,259.2794,241.8213,245.6060,241.8213,243.4761,242.6892,248.7824
6.0000,237.5972,247.4100,247.9176,240.3796,233.7692,227.5151,226.8207,247.6928,250.2019,254.9422,251.5614,254.5576,250.1757,244.1022,218.5275,147.8037,240.1568,239.3840,239.7519,245.9937,230.9199,226.2971,228.4552,232.6168,227.8940,230.9148,231.3484,242.9732,256.4720,247.2006,249.2440,250.1358,256.2893,236.7028,237.2793,253.4749,252.1823,237.4280,253.0540,237.9645,245.1961,237.2678,251.9182,245.8463,257.5710,220.5786,245.1669,244.1289,210.4581,234.4468,229.2270,226.0781,246.6850,242.9535,235.1897,227.0942,243.2968,235.2993,215.1590,249.6262,241.3766,241.7108,235.9661,236.1480,244.1045,241.0470,241.7622,246.6745,242.9325,243.7634,244.1599,245.6608,245.7404,241.4118,223.6939,245.7393,243.5913,256.6549,255.2020,238.3456,243.3025,240.5625,252.2422,252.5025,252.4203,253.0037,252.6026,252.1594,252.8311,249.0897,248.9709,253.7008,248.0398,246.2833,245.7391,239.8553,242.0068,242.0250,0.0000,251.5775,253.1390,253.1377,233.4483,235.7635,239.4671,239.5010,240.4541,240.6043,240.8839,0.6589,249.6459,242.9262,255.1773,250.0724,226.9649,222.7313,242.5404,235.4703,248.4646,227.1933,243.7927,253.4133,253.1200,247.0632,218.8445,248.1789,254.8839,241.0461,215.3680,215.4241,245.4764,221.1348,217.4244,245.3585,249.5491,248.4699,252.8698,252.7493,252.7905,221.6110,222.2983,224.2352,235.4878,233.3071,243.7650,238.2573,232.2798,223.2671,241.0936,240.9503,254.1016,255.1075,251.8779,248.7474,254.3996,210.5280,220.4493,219.3914,246.2344,247.1867,240.9504,0.0000,238.7996,240.5253,229.5064,231.7904,247.3500,247.3520,255.2453,251.9593,249.0326,216.8056,200.0712,239.8076,200.3606,213.8616,243.5873,240.9810,259.8198,261.2570,256.4406,246.4590,126.1288,235.2886,234.8702,238.9171,204.4712,242.9726,227.0835,231.4663,230.9503,250.3624,258.4316,228.5672,245.4667,246.8823,246.9572,245.9258,243.7650,246.8363,245.8811,247.0344,246.9752,246.7924,243.1421,248.9709,245.7391,247.1909,0.0000,239.4200,251.9325,239.4200,236.5762,237.5195,247.6829,242.0385,240.2101,257.4516,249.2401,239.2605,239.4657,239.3612,238.8255,249.7575,246.9284,226.7232,238.8254,231.1079,219.7261,255.5099,255.8135,257.3907,240.9504,244.8408,240.9504,242.6344,241.8654,247.3959
7.0000,244.6495,249.7319,250.2395,242.6819,236.0102,230.1299,229.2460,250.4494,252.5432,257.7039,254.1606,257.3640,252.4164,246.6529,220.6224,149.2004,242.6670,241.7859,241.9834,248.3011,233.2900,228.4983,230.7273,234.9213,230.6210,233.7323,234.2203,245.6492,259.1259,249.5231,251.5819,252.4988,258.9089,242.7731,243.1424,256.1395,254.5366,240.8840,255.4423,245.0234,252.3846,239.8971,254.5530,253.0464,260.2057,222.5620,246.9634,245.8890,212.4398,236.0474,230.8233,228.1569,247.3941,244.6410,237.0656,229.1792,245.6890,237.0109,217.0849,251.4274,243.2086,243.5237,237.6871,237.8822,244.1045,242.7919,243.4239,248.5212,244.8114,245.6896,245.7650,247.5412,247.5236,243.2441,225.6369,248.0524,245.9644,259.3085,257.8758,241.3880,245.5896,242.9857,254.5966,254.8621,254.7581,255.3362,254.9672,254.5077,255.1761,251.8844,251.3355,256.0920,250.3901,248.5996,248.0522,242.5428,244.8095,244.6776,0.0000,254.1601,255.7802,255.5253,235.7651,241.2286,241.5788,241.6034,242.3971,242.4330,242.7175,0.6589,252.0125,244.5743,257.8436,252.4441,229.2547,224.9452,244.8190,239.7654,250.7963,229.2798,245.6213,255.7836,255.4737,249.3848,220.7942,250.6619,257.6528,242.9196,217.2938,217.3503,247.8137,223.1944,220.0261,248.1457,251.8863,250.9702,255.2325,255.0987,255.1141,223.6091,224.8584,226.8146,237.7097,235.5084,245.6013,240.5376,234.4278,225.3466,242.9098,242.7045,257.1648,258.1521,254.8085,251.0816,256.9381,212.4608,222.6025,221.5054,248.5596,249.5102,242.8228,0.0000,241.3355,242.8273,231.1070,233.4109,249.6710,249.6461,257.9691,254.4097,251.3979,218.0899,201.3083,242.0910,201.5967,215.1058,246.2065,246.8406,264.1765,265.0470,259.0579,249.2453,127.3203,237.0004,236.5654,240.6974,205.7070,244.0806,229.5099,234.1201,233.7629,255.6461,262.9469,231.2927,247.1028,248.7016,248.7790,247.7610,245.6013,248.6553,247.7201,248.8844,248.7967,248.5908,244.9568,251.3355,248.0521,249.5145,0.0000,242.0994,254.2789,242.0994,238.7985,239.7460,250.0218,244.4389,242.5869,260.1000,251.5780,241.5013,241.5772,241.6324,241.6783,252.2062,248.7172,228.9376,241.6781,233.9312,221.2622,258.1738,258.4718,260.0226,242.8228,246.4573,242.8228,244.4617,243.6408,249.7009
8.0000,246.5701,251.5369,252.0499,244.4455,237.7339,231.8873,231.0147,252.2969,254.3701,259.5584,255.9515,259.2207,254.3128,248.5051,222.1589,150.2497,244.3760,243.5052,243.5306,250.2279,235.0131,230.2120,232.4304,236.6387,232.3902,235.5380,236.0204,247.5088,260.9831,251.3262,253.4025,254.3352,260.7677,244.6700,245.0446,257.9671,256.3807,242.7468,257.2833,246.9477,254.3802,241.6706,256.3270,255.0483,262.0684,224.0619,248.5531,247.4680,213.9223,237.4783,232.2653,229.7361,248.0518,246.0126,238.6977,230.7748,247.4680,238.4700,218.5456,253.0055,244.7091,245.0345,239.1507,239.3496,244.1045,244.1868,244.7553,250.0695,246.3533,247.2516,247.1678,249.1042,249.0209,244.7454,227.1269,249.8318,247.7281,261.1697,259.7243,243.2317,247.3654,244.7126,256.4414,256.7073,256.6107,257.1972,256.8090,256.3475,257.0305,253.7592,253.1104,257.9332,252.1837,250.3742,249.8316,244.3794,246.6471,246.5496,0.0000,255.9622,257.6020,257.3617,237.4985,243.1193,243.1463,243.1764,243.9101,243.9102,244.2094,0.6589,253.7958,246.0022,259.6900,254.2327,231.0818,226.7581,246.6777,241.6546,252.6130,230.8749,247.1604,257.6251,257.3107,251.1815,222.2752,252.5013,259.5077,244.4072,218.7550,218.8119,249.5967,224.7425,221.7142,250.0109,253.7086,252.7792,257.0798,256.9402,256.9568,225.1157,226.5839,228.5502,239.3917,237.1750,247.1366,242.2854,236.0474,226.9096,244.3607,244.1056,259.0742,260.0612,256.7102,252.8979,258.6101,213.9141,224.1646,223.0492,250.3386,251.3144,244.3081,0.0000,242.9165,244.5918,232.5470,234.8370,251.4789,251.4751,259.8297,256.1336,253.1724,219.5476,202.6322,243.6555,202.9237,216.5767,248.0642,248.7726,266.2557,267.0662,260.9171,251.1160,128.2186,238.4595,238.0193,242.1823,207.0706,244.9747,231.2909,235.9494,235.5703,257.6563,265.0167,233.0671,248.7353,250.3054,250.3823,249.3370,247.1366,250.2584,249.2678,250.4373,250.4006,250.2037,246.4933,253.1104,249.8315,251.3188,0.0000,243.7599,256.1229,243.7599,240.4832,241.4342,251.8082,246.2025,244.1811,261.9479,253.3985,243.0380,243.1445,243.1160,243.3359,254.0515,250.2391,230.5455,243.3357,235.7233,222.6141,260.0231,260.3233,261.8848,244.3081,248.1122,244.3081,245.9196,245.0551,251.5808
9.0000,243.7862,248.7910,249.2977,241.7644,235.1236,229.2441,228.3852,249.3350,251.5907,256.4504,253.0575,256.0703,251.4629,245.7186,219.7534,148.6506,241.5619,240.7871,240.9444,247.4768,232.3740,227.5357,229.7611,234.0219,229.7320,232.8552,233.3334,244.7196,257.9191,248.5827,250.6342,251.5534,257.7219,241.9266,242.2775,254.9748,253.5843,239.9665,254.4768,244.1592,251.5018,238.8801,253.4446,252.1619,259.0049,221.8634,246.4327,245.3620,211.6588,235.5035,230.2656,227.5747,247.0938,244.1152,236.7041,228.6210,244.6944,236.4822,216.4248,251.0839,242.6125,242.9503,237.1446,237.3446,244.1045,242.1905,242.8610,247.9880,244.2562,245.1487,245.2274,247.0344,247.1442,242.6478,224.9231,247.1153,245.0250,258.0983,256.6739,240.4558,244.6635,241.9990,253.6444,253.9071,253.8146,254.3982,254.0015,253.5454,254.2307,250.8113,250.3697,255.1216,249.4332,247.6608,247.1151,241.5684,243.8216,243.7794,0.0000,253.0591,254.6306,254.5643,234.8665,240.3872,240.6935,240.7363,241.6687,241.8157,242.1102,0.6589,251.0442,244.0185,256.6486,251.4735,228.4261,224.0893,244.0282,238.9215,249.8518,228.7289,245.0535,254.8161,254.5108,248.4395,220.1103,249.6921,256.3928,242.2535,216.6318,216.6882,246.8779,222.3729,219.1779,247.1330,250.9365,249.9166,254.2795,254.1316,254.1428,222.8826,223.9945,225.9418,236.8173,234.6244,245.0205,239.6284,233.5637,224.5171,242.2804,242.0980,256.1253,257.1013,253.7557,250.1357,255.8976,211.8838,221.6152,220.6125,247.6156,248.5693,242.1541,0.0000,240.2725,241.9095,230.5507,232.8679,248.7297,248.7067,256.7566,253.4049,250.4313,217.4340,200.7255,241.0166,201.0119,214.4033,245.2762,246.0355,263.4149,264.1497,257.8728,248.2190,126.8488,236.4652,236.0260,240.1321,205.0821,243.7146,228.6512,233.2393,232.8863,254.8897,262.1858,230.3719,246.7741,248.1652,248.2384,247.1966,245.0205,248.1188,247.1742,248.3498,248.2571,248.0912,244.3936,250.3697,247.1150,248.5736,0.0000,240.7520,253.3287,240.7520,237.9036,238.8485,249.0698,243.4550,241.4386,258.8837,250.6303,240.4383,240.6911,240.5085,240.1542,251.2521,248.3487,228.0183,240.1541,233.0289,220.7475,256.9752,257.2719,258.8243,242.1541,246.1578,242.1541,243.8179,243.0265,248.8193
10.0000,242.7505,247.7095,248.2158,240.7594,234.1511,228.1669,227.3321,248.2958,250.5542,255.4019,251.9703,255.0154,250.3940,244.7161,218.7591,148.0338,240.3749,239.5793,239.8976,246.5402,231.3147,226.4543,228.6736,232.9897,228.6417,231.6956,232.1677,243.6809,256.8378,247.4996,249.5938,250.4788,256.6149,240.8991,241.2277,253.9026,252.5464,238.8527,253.4274,243.1273,250.5441,237.8384,252.3427,251.2109,257.8778,221.0049,245.3896,244.3048,210.7721,234.6224,229.3835,226.6934,246.6316,243.2846,235.7376,227.7408,243.4241,235.5697,215.5750,250.3263,241.6370,241.9644,236.2252,236.4236,244.1045,241.3064,242.0271,246.9010,243.3009,244.2161,244.3242,245.9933,246.3460,241.6720,224.0204,245.9917,243.8383,257.0203,255.6097,239.3724,243.9548,240.7670,252.6065,252.8754,252.7722,253.3486,252.9753,252.5167,253.1887,249.7649,249.3226,254.0674,248.3873,246.5861,245.9915,240.5163,242.7576,242.7241,0.0000,251.9817,253.5559,253.5219,233.8193,239.3503,239.6804,239.7268,240.6962,240.8634,241.1439,0.6589,249.9967,243.1084,255.5783,250.4240,227.3618,223.0608,243.0626,237.8579,248.8425,227.8379,244.0376,253.7819,253.5071,247.3364,219.2503,248.6609,255.3433,241.2975,215.7813,215.8374,245.7211,221.4401,218.1377,246.0838,249.8981,248.8548,253.2406,253.1036,253.1192,222.0369,222.9454,224.8814,235.8126,233.6289,244.0052,238.6336,232.5827,223.5753,241.3530,241.2088,255.1444,256.1308,252.7510,249.0849,254.9161,211.3825,220.4116,219.5784,246.5777,247.5707,241.1989,0.0000,239.0734,240.9052,229.6674,231.9830,247.7285,247.6945,255.7011,252.3883,249.3849,216.4688,199.8793,239.9905,200.1622,213.5510,244.2520,245.0415,262.4691,263.2120,256.7627,247.1723,126.3231,235.5499,235.1170,239.1802,204.2321,243.1687,227.5912,232.1020,231.7272,253.9432,261.2315,229.2569,245.7143,247.1230,247.1957,246.1239,244.0052,247.0769,246.1105,247.2590,247.2141,247.0368,243.3922,249.3226,245.9916,247.5750,0.0000,239.6121,252.2938,239.6122,236.8983,237.8433,248.0132,242.1380,240.3632,257.7765,249.5900,239.3635,239.6771,239.4147,239.0172,250.2200,247.5628,226.9415,239.0171,231.9405,219.9086,255.9025,256.1960,257.6999,241.1989,245.0991,241.1989,242.8854,242.1278,247.8066
11.0000,250.7201,255.1898,255.7299,247.9482,241.0842,235.1334,234.2238,256.6666,258.1602,264.1735,260.1239,263.8569,258.0393,252.3400,224.9287,152.2763,247.1488,246.4108,245.9844,254.0883,238.1784,233.0200,235.3640,239.8652,235.6840,238.8829,239.3866,251.3358,265.6251,254.9609,257.1552,258.0715,265.4223,248.8075,249.0976,262.2967,260.2364,246.4387,261.1070,251.1211,259.0183,245.5407,260.5363,259.7284,266.7498,226.7090,250.5701,249.4365,216.6756,239.1904,233.9677,232.6789,248.6419,247.8940,241.0832,233.7344,250.4245,240.3972,221.1302,255.1643,246.7164,247.0524,241.0609,241.2862,244.1046,246.0899,246.5906,252.1952,248.4928,249.4826,248.8183,251.3493,251.1036,246.7521,229.6606,253.3020,250.9498,265.8436,264.2474,246.9705,251.2906,247.6347,260.2998,260.5657,260.4882,261.0985,260.7033,260.2137,260.9139,258.1096,256.8212,261.7459,255.8765,253.8948,253.3018,248.3023,250.6600,250.3522,0.0000,260.1219,261.9059,261.2141,240.7267,247.1749,245.6906,245.7494,246.0351,245.8826,246.2083,0.6589,257.5358,247.7208,264.2050,257.9855,234.2483,229.5400,250.5243,245.5667,256.3466,233.7888,249.1908,261.4891,261.2279,254.7548,224.8737,256.3378,264.1262,246.3352,221.3368,221.3944,252.9882,227.6226,224.8566,254.1967,257.4818,256.6421,260.9506,260.8142,260.8316,227.7657,229.7768,231.7580,242.6279,240.3811,249.1537,245.7609,239.0624,229.8174,246.3499,246.0228,263.8882,264.9612,261.3306,256.6219,262.7002,216.9539,227.0030,225.8988,253.9572,255.0151,246.1639,0.0000,245.3759,248.1003,234.2554,236.5831,255.1831,255.1495,264.4138,260.0267,256.8878,220.8990,203.8897,246.1027,204.1825,218.2095,251.8992,253.1763,271.7173,272.5780,265.5711,255.3539,129.9704,240.3703,239.8949,244.1442,208.4888,246.2416,234.4903,239.2333,238.9138,262.5608,270.4002,236.3284,250.9119,252.3466,252.4206,251.3196,249.1537,252.2994,251.3627,252.5995,252.4396,252.2541,248.5177,256.8213,253.3018,255.0196,0.0000,246.1630,259.9788,246.1630,243.7338,244.7096,255.4482,249.0548,246.6183,266.6239,257.1512,245.4129,245.6874,245.5392,245.5517,257.8798,252.3450,233.3695,245.5516,239.1524,224.2693,264.5713,264.8996,266.5618,246.1548,250.2801,246.1639,247.7922,246.9351,255.3671
12.0000,252.7478,257.1009,257.6778,249.6833,242.6941,236.7989,235.8786,258.8848,260.0871,266.5554,262.1964,266.2078,259.8732,254.1991,226.2922,153.2187,248.6709,247.9943,246.8048,256.1173,239.8090,234.6789,236.9922,241.4850,237.3650,240.5512,241.0537,253.1992,267.9487,256.8514,259.0640,259.9879,267.7681,250.8191,251.0856,264.4933,262.1691,248.3060,263.0126,253.1606,261.2922,247.4775,262.6068,262.0234,269.1483,227.5856,250.4352,249.3336,217.8930,239.1592,233.9387,233.6827,248.4939,247.8341,241.4938,234.7622,252.0382,240.2434,221.9647,254.0522,246.6275,246.9632,240.9295,241.1258,244.1046,246.1668,246.6421,252.0211,248.2683,249.1673,248.8736,250.7861,250.5768,246.6619,230.4254,255.0755,252.6145,268.1736,266.5354,248.8368,253.0915,249.2778,262.2340,262.5038,262.4328,263.0536,262.6969,262.1775,262.8619,260.2734,258.6712,263.6457,257.7171,255.6447,255.0753,250.2582,252.6387,252.1826,0.0000,262.2029,264.0793,263.1365,242.3661,249.1818,246.4917,246.5663,246.2449,245.8244,246.1239,0.6589,259.4265,247.7744,266.4840,259.8988,235.9018,231.3433,252.3123,247.5791,258.2003,234.7861,249.0223,263.4337,263.2042,256.6028,225.7130,258.2199,266.5031,246.2745,222.1694,222.2273,254.7248,228.8853,226.4604,256.2525,259.4051,258.5335,262.8902,262.7778,262.7904,228.6643,231.4135,233.4033,244.1509,241.8901,248.9855,247.4821,240.3757,231.0923,246.4154,246.1066,266.0171,267.1058,263.4733,258.5262,264.6129,217.7354,228.8658,227.4360,255.7483,256.8426,246.0223,0.0000,246.0328,249.8380,234.2252,236.5396,257.0116,256.9598,266.7585,261.9152,258.7392,220.9917,204.0292,246.8908,204.3193,217.8257,253.7623,255.2227,273.9021,274.7274,267.9228,257.4386,130.7940,240.2325,239.7773,244.0359,208.5475,246.2709,236.1531,240.9327,240.5824,264.6618,272.5673,237.9865,250.8287,252.2182,252.2922,251.2178,248.8528,252.1711,251.1615,252.4092,252.3115,252.1358,248.2777,258.6712,255.0751,256.8473,0.0000,247.4372,261.9139,247.4372,245.2550,246.2407,257.2664,250.6480,247.5158,268.9813,259.0599,246.2144,246.4887,246.4095,246.8228,259.7684,251.4075,234.8181,246.8227,240.8897,224.2281,266.8624,267.1991,268.9528,246.0037,250.2030,246.0038,247.7801,246.9869,257.2777
13.0000,248.6671,252.3878,252.9904,245.0982,238.2088,232.2349,231.2947,254.9745,255.3805,262.5664,257.8694,262.2451,255.1456,251.1845,221.8120,150.2591,243.7752,243.2084,241.3216,251.4455,235.2562,230.2501,232.5048,236.9125,232.7657,235.8060,236.2924,249.8579,263.6425,252.1193,254.3761,255.3143,263.4761,246.7347,246.9732,260.2585,257.3911,244.0970,258.2770,249.0897,257.4200,243.3960,258.3102,258.1693,264.8743,222.4634,243.6070,242.5141,213.5588,233.8766,228.6617,228.6296,246.1197,241.7919,236.3735,229.7635,247.2453,234.6601,217.0331,244.0799,240.1600,240.4798,235.2237,235.4107,244.1045,240.3774,241.0748,245.2723,241.6913,242.5512,243.6999,243.4527,242.7143,240.1931,225.3499,250.2493,247.7614,263.8546,262.3013,244.7928,249.1423,244.5132,257.4518,257.6931,257.6251,258.2089,257.9493,257.4326,258.0291,256.2671,253.9115,258.8610,253.0224,250.8503,250.2492,246.1388,248.5847,248.9708,0.0000,257.8598,259.8107,258.3184,237.7728,245.0287,240.9922,241.0804,240.0131,239.4576,239.6756,0.6589,254.7019,242.4217,262.2296,255.1716,231.3356,227.0204,247.6107,243.2577,253.5408,229.7820,242.2368,258.6475,258.3934,251.8129,220.6846,254.4317,262.5183,239.7041,217.2338,217.2903,249.8530,224.3190,221.4892,252.2132,254.7237,254.7215,258.0691,258.0231,258.0484,223.4507,226.9574,228.9065,239.4560,237.2386,242.1798,242.9406,235.5686,226.4820,240.3457,240.3005,262.3028,263.4523,259.6383,253.8275,259.6455,213.4770,224.2591,222.9068,251.0502,252.2191,239.2744,0.0000,240.4681,245.2532,228.9367,231.2160,252.3840,252.3360,262.6341,257.0505,253.9765,216.1654,199.5198,241.4012,199.8064,213.3994,250.5650,251.1069,270.2737,271.2091,263.6238,253.4069,128.2926,234.6081,234.1911,237.9418,204.1302,242.5989,231.5697,236.2218,235.8372,260.5232,268.8550,233.3281,244.2007,245.3709,245.4392,244.3252,241.6578,245.3262,244.4005,245.6685,245.4591,245.3101,241.4590,253.9115,250.2491,252.2238,0.0000,242.5343,257.1390,242.5342,240.5343,241.5091,252.5299,245.8800,242.1620,264.6689,254.3720,240.7243,240.9893,240.8676,242.0542,255.6698,241.4664,230.2166,242.0542,236.4568,219.1815,262.5965,262.9163,264.6748,239.2399,243.6012,239.1790,241.4777,241.0370,252.5926
14.0000,250.9415,254.1999,254.8549,246.6832,239.6195,233.6783,232.7131,256.9327,257.1857,264.5947,259.6811,264.2648,257.0538,252.9685,222.9719,151.1458,244.7870,244.4180,241.9050,253.3722,236.6675,231.5167,233.8223,238.3514,234.2303,237.2155,237.7070,251.6261,265.6337,253.9008,256.1698,257.1121,265.4681,248.9379,249.1029,262.1410,259.1926,245.8211,260.0510,251.4005,260.4563,245.0862,260.1303,261.2711,266.8856,223.5874,243.0383,241.8746,214.6940,234.0813,228.9284,229.9868,246.1145,241.0762,237.2340,231.1858,248.5182,234.9124,218.0933,238.1075,240.1439,240.4129,235.4123,235.6074,244.1045,240.3696,240.9704,244.9771,241.7007,242.6475,243.8280,243.3839,239.5884,240.1776,226.3032,251.8905,249.2348,265.8570,264.2619,246.4960,250.8197,245.7805,259.2545,259.4901,259.4448,260.0433,259.7831,259.2615,259.8473,258.2168,255.6632,260.6257,254.7237,252.4660,251.8903,247.8094,250.3326,250.7330,0.0000,259.6785,261.6824,260.1163,239.2273,247.1355,241.5951,241.7021,239.9358,239.5248,239.6944,0.6589,256.5154,242.5318,264.1825,257.0044,232.7101,228.2688,249.1934,245.1853,255.2617,231.1875,241.8736,260.4573,260.2233,253.5450,221.7543,256.2169,264.5451,239.3180,218.2916,218.3484,251.4234,225.4568,222.8827,254.0537,256.5435,256.5303,259.8783,259.8568,259.9044,224.6070,228.3828,230.3355,240.8274,238.5973,241.8024,244.5139,236.7266,227.6307,240.3716,240.3182,264.6929,265.8983,261.8167,255.6182,261.5982,214.7459,225.4310,224.0924,252.7034,253.9172,238.6913,0.0000,241.1084,246.8415,229.1947,231.4317,254.0911,254.0421,264.6429,258.9070,255.7307,216.7445,200.2540,241.9809,200.5311,215.6087,252.3415,253.4384,273.4570,274.4403,265.6151,255.2788,129.0714,234.8300,234.4007,238.0261,205.4238,242.5608,232.9784,237.6386,237.2469,263.1541,271.9606,234.7888,243.9313,244.8102,244.8838,243.8717,240.9049,244.7685,244.0787,245.3537,244.9018,244.7056,240.7038,255.6632,251.8901,253.9220,0.0000,243.3751,258.9441,243.3750,241.9059,242.8905,254.2215,247.0744,242.7416,266.6624,256.1655,241.2828,241.5919,241.4196,242.8934,257.4476,235.5013,231.3958,242.8934,237.9938,219.3861,264.5598,264.8873,266.6829,238.6384,243.3604,238.5031,241.1627,240.9238,254.4097
15.0000,264.8059,265.9723,266.7171,257.8942,250.3060,244.7294,243.9049,269.7095,269.1265,277.9171,272.1925,277.3958,269.2246,264.9530,232.3917,157.6478,255.1156,254.9778,250.2717,265.5638,247.4640,242.3074,244.6152,249.0731,245.4093,248.9590,249.4398,263.6383,279.0818,265.6203,268.0459,269.0706,279.0328,263.2201,262.5408,274.8735,271.2390,257.9452,272.0450,265.3768,276.6701,257.0242,272.7111,277.6869,280.5827,231.7141,248.0205,246.8618,223.6343,239.3770,234.2240,238.3494,248.4793,245.5994,244.3437,239.5671,259.4719,240.3082,225.9584,238.6776,245.3938,245.6353,240.7555,240.9745,244.1046,245.6981,245.9609,250.3232,246.7771,247.6365,249.0305,248.1371,242.2116,245.4287,234.2935,263.2622,260.3334,279.3616,277.4364,258.4863,262.3001,256.4255,271.3080,271.5472,271.5252,272.1740,271.8982,271.3343,271.9484,270.8407,267.4361,272.5975,266.3814,263.7863,263.2619,259.8706,262.5408,262.7134,0.0000,272.1802,274.4337,272.2007,250.0117,261.0528,249.7450,249.8838,246.2254,244.8447,244.9675,0.6589,268.4356,247.8060,277.3653,268.9939,244.0182,239.0658,261.1586,258.4729,266.9840,239.4993,246.9669,272.4988,272.2537,265.1701,229.7403,268.2713,277.8371,244.7815,226.1591,226.2180,262.7314,234.7128,233.5205,266.4554,268.4754,268.8457,271.9744,271.9448,272.0229,232.8283,239.2330,241.2491,251.2247,248.8983,246.9016,255.6297,246.3532,236.9759,245.9192,245.6923,276.8602,276.8602,274.2643,267.4561,274.1674,223.7427,235.1224,233.6445,264.1635,265.5392,243.9699,0.0000,250.0720,258.0631,234.4829,236.6806,265.7422,265.6813,277.9324,271.0783,267.5126,222.0579,205.3573,250.4364,205.6311,222.8394,264.3470,267.8705,287.6268,287.9955,279.1976,267.7450,134.6891,240.1929,239.7351,243.3271,211.2577,245.8939,244.1966,249.2505,248.9876,277.8924,286.2549,245.9953,249.1054,249.8223,249.9015,248.9453,245.7593,249.7817,249.3568,250.7277,249.9190,249.7248,245.2013,267.4361,263.2612,265.5445,0.0000,253.0990,270.9842,253.0988,252.3126,253.3306,265.8059,257.8972,251.5864,280.2255,268.0413,249.5904,249.7424,249.7694,252.5980,269.4392,235.9409,241.2595,252.5980,249.4189,224.3618,277.8115,278.1901,280.3617,243.9038,248.5515,243.7110,246.4586,246.2558,266.4677
16.0000,267.9478,268.0638,268.8605,259.7146,251.9149,246.4543,245.5605,271.6459,271.2591,279.8089,274.0314,279.2923,271.6069,266.9953,233.5552,158.5175,256.4005,256.3678,250.4423,267.7946,249.0982,243.7958,246.1738,250.6954,247.1793,250.7450,251.2422,265.6410,280.2077,267.6788,270.1572,271.2353,278.9944,266.2712,265.4271,276.7351,273.3858,260.0210,274.1006,268.5823,281.1565,258.8406,274.5690,282.2891,280.6465,232.0037,246.3810,245.2073,224.7008,238.3115,233.1320,238.5432,248.0474,244.3342,243.8879,239.7585,261.0277,239.2026,226.2390,235.2088,244.1408,244.3201,239.6161,239.8280,244.1045,244.7890,245.0565,248.9782,245.4231,246.2633,248.0439,246.5565,239.5727,244.1751,234.6115,265.1195,261.9613,280.5133,278.9441,260.4709,264.2399,257.7881,273.4591,273.7042,273.7063,274.3853,274.0933,273.5104,274.1368,272.8218,269.4678,274.6224,268.3222,265.6061,265.1192,261.7400,264.4681,264.6901,0.0000,274.0307,276.2429,274.3189,251.6524,263.9299,249.9606,250.1371,245.5680,243.7083,243.7593,0.6589,270.5639,246.7790,278.8405,271.1669,245.6740,240.4624,263.2020,261.0296,268.9831,239.6635,245.5423,274.5918,274.3266,267.1791,230.0267,270.3551,279.7297,243.7271,226.4403,226.4992,264.5339,235.8028,235.2045,268.4048,270.6202,271.0752,274.1462,274.1125,274.2240,233.1210,240.9285,242.9531,252.6850,250.3451,245.4978,257.4374,247.4741,238.0765,244.9868,244.7924,279.5152,279.5152,276.5864,269.5544,276.5706,224.8139,236.3132,234.8191,266.0427,267.5028,242.8274,0.0000,249.7187,259.8880,233.3927,235.6111,267.7277,267.6775,279.6132,273.2910,269.5489,220.9415,204.3471,250.5641,204.6184,222.3623,266.3688,271.2744,292.4382,292.3481,279.2756,269.7028,135.4750,239.0737,238.6195,242.1216,210.2850,245.3442,245.8497,250.9463,250.7705,281.9587,290.9440,247.7762,247.3265,248.1782,248.2609,247.4043,244.2542,248.1396,248.0120,249.3741,248.2766,248.0812,243.3719,269.4678,265.1182,267.5084,0.0000,254.0381,273.1385,254.0378,253.7664,254.7995,267.7392,259.3804,251.9936,281.0185,270.1524,249.7094,249.9583,249.9507,253.5352,271.4897,232.3997,242.5101,253.5352,251.2542,223.3479,279.2006,279.4875,280.4278,242.7566,246.7850,242.5248,245.3606,245.2762,268.6674
17.0000,265.6236,276.7392,277.6320,267.7923,259.5122,253.4489,252.8732,281.6005,280.0917,290.5687,283.5938,289.9439,280.5545,275.4134,240.6568,163.0892,267.3559,265.9073,254.6285,277.4126,256.5094,251.4625,253.7556,258.1968,254.0380,257.7372,258.1886,273.7821,290.9129,276.3044,278.9301,280.1260,289.8114,266.0903,265.7697,286.7422,282.3031,266.0706,282.9071,266.3171,280.0918,267.5544,284.1176,281.3329,291.6358,237.3488,248.7053,247.5241,230.8705,240.7014,235.4632,244.0534,249.2943,246.2374,247.9640,245.2556,270.2469,241.6395,231.3618,236.1668,246.2510,246.4247,241.9660,242.1962,244.1046,247.0272,247.1520,251.2215,247.5421,248.3794,250.4443,248.5536,240.6972,246.2876,239.7586,273.4179,271.0145,291.2695,289.3989,267.6417,272.6320,267.3936,282.4644,282.7192,282.6810,283.4195,283.0823,282.4650,283.1710,282.5353,278.1789,283.4079,276.9582,273.9333,273.4174,270.3786,273.0240,272.8136,0.0000,283.6276,286.1918,283.2139,259.2153,265.1772,254.7553,254.7293,248.2140,245.8247,245.8556,0.6589,279.4096,249.1822,289.2751,280.0756,253.1776,248.0022,272.5000,265.1276,277.5791,245.0765,247.7281,283.4798,283.2021,275.7241,235.2450,279.0372,290.4724,245.5054,231.5649,231.6252,273.1135,242.1951,241.7310,277.4956,279.4541,280.1188,283.1516,283.0772,283.2397,238.5811,247.8214,249.8714,260.0120,257.6042,247.6969,265.4514,254.1044,244.5304,247.4137,247.0536,290.2598,290.2599,286.8638,278.2914,285.8619,230.4023,244.2167,242.1925,274.4950,275.9984,244.4906,0.0000,253.6268,267.9783,235.7229,237.9535,276.2513,276.1766,290.2423,282.2705,278.2686,223.2067,206.3649,254.6582,206.6430,224.9739,274.6510,271.2419,292.8210,304.9492,290.1065,278.9734,139.4504,241.4660,240.9882,244.3519,212.2038,246.7602,253.1790,258.2121,257.7722,282.1935,291.3294,254.6905,249.5626,250.5315,250.6147,249.7032,246.3821,250.4912,250.3364,251.6252,250.6311,250.4945,245.2368,278.1789,273.4156,276.0044,0.0000,267.2357,282.0607,267.2358,261.1164,262.2426,276.3074,268.7740,268.6825,291.8663,278.9248,253.8093,254.7529,254.1016,266.7357,280.1535,233.2642,250.5432,266.7356,258.2077,225.5684,289.7064,290.0498,291.3918,244.4161,249.0007,244.1577,247.3433,247.4318,277.8529
18.0000,272.0259,285.5444,286.5185,276.1000,267.4059,261.3054,260.7682,291.2361,289.0637,300.6350,292.9594,299.9023,289.6837,284.2325,247.4459,167.7705,275.1106,273.6191,260.4161,286.4969,264.3618,259.2901,261.5892,266.0419,261.9233,265.7406,266.1852,282.5433,300.7435,285.0617,287.8364,289.1088,299.2906,273.1304,272.8192,296.3675,291.3708,274.2314,291.8822,272.7784,287.7436,276.3880,293.5256,289.0922,301.2684,243.1193,251.8363,250.6432,237.2413,244.3914,239.0760,249.8595,252.6895,249.7324,252.8526,251.0922,278.3504,245.2434,236.9152,239.1324,249.3024,249.4944,245.4568,245.6882,246.9322,250.6414,250.7590,254.4580,250.6398,251.5019,254.2593,251.7797,243.7046,249.3420,245.4470,281.8766,279.2069,301.1416,299.1947,276.0766,281.1918,274.9471,291.5463,291.8126,291.8007,292.5952,292.2175,291.5712,292.3134,292.1462,286.9723,292.3607,285.6774,282.3801,281.8760,279.2588,282.0023,281.5626,0.0000,292.9951,295.7652,292.2329,267.1164,272.4878,260.4605,260.4287,252.4016,248.8736,248.8723,0.6589,288.3228,252.9747,299.0474,289.0481,261.2112,255.8816,281.4635,273.0279,286.3394,250.8729,250.8244,292.5306,292.2617,284.4032,240.9154,287.9915,300.5216,249.0577,237.1236,237.1854,281.5252,248.8678,249.2344,286.7763,288.4079,289.3360,292.2587,292.1995,292.4224,244.4691,255.5314,257.6285,267.6349,265.1568,250.7837,273.6904,261.0900,251.2671,250.9779,250.6617,300.7231,300.7231,296.9474,287.1613,295.1798,235.8237,251.9027,249.2632,283.0514,284.6637,247.9523,0.0000,259.6282,276.2957,239.3296,241.5585,284.9226,284.8466,300.2052,291.3193,287.0693,226.9142,210.1044,260.5408,210.3710,230.8120,283.4448,278.8359,303.1649,316.8098,299.6417,288.3523,143.5166,245.0155,244.5331,247.6347,216.6232,250.1359,261.1011,266.2805,265.7784,291.0427,301.4504,262.6184,252.8828,253.6805,253.7648,252.8641,249.4140,253.6395,253.5570,254.8697,253.7817,253.6841,248.1962,286.9723,281.8739,284.6702,0.0000,275.0291,291.1299,275.0292,268.7512,269.9235,284.9670,276.7467,276.5843,301.6865,287.8308,259.4804,260.4572,259.8942,274.5145,289.0716,236.1203,257.6891,274.5144,266.2603,228.9858,299.4960,299.8454,301.0089,247.8758,252.3395,247.5947,250.9586,251.0558,286.8826
19.0000,272.0259,284.7776,285.7897,275.2117,266.4365,260.6093,259.9997,290.7976,288.3070,300.4000,292.2395,299.5873,289.0033,283.4683,246.1188,166.9832,273.8555,272.4002,257.5604,286.0199,263.5069,258.4974,260.7776,265.1026,261.2657,265.1323,265.5830,281.7753,300.1456,284.2708,287.0697,288.3639,298.3954,273.0657,272.6828,295.8211,290.6245,273.6217,291.0232,272.8124,288.4735,275.5904,292.7493,289.8849,300.4814,241.1270,247.6513,246.4465,235.9560,241.0387,235.8080,247.9244,249.5120,245.7772,250.1823,249.1874,277.2706,241.6519,234.9309,235.1222,245.1202,245.3076,241.7850,242.0017,244.1046,246.6960,246.8490,250.2770,246.5302,247.4461,250.6817,247.7459,239.5685,245.1600,243.2888,280.9072,278.1307,300.5574,298.6765,275.3380,280.3355,273.6609,290.8085,291.0988,291.0965,291.9215,291.4885,290.8351,291.6229,291.5637,286.1455,291.4731,284.8037,281.3859,280.9066,278.3998,280.9987,280.7829,0.0000,292.3129,295.1787,291.3379,266.1939,272.3953,257.6811,257.6537,248.3978,244.6957,244.6837,0.6589,287.5589,249.3567,298.5014,288.3022,260.4634,255.1501,281.0325,272.8706,285.4995,248.9417,246.6376,291.7116,291.4441,283.5544,238.9065,287.1930,300.2743,244.4910,235.1367,235.1979,280.5387,247.4318,248.6087,285.9609,287.6690,288.5731,291.5127,291.4493,291.7006,242.5151,254.8884,256.9581,266.3990,263.9320,246.5946,272.8120,259.5152,249.8173,247.0411,246.7184,300.6220,300.6220,296.6196,286.3886,294.6212,234.9718,250.3816,247.9081,282.1284,283.7968,243.3589,0.0000,256.7149,275.4090,236.0393,238.1537,284.0658,283.9765,299.8627,290.6159,286.2467,224.3745,207.9725,257.6671,208.2248,231.0389,282.6781,278.9378,303.9405,317.6224,298.7885,287.6023,142.8828,241.3943,240.9445,243.6986,215.3419,246.5877,260.3440,265.6051,265.1677,291.4838,302.1709,261.9995,248.7193,249.4741,249.5585,248.6593,245.2243,249.4335,249.3862,250.6841,249.5749,249.4823,243.9576,286.1455,280.9041,283.8035,0.0000,273.7553,290.3939,273.7554,267.4884,268.6673,284.0727,275.6311,275.2735,301.0322,287.0639,256.5146,257.6787,256.9135,273.2431,288.2476,232.1016,256.4008,273.2431,265.5782,225.7582,298.9390,299.2707,300.2113,243.2829,248.1791,243.0025,246.6419,246.9785,286.2844
20.0000,272.0259,282.0619,283.0912,272.4635,263.7206,257.9033,257.1758,284.0602,285.5177,291.4073,287.4665,291.6704,286.2318,280.3876,243.7528,165.3470,271.3184,269.8281,255.0720,283.2414,260.8458,255.8367,258.1159,262.4489,258.5301,262.3924,262.8553,278.5849,293.2028,281.5451,284.2868,285.5409,290.6375,272.3910,271.8604,290.2788,287.7815,270.8687,288.0814,272.8470,289.2160,271.1644,288.0284,290.6914,292.6996,238.9929,245.4553,244.2268,233.6499,239.3395,234.1426,245.8026,248.6773,243.9218,248.2810,247.0992,274.6232,239.8347,232.8612,233.2415,243.0873,243.2585,239.9446,240.1487,244.1046,244.8013,245.0440,248.1241,244.5536,245.5271,248.8972,245.9405,237.5539,243.1271,241.1365,278.1312,275.4839,293.6170,291.8225,272.1093,277.5453,271.0861,287.9692,288.2915,288.2764,289.1065,288.6713,288.0327,288.8112,285.8057,283.2594,288.5113,281.8405,278.5746,278.1306,273.9158,276.5418,277.6100,0.0000,287.5233,289.7121,288.3864,263.5366,271.3964,255.2863,255.2671,246.2779,242.6937,242.6594,0.6589,284.6915,247.5358,291.8587,285.4275,257.5977,252.5059,278.2237,271.2164,282.6668,246.8584,244.5304,288.8277,288.5884,280.8106,236.8001,284.1904,290.8747,242.4851,233.0652,233.1259,277.8121,245.0219,246.0056,280.9040,284.9069,285.6416,288.6802,288.6395,288.9471,240.3620,252.2507,254.2936,263.7428,261.3007,244.4842,270.0880,256.9913,247.3842,245.0591,244.8112,294.9404,294.9405,290.8894,283.6195,291.7238,232.4490,248.1584,245.5787,279.2563,280.9721,241.3730,0.0000,254.2274,272.6591,234.3640,236.4329,281.2521,281.1678,292.0825,287.7146,283.3611,223.1082,207.2249,255.2379,207.4537,232.7211,279.5364,278.3665,303.8237,312.3121,291.1030,282.3434,141.4758,239.5682,239.1390,241.7595,215.6714,245.3986,257.5233,262.7657,262.4256,291.1521,302.0314,259.1300,246.5798,247.2618,247.3452,246.4654,243.1057,247.2223,247.2475,248.5236,247.3606,247.2778,241.8145,283.2594,278.1279,280.9788,0.0000,271.2436,287.5669,271.2437,264.8233,265.9972,281.1839,273.0170,272.7862,293.8109,284.2810,253.8938,255.2834,254.3193,270.7361,285.2531,230.1580,253.9536,270.7360,262.6946,224.1269,292.2049,292.4901,292.4449,241.2990,246.0443,241.0187,244.6957,245.0708,283.4891
21.0000,272.0259,284.5776,285.6405,274.8019,265.9048,259.9172,259.2554,285.0462,288.0887,291.5993,289.2111,292.2339,288.8610,282.5403,245.5545,166.6330,272.6656,271.5750,256.7439,286.0474,262.9933,258.0440,260.3100,264.6273,260.5045,264.3965,264.8483,280.6159,294.4783,284.0405,286.8438,288.1620,291.6832,272.8190,272.4009,291.7910,290.3625,272.5067,290.5643,272.8387,289.0373,272.8562,289.7593,290.4973,293.8921,240.7398,246.9991,245.7249,235.4280,240.8188,235.6267,247.5883,249.4144,245.2616,249.9212,248.8977,276.6067,241.3377,234.5504,234.3895,244.6044,244.7584,241.4459,241.6541,244.1046,246.2487,246.4214,249.6981,246.1687,247.2215,250.3559,247.7388,238.7166,244.6515,242.8573,280.4936,277.5944,294.9164,292.9739,273.8772,279.9709,272.8545,290.5576,290.8968,290.9063,291.7711,291.2787,290.6325,291.4509,287.2068,285.7201,290.9821,284.2222,280.9319,280.4929,275.6332,278.1831,279.6344,0.0000,289.2816,291.2619,290.9072,265.7376,272.1678,257.0417,257.0322,247.8673,244.1991,244.1711,0.6589,287.2041,249.0204,293.1054,287.9596,259.7102,254.6301,280.9318,272.6774,285.1562,248.6277,246.0621,291.3537,291.0894,283.2620,238.5179,286.4400,290.8747,244.0025,234.7552,234.8164,280.1105,246.9079,247.8845,282.4261,287.4907,287.6957,291.2817,291.2303,291.5700,242.1335,254.2293,256.2832,265.8815,263.4196,246.0219,272.4078,258.9824,249.2882,246.5629,246.2656,296.7340,296.7341,292.5085,286.1614,294.4375,233.9846,250.2280,247.4732,281.6248,283.4276,242.8769,0.0000,255.8128,275.0010,235.8464,237.9036,283.7202,283.6246,292.8208,290.2974,285.8253,224.5304,208.7078,256.8825,208.9296,235.5084,281.6252,278.9008,304.7920,314.9940,292.2028,283.8285,142.5980,241.0685,240.6337,243.2711,217.5987,246.3324,259.6060,264.8527,264.4319,291.8657,302.9692,261.2482,247.9801,248.8252,248.9121,248.0345,244.6194,248.7852,248.8224,250.1032,248.9275,248.8193,243.2533,285.7201,280.4901,283.4345,0.0000,271.7777,290.1610,271.7777,266.9671,268.1529,283.5823,274.9126,273.3877,295.0568,286.8378,255.4156,257.0363,255.9401,270.8608,287.6137,231.2733,255.7356,270.8607,264.6075,225.5211,293.4521,293.7560,293.6225,242.8023,247.4627,242.5207,246.1695,246.5371,286.1791
22.0000,272.0259,285.6282,286.7089,275.7974,266.8327,260.9024,260.1705,285.4056,289.1283,291.6662,289.9068,292.4557,289.8699,282.8461,246.4715,167.2362,273.9424,272.7304,257.2886,287.1093,264.1480,259.7095,261.8647,265.6556,261.4547,265.2102,265.6378,281.0533,294.6798,285.0810,287.8808,289.2169,291.5113,272.9765,272.6197,292.3478,291.3880,273.1245,291.5255,272.8506,289.2930,273.4126,290.4989,290.7750,293.7869,241.5634,247.3610,246.0768,236.2310,241.2222,236.0327,248.6219,249.5983,245.5567,250.6576,249.9443,277.7621,241.7689,235.3520,234.4658,244.9836,245.1371,241.8527,242.0615,244.1046,246.6203,246.7613,250.0585,246.5725,247.6430,250.7041,248.1789,238.8449,245.0243,243.5819,281.4826,278.6754,295.1189,293.2883,274.4880,280.9471,274.0199,291.5866,291.9394,291.9617,292.8433,292.3306,291.6774,292.5106,287.6945,286.7497,291.9533,285.1840,281.9008,281.4819,276.1282,278.7359,280.0802,0.0000,289.9663,291.8297,291.8901,266.7423,272.4846,257.6468,257.6429,248.3379,244.5903,244.5565,0.6589,288.2640,249.3754,293.4377,289.0368,260.6451,255.9707,281.9896,273.3162,286.1532,249.6701,246.4315,292.3504,292.0621,284.2854,239.3156,287.0278,290.8747,244.4175,235.5543,235.6157,281.1461,247.7138,248.9949,282.9685,288.5410,288.2432,292.3144,292.2673,292.6219,242.9578,255.2287,257.2692,266.7917,264.3438,246.3890,273.3933,259.8013,250.1018,246.9667,246.6413,297.3994,297.3995,293.0964,287.1993,295.6752,234.6996,251.2453,248.4230,282.5876,284.4159,243.2832,0.0000,256.6086,275.9958,236.2500,238.2986,284.7019,284.5853,293.1081,291.4349,286.8570,225.0244,209.2022,257.4706,209.4227,236.5595,282.0073,279.1715,305.6704,315.9800,292.0702,284.3603,143.1058,241.4856,241.0433,243.6578,218.2267,246.5586,260.5281,265.7118,265.2468,292.4483,303.8086,262.2288,248.3759,249.1906,249.2787,248.4111,244.9742,249.1506,249.1826,250.4458,249.2936,249.1892,243.6180,286.7497,281.4790,284.4229,0.0000,273.0505,291.1976,273.0505,267.8643,269.0476,284.5639,276.0806,274.6684,295.1586,287.8748,255.8156,257.6406,256.4004,272.1293,288.3322,231.3802,256.7443,272.1292,265.4557,225.8956,293.7500,294.0232,293.5130,243.2086,247.8725,242.9252,246.5368,246.9026,287.2251
23.0000,272.2576,286.2724,287.3678,276.5191,267.5135,261.6947,261.0446,285.7769,289.7486,291.7288,290.2125,292.0976,290.5058,283.2977,246.8288,167.6100,273.0923,272.5093,257.6300,287.9347,264.7772,260.1777,262.3583,266.3038,262.2925,266.0558,266.4792,281.4623,294.7784,285.7152,288.4912,289.8306,291.2459,273.3491,272.9935,292.5778,292.0055,273.7243,292.1482,273.1330,290.6170,273.8297,290.7926,292.1930,293.6095,242.0578,247.8836,246.5779,236.7645,241.6476,236.4787,249.1431,249.7452,246.0220,251.1550,250.4872,277.7907,242.2603,235.8063,235.1413,245.4826,245.6283,242.3339,242.5437,244.1046,247.0806,247.2125,250.5672,247.1146,248.2179,251.1265,248.7181,239.3608,245.5233,243.9779,282.0316,278.8700,295.2388,293.4275,275.0497,280.7760,273.8065,292.2056,292.5486,292.5679,293.4494,292.9852,292.3180,293.1190,288.1429,287.3782,292.5700,285.7551,282.4624,282.0308,276.5914,279.2006,280.3568,0.0000,290.2827,292.0738,292.6261,267.3922,272.9607,258.0965,258.1034,248.8574,245.0964,245.0595,0.6589,288.9148,249.8204,293.5843,289.6955,261.5533,256.5872,282.7856,274.0023,286.6933,250.2131,246.9379,292.9874,292.7068,284.8945,239.7792,287.5762,290.8747,244.9628,236.0078,236.0692,281.5564,248.2567,250.2427,283.4252,289.1624,288.8739,292.9633,292.9123,293.2708,243.4917,256.0275,258.0603,267.4278,265.1036,246.8988,274.4686,260.3576,250.6500,247.4514,247.1030,298.3224,298.3225,293.8085,287.8154,296.5303,236.3534,250.8971,248.6141,283.1530,284.9365,243.8511,0.0000,256.9695,276.7189,236.6966,238.7501,285.2296,285.0927,293.2007,292.1775,287.4879,225.5043,209.7262,257.7771,209.9432,237.7980,282.4359,279.6017,306.2082,317.9677,291.8415,284.8145,143.4192,241.9701,241.5195,244.1500,218.9904,246.8773,261.3971,266.5823,266.0934,292.9864,304.3530,263.0808,248.7897,249.7265,249.8155,248.9368,245.4714,249.6862,249.6993,250.9532,249.8300,249.7089,244.1214,287.3782,282.0280,284.9434,0.0000,271.0032,291.8102,271.0031,268.4669,269.6375,285.1458,276.0078,272.6106,295.1733,288.4851,256.0555,258.0885,256.6317,269.5143,288.8915,231.9329,256.8820,269.5142,266.2105,226.3235,293.8838,294.1471,293.3274,243.7802,248.2953,243.4915,247.0582,247.3680,287.9377
24.0000,272.0259,286.3542,287.4684,276.4949,267.4421,261.5465,260.9280,285.6431,289.7987,291.7348,290.1584,292.1060,290.2072,283.2650,246.8646,167.5657,273.4729,272.8569,257.2434,288.0557,264.6881,260.0688,262.2471,266.2453,262.1243,265.8837,266.2997,281.4027,294.7100,285.7883,288.5385,289.9043,290.9988,273.0888,272.7524,292.5515,292.0492,273.4912,292.1739,272.8690,289.6888,273.4818,290.7185,291.2049,293.4327,241.9945,247.7080,246.4127,236.6624,241.4960,236.3549,249.1556,249.6314,245.6714,251.0690,250.5106,278.0541,242.0665,235.7420,234.5428,245.2511,245.4085,242.1265,242.3151,244.1046,246.8122,246.9070,250.2815,246.8928,247.9946,250.9904,248.6504,238.8231,245.2920,243.8649,282.0725,279.0014,295.1791,293.3843,274.8100,280.7805,274.3530,292.2505,292.5956,292.6199,293.5075,293.0431,292.3738,293.1725,287.9235,287.4263,292.5930,285.7758,282.4817,282.0718,276.1578,278.7387,280.3474,0.0000,290.2456,292.0413,292.6651,267.3479,272.7425,257.8081,257.8298,248.5643,244.8418,244.8183,0.6589,288.9791,249.6600,293.5369,289.7632,261.4703,256.5162,282.6581,273.8634,286.7089,250.2291,246.7111,293.0271,292.7476,284.9406,239.7079,287.5535,290.8747,244.6633,235.9422,236.0036,281.6566,248.1502,250.0824,283.0814,289.2070,288.7884,293.0111,292.9678,293.3367,243.4301,255.8429,257.8978,267.3670,265.0432,246.6659,274.4454,260.2453,250.5424,247.1915,246.8355,298.0347,298.0348,293.5528,287.8689,296.5929,235.7730,251.3240,248.7634,283.1653,284.9415,243.5306,0.0000,256.3189,276.6955,236.5687,238.5944,285.2189,285.0221,293.1756,292.2533,287.5368,225.6082,209.9691,257.3821,210.1785,238.4777,282.3902,279.2465,305.3142,317.7343,291.6221,284.5082,143.3898,241.7735,241.3246,243.9425,219.4746,246.6769,261.2846,266.4567,265.9235,292.3625,303.5164,262.8816,248.7201,249.5402,249.6298,248.7294,245.2326,249.4998,249.4265,250.6694,249.6445,249.5358,243.9314,287.4264,282.0688,284.9486,0.0000,271.3821,291.8560,271.3819,268.4065,269.5812,285.1735,276.3038,272.9935,295.0792,288.5323,255.6144,257.7952,256.1736,269.8911,288.8955,231.4019,257.0363,269.8909,266.0207,226.1759,293.8312,294.0893,293.1437,243.4560,248.1975,243.1738,246.7984,247.1062,287.9172
25.0000,272.0259,285.6363,286.7607,275.7670,266.7129,260.9404,260.2944,285.2069,289.0784,291.6662,289.5513,291.6512,289.3152,282.6062,245.9354,167.0269,271.7209,271.5327,256.4397,287.3159,263.9878,259.3186,261.5106,265.5258,261.5508,265.3371,265.7668,280.7609,293.9780,285.0642,287.8187,289.1919,289.5950,272.9753,272.6023,291.9445,291.3234,273.0198,291.4381,272.8484,289.2455,272.9701,290.1284,290.7234,292.0697,240.9139,247.0523,245.7787,235.8573,240.7898,235.6130,247.9968,249.2605,245.0611,250.0660,249.3143,276.8823,241.3187,234.7678,233.9918,244.5905,244.7568,241.4288,241.6398,244.1046,246.1695,246.2961,249.7462,246.1870,247.2526,250.3769,247.8744,238.2216,244.6314,242.9831,281.3072,277.9655,294.4854,292.8330,274.2784,280.0602,273.0505,291.5240,291.8569,291.9048,292.7976,292.3181,291.6523,292.4495,287.3747,286.6824,291.8512,285.0437,281.7310,281.3064,275.6565,278.2224,279.6700,0.0000,289.6258,291.4347,291.9303,266.6321,272.5559,256.9772,257.0114,247.8298,244.1722,244.1538,0.6589,288.2395,249.0236,292.9346,289.0205,260.8083,255.8085,281.7027,273.5307,285.9808,249.0114,246.0623,292.2942,292.0205,284.1916,238.6994,286.8557,290.8747,243.9625,234.9681,235.0293,280.7808,247.3669,249.5353,282.5353,288.4934,288.0725,292.2785,292.2448,292.6216,242.2609,255.2268,257.2908,266.6188,264.3016,246.0149,273.7233,259.4647,249.7515,246.5191,246.1892,297.2497,297.2498,292.8816,287.1481,295.7864,234.4216,250.7288,247.9147,282.4275,284.2103,242.8274,0.0000,255.7378,275.9675,235.8334,237.8906,284.4805,284.2611,292.8480,291.4877,286.7923,224.7057,209.0620,256.6261,209.2741,236.5486,281.7413,279.0993,304.9861,316.7304,290.2491,283.9574,142.9426,241.0522,240.6168,243.2509,218.2659,246.2641,260.6509,265.8773,265.3747,292.1941,303.2171,262.3258,248.0670,248.8747,248.9636,248.0602,244.5784,248.8344,248.8504,250.1543,248.9788,248.8713,243.3149,286.6824,281.3036,284.2174,0.0000,268.8478,291.1336,268.8475,267.6531,268.8237,284.4329,275.0587,270.4405,294.1343,287.8126,254.7839,256.9554,255.3279,266.9907,288.1883,230.8433,255.9551,266.9905,265.4597,225.5088,293.1993,293.4211,291.7792,242.7515,247.5369,242.4719,246.1360,246.4614,287.1191
26.0000,272.0259,283.5697,284.6713,273.8870,264.9546,259.5055,258.7784,287.3939,287.0473,296.5391,289.4510,295.1779,287.0423,281.1877,244.0594,165.8034,269.5081,269.3680,254.4358,285.1278,262.2851,257.5942,259.7931,263.7353,260.2120,263.9599,264.4172,279.5724,295.0656,283.0107,285.7845,287.1150,290.1632,272.7683,272.2930,292.5757,289.3123,272.1581,289.5218,272.8473,289.2217,272.9480,289.9955,290.6976,292.5890,238.5963,245.3445,244.0908,234.1268,238.8385,233.6036,245.2745,248.4795,243.5552,247.6622,246.5250,274.7261,239.3122,232.5895,232.5227,242.9210,243.0845,239.5090,239.7123,244.1045,244.5482,244.7620,247.9114,244.4572,245.4816,248.5787,246.1121,236.8288,242.9616,241.0145,279.3500,275.8686,295.5675,294.5174,273.4922,278.1426,270.8127,289.5071,289.8244,289.8527,290.7195,290.2843,289.6273,290.3905,288.4392,284.7864,289.9447,283.2414,279.8190,279.3493,275.7146,278.2864,278.4574,0.0000,289.5344,291.9523,289.9462,264.8081,272.0696,255.0147,255.0724,246.0901,242.5192,242.4956,0.6589,286.3076,247.1866,294.2882,287.0695,259.1844,254.1527,279.4229,272.4817,284.0120,246.2158,244.3528,290.3237,290.0434,282.1557,236.4891,285.2252,296.3254,242.3045,232.7933,232.8539,278.7553,245.5887,248.2578,283.0491,286.4485,286.4749,290.2345,290.2333,290.6049,239.8471,253.8273,255.8777,264.7984,262.4968,244.3074,271.8567,257.6238,247.9561,244.8523,244.5620,297.9692,297.9693,293.7552,285.1093,293.7575,232.7016,248.6619,245.9497,280.5729,282.2645,241.1908,0.0000,254.0023,274.0855,233.8366,235.9546,282.5190,282.2747,295.9667,289.5469,284.8940,222.3215,206.4172,254.6382,206.6492,230.6122,280.4466,278.7047,303.8521,316.6581,290.8562,284.6268,141.9095,239.0904,238.6729,241.4546,214.3433,245.2237,259.1225,264.3761,263.9931,291.4302,302.1247,260.9536,246.3188,247.1576,247.2439,246.3236,242.8783,247.1177,247.0423,248.3120,247.2591,247.1441,241.6978,284.7864,279.3467,282.2714,0.0000,266.6329,289.1078,266.6327,265.8236,266.9843,282.5642,272.8737,268.1724,295.0313,285.7785,252.7863,254.9806,253.2540,264.7911,286.4571,229.4699,253.9672,264.7910,264.2866,223.6735,294.5086,294.6264,292.3124,241.1178,245.7991,240.8369,244.4573,244.8193,284.9357
27.0000,268.5926,277.4617,278.5232,268.1066,259.4386,254.2610,253.4380,280.1899,280.8251,288.7112,282.4870,287.3385,280.8928,275.1330,239.2089,162.4988,263.9063,263.8031,249.8771,278.9110,256.9388,252.4742,254.5564,258.3149,254.9700,258.6776,259.1441,273.5445,287.1921,276.9258,279.5972,280.8726,281.8202,268.7361,268.2199,285.3297,283.0302,266.7876,283.2594,269.4276,286.0874,266.6534,282.9804,287.5891,284.1436,234.7421,241.9088,240.6402,229.6165,235.8810,230.6008,241.3401,247.2225,240.7295,244.2867,242.6033,268.9930,236.2758,228.7902,230.1454,239.8219,239.9656,236.4655,236.6592,244.1045,241.4767,241.8527,244.6926,241.3610,242.4161,245.6704,242.9685,234.3802,239.8631,237.0542,273.4082,270.1171,287.6837,286.8767,267.7814,272.1811,265.2366,283.2177,283.5274,283.5512,284.3890,283.9890,283.3341,284.0727,281.4301,278.6385,283.6806,277.1203,273.8738,273.4076,269.4757,271.9507,272.4138,0.0000,282.5876,284.7417,283.6573,259.3500,267.7553,250.4789,250.5587,242.4356,239.4576,239.4206,0.6589,280.1024,244.2080,286.6628,280.8510,253.7671,249.3104,273.3876,267.5708,277.9069,242.3362,241.1413,284.0170,283.7141,276.1202,232.6501,279.0674,288.4956,239.0139,228.9924,229.0521,272.8653,240.8099,243.2566,276.4011,280.2289,280.2771,283.9300,283.9196,284.2567,236.0213,248.7093,250.7117,259.3895,257.1351,241.0913,266.1157,252.5786,243.1314,241.6592,241.4727,290.6272,290.6273,286.5346,278.9469,287.3298,229.3810,242.8213,240.8074,274.5675,276.2147,237.9310,0.0000,249.1638,268.2975,230.8377,232.9856,276.4669,276.2492,288.2076,283.2513,278.7425,219.1718,203.1559,250.0314,203.4020,225.2433,274.4043,274.5585,299.0736,308.4508,282.5153,277.8742,139.0421,236.0549,235.6480,238.3739,210.0918,243.2803,253.7889,258.9967,258.7083,286.9610,297.3845,255.6827,242.9403,243.6977,243.7840,242.9588,239.6821,243.6601,243.8253,245.0860,243.7983,243.6045,238.5807,278.6386,273.4051,276.2214,0.0000,261.0631,282.8308,261.0628,260.3954,261.5269,276.4907,267.1998,262.5267,286.9466,279.5914,248.2545,250.4328,248.6845,259.2597,280.2707,227.1546,248.8407,259.2596,258.9024,220.8591,286.8184,286.8817,283.8837,237.8590,242.4239,237.5846,241.2477,241.7019,278.7615
28.0000,272.0259,283.9960,285.0856,274.3789,265.4629,260.1102,259.3480,287.0712,287.4870,295.7270,289.3424,294.3462,287.8469,281.6212,244.5772,166.1713,270.0113,269.9067,254.6841,285.6114,262.8819,258.3598,260.4771,264.2896,260.8075,264.6740,265.1372,279.9740,293.8039,283.4434,286.2227,287.5578,287.9842,272.8416,272.4381,292.2323,289.7551,272.5678,289.9374,272.8850,290.0350,273.0412,289.9188,291.5809,290.4320,239.6396,246.2905,245.0476,234.7322,239.5434,234.2636,246.4659,248.9804,244.3721,248.6885,247.7266,275.2774,240.1728,233.5208,234.2147,243.6767,243.8681,240.3083,240.5282,244.1045,245.1859,245.3970,248.8719,245.2559,246.2859,249.3260,247.1224,238.3765,243.7195,241.8274,279.7608,276.3986,294.2917,293.6631,273.8659,278.5869,271.3782,289.9507,290.2671,290.3066,291.1777,290.7447,290.0703,290.8416,288.2854,285.1580,290.3522,283.6288,280.2283,279.7601,275.8714,278.4315,278.8736,0.0000,289.4128,291.6105,290.3686,265.3708,272.2409,255.2352,255.3318,246.6055,243.2274,243.2316,0.6589,286.6728,247.9397,293.4292,287.4457,259.7542,255.0986,280.0554,272.8592,284.4665,247.4244,245.2077,290.7375,290.4388,282.6023,237.4555,285.6686,295.5105,242.9355,233.7242,233.7851,279.2149,246.1045,248.8262,283.0571,286.8784,286.9914,290.6806,290.6649,291.0215,240.9837,254.4525,256.4884,265.2466,262.9413,245.1546,272.3431,258.0797,248.4769,245.5102,245.1958,297.9433,297.9433,293.6388,285.5461,294.0855,235.2652,247.7866,246.0930,280.9843,282.7149,241.8164,0.0000,254.0650,274.5760,234.5043,236.6749,282.9879,282.8102,295.1196,289.8671,285.2659,222.6879,206.5226,254.8700,206.7671,229.8141,280.8655,279.0104,305.1405,316.6825,288.7394,284.5884,142.2061,239.9191,239.4658,242.2317,213.8102,245.6619,259.7135,265.0648,264.7080,292.2240,303.3319,261.5603,247.2781,248.1010,248.1850,247.2372,243.7519,248.0601,247.9792,249.2781,248.2001,248.0793,242.6918,285.1580,279.7574,282.7219,0.0000,267.1297,289.5564,267.1295,266.2647,267.4284,282.9588,273.4297,268.6705,293.4724,286.2167,253.0319,255.1756,253.4621,265.2845,286.8790,231.1880,254.4949,265.2844,264.8157,224.3564,293.5473,293.5668,290.1618,241.7445,246.7302,241.4638,245.0954,245.4605,285.4959
29.0000,272.0259,284.6046,285.6909,274.9314,265.9625,260.4285,259.7008,287.4338,288.1318,295.8132,289.6390,294.3800,288.8075,282.1017,245.0306,166.4585,270.3925,270.3333,255.0318,286.1702,263.2959,258.7344,260.8758,264.7478,261.0957,264.9083,265.3649,280.3848,293.4408,284.0503,286.8707,288.2420,287.0911,272.9176,272.5207,292.4381,290.4062,272.8336,290.5676,272.8987,290.3297,273.3468,290.2319,291.9009,289.5293,240.4057,247.0780,245.8395,235.1116,240.4309,235.2552,247.3253,249.1916,245.2009,249.5144,248.5809,275.7469,241.1283,234.2585,235.6180,244.4843,244.6802,241.2147,241.4281,244.1046,245.9270,246.1223,249.6886,246.0493,247.0683,249.9868,247.9125,239.6330,244.5259,242.5399,280.3414,276.9094,293.9174,293.5742,274.1743,279.1851,271.7845,290.6052,290.9235,290.9595,291.8381,291.3586,290.7087,291.5012,288.6160,285.7796,290.9744,284.2139,280.8109,280.3407,276.1388,278.7368,279.2691,0.0000,289.7113,291.8044,291.0588,265.8279,272.3413,255.6777,255.7986,247.2990,244.0241,244.0370,0.6589,287.3156,248.6546,293.3270,288.0933,260.1153,255.3653,280.8897,273.0019,285.0786,248.2861,246.0296,291.3817,291.0895,283.2066,238.2022,286.2461,295.5883,243.7284,234.4615,234.5225,279.7692,246.5368,249.1009,283.3858,287.5389,287.6902,291.3544,291.3091,291.6903,241.7634,254.7785,256.8080,265.7519,263.4420,245.9757,272.8932,258.5565,248.9134,246.2664,245.9340,298.4726,298.4727,294.0754,286.1841,294.8370,234.6083,248.9941,246.7528,281.5663,283.3224,242.6319,0.0000,254.1883,275.1306,235.4815,237.5780,283.6081,283.4646,295.0986,290.5395,285.8896,224.0012,208.0269,255.1743,208.2580,233.4051,281.3059,279.0644,304.9642,317.6048,287.8728,284.9208,142.4614,240.8451,240.3831,243.0888,216.1843,246.1623,260.0568,265.3210,264.9425,292.1997,303.1900,261.8130,248.0443,248.8902,248.9728,248.0237,244.6223,248.8494,248.7965,250.0911,248.9880,248.8720,243.6083,285.7796,280.3380,283.3294,0.0000,267.5191,290.2061,267.5188,266.7765,267.9467,283.5556,273.8783,269.0812,292.9159,286.8645,253.3781,255.6077,253.7764,265.6711,287.4537,232.5962,254.9379,265.6710,265.1101,225.2124,293.3797,293.3334,289.2649,242.5626,247.5049,242.2846,245.9112,246.2329,286.2208
30.0000,272.0259,281.7792,282.8483,272.2637,263.4126,258.1202,257.2741,284.6561,285.2701,292.5827,286.5530,291.2003,285.9250,279.3911,242.7638,164.9261,267.7309,267.7161,252.7973,283.2761,260.8266,256.1653,258.3463,262.2428,258.8486,262.6838,263.1743,277.7656,289.8742,281.2343,284.0258,285.3714,283.1607,272.4368,271.8917,289.3023,287.5233,270.7813,287.6982,272.9002,290.3624,270.7869,287.1075,291.9364,285.5561,238.4392,245.3085,244.0688,232.9976,239.1103,234.0014,245.3403,248.5719,243.7159,247.8419,246.6080,273.0804,239.6749,232.3518,234.2489,242.7505,242.9464,239.7336,239.9352,244.1045,244.2634,244.5503,247.7365,244.3255,245.3526,248.5273,246.0932,238.5196,242.7899,240.5819,277.5870,274.2109,290.3427,290.2068,271.8625,276.4362,269.1486,287.7198,288.0390,288.0634,288.9294,288.4500,287.8125,288.6028,285.8312,282.9505,288.1020,281.4039,278.0611,277.5863,273.6590,276.1872,276.6731,0.0000,286.6393,288.6527,288.1942,263.3095,271.5503,253.4470,253.5782,245.4025,242.2984,242.3066,0.6589,284.4579,247.1661,289.9513,285.2219,257.5692,252.8002,278.0936,271.5926,282.2647,246.3300,244.2580,288.4946,288.2082,280.4092,236.2677,283.4306,292.3661,241.9703,232.5541,232.6146,277.0210,244.2919,246.9569,280.7222,284.6897,284.7407,288.4682,288.4089,288.7821,239.7822,252.4807,254.5152,263.2334,260.9453,244.2005,270.2438,256.1820,246.6470,244.5317,244.2589,295.8113,295.8114,291.3579,283.3462,291.8941,233.1368,246.2902,244.3756,278.8009,280.5329,240.8927,0.0000,252.1944,272.4595,234.2124,236.2326,280.8164,280.6745,291.7459,287.6494,283.0591,223.2127,207.7327,252.9603,207.9402,235.8242,278.6425,278.5779,304.6800,315.2081,283.9703,282.2207,141.1318,239.3804,238.9425,241.4835,217.0341,245.1191,257.6206,262.9512,262.7134,291.7375,302.8814,259.6013,246.3289,247.1143,247.1947,246.2519,242.8517,247.0738,246.9005,248.1338,247.2112,247.1066,241.9587,282.9505,277.5837,280.5398,0.0000,264.8663,287.3223,264.8660,264.2479,265.4071,280.7587,271.2459,266.3823,289.1995,284.0197,251.1581,253.3709,251.5574,263.0366,284.6427,231.3334,252.5358,263.0365,262.8432,223.9371,289.9560,289.8622,285.3029,240.8248,245.7636,240.5564,244.1700,244.5400,283.3567
31.0000,272.0259,283.6442,284.7142,274.0959,265.1949,259.7537,258.9778,286.8019,287.1832,294.6161,288.5544,292.9970,287.9059,281.2280,244.3572,166.0524,268.9518,269.2707,254.6074,285.2203,262.5688,258.0082,260.1481,263.9997,260.4417,264.2887,264.7566,279.5487,292.0765,283.0985,285.9371,287.3341,285.3200,272.7771,272.3436,291.3190,289.4403,272.2316,289.6195,272.9007,290.3738,272.6188,289.1204,291.9488,287.7459,240.2140,247.5253,246.2528,234.5826,241.0070,235.8985,247.3042,249.4576,245.8009,249.7681,248.5602,274.7647,241.6602,234.0962,236.8264,244.9120,245.1157,241.7244,241.9229,244.1046,246.2452,246.4644,250.0039,246.5824,247.6716,250.3760,248.4814,241.2496,244.9504,242.3407,279.4372,275.9068,292.5731,292.3125,273.4936,278.2981,270.8152,289.6370,289.9517,289.9871,290.8588,290.3619,289.7295,290.5248,287.8846,284.8134,290.0289,283.2881,279.9229,279.4365,275.5060,278.0374,278.4507,0.0000,288.6331,290.6769,290.1062,265.0667,272.1517,255.3092,255.4545,247.5413,244.4485,244.4599,0.6589,286.3208,249.0709,292.0659,287.0794,259.3634,254.6671,280.0091,272.7183,284.1631,248.2499,246.4590,290.4162,290.1092,282.2711,238.0240,285.3177,294.3617,244.2220,234.2977,234.3587,278.8202,245.9723,248.4769,282.6618,286.6075,286.6770,290.3837,290.3295,290.7106,241.5412,254.1008,256.1354,265.0274,262.7239,246.3953,272.0626,257.9574,248.3436,246.5968,246.2449,298.0193,298.0194,293.5110,285.2461,293.6931,234.9756,247.8260,245.9810,280.6708,282.4223,243.2202,0.0000,253.6214,274.2931,236.1105,238.1319,282.7077,282.5817,293.8200,289.4776,284.9220,225.1000,209.6635,254.7359,209.8638,239.2589,280.4499,278.9064,305.0978,318.1475,286.1369,284.1921,142.0899,241.3628,240.9094,243.5550,219.4603,246.3938,259.3358,264.6361,264.3206,292.1641,303.3054,261.1529,248.5570,249.3516,249.4329,248.4742,245.0478,249.3105,249.1461,250.4059,249.4495,249.3394,244.2244,284.8135,279.4339,282.4292,0.0000,265.2030,289.2395,265.2027,266.0510,267.2163,282.6322,272.8857,266.7592,291.4013,285.9310,252.9618,255.2266,253.3753,262.9421,286.5330,233.9181,254.1162,262.9420,264.4480,225.7376,292.0924,292.0204,287.4890,243.1612,248.0015,242.9017,246.3330,246.5772,285.3088
32.0000,272.0259,281.3133,282.3659,271.9042,263.1035,257.8843,257.0224,284.7188,284.8443,292.2535,286.2552,290.6405,285.5649,278.9711,242.3956,164.7055,266.6400,266.9892,252.6683,282.7623,260.5409,255.9127,258.0771,261.9248,258.6148,262.5059,263.0008,277.3814,289.5984,280.7762,283.6067,284.9974,282.9248,272.3596,271.8241,288.9847,287.0859,270.5758,287.2668,272.8937,290.2224,270.3964,286.8538,291.7844,285.3397,238.7436,246.3492,245.0948,232.6809,239.7347,234.6002,246.0537,248.9321,244.9453,248.6312,247.3930,272.4624,240.3666,232.6291,238.3059,243.5647,243.7937,240.4283,240.6253,244.1045,244.8992,245.2422,248.5935,245.2696,246.3599,249.1705,247.3342,241.8301,243.6018,240.6880,277.1614,273.6164,290.0674,289.8935,271.6048,276.0492,268.4909,287.2796,287.5844,287.6367,288.5044,287.9935,287.3730,288.1638,285.7203,282.4962,287.6754,280.9944,277.6576,277.1608,273.3117,275.9346,276.2978,0.0000,286.3195,288.3379,287.7392,262.9833,271.4937,253.3791,253.5361,245.8288,243.0593,243.0946,0.6589,283.9776,247.8403,289.6481,284.7300,257.3715,252.6193,277.7249,271.5748,281.8661,247.1030,245.1726,288.0549,287.7422,279.9492,236.5338,282.9838,291.9998,242.5637,232.8275,232.8881,276.5426,244.0181,246.7341,280.5238,284.2641,284.2074,288.0145,287.9707,288.3585,240.0948,252.2798,254.2953,262.9229,260.6375,245.1013,269.8863,255.9334,246.3706,245.2139,244.8836,295.7429,295.7430,291.2890,282.9177,291.3055,232.2179,246.4394,244.1690,278.4028,280.1402,241.6598,0.0000,251.7503,272.0990,234.8163,236.8695,280.4228,280.3001,291.3879,287.1190,282.6040,223.7788,208.4062,252.7902,208.6066,237.8650,278.2364,278.4248,304.2944,315.4208,283.7373,282.0446,140.9319,240.0694,239.6222,242.2353,218.0363,245.5800,257.3829,262.7619,262.5348,291.4620,302.5172,259.2914,247.2359,248.1603,248.2385,247.2411,243.8405,248.1186,247.6998,248.9952,248.2560,248.1278,243.3883,282.4962,277.1582,280.1470,0.0000,262.9659,286.8893,262.9655,263.9366,265.0921,280.3399,270.5675,264.5759,288.9553,283.6006,251.0455,253.2898,251.4336,260.7240,284.2156,235.3427,252.0304,260.7239,262.6021,224.5408,289.6593,289.5718,285.0839,241.6103,246.6830,241.3838,244.8655,245.1957,282.9458
33.0000,302.5674,324.4192,325.4119,308.0491,298.6939,291.6545,290.8431,319.9956,323.9035,328.2844,321.7077,326.6181,323.2333,314.4795,295.9098,187.9260,426.4400,379.5549,202.9155,322.0209,295.1108,289.8936,292.3673,296.8220,292.1977,296.5219,297.0480,312.5288,325.7457,323.8421,323.0159,324.1814,318.7819,303.8675,303.4435,324.7292,324.7684,304.4227,324.4364,303.5230,322.5994,303.7891,322.4657,324.3190,321.4982,248.0007,247.9307,246.6017,265.5943,242.5259,237.1255,255.0031,250.9037,247.9584,254.9577,256.1863,362.8580,242.8144,241.7156,242.4478,244.9339,245.1855,242.7161,243.0313,244.8904,247.4616,247.8238,250.0929,246.8237,248.0663,252.4791,248.9243,246.5064,244.9707,251.0359,323.1683,353.9182,326.2680,325.8598,305.7606,312.6337,381.7029,324.9847,325.3158,325.5123,326.4270,326.3426,325.7130,325.9959,321.0805,317.3548,324.7381,315.1889,311.9118,323.1673,306.8945,310.0795,311.3317,0.0000,321.6147,323.9531,325.1535,299.0245,303.5723,228.5213,250.1217,245.3388,243.7760,244.3188,0.6589,318.9906,250.6917,325.5964,319.8165,291.3153,285.8528,315.3623,305.0154,319.1825,255.7498,246.7286,325.6630,325.6705,324.2296,245.9908,319.3088,327.9835,242.5862,241.9608,242.0238,334.5137,267.3980,278.7741,315.2466,323.7552,320.8221,325.6773,326.1130,326.6282,249.4230,285.3183,287.5963,290.1758,287.6537,246.6498,305.7616,273.4468,269.9759,245.5812,247.3445,332.1600,332.1601,327.2352,323.2120,328.6579,268.9952,296.6059,296.8254,311.6170,317.2664,242.6125,0.0000,205.1959,308.2684,237.3418,239.3557,317.5783,317.4203,327.3786,323.3665,317.4818,226.0363,210.4386,203.3409,210.6447,239.5584,313.5836,310.5298,338.9855,353.8879,319.6600,316.9560,160.7638,242.4960,241.9833,244.0658,219.9243,247.5609,291.2343,297.0607,296.5631,324.9010,337.0410,292.9833,248.6869,249.7861,249.8626,248.8177,245.6060,249.7425,249.2239,250.4966,249.8807,249.7432,245.3999,317.3549,323.1470,317.2757,0.0000,-0.0192,324.7140,0.0192,290.3517,289.8260,314.6793,370.8202,139.5587,325.1928,323.0105,201.6316,228.4349,201.8000,0.0000,320.7732,241.4507,328.6732,0.0000,296.3635,226.8976,325.6592,325.6209,321.2048,242.5770,248.1270,242.4280,246.5821,247.5280,321.4955
34.0000,376.9470,405.5266,406.7272,385.2129,373.6706,364.4310,363.5117,399.8284,404.8712,410.2155,402.2402,408.1932,403.6820,392.9554,370.4179,235.2212,532.7755,474.1385,255.5362,401.9498,368.9717,362.2853,365.4572,371.2362,365.0510,370.3952,371.0514,390.5227,407.8360,404.8295,403.7725,405.1874,400.1329,378.6675,378.2355,406.0288,405.9490,380.1184,405.6341,378.0888,400.8507,379.8177,403.1334,402.9023,403.4187,311.7210,315.2032,313.4496,332.7062,307.3198,300.4981,320.6230,317.9578,315.2242,321.6175,322.1582,453.2656,307.9881,303.9165,311.3890,311.2081,311.5435,307.9124,308.3181,310.5107,313.8360,314.4027,317.8862,313.8440,315.5603,319.8500,316.2266,315.9805,311.2543,315.7281,404.1648,442.2512,408.4654,407.6376,381.9385,390.9075,476.4380,406.2118,406.6198,406.8495,407.9713,407.8777,407.1110,407.4486,401.1121,396.7433,406.0503,394.1078,390.1154,404.1636,383.6010,387.4582,389.0114,0.0000,402.1283,405.0828,406.5233,373.9664,378.4216,287.9294,315.0532,310.7373,309.6221,310.4096,0.6589,398.7065,317.6727,407.3540,399.6961,364.0406,356.9772,393.9681,380.4569,399.0635,321.6294,313.8229,407.1392,407.1671,405.3548,309.2641,398.9938,409.8430,307.9821,304.2247,304.3039,418.2076,335.1426,348.2801,393.8732,404.6722,400.4770,407.0749,407.6281,408.2536,313.4078,356.4859,359.3486,363.3258,360.1680,313.7350,382.3506,342.8511,338.3735,311.5346,313.6685,414.0574,414.0575,408.3406,404.0236,410.5561,335.9336,371.9205,371.7225,389.6996,396.6998,308.3016,0.0000,258.4232,385.4853,300.7854,303.3990,397.0646,396.8413,409.2704,404.1243,396.8970,286.0651,266.3493,256.0711,266.6089,302.0371,391.8474,386.6080,419.8598,440.2226,401.1195,395.9947,201.1482,307.5972,306.9100,309.8585,278.1738,313.9918,363.9717,371.1294,370.4481,403.5060,417.6245,366.0528,316.0778,317.6031,317.7002,316.4394,312.9934,317.5460,316.8579,318.3954,317.7227,317.5345,312.4509,396.7433,404.1387,396.7112,0.0000,-0.0241,405.8717,0.0241,363.5779,362.9144,393.4760,463.1173,175.4045,407.4300,403.7660,253.9579,287.8153,254.1584,0.0000,400.9692,312.5693,411.0819,0.0000,370.2381,287.6076,407.5041,407.5362,403.0516,308.2826,315.3419,308.1790,313.0057,314.0049,401.5743
35.0000,354.0135,375.7155,377.0158,363.3821,351.9765,343.2091,342.5246,375.0261,380.3556,382.9454,380.1656,382.0389,380.5183,371.1663,324.6442,220.8638,352.5738,354.7704,344.0835,376.6630,347.8441,341.5539,344.5264,350.1275,343.8162,348.9224,349.5108,368.7337,384.8671,375.0553,378.7393,380.5206,378.8136,355.4262,355.3789,382.9570,383.2966,357.9592,383.6451,355.0462,375.6114,358.3107,380.8502,377.4649,381.8420,323.1596,342.3075,340.4924,312.6601,330.5129,323.6411,333.3579,341.7504,340.4993,339.4945,335.3098,362.5798,332.1477,314.9834,349.5886,337.6387,338.0346,332.3684,332.6988,334.5768,338.0565,338.7553,345.2073,340.5054,342.2662,343.0010,343.5921,344.7290,337.6884,325.9316,370.6470,364.6276,385.4677,383.8214,359.8931,368.8564,356.4654,383.4207,383.8360,384.0027,385.1281,384.4430,383.6579,384.6351,377.0603,377.1983,384.2791,375.2132,371.1993,370.6464,361.7555,364.9080,367.3109,0.0000,380.2572,382.3369,384.2313,351.4983,355.4552,344.2248,344.9678,338.1550,336.5277,336.9070,0.6589,379.0085,341.4982,383.9046,379.9249,343.0816,336.4768,370.4910,357.8909,376.5619,334.9702,340.8007,384.6974,384.3401,374.0546,320.2428,377.0523,382.1246,335.1377,315.2516,315.3337,369.3588,328.0629,328.0209,370.6358,379.5618,378.2946,384.4501,384.4742,384.9616,324.8914,335.6903,338.4076,352.4582,349.3946,340.7275,360.6823,344.2350,331.2256,338.6191,337.9906,388.5040,388.5041,383.4470,377.8426,388.3818,313.5308,328.9117,326.7400,371.9678,374.3230,334.6821,0.0000,348.1634,363.6394,323.9549,326.8335,374.6461,374.4092,383.8185,383.1530,377.3328,308.1683,286.9661,344.8534,287.2439,325.6075,370.0298,362.1386,390.0106,412.2153,379.6604,372.5240,188.8034,331.7755,331.0777,335.3377,299.8271,338.3176,342.9602,349.6535,348.9731,376.5184,388.2213,344.7750,342.9629,344.8652,344.9710,343.6050,340.4086,344.8020,344.1008,345.7594,344.9955,344.7540,339.5372,377.1983,370.6442,374.3318,0.0000,345.1931,383.0307,345.1926,353.8854,355.3569,374.4542,359.7023,345.0853,384.8462,378.7315,342.0263,344.0948,342.2682,341.7215,379.0513,345.4681,336.4869,341.7213,348.7570,309.8223,384.1509,384.3452,381.4938,334.6732,342.1654,334.6369,338.5718,338.6725,377.3167
36.0000,259.6573,271.1947,272.1200,262.5241,254.3564,248.0889,247.4385,271.5323,274.6887,277.8940,274.6175,276.9229,274.5365,268.3020,234.6849,159.7435,254.5096,255.9953,249.5820,272.1085,251.3134,246.3611,248.7063,252.9879,248.5970,252.3518,252.8241,266.5947,278.8737,270.7252,273.5087,274.8046,275.2728,259.8822,259.6283,276.9392,276.8499,259.3342,277.1461,260.3753,274.6553,258.7876,274.9227,275.9422,277.4552,234.4921,249.4183,248.1982,226.1161,240.9658,236.0497,242.0800,249.0602,247.9310,247.1610,243.5261,261.6477,242.2606,228.5047,255.6605,245.7913,246.1109,242.3250,242.5942,244.1046,246.0147,246.5701,251.3211,247.7210,248.8543,249.8623,250.3603,251.3455,245.8272,236.3052,267.6955,263.1997,279.2715,278.0131,260.3332,266.4499,256.9559,276.9380,277.2335,277.3522,278.1604,277.6753,277.0996,277.8069,272.6977,272.4344,277.6130,271.0515,268.1726,267.6951,261.3178,263.4036,265.5786,0.0000,274.7765,276.4696,277.5194,253.9582,259.4661,249.7674,250.2644,245.8979,244.9574,245.2458,0.6589,273.6982,248.7771,278.0134,274.3298,247.6666,242.3599,267.5757,260.3718,272.0093,243.2452,248.2194,277.8889,277.6418,270.0341,232.3325,272.4579,277.4374,243.9574,228.6981,228.7577,266.7039,237.3304,237.1761,267.7795,274.0959,273.2747,277.6725,277.6966,278.0301,235.8136,242.6524,244.6175,254.8259,252.6110,248.1734,260.5726,249.0838,239.6184,246.3930,245.9562,281.0434,281.0435,277.3734,272.8313,280.3372,225.9573,238.5345,236.4551,268.7263,270.3989,243.7037,0.0000,252.2867,262.7089,236.2649,238.3050,270.6199,270.4151,278.2224,276.6613,272.5295,225.0639,209.6623,250.0843,209.8608,239.6479,267.5129,264.5315,283.3715,298.3672,275.8069,269.2235,136.5604,241.9384,241.4129,244.3046,219.5921,246.4721,247.7255,252.7246,252.3841,274.4507,282.2298,249.2544,249.8668,251.2323,251.3115,250.2890,248.1088,251.1857,250.5604,251.7236,251.3287,251.1474,247.4009,272.4344,267.6940,270.4051,0.0000,249.5429,276.6528,249.5427,255.8698,256.9301,270.4921,259.5502,250.0327,279.0820,273.5031,248.1511,249.6827,248.3170,247.0334,273.8907,252.5035,243.0658,247.0332,252.2036,225.9016,278.2369,278.4143,277.1921,243.7032,249.2583,243.6956,246.5055,246.4783,272.4707
37.0000,482.8056,509.1659,510.9540,492.4507,476.8971,465.8688,464.6837,504.2372,515.2855,511.2657,512.0225,511.3897,515.1974,502.3198,442.0527,300.3180,480.4817,482.4830,471.5005,511.8583,472.1559,463.5416,467.7230,475.1693,466.6525,473.8096,474.6314,499.8819,519.2070,508.2636,513.0955,515.4375,514.4752,484.5591,484.2104,515.6721,519.1639,485.7033,519.8542,484.3149,514.4343,483.5427,512.5081,517.1492,518.7900,441.6110,472.9973,470.5227,425.3954,458.6565,449.7571,454.0208,472.0217,469.1485,467.8696,458.0176,492.5780,461.5116,430.3341,473.3191,465.7245,466.3376,461.0826,461.7330,461.5550,465.8451,466.8716,476.6179,469.9141,472.4260,474.4103,475.3168,474.3898,465.7956,445.3023,502.7057,495.3758,519.9659,516.3936,487.5684,500.4184,484.3398,519.3301,519.8782,520.0912,521.6443,520.8892,519.7605,520.9738,508.2780,511.4691,520.7886,508.4243,503.5001,502.7050,488.5256,492.1288,498.1004,0.0000,512.4547,514.8988,520.5562,477.0494,484.8207,471.5588,472.3772,465.0994,463.9591,464.6125,0.6589,513.8549,472.4216,516.8994,515.0461,465.4906,456.0266,503.2775,488.5924,509.5599,457.9502,470.5945,521.3286,520.9218,507.0321,437.6252,510.5776,509.4759,461.8476,430.7110,430.8231,501.2735,446.4809,445.2151,499.7475,514.2378,512.2760,520.7628,520.9079,521.4957,444.3863,455.9176,459.4583,478.6444,474.2123,470.5008,488.5973,468.5820,450.7850,466.4950,465.7151,526.7066,526.7068,518.6123,511.9192,527.3315,423.6131,451.9745,446.4562,504.1888,506.9439,461.4089,0.0000,477.0928,492.7841,450.0913,453.5991,507.3801,506.9037,514.5615,519.9453,511.6605,430.2217,401.8047,472.4887,402.1307,467.3473,501.2170,494.5548,534.6711,564.0488,515.3543,502.2567,256.5152,460.6275,459.5215,463.8411,423.4984,466.6601,465.2922,474.6944,473.8751,515.7242,532.2767,467.8402,473.5833,476.4890,476.6405,474.6350,470.5008,476.3977,475.2452,477.3961,476.6743,476.3020,469.1470,511.4691,502.7025,506.9542,0.0000,472.2868,518.7488,472.2864,480.6763,482.6788,507.6305,488.8856,472.7007,520.2687,513.0849,468.9419,471.4198,469.2011,468.2606,513.3967,474.0614,457.9515,468.2604,473.0864,429.9900,517.4597,518.0215,518.2417,461.4089,472.4196,461.4089,466.8999,466.8091,511.7957
38.0000,499.3663,527.3647,529.2215,509.7958,493.5424,481.3905,480.2365,512.3914,533.7520,512.6893,525.5758,516.3454,533.2438,519.1261,458.1480,311.1354,498.4567,500.3326,488.8383,530.2300,488.4678,479.7293,483.9848,491.7634,481.9818,488.9869,489.8032,515.9263,529.2933,526.4278,531.4496,533.9197,524.4745,501.3028,500.7035,527.5225,537.8637,501.0985,538.2663,500.9531,532.6355,496.4976,526.1801,535.4913,528.7348,458.1859,489.2014,486.5621,440.6437,474.7910,465.4956,471.0423,489.0342,485.9778,484.9760,475.1507,510.6275,477.8942,446.2900,489.7508,482.2241,482.8312,477.4356,478.1464,478.2235,482.4823,483.5717,493.3722,486.6845,489.4204,491.1391,492.3696,491.5965,482.2986,461.4842,520.5303,513.5780,530.1262,525.3332,502.5536,518.1473,502.3366,538.0464,538.6160,538.9783,540.7031,539.7072,538.4567,539.8978,519.3532,529.4791,539.1636,526.1249,521.2916,520.5295,501.4340,505.1746,514.0422,0.0000,526.0385,526.9788,539.1833,493.7031,501.6069,488.7056,489.4946,481.7779,480.4610,481.1033,0.6589,531.8908,489.0965,526.6319,533.1188,481.1296,471.8421,521.2438,505.5785,527.6786,475.0520,487.0930,539.9046,539.5687,525.0623,453.8938,528.1968,509.4760,478.3346,446.6780,446.7943,519.3251,462.4427,459.8398,511.8856,532.6439,530.3020,539.6124,539.5859,540.1442,461.2934,471.2218,474.8143,495.5424,490.9537,486.9787,505.8101,485.3040,466.9010,483.1448,482.3483,540.2572,540.2574,531.1019,530.2270,546.3653,438.6050,469.2757,463.0896,521.8880,524.9032,477.8767,0.0000,494.3663,510.1444,465.8543,469.5763,525.3438,524.7670,520.0825,538.4514,529.6924,444.7418,414.8394,489.9132,415.2040,478.2067,517.6315,512.6641,559.0000,581.8279,525.3665,514.0886,265.7293,476.9644,475.7997,480.2776,435.8072,483.4273,480.8583,490.1871,489.0627,536.8985,556.2153,483.1819,490.0993,492.8135,492.9737,491.0234,486.9787,492.7223,491.9491,494.1704,493.0067,492.4914,485.5944,529.4791,520.5264,524.9143,0.0000,489.8829,537.4703,489.8824,497.6648,499.7599,525.4417,506.9643,490.1993,530.4497,531.4385,486.3654,488.5797,486.5406,485.7066,531.2128,491.0302,474.7337,485.7064,488.3159,445.1356,527.2270,527.9644,528.1972,477.8767,488.9365,477.8767,483.5370,483.4638,530.0517
39.0000,371.5221,391.2271,392.5874,378.2670,366.2680,357.2563,356.4485,383.4525,395.7412,384.8217,391.9041,387.1569,395.8006,387.0578,340.5208,231.1981,371.1792,372.1258,363.8435,392.9119,362.2619,354.9290,358.3125,364.8960,357.7508,363.2092,363.8633,384.4253,395.8293,390.5421,393.9006,395.7257,392.3600,373.1644,372.5452,393.8630,399.2102,372.7505,399.7147,372.6933,396.0692,370.2541,392.3891,398.1763,395.6255,340.8354,363.3674,361.3841,327.3883,352.6553,345.6697,350.2994,363.3952,361.2403,360.5123,353.3287,379.5221,355.0222,331.9247,364.0835,358.3845,358.8223,354.7119,355.2512,355.4622,358.6311,359.4487,366.6369,361.7236,363.7934,364.9890,366.0283,365.4431,358.4395,343.1769,386.4028,381.6452,396.4707,392.8941,374.0777,383.6835,373.6207,399.3463,399.7330,399.9568,401.2374,400.4455,399.5002,400.6628,387.9937,392.9943,400.3570,390.6577,387.0023,386.4022,373.8946,376.7290,382.8515,0.0000,392.1751,393.3548,400.3956,366.3653,373.3297,363.4273,363.9408,358.1302,357.0971,357.5625,0.6589,394.7071,363.4547,393.7338,395.6006,357.0098,349.3942,386.5376,376.1669,391.4608,353.2617,361.9406,400.7900,400.5793,389.6201,337.6008,393.1481,382.6304,355.5371,332.2138,332.3003,385.6422,343.5414,340.6550,382.0472,394.7717,394.8992,400.5308,400.4051,400.7934,343.2169,349.7296,352.3842,367.9532,364.5460,361.8527,375.4469,360.4999,346.8535,359.1143,358.5318,403.5338,403.5340,396.7430,393.0833,405.0988,326.0020,348.7978,344.2139,387.4320,389.3698,355.1960,0.0000,368.3116,378.5251,345.9517,348.8034,389.7027,389.3419,389.5583,399.4508,393.1503,329.6332,306.8919,364.7141,307.1923,350.0316,385.8071,381.7397,416.7957,434.0921,393.0318,383.7977,197.4690,354.3461,353.4727,356.8959,320.8144,359.3489,356.8898,363.9642,363.2627,400.0320,414.6819,358.6526,364.1114,366.0475,366.1682,364.7895,361.8527,365.9809,365.5653,367.2309,366.1922,365.7662,360.8225,392.9943,386.4001,389.3777,0.0000,365.6137,398.8547,365.6133,369.5506,371.1106,390.0869,376.9030,365.2009,396.7549,393.8933,362.1315,363.3435,362.1896,363.0881,395.0542,365.0260,352.9449,363.0879,362.7725,330.6488,394.2153,394.7731,395.2116,355.1960,363.2113,355.1960,359.3827,359.3562,392.9920
40.0000,370.8861,391.2284,392.5690,378.3510,366.3976,357.2578,356.4883,382.8560,395.7517,384.3048,391.6112,386.6797,395.7972,386.9516,340.7769,231.3278,371.4270,372.3312,364.3724,392.9805,362.4005,355.2645,358.5768,365.0302,357.7029,363.1081,363.7478,384.2439,395.3674,390.5559,393.9006,395.6559,391.8930,372.5003,371.9806,393.4887,399.2649,372.4779,399.7674,372.0384,395.0299,369.8299,392.0815,397.1023,395.1545,341.3768,364.1668,362.2038,327.6151,353.0251,345.9709,350.6711,364.0736,361.8466,360.8990,353.6638,379.7198,355.3937,332.4376,364.7900,358.9869,359.4104,355.1231,355.6562,356.0310,359.2180,360.0406,367.2489,362.2571,364.2731,365.5076,366.4758,366.0959,359.0424,343.7847,386.4707,381.7662,395.9990,392.4636,373.8136,383.7348,373.8224,399.4017,399.7912,400.0097,401.2935,400.4903,399.5320,400.7204,387.4093,393.0355,400.4110,390.6964,387.0850,386.4701,373.4221,376.2753,382.6524,0.0000,391.9018,393.0031,400.4737,366.4982,372.7347,363.9995,364.4708,358.6989,357.6907,358.1588,0.6589,394.7077,363.9587,393.3075,395.5985,357.1145,349.7460,386.6177,375.7061,391.5131,353.5991,362.5989,400.8407,400.6660,389.6628,338.1398,393.1309,382.1246,356.1235,332.7297,332.8164,385.7271,343.7810,340.6096,381.5275,394.7620,394.9546,400.5983,400.4362,400.7997,343.7776,349.7249,352.3829,368.1192,364.7105,362.5333,375.5292,360.7543,347.0954,359.7026,359.1178,402.6298,402.6300,395.9701,393.0867,405.2201,325.9071,349.2559,344.5174,387.4937,389.4219,355.7855,0.0000,368.8064,378.6080,346.2635,349.1701,389.7539,389.3933,389.0916,399.5221,393.1928,329.6506,306.7627,365.1346,307.0706,348.5311,385.6557,380.9292,415.3690,432.4430,392.5649,383.2578,197.5695,354.7374,353.8626,357.4042,320.2111,359.9309,356.9408,363.9434,363.1632,398.9346,413.2946,358.6060,364.5100,366.8571,366.9742,365.5537,362.5333,366.7890,366.2034,367.8446,366.9997,366.6170,361.4717,393.0355,386.4681,389.4298,0.0000,365.9380,398.9067,365.9377,369.7191,371.2753,390.1351,377.1041,365.6516,396.2833,393.8935,362.7813,363.9313,362.8228,363.4103,395.0479,365.6953,353.1813,363.4101,362.6591,330.9963,393.7794,394.3310,394.7412,355.7855,363.5864,355.7855,360.0051,359.9508,393.0033
41.0000,493.6058,520.1721,521.8965,503.2964,487.4771,475.6607,474.5239,510.6626,526.1420,512.6712,522.9223,516.4646,526.2522,515.3548,453.2673,307.6310,494.2091,495.3253,485.4876,522.4162,482.2633,472.6747,477.1318,485.6767,476.3568,483.7937,484.7097,511.9878,532.8156,519.3102,523.6015,525.9192,534.1863,495.8788,495.1993,525.8941,531.1067,496.2204,531.9054,495.1040,524.9741,493.4353,523.5197,527.6664,538.2972,453.7849,485.0188,482.4801,435.7884,469.8262,460.3197,465.8555,484.5934,481.3627,479.7383,469.7596,505.0915,472.7287,441.9395,485.4538,477.8301,478.4338,472.4701,473.1574,473.6527,477.9660,478.9679,489.1012,482.0851,484.6596,486.6139,487.9206,486.9869,477.9041,457.2501,514.0941,507.8371,533.6563,526.3297,498.1263,510.3981,497.3260,531.2890,531.7966,532.0422,533.7457,532.6157,531.3294,533.0076,516.9173,522.9103,532.7687,519.8870,514.9849,514.0934,498.1459,501.8538,509.9137,0.0000,523.2498,525.3537,532.8596,487.6124,496.1755,484.7844,485.3257,477.4804,476.0588,476.7128,0.6589,525.0494,484.4298,527.7554,526.2137,475.2233,465.3262,513.9967,500.1051,520.7472,469.7105,482.7450,533.2386,533.0384,518.2179,449.5375,523.3368,509.4760,473.9722,442.3331,442.4483,513.1225,457.3972,453.5933,508.9660,524.7150,525.6932,532.8903,532.5701,533.0017,456.9356,465.5760,469.1470,489.8265,485.2908,482.6534,499.5403,480.0560,461.8070,478.6874,477.8457,536.4938,536.4940,527.9254,522.5576,539.1922,432.4791,464.9382,458.2720,515.5580,517.9625,473.5179,0.0000,491.1193,503.6359,460.7137,464.5912,518.3976,517.8985,520.5558,531.5808,523.1203,438.5349,407.9617,486.5840,408.3778,462.1624,513.7628,507.0441,552.5109,575.1298,534.5024,511.3067,262.7157,471.9115,470.7782,475.6258,425.5426,478.7972,475.1287,484.6994,483.8606,530.8957,549.7634,477.6061,485.5006,488.5753,488.7281,486.7384,482.6534,488.4835,487.6369,489.8976,488.7633,488.3610,481.2408,522.9103,514.0911,517.9728,0.0000,487.1073,530.5904,487.1068,491.9567,494.0166,519.0713,501.6203,487.0435,535.9247,523.5926,483.5169,484.7126,483.5838,483.7425,525.8126,486.5166,469.7991,483.7422,483.0518,440.4100,528.9517,530.2835,537.6916,473.5179,484.2766,473.5179,479.0071,478.9345,522.4544
42.0000,490.3763,517.4794,519.1529,500.8540,485.2035,473.4903,472.3878,509.4124,523.4286,512.4482,521.2133,515.8072,523.7866,512.9893,451.1079,306.2034,491.8366,492.9109,483.7517,519.1197,480.0632,470.6575,475.0494,483.4169,474.2046,481.6567,482.5576,509.7267,531.2257,516.6451,520.9202,523.2803,532.4884,492.6239,492.1206,524.3253,528.3953,493.8634,529.2513,491.8245,520.6754,491.5657,521.9159,523.2757,536.4990,451.0774,483.0421,480.5886,433.8872,467.4131,457.9072,462.6638,482.4311,479.3359,476.7869,466.4716,502.6484,470.1888,439.3998,484.1007,475.7755,476.4088,470.0463,470.6988,471.5840,475.9327,476.9280,486.9419,479.8655,482.2958,484.2815,485.5800,484.9813,475.8485,454.9613,511.5507,505.3093,532.0394,525.0190,495.9310,507.8694,494.8756,528.5756,529.0727,529.2974,530.9793,529.8187,528.5503,530.2595,515.3004,520.2519,530.1178,517.3578,512.4696,511.5500,496.1658,499.9920,507.6237,0.0000,521.4700,523.7473,530.1897,485.3316,492.9792,482.9408,483.4200,475.5322,474.0297,474.6716,0.6589,522.3275,482.1038,526.3341,523.4736,473.1455,463.3597,510.8705,497.0042,518.1484,466.4497,480.6871,530.4958,530.2317,515.6138,446.9550,520.8531,509.4760,471.9994,439.7969,439.9114,510.5869,455.3793,451.5442,507.2439,521.9988,523.2471,530.1620,529.7778,530.1629,454.1038,463.3401,466.9596,487.5583,483.0436,480.5896,497.1139,477.9241,459.7698,476.6517,475.8160,534.0356,534.0358,525.8438,519.8804,536.0611,432.4806,461.0459,455.5666,513.0468,515.3964,471.5628,0.0000,489.7386,501.1896,458.3086,462.1964,515.8323,515.4085,519.7130,528.6792,520.4583,436.2815,405.8128,484.9116,406.2295,459.0327,511.4550,503.3187,546.7568,570.8862,532.8034,509.6220,261.4862,469.4348,468.3316,473.3859,423.2206,476.7044,473.0009,482.5371,481.7227,526.1276,544.1220,475.5322,483.7315,486.5643,486.7140,484.6924,480.5896,486.4727,485.4997,487.7338,486.7496,486.3652,479.2196,520.2519,511.5479,515.4066,0.0000,484.9446,527.8688,484.9442,489.6785,491.7231,516.5151,499.1688,485.1577,534.2585,520.9115,481.9218,482.8860,482.0338,481.5948,523.2658,484.7112,467.5407,481.5945,480.8856,438.1398,527.4955,528.7724,535.9092,471.5628,482.5266,471.5628,477.0411,476.9251,519.5698
43.0000,369.0585,391.1689,392.3843,378.8933,367.2309,358.0010,357.2753,385.3285,395.7906,388.4898,394.6877,391.3125,396.3072,387.7321,341.2428,231.6277,372.5655,373.1016,366.3818,391.9410,363.1844,356.7126,359.7313,365.6718,358.4669,363.9521,364.5796,385.3386,402.7919,390.5660,393.9006,395.6367,403.6480,370.6831,370.6023,397.0535,399.5712,372.9919,400.1980,370.0915,390.6411,371.6676,395.3225,392.4930,406.5986,340.7274,365.4953,363.7064,328.2644,352.9267,345.6657,349.2030,364.5625,362.6298,359.8702,352.1003,380.3079,354.8827,331.9855,366.3808,359.9210,360.4149,354.9605,355.4089,356.4568,360.0586,360.8397,368.2526,362.8545,364.5626,365.9016,367.0567,366.7927,359.9759,343.9616,386.8194,382.2359,403.3811,397.8954,374.7540,384.2222,374.6407,399.7050,400.0833,400.2629,401.5164,400.6132,399.6497,400.9737,389.6056,393.2945,400.8679,391.2738,387.5580,386.8189,374.9721,377.9673,383.7944,0.0000,394.8269,396.6427,400.8693,367.0666,371.0799,365.5708,365.8901,359.8307,358.6140,359.0919,0.6589,394.8041,364.2747,398.8859,395.6534,357.9706,351.7018,385.9787,374.3698,392.0760,352.2087,363.6389,401.1254,400.9354,389.8290,337.6825,393.6810,386.3511,357.1122,332.2881,332.3746,386.1231,344.5205,341.3369,383.4588,394.6861,395.1987,400.8710,400.5626,400.8121,342.9265,350.2698,353.0395,368.8171,365.4018,363.5685,376.0645,361.5763,347.8424,360.6036,359.9737,402.7265,402.7266,396.9887,393.0897,404.7162,328.1589,347.5636,344.1790,388.0351,389.9165,356.7912,0.0000,370.6309,379.1477,345.9851,348.9870,390.2436,390.0226,393.9111,399.3759,393.4453,329.0973,305.8584,367.2543,306.1861,343.5013,386.6114,378.2058,408.8172,428.6965,403.8879,385.2673,197.8289,354.4046,353.6099,357.8026,318.3050,360.5057,357.7752,364.7764,364.0075,394.2229,406.9432,359.4524,366.0806,368.1445,368.2577,366.7111,363.5685,368.0750,367.1979,368.8477,368.2843,367.9962,362.5542,393.2945,386.8175,389.9244,0.0000,367.9797,399.1927,367.9794,370.4214,371.9643,390.5911,377.7097,367.6635,405.0551,393.8942,365.0849,365.5371,365.2039,365.8885,395.6098,366.6664,353.7647,365.8884,363.4755,330.8228,399.8170,400.8324,406.1661,356.7912,365.1749,356.7912,360.9173,360.8194,392.6785
44.0000,367.8373,390.8318,391.9803,378.8355,367.3643,357.8845,357.2171,390.4859,395.7389,397.8095,396.6626,398.5795,396.0574,388.0346,340.7967,231.2890,372.1483,372.8400,365.8686,391.0131,363.0123,356.7413,359.6451,365.4657,358.3931,363.7736,364.3994,385.8758,404.8056,390.2653,393.9006,395.6132,403.2073,369.5925,369.6503,399.9408,399.4106,373.1100,400.1010,368.7970,387.8569,373.3077,397.3095,389.5741,406.0742,340.2906,364.2802,362.5667,327.7862,351.0160,343.7301,349.7030,362.8440,361.2692,358.7631,352.1070,380.0503,352.8038,331.5644,364.3677,358.7129,359.2060,353.1017,353.5046,354.8469,358.8466,359.5740,366.8786,361.4554,363.0217,364.1755,365.6580,365.0991,358.7671,343.3064,386.6074,381.9062,405.3504,401.6730,375.3160,384.2628,374.5943,399.5395,399.9121,400.0508,401.2435,400.4313,399.4928,400.7424,392.9477,393.0843,400.7837,391.2860,387.3995,386.6070,376.6528,379.7590,384.3107,0.0000,396.7973,399.3098,400.7282,366.8174,369.9704,365.0015,365.3026,358.9093,357.4516,357.9080,0.6589,394.5307,362.5623,402.0819,395.3516,357.8329,352.0052,385.4048,373.2180,392.1783,352.0513,362.3843,400.9865,400.7860,389.5613,337.2034,393.7946,396.6209,356.0433,331.8585,331.9449,385.8558,344.1023,341.2663,385.9592,394.6501,395.2588,400.6589,400.3960,400.6258,342.3682,350.0712,352.8888,368.5958,365.1824,362.3228,376.0103,361.1984,347.4203,359.4560,358.7749,405.1591,405.1592,399.8275,393.0166,403.9958,326.2681,347.4555,343.6741,387.9889,389.9577,355.7219,0.0000,370.5847,379.0931,344.0629,347.1119,390.2662,390.0925,400.2028,398.9050,393.2302,326.9927,303.5438,366.7485,303.8879,338.2329,387.0391,376.5902,404.8647,429.5140,403.6642,388.0087,197.5842,352.4338,351.6963,356.2690,315.0051,359.0575,357.7107,364.6018,363.8284,391.5151,403.1450,359.3840,364.7955,366.8948,367.0050,365.4402,362.3228,366.8259,365.8377,367.4637,367.0316,366.7677,361.3341,393.0843,386.6057,389.9659,0.0000,367.5114,399.0389,367.5111,370.1975,371.7361,390.4910,377.4436,367.1076,406.2310,393.8938,364.6501,364.9735,364.8029,365.4229,395.6620,364.8748,353.3877,365.4228,363.5931,329.0453,402.7537,403.4118,405.6896,355.7219,363.8852,355.7219,359.7234,359.5955,392.2431
45.0000,367.9909,391.1501,392.2245,378.9969,367.6008,359.0164,358.3758,398.1837,395.7746,410.0843,400.5669,408.8703,396.1433,388.2201,341.0147,231.3978,372.9112,373.3993,366.1595,390.4902,363.5809,357.1073,360.0741,365.9141,359.7510,365.2019,365.8551,386.9951,411.1600,390.6342,393.9007,395.5070,409.3914,369.9832,370.1312,405.1771,399.6710,374.8223,400.5188,368.8696,386.2858,377.3506,401.2146,387.8545,412.1569,339.6810,363.9728,362.3332,328.0554,349.9780,342.5905,348.9227,361.9962,360.7126,357.4451,350.9535,380.6064,351.5870,331.0568,363.0765,358.3814,358.8822,352.0869,352.4481,354.0230,358.4625,359.1349,366.5097,360.9168,362.3272,363.4069,364.8329,364.0633,358.4359,343.0877,387.2728,382.4318,411.6661,408.8107,377.4787,384.1692,375.1150,399.7971,400.1705,400.2395,401.3958,400.4962,399.6003,400.9420,398.8069,393.6505,401.2604,391.9679,387.9892,387.2723,380.9734,384.2131,385.4738,0.0000,400.6652,404.3245,401.0817,367.3055,370.2753,365.2255,365.5105,358.8082,357.1383,357.5889,0.6589,395.0350,361.7838,408.6907,395.8438,358.8314,352.4713,384.5359,373.3506,392.6117,350.8543,362.0406,401.2970,401.1020,390.0410,336.6813,394.0757,409.8430,355.8016,331.3548,331.4411,386.4586,344.4125,343.2237,391.0521,394.5932,395.4903,400.8838,400.5447,400.7371,341.6136,351.0826,353.9655,369.0434,365.6261,361.9868,375.6719,361.5452,347.7335,359.1415,358.4048,409.7221,409.7222,404.9753,393.1067,404.4101,327.0959,346.6545,343.4793,388.5627,390.3015,355.4816,0.0000,370.2235,379.2480,342.9428,346.0612,390.6012,390.4430,409.6836,399.4280,393.7914,325.4515,301.6819,366.9249,302.0468,332.9058,387.7363,376.5190,402.6380,430.6246,409.8558,393.3199,197.6966,351.3215,350.6230,355.5937,311.9142,358.4012,358.8395,365.8973,365.2530,390.4730,401.0647,360.7155,364.4634,366.5727,366.6828,365.1214,361.9868,366.5039,365.4375,367.0948,366.7095,366.4440,361.0107,393.6505,387.2710,390.3096,0.0000,368.8634,399.2688,368.8631,370.6460,372.1831,391.0988,377.9708,367.7133,412.5128,393.8947,365.0064,365.2037,365.1720,367.2826,395.9963,363.7606,353.7367,367.2822,365.1929,328.0493,409.3356,409.8657,411.7897,355.4816,363.5589,355.4816,359.3618,359.2124,391.9135
46.0000,365.5047,391.1184,392.1408,378.9434,367.6367,358.4140,357.9907,396.0675,395.6674,407.9355,399.3885,406.8943,396.1888,387.4861,341.4243,231.5896,373.3180,373.6255,368.4060,389.7473,363.3707,356.8161,359.8215,365.8865,359.0227,364.3004,364.8999,386.1222,409.1743,390.6358,393.9006,395.5002,407.2747,367.4969,367.8824,403.6379,399.3127,373.6331,400.2250,366.3154,382.3606,376.1849,400.0147,383.8054,409.9001,341.5286,368.1652,366.5567,328.6002,353.2475,345.7750,350.9924,365.6053,364.5440,359.8999,352.7928,380.7365,354.9456,332.8189,366.0846,362.5936,363.0994,355.5936,355.9370,357.6599,362.4101,363.0451,370.6859,365.0135,366.3371,366.9516,368.9741,367.5745,362.6482,344.8890,387.3506,382.4589,409.6505,406.9704,376.4398,384.1049,375.2788,399.4330,399.8166,399.8575,400.9712,400.1414,399.2753,400.5463,396.9335,393.4611,401.0149,391.7836,388.0658,387.3501,379.8762,383.1139,384.6162,0.0000,399.5039,402.8600,400.7180,367.2722,367.8888,367.5997,367.8372,362.8096,361.3752,361.8190,0.6589,394.7861,365.3483,406.8734,395.5630,358.5090,351.9282,383.7881,371.1538,392.4862,352.6609,366.2386,400.9769,400.7077,390.0651,338.4815,393.4750,407.7235,360.6107,333.1183,333.2051,386.4844,345.1075,342.5287,389.5839,394.5619,394.6375,400.4987,400.1936,400.3414,343.4680,350.4387,353.3486,369.4088,365.9881,366.1875,375.6180,362.3675,348.4353,363.0608,362.3468,406.6864,406.6865,402.4409,393.1069,404.1003,327.1463,346.9264,343.7465,388.4968,390.2363,360.3308,0.0000,372.5462,379.1937,346.1471,349.3595,390.5339,390.4397,407.6754,399.1431,393.5938,328.0955,303.8322,369.1671,304.2156,332.8961,386.9234,373.4683,397.3157,425.3579,407.7347,391.7318,197.8197,354.7438,354.0444,359.4481,313.2994,362.1592,358.4269,365.2056,364.3576,386.1868,395.8759,360.0150,368.6918,370.7736,370.8839,369.3100,366.1875,370.7047,369.6045,371.2733,370.9108,370.6629,365.2235,393.4611,387.3489,390.2441,0.0000,369.8192,398.9211,369.8190,371.0438,372.5740,390.9883,378.1072,369.5357,410.4399,393.8944,367.3021,367.5832,367.4894,368.2344,395.5389,367.1174,354.0760,368.2340,364.3709,331.1759,407.4729,407.9716,409.5546,360.3308,367.7912,360.3308,363.8131,363.3195,391.5625
47.0000,388.8236,391.1008,392.0531,379.4908,368.4760,360.8707,359.5803,396.0361,395.6502,407.3502,399.5563,406.5320,396.0449,388.5794,342.3246,232.0835,374.3271,374.4743,370.7966,389.1989,364.6674,357.3673,360.6764,366.8723,361.9738,367.4244,368.1984,387.7598,408.3229,390.6600,393.9006,395.4563,406.1723,386.4082,385.6575,403.4810,399.3123,379.4812,400.3968,389.6114,405.1777,377.5877,400.3039,406.5789,408.5708,342.8316,372.2459,370.6153,329.6302,356.3401,348.7903,351.8277,368.8593,368.2716,361.7539,353.5120,381.3489,358.0899,334.1681,369.1078,366.6992,367.2012,358.9265,359.2553,361.0758,366.2443,366.8369,374.8156,369.1369,370.4714,370.2616,373.1339,371.0541,366.7539,346.6631,387.5548,382.8667,408.7510,406.4136,380.1767,384.8141,376.2696,399.4262,399.7986,399.7876,400.8478,400.0398,399.2227,400.4678,397.5297,393.5454,401.2052,391.9980,388.3950,387.5544,381.7451,385.3261,386.2555,0.0000,399.5657,402.7158,400.8023,368.2195,383.6921,370.0975,370.2909,366.8040,365.5201,365.9534,0.6589,394.7919,368.6867,406.3174,395.5277,359.6676,352.6073,383.6349,380.8472,392.7026,353.4416,370.3456,401.0389,400.7277,390.1467,339.8656,394.1178,407.1739,365.3605,334.4758,334.5629,386.7437,346.2241,345.3440,391.0780,394.5037,395.1216,400.4799,400.1657,400.3116,344.6846,352.7413,355.7282,370.2561,366.8274,370.2957,376.1502,363.5693,349.5629,366.8931,366.1806,406.8758,406.8759,402.7936,393.1131,403.5834,328.4925,347.1238,344.3560,388.7949,390.5174,365.1123,0.0000,374.8008,379.7308,349.1807,352.4674,390.7945,390.7296,407.0838,398.9405,393.6692,330.7302,305.9898,371.4986,306.3908,333.1640,388.3109,392.4478,416.7770,425.1239,406.6303,392.9743,198.1912,357.9714,357.2798,363.1722,314.8198,365.7499,360.0191,367.5455,367.4570,405.3055,415.2512,362.9993,372.7818,374.8829,374.9934,373.4548,370.2957,374.8138,373.6898,375.4033,375.0202,374.7563,369.3274,393.5454,387.5538,390.5250,0.0000,371.2855,398.9038,371.2854,371.8769,373.3764,391.2016,378.8139,371.5824,409.4456,393.8948,369.7156,370.0850,369.9092,369.7411,396.0517,370.4568,354.9585,369.7406,367.5615,334.1220,406.8414,407.2708,408.2612,365.1123,371.8815,365.1123,368.1040,367.3025,391.3350
48.0000,320.3917,323.6972,324.4496,314.1611,305.1628,298.4972,297.5258,326.6279,327.3464,335.8252,329.8927,335.2176,327.3351,321.1736,284.1257,192.5592,310.7381,310.6637,309.5909,321.6857,301.9652,295.9732,298.7178,303.8934,299.3177,303.6842,304.3040,320.4077,336.4208,323.3593,325.9415,327.1969,334.4619,318.4644,317.9647,332.8938,330.2890,313.4907,331.2976,320.9947,332.8976,311.9786,330.4745,333.9687,336.2856,285.5671,313.4629,312.0691,273.7448,299.1371,292.8313,292.8671,309.7100,309.4804,302.2902,294.2414,316.1530,300.8119,278.4324,311.3860,308.8473,309.2628,301.6509,301.9274,303.1778,307.7888,308.2622,315.6724,310.9271,312.0743,310.8372,314.1548,311.8890,308.8927,289.0611,321.0439,317.3034,336.7382,335.0708,314.1809,318.0868,312.1985,330.3786,330.6956,330.6465,331.4922,330.8422,330.2153,331.2087,328.0276,325.7651,332.0191,324.4465,321.7368,321.0436,315.5839,318.5798,319.1100,0.0000,329.9219,332.3027,331.5664,304.9965,316.2382,309.0046,309.1086,307.6439,307.8421,308.2453,0.6589,326.7476,309.5536,334.9828,327.3389,297.5831,291.7808,317.1901,313.9227,324.9493,294.2450,311.9005,331.7929,331.4949,323.0202,283.1720,325.8407,335.7322,307.0716,278.6919,278.7645,320.3958,287.5725,285.5662,323.0453,326.4083,326.3919,331.2425,331.0118,331.1426,287.0209,291.7270,294.2245,307.0521,304.2088,311.8584,311.3912,302.0193,290.3458,308.4195,307.7473,335.1194,335.1195,332.0085,325.3140,333.8377,273.4049,287.4035,285.5641,321.8939,323.1799,306.9239,0.0000,313.2519,314.3554,293.1728,295.9779,323.3923,323.3040,335.5971,330.1474,325.8613,277.2942,256.3692,310.2396,256.7147,277.3664,320.8963,323.3304,343.1447,349.1641,334.8388,324.5133,164.3974,300.7714,300.1757,305.5483,263.1791,307.2087,297.8694,303.9126,303.7148,333.7505,341.8740,300.1703,313.9321,315.6956,315.7889,314.5231,311.8584,315.6375,314.6916,316.1632,315.8110,315.5993,311.0434,325.7651,321.0432,323.1859,0.0000,308.7409,329.9432,308.7409,308.4231,309.6540,323.8754,314.1175,309.8179,337.2374,325.9368,308.6912,308.9967,308.8937,307.4568,327.5739,311.7347,294.5562,307.4563,303.8815,280.5727,335.3600,335.6650,336.0548,306.9239,313.1720,306.9239,309.3780,308.6888,323.5802
