"ETAPA \ BARRA","AGUAYTIA 220","BALNEARIO 220","BALNEARIOS 60 A","CALLAHUANCA 220","CALLAHUANCA 60","CARHUAMAYO 220","CARHUAMAYO NUEVA 138","CARHUAQUERO 220","CHAVARRIA 220 A","CHICLAYO OESTE 220","CHIMBOTE 220","GUADALUPE 220","HUACHIPA 60","HUACHO 220","HUANCAVELICA 220","HUAYUCACHI 220","ICA 220","INDEPENDENCIA 220","MARCONA220","MOYOPAMPA 60","OROYA NUEVA 220","OROYA NUEVA 138","OROYA NUEVA 50","PACHACHACA 220","PARAGSHA2 220","PARAGSHA 138","PARAGSHA 50","PARAMONGA NUEVA 220","PIURA OESTE 220","SAN JUAN 220","SANTA ROSA 220 A","SANTA ROSA EDS 60","TALARA 220","TINGO MARIA 138","TINGO MARIA 220","TRUJILLO 220","VENTANILLA 220","VIZCARRA 220","ZAPALLAL 220","AGUAYTIA 138","PUCALLPA 138","HUALLANCA 138","CHIMBOTE 138","PUCALLPA 60","ZORRITOS 220","ABANCAY NUEVA 138","ARICOTA138","ARICOTA II 66","CAMPO ARMINO 220","AYAVIRI138","AZANGARO 138","CACHIMAYO 138","CALLALLI 138","CERRO VERDE 138","COMBAPATA 138","DOLORESPATA 138","DESIERTO220","JULIACA 138","MACHUPICCHU 138","MOLLENDO 138","MOQUEGUA 220","MOQUEGUA 138","PUNO 220","PUNO 138","SANTUARIO 138","SOCABAYA 220","SOCABAYA 138","ILO 138","LOS HEROES 220 A","LOS HEROES 66","TINTAYA 138","TOMASIRI 66","REPARTICION 138","ILO2 220","COTARUSE 220","CHILCA REP 220","CANTERA 220","PIURA OESTE 60","LA NINA 220","CONOCOCHA 220","HUINCO 220","INDEPENDENCIA 60","CHILLON 220","CHILLON 60","CHAVARRIA 60 A","CHAVARRIA 60 B","BARSI 60","BARSI 220","OQUENDO 60","CAJAMARCA 220","PLANICIE 220 A","CARABAYLLO 220","CARABAYLLO 500","CHILCA CTM 500","CHILCA CTM 220 A","KIMAN AYLLU 138","KIMAN AYLLU 220","PARAMONGA EXISTENTE 138","MACHALA 200","CHIMBOTE 500","TRUJILLO 500","HUARANGAL 60","POMACOCHA 220","PIEDRA BLANCA 138","POROMA 220","POROMA500","OCONA 500","MONTALVO 500","MONTALVO 220","HUANZA 220","INDUSTRIALES 220 A","TINTAYA 220","LA NINA 500","INDUSTRIALES 60","CARHUAMAYO 50","CARIPA138","HUAMPANI 60","HUANUCO 138","REFINERIA ZINC 220","QUENCORO 138","ILO 3 220","MIRADOR 220","MIRADOR 60","ALTO PRADERA 220","ABANCAY NUEVA 220","LOMERA 220","REQUE 220","SAN JOSE 500","SANTA TERESA 220","SURIRAY 220","ASIA 220","CERRO DEL AGUILA 220","CHAGLLA 220","RAMADA 220","SANTA ROSA LDS 60","LOMERA 60","ZAPALLAL 60","MALVINAS 220","MALVINAS 60","ABANCAY 138","YAUPI 138","SANTA ISABEL 220","YANANGO 220","CHIMAY 220","ILO3 138","MATUCANA 220","COLCABAMBA 500","COLCABAMBA 220","YARABAMBA 500","YARABAMBA 220","BELAUNDE 220","BELAUNDE 138","CACLIC 220","INDUSTRIALES 220B","PLANICIE60","COBRIZAI 69","MOLLEPATA 60","MOLLEPATA220","CARAPONGO 500","CARAPONGO 220 A","SAN JOSE 220","MARCONA 60 A","SAN NICOLAS 60","CALLAHUANCA EDN 220","PUMIRI138","PUMIRI220","SAN MIGUEL 220","SAN MIGUEL 60","FELAM 220","MANCHAY 60","MANCHAY 220","SAN RAFAEL 138","SAN GABAN 138","MARCONA 60 B","ANGEL 138","PTO MALDONADO 138","MEDIO MUNDO 220","AUCAYACU 138","BELLAVISTA 138","TARAPOTO 138","PARINAS 220","PAMPA HONDA 220","ORCOTUNA 220","SAN ROMAN 138","SAN ROMAN 220","CHILOTA 220","MAZUCO 138","JESUS 138","CARHUAMAYO 138","CINCO MANANTIALES 138","OXIDOS CERRO 138","TOCACHE 138","JUANJUI 138","FRANCOISE 220","BOTIFLACA 138","MILL SITE 138","PLAZA TOQUEPALA 138","QUEBRADA HONDA 138","PANAMERICANA SOLAR 138","TOQUEPALA 138","ILO ELS 138","REFINERIA 138","LIXIVIACION 138","PUSHBACK 138","INTIPAMPA 138","PLANICIE 220 B","CHILCA CTM 220 B","CARAPONGO 220 B","CHILCA 1 220","DERIVACION 220","CHAVARRIA 220 B","DERIVACION 220  BARRA II","CAMPAS 220","CAMPAS 500","PLANICIE 500","NUEVA CHINCHA 220","CAHUACHI 220","VALLE DEL CHIRA 220","SANTA ROSA 220 B","ERSUR 220","FLAMENCO220","BARRA3HERMANAS","BARRAPTALOMITAS","PUERTO CHANCAY 220","CHAPARRAL 138","CHIRIBAMBA 220","BARRAPTALOMITAS2","YSHCAYUCRO 220","PAQUILLUSI 220","MIGUEL GRAU 500","MIGUEL GRAU 220","ALIPIO ROSALES 220","SUNNY","CUAJONE 138","SAN MARTIN 220","SAN LUIS 220","CERRO VERDE 220","PORTILLO 60"
1.0000,256.9749,273.4001,273.9252,266.6638,258.3248,255.3972,254.6526,276.9036,275.1056,284.5103,278.5522,283.4155,275.0393,267.8239,258.7130,254.7898,268.2773,269.0787,264.4654,272.7135,260.5470,254.4958,257.2812,262.9441,255.2923,258.5888,259.1220,268.0894,286.4422,273.1404,274.0020,274.6066,286.5099,258.4784,259.0954,281.4749,274.9679,263.6102,273.2483,257.4296,266.3971,263.7940,279.2105,267.2038,291.5201,253.3692,269.8971,268.7283,254.1846,259.6604,253.8237,259.2187,271.5996,267.6729,265.3946,260.2084,271.8341,260.2611,247.0554,263.6145,265.6476,266.0181,260.7846,261.0540,267.2328,266.2686,266.8854,271.6630,267.3950,268.3590,270.5883,270.3910,268.5590,265.6872,256.0672,271.3863,271.4105,286.7593,284.3656,264.7612,268.2484,270.4645,275.0355,275.2422,275.5381,275.9985,275.5586,275.2056,275.6826,278.0848,274.1248,272.9276,272.3828,271.2970,271.3861,266.5875,269.4712,268.3021,0.0000,278.5753,280.9821,274.1835,264.2736,258.7561,264.8629,265.0450,264.6081,264.4872,265.0118,268.3287,274.9962,268.8974,284.3048,276.4859,254.6455,250.2987,269.1711,261.0545,273.1623,260.0953,268.3530,274.1071,274.5561,272.9220,251.4060,270.4215,284.3390,264.1557,247.3166,247.3810,271.9430,255.4389,243.5642,273.5409,274.3706,271.1256,275.1990,275.0538,275.3408,254.7542,249.5782,251.7310,263.1609,260.7461,268.3213,264.2359,260.9526,257.9020,265.3868,266.1386,285.0123,286.7067,281.9077,273.7920,278.3581,254.1466,261.7850,260.0648,271.0436,272.2257,264.3450,0.0000,265.8600,266.7513,254.1119,256.5141,272.3738,272.2392,284.6382,276.2297,274.1934,240.3986,222.2267,264.8915,222.5279,240.3553,268.0824,264.1675,290.9320,294.0939,286.8267,274.8791,254.7898,260.1844,259.7004,263.4732,228.0802,267.5418,254.9233,259.5128,258.6389,276.7872,288.8196,256.0363,270.1101,271.8025,271.8831,270.6593,268.3213,271.7511,270.7652,272.1026,271.9035,271.7097,267.6189,274.1248,271.3845,272.2278,0.0000,264.7680,274.3998,264.7675,264.0508,264.6697,272.4206,271.1544,265.2061,287.7711,273.9996,262.5437,264.8524,262.8847,263.5375,271.2524,267.0384,262.8041,262.3851,258.2044,243.1629,284.8547,285.3555,290.7706,264.3450,269.4589,264.3450,267.0844,266.8856,272.9697
2.0000,284.0762,302.8727,303.4384,295.4670,286.2978,283.0019,282.2344,305.9593,304.6180,314.3304,308.1717,313.2147,304.5011,296.4465,287.4808,282.9775,298.5531,299.0036,294.9466,302.0713,288.8653,282.2817,285.3054,291.5596,282.8309,286.5240,287.1075,296.7027,316.4814,302.5983,303.4467,304.0989,316.4766,285.7415,286.4917,311.2487,304.4741,291.7762,302.6509,284.5630,294.1575,291.7362,308.8896,295.0205,321.7196,282.2915,302.6262,301.3329,282.3568,290.6982,284.2271,288.7557,302.9904,299.6689,296.1924,289.8225,301.7586,291.5035,275.2661,295.0253,297.8473,298.2704,292.1283,292.4343,297.3596,298.2257,298.8092,304.6227,299.7764,300.8306,302.8037,303.2021,300.5801,297.8916,285.3448,300.7725,301.1883,316.8086,314.2945,293.0211,297.0940,300.5244,304.5460,304.7731,305.0819,305.5748,305.1153,304.7373,305.2406,307.3333,303.6988,302.3299,301.7905,300.6824,300.7722,294.8140,298.0057,296.9353,0.0000,308.2017,310.7319,303.6398,293.0343,286.1077,295.4363,295.6015,296.5429,296.5053,297.1368,297.2356,304.6337,300.9909,314.2309,306.2592,282.2436,277.7182,298.0975,288.7689,302.5233,289.7071,300.8965,303.5799,304.0584,302.4021,280.1140,299.3964,314.1561,296.6859,275.5578,275.6296,301.5277,283.7992,269.8377,302.4135,303.8393,300.1146,304.7223,304.5817,304.8898,283.8186,276.5260,278.9279,292.0337,289.3540,300.8594,292.7722,289.9624,286.5357,297.2409,298.0829,314.5017,316.2951,311.2982,303.2398,308.2150,281.4739,291.3643,289.0813,300.3954,301.4989,296.8637,0.0000,296.7069,295.5592,284.5515,287.2246,301.6572,301.5119,314.5461,305.9569,303.7713,269.2621,248.7597,295.4560,249.1046,268.2626,296.7098,291.8622,320.6493,323.8551,316.8191,303.8627,282.9775,291.4353,290.8740,295.2727,255.0510,298.9043,282.5434,287.5980,286.5810,305.4834,318.3877,283.6446,302.9377,304.7537,304.8449,303.5571,300.8594,304.6961,303.6003,305.1171,304.8676,304.6530,300.0646,303.6988,300.7706,301.5013,0.0000,294.8368,303.8732,294.8363,293.0394,293.7204,301.8545,301.1330,295.6223,317.9103,303.4440,292.8034,295.4266,293.1837,293.4666,300.3677,298.8717,292.0286,292.1833,285.9661,272.2750,314.8097,315.3385,320.9370,296.8637,302.1876,296.8637,299.5554,299.0515,302.2976
3.0000,283.9024,302.7620,303.3151,295.3329,286.1962,282.9853,282.3028,305.8003,304.4301,314.2455,307.9956,313.2933,304.2583,296.4879,287.5509,283.0128,298.9207,299.2092,295.3825,301.8872,288.7031,281.7667,284.8777,291.4670,282.8390,286.7046,287.2850,296.7346,316.3497,302.4971,303.2792,303.9221,316.3708,285.5961,286.3603,311.0892,304.2966,291.7854,302.5360,284.3772,293.7353,291.5963,308.6787,294.5769,321.6357,282.3950,303.1023,301.8218,282.4147,291.1275,284.6441,288.8044,303.2698,299.9529,296.4062,289.8591,301.9015,291.9030,275.3721,295.1756,298.2076,298.6377,292.5196,292.8246,297.3596,298.5265,299.0866,304.9233,300.1161,301.1465,303.2449,303.4989,300.8473,298.2524,285.4964,300.7753,301.2470,316.6725,314.1777,293.0086,296.9346,300.7396,304.3669,304.5935,304.8808,305.3611,304.9197,304.5506,305.0420,307.1826,303.6467,302.2275,301.7242,300.6824,300.7750,294.7093,297.8980,296.9763,0.0000,308.0418,310.5739,303.4918,292.9669,285.9791,295.7372,295.8743,296.8519,296.8413,297.4864,297.1350,304.5617,301.4230,314.1031,306.1626,282.3939,277.3718,297.9556,288.6740,302.3605,289.7604,301.2771,303.4321,303.8875,302.3412,280.2280,299.3652,314.0974,297.0096,275.6653,275.7371,301.5477,283.8651,269.8456,302.3049,303.6611,300.0714,304.5427,304.4033,304.7055,283.9188,276.5107,278.9121,292.0398,289.3600,301.2414,292.6384,290.0363,286.6022,297.5534,298.3849,314.0644,315.8306,310.9854,303.0884,308.2336,281.6345,291.1540,289.0290,300.3553,301.3372,297.1907,0.0000,297.1732,295.4241,284.9676,287.6311,301.4918,301.3374,314.4637,305.9480,303.7180,269.6443,249.0262,295.9052,249.3761,268.0708,296.7478,291.6861,319.8978,322.8360,316.7184,303.7469,283.0128,291.8332,291.2699,295.6520,255.1382,299.0705,282.6155,287.7599,286.7615,305.2626,317.7266,283.6545,303.4143,305.2338,305.3239,303.9561,301.2414,305.1755,303.9245,305.3781,305.3486,305.1379,300.4630,303.6467,300.7734,301.3395,0.0000,295.4979,303.6994,295.4975,293.0536,293.7349,301.8084,301.2872,296.1112,317.7797,303.2766,293.2895,295.7302,293.7479,294.3021,300.3104,299.1029,292.1517,293.0535,285.9679,272.6604,314.6815,315.2092,320.8505,297.1907,302.6446,297.1907,299.8861,299.3613,302.1114
4.0000,252.0702,268.6412,269.1172,262.0676,253.9857,251.1587,250.4979,270.7798,270.0163,278.1773,272.9892,277.4056,269.8634,262.8386,255.4871,251.4117,265.7246,265.8302,262.9403,267.5857,256.4101,250.6534,253.3174,258.7882,250.9929,254.3152,254.8272,263.0636,280.0140,268.4158,269.0240,269.5622,279.9702,253.4443,254.1425,275.6088,269.9084,258.8118,268.4158,252.4811,260.5756,258.4796,273.5766,261.3035,284.4895,251.0883,269.7303,268.5685,250.9215,259.4558,253.6246,256.8786,271.4081,268.2253,263.9467,257.8262,268.1172,260.0353,244.8920,275.7433,265.6619,266.0296,260.6098,260.8681,266.9815,266.1848,266.8696,271.5114,267.3675,268.3147,270.3663,270.3869,271.3479,265.7015,253.9450,267.0043,267.5286,280.2808,278.1867,259.8380,263.4065,267.1682,269.9688,270.1735,270.4035,270.8172,270.4454,270.1292,270.5509,272.0639,269.5152,268.1708,267.7655,266.9591,267.0041,261.2672,264.0333,263.2692,0.0000,273.0314,275.1681,269.2390,260.0930,253.7361,263.1646,263.2587,264.3648,264.4872,265.0331,263.6519,270.3107,268.7212,278.1266,271.7409,250.5567,246.5434,264.0391,256.0301,268.2091,257.7618,268.2995,269.1902,269.5804,268.3197,249.2001,265.4608,278.0575,264.6087,245.1532,245.2170,267.7246,252.2185,239.4623,267.8334,269.3516,265.9858,270.1265,270.0108,270.2723,252.3905,245.3931,247.5353,259.3661,256.9861,268.2627,259.6733,257.7088,254.6505,265.1768,266.0412,278.0122,279.5282,275.3573,268.8754,273.5311,250.2211,258.6273,256.7699,266.6039,267.3120,264.7765,0.0000,264.4798,262.1452,253.9152,256.3165,267.4484,267.3075,278.3976,271.5482,269.5765,240.2288,221.7901,263.3865,222.1054,238.2990,263.0702,258.7569,283.2297,285.6825,280.2738,269.0810,251.4117,259.9849,259.5070,263.3957,227.0770,267.3920,250.7798,255.2760,254.3660,270.6154,281.3588,251.7439,270.1604,271.6239,271.7094,270.6159,268.2627,271.5738,270.6212,271.9132,271.7295,271.4492,267.5780,269.5152,267.0030,267.3140,0.0000,263.0310,269.3892,263.0307,260.2705,260.8656,267.8827,267.6108,263.5938,281.2344,269.0218,261.1380,263.1598,261.6163,262.1027,266.3632,272.6916,259.5689,261.0441,253.7150,242.9757,278.6122,279.0570,283.8163,264.7765,269.4896,264.7765,267.2767,266.8986,267.8628
5.0000,252.0702,267.5382,268.0027,260.9860,252.9667,250.1528,249.5452,269.4347,268.8399,276.8028,271.7852,276.0627,268.6795,261.8229,254.7787,250.6732,265.1491,265.1034,262.6358,266.4699,255.3134,249.2782,251.9957,257.7753,250.0061,253.3734,253.8988,262.0426,278.6387,267.3208,267.8724,268.4021,278.4970,253.1866,253.8249,274.3320,268.7443,257.9326,267.3219,252.4735,260.4174,257.3744,272.3630,261.1317,282.5717,250.6052,269.6514,268.4889,250.2019,259.3435,253.4974,256.4807,271.2964,268.0947,263.6973,257.4324,267.2998,259.9508,244.4359,275.5491,265.6597,266.0271,260.5432,260.8064,266.8373,266.0716,266.7490,271.5102,267.3527,268.2962,270.2492,270.3175,271.2167,265.6992,253.4631,265.9959,266.6470,278.9051,276.8611,258.8584,262.2834,266.4307,268.8033,269.0103,269.2075,269.6044,269.2677,268.9558,269.3602,270.7394,268.4600,267.0921,266.7192,265.9650,265.9957,260.1721,262.9088,262.2414,0.0000,271.8240,273.9050,268.1279,259.0876,253.3337,262.7551,262.8235,264.1542,264.4872,265.0347,262.5913,269.2409,268.6026,276.7989,270.6656,249.5426,245.3517,262.9407,255.3349,267.0604,257.3885,268.2743,268.0664,268.4436,267.2513,248.7273,264.4184,276.6881,264.5060,244.6957,244.7595,266.7523,251.5021,238.5209,266.6209,268.1887,264.9747,268.9662,268.8463,269.0918,251.8821,244.3939,246.5370,258.5589,256.3116,268.2347,258.6003,256.9829,253.9272,265.0826,265.9295,276.2806,277.7429,273.8093,267.7376,272.3457,249.5636,257.9431,256.0833,265.5989,266.1722,264.6919,0.0000,264.1722,261.0620,253.7910,256.2061,266.3081,266.1690,277.0512,270.4385,268.5193,239.9840,221.5323,263.0791,221.8489,237.6180,262.0507,258.2597,281.0391,283.0151,278.7888,267.8373,250.6732,259.9076,259.4261,263.3703,226.6757,267.2559,249.8138,254.3118,253.4230,269.4280,279.3258,250.7534,270.1426,271.5439,271.6296,270.5618,268.2347,271.4943,270.6022,271.9121,271.6498,271.3591,267.5542,268.4600,265.9946,266.1742,0.0000,262.7477,268.2304,262.7474,259.4447,260.0282,266.8490,266.8291,263.2863,279.8116,267.8702,260.9044,262.7510,261.4287,261.9360,265.2981,272.5412,258.8533,260.9368,252.7303,242.8710,277.2724,277.7066,281.9677,264.6919,269.4786,264.6919,267.1800,266.7888,266.7236
6.0000,252.0702,267.1370,267.5983,260.5961,252.6160,249.7918,249.1138,268.9038,268.3327,276.2042,271.2620,275.4766,268.3707,260.4783,254.4914,250.3788,264.9362,264.8292,262.4339,265.9574,255.0902,249.3921,252.0296,257.4754,249.6133,252.8460,253.3597,260.9472,278.0358,266.9234,267.4114,267.9317,277.9915,253.0731,253.6935,273.7831,268.2271,257.4487,266.7886,252.4690,260.3226,256.8310,271.8436,261.0288,282.5068,250.4422,269.9370,268.7982,249.9225,259.2478,253.3880,256.1881,271.1784,268.0412,263.4868,257.1288,267.0436,259.8813,244.2459,275.5089,265.6709,266.0463,260.4734,260.7342,266.7237,266.0164,266.6901,271.5953,267.3469,268.2556,270.1676,270.3757,271.1683,265.7103,253.2792,265.6565,266.3199,278.2860,276.2788,258.2377,261.8380,266.1271,268.2850,268.4939,268.7087,269.1084,268.7535,268.4509,268.8547,270.2400,267.9878,266.5910,266.2671,265.5788,265.6563,259.6148,262.3396,261.1736,0.0000,271.2977,273.3579,267.5870,258.7735,253.1327,262.5585,262.6242,264.0588,264.4872,265.0411,262.0987,268.7664,268.5252,276.2181,270.2148,249.1264,245.3075,262.4574,254.9554,266.5974,257.0904,268.3616,267.5613,267.9311,266.8760,248.5508,263.4133,276.0914,264.4610,244.5070,244.5707,266.4089,251.2129,238.1461,266.0702,267.7239,263.8764,268.4387,268.3397,268.5874,251.7564,244.0240,246.1740,258.2185,255.9742,268.3305,258.2121,256.6815,253.6352,265.0394,265.8748,276.1759,277.6514,273.5199,267.2920,271.5457,249.3185,257.5970,255.7727,265.1758,265.7203,264.6527,0.0000,263.6335,260.6701,253.6847,256.1139,265.8589,265.7617,276.4586,269.8023,268.0443,239.7977,221.3299,262.8272,221.6479,237.0664,260.8410,258.2396,281.7914,284.0398,278.2975,267.2977,250.3788,259.8382,259.3498,263.3296,226.3581,267.1704,249.3913,253.8362,252.8972,269.7178,279.9993,250.3817,270.2345,271.8306,271.9098,270.7117,268.3305,271.7793,270.6820,271.9979,271.9319,271.7385,267.6471,267.9878,265.6551,265.7223,0.0000,262.6715,267.7549,262.6712,259.0989,259.6755,266.4168,266.5648,263.1248,279.2311,267.4093,260.7603,262.5548,261.2994,261.9179,264.4651,272.4953,258.5711,260.9846,252.2682,242.7836,276.6858,277.1149,281.8346,264.6527,269.5281,264.6527,267.1390,266.7358,266.2727
7.0000,252.0702,266.6762,267.1333,260.1505,252.1790,249.4212,248.7144,268.3795,267.8360,275.6687,270.7190,274.9414,267.7072,259.9984,254.1820,250.0500,264.6797,264.5190,262.2890,265.4487,254.7241,249.0566,251.7004,257.0893,249.2405,252.4854,252.9988,260.4580,277.4816,266.4651,266.9261,267.4310,277.4481,252.9562,253.5684,273.2494,267.7359,257.0808,266.3256,252.4666,260.2736,256.3225,271.2746,260.9755,281.9871,250.2853,269.9261,268.7571,249.5895,259.2387,253.3752,256.1419,271.1499,268.0215,263.4650,257.0950,266.6607,259.8984,244.0988,275.5387,265.6610,266.0117,260.4840,260.7507,266.7387,265.9926,266.6682,271.5216,267.3786,268.3291,270.1623,270.3369,271.1900,265.7005,253.0940,265.2367,265.9753,277.7278,275.7410,257.8127,261.3621,265.8275,267.7933,268.0096,268.2016,268.5926,268.2635,267.9609,268.3531,269.7203,267.5987,266.1369,265.8330,265.1699,265.2365,259.1210,261.8361,260.6513,0.0000,270.7694,272.8235,267.1185,258.3854,252.9646,262.3793,262.4357,263.9748,264.4872,265.0367,261.6522,268.3683,268.5206,275.6768,269.7982,248.7256,244.8866,261.9804,254.6838,266.1115,257.0621,268.3515,267.0928,267.4621,266.4287,248.3926,262.9308,275.5560,264.4267,244.3585,244.4221,266.0209,250.8912,237.7905,265.5574,267.2351,263.3529,267.9508,267.8547,268.0968,251.5873,243.6722,245.8133,257.8548,255.6136,268.3334,257.7694,256.3625,253.3104,265.0119,265.8501,275.6751,277.1387,273.0019,266.8132,271.4532,248.6039,257.5733,255.5437,264.7571,265.2372,264.6272,0.0000,263.6702,260.2232,253.6731,256.1106,265.3703,265.2269,275.9354,269.5661,267.6563,239.5909,221.1823,262.6837,221.4978,236.8357,260.3565,258.0811,281.3937,283.5500,277.7550,266.7824,250.0500,259.8516,259.3588,263.3330,226.1794,267.1627,248.9921,253.4566,252.5360,269.4064,279.6139,249.9822,269.9841,271.8353,271.9209,270.7612,268.3334,271.7836,270.6336,271.9248,271.9403,271.7036,267.6233,267.5987,265.2353,265.2392,0.0000,262.5098,267.2680,262.5095,258.7357,259.3103,265.9952,266.2115,262.9787,278.6732,266.9241,260.6123,262.3756,261.1774,261.7804,263.9958,272.5195,258.2613,260.8791,251.8795,242.7805,276.1415,276.5675,281.3113,264.6272,269.2677,264.6272,267.1290,266.7180,265.7399
8.0000,252.0702,266.9668,267.4226,260.4533,252.4888,249.7475,249.1064,268.8077,268.2149,276.0916,271.1802,275.3696,268.1222,261.3155,254.4490,250.3315,265.0937,264.8690,262.6041,265.7264,254.9053,248.9918,251.6646,257.3301,249.5983,252.9262,253.4424,261.5451,277.8907,266.7557,267.2614,267.7742,277.8506,253.1002,253.7196,273.6767,268.1235,257.5498,266.7418,252.4611,260.1585,256.7738,271.7761,260.8506,282.3706,250.5284,269.9362,268.7616,249.8687,259.2602,253.3617,256.4402,271.2134,268.1250,263.8057,257.4012,266.9894,259.8992,244.3322,275.8968,265.6706,266.0297,260.4882,260.7552,266.8247,266.0521,266.7365,271.4751,267.4187,268.3878,270.2474,270.4303,271.4065,265.7104,253.3119,265.5117,266.2805,278.1347,276.1662,258.4050,261.7006,266.1762,268.1808,268.3799,268.5810,268.9741,268.6259,268.3252,268.7297,270.1640,267.8895,266.5236,266.1760,265.4731,265.5115,259.5511,262.3372,261.7724,0.0000,271.2090,273.2558,267.5167,258.6445,253.1694,262.6055,262.6536,264.0830,264.4872,265.0403,262.0318,268.6593,268.5908,276.0994,270.0959,249.1145,245.1128,262.2913,255.0104,266.4633,257.3716,268.3517,267.4708,267.8472,266.7137,248.6276,263.8560,275.9797,264.4809,244.5915,244.6552,266.2955,251.1526,238.1320,266.0271,267.5684,264.3220,268.3373,268.2225,268.4634,251.8344,244.0026,246.1396,258.0653,255.6973,268.3259,258.0707,256.6160,253.5743,265.0605,265.9086,276.0690,277.5451,273.4198,267.1377,271.5269,249.3055,257.5390,255.7289,265.0789,265.5809,264.6719,0.0000,264.2454,260.5273,253.6630,256.1215,265.7162,265.6025,276.3818,269.7460,267.9459,239.3788,221.0403,263.0664,221.3528,236.6506,261.5490,258.2865,281.7809,283.8992,278.1568,267.2434,250.3315,259.8552,259.3637,263.3384,226.0253,267.2423,249.3823,253.8811,252.9765,269.7319,279.9922,250.3184,270.1215,271.8447,271.9271,270.7371,268.3259,271.7931,270.5993,271.8788,271.9474,271.7412,267.6390,267.8895,265.5105,265.5829,0.0000,263.0302,267.6129,263.0299,258.9780,259.5682,266.3162,266.5560,263.3650,279.0725,267.2593,260.9071,262.6018,261.5130,262.3917,264.7449,272.7791,258.5608,261.4921,252.3087,242.7908,276.5608,276.9832,281.6977,264.6719,269.4317,264.6719,267.1842,266.7721,266.0733
9.0000,252.0702,266.9029,267.3604,260.3694,252.4035,249.6256,248.9848,268.8525,268.1546,276.0967,271.1085,275.3610,268.0481,261.2192,254.3986,250.2476,265.2564,264.9530,262.4875,265.6987,254.7777,248.8033,251.4906,257.2224,249.4784,252.7816,253.2936,261.4489,277.8519,266.6911,267.1938,267.7009,277.8152,253.1172,253.7174,273.6281,268.0647,257.4826,266.6822,252.4638,260.2134,256.7436,271.6890,260.9102,282.3706,250.4241,269.9994,268.8272,249.7616,259.2640,253.3860,256.3538,271.1354,268.1241,263.7936,257.3160,267.0302,259.9607,244.2431,275.9086,265.6830,266.0565,260.5345,260.8083,266.8013,266.0445,266.7315,271.5554,267.4603,268.4393,270.2115,270.5752,271.4569,265.7223,253.2216,265.4544,266.3237,278.0956,276.1278,258.3387,261.6299,266.2804,268.1225,268.3233,268.5197,268.9135,268.5694,268.2633,268.6711,270.2168,267.8269,266.4631,266.1133,265.4116,265.4542,259.5654,262.3331,261.6719,0.0000,271.1444,273.2024,267.4710,258.5368,253.1573,262.5253,262.5802,264.0498,264.4872,265.0470,261.9724,268.5973,268.5653,276.0584,270.0311,248.9856,244.9506,262.2618,254.9343,266.3925,257.2824,268.3921,267.4111,267.7935,266.6524,248.5316,263.7827,275.9826,264.4661,244.5020,244.5657,266.2741,251.0609,238.0175,266.0585,267.5012,264.2752,268.2842,268.1597,268.3931,251.7168,243.8813,246.0181,257.9848,255.6176,268.3588,257.9881,256.5335,253.4817,265.0509,265.9002,276.4005,277.9073,273.6246,267.0708,271.4686,248.7342,257.8313,255.7732,265.0146,265.5090,264.6568,0.0000,263.9259,260.4440,253.6865,256.1426,265.6439,265.5295,276.3870,269.6859,267.8832,239.3472,221.0060,262.9142,221.3187,236.4869,261.4525,258.3919,282.4761,284.6949,278.1218,267.2834,250.2476,259.9077,259.4077,263.3731,225.9488,267.2347,249.2569,253.7363,252.8325,270.0559,280.6233,250.1787,270.2977,271.9040,271.9854,270.8032,268.3588,271.8522,270.6672,271.9580,272.0058,271.8149,267.6747,267.8270,265.4532,265.5111,0.0000,263.2809,267.5472,263.2806,258.8998,259.4920,266.2540,266.6273,263.3529,279.0401,267.1917,260.7217,262.5208,261.3701,262.7297,264.6717,272.8178,258.5629,261.8998,252.2050,242.8108,276.5205,276.9435,281.6921,264.6568,269.6149,264.6568,267.1704,266.7685,266.0215
10.0000,252.0702,267.1952,267.6618,260.5960,252.5856,249.7127,249.0502,269.0458,268.3644,276.3133,271.2892,275.5751,268.1693,260.5744,254.6284,250.5421,265.6027,265.2054,262.6415,265.9518,255.0333,249.2208,251.8899,257.4630,249.5214,252.7356,253.2466,260.9993,278.0898,266.9787,267.4436,267.9491,278.0285,253.1023,253.7016,273.8249,268.2661,257.3865,266.8497,252.4711,260.3668,256.8069,271.8623,261.0767,282.5659,250.6071,269.9503,268.7605,250.0400,259.2246,253.3225,256.5326,271.0477,268.1953,263.7895,257.4926,267.2000,259.9394,244.4198,276.1965,265.6685,266.0323,260.5087,260.7875,266.8549,266.0766,266.7771,271.5343,267.4682,268.4698,270.1313,270.4796,271.6247,265.7075,253.3935,265.7361,266.5826,278.3417,276.3530,258.2135,261.8507,266.5177,268.3242,268.5437,268.7318,269.1262,268.8108,268.4915,268.8873,270.3911,268.1149,266.6558,266.3442,265.6668,265.7358,259.5974,262.3558,261.2094,0.0000,271.3339,273.3996,267.6584,258.7571,253.1552,262.6601,262.7205,264.1122,264.4872,265.0391,262.1620,268.8884,268.5017,276.2817,270.3144,249.0786,245.1573,262.4692,254.9564,266.6118,257.4429,268.3679,267.6237,268.0120,266.9300,248.7093,263.4746,276.1988,264.4925,244.6785,244.7422,266.5465,251.3147,238.0584,266.1543,267.7553,263.8620,268.4877,268.3818,268.6050,251.9035,243.9593,246.1009,258.2839,256.0390,268.3378,258.2123,256.7739,253.7379,265.0779,265.9324,276.6507,278.1625,273.8493,267.3298,272.0120,249.7442,257.6589,255.9210,265.2559,265.7331,264.6786,0.0000,264.4244,260.6703,253.6245,256.0920,265.8658,265.7110,276.5975,270.1046,268.1733,239.1700,220.8919,263.1235,221.2018,236.4539,260.9144,258.4609,282.7681,284.9864,278.3326,267.4027,250.5421,259.8824,259.3774,263.3497,225.8649,267.2965,249.3242,253.7295,252.7874,270.2668,280.9060,250.2173,270.1831,271.8648,271.9467,270.7696,268.3378,271.8131,270.6445,271.9343,271.9671,271.7695,267.6464,268.1149,265.7346,265.7351,0.0000,263.7657,267.7898,263.7654,259.1722,259.7565,266.5035,266.7912,263.6232,279.2673,267.4415,260.7766,262.6546,261.4792,263.2956,264.5392,273.0222,258.8016,262.5667,252.1969,242.7629,276.7477,277.1737,281.8899,264.6786,269.5030,264.6786,267.1842,266.7937,266.2371
11.0000,270.8524,289.5387,290.0700,282.2439,273.4851,270.1464,269.5413,292.1649,290.8768,300.2701,294.3614,299.4624,290.7127,282.3371,275.3764,270.9460,287.2706,286.9601,283.1873,288.3921,275.8426,269.1389,272.1376,278.5946,269.9353,273.4738,274.0296,282.7482,302.3255,289.2881,289.8466,290.3994,302.3326,272.5009,273.2136,297.2879,290.7577,278.3760,289.1439,271.2998,280.1167,278.5191,294.9873,280.9096,307.3789,270.7577,290.3150,288.9931,270.3460,278.9231,272.5699,277.4187,291.1023,287.6579,284.6701,278.4865,289.2130,279.7287,264.0344,283.2796,285.7318,286.1123,280.3023,280.6179,286.2488,286.1304,286.7535,292.0524,287.7723,288.9339,290.6375,291.1612,288.8720,285.7739,273.5465,287.8339,288.6182,302.6390,300.2663,279.5396,283.7530,288.3964,290.8227,291.0521,291.2965,291.7432,291.3744,291.0130,291.4576,293.4868,290.4570,288.9113,288.5366,287.7050,287.8336,281.4941,284.4636,282.9573,0.0000,294.4096,296.8044,290.0394,280.0297,272.8604,283.3057,283.4118,284.4082,284.4382,285.0476,284.0426,291.3205,288.8597,300.1865,292.8751,269.5672,264.8508,284.5644,275.4099,288.9271,278.3996,288.6309,290.0206,290.4726,289.1978,268.6512,285.5203,300.1449,284.5862,264.3088,264.3776,288.6774,271.7026,257.5347,288.7354,290.1982,286.0897,290.9942,290.8825,291.1286,272.1931,263.9539,266.2525,279.3669,276.7800,288.5974,279.6677,277.5884,274.3224,285.1479,285.9884,300.3528,302.0820,297.2884,289.7100,294.8471,269.8467,278.9554,276.8918,287.2825,287.9600,284.7558,0.0000,284.6982,282.3300,272.8940,275.5434,288.1066,287.9388,300.5600,292.6790,290.5233,257.3917,237.7836,283.6398,238.1139,254.8765,282.6812,278.4561,306.1973,309.1742,302.6670,290.1370,270.9460,279.6501,279.0922,283.2985,243.2904,287.1551,269.8213,274.5830,273.5309,291.6106,304.0079,270.6628,290.5821,292.3828,292.4712,291.1902,288.5974,292.3271,291.0905,292.4846,292.4932,292.2704,287.7543,290.4570,287.8320,287.9622,0.0000,285.0117,290.2320,285.0114,280.3626,281.0239,288.6824,288.7359,284.4282,303.6526,289.8442,281.0882,283.2974,281.8740,284.5085,286.6377,287.1518,279.9461,283.7132,272.8907,261.2018,300.7375,301.2409,306.6264,284.7558,289.8523,284.7558,287.3527,286.8890,288.6233
12.0000,284.0352,302.8353,303.4256,295.2859,286.0625,282.8901,282.1675,306.3352,304.4065,314.8831,308.2857,313.9752,304.1411,296.4196,287.6007,282.9893,299.8926,299.7252,294.7450,301.8743,288.7092,282.1408,285.1269,291.4093,282.7173,286.3040,286.8749,296.6794,316.9308,302.5491,303.2751,303.8480,316.9776,285.7464,286.4795,311.4929,304.2735,291.7878,302.5323,284.5140,293.9512,291.8190,308.9615,294.8000,322.3624,282.1974,301.1674,299.8280,282.2688,289.1072,282.6197,289.2662,299.8295,298.0659,295.7582,290.3926,302.1679,289.9651,275.1958,292.2429,296.4836,296.8764,290.6080,290.9094,293.6709,296.8315,297.2793,302.9819,298.4865,299.6138,301.1916,301.7977,298.7448,296.5257,284.9895,300.7884,301.5268,317.2679,314.7331,293.0378,296.9094,301.2788,304.3428,304.5683,304.8501,305.3225,304.9648,304.5561,305.0090,307.6596,303.7204,302.2338,301.7414,300.6824,300.7881,294.9882,298.1483,296.8900,0.0000,308.3322,310.9607,303.4792,292.8893,286.1083,294.9282,295.0734,295.5031,295.1770,295.7901,297.1400,304.6714,299.4384,314.6372,306.3513,282.2059,277.7591,297.6936,288.7533,302.3345,290.2505,299.4373,303.4602,303.9783,302.3584,279.9748,299.3164,314.7420,295.4180,275.4765,275.5483,301.6457,283.6331,269.7295,302.6364,303.6603,299.9838,304.5134,304.4069,304.6611,283.6760,276.4524,278.8320,291.8899,289.2115,299.4045,292.5923,289.7397,286.3679,295.9439,296.7064,314.8922,316.7178,311.6772,303.0979,308.3081,281.2670,291.8862,289.3749,300.3438,301.3115,295.5671,0.0000,296.3797,295.3776,282.9533,285.6592,301.4640,301.2682,315.1287,306.0289,303.7913,267.0781,246.6422,295.2194,246.9896,263.9206,296.6866,292.0234,321.3013,324.2748,317.3351,304.1142,282.9893,289.9088,289.3356,293.8401,252.2867,296.6564,282.4786,287.4829,286.3639,305.9153,318.9866,283.4947,301.5363,303.3069,303.3998,302.1101,299.3565,303.2496,301.9515,303.4330,303.4218,303.2007,298.3991,303.7204,300.7865,301.3139,0.0000,297.1163,303.6984,297.1159,292.8956,293.5761,301.8305,301.6422,296.0367,318.3540,303.2726,292.4994,294.9166,293.3176,296.5605,300.2830,296.5424,292.3836,295.6813,285.8920,270.7911,315.2291,315.7652,321.5596,295.5661,300.7838,295.5466,298.2171,297.6601,302.0120
13.0000,283.5403,302.9245,303.5724,294.9930,285.6683,282.2747,281.6341,306.4615,304.0558,315.1487,308.1676,314.3064,303.8009,295.2118,287.3066,282.7462,299.5516,299.5147,294.3617,301.6911,288.1626,281.2322,284.3016,291.0214,282.0582,285.5906,286.1537,295.6571,316.8030,302.6111,303.1259,303.7193,316.8320,285.2739,285.9555,311.4970,303.9095,291.0802,302.1970,284.0270,293.6206,291.4403,308.8214,294.4835,322.2371,281.4920,300.0615,298.7090,281.9740,288.4800,282.0689,288.6559,299.1537,297.1217,295.0549,289.8780,302.0602,289.4781,274.5844,287.6686,295.7867,296.1363,290.0509,290.3661,293.1032,296.3742,296.7712,302.0026,297.6127,298.6661,300.5039,299.7128,296.1052,295.8276,284.3763,300.9519,301.4367,317.1231,314.7111,292.3323,296.8428,301.1056,303.9747,304.2218,304.4835,304.9303,304.6995,304.2874,304.6354,307.5920,303.7033,301.9595,301.6037,300.6824,300.9515,294.5461,297.7162,295.8717,0.0000,308.2332,310.9219,303.0718,292.5326,285.6586,294.6013,294.7697,295.3539,294.5650,295.1333,296.8707,304.7041,298.7761,314.5891,306.4335,281.6556,276.9927,297.3053,288.3428,302.0735,289.7283,298.4853,303.1645,303.6026,302.4369,279.3173,298.3965,315.0180,295.3474,274.8621,274.9337,301.6734,283.3679,269.1001,302.3552,303.5220,298.6552,304.1194,304.1349,304.4001,282.8763,275.8711,278.2338,291.6635,288.9871,298.4581,292.3041,289.4919,286.1003,295.3741,296.2577,315.1448,317.0297,311.7933,302.9997,308.2366,281.0615,291.4871,289.0417,300.2289,301.0804,295.2952,0.0000,296.0201,295.0867,282.4002,285.0943,301.2294,300.9862,315.2367,306.0065,303.7717,266.4887,246.2279,294.8311,246.5678,263.9642,295.5785,291.5930,321.6063,324.8080,317.1857,303.8901,282.7462,289.3890,288.7915,293.1999,252.0890,296.1788,281.9262,286.8005,285.6507,305.5840,319.1871,282.7621,300.6447,302.2394,302.3331,301.0927,298.1507,302.1838,300.9976,302.4461,302.3540,302.1592,296.9586,303.7033,300.9493,301.0826,0.0000,296.6603,303.5097,296.6599,292.6840,293.3769,301.7656,301.4641,295.6229,318.2105,303.1234,292.0761,294.5866,292.8855,296.0599,299.6255,291.8959,292.1220,295.1346,285.2186,270.2556,315.1628,315.6751,321.4304,295.2845,299.9208,295.1734,297.8572,297.2393,301.7777
14.0000,252.0702,274.0502,274.6808,266.6728,258.1638,254.3394,253.3966,279.2615,275.0671,286.5654,279.4720,285.6235,275.0588,266.9611,259.3263,255.3372,270.0416,270.2510,265.1379,272.9411,260.0113,253.1409,256.1680,262.7897,254.0559,256.2915,256.8516,267.3381,287.7470,273.7389,274.2367,274.7762,287.7584,250.6690,254.0684,282.8530,274.9265,261.9418,273.3330,252.5367,261.7426,264.3292,280.1071,262.5709,292.6557,254.1196,268.6025,267.3323,254.5622,259.8364,253.9806,260.8831,271.8445,267.5929,266.4194,262.0653,272.5936,260.4382,247.8522,265.9610,265.4449,265.7046,260.8606,261.1261,268.1773,266.6394,267.2363,270.7733,267.0279,268.0138,270.8569,268.5015,266.8339,265.4821,256.5949,272.0999,272.3177,288.0453,285.8829,263.8748,268.5021,271.7303,274.9864,275.2079,275.4598,275.8692,275.6800,275.2967,275.5932,280.7603,274.7130,273.1083,272.8063,271.8752,272.0996,267.1059,270.1405,267.5368,0.0000,279.4954,282.1639,274.1527,264.1639,251.8944,265.3579,265.5335,265.2545,264.4872,264.8860,268.5043,275.6784,269.1661,285.6931,277.2870,253.2239,249.1162,268.7504,256.0318,273.2405,261.9288,267.4831,274.2443,274.6510,273.5270,252.1281,269.8832,286.4184,264.9131,248.1016,248.1662,272.6654,255.8243,242.3842,275.1069,274.6206,270.1876,275.1182,275.1544,275.4058,255.3981,248.5719,250.6995,263.4483,261.0307,267.4454,264.2478,261.3519,258.2910,265.4899,266.5209,295.5653,300.4896,288.7244,274.1148,278.7530,254.1986,262.8903,260.8623,271.4964,272.3351,264.6724,0.0000,266.6083,266.7633,254.2691,256.6866,272.4792,272.2856,286.5238,276.7536,274.7758,240.2615,222.1818,265.5534,222.4786,239.4670,267.2793,310.8795,321.0235,317.3094,288.0784,276.7580,255.3372,260.3192,259.8195,263.4027,228.0323,268.1439,253.6210,257.6845,256.3552,316.9036,320.6745,254.6700,269.5116,270.5681,270.6543,269.6035,266.8148,270.5220,269.8191,271.1697,270.6722,270.4573,265.6384,274.7130,272.0975,272.3372,0.0000,267.2033,274.5869,267.2029,264.3848,265.0590,272.9318,271.9482,266.2314,289.0157,274.2344,263.0651,265.3436,263.8087,266.5873,270.9872,263.2501,263.6359,265.7045,257.0747,243.3265,286.2278,286.7146,291.9248,264.6480,268.8966,264.4489,267.4568,267.2497,273.0202
15.0000,264.6080,280.5874,281.2889,273.0867,264.1757,261.5062,261.2806,284.8309,281.7547,293.0054,285.6869,292.0093,281.9345,273.5916,264.6694,260.6868,275.0173,275.6824,268.1517,280.0069,266.5157,260.2142,262.9992,269.0453,261.4069,265.3426,265.7959,274.0643,294.5089,280.2304,280.9121,281.5254,294.6085,266.7346,266.4079,288.9380,281.5719,270.1661,279.7413,265.1786,276.4661,270.3314,286.3329,277.4824,299.8154,257.8126,268.1102,266.8819,259.7624,260.6588,254.7349,264.7436,272.3038,267.4381,269.2047,265.9353,278.3190,261.0371,251.4128,261.2724,265.3384,265.5674,261.3485,261.6236,268.3234,267.1526,267.6427,270.6268,266.7145,267.5975,271.7545,268.2961,264.4430,265.3764,260.1730,278.1730,278.1593,294.8661,292.3516,271.1729,275.0311,277.2410,281.6369,281.8440,282.1822,282.6238,282.3735,281.9745,282.2937,285.5936,280.9897,279.4352,278.9520,277.7892,278.1725,273.1787,276.1991,274.2778,0.0000,285.7667,288.4567,280.6636,270.4716,266.9444,268.2981,268.5237,266.2097,264.4872,264.7991,274.7241,282.0940,269.9757,292.2455,283.8776,261.4956,256.3193,275.8827,269.1544,279.8878,265.7377,267.1370,280.7248,281.1452,279.8863,255.7473,276.4982,292.8499,264.9655,251.6632,251.7287,278.6775,260.7359,249.3979,280.6084,281.3421,277.1383,281.7570,281.7863,282.0782,259.1526,255.6428,257.7915,268.9265,266.4588,267.0997,270.6062,266.1473,263.2500,265.9428,267.0518,292.3354,292.3354,289.4178,280.7455,285.4108,258.7922,268.8891,266.4255,277.4845,278.9573,264.4643,0.0000,269.5373,273.1822,255.0128,257.3941,279.1163,278.8794,293.0442,283.1854,281.0587,241.2860,223.3459,268.5541,223.6328,242.6429,273.9637,271.4556,291.6235,304.8885,294.9433,282.0681,260.6868,260.8735,260.3868,263.5917,229.8482,268.4954,261.5553,266.2884,265.3926,281.7053,290.2357,262.0133,269.2405,270.0396,270.1300,269.1744,266.1974,269.9962,269.6167,271.0466,270.1470,269.9149,264.7673,280.9897,278.1698,278.9594,0.0000,271.3212,281.2632,271.3206,269.8078,270.4390,279.0408,277.5644,269.6112,295.8535,280.9095,266.0180,268.2850,266.8458,270.5776,277.4779,258.5169,269.0141,269.5875,264.4092,243.9971,292.8332,293.3406,299.0373,264.4156,268.6575,264.1562,267.6556,267.6705,279.9476
16.0000,270.4206,285.0715,285.8277,277.3926,268.1972,265.6560,265.3428,290.2575,286.4202,298.7879,290.7592,297.6190,286.8181,278.2369,267.8966,263.9070,278.1435,279.0710,270.0898,285.0052,270.5273,264.0753,266.9275,273.0235,265.6296,269.5669,270.0403,278.7663,300.2657,284.6783,285.5294,286.1899,300.3861,272.5778,272.0101,294.2681,286.2134,274.9155,284.2162,271.0674,283.8894,275.1795,291.4516,285.0443,305.7920,259.7586,267.5847,266.3134,262.9428,260.6978,254.7530,266.5254,272.3546,267.1429,270.0724,267.6858,281.9547,261.0560,253.3078,258.0238,265.2333,265.3979,261.3348,261.6055,268.3027,267.3700,267.7896,270.4072,266.5476,267.4479,271.8399,267.7611,262.4360,265.2707,262.1782,282.3363,281.9508,300.6633,297.9504,275.8948,279.5216,280.5968,286.2832,286.4909,286.8755,287.3452,287.0577,286.6432,286.9818,290.9582,285.4202,283.8532,283.2845,281.9074,282.3358,278.0673,281.1899,278.9628,0.0000,290.8323,293.7457,285.2133,274.4652,272.5378,270.1948,270.4635,266.7784,264.4872,264.7314,279.0685,286.6423,270.0384,297.8321,288.5327,265.5672,260.1553,280.6844,274.2892,284.4652,267.4451,266.8211,285.2557,285.6797,284.2632,257.6787,281.1188,298.6047,264.9360,253.5609,253.6270,282.7346,263.8640,253.4264,285.7729,286.0005,281.9667,286.4043,286.4308,286.7658,261.1112,259.7231,261.8919,272.5600,270.0589,266.7988,274.8789,269.2932,266.4082,266.1715,267.2898,298.4740,298.4741,295.1655,285.3218,290.2435,262.6586,271.7148,269.5584,281.6704,283.5118,264.2724,0.0000,271.6408,277.4956,255.0310,257.4190,283.6893,283.4376,298.7500,287.7877,285.4946,241.3935,223.4897,270.5311,223.7744,243.6413,278.6487,277.9502,300.9975,313.0189,300.7283,287.2906,263.9070,260.8783,260.3889,263.5307,230.1441,268.6168,265.6211,270.4364,269.6144,289.5070,299.3555,266.2548,268.6081,269.5302,269.6134,268.7601,265.7176,269.4888,269.3939,270.8404,269.6320,269.4782,264.0701,285.4202,282.3326,283.5139,0.0000,273.7928,285.8975,273.7922,273.4261,274.0714,283.3343,281.0922,271.7281,301.6766,285.5266,267.8548,270.1805,268.7284,272.9097,282.0159,255.2155,272.3047,271.7960,268.7838,244.0208,298.4645,299.0074,304.9833,264.2048,268.0308,263.9214,267.6590,267.8097,284.7712
17.0000,282.1490,297.2755,298.1986,288.8916,279.9664,273.0606,272.5995,305.9921,303.3491,315.2655,306.0041,313.8273,300.8965,295.3197,258.8077,175.5175,285.8694,284.8887,272.2323,299.0692,276.0789,270.2743,272.8548,277.9384,273.7939,277.9035,278.4047,294.6957,316.7728,296.8210,300.2596,301.4048,317.0326,283.7829,283.5402,309.8693,303.4362,286.3841,303.7104,282.8925,297.6611,289.4830,306.5875,298.9917,322.9265,257.5541,267.2678,265.9996,248.7157,259.8599,254.0435,264.7139,271.2081,265.7642,268.6021,265.9870,289.7186,260.4789,251.0123,255.0822,264.9152,265.0790,260.7609,260.9900,267.0971,266.3648,266.7022,270.0892,266.2452,267.1361,270.6210,267.3208,259.9378,264.9546,259.0970,293.5171,290.5415,317.2346,314.1283,288.4377,293.8545,286.4384,303.5100,303.6315,304.0127,304.7494,304.2960,303.6770,304.2969,306.3934,298.8534,304.1847,297.0172,293.8590,293.5163,292.4786,295.2481,294.9003,0.0000,306.0002,309.3128,304.1032,278.9428,283.3847,273.3214,273.3842,267.4580,264.4872,264.4730,0.6491,300.2402,269.0652,313.9993,302.4307,272.8636,266.5736,294.8866,284.4878,299.5078,265.7592,266.4581,304.4320,304.1102,296.0786,255.2433,299.3891,315.0396,265.0432,251.2395,251.3049,293.0590,260.4807,261.2156,300.4724,300.7995,300.6381,304.1093,304.2129,304.4012,259.0009,267.0121,269.2123,279.1227,276.5614,266.4332,286.3770,272.9746,262.9923,266.4653,266.3429,315.3304,315.3305,311.3838,299.4240,304.7735,249.0296,261.9986,260.2877,294.0246,298.0529,263.8666,0.0000,273.8723,289.1031,254.3174,256.7224,298.2295,297.5790,315.1781,301.7846,298.9393,240.7982,223.0905,272.7084,223.3667,243.5637,295.1105,289.5153,313.8306,332.4943,317.4003,302.2041,149.9898,260.2686,259.7923,263.0800,229.4858,267.5055,272.8955,278.3307,277.9377,301.7303,312.1196,274.4848,268.2797,269.2152,269.2951,268.4192,265.2349,269.1737,269.0853,270.5232,269.3148,269.1888,263.6628,298.8534,293.5135,298.0570,0.0000,284.6516,301.3824,267.2915,280.2330,281.4037,296.3753,288.0357,271.1391,318.3661,300.2543,269.8772,273.3049,270.7137,283.4869,300.6272,252.2022,269.0317,264.9482,278.2816,243.3604,314.7210,315.3301,322.0439,263.7893,267.7088,263.5028,266.9620,266.8819,299.2169
18.0000,290.8739,304.6622,305.6645,296.1201,286.8943,280.2102,279.6705,314.9374,311.2013,324.4799,314.2140,322.8366,308.6746,302.9927,264.7942,179.6405,292.3914,291.4731,277.3816,307.0613,283.0019,277.0405,279.6788,284.7977,281.0497,285.2821,285.7886,302.5136,325.9690,304.1618,307.8872,309.1261,326.3331,292.5729,292.1386,318.4481,311.2749,294.3222,311.2662,291.6855,307.8296,297.5302,314.8334,309.2844,332.5619,263.6199,272.0035,270.7153,254.3995,264.8662,258.9738,270.9978,276.2680,269.7330,274.4269,272.3242,296.4792,265.5127,256.8315,248.1330,269.5449,269.7343,265.6937,265.9386,271.8491,271.0956,271.3350,274.9162,270.9271,271.8438,275.7657,272.0625,261.2603,269.5876,264.9542,300.4257,297.3421,326.4745,323.0968,296.3333,300.7953,293.0546,311.3646,311.6249,311.9165,312.7165,312.1429,311.4930,312.2795,315.2382,306.0502,311.6755,304.2671,300.6824,300.4248,300.6554,303.5249,302.7628,0.0000,314.2213,317.8420,311.5830,285.8357,291.9965,278.7542,278.8409,272.3979,269.0978,269.0779,0.6491,307.5517,274.1365,322.9534,309.8204,280.0431,273.4203,302.8710,292.7996,307.0985,272.0708,271.0978,312.0729,311.7462,303.2887,261.1770,307.0519,324.2213,269.7694,257.0621,257.1290,299.9720,266.4075,268.1382,309.0237,308.4768,308.4750,311.9833,312.0052,312.2555,265.2060,274.0432,276.2776,285.6520,283.0310,271.0553,293.5449,279.1567,268.9759,271.2341,271.0752,325.0456,325.0457,320.7018,306.9818,312.2282,254.1284,268.6261,266.4908,301.0837,305.5622,268.5178,0.0000,278.8192,296.3393,259.2431,261.6512,305.7570,305.1071,324.2845,309.0546,306.1425,245.7288,227.8712,277.8483,228.1421,250.5375,302.8632,298.9860,326.4949,343.7119,326.7211,310.8434,153.5435,265.2495,264.7482,267.8735,234.9887,272.2150,279.9928,285.6671,285.3165,312.7074,324.5309,281.7753,273.2158,273.9843,274.0631,273.1263,269.7026,273.9419,273.8671,275.3610,274.0839,273.9929,268.2371,306.0502,300.4208,305.5665,0.0000,290.8250,309.0719,271.2534,286.7630,287.9841,303.4907,294.7550,275.9362,327.6950,307.8815,274.8735,278.7351,275.6649,289.3278,308.2271,250.8030,275.2511,268.4054,285.7318,248.0327,323.7386,324.3976,331.6290,268.4375,272.6639,268.1379,271.7302,271.6365,307.0745
19.0000,292.4835,305.0533,306.0969,296.6526,287.3836,280.9899,280.3257,316.6983,311.8184,326.4073,315.3813,324.4723,309.3711,303.7388,264.7486,179.7785,291.2988,290.8927,276.7850,307.8921,283.5289,277.5309,280.1750,285.2394,281.9144,286.2855,286.8322,303.3734,327.9465,304.5246,308.4464,309.7128,328.4553,294.2142,293.6708,319.8783,311.8663,295.4703,311.6980,293.3205,309.9796,298.8688,316.0316,311.4810,335.0387,264.0467,271.5765,270.2466,254.5007,264.9088,259.0438,271.7901,276.0708,269.3142,274.8231,273.1850,296.1673,265.4716,257.1938,248.1330,269.1228,269.3068,265.5774,265.8171,271.5558,270.7161,270.9550,274.5451,270.6277,271.6360,275.6526,271.9903,260.6856,269.1665,265.1320,300.4396,297.1229,328.4949,324.8489,297.4370,301.3675,292.4216,311.9600,312.2251,312.5559,313.3769,312.7503,312.0949,312.9124,316.9184,306.3282,312.0529,304.5919,300.6824,300.4386,302.0443,304.9222,303.5971,0.0000,315.3813,319.2395,312.0544,286.2788,293.6077,278.3370,278.4531,271.9692,268.6866,268.6558,0.6491,307.9126,274.0170,324.7021,310.2327,280.5804,274.0376,303.9762,294.3524,307.6898,272.9138,270.6476,312.5454,312.2148,303.5343,261.5372,307.7021,326.1026,269.3359,257.4202,257.4872,299.9355,266.4848,268.9632,310.5536,309.0683,309.3052,312.5701,312.5837,312.8786,265.6873,274.8612,277.0697,285.8103,283.1876,270.5977,294.0744,279.2094,269.0540,270.8535,270.6926,327.3441,327.3442,322.7161,307.4932,312.6728,254.3114,268.6606,266.5004,301.3123,306.1435,268.0571,0.0000,278.3271,296.8738,259.2988,261.6421,306.3463,305.6925,326.1079,309.3799,306.4248,246.4081,228.8806,277.2467,229.1325,254.6888,303.6732,300.8350,329.1944,347.1225,328.8591,312.4171,153.6740,265.1725,264.6756,267.5995,237.1755,271.8900,280.6525,286.5232,286.3160,314.9969,327.1720,282.6717,272.8130,273.5607,273.6386,272.6867,269.1544,273.5182,273.4811,274.9916,273.6600,273.5996,267.7356,306.3282,300.4342,306.1478,0.0000,289.0075,309.6452,269.5238,286.9012,288.1378,303.7103,294.3610,274.9802,329.7802,308.4406,274.1760,278.3076,274.9017,286.8198,308.7755,250.3371,275.0004,266.2102,286.6683,248.0241,325.5464,326.2555,334.0517,267.9755,272.2654,267.6721,271.3079,271.2342,307.8478
20.0000,291.3266,305.0893,306.1574,296.4173,287.0256,280.1088,279.4555,309.5759,311.7023,315.6641,311.8500,315.6509,309.2684,302.7554,264.2460,179.4674,290.3451,290.2854,275.8346,307.8496,283.0431,277.2782,279.8460,284.8335,280.8989,285.1743,285.7074,302.1040,321.9438,304.5472,308.3893,309.6285,322.4610,292.8373,292.3707,315.1488,311.7249,293.8337,311.4150,292.1998,309.6029,295.4402,312.4864,311.1715,328.9295,263.3117,270.6162,269.2414,253.9790,264.3408,258.5784,271.0247,275.2865,268.5015,274.0998,272.4491,295.7580,264.8581,256.5061,248.1330,268.2615,268.4164,264.9282,265.1648,270.8278,269.9126,270.1502,273.5723,269.8477,270.9342,274.8855,271.2765,259.8590,268.3056,264.4524,300.4719,296.8512,322.4991,318.3625,295.5263,301.2466,291.8183,311.8220,312.1379,312.4561,313.2916,312.6448,312.0033,312.8264,311.4804,306.2248,311.7587,304.1860,300.6824,300.4709,298.5413,301.3396,302.3542,0.0000,311.8627,314.6827,311.7842,285.8837,292.3264,277.5534,277.6988,271.1821,267.8547,267.8087,0.6491,307.8523,273.2670,318.6419,310.2333,279.6855,273.6727,303.6754,293.2543,307.5657,272.1735,269.7267,312.3386,312.0080,303.5683,260.8310,307.0422,314.6220,268.5328,256.7321,256.7990,299.8732,265.9652,267.9943,306.1146,309.0335,308.6986,312.4543,312.4762,312.8338,264.9226,273.9901,276.1970,285.3949,282.7763,269.6826,293.8452,278.6837,268.5294,270.0409,269.8888,321.8653,321.8654,317.2492,307.4555,312.8410,252.9429,268.7577,266.1577,300.9932,306.0208,267.2602,0.0000,277.3226,296.6424,258.8175,261.0744,306.2296,305.5285,317.6966,309.4229,306.3241,246.3755,229.2102,276.2975,229.4434,257.2509,302.5629,299.4525,327.8185,341.4137,322.8563,307.6902,153.4253,264.5413,264.0558,266.8421,238.5104,271.1316,279.7828,285.5024,285.2073,313.6505,325.8127,281.6996,271.7070,272.6067,272.6860,271.7360,268.2018,272.5646,272.5344,274.0144,272.7066,272.6180,266.7654,306.2248,300.4666,306.0251,0.0000,287.3904,309.5767,267.7957,286.4817,287.7063,303.5087,293.8746,273.7913,323.7639,308.3835,273.1501,277.5136,273.8251,284.5728,308.2315,249.7284,274.4561,264.1587,285.3848,247.4859,319.4700,320.2488,327.9594,267.1802,271.1884,266.8748,270.4704,270.4270,307.7277
21.0000,292.9287,305.4097,306.5053,296.8850,287.4621,280.7689,280.0623,310.8517,312.2170,317.1040,312.7659,316.9786,309.8826,303.3515,264.3668,179.5818,290.0889,290.2295,275.6193,308.8118,283.5038,277.6391,280.2498,285.2345,281.6209,285.9690,286.5039,302.8166,323.3896,304.8497,308.8636,310.1414,324.0389,294.4192,293.8454,316.2430,312.2158,294.8450,311.7702,293.8391,312.0022,296.4790,313.4428,313.6394,330.8395,263.6757,270.7825,269.3760,254.1339,264.7116,258.9159,271.5465,275.8509,268.7560,274.6053,272.9956,295.7925,265.1673,256.8672,248.1330,268.5089,268.6577,265.2370,265.4701,271.3233,270.1844,270.4377,273.8380,270.1649,271.3122,275.3296,271.6738,259.9620,268.5609,264.7721,300.4968,296.9037,323.9635,319.6801,296.4571,301.7382,291.7821,312.3159,312.6375,312.9920,313.8462,313.1630,312.5048,313.3560,312.7623,306.4155,312.0712,304.4559,300.6824,300.4957,299.6259,302.4501,303.0789,0.0000,312.7655,315.7539,312.1787,286.2867,293.8319,277.5031,277.6743,271.3135,268.0952,268.0474,0.6491,308.1002,273.6862,319.9515,310.5000,280.3442,274.0532,304.6383,294.6134,308.0728,272.6987,269.9534,312.7357,312.4153,303.7707,261.1868,307.5141,316.0394,268.7412,257.0916,257.1586,299.9119,266.1274,268.6834,307.3100,309.5325,309.1075,312.9403,312.9535,313.3266,265.2813,274.6664,276.8609,285.5899,282.9696,269.9050,294.3099,278.8464,268.6929,270.2867,270.1532,323.6992,323.6993,318.8401,307.8880,313.0844,253.0715,268.9713,266.3206,301.1927,306.5201,267.4614,0.0000,277.1254,297.1115,259.1557,261.4204,306.7365,306.0475,319.0952,309.6044,306.5175,246.6347,229.2720,276.0780,229.5148,258.8357,303.2257,301.2587,330.7123,344.7313,324.4487,308.9121,153.5359,264.8520,264.3736,267.1300,239.0793,271.5124,280.3989,286.2461,286.0002,315.9025,328.6169,282.4066,271.9184,272.7789,272.8560,271.9804,268.3960,272.7371,272.8000,274.2849,272.8777,272.7979,266.9663,306.4155,300.4909,306.5244,0.0000,286.6172,310.0600,266.9485,286.6628,287.9015,303.6840,293.8848,273.3794,325.2970,308.8577,272.8871,277.4545,273.5265,283.3096,308.6761,249.7583,274.5091,263.0509,286.1697,247.8139,320.8152,321.6225,329.8186,267.3806,271.4049,267.0755,270.7634,270.7159,308.4773
22.0000,293.5780,305.5399,306.6527,297.0183,287.5609,280.9075,280.1815,311.2676,312.4117,317.5849,313.0378,317.3922,310.1038,303.6107,264.3183,179.6116,289.8390,290.1092,275.2414,309.0917,283.6083,277.7783,280.3868,285.3139,281.7763,286.0364,286.5667,303.0983,323.8493,304.9693,309.0431,310.3457,324.5417,295.0607,294.4111,316.5391,312.3945,295.1269,311.9021,294.5105,313.1276,296.7730,313.7363,314.8058,331.4813,263.6510,270.2620,268.8512,254.0752,264.2714,258.4910,271.6884,275.4128,268.3405,274.4931,273.1632,295.7486,264.7327,256.8370,248.1330,268.0413,268.1902,264.7839,265.0105,270.9747,269.7546,270.0126,273.3548,269.7017,270.8536,274.8533,271.1135,259.5784,268.0860,264.6483,300.5078,296.8781,324.4300,320.1081,296.7260,301.9032,291.6685,312.4941,312.7671,313.2123,314.0861,313.3573,312.7004,313.5459,313.1204,306.4892,312.1812,304.5420,300.6824,300.5067,299.9038,302.7518,303.3564,0.0000,313.0297,316.0592,312.3591,286.3626,294.4016,277.1903,277.3718,270.9183,267.6499,267.5897,0.6491,308.1970,273.2159,320.3664,310.5925,280.4546,274.1431,304.8207,295.0434,308.2435,272.8720,269.4647,312.8761,312.5379,303.8509,261.1416,307.7426,316.5079,268.3091,257.0584,257.1254,299.9327,266.0602,268.8316,307.6277,309.7267,309.4410,313.1100,313.1416,313.5419,265.2605,274.8177,277.0038,285.5795,282.9593,269.4131,294.4431,278.7692,268.6251,269.8639,269.7245,324.2884,324.2885,319.3210,308.0529,313.2473,252.8014,269.1157,266.3329,301.2459,306.6878,267.0206,0.0000,276.6312,297.2460,258.7287,260.9868,306.9044,306.2189,319.6203,309.7112,306.5927,246.2494,229.1489,275.6715,229.3791,259.2642,303.5025,302.0019,332.0737,345.7882,324.9531,309.2388,153.5646,264.4079,263.9291,266.6555,239.1590,271.1140,280.5122,286.3180,286.0674,316.9227,329.9296,282.6002,271.4528,272.2592,272.3366,271.4627,267.8977,272.2178,272.3107,273.7982,272.3578,272.2849,266.4727,306.4892,300.5018,306.6921,0.0000,286.0764,310.2447,266.0972,286.6459,287.8900,303.7434,293.8221,272.8711,325.7875,309.0370,272.5111,277.1386,273.1291,282.4934,308.8551,249.4757,274.4327,261.9946,286.3593,247.4029,321.2425,322.0585,330.4385,266.9399,270.9563,266.6335,270.2963,270.2681,308.7035
23.0000,312.0038,323.7171,324.9112,314.7908,304.7545,297.5460,296.7358,330.6432,331.2231,337.2115,332.2110,336.7679,328.7962,323.6646,279.9686,190.3451,306.8206,307.1604,291.4108,327.7532,300.4657,294.2261,297.0099,302.3010,298.4371,302.9729,303.5383,322.6987,344.0059,323.0995,327.5740,328.9713,344.8243,313.5622,312.7871,335.9870,331.2198,313.2539,330.7437,313.0213,333.3520,315.0952,332.9949,335.1847,352.4195,279.2289,286.3596,284.8607,269.2199,279.9184,273.8374,287.7909,291.2572,283.9861,290.7552,289.3786,313.1263,280.5051,271.9910,248.1330,283.9176,284.0808,280.5261,280.7739,286.2488,285.6066,285.8392,289.5374,285.7226,286.9677,291.0346,287.4218,260.6632,283.9648,280.1939,318.1973,314.3347,344.6421,339.9104,315.1130,319.9732,308.8075,331.3255,331.5735,332.0509,332.9667,332.2298,331.5265,332.3965,332.6211,324.7529,330.9680,322.7712,318.4740,318.1961,318.4313,321.5362,322.9862,0.0000,332.1807,335.4763,331.3342,303.4013,312.7033,293.4893,293.6958,286.9307,283.4831,283.4313,0.6491,326.5784,289.3214,340.1917,329.1025,297.0484,290.3891,323.2658,313.0662,326.7510,289.0701,285.4510,331.7179,331.3811,321.8481,276.5472,327.3046,336.0300,284.1990,272.2239,272.2947,317.5814,281.8956,283.9435,326.7542,328.3087,329.2049,332.0016,332.0015,332.4342,280.9627,291.1259,293.4236,302.5727,299.7965,285.3942,312.0634,295.3413,284.6132,285.7764,285.5790,344.9067,344.9068,339.4574,326.4864,332.0172,268.9931,284.3115,281.9189,319.2189,325.0879,282.8535,0.0000,293.0906,315.0341,274.0866,276.4644,325.3210,324.6094,339.3759,328.1983,324.8644,261.0412,242.9733,291.9076,243.2142,275.5763,323.3173,321.0854,353.5018,368.5428,345.2674,328.4764,162.7469,280.1427,279.6184,282.4902,253.8164,286.8206,297.0938,303.2613,303.0056,337.2822,351.2158,299.3067,287.6355,288.4718,288.5509,287.6007,283.7855,288.4274,288.4560,290.0077,288.5747,288.4980,282.2866,324.7529,318.1910,325.0925,0.0000,302.6551,328.8728,281.2079,303.7039,305.0346,321.8423,311.0887,288.7248,346.1268,327.5676,288.5272,293.4263,289.1646,298.6896,328.1463,250.1735,290.6343,276.6584,303.5441,262.0748,341.1512,342.0449,351.2770,282.7725,287.0839,282.4390,286.2430,286.1520,327.3072
24.0000,294.0616,305.6251,306.7570,297.1126,287.5905,280.8021,280.0505,312.7726,312.7213,318.8555,313.8757,318.3586,310.0784,305.6117,264.1067,179.5580,289.4407,289.8295,274.4300,309.2535,283.5254,277.5428,280.2107,285.2664,281.6628,286.0017,286.5407,304.7480,325.2149,305.0393,309.2605,310.5748,325.9915,295.6405,294.9338,317.5285,312.7208,295.6992,312.2715,294.9863,313.4423,297.8140,314.6267,315.1059,333.1867,263.2169,269.8643,268.4568,253.8859,263.8380,258.1282,271.3190,274.8794,267.7635,274.0558,272.8146,295.4998,264.3515,256.4213,248.1330,267.5485,267.7146,264.3835,264.6130,270.4675,269.1949,269.4556,272.8427,269.2590,270.4327,274.3662,270.9178,258.9229,267.5930,264.1730,300.4099,296.7027,325.8250,321.3094,297.5893,302.0537,291.4003,312.8211,313.0546,313.5066,314.3759,313.6770,313.0133,313.8354,314.6583,306.6646,312.4811,304.7490,300.6824,300.4088,301.0258,304.0233,305.0386,0.0000,313.8461,317.0294,312.8410,286.3109,294.9097,276.5015,276.7280,270.3294,267.1303,267.0847,0.6491,308.3967,272.7363,321.5700,310.7940,280.3563,273.8705,304.7440,295.4072,308.4619,272.5154,268.9920,313.1991,312.8995,303.8440,260.7082,309.0252,317.7260,267.7498,256.6407,256.7075,299.8204,265.8712,267.9838,309.2163,309.9618,310.7697,313.4627,313.4666,313.8826,264.8236,274.6939,276.8912,285.5116,282.8918,268.9304,294.5397,278.5724,268.4341,269.3206,269.1647,326.0845,326.0846,321.0206,308.2344,313.6362,252.7135,268.9055,266.1385,301.3700,306.8825,266.4519,0.0000,275.9501,297.3436,258.3612,260.5944,307.0896,306.3528,320.8595,309.9916,306.7711,246.2290,229.3467,274.8825,229.5656,261.0544,305.3126,302.6237,332.4746,348.3542,326.4081,310.8641,153.5497,264.0168,263.5354,266.2200,240.0150,270.5908,280.3863,286.2407,286.0316,317.5664,330.3957,282.4521,271.2002,271.8504,271.9268,271.0146,267.4027,271.8087,271.8144,273.2858,271.9482,271.8931,266.0436,306.6646,300.4040,306.8868,0.0000,285.3120,310.4937,264.4317,286.5789,287.8392,303.8752,293.5588,271.7774,327.2442,309.2544,271.6901,276.4275,272.2830,281.3828,309.8281,249.0035,274.1949,259.9884,286.5388,247.0309,322.4876,323.3393,332.1039,266.3713,270.6552,266.0601,269.7261,269.6899,308.8061
25.0000,312.6496,305.6321,306.7678,297.1648,287.6453,282.0938,280.6583,313.2067,312.6842,319.1004,314.1647,318.3878,310.0033,305.2464,263.6500,179.3169,288.9202,289.4209,274.0839,309.1577,283.8674,277.0698,280.0213,285.4271,283.3274,287.8404,288.5497,304.4169,325.7157,305.0445,309.2537,310.5879,326.4626,310.6660,308.9343,317.7864,312.6764,299.6676,312.2188,313.5930,332.3994,298.6851,314.9919,334.0944,333.7482,262.4878,269.8675,268.4918,253.4810,263.2901,257.5407,270.3946,274.3671,267.9612,273.2307,271.8479,295.1960,263.7887,255.7958,255.4828,267.3183,267.4891,263.9054,264.1348,270.1018,268.9744,269.2900,272.6748,268.9795,270.1007,273.9271,270.6767,260.4968,267.3628,263.6841,300.3954,296.4524,326.3633,321.6717,299.7024,302.0472,290.9748,312.7757,313.0056,313.4737,314.3434,313.6463,312.9865,313.7949,315.2295,306.6194,312.4403,304.7236,300.6824,300.3943,302.0673,305.2113,303.3057,0.0000,314.0784,317.2933,312.7784,286.4909,307.5330,276.1619,276.4055,270.0387,266.8842,266.8463,0.6491,308.3450,272.3199,321.9462,310.7336,280.5669,273.6948,304.3019,303.3295,308.4496,271.5017,268.8297,313.1596,312.8469,303.8329,260.0593,308.7968,317.9357,267.4712,256.0168,256.0835,299.6955,265.5626,269.5675,310.1076,309.9534,310.5303,313.4118,313.4382,313.8632,264.0020,275.9261,278.1521,285.4199,282.8009,268.7792,294.5890,278.3291,268.1227,269.0735,268.9419,326.3427,326.3428,321.4213,308.2305,313.4198,253.0215,267.9046,265.5267,301.3350,306.8757,266.1672,0.0000,275.8430,297.3933,257.7849,260.0679,307.0760,306.3418,321.1643,309.8696,306.7245,245.3284,228.4082,274.5802,228.6314,258.5791,304.9658,317.6944,347.3532,348.2805,326.8722,311.6598,153.3689,263.4959,263.0265,265.8688,238.6159,270.3476,280.9952,287.4813,287.8527,332.6879,345.3300,284.0992,270.9581,271.8497,271.9350,270.9214,267.2437,271.8066,271.6609,273.0980,271.9539,271.8471,265.9132,306.6195,300.3897,306.8800,0.0000,284.5947,310.4803,263.7775,286.4636,287.7077,303.8545,293.1947,271.3184,327.7468,309.2476,271.3240,276.0776,271.8935,280.4797,309.6596,252.2993,273.7560,259.2181,288.3395,246.5318,322.8944,323.7788,332.6498,266.0846,270.4069,265.7756,269.4889,269.4658,308.6902
26.0000,311.7780,305.4315,306.5457,297.1066,287.6313,281.5066,280.1403,311.5260,312.6093,317.4159,313.2351,316.8847,309.7399,305.3581,263.2187,179.0805,288.2390,288.8708,273.3326,308.7412,283.5587,276.8845,279.8070,285.1738,282.6409,287.0395,287.7080,304.2555,324.1777,304.8524,309.1740,310.4803,324.7218,309.7087,308.0562,316.6136,312.5921,298.9471,312.1353,312.7233,331.5705,297.7345,314.0137,333.2692,331.8119,261.3617,269.0377,267.6704,253.0978,262.0588,256.2700,268.8705,273.2764,267.1543,271.8583,270.2548,294.7497,262.5664,254.7628,254.6533,266.5192,266.6808,262.7718,262.9965,269.0468,268.1658,268.4737,271.7846,268.1529,269.2584,272.7936,269.8885,259.7413,266.5636,262.8492,300.2478,296.0723,324.8165,320.2379,299.0468,302.8852,290.3729,312.6896,312.9215,313.3936,314.2536,313.5480,312.8969,313.7064,313.8297,306.5406,312.3543,304.5640,300.6824,300.2469,301.1591,304.2316,303.1274,0.0000,313.1662,316.1621,312.6542,286.1937,306.5362,275.5113,275.7763,269.3433,266.1052,266.0602,0.6491,308.2395,271.1938,320.5334,310.6172,280.1966,273.3829,303.7862,302.2479,308.4856,269.8915,268.0070,313.0569,312.7376,303.6425,259.0166,308.7646,316.2854,266.7387,254.9880,255.0544,299.4594,265.1920,268.5912,308.9436,309.8660,310.2738,313.3108,313.3433,313.7728,262.7958,275.3450,277.5704,285.3056,282.9271,267.9617,294.5354,277.9662,267.7484,268.2834,268.1385,324.5393,324.5393,319.7900,308.1236,313.4123,252.2976,267.5673,265.0894,301.2023,306.9437,265.4565,0.0000,274.9482,297.3391,256.5271,258.8637,307.1282,306.3538,319.5291,309.8554,306.6450,243.7142,226.5295,273.7962,226.7709,253.8453,304.9291,316.5566,345.7445,345.6947,325.1059,310.4304,153.1922,262.3177,261.8546,264.8998,235.6338,269.4287,280.4845,286.7925,287.0552,331.2563,343.7367,283.3745,270.0043,271.0102,271.0964,270.0872,266.4353,270.9673,270.7860,272.2028,271.1146,270.9822,265.1558,306.5406,300.2432,306.9480,0.0000,283.7227,310.3974,262.7683,286.2931,287.4921,303.7566,292.6836,270.4669,326.0992,309.1679,270.5578,275.4186,271.0960,279.4278,309.6479,251.5288,273.2789,258.1154,287.6622,245.3903,321.4475,322.3096,330.7407,265.3763,269.4775,265.0662,268.7015,268.6639,308.3834
27.0000,310.8306,304.2671,305.3619,295.9641,286.5836,280.5582,279.1510,309.2171,311.3123,314.8690,311.3983,314.2459,308.4628,303.5285,262.0166,178.2787,286.8369,287.5970,271.6269,307.7374,282.4587,275.7681,278.6848,284.0345,281.7251,286.2386,286.9267,302.5132,321.9610,303.7017,307.9355,309.2080,322.4527,308.5916,306.9850,314.5579,311.2864,297.6848,310.8308,311.8070,331.2946,296.0148,312.1468,333.0512,329.4458,260.0452,267.1657,265.7967,251.9922,260.2896,254.4533,267.3169,271.8548,265.6496,270.2211,268.6527,293.5398,260.8511,253.4461,253.4679,264.8802,265.0370,261.0575,261.2848,267.6014,266.5699,266.8945,270.1580,266.4969,267.6064,271.0998,268.1583,258.5337,264.9257,261.5161,299.2369,294.9242,322.5978,318.0308,297.6174,302.0529,289.0921,311.3820,311.6171,312.0878,312.9348,312.2650,311.5998,312.3930,311.6998,305.3771,311.0724,303.3305,299.6778,299.2361,299.4659,302.4717,301.3476,0.0000,311.3357,314.1539,311.3429,285.0593,305.4310,273.9032,274.1943,267.7328,264.4872,264.4335,0.6491,307.0432,269.4887,318.3526,309.4407,279.1283,272.3575,302.9424,301.1550,307.2903,268.2996,266.3117,311.7438,311.3959,302.5505,257.6976,307.1564,313.7323,265.1169,253.6721,253.7381,298.3927,263.9690,268.0429,307.0018,308.6043,308.6114,311.9959,312.0302,312.4267,261.5172,274.4817,276.6625,283.9625,281.3570,266.2606,293.4035,276.6406,266.5138,266.6753,266.5419,322.1471,322.1471,317.4910,306.9065,312.1399,251.9951,265.7068,263.6915,300.0107,305.7771,263.8316,0.0000,272.8938,296.1965,254.7216,257.1187,305.9592,305.1783,317.1596,308.6484,305.4794,241.3937,223.9291,272.0329,224.1912,248.4184,303.1445,315.3850,344.3593,342.4873,322.8295,308.4313,152.5128,260.6050,260.1309,263.2232,231.6620,267.8917,279.4926,285.8786,286.2515,329.9406,342.3520,282.4800,268.1871,269.1226,269.2147,268.2908,264.7585,269.0813,269.1346,270.5923,269.2307,269.0110,263.5897,305.3771,299.2327,305.7813,0.0000,282.1705,309.1396,260.9928,284.9893,286.1903,302.6090,291.4435,268.7256,323.8365,307.9296,268.8586,273.7992,269.3744,277.7341,308.1489,250.3542,272.0486,256.3200,286.5923,243.7361,319.2551,320.1161,328.3889,263.7505,267.6428,263.4442,267.0668,267.0566,307.2670
28.0000,315.1175,305.5574,306.6532,297.6461,288.3219,283.1132,281.5493,318.8122,312.9229,328.2420,316.9458,325.5412,310.3636,306.2248,263.3741,179.2998,287.8204,288.6843,273.2285,309.3823,284.4128,277.5453,280.5125,285.8132,284.5074,289.1893,289.9412,305.7261,330.4409,304.9869,309.4789,310.8051,331.0350,312.9905,311.1725,321.5364,312.9001,301.5008,312.4987,316.1190,336.1140,301.5837,317.7458,337.9163,338.3390,262.1136,269.8373,268.5104,253.4693,262.5961,256.7431,269.7298,274.2107,267.7905,272.6028,271.1323,294.6537,263.2471,255.4335,255.8752,267.0348,267.2307,263.3761,263.6135,269.8259,268.6131,268.9611,272.5680,268.6400,269.6913,273.4415,270.4288,260.9608,267.0816,263.4348,300.2201,295.9801,331.0741,326.9402,301.6149,303.6554,290.1621,312.9932,313.1602,313.6834,314.5155,313.8785,313.2091,313.9550,319.5481,306.6969,312.7139,305.0160,300.6824,300.2191,305.1534,308.2897,304.5688,0.0000,316.8612,320.9132,313.0369,286.8306,309.5880,275.4436,275.7506,269.5788,266.5695,266.5490,0.6491,308.3799,271.8147,326.8162,310.7343,281.4092,274.3757,304.9208,304.8732,308.9165,270.7992,268.6622,313.3824,313.0393,303.7338,259.7110,309.4634,327.8148,267.1039,255.6581,255.7247,299.4066,265.4951,270.6902,313.7774,310.1597,311.1884,313.5737,313.6526,314.0531,263.6255,276.9903,279.1858,285.5091,282.8894,268.6154,295.0674,278.2170,268.0544,268.7185,268.5771,330.4244,330.4245,325.5745,308.3871,313.3366,254.3784,266.4476,264.8919,301.5272,307.3989,265.8013,0.0000,274.7237,297.8762,257.0094,259.4135,307.5925,306.8980,328.1248,309.8574,306.8003,243.9026,226.2587,273.6869,226.5233,251.7676,306.1252,320.0390,350.3014,351.7163,331.4320,315.5217,153.3757,262.9604,262.4612,265.4600,234.2764,270.0307,281.8975,288.6190,289.1963,335.1732,348.1889,285.2867,270.6873,271.8064,271.8958,270.8783,267.1136,271.7621,271.5426,273.0112,271.9136,271.7806,265.9966,306.6969,300.2151,307.4031,0.0000,282.9954,310.7047,262.5016,286.5261,287.7542,303.9971,292.5630,270.3243,332.4134,309.4728,270.4441,275.3265,270.9447,278.4095,310.1992,252.7159,273.3046,257.7749,289.7378,245.9115,327.7558,328.5574,337.2357,265.7198,270.1403,265.4124,269.0974,269.0985,309.0119
29.0000,315.4080,305.6396,306.7311,297.7470,288.4334,283.0936,281.5140,319.2036,313.2051,328.5210,317.0803,325.7356,310.7510,306.3758,262.9026,179.0838,287.1904,288.1203,271.7230,309.6939,284.3221,277.3822,280.3780,285.7147,284.5158,289.2057,289.9652,305.8650,330.5328,305.0680,309.6807,311.0387,331.1162,313.2946,311.4257,321.7014,313.1789,301.6067,312.6544,316.4168,336.5617,301.6960,317.9073,338.3776,338.4038,261.2613,267.6700,266.3586,253.0278,260.7524,255.0173,268.8864,272.0246,265.3869,271.1960,270.2594,294.2500,261.3723,254.6053,248.1330,264.9108,265.1102,261.4496,261.6704,267.6450,266.4299,266.7432,270.2656,266.5111,267.5544,271.3512,268.4015,257.8551,264.9560,262.5568,300.2093,295.7064,331.1589,327.0867,301.7323,303.8570,289.4419,313.2785,313.4871,313.9823,314.8392,314.0778,313.4335,314.2820,319.8849,306.7290,312.8296,305.0637,300.6824,300.2083,305.2592,308.4748,304.7177,0.0000,316.9963,321.0677,313.2381,286.7298,309.8405,273.9714,274.2952,267.2143,264.4872,264.4372,0.6491,308.4263,269.7269,326.9533,310.7609,281.3678,274.2000,305.8024,305.0166,309.1333,269.9187,266.5072,313.5567,313.2411,303.7898,258.8627,309.6655,328.0803,264.3573,254.8283,254.8946,299.3114,264.9771,270.6981,314.0562,310.3759,311.5899,313.8807,313.8665,314.2987,262.7654,276.9665,279.1641,285.2101,282.5929,266.4561,295.1717,277.6316,267.5315,266.6585,266.4026,330.9961,330.9962,326.0383,308.5595,313.4515,254.2503,265.8568,264.4099,301.5136,307.6035,263.1292,0.0000,273.0333,297.9815,255.2666,257.5794,307.8066,307.1373,328.3483,309.9093,306.8344,242.6096,225.3635,272.1515,225.6109,252.8170,306.2663,320.4235,351.0566,352.7268,331.5126,315.8235,153.2324,261.0596,260.5689,263.4332,234.1873,267.8180,281.8580,288.5802,289.2105,335.6951,348.9110,285.3242,268.6016,269.6151,269.7031,268.6750,264.9852,269.5714,269.2922,270.6814,269.7213,269.5879,263.9408,306.7290,300.2043,307.6077,0.0000,282.3003,310.9140,261.0178,286.2104,287.4408,304.0329,292.0664,268.8177,332.4845,309.6745,268.9666,273.8458,269.4415,277.6531,310.3531,248.2907,272.7965,256.3051,289.7785,244.1728,327.8823,328.6699,337.3030,263.0496,268.0467,262.7475,266.6395,266.8339,309.4145
30.0000,314.7199,305.5560,306.6417,297.6078,288.2821,282.8050,281.2365,318.9323,313.0931,328.1732,316.9144,325.4295,310.6294,306.1764,262.7776,178.9905,286.9311,287.8941,271.6757,309.5161,284.1138,277.1494,280.1576,285.5431,284.2045,288.8645,289.6316,305.6168,330.2219,304.9873,309.5734,310.9249,330.8039,312.7329,310.8511,321.4834,313.0728,301.1932,312.5750,315.7003,335.2633,301.3884,317.7400,337.0267,338.0629,261.1765,267.7477,266.4273,252.8815,261.0097,255.3239,268.8846,272.2462,265.5370,271.3808,270.2727,294.1314,261.5872,254.5253,248.1330,264.9443,265.1382,261.6423,261.8630,267.9483,266.4414,266.7828,270.2366,266.5664,267.6269,271.4609,268.4764,258.4491,264.9873,262.4579,300.1924,295.2780,330.8430,326.7966,301.3567,303.7392,289.1937,313.1721,313.3818,313.8689,314.7254,313.9553,313.3204,314.1724,319.4385,306.7048,312.7609,305.0025,300.6824,300.1915,304.8528,308.0111,304.4770,0.0000,316.8245,320.8540,313.1625,286.5544,309.3490,273.8828,274.2129,267.1751,264.4872,264.4611,0.6491,308.3948,269.8403,326.6709,310.7446,281.0449,273.9094,305.5877,304.6699,309.0134,269.9399,266.5631,313.4737,313.1640,303.7334,258.7797,309.4977,327.7395,264.3349,254.7478,254.8142,299.1633,264.8556,270.4018,313.4465,310.2661,311.3338,313.7791,313.7610,314.1934,262.6787,276.6739,278.8752,285.1191,282.5028,266.5174,295.0344,277.5277,267.4090,266.6586,266.4117,330.6500,330.6501,325.6616,308.4587,313.4500,253.5014,266.1958,264.4183,301.4624,307.4843,263.0966,0.0000,273.0977,297.8430,255.5613,257.8147,307.6889,307.0098,328.0038,309.9042,306.8101,243.2706,226.4418,272.1442,226.6659,256.8094,306.0386,319.9337,350.8012,352.6971,331.1997,315.2201,153.1576,261.2620,260.7787,263.5538,236.4948,267.9474,281.5715,288.2477,288.8691,335.4122,348.6558,285.0186,268.5725,269.6979,269.7876,268.7454,265.0873,269.6538,269.2945,270.6503,269.8051,269.6542,264.0491,306.7049,300.1877,307.4885,0.0000,282.0799,310.8048,261.0382,286.1255,287.3541,303.9965,291.9071,268.8013,332.1544,309.5673,268.9566,273.7516,269.3917,277.4695,310.2293,248.7006,272.6324,256.3474,289.4480,244.3959,327.5921,328.3742,336.9666,263.0161,267.9954,262.7192,266.5975,266.8236,309.2604
31.0000,314.5897,305.5356,306.6227,297.5375,288.2146,282.7274,281.1892,318.9814,313.0338,328.0629,316.8733,325.0788,310.5506,306.6792,263.0202,179.0805,287.7549,288.4891,271.6853,309.4185,284.1303,277.2355,280.2256,285.5632,284.0821,288.7379,289.4704,305.9782,330.3508,304.9671,309.5171,310.9049,330.9485,312.5838,310.7466,321.4365,313.0270,301.1965,312.5836,315.5619,334.9553,301.4269,317.6623,336.7034,338.3311,261.3326,267.9577,266.6623,253.0174,261.1371,255.4607,269.0464,272.3625,265.8097,271.5528,270.4316,294.5241,261.6839,254.6584,248.1330,264.9906,265.2301,261.7249,261.9383,268.0565,266.5188,266.8853,270.3919,266.6303,267.6706,271.5808,268.5311,259.3659,265.0322,262.5820,300.2066,295.8762,330.9960,326.8196,301.4179,303.2937,289.8546,313.1258,313.3284,313.8058,314.6607,313.9029,313.2747,314.1133,319.4117,306.6785,312.7647,305.0136,300.6824,300.2057,304.9398,308.0088,304.8570,0.0000,316.7952,320.8228,313.1504,286.5691,309.2249,273.8907,274.2282,267.2636,264.4872,264.4866,0.6491,308.3641,269.9637,326.7074,310.6981,281.1519,273.9674,305.5941,304.5918,308.9012,270.0717,266.7042,313.4594,313.1391,303.7241,258.9229,309.7701,327.5907,264.4467,254.8814,254.9478,299.3713,264.9697,269.9606,313.3528,310.2114,311.5696,313.7370,313.7278,314.1684,262.8582,276.6072,278.8027,285.2920,282.9138,266.6416,294.9629,277.6261,267.5241,266.7116,266.4816,330.8289,330.8290,325.7435,308.4111,313.2712,254.3151,266.0777,264.5874,301.4850,307.3578,263.2174,0.0000,273.1435,297.7708,255.6951,257.9347,307.5629,306.8954,327.9560,309.8053,306.7829,243.5422,226.8284,272.1382,227.0458,258.4664,306.4661,319.7039,350.2944,353.5948,331.3500,315.1246,153.2210,261.3532,260.8729,263.6088,237.2621,268.0595,281.5404,288.1763,288.7448,335.1005,348.1798,284.8743,268.8558,269.9040,269.9892,268.8892,265.2919,269.8592,269.4354,270.7871,270.0080,269.8759,264.5978,306.6785,300.2018,307.3620,0.0000,282.9991,310.7519,261.2234,286.2492,287.4633,303.9981,292.3987,268.8804,332.2906,309.5109,269.0082,273.7548,269.3995,278.4783,310.4204,249.3598,273.0108,256.5956,289.3805,244.5096,327.6509,328.4580,337.2159,263.1400,268.2738,262.8474,266.7466,266.9166,309.2122
32.0000,314.1226,305.4427,306.5176,297.4192,288.1003,282.5495,281.0268,318.4569,312.8988,327.4520,316.4794,324.5311,310.3538,306.4030,262.9872,179.0364,287.7506,288.4626,271.6146,309.1516,284.0396,277.2460,280.2021,285.4739,283.8687,288.4989,289.2204,305.6551,329.6269,304.8812,309.3830,310.7474,330.2460,312.0918,310.3018,320.9805,312.8937,300.8538,312.4716,315.0873,334.3276,300.7927,317.2643,336.0618,337.6782,261.4753,268.2896,267.0150,252.9688,261.0953,255.3930,269.4479,272.4777,266.0370,271.8128,270.9089,294.4772,261.7302,254.7802,248.1330,265.1005,265.3784,261.7717,261.9916,268.2697,266.4836,266.8981,270.6425,266.7867,267.8284,271.5903,268.9867,260.4446,265.1407,262.5953,300.1936,295.8323,330.2368,326.2021,301.0550,303.1621,289.8360,312.9915,313.1854,313.6767,314.5352,313.7546,313.1376,313.9802,318.8811,306.6549,312.6656,304.9309,300.6824,300.1927,304.3492,307.4784,304.5376,0.0000,316.4122,320.3661,313.0302,286.4825,308.7925,273.7848,274.1252,267.0315,264.5213,264.5690,0.6491,308.3283,269.9698,326.0923,310.6671,281.0246,273.9697,305.3347,304.2752,308.7680,270.5598,266.9292,313.3437,313.0209,303.6575,259.0360,309.5487,326.9896,264.1557,255.0003,255.0667,299.3418,264.9113,269.7580,312.8092,310.0688,311.2741,313.6017,313.5979,314.0452,263.0149,276.4416,278.6309,285.2269,282.8491,266.8551,294.8451,277.5600,267.4653,266.7268,266.4420,330.2712,330.2713,325.2098,308.2887,313.3991,254.2495,266.1027,264.5802,301.4231,307.2245,262.9949,0.0000,273.0573,297.6518,255.6343,257.9182,307.4261,306.7382,327.3064,309.8648,306.7598,243.3447,226.6626,272.0702,226.8788,258.3288,306.1576,319.1043,349.2350,352.6417,330.6486,314.5812,153.1778,261.3969,260.9043,263.6930,237.0436,268.1398,281.3836,287.9800,288.5070,334.2040,347.1398,284.6270,269.0710,270.2239,270.3072,269.1547,265.5916,270.1781,269.6588,271.0782,270.3266,270.1751,265.2995,306.6549,300.1889,307.2288,0.0000,283.0935,310.6168,261.2915,286.1855,287.3975,303.9506,292.3373,268.8538,331.5746,309.3768,268.9599,273.6455,269.3351,278.6657,310.2477,250.6336,272.9805,256.7200,289.1225,244.4940,327.0080,327.7895,336.5552,262.9232,268.4787,262.6459,266.5923,266.8418,308.9936
33.0000,313.1883,304.4264,305.4863,294.9001,285.3926,281.3597,279.8371,318.4024,311.0664,327.2982,316.6084,324.3209,307.9743,305.7823,263.5299,179.3302,287.9245,288.6251,274.0853,307.3331,283.0181,276.3208,279.2374,284.4963,282.6100,287.1546,287.8817,305.1178,329.7335,303.8773,307.2773,308.6259,330.4525,311.1641,309.3735,320.9968,311.3380,299.9794,311.8493,314.1530,333.3948,300.8097,317.3826,335.1292,338.0549,263.8087,273.4436,272.0485,253.6454,265.6100,259.8494,272.2471,277.3623,271.3672,275.8229,273.8487,294.5164,266.3510,257.0012,258.7674,269.8665,270.1670,266.4030,266.6308,273.2730,270.8513,271.4291,275.7302,271.9479,273.2366,276.2008,274.4744,268.8524,269.9072,264.7324,299.8943,295.7656,330.3459,326.2226,300.3356,300.0977,290.0176,311.4358,311.6293,311.8290,312.7274,312.1647,311.5309,312.3046,318.7796,306.8717,312.2605,305.1913,300.6824,299.8935,304.1855,307.2100,303.9895,0.0000,316.5075,320.4037,312.2977,285.6339,307.8031,276.2229,276.5635,270.7326,269.1301,269.2941,0.6491,308.5128,274.5837,326.1328,310.8943,279.7864,273.0287,302.9631,303.1615,305.6599,273.5436,271.9928,312.5097,312.1588,302.9207,261.3005,308.9517,326.8265,268.3967,257.2211,257.2880,299.1229,265.8428,267.8682,312.6183,307.9573,310.7656,312.2377,312.2482,312.6639,265.4188,275.2382,277.4410,285.8290,283.4463,271.9154,292.3189,278.6972,268.4056,271.0871,270.7832,330.0654,330.0655,325.0491,306.4500,313.5098,255.3012,266.4150,265.0753,302.2047,303.7965,267.4318,0.0000,275.6994,295.1016,260.0936,262.4166,304.0424,303.3742,327.1911,310.1571,306.9741,247.5553,230.5197,274.5574,230.7431,262.4633,305.6092,318.1506,348.1899,352.3330,330.8650,314.4162,153.3380,266.0111,265.5036,268.3966,240.9190,272.8374,280.1913,286.7214,287.1658,333.2020,346.1073,283.4066,274.0217,275.4497,275.5340,274.3598,270.9077,275.4006,274.7501,276.1774,275.5543,275.3761,270.7180,306.8717,299.8909,303.8040,0.0000,283.3608,308.6751,263.7927,286.9364,288.2533,304.0830,292.4217,271.3407,331.7320,307.2708,271.4383,276.0816,271.7988,279.0212,309.6264,262.0177,273.3803,259.2291,288.0247,248.7583,327.0635,327.8660,336.9064,267.3715,273.4059,267.1770,271.0056,271.2414,306.8521
34.0000,312.1631,304.2015,305.2299,294.7516,285.3345,281.3971,279.9534,317.0414,310.7447,325.7599,315.7398,322.9341,307.5622,305.3174,263.5836,179.3934,287.2434,288.0768,275.5555,306.4777,283.0181,276.3622,279.2703,284.4897,282.6734,287.1507,287.8653,304.6780,328.2897,303.6713,306.9983,308.3229,328.9184,310.0951,308.4419,319.9212,311.0231,299.5084,311.6139,313.1050,331.8815,300.0001,316.4801,333.5739,336.3002,264.5390,276.7090,275.2087,253.9174,267.9684,262.1623,272.9749,279.7726,274.8447,277.2098,274.5868,294.0627,268.8880,257.7791,268.0966,272.9386,273.2567,269.0061,269.2294,275.6635,273.5288,274.2080,278.9595,275.3489,276.8422,278.5764,277.7625,275.0861,272.9793,265.6325,299.8507,295.3963,328.8772,324.8966,299.8583,299.5543,289.2585,311.1178,311.3057,311.4938,312.3771,311.8280,311.2128,311.9660,317.5417,306.6621,312.0564,304.9827,300.6824,299.8500,303.3636,306.3547,303.5605,0.0000,315.6485,319.3584,312.0609,285.6085,306.8885,277.6898,278.0306,273.0682,272.1415,272.3486,0.6491,308.2358,277.0219,324.8235,310.5360,279.8969,272.9875,302.1934,302.5408,305.4074,274.3014,275.3678,312.2569,311.9132,302.7574,262.0794,308.5051,325.3124,271.0828,258.0008,258.0680,298.9557,266.2326,268.6218,311.5898,307.6569,309.9823,311.9208,311.9438,312.3520,266.0830,275.2504,277.4677,286.0154,283.6313,275.2925,292.1685,279.1807,268.7992,273.8820,273.4436,328.1528,328.1529,323.4578,306.1888,313.1689,255.5330,266.4656,265.1289,302.0597,303.5669,270.5007,0.0000,277.2096,294.9497,262.4180,264.8037,303.8013,303.1396,325.7230,309.9082,306.7617,249.4442,232.2700,276.0313,232.4954,263.3533,305.1642,316.6655,344.2834,349.8246,329.3275,313.3283,153.3567,268.5664,268.0403,271.2312,242.5394,275.4757,280.2920,286.7391,287.1620,330.6779,342.4247,283.4392,277.3054,278.7816,278.8668,277.7147,274.7602,278.7305,278.0338,279.4074,278.8868,278.6908,274.3687,306.6621,299.8479,303.5741,0.0000,282.6470,308.3833,265.3056,287.1367,288.4398,303.9364,291.8883,272.8128,330.2246,306.9920,272.9281,277.5483,273.2735,278.2767,309.3061,271.4690,273.2042,260.7659,287.9273,251.0211,325.7183,326.4943,335.1864,270.4691,276.6469,270.3914,273.8948,273.9882,306.2815
35.0000,312.7882,304.5576,305.5251,295.4856,285.0984,285.4111,283.9778,315.0239,305.7578,323.7921,313.7921,321.1363,305.9039,300.2119,284.9644,280.8188,295.8552,296.7538,282.3979,305.6617,289.2084,281.5906,284.9062,291.4339,285.8627,290.5645,291.3295,300.7552,326.2918,304.0392,304.8019,305.6728,326.9872,311.1973,309.1665,318.0592,305.4252,300.0908,303.9965,313.7006,331.8716,298.0548,314.7193,333.5093,334.4001,277.7314,286.5675,285.0994,279.5145,278.3598,272.2438,286.2077,290.5536,285.4650,289.2596,287.7736,300.1607,279.0421,270.6602,280.9084,282.3551,282.7092,279.0430,279.3444,286.1472,283.7498,284.5358,288.6926,284.6787,286.0879,289.5074,287.1965,286.7236,282.3973,279.4556,300.8820,300.3395,326.8652,322.9433,299.3333,297.9529,297.9965,305.5176,305.6985,306.3273,306.9739,306.8471,306.4100,306.4214,315.5757,305.5038,303.6143,303.1494,300.6824,300.8813,301.2438,304.6756,299.6468,0.0000,313.7276,317.4449,305.2045,293.0783,308.4436,284.5542,284.8997,281.4175,281.1960,281.6485,298.4975,307.0324,287.6699,322.8554,309.2415,283.8164,277.9158,301.0513,305.0002,302.8560,287.3660,285.1210,305.1610,305.6376,303.3635,275.3076,302.2608,323.3717,279.6628,270.9160,270.9865,301.3390,280.6368,270.9510,309.7948,305.4487,303.7142,305.9786,306.3714,306.9801,279.3837,279.1745,281.4250,290.7904,288.3663,285.0665,292.7958,286.4747,283.3421,282.8508,283.5906,325.5786,325.5787,321.1466,304.6147,311.7141,279.4995,289.7894,287.1377,301.4137,301.6266,279.7421,0.0000,284.0458,295.5831,272.4993,274.8951,301.8635,301.3834,323.7094,308.5974,305.6009,259.2187,241.4218,282.8842,241.6534,274.1947,300.6752,317.2154,342.1012,346.7213,327.4034,311.4880,280.8188,278.6830,278.1157,280.9715,252.3083,285.9001,284.3338,290.5458,290.5884,330.0846,340.5161,286.5568,286.9645,288.6930,288.7842,287.5771,284.8813,288.6386,287.8053,289.1614,288.8046,288.5644,284.1950,305.5038,300.8778,301.6310,0.0000,291.2590,305.3329,272.0644,291.6577,292.4388,302.8909,299.0998,279.6333,328.2324,304.7979,279.6935,284.4100,280.0775,286.8879,302.6071,284.4547,289.6150,267.4862,289.9887,260.5873,323.7422,324.5195,333.2824,279.7316,286.2736,279.7115,283.6817,284.1218,304.6534
36.0000,312.0467,304.2865,305.2408,295.3274,284.9879,285.5626,284.1479,313.0503,305.5248,321.1512,312.0819,318.2211,305.5116,299.2464,284.8700,280.7927,295.6282,296.5290,282.9737,305.6530,289.0593,281.0716,284.5435,291.2899,286.1273,290.9849,291.7828,299.8556,324.0575,303.7768,304.5836,305.4846,324.7544,310.5230,308.5462,316.2009,305.1790,299.7258,303.7227,312.9267,330.4373,297.4778,312.7310,332.0153,332.1149,276.2453,287.9663,286.5942,279.4671,279.6207,273.6642,281.9839,290.9314,286.4182,288.0573,284.0916,299.9528,280.5983,269.3136,282.7151,283.4932,283.8775,280.4792,280.8363,286.2488,284.6396,285.4237,290.0096,285.6739,286.9462,290.4184,288.8496,287.9362,283.5353,279.0055,300.8378,300.1795,324.6010,320.7727,298.8064,297.7820,297.6814,305.2704,305.4612,306.1133,306.7704,306.6219,306.1753,306.2025,314.0014,305.2851,303.3676,302.8755,300.6824,300.8372,300.7218,303.7198,298.7437,0.0000,312.1444,315.6175,304.8795,292.9410,308.0850,285.1078,285.4477,282.3921,282.2800,282.7690,298.2553,306.7654,288.6425,320.7196,308.9020,283.8304,277.1628,300.8409,305.2730,302.6712,283.9456,286.4013,304.9141,305.3852,303.1685,274.0698,301.5568,320.6868,280.8069,269.5969,269.6671,301.2476,280.6384,272.2313,308.5694,305.2242,302.8195,305.7225,306.1283,306.7213,277.9658,279.3442,281.5835,290.6017,287.9351,286.3551,292.6387,286.5124,283.3438,283.7976,284.4841,323.9649,323.9650,319.5804,304.3858,311.4049,279.5719,289.8229,287.1276,301.2092,301.4536,280.9837,0.0000,284.6521,295.4244,273.9048,276.2083,301.6821,301.1853,321.2909,308.3559,305.3808,260.8129,243.1126,283.4641,243.3350,278.8591,299.7429,316.2273,339.2787,345.1402,325.1687,310.1663,280.7927,280.1757,279.5513,282.2632,254.9159,286.5626,284.4658,290.8288,291.0050,328.3851,337.8894,286.8344,288.2356,290.0443,290.1342,288.8560,286.3211,289.9892,289.1188,290.4813,290.1554,289.9179,285.5749,305.2851,300.8341,301.4579,0.0000,291.2121,305.1092,272.8274,291.5265,292.3139,302.7178,298.8786,280.2625,325.9742,304.5797,280.2556,284.9658,280.6707,287.0108,302.0778,286.2113,289.4697,268.3287,290.0157,261.8321,321.5778,322.3434,331.0052,280.9827,287.5311,280.9773,284.7390,285.0400,304.4776
37.0000,316.8772,304.4438,305.4289,295.3595,284.8772,287.4920,285.8818,315.5492,305.3543,323.2306,313.2093,320.3042,305.4110,300.7067,285.9762,282.0989,296.3990,297.2117,284.3238,306.6347,290.0907,282.1693,285.5603,292.0017,288.3129,293.2975,294.1235,301.4256,325.1995,303.9195,304.4851,305.3474,325.9773,315.3251,312.9553,317.6115,305.0826,302.2821,303.8627,317.8578,337.4210,299.0328,313.9215,339.1844,333.2331,279.0885,290.2571,288.7574,280.4067,282.9419,277.1845,286.4089,292.3018,288.5722,292.3522,288.7512,300.3915,284.1315,271.9421,286.7318,285.6156,286.0073,283.7212,284.1634,286.2488,286.6277,287.3615,292.4594,288.1738,289.7083,293.1359,291.6229,290.9796,285.6597,280.8954,300.9099,300.6951,325.7541,322.1595,300.9024,296.7001,298.3575,305.1746,305.3342,305.9242,306.5823,306.6026,306.1256,306.0454,316.3654,305.5249,303.4980,302.9923,300.6824,300.9092,302.3310,305.3991,300.3531,0.0000,313.2211,316.9201,304.9945,293.6990,312.7313,286.3941,286.7172,284.1106,284.3167,284.8495,298.3842,307.0188,291.4404,322.0472,309.1892,285.6627,278.8760,301.7966,309.6341,302.0634,288.5713,288.6766,305.0038,305.5125,303.2997,276.6724,302.5625,322.7669,282.7356,272.2065,272.2774,301.5034,281.4568,275.0684,310.5559,305.1519,304.3667,305.6642,306.1249,306.6951,280.9839,281.4279,283.5683,291.0750,288.3797,288.6183,292.6558,287.2583,284.1700,285.7717,286.4601,328.4484,328.4485,323.1337,304.3455,312.3423,279.4235,292.8708,289.0156,301.2630,301.0536,282.9183,0.0000,285.8354,295.4417,277.3828,279.5094,301.2977,300.7123,323.0131,308.9557,305.6295,265.1015,247.7260,284.8160,247.9199,288.8316,301.2447,322.0338,349.1013,353.4220,326.3973,312.2592,282.0989,283.5541,282.8848,284.9300,261.3530,287.9822,286.2432,292.9402,293.3108,336.2933,347.4886,289.0063,290.5929,292.3885,292.4801,291.2342,288.6183,292.3316,291.5861,292.9419,292.5017,292.2688,287.7731,305.5249,300.9058,301.0569,0.0000,292.1405,305.0267,274.4176,291.9853,292.7585,302.8150,299.4315,281.7248,327.1678,304.4811,281.6196,286.2591,282.0382,288.0881,302.7047,289.6741,290.4107,269.9948,292.1751,264.9614,322.8635,323.5695,332.1411,282.9183,289.8542,282.9183,286.7583,287.0670,304.8715
38.0000,314.5054,304.6064,305.5986,295.3479,284.8071,285.3727,283.8345,309.1224,305.7478,313.6948,310.2820,312.7516,305.6211,299.8694,286.2830,282.3136,297.2420,297.8223,284.7288,307.0150,289.3147,281.5849,284.9431,291.6059,285.6997,290.4266,291.2101,299.9127,320.4910,304.0783,304.7691,305.7223,321.4542,312.9678,310.5566,313.7191,305.4377,299.4148,303.9569,315.4934,335.2127,294.8856,310.9236,336.9902,329.0319,279.5178,290.0473,288.4927,280.4668,283.1151,277.3511,286.9493,292.4423,288.7545,292.7374,289.2825,300.9151,284.4197,272.2943,286.6477,285.7303,286.0926,283.9631,284.4282,286.2488,286.7879,287.5197,292.4835,288.3627,289.9869,293.2811,291.8975,291.2709,285.7752,281.1121,300.9550,301.1972,321.0845,316.7679,297.8693,297.6067,298.9940,305.5372,305.6962,306.3988,307.1344,306.9859,306.4694,306.5147,311.1020,305.4117,303.5438,302.8947,300.6824,300.9543,297.6218,300.3791,298.8103,0.0000,310.3506,313.1779,305.2272,293.2767,310.4032,286.7279,287.0233,284.3198,284.4554,284.9774,298.4293,306.8678,291.5994,317.0820,308.9358,283.7256,277.8640,302.0630,307.3494,302.3199,289.0866,288.6924,305.1945,305.7563,303.4059,277.0358,302.2189,312.5110,282.8996,272.5564,272.6274,301.7374,281.5582,270.7971,305.4168,305.4445,304.3397,306.0668,306.4242,306.9873,281.4952,279.4358,281.5126,291.1896,288.7622,288.6323,292.6529,287.3913,284.2725,285.9318,286.6219,324.1499,324.1500,318.4208,304.5991,312.2489,278.6203,294.2153,289.6891,301.2702,301.2759,283.0812,0.0000,286.2042,295.4387,277.5518,279.7029,301.5143,300.9545,315.7225,308.8272,305.5234,265.1909,247.4380,285.2244,247.6513,286.4193,300.0494,320.2283,349.9111,350.4695,321.8783,307.0825,282.3136,283.8165,283.1270,285.1137,260.2289,288.0971,284.2069,290.4514,290.4505,335.7251,348.1285,286.3920,290.3861,292.1825,292.2802,291.1394,288.6323,292.1274,291.6181,292.9646,292.2998,291.9701,287.7781,305.4117,300.9505,301.2796,0.0000,293.2051,305.3304,275.1591,292.0765,292.8575,302.7630,300.0407,282.2824,322.5396,304.7649,282.0845,286.6067,282.4618,289.3619,302.4544,289.8497,290.8363,270.8460,289.4353,265.1448,317.9330,318.7550,327.8891,283.0812,289.7023,283.0812,286.9045,287.2202,305.2009
39.0000,314.2315,304.5848,305.5759,295.2103,284.6901,286.0618,284.5752,308.2118,305.4689,313.1202,309.6984,312.2105,305.3792,297.4419,286.5308,282.4864,297.9171,298.2889,285.2236,306.6722,289.5586,281.9287,285.2019,291.7074,286.5304,291.2977,292.0714,297.9317,320.0774,304.0631,304.5532,305.4924,321.1100,312.6648,310.3030,313.1527,305.1437,299.0222,303.5946,315.2109,334.7538,293.4852,310.2576,336.5153,328.8142,279.8394,290.0611,288.4901,280.6177,283.1059,277.2775,287.1877,292.4742,288.9735,292.9022,289.5017,301.2571,284.4428,272.5524,286.7639,285.9079,286.2633,284.0078,284.4739,286.2488,287.0124,287.7373,292.6339,288.5541,290.2009,293.3950,292.0666,291.4850,285.9526,281.3337,301.0704,301.5307,320.6820,316.2719,296.9579,296.5945,299.4890,305.2441,305.4280,306.1432,306.8968,306.7345,306.2013,306.2644,309.8959,305.2350,303.2449,302.6709,300.6824,301.0697,295.9179,298.4661,296.6336,0.0000,309.8087,312.6227,304.9107,293.4075,310.3889,287.1031,287.3668,284.5890,284.6579,285.1674,298.1357,306.6369,291.7137,316.5912,308.6831,284.5355,278.5876,301.8733,307.9126,302.0364,289.3032,288.8175,304.8963,305.4369,303.4417,277.3147,300.6785,311.9438,283.1326,272.8149,272.8859,301.9279,281.6492,273.3675,303.8175,305.2188,302.6478,305.7799,306.1409,306.6816,281.8825,280.1028,282.1892,291.0382,288.3433,288.7526,292.5113,287.4430,284.3645,286.1530,286.8477,322.8268,322.8269,317.1672,304.4317,312.0430,278.7794,294.4793,289.9440,301.0850,300.9913,283.3193,0.0000,286.9677,295.2958,277.4895,279.7007,301.2299,300.6776,315.1644,308.6395,305.3468,264.6811,246.5275,285.7505,246.7631,282.5121,297.8639,319.9767,349.8379,348.5839,321.5384,305.5932,282.4864,283.8505,283.1544,285.2261,258.0926,288.2427,284.9599,291.2760,291.3204,335.5347,348.0365,287.2184,290.5133,292.1969,292.2932,291.1847,288.7526,292.1427,291.7564,293.1158,292.3132,291.9510,287.9058,305.2350,301.0656,300.9949,0.0000,294.2721,305.0972,275.9941,291.9719,292.7594,302.6202,300.4367,282.8987,322.1628,304.5490,282.6374,286.9961,282.9709,290.7996,301.3301,290.0336,291.1696,271.8115,289.7385,265.1428,317.4610,318.3051,327.6519,283.3193,289.7858,283.3193,287.1512,287.4579,304.9442
40.0000,313.7642,304.5187,305.4862,295.3802,284.9721,286.1510,284.7114,307.9122,305.5752,312.8846,309.5733,312.0041,305.4935,297.5090,286.9114,282.7766,298.6979,298.7649,285.9485,306.7521,289.7416,282.2458,285.4713,291.8854,286.5885,291.3243,292.0794,297.9798,319.7598,304.0097,304.5915,305.4638,320.7765,312.1804,309.9098,312.9704,305.2455,298.9239,303.6734,314.7267,333.9234,293.3133,310.1353,335.6537,328.4660,280.3151,290.7576,289.2197,280.9255,283.4673,277.6143,287.5070,292.7319,289.4989,293.2503,289.7782,301.5585,284.8498,273.0107,287.3756,286.4924,286.8472,284.4453,284.9110,286.2488,287.5559,288.2570,293.3030,289.0513,290.6297,293.8502,292.5475,292.0320,286.5375,281.8787,301.0014,301.7206,320.3491,316.0213,296.8943,297.2510,299.9640,305.3464,305.5299,306.2518,307.0080,306.8168,306.2730,306.3713,309.6097,305.1728,303.3163,302.7123,300.6824,301.0006,295.7184,298.2899,296.7714,0.0000,309.6872,312.4497,305.0053,293.5657,309.9632,287.7546,287.9814,285.1804,285.2312,285.7469,298.2060,306.5246,292.1711,316.3376,308.4921,284.7743,278.9172,302.0826,307.6010,302.1871,289.5852,289.4405,304.9809,305.5841,303.3855,277.7949,300.7611,311.7135,283.7107,273.2761,273.3472,301.9416,281.9459,273.4232,303.5893,305.2449,302.7718,305.8841,306.2084,306.7227,282.3650,280.1629,282.2655,291.2340,288.5373,289.3869,292.6793,287.7395,284.6640,286.7134,287.3940,322.2818,322.2819,316.7189,304.4479,311.9372,278.8490,295.0174,290.3637,301.1528,301.1528,283.9041,0.0000,287.5440,295.4654,277.8339,280.0812,301.3899,300.8807,314.9147,308.5457,305.2849,264.8184,246.4721,286.4314,246.7174,280.9457,297.9188,319.3710,348.7819,347.5554,321.2056,305.3479,282.7766,284.2721,283.5701,285.7474,257.5406,288.5829,285.1089,291.3693,291.3493,334.7171,347.0057,287.2752,291.0126,292.8906,292.9862,291.8523,289.3869,292.8358,292.4123,293.7867,293.0068,292.6726,288.5200,305.1728,300.9968,301.1564,0.0000,295.4764,305.1465,277.0097,292.1686,292.9496,302.6254,300.8096,283.7198,321.8260,304.5874,283.4327,287.6669,283.7494,292.4052,301.4046,290.6005,291.5876,272.9432,289.7597,265.5034,317.1913,318.0204,327.3062,283.9041,290.2581,283.9041,287.7450,288.0155,305.0224
41.0000,313.2216,304.4183,305.3572,295.3359,284.9687,286.1290,284.6706,307.6493,305.4859,312.5934,309.4304,311.8501,305.3568,297.3741,286.9745,282.7094,299.0448,298.9544,286.4441,306.4507,289.7417,282.2624,285.5051,291.8683,286.5689,291.3953,292.1512,297.8399,319.3857,303.9259,304.4946,305.3529,320.3225,311.6692,309.4667,312.8111,305.1606,298.7637,303.6081,314.1571,332.8011,293.1349,309.9930,334.4815,327.7291,280.1934,291.2238,289.7221,280.8974,283.6165,277.6858,287.1869,292.9322,289.6453,293.1017,289.4223,301.6820,284.8565,272.8851,287.5272,286.7159,287.0879,284.5129,284.9606,286.2488,287.7391,288.4116,293.5752,289.2399,290.7662,294.1145,292.8823,292.1592,286.7609,281.8413,300.9998,301.7943,319.9641,315.7174,296.7540,297.1953,300.1562,305.2612,305.4497,306.1578,306.9103,306.7167,306.1670,306.2817,309.3740,305.0919,303.2585,302.6529,300.6824,300.9991,295.5404,298.1134,296.6324,0.0000,309.5431,312.2758,304.9444,293.5410,309.4995,288.1470,288.3396,285.4531,285.4466,285.9696,298.1493,306.3995,292.3760,316.0401,308.3362,284.7534,278.8179,301.8034,307.2321,302.1241,289.2443,289.7337,304.9088,305.5378,303.3330,277.6876,300.6339,311.4452,283.9381,273.1538,273.2249,301.9730,281.9713,273.4043,303.3856,305.1323,302.5511,305.8028,306.1018,306.5843,282.2519,280.1060,282.2290,291.2540,288.5570,289.6829,292.6349,287.8060,284.6897,286.9161,287.5825,321.6320,321.6321,316.2584,304.3542,311.8999,277.7740,295.6552,290.5424,301.1078,301.0964,284.1379,0.0000,288.0695,295.4206,277.9093,280.1718,301.3309,300.8262,314.5905,308.4832,305.2036,264.8070,246.4320,286.9406,246.6788,280.2621,297.7786,318.8327,348.0089,346.0873,320.7441,305.1351,282.7094,284.3114,283.6283,285.8982,257.3884,288.6478,285.0726,291.3877,291.4200,334.1362,346.2479,287.2940,291.4040,293.3486,293.4407,292.2284,289.6829,293.2925,292.6841,294.0594,293.4624,293.1992,288.8205,305.0919,300.9954,301.0999,0.0000,296.0272,305.0466,277.7309,292.1900,292.9616,302.5760,300.9545,284.2814,321.4095,304.4905,284.0368,288.0759,284.3180,293.1494,301.3136,290.7353,291.7000,273.7598,289.7034,265.5893,316.8740,317.6849,326.6133,284.1379,290.6555,284.1379,287.9451,288.2004,304.8204
42.0000,312.2854,304.3515,305.2719,295.2290,284.8781,286.0220,284.6225,307.1771,305.3094,312.2287,309.4286,311.5568,305.2973,297.1576,287.0810,282.8819,299.2298,299.0901,287.0427,306.0993,289.7277,282.2951,285.5201,291.8775,286.4407,291.2618,292.0169,297.5862,319.0958,303.8727,304.3448,305.2375,320.0009,310.7288,308.6489,312.6771,304.9929,298.4522,303.4757,313.1919,331.2435,292.8841,310.0833,332.8704,327.3340,280.0481,291.7283,290.2869,281.1398,283.6995,277.7536,286.7548,293.0359,289.9656,292.8183,288.9318,301.8232,284.8764,272.8015,288.3747,287.0764,287.4793,284.6134,285.0462,286.2488,288.0381,288.7043,293.9339,289.4868,290.9069,294.2872,293.0309,292.5495,287.1212,281.9444,301.0693,301.8749,319.6653,315.4673,296.4893,296.5246,300.2781,305.0932,305.2821,305.9779,306.7288,306.5306,305.9777,306.1069,308.9915,304.9882,303.1378,302.5682,300.6824,301.0686,295.1874,297.8427,296.2917,0.0000,309.4888,312.1561,304.8126,293.5699,308.6263,288.6106,288.7708,285.8181,285.7859,286.3215,298.0307,306.2685,292.5534,315.8032,308.2137,284.7341,278.8392,301.4083,306.4871,301.9483,288.7739,290.1312,304.7421,305.3321,303.3339,277.6077,300.4386,311.0930,284.2694,273.0742,273.1453,302.0595,282.1725,273.2822,303.0771,304.9652,302.2896,305.6383,305.9078,306.3596,282.0430,279.9207,282.0898,291.3141,288.6166,290.0747,292.5263,287.9829,284.8929,287.2378,287.8860,320.7659,320.7660,315.6165,304.2278,311.5526,279.8075,294.2822,290.2075,301.0375,300.9205,284.4698,0.0000,288.6105,295.3110,277.9822,280.2563,301.1596,300.6867,314.2622,308.2602,305.0982,264.9595,246.5194,287.5529,246.7691,279.9187,297.5447,317.5957,345.3534,344.2605,320.4201,304.8090,282.8819,284.3725,283.7054,286.1273,257.4199,288.8320,285.0270,291.3062,291.2892,332.1929,343.6770,287.2278,292.0742,293.8419,293.9317,292.6606,290.0747,293.7853,293.0514,294.4200,293.9543,293.7347,289.2400,304.9882,301.0646,300.9239,0.0000,296.3951,304.8838,278.5224,292.2540,293.0226,302.5146,301.0874,284.9304,321.0860,304.3409,284.7615,288.5532,285.0015,293.6909,301.1502,291.2664,291.8179,274.6365,289.5336,265.6695,316.6227,317.4224,326.2295,284.4698,291.3160,284.4698,288.2274,288.4988,304.5975
43.0000,310.4061,304.2141,305.0741,295.3827,285.2328,285.6213,284.2435,306.1343,305.3940,311.2766,308.9171,311.2228,305.4531,296.8433,286.3325,282.6793,294.9080,296.7714,288.6352,305.5894,289.6086,282.2682,285.4727,291.8380,285.9687,290.7794,291.5452,297.2105,316.8996,303.7600,304.3749,305.1913,315.9678,308.8558,306.9710,311.9406,305.0533,297.6482,303.4855,311.2613,328.2668,292.1174,309.6521,329.7992,323.2375,279.6082,292.3162,290.9171,281.0753,283.7572,277.7792,286.1478,293.1329,290.4175,292.4899,288.3829,300.2310,284.8405,272.4371,288.8297,287.6332,288.0388,284.7113,285.1161,286.2488,288.5656,289.1933,294.4712,289.9229,291.2546,294.4670,293.4288,292.8756,287.6778,281.6882,301.0301,300.6420,317.4457,314.0016,295.8314,297.2863,298.1348,305.1518,305.3479,306.0572,306.7956,306.5410,305.9989,306.1713,307.9703,304.8814,303.1528,302.4980,300.6824,301.0296,294.3364,297.0792,296.0146,0.0000,308.9381,311.3743,304.8165,293.4918,306.8689,289.2056,289.5967,286.5020,286.3217,286.8790,298.0452,306.1206,292.7437,314.2896,308.0733,284.1652,278.6570,301.2748,304.9493,302.2654,288.3470,290.6803,304.7447,305.3578,303.2480,277.2265,300.1998,310.2424,284.8512,272.7111,272.7821,301.6015,282.1735,272.8317,302.1966,304.9715,301.7737,305.6756,305.9131,306.3509,281.5329,279.4959,281.6810,291.3822,288.6840,290.6294,292.6826,288.0490,284.8941,287.7439,288.4235,318.9504,318.9505,314.1435,304.2236,311.2103,280.4236,292.5257,289.0986,301.0147,301.1885,285.0933,0.0000,290.3790,295.4688,278.0166,280.3114,301.4190,300.9967,313.0199,308.0441,304.9878,264.8468,246.3045,289.1556,246.5599,278.4203,297.1979,315.2238,340.9562,340.9502,316.5551,303.8884,282.6793,284.4044,283.7598,286.4584,256.8857,289.1191,284.6254,290.8386,290.8070,328.7418,339.3990,286.7566,292.5993,294.4205,294.5081,293.1801,290.6294,294.3638,293.5843,294.9551,294.5311,294.3076,289.8048,304.8814,301.0266,301.1922,0.0000,288.6512,304.9112,288.6505,292.3207,293.0289,302.4519,299.1468,289.2521,318.2788,304.3711,286.5239,289.1586,286.7433,286.2415,301.0403,291.6322,290.4559,284.7555,289.0049,265.7217,314.9391,315.5672,322.1700,285.0933,291.8712,285.0933,288.8181,289.0506,304.4344
44.0000,311.3694,304.0855,304.8981,295.5450,285.5354,286.5311,285.1043,313.5911,305.4625,321.8645,312.5601,319.8595,305.3054,297.9447,286.2947,282.4606,295.1031,296.8713,288.9313,305.3576,289.9992,282.5359,285.7954,292.0779,287.0965,291.9477,292.7407,298.8119,322.5238,303.6596,304.3618,305.1549,321.4204,310.0502,308.1580,316.6752,305.1418,299.7130,303.7053,312.1687,328.0349,296.7445,313.4432,329.4643,328.4626,279.8145,291.9533,290.6105,281.0278,282.8492,276.8263,287.2714,292.8460,290.1048,292.2599,289.1010,300.2622,283.8170,272.6384,288.0167,287.3246,287.7314,283.8663,284.2371,286.2488,288.3138,288.9373,294.0940,289.4603,290.6788,293.7787,292.8854,292.3122,287.3690,281.6765,301.0415,300.6396,323.0400,320.2928,298.4830,296.9015,298.2882,305.2368,305.4105,306.0876,306.7898,306.5600,306.0314,306.1947,314.1223,304.9770,303.3815,302.8362,300.6824,301.0410,299.5164,302.7136,297.5308,0.0000,312.5036,315.9268,304.9685,293.7050,307.9007,289.3326,289.6854,286.3897,286.0589,286.5916,298.2697,306.1701,292.0830,320.1477,308.0657,284.8944,278.9480,301.2132,305.6658,302.4512,288.9307,290.3446,304.8842,305.5010,303.1888,277.3816,300.8891,321.5482,284.6476,272.9042,272.9753,301.6016,282.2047,273.9075,308.0713,304.9323,302.3835,305.7227,305.9683,306.3831,281.6397,280.3122,282.5470,291.5411,288.8413,290.2997,292.8415,288.1374,284.9256,287.5095,288.1772,324.4848,324.4849,319.9430,304.1895,311.1567,279.3390,292.6645,288.9841,301.2342,301.3030,284.8922,0.0000,290.5880,295.6292,277.0790,279.4382,301.5194,301.1073,321.2584,308.0696,305.0805,263.5996,244.9097,289.4370,245.1760,274.6958,298.5667,316.0213,339.9449,345.4127,322.0037,309.8434,282.4606,283.4686,282.8667,285.8872,254.7416,288.9031,285.4641,291.8323,291.9695,328.7098,338.5103,287.9128,292.2466,294.0359,294.1258,292.8965,290.2997,293.9799,293.1958,294.5742,294.1478,293.9153,289.4761,304.9770,301.0379,301.3067,0.0000,289.1702,304.9132,289.1695,292.4733,293.1814,302.6159,299.1943,289.5738,323.8221,304.3581,286.9543,289.2932,287.2149,287.0111,301.5869,290.9920,290.4719,285.4479,290.5944,264.8939,320.7695,321.2810,327.4309,284.8922,291.5134,284.8922,288.5827,288.7946,304.3167
45.0000,309.5742,303.7767,304.5210,295.4263,285.5584,286.2021,284.8867,312.4342,305.2051,320.6334,311.8614,318.9104,305.0924,298.6055,286.0329,282.1128,295.0963,296.7177,289.0894,304.5401,289.7846,282.4052,285.6418,291.8977,286.7452,291.5133,292.2733,299.2009,321.1732,303.3895,304.0828,304.8034,319.9415,308.3113,306.6368,315.7683,304.8904,299.2937,303.5416,310.3033,324.7517,296.4984,312.7384,326.0530,326.5844,279.4883,292.0205,290.7461,280.8847,282.2774,276.1585,287.0660,292.7027,289.8823,291.5134,288.5442,299.9885,283.0673,272.3281,287.2188,287.2592,287.6805,283.2810,283.6175,286.2488,288.2003,288.8013,293.9913,289.2416,290.3339,293.4343,292.6167,291.6868,287.3039,281.4318,300.9227,300.4231,321.6531,319.1371,298.3316,296.8330,298.1190,304.9816,305.1546,305.7883,306.4488,306.2097,305.7097,305.8897,313.2328,304.8031,303.2142,302.6583,300.6824,300.9222,299.4109,302.6731,298.0007,0.0000,311.8019,315.0462,304.7485,293.5056,306.1786,289.4119,289.7294,286.3657,285.9852,286.5235,298.1053,305.9561,291.7184,318.9906,307.8800,284.6938,278.7050,300.2840,303.9656,302.4326,288.3024,290.3010,304.6300,305.2355,302.9699,277.0700,301.1599,320.3622,284.5873,272.5953,272.6663,301.4417,282.0815,273.5724,307.6355,304.6063,302.5693,305.4552,305.6498,306.0374,281.2475,279.9236,282.1952,291.4435,288.7692,290.2615,292.7252,288.0302,284.8012,287.4181,288.0692,322.6716,322.6717,318.5324,303.9129,310.6712,279.8219,291.4098,288.3355,301.0976,301.2333,284.8406,0.0000,290.6799,295.5118,276.4258,278.8399,301.4425,301.0699,320.0736,307.7542,304.9011,262.6090,243.6167,289.5812,243.9014,270.5089,299.0799,313.8294,335.8463,341.4780,320.5106,309.2760,282.1128,282.8033,282.2384,285.5594,252.4162,288.7425,285.2338,291.5013,291.5382,325.5960,334.5299,287.5543,292.2917,294.0851,294.1734,292.9025,290.2615,294.0285,293.0953,294.4722,294.1960,293.9756,289.4527,304.8031,300.9198,301.2371,0.0000,289.5926,304.6202,289.5920,292.3726,293.0601,302.4890,298.9563,289.8008,322.3814,304.0794,287.1475,289.3782,287.4839,287.7236,301.7274,290.3134,290.2525,286.1029,290.3036,264.3267,319.5628,320.0306,325.6143,284.8406,291.5438,284.8406,288.5045,288.6913,303.7492
46.0000,307.8510,303.5416,304.2502,295.1108,285.3018,285.8448,284.6625,311.3817,304.7046,319.2579,311.1238,317.6417,304.7201,298.0102,285.6170,281.5177,294.9707,296.5239,288.6812,303.6764,289.5534,282.7821,285.7305,291.6075,286.3405,290.8447,291.5494,298.6227,319.7791,303.1783,303.6902,304.3627,318.4394,306.5933,305.1401,314.8106,304.3959,298.7143,303.1404,308.5254,321.8710,296.3457,312.0320,323.0726,324.7640,278.4454,291.2330,290.0026,280.4618,281.2714,275.1139,285.7551,292.2927,289.1985,290.1808,287.0413,299.8914,281.9959,271.3819,285.9765,286.5826,287.0013,282.2908,282.6033,286.2488,287.5711,288.1815,293.1959,288.4316,289.4342,292.5794,291.7340,290.7696,286.6269,280.6793,300.9189,300.2589,320.2253,317.9022,297.9585,296.5163,297.8911,304.4828,304.6555,305.2631,305.8954,305.6695,305.2020,305.3594,312.4842,304.5600,302.8525,302.3423,300.6824,300.9186,299.5142,302.8999,297.3711,0.0000,311.0395,314.1115,304.2874,293.2020,304.5111,289.0498,289.3578,285.8421,285.3385,285.8632,297.7494,305.6575,290.8415,317.7686,307.4934,284.6021,279.5479,299.2627,302.3931,302.0722,286.7881,289.5644,304.1857,304.7573,302.8306,276.1115,300.6075,319.0037,283.9878,271.6530,271.7237,301.3635,281.6877,273.1861,307.4149,304.1870,301.8386,304.9421,305.1485,305.5221,280.1046,279.5137,281.8176,291.1448,288.4733,289.5276,292.4120,287.6539,284.4038,286.7892,287.4447,321.1329,321.1330,317.3419,303.5642,310.5996,279.1601,290.7610,287.7672,300.8189,300.9121,284.2473,0.0000,290.1885,295.1956,275.3910,277.8430,301.1166,300.7643,318.7718,307.6104,304.6531,261.4415,242.2397,289.1737,242.5383,266.9770,298.4898,311.7383,332.2186,338.5172,318.9957,308.9039,281.5177,281.7752,281.2253,284.7210,250.2863,288.2737,285.0359,291.0431,290.8767,322.7062,330.9892,287.1822,291.5397,293.2759,293.3627,292.1242,289.5276,293.2203,292.2992,293.6723,293.3853,293.1641,288.7377,304.5600,300.9166,300.9157,0.0000,289.7386,304.1897,289.7380,292.0678,292.7290,302.2821,298.7969,289.5343,320.9183,303.6870,286.5942,289.0207,287.0498,288.1006,301.2545,289.2960,289.9234,286.5255,289.9084,263.3817,318.2959,318.7254,323.8427,284.2473,290.8088,284.2473,287.8681,288.0532,303.0908
47.0000,294.7615,292.1876,292.8216,284.2382,274.9479,275.0212,273.9930,299.0953,293.2042,307.1100,299.5007,305.6459,293.2067,286.6641,275.6863,271.6712,284.8896,286.1655,280.0205,291.7828,278.8779,272.3483,275.1998,280.9640,275.4187,279.6991,280.3408,287.1902,308.7799,291.8690,292.2908,292.9035,309.1513,293.6139,292.3767,302.9802,292.9197,286.9711,291.8337,295.3534,307.0474,284.9361,300.3225,308.1000,314.7413,269.3102,284.3680,283.1438,270.8298,274.2927,268.1874,276.1216,286.7920,282.5157,281.6657,277.3033,289.1499,274.9141,262.6120,278.7483,279.9315,280.3244,275.3365,275.6317,282.2155,280.8855,281.6019,286.2818,281.7601,282.7688,285.5955,284.9686,283.7991,279.9743,271.9196,289.9493,289.4364,309.1734,306.4204,286.3869,285.5311,287.5476,292.9990,293.1756,293.6993,294.2657,294.0958,293.6747,293.7947,300.1711,293.2645,291.6036,291.1728,289.7731,289.9491,287.9581,291.1263,285.9980,0.0000,299.4229,302.3911,292.8825,282.4755,291.6505,280.5655,280.8332,278.9983,278.7298,279.2495,286.6898,294.2618,283.8390,306.3444,296.0015,273.9751,269.0813,287.6962,289.6850,290.8347,277.1315,282.7886,292.7919,293.3220,291.6220,267.1832,289.2422,306.8799,277.8983,262.8803,262.9488,290.3949,272.0944,262.7659,295.3940,292.7269,290.3195,293.4320,293.6399,293.9815,270.7674,268.8542,271.1142,280.8606,278.2834,282.7543,281.6363,277.9180,274.7181,279.9556,280.7451,307.5945,307.5945,304.3380,292.1868,298.6030,269.7893,280.0859,277.5224,289.7748,289.7641,278.1270,0.0000,281.6334,284.3173,268.4738,270.9421,289.9492,289.6356,306.9644,295.9925,293.3468,254.4768,235.5629,280.4828,235.8651,257.5357,287.0866,298.3791,317.7042,322.1829,309.4904,296.7991,271.6712,274.7662,274.2526,277.9100,242.7063,282.4841,274.3414,279.9755,279.7315,308.5596,316.4886,276.2367,284.6313,286.3688,286.4530,285.2238,282.7543,286.3150,285.3982,286.7423,286.4748,286.2673,281.9972,293.2645,289.9476,289.7673,0.0000,280.4249,292.7480,280.4244,281.7773,282.4046,291.1625,288.1918,280.6353,310.3537,292.2879,277.8410,280.5405,278.3906,278.9389,289.9331,282.2460,279.8241,277.5317,278.7880,256.8400,306.9746,307.5216,313.9027,278.1270,283.9377,278.1270,281.4068,281.4315,291.4842
48.0000,298.8416,298.1464,298.7534,290.2268,280.8825,280.0967,279.1418,302.4133,299.7570,310.0692,303.7722,308.9164,299.1056,292.0687,281.8232,277.6406,291.5163,292.5893,287.3848,297.5729,284.5065,277.8756,280.7925,286.7991,280.3636,284.6159,285.2571,292.3064,310.6831,297.8459,298.4058,299.0059,309.1513,297.7161,296.5891,306.7752,299.6900,291.6259,298.0879,299.4002,310.4252,288.8720,304.5583,311.4172,314.6177,275.8147,292.6641,291.3784,276.9119,281.3507,275.1730,282.3560,292.3800,290.1181,288.2924,283.4659,295.4466,282.2444,268.8944,285.7864,288.1829,288.5765,282.8012,283.1070,286.2488,288.7330,289.2472,294.6336,290.0921,291.1593,292.8608,293.2229,291.1922,288.2265,278.5016,296.0178,295.6265,311.0436,309.2108,291.0421,291.6036,294.0644,299.7640,299.9341,300.2589,300.8068,300.3481,299.9699,300.4479,303.7638,299.2780,297.7867,297.2106,295.9083,296.0176,291.9708,295.1711,291.0891,0.0000,303.7534,306.2087,299.1505,288.3137,295.7791,287.9033,288.1308,287.3054,286.9286,287.5023,292.7678,300.2467,291.1959,309.1037,301.9454,279.0625,274.2767,293.4311,293.8984,297.0808,283.3071,291.0851,298.9961,299.5330,297.6362,273.6085,294.9839,309.8889,286.6526,269.1727,269.2428,296.4988,278.2700,267.4835,299.2342,298.8207,295.8939,300.0079,299.9023,300.2684,277.3664,273.7512,276.0907,286.9935,284.3601,291.0497,287.5719,284.2758,280.9534,287.8925,288.6097,310.7392,310.7393,307.6666,298.2684,304.5361,275.9753,285.9653,283.5465,295.8684,295.9266,286.8593,0.0000,289.1708,290.3094,275.4793,278.0348,296.0992,295.8002,309.8205,301.9643,299.3576,260.8115,241.2287,287.8663,241.5486,262.0578,292.3281,302.5038,322.0881,324.6494,309.6593,300.5690,277.6406,282.1476,281.5961,285.7737,247.9691,288.8750,279.4766,285.0322,284.6528,312.7772,320.8320,281.1803,292.9629,294.7374,294.8224,293.5695,291.0497,294.6823,293.7116,295.1040,294.8449,294.6383,290.2816,299.2780,296.0163,295.9300,0.0000,287.5033,298.9225,287.5028,287.9552,288.5990,297.2257,294.5331,287.8820,311.6141,298.4029,285.2119,287.8832,285.7853,286.1640,295.8730,289.5297,286.0741,284.7866,283.6463,263.5635,309.5177,309.8583,313.8258,286.8593,292.2514,286.8593,289.7501,289.4476,297.3872
