"ETAPA \ BARRA","AGUAYTIA 220","BALNEARIO 220","BALNEARIOS 60 A","CALLAHUANCA 220","CALLAHUANCA 60","CARHUAMAYO 220","CARHUAMAYO NUEVA 138","CARHUAQUERO 220","CHAVARRIA 220 A","CHICLAYO OESTE 220","CHIMBOTE 220","GUADALUPE 220","HUACHIPA 60","HUACHO 220","HUANCAVELICA 220","HUAYUCACHI 220","ICA 220","INDEPENDENCIA 220","MARCONA220","MOYOPAMPA 60","OROYA NUEVA 220","OROYA NUEVA 138","OROYA NUEVA 50","PACHACHACA 220","PARAGSHA2 220","PARAGSHA 138","PARAGSHA 50","PARAMONGA NUEVA 220","PIURA OESTE 220","SAN JUAN 220","SANTA ROSA 220 A","SANTA ROSA EDS 60","TALARA 220","TINGO MARIA 138","TINGO MARIA 220","TRUJILLO 220","VENTANILLA 220","VIZCARRA 220","ZAPALLAL 220","AGUAYTIA 138","PUCALLPA 138","HUALLANCA 138","CHIMBOTE 138","PUCALLPA 60","ZORRITOS 220","ABANCAY NUEVA 138","ARICOTA138","ARICOTA II 66","CAMPO ARMINO 220","AYAVIRI138","AZANGARO 138","CACHIMAYO 138","CALLALLI 138","CERRO VERDE 138","COMBAPATA 138","DOLORESPATA 138","DESIERTO220","JULIACA 138","MACHUPICCHU 138","MOLLENDO 138","MOQUEGUA 220","MOQUEGUA 138","PUNO 220","PUNO 138","SANTUARIO 138","SOCABAYA 220","SOCABAYA 138","ILO 138","LOS HEROES 220 A","LOS HEROES 66","TINTAYA 138","TOMASIRI 66","REPARTICION 138","ILO2 220","COTARUSE 220","CHILCA REP 220","CANTERA 220","PIURA OESTE 60","LA NINA 220","CONOCOCHA 220","HUINCO 220","INDEPENDENCIA 60","CHILLON 220","CHILLON 60","CHAVARRIA 60 A","CHAVARRIA 60 B","BARSI 60","BARSI 220","OQUENDO 60","CAJAMARCA 220","PLANICIE 220 A","CARABAYLLO 220","CARABAYLLO 500","CHILCA CTM 500","CHILCA CTM 220 A","KIMAN AYLLU 138","KIMAN AYLLU 220","PARAMONGA EXISTENTE 138","MACHALA 200","CHIMBOTE 500","TRUJILLO 500","HUARANGAL 60","POMACOCHA 220","PIEDRA BLANCA 138","POROMA 220","POROMA500","OCONA 500","MONTALVO 500","MONTALVO 220","HUANZA 220","INDUSTRIALES 220 A","TINTAYA 220","LA NINA 500","INDUSTRIALES 60","CARHUAMAYO 50","CARIPA138","HUAMPANI 60","HUANUCO 138","REFINERIA ZINC 220","QUENCORO 138","ILO 3 220","MIRADOR 220","MIRADOR 60","ALTO PRADERA 220","ABANCAY NUEVA 220","LOMERA 220","REQUE 220","SAN JOSE 500","SANTA TERESA 220","SURIRAY 220","ASIA 220","CERRO DEL AGUILA 220","CHAGLLA 220","RAMADA 220","SANTA ROSA LDS 60","LOMERA 60","ZAPALLAL 60","MALVINAS 220","MALVINAS 60","ABANCAY 138","YAUPI 138","SANTA ISABEL 220","YANANGO 220","CHIMAY 220","ILO3 138","MATUCANA 220","COLCABAMBA 500","COLCABAMBA 220","YARABAMBA 500","YARABAMBA 220","BELAUNDE 220","BELAUNDE 138","CACLIC 220","INDUSTRIALES 220B","PLANICIE60","COBRIZAI 69","MOLLEPATA 60","MOLLEPATA220","CARAPONGO 500","CARAPONGO 220 A","SAN JOSE 220","MARCONA 60 A","SAN NICOLAS 60","CALLAHUANCA EDN 220","PUMIRI138","PUMIRI220","SAN MIGUEL 220","SAN MIGUEL 60","FELAM 220","MANCHAY 60","MANCHAY 220","SAN RAFAEL 138","SAN GABAN 138","MARCONA 60 B","ANGEL 138","PTO MALDONADO 138","MEDIO MUNDO 220","AUCAYACU 138","BELLAVISTA 138","TARAPOTO 138","PARINAS 220","PAMPA HONDA 220","ORCOTUNA 220","SAN ROMAN 138","SAN ROMAN 220","CHILOTA 220","MAZUCO 138","JESUS 138","CARHUAMAYO 138","CINCO MANANTIALES 138","OXIDOS CERRO 138","TOCACHE 138","JUANJUI 138","FRANCOISE 220","BOTIFLACA 138","MILL SITE 138","PLAZA TOQUEPALA 138","QUEBRADA HONDA 138","PANAMERICANA SOLAR 138","TOQUEPALA 138","ILO ELS 138","REFINERIA 138","LIXIVIACION 138","PUSHBACK 138","INTIPAMPA 138","PLANICIE 220 B","CHILCA CTM 220 B","CARAPONGO 220 B","CHILCA 1 220","DERIVACION 220","CHAVARRIA 220 B","DERIVACION 220  BARRA II","CAMPAS 220","CAMPAS 500","PLANICIE 500","NUEVA CHINCHA 220","CAHUACHI 220","VALLE DEL CHIRA 220","SANTA ROSA 220 B","ERSUR 220","FLAMENCO220","BARRA3HERMANAS","BARRAPTALOMITAS","PUERTO CHANCAY 220","CHAPARRAL 138","CHIRIBAMBA 220","BARRAPTALOMITAS2","YSHCAYUCRO 220","PAQUILLUSI 220","MIGUEL GRAU 500","MIGUEL GRAU 220","ALIPIO ROSALES 220","SUNNY","CUAJONE 138","SAN MARTIN 220","SAN LUIS 220","CERRO VERDE 220","PORTILLO 60","SURIRAY138"
1.0000,262.1328,239.3985,239.5554,241.2733,237.2129,246.6162,245.5581,266.1400,245.7744,267.1522,256.9652,265.5878,243.8557,250.1634,241.4005,241.0067,243.1652,243.7072,249.0096,236.6177,244.1314,243.9682,243.9572,242.9329,247.6999,250.0590,250.3744,252.6908,265.7586,239.2231,239.9915,240.0297,266.1858,260.8303,260.2228,260.7699,245.6116,256.1803,245.1935,262.6094,272.0126,256.7697,257.6568,272.8586,268.3378,254.3237,269.2450,268.6068,239.7090,272.1342,270.2012,261.3859,272.0873,263.6826,269.1492,262.4835,242.6900,270.6261,248.5071,259.7873,263.9041,264.3397,269.3518,269.6605,263.5400,262.7193,262.9723,270.1695,265.1490,265.6395,275.1268,268.1749,264.4424,263.9442,254.5629,236.0077,241.0181,266.0422,264.1826,255.0718,239.7839,244.0391,245.6728,245.7851,246.0313,246.3770,246.5352,246.2125,246.1197,265.7657,244.4088,244.7896,244.0627,240.6453,238.7706,258.6373,259.6832,253.4152,0.0000,256.3832,260.0075,245.6633,243.2615,259.2699,249.8410,249.8203,257.1154,262.5533,263.1742,241.7712,245.0363,273.8031,263.9626,246.1172,246.4483,246.1825,252.0696,257.8181,243.3384,262.4006,267.2121,245.5234,246.1805,238.3496,252.9861,248.0290,266.9057,260.4404,250.5013,250.5431,238.1347,241.0883,241.3219,262.6672,240.2856,248.4703,245.9390,246.1424,246.3150,255.5950,244.9730,245.7023,242.3752,241.4560,267.1879,239.6860,243.1807,241.6829,261.7534,262.4857,274.2693,274.2694,270.3374,239.8078,248.3829,240.1204,243.5840,242.4995,243.0622,242.3266,260.6590,0.0000,251.3954,241.2407,270.1362,270.0938,242.4174,242.1761,265.7551,246.4905,244.4647,270.5512,262.5833,249.5107,262.8619,282.4288,251.6471,261.2423,299.1596,292.9517,266.3397,263.6093,241.0227,270.0382,269.8332,266.8586,269.0230,263.6576,246.0709,250.5034,250.0931,303.2319,300.1100,248.7016,268.6552,270.5978,270.6845,269.5378,267.1879,270.5480,269.3227,270.6080,270.7076,270.4734,266.0709,244.4088,238.7747,242.3285,0.0000,240.5652,245.7901,240.5652,242.6477,242.7947,242.9483,243.5004,246.9510,266.8299,239.9938,247.1728,249.7708,247.4958,237.3944,247.0173,263.0110,242.3169,237.3944,249.9732,265.8987,264.4470,264.7739,268.0189,260.6590,267.9530,260.6590,263.7707,263.2517,241.7338,248.9285
2.0000,261.2158,239.1560,239.2945,241.1757,237.3212,246.3597,245.3383,265.2101,245.4549,266.2576,256.3882,264.8181,243.5835,249.7413,241.4199,240.9539,243.5332,243.9071,248.9888,236.2511,243.9662,243.8538,243.8257,242.7914,247.3019,249.6437,249.9445,252.2022,264.9373,238.9917,239.8000,239.8316,265.2983,259.9285,259.3917,260.0789,245.2856,255.6153,244.8879,261.6699,270.6233,256.0473,257.0795,271.4286,267.3877,254.0711,268.9845,268.3642,239.7090,272.0217,270.1009,260.9670,272.0142,263.4960,268.8136,262.0319,242.7436,270.4146,248.2613,259.4837,263.6961,264.1314,269.1608,269.4607,263.5400,262.5544,262.8031,269.8794,264.8854,265.3380,275.0005,267.8269,264.1851,263.7360,254.4232,235.8350,241.0787,265.2131,263.4077,254.5043,240.4715,244.3056,245.3441,245.4528,245.6972,246.0242,246.1774,245.8682,245.7746,264.8985,244.0851,244.4994,243.8121,240.4385,238.5773,257.8813,258.9325,252.9007,0.0000,255.8149,259.3411,245.3273,243.1033,258.3931,249.7607,249.7299,256.9671,262.3644,262.9749,241.7462,244.6907,273.6625,263.1929,245.7332,246.2571,246.0333,252.2228,256.9860,243.1932,261.9699,266.9664,245.2044,245.8452,238.1352,252.7580,247.6713,266.0311,260.2657,250.2701,250.3119,238.0508,241.0183,240.5046,261.8167,240.0808,248.1574,245.5984,245.7981,245.9592,255.3157,245.0390,245.6484,242.2250,241.3063,266.9425,239.5899,243.0783,241.6221,261.5869,262.3216,273.3617,273.3617,269.4577,239.6067,247.8108,240.7396,243.1290,242.3819,242.8560,242.2251,260.4829,0.0000,251.4018,241.1440,270.0357,269.9774,242.3072,242.0862,264.9304,246.0339,244.1377,270.5501,262.5833,249.4860,262.8618,281.7939,251.1852,260.3297,298.1533,291.9807,265.4524,262.7418,240.9741,269.8436,269.6540,266.6614,268.7949,263.5105,245.8474,250.1815,249.6809,302.0736,299.0795,248.3154,268.4346,270.3295,270.4151,269.2609,266.9425,270.2802,269.0398,270.3175,270.4384,270.2046,265.8460,244.0851,238.5814,242.2270,0.0000,240.8618,245.4698,240.8618,242.4969,242.6458,242.6989,243.6060,247.0079,265.9804,239.8024,247.2045,249.6937,247.5050,237.7284,246.6691,262.7394,242.4079,237.7284,249.5234,265.8987,263.6634,263.9810,267.0788,260.4829,267.7260,260.4829,263.5762,263.0897,241.5362,248.6890
3.0000,260.5491,238.6158,238.7400,240.8865,237.2881,246.3024,245.3360,264.3714,244.8506,265.2921,255.6349,263.9141,243.0087,249.1399,241.3072,240.9317,243.1605,243.5127,248.9045,235.7001,243.7668,243.6337,243.6149,242.5582,247.2685,249.6026,249.8877,251.6282,263.9568,238.4580,239.2509,239.2638,264.1984,259.2648,258.7920,259.2463,244.6870,255.2389,244.3359,260.9878,269.6348,255.3276,256.3269,270.4125,266.2424,253.8171,268.7911,268.1812,239.7090,271.9110,270.0076,260.5704,271.9882,263.3618,268.5056,261.6100,242.2769,270.2887,248.0082,259.3152,263.5545,263.9892,269.0318,269.3280,263.5400,262.4163,262.6695,269.6534,264.7053,265.1348,274.8544,267.6277,264.0338,263.5941,254.2658,235.3274,240.5603,264.2317,262.4839,254.0707,239.8098,243.8942,244.7438,244.8526,245.0814,245.3965,245.5501,245.2533,245.1589,264.1083,243.5158,243.9632,243.2883,239.9572,238.0879,257.1909,258.2818,252.3378,0.0000,255.0656,258.5201,244.7501,242.8536,257.7886,249.6162,249.5652,256.8139,262.2246,262.8327,241.7539,244.0964,273.5150,262.2724,245.1135,246.3176,245.7967,251.9249,256.4972,242.6592,261.5636,266.7926,244.6273,245.2476,237.6044,252.5234,247.0850,265.0754,260.1193,250.0312,250.0729,237.5292,240.8758,240.9016,261.1144,239.5171,247.5411,244.9956,245.1900,245.3453,255.0394,245.0524,245.6374,241.9031,240.9857,266.7684,239.5098,242.8615,241.4941,261.4517,262.1829,272.5061,272.5062,268.6275,239.0614,247.1211,240.6529,242.9839,242.2440,242.3619,241.7108,260.3366,0.0000,251.5982,240.8532,269.9431,269.8796,241.7889,241.5728,263.9806,245.3977,243.5662,270.4183,262.5833,249.4360,262.8550,281.2566,250.5971,259.5610,298.3742,291.1290,264.3442,262.0175,240.9564,269.7205,269.5317,266.5252,268.6174,263.4027,245.8404,250.1495,249.6400,305.0429,299.7144,248.2790,268.2886,270.1316,270.2155,269.0765,266.7684,270.0827,268.8264,270.0897,270.2378,270.0168,265.6885,243.5158,238.0920,241.7127,0.0000,240.6461,244.8651,240.6461,242.1664,242.3094,242.1786,243.1585,246.8817,264.9418,239.2534,247.1583,249.5532,247.4650,237.5607,246.0989,262.5827,242.1835,237.5606,249.3677,265.8987,262.7273,263.0318,265.9394,260.3366,267.5919,260.3366,263.4292,262.9559,241.0241,248.4421
4.0000,259.8036,238.0776,238.1861,240.4824,237.1585,245.8350,244.8593,263.4296,244.2710,264.3072,254.8328,263.0003,242.4256,248.4862,241.1998,240.9186,242.7996,243.1502,248.5880,235.0154,243.3981,243.2970,243.2726,242.2118,246.7718,249.1120,249.4027,250.9396,262.9089,237.9263,238.7189,238.7193,263.0691,258.5454,258.0919,258.3782,244.1100,254.6214,243.7888,260.2301,268.6326,254.5600,255.5081,269.3882,265.0608,253.6819,268.2510,267.6122,239.7090,271.7807,269.8942,260.3138,271.9534,263.0959,268.2772,261.3353,241.8646,270.1125,247.8434,259.1072,263.2448,263.6643,268.8307,269.1203,263.5400,262.1418,262.4011,269.3092,264.4587,264.9550,274.6920,267.8242,263.7856,263.2843,254.1572,234.8236,240.0832,263.1731,261.5162,253.4249,239.3071,243.5143,244.1656,244.2757,244.4995,244.8101,244.9447,244.6622,244.5765,263.2488,242.9573,243.4317,242.7646,239.4654,237.5921,256.4509,257.5334,251.6299,0.0000,254.2778,257.6603,244.1665,242.5017,257.1028,249.3372,249.2786,256.5238,261.9326,262.5296,241.7837,243.5256,273.3347,261.3028,244.5231,245.7987,245.4092,252.1251,255.8556,242.1373,261.2983,266.4009,244.0644,244.6655,237.0807,252.3877,246.4612,264.1018,259.8307,249.8836,249.9253,237.0399,240.7308,240.4150,260.3340,238.9778,246.8445,244.4117,244.6045,244.7596,254.9207,244.5782,245.1693,241.5429,240.6268,266.3716,239.1144,242.6127,241.3488,261.1748,261.9064,271.5652,271.5653,267.7258,238.5294,246.4244,240.7509,242.7132,242.0757,241.8650,241.2043,260.0483,0.0000,250.8530,240.4477,269.8289,269.7543,241.2780,241.0584,263.0039,244.7680,243.0059,270.2705,262.5833,249.0710,262.8473,280.7337,249.9219,258.8655,297.3817,290.1257,263.2098,261.2194,240.9496,269.5387,269.3523,266.2715,268.4451,263.2114,245.3610,249.6597,249.1493,304.0820,298.7236,247.7644,267.8445,269.5745,269.6649,268.6134,266.3716,269.5271,268.4579,269.7450,269.6864,269.3661,265.2996,242.9573,237.5962,241.2061,0.0000,240.3625,244.2851,240.3625,241.8048,241.9492,241.6588,242.7654,246.5851,263.8461,238.7213,246.8022,249.2787,247.1796,237.3177,245.5129,262.3469,241.9749,237.3176,248.8254,265.8987,261.7377,262.0244,264.7654,260.0483,267.1625,260.0483,263.1466,262.6771,240.5620,248.2823
5.0000,259.3084,237.8340,237.9229,240.3547,237.1890,245.6885,244.7284,262.8446,244.0006,263.7253,254.4034,262.4645,242.2232,248.1812,241.2407,240.9147,242.9652,243.2662,248.6518,234.7499,243.2814,243.2257,243.1761,242.0961,246.6117,248.9929,249.2747,250.6265,262.2333,237.6923,238.4868,238.4760,262.3956,258.0393,257.6417,257.8773,243.8422,254.3092,243.5461,259.7237,267.9041,254.1414,255.0710,268.6396,264.3641,253.2560,268.0186,267.3793,239.7090,271.6925,269.8185,259.8688,271.8524,262.9277,267.9472,260.8741,241.8747,269.9857,247.4630,258.6637,263.0580,263.4748,268.6980,268.9888,263.5400,261.9907,262.2507,269.0948,264.2694,264.7664,274.5631,267.6350,263.5412,263.0975,253.8227,234.6339,240.1009,262.4740,260.9267,253.1046,239.1000,243.7169,243.8968,244.0113,244.2189,244.5197,244.6591,244.3871,244.2975,262.6726,242.7434,243.1990,242.5438,239.2777,237.4045,256.0384,257.0940,251.3359,0.0000,253.8540,257.1686,243.9191,242.3790,256.6530,249.3242,249.2447,256.4121,261.7614,262.3513,241.7767,243.3193,273.2046,260.7088,244.3153,245.7185,245.4005,252.7264,255.5138,241.9160,260.8417,266.1949,243.8124,244.4021,236.8623,251.9932,246.1697,263.5272,259.6820,249.5017,249.5433,236.9187,240.6871,240.2590,259.8109,238.7398,246.4950,244.1441,244.3353,244.4929,254.4474,244.4199,245.0176,241.4132,240.4976,266.1652,239.0410,242.5374,241.3049,261.0154,261.7560,270.7454,270.7454,267.0128,238.2969,246.1564,240.7041,242.7963,242.1295,241.6621,240.9957,259.8985,0.0000,251.0132,240.3196,269.7527,269.6669,241.0700,240.8499,262.4232,244.5276,242.7908,270.2569,262.5833,249.1523,262.8466,280.3866,249.6100,258.3441,295.5115,288.7975,262.5381,260.6755,240.9453,269.4137,269.2311,266.1056,268.2951,263.0977,245.2400,249.5379,249.0292,302.2819,296.6914,247.6241,267.6293,269.3386,269.4283,268.4011,266.1652,269.2916,268.2441,269.5302,269.4481,269.1076,265.0974,242.7434,237.4086,240.9975,0.0000,240.5754,244.0144,240.5754,241.6736,241.8168,241.4518,242.8232,246.6967,263.1627,238.4893,246.9086,249.2711,247.2807,237.5832,245.2474,262.0412,242.0457,237.5831,248.6163,265.8987,261.1231,261.3909,264.0727,259.8985,266.9582,259.8985,262.9808,262.5312,240.4662,247.9027
6.0000,262.1843,237.9647,238.0451,240.5282,237.3750,248.1187,247.2192,263.4976,243.9337,264.1182,254.8284,262.8009,242.3531,248.8467,241.2588,240.8809,243.1709,243.3657,249.0389,234.8244,244.0335,243.1477,243.2982,242.5857,250.3821,253.0635,253.4316,251.6218,262.6212,237.8283,238.6131,238.6585,262.8040,261.0615,260.5258,258.2810,243.7392,256.9815,243.5734,262.5972,270.7281,255.1082,255.5489,271.4592,264.7645,253.3962,268.5732,267.9450,239.7090,271.8030,269.9103,259.9437,271.9506,263.2069,268.0672,260.9383,241.9911,270.1389,247.5822,259.0679,263.3940,263.8112,268.8757,269.1616,263.5400,262.2705,262.5211,269.4706,264.5920,265.0652,274.7277,267.9517,263.8585,263.4334,253.9597,234.7576,240.2026,262.8582,261.3187,255.2562,239.2593,243.7516,243.7935,243.9040,244.1423,244.4370,244.6018,244.3269,244.2005,263.4897,242.8359,243.2346,242.6371,239.3929,237.5225,257.1914,258.3884,252.3245,0.0000,254.2298,257.5628,243.9017,242.9132,259.8367,249.6421,249.5386,256.7371,262.0829,262.6826,241.7339,243.4110,273.3804,261.1015,244.3946,248.0102,245.9797,253.0762,259.0375,241.9820,260.9078,266.6114,243.7923,244.3181,236.9896,252.1239,246.5501,263.9111,260.0204,249.6245,249.6662,237.0328,240.6173,250.3821,260.8532,238.8624,246.8865,244.0678,244.2845,244.4299,254.5989,244.5654,246.0358,241.6458,240.8623,266.5924,239.0410,242.6184,241.3416,261.3099,262.0384,271.7558,271.7558,267.9308,238.4255,246.2299,240.7659,242.7544,242.1268,241.7635,241.0950,260.2404,0.0000,251.5592,240.4861,269.8466,269.7754,241.1690,240.9554,262.8207,244.6117,242.8825,270.2095,262.5833,249.5512,262.8441,280.2604,250.4561,261.3530,298.3578,290.3791,262.9522,261.6444,240.9102,269.5739,269.3867,266.3631,268.2690,263.2743,247.7134,252.8379,253.0756,306.7435,299.9498,251.4163,267.9573,269.9034,269.9917,268.9304,266.5924,269.8548,268.6304,269.9066,270.0125,269.7697,265.4967,242.8359,237.5265,241.0966,0.0000,240.9791,243.9476,240.9792,241.8465,241.9554,241.5524,242.9308,247.0937,263.5578,238.6156,247.3574,249.5944,247.7080,238.0830,245.5072,262.3853,242.0961,238.0828,251.8901,265.8987,261.5146,261.7807,264.4753,260.2404,267.2856,260.2404,263.3727,262.8163,240.6341,248.0241
7.0000,262.1468,237.8971,237.9744,240.5556,237.4111,248.0976,247.1969,263.3652,243.8599,264.0045,254.7599,262.6783,242.3537,248.7783,241.2700,240.8906,243.3000,243.4015,249.1597,234.7979,244.0232,243.1858,243.3089,242.5751,250.3499,252.9971,253.3646,251.5567,262.5707,237.7626,238.5519,238.5896,262.7421,261.0442,260.4982,258.1871,243.6660,256.9546,243.5091,262.5571,270.6363,255.0724,255.4834,271.3627,264.6987,253.4425,268.5683,267.9447,239.7090,271.8366,269.9404,259.9318,271.8870,263.2432,268.0765,260.9240,241.9480,270.1664,247.6050,259.0699,263.4029,263.8102,268.8969,269.1820,263.5400,262.3060,262.5538,269.4574,264.5387,264.9750,274.7467,267.4209,263.8938,263.4423,253.9775,234.6988,240.1800,262.8163,261.2397,255.2153,239.1503,243.7884,243.7199,243.8286,244.0685,244.3627,244.5191,244.2475,244.1257,263.3976,242.7647,243.1738,242.5799,239.3448,237.4703,257.1541,258.3392,252.2682,0.0000,254.1571,257.4777,243.8342,242.8947,259.7916,249.7328,249.6120,256.7788,262.1018,262.6963,241.7256,243.3331,273.4045,261.0273,244.3039,247.9578,246.0776,252.6356,258.9363,241.9284,260.8905,266.6067,243.7261,244.2574,236.9273,252.1577,246.4685,263.7960,260.0467,249.6510,249.6926,236.9775,240.6134,250.3499,260.7831,238.7995,246.7453,243.9931,244.2065,244.3470,254.6710,244.5697,246.0322,241.5911,240.7440,266.5962,239.2216,242.6121,241.3377,261.3444,262.0748,271.6856,271.6856,267.8506,238.3632,246.1461,240.5796,242.8829,242.1663,241.7108,241.0465,260.2661,0.0000,251.5409,240.5144,269.8753,269.7980,241.1244,240.9263,262.7246,244.5302,242.8107,270.1734,262.5833,249.6543,262.8422,280.1735,250.3890,261.3717,298.2388,290.3007,262.8898,261.5677,240.9172,269.5975,269.4098,266.3761,268.2414,263.2964,247.6896,252.7925,253.0098,306.5051,299.8085,251.3684,267.8147,269.9137,270.0038,268.8880,266.5962,269.8650,268.6242,269.8735,270.0257,269.7606,265.4988,242.7647,237.4743,241.0481,0.0000,241.2660,243.8736,241.2660,241.8045,241.9165,241.4952,242.9101,247.2743,263.4990,238.5543,247.4821,249.6900,247.8624,238.4765,245.4415,262.4103,242.1171,238.4762,251.8552,265.8987,261.4459,261.7192,264.4100,260.2661,267.0921,260.2661,263.3896,262.8524,240.5292,248.0479
8.0000,262.0450,237.9148,237.9913,240.5726,237.4502,248.0994,247.1997,263.4402,243.8819,264.0620,254.7486,262.7870,242.3252,248.8112,241.2794,240.8829,243.4114,243.4443,249.3823,234.7556,244.0405,243.2091,243.3392,242.5917,250.3502,252.9917,253.3644,251.5800,262.5243,237.7804,238.5701,238.6101,262.6782,260.9399,260.4097,258.2083,243.6897,256.9328,243.5361,262.4508,270.4416,255.0640,255.4545,271.1600,264.6286,253.4657,268.9268,268.3150,239.7090,271.9300,270.0180,259.9624,271.9134,263.4036,268.1742,260.9583,241.9771,270.2852,247.6426,259.3957,263.6205,264.0466,269.0331,269.3208,263.5400,262.4600,262.7055,269.6630,264.7732,265.2021,274.8583,267.7664,264.1060,263.6600,254.0223,234.7215,240.1787,262.7605,261.2363,255.2105,239.1737,243.8047,243.7436,243.8492,244.0893,244.3831,244.5372,244.2658,244.1462,263.4327,242.8056,243.1991,242.6068,239.3837,237.5034,257.1502,258.3365,252.2946,0.0000,254.1564,257.4876,243.8672,242.9083,259.7071,249.9319,249.7928,256.9760,262.2999,262.9067,241.7165,243.3762,273.5196,261.0170,244.3617,247.9503,246.0417,253.0518,258.8952,241.9517,260.9298,266.8727,243.7416,244.2594,236.9449,252.1886,246.5242,263.8617,260.2509,249.6860,249.7276,236.9763,240.6471,250.3502,260.8071,238.8165,246.9014,244.0194,244.2228,244.3612,254.6797,244.5699,246.0321,241.6335,240.7866,266.8562,239.2216,242.6699,241.3713,261.5116,262.2308,271.7098,271.7099,267.8831,238.3813,246.1802,240.2932,243.0236,242.1950,241.7401,241.0701,260.4718,0.0000,251.7572,240.5314,269.9531,269.8815,241.1455,240.9350,262.7577,244.5711,242.8515,270.0856,262.5833,249.8847,262.8377,280.0788,250.4170,261.2424,298.3453,290.3318,262.8255,261.5973,240.9093,269.7205,269.5305,266.5537,268.2194,263.4010,247.6898,252.7903,253.0054,306.7686,299.9442,251.3863,268.2864,270.2715,270.3601,269.2150,266.8562,270.2220,268.8448,270.0596,270.3824,270.1397,265.7687,242.8056,237.5075,241.0717,0.0000,241.6087,243.8956,241.6088,241.8487,241.9589,241.5280,242.9532,247.5263,263.4536,238.5726,247.6867,249.8941,248.1213,238.9563,245.4706,262.6575,242.1396,238.9559,251.8539,265.8987,261.4270,261.6902,264.3408,260.4718,267.5751,260.4718,263.6171,263.0003,240.5882,248.0851
9.0000,262.2138,238.0866,238.1676,240.6618,237.4194,248.1669,247.2418,263.7572,244.0911,264.4061,254.9182,263.1203,242.5527,248.9938,241.3253,240.8944,243.6673,243.6378,249.7106,234.9121,244.1390,243.3304,243.4540,242.6847,250.4329,253.1336,253.5196,251.7520,262.8081,237.9500,238.7453,238.7748,262.9239,261.0881,260.5675,258.4434,243.8998,257.0607,243.7389,262.6239,270.6984,255.2857,255.5844,271.4244,264.8782,253.4126,269.1206,268.4955,239.7090,272.0972,270.1691,260.0851,272.0804,263.6641,268.3952,261.0957,242.1800,270.5028,247.6260,259.7458,263.9028,264.3332,269.2492,269.5349,263.5400,262.6969,262.9390,269.9602,265.0876,265.5450,275.0435,268.0820,264.4520,263.9425,253.9313,234.8995,240.3766,263.0528,261.5093,255.3585,239.3436,243.9936,243.9544,244.0650,244.2972,244.5916,244.7603,244.4817,244.3584,263.7015,243.0294,243.3987,242.7961,239.5746,237.6890,257.4004,258.5390,252.4742,0.0000,254.3465,257.7124,244.0894,243.0022,259.8807,250.2102,250.0559,257.2396,262.5631,263.1834,241.7236,243.6081,273.7142,261.2846,244.6081,248.0067,246.1769,252.8646,259.1146,242.1307,261.0665,267.1249,243.9586,244.5019,237.1237,252.1380,246.7158,264.2041,260.5110,249.6509,249.6925,237.1744,240.7255,250.4329,261.0386,238.9958,247.0934,244.2368,244.4391,244.5728,254.6088,244.5527,246.0461,241.7794,240.9320,267.0997,239.2216,242.8044,241.4499,261.7568,262.4707,272.0136,272.0137,268.1776,238.5551,246.5151,240.2493,243.1717,242.2825,241.9223,241.2412,260.7313,0.0000,252.3453,240.6206,270.1023,270.0316,241.3200,241.1081,263.0634,244.8514,243.0763,270.1028,262.5833,250.2419,262.8386,280.1347,250.5915,261.3557,298.7330,290.6587,263.0687,261.8391,240.9202,269.9302,269.7321,266.8073,268.2359,263.5678,247.7426,252.8885,253.1462,307.1935,300.3390,251.4186,268.6374,270.4646,270.5480,269.4012,267.0997,270.4157,269.1255,270.3771,270.5707,270.3603,266.0295,243.0294,237.6931,241.2428,0.0000,241.9499,244.1050,241.9500,241.9992,242.1105,241.7242,243.1556,247.8755,263.7317,238.7477,248.0204,250.1755,248.4725,239.3358,245.6660,263.0048,242.2441,239.3353,251.9568,265.8987,261.6992,261.9653,264.5894,260.7313,267.9385,260.7313,263.8686,263.2350,240.6997,248.0620
10.0000,259.8397,238.4025,238.4945,240.7689,237.3770,246.0325,245.0797,263.7523,244.1249,264.7117,255.2238,263.4528,242.7827,248.6443,241.5061,240.9150,244.5769,244.2919,251.3129,235.0517,243.6017,243.4417,243.4099,242.4520,246.9620,249.3213,249.6295,251.1534,263.2659,238.2600,239.0182,239.0510,263.3962,258.6325,258.1789,258.7368,243.8489,254.8154,243.8620,260.2524,268.3816,254.8663,255.9162,269.1125,265.3746,254.5488,271.9647,271.2994,239.7090,273.2200,271.1164,261.4138,272.7057,265.8341,269.8928,262.4683,242.7389,272.0777,248.7650,260.8772,266.7584,267.1860,270.9994,271.2965,263.5400,264.9961,265.1413,272.9183,268.0228,268.5391,276.5303,270.9741,266.4722,266.7981,254.9188,235.2837,240.9485,263.5300,261.8873,253.6410,239.5704,244.6962,243.9054,244.0285,244.3360,244.6423,244.8334,244.5534,244.3649,263.5510,243.4333,243.5751,243.0400,239.9563,238.0695,256.7289,257.8087,251.8852,0.0000,254.6292,258.0147,244.2110,242.7271,257.1992,251.8262,251.6352,260.1381,265.3669,266.0540,241.7334,244.0257,275.2889,261.6673,245.0874,245.9838,245.7025,252.9733,255.9679,242.3205,262.4463,270.0062,244.1033,244.6292,237.4638,253.2243,246.5742,264.5140,263.9952,250.7434,250.7853,237.6246,241.1452,240.6014,260.5932,239.2745,246.9271,244.2573,244.5388,244.6785,255.7511,244.7804,245.3679,242.0635,241.1453,269.9788,239.4820,243.3300,241.7644,264.1808,264.7969,271.9270,271.9270,268.0734,238.8370,247.1352,240.5805,243.3226,242.4929,242.1868,241.4700,264.2174,0.0000,253.9389,240.7351,271.0614,271.1048,241.5520,241.2925,263.4186,245.3869,243.4819,270.4304,262.5833,251.8383,262.8556,280.2571,250.1102,258.9127,297.8802,290.5105,263.5373,261.4835,240.9392,271.5371,271.2890,269.1203,268.2880,265.0516,245.5819,249.8770,249.3590,304.2530,299.1725,247.9191,271.4749,273.3340,273.4191,272.3022,269.9788,273.2848,272.0576,273.3599,273.4418,273.2161,268.8870,243.4333,238.0736,241.4714,0.0000,243.1265,244.1397,243.1267,242.3435,242.4565,242.0419,243.7601,249.3486,264.1975,239.0207,249.6736,251.7921,250.0967,240.5510,245.6173,264.7508,242.6125,240.5506,249.0235,265.8987,262.1005,262.3861,265.0813,264.2174,270.7782,264.2174,267.3808,265.5355,240.8893,249.1912
11.0000,261.8613,239.6074,239.7242,241.6096,237.9348,247.0810,246.1961,265.7366,245.4667,266.7873,256.8782,265.4693,244.0823,250.1094,241.6477,241.1477,245.1594,244.8445,252.0814,236.4009,244.1973,243.3615,243.4988,243.1208,248.4782,250.9926,251.3440,252.6653,265.3040,239.4504,240.2547,240.2998,265.4670,260.7349,260.1294,260.5534,245.1806,256.4725,245.1350,262.2926,270.7904,256.5738,257.5773,271.5546,267.4765,255.1452,272.7760,272.0648,239.7090,273.6536,271.4624,262.3237,272.9430,266.5807,270.6784,263.4309,243.4314,272.5943,249.3715,261.6141,267.5233,267.9466,271.5456,271.8468,263.5400,265.7289,265.8697,273.7093,268.9185,269.5268,277.0245,272.0078,267.3066,267.5624,255.3144,236.3955,241.7228,265.5867,263.8482,255.2692,241.3036,245.1952,245.2390,245.3569,245.6911,246.0108,246.2199,245.9143,245.7154,265.4892,244.7281,244.8230,244.2616,241.1046,239.2046,258.4539,259.5613,253.3664,0.0000,256.2748,259.8001,245.5067,243.4434,259.2745,252.6055,252.4140,260.9193,266.1192,266.8189,242.3819,245.3543,275.8231,263.6192,246.4678,247.0178,245.9820,254.0376,258.0355,243.5727,263.3909,270.8020,245.4071,245.9599,238.6328,253.7787,247.9864,266.5801,264.7716,251.3110,251.3529,238.6184,241.3406,243.8434,262.4376,240.5253,248.4747,245.5914,245.8880,246.0290,256.3807,244.8473,245.8052,242.8568,241.9371,270.7724,239.9663,243.8666,242.0670,264.9113,265.5333,273.9806,273.9806,270.0750,240.0623,248.7063,240.2779,243.7894,242.7403,243.3506,242.6975,264.9961,0.0000,254.7140,241.5799,271.4068,271.4759,242.7840,242.5059,265.4499,246.8205,244.7805,270.6842,262.5833,252.5981,262.8688,280.6934,251.6024,261.0036,300.2254,292.7098,265.6106,263.3566,241.2334,272.0495,271.7908,269.7781,268.4437,265.5899,246.6891,251.2789,251.0220,306.8268,301.5620,249.4363,272.2705,274.1612,274.2454,273.1340,270.7724,274.1115,272.8594,274.1521,274.2696,274.0389,269.6659,244.7281,239.2087,242.6991,0.0000,243.8312,245.4822,243.8313,243.1488,243.2691,243.2545,244.3747,250.0755,266.2714,240.2571,250.4392,252.5722,250.8870,241.3072,246.9604,265.5551,242.9169,241.3065,250.5740,265.8987,264.0754,264.3780,267.1787,264.9961,271.5631,264.9961,268.1925,266.2759,242.1389,249.7838
12.0000,261.5490,239.7504,239.9022,241.5054,237.7201,246.5694,245.6087,266.2778,245.0986,267.5701,257.2175,266.2298,244.1238,250.0029,241.7147,241.2319,245.4390,245.0842,252.0314,236.5896,244.1415,243.7728,243.8043,243.0453,247.6043,249.9506,250.2667,252.5552,266.0826,239.5733,240.2361,240.2968,266.2758,260.3733,259.7752,261.0723,244.7041,256.0304,244.9213,261.9913,270.7086,256.7310,257.9026,271.4926,268.3225,255.7763,272.9444,272.1898,239.7090,273.7582,271.5807,263.4220,272.9156,266.7885,271.4551,264.6330,243.6228,272.7857,250.0063,261.9469,267.7210,268.1419,271.7346,272.0398,263.5400,265.9145,266.0674,273.9123,269.2249,269.9158,277.2070,272.2092,267.5330,267.7608,255.6562,236.4845,241.9602,266.3919,264.5200,254.9530,240.5423,245.4736,244.7654,244.8963,245.3161,245.6434,245.9482,245.6241,245.2992,265.8893,244.7966,244.6557,244.1799,241.0699,239.2130,258.5743,259.6247,253.2490,0.0000,256.6081,260.2856,245.3074,243.3678,258.8699,252.5894,252.4072,261.0173,266.3081,267.0085,242.4313,245.4699,276.0261,264.2869,246.6617,246.5090,246.0819,253.8802,257.5406,243.3367,264.5820,270.9983,245.2150,245.7482,238.7490,254.3515,247.8500,267.3594,264.9222,251.8992,251.9412,238.7627,240.9801,241.2309,262.6285,240.5250,248.4094,245.2233,245.6407,245.7909,257.0673,244.9876,245.6904,242.7195,241.7989,270.9627,239.9663,243.6783,241.9337,265.0930,265.7141,274.4677,274.4677,270.5386,240.0778,249.0589,240.0935,243.9568,242.8270,243.2516,242.4933,265.1475,0.0000,254.5678,241.4750,271.5249,271.6122,242.5916,242.2702,266.1957,247.0345,244.8524,270.7961,262.5833,252.5359,262.8746,280.7925,251.4952,260.6892,300.8827,293.2364,266.4173,263.6004,241.3124,272.2318,271.9703,269.9767,268.5636,265.7700,246.1126,250.4740,249.9872,307.6767,302.2456,248.5045,272.5092,274.3457,274.4272,273.3227,270.9589,274.2959,273.0669,274.3576,274.4524,274.2418,269.8551,244.7966,239.2171,242.4946,0.0000,244.0348,245.1163,244.0349,243.0067,243.1273,243.2214,244.5917,249.9183,267.0830,240.2384,250.3721,252.5561,250.8686,241.5822,246.7860,265.8144,243.0523,241.5814,249.8705,265.8987,264.7720,265.0978,268.0184,265.1475,271.8010,265.1465,268.3652,266.4654,242.1713,250.3998
13.0000,264.4375,241.8962,242.1083,243.2898,238.8359,247.8993,246.8894,270.6538,247.7736,272.2600,260.6065,270.6409,246.4466,252.2181,242.1941,241.4630,247.1400,246.6956,253.2437,238.9338,245.4593,244.8263,244.9489,244.4013,249.5030,251.9036,252.2458,254.9885,270.5028,241.6843,242.3710,242.4295,270.7836,263.3816,262.5952,264.8696,247.5230,258.5112,247.3293,264.8974,273.9649,260.0640,261.3121,274.7805,272.9056,255.6009,273.6750,272.8584,239.7090,276.8366,275.6102,263.7480,273.8494,267.3319,272.1346,265.1356,245.4148,274.7366,249.9070,261.2226,268.4968,268.9076,273.6110,273.6991,264.4008,266.7209,266.8190,274.6966,270.0875,270.8570,278.5467,272.9211,267.2528,268.5359,255.4906,238.4716,243.7608,270.8482,268.8415,257.5264,241.9533,247.2021,247.5837,247.6960,248.0177,248.3553,248.6038,248.2706,248.0610,269.9009,247.2278,246.9849,246.4385,243.1408,241.2524,261.8793,262.9186,255.6803,0.0000,259.9799,264.0273,247.7431,244.7140,261.8115,253.7074,253.5309,261.8425,267.0529,267.7726,242.9717,248.0036,277.6022,268.5419,249.3530,247.7658,247.1899,256.3067,260.3703,245.5294,265.0894,271.7256,247.6761,248.2623,240.8226,254.2345,250.1519,272.0047,265.5973,251.8114,251.8535,240.6909,240.9801,244.8491,266.2487,242.6911,250.7103,247.9007,248.2384,248.4163,256.8523,244.6384,245.9761,244.3403,243.8745,271.6857,241.8990,244.4989,242.3693,265.8700,266.5230,278.9597,278.9597,274.8583,242.2070,252.0004,239.7797,244.9201,243.4785,245.3659,244.5633,265.7995,0.0000,255.9939,243.2691,275.2805,274.0382,244.6804,244.3175,271.0451,249.7309,247.2896,283.1728,281.9035,253.7686,281.8201,301.4035,253.8287,263.7106,305.4920,298.0179,270.9293,267.3323,241.5893,274.0454,274.0358,271.2915,288.3717,266.6014,247.4148,252.1041,251.9288,311.7844,306.7655,250.3938,273.2445,275.1251,275.2127,274.0649,271.5758,275.0749,273.8329,275.1411,275.2341,275.0023,270.5576,247.2278,241.2565,244.5650,0.0000,245.7903,247.7909,245.7904,244.5316,244.6224,245.4524,246.3371,251.3100,271.5764,242.3732,251.6197,253.6744,252.0956,243.4723,249.1243,265.2186,243.9794,243.4712,251.9751,265.8987,269.0747,269.4255,272.5902,265.7974,272.5277,265.7673,269.0038,267.2686,244.4394,250.2912
14.0000,265.0685,241.9517,242.1881,243.3378,238.8654,247.8913,246.9446,271.1982,247.8057,272.8055,260.8414,271.1038,246.5058,252.7396,242.1801,241.5725,246.5601,246.4168,251.6507,239.0635,245.2370,243.8752,244.2230,244.3328,249.5558,252.1452,252.5156,255.4391,270.9176,241.7253,242.4308,242.5498,271.1959,263.9825,263.1169,265.1830,247.5507,258.8185,247.3414,265.5575,275.2068,260.5408,261.5412,276.0750,273.2997,254.6440,269.4198,268.5534,239.7090,272.5863,270.5989,263.0180,272.0655,264.2824,270.5294,264.4421,245.2190,271.3304,248.9691,257.8435,264.7645,265.1468,270.0373,270.3579,263.5400,263.7768,263.9906,270.6551,266.3754,267.2090,275.7285,268.9231,263.3470,264.8026,254.3306,238.4556,243.6147,271.2669,269.2511,257.8776,242.0070,246.9742,247.6115,247.7186,248.0486,248.3841,248.6614,248.3159,248.0863,270.4658,247.1497,246.9759,246.4219,242.9952,241.1538,262.4132,263.4403,256.1274,0.0000,260.2142,264.3299,247.7392,244.6691,262.3526,252.0365,251.8836,258.6606,263.5010,264.0701,243.0552,247.9837,274.4965,268.9360,249.4039,247.7266,246.2945,256.0765,260.7877,245.5411,264.3418,267.6069,247.6818,248.2373,240.8392,253.2213,250.4537,272.5371,261.7248,250.8167,250.8585,240.6076,240.9801,244.9002,266.8652,242.7615,251.0545,247.9212,248.2776,248.4646,255.9105,244.6418,245.9732,244.4038,244.4052,267.5454,242.1146,244.2141,242.2201,262.7776,263.5623,279.5734,279.5735,275.4471,242.2621,251.5045,239.4631,245.4611,243.6886,245.3322,244.5686,261.8209,0.0000,254.2342,243.3195,270.5373,270.5554,244.6864,244.3367,271.5462,249.4386,247.2082,270.3754,262.5833,252.1579,262.8527,282.0297,254.3152,264.3030,306.1897,298.6756,271.3460,267.9537,241.6948,270.7106,270.4737,267.6306,269.2055,264.4688,247.4393,252.2456,252.1670,312.6010,307.4810,250.4289,269.3212,270.8703,270.9564,269.8379,267.0946,270.8231,269.7538,271.0943,270.9774,270.7085,266.4544,247.1497,241.1579,244.5704,0.0000,244.9872,247.8234,244.9872,244.4860,244.5524,245.3880,246.0956,249.9757,272.0091,242.4329,250.0808,252.0042,250.5255,242.7221,249.3218,260.9675,243.8607,242.7210,252.1187,265.8987,269.4754,269.8282,272.9878,261.8099,268.6456,261.6907,264.6020,264.3249,244.4928,249.3402
15.0000,266.0137,242.6097,242.8871,243.7132,239.2821,247.7478,246.6824,271.0901,248.3814,273.3549,261.2819,271.4628,247.0507,252.8600,242.2434,241.7274,246.4379,246.5654,250.1455,240.1681,245.5207,244.6887,244.9014,244.5635,249.2138,251.6473,252.0058,255.5970,271.8166,242.3535,243.0696,243.3098,272.1406,264.6326,263.7544,265.6622,248.1102,258.8514,247.7863,266.5817,277.8154,260.7973,261.9661,278.8268,274.3225,253.7642,264.7066,263.7987,239.7090,271.0995,269.2834,262.3678,271.1429,261.1643,269.4381,263.8348,245.5450,269.2431,248.1037,252.5068,260.8163,261.1222,267.6718,267.9786,263.4657,260.8343,261.1373,266.3164,262.3325,263.1924,273.8199,264.5506,259.1933,260.8536,253.3587,238.9189,243.9720,272.2069,269.9749,257.8990,242.5037,247.1649,248.1745,248.2894,248.6428,248.9984,249.2679,248.9076,248.6817,270.5581,247.6174,247.3962,246.8221,243.2530,241.4865,262.5885,263.5319,256.3083,0.0000,260.6814,264.8415,248.2707,244.9224,262.7982,250.3992,250.2816,255.3654,259.7728,260.1529,243.4538,248.5566,272.4700,269.6604,250.1032,247.5197,246.8900,260.3326,260.8506,246.0173,263.7024,263.1473,248.1910,248.7330,241.4282,252.3512,250.7550,273.0562,257.6584,249.9589,250.0006,241.0380,240.9801,243.4590,266.9006,243.4284,251.4953,248.4998,248.8552,249.0651,255.0691,244.6858,245.9372,244.1950,243.7293,263.0857,242.4089,243.9444,242.0793,259.6132,260.5927,279.8341,279.8341,275.7250,242.8982,252.0207,239.4029,245.6184,243.7864,245.6778,245.0177,257.6386,0.0000,252.5862,243.6986,269.1915,269.0281,245.1459,244.7202,272.3082,249.9073,247.6785,270.0897,263.1369,250.6420,263.3623,284.6787,254.4596,264.9132,305.5696,298.8991,272.2880,267.9905,241.8857,268.5387,268.3672,264.4570,270.4732,262.5563,247.2021,251.8821,251.6735,309.0805,306.4221,250.0940,264.8407,266.1397,266.2290,265.2471,262.2425,266.0970,265.3648,266.7499,266.2485,265.9523,261.5518,247.6174,241.4906,245.0197,0.0000,244.4269,248.3998,244.4269,244.3677,244.4962,245.7684,246.3839,248.8119,272.9473,243.0714,248.6477,250.3662,249.0310,242.1348,249.6485,255.5677,243.9578,242.1337,251.8872,265.3245,270.2438,270.6409,273.9978,257.6071,264.2221,257.3952,260.4682,261.3756,245.9115,248.4674
16.0000,272.0152,243.2257,243.5209,244.6435,240.2153,251.3257,250.0381,274.0252,249.4762,276.2346,263.3785,274.1412,248.1186,254.8833,241.7289,241.9997,247.3113,247.6877,249.2085,240.8653,247.2432,246.2348,246.4755,245.7164,254.1386,256.8262,257.2771,258.0840,274.4327,242.9465,243.8389,244.0308,274.8639,270.5903,269.4164,268.0083,249.2039,263.2732,248.8171,272.6647,285.5369,263.6954,264.1414,286.6963,277.1840,252.5858,261.5712,260.6072,239.7090,271.8907,270.6843,261.1490,269.8436,258.3648,268.5083,262.6368,246.3868,269.6592,246.9587,247.1152,257.8404,258.0884,267.5261,267.9330,261.3793,258.4961,258.7202,263.2212,259.3992,260.3359,273.4535,261.4428,254.8975,257.8778,252.4185,239.1516,244.7001,274.8257,272.5374,261.7056,241.0866,248.3269,249.2719,249.3746,249.7514,250.1263,250.4051,250.0261,249.7912,273.5213,248.5118,248.3644,247.7043,243.8258,241.9407,265.6910,266.7569,258.7993,0.0000,262.7162,267.1301,249.3503,246.0860,268.6486,249.2973,249.1982,252.8749,256.9092,257.1711,244.3407,249.5386,272.0279,272.1975,251.2011,250.6969,249.0243,261.4381,266.5164,246.9266,262.5141,260.0018,249.2283,249.8145,241.9042,251.2741,252.3738,275.9038,254.5189,248.8850,248.9265,241.4501,240.9801,254.1532,269.9874,244.2194,253.2906,249.6045,249.9617,250.1956,253.8518,246.2252,248.2520,244.4234,243.4962,259.9561,243.2468,243.9031,242.0590,257.1608,258.2415,283.0921,283.0922,278.8424,243.6248,253.1232,239.5989,244.8123,243.1744,246.4420,245.8762,254.4025,0.0000,251.8834,244.6245,270.6189,270.3605,246.0176,245.5801,275.0709,250.8931,248.5759,271.4364,264.1912,249.7233,264.4313,287.0162,256.7407,271.0093,308.8313,302.3785,275.0159,271.0371,242.2488,268.8552,268.6656,262.8688,271.8153,260.2606,250.5773,256.2177,256.8261,313.2574,309.7887,255.0473,261.6642,263.0202,263.1109,262.1138,258.9134,262.9780,262.2634,263.6533,263.1309,262.9054,257.8311,248.5118,241.9449,245.8778,0.0000,244.7980,249.4955,244.7979,244.6391,244.7907,246.5530,247.3699,248.2673,275.6653,243.8406,247.7528,249.2622,248.0957,242.5433,251.0407,250.0020,241.7289,242.5425,256.4720,270.3605,272.8038,273.2102,276.8379,254.3497,261.0115,254.0928,257.2523,259.0524,246.7540,247.3327
17.0000,275.0312,244.3268,244.6374,245.8276,241.1185,253.0871,251.7125,277.2512,251.0308,279.5367,265.7551,277.2663,249.7707,256.7235,242.4033,242.2783,250.8920,251.7760,249.4858,242.2065,248.6202,247.5474,247.8075,246.9671,256.0106,258.8235,259.2989,260.0620,277.7047,244.0296,245.1367,245.3656,278.2317,273.4736,272.2072,270.6952,250.7517,265.4916,250.2743,275.7437,289.8908,266.2151,266.5421,291.1654,280.6640,252.4070,260.3122,259.3820,239.7090,271.1975,270.0144,261.1019,269.5686,257.4569,268.1247,262.6405,249.3809,268.8505,246.7603,247.0603,256.6885,256.9229,266.6625,267.0615,261.3793,257.6741,257.9230,262.0261,258.1271,258.9927,272.6748,260.0662,253.6036,256.7260,252.0990,240.1840,255.6992,278.1498,275.5889,263.8984,242.8776,252.4475,250.8241,250.9255,251.3269,251.7273,251.9893,251.5989,251.3707,276.4261,249.9476,249.7758,249.0657,244.9884,243.0583,268.2377,269.3028,260.7657,0.0000,265.0695,269.7712,250.8697,247.5033,271.4425,249.2880,249.2131,252.1249,255.8319,256.0249,245.0868,251.0486,271.2367,275.2371,252.8160,252.4177,250.4730,262.4876,269.1317,248.3081,262.4981,258.7358,250.7204,251.3396,242.9966,251.0632,254.0818,279.1789,253.4106,248.6746,248.7160,256.9748,240.9494,256.0179,272.7014,245.5459,255.1623,251.1665,251.5228,251.7858,253.7210,248.0016,250.0130,245.2502,244.3200,258.6946,244.2146,244.2211,242.2245,256.2792,257.4191,286.5187,286.5187,281.8919,244.8707,254.8801,239.3637,245.8891,243.9913,247.7016,247.2156,253.2548,0.0000,252.3150,245.8076,269.9360,269.6251,247.3768,246.9376,278.2594,252.4809,250.0162,271.1519,264.1912,250.0236,264.4165,287.8270,258.6578,273.8982,312.8866,306.0454,278.3825,273.8068,242.5962,268.0194,267.8473,261.8532,271.7660,259.7413,252.2657,258.0560,258.8186,317.2258,313.8363,256.9467,260.5567,261.7411,261.8309,260.8361,257.5261,261.6997,261.0447,262.4524,261.8507,261.7012,256.1722,249.9476,243.0625,247.2174,0.0000,247.3452,251.0509,247.3448,245.4303,245.5694,247.8659,250.8091,249.3024,279.0274,245.1383,248.0516,249.2494,248.3779,245.0587,252.6376,248.2631,242.4033,245.0579,258.4420,269.6251,275.9043,276.3583,280.2998,253.1935,259.9259,252.9405,255.9356,258.2073,248.0950,247.1280
18.0000,276.5048,244.4922,244.8196,245.8765,240.9032,253.4248,251.9485,278.6913,251.3587,281.2064,266.8207,278.7938,250.0707,257.3855,242.5239,242.4433,251.0509,251.9773,249.2636,242.1577,248.6215,247.0184,247.4178,247.0285,256.4619,259.5400,260.1204,260.8268,279.4940,244.1809,245.3476,245.6627,280.1908,274.9323,273.5137,271.9693,251.1030,266.3089,250.6300,277.2617,292.3105,267.2066,267.6462,293.6666,282.8207,252.6576,259.5365,258.5783,239.7679,270.9664,269.7985,261.5393,269.5918,257.1308,268.3138,263.1116,249.5735,268.6275,247.0104,251.6537,256.0164,256.2408,266.3231,266.7173,261.3793,257.2426,257.5287,261.3178,257.5055,258.4179,272.4385,259.3911,253.5441,256.0537,252.2563,240.1840,255.9782,279.9756,277.1686,264.6911,241.7524,252.6785,251.1801,251.3272,251.6178,252.0013,252.3427,251.9559,251.7036,277.7021,250.3019,250.1038,249.3493,245.1556,243.1661,269.1475,270.2850,261.5615,0.0000,266.1038,271.0184,251.3171,247.6029,272.8086,249.0128,248.9471,251.5382,255.2084,255.3597,245.3638,251.4443,270.9775,276.8130,253.2558,252.2968,250.1890,260.4528,270.3327,248.4743,262.9615,258.0042,251.0506,251.6284,243.1105,251.3009,254.6800,280.8246,252.6785,248.9168,248.9583,257.2716,240.9801,256.4732,273.8027,245.7736,256.0557,251.5648,251.8873,252.1911,253.9948,248.3720,250.3629,245.3405,244.4049,257.9595,244.2146,244.2355,242.2572,255.7875,256.9784,288.0662,288.0663,283.3163,245.0671,255.5331,239.2440,246.2384,244.1953,247.9175,247.3409,252.4958,0.0000,252.1076,245.8562,269.7132,269.3873,247.5138,247.0517,279.9041,252.9978,250.3738,271.0025,264.1912,249.8647,264.4087,289.7802,259.3810,275.4069,313.7831,307.6665,280.3422,274.9541,242.7776,267.7412,267.5578,261.3352,272.3933,259.4950,252.4732,258.5244,259.5273,316.4617,314.4855,257.4338,259.9066,260.9724,261.0641,260.0745,256.7436,260.9315,260.3315,261.7435,261.0831,260.9568,255.2955,250.3019,243.1702,247.3425,0.0000,247.3431,251.3798,247.3428,245.5258,245.6736,248.1231,251.0345,249.1461,280.9257,245.3491,247.7935,248.9688,248.1312,245.0275,253.1047,248.9913,242.5239,245.0267,258.9973,269.3873,277.5351,278.0366,282.4250,252.4314,259.2956,252.1742,254.9779,257.7740,247.8809,247.3719
19.0000,278.2600,244.8529,245.1942,246.1730,241.1638,254.0299,252.4580,279.4802,251.9811,282.0543,267.5539,279.3202,250.9011,258.0762,242.6688,242.6919,251.3361,252.2740,249.0742,242.6830,249.0147,247.3519,247.7708,247.3553,257.1428,260.3122,260.9254,261.5718,280.7650,244.5273,245.7702,246.0058,281.6243,276.6146,275.0741,272.7715,251.7206,267.2339,251.1938,279.0629,295.0480,267.9813,268.3823,296.4887,284.3258,252.8427,258.8983,257.9929,239.8678,268.9159,267.4647,261.8652,268.9330,256.3779,267.7934,263.4486,249.8794,266.4927,247.1860,249.5740,255.3188,255.5550,264.4388,264.7332,261.3793,256.6232,256.9399,260.6480,256.7003,257.5220,270.9123,258.5566,252.1413,255.3571,252.2073,240.3712,256.4797,281.2888,278.2099,265.5116,242.5446,252.9460,251.8000,251.9512,252.2522,252.6497,252.9994,252.6059,252.3418,278.5287,250.8219,250.6449,249.8283,245.4843,243.4351,269.9099,271.0660,262.2968,0.0000,266.8402,271.8365,251.9213,247.9399,274.4068,248.7931,248.7404,250.9869,254.5452,254.6705,245.8122,252.0271,269.4676,277.8684,253.9318,252.7682,250.5999,262.0313,271.7694,248.9671,263.2585,257.3229,251.6735,252.3404,243.4133,251.4130,255.3106,281.6210,251.9744,249.0363,249.0779,257.8876,240.9801,257.1542,274.5906,246.2180,256.6778,252.1936,252.5409,252.8698,254.2268,248.9691,250.9641,245.5857,244.6563,257.2801,244.2146,244.3142,242.3370,255.1851,256.3622,289.0560,289.0560,284.2485,245.4713,256.1906,239.3745,246.4721,244.3874,248.3461,247.7993,251.7717,0.0000,251.9134,246.1523,267.3172,266.8438,247.9911,247.5472,280.9183,253.5701,250.8966,269.9490,264.1912,249.6117,264.3536,292.5383,260.1071,277.1138,314.7258,308.7199,281.7890,275.7494,243.0555,265.6112,265.4883,260.0597,273.4804,259.1278,252.9901,259.1811,260.2958,317.3233,315.4153,258.1442,259.2672,260.3129,260.4053,259.4151,256.0570,260.2720,259.6677,261.0737,260.4252,260.3106,254.5962,250.8219,243.4395,247.8011,0.0000,247.5230,252.0031,247.5226,245.7643,245.9206,248.5653,251.3528,249.3435,282.2639,245.7716,247.5685,248.7469,247.9069,245.1523,253.7147,246.8951,242.6688,245.1515,259.7208,264.2311,278.6444,279.1993,283.9208,251.7069,258.6472,251.4489,253.9982,257.1456,248.5823,247.5349
20.0000,280.5361,246.0086,246.3666,247.3069,242.1418,255.5296,253.7909,281.6227,253.3189,284.2137,269.3142,281.2312,252.1996,259.6336,243.1204,243.2951,252.0376,253.0898,249.5670,243.7195,250.4028,249.3674,249.6334,248.4748,258.7068,261.7733,262.3772,263.2186,283.0589,245.6705,246.9758,247.2223,284.0521,278.7676,277.2125,274.6449,253.0509,269.0430,252.4569,281.3777,298.1511,269.8890,270.1707,299.6629,286.8541,253.6066,259.1601,258.2136,240.2244,269.2624,267.7241,262.8795,269.2144,256.5790,268.5649,264.5128,250.7733,266.9090,247.9516,248.4236,255.7065,255.9310,264.8185,265.1180,261.3793,257.0319,257.3081,261.0694,257.1723,258.0671,271.3228,259.1278,251.6525,255.7453,252.8310,241.3061,257.4476,283.6104,280.3400,267.2802,244.1484,253.7769,253.1331,253.2847,253.6027,254.0152,254.3665,253.9557,253.6932,280.5930,252.0312,251.8757,251.0273,246.5576,244.4591,271.8437,273.0001,263.9491,0.0000,268.5822,273.7098,253.2093,249.0261,276.5051,249.3269,249.2918,251.4377,254.9531,255.0684,246.8438,253.2764,269.8736,279.9953,255.1995,254.1781,252.4232,261.8222,273.7677,250.2066,264.3155,257.6749,252.9514,253.6281,244.4888,252.1453,256.7805,283.7407,252.3825,249.7754,249.8171,258.9222,240.9801,258.7181,276.5953,247.4413,258.3290,253.5290,253.8762,254.2172,255.0108,250.4637,252.4551,246.3956,245.4562,257.6289,245.3129,244.7586,242.7074,255.6100,256.7723,291.2644,291.2645,286.3885,246.6617,257.5052,239.5535,247.1303,244.9100,249.4821,249.0093,252.1754,0.0000,252.5351,247.2868,267.5754,267.1220,249.2062,248.7705,283.1077,254.8327,252.1082,270.1307,264.1912,250.1785,264.3631,295.4631,261.7178,279.4700,317.1478,311.0914,284.2220,277.7741,243.7216,265.9980,265.8540,260.4485,274.6435,259.3908,254.3526,260.6229,261.7564,321.5269,318.0735,259.7371,259.5376,260.5827,260.6729,259.7182,256.4000,260.5424,260.0701,261.4985,260.6937,260.5867,254.9437,252.0313,244.4635,249.0113,0.0000,247.9935,253.3414,247.9931,246.5509,246.7014,249.7284,252.2447,249.6085,284.6443,246.9771,248.0231,249.2797,248.3581,245.5762,255.0848,245.8054,243.1204,245.5753,261.3472,264.2311,280.8143,281.4061,286.4339,252.1101,258.9536,251.8516,254.3662,257.5770,249.5127,248.2910
21.0000,282.7419,245.1721,245.5465,245.7540,240.5259,256.0783,254.2677,284.6691,259.6102,287.4312,271.9937,284.2624,251.4082,263.4602,243.0883,244.2317,251.7905,252.8831,249.2065,241.9361,250.1226,249.3461,249.4962,247.9170,259.5350,262.6507,263.2532,266.5687,286.3228,244.8225,245.5475,246.5084,287.4890,280.7022,279.2533,277.4181,258.8785,270.9645,256.9505,283.6261,301.2715,272.6947,272.8189,302.8620,290.4295,253.7680,259.0979,258.1923,240.2043,269.2502,267.7213,263.1711,269.2140,256.3613,268.9075,264.8385,250.5157,266.8763,248.1248,247.3956,255.5291,255.7677,264.7563,265.0542,261.3793,256.9002,257.1764,260.9254,256.9118,257.7340,271.3506,258.7931,251.0799,255.5687,252.9391,240.7819,257.3301,286.9127,283.3712,269.5341,241.9838,253.5899,258.9653,259.0927,259.7986,260.0794,260.2187,259.8760,259.6062,283.5523,252.9110,255.9414,252.4416,247.3380,244.7982,274.7131,275.7071,267.3293,0.0000,271.1018,276.4455,258.2112,248.5991,278.3232,249.2068,249.2496,251.1916,254.7723,254.8788,249.9383,254.1791,269.8841,283.0214,255.9051,254.6731,252.5736,255.4090,275.3705,259.1934,264.6147,257.5370,257.5527,257.4104,243.7785,252.3002,261.0284,286.9285,252.0514,249.9372,249.9789,258.8096,240.9801,259.5466,279.4423,246.0316,263.0193,259.0502,259.3739,259.8510,255.1757,251.0316,253.0121,245.9924,244.0466,257.4927,244.2146,244.8591,242.7578,255.4849,256.6359,294.4264,294.4265,289.4626,245.3738,257.6190,239.7047,247.0712,244.8896,250.2796,246.7951,251.8184,0.0000,250.6778,245.7188,267.5709,267.1137,247.0352,247.0852,286.2546,255.2845,252.9857,270.0040,264.1912,249.6691,264.3565,297.5741,265.2918,281.2973,320.7872,314.4640,287.6664,280.6597,244.9761,265.9530,265.8113,260.3218,275.4223,259.3296,254.8342,261.3274,262.6287,323.9786,321.5639,260.5985,259.4358,260.5131,260.6089,259.6222,256.2531,260.4723,259.9403,261.3576,260.6284,260.4980,254.8158,252.9110,244.8027,246.7930,0.0000,247.5191,259.6323,247.5187,246.4579,246.8837,250.8520,252.0260,249.1534,288.0529,245.5483,247.6296,249.1582,247.9665,244.9890,259.3401,244.7880,243.0883,244.9882,262.6107,264.2311,283.9022,284.5435,289.9883,251.7534,258.8369,251.4948,253.6263,257.4594,247.4685,248.4594
22.0000,291.0077,242.6166,242.9131,239.5704,235.9164,259.0337,257.2018,295.7745,291.7336,298.5699,283.3193,295.2747,249.2921,281.9790,245.3338,250.9211,253.4644,254.4717,252.5463,239.3039,250.1214,250.0827,249.7974,247.1332,263.5135,266.6563,267.2363,282.2202,296.5472,242.3007,240.3323,244.8528,296.2826,288.2092,287.2734,288.3012,288.9581,279.1814,280.2765,291.9545,310.8717,283.6403,284.0409,312.5770,299.4518,256.9104,262.1219,261.1920,242.5341,270.6250,268.8330,266.5757,270.1117,258.5322,271.6614,268.2535,251.4363,268.5670,251.2507,245.2443,258.4695,258.7130,266.6205,266.9064,261.3793,259.4982,259.6203,263.9490,259.9290,260.7956,273.1986,261.9049,252.1434,258.5100,255.8656,240.1840,259.2597,297.1871,293.9711,279.2822,235.0829,255.4623,289.0529,289.0383,291.4395,291.0259,290.0217,290.0721,289.9389,294.5714,258.3551,277.2247,260.8895,253.0240,248.3619,285.6439,286.2302,283.0909,0.0000,281.7128,287.1981,283.9005,248.3105,285.2993,252.6532,252.8979,254.4163,257.7197,257.8265,266.6618,259.4828,271.7841,293.5724,259.8130,257.6683,254.0386,252.4921,281.3397,304.3593,267.9985,260.5215,281.3593,277.1927,241.9883,255.3564,282.1810,298.0472,255.1078,252.9926,253.0348,260.9537,243.6372,263.5252,290.1885,240.8150,285.8414,287.4368,287.4923,288.6010,258.3265,253.9321,255.9335,249.5141,248.4942,260.4742,237.8131,248.5914,245.8790,258.3535,259.2650,305.9306,305.9307,300.7608,240.8101,258.9063,241.8076,249.5948,247.2257,256.0708,238.0237,254.8705,0.0000,253.9662,239.4477,268.6909,268.3488,238.4660,240.8755,297.1509,258.3614,258.4115,270.6094,264.1912,252.9526,264.3882,298.5272,282.2590,288.8408,333.3481,326.7514,296.6239,291.4833,253.1402,267.6692,267.4960,262.7399,275.7117,260.9854,257.7542,264.8324,266.6187,336.6147,334.1531,264.6006,262.4829,263.5545,263.6526,262.6634,259.2120,263.5130,262.9620,264.3883,263.6722,263.5429,257.7821,258.3551,248.3664,238.0016,0.0000,249.6960,291.7497,249.6959,250.2385,251.4560,257.9132,253.2855,252.4778,297.9192,240.3307,250.9790,252.6013,251.2677,247.0548,280.9393,244.6125,245.3338,247.0539,268.3509,264.2311,294.3748,294.9242,299.0003,254.8051,261.8780,254.5434,256.6628,260.0663,245.2097,251.5722
23.0000,279.4273,244.4800,244.8846,244.5734,239.3451,251.7193,249.9968,283.0633,261.1855,286.1658,271.1833,282.9434,251.1362,263.1192,242.7250,244.2014,251.1949,252.2947,248.8407,241.6720,247.9860,247.2901,247.4450,246.4600,254.3450,257.2055,257.7423,265.5597,284.5362,244.1106,244.8094,246.0267,284.2859,277.2208,275.8028,276.4195,260.3066,267.4147,257.8486,280.3478,298.7468,271.1203,271.9629,300.4054,287.3539,253.4369,258.6967,257.7683,239.8821,269.0762,267.6192,263.1869,269.0561,255.6415,268.8618,264.9355,249.9664,266.7531,247.8608,242.1620,255.1854,255.4177,264.5690,264.8711,261.3793,256.5270,256.7728,260.5383,256.6195,257.4861,270.9996,258.4622,249.1422,255.2245,252.4636,240.1840,256.8100,285.1726,281.9702,266.6408,242.5446,252.9542,260.3961,260.5320,261.3731,261.6350,261.6641,261.3399,261.0999,281.8609,252.7260,256.7211,252.4167,247.0918,244.4098,272.8419,273.6641,266.3401,0.0000,270.3045,275.4481,259.2837,247.0819,274.5421,248.8666,248.9338,250.8630,254.4211,254.5338,250.4691,254.0146,269.5641,281.5969,255.6531,250.5269,249.9347,255.1850,270.9664,261.5358,264.7182,257.1739,258.5547,258.1704,243.1207,251.9576,261.2724,285.6544,251.7149,249.6270,249.6687,258.3174,240.9801,244.9145,277.5587,245.3143,263.3598,260.3805,260.6982,261.2376,254.8390,246.8570,248.7464,246.1155,245.1825,257.1279,242.9420,244.8040,242.6082,255.1218,256.2652,292.2664,292.2664,287.5431,244.6420,257.3649,239.4326,246.7113,244.5355,250.1413,245.8521,251.4826,0.0000,250.0648,244.5459,267.4638,266.9715,246.1163,246.3320,284.9128,255.0282,252.8026,270.0811,264.1912,249.2233,264.3606,299.1941,264.5885,277.8295,318.4186,312.1565,284.6070,278.8308,245.0286,265.8036,265.6473,260.0445,275.8738,259.0796,250.5816,256.4263,257.2005,321.5845,319.2004,255.3651,259.0446,260.1149,260.2131,259.2487,255.8854,260.0744,259.5758,260.9685,260.2317,260.1028,254.4962,252.7260,244.4151,245.8491,0.0000,246.8427,261.2076,246.8423,246.4612,246.9039,250.7368,251.4727,248.9794,285.8546,244.8099,247.2910,248.8132,247.5716,244.1219,259.7885,241.4996,242.7250,244.1211,258.1144,264.2311,282.3869,282.9416,286.9153,251.4179,258.4346,251.1603,253.2765,257.0873,247.1362,248.1791
24.0000,276.7410,245.1408,245.5603,245.9670,240.2301,250.7390,249.0603,279.6060,252.1528,282.7070,267.8197,279.3911,251.3491,257.8085,242.5241,242.7009,250.6895,251.9370,247.9528,242.3331,247.8552,246.7371,247.0775,246.6329,253.0732,255.9697,256.5252,261.0283,281.3284,244.7706,246.0334,246.2497,281.0992,274.8263,273.2535,273.1142,251.7473,264.8889,251.3145,277.6258,295.2953,267.7667,268.6368,296.8880,284.1458,252.8728,258.0877,257.1682,239.7090,268.7989,267.3588,262.5769,268.8002,255.3254,268.2479,264.3140,249.7405,266.3727,247.3085,245.1432,254.5781,254.8110,264.1701,264.4707,261.3793,256.0124,256.3030,259.9261,255.9992,256.8574,270.7125,257.9400,249.4345,254.6168,251.9587,240.3683,256.3105,281.9758,278.6781,263.7049,243.2813,252.6082,251.8369,252.0390,252.4637,252.9171,253.3012,252.8790,252.5226,278.4497,251.1923,250.7828,249.9705,245.4613,243.3936,269.4755,270.4570,261.7859,0.0000,267.1235,272.1838,252.1064,247.1588,272.3498,248.0140,248.0369,250.1258,253.8038,253.9197,245.9106,252.5328,269.2317,278.3216,254.5866,249.5240,249.1721,255.3602,269.1795,249.1080,264.0901,256.5648,251.9179,252.6445,243.5983,251.4198,255.2469,282.1806,251.0444,249.0916,249.1331,257.8209,240.9801,243.6959,274.3015,246.5434,256.7317,252.3613,252.8394,253.2302,254.2691,245.8540,247.7600,245.4027,244.4724,256.5191,244.2146,244.1627,242.1979,254.5222,255.7396,288.2813,288.2814,283.8300,245.7296,257.0636,239.2612,246.5564,244.3623,248.4411,247.9281,250.8124,0.0000,249.1225,245.9580,267.2054,266.7123,248.1337,247.6633,281.5131,254.2126,251.2750,269.8458,264.1912,248.3208,264.3482,299.3874,259.6960,275.4159,314.0637,307.8994,281.4159,275.5407,243.0777,265.4274,265.2836,259.5503,276.0223,258.7592,249.6366,255.3230,255.9687,317.1086,314.8171,254.0862,258.4194,259.4961,259.5939,258.6517,255.2779,259.4557,258.9629,260.3547,259.6124,259.4824,253.9095,251.1923,243.3989,247.9301,0.0000,246.0341,252.1780,246.0337,245.6346,245.8430,248.7059,251.1642,248.0683,282.6920,246.0347,246.3544,247.9577,246.6777,243.2016,253.6945,242.5364,242.5241,243.2007,256.3368,264.2311,279.1272,279.7027,283.7099,250.7480,257.8009,250.4903,252.5986,256.5782,247.4773,247.6293
25.0000,280.3905,244.9347,245.3405,246.0065,240.5079,255.2324,253.5148,281.5934,254.9484,284.5410,269.4553,281.2743,251.1142,260.3048,242.5865,243.2310,250.0985,251.4517,247.7371,241.8600,249.8725,249.7105,249.5084,247.7515,258.4463,261.3602,261.9352,263.7162,283.1024,244.5673,245.6952,246.1716,282.8862,278.4060,277.0186,274.7471,254.4453,268.9230,253.3883,281.2487,298.3640,269.8972,270.3496,299.9067,285.9194,252.5289,257.6644,256.7494,239.8828,268.4278,267.0577,261.9647,268.2167,254.9087,267.5982,263.6618,249.2653,265.9056,246.9943,244.5763,254.2020,254.4312,263.7550,264.0522,260.9313,255.6351,255.9122,259.4737,255.6094,256.4597,270.2320,257.5670,248.9343,254.2401,251.7836,240.1840,255.8758,283.7537,280.4434,267.3008,242.5446,252.1321,254.5333,254.6993,255.2152,255.6022,255.8998,255.4981,255.1866,280.5185,251.6594,252.6507,250.7890,245.9465,243.6508,271.7928,273.0016,264.4833,0.0000,268.6584,273.8077,254.3349,248.3420,276.2585,247.8884,247.9530,249.8799,253.4550,253.5560,247.3620,252.9734,268.7665,280.0849,254.8902,253.9964,253.8522,254.9007,273.7673,252.8156,263.4366,256.1557,253.9895,254.4174,243.3882,251.1126,257.6054,284.0224,250.7294,248.7865,248.8280,257.3731,240.9801,258.4643,276.6185,246.1950,259.2878,254.8614,255.2733,255.6924,253.8750,250.2096,252.1792,245.7608,244.6563,256.1102,244.2146,244.3384,242.3595,254.1895,255.3679,290.2975,290.2976,285.8643,245.4240,257.0162,239.3372,246.6237,244.4144,249.0205,247.4069,250.4944,0.0000,248.9483,245.9766,266.9070,266.3943,247.6160,247.3339,283.3011,254.3979,251.7385,269.6296,264.1912,248.1367,264.3369,297.7952,262.2978,278.9624,316.3437,310.0564,283.2116,277.7842,243.7435,264.9979,264.8782,259.1447,275.4891,258.3384,254.1358,260.2873,261.3457,319.6535,317.1426,259.4324,258.0147,259.0654,259.1618,258.2342,254.8660,259.0254,258.5160,259.8973,259.1802,259.0413,253.5200,251.6594,243.6561,247.4074,0.0000,245.2517,254.9724,245.2512,245.9799,246.2213,249.3516,250.6306,247.4395,284.4602,245.6963,246.1904,247.8276,246.4511,242.2826,255.9231,242.0619,242.5865,242.2817,261.1729,264.2311,280.8934,281.4709,285.4871,250.4300,257.4070,250.1710,252.2486,256.1891,247.1882,247.3228
26.0000,279.7450,245.0701,245.4841,246.1919,240.5102,254.8031,253.0534,280.4014,252.0502,283.5188,268.4812,280.1679,251.0186,258.6558,242.3276,242.6530,249.3077,250.8355,247.0386,242.1247,249.7178,249.5232,249.3354,247.6786,257.9271,260.8082,261.4118,262.3391,283.0651,244.7040,245.9207,246.1288,284.2210,277.8015,276.3445,273.8196,251.6729,268.1182,251.2631,280.6085,297.8319,268.8680,269.3520,299.3843,287.1678,251.9593,257.2364,256.3360,239.7453,268.1614,266.8725,261.1650,267.7970,254.5357,266.8918,262.8266,248.8489,265.5360,246.4306,244.8262,253.7132,253.9487,263.3922,263.6851,260.4940,255.1391,255.4293,259.0625,255.1037,255.9364,269.8493,257.1997,248.9778,253.7521,251.3583,240.1840,255.0436,283.6960,279.9217,266.3548,242.7078,251.4930,251.7598,251.9460,252.3341,252.7595,253.2208,252.7767,252.3937,279.3572,251.0346,250.7096,249.9035,245.3114,243.2325,270.7667,271.9403,263.1207,0.0000,267.7387,272.9405,251.9996,248.2471,275.6240,247.2990,247.3741,249.3542,252.9536,253.0590,245.8456,252.3634,268.3866,279.6106,254.3933,253.3748,253.6500,254.4657,273.0842,249.0098,262.5930,255.6882,251.8089,252.5119,243.4620,250.5790,255.7244,282.9869,250.2267,248.2483,248.2897,256.5091,240.9801,257.9498,275.4681,246.4157,257.3496,252.2491,252.7286,253.0911,253.2817,249.7949,251.7577,245.5412,244.6563,255.6421,244.2146,244.0610,242.1593,253.6780,254.8695,288.9709,288.9710,284.6058,245.6281,256.7082,239.4642,246.0314,244.0374,248.3634,247.8349,249.9940,0.0000,248.2448,246.1652,266.7175,266.1580,248.0250,247.5516,282.5064,253.9638,251.1146,269.6106,264.1912,247.3992,264.3359,294.8451,260.7993,278.3683,314.8318,308.6383,284.3855,276.6192,243.0273,264.6430,264.5424,258.7190,274.3301,257.8662,253.6641,259.7741,260.7950,318.1833,315.6313,258.8865,257.5701,258.6295,258.7242,257.7713,254.3927,258.5893,258.0738,259.4860,258.7431,258.5734,253.0443,251.0346,243.2378,247.8368,0.0000,244.2456,252.0753,244.2451,245.6782,245.8307,248.5902,250.1205,246.6088,284.8068,245.9220,245.4789,247.2326,245.7494,241.1222,253.9694,242.2889,242.3276,241.1213,260.5231,264.2311,280.5262,281.2186,286.7236,249.9293,256.9741,249.6699,251.7968,255.6836,247.1584,246.7676
27.0000,280.1715,245.0480,245.4541,246.2838,240.6942,254.8667,253.1428,280.1390,252.1246,283.1005,268.2970,279.6911,251.1361,258.6435,242.2792,242.6292,248.9827,250.6245,246.6487,242.2810,249.7495,249.4751,249.3284,247.7123,257.9965,260.8711,261.4476,262.3156,282.9265,244.6864,245.9809,246.1653,284.1330,278.1102,276.6513,273.6020,251.7289,268.2202,251.2753,281.0623,298.8478,268.7767,269.1394,300.4510,287.0582,251.6933,256.3694,255.3832,239.7090,267.9813,266.7141,260.6843,267.5506,254.0624,266.4766,262.2970,248.7022,265.3260,246.1112,241.6565,253.2181,253.4172,263.1169,263.4087,260.0994,254.7375,255.0183,258.4775,254.7541,255.7341,269.5928,256.8398,248.2566,253.2592,251.1384,240.1840,254.9561,283.5691,279.7052,266.3857,244.6575,251.2548,251.8156,251.9938,252.4259,252.8625,253.2768,252.8293,252.4711,279.1943,251.0064,250.7169,249.9253,245.3059,243.2291,270.7287,271.8658,263.1053,0.0000,267.5745,272.7393,251.9954,248.2765,275.8670,246.9567,247.0584,248.9268,252.4892,252.5770,245.8436,252.3252,268.1177,279.4129,254.3604,253.5623,253.5176,255.0107,273.1857,249.1684,262.0662,255.0629,251.8209,252.5120,243.4539,250.3109,255.7054,282.5592,249.7482,247.9589,248.0003,256.4247,240.9801,258.0184,275.3465,246.4691,257.2625,252.2949,252.7644,253.1176,253.0436,249.8688,251.8250,245.5357,244.6563,255.0133,244.2146,244.0080,242.1181,253.2620,254.4663,289.0737,289.0738,284.5724,245.6695,256.5701,239.2662,246.0690,244.0063,248.4054,248.0126,249.5088,0.0000,247.7641,246.2584,266.5580,265.9828,248.2000,247.7521,282.1935,253.8657,251.0859,269.6428,264.1912,246.9970,264.3376,293.2160,260.7817,278.6684,314.8756,308.7472,284.3068,276.4840,243.0067,264.4112,264.3026,258.3337,273.4902,257.4615,253.7545,259.8587,260.8586,318.3220,315.6912,258.9761,256.7615,257.7745,257.8733,257.0220,253.7618,257.7362,257.4786,258.9012,257.8900,257.6564,252.4180,251.0064,243.2344,248.0149,0.0000,243.7222,252.1491,243.7217,245.6690,245.8257,248.5940,249.9477,246.1595,284.6778,245.9823,245.0809,246.8842,245.3451,240.4833,253.9726,241.0564,242.2792,240.4825,260.5808,264.2311,280.3419,281.0521,286.6190,249.4426,256.1589,249.1838,251.2881,255.2941,247.3372,246.4574
28.0000,280.6182,244.9607,245.3839,245.9749,240.3447,254.9309,253.1478,280.1833,250.9863,283.0560,268.1182,279.5812,250.6202,258.1793,242.2857,242.4661,248.9140,250.6132,246.4352,241.9576,249.7052,249.4813,249.3192,247.6083,258.0907,261.0435,261.6430,261.9885,282.7971,244.5952,245.5959,245.8211,283.9705,278.4797,277.0069,273.4641,250.4070,268.3177,250.4413,281.5339,299.8313,268.7922,268.9839,301.4807,286.9210,252.0237,256.8163,255.8749,239.7090,268.1007,266.8741,261.2245,267.8173,254.4091,266.8199,262.8614,248.6968,265.5256,246.4475,243.2758,253.2812,253.5133,263.2748,263.5714,260.3326,254.8081,255.1385,258.6469,254.7938,255.7159,269.6848,256.9518,249.4594,253.3238,251.3605,240.1840,254.9381,283.4578,279.5763,266.3790,242.5446,251.2524,250.4974,250.7003,251.2626,251.6985,252.2380,251.7817,251.2362,279.2458,250.5674,249.9692,249.3613,244.9019,242.9673,270.7798,271.9080,262.7631,0.0000,267.3519,272.5776,251.1397,248.2059,276.2256,246.7310,246.8477,248.8044,252.5224,252.6179,245.2775,251.8981,268.2551,279.2807,253.9603,253.5512,253.5659,254.9242,273.5234,248.4201,262.6320,255.2619,250.9767,251.6055,243.4073,250.6241,255.1335,282.5044,249.6703,248.2796,248.3210,256.4118,240.9801,258.1085,275.3965,246.0903,256.9216,251.1538,251.7881,252.1391,253.3946,249.9484,251.8958,245.3551,244.6563,255.2110,244.2146,243.8576,242.0381,253.3016,254.5277,289.2984,289.2984,284.7204,245.3555,256.2709,239.5216,245.9381,243.9853,247.8866,247.3593,249.4222,0.0000,247.5218,245.9447,266.7116,266.1180,247.5544,247.0677,282.0780,253.5038,250.6483,269.6640,264.1912,246.7849,264.3387,294.3506,260.3914,279.0548,315.1911,308.9893,284.1312,276.5354,242.7844,264.5839,264.4665,258.4409,273.9175,257.6417,253.7698,259.9793,261.0294,318.7043,316.0304,259.1273,257.1827,258.2175,258.3136,257.3278,253.9523,258.1771,257.6644,259.0752,258.3326,258.1904,252.5961,250.5674,242.9725,247.3610,0.0000,243.5104,251.0131,243.5100,245.4313,245.5538,248.1100,249.9393,245.9990,284.4534,245.5973,244.8453,246.6523,245.1210,240.1889,253.2729,242.6795,242.2857,240.1881,260.6444,264.2311,280.2109,280.9198,286.4755,249.3544,256.5809,249.0961,251.1591,255.3585,247.0095,246.7858
29.0000,280.9108,245.1663,245.5894,246.0447,240.3896,254.9420,253.1874,280.5656,251.1998,283.2734,268.2735,279.6923,251.0336,258.3365,242.4538,242.6259,248.9253,250.7195,246.4622,242.2139,249.6125,249.0358,248.9362,247.6243,258.1301,261.1713,261.7962,262.1472,282.9568,244.8008,245.7972,246.0527,284.1644,278.8054,277.2692,273.6410,250.6187,268.4648,250.6170,281.8333,300.2704,269.0384,269.1359,301.9324,287.1152,252.6214,256.9051,255.8937,239.8727,268.2361,266.9461,261.9462,268.2140,255.1611,267.3386,263.5947,248.8687,265.6739,247.0153,248.9898,253.4798,253.7038,263.4229,263.7141,260.7080,255.1318,255.5342,258.8263,255.1457,256.1874,269.9028,257.1669,251.6169,253.5229,251.8663,240.3724,255.1434,283.6035,279.7470,266.5364,242.5446,251.3686,250.7107,250.9085,251.4944,251.9490,252.4340,251.9903,251.4687,279.6061,250.6702,250.1326,249.5058,244.9756,243.0605,271.0339,272.1562,262.9405,0.0000,267.5150,272.7495,251.3501,248.2460,276.5181,246.7799,246.9208,248.9518,252.7451,252.8207,245.4383,252.0119,268.4841,279.4499,254.0547,253.4328,253.4033,255.5414,273.7462,248.5728,263.3633,255.4414,251.1747,251.8225,243.6181,251.1956,255.2919,282.7048,249.8544,248.8442,248.8857,256.5987,241.2053,258.1478,275.6916,246.3019,257.0541,251.3760,251.9970,252.3653,254.0232,249.9623,251.9074,245.4308,244.6563,255.3829,244.2146,244.0148,242.2047,253.5698,254.8416,290.2614,290.2615,285.4091,245.5577,256.3733,239.5987,246.2264,244.1988,248.0216,247.4977,249.6054,0.0000,247.6575,246.0158,266.7870,266.2315,247.7041,247.2575,282.2509,253.5874,250.7522,269.6537,264.1912,246.8276,264.3382,295.9065,260.5495,279.4108,316.1681,310.0156,284.3306,276.8480,242.9442,264.7256,264.6078,258.6134,274.4662,258.0424,253.7907,260.0471,261.1554,319.6051,316.9997,259.1824,257.3998,258.3370,258.4343,257.5004,254.1259,258.2968,257.8461,259.2538,258.4527,258.3144,252.7647,250.6702,243.0664,247.4994,0.0000,243.3932,251.2265,243.3927,245.5346,245.6793,248.2287,250.0838,245.9859,284.6739,245.7985,244.8375,246.6940,245.1305,239.9799,253.4418,246.3082,242.4538,239.9791,260.7197,264.2311,280.3780,281.0834,286.6706,249.5372,256.8022,249.2811,251.3334,255.6839,247.3521,247.3508
30.0000,280.5634,244.2458,244.6514,245.6818,240.1970,254.5854,252.8422,280.1905,250.4626,282.7813,267.7252,279.0862,250.4565,257.7334,242.2188,242.3600,248.0842,249.9356,245.8523,241.4022,249.2377,248.5811,248.5151,247.2597,257.7769,260.8638,261.4867,261.6020,282.4931,243.8844,245.0474,245.3044,283.6979,278.4301,276.9050,273.1062,249.8823,268.0716,249.8766,281.4908,300.0302,268.6358,268.6022,301.7014,286.6280,252.6202,256.9156,255.9152,239.7090,268.1909,266.9056,262.0386,268.2709,255.4593,267.4361,263.6936,247.9831,265.6474,246.9983,251.3552,253.3936,253.6197,263.3846,263.6761,260.7445,255.0673,255.5244,258.7291,255.0663,256.1060,269.8719,257.2736,253.1520,253.4371,251.7946,239.3655,254.4236,283.1474,279.2457,266.1193,242.5446,250.5934,249.9742,250.1852,250.7385,251.1765,251.6696,251.2373,250.7177,279.2337,249.8523,249.3874,248.7830,244.1066,242.1053,270.6668,271.7774,262.3956,0.0000,266.9585,272.2154,250.6142,247.8556,276.1681,246.2577,246.4237,248.7046,252.6491,252.7226,244.8432,251.1991,268.4623,278.9530,253.2448,253.1305,252.9092,255.4097,273.4462,247.9232,263.4615,255.3918,250.4244,251.0650,242.6691,251.1795,254.6366,282.1944,249.7266,248.8263,248.8678,255.9468,240.9801,257.7960,275.3174,245.5514,256.4379,250.6392,251.2425,251.6124,254.0483,249.6123,251.5547,245.0958,244.6286,255.3363,244.2146,243.6686,241.9398,253.4713,254.7678,290.1399,290.1400,285.1612,244.7676,255.4630,239.2727,246.1458,244.0175,247.3272,246.8704,249.4860,0.0000,247.0212,245.6526,266.7478,266.2064,247.0792,246.6627,281.7411,252.7018,249.9339,269.7438,264.1912,246.2124,264.3429,298.1828,259.9786,279.0194,316.1131,309.8890,283.8668,276.4748,242.6299,264.6931,264.5756,258.5526,275.5039,258.0466,253.4473,259.7223,260.8489,319.7152,317.0148,258.8466,257.3486,258.3355,258.4321,257.4964,254.0922,258.2949,257.7734,259.1569,258.4505,258.3208,252.7142,249.8523,242.1126,246.8723,0.0000,242.4726,250.4887,242.4721,245.1214,245.2421,247.4402,249.2449,245.2350,284.2286,245.0486,244.2026,246.1640,244.5001,238.9708,252.7511,248.6216,242.2188,238.9701,260.3470,264.2311,279.8893,280.6020,286.1871,249.4201,256.7390,249.1657,251.1978,255.6232,246.7289,247.3310
31.0000,309.6885,244.5369,244.9610,246.5440,240.1574,269.2109,267.2772,355.6570,251.5916,364.0502,343.0727,360.1663,250.1118,280.1828,243.2071,243.4400,248.0347,250.0101,245.3348,241.3222,255.5807,258.2332,256.6571,250.9821,275.4629,278.4986,279.0131,295.4193,366.6662,244.1753,245.2742,245.5673,368.3079,305.3520,305.6236,353.4301,251.1831,298.2661,251.6905,310.7174,331.2890,334.8078,340.6889,333.1434,372.1315,252.8721,257.3034,256.2225,240.8148,269.9767,268.8236,262.4106,269.3869,255.8459,268.3918,264.1103,248.0252,267.4949,247.2257,247.0603,253.8198,254.0341,264.9646,265.3511,261.5526,255.5448,255.9921,259.1645,255.6719,256.8557,271.2776,257.8536,253.2004,253.8635,252.0998,239.3776,254.3568,367.5217,361.9291,301.0887,242.5446,250.7386,251.2805,251.6719,251.9687,252.5761,252.7554,252.3396,252.1799,349.8207,247.7373,250.3679,245.8979,242.1107,240.7922,335.8399,327.5320,296.2875,0.0000,351.2066,355.0833,252.4860,251.9823,301.6310,245.7318,245.8668,248.7919,252.9845,253.1269,245.8434,249.1027,269.7900,362.3186,251.4237,267.9633,263.9800,253.7649,296.1879,248.2952,263.8863,255.8427,251.4393,251.9913,242.8553,251.4722,267.1987,363.4348,250.0666,249.1084,249.1500,255.7787,240.9801,275.4840,337.8694,245.7780,267.2491,253.0016,252.3187,252.7103,254.3235,263.9870,266.0210,245.0484,244.2541,255.7840,244.2632,242.8907,241.9093,253.7332,255.2299,363.6829,363.6830,357.3346,245.0099,254.2993,240.4471,247.2372,245.0625,245.1253,247.0522,249.8516,0.0000,246.3352,246.4671,268.7138,268.3025,247.2472,246.5964,363.9989,251.1236,247.8235,270.5216,264.1912,245.6722,264.3836,300.3519,288.6383,306.1510,396.0796,388.4462,368.5353,341.3362,243.6976,266.5032,266.3162,259.5530,276.2971,258.6340,267.8926,275.8987,278.4383,402.0621,397.3367,276.5803,257.7571,258.7578,258.8568,257.9315,254.5837,258.7168,258.2162,259.5919,258.8744,258.7408,253.1667,247.7373,240.7994,247.0558,0.0000,242.2213,251.6179,242.2208,244.7063,244.0109,244.9823,249.2917,244.8514,368.9747,245.2755,243.6557,245.6313,243.9732,238.6647,261.9879,248.0152,243.2071,238.6641,283.3179,268.3025,363.4488,364.1781,371.5573,249.7914,257.1518,249.5414,251.6134,256.1062,246.4105,247.5629
32.0000,276.7721,244.2951,244.7055,245.0372,239.3213,250.5763,248.8837,279.2205,250.2286,281.9586,267.0137,278.6886,250.3851,256.6782,242.3125,242.3469,248.4947,250.3130,247.0797,241.1338,247.6063,247.3398,247.2298,246.2105,252.8966,255.6971,256.2423,260.1099,281.8624,243.9408,244.8810,245.1200,283.1089,274.5857,273.1376,272.3963,249.6581,264.5614,249.6828,277.6925,296.0943,267.1077,267.8182,297.7531,286.0763,254.1080,260.4745,259.4107,239.7090,272.1307,270.8645,264.0633,271.4986,258.6609,270.5048,265.8433,248.3544,270.0151,248.5012,249.8126,256.7271,256.9619,267.5113,267.9332,263.5400,258.0363,258.5139,262.2704,258.5966,259.7626,273.6079,261.0434,257.1595,256.7692,253.1561,239.6922,254.7131,282.5269,278.5262,263.2177,240.9489,251.0206,249.7502,249.9691,250.5072,250.9506,251.4305,251.0129,250.4975,278.0577,249.8055,249.2281,248.6373,244.1700,242.2590,268.9031,269.8920,260.8842,0.0000,266.2978,271.5166,250.4439,246.7588,272.1169,247.5547,247.7386,251.4153,255.8613,256.0281,244.7635,251.1269,272.1700,278.2557,253.1561,249.4419,250.8618,253.1484,268.9579,247.6240,265.6552,258.9125,250.2448,250.8864,242.8304,252.6693,253.9842,281.4396,253.0728,250.3271,250.3689,256.1808,240.9801,243.5276,273.7772,245.3834,255.8363,250.4310,251.0350,251.4181,255.5498,245.7272,247.6129,244.9575,244.4906,258.8570,243.4816,243.8716,242.0465,256.4102,257.7261,289.1323,289.1323,284.0776,244.6551,255.5150,239.3144,246.3841,244.1861,247.2000,246.5558,252.9107,0.0000,248.2733,245.0165,270.7876,270.5580,246.7737,246.3834,280.8825,252.7190,249.8878,271.5250,264.1912,247.4481,264.4360,300.1931,258.6781,275.1671,315.2248,308.8188,283.2840,275.0443,242.6070,269.0279,268.7865,262.2981,276.2453,260.9884,249.5311,255.1393,255.7005,318.9395,316.1500,253.9270,260.7475,261.9341,262.0313,261.0549,257.7449,261.8916,261.3215,262.7040,262.0505,261.9086,256.3649,249.8055,242.2663,246.5573,0.0000,242.9851,250.2550,242.9847,245.0641,245.2243,247.3817,249.6140,246.2951,283.6336,244.8823,245.3778,247.4472,245.6845,239.3653,252.2450,252.4356,242.3125,239.3647,256.0665,270.5580,279.2071,279.9401,285.6305,252.8596,260.1125,252.6421,254.7323,258.6085,246.1758,248.8220
33.0000,276.2964,244.2453,244.6403,245.0506,239.3354,250.2594,248.6219,278.4945,250.2618,281.1298,266.5172,277.5713,250.4362,256.4441,242.2917,242.3354,248.4769,250.1779,248.2207,241.2585,247.3878,247.2831,247.1283,245.9720,252.5552,255.2022,255.6890,259.7919,280.9258,243.8966,245.0209,245.4135,282.1246,274.2000,272.7277,271.7488,249.6767,264.1659,249.6689,277.2007,295.2708,266.6225,267.3096,296.8997,285.0287,255.1276,263.6980,262.6209,239.7090,270.8755,269.0657,265.0708,271.4935,261.1011,270.9111,266.8214,248.1024,269.1361,249.5247,254.8442,259.5860,259.8615,267.2462,267.5327,263.5400,260.1366,260.6118,265.4193,261.6104,262.8323,273.4329,264.2110,260.9383,259.6261,254.0231,239.3853,254.5268,281.5600,277.7282,262.8261,242.5446,250.8859,249.7682,249.9851,250.5464,250.9910,251.4361,251.0226,250.5261,277.4131,249.7970,249.2167,248.6282,244.2164,242.1793,268.4320,269.4056,260.5707,0.0000,265.8098,270.8918,250.4266,246.3503,271.7057,248.7766,248.9469,253.9576,258.6020,258.8905,244.7602,251.1004,272.1422,277.4504,253.1107,249.3934,250.7518,253.3326,268.4961,247.7737,266.5979,262.1314,250.2042,250.7422,242.6815,253.6066,253.8288,280.5649,256.2284,251.2703,251.3122,255.9891,240.9801,243.1986,273.2280,245.5230,255.5999,250.4414,251.0270,251.4118,256.5570,245.4113,247.2980,244.9348,244.2589,262.0759,243.4816,244.0760,242.1522,258.6987,259.8537,288.4083,288.4084,283.3938,244.7504,255.4999,239.2972,246.3801,244.1710,247.2286,246.7352,256.1752,0.0000,249.4452,245.0357,268.9304,268.6558,246.9497,246.5491,280.0775,252.7073,249.8790,270.5660,264.1912,248.5928,264.3859,299.8444,258.3945,274.9040,314.1591,308.0482,282.3002,274.4702,242.5967,268.2421,268.0347,263.6214,276.0760,262.3945,249.2843,254.7592,255.2090,318.9751,315.1739,253.5940,263.7886,265.1772,265.2758,264.3114,261.3295,265.1324,264.5082,265.8571,265.2950,265.1186,259.9667,249.7970,242.1866,246.7368,0.0000,243.2777,250.2876,243.2774,245.1123,245.2814,247.3900,249.3887,247.1593,282.6536,245.0220,246.5065,248.6641,246.8154,239.6308,252.1510,257.5484,242.2917,239.6302,255.7098,264.2311,278.3685,279.0728,284.5931,256.1447,263.1329,256.0054,257.9512,260.6996,246.3501,249.8366
34.0000,275.6767,244.2896,244.6736,245.1451,239.4271,250.1335,248.5148,278.2611,250.5183,280.8880,266.4585,277.4226,250.4733,256.1513,241.7197,242.4068,245.4534,246.4175,249.7996,241.2021,247.3966,247.2933,247.1283,246.0327,252.3882,255.0455,255.5341,259.2690,280.5400,243.9460,245.0765,245.2965,281.7136,273.6340,272.1965,271.6272,249.9162,263.8388,249.9143,276.5573,294.1435,266.4530,267.2474,295.7287,284.5632,256.9567,268.7216,267.6926,239.7090,272.6845,270.5964,267.1559,272.5878,264.7639,273.1400,268.9534,245.6386,271.6401,251.3474,260.8772,264.0497,264.3789,270.0083,270.3036,263.5400,263.5656,263.9498,270.2297,266.1117,267.2903,275.7220,269.2144,265.8460,264.0905,255.6286,239.4446,244.3604,281.1465,277.4498,262.4966,242.5446,247.0603,250.0042,250.1449,250.8673,251.3573,251.6900,251.2842,250.7994,277.1733,250.1395,249.4902,248.8719,244.5615,242.4214,268.2102,269.1581,259.4645,0.0000,265.7528,270.7660,250.6034,246.3902,271.2246,250.6851,250.8290,257.7013,262.8474,263.3267,244.9287,251.4300,274.5745,277.1727,253.4587,249.2506,250.7889,253.2505,268.1833,247.9729,268.7319,267.0943,250.5076,251.1665,242.7315,255.3623,253.7615,280.3383,260.8240,253.0315,253.0738,241.5933,240.9801,243.0389,272.9858,245.5765,255.4612,250.6408,251.3005,251.6853,258.4109,245.2633,247.1626,245.2828,244.6563,267.0515,243.4816,244.5221,242.3873,262.3566,263.3078,287.8477,287.8478,282.9910,244.8046,256.0116,239.1547,245.8784,243.6245,247.4813,246.9187,260.8959,0.0000,250.9349,245.1308,270.4745,270.3587,247.1268,246.6928,279.7604,253.1632,250.2225,271.3011,264.1912,250.1675,264.4243,300.4774,257.9765,274.3413,313.5071,307.4492,281.8848,274.2293,242.6825,270.7855,270.4980,267.2571,276.2815,264.6414,249.1764,254.6327,255.0534,318.3855,314.5371,253.3935,268.5163,270.2003,270.3014,269.3259,266.8250,270.1523,269.3977,270.6766,270.3209,270.1076,265.2720,250.1395,242.4287,246.9203,0.0000,241.6443,250.5443,241.6443,245.4691,245.6243,247.6796,246.3515,247.7042,282.2449,245.0778,248.0655,250.5694,248.3757,237.9982,252.2010,263.6686,241.7197,237.9976,255.4936,264.2311,278.0632,278.7427,284.1356,260.8864,267.8282,260.8360,262.7563,264.1411,246.2839,251.6454
35.0000,274.9093,244.1133,244.5018,244.7988,239.0845,249.8797,248.3114,277.4836,250.1216,280.0578,265.9352,276.6909,249.8890,255.7901,241.3772,242.3681,243.4930,244.0569,250.5536,240.7412,247.1789,247.0739,246.9056,245.8332,252.0905,254.7213,255.1989,258.8268,279.8043,243.7689,244.7090,244.9371,280.9689,272.9496,271.5339,271.0129,249.5413,263.3555,249.6287,275.7633,292.8019,265.6624,266.7538,294.3377,283.8168,258.5309,271.9737,270.9345,239.7090,274.0109,271.7327,269.3461,273.7043,267.1532,275.3945,271.2387,244.0666,273.6739,252.9227,264.2734,266.8941,267.2712,272.1162,272.4949,264.4267,265.7802,266.1486,273.4421,269.1346,270.3868,277.3886,272.2688,268.9808,266.9357,256.8235,239.3776,243.1488,280.4046,276.7364,261.9840,242.5446,244.6546,249.6286,249.7681,250.4589,250.9428,251.3267,250.9198,250.4030,276.3585,249.9066,249.2234,248.5772,244.4070,242.2958,267.2994,268.3895,258.9229,0.0000,265.2181,270.1621,250.3220,246.2046,270.6448,251.6804,251.8179,259.8421,265.5289,266.1500,244.8180,251.1716,276.3236,276.4714,253.1773,249.1099,250.5748,253.0007,267.8157,247.4540,270.9525,270.2539,250.2172,250.8954,242.5874,256.8507,253.4371,279.5239,263.4922,254.5376,254.5800,241.1508,240.9801,242.7568,272.1914,245.2095,255.1450,250.2804,250.9614,251.3457,260.0490,245.1091,246.9520,245.2356,244.6563,270.2018,243.2818,244.6509,242.4549,264.6829,265.5272,286.4619,286.4620,281.8775,244.4831,255.8119,239.4345,245.5803,243.3552,247.1887,246.3679,263.6149,0.0000,251.6499,244.7810,271.6197,271.6517,246.5722,246.0910,278.9650,252.9730,249.9898,271.7793,264.1912,250.9202,264.4492,304.0625,257.5759,273.5869,311.6910,305.9607,281.1434,273.4278,242.6332,272.7859,272.4115,269.7410,277.4876,266.4612,248.9749,254.3783,254.7315,316.4071,312.7085,253.0940,271.6061,273.4569,273.5577,272.5384,270.1838,273.4066,272.6573,273.8963,273.5780,273.3224,268.7975,249.9066,242.3031,246.3700,0.0000,240.5275,250.1485,240.5276,245.4196,245.5570,247.4399,244.4317,247.8612,281.4818,244.7103,248.7273,251.5633,249.1161,236.9017,251.8879,267.3684,241.3772,236.9010,255.1308,264.2311,277.3521,278.0259,283.3900,263.6137,270.8800,263.6076,265.4637,266.3579,245.8698,253.1959
36.0000,278.2598,244.1788,244.5843,244.9651,239.2603,253.1827,251.5871,276.5220,250.1301,278.3256,264.8707,275.0654,249.8230,256.1513,241.3945,242.4836,242.7612,243.2558,249.6116,240.6784,248.1536,246.9837,247.1283,246.4093,256.2113,259.3278,259.9014,259.4391,277.5833,243.8241,244.7848,245.0392,278.6747,276.3935,274.8024,269.8779,249.5306,265.9434,249.5761,279.1310,296.5159,265.5026,265.5776,298.0830,281.3490,258.6632,270.3495,269.3858,239.7090,273.4729,271.3226,269.9439,272.6555,265.8623,275.8458,271.9795,243.4835,273.1710,252.9870,263.8063,265.0998,265.4930,271.3575,271.7833,263.5400,264.3237,264.7508,271.6421,267.2211,268.3710,276.3680,270.3850,268.1722,265.1417,256.4329,239.3776,242.8232,278.0899,274.9739,263.8398,242.9392,243.6479,249.6169,249.7316,250.4928,250.9933,251.3429,250.9286,250.4136,275.6943,249.7493,249.1495,248.4710,244.2704,242.2097,267.5019,268.6654,259.5892,0.0000,264.2391,268.9815,250.2528,246.8401,274.4862,250.7099,250.8646,257.8127,263.7225,264.3284,244.7775,250.9952,275.3258,274.7017,252.9007,252.0752,250.9423,253.1647,272.4836,247.4837,271.6271,268.5051,250.1970,250.9028,242.6067,256.8756,253.5755,277.8100,260.9843,254.5647,254.6072,241.0667,240.9801,256.2371,272.0347,245.2981,255.1491,250.2620,250.9628,251.3480,260.3826,248.4490,250.2580,245.2246,244.6563,268.4576,243.2818,244.4787,242.3663,263.1554,264.0507,285.3455,285.3456,280.9908,244.5539,255.9261,239.1549,246.6265,243.8328,247.1159,246.4080,261.1138,0.0000,250.8218,244.9386,271.1935,271.1566,246.6093,246.1236,277.1859,252.9225,249.8349,271.6043,264.1912,249.9877,264.4401,306.4917,258.0773,277.0502,310.3091,304.7647,278.8549,273.1251,242.7256,272.1724,271.7754,268.4555,278.2254,265.3237,252.1752,258.2829,259.3147,315.0069,311.3208,257.1591,269.7358,271.7873,271.8805,270.8054,268.4576,271.7367,270.8966,272.0874,271.9021,271.6405,267.2342,249.7494,242.2170,246.4103,0.0000,239.7653,250.1570,239.7655,245.3554,245.4785,247.3182,243.7471,247.0139,279.2151,244.7860,247.7886,250.5946,248.1739,236.1503,251.9849,266.8300,241.3945,236.1497,258.5637,264.2311,275.4682,276.0333,280.9509,261.1138,269.0515,261.1138,262.9563,264.8984,245.9044,253.2350
37.0000,276.6606,243.3499,243.7506,244.1866,238.5618,249.0934,247.4075,277.6481,249.6277,280.1519,265.6121,276.7713,249.2754,255.7437,241.4842,242.6989,242.6393,243.0210,249.5772,240.2114,246.4756,245.9851,245.9628,245.2359,251.2302,253.9641,254.4778,258.7886,279.5058,242.9871,244.0502,244.2499,281.0637,274.5767,272.8681,271.0239,249.0494,263.3041,249.2482,277.6114,296.6446,265.8428,266.2769,298.3604,284.0169,257.4455,270.4927,269.5303,239.7090,273.6549,271.5120,266.5949,272.8291,265.8487,274.7281,269.1693,243.0769,273.4429,251.6519,263.6229,265.1020,265.5084,271.5653,272.0286,263.5400,264.2778,264.7283,271.7916,267.2546,268.4121,276.5223,270.4245,268.1244,265.1448,255.7913,238.5723,242.4564,280.0447,276.5858,261.8284,242.5446,243.4227,249.1408,249.2737,249.9781,250.4912,250.9810,250.5190,249.9338,276.3174,249.4834,248.8344,248.0869,243.8039,241.6212,267.5279,268.3573,258.9290,0.0000,264.9606,270.0662,250.0191,245.6059,272.2878,250.6265,250.7508,257.7504,263.6922,264.3189,244.9383,250.7322,275.4625,276.3022,252.6618,248.1283,249.3893,253.7279,269.5111,246.5783,269.0675,268.5877,249.8777,250.6602,241.7778,255.7578,253.2843,279.6159,260.9389,253.3713,253.4136,240.4288,241.1562,245.6850,272.1308,244.5868,255.1716,249.8616,250.5889,250.9546,259.2751,244.5276,246.2546,244.6677,243.8510,268.5383,242.7027,244.3595,242.3189,263.0962,264.0045,284.9842,284.9843,281.1683,243.7945,256.2545,238.6681,247.6359,244.2960,246.6485,245.6631,261.0685,0.0000,250.8576,244.1684,271.3770,271.3101,245.8718,245.3102,278.9008,252.9799,249.5759,271.7608,264.1912,249.9600,264.4482,306.6717,257.5500,275.2374,310.6314,304.3905,281.2645,273.3663,242.9328,272.4110,271.9866,268.5595,278.2141,265.3418,248.0647,253.5485,253.9708,314.7662,311.6225,252.1145,269.8792,271.9360,272.0308,270.9536,268.5383,271.8845,271.0388,272.2452,272.0529,271.7917,267.2863,249.4834,241.6285,245.6646,0.0000,239.6788,249.6575,239.6790,244.9201,245.0991,246.9209,243.4326,246.9917,281.3585,244.0513,247.7911,250.5131,248.1379,236.0617,251.6287,266.7404,241.4842,236.0612,254.4836,264.2311,277.1519,277.7884,283.5775,261.0685,269.1747,261.0685,262.9101,264.8544,245.4878,251.9507
38.0000,277.4683,243.6729,244.0721,244.3178,238.5512,249.3513,247.6447,279.8916,249.9148,282.5808,266.9923,279.0448,249.4690,256.3768,241.5430,242.7285,242.9946,243.3561,249.8020,240.5269,246.6712,246.1939,246.1661,245.4041,251.5089,254.1861,254.6986,259.6018,281.9206,243.3157,244.3306,244.5701,283.7248,275.4637,273.6721,272.7120,249.3432,264.0207,249.5731,278.4204,297.4782,267.3317,267.6665,299.1962,286.8902,257.6648,270.3205,269.3386,239.7090,273.7548,271.6017,266.8602,272.8608,265.9712,274.9160,269.3959,243.4681,273.5388,251.8461,263.6123,265.2340,265.6302,271.6698,272.1329,263.5400,264.4195,264.8597,271.8693,267.3916,268.5790,276.6156,270.5065,268.2167,265.2768,255.9481,238.9781,242.8215,282.5139,278.7355,262.6718,242.5446,243.7422,249.4347,249.5534,250.2705,250.7896,251.2790,250.8055,250.2241,278.2849,249.7729,249.1557,248.4353,244.1220,241.9700,269.0123,269.8217,259.8336,0.0000,266.3132,271.7185,250.3330,245.7779,273.1195,250.8282,250.9492,257.9251,263.8340,264.4563,244.9407,250.9881,275.5657,278.4345,252.8978,248.3722,249.6302,253.5252,270.2610,246.8191,269.2820,268.6091,250.1844,250.9720,242.1255,255.9556,253.7712,282.0202,261.1032,253.5629,253.6053,240.8163,240.9801,245.6850,273.8847,244.8619,255.6282,250.1500,250.8748,251.2159,259.5178,244.7952,246.5154,244.9045,244.2294,268.5515,242.7027,244.4119,242.3302,263.2411,264.1472,287.1805,287.1806,283.2978,244.0865,256.4302,238.6355,247.7873,244.3932,246.9538,245.8923,261.2345,0.0000,251.1437,244.2987,271.4645,271.3909,246.0984,245.5464,281.1867,253.2180,249.8654,271.9786,264.1912,250.1946,264.4596,304.7702,258.2816,276.1459,313.2581,306.7583,283.9318,275.1969,242.9583,272.5072,272.0848,268.6789,277.5838,265.4357,248.3026,253.7805,254.1931,319.0399,314.4908,252.3983,269.8977,271.7559,271.8540,270.8502,268.5515,271.7063,271.0916,272.3230,271.8750,271.5331,267.3250,249.7729,241.9772,245.8938,0.0000,240.0016,249.9446,240.0017,245.1256,245.2943,247.2442,243.8078,247.2635,283.8799,244.3317,248.0486,250.7170,248.3596,236.3841,252.0660,266.8009,241.5430,236.3836,254.9326,264.2311,279.3580,280.0548,286.4179,261.2345,269.2143,261.2345,263.1016,265.0035,245.6914,252.1438
39.0000,277.4785,243.6075,244.0031,244.3154,238.6224,249.4144,247.7193,280.8432,249.9344,283.0337,267.2290,279.5600,249.0755,256.4664,241.5756,242.7313,243.1129,243.4130,249.9006,240.5100,246.7213,246.2544,246.2264,245.4394,251.5798,254.2780,254.7739,259.7066,282.2611,243.2558,244.2405,244.4157,284.1113,275.4927,273.7153,273.0283,249.3628,264.1388,249.5931,278.4236,297.3343,267.6077,267.9140,299.0390,287.3235,257.7751,270.0021,269.0062,239.7090,273.7482,271.6056,266.9744,272.8824,265.8712,274.9746,269.5057,243.4954,273.4746,251.9611,263.5336,265.0807,265.4648,271.5902,272.0417,263.5400,264.3304,264.7652,271.6838,267.2506,268.4617,276.6195,270.3968,268.0930,265.1236,256.0715,238.9451,242.8428,282.8595,279.0044,262.8166,242.5446,243.7891,249.4544,249.5609,250.3007,250.8291,251.3166,250.8251,250.2494,278.8304,249.7117,249.1728,248.4395,244.1099,241.9503,269.2705,270.1021,259.9138,0.0000,266.5398,272.0065,250.3346,245.8042,273.1692,250.8699,250.9746,257.8594,263.7090,264.3165,244.9243,250.8851,275.5526,278.7284,252.7578,248.5366,249.6913,253.5551,270.3299,246.8028,269.3921,268.3954,250.2024,251.0320,242.0791,256.0712,253.8579,282.4830,260.9959,253.6794,253.7217,240.7947,240.9801,245.6850,274.2409,244.7618,255.8272,250.1641,250.8880,251.2040,259.6232,244.8200,246.5623,245.0295,244.5633,268.3369,242.7027,244.4357,242.3424,263.1468,264.0586,287.7187,287.7187,283.8353,244.0038,256.1761,238.3710,248.0206,244.4818,246.9550,245.8666,261.1252,0.0000,251.2401,244.2954,271.4651,271.3732,246.0560,245.4795,281.2243,253.0806,249.8042,272.0204,264.1912,250.2936,264.4617,302.5187,258.3799,276.1784,313.9282,307.3362,284.3197,275.5954,242.9583,272.4385,272.0224,268.5649,276.5911,265.3792,248.3872,253.8766,254.2851,319.8054,315.1712,252.4863,269.6109,271.4309,271.5307,270.5826,268.3369,271.3824,270.8945,272.1384,271.5512,271.1627,267.1156,249.7117,241.9576,245.8681,0.0000,240.2575,249.9641,240.2576,245.2021,245.3481,247.2261,243.8460,247.4193,284.2640,244.2417,248.1682,250.7618,248.4685,236.7349,252.1113,266.6911,241.5756,236.7342,255.0257,264.2311,279.6625,280.3695,286.8440,261.1252,268.9246,261.1252,262.9623,264.9071,245.5678,252.2589
40.0000,276.9373,243.4748,243.8556,244.2840,238.6727,249.3933,247.7209,280.4094,249.8407,282.5694,266.8998,279.2175,248.9746,256.2914,241.5667,242.7161,243.1067,243.3632,250.0234,240.4069,246.7385,246.4096,246.3319,245.4310,251.5426,254.2421,254.7159,259.5016,281.7050,243.1325,244.1261,244.2835,283.5279,274.9269,273.2338,272.6388,249.2683,263.8876,249.4959,277.8668,296.4571,267.2245,267.5886,298.1330,286.6980,257.8470,270.2213,269.2269,239.7090,273.7376,271.5823,266.8566,272.9169,265.9204,274.8552,269.3501,243.4049,273.4066,252.0100,263.2515,265.1974,265.5688,271.5635,272.0017,263.5400,264.4116,264.8390,271.7635,267.3394,268.5324,276.6381,270.4960,268.0692,265.2401,256.2371,238.8412,242.7538,282.2852,278.5228,262.5693,242.5446,243.7364,249.3601,249.4683,250.2079,250.7374,251.2050,250.7256,250.1574,278.3598,249.5413,249.0771,248.3284,244.0167,241.8535,268.8204,269.6906,259.7175,0.0000,266.2159,271.6233,250.2479,245.7863,272.6606,250.9777,251.0660,257.9695,263.8173,264.4307,244.9127,250.6767,275.5624,278.2460,252.5263,248.6232,249.8776,253.4606,269.9344,246.7250,269.2429,268.5346,250.1089,250.9556,241.9659,256.1536,253.7040,282.0382,261.1140,253.7484,253.7907,240.6985,241.0915,245.6850,273.7779,244.6402,255.6184,250.0730,250.7913,251.1171,259.6845,244.7921,246.5381,245.0173,244.5512,268.4891,242.7027,244.4770,242.3740,263.2416,264.1421,287.1037,287.1038,283.2761,243.8872,255.8445,238.5533,247.7766,244.3861,246.8618,245.7932,261.2454,0.0000,251.3105,244.2636,271.4438,271.3526,245.9808,245.4288,280.7266,252.8251,249.6335,271.8876,264.1912,250.4237,264.4548,301.0258,258.1870,275.5814,313.2103,306.6771,283.7380,275.1238,242.9436,272.3926,271.9865,268.6061,276.1319,265.4215,248.4007,253.8591,254.2500,318.9843,314.4389,252.4898,269.5850,271.6621,271.7588,270.7521,268.4891,271.6127,270.9978,272.2171,271.7803,271.4287,267.2547,249.5413,241.8608,245.7947,0.0000,240.3645,249.8702,240.3646,245.1884,245.3274,247.1082,243.7708,247.5601,283.6947,244.1273,248.3127,250.8737,248.5956,236.8857,251.9858,266.5877,241.5667,236.8849,254.9251,264.2311,279.1614,279.8513,286.2254,261.2454,268.8560,261.2454,263.1128,264.9829,245.4605,252.3162
41.0000,276.2457,243.3336,243.6968,244.2528,238.7315,249.3404,247.6694,279.6248,249.7459,281.8071,266.4077,278.5863,248.8878,256.0990,241.6989,242.8025,243.1259,243.3679,250.2361,240.2441,246.7380,246.4332,246.3618,245.4287,251.4798,254.2522,254.7265,259.2617,280.8862,243.0022,243.9870,244.1047,282.6785,274.2631,272.6496,272.0602,249.1731,263.6095,249.3912,277.1473,295.1634,266.6894,267.0860,296.7874,285.8210,257.7529,270.6941,269.7566,239.8926,273.7711,271.5910,266.5294,273.1797,266.0553,274.5954,268.9912,243.3940,273.3570,251.9227,263.6468,265.3811,265.7793,271.5779,272.0031,263.5400,264.5508,264.9704,271.9946,267.4391,268.5370,276.7557,270.6418,268.2037,265.4239,256.3016,238.7479,242.6959,281.4468,277.7785,262.2780,242.5446,243.7522,249.2653,249.3741,250.1226,250.6608,251.0942,250.6142,250.0734,277.7013,249.3842,248.9728,248.2076,243.9329,241.7674,268.2817,269.1823,259.5052,0.0000,265.7379,271.0515,250.1451,245.7904,272.0762,251.1745,251.2429,258.1617,263.9899,264.6113,244.8992,250.4879,275.6612,277.5110,252.3239,248.5941,249.8196,253.5356,269.5070,246.6451,268.8956,268.8155,249.9972,250.8565,241.8528,256.0925,253.5369,281.2970,261.3113,253.6815,253.7238,240.6240,241.5312,245.6850,273.2067,244.4865,255.3963,249.9816,250.6731,250.9830,259.5525,244.6939,246.4664,244.9073,244.1142,268.7717,242.7027,244.6655,242.5837,263.3926,264.2845,286.2982,286.2982,282.5300,243.7504,255.5792,238.9051,247.6027,244.3959,246.7650,245.7167,261.4462,0.0000,251.5245,244.2317,271.4553,271.3689,245.9040,245.3765,279.9676,252.6095,249.4758,271.8779,264.1912,250.6398,264.4543,300.2351,257.9699,274.8771,312.3473,305.8177,282.8903,274.5291,243.0152,272.3759,271.9862,268.7101,276.0052,265.4960,248.3543,253.8481,254.2599,318.1579,313.5829,252.4420,270.0441,272.1277,272.2208,271.1265,268.7717,272.0768,271.2426,272.4499,272.2436,271.9798,267.5354,249.3842,241.7747,245.7181,0.0000,240.4503,249.7749,240.4505,245.1549,245.3186,246.9906,243.7546,247.7295,282.8479,243.9883,248.5431,251.0749,248.8165,236.9785,251.8491,266.8026,241.6989,236.9776,254.7934,264.2311,278.4042,279.0767,285.3532,261.4462,269.2782,261.4462,263.3642,265.1183,245.3509,252.2381
42.0000,279.2280,243.2627,243.5976,244.4235,238.8697,250.3375,248.7548,290.9626,250.0138,295.0819,280.3636,292.1339,249.0095,259.7970,241.4224,242.5805,242.8199,243.0527,249.9590,240.1470,246.9545,246.4908,246.4032,245.5992,252.7776,255.6405,256.1133,264.7934,295.0632,242.9459,244.1395,244.2762,296.8177,277.0956,275.7423,286.0037,249.4596,267.4630,249.7610,280.1011,297.5243,277.5408,281.2614,299.0948,300.0409,256.9426,270.1783,269.2784,239.7090,273.3934,271.2852,265.6134,272.9215,265.6025,273.6032,267.9126,243.0719,272.8143,251.1354,263.1088,264.9727,265.3786,271.0914,271.4897,263.5400,264.1438,264.5584,271.5176,266.9021,267.9124,276.2735,269.8857,267.6224,265.0145,255.6936,238.6557,242.4343,295.6295,291.8124,267.2883,244.3946,243.4231,249.5511,249.6907,250.3846,250.9259,251.3202,250.8498,250.3634,288.9330,249.0833,249.2162,247.9186,243.6905,241.5740,278.1736,278.2082,265.0564,0.0000,280.7353,285.5266,250.4970,245.9613,274.5674,250.9123,250.9660,257.8122,263.5752,264.2040,244.8674,250.1550,275.1710,291.7022,252.0088,249.6554,249.9677,253.5353,271.3389,246.9769,267.8004,268.3572,250.2221,251.0566,241.7783,255.3281,255.6600,294.6151,260.9206,252.9170,252.9592,240.4619,240.9801,245.6850,283.2491,244.6309,257.3024,250.4114,250.8969,251.1946,258.6604,245.6146,247.4278,245.2061,245.2085,268.3110,242.7027,244.3476,242.2901,262.9746,263.8811,298.1176,298.1177,294.0560,243.8524,255.2104,238.9447,246.8136,243.9044,246.5843,246.0659,261.0542,0.0000,251.2188,244.4040,271.1495,271.0239,246.2458,245.7272,293.6576,252.2719,249.1734,271.7550,264.1912,250.3547,264.4479,298.9986,262.6667,277.6940,325.0587,318.4361,297.0377,284.9150,242.8214,271.8768,271.5160,268.2603,275.7222,265.1747,249.4112,255.0479,255.6421,330.9146,326.2982,253.7745,269.6682,271.6058,271.6968,270.6453,268.3110,271.5557,270.7525,271.9662,271.7195,271.4782,267.1014,249.0833,241.5812,246.0676,0.0000,240.2630,250.0418,240.2631,245.2378,245.2333,246.7077,243.3976,247.4651,297.0624,244.1409,248.2717,250.8177,248.5480,236.8704,253.4185,266.2346,241.4224,236.8695,257.2147,264.2311,292.5867,293.2325,299.5615,261.0542,268.9418,261.0542,262.9540,264.7062,245.3987,251.4613
43.0000,274.4435,242.9386,243.2511,244.2152,238.9902,249.0479,247.4077,278.1103,249.5510,280.6168,266.0817,277.5245,248.8318,255.6245,241.3622,242.4973,242.8237,243.0114,249.9698,239.9078,246.4607,246.1471,246.1094,245.1510,251.1871,253.9881,254.4730,258.7613,279.8551,242.6343,243.8504,243.9919,281.5008,272.6096,271.1301,271.2911,248.9495,262.9150,249.0833,275.2726,291.8009,265.5824,267.0699,293.2906,284.5546,257.2820,270.2912,269.4348,239.7090,273.3418,271.2147,266.0020,273.0322,265.4883,273.6936,268.3129,242.9844,272.5823,251.4227,262.7901,264.9609,265.3840,270.9379,271.3074,263.5400,264.0774,264.4737,271.5648,266.8146,267.7537,276.3273,269.8622,267.3412,265.0034,255.9238,238.3999,242.2885,280.3927,276.8804,261.6457,244.1530,243.4008,249.0411,249.1701,249.9173,250.4383,250.8381,250.3578,249.8566,276.5152,248.9563,248.6636,247.9715,243.6845,241.4878,266.8447,268.3292,259.0986,0.0000,265.4083,270.2860,249.8059,245.5100,270.4727,250.9019,250.9584,257.7585,263.5630,264.1841,244.8397,250.0010,275.1997,276.5738,251.7362,248.2602,249.3184,253.3934,268.0115,246.7627,268.2698,268.3902,249.6849,250.5186,241.5060,255.6268,253.1137,280.1264,260.8606,253.2019,253.2441,240.2546,240.9801,245.6850,272.2063,244.3317,254.8751,249.7267,250.3826,250.6577,259.0457,244.3819,246.1859,244.1123,242.4329,268.3438,242.6256,244.2123,242.2244,262.9616,263.8144,285.0447,285.0448,281.2545,243.5579,254.8923,239.1575,246.2728,243.6451,246.5589,245.8226,260.9881,0.0000,251.2806,244.1994,271.0816,270.9557,246.0031,245.5608,278.9211,252.0072,249.0444,271.6940,264.1912,250.3637,264.4448,297.6758,257.4771,273.1827,310.5840,304.4652,281.7080,273.4772,242.7465,271.6891,271.3637,268.1848,275.3334,265.0878,248.0746,253.5675,253.9952,316.0484,311.7319,252.1986,269.7975,271.7066,271.7964,270.7186,268.3438,271.6559,270.7880,272.0184,271.8200,271.5854,267.1329,248.9564,241.4951,245.8244,0.0000,240.4048,249.5781,240.4049,244.5548,244.8181,246.7150,243.3353,247.5028,281.7662,243.8518,248.2788,250.8119,248.5692,237.1084,251.4812,265.9419,241.3622,237.1073,254.3980,264.2311,277.4421,278.1145,284.1002,260.9881,269.0833,260.9881,262.7994,264.6426,245.1848,251.7477
44.0000,272.2775,242.2446,242.5370,243.5105,238.3684,248.7775,247.2244,275.7023,248.5154,278.2137,264.3783,275.4697,247.7052,254.3687,241.6483,242.1430,244.8472,245.4382,249.9259,239.0460,246.1175,245.8006,245.7707,244.8038,250.8258,253.6553,254.1131,257.4056,277.2801,241.9621,242.9868,243.1323,278.7857,270.5058,269.2093,269.3475,247.9251,261.7079,248.1277,273.0448,288.3128,263.7267,265.3586,289.6887,281.6875,257.7031,269.8722,269.0689,239.7090,272.9793,270.8946,268.1181,272.7773,265.0536,273.9786,269.8790,244.4236,271.9373,251.9563,261.9478,264.5909,265.0172,270.4134,270.7404,263.5400,263.7614,264.1180,271.0873,266.2892,267.1163,275.9577,269.1812,266.6503,264.6331,255.9755,237.9791,243.2360,277.7659,274.5634,260.3923,242.1238,245.8851,248.0144,248.1663,248.8516,249.3442,249.7520,249.2974,248.8027,274.2938,248.0120,247.7414,247.0989,242.9722,240.8796,265.0062,266.5369,257.6497,0.0000,263.7166,268.3679,248.8250,245.1411,268.5307,250.6974,250.7309,257.4735,263.2200,263.8251,244.1000,248.9964,274.8209,274.2617,250.6490,248.1033,248.8747,251.9950,266.3619,245.8844,269.6143,267.9809,248.6946,249.4930,240.9142,255.9925,251.9603,277.7789,260.5501,253.6315,253.6738,240.2870,240.9801,245.6850,270.2176,243.4378,253.5891,248.7043,249.3344,249.5991,259.3353,244.4419,246.1368,244.3234,243.8586,267.9389,241.9177,244.0822,242.1539,262.6417,263.4994,282.4112,282.4113,278.7944,242.7406,253.6939,239.1723,246.0661,243.6862,245.7835,244.9031,260.6787,0.0000,251.2024,243.4866,270.7635,270.6183,245.0724,244.6416,276.5621,250.9393,248.0945,271.5224,264.1912,250.3218,264.4358,295.0196,256.1613,271.0208,307.5502,301.6470,278.9930,271.4218,242.3353,271.1171,270.8542,267.7415,274.4095,264.7653,247.8734,253.2681,253.6635,312.8339,308.6600,251.8447,269.4053,271.2723,271.3593,270.3299,267.9389,271.2222,270.3141,271.5348,271.3831,271.1712,266.7476,248.0120,240.8868,244.9049,0.0000,241.8432,248.5415,241.8432,244.4883,244.6256,245.8766,245.1811,247.8855,279.0789,242.9883,248.2624,250.6115,248.5519,238.5835,250.4162,265.2043,241.6483,238.5823,253.7668,264.2311,275.0624,275.6755,281.2574,260.6787,268.6997,260.6787,262.5061,264.3358,244.1860,252.2445
45.0000,270.3143,242.2032,242.4736,243.5115,238.6246,248.6963,247.2483,273.5973,248.1693,275.4221,262.6494,272.9550,247.1771,253.5378,241.6878,241.9233,245.7847,246.3713,250.0141,239.1938,246.2144,246.6279,246.2650,244.8278,250.6285,253.2487,253.6570,256.4322,273.5362,241.9407,242.8984,243.0745,273.4756,268.5324,267.4918,267.2406,247.5519,260.7949,247.7090,271.0207,285.0502,262.0413,263.6249,286.3143,276.2623,257.1104,269.6409,268.8795,239.7090,272.7091,270.6453,267.1816,272.7242,264.7435,273.0263,268.6996,245.0866,271.4123,251.3703,261.2779,264.3593,264.7939,269.9897,270.2804,263.5400,263.5113,263.8560,270.9062,265.9318,266.6650,275.7259,268.8221,266.1572,264.4015,255.6915,238.1300,243.7008,273.9918,271.5757,259.4231,242.5446,246.9032,247.6387,247.7958,248.5081,248.9916,249.3176,248.8943,248.4400,272.3381,247.6150,247.3410,246.7676,242.7926,240.8186,263.4031,264.9914,256.6490,0.0000,262.0237,266.2686,248.3663,245.1536,266.6653,250.6589,250.6829,257.3257,262.9946,263.5978,243.7565,248.5662,274.5594,271.2511,250.1612,248.2269,250.2019,253.9045,264.7002,245.8457,268.4357,267.7434,248.2786,249.0305,240.9589,255.4609,251.2594,275.0316,260.3568,253.0877,253.1299,240.5164,240.9801,245.6850,268.4870,243.3233,252.6687,248.3103,248.9180,249.1822,258.6508,244.4525,246.1281,244.2124,243.7474,267.7031,241.9177,244.0218,242.1222,262.4112,263.2537,280.5422,280.5423,276.8415,242.6685,252.9694,239.5769,245.3609,243.4220,245.5544,244.8495,260.4845,0.0000,251.2755,243.4871,270.5180,270.3487,244.9996,244.5514,273.6487,250.3639,247.6936,271.5280,264.1912,250.4054,264.4361,292.6788,255.2508,269.0178,305.4299,299.6352,273.8266,269.6274,242.0974,270.6589,270.4395,267.4093,273.6108,264.5272,247.9302,253.0998,253.2646,309.2450,306.3417,251.6789,269.2032,271.0379,271.1231,270.0652,267.7031,270.9879,270.0884,271.3547,271.1475,270.9423,266.5212,247.6150,240.8258,244.8515,0.0000,242.9549,248.1936,242.9549,244.3654,244.4978,245.5877,245.9515,248.2926,274.7793,242.9001,248.3640,250.5771,248.6547,239.9883,249.8471,264.6566,241.6878,239.9869,253.3354,264.2311,271.8671,272.3012,275.8735,260.4845,268.4984,260.4845,262.3001,264.0805,244.4484,251.6774
46.0000,271.5747,241.6129,241.8494,243.2814,238.6041,251.0494,249.7046,272.8024,247.4054,274.1387,261.7776,271.7573,246.4594,253.2571,241.4611,241.5938,245.2401,245.8041,249.6950,238.4905,246.7691,246.6681,246.4032,245.0163,253.8667,256.6911,257.1342,256.4297,272.1797,241.3724,242.3272,242.5071,272.0175,269.9481,268.9214,266.2244,246.7857,262.5159,246.9975,272.2367,285.3643,261.7613,262.7790,286.5467,274.6936,256.1664,269.3199,268.6184,239.6235,272.3804,270.3791,265.5672,272.5184,264.3153,271.7874,266.9430,244.4752,270.9148,250.4278,260.8772,263.9472,264.3836,269.5474,269.8221,263.5400,263.1090,263.4549,270.3703,265.3896,266.0202,275.3682,268.3457,265.6239,263.9893,255.1666,237.5085,243.0340,272.6116,270.3529,260.6290,242.5446,246.3317,246.8684,247.0138,247.7289,248.1903,248.5013,248.0921,247.6455,271.9220,246.8700,246.6395,246.1267,242.1961,240.2138,263.3752,265.1412,256.6415,0.0000,261.1318,265.2632,247.5781,245.3635,268.3123,250.3426,250.3529,256.9832,262.5961,263.1938,243.1710,247.7806,274.1785,270.0344,249.3328,250.5693,250.8515,253.4230,266.7732,245.3056,266.7185,267.3262,247.5009,248.1839,240.3596,254.6025,250.7432,273.7619,260.0069,252.2093,252.2513,239.8670,240.9801,253.8728,268.3910,242.7313,251.9896,247.5165,248.1105,248.3522,257.6210,245.9939,247.9978,243.9484,243.4840,267.2949,241.6801,243.8220,241.9845,262.0153,262.8541,281.0313,281.0314,276.8845,242.0980,251.8687,239.6583,244.6634,242.9944,244.9792,244.3660,260.1394,0.0000,250.9647,243.2478,270.2532,270.0499,244.5027,244.0857,272.3764,249.4382,246.9441,271.4361,264.1912,250.0911,264.4313,290.3185,255.1158,270.4121,306.0808,300.1610,272.3671,269.4432,241.7301,270.2055,270.0150,266.9803,272.7449,264.1893,250.3529,256.0605,256.6919,309.9854,307.0067,254.9251,268.7825,270.6886,270.7775,269.6783,267.2949,270.6384,269.5808,270.8183,270.8008,270.5658,266.1277,246.8700,240.2210,244.3680,0.0000,242.5653,247.4284,242.5653,244.0588,244.1597,244.9388,245.3345,247.9190,273.3510,242.3289,248.0666,250.2645,248.3490,239.6676,249.2920,264.1642,241.4611,239.6662,255.9541,264.2311,270.6143,271.0159,274.3223,260.1394,268.0699,260.1394,262.0234,263.6745,243.8315,250.7616
47.0000,267.2298,238.1305,238.3273,239.9938,235.7043,248.5167,247.2546,268.0809,243.6039,269.1285,257.5118,266.9662,242.7953,249.7286,238.4729,238.5002,241.7238,242.2706,246.7362,235.1597,243.7981,243.7748,243.4699,241.9351,251.1532,253.8930,254.3108,253.0617,267.0446,237.9167,238.8047,238.9877,266.7798,265.6895,264.8126,261.6964,242.9961,259.1198,243.2901,267.8328,279.7706,257.9547,258.4552,280.8456,269.2824,252.5929,266.6092,265.9401,236.8528,270.9690,269.2443,261.3957,271.6301,261.8417,268.7388,262.6606,240.9342,269.1590,246.9270,258.8642,261.2440,261.6743,267.6904,267.9671,263.5400,260.5765,261.0089,267.5030,262.5906,263.1577,273.5012,265.4077,263.0982,261.2853,252.0600,234.1507,239.4512,267.4249,265.4640,257.2545,239.3420,242.7556,243.0736,243.2067,243.8956,244.3205,244.6280,244.2513,243.8023,267.5086,243.1162,242.9555,242.4978,238.7168,236.7806,259.8327,261.3994,253.8116,0.0000,256.8652,260.7660,243.8086,242.2781,264.1523,247.4280,247.4255,254.1698,259.8980,260.4865,239.6913,243.9590,272.2435,265.1507,245.4183,248.0514,247.9905,252.2030,262.7885,241.7403,262.5029,264.5831,243.7337,244.3675,236.9204,251.1686,247.1224,268.7865,257.2376,248.7836,248.8251,236.4062,238.4531,251.1590,264.3542,239.1710,248.3210,243.6997,244.2793,244.5061,253.9458,244.4843,246.1021,240.6916,240.0275,264.5589,238.4091,240.9257,239.1701,259.3731,260.3064,276.5679,276.5680,272.4121,238.5917,247.6525,237.3838,240.9469,239.7319,241.4393,240.8697,257.3649,0.0000,247.8831,239.9555,269.1121,268.7869,240.9958,240.6176,267.4269,245.4456,243.1846,270.8098,264.1912,247.1025,264.3986,288.2478,251.6665,266.1289,301.3694,295.3970,267.1272,265.3016,238.5805,268.4595,268.3125,264.6881,272.0109,262.4931,247.8589,253.3649,253.8970,305.1771,302.2660,252.2149,265.9996,267.9639,268.0520,266.9558,264.5589,267.9140,266.7296,267.9421,268.0747,267.8397,263.4141,243.1162,236.7878,240.8716,0.0000,239.2525,243.6254,239.2525,240.8364,240.9376,241.3345,241.7899,244.8015,268.1129,238.8065,245.1751,247.3539,245.4259,236.3933,245.6491,261.7965,238.4729,236.3918,253.0380,264.2311,265.6658,266.0109,268.9385,257.3649,265.2999,257.3649,259.1750,261.1307,240.7476,247.2839
48.0000,263.9902,234.9671,235.1223,237.1933,233.3868,247.1513,245.9635,264.4100,240.3142,265.4183,254.0671,263.6336,239.6519,246.5596,235.6689,235.8438,238.5362,239.0599,244.0585,231.7681,241.5222,241.4882,241.1753,239.4251,249.5348,252.2449,252.6342,249.9361,263.2233,234.7750,235.6579,235.7909,263.1216,262.5079,261.7541,258.1325,239.7242,256.5666,240.1126,264.5476,275.5707,254.6295,255.0082,276.5630,265.4899,249.3403,264.0004,263.3420,234.1803,269.7000,268.1949,257.6428,270.7901,259.5721,265.8551,258.8539,237.7050,267.5743,243.7170,256.3599,258.7674,259.1891,265.9964,266.2721,263.5400,258.2750,258.7845,264.9012,260.0610,260.6031,271.8144,262.7995,260.6722,258.8080,249.1826,231.0812,236.2554,263.5624,261.7476,254.5577,236.2895,239.5221,239.7974,239.9306,240.5750,240.9671,241.2946,240.9363,240.4829,263.9249,239.8739,239.8088,239.3769,235.6754,233.7327,256.5738,258.1868,250.6390,0.0000,253.4192,257.2161,240.5740,239.7227,261.1193,244.7980,244.7843,251.6444,257.4421,258.0157,237.4135,240.6653,270.4919,261.4366,242.0526,246.7274,245.7830,248.7485,260.0277,238.6178,258.7508,262.0321,240.5013,241.1062,233.7838,248.0262,243.9155,265.1367,254.7569,245.6429,245.6839,233.2723,235.7904,249.5395,260.9749,235.9997,244.9761,240.4087,240.9757,241.1757,250.6210,244.8380,245.8128,238.2524,238.2538,262.0088,235.6199,238.2541,236.4996,256.9713,257.9921,272.7214,272.7215,268.6805,235.4463,244.0416,234.5766,237.9664,236.8241,238.3829,237.7978,254.8846,0.0000,245.1079,237.1482,268.0589,267.6339,237.9180,237.5820,263.6917,242.0121,239.9365,270.1060,264.1912,244.3992,264.3619,286.4234,248.5157,262.9076,297.3537,291.2924,263.4396,261.8645,235.9813,266.8760,266.7618,262.5933,271.4139,260.9527,246.5111,251.8320,252.2527,301.0422,298.2221,250.5598,263.4328,265.3434,265.4303,264.3479,262.0088,265.2943,264.1279,265.3323,265.4524,265.2210,260.8915,239.8739,233.7397,237.7995,0.0000,236.3093,240.3348,236.3094,238.2221,238.2357,238.2130,238.5383,242.0231,264.2928,235.6599,242.5219,244.7273,242.7879,233.5171,242.4744,259.3464,235.6689,233.5158,251.0885,264.2311,261.9240,262.2447,265.1627,254.8846,262.7454,254.8846,256.6999,258.8178,237.4678,244.0945
