"ETAPA \ BARRA","AGUAYTIA 220","BALNEARIO 220","BALNEARIOS 60 A","CALLAHUANCA 220","CALLAHUANCA 60","CARHUAMAYO 220","CARHUAMAYO NUEVA 138","CARHUAQUERO 220","CHAVARRIA 220 A","CHICLAYO OESTE 220","CHIMBOTE 220","GUADALUPE 220","HUACHIPA 60","HUACHO 220","HUANCAVELICA 220","HUAYUCACHI 220","ICA 220","INDEPENDENCIA 220","MARCONA220","MOYOPAMPA 60","OROYA NUEVA 220","OROYA NUEVA 138","OROYA NUEVA 50","PACHACHACA 220","PARAGSHA2 220","PARAGSHA 138","PARAGSHA 50","PARAMONGA NUEVA 220","PIURA OESTE 220","SAN JUAN 220","SANTA ROSA 220 A","SANTA ROSA EDS 60","TALARA 220","TINGO MARIA 138","TINGO MARIA 220","TRUJILLO 220","VENTANILLA 220","VIZCARRA 220","ZAPALLAL 220","AGUAYTIA 138","PUCALLPA 138","HUALLANCA 138","CHIMBOTE 138","PUCALLPA 60","ZORRITOS 220","ABANCAY NUEVA 138","ARICOTA138","ARICOTA II 66","CAMPO ARMINO 220","AYAVIRI138","AZANGARO 138","CACHIMAYO 138","CALLALLI 138","CERRO VERDE 138","COMBAPATA 138","DOLORESPATA 138","DESIERTO220","JULIACA 138","MACHUPICCHU 138","MOLLENDO 138","MOQUEGUA 220","MOQUEGUA 138","PUNO 220","PUNO 138","SANTUARIO 138","SOCABAYA 220","SOCABAYA 138","ILO 138","LOS HEROES 220 A","LOS HEROES 66","TINTAYA 138","TOMASIRI 66","REPARTICION 138","ILO2 220","COTARUSE 220","CHILCA REP 220","CANTERA 220","PIURA OESTE 60","LA NINA 220","CONOCOCHA 220","HUINCO 220","INDEPENDENCIA 60","CHILLON 220","CHILLON 60","CHAVARRIA 60 A","CHAVARRIA 60 B","BARSI 60","BARSI 220","OQUENDO 60","CAJAMARCA 220","PLANICIE 220 A","CARABAYLLO 220","CARABAYLLO 500","CHILCA CTM 500","CHILCA CTM 220 A","KIMAN AYLLU 138","KIMAN AYLLU 220","PARAMONGA EXISTENTE 138","MACHALA 200","CHIMBOTE 500","TRUJILLO 500","HUARANGAL 60","POMACOCHA 220","PIEDRA BLANCA 138","POROMA 220","POROMA500","OCONA 500","MONTALVO 500","MONTALVO 220","HUANZA 220","INDUSTRIALES 220 A","TINTAYA 220","LA NINA 500","INDUSTRIALES 60","CARHUAMAYO 50","CARIPA138","HUAMPANI 60","HUANUCO 138","REFINERIA ZINC 220","QUENCORO 138","ILO 3 220","MIRADOR 220","MIRADOR 60","ALTO PRADERA 220","ABANCAY NUEVA 220","LOMERA 220","REQUE 220","SAN JOSE 500","SANTA TERESA 220","SURIRAY 220","ASIA 220","CERRO DEL AGUILA 220","CHAGLLA 220","RAMADA 220","SANTA ROSA LDS 60","LOMERA 60","ZAPALLAL 60","MALVINAS 220","MALVINAS 60","ABANCAY 138","YAUPI 138","SANTA ISABEL 220","YANANGO 220","CHIMAY 220","ILO3 138","MATUCANA 220","COLCABAMBA 500","COLCABAMBA 220","YARABAMBA 500","YARABAMBA 220","BELAUNDE 220","BELAUNDE 138","CACLIC 220","INDUSTRIALES 220B","PLANICIE60","COBRIZAI 69","MOLLEPATA 60","MOLLEPATA220","CARAPONGO 500","CARAPONGO 220 A","SAN JOSE 220","MARCONA 60 A","SAN NICOLAS 60","CALLAHUANCA EDN 220","PUMIRI138","PUMIRI220","SAN MIGUEL 220","SAN MIGUEL 60","FELAM 220","MANCHAY 60","MANCHAY 220","SAN RAFAEL 138","SAN GABAN 138","MARCONA 60 B","ANGEL 138","PTO MALDONADO 138","MEDIO MUNDO 220","AUCAYACU 138","BELLAVISTA 138","TARAPOTO 138","PARINAS 220","PAMPA HONDA 220","ORCOTUNA 220","SAN ROMAN 138","SAN ROMAN 220","CHILOTA 220","MAZUCO 138","JESUS 138","CARHUAMAYO 138","CINCO MANANTIALES 138","OXIDOS CERRO 138","TOCACHE 138","JUANJUI 138","FRANCOISE 220","BOTIFLACA 138","MILL SITE 138","PLAZA TOQUEPALA 138","QUEBRADA HONDA 138","PANAMERICANA SOLAR 138","TOQUEPALA 138","ILO ELS 138","REFINERIA 138","LIXIVIACION 138","PUSHBACK 138","INTIPAMPA 138","PLANICIE 220 B","CHILCA CTM 220 B","CARAPONGO 220 B","CHILCA 1 220","DERIVACION 220","CHAVARRIA 220 B","DERIVACION 220  BARRA II","CAMPAS 220","CAMPAS 500","PLANICIE 500","NUEVA CHINCHA 220","CAHUACHI 220","VALLE DEL CHIRA 220","SANTA ROSA 220 B","ERSUR 220","FLAMENCO220","BARRA3HERMANAS","BARRAPTALOMITAS","PUERTO CHANCAY 220","CHAPARRAL 138","CHIRIBAMBA 220","BARRAPTALOMITAS2","YSHCAYUCRO 220","PAQUILLUSI 220","MIGUEL GRAU 500","MIGUEL GRAU 220","ALIPIO ROSALES 220","SUNNY","CUAJONE 138","SAN MARTIN 220","SAN LUIS 220","CERRO VERDE 220","PORTILLO 60","SURIRAY138"
1.0000,290.0426,259.5008,259.7156,261.2721,256.8210,268.5009,266.3656,290.0287,264.4730,292.1320,279.3250,290.3429,262.5891,270.9491,261.1464,260.4721,265.3952,265.3717,269.3106,255.8143,264.7180,263.2679,263.8520,263.2018,270.0409,272.5807,273.1493,274.0120,290.8557,259.2892,260.4197,260.7255,292.1172,288.5338,287.5519,284.4715,263.8202,279.7701,264.2836,290.6684,303.0481,278.9986,280.1481,304.1627,294.7120,273.7716,287.8517,287.1372,259.4176,288.9226,286.8595,281.4408,289.7865,282.4938,287.8970,282.4942,263.7945,287.8778,267.3309,281.3034,282.0611,282.5288,286.7010,286.9999,281.2166,281.1763,281.5243,288.8981,283.4786,284.0531,292.0974,286.2231,284.0891,282.1036,274.0167,255.3556,261.5480,291.1885,288.7122,277.7321,259.5933,265.6399,263.8986,264.0770,264.7473,265.1621,265.5106,265.1082,264.6535,289.3335,264.2181,263.9889,263.6823,259.9113,257.9946,280.8917,282.0690,274.3108,0.0000,278.7754,283.3605,264.7393,263.5948,286.0180,269.6875,269.4988,275.1915,280.6858,281.2875,260.4498,265.0092,290.7772,288.4216,266.3992,266.7409,265.0967,272.8905,282.8504,262.8498,282.2781,285.6764,264.6907,265.2764,258.2448,272.2185,268.1559,291.8503,277.8019,269.4600,269.5069,257.9596,260.5283,264.1382,285.5568,260.7801,269.0206,264.5785,265.1418,265.2857,275.1154,267.1963,267.6951,261.9988,261.1111,285.6515,260.0245,262.7854,261.3158,280.1932,280.9331,298.3001,299.8331,294.1631,260.1473,268.5725,260.2704,263.4207,262.3563,262.6558,261.9996,278.0129,0.0000,271.1192,261.2332,286.7997,286.8849,262.0722,261.5082,290.5545,266.4973,264.2825,286.1258,276.9763,269.7914,277.3277,300.3973,272.7426,293.2500,313.9278,314.0668,292.3627,286.6839,260.3633,287.2755,287.0389,284.6184,284.6059,282.0092,266.8619,272.2322,272.5932,303.7146,312.5174,271.0812,287.2096,289.3272,289.4257,288.2374,285.6515,289.2731,288.0189,289.3775,289.4498,289.1836,284.4093,264.2181,258.0013,262.0014,0.0000,263.4778,264.4938,263.4778,262.2446,262.4235,262.4951,264.9759,268.1649,292.4039,260.4206,267.4316,269.6744,267.8508,261.1381,266.7260,283.2336,261.1464,261.1368,272.4142,281.9395,289.0727,289.5495,294.3371,278.0129,286.4572,278.0129,281.0158,281.7829,261.5994,267.7950
2.0000,291.6253,259.2631,259.4628,261.3006,256.8523,270.3494,268.2873,289.7623,264.1972,291.5681,279.0907,289.8477,262.2808,271.1045,261.0846,260.3920,265.2979,265.2250,269.1933,255.5728,265.4192,263.7262,264.3840,263.6079,273.0811,275.7699,276.3718,274.4112,290.1401,259.0630,260.2075,260.5024,291.3387,290.2056,289.1927,284.0683,263.5477,281.5737,264.0656,292.2353,304.2956,279.1511,279.9771,305.3813,293.8704,273.4075,287.4686,286.7684,259.4176,288.4841,286.4360,280.8109,289.5482,282.2587,287.2575,281.8207,263.5986,287.2866,266.9391,281.3034,281.7305,282.1939,286.1727,286.4316,281.2166,280.9064,281.2652,288.4918,283.1039,283.6497,291.6290,285.9018,283.9608,281.7726,273.7391,255.1213,261.3285,290.4448,288.1413,279.1018,259.5891,265.5210,263.6239,263.8030,264.4585,264.8577,265.2015,264.8175,264.3617,289.2317,263.9704,263.7797,263.4994,259.7309,257.7957,281.1799,282.5370,274.7251,0.0000,278.4979,282.9760,264.4487,263.9712,287.9134,269.5721,269.3743,274.9631,280.3802,280.9695,260.3548,264.7359,290.3241,287.8501,266.0992,268.6389,265.7582,272.6092,285.1808,262.6814,281.6224,285.3137,264.4358,265.0032,258.0099,271.8610,268.1146,291.2974,277.5237,269.0882,269.1350,257.7378,260.5632,273.0843,285.7759,260.5558,268.8678,264.2887,264.8584,265.0028,274.7533,266.7035,268.0981,262.5010,262.5028,285.2912,260.0072,262.8455,261.3509,279.9123,280.6644,297.9359,299.3578,293.9172,259.9318,268.1534,260.3752,263.1426,262.2062,262.5177,261.8610,277.7326,0.0000,270.9610,261.2533,286.3518,286.3302,261.9237,261.3753,289.9788,266.1685,264.0318,286.5141,277.9519,269.6691,278.2724,300.5720,273.0267,294.6601,313.8564,313.5461,291.5832,286.8141,260.2811,286.6957,286.4953,284.1821,285.3230,281.8099,268.7871,274.7937,275.7609,304.6729,312.6041,274.1367,286.8246,288.9343,289.0331,287.8783,285.2912,288.8807,287.6172,288.9678,289.0568,288.7907,284.0584,263.9704,257.8024,261.8628,0.0000,263.3481,264.2174,263.3481,262.5155,262.5859,262.2956,264.7817,268.0252,291.6289,260.2085,267.3118,269.5614,267.7664,260.9960,266.6436,283.1447,261.0846,260.9945,274.9426,280.9277,288.4647,288.9060,293.5055,277.7326,286.0712,277.7326,280.7059,281.5136,261.3463,267.4122
3.0000,290.5066,258.5533,258.7267,260.7849,256.6026,270.1248,268.0986,288.7405,263.4506,290.5424,278.2006,288.8748,261.6016,270.3968,261.0081,260.3658,264.9098,264.8480,268.9474,254.6586,265.1039,263.5099,264.1303,263.2495,272.7932,275.5071,276.1016,273.6955,289.4234,258.3669,259.5186,259.7940,290.5758,289.1348,288.2005,283.1564,262.8102,280.9712,263.3994,291.0855,302.5225,278.3412,279.0234,303.5519,293.0484,273.3098,287.4329,286.7574,259.4176,288.3673,286.3491,280.6115,289.6137,282.6662,287.1226,281.5952,263.1552,287.1426,266.8237,290.3972,281.6193,282.0870,286.0533,286.3023,281.2166,280.8502,281.2665,288.4101,282.9415,283.4435,291.5934,285.7115,285.9514,281.6615,273.7006,254.4960,260.8419,289.7605,287.3072,278.4724,259.0253,265.1653,262.8838,263.0585,263.6906,264.0691,264.4200,264.0580,263.5924,288.2745,263.2773,263.1335,262.8673,259.1383,257.1924,280.4455,281.7331,273.9908,0.0000,277.6362,282.0886,263.7693,263.6060,286.9176,269.3232,269.1172,274.7818,280.2730,280.8537,260.4123,264.0191,290.2903,287.0311,265.3633,268.4512,265.5564,272.1096,284.3368,262.0343,281.4226,285.2320,263.7282,264.2636,257.3340,271.7731,267.4227,290.2801,277.3802,268.9911,269.0379,257.1604,260.4078,272.7976,284.9027,259.8525,268.1619,263.5481,264.1108,264.2562,274.6530,266.7635,268.0491,262.0936,262.0952,285.2136,259.4391,262.5778,261.1948,279.8211,280.6006,296.7122,298.0904,292.8029,259.2412,267.2039,260.5875,262.8143,262.0422,261.9158,261.2379,277.5885,0.0000,270.7158,260.7340,286.2681,286.2586,261.2964,260.7685,289.0602,265.3476,263.3352,286.3229,277.9519,269.4217,278.2625,299.7232,272.3143,293.4826,312.1113,311.8134,290.8218,285.9170,260.2674,286.5675,286.3810,284.0784,285.0187,281.7693,268.5940,274.5765,275.4999,303.1894,310.8911,273.8699,286.7237,288.8928,288.9926,287.8444,285.2136,288.8388,287.5340,288.8665,289.0163,288.7407,283.9695,263.2773,257.1990,261.2396,0.0000,262.8652,263.4703,262.8651,262.1032,262.1695,261.6625,264.3805,267.7041,290.9064,259.5197,267.0888,269.3135,267.5743,260.4196,265.9622,287.3107,261.0081,260.4177,274.5498,280.9277,287.6703,288.1402,292.6932,277.5885,285.9663,277.5885,280.5533,281.4568,260.6220,267.3024
4.0000,289.6337,257.8648,258.0217,260.2461,256.3036,269.8788,267.8810,287.6720,262.7224,289.3779,277.3304,287.7818,260.7693,269.6547,260.9127,260.3638,264.3032,264.3067,268.4373,253.9814,264.7482,263.2021,263.8079,262.8557,272.4809,275.2271,275.8140,272.9678,288.2322,257.6872,258.8308,259.0879,289.3161,288.2890,287.3977,282.1525,262.0882,280.4053,262.7257,290.1939,301.2557,277.5253,278.1697,302.2512,291.7375,272.8940,286.4934,285.7925,259.4176,287.8834,285.9962,280.0275,289.2671,282.1641,286.3949,280.9527,262.5646,286.6759,266.4130,289.6963,281.0272,281.4745,285.5662,285.8082,281.2166,280.3332,280.7723,287.7008,282.3531,282.8900,290.7953,285.1275,285.4281,281.0694,273.3684,253.8473,260.2215,288.5565,286.1898,277.8592,258.4322,264.6616,262.1601,262.3370,262.9473,263.3105,263.6819,263.3245,262.8499,287.2885,262.5768,262.4767,262.2183,258.5106,256.5580,279.6516,280.9584,273.2733,0.0000,276.7557,281.1079,263.0641,263.2032,286.1400,268.8321,268.6259,274.2545,279.7170,280.2765,260.4811,263.2974,289.4992,285.9181,264.6045,268.2285,265.2287,271.5093,283.7002,261.3723,280.7737,284.5068,263.0314,263.5529,256.6591,271.3725,266.7195,289.1269,276.8399,268.5885,268.6352,256.5186,260.2074,272.4839,284.0589,259.1503,267.4881,262.8203,263.3835,263.5172,274.2187,266.8225,268.0008,261.6318,261.6336,284.4845,258.8560,262.2334,260.9941,279.3033,280.0824,295.4317,296.7546,291.6658,258.5554,266.3864,260.6073,262.6151,261.9026,261.2926,260.5936,277.0481,0.0000,270.1226,260.1919,285.9096,285.8557,260.6452,260.1053,287.9216,264.5892,262.6323,286.2576,277.9519,268.8984,278.2591,299.0575,271.5780,292.4761,310.4388,310.0625,289.5603,285.0396,260.2759,286.0970,285.9172,283.5333,284.8090,281.4262,268.3677,274.3213,275.2208,301.7861,309.2586,273.5310,285.9326,287.9461,288.0514,286.9966,284.4845,287.8942,286.8155,288.1563,288.0732,287.6937,283.2650,262.5768,256.5646,260.5953,0.0000,262.2019,262.7419,262.2019,261.6360,261.7041,261.0083,263.8024,267.1463,289.6775,258.8320,266.5696,268.8233,267.0803,259.6980,265.2636,286.7333,260.9127,259.6956,274.1449,280.9277,286.5371,286.9891,291.3901,277.0481,285.1804,277.0481,280.0121,280.9405,259.9231,266.8968
5.0000,288.8332,257.2593,257.4081,259.6131,255.7359,269.6127,267.6457,287.0967,262.0445,288.6832,276.6419,287.0933,260.0914,268.9984,260.8095,260.3896,263.8654,263.8716,268.0329,253.3140,264.2930,262.7211,263.3418,262.3555,272.1621,274.9125,275.4959,272.3276,287.6019,257.0885,258.2065,258.4462,288.6586,287.5358,286.6675,281.4552,261.4173,279.8720,262.1004,289.3758,300.0837,276.8340,277.4685,301.0472,291.0471,272.7580,286.1329,285.4276,259.4176,287.7302,285.8504,279.8198,289.1463,281.8609,286.1222,280.7243,262.0952,286.4421,266.2721,289.2968,280.7043,281.1546,285.3251,285.5602,281.2166,280.0174,280.4663,287.3834,282.0435,282.5910,290.5529,284.7901,285.1307,280.7467,273.2716,253.3020,259.7108,287.9375,285.5306,277.3019,257.9839,264.2220,261.4877,261.6670,262.2554,262.6056,262.9939,262.6430,262.1605,286.6062,261.9329,261.8651,261.6090,257.9346,255.9946,278.9781,280.2909,272.6185,0.0000,276.0772,280.4223,262.4286,262.7478,285.4507,268.4213,268.2167,273.8871,279.4006,279.9519,260.6118,262.6407,289.2435,285.2618,263.9247,267.9811,264.7046,270.8537,283.1159,260.7420,280.5524,284.1709,262.3946,262.9268,256.0764,271.2439,266.0621,288.4332,276.4988,268.4563,268.5030,255.9732,259.9500,272.1653,283.3642,258.5226,266.7698,262.1489,262.7109,262.8345,274.0784,266.8841,267.9504,260.6612,259.7778,284.1441,258.0679,261.7908,260.7361,278.9954,279.7632,294.5128,295.8076,290.8482,257.9373,265.6276,260.9699,262.2070,261.7101,260.6818,259.9762,276.7066,0.0000,269.7296,259.5561,285.7625,285.6922,260.0250,259.4959,287.2497,263.8844,261.9864,286.2290,277.9519,268.4960,278.2576,298.6870,270.9288,291.6144,309.1453,308.6925,288.9034,284.3431,260.3174,285.8660,285.6950,283.2526,284.6804,281.2097,268.1166,274.0361,274.9065,300.7000,307.9929,273.2280,285.6574,287.5850,287.6863,286.6427,284.1441,287.5334,286.4844,287.8384,287.7070,287.3323,282.9338,261.9329,256.0012,259.9778,0.0000,261.8017,262.0638,261.8017,260.8621,261.0214,260.4033,263.3424,266.7495,289.0359,258.2076,266.1815,268.4131,266.6593,259.3149,264.6269,286.4047,260.8095,259.3121,273.7527,280.9277,285.8872,286.3460,290.7051,276.7066,284.8998,276.7066,279.6641,280.6240,259.2668,266.7590
6.0000,288.6701,257.3312,257.4842,259.6012,255.4746,269.6633,267.6839,286.8051,262.0985,288.4632,276.5935,286.9445,260.1535,269.1083,260.8563,260.3971,264.0737,264.0242,268.2698,253.4744,264.4195,262.9368,263.5246,262.4837,272.2106,274.9966,275.5894,272.3998,287.3042,257.1628,258.2907,258.5313,288.3545,287.3816,286.5386,281.3329,261.4739,279.8567,262.1908,289.2042,299.7422,276.7173,277.4217,300.6904,290.7297,272.7588,286.6551,285.9662,259.4176,287.8031,285.8991,279.7984,289.2452,282.0405,286.1591,280.6913,262.2290,286.5501,266.2926,289.4636,280.8899,281.3408,285.4396,285.6779,281.2166,280.1842,280.6305,287.6203,282.2187,282.7355,290.6853,284.8875,285.3691,280.9324,273.3346,253.3892,259.8329,287.6182,285.3134,277.2776,258.3248,264.3654,261.5433,261.7199,262.2954,262.6332,263.0363,262.6925,262.1989,286.2983,262.0366,261.9616,261.7116,258.0451,256.0960,278.8144,280.1151,272.7002,0.0000,276.0235,280.3077,262.5221,262.8536,285.3266,268.6335,268.4171,274.0812,279.5771,280.1356,260.6719,262.7366,289.3738,285.0429,264.0249,267.9835,264.9296,270.9022,283.0619,260.8463,280.5234,284.4711,262.4735,263.0154,256.1526,271.2623,266.1893,288.2246,276.6864,268.4787,268.5254,256.0849,260.0813,272.2156,283.0815,258.6032,266.9989,262.2078,262.7666,262.8858,274.0508,266.8694,267.9625,261.2847,261.2864,284.4596,257.8389,262.0168,260.8677,279.1596,279.9317,294.0940,295.3587,290.4787,258.0192,265.7189,260.7275,262.4554,261.8166,260.8129,260.0915,276.8951,0.0000,270.0131,259.5412,285.8141,285.7620,260.1377,259.6191,287.0255,263.9896,262.0893,286.0815,277.9519,268.7442,278.2499,298.3292,271.0204,291.4357,308.6037,308.1671,288.5984,284.0410,260.3327,285.9750,285.7974,283.3996,284.5634,281.3193,268.1598,274.1083,274.9899,300.4108,307.4908,273.2901,285.8314,288.1193,288.2202,287.0720,284.4596,288.0654,286.7384,288.0554,288.2436,287.9488,283.2158,262.0367,256.1026,260.0931,0.0000,262.0661,262.1175,262.0661,261.2919,261.3657,260.5049,263.4819,266.9912,288.7243,258.2919,266.4015,268.6263,266.9194,259.6131,264.7244,286.6212,260.8563,259.6096,273.7788,280.9277,285.6482,286.0887,290.3897,276.8951,285.0723,276.8951,279.8647,280.7899,259.3607,266.7811
7.0000,288.3645,256.9318,257.0637,259.4686,255.8715,269.4215,267.5916,286.3138,261.7248,287.8855,276.0999,286.3473,259.8670,268.6995,260.7920,260.3653,263.8305,263.7604,268.0468,253.0491,263.7885,261.1299,262.0308,262.1259,271.9695,275.0950,275.7470,271.9874,286.7273,256.7671,257.9079,258.1233,287.7314,287.1706,286.2541,280.8221,261.1000,279.5478,261.8206,288.8926,299.3126,276.3163,276.9076,300.2501,290.0828,272.6724,286.4325,285.7413,259.4176,287.9988,286.0112,279.6929,289.3122,281.3897,286.2655,280.5848,261.9380,286.5591,266.1791,281.3034,280.6996,281.1478,285.4273,285.6709,281.2166,279.9472,280.3397,287.4072,282.0207,282.5381,291.0007,284.7227,283.2685,280.7419,273.2543,253.0007,259.4886,287.0408,284.7645,276.9375,257.6084,264.0982,261.1693,261.3463,261.9324,262.2783,262.6630,262.3120,261.8359,285.8622,261.6405,261.5971,261.3453,257.6916,255.7305,278.4517,279.7259,272.2682,0.0000,275.5370,279.7959,262.1234,262.5323,285.1508,268.3995,268.1810,273.8529,279.3746,279.9385,260.5806,262.3351,289.6429,284.4925,263.6017,267.7156,263.4957,270.7926,282.9661,260.4768,280.4157,284.2617,262.0923,262.6074,255.7556,271.1759,265.7635,287.6438,276.4652,268.3826,268.4293,255.7072,259.9658,271.9758,282.6595,258.2195,266.4380,261.8302,262.3805,262.4828,273.9802,266.9258,267.9163,260.9968,260.9983,284.2501,258.0526,261.8185,260.7519,278.9450,279.6953,293.7138,294.9972,290.0751,257.6332,265.2605,261.1632,262.0668,261.6629,260.4583,259.7237,276.6722,0.0000,269.7854,259.4129,285.9242,285.8531,259.7734,259.2508,286.4764,263.5513,261.6925,286.1259,277.9519,268.5246,278.2522,298.1886,270.6095,291.2103,308.3421,307.8492,287.9728,283.6120,260.2920,285.9828,285.8138,283.2909,284.5014,281.1227,268.0185,274.0870,275.0845,300.1549,307.2245,273.0344,285.6195,287.8980,287.9984,286.8346,284.2501,287.8443,286.5195,287.8420,288.0219,287.7288,283.0150,261.6405,255.7371,259.7252,0.0000,261.8937,261.7437,261.8937,261.0108,261.0915,260.1396,263.2040,266.7855,288.1163,257.9091,266.1867,268.3922,266.6892,259.4844,264.3400,282.6653,260.7920,259.4807,273.5072,280.9277,285.0909,285.5265,289.7462,276.6722,284.8113,276.6722,279.6178,280.5531,259.0297,266.6708
8.0000,288.2964,256.9947,257.1276,259.4662,255.8761,269.3726,267.6161,286.3914,261.7358,288.0156,276.1587,286.4818,259.8250,268.7438,260.8168,260.3842,264.0267,263.9173,268.1787,253.0577,263.6486,260.6483,261.6414,262.0755,271.9216,275.0830,275.7479,272.0409,286.8586,256.8304,257.9399,258.1516,287.8778,287.1343,286.1968,280.9116,261.1124,279.5259,261.8482,288.8226,299.2029,276.3145,276.9611,300.1368,290.2491,272.7738,286.8052,286.1215,259.4176,288.0983,286.1125,279.7481,289.3795,281.5693,286.4369,280.6247,262.0599,286.7441,266.2664,281.3034,280.9408,281.4048,285.6087,285.8540,281.2166,280.1433,280.5289,287.6613,282.2828,282.7987,291.1418,285.0352,283.4248,280.9837,273.3482,253.0962,259.6478,287.1739,284.8820,276.9338,257.6100,264.2624,261.1814,261.3583,261.9398,262.2827,262.6612,262.3228,261.8437,285.9008,261.6872,261.6275,261.3834,257.7451,255.7984,278.4380,279.7288,272.3616,0.0000,275.5996,279.8796,262.1557,262.5032,285.1131,268.5232,268.3031,274.0304,279.5947,280.1703,260.5795,262.3810,289.7931,284.6075,263.6553,267.7145,263.1026,270.8331,282.9232,260.4965,280.4421,284.5518,262.1164,262.6289,255.8331,271.2710,265.7942,287.7746,276.6675,268.4727,268.5194,255.8316,259.9909,271.9280,282.6840,258.2477,266.4451,261.8457,262.3982,262.5141,274.0936,266.9403,267.9045,261.0212,261.0229,284.5356,258.0526,261.8621,260.7773,279.1457,279.8914,293.6757,294.9694,290.0685,257.6728,265.2965,261.0469,262.1904,261.7175,260.4959,259.7449,276.8751,0.0000,269.8565,259.4115,286.0261,285.9650,259.7933,259.2578,286.6099,263.5958,261.7389,286.1125,277.9519,268.6453,278.2515,297.9215,270.6597,291.1396,308.1275,307.5996,288.1208,283.6419,260.3080,286.1608,285.9797,283.5110,284.4368,281.2553,268.0270,274.0897,275.0732,299.9621,307.0122,272.9931,286.0716,288.2716,288.3698,287.1747,284.5356,288.2172,286.7863,288.0972,288.3941,288.1251,283.3041,261.6872,255.8050,259.7464,0.0000,262.0990,261.7547,262.0989,261.0420,261.1265,260.1837,263.3384,266.9493,288.2591,257.9411,266.3573,268.5160,266.8296,259.7065,264.3736,282.7735,260.8168,259.7027,273.4729,280.9277,285.2103,285.6496,289.9095,276.8751,285.2790,276.8751,279.8295,280.7593,259.0403,266.7593
9.0000,288.6353,257.1729,257.3183,259.5545,255.4710,269.5028,267.6692,286.9292,262.0487,288.6386,276.5659,287.1183,260.2481,269.0330,260.8688,260.4196,264.3244,264.1504,268.4344,253.3181,263.9874,261.6044,262.4290,262.2730,272.0582,274.9963,275.6166,272.3491,287.4339,257.0060,258.2018,258.4305,288.4496,287.4421,286.5218,281.3908,261.4191,279.7972,262.1288,289.1638,299.5928,276.8153,277.3498,300.5311,290.8161,272.8813,287.0049,286.3050,259.4176,288.2614,286.2578,279.9535,289.4169,281.8002,286.6249,280.8532,262.2679,286.9336,266.3952,281.3034,281.1744,281.6431,285.7972,286.0419,281.2166,280.3479,280.7324,287.8846,282.5585,283.1048,291.2888,285.2170,283.7453,281.2242,273.4255,253.2008,259.8397,287.7581,285.4300,277.2410,258.5227,264.5104,261.4890,261.6731,262.2569,262.6041,262.9772,262.6309,262.1622,286.4427,261.9864,261.9024,261.6559,257.9799,255.9871,278.9749,280.2042,272.6811,0.0000,276.0144,280.3487,262.4469,262.6742,285.3742,268.7480,268.5201,274.2593,279.8184,280.4018,260.6728,262.6845,289.9519,285.1490,263.9761,267.8919,263.8896,270.8484,283.0855,260.8197,280.6780,284.7781,262.4027,262.9295,255.9813,271.3780,266.0515,288.3997,276.8997,268.5889,268.6356,255.9639,260.0775,272.0636,283.2106,258.5113,266.5919,262.1535,262.6977,262.8059,274.1947,266.9267,267.9156,261.2232,261.2249,284.7553,257.8840,262.0103,260.8637,279.3546,280.0978,294.3473,295.6566,290.6908,257.9138,265.7507,260.5787,262.6231,261.8825,260.7606,260.0709,277.1088,0.0000,270.1340,259.4979,286.1680,286.0999,260.1218,259.6238,287.2033,263.9747,262.0395,286.2058,277.9519,268.9030,278.2564,298.0304,270.9582,291.5383,309.0088,308.4794,288.6919,284.1783,260.3520,286.3429,286.1570,283.7232,284.4728,281.4023,268.1078,274.0824,274.9890,300.5597,307.8499,273.0995,286.3754,288.4783,288.5764,287.3970,284.7553,288.4240,287.0049,288.3200,288.6006,288.3370,283.5337,261.9864,255.9937,260.0724,0.0000,262.4688,262.0674,262.4688,261.2441,261.3272,260.4461,263.5662,267.2431,288.8468,258.2030,266.6474,268.7407,267.0804,260.1333,264.6575,282.9955,260.8688,260.1298,273.6620,280.9277,285.7609,286.2069,290.4772,277.1088,285.6088,277.1088,280.0853,280.9600,259.2883,266.8837
10.0000,289.1172,257.6111,257.7735,259.7857,255.5039,269.7323,267.7797,287.7492,262.4003,289.5277,277.2198,287.9676,260.5515,269.3180,260.8817,260.4469,264.5877,264.2867,268.7658,253.7648,264.4801,262.7843,263.4387,262.6011,272.3025,275.0240,275.6192,272.7161,288.3246,257.4364,258.5600,258.7925,289.3717,287.8804,286.9858,282.1368,261.7734,280.1857,262.4846,289.6502,300.1678,277.4304,278.0218,301.1141,291.7838,273.3039,287.3354,286.6267,259.4176,288.3513,286.2840,280.6479,289.4718,282.0551,287.1724,281.5840,262.2417,287.1014,266.8226,281.3034,281.4302,281.8955,285.9755,286.2358,281.2166,280.5873,280.9698,288.2391,282.8679,283.4480,291.4659,285.6933,284.0496,281.4727,273.6706,253.6266,260.1508,288.6610,286.2669,277.6592,258.3525,264.6368,261.8444,262.0380,262.6050,262.9522,263.3470,262.9994,262.5182,287.2571,262.4171,262.2587,262.0158,258.3387,256.3692,279.5877,280.8303,273.0530,0.0000,276.6578,281.0770,262.8222,262.9807,285.7695,269.0352,268.8012,274.5307,280.0711,280.6585,260.6652,263.1338,290.1365,285.9817,264.4650,268.1111,264.7980,271.2550,283.3813,261.1072,281.4161,285.0701,262.7795,263.3283,256.4186,271.7642,266.3702,289.2825,277.1648,268.9853,269.0321,256.3545,260.1875,272.3056,283.9415,258.8778,266.9166,262.5165,263.0740,263.1926,274.6508,266.8453,267.9821,261.4978,261.4996,285.0498,258.0237,262.2004,260.9742,279.5983,280.3391,295.4021,296.7449,291.6314,258.2895,266.3583,260.4657,262.8096,261.9619,261.0934,260.3392,277.3749,0.0000,270.4868,259.7272,286.2022,286.1886,260.3927,259.8635,288.0780,264.5013,262.4721,285.6650,277.9519,269.2331,278.2282,298.3557,271.2894,292.0989,310.2986,309.8042,289.6137,284.9381,260.3741,286.5105,286.3131,283.9419,284.6055,281.5779,268.2516,274.1847,275.0191,301.4544,309.0817,273.3155,286.6072,288.8012,288.9009,287.7015,285.0498,288.7465,287.3421,288.7217,288.9251,288.6470,283.8055,262.4171,256.3758,260.3407,0.0000,262.8839,262.4195,262.8839,261.5127,261.5856,260.8185,263.4490,267.6042,289.7563,258.5612,267.0054,269.0279,267.4413,260.6369,264.9878,283.2062,260.8817,260.6334,273.9598,280.9277,286.6089,287.0666,291.4376,277.3749,285.8037,277.3749,280.3641,281.1891,259.6676,267.2992
11.0000,290.2742,258.5511,258.7292,260.6753,256.3079,270.0691,268.1008,289.5185,263.4035,291.4436,278.7350,289.7967,261.5442,270.5751,261.0078,260.4273,265.4520,265.1035,269.3672,254.7163,264.9616,263.1306,263.8202,263.1598,272.7318,275.3900,275.9856,273.9346,290.4230,258.3648,259.5016,259.7327,291.5160,289.0532,288.0919,283.8081,262.7661,281.0750,263.4351,290.8197,301.5874,278.7650,279.5822,302.5563,293.9749,273.6847,287.9331,287.1859,259.4176,288.5793,286.5149,281.3794,289.5558,282.5593,287.8347,282.3892,263.1094,287.4787,267.2764,281.3034,282.0161,282.4784,286.3737,286.6379,281.2166,281.1265,281.4967,288.8433,283.5427,284.1899,291.7924,286.3511,284.4906,282.0581,273.9418,254.5091,261.0193,290.8060,288.1730,278.6573,259.1874,265.4753,262.8385,263.0173,263.6202,263.9794,264.3827,264.0167,263.5236,288.9258,263.3909,263.1839,262.9425,259.2121,257.2447,280.8575,282.1657,274.2641,0.0000,278.1462,282.7256,263.7937,263.5241,286.8517,269.6168,269.3860,275.0915,280.6304,281.2366,260.4801,264.1254,290.4944,287.8905,265.4698,268.4469,265.2080,272.1206,284.2937,262.0384,282.2210,285.6712,263.7554,264.3292,257.3351,272.1387,267.5383,291.1845,277.7083,269.3913,269.4382,257.2342,260.4473,272.7349,285.4408,259.8311,268.2809,263.5096,264.0833,264.2038,275.0051,266.7610,268.0511,262.1331,262.1349,285.6483,259.1893,262.6477,261.2348,280.1378,280.8817,297.3188,298.7473,293.4185,259.2279,267.6012,260.5652,263.0698,262.1644,261.9755,261.2522,277.9155,0.0000,271.1367,260.6241,286.4340,286.4433,261.3097,260.7612,290.0031,265.6072,263.4491,285.8543,277.9519,269.8370,278.2381,298.8769,272.5274,293.4522,312.5302,312.0855,291.7588,286.4890,260.3298,286.8848,286.6747,284.4345,284.8031,281.9716,268.5806,274.5261,275.3844,303.2385,311.2595,273.7161,287.2069,289.4193,289.5176,288.3076,285.6483,289.3642,287.9513,289.3251,289.5420,289.2790,284.3981,263.3909,257.2514,261.2538,0.0000,263.7820,263.4232,263.7820,262.1541,262.2245,261.7376,264.3256,268.2972,291.9004,259.5027,267.6147,269.6085,268.0607,261.6127,266.0499,283.5115,261.0078,261.6094,274.5641,280.9277,288.5660,289.0679,293.6213,277.9155,286.4047,277.9155,280.8647,281.7376,260.6054,267.7378
12.0000,291.4758,259.9610,260.1824,261.6698,256.8631,270.4305,268.4335,291.4316,264.7402,293.5685,280.3582,291.8920,262.8370,271.6707,261.2424,260.5864,266.6016,266.1884,270.2070,256.2023,265.5573,263.5367,264.3032,263.8633,273.1751,275.7893,276.3927,275.0488,292.5797,259.7527,260.8473,261.0978,293.7481,290.2944,289.2355,285.6472,264.0922,281.9439,264.7205,292.0371,303.1214,280.1510,281.1875,304.1189,296.2667,274.3153,288.7408,287.9425,259.4176,289.0112,286.9038,282.4451,289.6516,283.9657,288.7882,283.5637,264.2424,288.0493,267.8855,291.9254,282.8559,283.3147,286.9737,287.2351,281.2166,282.0182,282.4415,289.6720,284.5061,285.2452,292.3294,287.2123,287.7209,282.8979,274.2626,255.8808,262.2556,292.9901,290.1918,279.6269,260.4266,266.5729,264.1663,264.3558,264.9591,265.3222,265.7633,265.3813,264.8643,290.6643,264.8259,264.4641,264.2264,260.5170,258.5700,282.2110,283.5042,275.3458,0.0000,279.7823,284.5244,265.1099,264.2467,288.0147,270.4823,270.2569,275.9437,281.4639,282.0783,260.8137,265.6027,291.1090,289.9050,267.0234,268.7473,265.5168,273.2535,285.3071,263.3066,283.3850,286.5112,265.0906,265.6930,258.7182,272.6985,268.7359,293.3048,278.5402,269.9585,270.0055,258.5358,260.8282,273.1783,286.9468,261.1953,269.5423,264.8444,265.4482,265.5821,275.7084,266.6864,268.1121,263.0240,263.0258,286.4824,260.1849,263.3026,261.6163,280.9772,281.7727,299.0348,300.5229,295.1615,260.5837,269.3717,260.1360,263.8722,262.6027,263.2111,262.5012,278.7461,0.0000,272.0080,261.6253,286.8220,286.8621,262.5625,261.9676,292.0693,267.2230,264.8878,286.3759,277.9519,270.6728,278.2652,298.8304,273.6360,294.8108,314.3124,313.8763,293.9941,288.0576,260.5147,287.4482,287.2292,285.1583,284.8774,282.6480,268.9134,274.8944,275.7826,304.8529,313.0144,274.1231,288.0782,290.2488,290.3476,289.1514,286.4824,290.1936,288.7853,290.1550,290.3737,290.0984,285.2247,264.8259,258.5767,262.5029,0.0000,264.9298,264.7608,264.9297,263.0602,263.1288,263.0581,265.4057,269.1090,294.1220,260.8483,268.4660,270.4737,268.9003,262.8608,267.2667,289.0067,261.2424,262.8574,275.1689,280.9277,290.6172,291.1510,295.9041,278.7460,287.2967,278.7461,281.6799,282.6300,261.9428,268.3296
13.0000,290.1194,260.4442,260.7177,262.0998,258.1584,268.5926,266.5526,292.2916,265.3853,294.8457,281.0732,293.0678,263.4707,272.0646,261.3711,261.5938,267.1634,266.7018,270.1363,260.0704,264.9313,262.8906,263.6908,263.6148,270.1326,272.5380,273.0999,275.1091,293.7585,260.1966,261.3325,261.5045,295.0389,288.8962,287.8373,286.6110,264.7347,280.3512,265.3715,290.6924,302.0114,280.3950,281.8545,303.0301,297.6681,273.9444,288.1665,287.3082,259.4176,288.7486,286.6995,282.3163,289.4634,283.3895,288.3620,283.5002,264.7318,287.7015,267.6331,289.7857,282.4059,282.8501,286.6194,286.8684,281.2166,281.6460,282.0683,289.1690,284.1521,284.9760,292.0283,286.8925,286.3363,282.4472,273.9401,256.1740,262.6231,294.1719,291.3215,278.5361,260.8386,267.1560,264.8084,264.9859,265.6096,265.9777,266.4549,266.0827,265.5084,291.3813,265.3694,265.1203,264.7606,260.8779,258.9080,282.2859,283.4440,275.4240,0.0000,280.5499,285.4459,265.7778,264.0036,286.3925,270.3694,270.1571,275.6215,281.0392,281.6346,264.0447,266.2208,290.8041,291.0110,267.6779,266.9304,264.5235,274.8074,283.2253,263.8063,283.3022,286.0207,265.7777,266.3874,259.1073,272.3693,269.2605,294.5656,278.1157,269.6706,269.7175,258.8350,260.8099,264.1382,287.2183,261.7051,270.1242,265.4898,266.1716,266.3738,275.2522,267.1830,267.7060,262.6093,261.6079,285.9898,260.6715,263.2704,261.5982,280.6032,281.4022,300.6519,302.3291,296.3866,261.0590,270.0967,259.7544,264.4475,262.8879,263.6476,262.9637,278.3111,0.0000,271.9709,262.0699,286.6173,286.6366,263.0382,262.3491,293.3209,267.8276,265.4351,286.4022,277.9519,270.6004,278.2666,298.8208,273.8470,293.8087,315.7305,315.8306,295.2875,288.4505,261.8515,287.1090,286.9043,284.7503,285.0076,282.4302,267.0163,272.2994,272.5516,304.7231,314.1901,270.9827,287.5969,289.7095,289.8092,288.6231,285.9853,289.6545,288.2847,289.6509,289.8332,289.5678,284.6155,265.3694,258.9146,262.9656,0.0000,265.4406,265.4078,265.4405,262.9027,263.0986,263.5503,265.9450,269.1791,295.3760,261.3335,268.3815,270.3598,268.8115,263.4804,267.8241,287.2013,261.3711,263.4770,272.7235,280.9277,291.7434,292.2917,297.2882,278.3083,286.8249,278.3077,281.2336,282.2477,263.6502,268.0671
14.0000,294.4796,260.9467,261.2902,262.3739,257.5830,270.8679,268.6668,294.9774,265.7003,297.3311,282.5955,295.3110,263.5968,273.2797,261.4182,261.2025,267.0822,266.9141,269.1529,260.6684,265.9156,263.5765,264.4731,264.2315,273.8339,276.4011,277.0474,276.7732,296.1103,260.6723,261.7544,262.0331,297.4384,293.2246,291.9691,288.4260,265.0400,283.6623,265.6427,295.1115,307.6111,282.6319,283.4506,308.7365,300.1084,273.4475,285.8612,285.2664,259.4176,287.7785,285.8593,282.2792,288.8804,280.9726,287.8846,283.5842,265.0225,286.4888,267.1380,281.1331,279.8670,280.2823,285.1847,285.4437,281.2166,279.7225,280.1721,286.4228,281.6538,282.4779,290.8109,284.3919,281.8422,279.9076,273.2789,256.5352,262.9588,296.5720,293.5035,281.3946,261.1302,267.4949,265.1135,265.2743,265.9221,266.2848,266.7976,266.4139,265.8056,294.1116,265.7120,265.3548,265.0768,261.0873,259.1719,284.7311,286.0779,277.0884,0.0000,282.0190,287.2079,266.0247,264.6652,290.6670,269.3036,269.1171,273.4888,278.6234,279.0995,262.4116,266.6382,289.5063,293.1693,268.2226,268.8805,265.5251,275.1369,287.4323,264.1084,283.3319,283.2915,266.0541,266.6513,259.5334,271.8549,270.0738,297.0122,275.4837,269.1674,269.2142,259.1763,260.7216,273.8400,289.9874,262.1439,271.0354,265.7726,266.4964,266.7190,274.7806,266.5751,268.2031,262.7357,261.7342,283.2667,260.9372,263.1155,261.5094,278.5465,279.4620,304.3579,306.1128,299.6460,261.4937,270.1238,259.9294,264.5138,262.9706,263.9230,263.2576,275.6017,0.0000,270.9485,262.3371,285.7543,285.6579,263.3230,262.6197,295.6902,268.0331,265.7751,286.3707,278.4607,269.6198,278.7470,301.5943,275.3077,298.3179,321.2610,321.1311,297.6929,291.2323,261.2764,285.8122,285.6288,282.7586,286.4808,281.2262,269.1511,275.3470,276.3891,309.7261,319.6540,274.7255,284.8908,286.8992,286.9980,285.8465,283.1293,286.8500,285.5457,286.9048,287.0223,286.6637,281.6753,265.7120,259.1786,263.2595,0.0000,265.2387,265.7233,265.2385,262.9885,263.1803,263.8386,266.2212,268.4631,297.7772,261.7553,267.4505,269.2923,267.8003,263.3766,268.4384,280.8983,261.4182,263.3733,276.1676,280.4000,293.9534,294.5397,299.7230,275.5842,284.1078,275.5364,278.4997,280.3315,264.0780,267.5615
15.0000,298.3452,262.3273,262.7353,263.2961,257.9088,272.2834,270.3563,295.6542,266.9554,299.1697,283.8456,296.8625,265.1981,274.5740,261.5904,261.2578,267.7497,267.7561,269.1406,262.0256,266.9545,264.9803,265.7010,265.1201,275.3241,278.4065,279.0026,278.0659,306.3311,262.0180,263.0349,263.3611,307.7004,298.0071,295.4800,289.5126,266.2815,285.4420,266.7847,299.0666,313.3694,283.8413,284.6799,314.6578,310.4790,273.5244,283.9230,283.2619,259.4176,287.3699,285.4462,282.5942,288.6507,279.9861,288.0626,284.0004,266.0810,285.8946,267.2290,277.9046,278.6805,279.0558,284.4914,284.7472,281.2166,279.0269,279.4956,284.8808,280.4563,281.3501,290.3147,282.9334,279.6504,278.7204,273.2115,257.7579,264.0300,306.8213,295.8991,282.8572,262.2482,268.3942,266.3585,266.5151,267.1895,267.5677,268.0984,267.6850,267.0698,294.6036,266.9868,266.4576,266.1754,262.1105,260.2643,285.8980,287.0909,278.3696,0.0000,283.2926,288.5105,267.2465,265.5881,295.0348,269.2586,269.0947,272.9851,277.6021,277.9535,262.3962,268.0188,288.9785,294.6085,269.7529,270.7406,267.2096,275.9421,291.0123,265.2588,283.7443,281.5322,267.2200,267.7893,260.8562,271.9112,271.3592,298.8049,274.7483,269.2363,269.2831,260.3500,260.9198,275.3291,290.7108,263.4516,272.5591,267.0260,267.7446,267.9776,274.8893,268.1120,269.6603,263.4487,262.4442,281.4758,261.7668,263.4584,261.7087,277.7396,278.7644,302.3458,302.3459,298.8437,262.7899,271.7339,259.6120,264.9776,263.2296,264.9692,264.3846,274.7322,0.0000,270.8686,263.2611,285.3290,285.1832,264.4748,263.7811,297.9269,269.4691,267.0541,286.2328,278.8253,269.5996,279.0852,304.2143,276.6027,303.6170,329.3694,317.9462,307.9650,291.8757,261.3211,285.1766,285.0116,281.8076,287.5898,280.7904,270.8620,277.1918,278.3896,316.5848,327.5623,276.2120,283.3564,284.9658,285.0608,283.9358,280.7869,284.9209,283.9141,285.3551,285.0839,284.7313,279.9069,266.9869,260.2710,264.3867,0.0000,265.5904,266.9791,265.5902,263.6847,263.8567,264.9542,267.2318,268.5796,308.0585,263.0356,267.4490,269.2454,267.7792,263.6494,269.6360,277.4431,261.5904,263.6461,277.6491,280.0219,304.6866,304.6866,310.0778,274.6903,282.6625,274.5495,277.6174,279.6252,265.3646,267.6418
16.0000,280.3213,262.0058,262.4363,262.9330,257.5526,270.4734,268.9996,293.5875,266.6041,298.0056,282.8012,295.7624,266.2226,273.2392,261.4773,261.2706,266.7195,267.0152,266.6949,261.9993,266.1108,264.7603,265.2624,264.5146,273.0488,276.1517,276.7211,276.2883,305.4863,261.6745,262.7321,263.0931,306.8830,283.2442,281.6321,288.4865,265.9119,280.6745,266.2855,281.0699,295.9438,282.0860,283.5471,297.2840,309.7117,271.9353,278.7154,277.9558,259.4176,285.2106,283.6016,280.8650,286.0427,275.9385,285.7673,282.2966,265.4365,283.1268,265.6743,274.9781,273.9724,274.2559,281.4225,281.6504,278.9255,275.1852,275.6760,279.8428,275.7848,276.7917,287.5189,277.7977,274.7544,274.0116,271.7457,257.2704,263.4484,305.9881,294.8894,279.6239,261.8562,267.6690,265.9912,266.1571,266.8601,267.2570,267.7556,267.3380,266.7383,292.6737,266.4973,265.9536,265.6656,261.4812,259.6889,283.8514,284.7613,276.5815,0.0000,282.3350,287.5094,266.8148,264.9979,282.6205,266.7784,266.6700,268.9279,273.1046,273.2732,262.4186,267.6174,286.1184,293.5948,269.4222,269.1234,266.6616,275.7416,283.1720,264.8699,282.0313,276.4203,266.7811,267.3062,260.4804,270.3773,270.4177,297.6533,269.9529,267.7114,267.7580,259.8406,260.4393,273.0488,288.5224,263.1704,271.6815,266.6601,267.3807,267.6444,273.2876,266.6974,268.1031,262.7449,261.7429,276.3784,261.5897,262.6297,261.2273,273.7590,274.9021,300.8556,300.8557,297.1428,262.4772,271.3947,259.6171,264.7662,263.0738,264.4530,263.9895,269.8265,0.0000,268.3072,262.9032,283.4481,283.0496,264.1383,263.6292,296.7944,268.9784,266.5681,285.9909,279.7155,267.1333,279.9159,306.3835,275.0244,288.8842,314.2313,317.6864,307.1428,289.7505,261.3354,282.3254,282.2251,277.8967,288.6968,277.4707,269.4528,275.3274,276.1466,301.4265,312.4014,273.9198,277.7249,279.7894,279.8831,278.7853,275.3052,279.7465,278.8543,280.3058,279.9053,279.5488,274.7095,266.4973,259.6956,263.9917,0.0000,263.9864,266.6281,263.9862,262.9784,263.1870,264.4292,266.5668,266.3387,307.2325,262.7327,265.0071,266.7620,265.2898,261.9662,268.8334,272.1527,261.4773,261.9630,275.0800,279.0986,303.8158,303.8158,309.3017,269.7644,277.1015,269.5321,272.8165,275.7881,265.4334,266.0917
17.0000,282.5215,263.2792,263.7475,263.8875,258.1414,271.3217,269.7046,297.2047,268.0197,301.2287,284.9981,298.6739,267.3793,274.9675,261.6962,261.5164,267.5785,268.0350,266.5007,263.1951,266.9075,265.4947,266.0273,265.2791,274.0728,277.3263,277.9678,278.0933,308.9127,262.9236,264.0220,264.4135,310.3876,285.3857,283.6677,291.0367,267.3008,282.2828,267.6837,283.3375,299.5841,284.4638,285.7558,301.0483,313.3495,271.7363,277.2853,276.5748,259.4176,284.7087,283.2096,280.9472,285.8215,274.5868,285.5601,282.4601,265.0064,282.5972,265.4805,271.2322,272.6078,272.8953,280.7336,280.9832,278.9255,274.1517,274.6381,278.3633,274.2923,275.2109,286.8231,276.3671,272.2182,272.6468,271.3589,258.4048,264.5747,309.4521,297.7769,281.3711,263.0428,268.6399,267.3851,267.5310,268.2877,268.7071,269.2207,268.7936,268.1537,295.7877,267.8594,267.2924,266.9472,262.5773,260.7985,286.2431,287.1578,278.3784,0.0000,284.5328,289.9985,268.3017,265.7746,284.6376,266.5396,266.4690,267.9378,271.8112,271.9119,263.0519,269.0436,285.3882,296.4159,270.9220,269.7138,267.4249,276.5934,284.9527,266.1086,282.1876,274.9358,268.1949,268.7811,261.7120,270.1498,272.1098,300.8270,268.5940,267.4960,267.5426,260.9835,260.6394,274.0728,291.2508,264.4915,273.8196,268.0901,268.8387,269.1357,273.1392,267.0697,268.6688,263.4668,262.4618,274.8893,262.4543,262.9719,261.4276,272.6700,273.8678,305.0087,305.0088,300.8250,263.7571,273.1244,259.3343,265.3940,263.4409,265.6279,265.1856,268.4229,0.0000,268.0931,263.8623,283.0496,282.6118,265.3394,264.7618,299.8621,270.5339,267.9347,285.7533,279.7155,266.9438,279.9035,307.2811,276.8015,291.1648,317.6394,323.6225,310.6440,292.5903,261.6385,281.7371,281.6304,276.8550,288.5224,276.8043,270.1720,276.2592,277.3134,304.0904,315.7079,274.9599,276.3865,278.3318,278.4204,277.2788,273.6755,278.2898,277.3852,278.8198,278.4440,278.1897,273.2209,267.8594,260.8051,265.1879,0.0000,264.4368,268.0455,264.4365,263.6987,263.9125,265.6653,265.7724,266.3578,310.7051,264.0224,264.8083,266.5218,265.0777,262.3538,270.3518,268.3832,261.6962,262.3506,276.3256,279.0986,307.1573,307.1573,312.9178,268.3541,275.7615,268.0874,271.3601,274.7293,266.5938,265.8856
18.0000,285.2453,264.1770,264.6633,264.7429,258.9627,272.3641,270.5790,299.3238,269.0904,303.4719,286.5751,300.7652,268.8822,275.5735,261.7748,261.7541,267.8334,268.3400,266.5832,264.3293,267.6807,266.1305,266.7233,265.9719,275.2193,278.5664,279.2603,279.0048,311.6265,263.8037,264.9733,265.3797,313.2029,288.1908,286.1921,292.8758,268.3684,283.8163,268.6259,286.1122,303.3977,286.1327,287.3448,304.9557,316.2699,272.2980,277.1089,276.4023,259.4176,284.7416,283.1861,281.7565,285.8172,274.1358,286.0705,283.3236,265.7222,282.6595,265.9801,268.7080,272.4270,272.7315,280.7172,280.9727,278.9255,274.0292,274.4802,278.1528,274.1314,275.0556,286.8306,276.2810,270.6126,272.4657,271.6895,259.1320,265.1429,312.2005,299.9147,282.7499,263.9271,268.8960,268.4560,268.6120,269.3756,269.8121,270.3078,269.8723,269.2490,297.8220,268.8354,268.2248,267.8690,263.3865,261.5793,287.9195,288.8348,279.2706,0.0000,286.1103,291.7965,269.2748,266.4661,287.2196,266.6709,266.6172,267.8606,271.6457,271.7295,263.7682,270.0791,285.3705,298.4922,272.0192,270.4742,268.0808,278.8663,287.1099,267.0670,283.0395,274.7074,269.1827,269.7494,262.5474,270.6478,272.9392,303.0462,268.4145,267.9828,268.0294,261.6799,260.5396,275.2193,293.0917,265.4632,274.9318,269.1532,269.9008,270.2258,273.7802,268.1183,269.7109,264.0043,263.0091,274.6463,263.3089,263.1769,261.5272,272.5537,273.7463,307.7520,307.7521,303.2476,264.6911,274.3250,259.3905,265.5383,263.5573,266.4866,266.1143,268.2316,0.0000,268.2247,264.7214,283.0267,282.6056,266.2945,265.7613,302.0636,271.6007,268.9143,285.7512,279.7155,267.0332,279.9034,309.7595,277.5757,294.5485,322.7757,327.7376,313.4626,294.4866,261.9469,281.7616,281.6331,276.7503,289.2942,276.7117,271.0469,277.3247,278.5481,308.6140,320.7765,276.1368,276.4013,278.1494,278.2353,277.0725,273.3337,278.1076,277.1685,278.6088,278.2590,278.0340,273.0408,268.8355,261.5860,266.1167,0.0000,264.5007,269.1166,264.5004,264.2206,264.4298,266.5675,266.4964,266.4418,313.4904,264.9736,264.8194,266.6520,265.1404,262.3210,271.1721,265.8578,261.7748,262.3180,277.5432,279.0986,309.7803,309.7803,315.8218,268.1599,275.8065,267.8886,271.1760,274.6047,267.9368,266.3774
19.0000,286.5310,264.5769,265.0806,265.0656,258.7944,272.9410,271.0975,299.8580,269.6939,303.8188,287.0396,300.6678,270.2095,276.2198,261.8068,261.9259,267.7711,268.3568,266.6336,264.1644,268.0775,266.5178,267.0970,266.3094,275.8582,279.3096,280.0134,279.6736,312.5617,264.1906,265.4130,265.7762,314.2187,289.4076,287.3539,293.2669,268.9735,284.5784,269.1573,287.4349,305.4789,286.7438,287.8183,307.1054,317.3512,272.6175,277.0814,276.4384,259.4176,284.8081,283.2477,282.2898,285.9419,273.9014,286.4063,283.9325,266.1971,282.7748,266.2850,266.9781,272.4256,272.7408,280.8039,281.0724,278.9255,274.0171,274.4403,278.1713,273.9661,274.7715,286.9123,276.1284,269.6180,272.4647,271.8475,259.4000,265.3067,313.1593,300.4617,283.4456,264.1427,268.9171,269.0637,269.2347,269.9994,270.4554,270.9293,270.4900,269.8841,298.3778,269.3944,268.7432,268.3328,263.7760,261.9233,288.5560,289.4656,279.9614,0.0000,286.5649,292.2249,269.7747,266.8058,288.4273,266.7791,266.7332,267.9111,271.6429,271.7258,264.1786,270.6961,285.4463,299.0095,272.7396,271.0284,268.6360,273.7535,288.3049,267.5396,283.6404,274.6658,269.7557,270.3582,262.8939,270.9316,273.5439,303.3234,268.4331,268.2692,268.3159,261.9594,260.7552,275.8602,293.6800,265.9216,275.5805,269.7527,270.5140,270.8614,274.1439,268.6708,270.2755,264.3728,263.4565,274.6044,263.6298,263.4097,261.6700,272.5520,273.7372,308.6952,308.6953,304.0087,265.1180,275.1290,259.1710,265.8233,263.6777,266.9184,266.5551,268.2495,0.0000,268.5122,265.0441,283.0873,282.6701,266.7715,266.3633,302.5227,272.2638,269.4764,285.7848,279.7155,267.1083,279.9051,312.8649,278.2409,295.8688,324.5610,329.8416,314.4784,295.0635,262.1539,281.8603,281.7223,276.7926,290.5101,276.7020,271.5816,277.9595,279.2893,310.0739,322.5123,276.8120,276.3647,278.0959,278.1818,276.9922,273.2499,278.0547,277.1689,278.6256,278.2055,277.9838,273.0352,269.3944,261.9300,266.5576,0.0000,264.2287,269.7207,264.2284,264.5702,264.7680,267.0283,266.9927,266.3997,314.4728,265.4132,264.8186,266.7585,265.1288,261.8799,271.7452,264.1192,261.8068,261.8769,278.1995,279.0986,310.6544,310.6544,316.8927,268.1774,275.7871,267.9032,271.2260,274.5805,267.3795,266.6736
20.0000,308.1141,265.1171,265.6259,265.7078,259.4083,275.5866,273.0345,302.5471,270.4467,306.2456,288.8579,302.8853,271.0641,277.1680,261.8224,262.1153,267.8323,268.4941,266.8644,264.7526,269.2603,266.7812,267.7021,267.1440,279.0349,282.6603,283.4936,281.5076,315.2633,264.7219,266.0238,266.3846,317.0247,307.4530,304.1661,295.2730,269.7290,290.5212,269.8892,309.1164,329.1427,289.4281,289.7529,330.9479,320.2649,272.7778,277.2057,276.5511,259.4176,284.8991,283.3137,282.5211,285.9655,273.5495,286.6540,284.1716,266.6506,282.9753,266.4568,261.1835,272.5443,272.8533,280.9515,281.2300,278.9255,274.1335,274.4912,278.2714,274.0834,274.8911,287.0235,275.9895,267.6658,272.5833,271.9383,259.7467,265.5837,315.8877,302.6836,287.5007,264.5418,269.0722,269.8206,269.9877,270.7619,271.2286,271.6934,271.2567,270.6489,301.1341,270.0891,269.4615,269.0204,264.3347,262.4056,291.4736,292.6307,281.8121,0.0000,288.2990,294.1761,270.5140,267.6596,303.8056,267.0363,266.9921,268.0814,271.7605,271.8474,264.7330,271.4190,285.5461,301.1848,273.4814,272.9192,269.2001,274.6311,298.4798,268.1920,283.8707,274.7944,270.4945,271.1008,263.3595,271.0781,274.4019,305.7161,268.5583,268.4230,268.4697,262.2820,261.0899,279.0393,296.6681,266.5470,276.4683,270.5082,271.2816,271.6548,274.3172,271.2922,272.9028,264.7491,263.5159,274.7379,264.1207,263.7462,261.8790,272.6713,273.8568,311.7683,311.7684,306.9367,265.7096,275.9651,259.4310,265.7074,263.6678,267.5391,267.1812,268.3710,0.0000,268.7546,265.6823,283.1548,282.7540,267.4055,267.0084,304.8400,273.0320,270.1730,285.8125,279.7155,267.3396,279.9066,316.2251,279.6754,314.4563,345.6883,333.7548,317.2861,297.9878,262.3971,282.0323,281.8656,276.9209,291.8375,276.7492,273.5464,280.6402,282.6200,329.9960,343.4794,280.0220,276.4093,278.2385,278.3278,277.1629,273.3795,278.1969,277.2895,278.7257,278.3517,278.1017,273.1635,270.0891,262.4124,267.1837,0.0000,264.0543,270.4741,264.0540,264.9894,265.1947,267.6744,267.4588,266.5142,317.2379,266.0240,265.0503,267.0142,265.3452,261.5061,272.5558,260.6080,261.8224,261.5034,281.6450,279.0986,313.2804,313.2804,319.7895,268.2990,275.8141,268.0212,271.3187,274.7326,268.0735,266.8398
21.0000,309.2835,265.1343,265.6455,265.8223,259.4865,275.6772,273.1319,301.9204,270.8021,306.3708,289.2124,302.9915,271.4249,277.7911,261.8063,262.2049,267.5223,268.2444,266.7086,265.0012,269.0712,265.7615,266.9167,267.1259,279.2099,283.1024,283.9949,282.0441,315.8346,264.7308,266.2017,266.5516,317.5858,308.6870,305.2009,295.5819,270.0860,290.9608,270.1987,310.3211,331.0724,289.7527,290.1286,332.9430,320.8793,272.6497,277.1232,276.5031,259.4176,284.8785,283.2999,282.2820,286.0357,273.2974,286.4817,283.9296,266.5511,282.9200,266.3145,259.9742,272.3971,272.7141,280.8785,281.1547,278.9255,274.0069,274.3587,278.1593,273.8672,274.6168,286.9599,275.7593,266.9424,272.4363,271.8343,259.5794,265.3827,316.4758,303.0666,287.8868,265.1650,268.8121,270.1784,270.3341,271.1275,271.6028,272.0591,271.6181,271.0107,301.1007,270.3587,269.7506,269.2576,264.4639,262.4284,291.7662,292.9022,282.3424,0.0000,288.6335,294.5005,270.8100,267.6588,304.9516,266.9536,266.9180,267.9316,271.6106,271.6972,264.9599,271.7260,285.4735,301.5473,273.8386,272.8348,268.4063,274.8973,299.4553,268.4777,283.5977,274.6757,270.8194,271.4524,263.3066,270.9530,274.9445,305.8384,268.3729,268.2915,268.3382,262.1155,261.1366,279.2146,296.8157,266.7366,277.2546,270.8550,271.6369,272.0223,274.2009,271.3898,272.9962,264.9718,263.9667,274.6218,264.1207,263.8259,261.9259,272.5387,273.7296,312.1687,312.1688,307.1308,265.8467,276.3624,259.0619,265.9215,263.7079,267.7542,267.4490,268.1778,0.0000,268.3629,265.7996,283.1380,282.7190,267.6795,267.2754,305.1150,273.3670,270.4445,285.7862,279.7155,267.1504,279.9052,317.7271,280.2558,315.8896,347.9184,335.1260,317.8411,298.0876,262.5070,281.9708,281.8052,276.8102,292.4582,276.6767,273.6147,280.8969,283.0560,331.8553,345.6554,280.2181,276.3047,278.1433,278.2317,277.0778,273.2687,278.1015,277.1818,278.6134,278.2546,278.0090,273.0505,270.3587,262.4351,267.4516,0.0000,263.6022,270.8298,263.6019,265.1736,265.3703,267.8826,267.3791,266.2357,317.8161,266.2019,264.8887,266.9296,265.1986,260.9342,272.9791,259.4184,261.8063,260.9314,281.8844,279.0986,313.8220,313.8220,320.3943,268.1063,275.7001,267.8259,271.0117,274.6116,268.3159,266.7007
22.0000,306.0307,264.9694,265.4962,265.2773,258.8514,271.4408,268.9256,301.6825,270.5424,306.1360,288.8376,302.6736,271.0713,277.5314,261.8004,262.1537,267.4651,268.2667,266.7064,264.7586,267.2636,264.2148,265.3155,265.9898,274.0882,277.6788,278.5114,281.1639,315.7286,264.5604,265.9375,266.3146,317.5383,305.3897,301.8777,295.2619,269.8353,287.6194,269.9559,307.0809,328.1028,288.6522,289.7227,329.9978,320.8963,272.9200,277.7069,277.0922,259.4176,287.6926,286.5459,282.8742,286.8586,273.8711,287.7799,284.6109,266.5971,285.8632,266.6082,263.6474,272.9544,273.2810,283.3916,283.8138,278.9255,274.5307,274.8456,278.7457,274.4380,275.1958,288.9499,276.5932,267.8531,272.9935,272.1437,259.5794,265.4279,316.3736,302.8195,285.2515,264.3745,268.9055,269.9284,270.0836,270.8707,271.3512,271.8154,271.3746,270.7605,300.4425,270.1756,269.5063,269.0062,264.2842,262.3123,290.4093,291.4372,281.4492,0.0000,288.2865,294.1799,270.5760,266.5402,301.3037,267.0064,266.9822,268.2390,272.1204,272.2281,264.7754,271.5603,287.4382,301.2857,273.7092,268.6991,266.3349,274.5209,295.0927,268.1219,284.3203,275.2476,270.5734,271.1895,263.2030,271.2739,274.7065,305.5904,268.7923,268.6203,268.6670,262.1354,261.0247,263.9180,295.7171,266.4793,277.0727,270.6111,271.3991,271.7997,274.4598,267.2498,268.8137,264.2735,262.6789,275.1882,263.8518,263.6336,261.8136,273.0331,274.2428,311.7328,311.7329,306.5969,265.6051,276.1680,259.3317,265.7584,263.6676,267.4802,267.0715,268.5981,0.0000,268.4112,265.2673,286.4602,286.2113,267.3029,266.8745,304.8734,273.1884,270.2614,287.2518,279.7155,267.1611,279.9818,317.9200,279.6562,312.6891,341.6303,335.2684,317.7928,297.1144,262.4361,284.8650,284.6116,278.3190,292.5045,277.0191,269.4370,276.0471,277.6505,328.8768,339.8410,275.0726,276.9507,278.7171,278.8044,277.6664,273.8347,278.6754,277.7627,279.1990,278.8278,278.5938,273.6260,270.1756,262.3190,267.0740,0.0000,263.4497,270.5707,263.4494,264.6751,264.9761,267.6699,267.4313,266.1905,317.7486,265.9376,264.8344,266.9810,265.1286,260.7043,272.7301,260.8954,261.8004,260.7012,277.5172,286.2113,313.6938,313.6938,320.4010,268.5270,276.3792,268.2441,271.4400,275.1366,268.0277,266.9925
23.0000,286.0967,264.8897,265.3836,265.1672,258.8313,270.2694,268.4612,300.2770,270.4246,304.9605,287.8803,301.4142,270.8144,276.4179,261.7794,262.1005,267.1758,268.0692,266.3800,261.1529,267.1072,265.4939,266.1210,265.8618,272.3222,275.5472,276.1657,279.5749,314.7957,264.4887,265.8282,266.1539,316.5589,288.8045,286.5529,294.2739,269.7117,282.8044,269.7516,287.0926,307.0377,287.0292,288.6412,308.8356,319.9192,272.5667,277.3794,276.7620,259.4176,287.7797,287.1932,282.5330,286.3681,273.4494,287.1854,284.2791,266.6868,284.6616,266.2804,262.8282,272.6422,272.9629,282.4680,282.5224,278.9255,274.1944,274.4910,278.3236,274.1393,274.9091,287.9694,276.3973,267.2019,272.6807,271.8029,259.5794,265.3031,315.4518,301.8260,282.1579,264.3745,268.7233,269.8053,269.9723,270.7606,271.2451,271.7009,271.2562,270.6524,298.8862,270.0853,269.3250,268.8443,264.1700,262.2390,288.6000,289.3415,279.8350,0.0000,287.4215,293.2283,270.3969,266.3520,287.3759,266.7553,266.7493,267.9810,271.8148,271.9233,264.6338,271.4786,286.7035,300.2961,273.6501,268.6885,267.2192,273.2924,286.3626,268.0112,283.9717,274.9100,270.4226,271.0498,263.1628,270.9367,274.0165,304.4014,268.5223,268.2923,268.3390,262.0913,261.0073,262.2175,293.8636,266.3753,276.4321,270.4786,271.2734,271.6802,274.1028,266.7510,268.0593,264.4831,263.4565,274.8518,263.8330,263.6029,261.7958,272.7152,273.9103,310.1782,310.1783,305.0498,265.5049,276.1883,259.2418,265.8232,263.6752,267.3604,266.9649,268.3307,0.0000,268.0248,265.1577,286.7495,284.9575,267.1918,266.7513,303.7938,273.1677,270.1721,298.2188,299.4692,266.8254,299.2631,340.9513,278.2825,295.6340,322.8303,334.1155,316.8037,295.3448,262.3699,283.5438,283.6227,277.7118,313.3114,276.7936,268.9725,274.7270,275.5445,310.8195,321.1575,273.2818,276.5948,278.3815,278.4673,277.3045,273.5023,278.3399,277.3763,278.7740,278.4907,278.2621,273.3072,270.0853,262.2458,266.9675,0.0000,262.9338,270.4529,262.9335,264.7619,265.0086,267.5364,267.5425,265.8016,316.8054,265.8284,264.4913,266.7280,264.7535,260.0429,272.1957,260.0465,261.7794,260.0400,275.3480,279.0986,312.7514,312.7514,319.4219,268.2602,276.0167,267.9765,271.1846,274.7961,266.6155,266.6627
24.0000,289.3053,265.0585,265.5577,265.4663,259.1081,273.5103,271.7637,301.3643,270.8330,305.7822,288.5957,302.1068,270.8712,276.9652,261.7607,262.1715,267.0572,268.0253,266.1001,261.2639,268.1398,265.5812,266.4134,266.5318,276.5557,280.1521,280.8429,280.6383,315.7604,264.6519,266.0417,266.3714,317.5307,292.2571,289.8304,294.9995,270.1597,285.8429,270.0717,290.2964,310.1350,288.3288,289.4421,311.9233,320.9601,272.4514,276.7946,276.1885,259.4176,284.6075,283.0718,282.3380,285.7192,272.7176,286.4563,284.0624,266.4500,282.6829,266.1835,257.8964,272.1296,272.4539,280.6336,280.9119,278.9255,273.6748,274.0014,277.7848,273.5876,274.3283,286.7179,275.7313,265.5233,272.1682,271.5509,259.5794,265.2826,316.4308,302.5954,284.6364,264.3745,268.7180,270.2540,270.4282,271.1828,271.6766,272.1010,271.6528,271.0983,300.1400,270.3058,269.6255,269.0988,264.3216,262.3371,290.0696,291.0375,280.8996,0.0000,288.0897,293.9458,270.7227,267.0822,291.0713,266.5192,266.5281,267.6287,271.3351,271.4289,264.8633,271.7052,285.2196,301.0592,273.8819,271.7854,268.1923,273.0826,290.5497,268.2753,283.7357,274.3670,270.7611,271.4123,263.2603,270.7546,274.3690,305.2026,268.1134,268.1222,268.1689,262.0961,261.0229,276.5557,295.4274,266.5943,276.4221,270.8896,271.6529,272.0639,273.9840,269.2792,270.8598,264.6687,263.5864,274.3057,263.9325,263.6300,261.8118,272.2329,273.3990,311.1511,311.1512,306.1716,265.7062,276.3658,259.0585,265.9839,263.7168,267.5794,267.1918,267.9242,0.0000,267.6633,265.4489,282.9167,282.5185,267.4092,266.9419,304.5692,273.3765,270.3931,285.4848,279.7155,266.5310,279.8894,319.1885,279.1140,299.2004,326.7931,334.4941,317.7676,296.8382,262.4643,281.7392,281.5697,276.5488,292.8982,276.4623,272.2313,278.6938,280.1293,314.6103,325.1023,277.5200,276.0867,277.7941,277.8807,276.7274,272.9527,277.7530,276.8358,278.2349,277.9037,277.6710,272.7882,270.3058,262.3439,267.1946,0.0000,262.6431,270.8611,262.6428,264.9186,265.1467,267.7486,267.2494,265.5074,317.7879,266.0418,264.2045,266.4885,264.4284,259.6722,272.5985,257.3513,261.7607,259.6691,279.0477,279.0986,313.6854,313.6854,320.4505,267.8548,275.5151,267.5699,270.7659,274.2747,266.6952,266.5571
25.0000,288.4373,265.1101,265.6260,265.5099,259.0851,273.5307,271.7365,302.1256,270.9048,306.0384,288.6086,302.0966,270.7667,277.0007,261.7077,262.1756,266.8166,267.8613,266.0265,261.3821,268.3058,266.1113,266.8560,266.6195,276.5524,280.0983,280.7871,280.6732,316.1937,264.6949,266.1034,266.4453,317.8223,291.4707,289.1498,295.0413,270.2298,285.6971,270.1230,289.3773,308.1603,288.1718,289.4521,309.8534,321.2282,272.1795,276.7736,276.1491,259.4176,284.5567,282.9982,281.9062,285.7220,272.6708,286.0962,283.5878,266.1221,282.4817,265.9523,257.8989,272.0735,272.3925,280.5009,280.7739,278.9255,273.6266,273.9518,277.8197,273.5671,274.3337,286.6860,275.6523,265.4745,272.1121,271.4288,259.5794,265.1888,316.8987,302.7986,284.5741,264.5378,268.5504,270.3238,270.4955,271.2576,271.7520,272.1818,271.7262,271.1699,300.4716,270.3403,269.6768,269.1361,264.3449,262.3518,289.9399,291.0035,280.9641,0.0000,288.1139,294.0000,270.7566,267.1518,290.3897,266.4939,266.5088,267.6094,271.2792,271.3753,264.8999,271.7392,285.1723,301.2347,273.9018,271.7345,268.5363,272.4026,290.0908,268.3480,283.2406,274.3367,270.8130,271.4551,263.2757,270.5248,274.4211,305.4162,268.0889,267.8997,267.9463,262.0646,261.4812,276.5578,295.5159,266.6571,276.5117,270.9489,271.7203,272.1296,273.6618,269.2470,270.8581,264.7214,263.4886,274.2786,263.9325,263.8208,261.9545,272.1726,273.3523,311.8955,311.8956,306.7073,265.7634,276.3989,259.1331,265.8214,263.6224,267.6215,267.2629,267.9027,0.0000,267.6167,265.4918,282.8449,282.4391,267.4702,266.9798,304.7627,273.4230,270.4272,285.4382,279.7155,266.4585,279.8870,317.4513,279.1487,298.2420,325.2948,335.5289,318.0474,296.9846,262.4731,281.5773,281.4342,276.4584,292.3922,276.4162,272.2110,278.6650,280.0748,313.3172,323.6262,277.5243,275.9898,277.7874,277.8742,276.7446,272.9130,277.7459,276.8412,278.2716,277.8978,277.6599,272.7405,270.3403,262.3586,267.2657,0.0000,262.2157,270.9330,262.2153,265.0062,265.2366,267.7788,266.8623,265.3146,318.1898,266.1036,264.1502,266.4598,264.3073,259.0856,272.6441,257.3560,261.7077,259.0825,279.0263,279.0986,314.0825,314.0825,320.7204,267.8345,275.3862,267.5474,270.7492,274.2230,266.6157,266.3307
26.0000,288.1674,265.0401,265.5621,265.3897,258.9900,273.2343,271.4645,300.7893,270.6876,304.6805,287.8973,300.8390,270.5086,277.0007,261.7250,262.1136,266.4242,267.5872,265.5601,261.3282,268.1149,265.8986,266.6598,266.4726,276.2250,279.7123,280.3992,280.4765,314.9630,264.6256,265.9533,266.2950,316.5165,291.1339,288.8258,294.1059,270.0103,285.3107,269.8880,289.1209,308.1835,287.3210,288.7550,309.9018,319.8755,271.8826,276.2945,275.6843,259.4176,284.2852,282.8175,281.4879,285.3633,272.4505,285.6393,283.1341,266.1003,282.1670,265.6776,258.4046,271.6667,271.9903,280.1901,280.4584,278.6453,273.2532,273.6011,277.4776,273.1225,273.8639,286.3339,275.1821,265.7396,271.7057,271.2358,259.5794,265.0445,315.6668,301.7050,284.1318,264.3745,268.2321,270.1037,270.2793,271.0446,271.5394,271.9744,271.5078,270.9554,299.3050,270.1272,269.4376,268.9210,264.1761,262.2448,289.0387,290.1485,280.7705,0.0000,287.4027,293.1136,270.4897,267.0134,290.0195,266.0860,266.1309,267.2269,270.8930,270.9718,264.7158,271.5355,284.8326,300.1763,273.6976,271.4295,268.2195,272.1574,289.6470,268.1549,282.7719,273.9054,270.5693,271.1814,263.2300,270.2552,274.2661,304.0741,267.7111,267.6332,267.6797,262.0140,260.9892,276.2315,294.4676,266.5074,276.1661,270.7201,271.4934,271.8957,273.3323,268.9405,270.5589,264.5390,263.4565,273.8434,263.9325,263.5030,261.7421,271.8065,272.9767,310.5080,310.5081,305.4098,265.6328,276.0653,259.4615,265.9937,263.7674,267.4264,267.0739,267.5263,0.0000,267.1919,265.3720,282.6618,282.2271,267.2783,266.7900,303.5229,273.1467,270.2132,285.3933,279.7155,265.9968,279.8846,314.8028,279.0396,297.9059,324.6849,333.3128,316.7330,295.8892,262.3932,281.2726,281.1452,276.0994,291.2696,276.0905,271.9290,278.3408,279.6903,312.9960,323.0630,277.2060,275.5857,277.2985,277.3892,276.2867,272.4602,277.2577,276.4620,277.9311,277.4120,277.1435,272.3015,270.1272,262.2516,267.0767,0.0000,261.6257,270.7158,261.6253,264.7836,265.0142,267.5840,266.8375,264.8046,316.9158,265.9535,263.6487,266.0480,263.7899,258.3785,272.4942,257.8159,261.7250,258.3752,278.6639,279.0986,312.8733,312.8733,319.3739,267.4591,275.0087,267.1682,270.3653,273.8421,266.4592,266.0602
27.0000,288.1242,264.9140,265.4273,265.2588,258.9564,273.1669,271.3633,299.5152,270.3447,303.1304,287.0673,299.3368,270.2411,277.0331,261.5647,261.9839,265.7643,267.0645,265.0976,260.9256,268.1256,266.1577,266.8560,266.4224,276.1274,279.6014,280.2756,280.3030,313.2027,264.5089,265.7382,266.0820,314.5573,290.9174,288.6825,293.0405,269.6670,285.0478,269.5786,289.1004,308.6314,286.5749,287.9221,310.3921,317.8285,271.6066,275.4483,274.7517,259.4176,284.1018,282.6678,280.8762,285.1350,272.5172,285.1254,282.4660,265.9769,281.9138,265.3452,263.0997,271.2109,271.4959,279.8964,280.1518,278.3616,272.9638,273.3614,276.7945,272.7935,273.6699,286.0723,274.7655,267.0315,271.2492,271.0572,259.5794,264.7641,313.8982,300.3701,283.8169,264.2707,267.6630,269.7586,269.9163,270.6960,271.1828,271.6119,271.1482,270.5949,298.2310,269.7497,269.1216,268.6220,263.9346,262.0886,288.3533,289.4663,280.5666,0.0000,286.5692,292.0851,270.1432,266.9539,289.7775,265.7149,265.7871,266.8643,270.4904,270.5368,264.4582,271.1195,284.5829,298.8980,273.2371,271.4073,268.3791,272.0526,289.3568,267.8947,282.1260,273.2880,270.2216,270.8036,263.1629,269.9875,274.1978,302.5315,267.3395,267.3402,267.3867,261.9112,261.0846,276.1338,293.6104,266.2786,276.3106,270.3693,271.1310,271.5193,273.0816,268.9038,270.5040,264.4461,263.4565,273.2230,263.8777,263.4281,261.7117,271.4635,272.6808,309.3535,309.3536,304.2727,265.4416,275.4709,259.9001,265.1751,263.3564,267.1712,266.8398,267.1572,0.0000,266.5593,265.2393,282.5099,282.0538,267.0413,266.5928,302.0707,272.6458,269.8336,285.4853,279.7155,265.5064,279.8894,312.2873,278.9560,297.6765,324.4632,331.7121,314.7557,294.9711,262.2446,281.0086,280.8866,275.7227,290.0965,275.8282,271.8419,278.2121,279.5793,312.6765,322.8118,277.1013,274.8078,276.4728,276.5639,275.5543,271.8269,276.4338,275.8007,277.2418,276.5844,276.2512,271.7135,269.7497,262.0953,266.8426,0.0000,260.8224,270.3722,260.8220,264.6622,264.8815,267.2898,266.7032,264.2449,315.0508,265.7384,263.1599,265.6727,263.3347,257.4342,272.3085,260.3392,261.5647,257.4307,278.5000,279.0986,311.1800,311.1800,317.3379,267.0921,274.2324,266.7974,269.9564,273.5575,266.2026,265.7405
28.0000,288.1318,264.9061,265.4111,265.2759,258.9903,273.1375,271.3227,298.1299,270.3716,302.0072,286.5599,298.3193,270.3657,277.0007,261.5198,261.9992,265.4541,266.8307,265.4229,260.8682,268.1235,266.1572,266.8560,266.4257,276.0829,279.6006,280.2922,280.1415,311.7107,264.5042,265.7539,266.0893,312.9844,290.8499,288.6339,292.3499,269.6966,284.8778,269.6007,289.1223,308.9474,285.9649,287.4270,310.7345,316.1952,272.0767,276.3156,275.3243,259.4176,287.1181,285.9466,281.6137,286.9323,273.9231,286.6980,283.2876,266.1476,285.1098,265.8048,265.9540,272.4060,272.6942,282.7105,283.0949,279.4363,274.1194,274.5333,278.0680,273.9909,274.9269,288.4589,275.7659,269.3419,272.4460,271.5742,259.5794,264.6474,312.3751,299.3513,283.5639,264.3745,267.4060,269.7885,269.9501,270.7186,271.2031,271.6283,271.1716,270.6215,297.2582,269.7656,269.1405,268.6226,263.9778,262.1164,287.6724,288.8418,280.3769,0.0000,286.0634,291.4107,270.1876,266.9549,289.7210,266.1139,266.2007,267.6881,271.6157,271.6946,264.4762,271.1310,286.9309,297.9432,273.2489,271.3645,268.3733,272.2579,289.3245,267.9234,282.9914,274.5448,270.2543,270.8582,263.1613,270.4987,274.2148,301.4255,268.3493,267.8463,267.8929,261.8828,260.9870,276.0893,292.8364,266.2928,276.4278,270.4088,271.1573,271.5493,273.5504,268.8946,270.4827,264.4651,263.4565,274.4748,263.8777,263.4809,261.7316,272.5552,273.8212,308.4628,308.4629,303.3400,265.4524,275.5341,259.6512,265.0943,263.2565,267.1886,266.8701,268.1727,0.0000,266.9240,265.2566,285.8603,285.6024,267.0762,266.6421,300.9941,272.6757,269.8499,286.9735,279.7155,265.8433,279.9673,312.9829,278.8532,297.6116,324.4836,330.8887,313.1788,294.1427,262.2604,284.1488,283.9302,277.7290,290.3570,276.9771,271.8054,278.1869,279.5783,312.7030,322.8345,277.0810,276.1696,277.8452,277.9373,276.8568,273.0596,277.8009,277.0705,278.5162,277.9596,277.7232,272.9481,269.7656,262.1232,266.8729,0.0000,260.5531,270.3990,260.5528,264.6881,264.9120,267.3088,266.8934,264.3837,313.5148,265.7541,263.4681,266.0663,263.6363,257.0612,272.3106,263.1061,261.5198,257.0572,278.3917,285.6024,309.7625,309.7625,315.7136,268.1094,275.5985,267.8111,270.9830,274.7243,266.2477,266.2023
29.0000,289.0549,265.0409,265.5347,265.4262,259.1159,273.4103,271.5763,299.1029,270.7354,303.1395,287.1922,299.2947,270.9087,277.1645,261.5463,262.1049,265.3565,266.7837,265.3551,261.0328,268.2006,265.9260,266.7153,266.5244,276.4156,280.0888,280.7984,280.4357,313.1289,264.6374,265.9985,266.3681,314.4393,291.7350,289.4476,293.1918,270.0654,285.3727,269.9177,290.0778,310.5745,286.7000,288.0155,312.4221,317.7099,272.6601,276.3348,275.2998,259.4176,284.7950,283.2272,282.3503,286.2671,274.1927,286.4418,284.0175,266.1981,282.8252,266.3929,267.9104,272.3864,272.7050,280.8033,281.0556,279.4363,274.0929,274.5837,278.0897,274.1614,275.2099,286.9715,276.0712,270.4739,272.4266,271.9037,259.5794,264.6271,313.8174,300.4238,284.0323,264.3745,267.3710,270.1599,270.3313,271.0923,271.5906,271.9917,271.5417,271.0078,298.0440,270.0825,269.4495,268.8906,264.1638,262.2361,288.4516,289.5095,280.6960,0.0000,286.7156,292.2215,270.5668,267.0635,290.5756,266.0879,266.1855,267.6859,271.6074,271.6779,264.7220,271.4836,285.5060,298.9652,273.6507,271.6010,268.2499,273.3228,290.1200,268.1802,283.6998,274.5546,270.6008,271.2206,263.2582,270.9984,274.4218,302.5329,268.3585,268.3585,268.4052,261.8754,260.9870,276.4219,293.5399,266.5536,276.5331,270.7911,271.5270,271.9415,274.1689,269.1666,270.7551,264.5455,263.4565,274.4579,263.9325,263.5183,261.7506,272.5389,273.7964,308.8166,308.8167,303.8926,265.6699,276.0208,259.7288,265.1925,263.3295,267.4141,267.0991,268.1849,0.0000,266.8411,265.4081,283.0699,282.6803,267.3216,266.8920,302.1260,273.0743,270.1696,285.6958,279.7155,265.7674,279.9005,315.7071,279.0886,298.3660,321.4453,331.0771,314.6298,294.8650,262.3866,281.8859,281.7330,276.7795,291.4210,277.0276,272.0571,278.5632,280.0632,312.6377,320.2143,277.4201,276.6440,277.8732,277.9596,276.8569,273.0404,277.8288,277.0841,278.5386,277.9834,277.8272,272.9657,270.0825,262.2429,267.1019,0.0000,260.3129,270.7631,260.3125,264.7880,265.0183,267.5611,266.9600,264.2742,314.9647,265.9986,263.3676,266.0360,263.5592,256.7144,272.5721,264.9263,261.5463,256.7103,278.7659,279.0986,311.1262,311.1262,317.2181,268.1233,275.9985,267.8217,270.9848,274.6969,266.6756,266.7749
30.0000,289.1584,265.0604,265.5489,265.4629,259.2937,273.5770,271.7348,299.4899,270.7102,303.4242,287.3488,299.5994,270.6891,277.0007,261.6104,262.1202,265.3229,266.7927,265.3645,261.3287,268.3082,266.1547,266.8857,266.5872,276.5886,280.2685,280.9886,280.4071,313.1614,264.6593,266.0192,266.4115,314.4612,291.7969,289.5432,293.3981,270.0399,285.5085,269.8977,290.1838,310.7327,286.9638,288.1838,312.5850,317.7340,272.7346,276.5696,275.5371,259.4176,284.9223,283.2835,282.5493,286.3848,274.7827,286.6905,284.2212,266.1860,282.9768,266.5109,270.4882,272.5728,272.8886,280.9441,281.1933,279.4363,274.3240,274.8589,278.2543,274.3390,275.3785,287.1304,276.2228,272.3266,272.6079,272.0014,259.5794,264.6807,313.8415,300.5623,284.1681,264.3745,267.3900,270.1341,270.2995,271.0705,271.5708,271.9385,271.5062,270.9824,298.4180,270.0619,269.4362,268.8907,264.1637,262.2359,288.7272,289.7800,280.7067,0.0000,286.8636,292.4035,270.5272,267.1237,290.6746,266.1160,266.2246,267.8558,271.8038,271.8663,264.7174,271.4553,285.6774,299.1167,273.6050,271.7654,268.6120,275.3266,290.2959,268.1769,283.8962,274.7568,270.5842,271.2072,263.2740,271.0904,274.3593,302.8208,268.5879,268.4652,268.5119,261.8861,260.9573,276.5949,293.8716,266.5735,276.6126,270.7595,271.4970,271.9207,274.2069,269.3811,270.9412,264.5526,263.4565,274.6646,263.9325,263.5145,261.7460,272.7376,274.0230,309.6282,309.6283,304.4938,265.6909,275.9352,259.4077,265.6827,263.5513,267.4137,267.1007,268.4242,0.0000,266.9820,265.4442,283.1298,282.7718,267.3129,266.8401,302.3117,273.0268,270.1485,285.7210,279.7155,265.8079,279.9018,318.2580,278.9987,298.2860,321.0110,333.2890,314.6488,295.2124,262.3990,282.0276,281.8644,276.9501,292.5609,277.2171,272.2255,278.7418,280.2426,312.0532,319.7626,277.6218,276.8158,278.1122,278.2004,277.0823,273.2494,278.0674,277.2685,278.7041,278.2238,278.0639,273.1755,270.0619,262.2427,267.1035,0.0000,260.1794,270.7376,260.1790,264.7918,265.0185,267.5570,266.9435,264.2280,314.9914,266.0192,263.3485,266.0597,263.5164,256.5077,272.5000,267.5532,261.6104,256.5034,278.9275,279.0986,311.1755,311.1755,317.2414,268.3656,276.1443,268.0614,271.2295,274.9310,267.0883,266.8892
31.0000,289.5544,265.0391,265.5218,265.4453,259.2421,273.5597,271.7141,299.5238,270.7020,303.3370,287.3549,299.5562,270.7710,277.0007,261.7569,262.1392,265.2521,266.7668,265.4978,261.2317,268.1908,265.7341,266.5439,266.5369,276.6040,280.3896,281.1407,280.3946,312.9991,264.6417,266.0100,266.3888,314.2611,292.2229,289.8926,293.3871,270.0320,285.6379,269.9071,290.5937,311.4290,287.0712,288.1951,313.3072,317.5280,272.9902,277.1602,276.0226,259.4176,285.1401,283.4674,282.7516,286.5435,275.4838,286.9653,284.4239,266.2069,283.2990,266.7298,273.0553,273.1500,273.4585,281.3031,281.5580,279.4363,274.7540,275.2846,278.8514,275.2071,276.4578,287.4203,277.3792,274.0900,273.1889,272.1996,259.5794,264.6674,313.6779,300.4809,284.2497,264.3745,267.3660,270.1258,270.2893,271.0599,271.5585,271.9255,271.4985,270.9711,298.5184,270.0600,269.4475,268.8965,264.1806,262.2463,288.8603,289.9023,280.6272,0.0000,286.8611,292.3866,270.5484,267.0879,291.0769,266.2922,266.4104,268.3147,272.3483,272.4393,264.7311,271.4410,285.9843,299.0494,273.5698,271.6506,268.3128,274.6431,290.6655,268.1770,284.0870,275.3648,270.5941,271.2326,263.2613,271.3222,274.3467,302.7407,269.1728,268.6859,268.7327,261.8732,260.9870,276.6155,294.0011,266.5668,276.5331,270.7560,271.4945,271.9198,274.5007,269.3501,270.9183,264.5644,263.4565,275.2619,263.9325,263.5642,261.7749,273.1988,274.4560,309.9729,309.9730,304.7260,265.6797,275.9764,259.0600,266.0404,263.7431,267.4212,267.1029,269.0266,0.0000,267.0344,265.4273,283.3164,282.9855,267.3194,266.8680,302.1916,273.0445,270.1470,285.7435,279.7155,265.9267,279.9030,319.6869,278.9912,298.8044,325.1163,334.0954,314.4442,295.3381,262.4172,282.3562,282.1825,277.4208,293.0776,277.5014,272.1941,278.7867,280.3612,313.0220,323.4294,277.6412,277.4385,278.7349,278.8233,277.7132,273.8606,278.6895,277.8591,279.3021,278.8467,278.6843,273.8273,270.0600,262.2530,267.1057,0.0000,260.0332,270.7294,260.0329,264.8119,265.0411,267.5641,266.9608,264.2997,314.8055,266.0101,263.4601,266.2315,263.6487,256.2605,272.5060,270.2450,261.7569,256.2560,278.9632,279.0986,311.0259,311.0259,317.0356,268.9724,276.7771,268.6682,271.8594,275.3554,266.9483,267.1087
32.0000,285.8649,264.8915,265.3703,265.1808,258.9910,270.2410,268.6016,297.6814,270.5066,301.8323,286.2755,298.1420,270.5510,276.5116,261.7633,262.0885,265.1443,266.6778,265.8968,260.9627,267.1653,265.7658,266.3158,265.8889,272.2197,275.2841,275.7879,279.3286,311.2297,264.4979,265.8570,266.2477,312.4436,288.4066,286.2463,292.1379,269.8365,282.3708,269.7029,286.8774,307.1668,285.2712,287.0523,308.9958,315.7039,273.6684,278.5778,277.4666,259.4176,285.6448,283.8708,283.7442,286.8448,276.9373,287.9234,285.4848,266.1676,284.0304,267.4220,277.4636,274.4374,274.7686,282.0997,282.3560,279.4363,275.7972,276.3475,280.2679,276.4922,277.7215,288.0764,279.0547,277.0941,274.4831,272.7231,259.5794,264.5905,311.8841,299.0659,281.5626,264.3745,267.2658,269.9308,270.1128,270.8534,271.3437,271.7354,271.3025,270.7736,296.7209,269.8747,269.2500,268.6909,264.0798,262.1798,286.8468,287.7973,279.6491,0.0000,285.8344,291.1817,270.3773,266.3752,287.0033,266.7454,266.8674,269.3213,273.5710,273.7158,264.5792,271.2388,286.7009,297.6671,273.3529,269.3588,267.5325,274.5623,286.0471,268.0123,285.1732,276.7372,270.3939,271.0230,263.1721,271.9665,273.9725,301.2504,270.4328,269.3423,269.3891,261.8400,261.0676,262.1274,292.0494,266.4122,276.1063,270.5741,271.2956,271.7135,275.1885,266.7644,268.0483,264.4724,263.4565,276.6291,263.8462,263.6385,261.8211,274.2721,275.5004,308.0538,308.0539,302.8742,265.5289,275.7486,258.6839,266.4331,263.8801,267.2575,266.9462,270.3167,0.0000,267.5559,265.1710,283.7270,283.4671,267.1589,266.7071,300.7387,272.8395,269.9611,285.9354,279.7155,266.3510,279.9130,319.3678,278.1853,295.0004,321.1068,331.6954,312.6220,293.4338,262.3516,283.0935,282.8926,278.4723,292.9540,278.2140,269.1553,274.6844,275.2874,309.1731,319.4452,273.2183,278.8164,280.1352,280.2220,279.0990,275.2785,280.0894,279.2665,280.7209,280.2461,280.0818,275.3803,269.8747,262.1866,266.9489,0.0000,259.9260,270.5340,259.9257,264.7442,264.9851,267.3977,266.9239,264.5360,313.0058,265.8571,263.8414,266.6805,264.0239,256.0501,272.1981,274.5784,261.7633,256.0455,275.0960,279.0986,309.3123,309.3123,315.2119,270.2701,278.1568,269.9713,273.1630,276.4008,266.7640,267.7892
33.0000,305.2434,264.9669,265.4276,265.4332,259.3207,271.4486,269.0349,299.0876,270.8760,302.8634,287.2283,299.1500,270.6120,277.0007,261.6967,262.2293,265.6460,267.0239,267.5045,261.1469,267.6525,265.4186,266.2999,266.2386,273.9563,277.1864,277.8843,280.4369,311.8300,264.5773,266.0691,266.4621,313.0252,304.3672,301.0563,293.1178,270.2125,286.9344,270.1365,306.3055,327.5756,286.9087,288.0952,329.4929,316.2528,274.9254,282.0131,280.8469,259.4176,287.1309,285.0734,285.2360,288.7837,280.2081,289.6776,287.0055,266.2355,285.8894,268.6844,283.8880,277.7417,278.0929,284.1621,284.4082,281.2166,278.6322,279.2200,283.6908,279.9670,281.3000,290.0739,282.4748,281.9126,277.7866,273.8884,259.5794,264.7664,312.4634,299.9181,284.4247,264.3745,267.6438,270.3068,270.4829,271.2239,271.7185,272.1041,271.6823,271.1469,298.2573,270.3261,269.6856,269.0884,264.4872,262.4411,288.6824,289.8225,280.7100,0.0000,286.7079,292.1123,270.8098,266.7110,300.4271,268.4094,268.4958,272.1677,276.7623,277.0122,264.9231,271.6845,288.7614,298.5409,273.8153,269.3241,267.2383,275.9856,294.5103,268.3202,286.6866,280.1792,270.8115,271.4572,263.2173,273.1917,274.4411,302.2774,273.8309,270.5722,270.6193,261.9041,261.3601,263.8000,293.8467,266.6249,276.5919,270.9622,271.6893,272.1172,276.4305,267.2772,268.8304,264.8084,263.5758,280.0613,263.9147,264.1433,262.1142,277.1442,278.3410,309.6322,309.6323,304.4437,265.7089,276.3289,258.5130,266.4537,263.8321,267.6255,267.2367,273.7953,0.0000,269.2388,265.4212,284.9398,284.8149,267.4418,266.9201,301.6661,273.3845,270.4131,286.4514,279.7155,267.9618,279.9400,318.3465,279.0126,311.0129,330.9329,333.2533,313.2047,295.1553,262.5223,284.9873,284.7486,281.1656,292.5770,280.7338,269.5949,275.8730,277.1665,324.8484,330.0958,274.9930,282.2530,283.6089,283.6973,282.5622,278.8246,283.5618,282.7002,284.1510,283.7213,283.5603,279.0794,270.3261,262.4479,267.2393,0.0000,260.7941,270.9038,260.7938,265.1332,265.3745,267.8012,267.0028,265.9173,313.5946,266.0692,265.4463,268.3420,265.6232,256.9360,272.6518,280.8946,261.6967,256.9314,277.1751,279.0986,309.9523,309.9523,315.7661,273.7651,281.5763,273.5059,276.6801,279.2537,267.1461,269.0445
34.0000,304.1649,264.9040,265.3572,265.3787,259.3410,271.2126,268.7499,299.4601,270.7039,302.6196,287.0089,298.9086,270.2938,277.0007,261.5359,262.1803,265.0308,266.2884,267.6493,261.2707,267.5329,265.3883,266.2244,266.1497,273.6920,276.9920,277.7441,280.0635,311.1106,264.5219,265.9796,266.3774,312.2710,303.3659,300.1425,292.8907,270.0409,286.5107,270.0241,305.1844,325.5732,286.6898,287.8789,327.4112,315.4712,275.3781,283.3773,282.2630,259.4176,287.4583,285.3756,285.7143,288.9672,281.3202,290.1293,287.4830,265.7130,286.4696,269.1095,287.8953,278.7832,279.1613,284.7985,285.0565,281.2166,279.3555,279.9658,285.0090,280.9709,282.2347,290.5195,283.6050,284.4673,278.8355,274.2725,259.5794,264.3771,311.7205,299.5487,284.0885,264.3745,266.8535,270.1338,270.2992,271.0349,271.5165,271.9189,271.5074,270.9526,298.3103,270.1946,269.5722,268.9905,264.4360,262.4086,288.4707,289.6425,279.7479,0.0000,286.4935,291.8738,270.7586,266.6228,299.5577,268.6173,268.7147,272.6434,277.6913,278.0359,264.8301,271.5251,289.2581,298.2048,273.6138,268.7830,267.2603,276.3506,293.9247,268.2073,287.1412,281.5906,270.6778,271.3287,263.1799,273.6191,274.3556,302.0339,274.4351,270.9921,271.0393,261.7658,260.9870,263.5530,293.7813,266.5312,276.3690,270.8082,271.5250,271.9512,276.9105,267.0450,268.5964,264.7046,263.4727,281.4920,263.9325,264.0320,262.0214,277.9383,279.0626,309.5438,309.5438,304.4308,265.6276,276.1026,259.1794,265.8282,263.5515,267.5380,267.1387,274.5183,0.0000,269.3035,265.3672,285.2477,285.1759,267.3323,266.7936,301.3300,273.2090,270.2810,286.6084,279.7155,268.1005,279.9482,318.2141,278.8060,309.8239,332.2308,332.3726,312.4501,295.1259,262.4669,285.5740,285.3098,282.0043,292.6079,281.2334,269.2975,275.6236,276.9696,323.3459,331.0057,274.6962,283.4023,284.9635,285.0542,283.9397,280.7166,284.9148,284.0725,285.4714,285.0778,284.8837,280.5621,270.1946,262.4154,267.1414,0.0000,260.4925,270.7314,260.4923,265.0289,265.2760,267.7120,266.3820,265.9068,312.8338,265.9797,265.5608,268.5475,265.7902,256.6949,272.5802,284.8271,261.5359,256.6901,276.8890,279.0986,309.2880,309.2880,314.9889,274.5055,282.6919,274.3588,277.4061,279.9747,267.1605,269.4682
35.0000,302.6995,264.8776,265.3245,265.3492,259.2926,270.8325,268.4430,298.6490,270.7817,301.4657,286.7861,298.1624,270.2326,277.0007,261.1654,262.2203,263.3124,263.9951,268.9790,261.3888,267.2925,265.0571,265.9283,265.9938,273.2643,276.5831,277.3354,279.9162,301.0490,264.4993,265.9874,266.3849,302.1792,301.9156,298.8422,292.6271,270.1186,285.9015,270.1249,303.6785,323.2369,286.0059,287.6859,324.9999,305.2468,277.0001,287.6156,286.5099,259.4176,289.0925,286.8135,287.7233,289.8118,284.3923,292.2766,289.5273,264.1559,288.8077,270.7441,293.7232,282.5340,282.9337,287.3107,287.6163,281.2166,282.2063,282.7460,289.2231,284.8094,286.0839,292.4508,287.3232,288.6938,282.5870,275.6543,259.5794,263.2013,301.6486,297.9605,283.5889,264.3745,264.5285,270.2113,270.3878,271.1352,271.6360,272.0070,271.5874,271.0586,297.5568,270.2723,269.6761,269.0456,264.5968,262.5109,287.6338,288.9679,279.5805,0.0000,286.2226,291.4982,270.7724,266.4777,298.3327,270.1550,270.2360,275.6691,281.2428,281.7686,264.9142,271.5770,291.3295,297.7237,273.6353,268.4112,266.8210,275.9342,293.1362,268.2576,289.1157,285.8824,270.7747,271.4391,263.1560,275.1770,274.3915,300.9446,278.1552,272.5640,272.6114,261.3698,260.9870,263.1416,293.0746,266.5331,276.3687,270.8896,271.6084,272.0228,278.5521,266.6639,268.2172,264.4616,262.5149,285.8135,263.9246,264.2745,262.1489,280.9893,281.9322,307.9434,307.9435,303.2328,265.6281,276.1656,259.4844,265.3212,263.1696,267.5964,267.1810,278.3306,0.0000,270.6779,265.3405,286.6893,286.7299,267.3688,266.8255,299.9191,273.2930,270.3582,287.3091,279.7155,269.4381,279.9848,321.0584,278.7308,307.7449,327.6256,329.6738,302.3555,294.4070,262.5134,287.9148,287.5700,285.1460,293.5408,283.1281,268.9737,275.2606,276.5623,319.9957,326.6068,274.2402,287.3710,289.2197,289.3151,288.2347,285.6366,289.1677,288.3839,289.6935,289.3387,289.1072,284.6486,270.2723,262.5177,267.1836,0.0000,259.8163,270.8089,259.8163,264.9668,265.2750,267.8043,264.4762,266.6031,302.6941,265.9874,266.8449,270.0830,267.1214,256.1004,272.6444,290.0549,261.1654,256.0957,276.4394,279.0986,298.6009,299.2743,304.7852,278.3279,286.6289,278.2892,281.2452,282.8314,267.1142,271.0856
36.0000,301.8255,264.9403,265.4146,265.2249,259.0000,270.4510,268.0937,295.0053,270.6620,296.9707,284.0784,293.8880,270.2831,276.1547,261.2294,262.2963,262.9445,263.3732,269.6225,261.5636,267.0123,264.2525,265.3969,265.8542,272.7311,276.1683,276.9196,278.7470,295.2175,264.5490,265.9864,266.3943,294.7480,301.0132,297.9420,289.4250,269.9736,284.8034,269.9041,302.8100,322.4827,283.5415,284.8400,324.2560,297.7920,278.7334,289.2760,288.1999,259.4176,290.1329,287.6966,290.1884,290.3362,285.9310,294.8249,292.1398,263.7177,290.4119,272.3794,296.6753,284.0875,284.4958,288.8141,289.1982,281.4983,283.5590,284.1122,290.9073,286.3511,287.6011,293.5162,289.0292,290.9396,284.1416,276.6312,259.5794,262.9752,295.6923,293.3014,282.2614,264.3745,263.6546,270.0660,270.2307,271.0544,271.5839,271.8945,271.4642,270.9594,294.3294,270.1297,269.4603,268.7818,264.5120,262.4567,285.2794,286.5776,278.4266,0.0000,283.6346,288.2722,270.5754,266.3570,297.7137,270.8282,270.8966,276.9221,282.7451,283.3173,264.7875,271.4287,292.4819,293.0335,273.4149,268.0177,265.3147,274.7009,293.0785,268.1599,291.6206,287.5817,270.6111,271.2844,263.1694,276.7305,273.7793,296.4830,279.6815,274.1180,274.1657,261.3185,260.9870,262.6274,290.2912,266.5506,275.5735,270.7537,271.4727,271.8832,280.5336,266.7255,268.0802,264.6111,263.0153,287.5210,263.8014,264.4020,262.2163,282.3588,283.2823,304.2314,304.2314,299.7772,265.6393,276.5358,258.9727,266.6062,263.7504,267.4323,267.0905,279.8885,0.0000,271.4135,265.2166,287.5679,287.6918,267.2838,266.7416,295.2985,273.3887,270.2200,287.6442,279.7155,270.1020,280.0022,325.0951,277.7075,306.5974,322.6657,326.3832,295.0740,291.4938,262.5595,289.4141,288.9818,286.6814,294.8752,284.2522,268.5753,274.8409,276.1473,318.1866,322.0934,273.6355,288.9604,290.8544,290.9491,289.9293,287.5161,290.8023,290.1292,291.3786,290.9730,290.7395,286.2553,270.1297,262.4634,267.0932,0.0000,259.9011,270.6892,259.9012,265.0475,265.3253,267.6301,263.9467,267.1158,296.3270,265.9865,267.4859,270.7566,267.7497,256.2722,272.1952,292.6919,261.2294,256.2675,275.6652,279.0986,293.6221,294.0224,297.3580,279.8885,288.2082,279.8869,282.8464,284.1856,266.9637,272.6837
37.0000,285.7506,264.8585,265.3487,264.8404,258.6249,269.3563,267.5767,297.2636,270.3906,299.2920,284.9533,296.0667,269.7945,275.8921,261.3408,262.4451,263.0558,263.5137,268.4292,261.8283,266.4690,264.1549,265.1206,265.4572,270.9419,274.2796,274.8796,278.3060,297.2423,264.4583,265.7444,266.1751,296.9994,288.5271,286.0884,290.8333,269.7051,281.4787,269.7289,286.7690,307.1806,284.3389,285.6365,309.0206,300.2316,276.2381,286.6713,285.6185,259.4176,289.0851,286.8976,285.2573,289.6211,283.7448,291.9840,287.7131,263.8387,289.1390,269.7760,294.0523,281.4231,281.8411,287.3335,287.7594,281.2166,281.3089,281.9314,288.3109,283.6837,284.9261,292.0713,286.5312,288.6987,281.4760,274.8684,259.5038,263.1512,297.7588,295.1162,280.5727,264.3745,263.8201,269.8036,269.9775,270.8012,271.3675,271.7498,271.2666,270.7290,295.9519,269.9823,269.2899,268.6121,264.2377,262.2524,285.8929,286.8304,278.0172,0.0000,284.5421,289.5864,270.5041,265.9929,287.4340,269.4808,269.5590,274.2114,280.0778,280.6242,264.7141,271.2737,290.9543,294.8228,273.2254,267.9102,265.1219,276.8157,287.1222,267.5107,287.4860,284.9396,270.4667,271.1975,263.0757,274.3847,273.5610,298.7816,276.3420,271.6939,271.7412,261.3436,260.9870,264.1382,291.1454,266.3238,275.3732,270.5606,271.2952,271.6764,278.1444,267.0335,267.8283,264.2925,262.6986,284.8757,263.4682,264.0775,262.0466,280.0138,281.0152,306.8735,306.8736,302.0075,265.4338,276.8674,258.9773,267.2380,264.1155,267.1890,266.6277,276.5489,0.0000,270.2560,264.8325,286.7544,286.7434,266.8216,266.1904,297.3509,273.4803,270.0780,287.3223,279.7155,268.9208,279.9855,324.9128,277.3589,294.8740,315.8669,332.2252,297.3291,292.5614,262.6754,288.0887,287.6702,284.5990,294.7894,282.7238,268.0454,273.6427,274.2807,308.1212,314.8827,271.8022,286.3706,288.2213,288.3196,287.2585,284.8757,288.1693,287.5273,288.7816,288.3424,288.1025,283.6065,269.9823,262.2592,266.6297,0.0000,259.6730,270.4200,259.6731,264.7383,265.0370,267.4271,264.1024,266.2550,298.4669,265.7443,266.3034,269.4113,266.5906,256.0717,271.9890,290.3346,261.3408,256.0673,273.9057,279.0986,295.4744,295.9189,299.7682,276.5489,285.6340,276.5489,279.4937,281.9378,267.2428,270.1406
38.0000,286.8197,264.8104,265.2881,264.9011,258.6497,269.5041,267.6936,299.9749,270.5116,301.8939,286.3728,298.4239,269.8937,276.4253,261.4435,262.5466,263.2054,263.6004,268.5423,261.6374,266.6203,264.4154,265.3356,265.5716,271.1525,274.3796,274.9648,278.9638,299.8006,264.4177,265.7495,266.1201,299.6834,289.7146,287.1301,292.6022,269.8371,282.2259,269.9444,287.8488,308.4800,285.9444,287.0969,310.3397,303.0345,276.3393,286.5194,285.4483,259.4176,289.1324,286.9196,285.3843,289.6883,283.7566,292.1382,287.8559,263.9043,289.1886,269.8591,293.9075,281.4433,281.8506,287.3758,287.8053,281.2166,281.3429,281.9591,288.3322,283.7226,284.9955,292.1386,286.5142,288.6473,281.4894,274.9379,259.5038,263.2083,300.3839,297.3971,281.4229,264.3745,263.8776,269.9333,270.0864,270.8984,271.4440,271.8960,271.4117,270.8194,298.2739,270.1168,269.5117,268.8327,264.3763,262.3411,287.4963,288.4567,278.5515,0.0000,285.9184,291.3059,270.7301,266.0730,288.5093,269.6019,269.6682,274.2769,280.1058,280.6498,264.8982,271.3646,291.0132,297.0802,273.2716,268.0985,265.4834,275.4306,287.9806,267.6117,287.6258,284.9026,270.6724,271.4619,263.0384,274.4752,273.9587,301.3462,276.3856,271.7794,271.8267,261.3534,260.9870,264.1382,293.1600,266.3235,275.7960,270.6847,271.4606,271.8401,278.2610,266.9968,267.8582,264.6390,263.4565,284.8363,263.4682,264.1816,262.1011,280.0476,281.0507,309.7195,309.7196,304.6466,265.4279,276.8273,258.7308,268.0245,264.5117,267.3677,266.7234,276.5922,0.0000,270.4394,264.8919,286.7774,286.7749,266.9137,266.3186,299.7769,273.5500,270.2134,287.3923,279.7155,269.0364,279.9891,322.2096,277.9637,296.4323,319.2247,335.4178,300.0187,294.6822,262.7890,288.1339,287.7118,284.6337,293.7117,282.7490,268.1782,273.7670,274.3816,310.8033,318.1494,272.0333,286.2716,288.0660,288.1706,287.1442,284.8363,288.0151,287.5307,288.8042,288.1917,287.8575,283.5706,270.1168,262.3479,266.7254,0.0000,259.9239,270.5417,259.9239,264.9944,265.2508,267.5982,264.1840,266.4266,301.1378,265.7495,266.3967,269.5348,266.7004,256.3942,272.3206,290.2548,261.4435,256.3897,274.3104,279.0986,297.8109,298.3183,302.5530,276.5922,285.5514,276.5922,279.5327,281.9661,266.9474,270.2236
39.0000,286.2345,264.7342,265.2016,264.8473,258.6573,269.4512,267.6442,298.4945,270.3583,301.0164,285.8834,297.7083,269.7550,276.1542,261.4962,262.5072,263.3832,263.7082,268.6427,261.5084,266.5722,264.3704,265.2943,265.5219,271.0751,274.3510,274.9368,278.6785,299.1240,264.3502,265.6539,266.0442,298.8585,289.1716,286.6294,291.9969,269.6777,281.8950,269.7698,287.2410,307.4043,285.2315,286.6028,309.2219,302.2883,276.4040,286.3447,285.2580,259.4176,290.0094,287.4744,285.5507,290.3963,283.0816,292.9727,288.0433,263.9557,289.5743,269.9423,281.8781,281.4278,281.8187,287.7063,288.1302,281.2166,281.3494,281.8658,288.2671,283.7057,284.9967,293.6558,286.5247,285.6536,281.4708,275.0534,259.5038,263.2767,299.7147,296.7247,281.0327,264.3745,263.9867,269.7737,269.9204,270.7636,271.3228,271.7156,271.2352,270.6782,297.1285,269.9053,269.3413,268.6781,264.2712,262.2734,286.6899,287.6589,278.3295,0.0000,285.4382,290.7303,270.5333,266.0158,288.0392,269.6515,269.7045,274.2976,280.1024,280.6405,264.7683,271.1145,292.4320,296.4185,272.9953,268.0535,265.4080,275.3862,287.6551,267.5036,287.8460,284.8275,270.4893,271.2594,262.9958,274.5730,273.6946,300.4940,276.3991,271.8820,271.9293,261.3642,260.9870,264.1382,292.1506,266.2194,275.3890,270.5185,271.2751,271.6415,278.3127,267.0084,267.8487,264.5966,263.4565,284.7638,263.4682,264.1625,262.0910,280.0534,281.0571,308.2497,308.2498,303.3303,265.3391,276.4230,258.2424,268.4077,264.6487,267.2429,266.6269,276.6070,0.0000,270.5212,264.8379,287.3349,287.3390,266.8156,266.2455,299.0074,273.2340,270.0013,287.6239,279.7155,269.1377,280.0012,319.5715,277.6865,295.9623,321.7587,333.0199,299.2249,293.6202,262.7363,288.5142,288.1063,284.7862,292.7234,282.6929,268.1289,273.7241,274.3525,310.6580,320.3533,271.9697,286.0806,287.8910,287.9949,287.0299,284.7638,287.8409,287.4613,288.7383,288.0160,287.6249,283.4993,269.9053,262.2802,266.6289,0.0000,260.2158,270.3876,260.2158,264.9412,265.1922,267.4493,264.2613,266.5986,300.4306,265.6539,266.5216,269.5878,266.8002,256.7760,272.1108,284.4935,261.4962,256.7713,274.1381,279.0986,297.1441,297.6537,301.7992,276.6070,285.3519,276.6070,279.5658,281.9743,266.8525,270.3071
40.0000,285.8789,264.7127,265.1677,264.8836,258.7220,269.4992,267.7119,299.3181,270.4332,302.2756,286.6493,298.8615,269.8429,275.7325,261.5091,262.5049,263.5163,263.8033,268.8649,261.5720,266.6552,264.5640,265.4478,265.5791,271.1228,274.4158,274.9858,278.5649,301.5563,264.3367,265.6328,265.9639,303.1504,288.8040,286.3403,292.9962,269.7510,281.9042,269.8307,286.8651,306.6080,285.8578,287.3424,308.3877,306.5551,276.5176,286.5928,285.5171,259.4176,290.0134,287.4688,285.5052,290.5044,283.2083,292.8993,287.9587,264.0451,289.5058,270.0391,282.2725,281.5293,281.9088,287.6748,288.0811,281.2166,281.4726,281.9894,288.3438,283.7799,285.0459,293.7018,286.7024,285.8100,281.5721,275.2429,259.5038,263.3001,302.1351,298.4455,281.1140,264.3745,264.1018,269.8477,269.9944,270.8496,271.4192,271.8029,271.3068,270.7651,297.8059,269.9626,269.4169,268.7715,264.3379,262.3164,287.2125,288.0866,278.2857,0.0000,286.2060,291.7610,270.6087,266.0626,287.7020,269.8353,269.8686,274.4550,280.2187,280.7500,264.8202,271.1414,292.4753,298.1841,273.0001,268.2161,265.6494,275.2679,287.3938,267.5559,287.7619,284.9672,270.5598,271.3523,262.9967,274.6950,273.4733,301.7362,276.5525,271.9935,272.0409,261.3669,260.9870,264.1382,292.6700,266.1868,275.0957,270.5899,271.3397,271.6807,278.4173,266.9931,267.8613,264.6926,263.6111,284.9179,263.4682,264.2155,262.1185,280.1738,281.1815,308.7027,308.7028,303.8760,265.3199,276.5536,258.4410,268.1958,264.5819,267.3176,266.6733,276.7646,0.0000,270.7131,264.8736,287.3303,287.3321,266.8646,266.3151,300.5173,273.3257,270.0588,287.6239,279.7155,269.3766,280.0012,318.2590,277.4333,295.2982,316.8859,332.9782,303.3350,294.1788,262.7420,288.4657,288.0711,284.8124,292.3041,282.7762,268.2124,273.8022,274.4178,308.8975,315.8672,272.0332,286.0449,288.1411,288.2399,287.2322,284.9179,288.0900,287.5631,288.8157,288.2616,287.9306,283.6334,269.9626,262.3232,266.6752,0.0000,260.4872,270.4624,260.4872,265.0241,265.2651,267.5210,264.3487,266.8501,303.4379,265.6329,266.7610,269.7760,267.0204,257.1189,271.9965,284.7231,261.5091,257.1142,274.1958,279.0986,299.0758,299.7518,306.0410,276.7646,285.2938,276.7646,279.7825,282.0994,266.8422,270.4104
41.0000,290.0309,265.0266,265.4609,265.4959,259.4371,274.0036,272.1867,301.5248,270.8585,303.7901,287.8049,300.3482,270.2237,277.0007,261.5750,262.5852,263.8322,264.0566,269.4122,262.1332,268.4847,265.8944,266.8560,266.7388,277.0511,280.7710,281.4387,280.3932,302.7492,264.6615,265.9601,266.2582,304.3089,293.1158,290.6040,294.2307,270.1877,286.2017,270.3104,291.0037,310.4602,287.8888,288.5802,312.2140,307.6963,276.5931,287.7094,286.6932,259.4305,290.2902,287.6602,285.3608,290.9050,284.5920,292.8168,287.7807,264.2634,289.7182,270.1024,295.3901,282.2861,282.7003,288.0055,288.3897,281.2166,282.2013,282.7877,289.2496,284.4500,285.6136,294.1129,287.3318,289.5127,282.3290,275.4563,259.7217,263.5194,303.3230,299.6913,284.7160,264.3745,264.3706,270.2845,270.4235,271.2657,271.8304,272.2418,271.7342,271.1845,299.8841,270.3183,269.8754,269.2068,264.7178,262.6393,289.5376,290.6453,280.1093,0.0000,287.2984,292.9561,271.0761,267.2529,292.3563,270.3899,270.4046,275.0943,280.9413,281.4893,265.1619,271.4639,292.9222,299.4164,273.3207,272.5305,267.9029,276.1127,292.7637,267.9414,287.5994,285.8644,271.0003,271.8099,263.2825,274.7923,274.3990,303.2463,277.2353,272.0791,272.1264,261.5917,260.9870,277.0644,295.0171,266.5062,276.0746,271.0284,271.7662,272.0877,278.4642,270.0092,271.4511,265.0867,263.8531,285.8162,263.9325,264.4437,262.2443,280.8764,281.9076,310.5058,310.5059,305.7901,265.6467,276.7437,257.9604,268.4530,264.6630,267.7183,267.0480,277.4481,0.0000,271.2604,265.4741,287.5268,287.5611,267.2391,266.7116,301.8837,273.5958,270.4139,287.7153,279.7155,269.9183,280.0059,317.5156,279.0074,299.5528,320.8988,334.4437,304.4955,296.4512,262.8609,288.7256,288.3524,285.3564,292.1702,283.2972,272.6760,279.2662,280.7470,313.0458,319.8960,278.0267,287.1251,289.2595,289.3552,288.2435,285.8162,289.2064,288.4682,289.7248,289.3780,289.1143,284.5150,270.3183,262.6461,267.0499,0.0000,260.9169,270.8878,260.9169,265.3874,265.5927,267.9183,264.5694,267.3672,304.6167,265.9603,267.2987,270.3358,267.5649,257.5764,272.7632,291.3081,261.5750,257.5718,279.4163,279.0986,300.2998,300.9594,307.1853,277.4481,286.3542,277.4481,280.4769,282.8325,267.3330,270.4837
42.0000,288.8177,264.8062,265.2193,265.4000,259.3599,273.7768,272.0457,300.7263,270.6406,303.0488,287.5233,299.6968,270.1400,277.0007,261.4665,262.4530,263.6436,263.8759,269.3244,261.8623,268.3697,266.0218,266.8560,266.6273,276.7889,280.4583,281.1012,280.2402,302.0641,264.4526,265.7934,266.1410,303.5577,291.8415,289.5112,293.7538,269.9710,285.7161,270.1129,289.7552,308.4863,287.3762,288.3810,310.1747,306.8840,276.2184,287.7132,286.7444,259.4176,290.1200,287.5235,285.0105,290.8648,284.3612,292.3154,287.2686,264.0720,289.4345,269.7624,294.8024,282.1970,282.6244,287.7877,288.1529,281.2166,282.0346,282.6028,289.1501,284.2611,285.3410,293.9597,287.1817,289.1101,282.2399,275.2551,259.5038,263.3057,302.6243,299.0816,284.3253,264.3745,264.2089,270.0669,270.2017,271.0373,271.5919,272.0062,271.5064,270.9529,299.1925,270.0702,269.6754,269.0118,264.5329,262.4434,288.9210,290.1268,279.9301,0.0000,286.9727,292.5109,270.8774,267.1258,291.1767,270.3337,270.3370,275.0158,280.8362,281.3949,264.9841,271.1928,292.7483,298.8152,273.0370,272.4693,268.2837,275.4905,291.7679,267.7827,287.0768,285.7963,270.7862,271.5801,263.0691,274.4596,274.3143,302.5194,277.1518,271.7515,271.7988,261.3757,260.9870,276.8029,294.4114,266.3232,276.0072,270.8089,271.5396,271.8582,277.9975,269.7112,271.1951,264.9759,263.7429,285.7496,263.9325,264.3834,262.2074,280.7426,281.7458,309.6065,309.6065,304.9676,265.4698,276.3750,258.2903,267.7790,264.3338,267.5420,266.9049,277.3666,0.0000,271.1871,265.3786,287.3916,287.4092,267.0981,266.6033,301.1960,273.2748,270.1647,287.7557,279.7155,269.8318,280.0080,316.7563,278.9205,297.9659,318.1938,333.6214,303.7441,295.8188,262.7220,288.4825,288.1330,285.2085,292.0054,283.1279,272.5522,279.0366,280.4372,310.7516,317.2393,277.7997,287.1459,289.2491,289.3447,288.2024,285.7496,289.1956,288.3705,289.6234,289.3687,289.1052,284.4571,270.0702,262.4502,266.9067,0.0000,260.7863,270.6695,260.7864,265.2761,265.4796,267.7157,264.3752,267.2449,303.8848,265.7935,267.2010,270.2849,267.4648,257.4708,272.6375,290.8492,261.4665,257.4665,279.1147,279.0986,299.6765,300.3179,306.3827,277.3666,286.3723,277.3666,280.4227,282.6515,267.0900,270.1507
43.0000,307.3911,264.7782,265.1666,265.5483,259.6318,275.3601,272.9188,300.4310,270.7705,303.1552,287.9752,299.8963,270.1711,277.1931,261.3300,262.4034,263.5219,263.7822,269.1869,261.6435,268.9086,265.6684,266.8560,266.9579,278.7979,282.7118,283.5248,281.1064,302.1938,264.4403,265.8080,266.0977,303.6743,306.9305,303.6051,294.0182,270.0924,290.0095,270.2007,308.3464,327.4069,288.2019,288.9917,329.1250,306.9511,275.9184,287.3285,286.4157,259.4176,289.7796,287.2282,284.4690,290.6745,283.1568,291.6827,286.7761,264.0040,288.8404,269.4150,281.9163,281.7701,282.2143,287.2687,287.6023,281.2166,281.5284,282.0067,288.6511,283.6970,284.6656,293.5585,286.4773,285.4480,281.8131,274.9577,259.5038,263.2274,302.7340,299.2635,286.8823,264.3745,264.1201,270.1889,270.3331,271.1781,271.7403,272.0957,271.6057,271.0935,299.4515,270.0254,269.7573,269.0921,264.5744,262.4719,289.8823,291.3741,280.9297,0.0000,287.3253,292.7946,270.9315,267.4653,303.8318,270.2068,270.2054,274.7143,280.4122,280.9731,265.0260,271.1089,292.3014,298.9997,272.8955,272.9509,267.9669,275.2429,299.6491,267.9951,286.6925,285.3706,270.8722,271.6962,263.0808,274.1419,274.4239,302.6406,276.7743,271.4163,271.4635,261.3587,260.9870,278.8125,295.2047,266.3225,275.9783,270.9232,271.6281,271.9386,277.7338,271.2091,272.7372,265.0595,263.8263,285.3234,263.9325,264.3893,262.2111,280.3020,281.2500,309.1587,309.1588,304.8468,265.4780,276.0555,258.7447,266.6856,263.8027,267.6233,267.0418,276.9863,0.0000,271.0553,265.5227,287.0958,287.0662,267.2275,266.7824,301.3491,273.0887,270.1177,287.7152,279.7155,269.6815,280.0059,315.2654,279.4804,313.0780,336.4308,331.7547,303.8658,296.4586,262.6860,287.9436,287.6343,284.7283,291.4748,282.6930,273.4178,280.6121,282.6700,326.3517,335.1308,279.8244,286.8698,288.8539,288.9486,287.8125,285.3234,288.8004,287.8882,289.1242,288.9715,288.7286,284.0511,270.0255,262.4787,267.0439,0.0000,260.7107,270.7984,260.7108,265.3390,265.5384,267.7572,264.2897,267.1073,304.0327,265.8083,267.0678,270.1625,267.3346,257.4355,272.7632,284.3629,261.3300,257.4314,281.2916,279.0986,299.8465,300.4779,306.4585,276.9863,286.1201,276.9863,280.0029,282.1436,266.9781,269.8094
44.0000,304.8021,264.5425,264.9035,265.4214,259.6005,274.7678,272.4053,299.1858,270.4273,301.5161,286.8879,298.4812,269.7546,277.0007,261.6912,262.2131,265.8334,266.5313,269.1993,261.1353,268.6911,265.7412,266.8560,266.7809,278.1029,281.9468,282.7397,280.5244,300.3393,264.2267,265.5656,265.8592,301.6683,304.3353,301.3003,292.6909,269.7417,288.8514,269.8466,305.6833,323.2285,286.8488,287.9058,324.8098,304.8070,276.7093,286.8252,285.9485,259.4449,289.4634,286.9422,287.2772,290.5047,282.7149,292.4294,289.0312,265.7712,288.2590,270.3208,281.3034,281.3473,281.7850,286.7804,287.0734,281.2166,281.1886,281.6278,288.1831,283.1526,284.0404,293.3092,285.9012,284.8127,281.3891,275.2339,259.5038,264.5509,300.8357,297.6420,285.8859,264.3745,266.8356,269.8369,269.9891,270.8193,271.3641,271.6996,271.2162,270.7304,298.0171,269.6187,269.4015,268.7715,264.3469,262.3266,288.5140,290.1028,280.1502,0.0000,286.2565,291.5040,270.5571,267.2694,301.4225,270.0769,270.0673,274.4131,280.0288,280.5652,264.7226,270.6586,292.0319,297.3788,272.3537,272.4487,267.8095,274.4032,297.5984,267.8642,288.7026,284.8999,270.4806,271.2698,262.9369,274.8504,274.1648,301.0373,276.4017,272.1971,272.2444,261.8063,260.9870,278.1176,293.8785,266.0541,275.7458,270.5672,271.2228,271.5026,278.4111,270.5307,272.1111,264.8934,263.6758,284.8592,263.9325,264.2860,262.1652,279.9626,280.9108,306.8797,306.8798,302.9226,265.2426,275.5462,259.1845,266.3787,263.8929,267.3659,266.8766,276.6073,0.0000,271.0227,265.3970,286.8125,286.7771,267.0500,266.6352,299.6937,272.6131,269.7065,287.5453,279.7155,269.6863,279.9971,312.6796,279.0725,309.9195,331.0682,327.8405,301.8596,295.1066,262.4790,287.4214,287.1703,284.2808,290.6654,282.3790,272.9015,279.9391,281.9079,321.8751,329.8821,279.1319,286.3140,288.3372,288.4323,287.3047,284.8592,288.2844,287.4004,288.6505,288.4542,288.1988,283.5977,269.6187,262.3333,266.8790,0.0000,262.3958,270.4537,262.3957,265.1696,265.3673,267.4491,266.4788,267.6293,302.0790,265.5660,267.0893,270.0365,267.3368,259.1719,272.4674,283.7345,261.6912,259.1677,280.5044,279.0986,298.1660,298.7430,304.3365,276.6073,285.5571,276.6073,279.5330,281.7962,266.5243,270.6688
45.0000,302.5481,264.0580,264.3839,265.2319,259.8832,274.3535,272.1573,298.3993,269.9284,300.1196,285.9247,297.1818,268.1548,276.9244,261.6586,261.9456,266.2648,267.0875,269.1475,261.1271,268.4651,266.0601,266.8560,266.5672,277.6116,281.3161,282.0681,280.2433,298.7046,263.7659,265.1586,265.5015,299.8894,302.0203,299.3008,291.5257,269.2364,287.9693,269.3639,303.3642,319.5836,285.7991,286.9523,321.0451,302.8737,275.8513,286.7589,285.9341,259.4176,289.1771,286.6411,285.7061,290.3134,283.2519,291.1988,287.2810,265.9926,287.7447,269.4594,292.4719,281.2391,281.6825,286.3895,286.6513,281.2166,281.1533,281.6689,288.0118,282.9029,283.6834,293.0771,285.5464,287.3488,281.2813,274.8338,259.1797,264.6064,299.1617,296.2262,285.1813,264.3745,267.5709,269.3292,269.4825,270.3034,270.8272,271.1270,270.6694,270.2055,297.0456,269.0461,268.9185,268.3243,263.9613,261.9631,287.5138,289.1976,280.0205,0.0000,285.2967,290.3668,270.0352,267.0219,299.2131,269.9891,269.9688,274.3204,279.9317,280.4601,264.3082,270.0334,291.8102,295.9598,271.6758,272.2804,268.8835,278.1122,295.5880,267.6060,286.9877,284.7869,269.9525,270.7147,262.5222,274.0822,273.8547,299.6562,276.3079,271.4050,271.4522,261.6007,260.9870,277.6261,292.9592,265.6190,275.2385,270.0462,270.6699,270.9374,277.4546,270.0486,271.6698,264.7374,263.6556,284.7522,263.7927,264.1842,262.1013,279.8864,280.8722,305.6787,305.6788,301.8088,264.8226,274.4708,259.5510,265.6188,263.5655,266.9841,266.5832,276.5137,0.0000,270.9251,265.2078,286.5219,286.4995,266.7037,266.1325,298.2833,271.8135,269.1272,287.3113,279.7155,269.6226,279.9849,310.1918,278.8797,307.2022,326.6944,324.4194,300.0792,294.1766,262.1899,286.9831,286.7740,284.0258,289.7452,282.3475,272.6881,279.5073,281.2832,318.3087,325.6036,278.6702,286.2021,288.2612,288.3564,287.2117,284.7522,288.2083,287.2361,288.4778,288.3799,288.1215,283.5025,269.0461,261.9699,266.5858,0.0000,262.7724,269.9533,262.7723,264.9818,265.1640,266.9914,266.8312,267.6815,300.3486,265.1591,267.0688,269.9526,267.2700,259.6199,272.1320,288.9146,261.6586,259.6159,279.9479,279.0986,296.6923,297.2175,302.4276,276.5137,285.4646,276.5137,279.4417,281.7614,266.7451,269.8370
46.0000,299.6152,262.9669,263.2704,264.2710,259.0673,273.1327,271.0534,295.9197,268.6302,297.7115,284.0780,295.0668,266.8711,275.3812,261.4627,261.5616,265.4960,266.3056,268.6716,259.9922,267.6269,265.3512,266.1424,265.8067,276.2705,279.8987,280.5956,278.5763,296.2256,262.6921,264.0403,264.3832,297.3091,299.0762,296.5916,289.4787,267.9415,286.1382,268.1234,300.3761,315.4774,283.7755,285.0753,316.8379,300.1939,275.0327,286.4077,285.6312,259.4176,288.9420,286.4570,284.1965,290.2078,282.7788,290.0453,285.6483,265.1438,287.3251,268.6158,291.6079,280.8266,281.2758,286.0029,286.2417,281.2166,280.7267,281.2395,287.4937,282.3721,283.0621,292.8157,284.9270,286.6900,280.8692,274.4379,258.2415,263.6521,296.6429,293.9361,283.4017,263.3892,266.7746,268.0309,268.1950,268.9852,269.4849,269.7815,269.3486,268.8867,294.7021,267.8772,267.7134,267.1850,262.9432,260.9736,285.4750,287.1417,278.3113,0.0000,283.4699,288.3510,268.7305,266.2489,296.4016,269.5065,269.4696,273.8706,279.5138,280.0426,263.3586,268.8281,291.5115,293.6690,270.4375,271.2956,267.8511,277.1816,293.0055,266.4830,285.3829,284.3663,268.6797,269.3877,261.4916,273.3449,272.4154,297.2934,275.8831,270.6379,270.6850,260.6331,260.9575,276.2823,290.7677,264.4825,273.6667,268.7339,269.3578,269.6233,276.5622,268.7700,270.4287,264.2167,263.4565,284.3364,262.8024,263.8375,261.9150,279.4643,280.4443,302.8412,302.8413,299.1726,263.7151,273.0546,259.6626,264.9757,263.1740,265.9331,265.5030,276.0899,0.0000,270.4830,264.2422,286.3356,286.2652,265.6137,265.0464,295.9309,270.5303,267.9552,287.3940,279.7155,269.1480,279.9892,308.2323,277.2639,303.9625,322.3327,320.3568,297.4964,291.9405,261.7224,286.5956,286.4119,283.6350,289.0653,281.9916,271.5815,278.2521,279.8714,314.4339,321.3044,277.3238,285.8339,287.8953,287.9905,286.8135,284.3364,287.8422,286.7333,287.9620,288.0143,287.7562,283.1070,267.8772,260.9804,265.5054,0.0000,262.2038,268.6542,262.2037,264.3960,264.5513,265.8842,265.9857,267.1473,297.7961,264.0409,266.6124,269.4730,266.8060,259.1357,270.7814,288.1932,261.4627,259.1319,278.4725,279.0986,294.3532,294.8370,299.7633,276.0899,285.0968,276.0899,279.0324,281.3419,265.6257,269.0231
47.0000,297.2163,262.2670,262.5308,263.7653,258.6969,272.4319,270.4014,293.0022,267.9421,294.3343,282.0459,291.9926,265.7391,274.5685,261.3760,261.3189,265.6054,266.1642,270.4454,259.1273,267.3863,265.8414,266.4307,265.4997,275.4408,278.7995,279.4184,277.7334,291.7614,262.0175,263.4424,263.7606,291.0451,296.6334,294.4128,286.8988,267.2544,284.8120,267.5037,297.9218,311.9050,282.0750,282.9956,313.1645,293.8272,275.8497,290.6269,289.8589,259.4176,296.4233,294.6655,284.9448,293.5722,286.0154,293.4731,286.4370,264.8224,295.2449,269.4207,294.4592,284.9448,285.4011,293.2580,293.8189,282.4754,284.2100,284.5361,291.7809,286.4411,287.1002,298.8950,289.1548,289.6889,284.9879,275.6855,257.6662,263.2467,292.1362,290.3553,282.1647,263.7697,266.6445,267.3402,267.5140,268.2663,268.7332,269.0464,268.6379,268.1652,292.1548,267.3291,267.1235,266.6031,262.5898,260.5395,283.9882,285.4527,278.0376,0.0000,281.4397,285.7930,268.0719,265.8810,294.0430,271.3985,271.3109,277.5331,283.4700,284.1205,262.8773,268.2365,297.5241,290.0527,269.8524,270.7915,268.0298,276.3850,290.8039,266.0075,286.3110,288.5444,268.0263,268.7196,260.8416,274.3091,271.6668,293.9641,280.3588,271.5769,271.6242,260.1018,261.3956,275.4515,288.6729,263.8554,272.8252,268.0392,268.6572,268.9168,277.3085,268.0094,269.7050,264.2179,263.4565,288.5175,262.0024,264.2756,262.1859,282.9985,283.9349,299.8308,299.8309,296.3512,263.0987,272.1703,259.7348,264.5079,262.9134,265.4696,265.0834,280.5669,0.0000,272.1931,263.7322,294.7277,295.1303,265.1652,264.5319,292.4523,269.8534,267.4021,291.1699,279.7155,270.9235,280.1849,306.1613,276.4270,301.3884,319.4912,315.7574,291.3942,289.7127,261.4445,294.5098,294.1249,289.2972,288.3347,284.5480,270.9451,277.3666,278.7783,311.5437,318.4215,276.5137,290.0020,292.1307,292.2270,291.0412,288.5175,292.0768,290.9598,292.2544,292.2511,291.9830,287.2628,267.3291,260.5463,265.0858,0.0000,262.8813,267.9652,262.8812,264.4181,264.5472,265.3761,265.7350,268.5413,292.7216,263.4431,268.3700,271.3681,268.5680,259.8672,270.0912,291.1471,261.3760,259.8638,277.5180,295.1303,290.5227,290.8045,293.4389,280.5669,289.2214,280.5669,283.5290,284.8275,264.8009,269.8526
48.0000,294.5423,261.0945,261.3301,262.6869,257.9492,270.8823,269.0440,290.2972,266.4930,291.5314,279.9156,289.3532,264.4651,272.8313,261.1953,261.0638,264.8561,265.3822,269.9722,257.7628,266.0196,263.8318,264.6206,264.4164,273.7813,277.1581,277.7745,275.8933,289.0181,260.8653,262.2082,262.5142,288.2200,294.1029,291.9207,284.5052,265.8083,282.8088,266.1133,295.2018,308.2575,279.8204,280.8314,309.4331,290.8777,274.8951,289.8228,289.0602,259.4176,295.6081,293.9029,283.3339,292.6513,285.0715,291.9827,284.6730,263.9572,294.2625,268.4589,293.2412,284.1341,284.5928,292.3320,292.8639,281.4975,283.3357,283.6306,290.9411,285.6156,286.2612,297.9853,288.2769,288.5862,284.1768,275.0948,256.7107,262.3061,289.3597,287.7572,280.1782,262.8629,265.8461,265.8908,266.0754,266.7991,267.2439,267.5423,267.1582,266.6978,289.5322,265.9494,265.7694,265.3100,261.4427,259.4625,281.7212,283.1620,276.2195,0.0000,279.3354,283.4553,266.6343,264.8467,291.5398,270.7323,270.6191,276.7836,282.6714,283.3150,262.2888,266.8161,296.6087,287.4595,268.3635,269.3361,265.9185,275.2280,288.3379,264.7521,284.5430,287.7272,266.6047,267.2504,259.7552,273.4218,270.0348,291.1875,279.5920,270.6692,270.7163,259.1434,261.0254,273.7905,286.2229,262.5972,270.9892,266.5832,267.1849,267.4314,276.2854,266.5525,268.2216,263.1506,262.1472,287.6995,261.0199,263.6388,261.8148,282.1874,283.0659,296.6319,296.6319,293.4047,261.8845,270.4192,259.6226,264.1044,262.6124,264.2584,263.8787,279.8013,0.0000,273.2529,262.6534,293.9535,294.2736,263.9550,263.3672,289.7636,268.2746,266.0170,290.8805,279.7155,270.5998,280.1700,304.2942,274.6300,298.9745,319.9567,311.1766,288.5667,287.2112,261.1401,293.5568,293.2020,288.4248,287.7246,283.5577,269.5389,275.8298,277.1396,309.7195,318.5494,274.8407,289.2322,291.3279,291.4245,290.2289,287.6995,291.2740,290.1075,291.4132,291.4484,291.1849,286.4560,265.9494,259.4692,263.8809,0.0000,262.3709,266.5151,262.3709,263.4197,263.5945,264.1167,264.8905,268.0418,289.9258,262.2091,267.9677,270.7049,268.1107,259.4670,268.5743,290.0093,261.1953,259.4638,275.7582,294.2736,287.8902,288.1418,290.5088,279.8013,288.4520,279.8013,282.7805,283.9526,263.5380,268.9152
