"ETAPA \ BARRA","AGUAYTIA 220","BALNEARIO 220","BALNEARIOS 60 A","CALLAHUANCA 220","CALLAHUANCA 60","CARHUAMAYO 220","CARHUAMAYO NUEVA 138","CARHUAQUERO 220","CHAVARRIA 220 A","CHICLAYO OESTE 220","CHIMBOTE 220","GUADALUPE 220","HUACHIPA 60","HUACHO 220","HUANCAVELICA 220","HUAYUCACHI 220","ICA 220","INDEPENDENCIA 220","MARCONA220","MOYOPAMPA 60","OROYA NUEVA 220","OROYA NUEVA 138","OROYA NUEVA 50","PACHACHACA 220","PARAGSHA2 220","PARAGSHA 138","PARAGSHA 50","PARAMONGA NUEVA 220","PIURA OESTE 220","SAN JUAN 220","SANTA ROSA 220 A","SANTA ROSA EDS 60","TALARA 220","TINGO MARIA 138","TINGO MARIA 220","TRUJILLO 220","VENTANILLA 220","VIZCARRA 220","ZAPALLAL 220","AGUAYTIA 138","PUCALLPA 138","HUALLANCA 138","CHIMBOTE 138","PUCALLPA 60","ZORRITOS 220","ABANCAY NUEVA 138","ARICOTA138","ARICOTA II 66","CAMPO ARMINO 220","AYAVIRI138","AZANGARO 138","CACHIMAYO 138","CALLALLI 138","CERRO VERDE 138","COMBAPATA 138","DOLORESPATA 138","DESIERTO220","JULIACA 138","MACHUPICCHU 138","MOLLENDO 138","MOQUEGUA 220","MOQUEGUA 138","PUNO 220","PUNO 138","SANTUARIO 138","SOCABAYA 220","SOCABAYA 138","ILO 138","LOS HEROES 220 A","LOS HEROES 66","TINTAYA 138","TOMASIRI 66","REPARTICION 138","ILO2 220","COTARUSE 220","CHILCA REP 220","CANTERA 220","PIURA OESTE 60","LA NINA 220","CONOCOCHA 220","HUINCO 220","INDEPENDENCIA 60","CHILLON 220","CHILLON 60","CHAVARRIA 60 A","CHAVARRIA 60 B","BARSI 60","BARSI 220","OQUENDO 60","CAJAMARCA 220","PLANICIE 220 A","CARABAYLLO 220","CARABAYLLO 500","CHILCA CTM 500","CHILCA CTM 220 A","KIMAN AYLLU 138","KIMAN AYLLU 220","PARAMONGA EXISTENTE 138","MACHALA 200","CHIMBOTE 500","TRUJILLO 500","HUARANGAL 60","POMACOCHA 220","PIEDRA BLANCA 138","POROMA 220","POROMA500","OCONA 500","MONTALVO 500","MONTALVO 220","HUANZA 220","INDUSTRIALES 220 A","TINTAYA 220","LA NINA 500","INDUSTRIALES 60","CARHUAMAYO 50","CARIPA138","HUAMPANI 60","HUANUCO 138","REFINERIA ZINC 220","QUENCORO 138","ILO 3 220","MIRADOR 220","MIRADOR 60","ALTO PRADERA 220","ABANCAY NUEVA 220","LOMERA 220","REQUE 220","SAN JOSE 500","SANTA TERESA 220","SURIRAY 220","ASIA 220","CERRO DEL AGUILA 220","CHAGLLA 220","RAMADA 220","SANTA ROSA LDS 60","LOMERA 60","ZAPALLAL 60","MALVINAS 220","MALVINAS 60","ABANCAY 138","YAUPI 138","SANTA ISABEL 220","YANANGO 220","CHIMAY 220","ILO3 138","MATUCANA 220","COLCABAMBA 500","COLCABAMBA 220","YARABAMBA 500","YARABAMBA 220","BELAUNDE 220","BELAUNDE 138","CACLIC 220","INDUSTRIALES 220B","PLANICIE60","COBRIZAI 69","MOLLEPATA 60","MOLLEPATA220","CARAPONGO 500","CARAPONGO 220 A","SAN JOSE 220","MARCONA 60 A","SAN NICOLAS 60","CALLAHUANCA EDN 220","PUMIRI138","PUMIRI220","SAN MIGUEL 220","SAN MIGUEL 60","FELAM 220","MANCHAY 60","MANCHAY 220","SAN RAFAEL 138","SAN GABAN 138","MARCONA 60 B","ANGEL 138","PTO MALDONADO 138","MEDIO MUNDO 220","AUCAYACU 138","BELLAVISTA 138","TARAPOTO 138","PARINAS 220","PAMPA HONDA 220","ORCOTUNA 220","SAN ROMAN 138","SAN ROMAN 220","CHILOTA 220","MAZUCO 138","JESUS 138","CARHUAMAYO 138","CINCO MANANTIALES 138","OXIDOS CERRO 138","TOCACHE 138","JUANJUI 138","FRANCOISE 220","BOTIFLACA 138","MILL SITE 138","PLAZA TOQUEPALA 138","QUEBRADA HONDA 138","PANAMERICANA SOLAR 138","TOQUEPALA 138","ILO ELS 138","REFINERIA 138","LIXIVIACION 138","PUSHBACK 138","INTIPAMPA 138","PLANICIE 220 B","CHILCA CTM 220 B","CARAPONGO 220 B","CHILCA 1 220","DERIVACION 220","CHAVARRIA 220 B","DERIVACION 220  BARRA II","CAMPAS 220","CAMPAS 500","PLANICIE 500","NUEVA CHINCHA 220","CAHUACHI 220","VALLE DEL CHIRA 220","SANTA ROSA 220 B","ERSUR 220","FLAMENCO220","BARRA3HERMANAS","BARRAPTALOMITAS","PUERTO CHANCAY 220","CHAPARRAL 138","CHIRIBAMBA 220","BARRAPTALOMITAS2","YSHCAYUCRO 220","PAQUILLUSI 220","MIGUEL GRAU 500","MIGUEL GRAU 220","ALIPIO ROSALES 220","SUNNY","CUAJONE 138","SAN MARTIN 220","SAN LUIS 220","CERRO VERDE 220","PORTILLO 60"
1.0000,267.9625,286.1599,286.7145,278.9987,270.2440,266.8129,266.0721,289.2320,287.7923,297.3037,291.1389,296.1837,287.7709,278.1778,270.8666,266.7124,281.1349,281.8480,277.8835,285.3863,272.5059,266.1983,269.1102,275.1036,266.5941,270.0189,270.5655,278.1425,299.3717,285.8879,286.7017,287.3353,299.4425,269.5133,270.1737,294.1878,287.6309,274.8317,285.7701,268.4367,277.7877,275.4416,291.7765,278.6289,304.6788,266.2677,285.3576,284.1186,266.0789,274.2105,268.1219,272.5452,285.9062,282.6607,279.5868,273.6297,284.6842,275.0034,259.6300,278.3751,280.8669,281.2580,275.5715,275.8689,280.6772,281.2573,281.8291,287.2264,282.7184,283.7416,285.6007,285.8855,283.5965,280.9087,269.0336,284.1215,284.2191,299.7031,297.1970,275.8530,280.6555,283.2996,287.7018,287.9434,288.2613,288.7533,288.2805,287.9106,288.4148,290.3943,286.8981,285.4972,285.0073,283.9773,284.1212,278.2879,281.1662,276.9927,0.0000,291.1883,293.6764,286.7725,276.4938,269.8746,278.5502,278.7413,279.6396,279.6061,280.1993,280.6865,287.8104,283.8936,297.1360,289.3842,266.0901,261.7300,281.6296,272.4162,285.7891,273.5356,283.7270,286.7412,287.1949,285.6859,264.1906,281.7225,297.1285,279.7770,259.9022,259.9699,284.7292,267.5767,254.3468,285.5222,287.0873,282.3394,287.8729,287.7449,288.0444,267.7233,260.7339,262.9829,275.5710,273.0193,283.6932,276.4585,273.4872,270.1568,280.3082,281.1208,297.5776,299.3301,294.3599,286.5032,291.3627,266.0201,274.1026,272.2868,283.6637,284.8167,279.9452,0.0000,277.5633,279.0902,268.4261,270.9455,284.9727,284.8164,297.4617,289.1273,286.9699,253.9406,234.7449,278.1446,235.0631,253.8948,278.2755,275.4798,303.5994,306.9633,299.7735,286.9559,266.7124,274.9270,274.3944,278.4916,240.9282,282.0140,266.3577,271.0681,270.0739,288.7243,301.3755,267.3711,285.5843,287.3735,287.4587,286.1649,283.6932,287.3191,286.2771,287.6911,287.4802,287.2754,282.9504,286.8981,284.1194,284.8189,0.0000,277.6825,287.1012,277.6821,276.5282,277.1760,285.0952,283.9940,278.4961,300.7605,286.6991,275.8643,278.5391,276.2226,276.3920,282.9735,281.9907,275.2002,275.1834,269.4439,256.8432,297.7108,298.2359,303.8954,279.9452,284.8958,279.9452,282.4881,282.0258,285.6242
2.0000,240.6746,257.6446,258.1299,251.1573,243.3131,240.1594,239.5356,259.7013,258.9672,266.9278,261.7573,266.0035,258.8998,250.2189,244.2552,240.3426,253.9110,254.2846,250.8997,256.8820,245.3887,239.8077,242.3774,247.7515,239.9250,243.0428,243.5302,250.1437,268.8013,257.4111,258.0314,258.5823,268.7972,242.0725,242.7198,264.3644,258.8317,247.1481,257.2342,241.0870,249.2156,247.5326,262.3213,249.9468,273.2503,240.2098,258.1209,257.0192,239.8155,248.2451,242.6474,245.8227,260.3973,255.9190,252.6241,246.7688,256.6879,248.7940,234.2356,251.9533,254.0439,254.4050,249.3134,249.5665,256.8154,254.5344,255.1847,259.8231,255.6853,256.5828,258.7259,258.6081,256.6971,254.0817,242.8116,255.9626,256.2288,269.0792,266.9398,248.0547,252.5882,255.5780,258.8930,259.1088,259.3760,259.8045,259.4067,259.0850,259.5145,260.8009,258.3521,257.0193,256.6242,255.8398,255.9624,250.0741,252.6624,249.1071,0.0000,261.8040,263.9278,258.0977,249.0113,242.4388,251.4994,251.6540,252.7542,252.8986,253.4315,252.6885,259.1482,257.0906,266.8878,260.5558,239.5622,235.8683,253.4277,244.8068,257.2006,246.6908,256.6447,258.0882,258.4823,257.2844,238.3647,253.4781,266.7835,253.0058,234.4844,234.5454,256.5751,241.1933,228.9029,256.5044,258.3653,253.9819,259.0447,258.9483,259.2098,241.5092,234.6638,236.7021,248.2973,245.9981,256.6132,248.8683,246.5418,243.5190,253.5597,254.3949,266.8426,268.3548,264.1439,257.8799,262.2521,239.0330,247.5884,245.6234,255.4709,256.3332,253.1625,0.0000,250.7833,251.2373,242.9245,245.2250,256.4693,256.3231,267.1342,260.3173,258.4139,229.8716,212.3685,251.1643,212.6630,229.0184,250.2811,247.2935,271.9019,274.6872,269.0881,257.7689,240.3426,248.7320,248.2699,251.9211,217.7395,256.2252,239.8000,244.0216,243.0933,258.9218,269.9637,240.6152,258.3859,259.9349,260.0128,258.9143,256.6132,259.8858,258.9510,260.2448,260.0321,259.8490,255.9354,258.3521,255.9610,256.3352,0.0000,250.7673,258.3796,250.7670,249.1690,249.7465,256.7508,256.1296,251.4621,270.0149,258.0292,249.0765,251.4912,249.4001,249.6019,254.6499,255.2382,248.2126,248.5105,242.4281,232.4615,267.3796,267.8306,272.5856,253.1625,257.7461,253.1625,255.5621,255.2051,257.0409
3.0000,240.6746,256.9796,257.4518,250.5556,242.7686,239.8067,239.1902,259.0528,258.2519,266.3049,261.0560,265.5170,258.1447,249.7285,243.8317,239.9118,253.6896,253.9165,250.7918,256.1741,244.9419,239.3872,241.9492,247.2582,239.5924,242.7771,243.2517,249.6822,268.1262,256.7546,257.3340,257.8753,268.1441,241.9432,242.5981,263.6745,258.1237,246.8382,256.5768,241.0772,249.0104,246.9437,261.5924,249.7238,272.6065,239.8734,258.1038,257.0151,239.4047,248.2453,242.6354,245.4401,260.4703,255.7847,252.4129,246.3776,256.2439,248.7486,233.9124,251.7108,253.9346,254.3012,249.2584,249.5090,256.8154,254.3966,255.0460,259.6536,255.5554,256.4308,258.7410,258.4369,256.5474,253.9728,242.5133,255.3683,255.7067,268.3998,266.2819,247.6554,251.9235,255.2153,258.1835,258.3980,258.6483,259.0646,258.6811,258.3678,258.7873,260.1662,257.7278,256.3710,256.0031,255.2571,255.3680,249.5267,252.1136,248.6553,0.0000,261.1155,263.2401,257.4107,248.5160,242.2513,251.2794,251.4086,252.5785,252.7715,253.3134,252.0511,258.5053,257.0881,266.2209,259.8872,239.3199,235.4791,252.7884,244.5014,256.5206,246.3158,256.5486,257.4016,257.7758,256.6511,238.0418,252.9113,266.1824,252.8611,234.1621,234.2231,256.0027,240.7772,228.5857,255.9320,257.6580,253.4066,258.3324,258.2370,258.4932,241.1678,234.3200,236.3549,247.8046,245.5100,256.5183,248.2700,246.1150,243.0988,253.4169,254.2557,265.9642,267.4337,263.3712,257.1924,261.6766,238.7180,246.9130,245.0915,254.8752,255.6587,253.0198,0.0000,250.6988,250.6333,242.9113,245.2029,255.7910,255.6389,266.5086,259.7221,257.7885,229.8493,212.2741,251.0670,212.5724,228.5081,249.8079,247.0913,270.9210,273.3882,268.4387,257.1827,239.9118,248.6849,248.2242,251.8415,217.4841,256.1162,239.4691,243.7489,242.8277,258.5671,269.0888,240.2832,258.3687,259.9182,259.9949,258.8301,256.5183,259.8685,258.8030,260.0409,260.0159,259.8365,255.8556,257.7278,255.3667,255.6606,0.0000,250.8166,257.6756,250.8162,248.6738,249.2444,256.1377,255.7040,251.3872,269.3382,257.3318,249.0148,251.2735,249.4040,249.8016,254.0542,255.0598,247.8107,248.7417,242.0751,232.4405,266.7111,267.1596,271.9409,253.0198,257.7133,253.0198,255.4332,255.0692,256.3367
4.0000,242.2374,259.8127,260.2774,253.3026,245.4468,242.3212,241.7341,261.2813,260.9890,268.5528,263.6103,267.8331,260.8770,252.2069,246.9853,242.9795,257.1336,257.1655,254.8522,258.7234,247.6983,242.1706,244.7378,250.0846,242.0520,245.2318,245.7125,252.1172,270.3778,259.5945,260.0895,260.6079,270.3355,243.6634,244.3766,266.1317,260.8701,249.1278,259.3756,242.6322,250.4110,249.3114,264.1289,251.1105,274.6993,243.3275,262.6319,261.4961,242.5057,252.1915,246.6256,248.9992,262.2129,259.9382,256.1078,249.9381,259.3836,252.9705,237.3175,255.5345,258.6734,259.0307,253.5463,253.8186,256.8154,258.7807,259.2111,264.3683,260.3409,261.2685,262.5933,263.2798,260.6234,258.7120,246.0202,258.3175,258.8166,270.6354,268.6089,250.0133,254.6243,258.4600,260.9287,261.1500,261.3780,261.7875,261.4192,261.1130,261.5236,262.4475,260.6522,259.1976,258.8721,258.2244,258.3172,251.9235,254.4644,251.0720,0.0000,263.6745,265.7097,260.1945,251.3484,244.0768,255.2792,255.3737,257.4433,257.4926,258.0700,254.8299,261.4221,261.0729,268.5532,262.8266,241.8220,238.1222,255.2297,246.5511,259.2618,249.8881,261.2413,260.1903,260.5541,259.5354,241.4777,255.5087,268.4412,258.1312,237.5679,237.6297,259.0115,243.9187,230.9322,258.2377,260.4063,255.9070,261.0824,260.9934,261.2457,244.5896,236.7585,238.8253,250.8394,248.5166,261.2051,250.9894,249.3460,246.2706,257.8974,258.6580,268.1187,269.5740,265.5893,259.9684,264.5860,241.7977,250.0534,248.2336,257.7933,258.3996,258.2659,0.0000,254.7054,253.3786,246.9074,249.2080,258.5328,258.3763,268.7912,262.6562,260.7116,233.5994,215.6695,255.1134,215.9762,231.7229,252.2614,248.8458,272.8364,275.3397,270.6287,259.4780,242.9795,252.9272,252.4293,256.3636,220.8106,258.8799,242.0083,246.2524,245.2838,260.4319,270.9913,242.7763,263.0526,264.4774,264.5607,263.4961,261.2051,264.4286,263.5015,264.7596,264.5802,264.3073,260.5383,260.6522,258.3161,258.4016,0.0000,254.6522,260.4277,254.6519,251.7346,252.3062,259.0457,258.8912,255.3937,271.5562,260.0874,253.1054,255.2745,253.5689,253.7535,256.7346,259.0580,251.0021,252.7286,244.5041,236.2371,269.0223,269.4537,274.0492,258.2659,262.3995,258.2659,260.2796,259.6133,258.9595
5.0000,240.6746,257.0497,257.5002,250.6330,242.8947,239.8677,239.2695,258.4871,258.1487,265.6560,260.8241,264.9486,258.0373,249.5519,244.6642,240.6563,254.8652,254.7592,252.8138,255.9629,245.1809,239.7347,242.2611,247.5372,239.6105,242.7111,243.1916,249.4991,267.5283,256.8406,257.2819,257.7892,267.5089,241.8714,242.5372,263.2932,258.0410,246.7346,256.6182,241.0597,248.6445,246.7437,261.3318,249.3265,271.9229,241.2231,260.6064,259.4802,240.2038,250.4701,244.8685,246.9603,261.4635,258.1779,254.2545,247.9041,256.8794,251.1541,235.2818,253.7502,256.7505,257.1052,251.7296,251.9984,256.8154,256.9513,257.4646,262.4044,258.3891,259.3042,260.9146,261.2543,258.8598,256.7887,243.9172,255.6442,256.2561,267.7841,265.7666,247.5179,251.8858,256.0346,258.0977,258.3195,258.5164,258.9067,258.5739,258.2741,258.6650,259.6850,257.9196,256.4557,256.1670,255.5651,255.6440,249.3611,251.8611,248.4590,0.0000,260.8833,262.8843,257.4153,248.7851,242.1314,253.1339,253.2056,255.4288,255.5800,256.1482,252.1342,258.6705,259.3410,265.7108,260.0579,239.3321,235.7650,252.5193,244.2847,256.4667,247.8777,259.2772,257.4010,257.7497,256.8032,239.4025,252.8158,265.5463,256.1873,235.5300,235.5914,256.3664,241.6004,228.6029,255.5641,257.5857,253.2438,258.2530,258.1624,258.3978,242.4521,234.3456,236.4006,248.3482,246.0485,259.2387,248.3422,246.9742,243.9300,256.0020,256.8193,265.3551,266.7878,262.8165,257.1738,261.6971,239.5629,247.7321,245.9243,255.1274,255.6204,256.3223,0.0000,252.6669,250.7062,245.1514,247.4636,255.7521,255.6003,265.9243,259.8537,257.9767,231.8150,213.9914,253.0708,214.2973,229.5296,249.6251,246.9834,270.3837,272.7850,267.8040,256.7796,240.6563,251.1145,250.6302,254.5002,218.9597,257.7082,239.5401,243.7309,242.7624,258.3057,268.5820,240.3268,261.0825,262.4366,262.5194,261.4876,259.2387,262.3887,261.5269,262.7928,262.5390,262.2581,258.5810,257.9196,255.6429,255.6224,0.0000,252.6674,257.6097,252.6671,249.2396,249.8044,256.3475,256.4229,253.3589,268.7000,257.2799,251.1472,253.1299,251.6519,251.8868,254.0149,257.2880,248.6474,250.9259,242.0460,234.5835,266.1780,266.6086,271.2651,256.3223,260.4408,256.3223,258.3829,257.7576,256.1763
6.0000,240.6746,255.7294,256.1723,249.3504,241.6813,238.6830,238.0988,257.0757,256.8078,264.1429,259.4594,263.4638,256.8489,248.3214,243.5276,239.5330,253.7563,253.5833,251.7733,254.5545,243.8534,238.0774,240.6848,246.2790,238.4644,241.6256,242.1252,248.2902,265.9278,255.5250,255.9466,256.4401,265.8854,241.6446,242.2187,261.8660,256.7028,245.7368,255.3113,241.0554,248.5540,245.4592,259.9852,249.2282,270.2041,240.2544,260.0050,258.9059,239.0965,249.6490,244.0250,245.8658,261.0849,257.3857,253.2899,246.8021,255.7021,250.3047,234.3084,252.9849,255.8973,256.2585,250.8723,251.1352,256.8154,256.1160,256.6691,261.6034,257.5121,258.3898,260.1276,260.4297,258.0708,255.9352,242.9259,254.3709,255.0084,266.1672,264.2447,246.3933,250.5871,254.8261,256.7584,256.9709,257.1753,257.5635,257.2200,256.9301,257.3192,258.3073,256.5843,255.1557,254.8754,254.2960,254.3707,248.0658,250.5913,247.2820,0.0000,259.5057,261.4593,256.0882,247.5371,241.7354,252.1001,252.1666,254.4942,254.7193,255.2892,250.8561,257.3303,258.5341,264.1874,258.7359,238.0796,234.2540,251.1601,243.5440,255.1430,246.7842,258.4888,256.0821,256.4304,255.5021,238.4302,251.5401,264.0378,255.3011,234.5574,234.6185,255.0922,240.4988,227.5095,254.2319,256.2458,251.9236,256.9097,256.8248,257.0615,241.5152,233.1718,235.2262,247.2299,245.0810,258.4587,247.0709,245.8568,242.8177,255.1381,255.9794,263.9689,265.3834,261.4359,255.8433,260.0349,238.4946,246.5243,244.7600,253.8593,254.3025,255.4367,0.0000,251.3082,249.4229,244.3100,246.6350,254.4362,254.3273,264.4029,258.3552,256.6385,230.9368,213.1514,251.9818,213.4577,228.3064,248.4048,246.6021,269.2407,271.4347,266.1781,255.4309,239.5330,250.2638,249.7804,253.6328,217.9939,257.1694,238.3542,242.5873,241.6750,257.6217,267.5144,239.1985,260.2925,261.8297,261.9060,260.7522,258.4587,261.7803,260.7237,261.9912,261.9273,261.7411,257.8003,256.5843,254.3697,254.3045,0.0000,251.7126,256.2716,251.7123,248.0923,248.6436,255.0555,255.2443,252.3440,267.0711,255.9446,250.1677,252.0966,250.6849,250.9904,252.7362,256.5064,247.4953,250.0961,240.9063,233.7981,264.6351,265.0470,269.5612,255.4367,259.6122,255.4367,257.5226,256.9109,254.8418
7.0000,240.6746,254.6642,255.1018,248.3489,240.7121,237.8918,237.2164,255.9870,255.7064,263.0064,258.3162,262.3255,255.5942,247.2991,242.6220,238.6202,252.8674,252.6486,250.9664,253.4548,243.0852,237.6647,240.1955,245.3833,237.6723,240.7646,241.2537,247.2837,264.7616,254.4625,254.8614,255.3397,264.7296,241.3947,241.9584,260.7284,255.6053,244.9743,254.2387,241.0532,248.5072,244.4296,258.8189,249.1774,269.0605,239.4852,259.2384,258.1141,238.1807,249.0083,243.3744,245.1939,260.7661,256.7256,252.6459,246.1416,254.6946,249.6450,233.5649,252.3816,255.1433,255.4799,250.2000,250.4655,256.8154,255.4224,256.0089,260.7716,256.7918,257.7064,259.5053,259.6336,257.4483,255.1811,242.1299,253.3353,254.0401,264.9965,263.0986,245.5175,249.5305,253.8984,255.6602,255.8786,256.0627,256.4409,256.1226,255.8335,256.2100,257.2282,255.5677,254.0890,253.8250,253.2684,253.3351,247.0595,249.5761,246.2489,0.0000,258.3759,260.3222,255.0082,246.6226,241.3700,251.2577,251.3168,253.7146,253.9782,254.5398,249.8074,256.3033,257.8946,263.0384,257.6850,237.2293,233.6527,250.1097,242.9449,254.0639,246.1299,257.7271,255.0025,255.3497,254.4454,237.6672,250.4864,262.9010,254.5539,233.8122,233.8730,254.0841,239.5761,226.7538,253.1855,255.1564,250.8340,255.8129,255.7314,255.9624,240.7311,232.4085,234.4506,246.1976,243.9178,257.7096,246.0766,244.9123,241.8861,254.4116,255.2812,262.9038,264.2890,260.3562,254.7636,259.2875,237.2178,245.8822,243.9276,252.8204,253.2302,254.6911,0.0000,250.6753,248.4191,243.6599,245.9918,253.3580,253.2071,263.2735,257.4755,255.6228,230.1341,212.4522,251.1756,212.7552,227.4877,247.3914,246.2688,268.4135,270.4392,265.0225,254.3746,238.6202,249.5995,249.1182,252.9217,217.2520,256.7306,237.4830,241.7159,240.8136,257.0366,266.7255,238.3796,259.2949,261.0727,261.1549,260.0412,257.7096,261.0231,259.9188,261.1589,261.1735,260.9462,257.0276,255.5677,253.3341,253.2321,0.0000,250.9104,255.1826,250.9101,247.0815,247.6375,254.0152,254.2654,251.5410,265.8986,254.8594,249.3620,251.2541,249.9028,250.2132,251.6821,255.8898,246.5782,249.3518,240.0887,233.1883,263.4819,263.8894,268.4157,254.6911,258.6068,254.6911,256.8123,256.2124,253.7192
8.0000,240.6746,255.9518,256.3919,249.6143,241.9501,239.0316,238.4065,257.1711,257.0105,264.2532,259.6084,263.5840,256.9636,248.5691,243.8687,239.8667,254.2927,254.0094,252.3026,254.7091,244.3184,239.0055,241.4814,246.6299,238.7772,241.8605,242.3310,248.5222,266.0196,255.7493,256.1554,256.6442,265.9812,241.6335,242.2681,261.9925,256.9069,245.9419,255.5260,241.0479,248.3973,245.5749,260.1328,249.0581,270.3081,240.7050,260.4091,259.2735,239.4233,249.9893,244.3339,246.4759,261.2099,257.7972,253.9391,247.4301,256.0407,250.6783,234.7495,253.6625,256.2957,256.6418,251.2470,251.5176,256.8154,256.5031,257.0444,261.8950,257.9837,258.9215,260.5201,260.8891,258.6275,256.3342,243.3258,254.6196,255.3600,266.2531,264.3647,246.5996,250.8037,255.2631,256.9620,257.1757,257.3758,257.7615,257.4174,257.1290,257.5202,258.4034,256.8260,255.3737,255.1031,254.5479,254.6194,248.1691,250.7113,247.5135,0.0000,259.6590,261.5934,256.2919,247.8719,241.7736,252.5109,252.5614,254.8942,255.1168,255.6881,251.0698,257.5648,258.9253,264.3033,258.9621,238.4810,235.0922,251.3746,243.6812,255.3608,247.4192,258.8820,256.2911,256.6389,255.7332,238.8675,251.7623,264.1496,255.7032,234.9969,235.0581,255.3723,240.8036,227.8080,254.3344,256.4496,252.1030,257.1113,257.0241,257.2546,241.9598,233.5332,235.5785,247.4442,245.1529,258.8569,247.3306,246.1519,243.1255,255.5323,256.3673,263.9905,265.3798,261.4857,256.0558,260.3616,238.8600,246.8546,245.1015,254.0950,254.5224,255.8412,0.0000,252.2561,249.6851,244.6237,246.9771,254.6530,254.5250,264.5528,258.6415,256.8801,230.8492,213.1642,252.5772,213.4655,228.2182,248.6457,246.6217,269.2773,271.3703,266.2743,255.5298,239.8667,250.6374,250.1472,254.0214,217.9715,257.4269,238.6844,242.8813,241.9119,257.6408,267.5472,239.4661,260.5890,262.2513,262.3308,261.1829,258.8569,262.2015,261.0501,262.2845,262.3504,262.1514,258.1942,256.8260,254.6184,254.5243,0.0000,252.4341,256.4770,252.4338,248.3320,248.8891,255.2918,255.6260,252.9450,267.1509,256.1534,250.6723,252.5074,251.2544,251.8213,252.9631,257.1004,247.8697,250.9580,241.1867,234.1223,264.7451,265.1509,269.6639,255.8412,259.9237,255.8412,257.9383,257.3053,255.0151
9.0000,240.6746,255.9090,256.3508,249.5499,241.8833,238.9263,238.3022,257.2263,256.9687,264.2718,259.5539,263.5897,256.9093,248.4707,243.8371,239.8023,254.4672,254.1085,252.2084,254.7001,244.2106,238.8392,241.3291,246.5422,238.6728,241.7325,242.1990,248.4287,265.9967,255.7057,256.1075,256.5911,265.9616,241.6513,242.2682,261.9601,256.8663,245.8839,255.4837,241.0504,248.4498,245.5569,260.0630,249.1150,270.3226,240.6215,260.4879,259.3546,239.3366,250.0107,244.3745,246.4100,261.1558,257.8146,253.9455,247.3655,256.0988,250.7552,234.6802,253.6921,256.3253,256.6853,251.3092,251.5864,256.8154,256.5139,257.0580,261.9905,258.0415,258.9890,260.5043,261.0468,258.6941,256.3632,243.2559,254.5842,255.4205,266.2300,264.3421,246.5421,250.7521,255.3815,256.9218,257.1375,257.3333,257.7197,257.3794,257.0859,257.4802,258.4656,256.7834,255.3312,255.0596,254.5069,254.5840,248.1931,250.7168,247.4164,0.0000,259.6114,261.5564,256.2633,247.7843,241.7653,252.4513,252.5084,254.8800,255.1344,255.7120,251.0281,257.5227,258.9194,264.2782,258.9174,238.3700,234.9504,251.3626,243.6148,255.3093,247.3507,258.9387,256.2496,256.6030,255.6933,238.7917,251.6950,264.1661,255.7066,234.9272,234.9883,255.3712,240.7318,227.7083,254.3749,256.4022,252.0597,257.0761,256.9798,257.2033,241.8636,233.4282,235.4734,247.3834,245.0927,258.9065,247.2673,246.0894,243.0530,255.5408,256.3772,264.3187,265.7373,261.6930,256.0090,260.3233,238.3283,247.1519,245.1608,254.0502,254.4699,255.8443,0.0000,251.9693,249.6211,244.6636,247.0148,254.6002,254.4714,264.5718,258.6013,256.8375,230.8350,213.1461,252.4489,213.4476,228.0764,248.5497,246.7249,269.9498,272.1405,266.2551,255.5789,239.8023,250.7056,250.2071,254.0724,217.9131,257.4394,238.5764,242.7541,241.7846,257.9550,268.1576,239.3428,260.7769,262.3265,262.4050,261.2646,258.9065,262.2765,261.1335,262.3789,262.4247,262.2406,258.2464,256.7834,254.5830,254.4718,0.0000,252.6927,256.4307,252.6925,248.2735,248.8327,255.2494,255.7133,252.9512,267.1343,256.1055,250.5117,252.4470,251.1347,252.1637,252.9001,257.1555,247.8891,251.3672,241.0966,234.1581,264.7207,265.1270,269.6731,255.8443,260.1182,255.8443,257.9429,257.3200,254.9824
10.0000,240.6746,256.2609,256.7097,249.8090,242.0948,239.0057,238.4504,257.6562,257.3137,264.7156,259.9515,264.0271,257.1310,248.8476,244.1190,240.1422,254.8780,254.4232,252.4673,255.0209,244.2361,238.3548,240.9919,246.7165,238.7635,241.9057,242.4000,248.7615,266.4553,256.0533,256.4519,256.9320,266.3967,241.7610,242.3366,262.3748,257.2155,246.0178,255.8424,241.0574,248.5961,245.8542,260.4678,249.2740,270.7442,240.8794,260.5884,259.4371,239.6609,250.0863,244.4303,246.6676,261.0915,257.9964,254.0374,247.6218,256.3334,250.8614,234.9297,254.0651,256.4568,256.8076,251.4127,251.6957,256.8154,256.6668,257.2154,262.1188,258.1962,259.1662,260.5330,261.1032,258.9663,256.4946,243.5009,254.9229,255.7397,266.6968,264.7882,246.7509,251.0627,255.6822,257.2713,257.4947,257.6738,258.0578,257.7516,257.4452,257.8272,258.8930,257.1850,255.6910,255.4224,254.8556,254.9227,248.4649,251.0209,247.7360,0.0000,260.0080,261.9681,256.6311,247.9730,241.8993,252.6943,252.7550,255.0668,255.2790,255.8504,251.3820,257.9275,258.9696,264.7208,259.3150,238.4541,234.5366,251.6346,243.7968,255.6288,247.5919,259.0625,256.6167,256.9833,256.0301,239.0430,252.0499,264.6089,255.8660,235.1764,235.2377,255.7020,241.0508,227.7947,254.7392,256.7508,252.3604,257.4325,257.3412,257.5548,242.1254,233.4989,235.5487,247.7551,245.6017,259.0332,247.5258,246.4104,243.3751,255.6969,256.5314,264.8561,266.3113,262.1881,256.3542,260.9693,239.3524,247.0502,245.3647,254.4086,254.7852,256.0022,0.0000,252.5552,249.8821,244.7211,247.0829,254.9134,254.7483,265.0067,259.1287,257.2411,230.7746,213.1381,252.7607,213.4372,228.1539,248.9024,246.9347,270.4946,272.7204,266.6880,255.9623,240.1422,250.8082,250.3033,254.1871,217.9365,257.5573,238.7026,242.8887,241.9562,258.3474,268.6815,239.4294,260.8144,262.4376,262.5166,261.3806,259.0332,262.3877,261.2600,262.5050,262.5364,262.3456,258.3657,257.1850,254.9217,254.7871,0.0000,253.2460,256.7801,253.2458,248.6276,249.1872,255.6135,255.9426,253.3147,267.5836,256.4499,250.6746,252.6891,251.3500,252.7947,253.2655,257.4589,248.1838,252.0949,241.2232,234.2227,265.1676,265.5776,270.0965,256.0022,260.1579,256.0022,258.0865,257.4692,255.2792
11.0000,284.4223,285.8990,286.4213,278.9704,270.3844,268.4310,267.2139,289.4825,287.2824,297.1421,291.0854,296.2776,287.1527,278.7844,272.0196,267.6517,283.8430,283.4379,280.3840,284.8436,273.2382,266.4270,269.4989,275.6279,268.5483,272.2003,272.8680,279.1791,299.0282,285.6516,286.2642,286.8150,299.0353,282.5822,282.5172,294.0441,287.1558,278.8427,285.5311,284.8922,294.1507,276.1523,291.7654,294.9833,304.0265,268.2020,288.9095,287.5893,267.0590,276.9707,270.8025,274.8443,286.7157,285.6179,282.2173,275.9170,285.5900,278.0579,261.5362,281.2706,284.3516,284.7295,278.6563,278.9902,280.2208,284.3125,284.7199,290.6409,286.3902,287.5518,288.3222,289.7614,286.8234,284.3934,270.8879,284.0905,284.9711,299.3383,297.0037,278.3226,280.3017,284.8566,287.2199,287.4480,287.6984,288.1391,287.7627,287.4059,287.8526,290.9602,286.7394,285.2965,284.9265,283.9773,284.0902,279.3276,282.4138,278.0100,0.0000,291.0961,293.5387,286.4164,277.0174,280.8815,280.7409,280.8511,283.0105,283.0309,283.6817,280.4886,287.5919,286.7136,296.9199,289.1081,266.9976,262.2940,281.1649,279.3543,285.4016,275.8404,287.2363,286.4039,286.8479,285.5144,266.0940,281.9370,297.0078,283.7235,261.8052,261.8733,284.9597,268.5315,256.2115,286.4672,286.6114,282.4919,287.3842,287.2696,287.5129,269.6238,262.2778,264.5618,276.1144,273.5576,287.2026,276.4183,274.4440,271.1207,283.4363,284.1876,298.4223,299.9775,295.0766,286.1145,291.0341,266.5667,275.5542,273.5164,283.6875,284.4576,283.8598,0.0000,280.0781,279.0496,271.1242,273.7218,284.6008,284.4489,297.3555,288.8997,286.8048,255.7227,236.2417,280.6437,236.5698,253.2238,279.1180,287.5528,308.9037,309.6768,299.3660,287.7946,267.6517,277.9878,277.3967,281.7850,241.7128,283.7778,267.5128,272.7721,272.2403,298.2448,307.3797,269.2720,289.1774,290.9692,291.0571,289.7826,287.2026,290.9137,289.6837,291.0710,291.0791,290.8573,286.3634,286.7394,284.0885,284.4597,0.0000,281.7861,286.6414,281.7858,277.0721,277.7041,285.0125,285.1506,281.4838,300.3408,286.2619,278.3056,280.7327,279.0836,281.2886,283.0470,285.1154,276.5242,280.5023,271.5554,259.4750,297.4639,297.9554,303.2822,283.8598,288.4512,283.8598,285.9947,285.2144,285.0930
12.0000,285.0658,286.1483,286.7092,279.2215,270.5676,268.7501,267.5135,290.2294,287.5988,297.9964,291.5608,297.0796,287.4161,279.0648,272.0793,267.7356,283.8240,283.4981,279.9316,285.2942,273.4581,266.7018,269.7244,275.8157,268.8895,272.5207,273.1900,279.5076,299.8021,285.8775,286.5692,287.1242,299.8464,283.2249,283.1247,294.6586,287.4540,279.2988,285.7421,285.5464,295.0178,276.6329,292.2446,295.8697,304.9402,268.2544,288.2068,286.9225,267.0539,276.4871,270.3202,275.1495,286.6956,285.0400,282.0601,276.2799,285.6774,277.3946,261.5980,279.4715,283.7262,284.1017,278.0190,278.3148,280.8304,283.8594,284.2878,289.9445,285.6456,286.7274,287.9689,288.8141,285.6893,283.7664,270.8426,284.1266,285.0147,300.1210,297.7341,278.7504,280.5942,284.9675,287.5196,287.7464,288.0283,288.4793,288.1222,287.7354,288.1735,291.6296,286.8659,285.4836,285.0804,283.9773,284.1263,279.8402,282.9345,278.3288,0.0000,291.5786,294.1299,286.6456,277.2109,281.5314,280.3739,280.5137,282.5095,282.4481,283.0654,280.6721,287.7633,286.3239,297.6393,289.3225,267.2690,262.7775,281.4148,280.0243,285.7050,276.1777,286.5525,286.6622,287.1373,285.6639,266.1314,282.1885,297.8537,283.1535,261.8629,261.9311,285.0021,268.5061,256.5369,287.0429,286.9332,282.7535,287.6744,287.5815,287.8209,269.6600,262.6342,264.8949,276.1524,273.5953,286.5210,276.6685,274.4010,271.0950,282.9351,283.7303,299.1371,300.7089,295.7836,286.4003,291.1348,266.1172,276.1219,273.7547,283.7906,284.7544,283.2626,0.0000,279.6847,279.3022,270.6393,273.2199,284.8973,284.7302,298.1631,288.9972,286.9327,255.4551,235.9085,280.1942,236.2407,252.4349,279.4249,288.2470,309.8802,310.5287,300.1846,288.3938,267.7356,277.3435,276.7838,281.1545,241.3073,283.6899,267.8181,273.1061,272.5609,299.0792,308.3293,269.6289,288.5609,290.2552,290.3441,289.1100,286.4751,290.2003,288.9584,290.3762,290.3651,290.1536,285.5588,286.8659,284.1243,284.7566,0.0000,281.4944,286.9545,281.4941,277.0993,277.7391,285.1168,285.2371,280.9390,301.1484,286.5668,277.7989,280.3629,278.5759,280.9678,283.2837,283.5831,276.5840,280.1349,271.9229,258.9992,298.1983,298.6995,304.1808,283.2616,287.8409,283.2429,285.4986,284.7509,285.4263
13.0000,264.5632,265.1408,265.6969,258.5219,250.4207,248.9101,247.7213,269.5627,266.3508,276.7912,270.4346,275.9779,266.0922,260.1324,251.2171,247.2174,261.9367,261.9259,257.2725,264.1617,253.1376,247.0311,249.7848,255.2319,249.0896,252.3004,252.9055,260.2408,278.0796,264.8671,265.4632,265.9733,278.1051,262.8592,262.7387,273.4175,266.2340,259.1079,264.7747,265.0173,273.9689,256.5772,271.0950,274.7740,282.8496,246.1695,262.5095,261.3265,246.5422,252.4152,246.7968,252.4513,261.9584,259.9785,258.1176,253.5258,264.1756,253.2715,240.1292,251.7071,258.7697,259.0755,253.7708,254.0458,256.8154,259.3055,259.6718,264.2077,260.3666,261.2879,262.9533,262.2040,259.0890,258.8054,248.6923,263.2507,263.6404,278.3607,276.2575,258.7678,260.0302,263.3172,266.2909,266.4880,266.7120,267.0947,266.8939,266.5343,266.8422,270.7538,265.8723,264.5154,264.1091,263.1453,263.2504,259.5558,262.5587,259.3253,0.0000,270.4378,272.8832,265.5264,256.5158,261.2356,257.6565,257.8193,258.3691,257.6994,258.1970,260.0576,266.7495,261.4306,276.1438,268.2604,247.5170,243.4056,260.4545,259.7298,264.6127,253.3978,261.1305,265.5642,265.9652,264.6516,244.2689,262.2839,276.6647,258.3786,240.3722,240.4348,263.8700,247.8555,237.6462,266.4156,265.8101,262.5999,266.4171,266.4054,266.6392,247.3801,243.2634,245.3468,255.3623,253.0190,261.1068,256.1613,253.2801,250.2455,258.4105,259.2014,278.0431,279.5676,274.7916,265.3176,269.8417,245.7414,254.8755,252.7350,262.8532,263.7423,258.3352,0.0000,257.0679,258.5998,247.0867,249.4460,263.8711,263.6650,276.7869,267.8826,265.9323,233.1649,215.4377,257.5100,215.7351,230.9561,260.2997,267.5433,288.1734,288.9369,278.4156,267.6892,247.2174,253.1932,252.6723,256.5161,220.5659,259.2720,248.0018,252.8322,252.3366,277.6450,286.6518,249.7113,263.0197,264.4148,264.4968,263.4117,260.8378,264.3662,263.3284,264.5957,264.5151,264.3447,259.7949,265.8723,263.2490,263.7443,0.0000,259.3701,265.8172,259.3697,256.2151,256.7913,264.1815,263.6440,258.4030,279.3151,265.4610,255.2749,257.6436,255.9824,258.8452,263.0673,255.4059,255.4410,258.0361,252.0645,236.4627,276.6465,277.0896,282.1415,258.3258,262.3863,258.2286,260.5895,260.0582,264.2897
14.0000,259.8732,260.6887,261.2801,254.0611,246.0028,244.0794,243.0042,264.6055,261.8427,271.7936,265.4956,270.9654,261.8668,254.4901,246.4192,242.6199,256.6028,256.8226,251.8213,259.7700,248.2229,241.5493,244.4541,250.4938,244.2424,247.5197,248.1289,254.7578,273.0675,260.3930,261.0427,261.5481,273.0783,258.1400,257.9418,268.4329,261.6882,254.0576,260.1019,260.3541,269.8451,251.6839,266.1353,270.6990,277.7258,241.5296,255.4041,254.1974,241.8835,247.2690,241.6511,248.0021,259.6234,254.6652,253.4471,249.1407,259.0725,247.7512,235.5752,253.1121,252.4009,252.6481,248.1427,248.3907,256.8154,253.6734,254.3258,257.4677,253.9031,254.8393,257.8472,255.3050,253.9428,252.4364,243.8936,258.6479,258.8205,273.3505,271.2674,253.6458,256.2332,258.2284,261.7452,261.9526,262.2127,262.5957,262.3932,262.0316,262.3251,265.6806,261.2151,259.8511,259.4316,258.4707,258.6476,254.5097,257.4768,253.7936,0.0000,265.5184,267.9163,260.8914,251.7844,256.5311,252.2013,252.3837,252.2010,251.4878,251.8644,255.4706,262.1367,256.1853,271.1513,263.6710,242.7242,238.0462,255.9174,255.0221,260.2246,249.0186,254.3391,260.9674,261.3683,260.1200,239.6430,257.0717,271.6646,251.9066,235.8128,235.8742,259.1736,243.1370,233.0215,261.3370,261.4081,257.3745,261.8579,261.8753,262.1187,242.7448,238.5446,240.5863,250.6145,248.3148,254.3033,251.7484,248.4319,245.4814,252.4945,253.5503,272.6373,274.1276,269.5434,260.8841,265.0917,241.5272,249.8173,247.8818,258.1653,259.3929,251.6757,0.0000,251.5990,254.1449,241.9256,244.2366,259.5249,259.3384,271.8202,263.1625,261.2753,228.5980,211.3960,252.0468,211.6784,227.8420,254.7432,262.6028,282.0357,282.3793,273.3819,262.6119,242.6199,247.6354,247.1705,250.5091,216.9625,255.7217,243.2495,248.0071,247.5541,272.2212,280.6433,244.8327,256.2681,257.2727,257.3547,256.3554,253.7037,257.2289,256.5604,257.8446,257.3717,257.1673,252.5852,261.2151,258.6459,259.3948,0.0000,253.8687,261.3695,253.8683,251.4533,252.0328,259.5196,258.4488,252.8871,274.2714,261.0404,249.8525,252.1876,250.5588,253.2834,258.0363,250.5322,250.5229,252.4447,247.1331,231.5245,271.6491,272.0878,277.0321,251.6524,255.6833,251.4631,254.3866,254.2333,259.8963
15.0000,269.4567,267.0548,267.7114,260.2645,251.8554,250.8466,249.8813,272.3067,268.3909,279.7783,272.6027,278.7653,268.5315,262.2019,251.7128,247.9297,261.5158,262.1756,254.8278,266.6108,254.6333,248.4889,251.2489,256.6250,251.1491,254.9433,255.5102,262.3948,281.0747,266.7156,267.5153,268.0913,281.1697,268.3758,267.1396,275.7536,268.2274,261.7961,266.5215,270.0377,281.5320,258.7862,273.3105,282.5669,286.1392,245.2038,254.9344,253.7677,247.0505,248.0512,242.3691,251.8216,259.9833,254.5217,256.1705,252.9637,264.6960,248.3201,239.1190,248.6538,252.2981,252.5161,248.6059,248.8627,256.8154,254.1736,254.7165,257.3268,253.6033,254.4414,258.7001,255.1079,251.6713,252.3342,247.4622,264.5816,264.5497,281.4156,279.0284,261.1728,261.9895,263.6578,268.2891,268.4669,268.7850,269.1970,268.9580,268.5791,268.8878,273.2117,267.4771,266.1760,265.6215,264.3503,264.5812,261.7588,264.8753,261.4857,0.0000,272.6206,275.2643,267.3843,257.9456,266.3664,255.1376,255.3695,253.1720,251.4878,251.7799,261.6885,268.5291,256.9575,278.9189,270.2194,249.8077,244.8779,262.8287,264.1323,266.6152,252.7801,254.0084,267.3992,267.8156,266.3206,243.2453,264.3043,279.6199,251.9847,239.3578,239.4201,265.0549,248.0436,239.6114,268.7973,267.9248,265.0032,268.4036,268.4035,268.6829,246.4783,245.2221,247.2832,256.0514,253.7019,253.9730,257.8959,253.2388,250.4353,252.9477,254.0681,279.6612,279.6612,276.8701,267.3203,271.6757,246.1352,255.7178,253.3808,264.1736,265.7295,251.4986,0.0000,254.5073,260.3509,242.6336,244.9099,265.8791,265.6638,279.7468,269.5532,267.5428,229.5730,212.5038,255.0391,212.7767,230.8640,262.4158,273.1259,293.4179,291.6700,281.4892,270.0926,247.9297,248.1618,247.7095,250.6877,218.6905,256.0126,250.1672,255.2766,254.9733,283.4387,292.0215,251.7316,256.0087,256.7685,256.8545,255.9459,253.1151,256.7273,256.3663,257.7260,256.8707,256.6500,251.7553,267.4771,264.5790,265.7315,0.0000,257.9526,267.8669,257.9520,256.8483,257.4226,265.6332,263.9727,256.2506,282.3579,267.5128,252.8001,255.1251,253.5868,257.2456,264.9333,246.0314,255.8405,256.3043,254.2282,232.1627,279.4796,279.9596,285.3965,251.4523,255.4543,251.2056,254.5927,254.6470,266.6094
16.0000,275.3506,271.3181,272.0268,264.3242,255.6417,254.6781,253.6874,277.4646,272.8252,285.2848,277.4362,284.1087,273.1686,266.4572,254.7959,251.0062,264.5035,265.4116,256.6923,271.3541,258.2256,251.4185,254.3741,260.3280,255.0724,258.9972,259.6067,266.7340,286.5596,270.9446,271.9011,272.5212,286.6745,274.2723,272.7300,280.8325,272.6398,266.3012,270.7786,276.0093,289.0650,263.3826,278.1877,290.2409,291.8337,247.0587,254.4355,253.2279,250.0891,248.0942,242.3912,253.5208,260.0461,254.2482,257.0021,254.6334,268.1664,248.3422,240.9254,245.5692,252.1989,252.3556,248.5965,248.8492,256.8154,254.3872,254.8636,257.1188,253.4451,254.2998,258.7890,254.5998,249.7684,252.2345,249.3741,268.5525,268.1681,286.9391,284.3626,265.6125,266.2479,266.8627,272.7061,272.8870,273.2472,273.6874,273.4120,273.0182,273.3470,278.3070,271.7132,270.3861,269.7596,268.2832,268.5520,266.3855,269.5986,265.7901,0.0000,277.4462,280.3025,271.7143,261.6819,271.9661,256.9644,257.2360,253.7240,251.4878,251.7160,265.8284,272.8774,257.0241,284.2410,274.6730,253.5508,247.9772,267.3756,269.1841,270.9581,254.4088,253.7087,271.7133,272.1318,270.4869,245.0864,268.6066,285.1004,251.9620,241.1668,241.2296,268.9252,251.0576,243.3542,273.6933,272.3497,269.4921,272.8241,272.8216,273.1418,248.3451,248.9904,251.0695,259.6838,257.6114,253.6877,261.9252,256.2887,253.4784,253.1695,254.3013,285.4960,285.4961,282.3314,271.6681,276.3025,249.8260,258.4198,256.3745,268.1829,270.0487,251.3215,0.0000,256.5158,264.4186,242.6558,244.9386,270.2162,269.9841,285.1816,273.9593,271.7841,229.6800,212.6449,256.9392,212.9158,231.8187,266.7252,279.6782,302.8687,299.4085,287.0011,275.0464,251.0062,248.1703,247.7155,250.6318,218.9765,256.1399,253.9597,259.2024,259.0231,291.3067,301.2165,255.6728,255.4081,256.2850,256.3641,255.5526,252.6596,256.2456,256.1552,257.5306,256.3818,256.2355,251.0931,271.7132,268.5496,270.0507,0.0000,260.3196,272.2704,260.3190,260.4070,260.9733,269.7340,267.3408,258.2836,287.9061,271.8984,254.5681,256.9508,255.3984,259.4800,269.1899,242.8965,258.9837,258.4211,258.3083,232.1899,284.8444,285.3588,291.0619,251.2572,254.8592,250.9876,254.6021,254.7860,271.1862
17.0000,287.9947,283.4814,284.3501,275.8672,267.4344,262.4766,261.2399,293.1135,289.5119,301.6241,292.5606,300.1812,287.1457,283.5726,246.6309,167.3230,272.4249,271.4903,259.1453,285.3110,264.3145,258.6153,261.1936,265.6511,263.6014,267.5713,268.1935,282.7018,302.9156,283.0487,286.4887,287.5734,303.1640,286.1999,284.9825,296.3090,289.6053,278.1079,289.9045,288.7536,303.8281,277.6686,293.2163,305.1864,308.8001,245.4085,254.4839,253.2783,237.0114,247.7395,242.1262,252.2607,259.8187,253.3989,256.0892,253.4840,276.0916,248.1901,239.1782,243.2140,252.2427,252.3989,248.4426,248.6534,256.8154,253.8589,254.2933,257.1695,253.5039,254.3500,258.1352,254.5292,247.8436,252.2802,246.9005,279.7084,276.8751,303.3572,300.4005,278.3731,280.4641,272.9671,289.6756,289.7702,290.1307,290.8240,290.3910,289.8016,290.3974,293.6877,285.0255,290.2974,283.3672,280.1794,279.7078,280.8093,283.7073,281.6985,0.0000,292.4952,295.7452,290.2625,266.5729,283.4399,260.3671,260.4404,254.7633,251.8346,251.8133,0.6491,286.3491,256.5772,300.2684,288.4280,261.1957,255.1896,281.4785,279.8336,285.8535,253.2719,253.7119,290.5299,290.2405,282.2679,243.2152,286.7323,301.3973,252.4413,239.3956,239.4580,279.2727,248.2840,251.4914,288.3955,287.0039,288.0243,290.2463,290.3158,290.4973,246.7870,256.6626,258.7776,266.2764,263.8330,253.6883,273.4607,260.2337,250.6781,253.8448,253.8237,302.2541,302.2542,298.4711,285.6528,290.6558,237.3168,249.6649,248.0394,280.4590,284.4670,251.3028,0.0000,259.0394,276.0639,242.3873,244.6956,284.6334,284.0258,301.4663,287.8023,285.1075,229.5022,212.6252,259.4244,212.8884,232.1380,283.2226,291.9811,316.5035,318.7061,303.5157,289.9462,143.0160,247.9855,247.5480,250.5724,218.7204,255.7760,261.5481,267.3742,267.5850,304.3001,314.7779,264.2666,255.4466,256.3375,256.4136,255.5794,252.5474,256.2980,256.2136,257.5827,256.4323,256.3124,251.0505,285.0255,279.7056,284.4709,0.0000,271.2644,287.5773,254.4420,267.2894,268.3772,282.6768,274.4885,258.1047,304.4392,286.4837,256.9035,260.3515,257.6997,270.1545,287.5818,240.4679,256.3763,252.2114,268.1254,231.9596,300.9582,301.5361,307.9561,251.2293,254.9030,250.9564,254.3395,254.3228,285.5107
18.0000,294.1250,287.8190,288.7500,280.3032,271.7004,266.8983,265.5800,298.8418,294.3313,307.5259,297.5929,305.9019,291.9514,287.8569,250.1006,169.7499,276.0576,275.1907,261.8362,290.2731,268.5423,262.7417,265.3560,269.8149,268.1049,272.1497,272.7737,287.2267,308.7870,287.3470,291.1221,292.2829,309.1320,292.2956,290.8781,301.6581,294.3963,283.1142,294.3740,294.9456,311.2702,282.6936,298.2743,312.7413,315.0324,249.0870,257.1080,255.8908,240.3184,250.3513,244.7851,256.0673,261.0647,255.5752,259.3446,257.3236,279.8851,250.9638,242.6739,244.6608,254.7837,254.9628,251.1377,251.3654,256.8154,256.3094,256.6062,259.8609,256.0893,256.9552,260.6464,257.1627,249.4551,254.8241,250.3560,283.5498,280.6859,309.2659,306.0799,283.2479,284.9165,276.6838,294.4809,294.7111,294.9966,295.7431,295.1819,294.5697,295.3286,299.3150,289.1602,294.7043,287.5901,283.9773,283.5491,285.9313,288.8904,286.2443,0.0000,297.5403,301.0518,294.6657,270.7346,289.3286,263.3189,263.4142,257.4246,254.3636,254.3409,0.6491,290.5811,259.1376,305.9353,292.7155,265.6348,259.4089,286.5408,285.3494,290.5296,257.0857,256.2516,295.0940,294.8036,286.4194,246.7819,291.1302,307.2702,254.9834,242.8921,242.9554,283.1378,251.7310,255.7881,293.7947,291.6797,292.5521,295.0563,295.0461,295.2858,250.5857,261.0242,263.1525,270.2478,268.0913,256.2115,277.8604,263.8256,254.1579,256.3960,256.2841,308.6271,308.6271,304.5027,290.2047,294.9939,240.0836,253.6975,251.6974,284.5393,289.0962,253.8016,0.0000,261.5111,280.5055,245.0401,247.3227,289.2760,288.6752,307.2668,291.9814,289.2476,232.2658,215.3866,262.1009,215.6426,236.8110,287.6377,298.7027,326.1855,326.3505,309.4995,295.4141,145.1133,250.7152,250.2452,253.2010,222.1141,257.3458,265.9117,271.9134,272.1636,312.4110,324.2233,268.7970,258.2536,258.9801,259.0546,258.1690,254.9328,258.9400,258.8692,260.2814,259.0742,258.9882,253.5476,289.1602,283.5460,289.1002,0.0000,274.5788,292.2550,256.0515,271.1765,272.2659,286.7570,278.2712,260.4718,310.4221,291.1167,259.4687,263.3008,260.2158,273.1652,291.9833,241.8238,259.9365,253.3631,272.7417,234.4499,306.6789,307.2985,314.1487,253.7257,257.7320,253.4425,256.8733,256.8093,290.3771
19.0000,295.7871,288.1908,289.1608,280.8135,272.1711,267.6524,266.2109,300.5231,294.9188,309.3628,298.7077,307.4620,292.6142,288.5743,250.0675,169.8869,275.0311,274.6478,261.3014,291.0622,269.0523,263.2136,265.8347,270.2427,268.9420,273.1188,273.7818,288.0541,310.6704,287.6922,291.6544,292.8414,311.1524,293.9668,292.4368,303.0226,294.9593,284.2379,294.7860,296.6334,313.4808,283.9760,299.4190,314.9991,317.3890,249.5208,256.7553,255.4986,240.4256,250.4629,244.9157,256.8531,261.0689,255.2091,259.7803,258.1763,279.5940,250.9866,243.0461,244.0320,254.4352,254.6092,251.0883,251.3108,256.8154,256.0089,256.3107,259.5616,255.8568,256.8094,260.6243,257.1453,248.8073,254.4764,250.5547,283.5629,280.4814,311.1899,307.7497,284.3181,285.4628,276.0913,295.0478,295.2824,295.6051,296.3716,295.7600,295.1425,295.9310,300.9209,289.4237,295.0644,287.9000,283.9773,283.5621,287.2634,290.2317,287.0440,0.0000,298.6480,302.3852,295.1150,271.1635,290.9562,262.9534,263.0765,257.0616,254.0253,253.9920,0.6491,290.9229,259.1006,307.6019,293.1054,266.1518,260.0018,287.5915,286.8919,291.0933,257.9225,255.8768,295.5441,295.2500,286.6528,247.1528,291.7532,309.0633,254.6219,243.2605,243.3238,283.1041,251.8173,256.5868,295.2601,292.2424,293.3461,295.6150,295.5968,295.8785,251.0711,261.8145,263.9182,270.4069,268.2488,255.8297,278.3677,263.8900,254.2451,256.0888,255.9798,310.8204,310.8204,306.4260,290.6915,295.4138,240.2691,253.7392,251.7162,284.7585,289.6505,253.4140,0.0000,261.0775,281.0175,245.1573,247.3801,289.8379,289.2338,309.0046,292.2887,289.5152,232.9692,216.3976,261.5618,216.6358,240.7983,288.4170,300.5821,328.9176,329.6004,311.5349,296.9205,145.2416,250.7037,250.2386,252.9974,224.2402,257.1739,266.5469,272.7389,273.1288,314.7321,326.8969,269.6645,257.9241,258.6310,258.7046,257.8047,254.4651,258.5908,258.5557,259.9838,258.7249,258.6678,253.1238,289.4237,283.5586,289.6545,0.0000,272.8678,292.8006,254.4464,271.3166,272.4207,286.9660,277.9033,259.5976,312.4076,291.6489,258.8384,262.9256,259.5235,270.8023,292.5084,241.1196,259.7078,251.3182,273.6487,234.5043,308.4014,309.0685,316.4540,253.3368,257.4064,253.0500,256.5275,256.4858,291.1125
20.0000,298.2581,289.7563,290.7499,282.3421,273.6049,269.1813,267.6559,302.8593,296.6327,311.8609,300.7398,309.8357,294.3021,290.3701,250.9803,170.5919,275.5310,275.4744,261.7306,292.6986,270.4778,264.6637,267.2792,271.6192,270.5299,274.7177,275.4029,289.9877,313.1041,289.2424,293.3121,294.4888,313.6071,296.3491,294.7387,305.2125,296.6659,286.1186,296.4174,299.1520,316.9692,285.9354,301.4798,318.5751,319.8980,250.1693,257.0538,255.7482,241.3080,251.0546,245.5910,257.4850,261.2330,255.5187,260.3551,258.8340,280.6027,251.5595,243.7038,244.0371,254.8168,254.9640,251.6302,251.8520,256.8154,256.4169,256.6854,259.8616,256.3233,257.3549,261.0507,257.6805,248.8694,254.8587,251.2608,284.9515,281.6117,313.6442,310.1120,286.2028,287.0798,276.9291,296.7578,297.0170,297.3240,298.0982,297.4768,296.8681,297.6613,303.1748,290.9778,296.6709,289.4397,285.3695,284.9506,289.2315,292.2583,288.9971,0.0000,300.6741,304.5507,296.7365,272.5387,293.2453,263.5486,263.7002,257.5612,254.4354,254.3866,0.6491,292.5245,259.5477,309.9499,294.7370,267.5013,261.4762,289.0699,289.0110,292.7484,258.5698,256.2086,297.2110,296.9296,288.1511,247.8142,293.5276,311.5414,255.0704,243.9188,243.9823,284.4163,252.7837,258.1017,297.3819,293.9249,295.3283,297.3249,297.3263,297.6687,251.6998,263.3012,265.4221,271.6386,269.4711,256.1667,279.8851,264.9275,255.2208,256.5220,256.3908,313.5027,313.5027,308.9056,292.3231,297.1585,240.3576,255.2303,252.7871,286.2222,291.2913,253.8585,0.0000,261.4605,282.5494,245.8185,247.9661,291.4844,290.8698,311.4576,293.9269,291.0721,234.0010,217.6978,261.9941,217.9193,244.3301,290.3191,303.0437,331.7499,333.2080,313.9916,299.0778,145.8727,251.2592,250.8000,253.4584,226.5309,257.4460,267.9896,274.2566,274.7250,317.4119,329.7200,271.3010,258.0897,258.9444,259.0196,258.1173,254.7602,258.9043,258.8757,260.2815,259.0392,258.9551,253.3958,290.9778,284.9469,291.2953,0.0000,272.7272,294.4807,254.1028,272.5416,273.6567,288.4643,278.8438,259.7918,314.8743,293.3066,259.1834,263.5108,259.8239,270.0533,294.2009,241.1096,260.5874,250.6518,275.3259,235.0598,310.7726,311.4557,318.9546,253.7826,257.5971,253.4925,256.9272,256.8992,292.7315
21.0000,296.2947,288.5412,289.5602,281.0718,272.2889,267.4537,265.9698,294.9770,295.3277,300.5423,296.2248,300.3565,293.1410,288.2069,249.7033,169.7003,273.8881,274.0209,260.2093,291.9617,269.0365,263.3202,265.9111,270.2454,268.6753,272.8317,273.4842,287.5269,306.3478,288.0130,292.0837,293.2827,306.9629,294.2277,292.6643,299.5734,295.3173,283.6536,294.8665,297.2155,315.5874,281.7096,296.9616,317.2433,313.4051,249.1820,256.0291,254.6999,240.0746,250.3188,244.8317,256.6394,261.0053,254.6752,259.6095,258.0155,279.2403,250.7328,242.7491,243.2783,253.8790,254.0198,250.7994,251.0155,256.8154,255.5356,255.8541,258.9178,255.4434,256.5276,260.3721,256.8705,247.9654,253.9281,250.2263,283.6187,280.2750,306.8914,302.8474,283.3925,285.9830,275.4868,295.4119,295.7004,296.0499,296.8473,296.1778,295.5579,296.3803,296.9790,289.5042,295.0912,287.7745,283.9773,283.6178,284.9707,287.8893,286.5556,0.0000,296.1650,299.0779,295.2461,271.1788,291.2292,262.1738,262.3490,256.4599,253.4905,253.4407,0.6491,291.0985,258.8331,303.0958,293.3538,265.9352,260.0219,288.2570,287.1875,291.5083,257.7382,255.2449,295.7401,295.4559,286.8852,246.8336,291.5800,299.5226,254.0822,242.9616,243.0248,283.0831,251.4711,256.3325,292.1845,292.7163,293.1617,295.9897,295.9702,296.3265,250.6993,261.6407,263.7311,270.1441,267.8906,255.1991,278.6293,263.5352,253.8953,255.5787,255.4987,307.3640,307.3641,302.7501,291.0944,295.7971,239.0929,254.0294,251.5428,284.6438,290.0646,252.8731,0.0000,259.9587,281.2816,245.0589,247.2083,290.2640,289.6288,302.3550,292.4943,289.6009,233.2186,216.8004,260.4676,217.0299,244.7559,287.9931,301.0628,330.4973,327.3347,307.3511,293.5966,145.1117,250.4345,249.9875,252.5822,226.0742,256.9122,266.3153,272.4872,272.8423,315.6971,328.4032,269.4249,257.1029,257.9165,257.9894,257.1615,253.7723,257.8770,257.9363,259.3404,258.0099,257.9345,252.4205,289.5042,283.6139,290.0686,0.0000,270.6104,293.2254,252.0233,271.0576,272.1723,286.9429,277.4535,258.0946,308.1546,292.0781,257.6298,262.1280,258.2335,267.4874,292.4219,240.2349,259.2414,248.3436,273.1855,234.3415,303.9137,304.6738,312.4380,252.7967,256.6173,252.5082,256.0386,256.0241,291.7442
22.0000,297.1249,288.6646,289.6996,281.1993,272.3835,267.6398,266.1288,295.4555,295.5354,301.0669,296.5423,300.8140,293.3627,288.9091,249.6412,169.7221,273.6423,273.8974,259.8649,292.2334,269.1366,263.4465,266.0367,270.3063,268.8961,272.9730,273.6236,288.1504,306.8468,288.1263,292.2653,293.4885,307.5030,295.0453,293.3980,299.9150,295.5138,284.0808,295.0328,298.0687,316.9108,282.0834,297.3072,318.6092,314.0782,249.1751,255.5846,254.2512,240.0008,249.9757,244.4949,256.7984,260.8129,254.3322,259.5606,258.2015,279.1906,250.3828,242.7368,242.9457,253.4840,253.6250,250.4305,250.6400,256.8154,255.1886,255.5219,258.5091,255.0527,256.1412,260.0107,256.3881,247.5745,253.5264,250.1260,283.6244,280.2435,307.3971,303.3163,283.8298,286.1518,275.3696,295.6078,295.8451,296.2785,297.0923,296.3830,295.7644,296.5798,297.4131,289.5753,295.2234,287.8675,283.9773,283.6235,285.3399,288.3015,287.1727,0.0000,296.4714,299.4277,295.4530,271.2432,291.9553,261.8909,262.0757,256.1204,253.1169,253.0547,0.6491,291.1912,258.4680,303.5520,293.4388,266.0802,260.1154,288.4370,287.7373,291.6846,257.9309,254.8302,295.8988,295.6010,286.9594,246.8076,292.0736,300.0348,253.7175,242.9465,243.0097,283.0971,251.3810,256.5431,292.5976,292.9118,293.7808,296.1783,296.1712,296.5533,250.6962,261.8376,263.9204,270.0016,267.5243,254.7814,278.7571,263.4287,253.8044,255.2297,255.1513,308.0209,308.0210,303.3027,291.2593,295.9434,238.8190,254.1497,251.5381,284.6927,290.2359,252.4997,0.0000,259.5079,281.4106,244.7202,246.8653,290.4354,289.8070,302.9187,292.5903,289.6734,232.9162,216.7416,260.0966,216.9593,245.2263,288.6573,301.9861,332.0563,328.4422,307.8927,294.0132,145.1364,250.0749,249.6289,252.1869,226.2097,256.6923,266.4681,272.6174,272.9830,316.9061,329.9123,269.6824,256.7104,257.4731,257.5463,256.7198,253.3483,257.4339,257.5217,258.9284,257.5663,257.4973,252.0008,289.5753,283.6194,290.2399,0.0000,270.0900,293.4151,251.2316,270.9584,272.0993,287.0052,277.3854,257.6271,308.6833,292.2596,257.2873,261.8420,257.8706,266.7072,292.7862,239.8467,259.1554,247.3582,273.4715,234.0164,304.3818,305.1501,313.0901,252.4233,256.2408,252.1336,255.6486,255.6576,291.9684
23.0000,300.4867,292.0153,293.0914,284.0853,275.0673,269.9183,268.4654,299.0861,298.7856,304.7405,300.0539,304.2881,296.6242,291.7798,252.2665,171.5394,276.6085,276.9149,262.3500,295.6825,271.5208,265.0997,267.8915,272.9528,271.1192,275.4036,276.0835,291.0122,310.7605,291.4582,295.5072,296.7697,311.4998,298.4057,296.6196,303.5166,298.7749,286.8513,298.3184,301.4666,321.0469,285.3192,300.8295,322.8119,318.3610,251.5537,257.9898,256.6394,242.5321,252.0827,246.6320,259.2510,261.7502,256.3294,261.8553,260.6759,282.3335,252.6562,245.0329,244.7585,255.7897,255.9368,252.6822,252.9044,256.8154,257.3142,257.5455,260.8528,257.4162,258.5380,262.0419,258.9470,249.4559,255.8323,252.4257,286.9819,283.4404,311.3352,307.0719,286.6488,288.6749,278.3997,298.8703,299.0979,299.5353,300.3623,299.6893,299.0550,299.8442,301.0209,292.9014,298.5210,291.1403,287.2314,286.9809,288.5596,291.5326,289.9534,0.0000,299.9821,303.0246,298.8542,273.9593,295.1757,264.4089,264.6085,258.5092,255.4002,255.3523,0.6491,294.5480,260.5562,307.3182,296.8164,268.3687,261.9443,291.6828,290.7002,294.7820,260.3950,257.1712,299.2080,298.9008,290.3085,249.1377,295.1260,303.6646,256.0464,245.2428,245.3066,286.4064,254.0367,257.9523,296.0077,296.1699,296.8187,299.4789,299.4768,299.8674,253.1157,264.0942,266.1786,272.8760,270.3723,257.1201,281.6208,266.2116,256.4857,257.4673,257.2895,312.1393,312.1394,307.2077,294.5230,299.4364,242.3073,256.2008,254.0291,287.9163,293.2893,254.8344,0.0000,262.1752,284.3017,246.8569,248.9989,293.4989,292.8627,306.6378,295.9942,293.0020,235.1071,218.8342,262.6209,219.0512,248.1981,291.5233,305.5652,336.4147,333.5299,311.9001,297.4818,146.6969,252.3312,251.8572,254.4780,228.6000,258.0617,268.7944,275.0257,275.4133,320.9791,334.2392,271.9091,259.1392,259.8927,259.9640,259.1079,255.6707,259.8527,259.8785,261.2764,259.9854,259.9163,254.3203,292.9014,286.9762,293.2934,0.0000,272.8532,296.6730,253.1645,273.8676,275.0538,290.2873,280.4790,259.9318,312.6764,295.5013,259.7539,264.3521,260.3277,269.2782,295.9186,241.6323,261.9328,249.0688,275.8738,236.0389,308.1849,308.9890,317.3289,254.7614,258.6423,254.4610,257.8879,257.8058,295.2867
24.0000,296.9188,288.9298,289.9883,281.4215,272.5392,267.1216,265.7000,296.5564,295.9393,302.0285,297.1374,301.5045,293.5505,288.8398,249.4979,169.6807,273.4094,273.7766,259.2098,292.5850,268.7156,262.2707,265.0735,270.1529,268.3196,272.6133,273.2904,288.1223,307.9289,288.3764,292.6627,293.9053,308.6643,294.9738,293.2325,300.6502,295.8950,283.9003,295.3197,297.8525,316.4878,282.6777,297.9183,318.1676,315.4770,248.8466,255.3502,254.0192,239.8493,249.7349,244.3098,256.5450,260.6588,253.9003,259.2912,257.9721,279.1251,250.1778,242.4238,242.1482,253.1584,253.3157,250.2058,250.4176,256.8154,254.8111,255.1558,258.1680,254.7751,255.8847,259.7408,256.3451,246.8833,253.2006,249.7577,283.7485,280.2580,308.5067,304.2423,283.8181,287.1516,275.2604,295.9900,296.2169,296.6864,297.5039,296.7900,296.1653,296.9730,298.4940,289.8205,295.4913,288.1035,284.1082,283.7475,285.9520,288.9647,287.0919,0.0000,297.0674,300.1478,295.8744,271.1151,291.8663,261.3520,261.5795,255.6932,252.7656,252.7167,0.6491,291.4610,258.1925,304.4814,293.7101,265.6170,259.0900,288.5395,287.6082,292.1314,257.6960,254.5243,296.2311,295.9536,287.1497,246.4793,292.1412,300.9500,253.3257,242.6316,242.6948,283.1956,251.2481,255.2886,293.6366,293.3263,293.7615,296.5706,296.5572,296.9550,250.3656,261.3110,263.4013,269.9639,267.4868,254.4661,278.9851,263.3024,253.6702,254.8593,254.7726,309.3332,309.3333,304.5294,291.6209,296.3987,238.7491,254.0235,251.4152,284.8725,290.6921,252.0985,0.0000,258.9794,281.6409,244.5307,246.6549,290.8800,290.2010,303.8663,292.9334,289.9215,233.0477,217.0691,259.4631,217.2762,247.0794,288.6113,301.9413,331.7249,330.4589,309.0588,295.1127,145.1259,249.8600,249.4125,251.9223,227.1663,256.4652,266.0242,272.2154,272.6222,316.8503,329.6507,269.0715,256.6139,257.2292,257.3014,256.4382,253.0206,257.1897,257.1950,258.5873,257.3217,257.2695,251.7346,289.8205,283.7433,290.6961,0.0000,269.5093,293.8137,249.7661,270.9347,272.1022,287.2111,277.2950,256.7044,309.8504,292.6569,256.6219,261.2820,257.1819,265.7977,292.9416,239.1092,259.0202,245.5692,273.0635,233.8170,305.3501,306.1530,314.4518,252.0223,256.0982,251.7278,255.2546,255.2608,292.2635
25.0000,295.3762,288.7006,289.7624,281.0234,272.0862,266.4942,265.1350,295.8786,295.6362,301.4444,296.7798,300.7707,293.1750,288.4095,248.7184,169.2260,272.6789,273.1514,258.6145,292.1957,268.1767,261.7433,264.5362,269.6533,267.6613,271.9268,272.5981,287.6112,307.6927,288.1461,292.3806,293.6331,308.3983,293.5113,291.8662,300.2020,295.5954,283.1058,295.0494,296.2675,314.0348,282.1600,297.5644,315.6363,315.2807,247.7835,255.0616,253.7620,239.0846,248.9904,243.5191,255.3057,260.2589,253.4139,258.2236,256.6975,278.6342,249.3956,241.4682,241.6130,252.6519,252.8134,249.4988,249.7123,256.8154,254.2993,254.6706,257.7146,254.2200,255.2789,259.1182,255.8245,246.3547,252.6940,248.9143,283.6032,279.8341,308.3044,303.8726,283.1396,286.8307,274.6179,295.6894,295.9086,296.3828,297.1989,296.5010,295.8808,296.6666,297.7919,289.6222,295.2333,287.8538,283.9773,283.6022,285.3546,288.3339,286.5614,0.0000,296.6975,299.7354,295.5940,270.6206,290.5473,260.7604,261.0038,255.1374,252.2396,252.2024,0.6491,291.2560,257.5557,304.1316,293.5169,265.0458,258.5555,287.7420,286.5679,291.8109,256.3811,254.0805,295.9601,295.6776,286.9434,245.4948,291.7853,300.3440,252.7724,241.6771,241.7401,282.9263,250.6039,254.6622,292.9566,293.0421,293.4156,296.2677,296.2796,296.6858,249.2128,260.6676,262.7705,269.5446,267.0713,254.0327,278.5932,262.7400,253.0197,254.3237,254.2601,308.2903,308.2904,303.6411,291.3514,296.0831,238.6362,252.7473,250.4926,284.6240,290.3671,251.5447,0.0000,258.6096,281.2452,243.7500,245.9171,290.5498,289.8585,303.3937,292.6990,289.7219,231.9716,215.9726,258.9088,216.1838,244.5009,288.1364,300.1517,328.1728,329.0146,308.7852,294.4220,144.7805,249.1169,248.6809,251.3179,225.6246,256.1310,265.4535,271.5842,271.9382,314.3172,326.2613,268.3904,256.0921,256.9349,257.0154,256.0574,252.5814,256.8941,256.7564,258.1146,257.0334,256.9324,251.3240,289.6222,283.5983,290.3711,0.0000,268.5965,293.5308,248.8898,270.5186,271.6736,287.0089,276.7313,256.0051,309.6114,292.3749,256.0103,260.6808,256.5476,264.7128,292.6120,238.6022,258.2984,244.5876,272.3987,233.1175,305.0273,305.8629,314.2431,251.4666,255.5712,251.1745,254.7341,254.7476,291.8410
26.0000,294.3017,288.4493,289.5013,280.5662,271.6046,265.8413,264.4992,294.1380,295.1993,299.7091,295.7665,299.2095,292.4964,288.0525,248.3136,168.9598,272.0934,272.6898,258.0099,291.5600,267.8766,261.9458,264.6130,269.3033,266.8908,270.9460,271.5617,287.0842,306.0976,287.9025,291.9671,293.1972,306.6114,292.3128,290.7885,298.9562,295.1803,282.2173,294.7396,295.1940,312.9847,281.1087,296.4965,314.5883,313.3061,246.8173,254.4962,253.2039,238.7070,248.1124,242.5797,253.9914,259.9294,252.9451,257.1568,255.3270,278.2879,248.4924,240.5883,241.1089,252.1132,252.2662,248.6764,248.8835,256.8154,253.7930,254.1943,257.0941,253.6557,254.7002,258.3796,255.2981,245.9263,252.1552,248.2243,283.5711,279.5577,306.7008,302.3772,282.2940,286.0233,274.1077,295.2725,295.4947,295.9415,296.7545,296.0884,295.4740,296.2369,296.3070,289.5016,294.9549,287.6074,283.9773,283.5703,284.3369,287.2239,286.0198,0.0000,295.7035,298.5301,295.2352,270.2436,289.3256,260.2512,260.5149,254.6552,251.7204,251.6742,0.6491,291.1065,256.8009,302.6565,293.3603,264.6014,258.4936,286.8703,285.2928,291.3106,254.9987,253.5206,295.6208,295.3198,286.7664,244.6082,291.3942,298.6420,252.2858,240.8014,240.8641,282.8023,250.2515,253.6240,291.6824,292.6206,292.8046,295.8582,295.8941,296.3002,248.1715,260.0226,262.1241,269.3930,267.1472,253.4778,278.1381,262.4037,252.6639,253.8049,253.7544,306.4186,306.4187,301.9346,290.9791,296.0124,237.9269,252.4424,250.0850,284.4343,289.8559,251.0776,0.0000,257.8754,280.7857,242.8231,245.0479,290.0304,289.2925,301.7063,292.6470,289.6002,230.6946,214.4280,258.2741,214.6565,240.2846,287.6873,298.7761,326.3245,326.3928,306.9741,293.0894,144.5627,248.2542,247.8280,250.6349,223.0459,255.7929,264.8371,270.7524,270.9621,312.6500,324.4294,267.5835,255.4101,256.3617,256.4432,255.4885,252.0340,256.3211,256.1495,257.4897,256.4604,256.3352,250.8237,289.5016,283.5669,289.8600,0.0000,267.8301,293.1195,248.0378,270.3205,271.4401,286.8616,276.3164,255.3048,307.9120,291.9614,255.3907,260.1637,255.8987,263.7757,292.2846,238.1506,257.8712,243.6457,271.6058,232.2936,303.5196,304.3337,312.2946,251.0017,254.9118,250.7084,254.2225,254.2398,291.2163
27.0000,294.4971,288.3089,289.3458,280.4073,271.5062,265.7918,264.4562,292.9964,294.9815,298.3566,295.0709,297.7671,292.2742,287.6032,248.0637,168.8076,271.7008,272.4207,257.4862,291.5858,267.5808,261.2378,264.0024,269.0706,266.9017,271.1794,271.8321,286.6359,305.0782,287.7732,291.7797,292.9825,305.5441,292.3803,290.8536,298.0638,294.9586,282.0409,294.5328,295.4223,313.8858,280.4815,295.7803,315.5501,312.1705,246.6128,254.0352,252.7342,238.5269,247.6877,242.0857,253.6145,259.9324,252.7859,256.8061,254.9173,278.0885,248.1317,240.3574,241.1940,251.8615,252.0107,248.3199,248.5307,256.8154,253.5469,253.9705,256.8800,253.3968,254.4508,258.0711,254.9769,246.0146,251.9048,248.0032,283.5588,279.4167,305.6817,301.3541,281.9834,286.1988,273.8370,295.0492,295.2718,295.7157,296.5182,295.8857,295.2556,296.0059,295.3475,289.3796,294.7627,287.4265,283.9773,283.5580,283.7470,286.5962,285.5315,0.0000,295.0101,297.6802,295.0196,270.0376,289.3814,259.8283,260.1177,254.3314,251.4878,251.4335,0.6491,290.9586,256.4743,301.6588,293.2366,264.4326,258.0106,287.0294,285.3215,291.1631,254.6014,253.2227,295.3965,295.0693,286.6887,244.3912,291.0456,297.2797,251.9996,240.5719,240.6345,282.7396,250.0144,253.9395,290.8920,292.4134,292.4251,295.6322,295.6651,296.0410,248.0088,260.0351,262.1011,269.0630,266.5942,253.1742,277.9821,262.1230,252.4246,253.5490,253.5070,305.2467,305.2468,300.8349,290.8059,295.8025,238.5090,251.5789,249.6548,284.2815,289.7275,250.7907,0.0000,257.0341,280.6283,242.3410,244.6343,289.9003,289.1562,300.5278,292.4903,289.4766,229.6609,213.0452,257.6983,213.2945,236.3441,287.2364,298.8167,326.2690,324.5199,305.9012,292.2476,144.4357,247.8953,247.4555,250.3321,220.4022,255.6450,264.7796,270.8339,271.1914,312.6077,324.3671,267.6169,255.0060,255.8955,255.9831,255.1046,251.7458,255.8563,255.9069,257.2930,255.9984,255.7895,250.6346,289.3796,283.5549,289.7316,0.0000,267.2806,292.9220,247.4057,270.0399,271.1722,286.7487,276.0860,254.7359,306.8554,291.7741,254.8620,259.7295,255.3510,263.0783,291.9879,238.2311,257.6142,242.9762,271.5205,231.9015,302.5140,303.3301,311.1691,250.7136,254.4885,250.4225,253.9414,253.9853,291.1382
28.0000,297.0707,288.5310,289.5658,280.9599,272.1255,267.0504,265.5867,300.5017,295.4481,309.5722,299.0201,307.0574,293.0235,288.9507,248.3724,169.1075,271.6543,272.4697,257.7819,292.1056,268.3625,261.8950,264.6919,269.7086,268.3346,272.7431,273.4488,288.3916,311.7179,287.9925,292.2038,293.4504,312.2783,295.0521,293.3516,303.3212,295.4277,284.2297,295.0526,298.0148,316.8646,284.0723,299.7427,318.5638,319.1685,247.3684,255.0420,253.7887,238.9552,248.3649,242.7897,254.6260,260.2747,253.2855,257.6256,255.9734,278.1667,248.9041,241.0663,242.0156,252.3927,252.5780,249.0180,249.2385,256.8154,253.9786,254.3926,257.6226,253.9076,254.9004,258.7015,255.5989,246.8257,252.4370,248.6159,283.5410,279.4462,312.3152,308.4097,284.2903,286.6844,273.8645,295.5157,295.6760,296.1671,296.9539,296.3554,295.7237,296.4258,301.1113,289.6348,295.2621,287.9929,283.9773,283.5401,287.2923,290.1747,287.2999,0.0000,298.9565,302.7436,295.5657,270.6691,291.8687,260.0563,260.3595,254.6989,251.9508,251.9298,0.6491,291.2247,257.1139,308.2949,293.4628,265.4631,258.8809,287.8547,287.4722,291.6543,255.6715,253.9310,295.8912,295.5688,286.8284,245.1053,292.0844,309.1745,252.4306,241.2786,241.3414,282.7415,250.4366,255.3029,295.4948,292.8466,293.6985,296.0676,296.1438,296.5223,248.7953,261.2749,263.3458,269.4910,267.0182,253.8868,278.5276,262.5400,252.8508,253.9991,253.9349,311.3601,311.3602,306.7900,291.1802,295.9400,239.7801,251.3043,249.8121,284.7035,290.2187,251.2046,0.0000,257.5357,281.1790,243.0415,245.3247,290.4022,289.7351,309.4973,292.6456,289.7326,230.6470,213.9620,258.0412,214.2123,238.0846,288.8081,301.6966,330.2246,331.4236,312.6529,297.1894,144.6910,248.6309,248.1679,250.9456,221.5440,255.9404,265.9159,272.2306,272.7504,315.9634,328.2332,269.0696,255.8451,256.9029,256.9874,256.0257,252.4673,256.8610,256.6535,258.0415,257.0043,256.8786,251.4116,289.6349,283.5365,290.2227,0.0000,267.1004,293.3605,247.6614,270.4554,271.6074,287.0661,276.1660,255.0419,313.5786,292.1981,255.1549,259.9458,255.6272,262.7720,292.8154,239.0274,257.8243,243.2020,273.2141,232.5560,309.1817,309.9411,318.1277,251.1276,255.3282,250.8370,254.3774,254.4189,291.7458
29.0000,297.5266,288.6691,289.6999,281.2278,272.4298,267.2477,265.7730,300.9870,295.8196,309.9451,299.2473,307.3478,293.4993,289.2108,248.3692,169.1968,271.2703,272.1487,257.6947,292.5012,268.5260,261.9920,264.8162,269.8750,268.5492,272.9652,273.6770,288.6520,311.9116,288.1293,292.4899,293.7718,312.4622,295.5120,293.7700,303.5803,295.7940,284.5044,295.2957,298.4782,317.4810,284.2986,299.9964,319.1940,319.3392,247.7786,255.1781,253.9279,239.0552,248.7238,243.2280,255.1770,260.3435,253.5402,258.0573,256.5361,277.9276,249.2636,241.4682,242.5302,252.5479,252.7380,249.3286,249.5389,256.8154,254.1362,254.5581,257.6528,254.0690,255.0636,258.8842,255.8725,247.4338,252.5909,248.9778,283.5356,279.2985,312.5024,308.6540,284.5610,286.9921,273.3970,295.8882,296.0879,296.5551,297.3657,296.6439,296.0353,296.8391,301.5493,289.6982,295.4662,288.1267,283.9773,283.5347,287.5222,290.4819,287.5692,0.0000,299.1854,302.9932,295.8501,270.8230,292.2870,260.0114,260.3320,254.7893,252.1101,252.0872,0.6491,291.3016,257.3205,308.5304,293.5093,265.6477,258.9538,288.8292,287.8028,291.9752,256.2433,254.0697,296.1525,295.8539,286.9203,245.5043,292.3834,309.5343,252.5797,241.6791,241.7420,282.6931,250.5246,255.5070,295.8849,293.1465,294.1866,296.4591,296.4445,296.8528,249.2050,261.4635,263.5382,269.5801,267.1063,254.0210,278.7950,262.6175,252.9397,254.1539,254.0885,312.0235,312.0236,307.3500,291.4300,296.0552,240.2136,251.1567,249.7924,284.8014,290.5307,251.3549,0.0000,257.2826,281.4490,243.4660,245.6810,290.7224,290.0875,309.8161,292.7068,289.7978,231.3939,214.9451,257.9281,215.1811,241.1294,289.0653,302.2362,331.1306,332.5086,312.8362,297.5992,144.7741,248.9637,248.5012,251.1791,223.3610,256.0504,266.0990,272.4098,272.9709,316.6410,329.1068,269.3123,256.0664,257.0326,257.1165,256.1364,252.6188,256.9909,256.7248,258.0492,257.1338,257.0067,251.6232,289.6982,283.5309,290.5346,0.0000,266.6512,293.6550,247.5422,270.5399,271.7001,287.1484,275.8699,254.9394,313.7533,292.4841,255.0805,259.8922,255.5310,262.2616,293.0648,239.5970,257.6992,243.0728,273.4455,232.8937,309.4075,310.1536,318.3004,251.2789,255.5374,250.9903,254.5263,254.5805,292.2378
30.0000,296.1778,288.5260,289.5639,280.6380,271.7505,266.6827,265.1743,300.1363,295.2828,309.1406,298.7046,306.6111,292.9052,287.9836,248.2128,169.0262,271.0779,271.9878,257.6784,292.0645,268.2501,262.1794,264.8916,269.5388,267.8961,272.1472,272.8405,287.5112,311.1929,287.9884,292.0107,293.2910,311.7413,294.2170,292.5369,302.9638,295.2882,283.4795,294.9002,297.1005,315.5109,283.3133,299.4158,317.1704,318.5820,247.7027,255.3792,254.1193,238.8485,249.0300,243.5931,255.1836,260.4134,253.7765,258.2560,256.5582,277.8974,249.5569,241.3962,243.2117,252.7057,252.8906,249.6046,249.8158,256.8154,254.2233,254.6589,257.7534,254.2495,255.2615,259.0257,256.0724,248.2114,252.7467,248.8823,283.6565,278.9882,311.7782,307.9546,283.4934,285.2309,273.2156,295.3820,295.5907,296.0220,296.8408,296.1483,295.5462,296.3294,300.4644,289.6038,295.1296,287.9188,283.9773,283.6555,286.3392,289.1503,286.4388,0.0000,298.6557,302.3903,295.4539,270.4968,291.1087,259.9561,260.2828,254.8264,252.2367,252.2375,0.6491,291.1965,257.4805,307.8410,293.4254,265.0798,258.8830,288.1909,286.8567,291.2733,256.2736,254.2497,295.7620,295.4520,286.8796,245.4283,291.4968,308.7408,252.6555,241.6065,241.6695,282.6755,250.3504,254.8855,294.5198,292.6641,293.1734,295.9787,295.9856,296.3893,249.1274,260.9011,262.9770,269.3980,266.9259,254.2060,278.2056,262.4652,252.7639,254.2480,254.1753,311.0099,311.0100,306.3178,291.0330,295.9727,239.4198,251.4566,249.7665,284.6468,289.7909,251.4257,0.0000,257.3715,280.8540,243.8198,245.9765,289.9910,289.3338,309.0416,292.6444,289.7029,232.0936,216.0380,257.9496,216.2518,245.0103,287.8835,300.9915,330.0315,331.7474,312.1143,296.2759,144.6175,249.2459,248.7874,251.4034,225.6291,256.1193,265.5080,271.6833,272.1552,315.5536,328.0130,268.6635,256.1662,257.2396,257.3252,256.3311,252.8421,257.1975,256.8549,258.1480,257.3419,257.1979,251.8518,289.6039,283.6514,289.7949,0.0000,266.4949,293.1725,247.5890,270.3707,271.5354,287.0290,275.7887,254.9521,313.0140,292.0049,255.0994,259.8316,255.5121,262.1391,292.3618,240.3371,257.5402,243.1398,272.6685,233.1738,308.7097,309.4516,317.5489,251.3488,255.6158,251.0650,254.5758,254.6514,291.7177
31.0000,296.4826,288.6022,289.6291,281.1182,272.3198,266.9448,265.4722,300.4467,295.6746,309.2805,298.8863,306.5170,293.3439,289.1206,248.6774,169.3196,271.9017,272.5954,258.2047,292.2832,268.5827,262.4820,265.2034,269.8991,268.1268,272.4021,273.0679,288.4180,311.5492,288.0651,292.3658,293.6772,312.1129,294.5144,292.8606,303.1463,295.6611,283.8841,295.2174,297.3988,315.6760,283.6228,299.5745,317.3234,319.0753,248.3887,256.6046,255.3624,239.2746,249.9548,244.5485,255.9123,260.8172,254.8972,259.0888,257.2943,278.2556,250.5384,242.0455,245.2037,253.7645,253.9935,250.5846,250.7931,256.8154,255.1363,255.5600,258.9367,255.3353,256.3336,259.8970,257.1558,250.1662,253.8043,249.5212,283.5443,279.5148,312.1577,308.2095,283.9626,286.5009,273.8856,295.7545,295.9537,296.4088,297.2192,296.4951,295.9017,296.6989,300.7190,289.6507,295.4033,288.0822,283.9773,283.5433,286.7142,289.4727,287.3612,0.0000,298.8453,302.5867,295.7608,270.8145,291.4186,260.4855,260.8199,255.6768,253.2521,253.2810,0.6491,291.2433,258.3900,308.1081,293.4495,265.5106,259.1877,288.6923,287.1911,291.7925,256.9875,255.4054,296.0652,295.7585,286.8817,246.0923,292.2626,308.8433,253.6459,242.2560,242.3191,282.7763,250.7581,254.7985,294.7361,293.0217,293.9229,296.3321,296.3260,296.7422,249.8388,261.1662,263.2393,269.8145,267.5654,255.3453,278.6836,262.8662,253.1756,255.1863,255.0861,311.4680,311.4680,306.6802,291.3204,295.8849,240.5193,251.5502,250.1548,284.7974,290.3400,252.4438,0.0000,257.9313,281.3365,244.7731,246.9163,290.5333,289.8996,309.2350,292.6070,289.7494,233.1391,217.1393,258.4617,217.3473,247.4258,288.8967,301.2229,330.0456,332.9016,312.4915,296.4835,144.8546,250.2238,249.7577,252.4151,227.1273,256.7291,265.8189,271.9771,272.4119,315.7297,328.0532,268.8745,257.4656,258.4693,258.5509,257.4976,254.0528,258.4264,258.0207,259.3152,258.5689,258.4423,253.3880,289.6507,283.5396,290.3440,0.0000,267.4078,293.5278,248.2619,270.7323,271.8722,287.1172,276.2658,255.5390,313.3787,292.3600,255.6604,260.3563,256.0323,263.1361,292.9820,242.2970,258.0613,243.8638,272.9707,234.0647,308.9985,309.7642,318.0236,252.3696,256.9083,252.0890,255.5945,255.5930,292.0876
32.0000,295.8998,288.5482,289.5640,281.0970,272.3146,266.8022,265.3569,299.6997,295.5973,308.5456,298.4173,305.8610,293.2117,288.8170,248.9462,169.4766,272.0417,272.7148,259.0771,292.0839,268.6115,262.6209,265.3067,269.9548,267.9200,272.1625,272.8139,288.0293,310.7469,288.0176,292.2875,293.5794,311.3306,293.8916,292.3006,302.6010,295.5834,283.4233,295.1525,296.8085,314.9326,282.6813,299.0823,316.5662,318.3371,249.3820,258.6419,257.4092,239.5793,251.3132,245.9147,257.2254,261.4289,256.6864,260.4722,258.7004,278.3095,252.1142,242.9945,249.1497,255.5701,255.8374,252.1749,252.3990,256.8154,256.6156,257.0224,260.9122,257.1998,258.2087,261.2350,259.3203,253.2381,255.6089,250.3567,283.5384,279.5505,311.3219,307.5054,283.4365,286.4359,274.0132,295.6759,295.8687,296.3385,297.1532,296.4031,295.8201,296.6246,299.9185,289.6425,295.3527,288.0410,283.9773,283.5375,285.7320,288.5004,286.9763,0.0000,298.3983,302.0481,295.6888,270.8664,290.8790,261.3325,261.6709,257.0722,254.9651,255.0617,0.6491,291.2236,259.7909,307.4079,293.4299,265.4386,259.2924,288.5198,286.8131,291.7248,258.4120,257.3327,296.0006,295.6894,286.8420,247.0401,292.0459,308.1207,255.2842,243.2017,243.2651,282.7794,251.0914,254.6020,293.8295,292.9355,293.6272,296.2528,296.2501,296.6725,250.8503,261.0347,263.1019,269.9931,267.7423,257.2611,278.6610,263.2272,253.5121,256.7345,256.5650,310.6312,310.6313,305.8708,291.2497,296.0102,240.8325,251.8539,250.4440,284.7977,290.2741,254.1289,0.0000,258.7884,281.3136,246.1473,248.3324,290.4638,289.8135,308.4836,292.6692,289.7416,234.3136,218.2505,259.3376,218.4587,248.7415,288.5402,300.4952,328.8688,331.6715,311.7102,295.6038,144.9618,251.7990,251.3028,254.1209,228.2463,257.7070,265.7098,271.8045,272.1743,314.7143,326.8957,268.6357,259.3971,260.5082,260.5886,259.4777,256.0429,260.4641,259.9640,261.3323,260.6073,260.4612,255.7612,289.6425,283.5338,290.2782,0.0000,267.6388,293.4484,249.2304,270.9216,272.0617,287.0926,276.3264,256.4437,312.5831,292.2817,256.5449,261.1996,256.9028,263.4528,292.8287,246.0949,258.2737,244.8700,272.6685,235.4071,308.2719,309.0148,317.2785,254.0596,258.8260,253.7917,257.1677,257.1023,291.9378
33.0000,294.5811,287.4456,288.4466,278.3246,269.3105,265.1620,263.7078,299.3650,293.6279,308.1327,298.2926,305.4015,290.7272,287.9466,248.3811,169.0361,271.6890,272.3501,258.1994,290.1374,267.0493,261.1433,263.7915,268.4100,266.2372,270.3996,271.0589,287.2098,310.5861,286.9272,290.0858,291.3521,311.2633,292.6000,290.9930,302.3631,293.8764,282.1777,294.3314,295.4885,313.5872,282.4045,298.9444,315.2185,318.4242,248.5531,257.7459,256.4305,238.9586,250.2847,244.8762,256.5031,260.9669,255.9768,259.8704,258.0119,277.9967,251.0193,242.1390,248.1330,254.3743,254.6576,251.0725,251.2884,256.8154,255.2880,255.8294,259.9013,256.3366,257.5516,260.2247,258.7180,254.4185,254.4127,249.4203,283.2391,279.2137,311.1629,307.2656,282.3728,283.2928,273.6641,293.9689,294.1616,294.3533,295.2049,294.6708,294.0731,294.8028,299.5297,289.7596,294.7377,288.0719,283.9773,283.2384,285.2630,287.9256,286.1477,0.0000,298.2412,301.8301,294.7677,269.4658,289.5125,260.3979,260.7325,255.2118,253.6769,253.8352,0.6491,291.3102,258.7360,307.1867,293.5797,263.7338,257.8302,285.9629,285.2933,288.5396,257.7244,256.3786,294.9814,294.6482,286.0518,246.1890,291.2195,307.7001,252.9946,242.3460,242.4091,282.4669,250.5769,252.3494,293.3405,290.7277,292.8803,294.7281,294.7450,295.1381,250.0700,259.3928,261.4689,269.6635,267.4155,256.3056,275.8908,262.7852,252.9926,255.5139,255.2260,310.1340,310.1341,305.4206,289.3172,296.0794,240.4734,251.1473,249.8494,285.2633,286.7845,252.0899,0.0000,258.0593,278.5171,245.1066,247.2933,287.0172,286.3706,308.1114,292.8989,289.8564,233.2906,217.2366,258.4706,217.4471,247.3396,287.7225,299.1697,327.4169,331.0570,311.6519,295.1437,144.5764,250.7001,250.2186,252.9704,227.0367,256.9054,264.0567,270.1000,270.4136,313.3231,325.4585,266.9877,258.2909,259.6369,259.7164,258.6096,255.3557,259.5906,258.9775,260.3229,259.7355,259.5675,255.1769,289.7596,283.2361,286.7915,0.0000,267.3826,291.3961,248.5034,270.7055,271.9335,287.0996,275.9819,255.6139,312.4685,290.0797,255.7058,260.2647,256.0454,263.2877,291.9898,248.9484,257.7855,244.2042,271.1705,234.4221,308.0643,308.8270,317.3424,252.0331,257.7105,251.8497,255.4459,255.6599,289.6670
34.0000,293.2750,287.2810,288.2517,278.3228,269.4180,264.8662,263.5003,298.0561,293.4402,306.6909,297.4992,304.1084,290.4705,287.4883,248.8059,169.3543,271.2202,272.0071,260.8298,289.4268,267.0594,261.2142,263.8543,268.5143,265.8460,269.9116,270.5507,286.7206,309.2475,286.7804,289.9296,291.1788,309.8397,291.2445,289.7790,301.3709,293.6889,281.4353,294.1967,294.1599,311.8003,281.5806,298.1100,313.3903,316.7934,250.3205,263.0956,261.6642,239.6545,254.1570,248.7985,258.3367,262.8035,260.6561,262.4873,259.8735,277.6852,255.3305,243.9176,254.2564,259.5138,259.8155,255.4715,255.7051,257.0776,259.6376,260.0523,265.2378,261.8135,263.2393,263.9228,264.1072,260.8851,259.5525,251.2793,283.2005,278.9558,309.8009,306.0364,281.6932,283.2311,273.1229,293.7784,293.9681,294.1553,294.9933,294.4601,293.8797,294.5988,298.3188,289.5923,294.6330,287.9584,283.9773,283.1998,284.4018,287.0100,285.6689,0.0000,297.4642,300.8698,294.6323,269.5372,288.2772,263.0368,263.3732,259.6650,258.7188,258.9636,0.6491,291.0794,262.6148,305.9742,293.2610,263.5410,257.7292,285.3694,284.2822,288.4480,259.6110,261.8232,294.8375,294.5091,285.9282,247.9713,290.8236,306.2820,258.2250,244.1246,244.1881,282.3421,251.4440,251.9783,292.2914,290.5516,292.1567,294.5356,294.5605,294.9466,251.7815,259.0806,261.1677,270.1508,267.8989,261.7512,275.8862,263.7952,253.8681,260.0832,259.5765,308.2874,308.2875,303.8766,289.1634,295.7645,241.1599,251.5467,250.2698,285.2364,286.7219,257.6484,0.0000,260.7177,278.5125,249.0409,251.2677,286.9423,286.3128,306.7426,292.6742,289.6864,236.7288,220.4299,261.1049,220.6439,249.9288,287.2530,297.4156,323.3546,328.6474,310.2251,294.0487,144.7918,255.0335,254.4952,257.7399,230.1759,259.7953,263.8384,269.7142,269.9282,310.5762,321.6089,266.5662,263.6648,265.0681,265.1491,264.0539,261.2451,265.0195,264.3576,265.6637,265.1681,264.9818,260.8726,289.5923,283.1979,286.7287,0.0000,266.8803,291.2277,251.1277,271.2247,272.4482,287.0070,275.6206,258.2337,311.0701,289.9237,258.3428,262.9028,258.6698,262.7537,291.7352,257.4547,257.9176,246.8306,270.6933,238.1896,306.8181,307.5562,315.7441,257.6183,263.0387,257.5443,260.4381,260.2176,289.2450
35.0000,275.3727,287.5088,288.4231,278.6755,268.7895,267.1792,266.5884,295.4492,288.5493,304.2706,295.2038,301.8821,288.6981,281.9791,268.7674,264.7801,279.2510,280.0992,267.1679,288.4713,272.0806,265.6238,268.4909,274.5179,267.1056,271.3358,271.8811,281.8431,306.8601,287.0195,287.6867,288.4967,307.5141,277.2213,276.4044,299.1273,288.2246,277.7166,286.8379,276.1759,292.1734,278.9298,295.9350,293.6152,314.4856,262.5518,272.3149,270.9146,263.5503,263.8590,258.2169,270.6105,272.7712,270.5723,273.6891,272.1064,283.3781,264.8209,255.8606,266.2534,268.3153,268.6510,264.8516,265.1605,266.6997,269.1848,269.6916,274.3369,270.5317,271.8769,274.1162,272.9229,271.7652,268.3554,264.1006,284.1779,283.5741,307.3994,303.6899,278.6536,281.2090,281.2722,288.3118,288.4987,289.0956,289.7113,289.5868,289.1752,289.1860,295.6719,288.4593,286.5170,286.0802,283.9773,284.1773,281.4730,284.3491,280.8045,0.0000,295.2247,298.5942,288.0003,276.0541,277.0905,269.3992,269.7400,267.4594,267.1736,267.6549,281.6883,289.9046,272.5484,303.6190,292.0308,266.8245,261.8051,284.0156,278.6788,285.8313,271.7310,270.9433,287.9836,288.4319,286.4350,260.2377,284.4705,303.8927,266.2469,256.0994,256.1661,284.5780,264.8049,253.1724,289.6501,288.2972,285.7657,288.7469,289.1344,289.7100,264.1138,261.3410,263.4478,274.4211,272.1335,270.8912,276.1462,270.4613,267.3576,268.4443,269.0549,305.0439,305.0440,300.8915,287.5228,294.4239,263.4977,273.3582,270.8274,284.4792,284.6763,266.3012,0.0000,267.0087,278.7749,258.4588,260.6919,284.9004,284.4160,304.3114,291.4524,288.5513,245.8629,228.9828,267.4484,229.2026,260.0672,282.0596,282.5823,304.7512,324.8531,307.9055,291.4090,264.7801,264.4888,263.9097,266.8437,239.3084,269.4705,266.9175,272.0265,271.3804,294.0465,303.3391,267.7542,272.6944,274.3367,274.4234,273.2765,270.7152,274.2850,273.4938,274.7824,274.4428,274.2145,270.0628,288.4593,284.1742,284.6803,0.0000,274.9129,288.1782,257.3917,275.2802,276.0113,285.9401,282.3493,264.5524,308.6852,287.6830,264.6094,269.2626,264.9726,270.7870,285.0519,269.6147,273.2366,253.0603,270.6474,247.1233,304.4539,305.1934,313.4344,266.2912,272.0380,266.2721,269.5905,269.6873,287.5003
36.0000,274.2010,287.2827,288.1948,278.3661,268.4830,267.0495,266.4936,293.2577,288.1308,301.4937,293.3334,298.8598,288.1494,279.5706,268.7082,264.7647,279.1223,279.9728,267.7937,288.4024,271.8098,265.0198,268.0313,274.2933,267.0289,271.3886,271.9593,279.8107,304.4828,286.8009,287.3538,288.1976,305.1376,276.0766,275.3276,297.1134,287.7860,276.8338,286.3456,274.9743,290.3611,278.0238,293.7798,291.7478,312.0534,261.2282,273.8044,272.4949,263.5148,265.2570,259.7508,266.7158,273.5926,271.6846,272.7193,268.7300,283.2854,266.4788,254.6675,268.1720,269.5545,269.9191,266.3937,266.7543,267.4427,270.2128,270.7413,275.7497,271.6356,272.8513,275.2123,274.6540,273.1246,269.5945,263.7581,284.2721,283.5343,304.9935,301.3735,277.5291,280.3037,281.0608,287.8724,288.0847,288.7054,289.3379,289.1975,288.7762,288.7946,293.8243,288.1948,286.0949,285.7032,283.9773,284.2715,280.5856,282.9897,278.7731,0.0000,293.4858,296.6112,287.4729,275.8468,276.2653,270.0050,270.3408,268.5140,268.3614,268.8761,281.2737,289.5935,273.6883,301.3363,291.6566,266.5949,260.9455,283.6669,278.4962,285.4503,268.6046,272.3192,287.5648,287.9919,286.3211,259.1495,282.8545,301.0765,267.4857,254.9326,254.9990,284.6195,264.8282,254.0604,288.0796,287.9581,283.8927,288.3003,288.7244,289.2837,262.8551,261.2342,263.3283,274.3212,272.0344,272.2750,275.8376,270.5273,267.3811,269.5075,270.0835,303.1476,303.1477,299.0448,287.2175,294.0803,263.5637,273.4320,270.8509,284.1902,284.3048,267.6322,0.0000,267.6597,278.4634,259.9790,262.1290,284.5229,284.0076,301.7532,291.1765,288.2854,247.5530,230.7526,268.0778,230.9637,264.6817,279.8538,281.1481,301.6424,322.9622,305.5268,289.7624,264.7647,266.0858,265.4546,268.2387,241.9558,270.4533,266.7877,271.9915,271.4309,291.9572,300.4072,267.6888,274.0626,275.7822,275.8677,274.6526,272.2427,275.7297,274.9028,276.1982,275.8878,275.6620,271.5329,288.1948,284.2684,284.3087,0.0000,274.9527,287.8234,258.1917,275.1882,275.9075,285.7106,282.2364,265.2280,306.2837,287.3501,265.2214,269.8706,265.6143,270.9860,283.8516,271.4884,273.1511,253.9344,270.2546,248.4856,302.1437,302.8722,311.0108,267.6313,273.3929,267.6261,270.7630,270.7378,287.2151
37.0000,278.8437,287.3560,288.2861,278.4435,268.4599,268.9429,268.1878,296.1989,288.1028,303.8754,294.7087,301.2088,288.2000,281.7211,269.1649,265.3232,279.5009,280.2673,267.3973,289.3318,272.6616,265.9126,268.8513,274.7867,269.2305,273.7320,274.3359,281.9784,305.9146,286.8613,287.3439,288.1445,306.6464,280.7945,279.6649,298.7859,287.8250,279.6610,286.5991,279.7066,296.9217,280.2338,295.2550,298.4734,313.4719,262.3501,272.8577,271.4466,263.7317,265.7787,260.4210,269.1985,273.5168,271.0680,274.6492,271.3890,283.4192,266.9946,255.6302,269.3392,268.4953,268.8633,266.6173,267.0401,267.0593,269.3377,269.9307,274.9286,270.9023,272.3463,275.2538,274.1442,273.3293,268.5367,264.0371,284.1974,283.7721,306.4364,303.0382,280.0723,280.3874,281.3478,287.9121,288.0865,288.6546,289.2834,289.2890,288.8400,288.7681,296.7279,288.4489,286.3117,285.8619,283.9773,284.1969,282.9902,285.5615,280.9750,0.0000,294.7912,298.1700,287.6973,276.3757,280.8214,269.5356,269.8535,267.2049,267.2647,267.7780,281.4875,289.8618,273.7214,302.9424,291.9579,268.3651,262.4746,284.6421,282.7528,285.0528,271.2142,271.3727,287.7497,288.2248,286.3442,260.0734,284.2958,303.4530,265.8144,255.8782,255.9448,284.6813,264.8906,256.8626,290.7987,287.9731,285.8850,288.3687,288.8286,289.3679,264.1319,263.2701,265.2724,274.2913,271.7745,271.3178,275.9055,270.4787,267.4441,268.6012,269.1930,308.0611,308.0611,303.0762,287.2246,295.0045,262.7200,275.7438,272.0482,284.2460,284.1138,265.9954,0.0000,267.1007,278.5319,260.6073,262.5913,284.3443,283.7592,303.7637,291.7720,288.5480,249.0688,232.7442,267.6806,232.9263,271.3637,281.9967,286.7685,310.8719,331.4850,307.0414,292.5330,265.3232,266.4545,265.8125,267.8027,245.5470,269.9006,268.5207,274.0929,273.7663,299.4665,309.4359,269.8781,273.1739,274.8619,274.9479,273.7768,271.3178,274.8084,274.1077,275.3822,274.9683,274.7494,270.5232,288.4489,284.1941,284.1169,0.0000,275.4853,287.8379,258.0809,275.1729,275.8940,285.8301,282.4472,264.9531,307.7663,287.3401,264.8541,269.4086,265.2478,271.6639,284.8060,272.1030,273.5446,253.9214,272.5600,248.9239,303.7109,304.3814,312.4447,265.9954,272.4795,265.9954,269.5333,269.7741,287.6526
38.0000,278.0389,287.5553,288.4920,278.5601,268.5302,267.7181,266.9236,291.7066,288.5590,295.9939,292.7551,295.1003,288.4405,281.9854,269.5867,265.6839,280.3576,280.9050,267.9008,289.7531,272.4451,266.1899,269.0211,274.7267,267.6514,271.8565,272.4218,281.7303,302.3978,287.0570,287.6620,288.5490,303.3066,280.0069,278.8080,296.0098,288.2610,278.3563,286.8451,278.9124,296.3453,278.3276,293.3314,297.9166,310.4566,262.9299,272.8379,271.3744,263.9460,266.1469,260.7708,269.8922,274.0275,271.4486,275.2204,272.0772,283.9538,267.4560,256.1334,269.4680,268.7777,269.1183,267.0337,267.4771,267.5555,269.6809,270.2878,275.1301,271.2557,272.7848,275.6191,274.5805,273.8142,268.8200,264.4201,284.2395,284.2771,302.9578,298.8846,278.7777,280.8803,282.0101,288.3549,288.5140,289.1778,289.8746,289.7381,289.2514,289.2884,293.5707,288.3971,286.4889,285.8900,283.9773,284.2389,280.9584,283.4717,280.6948,0.0000,292.8361,295.5024,288.0600,276.2740,279.9528,269.9732,270.2653,267.5555,267.5705,268.0719,281.6619,289.7736,274.0888,299.1839,291.7641,267.2171,262.2933,284.9805,281.7168,285.3276,271.8882,271.5640,288.0475,288.5802,286.4726,260.5906,284.6432,294.8763,266.1372,256.3795,256.4462,284.9127,265.1297,253.6902,288.2165,288.2995,286.6074,288.8493,289.2087,289.7412,264.7900,262.1485,264.0968,274.5336,272.2451,271.5074,276.0251,270.7388,267.6856,268.9330,269.5356,305.8833,305.8834,300.4770,287.5129,294.9460,262.1320,277.1349,272.8140,284.3387,284.3434,266.3158,0.0000,267.5678,278.6527,260.9594,262.9702,284.5693,284.0129,297.9023,291.6898,288.5028,249.3375,232.6459,268.1871,232.8465,269.2969,281.9923,286.5026,313.0593,330.7197,303.7067,289.7854,265.6839,266.8909,266.2316,268.1573,244.6722,270.3144,267.2775,272.5079,271.8986,300.3674,311.4645,268.2999,273.1571,274.8468,274.9387,273.8657,271.5074,274.7950,274.3160,275.5826,274.9571,274.6470,270.7038,288.3971,284.2357,284.3468,0.0000,276.5500,288.1868,258.8967,275.3839,276.1081,285.8470,283.0718,265.5989,304.3307,287.6580,265.4128,269.8592,265.7677,272.9252,285.0578,272.4781,274.0507,254.8384,271.0671,249.2830,299.9863,300.7598,309.3783,266.3158,272.5138,266.3158,269.8518,270.1073,288.0239
39.0000,278.7697,287.5583,288.4931,278.4929,268.4934,268.7422,268.0118,292.0393,288.3846,296.2890,292.8218,295.3570,288.2781,280.4307,269.8717,265.9099,281.0138,281.3644,268.4458,289.4783,272.7059,266.1153,268.9747,274.8846,268.9184,273.2922,273.8766,280.6873,302.7111,287.0660,287.5166,288.3923,303.6876,280.7983,279.5558,296.1587,288.0806,278.9438,286.6297,279.6386,296.9760,278.5365,293.3961,298.5387,310.9738,263.3286,272.9748,271.4955,264.1509,266.2860,260.8398,270.2223,274.3542,271.8058,275.5128,272.3926,284.2865,267.6134,256.4701,269.7276,269.0669,269.4013,267.2100,267.6538,267.9549,270.0292,270.6431,275.3966,271.5587,273.1096,275.8923,274.8641,274.1681,269.1090,264.7260,284.3407,284.5977,303.2829,299.1245,279.0270,279.9864,282.4965,288.1754,288.3485,289.0194,289.7300,289.5864,289.0837,289.1354,293.8109,288.2742,286.3164,285.7799,283.9773,284.3401,281.1864,283.6868,279.4643,0.0000,292.8977,295.6349,287.8786,276.4783,280.9289,270.4068,270.6691,267.9143,267.8834,268.3720,281.4924,289.5991,274.3537,299.4236,291.5598,268.2929,262.7938,284.8669,283.0730,285.1277,272.2022,271.8050,287.8674,288.3854,286.5178,260.9489,283.6648,295.1644,266.4737,256.7167,256.7836,285.0893,265.2861,256.5646,288.4365,288.1449,285.5358,288.6748,289.0321,289.5435,265.2512,263.1439,265.1041,274.4593,271.9178,271.7440,275.9535,270.8644,267.8436,269.2678,269.8834,306.0706,306.0707,300.7048,287.4048,294.7721,262.3484,277.4323,273.1052,284.2406,284.1371,266.6566,0.0000,268.3602,278.5804,261.0391,263.1094,284.3630,283.8216,298.1433,291.5401,288.3799,248.9901,231.9127,268.7612,232.1343,265.7640,280.7162,287.3651,314.1842,330.4908,304.0927,290.0094,265.9099,267.0580,266.3938,268.3913,242.7922,270.6859,268.3622,273.7853,273.3295,301.3380,312.5662,269.5642,273.4009,274.9852,275.0758,274.0327,271.7440,274.9343,274.5708,275.8501,275.0947,274.7538,270.9470,288.2742,284.3365,284.1404,0.0000,277.5755,288.0339,259.7593,275.3555,276.0918,285.7678,283.4595,266.2576,304.6833,287.5126,266.0117,270.3060,266.3257,274.3001,284.3481,272.8030,274.4039,255.8227,272.0263,249.4150,300.2448,301.0349,309.8746,266.6566,272.7162,266.6566,270.2115,270.4651,287.8413
40.0000,278.3717,287.4991,288.4117,278.6635,268.7718,268.8371,268.1502,291.7462,288.4900,296.0611,292.7012,295.1576,288.3919,280.4963,270.2639,266.2233,281.7662,281.8294,269.2191,289.5593,272.8942,266.4296,269.2444,275.0697,268.9826,273.3255,273.8925,280.7341,302.4075,287.0187,287.5575,288.3705,303.3690,280.3765,279.2174,295.9832,288.1816,278.8571,286.7082,279.2257,296.2570,278.3597,293.2773,297.7921,310.6413,263.8743,273.7977,272.3488,264.4806,266.8356,261.3507,270.6382,275.0626,272.5155,276.0195,272.7741,284.5814,268.1852,256.9974,270.5168,269.7818,270.1157,267.8081,268.2505,268.6001,270.7315,271.3465,276.1950,272.1923,273.6794,276.5601,275.4845,274.9001,269.8242,265.3386,284.2753,284.7849,302.9648,298.8842,278.9668,280.6122,282.9605,288.2768,288.4496,289.1272,289.8401,289.6689,289.1561,289.2413,293.5281,288.2169,286.3879,285.8237,283.9773,284.2747,280.9795,283.4998,279.5956,0.0000,292.7812,295.4686,287.9721,276.6442,280.5586,271.1119,271.3395,268.6073,268.5874,269.0808,281.5627,289.4946,275.0087,299.1806,291.3801,268.5279,263.1184,285.0726,282.8038,285.2759,272.5915,272.5578,287.9515,288.5286,286.4666,261.4991,283.7457,294.9418,267.1739,257.2469,257.3139,285.1049,265.6079,256.6261,288.2039,288.1744,285.6553,288.7779,289.1004,289.5868,265.8040,263.2113,265.1867,274.6693,272.1259,272.5073,276.1222,271.1885,268.1685,269.9662,270.5854,305.5420,305.5421,300.2680,287.4245,294.6717,262.4569,277.9703,273.5338,284.3114,284.2956,267.3632,0.0000,268.9905,278.7507,261.5574,263.6660,284.5201,284.0201,297.9031,291.4516,288.3229,249.3044,232.0329,269.4928,232.2638,264.4869,280.7696,286.8346,313.2492,329.5028,303.7749,289.7620,266.2233,267.6425,266.9750,269.0575,242.4530,271.3658,268.5128,273.8825,273.3651,300.6172,311.6540,269.6271,274.0381,275.8066,275.8966,274.8288,272.5073,275.7549,275.3562,276.6505,275.9159,275.6013,271.6909,288.2169,284.2714,284.2990,0.0000,278.7273,288.0853,260.8032,275.5672,276.2980,285.7753,283.8242,267.1208,304.3616,287.5537,266.8504,271.0293,267.1486,275.8302,284.4218,273.5525,274.8246,256.9746,272.0528,249.9426,299.9865,300.7625,309.5444,267.3632,273.3276,267.3632,270.9449,271.1758,287.9212
41.0000,277.9109,287.4058,288.2914,278.6265,268.7741,268.8233,268.1172,291.4964,288.4080,295.7858,292.5669,295.0123,288.2655,280.3718,270.3373,266.1767,282.1002,282.0149,269.7228,289.2774,272.9018,266.4517,269.2831,275.0614,268.9710,273.3984,273.9663,280.6054,302.0543,286.9410,287.4683,288.2682,302.9403,279.9360,278.8378,295.8332,288.1037,278.7157,286.6487,278.7410,295.2831,278.1889,293.1434,296.7740,309.9450,263.7999,274.3051,272.8900,264.4707,267.0615,261.4971,270.3841,275.4410,272.7412,275.9528,272.4887,284.7024,268.2684,256.9186,270.7467,270.0594,270.4097,267.9478,268.3728,268.8629,270.9819,271.5795,276.5201,272.4374,273.8758,276.9065,275.8682,275.1084,270.1018,265.3443,284.2738,284.8578,302.6013,298.5973,278.8393,280.5624,283.1486,288.1987,288.3762,289.0407,289.7503,289.5765,289.0582,289.1591,293.3036,288.1412,286.3353,285.7699,283.9773,284.2732,280.8080,283.3293,279.4678,0.0000,292.6460,295.3049,287.9166,276.6286,280.1580,271.5192,271.7145,268.9198,268.8574,269.3572,281.5112,289.3771,275.2931,298.8998,291.2331,268.5130,263.0306,284.8128,282.4837,285.2191,272.3212,272.9018,287.8856,288.4869,286.4179,261.4385,283.6281,294.6881,267.4518,257.1712,257.2382,285.1356,265.6494,256.6149,288.0086,288.0703,285.4495,288.7034,289.0020,289.4583,265.7380,263.1646,265.1592,274.6988,272.1551,272.8540,276.0848,271.2698,268.2104,270.2270,270.8396,304.9249,304.9250,299.8304,287.3381,294.6362,261.4626,278.5841,273.7159,284.2720,284.2452,267.6472,0.0000,269.5192,278.7130,261.7075,263.8324,284.4672,283.9716,297.5968,291.3925,288.2468,249.3691,232.0654,270.0091,232.2978,263.9233,280.6405,286.3701,312.5757,328.1098,303.3390,289.5584,266.1767,267.7561,267.1072,269.2710,242.3830,271.5735,268.4840,273.9056,273.4376,300.1155,310.9940,269.6516,274.4750,276.3066,276.3934,275.2515,272.8540,276.2538,275.6808,276.9762,276.4138,276.1659,272.0417,288.1412,284.2699,284.2484,0.0000,279.2536,287.9932,261.5183,275.5984,276.3206,285.7299,283.9663,267.6863,303.9683,287.4645,267.4560,271.4521,267.7208,276.5388,284.3383,273.7675,274.9417,257.7790,272.0060,250.1003,299.6870,300.4458,308.8897,267.6472,273.7701,267.6472,271.2045,271.4257,287.7334
42.0000,277.5941,287.3786,288.2457,278.6303,268.8076,268.9906,268.3169,292.3933,288.3464,297.1735,293.6302,296.2839,288.3024,280.4977,270.5214,266.4404,282.3103,282.1784,270.4008,289.0157,273.0457,266.5934,269.4235,275.1978,269.1595,273.6017,274.1773,280.7935,304.8038,286.9267,287.4053,288.2395,307.6584,279.6406,278.6157,297.0420,288.0554,278.9148,286.6516,278.4000,294.4462,278.8740,294.2895,295.8924,314.4982,263.8038,274.9569,273.5980,264.7995,267.3488,261.7566,270.1308,275.9545,273.2572,275.8820,272.1848,284.8572,268.4794,256.9773,271.7580,270.5727,270.9524,268.2328,268.6428,269.4203,271.4581,272.0686,277.0359,272.8448,274.1836,277.3045,276.1851,275.6923,270.6149,265.5843,284.3341,284.9493,305.3478,300.5503,279.1344,280.0182,283.2993,288.1499,288.3215,288.9722,289.6777,289.5036,288.9819,289.0951,294.1478,288.1124,286.3462,285.8341,283.9773,284.3335,281.3766,283.9694,279.5722,0.0000,293.6475,296.5609,287.9149,276.7788,279.8813,272.0710,272.2360,269.4140,269.3510,269.8613,281.5220,289.3224,275.6832,300.9148,291.1782,268.7216,263.1962,284.5365,282.2423,285.1464,272.0378,273.4518,287.8454,288.4140,286.4388,261.5037,283.6936,296.0527,267.9307,257.2340,257.3010,285.2191,265.9465,256.7948,288.7546,287.9911,285.4909,288.6524,288.9263,289.3536,265.6830,263.2526,265.2926,274.8636,272.3184,273.3986,276.0856,271.5499,268.5104,270.7099,271.3177,305.3566,305.3567,300.4545,287.2869,294.3567,263.4845,277.3694,273.4833,284.3138,284.1694,268.1258,0.0000,270.1398,278.7137,261.9720,264.1118,284.3956,283.9373,299.2695,291.2363,288.2164,249.6994,232.3213,270.6997,232.5567,263.7970,280.8036,285.8205,310.8011,327.7225,307.8554,290.3358,266.4404,268.0050,267.3730,269.6690,242.5940,272.0767,268.6851,274.1184,273.6424,298.9572,309.2924,269.8990,275.2831,276.9492,277.0338,275.8357,273.3986,276.8958,276.2041,277.4940,277.0550,276.8481,272.6118,288.1124,284.3299,284.1726,0.0000,279.6358,287.9258,262.3745,275.7664,276.4904,285.7516,284.1195,268.4110,307.3234,287.4015,268.2519,272.0168,268.4780,277.0845,284.3870,274.4831,275.1179,258.7139,272.2266,250.3652,301.8840,302.8276,313.4370,268.1258,274.5684,268.1258,271.6519,271.8974,287.6065
43.0000,277.4830,287.3446,288.1515,279.0502,269.4554,269.4187,268.6972,297.4740,288.6990,305.4330,295.8945,303.4088,288.6906,281.1509,269.9813,266.4646,278.2224,280.0189,272.0775,288.7162,273.3748,266.8807,269.7331,275.5039,269.6542,274.1487,274.7587,281.6867,306.1020,286.9159,287.6372,288.4033,305.2019,279.6227,278.6653,300.0612,288.3986,279.6884,286.9963,278.2474,293.4493,280.9341,296.6724,294.8192,312.2239,263.6122,275.7256,274.4057,264.9525,267.6361,262.0025,269.7892,276.4125,273.9211,275.8166,271.9004,283.3694,268.6672,256.8513,272.4234,271.3085,271.6911,268.5456,268.9287,269.8730,272.1801,272.7663,277.7584,273.4683,274.7246,277.7281,276.7752,276.2395,271.3506,265.5693,284.2858,283.7948,306.6294,303.7813,280.2284,280.9673,281.3053,288.4915,288.6516,289.3090,289.9956,289.7802,289.2680,289.4165,297.7188,288.1888,286.6848,286.1389,283.9773,284.2854,283.4257,286.2223,280.5532,0.0000,295.8653,299.3202,288.2394,277.0374,279.8420,272.7948,273.1874,270.2534,270.0676,270.5969,281.8546,289.3594,276.1079,303.6411,291.2008,268.8686,263.4470,284.6626,282.1598,285.6869,271.8687,274.1827,288.1526,288.7552,286.4125,261.3662,284.1716,305.1135,268.6850,257.1095,257.1765,284.7826,266.1728,257.2667,291.6095,288.2009,285.8152,288.9577,289.2107,289.6247,265.4268,263.6408,265.7019,275.1834,272.6352,274.1346,276.5038,271.8481,268.7391,271.4039,272.0474,308.3334,308.3334,303.6865,287.4603,294.1564,264.2990,275.8618,272.5999,284.5676,284.6553,268.9180,0.0000,271.9710,279.1359,262.2264,264.3893,284.8730,284.4820,304.7834,291.1707,288.2892,249.8046,232.3154,272.3851,232.5563,262.6072,281.5903,285.3880,308.6848,329.6008,305.7692,293.3952,266.4646,268.2561,267.6466,270.1970,242.2957,272.6573,269.0409,274.5551,274.1857,297.6266,307.2750,270.3972,275.9927,277.7105,277.7932,276.5405,274.1346,277.6571,276.9219,278.2148,277.8149,277.6040,273.3568,288.1888,284.2825,284.6587,0.0000,272.2509,288.1758,272.2502,276.0799,276.7558,285.8973,282.3089,272.7097,307.4342,287.6335,270.0873,272.7504,270.2942,269.9781,284.8466,275.0668,273.9454,268.5765,272.9025,250.6283,304.2843,304.8150,311.1928,268.9180,275.3060,268.9180,272.4247,272.6398,287.6693
44.0000,274.9173,287.0382,287.8054,278.6674,269.1300,268.4724,267.8450,295.1898,288.2617,303.2007,294.5585,301.3528,288.1065,280.1940,269.5843,265.8293,278.2150,279.9383,272.0674,288.1503,272.7917,266.4280,269.2563,275.0133,268.6008,273.0006,273.5858,280.5255,303.9123,286.6364,287.2482,287.9825,302.8725,277.0431,276.2966,298.4060,287.9548,278.1415,286.5842,275.6230,289.6317,279.1196,295.3201,290.8938,309.5084,263.3676,274.9958,273.7304,264.4808,266.3550,260.7009,270.3970,275.4504,273.1922,275.1377,272.1228,283.2910,267.3006,256.6128,271.2258,270.6363,271.0194,267.3492,267.7016,269.0084,271.5343,272.0927,277.0124,272.6484,273.7968,276.6122,275.8746,275.2709,270.6782,265.1120,284.3186,283.7144,304.3987,301.8015,278.7707,280.1821,281.2744,288.0445,288.2182,288.8562,289.5221,289.3081,288.8102,288.9597,295.5707,287.9712,286.3105,285.7952,283.9773,284.3182,281.5753,284.4044,279.3228,0.0000,294.5444,297.7195,287.7930,276.5396,277.3738,272.6160,272.9663,269.7991,269.4361,269.9462,281.4864,289.0996,275.0357,301.6708,290.9321,268.0040,262.7685,284.1227,279.9017,285.4194,271.9646,273.4809,287.7285,288.3132,286.2510,261.0757,283.3891,302.9093,268.1209,256.8627,256.9296,284.7701,265.7641,256.2615,289.6417,287.7865,284.7564,288.5016,288.7511,289.1436,265.0854,262.6455,264.7394,274.8453,272.3002,273.4385,276.1268,271.4820,268.3266,270.7878,271.4103,305.3212,305.3213,301.0477,287.0979,293.9111,262.8250,275.6511,272.1342,284.2760,284.3357,268.3606,0.0000,271.8780,278.7553,260.9388,263.1553,284.5409,284.1201,302.6743,290.9678,288.0692,248.2447,230.6434,272.3606,230.8943,258.6945,280.5135,282.3785,303.7552,325.0132,303.4222,291.3761,265.8293,266.9733,266.4013,269.2677,239.9026,271.8750,268.1752,273.5186,273.0407,293.7162,302.4734,269.3645,275.2724,276.9577,277.0424,275.8845,273.4385,276.9049,276.1664,277.4648,277.0631,276.8441,272.6628,287.9712,284.3156,284.3392,0.0000,272.5218,287.7641,272.5212,275.7508,276.4119,285.6865,282.2165,272.7456,305.1357,287.2447,270.2057,272.5789,270.4511,270.4871,284.2329,274.0276,273.6721,269.0139,271.7265,249.4585,302.2568,302.7412,308.5362,268.3606,274.5817,268.3606,271.8120,271.9952,287.1499
45.0000,272.8920,286.7253,287.4283,278.4917,269.0784,267.9104,267.3995,293.4570,287.9713,301.5875,293.5743,300.0445,287.8618,280.5748,269.2669,265.4207,278.1572,279.7510,272.1120,287.3409,272.4555,266.1908,268.9925,274.7430,267.9751,272.2796,272.8287,280.5593,302.2676,286.3601,286.9475,287.6118,301.1083,275.0185,274.4877,297.1883,287.6679,277.2690,286.3723,273.5347,286.2711,278.0595,294.2912,287.4182,307.3603,262.9282,274.8729,273.6725,264.2653,265.5893,259.8612,270.0547,274.8256,272.7483,274.2297,271.4445,283.0054,266.3891,256.1913,270.2422,270.3917,270.7882,266.5944,266.9158,268.3370,271.2177,271.7312,276.7284,272.2587,273.2879,276.0285,275.4355,274.4462,270.4339,264.7468,284.2083,283.4895,302.7192,300.3359,278.0675,280.0759,281.0722,287.7540,287.9305,288.5282,289.1560,288.9316,288.4608,288.6269,293.9914,287.7844,286.1005,285.5721,283.9773,284.2079,280.4783,283.2747,279.4338,0.0000,293.5795,296.5409,287.5314,276.2527,275.3849,272.5824,272.8993,269.6227,269.1835,269.7003,281.2799,288.8750,274.4483,300.2069,290.7402,267.5853,262.3933,283.1925,277.9705,285.3585,271.2169,273.2548,287.4385,288.0110,286.0318,260.6501,283.4804,301.3448,267.8897,256.4423,256.5091,284.6133,265.5669,255.6646,288.2986,287.4414,284.7492,288.2014,288.4032,288.7701,264.5832,262.0332,264.1596,274.6838,272.1633,273.2176,275.9548,271.2986,268.1274,270.5114,271.1018,302.8504,302.8505,298.9655,286.8033,293.4443,263.1941,274.4025,271.4532,284.1007,284.2278,268.1380,0.0000,271.8600,278.5817,260.1126,262.3759,284.4263,284.0380,301.1461,290.6577,287.8772,247.1113,229.2398,272.3921,229.5077,254.5450,280.7051,279.9407,299.5801,320.5016,301.6440,289.9635,265.4207,266.1421,265.6025,268.7655,237.5200,271.3426,267.7188,272.9283,272.3235,290.4367,298.4059,268.7312,275.1286,276.8166,276.8998,275.7035,273.2176,276.7634,275.8850,277.1810,276.9210,276.7135,272.4563,287.7844,284.2061,284.2314,0.0000,272.8532,287.4474,272.8526,275.5884,276.2293,285.5364,281.9580,272.8670,303.4046,286.9443,270.2842,272.5507,270.6008,271.0922,284.2397,273.1539,273.4056,269.5652,271.0773,248.7196,300.7460,301.1922,306.4472,268.1380,274.4246,268.1380,271.5454,271.6933,286.5715
46.0000,271.2015,286.7010,287.3678,278.7069,269.4385,267.7980,267.4271,291.9142,288.4892,300.0319,292.7860,298.6442,287.9872,280.2718,269.7351,265.8155,278.8313,280.1653,273.6709,286.9303,272.7228,267.1454,269.6490,275.0024,267.7353,271.7472,272.2315,280.0976,300.8196,286.3579,287.0637,287.7078,299.5594,273.2547,272.9736,296.1509,288.3993,276.5382,286.6175,271.7956,283.5524,277.0651,293.4681,284.6110,305.5089,263.9635,277.8420,276.6647,264.8185,267.9686,262.1872,271.0224,277.3857,275.5053,275.7594,272.2857,283.2968,268.8378,257.2644,272.4359,273.4078,273.8067,269.1364,269.4481,270.8906,274.0497,274.5365,279.7166,275.1767,276.1375,278.5720,278.3265,277.0020,273.4501,266.0080,284.1727,283.6222,301.2393,299.0272,277.3921,280.2718,281.4571,288.4790,288.6394,289.0462,289.6474,289.1532,288.7156,289.2293,292.5820,287.6534,286.2752,285.6498,283.9773,284.1723,279.4821,282.2374,278.9237,0.0000,292.8312,295.5587,287.7678,276.4648,273.7189,274.2704,274.5660,272.5567,272.1874,272.7276,281.4515,288.6892,277.0054,298.9179,290.3912,267.7730,263.6812,282.7568,276.4945,285.6228,272.0704,276.2522,287.6121,288.1807,286.0098,261.7358,283.3652,299.8140,271.3892,257.5190,257.5860,284.6176,266.2134,255.4356,287.0883,287.5332,284.4074,288.7247,288.6173,288.9765,265.5365,261.8666,264.0250,275.0918,272.5445,276.2169,276.1671,272.0238,268.7803,273.3041,273.9326,300.6799,300.6799,297.1303,286.8909,293.2828,263.5587,274.6253,271.7739,284.2313,284.4311,271.6102,0.0000,273.3415,278.7960,262.4511,264.7675,284.6214,284.3182,299.7222,290.4770,287.7412,249.1573,230.8578,273.9540,231.1423,254.4327,280.3111,277.8402,296.0934,316.9570,300.0827,288.6955,265.8155,268.6325,268.0849,271.5440,238.5262,274.0185,267.7772,272.6700,271.8002,287.6155,294.9978,268.5224,278.1363,279.7924,279.8753,278.6939,276.2169,279.7394,278.8611,280.1710,279.8968,279.6858,275.4632,287.6534,284.1704,284.4349,0.0000,274.1236,287.6094,274.1230,276.0169,276.6660,285.5441,282.2846,274.3043,301.8912,287.0605,271.6924,274.2427,272.1243,272.5738,284.2821,275.5982,273.8527,271.0837,270.7054,250.9868,299.4147,299.8283,304.6422,271.6102,277.4390,271.6102,274.7061,274.6275,286.4339
47.0000,269.0068,286.3109,286.9305,278.3733,269.2373,267.0246,266.7829,289.6079,287.9220,297.8205,291.4526,296.7015,287.4071,279.5255,269.8765,265.8600,279.1974,280.3678,274.8946,285.9664,272.2795,266.6462,269.1700,274.7051,266.8604,270.8172,271.2638,279.1666,298.6489,285.9988,286.5825,287.1873,297.2526,271.0730,270.9583,294.4888,287.8430,275.1975,286.1785,269.5469,280.2192,275.5323,292.0871,281.1798,302.8118,264.2559,280.4293,279.2168,265.0366,269.8236,263.9758,270.9799,279.4119,277.8892,276.5939,272.1532,283.3100,270.7556,257.6767,274.1835,276.0576,276.4442,271.2024,271.5161,272.9746,276.5295,276.9903,282.3192,277.8695,278.8704,280.6265,281.0321,279.1516,276.0999,266.7338,284.1279,283.5987,299.0296,297.0495,276.1352,279.8621,281.7219,287.9184,288.0933,288.4387,288.9996,288.5533,288.1449,288.6259,290.3920,287.3411,285.8836,285.2892,283.9773,284.1276,277.9290,280.5999,278.0076,0.0000,291.5099,293.9524,287.2773,276.1552,271.5878,275.6581,275.9276,275.1701,274.8342,275.3968,281.0661,288.3181,279.0764,296.9511,290.0056,267.1675,263.0441,281.9134,274.4520,285.2185,271.9937,278.8748,287.1292,287.6754,285.7607,262.1454,282.7231,297.6455,274.5580,257.9370,258.0041,284.5554,266.4994,254.6008,285.2026,287.0101,283.6302,288.1623,288.0606,288.4019,265.6858,261.0370,263.2312,275.1362,272.6114,278.8406,275.8354,272.3687,269.0692,275.7361,276.4126,297.1253,297.1254,294.1867,286.4394,292.5338,263.9682,274.2360,271.6874,283.9609,284.0732,274.7583,0.0000,274.7103,278.4612,264.2574,266.6472,284.2522,283.9623,297.6234,289.9833,287.4217,250.4805,231.8637,275.1637,232.1611,253.4914,279.4587,275.4724,293.3139,309.8731,297.7599,286.7239,265.8600,270.6189,270.0718,273.9034,238.8949,276.3095,267.1196,271.8388,270.8724,284.8713,292.1916,267.6530,280.6912,282.4044,282.4875,281.2756,278.8406,282.3514,281.4479,282.7734,282.5089,282.3044,278.0938,287.3411,284.1262,284.0767,0.0000,274.9640,287.0987,274.9635,276.0804,276.7100,285.3043,282.3634,275.3936,299.6249,286.5796,272.7549,275.6336,273.2945,273.5069,283.7293,277.6238,274.0181,272.1271,269.7146,252.7687,297.3943,297.7668,302.0050,274.7583,280.0073,274.7583,277.5264,277.2207,285.7135
48.0000,268.1799,286.0359,286.6199,278.2644,269.2425,266.8533,266.6515,288.9225,287.5313,296.5788,290.7779,295.5476,286.9124,279.2077,270.4271,266.3527,280.0342,280.9250,276.8873,285.4420,272.2514,266.5748,269.1268,274.7465,266.6670,270.5537,271.0040,278.8817,297.2626,285.7476,286.2574,286.8268,295.7216,270.3363,270.2749,293.5907,287.4603,274.9815,285.8996,268.6812,278.5750,275.6448,291.4350,279.4653,300.9585,265.7182,283.8409,282.5906,265.6536,272.5351,266.6276,272.1673,282.3417,281.0137,278.5073,273.2867,283.6220,273.5638,259.0488,276.8180,279.4972,279.8783,274.1190,274.4287,275.8180,279.7479,280.1701,285.7529,281.3532,282.3924,283.5316,284.3891,282.0542,279.5394,268.2333,284.0830,283.7746,297.6075,295.8713,276.0839,279.6644,282.3414,287.5314,287.7052,288.0186,288.5478,288.1047,287.7423,288.2012,290.0358,287.1727,285.6401,285.0972,283.9773,284.0828,278.3456,281.1651,277.7203,0.0000,290.8177,293.0770,286.9340,276.1804,270.8120,277.6401,277.8541,278.4693,278.2455,278.8422,280.8259,288.1033,281.9973,295.7754,289.7581,266.9388,262.8094,281.3979,273.5960,284.9768,273.1617,282.3116,286.8030,287.3169,285.5806,263.5785,282.4028,296.4177,278.4751,259.3146,259.3821,284.5677,267.1649,254.4160,285.3479,286.6556,283.2274,287.7641,287.6758,288.0275,267.2131,260.8078,263.0367,275.4440,272.9165,282.2771,275.7240,273.0848,269.7412,278.9114,279.6291,296.6960,296.6960,293.7622,286.1323,292.2794,264.7274,274.4305,272.0880,283.8476,283.8728,278.6501,0.0000,276.8263,278.3487,266.9242,269.3819,284.0388,283.7316,296.4029,289.7946,287.2492,252.7121,233.7374,277.1651,234.0474,253.9197,279.1520,274.6837,292.4669,309.9775,296.2154,286.7260,266.3527,273.4747,272.9186,277.0818,240.2685,279.3233,266.9655,271.6056,270.6093,284.0123,291.3263,267.4438,284.1323,285.8531,285.9356,284.7206,282.2771,285.7997,284.8587,286.2091,285.9575,285.7570,281.5320,287.1727,284.0817,283.8760,0.0000,276.4279,286.7481,276.4275,276.4090,277.0274,285.1713,282.7651,277.1834,298.1299,286.2547,274.7939,277.6207,275.3463,275.1403,283.4359,280.4438,274.5715,273.8160,269.5643,255.3610,296.1647,296.4878,300.2010,278.6501,283.4424,278.6501,281.1009,280.5567,285.2513
