"ETAPA \ BARRA","AGUAYTIA 220","BALNEARIO 220","BALNEARIOS 60 A","CALLAHUANCA 220","CALLAHUANCA 60","CARHUAMAYO 220","CARHUAMAYO NUEVA 138","CARHUAQUERO 220","CHAVARRIA 220 A","CHICLAYO OESTE 220","CHIMBOTE 220","GUADALUPE 220","HUACHIPA 60","HUACHO 220","HUANCAVELICA 220","HUAYUCACHI 220","ICA 220","INDEPENDENCIA 220","MARCONA220","MOYOPAMPA 60","OROYA NUEVA 220","OROYA NUEVA 138","OROYA NUEVA 50","PACHACHACA 220","PARAGSHA2 220","PARAGSHA 138","PARAGSHA 50","PARAMONGA NUEVA 220","PIURA OESTE 220","SAN JUAN 220","SANTA ROSA 220 A","SANTA ROSA EDS 60","TALARA 220","TINGO MARIA 138","TINGO MARIA 220","TRUJILLO 220","VENTANILLA 220","VIZCARRA 220","ZAPALLAL 220","AGUAYTIA 138","PUCALLPA 138","HUALLANCA 138","CHIMBOTE 138","PUCALLPA 60","ZORRITOS 220","ABANCAY NUEVA 138","ARICOTA138","ARICOTA II 66","CAMPO ARMINO 220","AYAVIRI138","AZANGARO 138","CACHIMAYO 138","CALLALLI 138","CERRO VERDE 138","COMBAPATA 138","DOLORESPATA 138","DESIERTO220","JULIACA 138","MACHUPICCHU 138","MOLLENDO 138","MOQUEGUA 220","MOQUEGUA 138","PUNO 220","PUNO 138","SANTUARIO 138","SOCABAYA 220","SOCABAYA 138","ILO 138","LOS HEROES 220 A","LOS HEROES 66","TINTAYA 138","TOMASIRI 66","REPARTICION 138","ILO2 220","COTARUSE 220","CHILCA REP 220","CANTERA 220","PIURA OESTE 60","LA NINA 220","CONOCOCHA 220","HUINCO 220","INDEPENDENCIA 60","CHILLON 220","CHILLON 60","CHAVARRIA 60 A","CHAVARRIA 60 B","BARSI 60","BARSI 220","OQUENDO 60","CAJAMARCA 220","PLANICIE 220 A","CARABAYLLO 220","CARABAYLLO 500","CHILCA CTM 500","CHILCA CTM 220 A","KIMAN AYLLU 138","KIMAN AYLLU 220","PARAMONGA EXISTENTE 138","MACHALA 200","CHIMBOTE 500","TRUJILLO 500","HUARANGAL 60","POMACOCHA 220","PIEDRA BLANCA 138","POROMA 220","POROMA500","OCONA 500","MONTALVO 500","MONTALVO 220","HUANZA 220","INDUSTRIALES 220 A","TINTAYA 220","LA NINA 500","INDUSTRIALES 60","CARHUAMAYO 50","CARIPA138","HUAMPANI 60","HUANUCO 138","REFINERIA ZINC 220","QUENCORO 138","ILO 3 220","MIRADOR 220","MIRADOR 60","ALTO PRADERA 220","ABANCAY NUEVA 220","LOMERA 220","REQUE 220","SAN JOSE 500","SANTA TERESA 220","SURIRAY 220","ASIA 220","CERRO DEL AGUILA 220","CHAGLLA 220","RAMADA 220","SANTA ROSA LDS 60","LOMERA 60","ZAPALLAL 60","MALVINAS 220","MALVINAS 60","ABANCAY 138","YAUPI 138","SANTA ISABEL 220","YANANGO 220","CHIMAY 220","ILO3 138","MATUCANA 220","COLCABAMBA 500","COLCABAMBA 220","YARABAMBA 500","YARABAMBA 220","BELAUNDE 220","BELAUNDE 138","CACLIC 220","INDUSTRIALES 220B","PLANICIE60","COBRIZAI 69","MOLLEPATA 60","MOLLEPATA220","CARAPONGO 500","CARAPONGO 220 A","SAN JOSE 220","MARCONA 60 A","SAN NICOLAS 60","CALLAHUANCA EDN 220","PUMIRI138","PUMIRI220","SAN MIGUEL 220","SAN MIGUEL 60","FELAM 220","MANCHAY 60","MANCHAY 220","SAN RAFAEL 138","SAN GABAN 138","MARCONA 60 B","ANGEL 138","PTO MALDONADO 138","MEDIO MUNDO 220","AUCAYACU 138","BELLAVISTA 138","TARAPOTO 138","PARINAS 220","PAMPA HONDA 220","ORCOTUNA 220","SAN ROMAN 138","SAN ROMAN 220","CHILOTA 220","MAZUCO 138","JESUS 138","CARHUAMAYO 138","CINCO MANANTIALES 138","OXIDOS CERRO 138","TOCACHE 138","JUANJUI 138","FRANCOISE 220","BOTIFLACA 138","MILL SITE 138","PLAZA TOQUEPALA 138","QUEBRADA HONDA 138","PANAMERICANA SOLAR 138","TOQUEPALA 138","ILO ELS 138","REFINERIA 138","LIXIVIACION 138","PUSHBACK 138","INTIPAMPA 138","PLANICIE 220 B","CHILCA CTM 220 B","CARAPONGO 220 B","CHILCA 1 220","DERIVACION 220","CHAVARRIA 220 B","DERIVACION 220  BARRA II","CAMPAS 220","CAMPAS 500","PLANICIE 500","NUEVA CHINCHA 220","CAHUACHI 220","VALLE DEL CHIRA 220","SANTA ROSA 220 B","ERSUR 220","FLAMENCO220","BARRA3HERMANAS","BARRAPTALOMITAS","PUERTO CHANCAY 220","CHAPARRAL 138","CHIRIBAMBA 220","BARRAPTALOMITAS2","YSHCAYUCRO 220","PAQUILLUSI 220","MIGUEL GRAU 500","MIGUEL GRAU 220","ALIPIO ROSALES 220","SUNNY","CUAJONE 138","SAN MARTIN 220","SAN LUIS 220","CERRO VERDE 220","PORTILLO 60","SURIRAY138"
1.0000,297.4384,259.5221,259.7558,261.4240,256.4465,272.2801,269.8802,294.0199,264.8305,295.0102,280.9994,292.5867,263.1915,269.8561,260.2823,259.8942,264.2429,264.5693,268.9395,256.4427,266.1002,264.2383,264.8892,263.9000,275.6918,278.5917,279.2871,272.1591,293.7133,259.2991,260.0246,260.2857,294.9902,296.4836,295.0226,286.5731,264.1560,286.6937,264.5717,298.0426,309.9833,283.1360,281.9652,311.0581,297.5856,274.4095,290.6611,289.9317,258.5002,292.7939,290.3980,282.2977,293.0679,284.8980,290.5813,283.5595,262.4536,291.3150,267.8165,282.0312,284.8630,285.3362,290.0279,290.3693,283.3425,283.7010,284.0186,291.8337,286.2784,286.8533,296.6419,289.1649,286.1724,284.9089,274.6973,255.3123,261.2314,294.1159,291.2754,284.9439,260.3725,265.1337,264.2408,264.4936,265.0838,265.4933,265.9117,265.5327,265.0230,293.5568,264.6667,264.3029,263.9934,260.1047,258.0936,285.8374,287.2442,272.6085,0.0000,280.3808,285.3712,265.1191,264.3355,293.6191,269.8916,269.8702,277.5520,283.4359,284.0787,260.5622,265.5264,295.2012,290.9702,267.1227,270.0686,267.0566,273.3396,289.8491,263.0631,283.4448,288.5186,265.0636,265.6882,258.2570,272.8631,267.7829,294.6268,281.0501,270.0404,270.0882,257.8343,260.0949,275.7067,290.3120,260.3993,269.0219,264.9648,265.5916,265.8491,275.8170,267.8038,269.5373,262.1505,261.1509,288.4926,259.8251,262.6622,260.8645,282.6316,283.4424,304.3112,305.8826,299.3102,259.8511,269.1824,258.5899,263.1151,261.6462,262.8881,262.1782,281.2961,0.0000,272.2731,261.3736,290.3600,290.5270,262.2676,261.7309,293.3148,267.0397,264.7333,289.2185,279.7940,269.5749,280.1584,302.9244,271.2313,302.6158,323.2672,321.7449,295.2377,291.2906,259.8883,290.7029,290.4580,287.6184,287.2405,284.4139,270.4363,277.4309,278.5782,316.2785,322.3382,276.8134,290.0430,292.1675,292.2693,291.0604,288.4926,292.1130,290.9617,292.3160,292.2937,292.0166,287.2259,264.6667,258.1002,262.1800,0.0000,261.6685,264.8535,261.6685,262.3552,262.4871,262.7879,263.8434,267.3538,295.4232,260.0267,266.5925,269.8245,266.9948,258.7173,266.5125,284.8996,260.2823,258.7154,278.5418,285.4468,291.7023,292.2413,297.2109,281.2961,289.2817,281.2961,284.3580,284.3476,261.8301,268.2937
2.0000,293.9623,257.8986,258.0945,260.1207,255.7733,270.4929,268.2443,291.0736,263.1315,292.0712,278.6236,289.8024,261.8293,267.9521,259.4302,259.1418,263.4341,263.5274,268.0555,254.6272,264.6945,263.0708,263.6365,262.5779,273.7678,276.6088,277.2731,270.1660,290.8885,257.6904,258.4214,258.6279,292.1005,292.8428,291.6538,283.9798,262.4512,284.2217,262.9332,294.5403,305.9576,280.5487,279.5344,306.9852,294.6187,273.2603,289.7438,289.0396,257.7408,292.3409,289.9902,280.8576,292.8323,284.0670,289.4405,282.0589,261.2370,290.7075,266.6734,282.0312,283.9442,284.4198,289.3852,289.7242,283.3425,282.8115,283.1617,290.9049,285.3029,285.8361,296.0358,288.1665,285.4434,283.9899,273.7526,253.7934,259.9235,291.2703,288.5276,282.5129,258.8500,264.0888,262.5292,262.6998,263.4031,263.8160,264.1711,263.8127,263.2920,290.6426,262.9880,262.6930,262.3895,258.5916,256.5798,283.2271,284.5848,270.6088,0.0000,278.0377,282.8326,263.4695,262.9874,290.2064,268.8938,268.8488,276.5900,282.5192,283.1594,259.9844,263.8208,294.5589,288.2354,265.3729,268.4641,265.8057,272.2943,286.8711,261.4949,281.9540,287.5873,263.3962,263.9871,256.6723,271.7657,265.9837,291.7125,280.1165,268.9367,268.9844,256.3986,259.1397,273.7826,287.5287,258.7788,267.1616,263.2264,263.8798,264.1282,274.6313,266.0214,267.7577,260.8505,259.8558,287.5625,258.6620,261.5628,259.9067,281.7344,282.5508,300.6010,302.0841,295.9631,258.2466,267.2240,258.1564,261.9004,260.6704,261.3442,260.6453,280.3576,0.0000,271.3434,260.0703,289.9523,290.0885,260.7414,260.2542,290.4534,265.2007,263.0509,289.1007,279.7940,268.6758,280.1523,301.9344,269.2747,297.9435,317.1149,316.3318,292.3445,288.4679,259.1622,290.0999,289.8675,286.8383,286.8808,283.8057,268.7973,275.6019,276.5997,309.1302,316.0365,274.8888,289.1165,291.2356,291.3354,290.1144,287.5625,291.1813,290.0190,291.3859,291.3593,291.0992,286.3052,262.9880,256.5864,260.6470,0.0000,261.1745,263.1538,261.1745,261.0550,261.1850,261.2025,262.6892,266.5617,292.5784,258.4236,265.9076,268.8293,266.1308,258.4623,264.7769,284.3951,259.4302,258.4602,276.4631,285.4468,288.9432,289.4658,294.2558,280.3576,288.3579,280.3576,283.4232,283.4276,260.2981,267.1633
3.0000,292.5451,256.9259,257.1060,259.3145,255.1090,269.6322,267.4454,289.9808,262.0942,290.9976,277.7056,288.8191,260.1353,266.9275,259.3484,258.8855,262.8922,262.9667,267.5626,253.6268,263.9328,262.1568,262.7801,261.8929,272.8665,275.7336,276.3883,269.1478,290.0514,256.7315,257.4701,257.6772,291.1956,291.4751,290.3312,283.0008,261.4196,283.1896,261.9547,293.0992,304.0360,279.5329,278.6336,305.0202,293.6806,273.0359,289.3405,288.6572,257.7408,292.1432,289.8263,280.4724,292.7249,283.6768,289.0927,281.6428,260.5663,290.4162,266.4162,282.0312,283.5057,283.9844,289.0823,289.4164,283.3425,282.3872,282.7506,290.4520,284.8172,285.3131,295.7591,287.7179,285.1215,283.5514,273.5710,252.9055,259.1875,290.4624,287.6052,281.5059,258.3127,263.5670,261.4948,261.6611,262.3505,262.7452,263.1059,262.7571,262.2349,289.5834,262.0219,261.7364,261.4842,257.7336,255.7121,282.1823,283.5610,269.5865,0.0000,277.1041,281.8766,262.4521,262.3045,288.8828,268.4052,268.3496,276.1210,282.0827,282.7182,259.2410,262.8150,294.2669,287.3259,264.3166,267.6875,264.8038,271.2783,285.6030,260.5794,281.5589,287.1502,262.3898,262.9734,255.7286,271.5439,264.9582,290.6533,279.6698,268.7012,268.7487,255.5480,258.8890,272.8737,286.4954,257.8118,266.0472,262.1791,262.8297,263.0583,274.4237,265.1673,266.9026,260.2070,259.2149,287.1271,257.8572,261.1317,259.6552,281.3032,282.1226,299.4328,300.9082,294.8482,257.2935,266.0202,258.4530,261.6182,260.5403,260.4817,259.7617,279.8987,0.0000,270.5742,259.2611,289.7860,289.8960,259.8244,259.2481,289.4628,264.1454,262.0807,289.0829,279.7940,268.1607,280.1514,301.1442,268.2516,296.4583,315.3705,314.5465,291.4371,287.4289,258.8337,289.8122,289.5921,286.4667,286.5851,283.5037,267.9898,274.7529,275.7253,307.3373,314.2773,273.9519,288.6882,290.8253,290.9241,289.6775,287.1271,290.7708,289.5622,290.9325,290.9483,290.6790,285.8767,262.0219,255.7186,259.7634,0.0000,260.6102,262.1158,260.6102,260.4158,260.5555,260.2934,262.0599,266.0555,291.7166,257.4723,265.4340,268.3437,265.6655,257.8702,263.7816,284.1723,259.3484,257.8679,275.5294,285.4468,288.0511,288.5935,293.3227,279.8987,287.9342,279.8987,282.9708,282.9964,259.1804,266.9125
4.0000,277.5165,255.7403,255.8953,258.3644,254.5511,267.4374,265.7414,287.1475,260.9452,288.4827,275.6959,286.4557,258.9391,265.5700,259.1109,258.8790,261.7516,261.6113,267.0729,252.4604,262.7182,261.5264,261.9648,260.8915,270.1841,272.8763,273.4103,267.7113,287.6682,255.5557,256.3320,256.5032,288.7631,278.8764,278.4694,280.8157,260.2786,278.0926,260.8558,278.0337,288.2407,276.7161,276.4966,289.1591,291.1951,272.7691,288.2998,287.5994,257.7408,291.8449,289.5816,280.0581,292.5361,283.1356,288.6412,281.2126,258.8159,290.0134,266.1227,282.0312,282.8244,283.2884,288.6378,288.9616,283.3425,281.8120,282.1983,289.6195,284.1198,284.6340,295.3781,286.8735,284.6666,282.8704,273.3490,251.7524,257.9034,288.0638,285.2858,277.3477,257.2504,262.1831,260.3519,260.5242,261.1896,261.5719,261.9417,261.6029,261.0779,286.6002,260.8929,260.6587,260.3790,256.6871,254.6298,279.1207,280.2529,268.1959,0.0000,275.1627,279.7470,261.3380,261.2698,278.0185,267.8152,267.7364,275.4997,281.4431,282.0524,259.2665,261.6719,293.8658,285.0185,263.1651,266.2195,263.8013,270.2762,278.1536,259.4889,281.1369,286.3275,261.2767,261.8544,254.5562,271.2826,263.6924,288.1627,279.0538,268.4283,268.4758,254.3364,258.5765,270.1943,283.3601,256.6641,264.6824,261.0381,261.6840,261.9064,274.1706,263.3644,264.9532,259.3907,258.4017,286.2976,257.0008,260.5945,259.3418,280.7050,281.5422,295.5279,297.0339,291.3725,256.1463,264.7377,258.4437,261.2308,260.2356,259.4279,258.6877,279.2731,0.0000,270.4641,258.3118,289.5389,289.6201,258.7449,258.1536,287.0479,262.9378,260.9495,288.9958,279.7940,267.6984,280.1469,300.6626,266.8498,284.3567,307.2303,307.9444,289.0041,284.3436,258.8320,289.4029,289.1941,285.9035,286.4232,283.1200,266.2732,272.4442,272.8850,296.6087,305.6915,271.2786,287.8559,289.7767,289.8802,288.7385,286.2976,289.7245,288.7214,290.0987,289.9027,289.5418,285.0836,260.8929,254.6363,258.6893,0.0000,259.8629,260.9665,259.8629,259.6162,259.7708,259.2026,260.1640,265.4896,289.2969,256.3343,265.0201,267.7554,265.2821,257.2556,262.5881,283.8573,259.1109,257.2532,272.3957,285.4468,285.7229,286.2533,290.8455,279.2731,287.1235,279.2731,282.3827,282.4138,258.0394,266.6250
5.0000,277.5165,256.0835,256.2331,258.6140,254.6737,267.4624,265.8838,286.9094,261.2802,288.3507,275.8395,286.3917,259.0404,265.8333,259.2669,258.8481,262.7917,262.5219,268.9553,252.7385,262.7696,261.1034,261.6575,261.1255,270.1981,272.9328,273.4769,267.9215,287.6338,255.9051,256.6902,256.8589,288.7351,278.9173,278.4730,280.8748,260.6187,278.0999,261.2446,278.0247,288.0522,276.7241,276.6191,288.9544,291.1529,273.9109,291.5228,290.8170,257.7408,293.1641,290.6782,281.2148,293.3801,285.6085,290.0839,282.3734,259.8732,291.6787,267.2659,282.0313,285.9196,286.3878,290.5192,290.8369,283.3425,284.5318,284.7812,292.7508,287.2299,287.7432,297.1303,290.0573,286.6798,285.9660,274.4265,252.1739,258.5337,288.0206,285.2744,277.3390,257.6415,263.0697,260.6906,260.8646,261.5144,261.8865,262.2681,261.9329,261.4038,286.4557,261.3792,261.0661,260.7983,257.2189,255.1205,279.0975,280.2009,268.3761,0.0000,275.3046,279.8169,261.7062,261.4917,278.0360,269.6825,269.5577,278.5569,284.5012,285.1579,259.2383,262.1412,295.7031,285.0116,263.6364,266.3161,263.5370,270.5072,278.1240,259.8758,282.3177,289.4760,261.6477,262.2218,254.9297,272.3856,264.0003,288.0415,282.6501,269.5323,269.5800,254.8253,259.0144,270.2083,283.2446,257.0155,264.9410,261.3764,262.0206,262.2284,275.2999,263.3581,264.9583,260.4718,260.4734,289.4490,257.0918,261.3515,259.7812,283.4643,284.2758,295.2831,296.7874,291.1707,256.5024,265.2593,258.2843,261.4968,260.4149,259.8913,259.0870,282.8617,0.0000,272.4574,258.5616,290.6451,290.8288,259.1334,258.4928,286.9833,263.4752,261.4343,289.4651,279.7940,269.6029,280.1712,300.1868,267.0825,284.3519,306.8258,307.4923,288.9799,284.2142,258.8015,291.1174,290.8744,288.4101,286.2578,284.8334,266.3958,272.5349,272.9412,296.4557,305.3264,271.3063,291.0172,293.0173,293.1191,291.9540,289.4490,292.9641,291.8530,293.2132,293.1420,292.7668,288.2219,261.3792,255.1270,259.0884,0.0000,261.1728,261.3014,261.1729,260.5022,260.5476,259.6642,261.3503,267.1899,289.2518,256.6925,266.9328,269.6247,267.2138,258.5769,262.9310,285.2507,259.2669,258.5745,272.4028,285.4468,285.7082,286.2360,290.8062,282.8617,290.2767,282.8617,285.5641,285.2857,258.2961,267.7639
6.0000,277.5165,255.9931,256.1346,258.5622,254.6865,267.4171,265.8353,286.6155,261.1324,288.0986,275.6782,286.1848,259.0507,265.6946,259.3436,258.8443,263.2786,263.0801,269.0292,252.6808,262.6994,260.9424,261.5338,261.0686,270.1414,272.9585,273.5069,267.7999,287.3732,255.8201,256.5835,256.7433,288.4754,278.8520,278.4123,280.6601,260.4728,277.9661,261.1136,278.0131,287.8074,276.4535,276.4756,288.6886,290.8871,273.9272,291.9260,291.2335,257.7408,293.2271,290.7340,281.3206,293.3260,285.7015,290.1976,282.4880,260.6405,291.7525,267.3166,282.0313,286.0517,286.5225,290.6013,290.9209,283.3425,284.6303,284.8703,292.9596,287.3625,287.8570,297.1988,290.1963,286.7804,286.0975,274.4659,252.1436,258.8420,287.7545,285.0389,277.1793,257.5443,263.6403,260.5441,260.7201,261.3627,261.7304,262.1082,261.7761,261.2528,286.1370,261.2443,260.9414,260.6884,257.1316,255.0515,278.7924,279.9310,268.2775,0.0000,275.1341,279.6139,261.5604,261.4340,277.9607,269.7351,269.6059,278.6438,284.6200,285.2841,259.2354,261.9967,295.7744,284.7758,263.4766,266.2450,263.3311,270.4684,278.0289,259.7680,282.4406,289.7050,261.5058,262.0697,254.8628,272.4146,263.8560,287.7967,282.7536,269.5727,269.6205,254.9048,259.0014,270.1517,282.9259,256.9034,264.7604,261.2275,261.8642,262.0633,275.2834,263.3664,264.9515,260.4159,260.4175,289.6884,257.0918,261.3295,259.7681,283.5742,284.3755,294.7413,296.2145,290.7299,256.4010,265.0679,258.4008,261.5056,260.4748,259.7937,258.9895,282.9672,0.0000,272.4884,258.5098,290.7004,290.8833,259.0412,258.4301,286.7494,263.3028,261.2984,289.4163,279.7940,269.6590,280.1687,299.4214,266.9534,284.2086,306.2208,306.8053,288.7226,283.8886,258.7978,291.1927,290.9487,288.5107,286.0264,284.8834,266.3426,272.5210,272.9657,296.1390,304.7656,271.2330,291.1534,293.4261,293.5283,292.2801,289.6884,293.3711,292.0650,293.4224,293.5529,293.2604,288.4320,261.2443,255.0581,258.9909,0.0000,261.5095,261.1532,261.5096,260.4461,260.4907,259.5575,262.2948,267.3522,288.9786,256.5859,267.0331,269.6787,267.3053,258.8943,262.7972,285.3203,259.3436,258.8920,272.3145,285.4468,285.4661,285.9883,290.5418,282.9672,290.4012,282.9672,285.6684,285.3878,258.2380,267.8121
7.0000,277.5165,255.4891,255.6210,258.3151,254.6568,267.4069,265.7509,286.0510,260.6612,287.4245,275.0168,285.5309,258.4653,264.3725,259.1789,258.8535,262.2447,261.8827,268.8519,252.0536,262.7920,261.6812,262.1034,260.9780,270.1101,272.7574,273.2726,266.6006,286.5740,255.3175,256.1274,256.2815,287.6584,278.7616,278.3602,279.9985,259.9947,277.8567,260.6038,278.0107,287.7570,276.0618,275.7957,288.6338,290.0661,273.9724,291.7723,291.0686,257.7408,293.1968,290.6995,281.3843,293.3530,285.6570,290.2316,282.5402,258.9723,291.7192,267.3321,282.0313,285.9484,286.4021,290.5572,290.8793,283.3425,284.5762,284.8226,292.8928,287.2591,287.7655,297.1985,290.1224,286.7484,285.9947,274.4754,251.5660,257.9888,286.9405,284.3129,277.0093,257.1367,262.4549,260.0662,260.2621,260.8989,261.2703,261.6183,261.2956,260.7938,285.6225,260.7678,260.4595,260.2244,256.6806,254.5557,278.4749,279.5657,267.1193,0.0000,274.4932,278.9486,261.0378,261.2982,277.8606,269.5724,269.4296,278.5376,284.5344,285.1862,259.2422,261.5132,295.7716,284.0438,262.9930,266.2620,263.8563,270.1985,277.8857,259.3470,282.4878,289.5897,261.0151,261.5590,254.3293,272.4449,262.8555,287.1256,282.6819,269.5942,269.6419,254.2589,258.8942,270.1168,282.4849,256.4439,263.5810,260.7420,261.3811,261.5885,275.3487,263.3692,264.9493,260.1577,260.1593,289.5814,256.8891,261.1447,259.6606,283.5004,284.3170,294.2604,295.6964,290.2288,255.9337,264.5042,257.7579,261.6919,260.3873,259.3585,258.5797,282.8996,0.0000,272.0608,258.2593,290.6676,290.8599,258.6240,257.9873,286.0538,262.7877,260.8210,289.2848,279.7940,269.4675,280.1618,299.6127,265.6974,284.0680,305.8752,306.3646,287.9045,283.4246,258.8066,291.1561,290.9118,288.4413,286.0941,284.8453,266.2811,272.4022,272.7672,295.8619,304.4338,271.2473,290.8586,293.2749,293.3768,292.1674,289.5814,293.2201,291.9792,293.3798,293.4005,293.0991,288.3032,260.7679,254.5622,258.5811,0.0000,260.7871,260.6818,260.7873,260.1720,260.2039,259.0942,260.3760,266.9952,288.1555,256.1298,266.8675,269.5180,267.1636,258.2112,261.9911,285.2981,259.1789,258.2087,272.2407,285.4468,284.7174,285.2223,289.7212,282.8996,290.0608,282.8996,285.6727,285.3517,257.7376,267.8287
8.0000,277.5165,255.4008,255.5295,258.2838,254.6574,267.3916,265.7517,285.9956,260.5908,287.3923,274.9701,285.4983,258.3242,264.2797,259.1291,258.8559,262.3734,261.9009,269.0831,251.9985,262.7579,261.6366,262.0529,260.9480,270.0920,272.7389,273.2590,266.4845,286.4809,255.2310,256.0452,256.1857,287.5733,278.7655,278.3539,279.9308,259.9252,277.8368,260.5438,278.0074,287.6888,276.0023,275.7621,288.5597,289.9798,274.2040,292.1553,291.4467,257.7408,293.3600,290.8324,281.6220,293.4211,285.9464,290.4878,282.7680,258.9042,291.8862,267.5481,282.3091,286.2766,286.7409,290.7558,291.0752,283.3425,284.8713,285.1050,293.1021,287.6123,288.1279,297.4034,290.5436,287.0509,286.3228,274.6689,251.4908,257.9103,286.8427,284.2347,276.9810,257.0798,262.4796,259.9962,260.1910,260.8271,261.1967,261.5480,261.2252,260.7213,285.5443,260.7210,260.4044,260.1730,256.6403,254.5021,278.4112,279.5156,266.9712,0.0000,274.4387,278.8834,260.9711,261.2633,277.8671,269.7650,269.6089,278.8077,284.8496,285.5078,259.2421,261.4633,295.9831,283.9642,262.9563,266.2662,263.8637,270.1360,277.8965,259.2870,282.7150,289.9260,260.9517,261.4960,254.2444,272.6620,262.7705,287.0933,282.9914,269.8071,269.8549,254.1682,258.9107,270.0984,282.4221,256.3572,263.4676,260.6696,261.3118,261.5164,275.5961,263.3725,264.9466,260.1507,260.1523,289.9121,256.8891,261.1734,259.6770,283.7960,284.6111,294.0287,295.4487,290.0765,255.8504,264.4392,258.6276,261.0448,260.1805,259.3119,258.5225,283.2185,0.0000,272.2639,258.2278,290.8003,290.9980,258.5633,257.9133,286.0038,262.7347,260.7736,289.2820,279.7940,269.6977,280.1617,299.4706,265.5893,284.0476,305.8208,306.3242,287.8194,283.3574,258.8087,291.3320,291.0903,288.7058,286.0476,285.0321,266.2825,272.3936,272.7490,295.8172,304.3788,271.2292,291.3638,293.6680,293.7683,292.5411,289.9121,293.6128,292.2325,293.5452,293.7943,293.4984,288.6570,260.7211,254.5086,258.5238,0.0000,261.0935,260.6114,261.0936,260.1664,260.1957,259.0454,260.3236,267.2428,288.0643,256.0476,267.1530,269.7124,267.4542,258.6198,261.9192,285.5930,259.1291,258.6171,272.2195,285.4468,284.6345,285.1359,289.6352,283.2185,290.5866,283.2185,286.0404,285.6712,257.6511,268.0440
9.0000,290.5133,256.0890,256.2281,258.7819,254.9188,268.8447,266.7305,287.8531,261.1496,288.9473,276.1480,287.0348,258.8509,264.9955,259.3623,258.8510,263.8465,263.2823,269.9530,252.6730,263.5820,262.1238,262.6979,261.5759,271.9623,274.6978,275.3267,267.2755,287.7824,255.9186,256.6422,256.8012,288.8558,289.4823,288.4421,281.2332,260.4870,281.8626,261.1180,291.0292,301.2045,277.9058,277.0239,302.1199,291.2820,274.4419,292.8773,292.1781,257.7408,293.7101,291.1356,281.9468,293.6404,286.5217,290.8780,283.1022,260.4335,292.3110,267.7962,282.9296,286.9177,287.3972,291.2025,291.5221,283.3425,285.4563,285.6698,293.7563,288.2796,288.8001,297.8092,291.2900,287.6638,286.9638,274.8493,252.2144,258.9513,288.1440,285.5594,280.1498,257.2564,263.8589,260.5583,260.7449,261.3896,261.7637,262.0824,261.7828,261.2826,287.5452,261.3576,260.9758,260.7756,257.2553,255.1551,280.5745,281.8804,267.7724,0.0000,275.5693,280.1359,261.5423,261.9070,286.9899,270.4467,270.2659,279.4501,285.4725,286.1443,259.1819,262.1028,296.4115,285.2766,263.6068,267.0028,264.3392,270.6483,283.8977,259.8138,283.0575,290.5897,261.5225,262.0638,254.9488,272.8881,263.4431,288.6454,283.6179,270.0394,270.0872,254.9771,259.1314,271.9688,284.6350,256.9581,264.2209,261.2312,261.8798,262.1125,275.8395,264.3161,266.0903,260.6560,260.6576,290.5681,257.3223,261.5535,259.8983,284.3941,285.2007,296.6038,297.9657,292.3804,256.4693,265.1563,258.0701,261.7269,260.5404,259.8874,259.0404,283.8585,0.0000,273.1054,258.7233,291.1013,291.3064,259.0809,258.4221,287.4341,263.4199,261.4107,289.5127,279.7940,270.5604,280.1737,299.2735,266.3454,294.1933,311.9763,310.8881,289.1003,285.5132,258.7955,291.7531,291.5018,289.2464,286.0039,285.4150,267.2691,273.8800,274.6933,304.4838,310.9649,273.0737,292.2016,294.3783,294.4778,293.1987,290.5681,294.3229,292.8855,294.2003,294.5022,294.2391,289.3282,261.3576,255.1616,259.0418,0.0000,262.7037,261.1701,262.7038,260.6591,260.6725,259.6569,262.1303,268.3503,289.3652,256.6446,268.2205,270.3960,268.3690,260.4457,262.5454,286.2083,259.3623,260.4427,274.4873,285.4468,285.9456,286.4390,290.9339,283.8585,291.4250,283.8585,286.6696,286.2713,258.2459,268.2873
10.0000,290.8384,256.5079,256.6515,259.1062,255.0901,268.9068,266.8944,288.5553,261.6688,289.7373,276.8368,287.8151,259.3752,266.4431,259.4368,258.9007,264.5017,263.7963,270.5364,253.1308,263.4461,261.1245,261.9265,261.6650,272.0560,274.9933,275.6534,268.5909,288.5813,256.3359,257.1019,257.2554,289.6328,289.8819,288.7667,281.9489,261.0120,282.0839,261.6752,291.3542,301.5281,278.4382,277.7126,302.4433,292.0488,274.6555,293.2566,292.5362,257.7408,293.8668,291.2696,282.3163,293.6007,286.9110,291.2151,283.5045,260.9085,292.5495,268.0591,283.3970,287.3314,287.8091,291.4560,291.7758,283.3425,285.8486,286.0490,294.2493,288.7415,289.2996,297.9895,291.7402,288.1323,287.3773,275.0403,252.6518,259.4534,288.9517,286.3456,280.4259,258.0914,264.3727,261.0831,261.2549,261.8987,262.2660,262.6072,262.3054,261.7879,288.1829,261.8624,261.5042,261.2776,257.7301,255.6165,281.0385,282.3665,269.0788,0.0000,276.2456,280.8471,262.1010,262.0284,287.3751,270.9277,270.7288,279.8980,285.8852,286.5600,259.2750,262.6079,296.6195,286.0521,264.1071,267.0687,263.6230,270.9264,284.2566,260.3157,283.4572,291.0085,262.0559,262.6217,255.3718,273.1055,264.5162,289.4339,284.0534,270.2755,270.3233,255.4468,259.2919,272.0623,285.1977,257.4180,265.4035,261.7610,262.4052,262.6344,276.0214,264.4436,266.1795,260.9744,260.9762,290.9844,257.6501,261.8298,260.0592,284.7896,285.5952,297.2824,298.6938,293.0375,256.9188,265.7652,258.3459,261.7828,260.6458,260.3666,259.5391,284.3070,0.0000,273.5929,259.0528,291.2368,291.4580,259.5802,258.9323,288.2316,263.9757,261.9161,289.5378,279.7940,271.1310,280.1750,299.2585,267.7229,294.6707,312.7683,311.6725,289.8760,286.0993,258.8517,291.9904,291.7285,289.5776,286.0184,285.6727,267.4026,274.0836,274.9859,305.1334,311.7373,273.1250,292.6035,294.7656,294.8658,293.6110,290.9844,294.7103,293.3491,294.7363,294.8909,294.6181,289.7333,261.8624,255.6231,259.5405,0.0000,263.5860,261.6894,263.5861,260.9984,261.0237,260.1489,262.6233,269.0183,290.1621,257.1043,268.8733,270.8793,269.0597,261.5006,263.4272,286.6765,259.4368,261.4972,274.6366,285.4468,286.7277,287.2262,291.7022,284.3070,291.8313,284.3070,287.1427,286.6818,258.6820,268.5432
11.0000,290.9973,256.5963,256.7445,259.1845,255.0721,268.8620,266.8609,288.9267,261.8322,290.1596,277.1268,288.2169,259.5962,266.6402,259.3576,258.9169,264.2505,263.3539,270.8135,253.2403,263.4230,260.9946,261.8321,261.6829,272.0061,274.8876,275.5482,268.8039,289.0627,256.4201,257.2291,257.3782,290.0757,290.0593,288.9024,282.2845,261.1759,282.1016,261.8413,291.5194,301.8173,278.6179,278.0132,302.7437,292.4726,274.8317,293.3870,292.6407,257.7408,293.7077,291.1755,282.6166,293.4827,287.1696,291.2699,283.8216,260.1860,292.5821,268.2263,283.7751,287.5389,288.0081,291.5063,291.8323,283.5223,286.0721,286.2862,294.3761,288.9946,289.5944,297.7242,291.9341,288.4713,287.5846,275.0736,252.6941,259.2598,289.4582,286.7525,280.4773,258.2214,263.9187,261.2471,261.4162,262.0597,262.4259,262.7867,262.4788,261.9486,288.4971,262.0429,261.6670,261.4288,257.8585,255.7128,281.1805,282.5408,269.2641,0.0000,276.5309,281.1776,262.2880,262.0390,287.5428,271.1583,270.9430,280.1250,286.1018,286.7727,259.2791,262.7949,296.3937,286.4634,264.3003,267.0125,263.4712,270.8413,284.4068,260.4506,283.7602,291.1809,262.2340,262.8229,255.4539,273.2421,264.7026,289.8529,284.2826,270.4156,270.4634,255.4040,259.3518,272.0125,285.4428,257.5553,265.6023,261.9292,262.5812,262.8087,276.2304,264.4030,266.1363,261.0760,261.0778,291.1555,257.7292,261.9327,260.1194,285.0105,285.8194,297.6602,299.0989,293.3902,257.0356,266.0993,258.3975,261.7810,260.6143,260.5048,259.6699,284.5458,0.0000,273.9178,259.1324,291.1456,291.3912,259.7144,259.0665,288.6515,264.2340,262.0983,289.3954,279.7940,271.4095,280.1676,299.4169,267.9364,294.9184,313.3270,312.2232,290.3152,286.3661,258.8660,292.0222,291.7484,289.7073,286.0994,285.9226,267.3585,273.9861,274.8802,305.5348,312.2781,273.0501,292.7568,294.9046,295.0022,293.7597,291.1555,294.8496,293.4927,294.8596,295.0266,294.7580,289.9158,262.0429,255.7194,259.6713,0.0000,263.6843,261.8531,263.6844,261.1073,261.1361,260.2978,261.7360,269.2351,290.6355,257.2314,269.2165,271.1123,269.4478,261.7300,263.6047,287.0275,259.3576,261.7268,274.6177,285.4468,287.1565,287.6721,292.1284,284.5458,291.9931,284.5458,287.4085,286.9233,258.7815,268.7027
12.0000,291.2870,257.1021,257.2754,259.4056,255.0961,269.1705,267.0786,289.3373,262.1818,290.6228,277.4766,288.6726,259.9684,267.0106,259.5299,258.9522,265.4693,264.5584,270.9801,253.7660,263.8500,262.1170,262.7676,261.9153,272.2883,274.9789,275.6040,269.1596,289.4801,256.9159,257.6340,257.8060,290.4973,290.3311,289.1929,282.6935,261.5099,282.3919,262.1434,291.8076,302.0754,278.8523,278.3555,302.9991,292.9246,274.9732,293.2762,292.4933,257.7408,293.6457,291.1308,283.1215,293.3782,287.1680,291.7046,284.4084,261.6031,292.5799,268.4188,283.7300,287.4929,287.9565,291.4873,291.8135,283.7378,286.1009,286.3245,294.3664,289.0362,289.7016,297.6379,291.9600,288.3481,287.5387,275.0872,253.2458,260.1808,289.8745,287.1676,280.7574,258.5213,265.1486,261.5800,261.7009,262.4448,262.8369,263.1413,262.8319,262.3024,288.8487,262.3997,261.9603,261.7342,258.1887,256.1215,281.4217,282.8009,269.6372,0.0000,276.8945,281.5759,262.5862,262.2891,287.8373,271.2386,271.0353,280.1592,286.0860,286.7415,259.2736,263.1765,296.3113,286.8783,264.7140,267.3210,264.3985,271.1478,284.7490,260.7622,284.3593,291.1313,262.5609,263.1541,255.9659,273.3694,265.0485,290.3149,284.2899,270.5679,270.6158,256.0783,259.3444,272.2947,285.7328,257.9683,265.9748,262.2453,262.9307,263.1693,276.3586,264.7067,266.4426,260.7093,259.7154,291.1026,257.8770,261.9199,260.1119,285.0237,285.8477,297.8016,299.2086,293.6588,257.4624,266.5275,258.5719,261.9153,260.7905,260.7780,259.9714,284.5532,0.0000,274.4343,259.3538,291.1014,291.3585,260.0208,259.3664,289.0970,264.6189,262.4564,289.3425,279.7940,271.6077,280.1648,299.4001,268.2938,295.1190,313.0510,311.9875,290.7342,286.6706,258.8953,292.0092,291.7304,289.6782,286.1904,286.0435,267.6001,274.1538,274.9738,305.5233,312.0340,273.2819,292.6915,294.8058,294.9052,293.7197,291.1026,294.7509,293.4712,294.8498,294.9300,294.6672,289.8458,262.3998,256.1281,259.9729,0.0000,264.7959,262.2028,264.7960,260.9544,261.0743,260.6262,263.3554,269.5477,291.0694,257.6363,269.3681,271.1903,269.6781,263.0302,263.9317,286.9284,259.5299,263.0272,274.8993,285.4468,287.5724,288.0864,292.5751,284.5531,291.9273,284.5532,287.4200,286.9555,259.2050,268.8815
13.0000,291.4361,256.8828,257.0714,259.3501,255.0376,269.0672,266.9943,289.7011,262.0173,291.0535,277.6819,289.1450,259.8137,266.1331,259.5654,258.9769,265.4436,264.4820,271.0614,253.5625,263.7930,261.9120,262.6205,261.9098,272.1726,274.7822,275.3981,268.4618,290.0095,256.6816,257.4733,257.6253,291.0514,290.5121,289.3287,283.0508,261.3419,282.3827,261.9901,291.9632,302.3618,278.9476,278.5872,303.2974,293.5064,274.2385,293.7227,293.0821,257.7408,296.8430,295.5351,282.2974,293.7592,286.9237,291.2996,283.6342,261.3975,294.3035,267.7446,282.1498,287.5856,288.0460,293.0866,293.1426,283.8690,286.1507,286.2946,294.4004,289.2125,289.9053,298.5977,296.8479,287.2708,287.6302,274.7404,252.8845,259.9474,290.4201,287.6231,280.7640,258.0654,265.1495,261.4104,261.5336,262.2834,262.6736,262.9850,262.6788,262.1371,289.1813,262.4288,261.8444,261.6550,258.0763,255.9196,281.4705,282.9100,268.9267,0.0000,277.0948,281.8966,262.4088,262.2325,287.9948,271.2979,271.0787,280.1768,286.1274,286.8116,259.2871,263.2429,297.5229,287.3301,264.8465,267.2682,264.1245,270.9994,284.8173,260.6187,283.6078,291.2322,262.4318,263.0150,255.6791,272.7772,264.4498,290.7522,284.2904,269.9808,270.0286,255.7597,259.4195,272.1726,285.9368,257.8215,265.1818,262.0613,262.7872,263.0312,275.5287,264.6075,266.3416,261.2480,261.2499,291.2076,257.8770,262.0489,260.1874,285.0567,285.8963,298.5353,300.0039,294.2057,257.2839,266.8203,258.0823,262.3470,260.9441,260.7116,259.8336,284.5322,0.0000,274.4066,259.2969,295.1786,293.8048,259.8830,259.1679,289.5978,264.8000,262.4874,303.8195,302.6539,271.6690,302.5745,323.3105,267.5203,295.4835,314.2986,313.2264,291.2907,286.9095,258.9182,293.5748,293.6023,290.5073,309.5691,286.0729,267.5085,274.0084,274.7783,306.3057,313.2074,273.1000,292.8286,294.9756,295.0729,293.8565,291.2041,294.9226,293.5102,294.8839,295.0972,294.8348,289.8759,262.4288,255.9263,259.8349,0.0000,264.9564,262.0387,264.9565,261.2741,261.2978,260.5535,263.1934,269.6459,291.6358,257.4756,269.4724,271.2500,269.8021,263.2985,263.5147,285.5115,259.5654,263.2952,274.8208,285.4468,288.0444,288.5749,293.1529,284.5294,292.0583,284.5303,287.4308,286.9923,259.0225,268.2232
14.0000,292.5186,256.5234,256.7266,259.0336,254.8892,269.0864,266.9508,290.3986,261.6114,291.6345,277.7875,289.6441,259.0541,265.8225,259.4402,259.0375,264.7629,264.0237,269.4644,253.3985,263.6083,261.6185,262.3615,261.6823,272.2608,274.8414,275.4684,268.1992,290.4391,256.3146,257.0886,257.2688,291.4899,291.5142,290.2482,283.3231,260.9341,282.8231,261.5797,293.0895,304.3644,279.3174,278.7343,305.3791,293.9039,273.0843,289.6094,288.8673,257.7408,291.6636,289.3212,281.1492,292.0753,284.2036,289.1667,282.4733,260.9080,290.2095,266.6371,282.0312,284.1515,284.5846,288.9724,289.2625,283.3425,283.3322,283.6465,290.7300,285.6014,286.2371,295.4658,290.2430,284.2549,284.1959,273.4734,252.4585,259.5278,290.8607,288.0183,281.1678,257.6394,264.7800,261.0020,261.1188,261.8752,262.2611,262.5971,262.2841,261.7229,289.9183,261.9414,261.4325,261.2549,257.5703,255.4439,281.8979,283.4357,268.6509,0.0000,277.1869,282.1320,261.9704,262.0250,288.8284,269.6190,269.4184,277.3840,282.8302,283.4060,259.3212,262.7815,294.0811,287.7114,264.4149,267.1818,263.8929,271.0230,285.3172,260.2059,282.3890,287.5468,262.0220,262.5912,255.2794,271.5798,264.1240,291.3201,281.0103,268.8068,268.8544,255.3313,259.0775,272.2608,286.6398,257.4387,264.9725,261.6396,262.3920,262.6423,274.3560,264.6405,266.3663,260.7651,260.7669,287.5185,257.5759,261.4599,259.8442,282.0965,283.0752,299.9015,301.4499,295.2656,256.9034,265.9263,258.6417,261.7985,260.7025,260.2873,259.4132,281.0937,0.0000,272.9341,258.9783,289.2629,289.3513,259.4466,258.6859,290.1062,264.1147,261.9964,288.8209,280.1136,270.0893,280.4407,300.7716,267.2338,296.7359,316.7540,315.5989,291.7326,287.6434,258.9749,289.5967,289.3656,286.7392,287.1450,284.1721,267.4620,274.0580,274.8373,308.2021,315.5899,273.1902,289.1877,291.0531,291.1532,289.9926,287.4228,291.0013,289.8233,291.2145,291.1767,290.8507,286.0485,261.9414,255.4505,259.4147,0.0000,264.1257,261.6331,264.1257,260.7724,260.8082,260.1037,262.6906,268.2198,292.0863,257.0908,267.9020,269.5715,268.2320,262.5756,263.1408,282.8574,259.4402,262.5723,275.0053,283.8067,288.4394,288.9765,293.5575,281.0761,288.4482,281.0382,284.3114,284.0816,258.7164,267.1058
15.0000,293.9917,255.9637,256.1946,258.3965,254.3388,268.3743,266.6176,287.3878,261.0322,289.7645,276.4497,287.9438,258.7680,265.1373,259.3102,259.1432,263.4667,263.0199,266.5196,252.9195,262.6483,259.9671,260.8491,260.9574,271.5779,274.8136,275.4249,267.4257,288.8235,255.7339,256.5027,256.7142,289.8563,293.9776,291.4540,281.7502,260.3468,282.2487,260.9249,294.6279,307.2138,277.8092,277.3509,308.3470,292.3168,271.2524,282.9384,282.1725,257.7408,288.9110,286.9472,279.1803,289.6387,279.2384,286.5961,280.6025,260.0665,286.7626,264.8230,276.4505,278.4576,278.8055,285.2089,285.4961,282.0370,278.5020,278.9298,284.4917,279.6930,280.2931,291.9156,283.5577,278.3691,278.5002,271.7520,251.8236,258.6955,289.2493,286.3862,280.2450,257.0046,263.7585,260.4164,260.5122,261.3096,261.7106,262.0463,261.7188,261.1477,287.2478,261.1719,260.7491,260.5102,256.6884,254.6522,280.2951,281.7206,267.8663,0.0000,275.8929,280.6683,261.4088,261.3715,290.9573,266.6142,266.4661,272.5338,277.2804,277.7425,259.4479,262.0566,290.4318,286.1160,263.6951,266.8348,262.5560,269.9833,286.8117,259.5318,280.4992,281.2721,261.3947,261.9627,254.6886,269.8073,263.5126,289.4771,275.3470,267.0387,267.0860,254.5940,258.4501,271.5779,284.4262,256.8670,264.6015,261.0675,261.8156,262.0796,272.5374,263.9799,265.6780,259.8415,259.8432,281.2468,257.0325,260.3817,259.2153,277.0723,278.2419,294.7545,294.7545,291.3159,256.3188,265.2854,258.6365,261.7641,260.6236,259.5263,258.7259,275.1014,0.0000,269.6960,258.3436,286.8378,286.6067,258.7779,258.0527,288.3873,263.3712,261.2303,288.4538,281.5334,267.1129,281.7667,303.4536,266.5037,300.0837,325.2201,307.9104,290.0919,285.2825,259.0837,286.0609,285.9126,281.9747,289.0930,280.6242,267.0975,273.7931,274.8015,313.8376,323.5859,272.4907,282.9009,284.3634,284.4623,283.4842,280.8181,284.3174,283.5683,284.9554,284.4838,284.1514,279.2501,261.1719,254.6588,258.7275,0.0000,262.4524,261.0546,262.4524,259.8369,259.8991,259.3209,261.8093,265.7150,290.4422,256.5049,264.9238,266.5655,265.2757,260.9742,262.4748,276.1537,259.3102,260.9707,274.2490,282.3343,286.8371,287.3683,291.9618,275.0598,282.2415,274.9232,278.8147,279.0119,258.1566,265.2972
16.0000,295.3648,256.2598,256.5260,258.6157,254.3510,269.1519,267.2217,288.6430,261.4649,291.2789,277.3498,289.3713,259.2407,265.7134,259.3661,259.1924,263.1071,262.8064,264.5415,253.3733,263.3493,261.4894,262.1620,261.3415,272.4025,275.5218,276.1231,268.0527,290.2799,256.0069,256.7910,257.0077,291.3751,295.0301,292.6156,282.8775,260.7846,283.2495,261.2612,296.0568,309.7665,278.9437,278.2562,311.0013,293.8083,269.9556,278.3634,277.5359,257.7408,287.4095,285.6614,278.4160,288.7612,275.7172,285.4682,279.9104,259.9455,284.7008,263.5478,274.2315,274.1850,274.4596,282.8128,283.1186,281.9819,275.0738,275.6153,280.0456,275.4299,276.1016,290.0217,279.0574,274.0538,274.2271,270.2601,251.9060,258.6509,290.7296,287.7394,281.2414,257.0869,263.5017,260.8615,261.0332,261.7265,262.1275,262.5252,262.1795,261.6128,288.4877,261.4441,261.0437,260.7661,256.7241,254.7065,281.4433,282.8118,268.4787,0.0000,276.7965,281.7632,261.7933,261.7406,292.0613,264.6070,264.5113,268.9977,273.1373,273.4938,259.4451,262.3929,288.4038,287.4544,264.1065,267.5308,263.8475,270.2471,288.0218,259.7915,279.7829,276.6655,261.7733,262.3742,254.9085,268.5135,264.0309,290.9777,271.1189,265.7668,265.8139,254.6580,258.1876,272.4025,285.5415,257.1789,265.3224,261.5430,262.2661,262.5594,271.2943,264.7715,266.4582,259.7517,259.7533,276.6524,257.1595,259.9299,258.9529,273.4089,274.8060,296.4404,296.4405,292.8116,256.6033,265.7583,258.0104,262.3476,260.8402,259.7074,258.9417,270.6009,0.0000,267.5539,258.5596,285.5382,285.1785,259.0055,258.2807,289.8547,263.7264,261.5066,287.7776,281.5334,265.1090,281.7313,304.2022,267.1118,300.5340,324.6636,310.7726,291.6157,286.4220,259.1251,283.9161,283.8118,278.6296,289.2136,278.4247,267.7363,274.4722,275.5087,312.5780,322.9549,273.3271,278.1596,279.7983,279.8937,278.8950,275.8091,279.7537,279.0797,280.5019,279.9156,279.6676,274.1663,261.4441,254.7131,258.9436,0.0000,261.6464,261.4882,261.6463,259.7095,259.7782,259.5131,261.6420,264.1557,291.9576,256.7930,263.0057,264.5542,263.0799,260.1840,262.8988,271.5034,259.3661,260.1804,275.1260,282.3343,288.2071,288.7605,293.4585,270.5390,277.4961,270.3083,274.8264,275.3975,258.5244,264.0075
17.0000,299.4118,258.0191,258.3403,260.0317,255.1091,271.1412,269.0300,291.9515,263.3058,294.6935,279.6935,291.0562,262.6001,267.6480,260.1289,259.3531,266.7604,266.9561,264.5302,255.5003,264.8234,263.0076,263.6570,262.6151,274.5662,277.8103,278.4544,270.0806,295.0360,257.7302,258.5378,258.7986,296.2305,298.9824,296.3671,285.3839,262.6094,286.0485,262.9403,300.1784,315.3963,281.7666,280.6436,316.7673,298.8662,270.0958,276.8187,275.9629,257.7408,286.9315,285.3017,279.1467,287.9178,274.2512,285.5849,280.7605,254.1589,284.2383,263.6963,270.6463,272.8279,273.0895,282.1610,282.4927,280.7725,273.9129,274.4097,278.5649,274.0160,274.6740,289.2162,276.4231,271.5511,272.8701,270.0649,253.4297,261.5925,295.5293,290.7058,283.9686,258.3793,267.7210,262.6932,262.8917,263.5887,264.0183,264.4034,264.0422,263.4902,291.6602,263.1115,262.6674,262.3459,258.1258,256.1503,284.3664,285.7437,270.5467,0.0000,279.1095,284.2625,263.5521,263.0364,295.8424,264.4836,264.4397,268.0850,271.8104,272.1366,259.6635,264.1560,287.6214,290.3871,265.9639,269.3101,265.5877,272.1592,291.4882,261.4486,280.6079,275.1542,263.5172,264.1346,256.5656,268.5954,265.8930,294.3814,269.8215,265.8694,265.9165,256.6829,258.4602,274.5675,288.5900,258.9602,267.3589,263.3949,264.1103,264.4441,271.5024,266.7887,268.4531,260.7476,260.7495,275.1367,258.5717,260.3996,259.2258,272.2331,273.6570,300.6571,300.6572,296.5521,258.3443,267.9131,257.1232,264.1189,261.9370,261.1926,260.5483,269.2146,0.0000,267.5783,259.9794,285.1695,284.7509,260.6839,260.1806,293.1164,265.5693,263.1816,287.8011,281.5334,265.1192,281.7325,304.8470,269.0995,304.7618,330.4469,317.1548,296.4729,289.5078,259.2942,283.3811,283.2529,277.6148,289.0605,277.2550,269.5650,276.5624,277.7912,317.4623,328.6146,275.5131,276.9257,278.3019,278.3965,277.3634,274.1091,278.2576,277.6059,279.0206,278.4180,278.2531,272.2930,263.1115,256.1569,260.5502,0.0000,264.1617,263.3301,264.1613,260.6802,260.7323,261.0672,268.0528,264.9186,296.7971,258.5396,262.8330,264.4284,262.8586,262.6911,264.6714,267.8271,260.1289,262.6876,277.4615,282.3343,291.1921,291.7782,298.4843,269.1460,276.2627,268.8800,273.5217,274.1500,260.7326,264.1339
18.0000,302.8311,259.7912,260.1469,261.3712,255.8477,272.9580,270.7260,295.4172,265.3052,298.2416,282.5082,294.3719,264.8907,269.9818,260.3061,259.8253,267.8728,268.0637,265.7527,257.2917,266.1765,264.1913,264.8892,263.8520,276.5440,279.9287,280.6057,272.5146,298.6335,259.4819,260.3452,260.6179,299.9575,302.3813,299.5846,288.4377,264.6066,288.5928,264.8970,303.6498,319.9225,284.6164,283.5268,321.3888,302.7340,271.0930,278.1565,277.3045,257.7408,289.6626,288.2504,280.5850,289.7127,275.2152,287.6187,282.3182,255.7871,287.2195,264.6707,269.5270,274.1101,274.3838,284.7929,285.2406,282.0695,275.2158,275.6573,279.9030,275.2531,275.8796,291.5603,277.1859,271.3986,274.1525,270.9029,255.0004,263.0288,299.1582,294.0558,286.5130,260.3147,268.8339,264.6941,264.8890,265.5970,266.0425,266.4536,266.0666,265.5031,294.8944,265.0835,264.5878,264.1988,259.8473,257.8163,287.1775,288.6264,272.9819,0.0000,281.8795,287.2723,265.5658,264.2925,299.0559,265.7368,265.6884,269.3026,273.0440,273.3970,261.1415,266.1879,289.9134,293.7224,268.0984,270.9659,266.9430,273.5052,294.3764,263.2812,282.1892,276.3829,265.4777,266.1091,258.2617,269.5801,268.1232,297.9094,271.0081,266.8538,266.9011,258.2578,259.1818,276.5505,291.6275,260.7903,269.8531,265.4109,266.1236,266.4657,272.5525,268.6053,270.2638,262.0957,262.0974,276.3568,259.5194,261.4094,259.8262,273.4776,274.9583,304.1688,304.1689,299.9507,260.1382,270.2839,257.4137,264.2165,262.1120,262.9467,262.3360,270.3863,0.0000,268.8015,261.3220,288.1835,287.9637,262.4960,262.0306,296.5929,267.7443,265.1585,289.0953,281.5334,266.3319,281.8001,306.3384,271.4924,308.4277,335.0752,321.9267,300.2007,292.6001,259.9155,286.3023,286.0739,279.5625,289.4571,278.5436,271.2670,278.4912,279.9041,321.6712,333.1975,277.5313,278.3864,279.6635,279.7582,278.6802,275.1322,279.6187,278.9180,280.3607,279.7811,279.6458,273.4236,265.0835,257.8229,262.3381,0.0000,265.1549,265.3304,265.1546,262.0348,262.0695,262.8988,269.1591,266.1273,300.4742,260.3469,264.0490,265.6812,264.0635,263.5618,266.7660,266.7337,260.3061,263.5586,279.6117,287.9637,294.5724,295.1936,302.3297,270.3143,277.7515,270.0414,274.7786,275.4500,262.5385,265.0991
19.0000,282.1958,259.5241,259.8982,260.9691,255.5312,270.2099,268.7565,293.8553,265.0022,297.3585,281.6280,293.4969,264.7581,269.4980,260.2286,259.8935,267.0986,267.4917,264.6594,257.1106,264.9444,263.6706,264.1221,262.9993,273.2022,276.4097,276.9114,271.9538,298.1029,259.1984,260.1182,260.5296,299.5080,285.0528,283.3717,287.5885,264.2848,282.1949,264.5240,282.9884,298.7581,282.4156,282.5002,300.1792,302.3440,270.8090,276.1690,275.3113,257.7408,286.5970,285.1371,280.2835,285.7096,272.9488,285.8814,281.9749,255.5327,284.2256,264.3805,266.0107,272.3394,272.6077,281.9885,282.3507,277.2690,273.2734,273.5628,278.0437,273.4683,274.1012,288.5615,275.3448,268.4662,272.3817,270.4067,254.6660,262.5956,298.6506,293.3296,281.6324,259.9139,268.2674,264.3709,264.4988,265.3298,265.8027,266.1605,265.7688,265.1954,293.0241,264.7045,264.1971,263.7776,259.4036,257.4132,284.5445,285.6372,272.3846,0.0000,281.0840,286.4597,265.2666,263.4644,284.3202,264.6767,264.6406,267.8136,271.2983,271.6424,261.2143,265.8494,287.0530,293.0094,267.7776,269.4218,266.0283,273.0986,284.7090,262.9335,281.7757,274.4811,265.0984,265.6303,257.9667,269.2183,267.7207,297.0270,269.3333,266.4996,266.5468,257.9060,259.0183,273.2085,289.1396,260.5857,269.5770,265.0814,265.8106,266.1791,272.3108,265.9306,267.5557,261.0359,260.0460,274.4456,259.3868,260.8823,259.5302,271.7081,273.0381,302.6337,302.6338,298.2549,259.8974,270.0166,257.6601,264.0457,262.0296,262.5053,261.9777,268.6975,0.0000,267.8133,260.9300,285.0004,284.5427,262.1498,261.6762,295.7866,267.4048,264.7820,287.6625,281.5334,265.2593,281.7253,309.3828,270.9688,290.8694,316.5658,321.4443,299.7493,290.2864,259.9844,283.2960,283.1039,277.2855,290.6429,275.5714,269.2969,275.7198,276.4083,303.5878,314.7426,274.1811,276.5193,277.6650,277.7637,276.7439,273.1193,277.6216,277.0426,278.4983,277.7850,277.6525,271.5754,264.7045,257.4198,261.9799,0.0000,264.0005,265.0278,264.0001,261.2240,261.3764,262.4877,268.6031,264.9968,299.9913,260.1197,262.9617,264.6235,262.9049,262.2196,266.3524,263.1460,260.2286,262.2166,275.8006,282.3343,293.8893,294.5428,301.9299,268.6256,275.8951,268.3516,272.9501,273.5295,262.3576,264.7981
20.0000,283.7176,260.3859,260.7818,261.5782,255.8714,271.1055,269.6061,295.5049,265.9155,299.2493,282.8498,295.0479,265.4149,270.4919,260.3642,260.0569,267.1743,267.6538,265.2441,258.0170,265.6033,264.3293,264.7688,263.5802,274.1744,277.4322,277.9414,272.9803,299.9185,260.0486,260.9774,261.4344,301.3822,286.5510,284.8127,288.9695,265.1922,283.3845,265.3981,284.5372,300.8561,283.7196,283.7141,302.3268,304.2803,271.3779,276.5116,275.6621,257.7408,286.8215,285.3331,281.0270,285.8437,272.9992,286.4315,282.7596,256.3179,284.5477,264.9373,264.5692,272.6656,272.9346,282.2768,282.6380,277.2690,273.5678,273.8124,278.4203,273.7709,274.3863,288.8249,275.6148,267.7126,272.7056,270.8681,255.4533,263.0513,300.4943,294.9722,282.8281,260.6980,268.3665,265.2799,265.4017,266.2598,266.7488,267.0886,266.6984,266.1224,294.5467,265.6007,265.0568,264.6116,260.1855,258.1970,285.8918,286.9795,273.3890,0.0000,282.3102,287.8260,266.1432,264.0563,285.7907,265.1748,265.1280,268.1959,271.6205,271.9696,261.6689,266.7736,287.3121,294.6305,268.7297,270.2858,266.8253,274.2919,286.1262,263.7520,282.5420,274.8080,266.0034,266.5625,258.8017,269.7595,268.6762,298.8903,269.6642,267.0412,267.0885,258.5803,259.2498,274.1809,290.5742,261.4583,270.5956,265.9891,266.7426,267.1369,272.9010,266.8362,268.4536,261.6135,260.6160,274.7735,259.8247,261.2773,259.7605,272.0254,273.3378,304.3717,304.3718,299.9048,260.7543,271.0977,257.0747,264.4456,262.1978,263.2931,262.7711,269.0268,0.0000,268.2653,261.5401,285.1944,284.7430,262.9394,262.4109,297.5866,268.4087,265.6807,287.8254,281.5334,265.8303,281.7338,311.9339,271.9826,292.4047,318.1847,323.6449,301.6256,291.7489,260.1908,283.5929,283.3790,277.5968,291.7135,275.7501,270.1551,276.6702,277.4301,305.2663,316.3878,275.2097,276.8054,278.0063,278.1057,277.0655,273.4258,277.9628,277.4087,278.8754,278.1269,277.9841,271.9028,265.6007,258.2036,262.7734,0.0000,263.9285,265.9418,263.9281,261.8022,261.9477,263.3164,268.7439,265.3778,301.8513,260.9788,263.6816,265.1210,263.7009,261.9389,267.2703,261.7781,260.3642,261.9369,276.8411,282.3343,295.5444,296.2244,303.8566,268.9549,276.1887,268.6772,273.2474,273.8234,263.2583,265.3491
21.0000,285.3121,261.1529,261.5743,262.1032,255.9670,271.8022,270.2831,297.0758,266.7287,300.9980,284.2027,296.6626,266.5843,271.6221,260.3685,260.1084,267.5780,268.1150,265.6856,258.5151,266.0208,264.3354,264.8892,264.0352,274.9596,278.3439,278.8841,274.2227,301.7945,260.8022,261.6963,262.1393,303.3680,288.1788,286.3045,290.4588,266.0048,284.4958,266.1884,286.1666,303.1974,285.0625,285.1053,304.7324,306.3564,271.4081,276.6646,275.7240,257.7408,286.9478,285.4473,281.0195,285.9206,273.2028,286.5077,282.7520,257.0174,284.7527,264.9856,263.9010,272.9942,273.2374,282.4854,282.8504,277.2690,273.9047,274.1259,278.7881,274.3097,275.0994,289.0016,276.4581,267.4843,273.0367,270.8916,256.1709,263.7194,302.3926,296.6562,283.9509,261.0197,268.8797,266.0943,266.2135,267.0797,267.5779,267.9388,267.5349,266.9439,296.0943,266.4640,265.8257,265.3715,260.8890,258.9025,287.1972,288.3283,274.7707,0.0000,283.6343,289.2929,266.9314,264.5553,287.3332,265.5990,265.5547,268.5790,271.9556,272.3060,261.7531,267.6940,287.5091,296.3089,269.7366,270.8618,266.9847,273.0717,287.5090,264.4467,282.5170,275.0970,266.7982,267.3546,259.5504,269.7895,269.7080,300.6267,270.0186,267.0777,267.1249,259.3134,259.4967,274.9661,292.0278,262.1941,271.8451,266.8046,267.5761,267.9870,272.9297,267.5419,269.1515,262.1282,261.1288,275.0588,260.3482,261.6513,259.9815,272.3581,273.6773,306.2489,306.2490,301.6279,261.4816,272.1719,257.0024,264.7152,262.3200,263.9995,263.4351,269.3915,0.0000,268.8007,262.0670,285.3104,284.8740,263.6245,263.1471,299.3059,269.3796,266.5465,287.8453,281.5334,266.2782,281.7348,313.5337,273.1764,294.0862,320.1061,326.5291,303.6144,293.2330,260.2471,283.7941,283.5689,277.8527,292.3624,275.9781,270.8168,277.4633,278.3360,307.0268,318.2903,276.0213,276.9367,278.1751,278.2692,277.3193,273.7116,278.1323,277.7581,279.2438,278.2919,278.1591,272.1777,266.4640,258.9092,263.4373,0.0000,264.0418,266.7557,264.0415,262.3224,262.4674,264.0795,269.1744,265.6879,303.7906,261.6977,264.0487,265.5436,264.3069,261.8549,268.1846,261.0944,260.3685,261.8527,277.7291,282.3343,297.2564,297.9645,305.9188,269.3198,276.3584,269.0388,273.6159,274.1894,263.6486,265.3951
22.0000,286.1031,261.3742,261.8090,262.2189,255.9484,272.1232,270.5952,297.6445,266.9177,301.6637,284.6173,297.2216,266.8404,271.5965,260.2996,260.1110,266.9840,267.7374,265.4291,258.8053,266.1330,264.2248,264.8322,264.1542,275.3115,278.7849,279.3413,274.1945,302.4996,261.0163,261.8936,262.3619,304.1298,288.9821,287.0362,290.9558,266.1917,284.9885,266.3555,286.9775,304.4131,285.5821,285.5370,305.9846,307.1749,271.6451,276.4881,275.5364,257.7408,287.0029,285.4725,281.3245,285.9038,273.1008,286.7216,283.0915,257.3332,284.7568,265.1937,263.0248,272.9510,273.1864,282.4826,282.8461,277.2690,273.9097,274.1164,278.6018,274.2556,275.0504,289.0296,276.2433,267.0002,273.0006,271.0266,256.3399,263.5982,303.1103,297.2503,284.4320,260.9363,268.4850,266.2820,266.4021,267.2746,267.7792,268.1332,267.7307,267.1397,296.6873,266.6573,265.9931,265.5403,261.0314,259.0536,287.7326,288.8661,274.6024,0.0000,284.0429,289.7761,267.1095,264.6974,288.1045,265.5103,265.4893,268.5455,271.9279,272.2682,261.7574,267.9045,287.5322,296.9019,269.9609,271.1378,267.0162,272.8449,288.2258,264.5936,282.8586,274.9906,266.9845,267.5454,259.7526,269.9976,269.7902,301.2832,270.0008,267.2800,267.3273,259.3827,259.5558,275.3179,292.5897,262.3996,272.0089,266.9931,267.7732,268.1956,273.2075,268.0148,269.5352,262.2287,261.2289,274.9513,260.4631,261.7034,260.0147,272.3417,273.6788,307.2090,307.2091,302.4159,261.6829,272.4291,256.9715,264.6009,262.2256,264.1504,263.5713,269.3762,0.0000,268.5309,262.1827,285.3336,284.8902,263.7654,263.2894,299.9307,269.6063,266.7408,287.8188,281.5334,266.0222,281.7335,314.0352,273.1491,295.0643,321.8267,328.2346,304.3773,293.8035,260.2500,283.7944,283.5727,277.8280,292.4535,275.9865,271.1230,277.8405,278.7753,308.4132,319.9684,276.3363,276.8077,278.0052,278.0991,277.1798,273.6041,277.9631,277.5953,279.0571,278.1218,277.9794,272.1145,266.6573,259.0603,263.5735,0.0000,263.0461,266.9450,263.0457,262.4214,262.5659,264.2460,268.8021,265.2113,304.5352,261.8949,263.6958,265.4531,263.9411,260.5112,268.2817,260.2539,260.2996,260.5092,278.1204,282.3343,297.8683,298.5930,306.7284,269.3051,276.2472,269.0219,273.6294,274.2207,263.8181,265.6000
23.0000,286.6849,261.7400,262.1826,262.4773,256.0183,272.2308,270.6865,297.6029,267.3196,302.0303,285.0647,297.5177,267.6618,272.2236,260.2432,260.2449,266.6918,267.6132,265.4702,258.7792,266.2585,264.2589,264.8892,264.3103,275.4436,278.9429,279.5047,274.8127,303.2623,261.3764,262.2611,262.7104,304.9770,289.5693,287.5556,291.4220,266.5940,285.2482,266.7510,287.5773,305.3820,285.9274,285.9765,306.9869,308.0731,271.6347,276.9762,276.0382,257.7408,289.0465,287.8197,281.5374,286.6076,273.4138,287.6175,283.3727,257.6070,286.9245,265.2122,263.0037,273.4405,273.6882,284.3385,284.8043,277.2690,274.3352,274.4949,279.1581,274.6837,275.4355,290.5177,276.2690,267.0898,273.4839,271.0311,256.6599,263.7058,303.8930,297.8048,284.6764,261.4235,268.3473,266.6852,266.8095,267.6745,268.1795,268.5366,268.1368,267.5434,296.9206,267.0433,266.3760,265.9040,261.3686,259.3847,288.0376,289.1497,275.2213,0.0000,284.4926,290.2513,267.5207,264.8659,288.6441,265.6875,265.6912,268.8909,272.3714,272.7371,262.1307,268.3080,288.9951,297.4737,270.3927,271.2160,267.1002,270.6866,288.6684,264.9699,283.1649,275.4868,267.3790,267.9443,260.0990,270.0242,270.3098,301.6448,270.4080,267.3175,267.3648,259.6279,259.6135,275.4501,292.8621,262.7734,272.5182,267.4031,268.1798,268.6142,273.1923,267.9709,269.5793,262.3371,261.1308,275.4435,260.7222,261.8387,260.0924,272.7556,274.1010,307.6078,307.6079,302.7406,262.0487,272.9149,257.4414,264.2026,262.0758,264.4909,263.9405,269.7838,0.0000,268.5034,262.4435,287.7366,287.4220,264.1513,263.7524,300.3740,270.0264,267.1282,288.9380,281.5334,266.0598,281.7919,315.0277,273.7758,295.7933,323.0850,329.0634,305.2318,294.0677,260.4193,285.9247,285.6323,278.9880,292.8243,276.2570,271.2166,277.9686,278.9347,309.4680,321.2072,276.4389,277.3662,278.5066,278.6000,277.6288,274.0915,278.4644,278.1389,279.6143,278.6236,278.4860,272.6304,267.0433,259.3914,263.9428,0.0000,262.4339,267.3471,262.4336,262.5816,262.7516,264.6075,268.7017,265.0523,305.3691,262.2625,263.6370,265.6268,263.8977,259.6104,268.7615,260.1507,260.2432,259.6086,278.2867,287.4220,298.4711,299.2303,307.6197,269.7131,276.7932,269.4278,274.0557,274.6486,263.7057,265.6151
24.0000,286.7530,261.9739,262.4200,262.7284,256.2258,272.3526,270.8179,297.6445,267.6551,302.3149,285.3766,297.6624,267.7720,272.0396,260.2312,260.2904,266.3719,267.3733,265.5390,258.9258,266.3631,264.2183,264.8892,264.4583,275.5715,279.1008,279.6765,274.7571,303.8530,261.6074,262.5916,263.0577,305.6301,289.7097,287.6658,291.7221,266.9140,285.3915,267.0138,287.6349,305.2251,286.1553,286.3129,306.8106,308.7862,271.8208,277.4171,276.4976,257.7408,287.6156,285.8629,281.7400,288.9436,274.2684,287.4593,283.5484,257.6973,285.3175,265.4346,263.6375,273.8589,274.1206,283.0875,283.4231,281.9136,274.9930,275.3745,279.5590,275.0958,275.8285,290.1402,276.7863,267.8471,273.9022,271.2034,256.8723,263.7000,304.5065,298.2149,284.8416,262.5373,268.0716,267.0059,267.1446,268.0179,268.5272,268.8782,268.4693,267.8850,297.1110,267.3410,266.6461,266.1945,261.6428,259.6379,288.2295,289.3786,275.2119,0.0000,284.8021,290.5706,267.7880,265.0169,288.8012,265.8794,265.9071,269.2824,272.8397,273.1690,262.2523,268.6090,288.5314,297.8956,270.6921,271.2863,267.0865,270.6750,288.8626,265.3517,283.3112,275.9000,267.6755,268.2472,260.3156,270.1972,270.2907,301.9170,270.8774,267.5034,267.5508,259.7741,259.6135,275.5778,293.1345,263.1107,272.3539,267.7174,268.5014,268.9332,273.3426,268.0944,269.7011,262.5245,261.3174,275.8492,260.8847,261.9639,260.1597,273.2848,274.7433,307.6503,307.6504,302.8451,262.3551,273.2241,256.9128,264.6377,262.2013,264.7852,264.3331,270.2642,0.0000,268.6982,262.6968,285.7323,285.3887,264.5293,264.0968,300.6869,270.3390,267.4265,287.9655,281.5334,266.1298,281.7411,314.7811,273.6647,295.9217,323.1425,329.0952,305.8845,294.3327,260.4760,284.3593,284.1448,278.5739,292.8383,278.3846,271.3387,278.1096,279.0914,309.5538,321.2762,276.5757,277.9484,278.9336,279.0211,278.0327,274.4882,278.8916,278.5413,280.0159,279.0457,278.9416,273.0749,267.3410,259.6446,264.3355,0.0000,261.9020,267.6824,261.9017,262.7737,262.9507,264.8940,268.3773,264.9260,305.9968,262.5929,263.6301,265.8139,263.9227,258.8557,268.8617,260.7883,260.2312,258.8537,278.4259,282.3343,298.9206,299.7097,308.3231,270.1944,277.3457,269.9067,274.6225,275.2803,263.8823,265.8331
25.0000,301.8628,261.4202,261.8636,262.2845,255.8878,269.8257,267.5493,297.6445,267.2490,301.6773,284.7517,296.7090,267.1984,272.0223,260.0832,260.2604,265.4935,266.5809,264.9750,258.3719,265.4244,263.5457,264.2580,263.7669,272.5428,275.7073,276.3529,274.6536,300.9538,261.0535,262.0975,262.5474,302.6770,301.2851,298.2948,291.0480,266.5116,286.3451,266.6268,302.7696,320.8445,285.7101,285.6789,322.4736,305.8128,271.4129,276.9316,276.0134,257.7408,287.2586,285.5765,281.1259,288.1758,273.7750,286.8377,282.8947,257.1286,284.9037,265.0403,263.2279,273.4048,273.6668,282.7026,283.0460,281.3554,274.5186,274.8858,279.1002,274.6371,275.3685,289.6975,276.3106,267.3551,273.4479,270.9377,256.3441,262.9796,301.5929,297.4730,284.7363,262.1385,267.2625,266.6028,266.7350,267.6194,268.1340,268.4788,268.0674,267.4845,296.7684,266.8671,266.2522,265.7622,261.1920,259.1605,287.8671,289.0663,275.1227,0.0000,284.1828,289.8978,267.3587,264.2589,297.6458,265.3929,265.4376,268.8276,272.3888,272.7161,262.1620,268.1199,288.0967,297.1456,270.1609,267.8774,265.7272,269.8550,292.3267,264.9171,282.6398,275.4280,267.2790,267.8671,259.7620,269.8205,270.0825,301.2532,270.4327,267.1247,267.1720,259.1814,259.6135,262.4378,292.7607,262.6165,272.0522,267.3077,268.1010,268.5305,272.8970,265.5525,267.1762,262.1432,260.9450,275.3754,260.6269,261.7503,260.0466,272.8304,274.2698,307.0507,307.0508,302.3762,261.8465,272.6848,257.0615,264.3511,262.0133,264.3594,263.8921,269.8215,0.0000,268.2445,262.2580,285.4492,285.0915,264.0806,263.6423,299.9616,269.8406,266.9522,287.6771,281.5334,265.5735,281.7260,313.5909,273.5973,307.6006,335.1877,328.0514,302.9209,293.9553,260.4371,283.9725,283.7726,278.1622,292.3909,277.8693,268.1272,274.7744,275.6982,321.4387,333.3047,273.5340,277.4851,278.4446,278.5311,277.5475,274.0034,278.4028,278.0771,279.5564,278.5559,278.4482,272.6145,266.8671,259.1672,263.8945,0.0000,260.8672,267.2765,260.8669,262.4195,262.6206,264.4465,267.4809,264.2077,303.0544,262.0988,263.0588,265.3227,263.2653,257.6515,268.6091,260.3683,260.0832,257.6495,276.2828,282.3343,298.1528,298.9245,305.3512,269.7529,276.8851,269.4635,274.1560,274.8053,263.2952,265.4465
26.0000,306.5001,261.5976,262.0426,262.5775,256.1821,274.2875,272.0237,297.6445,267.2538,301.4385,284.9069,296.5129,267.2314,272.0278,260.0537,260.2130,265.1078,266.3649,264.4862,258.5066,266.8776,263.9763,264.8892,264.6579,278.0444,281.7395,282.4900,274.6933,300.8708,261.2323,262.2080,262.6545,302.5493,306.0176,302.9029,291.0788,266.5112,290.7226,266.6248,307.4138,325.6230,286.9525,285.9409,327.2642,305.6578,270.8604,276.3760,275.4527,257.7408,286.8815,285.2714,280.2462,287.0808,273.2852,286.0501,281.9505,257.2209,284.4553,264.5139,263.3151,272.8968,273.1527,282.2574,282.5997,279.7894,273.9784,274.3046,278.5671,274.1360,274.8780,289.1545,275.9701,267.2174,272.9420,270.5911,256.4419,262.9325,301.5111,297.3905,288.5812,262.1385,267.0290,266.6016,266.7415,267.6201,268.1281,268.4889,268.0703,267.4837,297.3423,266.8628,266.2561,265.7980,261.2257,259.2171,289.4633,290.9201,275.1789,0.0000,284.2842,289.9373,267.3423,265.2318,302.6079,265.0156,265.0938,268.3964,271.8904,272.2135,262.0943,268.1043,287.5800,297.0823,270.1265,272.0635,267.3105,269.6299,297.7739,264.9815,281.6918,274.8874,267.2812,267.8632,259.9041,269.3152,270.0263,301.0191,269.9630,266.6188,266.6660,259.2092,259.6135,278.0583,293.9924,262.7253,271.7650,267.2996,268.1010,268.5196,272.2934,270.0014,271.6186,262.3047,261.0983,274.8347,260.7276,261.7252,260.0342,272.3285,273.7347,307.4286,307.4286,302.8423,261.9736,272.6008,256.9160,264.3536,261.9778,264.4073,263.9713,269.3546,0.0000,267.5692,262.5381,285.1453,284.7571,264.1565,263.7297,299.7692,269.7893,266.9470,287.4245,281.5334,265.0675,281.7128,311.2318,273.6205,312.1266,338.5134,327.9197,302.7907,294.9890,260.3867,283.5409,283.3495,277.6758,291.4239,276.9510,272.5424,280.0486,281.7070,325.4890,336.7560,279.0493,276.9218,277.8847,277.9747,276.9734,273.4488,277.8433,277.5343,279.0224,277.9984,277.8392,272.0811,266.8628,259.2237,263.9737,0.0000,260.2512,267.2812,260.2508,262.5173,262.6812,264.4744,267.3176,263.6205,302.9376,262.2093,262.5122,264.9397,262.7647,256.9184,268.6098,260.4276,260.0537,256.9163,281.2846,282.3343,298.0830,298.8532,305.2002,269.2872,276.3043,268.9940,273.6549,274.2765,263.3412,264.9305
27.0000,306.5919,261.3735,261.8050,262.4849,256.2184,274.2910,272.0009,297.5308,267.0257,300.9217,284.5489,295.8762,266.9325,271.8154,260.0000,260.1953,264.8539,266.1236,264.1034,258.3760,266.8370,264.0106,264.8892,264.5858,278.0655,281.7667,282.5222,274.4821,300.3500,261.0159,262.0016,262.4533,301.9814,306.1401,303.0080,290.6540,266.2814,290.7807,266.4007,307.4981,325.5518,286.8263,285.5768,327.1790,305.0408,270.7684,276.0155,275.0794,257.7408,286.8650,285.2819,280.0306,287.0206,273.1656,285.8746,281.7143,257.0055,284.3994,264.3931,264.0760,272.6002,272.8412,282.1525,282.4864,279.5598,273.7104,274.0542,278.2693,273.8529,274.6167,289.0514,275.6197,267.6030,272.6458,270.5161,256.2289,262.7373,300.9854,296.9121,288.5966,261.9934,266.8135,266.3708,266.5050,267.3912,267.8962,268.2581,267.8383,267.2493,297.1898,266.5855,266.0350,265.5740,261.0059,258.9993,289.4204,290.8535,274.9809,0.0000,283.9245,289.5243,267.1018,265.1492,302.7008,264.6838,264.7844,268.1152,271.6069,271.9206,262.0859,267.8103,287.4753,296.6049,269.8387,272.0223,267.4190,269.6185,297.8035,264.7889,281.4664,274.5617,267.0522,267.6312,259.6895,269.2246,269.8120,300.4904,269.6968,266.5170,266.5642,259.0153,259.6135,278.0748,293.8867,262.5129,271.5637,267.0622,267.8674,268.2793,272.2276,270.0009,271.6199,262.1639,260.9582,274.5136,260.7231,261.6123,259.9743,272.0528,273.4644,307.4190,307.4191,302.7478,261.7647,272.1040,257.1827,263.9960,261.8183,264.1986,263.7856,269.0921,0.0000,267.0745,262.4450,285.1485,284.7224,263.9662,263.5403,299.2592,269.3980,266.6679,287.6256,281.5334,264.6693,281.7233,309.2205,273.4128,312.4093,339.5720,327.7556,302.2188,294.8699,260.3704,283.4638,283.2713,277.4900,290.4241,276.7056,272.5251,280.0693,281.7352,326.1323,337.7357,279.1015,276.4693,277.5216,277.6128,276.6472,273.1133,277.4805,277.2239,278.7265,277.6354,277.4188,271.7460,266.5855,259.0059,263.7880,0.0000,259.8837,267.0530,259.8833,262.3701,262.5303,264.2406,266.9583,263.2928,302.3817,262.0030,262.0969,264.6012,262.3095,256.4856,268.3899,261.1419,260.0000,256.4833,281.3041,282.3343,297.5944,298.3546,304.5904,269.0267,275.8310,268.7292,273.3711,273.9911,263.1790,264.8139
28.0000,283.1687,260.2905,260.6976,261.5025,255.8746,270.7220,269.1803,292.7991,265.7346,296.2148,281.2562,291.6093,265.6843,269.9201,259.8622,260.1416,263.8276,265.2119,263.3798,257.3412,265.4187,264.2400,264.6572,263.4315,273.7195,276.9964,277.5081,272.3209,295.2851,259.9448,260.8538,261.2982,295.7969,285.9178,284.2064,286.8703,265.0024,282.5815,265.0978,284.0037,300.6373,282.1496,282.1291,302.1364,298.8221,270.5446,276.1125,275.2089,257.7408,286.7478,285.1993,279.7059,287.4186,273.1873,285.5865,281.3643,256.1405,284.3002,264.1673,265.2649,272.3847,272.6502,282.0330,282.3664,280.3085,273.4787,273.8954,278.0533,273.6184,274.3360,288.9041,275.4630,268.3555,272.4292,270.3629,255.3213,261.7379,295.8929,292.3729,281.8722,260.8211,265.8614,265.0949,265.3291,266.0676,266.5491,266.9424,266.5289,265.9801,292.3901,265.2201,264.7528,264.2779,259.8498,257.9326,284.3200,285.4355,272.7627,0.0000,280.7345,285.8238,265.7631,263.9169,285.2655,263.9658,264.0932,267.6930,271.3724,271.6885,262.0568,266.4075,287.3151,292.0792,268.3207,269.7697,266.6391,268.8171,285.8185,263.5826,281.1329,274.4422,265.7486,266.2886,258.6690,269.0190,268.1545,295.8216,269.4110,266.3074,266.3546,258.0608,259.0075,273.7258,288.7492,261.3543,269.7939,265.8126,266.5539,266.9560,271.9948,266.4989,268.0904,261.3079,260.3390,274.3939,259.9475,260.9242,259.5548,271.8098,273.2236,302.4181,302.4182,297.8319,260.6354,270.5823,257.1625,263.8507,261.6796,263.0021,262.6053,268.8028,0.0000,266.6280,261.4658,285.0647,284.6357,262.7826,262.3636,294.6044,267.9308,265.3010,287.6315,281.5334,263.9753,281.7237,309.4721,271.3690,291.8021,314.9804,322.4393,296.1303,289.8287,260.3204,283.3560,283.1642,277.3283,290.5653,276.8394,269.7253,276.2290,276.9942,304.8462,313.5934,274.7787,276.5499,277.6215,277.7072,276.6300,272.9843,277.5786,277.0394,278.5072,277.7321,277.6128,271.6248,265.2201,257.9393,262.6077,0.0000,258.8441,265.7614,258.8438,261.4801,261.6446,262.9862,266.1155,262.4740,296.9172,260.8551,261.4011,263.8759,261.5622,255.3732,266.8703,262.3422,259.8622,255.3710,276.2334,282.3343,292.9301,293.5679,298.3925,268.7396,275.9078,268.4393,273.0951,273.7349,262.1173,264.5928
29.0000,283.4723,259.9761,260.3573,261.4300,256.0268,270.6446,269.1048,292.8408,265.5518,296.1972,281.2092,291.4740,265.5693,269.7943,259.7770,260.1159,263.1533,264.6509,263.1585,257.0021,265.3308,264.0056,264.4791,263.3754,273.6575,276.9363,277.4465,272.2133,295.2207,259.6388,260.6187,261.0513,295.7969,286.2519,284.4664,286.8183,264.8267,282.6186,264.9499,284.3183,301.1776,282.1618,282.1021,302.6971,298.7979,270.8226,276.2212,275.3115,257.7408,286.8548,285.2664,280.0641,287.7133,273.4864,285.9467,281.7212,255.8255,284.3723,264.4436,266.9757,272.4161,272.6804,282.0967,282.4210,280.4827,273.5514,273.9978,278.1455,273.7064,274.4585,289.0147,275.8916,269.4040,272.4615,270.6157,254.9693,261.2531,295.8205,292.3146,281.8918,260.4217,265.2684,264.9188,265.1532,265.8763,266.3519,266.7511,266.3465,265.7926,292.4180,265.0093,264.6083,264.1093,259.6452,257.6749,284.3483,285.4716,272.6954,0.0000,280.6688,285.7673,265.6279,263.8365,285.5160,263.8093,263.9517,267.6679,271.4075,271.7181,262.0218,266.1861,287.4116,292.0202,268.1009,269.7069,266.3545,268.4477,285.8998,263.3979,281.4818,274.5064,265.5984,266.1598,258.3501,269.2948,268.0114,295.7937,269.4396,266.5837,266.6309,257.6437,259.1508,273.6640,288.7765,261.1121,269.6205,265.6408,266.3802,266.7828,272.2785,266.3806,267.9961,261.4798,260.9450,274.4591,259.9475,260.9574,259.5849,271.8538,273.2910,302.6975,302.6976,297.9913,260.3833,270.2607,257.3209,263.6480,261.5637,262.8415,262.4216,268.8372,0.0000,266.3153,261.3927,285.1295,284.7007,262.6031,262.1922,294.5479,267.6641,265.0894,287.7312,281.5334,263.7501,281.7289,311.5804,271.2484,292.2326,318.3149,322.8286,296.1185,289.8548,260.2934,283.4206,283.2306,277.3916,291.5249,276.9624,269.6447,276.1505,276.9335,305.3948,316.5348,274.7080,276.5749,277.7186,277.8075,276.7260,273.0492,277.6753,277.1203,278.5984,277.8319,277.7051,271.6698,265.0093,257.6816,262.4239,0.0000,258.0653,265.5786,258.0650,261.5543,261.6698,262.7956,265.5711,262.0445,296.8690,260.6201,261.2160,263.7117,261.3289,254.4397,266.7306,264.0202,259.7770,254.4377,276.1963,282.3343,292.8697,293.5062,298.3703,268.7756,275.9580,268.4722,273.1399,273.8029,261.8497,264.8673
30.0000,283.8035,259.8142,260.1862,261.4116,256.0174,270.8093,269.2410,293.1758,265.5262,296.3880,281.3367,291.6431,265.5349,270.5812,259.7790,260.1187,263.0200,264.5485,263.1938,256.9499,265.3758,264.0133,264.5061,263.3807,273.8606,277.2192,277.7396,272.8841,295.2898,259.4815,260.5263,260.9224,295.7969,286.5665,284.7808,286.9703,264.8100,282.8989,264.9750,284.6550,301.6264,282.4272,282.2201,303.1560,298.8052,270.9681,276.6340,275.7086,257.7408,287.1070,285.4516,280.2841,288.1903,274.2517,286.3234,281.9571,255.6999,284.6202,264.6010,269.7256,272.7919,273.0577,282.3566,282.6743,280.9575,273.9566,274.4562,278.4942,274.1258,274.9058,289.3751,276.3629,271.3845,272.8374,270.7746,254.7740,261.1234,295.8864,292.4274,282.1685,260.6652,265.2011,264.9015,265.1271,265.8424,266.3113,266.7033,266.3102,265.7583,292.8332,264.9663,264.6160,264.0954,259.5953,257.5724,284.6569,285.7860,273.3686,0.0000,280.7870,285.9046,265.6235,263.8245,285.8387,263.8743,264.0300,267.9570,271.7843,272.0905,262.0239,266.1279,287.7708,292.1287,268.0100,269.8593,266.3602,268.7833,286.2436,263.3928,281.7276,274.9021,265.5830,266.1553,258.1786,269.4484,268.4527,295.9828,269.8226,266.7409,266.7882,257.4741,259.2085,273.8670,289.1388,261.0182,270.0555,265.6206,266.3475,266.7494,272.4085,266.5623,268.1673,261.4889,260.9450,274.8537,259.8966,260.9960,259.6108,272.2187,273.6887,303.9126,303.9127,298.8358,260.2752,270.2630,257.2876,263.7122,261.5914,262.8236,262.4199,269.2417,0.0000,266.3987,261.3738,285.3151,284.9080,262.5986,262.2030,294.6742,267.6481,265.0467,287.8716,281.5334,263.7903,281.7362,313.7540,271.9698,292.5970,318.9165,324.5117,296.1263,290.2327,260.2961,283.6658,283.4770,277.6961,292.5824,277.4217,269.7862,276.3758,277.2147,305.9246,317.1326,274.9285,277.0201,278.1431,278.2333,277.1606,273.4479,278.0994,277.4882,278.9495,278.2570,278.1291,272.0729,264.9663,257.5791,262.4223,0.0000,257.8682,265.5526,257.8678,261.5657,261.6798,262.7612,265.4386,262.0644,296.9140,260.5277,261.2338,263.7696,261.3260,254.1469,267.0331,266.7721,259.7790,254.1454,276.4218,282.3343,292.9687,293.5940,298.3776,269.1832,276.3922,268.8771,273.5574,274.2185,261.8430,265.0239
31.0000,283.9352,259.9670,260.3226,261.5099,256.4239,270.8007,269.3102,293.3433,265.7940,296.4638,281.5357,291.7219,265.6332,270.8627,259.7775,260.5906,262.9597,264.5379,263.3849,256.9494,265.2568,263.4954,264.0656,263.3817,273.8718,277.3074,277.8508,273.1337,295.3210,259.6398,260.6854,261.0481,295.7969,286.7452,284.9105,287.1028,265.0821,282.9796,265.2824,284.7886,301.7995,282.6277,282.4443,303.3328,298.8276,271.3333,277.5701,276.6255,257.7408,287.4851,285.7296,280.6189,289.1585,275.3988,286.7649,282.2705,255.9687,285.0561,264.9441,273.0763,273.6108,273.8802,282.8475,283.1590,281.9919,274.7438,275.3121,279.3481,275.0046,275.8176,289.9573,277.1423,273.6706,273.6562,271.1200,254.9971,261.1975,295.9137,292.4997,282.2695,260.7844,265.1654,265.1725,265.3615,266.1282,266.6127,266.9736,266.5842,266.0301,293.0163,265.1478,264.9273,264.3385,259.8248,257.8000,284.8426,285.9793,273.6253,0.0000,280.9740,286.0461,265.9297,263.8553,286.0181,264.1678,264.3476,268.6091,272.5917,272.9042,263.6113,266.2851,288.3580,292.2025,268.1082,269.8604,266.1237,268.5337,286.4218,263.5881,282.0215,275.7850,265.8824,266.4792,258.3557,269.8024,268.7766,296.0582,270.6240,267.0872,267.1345,257.6352,259.1787,273.8782,289.3363,261.1766,270.5003,265.8903,266.6292,267.0315,272.7910,266.5617,268.1613,261.5711,260.9450,275.7379,259.8479,261.0932,259.6601,272.9817,274.4688,304.1821,304.1822,299.0594,260.4341,270.4004,257.4672,263.5988,261.5629,263.0408,262.5968,270.0797,0.0000,266.2020,261.4741,285.5983,285.2468,262.7713,262.3704,294.7279,267.8063,265.2276,287.8765,281.5334,263.9439,281.7365,314.8151,272.2301,292.8007,316.5504,325.0961,296.1236,290.4285,260.9326,284.1124,283.9224,278.3348,292.9344,278.3406,269.8419,276.4480,277.3012,306.2377,315.1369,274.9555,277.8920,279.0986,279.1902,278.1192,274.3466,279.0540,278.3536,279.8048,279.2137,279.0813,272.9675,265.1478,257.8066,262.5991,0.0000,257.8086,265.8207,257.8082,261.6777,261.8068,262.9872,265.4399,262.1445,296.9003,260.6868,261.4174,264.0569,261.4843,254.0455,267.3310,270.0420,259.7775,254.0440,276.4605,282.3343,293.0315,293.6476,298.3960,270.0257,277.2597,269.7196,274.3818,275.0133,261.8649,265.3680
32.0000,283.9063,260.0195,260.3802,261.5075,256.0595,271.0937,269.5065,293.3817,265.6838,296.4657,281.4626,291.6193,265.4356,270.6962,259.8359,260.1155,263.3226,264.8313,264.1179,256.6385,265.6092,264.4632,264.8692,263.5418,274.1572,277.5102,278.0322,272.9757,295.3146,259.6959,260.6800,261.0833,295.7969,286.6737,284.9296,287.0091,264.9646,283.1701,265.1408,284.7472,301.5017,282.7423,282.3547,303.0117,298.8415,272.0769,279.4212,278.4423,257.7408,288.3990,286.4483,281.5871,290.8561,277.6219,287.9511,283.2985,256.1195,286.1482,265.7069,278.4767,275.4145,275.6980,284.0421,284.3437,284.0343,276.4324,277.1017,281.2317,276.9332,277.8239,291.2362,279.2824,277.6075,275.4590,271.8072,255.0639,261.3968,295.9122,292.4610,282.4559,260.5192,265.4867,265.0548,265.2464,266.0262,266.5150,266.8595,266.4631,265.9244,293.0385,265.1540,264.7879,264.2732,259.8619,257.8463,285.0128,286.0981,273.4674,0.0000,280.8953,285.9635,265.7747,263.9851,286.0121,264.9396,265.1183,270.0444,274.3605,274.7027,262.0142,266.2825,289.6519,292.1627,268.1328,270.1606,266.9347,268.5297,286.5429,263.5220,283.0662,277.6525,265.7431,266.3179,258.3935,270.5363,268.5684,296.0502,272.3537,267.8300,267.8774,257.7383,259.2454,274.1635,289.4189,261.1683,270.0827,265.7627,266.4984,266.8883,273.5184,266.8569,268.4553,261.6423,260.9450,277.5951,259.9379,261.2730,259.7616,274.6395,276.1460,304.0956,304.0957,299.0285,260.4436,270.4576,257.1513,263.9222,261.7009,263.0060,262.5420,271.8793,0.0000,267.0495,261.4682,286.3225,286.0629,262.7099,262.2916,294.6697,267.8541,265.2336,288.2069,281.5334,264.7035,281.7538,314.7451,272.0679,292.6667,315.9857,324.8213,296.1279,290.4959,260.2920,285.2151,285.0109,279.8529,292.8610,280.2159,270.0676,276.6642,277.5043,305.9143,314.6105,275.2530,279.7824,280.9623,281.0556,279.9939,276.2541,280.9173,280.2310,281.6915,281.0789,280.9526,275.0127,265.1540,257.8529,262.5442,0.0000,258.2695,265.7100,258.2692,261.7575,261.8767,262.9655,265.7443,262.8155,296.9219,260.6815,262.0789,264.8247,262.1650,254.4893,267.1805,275.2961,259.8359,254.4875,276.7157,282.3343,293.0002,293.6244,298.4084,271.8327,279.1315,271.5315,276.1380,276.7284,261.7375,266.1245
33.0000,283.4713,260.2713,260.6293,261.6464,255.9564,270.8179,269.4036,293.4076,266.0573,296.5248,281.9706,291.6741,265.8084,271.1038,259.8796,260.1923,263.7905,265.1642,265.6949,257.1511,265.2620,263.2930,263.9074,263.4685,273.8790,277.3839,277.9350,273.3697,295.3852,259.9516,261.0184,261.4177,295.7969,286.2834,284.5203,286.9601,265.3388,282.8857,265.5420,284.3033,300.8755,282.6070,282.9641,302.3692,298.8260,273.1965,283.1707,282.1010,257.7408,292.8438,291.7169,282.9957,291.6782,280.4381,290.1667,284.7758,256.4868,289.6764,266.8238,279.9247,278.8886,279.2060,287.6719,287.7379,283.3425,279.2541,279.7469,284.9457,280.7749,281.8945,294.0254,283.9092,281.0913,278.9324,272.9186,255.3655,261.6752,295.9843,292.5606,282.2363,261.3960,265.8004,265.4279,265.6093,266.3882,266.8657,267.2304,266.8370,266.2798,292.9466,265.6183,265.1955,264.6909,260.3499,258.2659,284.6244,286.0353,273.8517,0.0000,281.3086,286.0051,266.1641,263.9522,285.6772,266.6168,266.7766,272.8817,277.6995,278.1470,262.2552,266.7299,292.7597,292.2233,268.5669,269.9421,266.0150,268.6775,286.3075,263.9310,284.5783,281.3320,266.1383,266.7336,258.6596,271.6765,269.0110,296.1092,275.7028,268.9690,269.0167,258.0572,259.5470,273.8854,289.3717,261.5049,270.6700,266.1240,266.8774,267.2641,274.6395,266.5964,268.1865,261.8884,260.8899,281.2520,259.9379,261.8084,260.0729,277.6221,278.9722,303.4431,303.4432,298.6542,260.7620,271.0517,257.3386,263.9072,261.7429,263.4244,262.9603,275.4083,0.0000,268.6092,261.6119,291.2992,289.6737,263.1253,262.7123,294.7522,268.3975,265.6983,301.9468,302.5659,266.2627,302.3919,337.6278,272.4676,292.0092,314.3587,324.0906,296.1383,290.4435,260.3930,288.6306,288.6664,283.4146,314.5162,281.7620,269.9272,276.5223,277.3773,304.5880,313.0302,274.9769,283.4181,284.7345,284.8241,283.7006,280.0401,284.6876,283.9332,285.4103,284.8489,284.6871,279.2506,265.6183,258.2725,262.9625,0.0000,259.0368,266.0835,259.0366,262.1101,262.2624,263.4108,266.0593,264.1349,296.9744,261.0199,263.6633,266.5016,263.7294,255.2313,267.5845,279.1564,259.8796,255.2297,276.4554,282.3343,293.0633,293.7053,298.3970,275.3784,282.7516,275.1169,279.3305,279.6725,262.0953,267.2391
34.0000,282.5322,260.2364,260.5939,261.6145,255.8444,270.1875,268.7294,292.9251,266.0929,296.1177,281.6563,291.3872,265.7365,270.5074,259.8391,260.2196,263.7098,264.7873,267.3051,257.1280,265.2381,264.0140,264.4325,263.3856,273.0370,276.3086,276.8146,272.4958,295.0938,259.9161,261.0077,261.4087,295.7969,285.2269,283.5823,286.6316,265.3701,282.1124,265.5475,283.3586,299.8177,282.0290,282.6231,301.3011,298.7837,275.0468,287.5720,286.4649,257.7408,291.4777,289.0021,285.0811,292.3073,283.7774,291.9198,286.8672,256.3883,290.2140,268.6646,282.0312,282.8518,283.2134,288.5934,288.8896,283.3425,282.4535,282.9009,289.2622,284.9574,286.1685,295.2803,287.9623,285.0828,282.8964,274.3906,255.3068,261.4932,295.6666,292.2338,281.4838,261.1358,265.4188,265.4599,265.6499,266.4449,266.9398,267.2624,266.8721,266.3396,292.3865,265.7365,265.2204,264.7130,260.4978,258.3397,283.9905,285.3764,272.3795,0.0000,281.0239,285.6881,266.1548,263.8518,284.6467,268.3364,268.4752,276.1819,281.5869,282.1075,262.2810,266.8453,293.9032,291.9053,268.7021,269.4383,266.4290,269.0247,285.3584,263.9363,286.6260,285.7597,266.1683,266.7700,258.6150,273.3729,268.6356,295.7124,279.7099,270.6761,270.7240,257.9492,259.2868,273.0514,288.7502,261.4969,270.0940,266.1518,266.9119,267.3033,276.5092,265.9964,267.5715,261.5582,259.7583,285.6832,259.9379,261.9613,260.1298,281.0526,282.1771,302.4940,302.4941,297.8802,260.7453,271.2758,257.1718,264.0623,261.7737,263.4459,262.9535,279.6960,0.0000,270.0505,261.5811,288.9022,288.9251,263.1166,262.6733,294.3661,268.5855,265.8173,289.2566,281.5334,267.8640,281.8086,314.9039,271.7212,290.8073,312.5602,322.8584,296.1133,289.8376,260.4201,289.3717,289.0726,285.8911,292.8860,283.8871,269.2899,275.6886,276.3098,303.1122,311.2896,273.3411,287.6105,289.1831,289.2755,288.1458,284.9643,289.1331,288.3123,289.7388,289.3007,289.0997,284.0780,265.7365,258.3464,262.9557,0.0000,259.4685,266.1192,259.4684,261.9702,262.1890,263.4914,265.6757,265.3641,296.7700,261.0091,265.2728,268.2205,265.3304,255.6653,267.3708,283.4747,259.8391,255.6637,275.6407,282.3343,292.7512,293.4021,298.3575,279.6833,286.9041,279.5460,283.1187,283.0714,262.1283,269.0585
35.0000,282.3584,260.8613,261.2096,262.2219,256.4801,270.3493,268.9518,293.1210,266.8553,296.2957,282.1985,291.7639,266.1969,271.3365,259.8555,260.2349,263.3679,264.0261,269.5638,257.7428,265.4845,263.9624,264.4325,263.7806,273.1605,276.5455,277.0700,273.3296,295.2376,260.5424,261.6746,262.0733,295.7969,285.0387,283.4377,287.0430,266.1343,282.1585,266.3220,283.1740,299.4121,282.1968,283.2062,300.8755,298.8169,277.5634,293.0927,291.9866,257.7739,293.8026,290.9465,288.2125,294.3181,287.9297,295.1645,290.0723,257.0252,293.3859,271.1233,285.7387,287.7096,288.1228,291.9607,292.3040,284.6423,286.5418,286.9138,294.6505,290.0102,291.2812,298.2148,293.1383,289.7877,287.7554,276.3904,255.9634,261.4678,295.7971,292.4753,281.5597,261.4151,264.6322,266.2246,266.4163,267.2056,267.7010,268.0607,267.6554,267.1032,292.4851,266.5801,265.9920,265.4560,261.3441,259.1151,283.9989,285.4789,273.2527,0.0000,281.5397,286.1096,266.9270,264.2292,284.5880,270.7524,270.8588,280.1290,286.2803,286.9326,262.2151,267.6828,296.9660,292.1539,269.5545,269.5418,266.5928,270.4324,285.5768,264.6317,289.7776,291.2054,266.9585,267.5929,259.2441,275.7440,269.4695,295.9076,284.3339,273.0482,273.0966,258.3670,259.6135,273.1798,288.8604,262.1669,271.0448,266.9224,267.6992,268.0850,279.1406,266.1640,267.7353,262.4166,260.8337,291.1415,260.6033,262.7980,260.6152,285.3233,286.2693,301.5239,301.5239,297.4210,261.4024,272.2649,255.6710,265.3580,262.1768,264.1916,263.6298,284.5329,0.0000,272.6784,262.1930,290.8574,291.0816,263.7871,263.2705,294.5613,269.5308,266.6622,290.1148,281.5334,270.1734,281.8532,318.6937,272.5561,290.2807,310.0885,321.5298,296.1352,289.9470,260.4234,292.5290,292.1278,290.0515,294.0041,287.0467,269.5004,275.9223,276.5466,301.7079,308.9983,273.3453,292.7835,294.7198,294.8130,293.6099,290.9825,294.6658,293.7911,295.1374,294.8391,294.5974,289.7332,266.5802,259.1218,263.6319,0.0000,259.9750,266.8823,259.9750,262.8069,262.9923,264.2838,264.9161,267.0555,296.8505,261.6761,267.4728,270.6367,267.5862,256.2193,268.1652,288.3721,259.8555,256.2175,275.7496,282.3343,292.9725,293.6005,298.3889,284.5302,292.0320,284.4961,287.6103,287.2978,262.8640,271.4903
36.0000,279.7005,259.9350,260.3087,261.1682,255.7090,266.7129,265.2758,292.3344,265.9816,296.0258,281.3595,290.9874,265.2848,270.5338,259.5397,260.5361,260.2920,260.6204,267.0355,257.1216,263.7607,262.7294,263.0952,262.4862,268.5038,271.6050,272.0663,272.5106,296.8680,259.5957,260.6573,260.9336,300.5013,282.1648,280.5314,286.6013,265.2929,278.6324,265.5305,280.5684,297.8841,280.6839,282.0794,299.4449,303.4799,275.3641,288.9460,287.9148,257.7408,292.2738,289.7523,284.2143,292.4696,284.3189,293.1855,286.8162,256.0865,291.7632,268.8192,283.6588,283.3065,283.7441,289.8338,290.2807,283.3425,282.5078,283.0798,290.4064,285.5523,286.7559,295.8017,288.8045,287.0266,283.3531,274.5419,255.0304,259.4044,297.3954,293.0325,278.2648,261.2461,261.0528,265.3857,265.5635,266.3645,266.8987,267.2559,266.8412,266.2821,291.3603,265.7028,265.2021,264.5781,260.3212,258.1266,282.3703,283.4471,272.3625,0.0000,280.8506,285.7217,266.1549,262.9265,281.5186,268.1597,268.2837,275.5111,281.8463,282.4787,262.7460,266.8248,294.4687,292.7921,268.6663,266.0293,264.7753,271.0474,282.1007,263.3545,286.7501,286.9829,266.2111,266.9587,258.3494,273.6464,268.6727,295.5937,278.8103,270.8938,270.9418,257.0830,259.3540,258.5578,287.2346,261.1729,270.2535,266.1095,266.9169,267.3177,277.1649,263.6188,264.7451,261.4172,259.8406,286.9258,259.6502,261.9280,260.1206,281.2837,282.2138,300.3068,300.3069,296.2739,260.4022,271.8229,256.8819,265.0346,262.0597,263.2607,262.5339,279.1018,0.0000,270.4505,261.1442,289.6354,289.6819,262.7027,262.1441,294.7307,268.8542,265.7890,289.6152,281.5334,267.6859,281.8272,323.3119,271.7506,287.4745,307.0708,321.1315,300.5470,288.4623,260.7585,290.7198,290.2853,286.7767,295.5968,284.1714,265.8538,271.6217,271.6263,298.9479,306.0386,268.6277,288.4481,290.5146,290.6111,289.4363,286.9213,290.4600,289.6003,290.8920,290.6361,290.3763,285.6170,265.7029,258.1333,262.5355,0.0000,257.3626,266.0105,257.3627,261.8397,262.0823,263.3596,261.4891,264.5574,299.4822,260.6587,264.9519,268.0472,265.0752,253.7929,267.3696,285.9920,259.9693,253.7905,271.5068,282.3343,293.8564,294.7363,303.0118,279.1018,287.6925,279.1003,282.8722,283.0368,262.2335,269.2211
37.0000,286.3857,260.6685,261.0562,262.1233,255.9587,270.8364,269.2337,297.6445,267.5422,301.6723,285.3184,296.3867,266.6600,274.0927,259.9444,260.8004,261.2422,261.3805,267.9295,258.3452,265.6041,263.8665,264.3644,263.8237,273.7059,277.1131,277.6819,277.5289,302.0485,260.3151,261.6340,261.8748,305.9949,289.1080,286.8749,291.0538,266.8828,282.8969,267.1601,287.3636,306.9343,285.1000,286.0951,308.6985,309.2202,275.9063,289.5397,288.5028,257.9113,292.5035,289.9608,285.0340,292.6089,284.8303,293.9772,287.6596,256.4560,292.1462,269.3207,284.0142,283.8816,284.3161,290.2528,290.7166,283.3425,283.0501,283.5918,290.9448,286.1367,287.3465,296.0884,289.4053,287.5347,283.9283,274.7425,255.4320,260.1261,302.6143,297.9978,281.5946,261.6477,261.8164,266.9804,267.1307,267.9227,268.4731,268.9048,268.4481,267.8554,296.5030,267.1876,266.7454,265.9945,261.4261,258.9795,286.7461,287.7619,277.4182,0.0000,284.6664,290.0532,267.8667,264.2632,288.4820,269.0044,269.0978,276.1871,282.4182,283.0573,262.6885,268.3203,294.7893,297.7138,270.1888,269.8113,266.9408,272.4141,289.1642,264.5497,287.5815,287.5711,267.8087,268.6803,258.9547,274.1035,271.4614,301.2187,279.4131,271.3525,271.4005,257.6025,259.8454,273.7226,291.9071,262.1688,273.4431,267.7376,268.5255,268.9105,277.8173,266.9192,268.3331,262.4555,260.8728,287.5170,260.2834,262.6523,260.6137,281.8350,282.7620,307.3605,307.3605,302.5160,261.3167,274.1298,257.0106,265.9861,262.7184,264.5114,263.6385,279.7165,0.0000,271.3861,262.0914,289.8461,289.9268,263.8186,263.2472,300.0166,270.7765,267.2827,289.5318,281.5334,268.5886,281.8229,322.4934,276.1233,295.6295,319.8360,332.4410,306.0436,293.2639,260.9750,291.1042,290.6592,287.2922,295.2313,284.5358,269.8047,276.3729,277.1110,309.7288,318.5614,274.0195,288.9992,291.1141,291.2170,290.0665,287.5170,291.0593,290.1644,291.4271,291.2398,290.9577,286.1965,267.1876,258.9862,263.6401,0.0000,258.4319,267.5725,258.4320,262.8506,263.0660,264.6707,262.2979,265.5368,304.8256,261.6353,265.8558,268.8952,265.9709,254.9455,269.7016,286.4531,260.5152,254.9430,276.1391,282.3343,298.8485,299.7734,308.7132,279.7165,288.2610,279.7165,283.4406,283.5911,263.4013,269.7059
38.0000,283.7356,260.5237,260.9144,261.8381,255.7126,267.3072,265.6542,297.6445,267.4344,302.3153,285.4602,296.9528,266.4334,273.5746,259.8353,260.7155,261.3620,261.4221,268.0225,258.1947,264.2062,262.3725,263.0907,263.0089,269.4344,272.6249,273.1637,276.6695,303.0082,260.1697,261.4905,261.7065,307.1461,286.5472,284.2098,291.3845,266.7762,280.1907,267.0654,284.7056,304.1169,284.6824,286.1723,305.8667,310.5024,275.7853,289.2466,288.1902,257.7408,292.4682,289.9577,284.9028,292.6063,284.8174,293.9203,287.5417,256.4562,292.1256,269.2178,283.6670,283.8559,284.2804,290.2310,290.6948,283.3425,283.0693,283.6043,290.8852,286.1251,287.3674,296.0481,289.4499,287.4141,283.9026,274.6357,255.4320,260.1506,303.6249,298.6813,279.4935,261.6477,261.8554,266.8732,267.0200,267.8186,268.3711,268.7941,268.3427,267.7498,296.4706,267.1129,266.6702,265.9295,261.3759,258.9467,286.1291,286.9521,276.5364,0.0000,284.8411,290.3784,267.7742,263.4034,285.6000,269.0699,269.1448,276.2086,282.4084,283.0405,262.7452,268.2301,294.7611,298.3990,270.0877,266.2597,264.0316,272.1827,285.6204,264.4365,287.4545,287.4521,267.7281,268.6212,258.8545,273.9891,271.1224,301.8551,279.4177,271.2440,271.2920,257.6050,259.7493,264.4202,291.4994,262.0210,273.0533,267.6270,268.4272,268.8126,277.6852,263.4767,264.8614,262.5216,261.4492,287.3911,260.1891,262.6096,260.5173,281.8435,282.7820,307.9210,307.9210,302.8387,261.1728,273.9739,256.7286,266.0289,262.6639,264.4448,263.5244,279.7277,0.0000,271.5342,261.8174,289.8421,289.9143,263.6977,263.1131,300.6883,270.6750,267.2079,289.5956,281.5334,268.6842,281.8262,321.0590,275.4175,293.2730,318.2662,333.7986,307.1995,292.9758,260.9111,291.0838,290.6398,287.2639,294.7165,284.5428,266.2116,272.2879,272.6352,307.7824,316.9520,270.4086,288.8586,290.8130,290.9174,289.8520,287.3911,290.7599,290.0793,291.3667,290.9396,290.5874,286.0878,267.1129,258.9534,263.5259,0.0000,258.6754,267.4648,258.6756,262.8598,263.0622,264.6065,262.3480,265.6853,305.8996,261.4919,265.9176,268.9656,266.1101,255.2761,269.4534,286.2627,260.4660,255.2735,272.5276,282.3343,299.6031,300.5951,309.9751,279.7277,288.1376,279.7277,283.4568,283.6236,263.2167,269.6020
39.0000,303.1299,260.5944,260.9808,261.9809,255.8061,268.5301,266.0975,299.5850,267.6007,303.9497,286.5205,298.5052,266.6087,274.0927,259.8852,260.6919,261.5375,261.5272,268.2959,258.2840,264.6722,262.0846,263.1109,263.3021,270.9825,274.3297,275.0386,277.7552,304.4174,260.2420,261.5887,261.7935,308.6322,302.4913,299.0102,292.5967,266.9481,284.6673,267.2650,304.1646,324.8725,286.3808,287.3078,326.7392,312.0118,276.0516,289.2278,288.1635,257.7408,292.5708,290.0252,285.0974,292.7679,284.9373,294.1399,287.7171,256.1701,292.2231,269.4306,283.6655,283.9781,284.3918,290.3325,290.7934,283.3425,283.2208,283.7447,291.0243,286.2444,287.4986,296.2315,289.6576,287.4959,284.0252,274.8599,255.4320,260.1864,305.0413,300.0585,282.2955,261.6477,261.9534,267.0447,267.1762,267.9830,268.5348,268.9800,268.5133,267.9101,298.2518,267.3097,266.8622,266.1295,261.5249,259.0434,287.9939,289.0033,277.4969,0.0000,285.8384,291.5426,267.9743,263.7152,298.9552,269.2859,269.3406,276.3793,282.5480,283.1704,262.7237,268.4261,294.9253,299.7528,270.3114,266.3209,263.7838,272.2033,293.9066,264.5709,287.6345,287.5280,267.9060,268.7980,258.9039,274.2319,271.5248,303.4823,279.5781,271.4691,271.5171,257.6140,259.6135,265.0365,293.3798,262.1197,273.5668,267.7992,268.5958,268.9607,277.9928,264.6364,266.0439,262.5603,261.3388,287.4674,260.2386,262.6232,260.5120,281.9932,282.9332,309.6683,309.6684,304.5979,261.2647,274.2097,256.5311,266.2323,262.7571,264.6070,263.6504,279.8905,0.0000,271.7985,261.9567,289.9109,289.9979,263.8256,263.2451,302.1729,270.8924,267.4050,289.5743,281.5334,268.9595,281.8251,318.8834,276.2450,309.5197,335.8921,335.4683,308.6942,294.8154,260.8878,291.1807,290.7365,287.3833,293.8430,284.6346,266.6624,273.3838,274.3209,324.7044,334.4868,271.9814,288.8397,290.7871,290.8910,289.8794,287.4674,290.7349,290.1962,291.5073,290.9135,290.5001,286.1614,267.3097,259.0501,263.6518,0.0000,259.0138,267.6312,259.0140,262.9164,263.1291,264.7854,262.4531,265.9888,307.3495,261.5901,266.2172,269.1864,266.4068,255.7023,269.7687,286.3188,260.5378,255.6995,274.4562,282.3343,300.9731,301.9721,311.4822,279.8905,288.1335,279.8905,283.6422,283.7874,263.3081,269.8180
40.0000,302.8564,260.5741,260.9432,262.1877,256.4535,268.5777,266.1400,299.0963,267.6067,303.4531,286.2762,298.1455,266.5853,274.0927,259.8977,260.6609,261.5428,261.5192,268.3263,258.3125,264.7689,262.2073,263.2333,263.3966,271.0153,274.4153,275.1216,277.7477,303.9984,260.2271,261.5670,261.7427,308.2078,302.2459,298.8005,292.2961,266.9493,284.5898,267.2381,303.8753,324.2537,286.1136,287.0608,326.0907,311.5725,276.1005,289.2997,288.2381,257.7408,292.5943,290.0124,284.9777,292.9155,284.9168,294.0180,287.5626,256.1737,292.1351,269.4614,283.7537,283.9383,284.3372,290.2622,290.7113,283.3425,283.1983,283.7204,290.9966,286.1722,287.4039,296.2731,289.5143,287.4834,283.9856,275.0250,255.4320,260.1753,304.6110,299.6630,282.1959,261.5132,261.9474,267.0466,267.1748,268.0041,268.5690,269.0213,268.5067,267.9286,297.7927,267.1853,266.8280,266.0857,261.4951,259.0243,287.6643,288.6917,277.5870,0.0000,285.5998,291.2497,267.9481,263.7903,298.7508,269.3289,269.3727,276.3694,282.5164,283.1343,262.5746,268.2727,294.9421,299.3686,270.1030,266.4002,263.8671,272.6332,293.7832,264.5781,287.4835,287.5257,267.8754,268.7747,258.8943,274.3001,271.4890,302.9977,279.5502,271.5246,271.5727,257.6042,259.6135,265.0365,292.9769,262.0891,273.4393,267.7998,268.5629,268.8558,278.0218,264.6722,266.0865,262.5792,261.3726,287.4810,260.6898,262.6243,260.5123,281.9729,282.9114,308.8974,308.8975,303.9453,261.2447,273.8687,256.4727,266.2365,262.7555,264.5780,263.6574,279.8589,0.0000,271.7946,262.1657,289.8977,289.9765,263.8330,263.2617,301.7230,270.6518,267.2801,289.6305,281.5334,268.9912,281.8280,317.9739,276.2402,309.3573,335.7395,334.1101,308.2725,294.3902,260.8394,291.1050,290.6728,287.3224,293.5313,284.6145,266.7126,273.4600,274.4062,324.7306,334.3559,272.0252,288.6090,290.8721,290.9750,289.9319,287.4810,290.8189,290.1839,291.4808,290.9981,290.6128,286.1452,267.1853,259.0310,263.6589,0.0000,259.0615,267.6367,259.0616,262.9235,263.1250,264.7339,262.4181,266.0324,306.9324,261.5684,266.2590,269.2342,266.4366,255.7712,269.7515,286.3374,260.5421,255.7684,274.4489,282.3343,300.5791,301.5722,311.0458,279.8589,287.8499,279.8589,283.5903,283.7573,263.3792,269.8579
41.0000,302.1402,260.4951,260.8657,261.9785,255.9384,268.5133,266.0900,298.3848,267.5109,302.7871,285.8917,297.6566,266.4994,274.0927,259.9112,260.6510,261.6403,261.5695,268.4972,258.2184,264.6858,262.2970,263.2333,263.2780,270.9500,274.3910,275.1035,277.6279,303.3381,260.1550,261.4772,261.6573,307.5320,301.5230,298.1854,291.8286,266.8558,284.3289,267.1517,303.1322,322.9589,285.6913,286.6707,324.7461,310.8586,275.9506,289.8159,288.8014,257.7408,292.6067,290.0176,284.6136,293.1133,285.0216,293.7396,287.1506,256.2045,292.0845,269.3017,283.8149,284.1435,284.5705,290.2769,290.7109,283.3425,283.3281,283.8388,291.2625,286.3367,287.5037,296.3682,289.7824,287.5269,284.1906,275.0059,255.4320,260.1767,303.9333,299.0809,281.9559,261.7980,262.0009,266.9531,267.0890,267.9000,268.4583,268.9266,268.4078,267.8291,297.1810,267.0575,266.7396,265.9882,261.4344,258.9860,287.2302,288.2680,277.4220,0.0000,285.2245,290.7959,267.8662,263.6960,298.0918,269.4633,269.4919,276.5165,282.6958,283.3277,262.6932,268.1199,295.0215,298.7881,269.9247,266.3692,264.1619,272.3051,293.2502,264.5046,287.0865,287.8344,267.7832,268.7000,258.8470,274.1721,271.4460,302.3471,279.7097,271.3864,271.4345,257.6059,259.6135,265.0365,292.4786,261.9919,273.3819,267.7116,268.4628,268.7448,277.8456,264.5888,266.0146,262.3165,260.7348,287.7887,260.3256,262.5886,260.4935,282.1273,283.0439,307.9046,307.9047,303.1299,261.1592,273.7130,256.5218,266.1328,262.7188,264.4894,263.5892,280.0204,0.0000,271.9982,261.9548,289.9055,289.9874,263.7633,263.2327,301.1106,270.5039,267.1509,289.6854,281.5334,269.1636,281.8309,317.2571,276.1757,308.5205,334.5036,332.2211,307.5995,293.8623,260.8485,291.0876,290.6709,287.4367,293.3748,284.6817,266.6785,273.4349,274.3827,323.6676,333.1330,271.9859,289.1271,291.3782,291.4763,290.3115,287.7887,291.3234,290.4689,291.7478,291.5009,291.2101,286.4536,267.0575,258.9926,263.5908,0.0000,259.2638,267.5408,259.2640,262.7491,262.9908,264.6402,262.4537,266.2222,306.2339,261.4787,266.4167,269.3734,266.6381,256.0272,269.6963,286.3863,260.5702,256.0242,274.3308,282.3343,299.9781,300.9535,310.3384,280.0204,288.3483,280.0204,283.7400,283.8914,263.2472,269.7076
42.0000,300.5038,260.4206,260.7645,262.0903,256.4378,268.3565,266.0171,296.8306,267.4188,299.6310,284.1662,294.9478,266.4150,274.1955,260.1087,260.7764,261.6196,261.5767,268.6027,258.0776,264.6732,262.3022,263.2333,263.3224,270.7486,274.2283,274.9328,277.3367,297.5579,260.0928,261.4258,261.6084,297.9526,299.8670,296.7358,289.4694,266.7487,283.6054,267.0007,301.4491,320.3173,284.0629,285.1156,322.0181,301.2727,275.4985,289.7849,288.8150,258.0445,292.4832,289.9135,283.6495,293.0634,284.9164,293.0140,286.1503,256.5330,291.8053,268.8567,283.6150,284.0963,284.5329,290.0729,290.4847,283.3425,283.2649,283.7596,291.1924,286.1739,287.2518,296.2209,289.6293,287.3213,284.1427,274.8676,255.4320,260.1465,298.1203,294.9806,281.2597,261.4753,262.0106,266.8455,266.9875,267.8107,268.3673,268.7797,268.2797,267.7324,295.3911,266.8010,266.5728,265.7871,261.3248,258.9161,285.5926,286.9308,277.1800,0.0000,283.4482,288.3869,267.7008,263.7340,296.6054,269.5712,269.5883,276.5359,282.6525,283.2835,262.5782,267.8406,294.8630,294.5938,269.6226,266.3030,264.0912,272.0507,292.0931,264.5703,286.1308,287.7814,267.6295,268.5353,258.8044,273.7822,271.4007,299.2297,279.6913,270.9830,271.0310,257.5921,260.2441,265.0365,290.9385,261.9233,273.2108,267.6021,268.3223,268.6080,277.3251,264.4007,265.8451,262.2947,260.4902,287.7369,260.5566,262.8691,260.8156,282.0778,282.9842,305.4328,305.4329,300.9631,261.1051,273.2343,256.8756,265.9989,262.7642,264.3679,263.5809,280.0063,0.0000,272.0951,262.0681,289.8012,289.8525,263.7505,263.2343,297.4139,270.1101,266.8921,289.7963,281.5334,269.2641,281.8367,316.1276,276.0613,306.5004,333.6590,328.3944,298.3813,292.2520,260.9382,290.8533,290.4640,287.3138,293.0353,284.5868,266.6003,273.3028,274.2230,320.7876,332.0304,271.8235,289.1072,291.3364,291.4344,290.2620,287.7369,291.2817,290.3917,291.6758,291.4589,291.1681,286.4149,266.8010,258.9228,263.5827,0.0000,259.2847,267.4476,259.2849,262.7804,263.0410,264.4633,262.4233,266.2837,299.2167,261.4273,266.5273,269.4862,266.7747,256.0557,269.6367,286.1825,260.6922,256.0528,273.9797,282.3343,295.3883,295.9682,300.8112,280.0063,288.3716,280.0063,283.7103,283.8379,263.1362,269.2819
43.0000,298.6252,260.1505,260.4818,261.7387,256.3930,268.0199,265.7910,294.3759,266.8171,297.6912,283.0599,293.3081,265.4273,273.6346,259.7757,260.4362,261.3500,261.3788,268.1423,257.9127,264.4416,262.4806,263.2333,263.0501,270.3804,273.7568,274.4155,276.6744,295.7682,259.8364,261.0259,261.2449,296.0576,297.8823,295.0170,288.0759,266.1515,282.6797,266.4436,299.5298,317.5654,282.6531,284.0505,319.1910,299.2975,275.2030,289.2097,288.2826,257.7408,292.0354,289.5325,283.5517,292.7943,284.3134,292.4887,285.9929,256.5572,291.1272,268.5653,282.6789,283.5178,283.9631,289.4638,289.8439,283.3425,282.7126,283.2035,290.5180,285.4749,286.4606,295.7193,288.7073,286.5228,283.5636,274.5023,255.3824,259.9922,296.3034,293.3194,280.3547,261.1092,261.8821,266.2464,266.3915,267.1951,267.7369,268.1516,267.6606,267.1171,293.3731,266.2253,266.0301,265.2916,260.9316,258.6466,284.1200,285.5047,276.6395,0.0000,282.3354,287.0513,267.1327,263.4466,294.7973,269.1068,269.1312,276.0109,282.0920,282.7104,262.5885,267.2254,294.3463,292.9522,268.9041,266.2047,264.4839,273.7601,290.5986,264.0727,286.0092,287.1825,267.0475,267.9201,258.6191,273.4703,270.8070,297.3158,279.1431,270.6773,270.7252,257.4989,259.3944,265.0365,289.2404,261.5051,272.4808,267.0040,267.7067,267.9770,277.0234,263.9967,265.4806,262.1344,260.9450,287.1392,260.2000,262.3288,260.3368,281.5344,282.4319,302.5593,302.5594,298.4650,260.7399,272.4612,256.8064,265.1958,262.2385,263.9191,263.1115,279.4472,0.0000,271.6606,261.7144,289.4220,289.4460,263.2605,262.6903,295.6162,269.4337,266.3130,289.6459,281.5334,268.8018,281.8288,314.5039,275.4413,304.0425,329.2337,323.7742,296.4825,290.4620,260.6501,290.2275,289.8836,286.7176,292.5285,284.1772,266.3935,272.9424,273.7549,317.2864,327.7222,271.4653,288.5988,290.7558,290.8526,289.6514,287.1392,290.7012,289.7388,290.9973,290.8770,290.5931,285.8421,266.2253,258.6533,263.1133,0.0000,258.9609,266.8453,258.9610,262.4674,262.6754,263.9882,262.2212,265.8423,297.3499,261.0274,266.0640,269.0262,266.3445,255.7411,269.0780,285.3416,260.4128,255.7383,273.4487,282.3343,293.7069,294.2585,298.8483,279.4472,287.8583,279.4472,283.1308,283.2801,263.0793,268.9859
44.0000,296.6724,259.7533,260.0659,261.3877,255.9626,267.7166,265.5518,293.6064,266.3781,296.5602,282.2511,292.4536,264.8551,272.9916,260.1774,260.2973,262.8366,263.0771,268.1789,257.3015,264.2461,262.6087,263.2333,262.8238,270.0468,273.3705,274.0151,275.9666,294.4108,259.4564,260.6595,260.9056,294.5907,295.9445,293.3044,287.1383,265.7069,281.8434,265.9928,297.5148,314.2793,281.6693,283.2611,315.7901,297.7123,274.9714,288.9641,288.0856,257.7408,291.7563,289.2813,283.6239,292.6961,284.0068,292.0511,285.8484,256.2421,290.6732,268.3837,282.0992,283.2741,283.7257,289.0820,289.4319,283.3425,282.4734,282.9478,290.2188,285.1105,286.0052,295.4446,288.3482,286.0494,283.3200,274.3376,255.0885,260.6490,294.9087,292.1532,279.5950,261.0283,263.6270,265.8007,265.9603,266.7464,267.2757,267.6662,267.1874,266.6685,292.3721,265.7542,265.5919,264.8876,260.5885,258.3230,283.1301,284.5794,275.9150,0.0000,281.5311,286.1245,266.6556,263.2118,293.0248,268.9981,269.0105,275.8269,281.8596,282.4719,262.3489,266.7188,294.0559,291.7837,268.3708,265.9849,264.7017,273.3709,289.1474,263.7996,285.8142,286.9198,266.5784,267.4266,258.2616,273.2605,270.2243,296.2088,278.9300,270.4840,270.5319,257.5301,259.2700,265.0178,288.2737,261.1197,271.7929,266.5498,267.2252,267.4811,276.6974,263.6521,265.1619,261.9401,260.8587,286.8789,259.7353,262.1620,260.2361,281.3094,282.1955,301.0269,301.0270,297.1521,260.3703,271.7003,256.9587,265.2021,262.4612,263.5637,262.8142,279.2363,0.0000,271.6559,261.3608,289.1744,289.1868,262.9494,262.3985,294.4591,268.8203,265.8386,289.4366,281.5334,268.8192,281.8179,312.7726,274.7577,301.7320,325.3007,321.4261,295.0107,289.4836,260.4964,289.8219,289.5109,286.4034,291.9254,283.9558,266.1622,272.6152,273.3701,314.1512,323.8887,271.1256,288.3681,290.4909,290.5869,289.3997,286.8789,290.4366,289.4340,290.6952,290.6112,290.3339,285.5971,265.7542,258.3296,262.8162,0.0000,260.2255,266.4052,260.2256,262.2470,262.4448,263.5888,263.8950,266.2497,295.9235,260.6612,266.1282,268.9210,266.4392,257.1562,268.5573,284.8355,261.3290,257.1531,272.9857,282.3343,292.4906,292.9960,297.2811,279.2363,287.6226,279.2363,282.9095,283.0401,262.6057,268.8029
45.0000,294.6543,259.6395,259.9277,261.3422,256.3233,267.4130,265.3581,292.3655,266.0622,295.2237,281.4107,291.2699,264.0752,272.4216,260.7008,260.1176,264.8464,265.2249,268.5938,257.1379,264.1296,262.7227,263.2333,262.7442,269.6409,272.9039,273.5235,275.2893,293.2319,259.3610,260.4657,260.6656,293.3256,293.9024,291.5075,286.1532,265.3841,280.9755,265.6836,295.4412,311.0781,280.6469,282.3964,312.4870,296.3614,275.1669,288.9976,288.1490,257.7408,291.6573,289.1721,284.4305,292.6647,283.9608,292.0323,286.2934,256.4395,290.3951,268.5956,282.0312,283.2986,283.7518,288.9035,289.2265,283.3425,282.4822,282.9255,290.3093,285.0586,285.8970,295.4461,288.4170,285.8813,283.3450,274.4320,255.1883,261.7381,293.7251,291.0227,278.8020,260.6089,265.7626,265.4755,265.6449,266.4077,266.9116,267.3055,266.8404,266.3248,291.2004,265.4594,265.3016,264.6398,260.4560,258.2738,282.1156,283.5807,275.1878,0.0000,280.7139,285.1712,266.3347,263.1240,291.1123,269.1909,269.1776,275.9147,281.8855,282.4986,262.0933,266.3862,294.0406,290.6689,267.9850,265.8003,264.9671,273.2370,287.4794,263.6973,286.1608,286.9516,266.2532,267.0840,258.2383,273.4343,269.7628,294.8856,278.9770,270.6709,270.7188,257.9542,259.5406,264.6196,287.2143,260.9067,271.2932,266.2186,266.8753,267.1159,276.8339,263.4120,264.9143,261.9087,260.8272,286.9147,259.7679,262.2552,260.3089,281.3269,282.2079,299.3824,299.3825,295.7124,260.2004,271.1241,257.0275,265.3514,262.7975,263.3751,262.6627,279.2894,0.0000,272.1513,261.3161,289.0695,289.0844,262.7736,262.1566,293.2180,268.4001,265.5402,289.3957,281.5334,269.2515,281.8158,310.7503,274.1295,299.2568,321.0824,318.4678,293.7450,288.3970,260.3055,289.6001,289.3262,286.3313,291.2111,283.8771,265.9713,272.2951,272.9081,310.7442,319.7736,270.7287,288.3853,290.5128,290.6078,289.4468,286.9147,290.4587,289.4938,290.7878,290.6327,290.3672,285.6220,265.4594,258.2805,262.6649,0.0000,262.1651,266.0881,262.1651,262.2176,262.4036,263.3684,266.0118,267.1325,294.6765,260.4675,266.6045,269.1176,266.8858,259.3791,268.1531,284.6982,262.4955,259.3762,272.4620,282.3343,291.3580,291.8528,295.9439,279.2894,287.6427,279.2894,282.9436,283.0486,262.3101,269.0062
46.0000,292.3775,258.9792,259.2451,260.8434,255.9610,267.1197,265.1673,290.0975,265.1139,292.8750,279.8473,289.2358,263.1663,271.2350,260.4963,259.8148,264.3842,264.7396,268.2975,256.3464,263.9104,262.7164,263.1773,262.4958,269.1958,272.4278,272.9922,274.0413,290.9483,258.7185,259.7443,259.9582,290.9572,291.5650,289.4471,284.3588,264.4314,279.8058,264.7786,293.1101,307.6453,278.9771,280.8185,308.9547,293.9007,274.6653,288.6518,287.8676,257.7408,291.3793,288.9257,283.9714,292.5102,283.5891,291.2806,285.5580,255.8942,289.8572,268.1209,282.0312,282.9158,283.3792,288.4405,288.7291,283.3425,282.1282,282.5656,289.8411,284.5072,285.2167,295.1287,287.6978,285.4719,282.9621,274.1092,254.6225,261.1282,291.4033,288.9085,277.6073,259.9153,265.2398,264.5183,264.6687,265.4575,265.9495,266.3003,265.8629,265.3550,289.1220,264.6321,264.4310,263.8460,259.7757,257.6341,280.4588,281.9345,273.9334,0.0000,279.1676,283.4106,265.3678,262.8374,288.9652,268.8785,268.8525,275.5673,281.5154,282.1198,261.3966,265.5320,293.7063,288.5713,267.1209,265.7397,264.7817,272.5827,285.6745,262.9381,285.3894,286.5517,265.3126,266.0708,257.6148,272.9733,268.6549,292.5632,278.6200,270.2124,270.2603,257.3578,259.4424,264.1796,285.3798,260.1650,269.9913,265.2379,265.9030,266.1443,276.2363,263.4807,264.8580,262.0781,262.0800,286.5187,259.3431,262.0863,260.2103,280.9716,281.8541,296.6636,296.6637,293.2753,259.4981,269.9697,257.3738,264.5315,262.3513,262.6817,261.9519,278.9329,0.0000,271.7653,260.8113,288.8229,288.7982,262.0518,261.4415,290.9848,267.4158,264.7090,289.4158,281.5334,268.9360,281.8169,308.7708,272.9007,296.5438,316.8106,314.0300,291.3750,286.4951,259.9445,289.1152,288.8843,285.9073,290.5066,283.5736,265.7771,271.9580,272.4361,307.2378,315.5874,270.3173,288.0341,290.1512,290.2458,289.0371,286.5187,290.0971,289.0315,290.3190,290.2708,290.0070,285.2525,264.6321,257.6408,261.9540,0.0000,261.9216,265.1388,261.9216,262.1333,262.2085,262.6043,265.4830,266.8283,292.3103,259.7462,266.3798,268.8087,266.6201,259.2577,267.1455,284.4148,262.1800,259.2547,271.7886,282.3343,289.2114,289.6668,293.4977,278.9329,287.2869,278.9329,282.5912,282.7018,261.5512,268.5398
47.0000,293.6419,258.6150,258.8623,260.5966,255.5874,269.3636,267.6565,289.3503,264.6125,292.0179,279.3326,288.7001,262.7514,270.8448,260.3998,259.6093,264.1659,264.5632,268.0693,255.9588,264.0029,261.0299,261.9476,262.5266,272.3836,276.1730,276.8390,274.3010,289.9445,258.3726,259.4107,259.6410,289.8203,293.0840,290.8922,283.7256,263.9243,281.5859,264.2986,294.3285,307.9326,279.0953,280.3076,309.1578,292.6350,273.8020,288.2364,287.4706,257.7408,291.0608,288.6793,282.4378,292.3285,283.1866,290.0694,283.8876,255.5331,289.4158,267.2380,282.0312,282.5103,282.9726,288.0496,288.3361,283.3425,281.7242,282.1668,289.4373,284.0406,284.7074,294.7833,287.1474,285.0532,282.5568,273.6401,254.2372,260.7745,290.3705,288.0717,278.9436,260.5789,265.1659,264.0081,264.1598,264.9393,265.4090,265.7454,265.3307,264.8270,288.7281,264.1364,263.9655,263.4434,259.4016,257.2574,280.8531,282.3427,274.7562,0.0000,278.6293,282.7796,264.8360,262.9713,290.7201,268.6245,268.5908,275.2248,281.1184,281.7187,261.0110,265.0022,293.3396,287.7292,266.5467,267.8757,263.9601,272.2097,287.9118,262.6455,283.7552,286.1359,264.8018,265.5251,257.2454,272.1851,268.1895,291.7338,278.2422,269.3978,269.4455,256.9545,259.3455,272.3942,285.4219,259.8103,269.3887,264.7105,265.3712,265.6109,275.3043,265.0249,266.6879,261.8689,261.8707,286.1064,258.9379,261.9179,260.1129,280.5769,281.4518,295.9868,295.9869,292.7062,259.1616,269.1695,257.2186,264.2150,262.1263,262.3305,261.7119,278.5508,0.0000,271.4206,260.5584,288.5779,288.5247,261.8015,261.2451,290.1588,266.7660,264.2099,289.3133,281.5334,268.6922,281.8115,306.8992,272.8636,297.8904,317.6519,311.8907,290.2347,286.4123,259.7124,288.7131,288.5080,285.5081,289.8653,283.2497,268.1738,275.0596,276.1615,308.2446,316.4285,273.5017,287.5914,289.7328,289.8290,288.6224,286.1064,289.6788,288.6020,289.9147,289.8535,289.5847,284.8426,264.1364,257.2640,261.7140,0.0000,261.7580,264.6363,261.7579,261.9038,261.9750,262.1916,265.2661,266.5798,291.2343,259.4126,266.2033,268.5581,266.4175,259.1453,266.6979,284.1250,262.0519,259.1428,274.4103,282.3343,288.3283,288.7464,292.2520,278.5508,286.8561,278.5508,282.1856,282.2930,261.1861,267.6843
48.0000,289.3506,254.5962,254.8112,256.9723,252.4172,266.9147,265.0937,285.0476,260.4630,287.3952,275.1407,284.1806,257.8862,267.5126,257.0241,256.2055,260.4927,260.7696,264.6721,251.7163,261.3493,259.7928,260.3247,259.3729,269.7349,273.1246,273.7083,270.8893,285.4866,254.3724,255.3609,255.5562,285.6179,288.6856,286.7799,279.3770,259.8057,278.2257,260.2880,289.9924,302.6966,275.1180,276.1287,303.8406,288.3041,270.1077,284.9895,284.2479,254.6193,289.3962,287.3830,278.2820,289.8306,280.1690,286.6110,279.6496,251.6030,287.4578,263.6212,282.0312,279.3181,279.7745,285.9207,286.2190,280.8755,278.5737,279.0313,286.0611,280.7848,281.4137,292.3965,283.8400,282.5115,279.3641,270.2912,250.2746,256.8113,285.8821,283.6285,275.5680,256.0916,261.2866,259.8857,260.0216,260.7578,261.1969,261.5471,261.1591,260.6480,284.6675,260.0851,259.9601,259.4551,255.5021,253.3392,276.9677,278.5336,271.3350,0.0000,274.4219,278.4652,260.7836,259.7293,286.4580,265.2403,265.1927,271.9589,277.9217,278.5237,257.2091,260.9047,290.9512,283.3032,262.4072,265.4611,262.3176,268.4851,283.8955,258.5829,279.5566,282.8852,260.7195,261.4367,253.2411,268.6076,264.5377,287.1202,275.0359,265.8371,265.8842,252.9892,256.0424,269.7455,281.5041,255.7365,265.6828,260.5753,261.2165,261.4421,271.5400,263.5163,264.8289,258.3032,258.3049,282.8584,255.4017,258.4671,256.8000,277.3939,278.2955,292.8595,292.8595,289.1161,255.1238,264.7637,254.8045,260.0623,258.4879,258.3859,257.6778,275.3376,0.0000,267.1954,256.9238,287.2701,287.0478,257.7351,257.0689,285.6251,262.5712,260.1534,288.7220,281.5334,265.2019,281.7807,305.4032,269.5034,293.2569,312.2387,307.5991,285.9928,282.4552,256.2510,286.7391,286.5606,282.8358,289.3325,280.2853,265.6232,272.2318,273.1198,303.1365,311.0362,270.8551,284.3601,286.4645,286.5591,285.3614,282.8584,286.4111,285.2512,286.5332,286.5835,286.3369,281.6251,260.0852,253.3458,257.6797,0.0000,258.3962,260.4859,258.3962,258.2969,258.3309,258.2122,261.4021,263.1756,286.8105,255.3629,262.9258,265.1781,263.1086,255.9442,262.9335,282.3642,258.5108,255.9424,271.5385,282.3343,283.8929,284.3060,287.9353,275.3376,283.6327,275.3376,278.9907,279.1195,256.9716,264.0828
