"NODO DE ENVIO :","TALARA 220","PIURA OESTE 220","PIURA OESTE 220","LA NINA 220","CHICLAYO OESTE 220","GUADALUPE 220","TRUJILLO 220","CHIMBOTE 220","CHIMBOTE 220","PARAMONGA NUEVA 220","PARAMONGA NUEVA 220","MEDIO MUNDO 220","LOMERA 220","PUERTO CHANCAY 220","VENTANILLA 220","VENTANILLA 220","VENTANILLA 220","VENTANILLA 220","VENTANILLA 220","SAN JUAN 220","SANTA ROSA 220 B","SAN JUAN 220","SAN JUAN 220","INDEPENDENCIA 220","DERIVACION 220","CHILCA REP 220","CHILCA REP 220","NUEVA CHINCHA 220","CANTERA 220","CHILCA REP 220","CHILCA REP 220","CHILCA REP 220","POMACOCHA 220","POMACOCHA 220","PACHACHACA 220","PACHACHACA 220","PACHACHACA 220","CALLAHUANCA EDN 220","CALLAHUANCA EDN 220","REFINERIA ZINC 220","REFINERIA ZINC 220","CAMPO ARMINO 220","CAMPO ARMINO 220","CAMPO ARMINO 220","CAMPO ARMINO 220","HUANCAVELICA 220","CAMPO ARMINO 220","CAMPO ARMINO 220","CAMPO ARMINO 220","HUAYUCACHI 220","PACHACHACA 220","AGUAYTIA 220","TINGO MARIA 220","VIZCARRA 220","CONOCOCHA 220","CALLAHUANCA 60","MOYOPAMPA 60","MOYOPAMPA 60","HUANUCO 138","PARAGSHA 138","CARHUAMAYO 138","CARIPA138","CAMPO ARMINO 220","CAMPO ARMINO 220","COTARUSE 220","COTARUSE 220","OROYA NUEVA 220","CARHUAMAYO 220","PARAGSHA2 220","SANTUARIO 138","SANTUARIO 138","SANTUARIO 138","CALLALLI 138","QUENCORO 138","DOLORESPATA 138","ABANCAY NUEVA 138","TINTAYA 138","AYAVIRI138","AZANGARO 138","JULIACA 138","ARICOTA II 66","TOMASIRI 66","MOQUEGUA 138","SOCABAYA 220","MACHUPICCHU 138","MACHUPICCHU 138","CHILOTA 220","MOQUEGUA 220","AGUAYTIA 138","CERRO VERDE 138","CHAPARRAL 138","CHIMBOTE 138","CHIMBOTE 138","CHIMBOTE 138","CARHUAMAYO 220","CARHUAMAYO 220","PARAGSHA2 220","HUINCO 220","HUINCO 220","VENTANILLA 220","VENTANILLA 220","CHAVARRIA 220 B","CHAVARRIA 220 A","TRUJILLO 220","CHILCA CTM 500","CARABAYLLO 220","CARABAYLLO 220","INDEPENDENCIA 220","KIMAN AYLLU 220","KIMAN AYLLU 220","HUALLANCA 138","PARAMONGA NUEVA 220","CHICLAYO OESTE 220","SOCABAYA 220","CONOCOCHA 220","CONOCOCHA 220","TRUJILLO 220","GUADALUPE 220","MEDIO MUNDO 220","CARABAYLLO 500","CHIMBOTE 500","PIURA OESTE 220","POMACOCHA 220","PIEDRA BLANCA 138","CHILCA CTM 500","POROMA 220","POROMA500","MONTALVO 220","HUANZA 220","INDUSTRIALES 220B","OCONA 500","SOCABAYA 220","SOCABAYA 220","TRUJILLO 500","INDUSTRIALES 60","SOCABAYA 138","MOQUEGUA 220","CARABAYLLO 220","CHAVARRIA 60 B","CHAVARRIA 60 B","CHAVARRIA 220 A","CHILCA REP 220","TINTAYA 138","COMBAPATA 138","ALTO PRADERA 220","SANTA TERESA 220","SURIRAY 220","SURIRAY 220","SURIRAY 220","CHILCA REP 220","ASIA 220","LOMERA 220","CHAGLLA 220","CHAGLLA 220","RAMADA 220","RAMADA 220","REQUE 220","REQUE 220","SAN JOSE 500","OQUENDO 60","POROMA 220","VENTANILLA 220","CHAVARRIA 60 B","BARSI 60","CHILLON 60","HUAMPANI 60","HUARANGAL 60","ARICOTA138","ILO ELS 138","MOYOPAMPA 60","MOQUEGUA 138","LOMERA 60","SANTA ROSA EDS 60","MIRADOR 220","CARHUAMAYO 138","PARAGSHA 50","INDUSTRIALES 60","SURIRAY 220","ABANCAY NUEVA 138","SANTA ISABEL 220","MOQUEGUA 220","MOQUEGUA 220","YANANGO 220","CHIMAY 220","SANTA ISABEL 220","CHAVARRIA 60 B","CHILLON 60","HUACHIPA 60","CHAVARRIA 60 A","CHIRIBAMBA 220","PLANICIE 220 A","PLANICIE 220 B","COLCABAMBA 500","POROMA500","YARABAMBA 500","CARHUAQUERO 220","CAJAMARCA 220","CACLIC 220","CERRO DEL AGUILA 220","CERRO DEL AGUILA 220","YARABAMBA 220","YARABAMBA 220","CARAPONGO 500","CARAPONGO 220 B","PLANICIE60","MANCHAY 60","PLANICIE 220 B","COBRIZAI 69","MOLLEPATA220","SOCABAYA 220","CAMPO ARMINO 220","CARAPONGO 220 A","CARAPONGO 220 B","CARAPONGO 220 B","MARCONA 60 B","MARCONA 60 B","AZANGARO 138","PUMIRI220","CALLAHUANCA 220","MATUCANA 220","CALLAHUANCA 60","CALLAHUANCA 60","CARAPONGO 220 A","CARAPONGO 220 A","SAN MIGUEL 60","SAN MIGUEL 60","LA NINA 220","FELAM 220","SAN GABAN 138","SAN GABAN 138","ANGEL 138","SAN RAFAEL 138","MONTALVO 220","SAN GABAN 138","MEDIO MUNDO 220","MEDIO MUNDO 220","TINGO MARIA 138","AUCAYACU 138","BELLAVISTA 138","TARAPOTO 138","PARINAS 220","PAMPA HONDA 220","PAMPA HONDA 220","AGUAYTIA 138","HUANZA 220","SAN ROMAN 220","SAN ROMAN 138","PUNO 220","MAZUCO 138","SOCABAYA 138","CINCO MANANTIALES 138","OXIDOS CERRO 138","PARAGSHA2 220","TOCACHE 138","JUANJUI 138","MOQUEGUA 138","MOQUEGUA 138","MILL SITE 138","PUSHBACK 138","MILL SITE 138","MILL SITE 138","TOQUEPALA 138","MILL SITE 138","PLAZA TOQUEPALA 138","PLAZA TOQUEPALA 138","ILO3 138","ILO ELS 138","ILO 138","QUEBRADA HONDA 138","PLAZA TOQUEPALA 138","MILL SITE 138","CARHUAMAYO NUEVA 138","CHILCA CTM 220 A","DERIVACION 220  BARRA II","SANTA ROSA 220 A","DERIVACION 220","CARAPONGO 220 A","CARAPONGO 500","CAMPAS 220","COLCABAMBA 500","PLANICIE 500","DESIERTO220","CAHUACHI 220","VALLE DEL CHIRA 220","FLAMENCO220","BARRA3HERMANAS","ERSUR 220","BARRAPTALOMITAS","BARRAPTALOMITAS2","HUANCAVELICA 220","ZAPALLAL 220","CHILCA CTM 500","CHAPARRAL 138","CAMPO ARMINO 220","CAMPO ARMINO 220","MOQUEGUA 138","BARRAPTALOMITAS","PUNO 220","ZAPALLAL 220","PIURA OESTE 220","BALNEARIO 220","OROYA NUEVA 220","OROYA NUEVA 138","CARHUAMAYO 138","PARAGSHA 138","ARICOTA138","MOQUEGUA 220","SOCABAYA 220","LOS HEROES 220 A","AGUAYTIA 220","PARAGSHA2 220","PUCALLPA 138","INDEPENDENCIA 220","CHILLON 220","BARSI 220","CHAVARRIA 220 A","CHAVARRIA 220 A","CARABAYLLO 500","CHILCA CTM 500","CARHUAMAYO 220","KIMAN AYLLU 220","CHIMBOTE 500","TRUJILLO 500","POROMA500","MONTALVO 500","LA NINA 500","TINTAYA 220","CHIMBOTE 220","ABANCAY NUEVA 220","SANTA ROSA 220 A","SANTA ROSA 220 A","MALVINAS 220","LOMERA 220","INDUSTRIALES 220 A","MIRADOR 220","TINGO MARIA 220","ILO 3 220","BELAUNDE 220","YARABAMBA 500","COLCABAMBA 500","CARAPONGO 500","MANCHAY 220","CAMPO ARMINO 220","MOLLEPATA220","SAN JOSE 500","SAN JOSE 500","MARCONA220","MARCONA220","PUMIRI220","CALLAHUANCA EDN 220","SAN MIGUEL 220","SAN ROMAN 220","CAMPAS 500","PLANICIE 220 A","CHILCA CTM 500"
"NODO DE RECEPCION :","ZORRITOS 220","VALLE DEL CHIRA 220","LA NINA 220","CHICLAYO OESTE 220","CARHUAQUERO 220","REQUE 220","GUADALUPE 220","TRUJILLO 220","TRUJILLO 220","CHIMBOTE 220","CHIMBOTE 220","HUACHO 220","HUACHO 220","HUACHO 220","ZAPALLAL 220","ZAPALLAL 220","CHAVARRIA 220 A","CHAVARRIA 220 A","CHAVARRIA 220 A","INDUSTRIALES 220B","SAN JUAN 220","BALNEARIO 220","BALNEARIO 220","ICA 220","ICA 220","ASIA 220","DESIERTO220","INDEPENDENCIA 220","INDEPENDENCIA 220","SAN JUAN 220","SAN JUAN 220","SAN JUAN 220","SAN JUAN 220","SAN JUAN 220","POMACOCHA 220","CALLAHUANCA 220","CALLAHUANCA 220","CARAPONGO 220 A","CARAPONGO 220 B","CHAVARRIA 220 A","CHAVARRIA 220 A","POMACOCHA 220","POMACOCHA 220","HUANCAVELICA 220","HUANCAVELICA 220","INDEPENDENCIA 220","PACHACHACA 220","PACHACHACA 220","HUAYUCACHI 220","ORCOTUNA 220","OROYA NUEVA 220","TINGO MARIA 220","VIZCARRA 220","CONOCOCHA 220","PARAMONGA NUEVA 220","HUACHIPA 60","SANTA ROSA EDS 60","SANTA ROSA EDS 60","PIEDRA BLANCA 138","HUANUCO 138","CARIPA138","OROYA NUEVA 138","COTARUSE 220","COTARUSE 220","SOCABAYA 220","SOCABAYA 220","CARHUAMAYO 220","PARAGSHA2 220","VIZCARRA 220","SOCABAYA 138","JESUS 138","CALLALLI 138","TINTAYA 138","DOLORESPATA 138","CACHIMAYO 138","CACHIMAYO 138","AYAVIRI138","AZANGARO 138","JULIACA 138","SAN ROMAN 138","TOMASIRI 66","LOS HEROES 66","ILO 138","MOQUEGUA 220","QUENCORO 138","CACHIMAYO 138","MOQUEGUA 220","LOS HEROES 220 A","PUCALLPA 138","REPARTICION 138","MOLLENDO 138","HUALLANCA 138","HUALLANCA 138","HUALLANCA 138","PARAGSHA2 220","PARAGSHA2 220","CONOCOCHA 220","CARAPONGO 220 B","CARAPONGO 220 A","CHILLON 220","CHILLON 220","BARSI 220","BARSI 220","CAJAMARCA 220","CARAPONGO 500","ZAPALLAL 220","ZAPALLAL 220","ICA 220","RAMADA 220","RAMADA 220","KIMAN AYLLU 138","PARAMONGA EXISTENTE 138","FELAM 220","MOQUEGUA 220","KIMAN AYLLU 220","KIMAN AYLLU 220","GUADALUPE 220","REQUE 220","HUACHO 220","CHIMBOTE 500","TRUJILLO 500","TALARA 220","CARHUAMAYO 220","TINGO MARIA 138","POROMA500","MARCONA220","OCONA 500","MOQUEGUA 220","CARABAYLLO 220","SANTA ROSA 220 B","SAN JOSE 500","TINTAYA 220","TINTAYA 220","LA NINA 500","HUACHIPA 60","CERRO VERDE 138","ILO2 220","MIRADOR 220","OQUENDO 60","HUARANGAL 60","CHAVARRIA 220 B","CHILCA CTM 220 B","COMBAPATA 138","QUENCORO 138","SAN JUAN 220","SURIRAY 220","ABANCAY NUEVA 220","COTARUSE 220","COTARUSE 220","ALTO PRADERA 220","CANTERA 220","ZAPALLAL 220","PARAGSHA2 220","PARAGSHA2 220","PAMPA HONDA 220","PAMPA HONDA 220","CHICLAYO OESTE 220","CHICLAYO OESTE 220","MONTALVO 500","CHILLON 60","MARCONA220","CHAVARRIA 220 A","ZAPALLAL 60","MALVINAS 60","ZAPALLAL 60","HUACHIPA 60","ZAPALLAL 60","ILO3 138","ILO3 138","BALNEARIOS 60 A","TOQUEPALA 138","ZAPALLAL 60","MIRADOR 60","MALVINAS 220","CINCO MANANTIALES 138","CARHUAMAYO 50","SANTA ROSA LDS 60","MACHUPICCHU 138","ABANCAY 138","YAUPI 138","ILO 3 220","ILO 3 220","PACHACHACA 220","YANANGO 220","CARHUAMAYO 220","CHILLON 60","HUARANGAL 60","SANTA ROSA LDS 60","CHILLON 60","INDEPENDENCIA 220","INDUSTRIALES 220 A","INDUSTRIALES 220 A","POROMA500","YARABAMBA 500","MONTALVO 500","CAJAMARCA 220","CACLIC 220","BELAUNDE 220","COLCABAMBA 220","COLCABAMBA 220","SOCABAYA 220","SOCABAYA 220","CARABAYLLO 500","REFINERIA ZINC 220","HUACHIPA 60","PLANICIE60","MANCHAY 220","MOLLEPATA 60","HUANCAVELICA 220","SAN JOSE 220","COLCABAMBA 220","SANTA ROSA 220 B","SANTA ROSA 220 B","REFINERIA ZINC 220","SAN NICOLAS 60","SAN NICOLAS 60","PUMIRI138","SAN ROMAN 220","CALLAHUANCA EDN 220","CALLAHUANCA EDN 220","HUAMPANI 60","MOYOPAMPA 60","SAN MIGUEL 220","SAN MIGUEL 220","HUACHIPA 60","HUACHIPA 60","PIURA OESTE 220","LA NINA 220","AZANGARO 138","ANGEL 138","SAN RAFAEL 138","AZANGARO 138","LOS HEROES 220 A","MAZUCO 138","PARAMONGA NUEVA 220","PARAMONGA NUEVA 220","AUCAYACU 138","TOCACHE 138","TARAPOTO 138","BELAUNDE 138","TALARA 220","CAJAMARCA 220","CAJAMARCA 220","PUCALLPA 138","ORCOTUNA 220","PUNO 220","PUNO 138","CHILOTA 220","PTO MALDONADO 138","JESUS 138","OXIDOS CERRO 138","PARAGSHA 138","FRANCOISE 220","JUANJUI 138","BELLAVISTA 138","BOTIFLACA 138","BOTIFLACA 138","PUSHBACK 138","BOTIFLACA 138","INTIPAMPA 138","TOQUEPALA 138","ARICOTA138","PLAZA TOQUEPALA 138","ILO3 138","QUEBRADA HONDA 138","PANAMERICANA SOLAR 138","ILO 138","REFINERIA 138","ILO3 138","LIXIVIACION 138","LIXIVIACION 138","CARHUAMAYO 138","CHILCA CTM 220 B","CAHUACHI 220","SANTA ROSA 220 B","DERIVACION 220  BARRA II","CARAPONGO 220 B","CAMPAS 500","YANANGO 220","CAMPAS 500","CARABAYLLO 500","NUEVA CHINCHA 220","MARCONA220","PARINAS 220","POROMA 220","MARCONA220","MARCONA220","DERIVACION 220","DERIVACION 220  BARRA II","CHIRIBAMBA 220","PUERTO CHANCAY 220","PLANICIE 500","REPARTICION 138","COTARUSE 220","COTARUSE 220","INTIPAMPA 138","BARRAPTALOMITAS2","PUNO 138","HUARANGAL 60","PIURA OESTE 60","BALNEARIOS 60 A","OROYA NUEVA 50","OROYA NUEVA 50","CARHUAMAYO 50","PARAGSHA 50","ARICOTA II 66","MOQUEGUA 138","SOCABAYA 138","LOS HEROES 66","AGUAYTIA 138","PARAGSHA 138","PUCALLPA 60","INDEPENDENCIA 60","CHILLON 60","BARSI 60","CHAVARRIA 60 B","CHAVARRIA 60 A","CARABAYLLO 220","CHILCA CTM 220 B","CARHUAMAYO NUEVA 138","KIMAN AYLLU 138","CHIMBOTE 220","TRUJILLO 220","POROMA 220","MONTALVO 220","LA NINA 220","TINTAYA 138","CHIMBOTE 138","ABANCAY NUEVA 138","SANTA ROSA LDS 60","SANTA ROSA EDS 60","MALVINAS 60","LOMERA 60","INDUSTRIALES 60","MIRADOR 60","TINGO MARIA 138","ILO3 138","BELAUNDE 138","YARABAMBA 220","COLCABAMBA 220","CARAPONGO 220 A","MANCHAY 60","COBRIZAI 69","MOLLEPATA 60","SAN JOSE 220","SAN JOSE 220","MARCONA 60 B","MARCONA 60 B","PUMIRI138","CALLAHUANCA 60","SAN MIGUEL 60","SAN ROMAN 138","CAMPAS 220","PLANICIE 500","CHILCA CTM 220 B"
"ETAPA \ EQUIPO","L2249","L2248","L2241","L2239","L2240","L2236","L2234","L2232","L2233","L2215","L2216","L2213","L2214","L2212","L2242","L2243","L2244","L2245","L2246","L2018","L2011","L2012","L2013","L2209","L2211","L2090","L2091","L2208","L2207","L2093","L2094","L2095","L2205","L2206","L2226","L2222","L2223","L2008","L2009","L2014","L2015","L2201","L2202","L2203","L2204","L2231","L2218","L2219","L2220","L2221","L2224","L2251","L2252","L2253","L2278","L6031","L6011","L6020","L1121","L1120","L1702","L1705","L2051CS","L2052CS","L2053CS","L2054CS","L2259","L2258","L2254","L1021","L1022","L1020","L1008","L1004","L1003","L1007","L1006","L1042","L1011","L1012","L6620","L6637","L1383","L2025","L1002","L1001","L2030","L2029","L1125","L1029","L1030","L1103","L1104","L1105","L2267","L2268","L2264","L2001","L2002","L2016","L2017","L2005","L2006","L2260","L5001","L2107","L2108","L2210","L2272","L2274","L1131","L1101","L2238","L2026","L2269","L2270","L2235","L2237","L2279","L5006","L5008","L2250","L2294","L1142","L5032","L2292","L5034","L2057","L2110","L2010","L5036 CS","L2022","L2023","L5010","L659","L10231024","L20272028","L21122113","L6171826","L63694344","INTCHAVARRIA 220","R26","L1005","L1050","L2092","L2049","L2050","L2060","L2059","L2088","L2089","L2117","L2150","L2151","L2273","L2275","L2296","L2297","L5037 CS","L653558","L2293","L2247","CHARIAZAPAL","BARSIMALVIN","CHLLONZAPAL","HPNIHUCPA60","HURANZAPALL","LARQLILO3","L1392","LMO60BAL60","L1025","LMRAZAPAL60","LSROMIRA60","MIRAMALVIN","L1703","PGSHCHYO50","SROSAIND60","L1038","L1039A","L1701TR","L2033","L2034","L2256","L2257","L22652266","L63525554","L65548644","L657658","L6979884","L2132","L2118","L2119","L5031 CS","L5033CS","L5035","L2190","L2192","L2194","L2140","L2141","L2065","L2066","L5003","L2709","L641642","L6412","L212324","L60616263","L2145","L2074","R28L2225","L2701","L2702","L2708","L6627","L6628","L1045","L2041","L2716","L2007","L6040","L6111","L2127","L2128","L6423","L6424","L2162","L2164","L1010","L1013","L1051","L1009","L2036","L1014","L2125","L2126","L1122","L1124","L1017","L1018","L2295","L2283","L2287","L1156","L2116","L2040","L1046","L2039","L1015","L1148","L1708","L1709","L2271","L1016","L1019","L1381","L1382","L13862","L13861","L1394","L1388","L1026","L1395","L1393","L13851","L1390","L1391","L1387","L13852","L1398","L1389","L1707","INTCHILCA CTM 220","L2312","INTSANTA ROSA 220","INT  DERIVACION 220","INT  CARAPONGO 220","L5022CS","L2146","L5021CS","L5004","L2307","L2315","L2147","L2082","L2298","L2300","L2313","L2314","L2130","L2311","L5002","L1056","L2051","L2052","L1384","INTPTALOMITAS 33","AT220138PUN","T22060ZAP","T15328326","TR12345","T22050ORO","T13850ORO","T13850CAR","T13850PRG","T13866ARI","AT220138MOQ","AT220138SOC","T22066LHE","AT220138AGU","AT220138PSG","T13860PUC","T34261","T22060CHL","T22060BRS","T22060CHV2","T22060CHV1","T500220CRB","AT72500220","AUT201","AUT501","AT84523","AT85523","AUT5371","AUT5671","AT91LANINA","TTIN220138","AT1130211","AT90212","TRSROSALDS","TRSROSAEDN","TRMALVINAS","TRLOMERA","TIND22060","TRMIR22060","AT82211AT1","TILO3220138","TBEL220138","TRYARABAMBA","TRCOLCABAM","AT114","TRMANCHAY","TRCOBRIZAI","T107261","ATXF001","ATXF002","T6261","T62161","AT4","TRCALLAHUAN","TRA1SM","TR3SAN ROMAN","TRCAMPAS","TR220500PLANICIE","AT133500220"
1.00,33.69,8.44,-48.17,6.71,-52.26,26.16,48.13,66.44,66.75,62.20,0.00,-20.22,-12.45,-3.40,-10.02,-10.02,39.41,39.41,37.86,171.22,-170.02,99.72,73.80,-42.13,134.40,87.31,78.38,0.49,42.62,172.87,180.02,180.02,20.77,20.77,67.78,67.14,67.14,129.85,129.99,113.15,113.15,36.25,36.25,62.12,62.12,46.31,31.23,31.23,51.88,55.31,-135.08,-41.44,-33.67,8.29,50.90,22.72,21.72,21.72,18.46,34.13,-33.46,32.22,239.65,239.65,185.37,185.37,-103.66,-5.48,148.44,-0.45,4.22,25.08,2.98,-19.98,-36.33,17.33,-35.36,-37.48,24.73,4.99,-0.69,-1.54,30.62,71.01,45.77,50.42,18.18,16.06,22.23,27.56,9.22,-60.09,-60.09,-60.14,-5.35,-5.42,135.23,34.24,34.14,72.73,72.73,75.61,80.36,-14.46,269.96,50.03,50.03,-45.60,97.42,97.42,60.24,2.39,5.34,71.01,44.81,44.81,51.72,26.15,-20.15,351.16,326.78,-4.34,-106.50,24.50,241.20,21.03,311.36,312.48,54.66,170.33,308.67,68.22,68.39,157.38,-13.17,52.41,1.26,144.99,-17.83,-1.36,75.61,-59.17,-41.92,-46.17,103.12,88.00,39.05,66.23,45.70,215.90,58.59,-3.17,203.07,203.07,94.38,94.38,25.94,25.90,111.87,14.11,21.03,39.41,-2.60,0.82,-1.08,3.56,-0.97,-3.71,-33.67,2.89,40.38,4.70,17.15,108.56,49.71,-5.61,-35.97,-62.99,21.60,-100.36,69.22,20.03,5.00,149.05,233.39,-1.27,0.24,-17.68,-3.76,45.76,218.76,-75.75,529.59,413.55,226.02,-68.34,25.71,25.62,287.25,287.55,85.07,85.07,405.03,212.21,-22.28,7.25,75.75,3.43,-15.55,95.99,-17.23,-52.39,-52.58,212.19,24.13,24.13,33.70,33.67,133.35,112.94,32.67,8.89,31.36,31.36,28.59,28.59,48.51,-21.16,69.20,25.60,84.35,50.87,23.17,16.91,10.28,10.28,39.53,37.45,16.50,-8.78,0.38,91.97,91.97,16.31,-54.66,29.40,9.17,26.27,14.26,9.74,12.58,7.92,19.24,29.02,27.20,49.87,47.59,0.38,-10.32,-40.21,-47.90,-8.03,23.80,-28.72,-13.11,0.00,24.93,11.00,-22.12,2.58,20.70,35.18,304.86,0.00,-234.91,-67.19,208.48,-191.48,-173.34,18.73,179.33,41.21,-15.55,-29.92,56.95,64.10,79.50,67.57,67.55,45.95,-3.40,399.11,-9.22,0.00,0.00,40.72,-4.95,3.09,80.21,90.19,173.45,-31.85,32.03,18.89,8.43,-4.33,215.58,101.90,39.10,38.58,76.40,37.87,70.35,145.43,155.81,103.06,122.38,190.69,-374.60,35.20,-33.70,20.39,151.74,34.73,335.96,138.17,-58.95,-52.21,38.96,129.67,104.99,108.44,15.62,43.30,36.26,-7.92,88.72,25.54,170.20,-554.32,55.70,7.25,17.86,15.55,96.94,97.75,38.33,39.15,-33.67,-14.03,57.21,4.18,-173.32,-218.76,-369.09
2.00,33.23,8.41,-46.96,6.14,-49.21,26.45,46.23,65.34,65.65,61.14,0.00,-20.55,-11.66,-3.24,-7.94,-7.94,39.69,39.69,38.13,166.50,-165.36,94.72,70.10,-41.56,132.92,86.55,78.27,-0.06,42.71,167.70,174.62,174.62,20.71,20.71,67.66,66.29,66.29,127.21,127.34,107.55,107.55,36.97,36.97,62.98,62.98,47.53,31.95,31.95,50.29,55.41,-131.04,-40.62,-32.41,8.24,48.35,22.36,21.64,21.64,18.06,32.99,-29.18,29.15,238.41,238.41,185.06,185.06,-103.21,-5.29,147.58,-3.05,1.46,24.54,2.28,-19.86,-35.64,17.18,-36.06,-38.00,24.63,5.43,-0.76,-1.59,30.97,70.33,45.16,49.78,18.69,15.73,21.82,26.71,8.92,-59.28,-59.28,-59.33,-5.16,-5.23,134.45,34.23,34.14,70.08,70.08,73.89,78.53,-12.63,248.06,46.27,46.27,-44.98,94.56,94.56,63.24,1.72,6.11,70.33,45.69,45.69,49.68,26.44,-20.49,343.42,320.92,-3.96,-105.38,24.12,230.46,13.92,312.40,311.38,54.77,165.65,309.69,68.31,68.47,154.66,-13.11,51.38,1.26,137.93,-18.05,-1.37,73.89,-31.46,-42.44,-46.78,98.51,88.00,38.36,67.59,46.64,210.38,58.24,-2.85,202.44,202.44,91.56,91.56,26.24,26.20,110.57,13.89,13.92,39.69,-2.64,0.85,-0.94,3.57,-1.01,-3.67,-33.75,3.17,40.43,4.63,16.21,105.83,48.52,-5.59,-35.14,-64.61,21.06,-100.98,69.11,19.99,5.79,149.06,234.00,-1.32,0.30,-16.99,-4.21,46.97,209.36,-71.20,521.99,414.97,225.88,-65.84,24.65,24.57,287.25,287.55,85.88,85.88,395.55,206.91,-21.35,6.50,71.20,3.37,-15.21,96.17,-17.86,-51.82,-52.00,206.88,24.14,24.14,33.82,33.80,131.65,108.13,32.09,8.64,30.33,30.33,27.59,27.59,47.29,-20.82,69.47,25.97,84.71,51.03,22.83,16.30,10.78,10.78,38.90,36.88,15.95,-8.12,2.86,89.15,89.15,16.01,-54.77,29.89,9.24,27.14,13.78,11.84,11.31,6.52,20.33,28.44,26.62,49.15,46.90,-0.52,-11.01,-40.26,-47.99,-8.07,24.77,-28.53,-12.82,0.00,25.25,11.18,-22.14,2.15,21.21,36.83,304.83,0.00,-226.76,-66.45,201.07,-197.52,-172.56,25.58,166.71,40.99,-15.46,-29.46,63.24,74.76,83.71,66.83,66.80,47.17,-3.24,376.98,-8.92,0.00,0.00,40.77,-5.39,2.72,77.02,87.41,164.76,-28.24,28.99,17.46,8.37,-4.42,213.63,104.38,38.44,37.87,76.32,37.19,70.62,140.14,152.27,99.91,119.08,176.01,-347.19,36.85,-37.05,18.69,148.30,14.37,334.52,135.00,-59.41,-52.72,38.28,126.11,100.38,105.71,14.51,41.75,31.95,-8.35,88.58,24.49,171.81,-553.70,49.43,6.50,17.97,15.21,98.09,98.91,38.49,39.32,-33.80,-15.20,55.20,3.81,-172.54,-209.36,-342.08
3.00,32.63,6.39,-43.83,6.22,-46.66,26.24,43.44,63.30,63.59,60.15,0.00,-21.07,-10.59,-2.42,-3.34,-3.34,38.74,38.74,37.22,162.71,-161.62,89.56,66.29,-37.37,122.08,90.53,80.21,3.14,44.63,161.93,168.60,168.60,21.25,21.25,69.85,65.58,65.58,128.26,128.38,101.64,101.64,36.47,36.47,64.63,64.63,49.80,31.31,31.31,49.28,55.00,-134.67,-39.46,-30.64,9.49,48.10,22.16,21.64,21.64,17.84,31.97,-33.68,31.98,237.55,237.55,185.57,185.57,-102.62,-4.52,147.64,-4.42,-0.06,22.78,2.77,-20.11,-35.14,16.96,-36.18,-38.32,24.54,5.93,-0.76,-1.70,30.54,70.66,44.61,49.13,19.77,15.75,21.18,26.55,8.86,-58.92,-58.93,-58.97,-4.41,-4.47,134.93,32.93,32.84,67.43,67.43,70.48,74.91,-11.61,222.97,41.14,41.14,-40.45,91.52,91.52,64.30,2.34,6.03,70.66,46.67,46.67,46.68,26.23,-21.01,335.06,311.36,-5.63,-105.96,23.90,225.72,14.48,310.48,311.53,54.36,161.90,307.80,67.81,67.98,148.41,-13.71,50.89,1.26,129.23,-17.82,-1.08,70.48,1.83,-42.84,-46.97,93.70,88.00,37.82,68.62,47.35,204.03,59.79,-3.68,200.83,200.83,88.60,88.60,26.02,25.98,111.31,14.12,14.48,38.74,-2.39,0.94,-0.40,3.85,-1.31,-3.72,-33.28,3.35,40.68,4.15,15.87,99.01,49.97,-5.81,-35.59,-65.81,20.75,-100.90,69.31,20.05,4.21,149.05,233.92,-1.27,0.63,-16.71,-4.10,49.22,201.26,-67.20,522.71,412.36,225.30,-62.40,23.90,23.82,287.25,287.55,85.01,85.01,384.38,201.00,-21.15,5.75,67.20,3.17,-14.41,95.39,-16.61,-51.29,-51.47,200.98,24.05,24.05,34.02,33.99,130.26,111.66,31.44,8.34,29.59,29.59,26.99,26.99,44.11,-20.90,69.69,26.19,84.94,51.23,22.85,15.75,11.01,11.01,38.39,36.62,15.84,-7.26,2.01,86.25,86.25,15.54,-54.36,30.56,9.26,28.35,13.31,12.82,12.71,7.94,19.66,27.88,26.23,49.87,47.60,-0.22,-10.67,-40.50,-48.31,-8.15,24.35,-28.89,-12.96,0.00,24.93,10.60,-22.43,2.36,21.01,34.48,304.83,0.00,-220.34,-61.03,190.06,-199.60,-174.13,26.11,150.65,43.21,-15.04,-30.66,63.81,72.16,83.13,61.35,61.32,49.44,-2.42,352.72,-8.86,0.00,0.00,41.02,-6.02,2.17,74.32,84.83,155.79,-32.47,31.79,18.16,8.02,-4.45,215.20,104.87,38.48,36.75,75.67,36.11,71.43,134.84,145.25,96.02,114.51,157.45,-319.79,34.50,-37.98,20.07,145.25,14.93,334.68,128.95,-60.41,-48.18,37.74,123.35,96.73,98.91,14.27,41.25,30.09,-8.96,88.83,23.75,170.07,-554.95,37.71,5.75,18.41,14.41,96.79,97.60,38.26,39.08,-33.99,-15.18,54.00,3.34,-174.11,-201.26,-315.09
4.00,32.15,6.55,-43.35,7.00,-48.11,24.11,46.10,64.00,64.30,61.28,0.00,-21.42,-10.11,-2.34,-0.23,-0.23,38.94,38.94,37.40,161.05,-159.99,86.29,63.87,-33.60,113.48,92.96,83.58,6.32,48.08,158.59,165.11,165.11,21.00,21.00,69.26,65.39,65.39,126.74,126.86,96.31,96.31,36.45,36.45,67.00,67.00,52.31,31.33,31.33,46.32,55.43,-133.88,-38.29,-29.87,9.87,46.87,22.02,21.66,21.66,17.67,31.42,-33.42,32.29,236.42,236.42,184.28,184.28,-102.71,-4.28,147.35,-6.38,-2.25,22.74,2.12,-20.66,-35.23,16.91,-36.87,-39.04,24.48,5.85,-0.64,-1.59,30.06,68.52,44.70,49.16,19.99,15.26,20.50,26.18,8.81,-58.90,-58.91,-58.95,-4.17,-4.23,134.80,30.63,30.55,64.02,64.02,69.68,74.06,-11.95,210.29,36.60,36.60,-36.36,91.69,91.69,64.96,2.27,5.57,68.52,47.42,47.42,49.54,24.10,-21.35,337.17,314.02,-5.74,-105.79,23.73,221.41,16.29,306.28,304.14,54.78,160.26,303.68,67.89,68.06,149.46,-13.31,50.68,1.25,125.72,-18.15,-0.91,69.68,20.68,-42.69,-46.68,91.41,88.00,37.93,68.60,47.33,200.04,63.07,-3.45,200.36,200.36,88.84,88.84,23.91,23.87,107.50,13.79,16.29,38.94,-2.35,1.56,0.16,3.92,-1.68,-3.51,-32.91,3.45,38.78,3.91,15.69,96.95,50.22,-5.98,-35.02,-65.87,20.90,-101.78,66.88,19.35,3.98,149.05,234.80,-1.34,0.98,-16.65,-4.65,51.69,194.56,-64.92,520.64,406.84,221.03,-63.18,23.26,23.19,287.25,287.54,84.35,84.35,379.88,195.67,-20.63,5.44,64.92,3.17,-14.11,94.85,-16.40,-52.21,-52.37,195.65,23.66,23.66,33.92,33.89,129.87,108.13,31.15,8.07,29.11,29.11,26.49,26.49,43.63,-22.07,70.04,26.43,85.18,51.64,22.20,15.35,11.65,11.65,38.40,36.46,15.78,-6.83,1.89,86.55,86.55,15.04,-54.78,30.44,9.20,28.24,13.01,14.21,12.95,8.19,19.47,27.92,26.12,48.72,46.50,-4.43,-8.16,-38.63,-46.13,-7.82,25.04,-27.44,-12.22,0.00,24.71,10.60,-21.40,2.02,21.35,34.71,304.83,0.00,-215.24,-56.73,182.28,-201.85,-174.36,28.14,144.32,46.50,-15.72,-31.29,63.97,69.49,82.44,57.01,56.99,51.93,-2.34,339.62,-8.81,0.00,0.00,39.11,-6.67,2.17,71.59,83.84,150.10,-31.60,32.10,17.88,8.22,-4.32,207.44,106.05,37.34,35.57,76.13,34.97,75.06,128.03,143.60,92.12,110.23,144.42,-304.53,34.73,-38.20,19.48,146.70,18.41,326.63,129.85,-60.29,-49.11,37.84,121.07,93.92,96.86,13.56,39.24,28.64,-8.56,85.74,23.12,168.76,-555.14,31.84,5.44,18.68,14.11,96.66,97.46,37.65,38.46,-33.89,-16.03,52.99,3.35,-174.34,-194.56,-300.05
5.00,31.79,4.81,-41.28,7.00,-45.36,24.33,43.99,62.90,63.20,59.65,0.00,-21.36,-10.48,-2.60,0.34,0.34,39.22,39.22,37.68,159.13,-158.09,83.86,62.07,-27.65,103.42,96.33,86.45,9.44,50.37,155.26,161.64,161.64,21.16,21.16,69.86,65.37,65.37,126.53,126.65,92.38,92.38,35.88,35.88,69.13,69.13,54.21,30.72,30.72,45.32,54.86,-136.04,-37.74,-28.18,10.82,46.62,21.81,21.74,21.74,17.24,30.69,-35.26,34.70,236.04,236.04,184.17,184.17,-103.39,-4.06,146.80,-6.73,-2.68,23.42,1.65,-20.73,-35.05,16.90,-37.13,-39.31,24.35,5.88,-0.52,-1.54,29.76,68.19,44.57,49.02,20.02,15.40,20.24,26.26,8.81,-58.10,-58.11,-58.15,-3.96,-4.02,134.63,26.05,25.96,62.91,62.91,68.32,72.62,-10.59,202.77,35.22,35.22,-29.93,89.46,89.46,67.61,3.59,5.37,68.19,47.93,47.93,47.27,24.32,-21.30,328.08,307.24,-7.15,-106.75,23.31,222.77,18.90,305.13,302.33,54.22,158.36,302.55,67.99,68.15,145.17,-13.32,49.74,1.26,121.82,-18.06,-0.85,68.32,25.69,-42.73,-46.96,88.89,88.00,37.76,68.82,47.49,196.22,66.40,-3.23,199.23,199.23,86.52,86.52,24.12,24.08,106.52,13.88,18.90,39.22,-2.28,1.22,0.26,3.93,-1.70,-3.47,-32.66,3.72,38.13,3.76,15.26,94.84,50.03,-5.80,-34.63,-66.07,20.75,-102.51,66.20,19.15,3.58,149.05,235.52,-1.32,1.02,-16.29,-4.64,53.58,190.15,-62.85,523.18,405.15,220.27,-60.80,22.26,22.19,287.24,287.54,83.92,83.92,370.72,191.74,-20.14,5.11,62.85,3.18,-14.17,95.99,-17.11,-52.94,-53.10,191.72,23.72,23.72,33.83,33.81,129.83,107.25,30.79,7.73,28.51,28.51,25.80,25.80,41.53,-21.83,70.05,26.56,85.31,51.53,22.28,15.07,11.77,11.77,37.04,35.16,16.00,-6.07,1.33,84.11,84.11,14.85,-54.22,30.52,9.06,28.60,12.75,14.38,12.76,8.32,20.53,28.27,26.49,48.38,46.17,-5.31,-7.34,-37.99,-45.31,-7.63,25.04,-27.02,-11.79,0.00,24.59,10.46,-21.26,2.02,21.35,33.10,304.79,0.00,-209.98,-51.70,178.47,-199.22,-174.75,25.11,138.99,49.32,-15.86,-32.27,62.57,66.59,81.20,51.93,51.91,53.84,-2.60,329.84,-8.81,0.00,0.00,38.45,-7.05,1.89,70.47,82.84,145.88,-33.10,34.47,18.31,8.05,-4.18,205.76,104.65,37.55,35.11,74.27,34.53,71.77,125.81,140.81,90.29,108.17,138.31,-296.98,33.12,-40.66,17.36,143.57,25.04,324.89,125.37,-60.12,-50.57,37.67,118.79,90.94,94.75,13.71,38.88,26.86,-9.69,84.87,22.13,167.89,-554.43,30.88,5.11,19.26,14.17,96.59,97.39,37.91,38.72,-33.81,-16.51,51.61,3.18,-174.73,-190.15,-292.62
6.00,31.62,5.79,-41.72,6.66,-45.18,24.20,44.27,62.82,63.12,59.69,0.00,-21.10,-11.65,-3.80,1.03,1.03,39.37,39.37,37.82,158.57,-157.54,82.02,60.70,-23.42,94.86,99.78,90.39,13.29,54.26,154.15,160.48,160.48,20.51,20.51,70.42,64.56,64.56,125.99,126.10,88.67,88.67,35.01,35.01,71.10,71.10,55.80,29.82,29.82,44.19,53.89,-137.06,-37.29,-28.23,10.35,44.99,21.74,21.54,21.54,17.56,30.73,-35.56,35.48,236.84,236.84,185.18,185.18,-103.99,-4.56,146.32,-4.70,-0.72,23.84,2.16,-20.81,-35.04,16.81,-36.50,-38.71,24.39,6.03,-0.78,-1.70,30.47,70.39,44.55,48.99,20.16,15.53,20.01,26.39,8.73,-57.64,-57.65,-57.69,-4.45,-4.51,134.04,22.98,22.90,61.93,61.93,66.71,70.91,-10.10,200.92,32.54,32.54,-25.35,88.52,88.52,69.04,2.18,5.91,70.39,48.23,48.23,47.57,24.19,-21.04,324.08,305.67,-6.18,-107.43,23.62,229.06,21.54,307.35,309.35,53.28,157.81,304.73,67.92,68.08,145.62,-12.81,50.89,1.25,121.00,-17.95,-0.82,66.72,25.36,-43.01,-47.02,88.50,88.00,37.84,68.96,47.58,194.67,70.21,-1.69,198.97,198.97,85.76,85.76,23.99,23.95,110.59,13.99,21.54,39.37,-2.27,0.44,0.17,4.05,-1.76,-3.69,-33.12,3.47,40.44,3.90,15.52,90.78,49.95,-5.84,-34.04,-66.39,20.91,-101.76,68.86,19.92,3.26,149.05,234.78,-1.30,1.03,-16.33,-4.62,55.15,187.46,-61.99,529.50,408.04,223.57,-60.36,22.48,22.41,287.26,287.56,83.78,83.78,363.05,188.02,-19.61,5.08,61.99,3.20,-14.01,95.80,-18.21,-53.20,-53.36,188.00,23.83,23.83,33.92,33.90,128.22,107.53,30.55,7.93,28.40,28.40,25.59,25.59,41.97,-21.74,70.06,26.69,85.43,51.44,22.59,14.99,11.62,11.62,37.78,35.91,15.52,-6.15,2.52,83.52,83.52,14.68,-53.28,30.64,9.19,28.67,12.74,12.33,12.67,8.24,20.16,27.49,25.91,49.96,47.68,-0.07,-10.23,-40.26,-48.08,-8.16,24.32,-28.70,-12.92,0.00,25.06,10.46,-22.25,2.38,20.99,32.52,304.83,0.00,-208.36,-47.42,174.38,-192.41,-175.08,17.93,137.06,53.24,-15.72,-31.47,60.65,63.63,79.78,47.62,47.60,55.43,-3.80,325.21,-8.73,0.00,0.00,40.78,-7.29,1.94,69.23,81.76,142.68,-33.52,35.24,18.10,8.21,-4.48,213.65,101.82,38.00,34.73,73.76,34.15,73.76,123.84,137.50,88.64,106.36,133.07,-296.87,32.54,-41.98,15.02,142.05,32.24,332.24,125.87,-60.27,-52.72,37.75,117.56,90.55,90.69,13.35,37.77,30.11,-9.18,88.25,22.35,167.60,-553.38,29.89,5.09,19.49,14.01,95.64,96.43,38.22,39.05,-33.90,-16.76,51.20,3.16,-175.06,-187.46,-292.50
7.00,31.00,5.24,-40.93,6.90,-45.08,23.90,44.50,62.38,62.67,59.01,0.00,-20.81,-10.94,-3.02,1.58,1.58,39.24,39.24,37.69,155.85,-154.86,81.23,60.12,-20.02,85.80,100.89,91.38,14.93,55.62,152.47,158.73,158.73,20.56,20.56,69.74,63.84,63.84,124.34,124.45,87.76,87.76,35.03,35.03,71.76,71.76,56.94,29.88,29.88,43.90,53.56,-134.63,-36.58,-27.72,10.64,44.74,21.66,21.60,21.60,17.10,30.19,-32.81,33.09,236.01,236.01,184.70,184.70,-103.96,-4.76,145.70,-5.61,-1.66,23.81,1.74,-21.00,-34.85,16.74,-36.93,-39.26,24.52,5.94,-0.62,-1.49,30.70,68.61,44.46,48.88,20.08,15.63,19.69,27.07,8.70,-57.13,-57.14,-57.18,-4.64,-4.70,133.59,25.82,25.74,61.65,61.65,66.10,70.26,-9.91,198.80,32.40,32.40,-21.67,87.32,87.32,71.00,2.47,5.98,68.61,48.28,48.28,47.81,23.89,-20.74,321.82,303.62,-6.68,-106.85,23.18,231.39,25.85,303.23,302.20,52.96,155.11,300.68,67.80,67.97,144.84,-13.42,50.53,1.25,117.79,-17.88,-0.87,66.10,22.73,-42.89,-47.10,86.79,88.00,37.81,69.13,47.70,193.02,70.92,-2.72,199.22,199.22,84.60,84.60,23.69,23.66,106.97,14.06,25.85,39.24,-2.23,0.08,0.21,3.42,-1.58,-3.55,-32.89,3.89,39.82,3.63,15.15,89.69,49.15,-5.69,-34.66,-66.65,20.96,-102.34,67.31,19.47,3.45,149.05,235.36,-1.28,0.94,-16.20,-4.58,56.27,187.25,-61.11,532.10,402.40,219.89,-60.16,21.51,21.44,287.25,287.55,82.83,82.83,359.91,186.96,-19.99,5.23,61.11,3.18,-13.88,96.74,-17.85,-51.83,-51.99,186.94,23.74,23.74,34.02,34.00,126.80,105.54,31.13,7.50,28.36,28.36,25.59,25.59,41.18,-22.33,70.15,26.51,85.25,51.76,22.50,14.97,11.34,11.34,37.56,35.52,15.08,-6.35,2.24,82.39,82.39,14.45,-52.96,30.64,9.20,28.56,12.72,13.12,11.95,7.49,20.32,27.11,25.59,45.99,43.89,-2.41,-13.06,-39.66,-47.15,-7.83,25.30,-27.69,-12.22,0.00,24.88,10.59,-21.68,1.87,21.46,34.30,304.85,0.00,-205.74,-42.89,172.43,-189.52,-174.89,15.21,134.82,54.32,-16.40,-31.91,54.66,59.68,76.54,43.05,43.04,56.56,-3.02,322.75,-8.70,0.00,0.00,40.16,-7.40,2.04,68.25,81.25,141.31,-31.10,32.89,17.93,8.65,-4.29,205.06,102.42,38.01,34.17,74.55,33.62,72.12,123.29,136.24,88.12,105.81,129.90,-295.55,34.32,-42.18,14.85,140.90,46.78,324.99,125.06,-60.20,-52.65,37.72,117.32,88.16,89.60,13.67,39.69,27.99,-8.98,86.29,21.39,165.72,-553.72,28.02,5.23,19.58,13.88,95.44,96.24,38.53,39.36,-34.00,-16.85,51.19,3.26,-174.87,-187.25,-291.21
8.00,30.89,4.07,-40.11,7.13,-45.36,23.53,44.42,61.53,61.82,60.28,0.00,-21.31,-10.20,-2.64,3.26,3.26,38.60,38.60,37.08,157.30,-156.29,80.80,59.80,-16.36,78.26,105.55,96.35,18.89,59.83,152.99,159.27,159.27,19.70,19.70,69.80,63.20,63.20,124.73,124.84,88.31,88.31,33.84,33.84,72.97,72.97,58.72,28.70,28.70,43.11,52.98,-137.09,-36.34,-27.44,11.36,45.73,21.64,21.53,21.53,17.21,30.24,-34.88,34.70,237.67,237.67,185.81,185.81,-104.33,-4.71,146.01,-2.52,1.43,24.51,2.26,-20.89,-34.91,16.74,-36.88,-39.24,24.86,5.99,-0.67,-1.49,30.57,69.79,44.57,49.03,20.49,15.86,19.58,27.40,8.60,-58.21,-58.21,-58.25,-4.60,-4.66,134.11,27.47,27.39,61.24,61.24,66.05,70.21,-10.64,199.45,30.92,30.92,-17.71,88.15,88.15,67.61,2.08,5.95,69.79,48.40,48.40,47.73,23.52,-21.24,325.77,302.84,-8.03,-107.60,23.27,239.20,28.68,304.52,305.41,52.39,156.55,301.95,67.73,67.90,143.83,-13.56,52.72,1.25,116.76,-17.80,-0.73,66.05,25.93,-42.89,-47.03,87.41,88.00,38.01,68.82,47.48,193.46,75.94,-2.90,199.30,199.30,85.34,85.34,23.33,23.29,108.52,14.14,28.68,38.60,-2.16,0.35,0.35,3.17,-1.80,-3.64,-32.80,3.59,40.39,3.65,15.43,88.79,49.77,-5.82,-34.82,-66.32,21.16,-102.44,68.24,19.74,2.12,149.05,235.46,-1.27,1.10,-16.18,-4.49,58.04,185.43,-60.92,540.54,403.87,221.87,-60.70,21.31,21.25,287.24,287.54,82.55,82.55,359.27,187.67,-20.43,5.05,60.92,3.26,-13.44,98.84,-17.44,-53.03,-53.18,187.65,23.44,23.44,34.49,34.46,125.55,107.39,31.37,7.74,28.27,28.27,25.38,25.38,40.34,-22.82,70.68,26.24,84.99,52.95,22.79,15.00,11.40,11.40,37.54,35.84,15.04,-6.32,0.60,83.05,83.05,14.37,-52.39,31.04,9.31,28.93,12.74,10.23,12.50,7.87,20.17,27.34,25.77,47.66,45.48,-1.64,-12.31,-40.21,-47.86,-7.98,25.09,-28.32,-12.45,0.00,24.92,10.60,-22.21,2.00,21.37,33.12,304.85,0.00,-206.20,-39.12,170.62,-183.02,-176.22,7.33,136.11,58.86,-16.26,-33.43,47.32,55.41,72.71,39.26,39.25,58.34,-2.64,322.21,-8.60,0.00,0.00,40.73,-7.42,2.07,68.08,82.11,140.56,-33.20,34.48,18.20,8.86,-4.35,209.34,99.37,38.52,33.98,74.16,33.43,75.85,122.46,136.14,87.56,105.05,126.46,-299.46,33.14,-39.13,19.49,141.04,59.86,328.50,124.15,-60.64,-45.08,37.92,116.80,89.15,88.71,13.10,38.40,27.85,-9.01,87.47,21.19,165.16,-554.10,22.81,5.05,19.00,13.44,95.30,96.09,38.04,38.86,-34.46,-17.05,50.78,3.32,-176.20,-185.43,-295.06
9.00,31.06,5.49,-42.47,6.65,-46.83,24.42,45.42,63.22,63.52,59.37,0.00,-22.00,-9.31,-1.56,2.44,2.44,38.47,38.47,36.95,157.97,-156.95,82.45,61.03,-12.64,72.39,107.30,99.62,21.11,64.28,155.26,161.63,161.63,18.93,18.93,70.51,62.34,62.34,124.20,124.31,90.71,90.71,33.45,33.45,74.12,74.12,59.68,28.27,28.27,44.49,52.04,-136.24,-36.60,-26.54,-1.21,42.96,21.83,21.74,21.74,18.37,31.71,-35.58,34.92,237.92,237.92,185.48,185.48,-103.09,-4.02,152.96,-1.15,2.88,24.94,2.94,-20.88,-35.04,16.93,-35.94,-38.24,24.93,5.51,-0.68,-1.54,30.33,71.10,44.81,49.32,19.23,16.08,19.73,28.77,8.63,-58.15,-58.15,-58.19,-3.92,-3.98,136.01,29.60,29.52,62.29,62.29,66.81,71.01,-11.23,212.82,33.56,33.56,-13.68,90.32,90.32,67.64,1.48,6.73,71.10,44.41,44.41,48.81,24.42,-21.93,329.39,309.39,-6.39,-106.67,24.40,245.31,29.96,305.96,309.78,51.47,157.21,303.36,67.98,68.14,148.21,-13.61,52.26,1.24,118.77,-17.73,-0.76,66.81,4.90,-42.65,-46.97,89.23,88.00,38.12,68.27,47.11,196.01,77.44,-4.42,202.44,202.44,87.44,87.44,24.22,24.18,111.25,14.21,29.96,38.47,-2.13,-0.40,0.38,3.00,-1.67,-3.74,-32.88,3.73,40.68,3.45,15.67,89.30,49.78,-5.74,-35.22,-65.52,21.08,-101.70,68.92,19.94,2.81,149.05,234.72,-1.25,1.04,-16.49,-4.32,58.99,189.71,-62.62,542.92,405.82,223.86,-62.59,22.52,22.45,287.23,287.53,82.63,82.63,363.13,190.06,-20.78,5.78,62.62,3.56,-14.14,97.72,-19.71,-52.21,-52.37,190.04,23.59,23.59,34.28,34.25,123.85,108.13,31.86,7.64,28.68,28.68,25.94,25.94,42.74,-22.69,70.59,26.13,84.88,52.88,23.12,15.07,12.17,12.17,37.45,35.58,14.81,-6.82,2.51,85.09,85.09,14.48,-51.47,30.39,9.26,27.80,12.74,9.10,12.51,7.72,20.07,27.52,25.91,49.91,47.63,-0.43,-10.59,-40.50,-48.23,-8.08,23.85,-28.91,-13.13,0.00,25.01,10.46,-22.32,2.61,20.76,32.57,304.55,0.00,-209.16,-36.19,174.62,-177.60,-175.52,2.58,144.10,62.39,-16.60,-31.56,44.98,55.26,71.03,36.30,36.30,59.31,-1.56,334.54,-8.63,0.00,0.00,41.02,-6.96,2.56,69.12,83.78,143.43,-33.59,34.69,18.35,8.38,-4.36,213.94,97.00,39.07,34.24,73.41,33.68,76.60,124.57,137.69,88.86,106.43,134.67,-315.76,32.59,-39.62,16.49,142.83,64.77,333.20,128.25,-60.13,-52.35,38.04,118.39,90.52,89.22,13.73,40.61,29.35,-10.18,88.34,22.39,165.32,-551.81,26.85,5.78,18.72,14.14,94.63,95.42,38.26,39.09,-34.25,-16.95,51.89,3.76,-175.51,-189.71,-311.12
10.00,31.16,4.32,-42.01,7.14,-47.01,24.28,46.26,62.57,62.86,60.34,0.00,-22.14,-9.33,-1.36,-2.16,-2.16,40.27,40.27,38.68,150.42,-149.50,84.92,62.85,-10.45,68.49,108.46,99.87,21.53,63.00,151.63,157.85,157.85,22.09,22.09,73.67,62.91,62.91,124.73,124.85,89.46,89.46,33.56,33.56,76.56,76.56,61.84,28.16,28.16,45.24,51.26,-138.45,-37.47,-26.90,-1.21,43.23,21.64,21.44,21.44,18.50,32.17,-35.95,34.74,237.06,237.06,184.07,184.07,-103.59,-4.54,153.25,-1.01,3.06,24.67,3.05,-20.11,-35.14,17.06,-36.67,-39.02,24.56,6.61,-0.63,-1.57,30.64,70.89,44.99,49.62,20.55,16.27,20.01,29.27,8.62,-59.09,-59.10,-59.14,-4.43,-4.49,136.27,24.26,24.17,63.31,63.31,67.46,71.70,-11.26,244.51,39.40,39.40,-11.31,91.06,91.06,64.20,1.61,6.57,70.89,44.40,44.40,49.70,24.27,-22.07,337.40,310.98,-8.06,-107.83,24.53,252.33,29.90,307.76,310.44,50.71,149.73,305.13,67.85,68.02,148.86,-12.43,52.77,1.23,124.38,-17.98,-0.94,67.46,-73.06,-42.03,-46.55,85.54,88.00,38.34,67.77,46.76,192.42,79.60,-4.86,202.15,202.15,88.25,88.25,24.07,24.03,111.17,13.97,29.90,40.27,-2.27,-1.96,0.20,2.81,-1.46,-3.77,-33.41,4.23,40.74,3.57,14.52,91.11,49.47,-5.77,-32.99,-64.88,21.17,-101.13,69.06,19.98,5.10,149.06,234.16,-1.30,0.87,-15.80,-4.57,61.13,195.03,-65.09,540.95,408.46,224.30,-63.54,22.97,22.90,287.23,287.53,83.51,83.51,368.59,188.80,-20.05,6.88,65.09,3.67,-15.04,97.07,-24.82,-45.31,-45.48,188.77,23.56,23.56,34.32,34.29,124.98,108.72,31.77,8.54,28.44,28.44,25.74,25.74,42.27,-23.59,70.86,26.15,84.89,53.35,23.31,14.93,12.21,12.21,37.70,35.82,14.96,-7.06,0.23,85.99,85.99,14.68,-50.71,31.17,9.63,29.07,12.43,9.08,12.22,7.52,18.34,28.14,26.26,50.28,47.98,0.42,-10.46,-40.57,-48.31,-8.08,23.77,-29.10,-13.48,-0.50,25.60,11.01,-22.23,2.65,20.72,31.85,304.56,0.00,-208.08,-34.24,183.76,-171.87,-173.24,-0.90,164.70,62.74,-16.84,-33.89,44.29,56.49,70.08,34.34,34.33,61.47,-1.36,360.56,-8.62,0.00,0.00,41.08,-6.29,2.06,70.96,85.69,147.72,-35.32,34.52,18.31,9.53,-4.33,215.18,97.31,39.45,34.72,72.50,34.15,75.45,126.60,139.03,90.32,108.26,152.71,-348.25,31.87,-36.94,22.74,143.83,65.31,333.56,128.85,-60.36,-43.87,38.25,116.26,91.58,91.03,14.18,41.90,33.14,-10.70,88.51,22.84,167.08,-546.70,47.21,6.88,19.88,15.04,95.54,96.34,37.95,38.77,-34.29,-16.32,51.50,3.03,-173.23,-195.03,-343.13
11.00,31.45,7.09,-47.99,6.02,-51.06,25.17,49.46,66.06,66.37,61.87,0.00,-21.79,-9.00,-0.95,-1.37,-1.37,38.69,38.69,37.17,161.34,-160.27,92.96,68.80,-9.71,68.55,111.53,103.01,22.74,65.63,162.93,169.64,169.64,20.70,20.70,70.95,64.28,64.28,127.17,127.30,100.11,100.11,33.93,33.93,76.02,76.02,61.84,28.71,28.71,48.59,52.63,-138.62,-38.61,-29.26,-2.41,45.79,22.20,21.63,21.63,19.26,34.11,-37.02,33.33,233.23,233.23,183.01,183.01,-102.03,-3.94,154.89,-3.98,0.23,22.69,2.18,-19.59,-34.43,16.96,-38.46,-40.74,24.69,7.20,-0.98,-1.73,30.06,67.20,44.11,48.67,22.05,15.29,20.75,27.44,7.55,-59.52,-59.53,-59.57,-3.84,-3.90,137.33,34.24,34.15,65.65,65.65,69.94,74.34,-13.41,243.15,40.52,40.52,-10.51,96.49,96.49,62.22,2.11,8.18,67.20,43.03,43.03,53.15,25.16,-21.73,348.97,326.02,-5.43,-106.46,25.27,241.56,28.49,299.26,308.96,52.04,160.54,296.77,67.10,67.26,159.10,-13.37,51.24,1.17,130.23,-18.39,-0.95,69.94,-35.20,-42.50,-46.54,95.65,88.00,37.17,69.55,47.99,204.44,82.26,-5.44,203.57,203.57,93.61,93.61,24.96,24.92,104.05,13.54,28.49,38.69,-2.38,-1.12,0.34,2.71,-1.62,-3.91,-33.48,3.68,40.37,3.69,16.66,93.91,50.18,-5.80,-35.31,-66.73,20.10,-100.17,66.88,19.35,3.87,149.05,233.20,-1.39,1.00,-16.85,-4.74,61.13,204.10,-69.75,532.17,397.24,216.04,-68.72,24.53,24.44,287.22,287.52,82.30,82.30,387.67,199.46,-22.50,7.19,69.75,3.57,-15.66,94.97,-22.27,-49.24,-49.41,199.44,23.87,23.87,34.93,34.90,127.67,112.35,32.79,8.39,30.23,30.23,27.36,27.36,48.33,-23.05,71.68,26.94,85.68,54.11,22.35,13.31,12.06,12.06,38.98,36.99,15.15,-7.75,2.49,91.34,91.34,15.22,-52.04,32.42,9.58,31.22,10.84,12.11,12.92,8.14,19.14,28.69,26.92,49.72,47.46,0.23,-10.43,-40.63,-47.59,-7.73,23.02,-29.64,-13.66,-4.52,26.13,11.18,-22.71,2.93,20.29,32.13,304.55,0.00,-221.76,-34.27,188.81,-184.66,-174.47,10.73,164.03,66.16,-15.86,-31.52,40.78,56.79,68.80,34.37,34.36,61.47,-0.95,369.00,-7.55,0.00,0.00,39.55,-5.95,1.16,73.79,92.25,161.70,-37.05,33.12,18.94,9.30,-3.83,211.85,103.52,37.53,36.00,73.49,35.39,77.75,131.28,144.15,95.01,113.40,159.49,-346.66,32.14,-34.64,19.02,148.74,65.99,318.26,139.16,-61.76,-53.13,37.09,123.89,97.61,93.82,14.44,41.69,36.18,-9.48,85.74,24.37,164.66,-549.24,39.56,7.20,20.90,15.66,94.98,95.77,37.67,38.48,-34.90,-14.91,54.73,2.38,-174.45,-204.10,-341.56
12.00,32.05,6.72,-50.51,4.94,-58.16,25.28,49.56,67.45,67.76,62.94,0.00,-21.89,-8.81,-1.43,0.74,0.74,39.16,39.16,37.61,158.29,-157.27,97.70,72.31,-10.43,70.20,104.67,98.41,19.78,63.63,160.56,167.17,167.17,25.20,25.20,63.72,68.47,68.47,129.11,129.23,99.66,99.66,34.62,34.62,76.36,76.36,62.21,29.90,29.90,50.61,54.61,-138.81,-39.20,-29.57,-1.22,45.41,21.93,20.74,20.74,19.62,34.90,-38.23,33.20,228.80,228.80,179.34,179.34,-100.47,-2.26,155.95,-12.15,-7.21,20.25,0.90,-18.93,-35.33,17.40,-38.42,-40.47,24.56,4.61,-0.81,-1.50,29.17,57.61,44.61,49.22,17.06,15.14,21.17,19.58,7.54,-59.50,-59.51,-59.55,-2.20,-2.23,138.68,31.45,31.36,62.60,62.60,75.22,79.95,-15.92,225.25,35.39,35.39,-11.29,95.30,95.30,63.14,1.94,9.31,57.61,44.46,44.46,53.26,25.27,-21.83,351.88,331.14,-6.33,-104.56,25.64,221.17,27.24,283.52,319.48,53.98,157.53,281.28,67.65,67.81,162.11,-14.50,43.82,1.16,137.11,-18.19,-0.96,75.22,-5.05,-42.11,-45.67,95.35,88.00,37.26,68.89,47.54,200.79,77.14,-4.28,200.76,200.76,92.34,92.34,25.06,25.02,84.83,13.75,27.24,39.16,-2.35,3.42,0.21,3.97,-1.53,-4.03,-34.12,4.42,39.40,3.70,18.13,104.56,50.54,-5.89,-35.82,-65.70,19.75,-100.53,62.78,18.16,2.49,149.06,233.57,-1.35,0.91,-16.02,-4.83,61.50,201.88,-64.87,517.34,376.80,197.10,-65.61,23.97,23.89,287.24,287.54,81.88,81.88,394.68,198.71,-21.71,5.10,64.87,3.88,-15.67,90.28,-18.53,-50.54,-50.71,198.69,24.00,24.00,33.42,33.39,135.97,108.13,30.93,8.35,29.15,29.15,26.59,26.59,50.89,-22.02,71.02,26.30,85.05,53.50,22.48,14.52,12.50,12.50,38.64,36.52,15.08,-7.50,0.85,89.98,89.98,15.53,-53.98,29.15,8.76,26.32,11.77,21.22,13.38,8.70,17.41,28.71,26.98,49.14,46.90,1.22,-9.72,-41.02,-46.59,-7.68,22.07,-30.23,-13.97,-11.54,26.44,11.15,-23.13,3.36,19.79,31.06,303.62,0.00,-213.13,-35.09,186.87,-204.94,-175.86,29.77,154.77,63.32,-15.33,-33.13,36.33,56.79,67.41,35.20,35.19,61.84,-1.43,357.48,-1.57,0.00,0.00,35.03,-5.59,2.80,69.39,98.59,169.94,-38.81,32.99,18.72,8.37,-3.66,204.44,118.78,37.50,36.73,72.44,36.09,75.52,125.19,155.02,90.21,108.24,154.19,-321.12,31.08,-36.39,16.74,150.56,67.79,280.23,142.10,-60.12,-57.18,37.18,123.40,89.48,104.45,13.09,40.31,32.39,-9.77,80.51,23.82,163.81,-553.02,35.02,5.10,19.57,15.67,96.88,97.69,37.20,38.00,-33.39,-14.67,53.20,4.14,-175.84,-201.88,-316.40
13.00,32.17,8.64,-51.77,5.95,-61.42,27.01,51.63,69.80,70.12,65.22,0.00,-20.99,-8.89,-0.93,2.80,2.80,36.33,36.33,34.90,171.78,-170.57,116.43,86.17,-7.00,70.57,102.64,94.21,20.25,58.94,171.47,178.55,178.55,35.85,35.85,64.80,82.89,82.89,147.58,147.70,119.31,119.31,42.83,42.83,84.64,84.64,69.67,37.96,37.96,65.90,65.20,-128.82,-40.67,-31.65,1.74,51.73,23.06,20.68,20.68,20.77,38.14,-38.32,32.49,220.63,220.63,172.93,172.93,-93.87,1.97,160.53,-31.63,-25.51,15.91,-2.95,-17.36,-37.36,18.05,-39.63,-41.68,23.76,1.95,-1.24,-1.78,28.69,43.55,46.35,51.28,10.98,12.49,22.07,7.66,8.02,-61.17,-61.18,-61.23,1.92,1.94,143.78,50.98,50.89,66.13,66.13,81.81,86.96,-17.93,347.23,36.07,36.07,-7.57,100.76,100.76,57.06,2.88,9.12,43.55,45.21,45.21,55.48,27.01,-20.92,362.85,341.76,-4.33,-98.21,26.76,137.24,27.39,272.48,335.18,64.31,170.89,270.42,69.42,69.59,167.45,-16.66,31.94,1.15,147.75,-18.67,-0.95,81.81,-46.51,-40.28,-44.29,105.50,88.00,39.13,65.36,45.10,212.15,75.95,-5.39,198.28,198.28,97.78,97.78,26.80,26.76,59.26,13.26,27.39,36.33,-2.43,6.03,0.52,4.45,-1.70,-3.94,-35.04,3.88,37.77,3.64,20.47,113.59,51.04,-6.06,-39.55,-61.60,20.96,-99.97,58.60,16.95,26.62,75.89,233.02,-1.45,1.10,-16.96,-4.92,68.89,220.50,-69.83,577.37,364.04,174.75,-70.57,25.40,25.31,287.26,287.56,86.85,86.85,346.17,217.95,-25.50,5.03,69.83,4.64,-17.40,77.70,-67.16,-52.23,-52.40,217.92,24.09,24.09,30.87,30.85,164.45,121.35,32.21,10.14,31.69,31.69,28.89,28.89,52.17,-24.00,70.09,25.05,83.80,52.95,20.38,16.51,11.20,11.20,40.07,38.25,15.74,-7.73,2.66,95.46,95.46,16.19,-64.31,24.73,7.99,19.80,13.24,41.95,14.03,9.70,16.00,29.97,28.16,48.54,46.32,2.10,-7.98,-41.35,-45.34,-8.02,20.74,-29.92,-13.88,-17.13,26.82,11.09,-22.85,3.95,19.09,31.25,303.65,0.00,-236.37,-35.28,186.00,0.00,-79.25,-79.17,215.61,59.89,-15.83,-31.02,37.50,58.65,66.47,35.39,35.38,69.32,-0.93,437.32,8.73,0.00,0.00,28.34,-4.95,4.90,73.26,97.20,202.50,-35.35,32.30,18.51,7.70,-4.09,195.12,154.21,32.78,38.29,72.00,37.60,79.59,132.24,168.58,97.05,115.64,155.98,-380.25,31.27,-33.44,16.84,156.03,66.70,232.46,147.69,-55.76,-59.63,39.03,134.45,101.68,113.46,14.29,40.54,33.98,-9.16,75.17,25.23,173.76,-504.50,-0.11,5.03,20.16,17.40,104.28,105.14,37.05,37.85,-30.85,-10.03,57.81,6.04,-79.25,-220.50,-374.65
14.00,32.40,7.17,-53.18,6.75,-62.66,27.78,52.98,70.99,71.32,65.92,0.00,-20.23,-9.17,-0.65,0.73,0.73,36.00,36.00,34.58,172.30,-171.08,128.97,95.45,-5.91,71.42,99.48,88.64,23.98,54.60,174.10,181.29,181.29,48.11,48.11,66.23,95.22,95.22,160.73,160.86,126.89,126.89,45.91,45.91,90.15,90.15,74.81,40.91,40.91,74.59,70.71,-118.62,-43.53,-34.39,2.06,54.79,23.99,20.87,20.87,21.37,39.97,-37.77,32.29,212.42,212.42,171.34,171.34,-89.18,4.30,164.30,-39.77,-33.25,15.70,-3.07,-16.99,-38.26,18.48,-39.01,-41.32,23.35,0.53,-0.97,-1.44,27.70,40.84,47.44,52.57,7.95,11.61,23.63,-16.73,8.03,-61.15,-61.16,-61.21,4.19,4.25,147.25,52.10,52.00,68.83,68.83,84.08,89.37,-18.41,363.21,40.57,40.57,-6.39,103.52,103.52,55.08,2.85,7.19,40.84,45.49,45.49,56.93,27.77,-20.17,369.48,347.46,-5.78,-93.16,27.35,94.14,26.88,263.39,321.70,69.66,171.39,261.47,70.71,70.88,170.09,-17.11,7.90,1.16,156.88,-18.90,-0.98,84.08,-52.24,-39.46,-43.78,106.60,88.00,40.26,63.16,43.58,215.72,73.27,-6.20,200.52,200.52,100.41,100.41,27.57,27.53,54.12,13.04,26.88,36.00,-2.49,7.21,0.58,5.08,-1.74,-3.67,-34.69,4.61,35.58,3.69,20.72,118.48,52.22,-6.29,-40.46,-59.01,21.65,-98.98,53.58,15.50,57.35,140.89,232.03,-1.49,1.14,-17.26,-4.89,73.98,235.17,-73.72,595.51,351.71,167.78,-72.90,24.34,24.26,287.25,287.55,84.34,84.34,358.98,225.99,-26.36,5.19,73.72,4.95,-17.77,77.84,-82.93,-46.20,-46.37,225.97,23.73,23.73,29.59,29.57,188.72,126.80,33.00,11.44,33.22,33.22,30.86,30.86,53.60,-23.47,69.05,24.57,83.32,51.52,19.21,17.96,10.21,10.21,40.67,38.52,16.01,-9.13,0.59,98.02,98.02,17.34,-69.66,22.53,7.49,16.67,14.26,50.50,15.03,10.76,17.29,30.57,28.51,47.50,45.33,-0.01,-5.27,-42.11,-43.60,-8.41,21.43,-28.69,-13.25,-20.75,26.18,11.14,-21.96,3.67,19.47,33.31,303.68,0.00,-249.48,-35.70,194.04,0.00,-113.05,-112.87,222.10,54.56,-17.85,-32.15,40.54,61.12,65.70,35.82,35.81,74.48,-0.65,458.59,30.05,0.00,0.00,18.47,-4.32,5.84,77.05,102.93,224.30,-29.77,32.09,18.83,7.48,-4.76,179.97,147.68,30.74,41.01,74.64,40.21,86.18,137.65,173.26,101.38,120.36,168.83,-377.40,33.33,-30.84,17.61,159.32,62.84,220.38,150.55,-54.10,-60.60,40.16,141.68,107.56,118.34,15.37,41.84,38.20,-9.31,68.77,27.51,168.73,-488.75,2.96,5.19,20.59,17.77,102.41,103.26,37.00,37.80,-29.57,-6.67,61.75,6.96,-113.04,-235.17,-371.84
15.00,32.68,10.50,-57.73,4.79,-68.74,29.66,53.48,71.00,71.32,65.40,0.00,-20.13,-10.30,-0.49,-3.81,-3.81,37.04,37.04,35.58,175.96,-174.68,139.22,103.05,-5.45,72.83,94.58,83.63,18.49,49.38,178.10,185.47,185.47,54.34,54.34,66.00,104.54,104.54,163.05,163.18,131.53,131.53,55.06,55.06,96.54,96.54,80.84,50.00,50.00,83.01,78.27,-103.50,-50.22,-40.07,-0.09,51.63,24.38,21.53,21.53,23.61,41.85,-35.40,32.71,186.90,186.90,149.79,149.79,-84.03,7.23,167.04,-40.90,-34.35,17.63,-1.15,-15.41,-37.31,18.28,-38.77,-41.13,23.21,0.07,-0.91,-1.26,27.27,39.04,46.63,51.87,6.45,10.50,27.26,-51.73,8.25,-61.01,-61.02,-61.06,7.05,7.15,148.96,52.90,52.80,71.34,71.34,86.57,92.01,-17.52,388.21,48.32,48.32,-5.90,100.49,100.49,55.96,1.07,9.96,39.04,46.81,46.81,57.47,29.65,-20.07,373.21,350.80,-3.05,-86.61,29.51,33.06,26.52,242.59,304.19,76.99,175.01,240.96,70.66,70.83,176.14,-16.96,-28.56,1.15,165.72,-19.23,-0.97,86.57,-60.56,-36.57,-41.04,110.02,88.00,39.60,64.33,44.39,220.07,68.80,-7.48,198.76,198.76,97.57,97.57,29.44,29.39,-47.06,12.70,26.52,37.04,-2.53,7.49,0.88,5.95,-1.81,-3.48,-35.47,5.34,32.83,3.48,20.23,124.91,51.80,-5.91,-42.38,-60.32,21.19,-98.87,48.30,13.97,73.30,140.90,231.93,-1.56,1.25,-19.19,-4.99,79.97,255.47,-77.63,572.14,290.13,181.44,-67.05,25.72,25.63,287.24,287.54,47.71,47.71,370.41,230.06,-26.90,6.68,77.63,5.14,-17.67,0.00,-90.22,-43.59,-43.77,230.03,23.55,23.55,29.16,29.14,207.06,117.79,32.66,9.58,36.33,36.33,33.67,33.67,58.23,-22.47,68.19,23.18,81.93,51.21,17.71,19.80,10.42,10.42,41.59,39.41,15.32,-12.35,1.88,95.33,95.33,20.00,-76.99,21.80,7.34,15.62,16.01,51.65,14.83,10.62,16.47,30.70,28.75,45.64,43.56,-1.63,-2.64,-40.93,-40.65,-8.17,20.94,-27.35,-12.44,-25.87,26.96,11.07,-21.10,3.83,19.17,36.49,304.24,0.00,-261.91,-36.41,201.68,0.00,-97.12,-96.99,231.31,49.74,-18.79,-30.24,40.43,62.40,66.15,36.52,36.51,80.56,-0.49,488.29,61.52,0.00,0.00,11.67,-4.09,6.16,81.99,105.98,242.13,-19.73,32.52,20.06,7.71,-4.70,166.29,116.26,28.14,47.31,76.34,46.25,87.33,142.65,178.38,105.31,124.61,185.94,-373.78,36.51,-35.78,17.91,156.89,61.92,132.85,156.65,-53.03,-60.79,39.50,149.24,112.44,124.75,17.78,45.89,40.58,-10.38,62.01,31.00,95.43,-481.46,16.34,6.68,21.22,17.67,142.65,143.84,37.03,37.82,-29.14,-1.92,67.38,7.27,-97.12,-255.47,-368.28
16.00,33.20,10.19,-58.12,5.75,-71.40,29.49,55.51,72.97,73.30,65.60,0.00,-20.30,-16.12,5.98,-7.03,-7.03,37.48,37.48,36.01,181.88,-180.52,144.11,106.66,-4.83,74.41,94.07,82.71,15.52,48.00,181.03,188.53,188.53,56.35,56.35,67.20,109.04,109.04,165.38,165.52,137.17,137.17,60.17,60.17,100.01,100.01,84.46,54.99,54.99,86.91,82.92,-91.26,-54.50,-43.87,-1.41,52.80,24.84,21.52,21.52,25.14,43.87,-33.49,32.40,176.29,176.29,139.23,139.23,-79.03,10.22,170.74,-41.14,-34.66,18.11,-0.33,-14.81,-37.00,18.07,-39.37,-41.60,22.49,-1.20,-0.67,-1.14,27.02,30.15,46.18,51.42,4.06,10.19,29.66,-63.25,8.48,-61.45,-61.45,-61.50,9.97,10.11,151.81,57.03,56.93,73.63,73.63,88.76,94.35,-18.22,406.47,52.35,52.35,-5.23,102.21,102.21,55.40,1.48,9.79,30.15,46.92,46.92,59.65,29.48,-20.24,391.11,362.56,-3.88,-80.90,31.00,-6.44,27.70,218.97,307.57,81.48,180.87,217.64,71.03,71.20,179.92,-17.50,-38.47,1.17,169.24,-19.63,-1.20,88.77,-59.52,-35.65,-39.30,112.30,88.00,39.30,65.04,44.88,223.39,67.06,0.00,197.79,197.79,99.17,99.17,29.26,29.22,-68.91,12.30,27.70,37.48,-2.44,6.25,1.68,5.36,-1.11,-3.39,-35.29,4.67,31.88,1.87,19.57,128.32,52.43,-6.20,-43.98,-61.22,21.11,-98.89,44.85,12.97,86.19,148.26,231.95,-1.64,1.08,-20.04,-5.20,83.57,266.70,-78.80,558.67,257.53,160.57,-68.19,27.29,27.19,287.25,287.55,42.25,42.25,384.97,236.28,-27.01,6.71,78.80,5.39,-17.00,0.00,-98.98,-43.43,-43.62,236.25,23.39,23.39,27.60,27.58,215.88,115.15,34.06,10.06,38.13,38.13,35.12,35.12,58.62,-24.39,67.62,22.93,81.68,50.40,17.51,20.86,10.31,10.31,42.69,40.28,15.37,-14.18,-0.65,96.81,96.81,21.75,-81.48,19.61,6.70,12.86,17.14,51.73,15.24,11.02,15.29,31.85,29.30,41.75,39.84,1.10,-5.81,-41.09,-39.44,-7.88,18.79,-26.52,-11.97,-28.60,26.69,11.14,-20.54,4.97,18.16,38.54,303.19,0.00,-273.90,-37.20,207.87,0.00,-91.53,-91.42,241.79,48.34,-19.27,-31.42,39.28,63.30,67.00,37.32,37.31,84.21,5.98,510.12,71.52,0.00,0.00,7.84,-3.99,6.74,84.63,107.87,250.62,-12.43,32.21,19.56,7.74,-4.51,153.55,106.83,27.63,51.47,78.00,50.22,87.95,147.23,182.90,109.30,129.02,193.09,-373.75,38.56,-34.89,23.60,164.71,65.71,90.16,160.83,-53.41,-58.86,39.20,154.43,119.23,128.15,16.12,48.42,40.69,-10.89,57.60,34.40,84.51,-472.73,19.90,6.71,20.17,17.00,142.00,143.18,36.79,37.58,-27.58,-0.38,70.27,7.90,-91.53,-266.70,-368.24
17.00,34.31,12.49,-64.59,3.70,-74.82,32.66,56.95,73.59,73.92,66.67,0.00,-19.50,-18.29,7.86,1.67,1.67,46.33,46.33,44.50,176.44,-175.16,265.55,0.00,-6.85,80.85,92.89,80.98,13.69,45.38,183.16,190.75,190.75,61.10,61.10,75.65,109.92,109.92,171.66,171.79,132.63,132.63,58.58,58.58,100.50,100.50,83.60,52.82,52.82,88.23,81.70,-108.79,-58.04,-49.95,-1.78,55.16,26.61,22.39,22.39,28.21,47.98,-39.16,25.75,178.88,178.88,139.72,139.72,-80.11,7.83,176.80,-42.70,-35.96,18.80,-0.76,-15.31,-39.25,19.03,-38.68,-41.15,22.72,-2.37,-0.60,-1.17,26.43,30.10,47.91,53.18,1.99,10.73,31.52,-65.82,9.07,-61.24,-61.25,-61.29,7.64,7.74,157.09,58.79,58.70,79.69,79.69,94.11,100.03,-19.42,417.17,47.15,47.15,-7.41,103.01,103.01,54.39,1.60,12.73,30.10,48.06,48.06,61.19,32.65,-19.44,399.17,369.82,-2.36,-86.14,34.00,1.33,26.80,222.20,313.02,80.30,175.49,220.82,71.65,71.82,189.38,-18.56,-41.57,1.22,178.67,-20.28,-1.07,94.11,-71.03,-34.62,-38.37,112.47,88.00,40.28,62.28,42.97,226.73,66.49,0.00,209.64,209.64,100.09,100.09,32.41,32.36,-68.16,11.65,26.80,46.33,-2.39,7.97,2.65,6.18,-1.33,-3.51,-34.48,7.32,32.77,1.07,17.97,133.67,55.04,-6.51,-45.07,-57.54,21.12,-97.39,45.65,13.21,83.06,148.25,230.47,-1.77,1.47,-19.81,-5.37,82.71,283.75,-83.95,561.31,262.28,161.72,-72.03,27.92,27.81,287.23,287.53,44.05,44.05,392.70,231.27,-29.46,7.51,83.95,5.67,-18.03,0.00,-98.97,-31.61,-31.80,231.25,23.36,23.36,27.27,27.25,217.62,123.70,35.99,13.00,40.68,40.68,37.19,37.19,65.21,-23.40,67.44,22.60,81.35,50.38,18.16,21.38,9.70,9.70,42.62,40.03,13.39,-14.18,-0.89,97.89,97.89,23.12,-80.30,18.38,6.43,10.77,18.52,53.73,17.93,13.73,15.88,31.15,28.43,43.39,41.41,4.07,-6.01,-42.72,-40.30,-7.87,18.43,-27.19,-12.26,-28.09,25.49,10.91,-21.07,5.08,17.94,37.72,301.83,0.00,-286.88,-40.42,201.77,0.00,-94.65,-94.53,241.83,46.64,-19.77,-30.88,34.93,64.95,67.24,40.56,40.55,83.34,7.87,527.35,70.93,0.00,0.00,6.79,-4.06,7.59,89.74,117.01,265.33,-28.96,25.63,21.80,8.48,-4.38,155.83,109.77,28.82,54.71,81.45,53.29,86.73,159.35,193.90,116.56,136.71,193.27,-367.10,37.74,-32.45,24.20,163.08,68.04,92.01,170.69,-51.35,-58.50,40.18,161.49,125.15,133.49,18.29,50.53,44.75,-8.39,58.62,35.79,88.12,-472.70,22.78,7.51,20.20,18.03,143.20,144.39,37.09,37.89,-27.25,-2.72,74.42,8.81,-94.65,-283.75,-361.70
18.00,35.19,14.07,-67.41,2.48,-81.21,32.61,57.58,75.67,76.01,69.44,0.00,-17.07,-19.52,3.44,15.33,15.33,58.63,58.63,56.32,171.84,-170.63,272.37,0.00,-9.00,87.71,96.82,83.94,14.25,47.10,184.58,192.24,192.24,60.33,60.33,67.85,103.86,103.86,169.42,169.54,115.36,115.36,54.47,54.47,98.78,98.78,81.23,49.29,49.29,84.53,76.92,-129.24,-61.42,-53.86,-5.15,62.09,26.70,21.13,21.13,28.71,49.68,-36.61,27.27,182.09,182.09,138.87,138.87,-96.42,-3.68,178.09,-33.49,-26.70,22.22,1.99,-14.73,-39.22,18.86,-36.48,-39.08,23.26,-3.65,-0.48,-0.91,25.38,35.03,48.34,53.81,0.23,10.83,33.32,-69.56,9.08,-63.21,-63.22,-63.26,-3.59,-3.64,157.09,54.67,54.59,83.19,83.19,99.07,105.30,-26.34,409.85,32.32,32.32,-9.75,111.33,111.33,47.09,1.33,14.14,35.03,42.91,42.91,61.87,32.60,-17.02,394.62,373.93,-1.09,-100.40,34.49,31.78,26.42,225.20,300.02,75.68,170.94,223.79,72.09,72.27,192.90,-18.95,-46.21,1.26,187.16,-20.66,-0.69,99.07,-76.39,-34.05,-37.88,112.87,88.00,41.41,60.90,42.02,228.79,68.86,0.00,230.06,230.06,108.15,108.15,32.33,32.28,-63.98,11.26,26.42,58.63,-2.43,11.57,2.97,4.56,-2.33,-3.50,-34.57,6.76,31.34,1.80,15.76,137.94,53.67,-6.13,-45.88,-56.34,22.42,-95.64,43.23,12.51,49.17,75.89,228.71,-1.85,2.12,-20.11,-5.55,80.35,294.49,-86.16,539.50,263.80,170.70,-78.55,30.14,30.01,287.22,287.52,40.21,40.21,384.59,214.33,-29.62,7.63,86.16,5.71,-18.73,0.00,-83.16,-22.62,-22.79,214.30,23.71,23.71,27.35,27.34,205.73,134.20,37.95,13.98,42.76,42.76,39.11,39.11,68.09,-22.40,66.37,22.00,80.75,49.00,17.92,23.13,7.32,7.32,43.59,41.09,13.84,-15.67,-1.03,105.79,105.79,24.44,-75.68,17.55,6.08,9.27,19.98,45.06,16.46,12.24,16.01,31.71,28.83,44.71,42.67,6.76,-2.84,-41.63,-38.79,-7.76,17.22,-27.05,-12.54,-30.72,25.22,10.96,-20.67,5.39,17.15,38.86,301.45,0.00,-295.84,-43.85,183.18,0.00,-56.73,-56.68,228.48,48.99,-20.36,-29.78,29.51,66.86,67.26,44.02,44.00,80.95,3.44,524.74,70.92,0.00,0.00,4.48,-4.23,8.27,91.82,119.79,272.13,-33.22,27.14,21.77,9.00,-4.27,153.27,88.59,28.68,57.85,84.48,56.27,88.23,166.36,204.10,118.66,138.75,176.66,-364.02,38.89,-23.12,15.66,163.66,72.90,105.17,174.27,-51.25,-68.60,41.31,166.91,128.70,137.74,19.52,52.87,48.94,-7.89,55.53,37.95,80.43,-488.46,23.64,7.63,20.36,18.73,142.58,143.76,37.54,38.34,-27.34,0.30,78.26,9.73,-56.73,-294.49,-358.66
19.00,36.14,16.26,-70.05,2.13,-81.34,34.88,57.77,76.84,77.19,69.62,0.00,-18.42,-20.43,7.72,9.76,9.76,60.29,60.29,57.92,170.86,-169.66,281.32,0.00,-10.67,93.47,96.40,81.44,11.15,44.10,185.98,193.70,193.70,62.19,62.19,70.38,104.60,104.60,172.43,172.55,117.23,117.23,58.31,58.31,101.15,101.15,82.94,52.92,52.92,78.95,69.01,-120.62,-62.90,-54.95,-4.84,61.41,28.17,21.98,21.98,28.49,49.99,-34.02,23.82,175.34,175.34,132.51,132.51,-92.42,-1.46,179.16,-13.97,-7.54,27.69,7.05,-14.08,-39.02,18.94,-34.03,-36.47,23.24,-4.37,-0.64,-0.88,25.57,39.05,48.26,53.82,0.49,10.92,34.28,-71.84,9.19,-62.81,-62.81,-62.86,-1.43,-1.45,158.15,56.86,56.77,85.40,85.40,100.56,106.89,-24.42,416.19,41.90,41.90,-11.55,112.51,112.51,48.23,2.24,14.53,39.05,43.91,43.91,62.07,34.87,-18.36,406.11,382.05,0.58,-96.27,34.27,12.05,25.66,216.58,295.35,110.19,169.97,215.28,71.44,71.61,197.63,-19.31,-47.47,1.28,195.16,-21.02,-0.86,100.57,-79.97,-32.71,-36.28,112.75,88.00,41.30,60.86,41.99,231.14,65.62,0.00,230.06,230.06,109.36,109.36,34.59,34.54,-73.59,10.90,25.66,60.29,-2.41,10.34,3.48,5.29,-1.88,-3.63,-34.81,7.89,32.47,0.83,15.34,142.09,53.52,-5.96,-46.24,-56.16,22.22,-96.84,43.95,12.71,54.77,75.90,229.91,-1.92,2.01,-20.04,-5.75,82.05,303.05,-87.99,532.89,245.76,175.58,-77.48,35.44,35.26,287.18,287.48,29.19,29.19,388.53,216.19,-30.55,7.59,87.99,5.93,-19.35,0.00,-84.08,-19.17,-19.34,216.17,25.03,25.03,26.90,26.89,207.18,134.20,39.50,16.22,43.75,43.75,39.90,39.90,70.78,-22.11,65.03,20.47,79.22,47.98,17.89,25.80,8.30,8.30,47.37,44.58,15.86,-20.14,-0.97,107.06,107.06,25.15,-68.01,16.53,5.92,7.65,21.88,25.91,16.32,12.12,18.53,35.06,31.49,44.75,42.71,5.24,-4.30,-42.99,-40.21,-8.07,19.10,-28.09,-13.46,-31.65,25.27,10.96,-21.09,4.54,18.14,41.80,300.42,0.00,-300.80,-46.73,185.23,0.00,-51.14,-51.10,229.20,45.86,-20.48,-28.64,27.42,69.78,69.63,46.92,46.90,82.67,7.73,534.08,70.81,0.00,0.00,4.99,-3.70,8.87,95.56,121.21,281.07,-28.55,23.71,22.26,8.98,-4.45,155.67,49.67,28.74,59.51,86.38,57.84,89.03,170.77,207.18,122.07,142.55,169.86,-361.69,41.83,-23.53,18.72,167.08,73.47,100.47,179.17,-52.49,-67.71,41.20,170.15,130.32,141.89,20.43,52.26,52.76,-8.30,56.45,43.14,58.38,-487.45,25.99,7.59,20.70,19.35,143.15,144.34,39.13,39.97,-26.89,-4.27,79.84,10.29,-51.13,-303.05,-356.37
20.00,37.35,17.47,-71.81,1.10,-82.76,36.30,56.22,76.28,76.62,71.18,0.00,-18.52,-19.95,6.87,9.62,9.62,60.22,60.22,57.85,171.18,-169.97,284.41,0.00,-12.16,97.45,95.24,82.04,10.53,43.97,187.63,195.41,195.41,64.22,64.22,71.83,106.74,106.74,174.42,174.54,119.02,119.02,59.02,59.02,102.79,102.79,84.26,53.52,53.52,80.23,69.96,-123.49,-63.71,-56.57,-3.96,61.48,28.38,22.50,22.50,29.32,51.46,-37.80,26.63,173.03,173.03,131.50,131.50,-92.04,-1.22,180.37,-16.84,-10.27,26.89,6.32,-14.20,-38.79,18.76,-33.98,-36.43,23.10,-4.59,-0.38,-0.94,26.13,37.64,48.02,53.53,0.19,11.23,34.88,-74.29,9.08,-63.31,-63.32,-63.37,-1.19,-1.20,159.53,58.28,58.19,85.70,85.70,101.82,108.23,-24.99,420.16,41.87,41.87,-13.16,112.43,112.43,45.56,1.68,15.42,37.64,44.97,44.97,60.41,36.29,-18.46,410.39,382.47,1.56,-96.76,35.07,1.79,22.45,212.57,291.98,111.72,170.28,211.31,70.97,71.15,198.55,-19.65,-51.10,1.37,198.96,-20.97,-0.83,101.83,-80.14,-32.65,-36.21,112.98,88.00,41.19,61.13,42.18,233.65,67.16,0.00,230.06,230.06,109.41,109.41,36.00,35.94,-72.11,10.95,22.45,60.22,-2.46,11.09,3.26,5.61,-2.04,-3.55,-35.30,8.19,32.09,1.25,15.30,144.23,54.98,-6.38,-46.44,-56.51,22.29,-95.53,43.29,12.52,56.47,75.89,228.61,-1.91,2.04,-19.82,-5.68,83.36,307.38,-88.32,529.22,241.81,171.05,-76.08,36.84,36.65,287.18,287.48,29.43,29.43,392.46,217.19,-31.15,7.41,88.32,6.15,-19.51,0.00,-86.20,-17.22,-17.39,217.16,24.88,24.88,26.64,26.62,211.38,134.20,39.49,16.37,44.17,44.17,40.21,40.21,72.58,-20.90,64.35,19.43,78.19,47.68,18.09,27.44,8.97,8.97,48.31,45.64,15.81,-21.08,-0.86,107.22,107.22,25.59,-68.94,16.19,5.79,7.25,22.64,28.90,18.04,13.83,16.73,35.34,31.98,42.59,40.65,3.97,-5.76,-42.80,-39.46,-7.70,19.80,-27.35,-12.58,-32.05,25.26,10.87,-20.98,4.25,18.52,39.68,300.32,0.00,-305.34,-48.71,185.81,0.00,-49.44,-49.41,230.62,45.74,-20.59,-27.87,26.43,73.03,72.77,48.92,48.90,84.00,6.87,539.89,70.92,0.00,0.00,4.09,-2.99,8.93,96.07,122.56,284.15,-31.81,26.50,22.45,8.75,-4.16,150.89,52.58,29.24,60.56,86.33,58.83,95.17,171.37,209.77,122.38,142.88,172.10,-361.50,39.70,-21.29,22.47,167.08,67.63,97.29,180.41,-51.83,-61.36,41.09,171.91,133.21,144.01,19.95,51.58,54.41,-7.50,55.60,44.52,58.87,-485.34,25.99,7.41,20.26,19.51,140.44,141.61,38.86,39.69,-26.62,-4.06,80.47,10.38,-49.44,-307.38,-356.18
21.00,38.53,18.54,-75.49,-1.42,-90.57,36.92,54.66,76.45,76.79,69.14,0.00,-18.53,-20.97,9.13,4.83,4.83,61.55,61.55,59.13,173.81,-172.57,291.33,0.00,-13.87,104.59,93.82,80.20,8.39,42.97,192.00,199.98,199.98,63.26,63.26,71.83,105.78,105.78,175.30,175.42,121.97,121.97,60.81,60.81,101.73,101.73,83.34,55.30,55.30,74.32,63.07,-115.77,-66.24,-59.08,-7.51,60.88,29.53,22.66,22.66,29.56,52.27,-34.11,23.16,173.11,173.11,130.39,130.39,-89.61,-0.37,180.63,-10.39,-3.66,29.15,7.79,-13.83,-38.93,18.85,-33.56,-35.91,22.88,-4.44,-0.40,-0.79,26.98,38.82,48.14,53.71,-0.23,11.48,36.18,-75.90,9.20,-62.44,-62.44,-62.49,-0.37,-0.37,158.55,61.04,60.95,87.76,87.76,104.53,111.11,-26.10,423.02,49.15,49.15,-15.01,110.99,110.99,48.23,1.75,17.78,38.82,43.03,43.03,58.73,36.91,-18.47,408.39,382.99,2.39,-93.57,35.30,-3.33,20.16,213.39,292.59,137.60,172.89,212.13,71.59,71.76,200.89,-20.25,-50.69,1.37,208.86,-21.05,-1.01,104.54,-76.28,-32.38,-36.14,116.46,88.00,41.30,60.85,41.99,238.57,63.49,0.00,230.06,230.06,107.79,107.79,36.60,36.55,-73.93,10.87,20.16,61.55,-2.46,11.55,3.36,6.55,-1.59,-3.55,-36.01,8.32,32.61,0.70,15.53,151.17,54.24,-6.08,-47.56,-56.14,22.32,-95.56,43.97,12.72,58.84,75.90,228.63,-1.93,1.82,-20.17,-5.64,82.46,315.67,-89.79,527.38,241.47,173.75,-67.53,39.73,39.51,287.17,287.47,27.84,27.84,392.90,221.05,-31.65,7.08,89.79,6.04,-19.54,0.00,-85.72,-17.14,-17.32,221.03,23.98,23.98,26.38,26.36,209.50,134.20,40.28,18.39,45.03,45.03,40.99,40.99,76.33,-18.18,63.58,19.15,77.90,46.56,18.34,28.34,8.29,8.29,48.77,45.98,15.38,-22.77,-0.23,105.42,105.42,26.54,-62.23,15.97,5.89,6.93,23.29,23.16,16.98,12.76,18.25,35.59,31.87,41.02,39.15,2.07,-7.90,-43.07,-40.00,-7.73,22.05,-27.43,-12.41,-32.22,25.71,10.97,-21.22,3.36,19.78,42.94,300.16,0.00,-310.69,-52.28,190.01,0.00,-47.07,-47.04,228.10,43.10,-25.26,-27.46,29.69,78.17,76.80,52.52,52.50,83.08,9.14,545.69,70.80,0.00,0.00,5.25,-2.28,9.03,98.78,127.98,291.06,-26.47,23.06,22.78,9.40,-4.19,150.91,42.98,29.74,62.81,88.02,60.95,92.44,175.49,215.34,124.99,145.81,171.26,-363.28,42.98,-22.22,20.01,165.21,60.25,98.15,182.66,-52.41,-66.08,41.20,175.15,135.30,150.93,20.97,52.10,57.34,-7.55,56.48,47.20,55.68,-485.81,28.39,7.08,20.53,19.54,141.74,142.92,37.88,38.69,-26.36,-7.69,82.03,10.33,-47.07,-315.67,-357.93
22.00,39.09,19.62,-77.86,-2.20,-90.09,39.26,53.78,76.88,77.23,70.20,0.00,-18.89,-20.97,9.29,5.86,5.86,60.67,60.67,58.28,176.96,-175.67,296.91,0.00,-14.60,111.08,88.47,75.01,3.98,38.34,192.85,200.87,200.87,67.00,67.00,71.13,111.20,111.20,179.01,179.14,126.75,126.75,65.95,65.95,104.56,104.56,85.63,60.44,60.44,83.21,71.67,-111.44,-68.15,-61.46,-8.34,60.10,29.45,22.63,22.63,30.64,54.37,-35.18,23.06,175.38,175.38,132.58,132.58,-86.27,1.72,183.67,-16.29,-9.33,27.66,5.82,-13.75,-39.33,19.02,-34.88,-37.31,23.18,-4.86,-0.33,-0.83,27.17,34.93,48.46,54.06,-0.21,11.68,37.26,-72.50,9.30,-62.13,-62.13,-62.18,1.68,1.70,160.98,62.85,62.75,88.44,88.44,105.94,112.61,-25.35,432.37,48.52,48.52,-15.80,111.56,111.56,47.88,0.96,18.49,34.93,44.16,44.16,57.79,39.24,-18.83,415.44,387.49,2.85,-90.34,36.34,-23.63,17.95,209.48,304.59,130.63,176.00,208.26,71.65,71.83,204.07,-20.74,-49.14,1.39,211.91,-21.17,-1.00,105.94,-74.57,-32.59,-36.21,116.20,88.00,41.53,60.29,41.60,240.11,58.92,0.00,230.06,230.06,108.46,108.46,38.91,38.85,-80.93,10.75,17.95,60.67,-2.47,12.09,3.44,6.02,-1.66,-3.57,-36.67,8.15,32.28,0.70,16.62,152.35,55.13,-6.22,-48.71,-55.43,22.38,-95.33,44.43,12.85,63.35,75.90,228.40,-1.95,1.88,-20.65,-5.67,84.73,321.58,-91.65,530.26,237.02,166.68,-67.80,41.50,41.26,287.19,287.49,29.15,29.15,402.86,225.71,-32.55,7.35,91.65,6.39,-20.13,0.00,-78.19,-17.49,-17.67,225.68,24.27,24.27,26.59,26.57,220.13,134.20,40.75,17.63,45.83,45.83,41.82,41.82,78.76,-17.31,63.44,18.71,77.46,46.70,18.84,28.92,8.74,8.74,49.56,46.76,15.76,-23.75,0.38,106.18,106.18,27.33,-70.59,15.92,5.73,6.77,23.80,29.16,17.90,13.61,18.22,36.11,32.50,43.19,41.22,3.55,-5.34,-42.77,-39.59,-7.64,20.78,-27.43,-12.33,-32.38,26.33,10.83,-21.29,3.61,18.91,43.22,299.22,0.00,-316.18,-55.53,193.52,0.00,-42.57,-42.54,234.06,38.87,-29.19,-28.25,34.36,83.95,81.13,55.80,55.78,85.39,9.30,557.66,66.29,0.00,0.00,4.86,-1.62,9.13,99.43,131.20,296.63,-25.47,22.96,23.23,9.15,-4.09,154.63,56.19,30.44,64.69,88.78,62.72,89.66,176.85,218.24,126.47,147.40,179.86,-363.70,43.26,-21.15,22.37,166.49,51.08,84.05,185.84,-52.01,-63.59,41.43,178.30,137.57,152.11,20.97,53.29,59.20,-7.11,57.07,48.87,58.30,-493.36,27.70,7.36,20.33,20.13,143.31,144.51,38.60,39.43,-26.57,-4.50,83.68,10.60,-42.57,-321.58,-358.35
23.00,40.21,19.49,-79.88,-2.19,-89.37,41.53,53.65,77.23,77.58,70.63,0.00,-18.82,-20.93,9.35,5.69,5.69,60.29,60.29,57.92,177.42,-176.13,302.07,0.00,-16.82,118.94,85.38,70.36,-0.97,32.64,192.67,200.68,200.68,72.31,72.31,82.58,118.86,118.86,184.79,184.92,131.10,131.10,68.43,68.43,105.95,105.95,86.93,62.10,62.10,91.03,78.03,-103.38,-70.01,-62.96,-8.17,60.10,29.45,22.45,22.45,30.83,54.98,-33.80,19.74,174.63,174.63,133.33,133.33,-81.28,3.68,185.33,-22.39,-15.14,25.47,4.57,-13.63,-39.33,18.90,-35.00,-37.44,22.99,-5.37,-0.30,-0.80,27.33,33.13,48.79,54.49,-1.22,11.61,38.11,-70.43,9.48,-62.46,-62.46,-62.51,3.59,3.64,162.53,62.63,62.53,89.29,89.29,107.83,114.61,-23.87,443.40,49.39,49.39,-18.20,112.78,112.78,46.67,0.77,18.32,33.13,44.97,44.97,57.65,41.52,-18.76,420.17,390.75,2.88,-86.72,36.50,-51.47,13.14,213.44,307.13,123.27,176.46,212.17,72.00,72.17,206.71,-20.67,-46.83,1.36,213.85,-21.29,-0.97,107.83,-79.33,-32.49,-36.27,116.07,88.00,42.32,59.20,40.85,239.89,55.20,0.00,230.06,230.06,109.57,109.57,41.18,41.12,-76.30,10.63,13.14,60.29,-2.51,12.85,3.47,5.51,-1.77,-3.54,-37.00,8.08,31.98,0.81,16.48,155.88,55.38,-6.16,-49.09,-54.38,23.28,-94.50,44.06,12.75,95.43,148.26,227.58,-1.98,1.95,-21.08,-5.69,86.01,326.72,-92.89,551.93,245.27,164.59,-68.04,44.29,44.02,287.20,287.50,34.36,34.36,411.02,229.81,-32.11,7.44,92.89,6.45,-20.62,0.00,-96.25,-15.74,-15.92,229.79,24.04,24.04,26.09,26.07,235.16,134.20,41.32,17.37,46.83,46.83,42.67,42.67,80.83,-17.12,63.64,18.82,77.58,46.95,18.84,28.50,8.96,8.96,50.12,47.32,16.14,-23.28,1.64,107.20,107.20,27.95,-76.76,15.12,5.52,5.71,23.61,35.51,18.23,13.89,19.05,36.86,32.95,42.04,40.12,3.74,-6.14,-41.75,-39.23,-7.58,19.78,-27.19,-12.28,-32.69,26.54,10.80,-21.05,4.16,18.45,45.37,299.33,0.00,-320.60,-59.46,198.01,0.00,-82.31,-82.21,241.12,33.98,-27.10,-28.35,43.83,87.68,83.34,59.76,59.74,86.69,9.36,569.95,62.15,0.00,0.00,6.46,-1.12,9.41,100.77,135.34,301.78,-22.35,19.66,23.75,9.00,-4.05,153.58,72.27,30.37,66.16,90.57,64.10,86.62,178.55,222.13,128.03,149.09,190.74,-361.42,45.41,-21.99,23.71,167.22,31.86,86.59,188.67,-50.83,-62.55,42.21,180.74,139.59,155.63,20.93,54.84,57.60,-7.49,56.59,48.41,68.73,-475.35,30.48,7.44,21.01,20.62,142.93,144.12,38.25,39.07,-26.07,-1.04,85.39,10.89,-82.30,-326.72,-356.10
24.00,40.78,19.64,-81.73,-2.68,-88.01,43.23,53.44,77.13,77.48,72.33,0.00,-19.00,-20.40,8.43,6.02,6.02,60.15,60.15,57.78,176.71,-175.42,305.78,0.00,-18.07,122.87,85.16,68.80,-1.50,30.47,193.22,201.26,201.26,73.52,73.52,83.11,120.12,120.12,185.69,185.82,132.15,132.15,68.46,68.46,105.62,105.62,86.67,62.10,62.10,93.81,80.76,-105.61,-67.59,-61.89,-5.58,60.41,29.10,22.23,22.23,30.99,54.96,-33.86,19.45,174.31,174.31,133.95,133.95,-82.40,3.95,185.50,-24.55,-17.15,24.71,3.58,-13.57,-39.39,18.96,-35.59,-38.02,22.93,-4.74,-0.42,-0.83,27.25,32.60,48.55,54.18,-0.59,11.45,37.00,-68.59,9.35,-62.82,-62.83,-62.87,3.86,3.91,163.56,62.43,62.34,89.22,89.22,107.31,114.06,-23.50,446.23,47.31,47.31,-19.56,113.66,113.66,45.18,0.14,18.56,32.60,46.61,46.61,57.42,43.22,-18.94,424.96,393.12,2.84,-87.99,36.66,-57.49,10.39,216.36,308.48,116.15,175.76,215.05,71.78,71.96,209.22,-20.62,-44.52,1.34,212.94,-21.70,-1.39,107.32,-79.53,-32.73,-36.54,116.81,88.00,41.81,59.59,41.12,240.33,55.04,0.00,230.06,230.06,110.38,110.38,42.87,42.80,-75.34,10.22,10.39,60.15,-2.82,13.36,2.94,6.26,-1.27,-3.59,-36.72,8.13,32.64,1.15,16.50,155.43,55.28,-6.11,-48.38,-54.54,22.72,-97.76,44.49,12.87,96.28,148.26,230.90,-2.06,1.52,-20.49,-6.25,85.76,325.77,-93.07,548.81,250.00,164.82,-70.37,44.49,44.22,287.18,287.48,36.44,36.44,414.34,230.62,-32.88,7.32,93.07,6.29,-20.63,0.00,-98.44,-15.41,-15.59,230.59,23.57,23.57,26.29,26.28,237.63,134.20,39.92,17.51,46.13,46.13,42.09,42.09,82.72,-16.35,63.83,18.46,77.22,47.61,18.72,28.90,9.08,9.08,50.64,47.74,16.39,-22.60,2.33,107.96,107.96,27.14,-79.40,15.70,5.78,6.52,23.64,37.82,18.24,13.97,18.77,37.13,33.45,42.67,40.72,3.07,-6.38,-43.01,-40.11,-7.81,20.90,-27.71,-12.43,-32.91,26.31,10.77,-21.52,3.74,19.09,45.39,298.37,0.00,-319.86,-61.42,199.26,0.00,-81.46,-81.37,244.55,33.42,-27.71,-28.97,54.89,90.74,84.85,61.75,61.72,86.44,8.43,572.43,58.26,0.00,0.00,5.54,-0.78,9.17,98.21,138.94,305.48,-23.47,19.38,23.92,9.03,-4.23,154.49,79.14,30.09,64.23,90.45,62.29,86.45,178.42,221.06,129.00,150.72,192.65,-360.87,45.43,-20.54,26.00,166.97,15.16,87.82,191.18,-50.75,-58.46,41.71,179.48,140.10,155.18,20.40,52.07,57.14,-6.11,57.14,47.83,72.90,-473.13,29.97,7.32,21.64,20.63,143.78,144.98,37.44,38.24,-26.28,-0.37,84.22,10.52,-81.45,-325.77,-355.55
25.00,40.25,18.28,-80.37,-1.98,-79.78,45.46,52.43,75.78,76.12,70.13,0.00,-20.44,-19.02,7.75,7.96,7.96,60.16,60.16,57.80,178.10,-176.79,305.05,0.00,-23.82,134.24,78.27,62.66,-4.77,26.82,192.40,200.40,200.40,71.28,71.28,81.07,120.28,120.28,180.52,180.65,128.68,128.68,68.79,68.79,100.53,100.53,82.85,62.57,62.57,96.78,85.60,-101.90,-61.93,-56.18,-2.72,55.23,27.86,21.56,21.56,29.32,52.72,-35.03,19.44,178.32,178.32,139.07,139.07,-77.64,8.22,181.74,-44.61,-36.95,18.38,-1.28,-14.08,-39.36,18.87,-38.17,-40.32,22.70,-3.36,-0.78,-1.18,26.86,29.58,48.08,53.52,1.51,10.69,33.95,-70.74,9.17,-60.74,-60.74,-60.79,8.01,8.12,161.18,53.98,53.89,87.21,87.21,106.82,113.54,-18.42,447.35,43.54,43.54,-25.78,108.12,108.12,54.73,1.30,16.98,29.58,49.49,49.49,56.34,45.44,-20.38,417.22,386.83,1.75,-83.75,35.03,-56.06,6.76,223.67,317.46,100.26,177.13,222.28,71.61,71.78,207.34,-20.65,-46.58,1.34,211.35,-21.66,-1.40,106.83,-79.99,-34.24,-37.96,119.88,88.00,41.02,60.94,42.05,237.09,48.08,0.00,217.94,217.94,105.23,105.23,45.07,45.00,-61.91,10.25,6.76,60.16,-2.87,14.10,2.72,6.15,-1.32,-3.75,-36.25,7.65,34.00,1.48,17.09,154.31,54.88,-6.28,-47.21,-56.02,22.02,-98.68,45.65,13.21,97.37,148.26,231.82,-2.05,1.49,-19.39,-6.41,81.97,320.88,-90.87,546.58,266.87,159.85,-71.11,41.40,41.16,287.21,287.51,47.25,47.25,410.19,226.62,-32.33,6.30,90.87,6.06,-19.71,0.00,-99.52,-19.86,-20.05,226.59,23.51,23.51,26.72,26.70,237.92,124.13,38.04,16.50,43.73,43.73,40.29,40.29,81.32,-15.99,64.72,19.18,77.93,48.56,18.23,27.53,11.20,11.20,49.52,46.70,16.47,-21.10,2.72,103.12,103.12,24.90,-84.07,17.14,6.15,8.87,22.54,57.40,18.03,13.79,18.91,36.24,32.95,44.27,42.25,2.57,-6.72,-44.54,-41.97,-8.33,22.98,-29.14,-13.45,-33.36,26.07,10.84,-22.32,2.73,20.13,42.86,298.45,0.00,-313.68,-67.11,200.28,0.00,-80.38,-80.29,246.90,27.85,-27.74,-29.99,72.29,94.46,87.44,67.50,67.47,82.58,7.75,569.87,62.20,0.00,0.00,6.41,0.16,8.26,95.22,138.66,304.76,-24.51,19.37,22.97,9.21,-4.59,159.62,114.81,28.85,58.94,86.23,57.30,84.82,174.39,220.05,126.16,147.74,199.09,-360.71,42.89,-27.51,24.76,162.80,-9.73,96.32,189.53,-50.09,-59.07,40.92,175.56,137.83,154.07,19.02,49.62,56.67,-6.08,58.63,44.07,94.52,-472.10,35.22,6.30,20.33,19.71,140.56,141.74,37.24,38.04,-26.70,0.30,80.62,9.51,-80.37,-320.88,-355.40
26.00,39.14,17.31,-79.99,-2.52,-76.22,45.69,50.25,75.16,75.50,69.09,0.00,-22.38,-17.74,11.05,7.47,7.47,60.62,60.62,58.23,181.65,-180.29,306.87,0.00,-27.64,142.21,72.91,57.10,-9.52,21.06,194.60,202.70,202.70,70.27,70.27,78.77,123.51,123.51,173.53,173.66,127.75,127.75,71.70,71.70,98.71,98.71,80.81,65.61,65.61,98.35,87.42,-94.11,-62.52,-56.11,-2.08,51.13,27.07,21.00,21.00,29.78,52.79,-36.41,21.09,174.87,174.87,135.98,135.98,-72.79,11.89,182.96,-44.25,-36.68,19.19,-1.38,-14.05,-39.06,18.84,-39.11,-41.32,22.48,-2.81,-0.71,-1.22,27.39,28.52,47.49,52.82,2.67,10.53,34.29,-72.54,9.34,-59.53,-59.53,-59.58,11.60,11.76,162.48,54.67,54.57,86.73,86.73,107.59,114.36,-14.97,456.27,45.60,45.60,-29.92,104.08,104.08,57.97,2.01,17.04,28.52,52.48,52.48,54.00,45.68,-22.31,422.42,386.72,0.89,-78.60,35.47,-74.85,4.17,221.66,313.32,102.01,180.64,220.29,71.95,72.12,205.53,-20.93,-47.89,1.36,212.69,-21.67,-1.39,107.60,-78.11,-34.44,-37.97,123.80,88.00,40.10,62.23,42.94,238.22,43.65,0.00,212.50,212.50,101.17,101.17,45.31,45.24,-64.40,10.24,4.17,60.62,-2.78,14.77,3.02,5.40,-1.22,-3.67,-36.48,7.08,33.69,0.99,17.18,156.88,55.77,-6.40,-47.51,-57.28,21.14,-99.04,44.89,12.99,103.52,148.25,232.17,-2.06,1.51,-19.34,-6.45,79.93,323.50,-90.21,535.92,264.00,157.95,-65.68,41.98,41.73,287.21,287.51,46.76,46.76,413.86,226.47,-32.16,6.20,90.21,5.67,-19.89,0.00,-104.06,-23.13,-23.32,226.44,23.81,23.81,26.73,26.72,244.25,105.26,37.62,14.98,43.56,43.56,40.16,40.16,80.94,-14.87,65.17,20.13,78.88,48.53,17.98,25.76,12.88,12.88,49.44,46.99,16.58,-21.08,2.56,98.99,98.99,25.15,-85.82,17.60,6.25,9.74,21.58,56.90,18.60,14.32,17.61,36.22,33.00,42.27,40.34,-0.37,-7.83,-44.25,-41.44,-8.10,23.39,-28.48,-13.08,-33.35,26.40,10.92,-21.86,2.28,20.19,42.48,297.32,0.00,-314.13,-71.09,202.89,0.00,-74.22,-74.14,252.65,22.17,-28.39,-30.85,91.79,98.42,90.39,71.53,71.49,80.52,11.06,578.30,65.77,0.00,0.00,6.05,1.17,7.85,95.05,139.74,306.57,-21.53,21.01,23.08,8.45,-4.45,154.51,110.48,28.44,59.53,85.60,57.86,77.12,173.42,221.64,125.40,146.86,202.85,-361.03,42.51,-32.15,29.93,164.34,-34.03,91.92,187.51,-50.96,-53.63,40.01,176.80,137.06,156.63,17.74,50.84,55.45,-6.76,57.65,44.49,93.53,-467.57,40.40,6.20,21.91,19.89,140.83,142.00,37.55,38.36,-26.72,1.87,80.37,9.06,-74.22,-323.50,-355.71
27.00,39.63,16.69,-79.21,-3.51,-74.18,45.04,48.44,74.13,74.47,66.72,0.00,-22.11,-18.01,11.22,6.20,6.20,60.40,60.40,58.03,179.28,-177.96,302.11,0.00,-32.79,147.92,71.85,56.85,-9.76,21.67,194.10,202.18,202.18,65.93,65.93,70.07,116.63,116.63,168.94,169.07,126.49,126.49,71.75,71.75,96.52,96.52,78.78,66.26,66.26,89.03,87.98,-97.09,-67.63,-59.73,-7.62,49.83,27.03,20.86,20.86,30.32,53.13,-37.39,21.36,175.16,175.16,136.21,136.21,-74.08,11.54,181.97,-45.25,-37.70,18.78,-2.26,-14.26,-39.01,18.63,-39.60,-42.01,22.73,-3.08,-0.51,-1.07,27.14,26.49,47.66,53.02,2.17,10.41,36.55,-65.03,9.69,-59.23,-59.24,-59.28,11.26,11.41,159.72,55.55,55.45,85.77,85.77,107.27,114.02,-15.65,447.28,46.70,46.70,-35.49,102.67,102.67,59.16,2.61,18.55,26.49,49.05,49.05,52.05,45.02,-22.05,412.22,379.86,0.53,-79.02,35.99,-66.00,0.13,220.66,308.63,102.56,178.31,219.31,71.89,72.06,202.36,-20.80,-41.83,1.34,207.38,-21.66,-1.38,107.28,-77.02,-34.39,-37.76,122.70,88.00,40.69,61.77,42.62,238.10,42.41,0.00,212.83,212.83,99.72,99.72,44.66,44.59,-66.29,10.25,0.13,60.40,-2.75,13.97,3.12,5.58,-1.17,-3.47,-36.31,7.34,31.98,0.80,16.56,157.25,56.30,-6.43,-47.42,-57.09,21.93,-99.75,43.06,12.46,76.40,75.90,232.89,-2.05,1.51,-19.40,-6.51,77.93,318.14,-88.96,504.87,263.41,154.92,-65.89,38.51,38.30,287.21,287.51,48.00,48.00,405.58,224.95,-31.53,6.06,88.96,5.80,-19.14,0.00,-90.22,-24.75,-24.93,224.92,23.20,23.20,26.93,26.91,230.78,107.11,37.34,14.91,42.74,42.74,39.55,39.55,80.14,-14.50,66.16,21.36,80.12,49.20,17.75,23.97,12.76,12.76,45.00,42.51,14.73,-17.79,3.00,97.46,97.46,26.81,-86.36,17.58,6.19,9.60,20.93,57.80,19.22,14.70,20.08,32.91,29.31,40.34,38.50,-3.87,-6.56,-42.55,-39.40,-7.74,24.22,-27.07,-12.22,-33.00,26.26,10.78,-20.97,2.01,20.68,42.49,297.39,0.00,-306.24,-73.94,201.88,0.00,-29.52,-29.51,247.10,21.53,-28.62,-30.95,103.14,100.74,93.54,74.42,74.38,78.48,11.23,567.31,61.34,0.00,0.00,4.37,1.59,7.97,94.54,139.16,301.82,-23.23,21.27,23.54,8.22,-4.28,148.22,118.65,28.10,63.45,86.47,61.55,84.65,171.50,220.98,124.12,145.46,199.20,-361.64,42.53,-32.84,26.86,160.72,-53.56,87.01,184.45,-50.57,-56.87,40.59,173.65,132.24,157.00,18.01,51.20,49.78,-8.30,55.31,41.09,96.02,-481.39,39.77,6.06,19.85,19.14,141.28,142.46,36.62,37.41,-26.91,-0.57,79.14,9.27,-29.52,-318.14,-356.32
28.00,39.79,15.66,-76.67,-1.89,-69.93,44.98,48.22,74.57,74.91,67.48,0.00,-21.67,-17.97,11.24,6.76,6.76,60.37,60.37,57.99,179.86,-178.53,297.70,0.00,-33.06,148.76,71.20,55.89,-10.75,20.68,193.55,201.60,201.60,66.89,66.89,70.36,118.01,118.01,170.39,170.52,126.71,126.71,72.29,72.29,96.79,96.79,79.09,66.78,66.78,89.62,88.86,-97.39,-68.44,-59.97,-6.04,49.27,27.31,21.12,21.12,30.28,53.35,-37.49,21.29,174.66,174.66,135.35,135.35,-74.18,10.87,183.19,-43.33,-35.77,18.50,-2.28,-13.72,-39.43,18.83,-39.06,-41.47,22.51,-4.05,-0.97,-1.45,27.34,24.05,48.08,53.55,0.53,9.77,37.01,-53.04,9.60,-58.66,-58.67,-58.71,10.60,10.75,161.34,55.50,55.41,85.93,85.93,107.37,114.12,-12.95,443.65,46.14,46.14,-35.78,103.90,103.90,61.94,0.70,16.46,24.05,50.89,50.89,51.82,44.96,-21.61,413.73,380.41,0.01,-79.18,35.99,-77.79,-2.08,218.47,329.51,103.41,178.87,217.14,71.84,72.02,199.81,-20.15,-28.58,1.34,206.07,-21.59,-1.36,107.37,-74.38,-33.90,-37.27,120.09,88.00,41.12,60.88,42.01,238.83,41.34,0.00,215.28,215.28,100.95,100.95,44.60,44.53,-65.47,10.32,-2.08,60.37,-2.73,13.20,3.11,6.11,-1.18,-3.68,-36.68,7.30,33.74,0.80,16.79,156.17,56.39,-6.41,-47.26,-56.02,22.16,-98.04,46.03,13.31,78.18,75.90,231.19,-2.04,1.52,-20.00,-6.42,78.23,315.55,-89.67,500.69,263.01,148.68,-65.30,43.97,43.70,287.20,287.50,50.88,50.88,404.93,224.65,-31.07,6.49,89.67,5.73,-19.12,0.00,-92.87,-25.52,-25.71,224.62,23.29,23.29,26.15,26.14,233.49,107.21,37.20,14.69,43.71,43.71,39.93,39.93,77.55,-15.57,65.78,21.09,79.84,48.76,17.68,24.56,12.17,12.17,48.97,46.30,16.61,-21.67,3.55,98.72,98.72,27.14,-87.21,16.21,5.83,7.65,21.37,55.98,19.49,14.96,19.37,36.72,32.62,43.71,41.72,1.49,-6.71,-43.57,-41.78,-8.39,22.80,-28.74,-13.10,-32.66,26.62,10.72,-22.15,2.82,20.05,42.56,297.46,0.00,-305.82,-74.36,199.13,0.00,-27.75,-27.74,245.85,20.41,-29.01,-30.82,111.76,102.52,96.76,74.84,74.80,78.79,11.25,563.43,57.38,0.00,0.00,8.02,1.46,8.54,94.52,135.65,297.42,-23.44,21.20,23.62,7.61,-4.73,160.22,127.98,27.38,64.25,86.99,62.30,84.63,171.84,221.18,124.18,145.49,195.93,-363.04,42.59,-32.84,27.78,163.83,-66.86,81.21,181.91,-49.64,-56.11,41.02,173.99,131.57,155.92,17.97,51.26,49.55,-8.88,59.11,46.42,101.77,-478.72,36.81,6.49,20.23,19.12,139.63,140.79,37.08,37.88,-26.14,-0.66,79.90,9.87,-27.75,-315.55,-357.69
29.00,39.83,16.07,-77.15,-1.11,-70.99,45.42,48.81,75.76,76.10,67.76,0.00,-21.14,-19.45,10.72,4.88,4.88,60.85,60.85,58.46,181.60,-180.24,300.40,0.00,-33.84,150.29,71.37,54.17,-12.81,16.53,194.93,203.04,203.04,71.50,71.50,80.29,124.09,124.09,175.95,176.08,130.59,130.59,72.56,72.56,98.36,98.36,79.84,66.36,66.36,92.75,90.21,-92.24,-70.30,-61.82,-7.51,51.12,28.07,21.96,21.96,30.62,53.98,-35.91,19.02,179.62,179.62,135.57,135.57,-71.68,11.46,184.41,-45.07,-37.29,18.57,-3.15,-14.84,-40.67,19.48,-38.52,-41.05,22.38,-5.29,-0.31,-1.15,27.96,22.81,49.20,54.65,-1.84,11.65,38.00,-46.51,9.78,-59.11,-59.11,-59.15,11.18,11.33,161.93,56.71,56.61,88.71,88.71,107.71,114.49,-14.37,461.23,50.11,50.11,-36.63,106.32,106.32,59.37,1.11,15.61,22.81,49.51,49.51,52.45,45.41,-21.07,417.63,384.63,0.25,-77.65,36.30,-87.35,-3.31,226.96,334.63,104.70,180.60,225.53,72.83,73.00,200.85,-19.58,-22.32,1.33,213.32,-21.86,-1.28,107.72,-82.49,-33.40,-37.10,118.95,88.00,41.66,59.17,40.83,241.76,42.21,0.00,216.09,216.09,103.33,103.33,45.04,44.97,-59.24,10.05,-3.31,60.85,-2.76,13.19,3.33,6.13,-1.43,-3.62,-36.78,7.30,33.57,0.88,16.67,157.06,56.68,-6.55,-47.49,-53.68,22.05,-97.47,46.47,13.44,106.71,148.25,230.63,-2.09,1.72,-20.86,-6.41,78.97,326.69,-93.42,527.36,277.66,149.07,-68.10,44.46,44.19,287.23,287.53,57.88,57.88,414.17,228.54,-31.10,7.51,93.42,5.86,-19.97,0.00,-109.53,-21.14,-21.33,228.51,23.23,23.23,25.33,25.32,245.40,108.13,38.39,15.07,46.19,46.19,41.68,41.68,78.03,-16.27,64.76,19.73,78.49,48.15,19.59,26.60,11.85,11.85,49.25,46.30,16.96,-21.81,3.64,101.09,101.09,27.87,-88.51,14.55,5.42,5.20,22.86,58.12,19.77,15.27,18.92,36.33,32.60,42.51,40.57,1.03,-7.64,-43.89,-40.97,-7.75,23.17,-27.90,-12.57,-30.73,26.57,10.72,-21.61,2.64,20.23,44.35,297.36,0.00,-318.03,-75.13,204.62,0.00,-71.04,-70.97,254.40,18.62,-29.60,-30.87,116.27,103.52,97.69,75.61,75.58,79.54,10.73,583.27,56.40,0.00,0.00,6.57,0.83,9.34,99.21,135.95,300.11,-20.76,18.95,23.54,7.92,-4.15,158.04,140.94,31.15,65.98,88.89,63.93,81.53,177.40,221.88,128.49,150.08,209.84,-358.85,44.38,-31.05,27.36,167.09,-73.83,88.24,183.08,-47.74,-58.66,41.56,178.70,138.99,156.81,19.45,53.20,55.89,-8.92,59.68,46.83,115.79,-462.15,45.00,7.51,21.00,19.97,140.79,141.96,36.57,37.35,-25.32,1.03,83.41,10.71,-71.04,-326.69,-353.57
30.00,40.09,16.89,-79.41,-5.87,-88.82,42.15,45.92,73.03,73.36,67.30,0.00,-17.69,-20.63,4.95,-0.01,-0.01,63.24,63.24,60.75,175.95,-174.68,301.17,0.00,-33.56,148.96,77.71,62.51,-7.33,26.19,194.82,202.93,202.93,67.07,67.07,80.38,111.29,111.29,180.62,180.75,125.14,125.14,62.45,62.45,93.52,93.52,74.85,56.32,56.32,68.74,64.71,-109.76,-71.30,-62.51,-12.66,58.77,30.43,22.93,22.93,29.22,53.09,-33.13,21.59,204.54,204.54,154.76,154.76,-86.94,0.57,181.13,-10.87,-3.61,28.59,6.12,-15.56,-41.96,20.06,-30.07,-32.26,24.75,-3.95,-0.36,-1.36,28.54,65.28,50.63,56.18,2.91,13.18,38.48,-45.28,9.63,-61.62,-61.62,-61.67,0.56,0.57,157.25,62.04,61.95,88.74,88.74,106.99,113.72,-24.49,417.67,52.24,52.24,-36.32,108.43,108.43,51.10,2.76,19.97,65.28,40.89,40.89,49.34,42.13,-17.63,390.15,368.07,0.84,-91.59,34.95,4.24,-0.14,289.97,267.21,149.32,175.01,287.64,72.83,73.00,197.11,-20.59,-21.16,1.35,214.46,-22.06,-1.54,107.00,-71.82,-34.82,-38.92,118.16,88.00,42.90,56.47,38.97,242.08,46.78,0.00,230.06,230.06,105.38,105.38,41.77,41.70,-1.42,9.86,-0.14,63.24,-3.12,12.33,2.35,6.97,-1.39,-3.66,-36.11,8.87,35.36,2.18,14.82,158.48,54.74,-5.98,-47.91,-50.35,22.70,-95.77,51.46,14.89,82.72,148.25,228.93,-2.13,1.42,-20.09,-6.79,74.03,326.65,-94.26,575.47,349.22,237.81,-58.82,46.27,45.97,287.23,287.53,48.30,48.30,386.50,224.09,-32.49,6.70,94.26,5.86,-20.68,0.00,-85.01,-15.11,-15.29,224.07,24.03,24.03,29.14,29.12,220.29,134.20,41.26,19.04,46.74,46.74,42.38,42.38,80.34,-10.99,63.59,19.25,78.01,46.49,19.28,28.06,8.29,8.29,48.37,45.60,16.26,-23.09,3.57,103.11,103.11,28.23,-63.83,18.80,6.29,10.25,23.55,24.66,17.52,13.07,19.35,36.25,31.98,43.82,41.82,0.79,-8.98,-43.59,-42.75,-7.79,23.30,-28.19,-12.53,-24.41,25.69,10.83,-22.00,2.72,20.39,45.18,297.12,0.00,-318.98,-74.47,191.88,0.00,-95.00,-94.87,216.45,26.09,-30.86,-30.53,119.40,104.27,97.86,74.94,74.91,74.53,4.95,545.05,54.60,0.00,0.00,13.78,0.35,8.53,99.47,139.03,300.88,-23.11,21.50,23.53,8.67,-4.14,169.82,74.16,32.37,66.81,90.53,64.71,84.70,177.45,220.40,128.31,150.39,171.62,-363.98,45.22,-21.26,17.15,154.12,-70.12,234.65,178.99,-49.74,-63.83,42.79,182.84,135.88,158.23,20.63,51.28,55.60,-9.25,66.06,48.60,96.63,-486.63,29.48,6.70,20.62,20.68,142.62,143.81,38.54,39.37,-29.12,-7.56,84.81,10.24,-94.99,-326.65,-358.62
31.00,41.22,17.73,-81.95,-3.84,-80.16,45.10,48.94,76.08,76.42,69.96,0.00,-18.48,-20.00,5.97,5.56,5.56,60.38,60.38,58.01,178.13,-176.82,300.90,0.00,-32.70,148.55,73.96,58.55,-11.65,21.41,192.14,200.13,200.13,74.35,74.35,84.08,121.99,121.99,186.00,186.13,132.42,132.42,69.49,69.49,100.67,100.67,81.17,63.05,63.05,95.13,87.85,-103.28,-71.29,-63.55,-9.07,59.18,28.71,22.25,22.25,31.14,55.10,-33.05,20.94,182.10,182.10,136.99,136.99,-81.96,3.52,185.84,-35.06,-27.09,21.32,-0.11,-14.27,-40.90,19.64,-35.66,-38.15,22.01,-6.19,-0.35,-1.35,29.17,28.64,49.66,55.27,-4.00,12.60,38.72,-39.51,9.80,-61.10,-61.11,-61.15,3.43,3.48,162.67,59.85,59.75,88.79,88.79,107.70,114.47,-21.64,453.03,47.07,47.07,-35.40,112.21,112.21,51.62,2.05,17.83,28.64,45.05,45.05,52.59,45.09,-18.42,412.83,385.27,1.48,-87.34,36.82,-77.79,-1.09,235.16,349.11,102.43,177.16,233.63,73.85,74.03,204.90,-19.81,-16.80,1.59,213.19,-22.07,-1.30,107.70,-84.62,-33.46,-37.23,115.91,88.00,42.28,58.00,40.02,239.15,44.01,0.00,230.06,230.06,109.11,109.11,44.68,44.62,-55.22,9.84,-1.09,60.38,-2.99,14.07,2.81,5.51,-1.76,-3.46,-35.38,7.83,35.43,1.96,16.38,157.21,56.06,-6.90,-47.16,-52.32,22.50,-94.17,53.55,15.49,101.56,148.25,227.30,-2.14,1.76,-20.30,-6.65,80.29,328.68,-94.66,533.56,286.13,160.79,-71.06,44.87,44.59,287.23,287.53,56.11,56.11,413.04,231.39,-31.67,7.57,94.66,6.34,-21.21,0.00,-108.59,-15.37,-15.56,231.37,23.63,23.63,24.38,24.36,241.27,134.20,40.13,15.92,47.07,47.07,42.58,42.58,82.95,-12.90,62.85,18.40,77.16,45.93,20.85,29.47,9.26,9.26,49.36,46.38,16.89,-22.51,4.06,106.85,106.85,28.40,-86.24,13.05,5.07,3.14,24.27,48.96,18.80,14.52,18.11,36.51,32.73,44.13,42.12,0.82,-8.78,-43.99,-42.62,-7.58,23.08,-26.84,-11.69,-18.59,24.91,10.95,-21.15,2.83,20.27,44.25,296.82,0.00,-322.73,-74.26,203.11,0.00,-76.18,-76.10,247.27,21.89,-31.01,-30.26,122.28,104.64,98.11,74.73,74.70,80.88,5.98,578.11,52.60,0.00,0.00,12.99,-0.10,9.90,99.27,142.65,300.61,-21.57,20.85,21.21,7.95,-4.14,170.04,128.35,33.35,67.23,90.37,65.10,86.21,177.55,221.85,129.26,151.12,205.87,-357.25,44.29,-20.72,22.04,163.15,-74.90,103.99,186.51,-47.76,-62.54,42.18,183.31,139.16,156.96,20.00,53.16,55.61,-8.19,68.72,47.22,112.24,-463.10,38.02,7.57,20.85,21.21,142.72,143.91,37.64,38.45,-24.36,2.66,85.20,11.26,-76.18,-328.68,-351.99
32.00,40.58,16.53,-78.20,-2.56,-78.76,44.35,48.07,74.69,75.02,68.50,0.00,-17.77,-19.80,4.43,5.37,5.37,60.78,60.78,58.39,177.04,-175.75,299.81,0.00,-33.10,147.86,73.92,58.53,-10.45,22.85,192.39,200.39,200.39,72.83,72.83,83.49,119.93,119.93,184.16,184.29,130.53,130.53,67.41,67.41,98.36,98.36,79.08,61.03,61.03,96.14,84.88,-106.08,-70.27,-63.31,-10.70,59.05,28.51,22.16,22.16,31.04,55.13,-32.91,21.39,187.04,187.04,139.89,139.89,-83.85,2.43,184.62,-32.93,-24.91,22.13,-0.21,-14.48,-41.43,19.82,-35.33,-37.72,22.31,-6.12,-0.25,-0.92,28.48,31.72,50.20,55.84,-3.64,13.19,38.35,-34.95,10.05,-61.38,-61.38,-61.43,2.37,2.40,161.03,58.88,58.78,88.16,88.16,107.25,114.00,-20.84,446.39,46.03,46.03,-35.82,111.43,111.43,50.00,2.48,15.77,31.72,43.52,43.52,51.65,44.34,-17.71,401.68,376.37,0.62,-89.12,36.72,-61.67,-0.50,244.85,338.96,99.57,176.08,243.19,74.04,74.22,199.03,-19.63,-10.69,1.29,211.46,-22.19,-1.38,107.26,-84.52,-33.53,-37.43,115.62,88.00,42.79,57.16,39.44,239.72,42.73,0.00,230.06,230.06,108.41,108.41,43.95,43.88,-46.83,9.72,-0.50,60.78,-3.11,13.77,2.55,5.21,-1.78,-3.67,-36.51,7.87,34.88,2.36,15.97,156.57,55.67,-6.82,-46.73,-51.40,22.82,-94.30,50.86,14.71,97.91,148.26,227.38,-2.16,1.70,-20.11,-6.87,78.22,326.00,-94.76,538.97,299.47,169.15,-69.07,45.87,45.58,287.22,287.51,58.59,58.59,405.74,229.50,-31.79,7.80,94.76,6.23,-21.29,0.00,-106.67,-15.52,-15.70,229.47,24.20,24.20,24.78,24.77,237.25,134.20,40.14,15.79,46.70,46.70,42.19,42.19,79.11,-13.26,63.02,18.53,77.29,46.11,21.15,29.38,8.58,8.58,49.45,46.58,16.32,-23.06,3.90,106.20,106.20,28.13,-83.37,13.40,5.19,3.45,24.19,47.03,18.42,14.13,18.31,36.48,32.85,43.72,41.72,1.24,-8.43,-42.42,-42.16,-7.66,21.63,-28.07,-12.45,-25.39,25.91,10.83,-21.92,3.55,19.56,43.82,298.09,0.00,-320.30,-73.91,201.95,0.00,-79.84,-79.75,242.13,22.33,-31.54,-30.65,125.06,104.87,98.39,74.38,74.35,78.78,4.43,570.23,48.24,0.00,0.00,15.13,-0.83,9.95,98.33,137.19,299.53,-22.50,21.30,21.02,7.90,-4.01,169.57,130.66,34.23,66.58,89.81,64.49,85.57,176.29,220.94,128.57,150.55,204.87,-358.07,43.86,-22.15,20.10,160.17,-76.49,120.74,180.79,-47.39,-63.06,42.68,181.83,138.22,156.32,19.80,52.87,54.52,-7.39,65.29,48.21,117.20,-464.98,38.73,7.80,20.85,21.29,143.31,144.50,38.69,39.52,-24.77,2.32,84.43,11.31,-79.83,-326.00,-352.80
33.00,39.80,15.65,-76.33,-2.53,-77.17,43.20,46.51,74.79,75.13,66.95,0.00,-15.85,-21.44,8.81,7.54,7.54,60.36,60.36,57.99,178.78,-177.47,169.98,125.82,-34.51,148.38,72.90,57.24,-10.03,21.34,192.49,200.49,200.49,69.91,69.91,80.67,117.04,117.04,181.79,181.92,127.56,127.56,64.39,64.39,94.36,94.36,74.69,58.22,58.22,95.49,81.62,-107.97,-69.32,-61.72,-8.60,61.73,28.35,22.75,22.75,30.35,54.38,-33.25,21.41,195.39,195.39,147.48,147.48,-84.94,1.83,183.88,-41.50,-33.31,18.55,-3.11,-15.04,-41.70,19.83,-35.82,-38.38,22.35,-5.73,-0.13,-0.84,29.21,32.72,50.44,56.04,-2.92,15.14,37.62,-20.49,9.80,-61.08,-61.08,-61.13,1.78,1.81,161.08,57.11,57.01,86.80,86.80,104.67,111.25,-21.19,438.66,42.72,42.72,-37.35,111.16,111.16,51.63,3.60,15.38,32.72,43.26,43.26,49.98,43.19,-15.80,401.12,375.23,-0.10,-89.90,36.05,-39.36,-1.55,257.57,356.04,96.42,177.81,255.73,74.12,74.30,195.68,-19.77,4.35,1.24,208.09,-22.36,-2.01,104.67,-78.25,-34.68,-38.78,116.70,88.00,43.06,56.71,39.13,239.22,42.82,0.00,230.06,230.06,108.01,108.01,42.85,42.78,-30.15,9.54,-1.55,60.36,-3.07,14.69,2.91,5.10,-0.16,-3.76,-35.86,6.51,36.24,0.32,15.97,152.84,54.47,-6.06,-46.68,-50.91,23.09,-94.73,56.01,16.20,92.76,149.05,227.82,-2.20,0.89,-19.90,-7.29,73.86,321.20,-92.74,548.48,322.09,171.81,-67.99,44.99,44.71,287.20,287.50,67.92,67.92,402.06,226.01,-31.61,7.66,92.74,6.09,-21.76,0.00,-103.19,-17.50,-17.68,225.99,24.36,24.36,25.03,25.02,231.58,134.20,40.02,15.11,46.09,46.09,41.72,41.72,77.20,-12.87,63.45,18.87,77.63,46.57,23.42,28.70,6.84,6.84,49.25,46.48,16.49,-22.54,3.48,105.68,105.68,27.60,-80.23,13.91,5.32,4.20,23.79,55.51,17.44,13.13,18.14,36.30,32.92,46.80,44.67,1.71,-7.34,-42.94,-42.56,-6.73,21.63,-27.88,-12.27,-18.00,25.33,10.77,-21.86,3.47,19.51,44.12,297.91,0.00,-319.77,-74.18,197.08,0.00,-85.75,-85.65,238.42,21.27,-29.30,-31.14,126.48,103.82,98.30,74.65,74.61,74.36,8.81,561.66,37.14,0.00,0.00,18.60,-1.63,9.71,91.68,135.08,295.60,-23.31,21.32,22.86,8.34,-2.98,181.53,162.52,38.43,65.32,88.88,63.31,79.62,173.58,215.62,127.27,149.63,197.96,-361.04,44.15,-22.03,20.69,162.31,-80.26,140.11,177.40,-46.23,-64.14,42.95,180.93,138.60,152.60,21.44,52.96,54.90,-8.02,71.87,47.35,135.88,-468.43,34.75,7.66,21.00,21.76,141.33,142.51,38.51,39.34,-25.02,1.38,83.48,11.05,-85.75,-321.20,-355.72
34.00,38.27,13.54,-72.33,-1.39,-73.39,41.84,45.69,72.60,72.93,66.84,0.00,-18.22,-18.38,3.30,9.56,9.56,59.43,59.43,57.09,186.46,-185.03,166.51,123.24,-36.62,149.30,53.38,38.98,-26.41,3.52,197.76,206.00,206.00,62.12,62.12,74.41,111.32,111.32,177.08,177.21,127.50,127.50,59.85,59.85,74.93,74.93,55.58,54.16,54.16,91.80,77.50,-111.27,-67.16,-58.64,-7.84,56.04,27.88,22.58,22.58,28.85,52.39,-33.42,20.92,215.95,215.95,165.24,165.24,-85.31,2.20,180.05,-29.44,-21.54,20.46,-1.33,-15.78,-42.94,20.21,-32.71,-35.10,23.93,-4.06,0.22,-0.66,29.35,54.63,51.19,56.71,1.63,17.54,36.28,3.05,9.43,-60.03,-60.04,-60.08,2.15,2.18,157.92,54.27,54.18,86.60,86.60,103.07,109.56,-18.89,421.77,40.28,40.28,-39.64,106.44,106.44,54.73,1.85,13.67,54.63,44.98,44.98,49.09,41.83,-18.16,387.67,363.51,-1.43,-90.04,34.61,18.40,-5.58,300.36,335.33,92.44,185.40,297.85,73.52,73.70,188.88,-20.72,27.77,1.23,203.18,-22.36,-1.26,103.08,-55.16,-36.63,-41.00,122.23,88.00,43.38,55.75,38.47,244.31,27.98,0.00,224.51,224.51,103.45,103.45,41.51,41.44,12.24,9.55,-5.58,59.43,-3.17,15.82,2.54,4.73,-2.17,-3.83,-35.22,5.73,38.02,2.83,17.34,151.24,54.02,-6.29,-47.56,-49.62,23.02,-94.50,61.66,17.84,79.46,149.06,227.59,-2.20,1.92,-19.62,-7.13,54.93,314.13,-91.10,580.81,377.42,219.08,-65.34,41.73,41.49,287.22,287.52,71.47,71.47,393.19,225.70,-31.76,6.31,91.10,5.37,-22.65,0.00,-83.99,-27.29,-27.47,225.67,23.86,23.86,27.89,27.88,220.36,134.20,39.66,14.15,44.81,44.81,40.42,40.42,73.10,-13.32,64.00,18.71,77.46,47.69,25.15,28.30,8.96,8.96,47.24,44.62,16.80,-21.27,3.13,101.20,101.20,26.61,-76.24,17.46,6.29,8.46,23.14,43.45,17.10,12.75,18.20,35.11,31.57,47.89,45.70,1.63,-8.97,-40.03,-44.92,-7.35,21.60,-28.82,-12.87,-11.75,24.77,10.75,-22.43,3.45,19.47,42.27,297.96,0.00,-315.28,-74.64,194.10,0.00,-99.05,-98.91,228.17,4.27,-21.40,-31.27,127.44,102.34,98.08,75.11,75.08,55.20,3.30,544.22,16.51,0.00,0.00,32.67,-2.45,8.99,96.36,130.52,289.55,-26.25,20.84,21.62,8.66,-3.53,199.39,159.61,42.53,62.99,86.46,61.12,72.91,173.18,212.34,127.26,149.14,192.10,-372.70,42.30,-25.69,19.30,157.44,-89.41,229.62,170.63,-46.91,-61.26,43.27,179.71,135.28,151.00,18.38,51.69,51.61,-8.92,79.08,44.16,142.98,-487.63,26.86,6.32,20.41,22.65,141.07,142.25,37.89,38.71,-27.88,-0.40,80.89,10.35,-99.04,-314.13,-367.21
35.00,37.62,13.96,-71.29,-0.74,-71.66,41.07,45.69,72.73,73.06,67.21,0.00,-20.80,-19.71,7.36,13.15,13.15,58.23,58.23,55.93,187.90,-186.45,166.72,123.40,-37.93,148.59,33.40,17.52,-45.11,-16.64,201.30,209.69,209.69,58.06,58.06,71.86,107.44,107.44,172.26,172.38,128.24,128.24,58.49,58.49,58.24,58.24,38.66,52.99,52.99,90.65,75.67,-107.53,-64.49,-55.56,-5.73,53.00,27.63,23.17,23.17,27.91,51.72,-34.35,20.31,232.32,232.32,177.87,177.87,-81.31,5.15,179.98,-26.18,-18.33,19.45,-1.64,-15.56,-44.00,20.59,-32.04,-34.51,23.46,-5.38,0.36,-0.39,30.99,49.25,51.92,57.49,-1.39,19.08,34.97,32.95,9.85,-59.60,-59.60,-59.65,5.03,5.10,158.58,62.57,62.48,85.36,85.36,103.94,110.48,-17.42,416.66,37.67,37.67,-41.05,103.69,103.69,56.03,2.80,12.60,49.25,47.87,47.87,49.10,41.06,-20.73,398.29,367.37,-1.10,-86.26,33.69,40.01,-6.28,302.60,369.97,90.66,186.82,300.05,74.23,74.41,188.24,-20.28,58.20,1.21,200.72,-22.00,-1.10,103.95,-44.99,-38.25,-42.69,125.55,88.00,43.90,54.48,37.59,247.97,7.72,0.00,219.31,219.31,100.73,100.73,40.75,40.69,74.90,9.91,-6.28,58.23,-2.74,15.82,3.55,3.69,-1.85,-3.74,-34.82,6.57,39.94,1.05,18.75,150.15,54.24,-6.25,-45.21,-47.98,23.15,-94.43,67.76,19.60,75.11,149.06,227.50,-2.12,2.01,-17.97,-6.74,38.20,306.89,-87.91,591.79,406.65,193.43,-63.77,38.51,38.30,287.21,287.51,98.22,98.22,396.91,227.37,-31.90,6.57,87.91,4.83,-24.19,62.98,-77.11,-28.66,-28.84,227.35,24.20,24.20,26.51,26.50,212.74,131.08,40.44,12.56,43.60,43.60,40.02,40.02,72.05,-13.49,63.39,18.52,77.28,46.77,27.49,28.49,11.28,11.28,45.93,43.54,17.83,-19.69,2.48,98.50,98.50,25.65,-74.47,15.11,5.94,4.98,23.10,40.28,16.97,12.80,18.33,33.79,30.67,48.23,46.03,-0.99,-11.11,-40.46,-46.64,-7.21,24.60,-28.26,-12.74,-2.36,24.09,10.85,-21.90,2.01,20.99,41.38,299.73,0.00,-315.38,-74.28,192.60,0.00,-103.39,-103.24,229.72,-16.63,-19.30,-30.78,125.85,102.11,99.33,74.75,74.72,38.33,7.36,538.48,-9.85,0.00,0.00,38.43,-3.21,10.12,94.25,127.67,289.92,-26.49,20.24,21.45,7.70,-3.48,209.56,182.45,46.39,60.71,84.69,58.97,58.18,170.69,214.13,125.03,146.27,186.17,-378.59,41.41,-28.18,25.79,161.52,-88.75,266.66,169.49,-47.36,-54.67,43.78,184.82,130.31,149.92,19.71,49.28,50.24,-9.30,86.86,41.00,196.52,-494.48,18.07,6.57,20.40,24.19,111.02,111.94,38.04,38.85,-26.50,-1.47,80.09,11.33,-103.38,-306.89,-373.01
36.00,36.91,13.58,-69.01,-0.62,-64.05,39.43,44.23,72.92,73.25,61.58,0.00,-20.03,-18.67,4.91,-5.08,-5.08,52.38,52.38,50.32,189.91,-188.43,164.23,121.56,-39.12,147.34,40.08,24.16,-34.39,-9.52,205.27,213.84,213.84,36.06,36.06,45.61,81.52,81.52,145.18,145.32,129.65,129.65,42.99,42.99,41.06,41.06,20.70,39.45,39.45,74.17,57.70,-126.51,-62.86,-54.28,-6.95,42.25,26.03,22.75,22.75,25.82,50.57,-36.01,24.17,246.91,246.91,190.97,190.97,-93.41,-2.02,175.30,-0.54,7.10,26.29,5.74,-16.51,-46.92,19.70,-23.01,-25.37,25.83,-7.46,0.07,-0.78,31.31,73.14,52.40,57.47,-5.21,18.65,34.17,32.94,9.64,-54.47,-54.48,-54.52,-1.98,-2.00,153.99,51.29,51.18,80.34,80.34,100.47,106.79,-11.23,310.40,53.48,53.48,-42.34,93.58,93.58,71.54,-4.05,12.29,73.14,50.46,50.46,47.53,39.41,-19.97,384.73,361.24,-1.31,-95.11,31.67,196.58,-8.59,328.59,330.51,73.20,188.82,325.60,73.35,73.53,183.23,-18.05,56.10,1.21,203.96,-21.43,-1.50,100.47,-48.47,-39.03,-44.65,135.34,88.00,45.29,52.92,36.52,248.31,15.84,0.00,225.02,225.02,90.80,90.80,39.12,39.06,121.14,10.49,-8.59,52.38,-2.96,12.64,2.13,3.49,-1.22,-3.70,-34.97,5.43,40.18,2.07,17.15,151.06,53.53,-5.98,-41.86,-46.74,25.43,-92.75,69.38,20.07,3.99,149.06,225.82,-2.01,1.27,-17.47,-6.71,20.45,302.41,-88.19,488.40,438.80,235.00,-56.97,33.14,32.98,287.21,287.51,93.02,93.02,482.71,227.60,-30.28,7.95,88.19,4.55,-26.49,79.77,3.02,-33.05,-33.26,227.57,24.39,24.39,28.20,28.18,161.73,123.14,38.09,11.76,41.05,41.05,37.77,37.77,69.71,-13.38,61.37,16.38,75.14,45.08,26.07,32.77,10.51,10.51,43.33,41.12,17.46,-20.23,2.46,88.61,88.61,25.06,-57.00,14.26,6.39,1.47,26.45,15.77,16.72,12.28,17.03,30.62,28.75,48.44,46.23,-1.22,-11.22,-40.14,-46.93,-7.25,24.92,-28.07,-12.68,-0.05,23.69,10.72,-21.72,1.50,20.93,39.62,300.90,0.00,-310.52,-73.65,226.48,-253.62,-174.36,80.35,182.39,-8.81,-18.69,-30.74,123.41,102.29,101.07,74.12,74.09,20.49,4.92,486.37,-9.64,0.00,0.00,40.16,-3.95,12.78,91.85,123.71,285.60,-33.48,24.06,22.06,7.99,-3.56,213.41,132.90,44.54,59.31,84.74,57.65,43.53,160.65,206.98,118.50,139.69,238.25,-377.51,39.65,-42.94,18.71,160.63,-91.51,354.17,164.62,-46.73,-67.46,45.17,175.62,134.65,150.83,18.67,48.67,52.56,-8.93,88.92,40.99,186.10,-574.46,80.37,7.95,19.98,26.49,100.65,101.49,37.75,38.56,-28.18,-6.19,75.58,13.85,-174.34,-302.41,-371.95
37.00,39.71,20.42,-76.53,-0.19,-71.23,42.01,50.49,78.81,79.16,69.97,0.00,-21.16,-17.40,7.97,18.56,18.56,55.85,55.85,53.65,175.78,-174.51,176.58,130.70,-34.45,142.59,42.53,22.38,-38.29,-12.86,203.59,212.08,212.08,40.22,40.22,62.37,78.16,78.16,145.65,145.74,136.99,136.99,55.73,55.73,53.60,53.60,30.57,50.92,50.92,81.64,56.33,-125.25,-69.63,-65.13,-18.09,45.78,27.95,21.86,21.86,28.61,57.93,-39.82,26.00,0.00,0.00,123.35,123.35,-91.33,-2.82,179.42,15.30,23.57,33.06,11.61,-16.05,-49.40,15.11,-20.44,-23.29,25.71,-10.90,0.49,-0.74,32.12,70.52,48.74,52.38,-14.35,20.43,37.77,36.72,10.63,-58.06,-58.06,-58.11,-2.75,-2.79,153.87,58.15,58.08,84.59,84.59,107.88,114.66,-17.32,275.86,31.66,31.66,-37.28,112.62,112.62,56.77,-7.65,11.16,70.52,43.06,43.06,54.25,42.00,-21.10,412.59,389.58,3.38,-95.47,34.35,262.86,-2.63,393.61,360.09,101.20,174.84,389.30,77.72,77.91,199.87,-19.88,60.74,1.33,210.90,-22.11,-1.00,107.88,-34.94,-32.24,-38.58,128.57,88.00,45.37,56.91,39.27,249.81,12.89,0.00,230.06,230.06,109.36,109.36,41.68,41.62,131.77,9.80,-2.63,55.85,-2.78,16.98,3.58,1.74,-2.16,-3.87,-36.34,6.06,41.19,1.37,15.92,150.49,56.75,-6.58,-46.04,-53.56,30.09,-88.96,71.60,20.71,-7.13,149.05,222.03,-2.15,2.19,-19.19,-6.85,30.20,316.08,-99.13,604.42,533.18,259.43,-72.27,42.36,42.11,287.16,287.46,126.09,126.09,479.66,173.06,-36.35,8.42,99.13,6.00,-32.11,37.51,80.37,-6.87,-7.00,173.04,24.94,24.94,25.86,25.84,155.09,134.20,43.17,15.03,47.18,47.18,43.68,43.68,77.40,-12.96,60.27,15.59,74.35,43.82,28.51,34.61,11.55,11.55,48.47,45.33,17.75,-25.63,2.33,106.95,106.95,27.71,-55.66,8.84,6.04,-7.66,27.81,2.27,19.01,14.56,15.97,34.88,30.93,49.68,47.41,-0.82,-11.56,-40.99,-47.46,-6.79,25.47,-28.74,-12.99,0.00,23.40,10.97,-22.24,1.73,21.51,39.99,301.53,0.00,-335.17,-71.28,136.44,-225.95,-185.44,41.34,149.89,-11.11,-19.77,-28.73,118.71,100.80,99.54,71.71,71.69,30.29,7.97,467.46,-10.63,166.23,166.23,41.53,-4.65,16.49,92.44,127.17,307.05,-34.29,25.88,23.03,7.99,-2.93,220.47,113.62,48.74,65.58,88.93,63.56,45.23,169.16,222.22,124.97,146.16,173.96,-384.44,40.02,-25.31,17.50,171.45,-73.78,389.02,180.73,-42.70,-72.54,45.25,189.77,145.14,150.26,17.40,44.54,60.05,-4.93,91.75,50.03,252.30,-651.52,21.42,8.42,23.04,32.11,126.76,127.82,39.06,39.90,-25.84,-2.75,87.41,16.95,-185.42,-316.08,-378.78
38.00,42.43,24.48,-86.73,-4.95,-96.38,39.58,52.35,80.37,80.73,73.28,0.00,-20.41,-19.23,11.35,13.40,13.40,55.94,55.94,53.73,180.37,-179.03,177.27,131.22,-33.41,142.59,46.85,25.27,-37.79,-11.54,208.12,216.81,216.81,38.33,38.33,65.28,77.59,77.59,147.49,147.59,147.21,147.21,56.59,56.59,55.20,55.20,31.04,51.56,51.56,76.59,48.33,-125.51,-70.66,-67.59,-17.33,46.78,29.00,22.35,22.35,29.65,60.70,-41.13,25.46,0.00,0.00,121.87,121.87,-89.83,-2.15,181.67,15.12,23.76,32.50,11.22,-15.30,-49.22,14.98,-20.76,-23.80,26.22,-10.96,0.76,-0.51,31.96,69.24,49.04,52.86,-13.96,20.76,38.19,36.63,10.34,-58.98,-58.99,-59.03,-2.09,-2.12,156.14,63.30,63.23,89.62,89.62,110.33,117.27,-25.40,282.50,42.75,42.75,-36.17,110.89,110.89,51.51,-14.01,15.63,69.24,44.02,44.02,56.25,39.57,-20.35,434.36,404.12,6.28,-94.85,35.39,258.36,-2.78,387.45,354.12,128.99,179.38,383.29,76.91,77.10,210.60,-19.26,60.91,1.32,218.52,-22.42,-0.90,110.33,-26.95,-31.21,-37.76,134.19,88.00,46.27,55.60,38.36,253.64,15.94,0.00,230.06,230.06,107.79,107.79,39.27,39.21,130.34,9.49,-2.78,55.94,-2.69,15.31,4.27,2.51,-2.25,-3.74,-36.74,6.19,39.48,0.68,18.03,155.03,56.94,-6.53,-44.83,-52.25,31.13,-88.36,69.87,20.21,-6.88,149.06,221.43,-2.21,2.44,-18.80,-6.63,30.67,313.92,-103.87,598.97,525.15,254.98,-58.87,46.68,46.37,287.18,287.48,124.52,124.52,493.63,182.87,-37.78,9.35,103.87,6.54,-34.22,34.02,80.90,-10.26,-10.40,182.85,24.95,24.95,26.40,26.38,153.98,134.20,43.99,16.71,46.90,46.90,43.56,43.56,87.85,-7.83,61.34,16.65,75.41,44.79,28.67,32.51,10.09,10.09,50.86,47.43,17.44,-27.74,3.26,105.52,105.52,28.01,-47.83,9.06,6.30,-7.84,26.33,3.17,19.64,15.25,13.56,35.97,31.75,48.73,46.51,-4.54,-9.19,-39.31,-45.32,-6.33,24.75,-27.56,-12.86,0.00,23.42,10.98,-20.99,2.00,21.10,39.56,302.66,0.00,-337.43,-71.28,145.73,-231.73,-185.20,47.41,159.62,-7.78,-20.86,-27.52,113.26,98.74,96.91,71.71,71.69,30.75,11.36,475.07,-10.34,165.20,165.20,39.80,-4.65,16.90,100.89,140.65,308.26,-36.06,25.34,23.72,8.04,-2.60,216.15,117.01,49.23,66.30,88.83,64.23,46.29,179.20,227.26,132.55,154.14,176.54,-389.10,39.58,-20.19,24.13,175.51,-69.25,383.19,191.53,-41.87,-65.93,46.14,192.53,144.64,154.78,19.23,42.30,63.11,-3.51,89.55,54.25,249.16,-652.09,19.83,9.35,23.40,34.22,124.52,125.56,38.58,39.41,-26.38,-7.56,87.17,17.27,-185.17,-313.92,-383.36
39.00,43.48,25.09,-88.17,-7.12,-109.72,35.85,51.57,81.27,81.63,73.76,0.00,-20.11,-19.34,10.80,13.81,13.81,55.47,55.47,53.29,173.84,-172.59,174.96,129.50,-17.44,108.75,57.62,36.28,-27.78,-1.46,203.55,212.04,212.04,38.28,38.28,67.93,75.08,75.08,145.21,145.30,149.99,149.99,55.01,55.01,61.64,61.64,37.32,49.82,49.82,74.43,45.67,-126.97,-70.16,-67.18,-17.71,47.78,29.00,22.43,22.43,29.01,60.28,-40.61,26.08,0.00,0.00,121.56,121.56,-91.20,-3.06,180.48,13.76,22.43,32.04,10.58,-15.41,-48.86,14.90,-21.96,-25.13,26.16,-10.17,1.01,-0.23,31.90,66.93,48.85,52.67,-13.10,20.71,37.81,36.50,10.66,-59.49,-59.50,-59.54,-2.99,-3.03,154.95,78.27,78.20,90.12,90.12,110.00,116.92,-31.35,277.78,42.13,42.13,-18.87,109.08,109.08,49.94,-13.73,18.06,66.93,42.76,42.76,55.41,35.84,-20.05,433.91,405.58,6.80,-96.40,34.78,264.63,1.34,385.85,346.75,130.71,172.92,381.72,76.68,76.87,209.78,-19.07,60.98,1.31,215.45,-22.88,-1.04,110.00,-32.89,-31.09,-37.86,131.38,88.00,46.12,55.92,38.58,247.99,26.58,0.00,230.06,230.06,106.17,106.17,35.57,35.51,125.45,9.03,1.34,55.47,-2.86,14.94,4.24,2.14,-2.20,-3.50,-36.89,6.63,37.29,0.83,17.47,154.18,57.39,-7.03,-44.43,-52.63,31.05,-88.06,67.51,19.53,-7.31,149.05,221.12,-2.30,2.40,-18.65,-7.07,36.88,309.44,-105.70,604.19,522.81,252.21,-49.58,46.46,46.16,287.18,287.48,124.92,124.92,489.10,185.65,-38.38,9.76,105.70,6.88,-34.31,35.94,77.33,-5.00,-5.13,185.63,24.87,24.87,26.70,26.68,149.01,134.20,44.40,16.92,47.01,47.01,43.66,43.66,89.32,-5.96,62.34,17.95,76.70,45.43,28.43,30.41,9.86,9.86,50.02,46.84,17.26,-27.36,3.37,104.05,104.05,27.74,-45.23,9.85,6.60,-6.68,25.32,4.49,20.09,15.66,12.89,35.06,31.21,47.35,45.19,-5.96,-6.97,-37.15,-42.68,-5.83,23.85,-25.73,-11.63,0.00,23.62,10.98,-19.92,2.45,20.66,38.98,303.64,0.00,-335.09,-54.36,143.98,-223.05,-185.62,38.24,157.58,2.73,-21.98,-27.07,106.38,96.35,95.06,54.62,54.60,37.00,10.81,468.50,-10.66,164.85,164.85,37.59,-4.18,16.53,101.04,142.39,304.24,-36.15,25.96,22.17,7.77,-2.34,208.25,119.64,48.94,65.65,89.16,63.62,45.54,180.22,226.59,134.51,156.52,170.55,-386.58,39.01,-19.08,22.24,177.77,-54.14,375.57,190.66,-42.31,-69.16,45.99,190.86,143.96,153.94,19.34,41.71,60.89,-3.41,86.53,54.04,249.95,-648.53,10.99,9.76,23.60,34.31,126.18,127.23,39.21,40.05,-26.68,-7.96,87.37,16.77,-185.60,-309.44,-380.89
40.00,43.57,24.98,-86.73,-5.34,-105.88,35.45,53.19,82.20,82.57,74.51,0.00,-20.67,-18.75,11.08,12.96,12.96,55.92,55.92,53.72,180.41,-179.07,172.75,127.87,-19.20,108.75,57.34,35.62,-27.87,-2.18,207.60,216.27,216.27,35.91,35.91,65.73,75.41,75.41,145.88,145.97,147.88,147.88,55.17,55.17,59.69,59.69,35.46,50.13,50.13,74.39,45.77,-124.78,-68.91,-66.15,-16.92,46.85,28.88,22.34,22.34,28.46,59.53,-40.68,26.14,0.00,0.00,119.90,119.90,-90.26,-2.49,180.00,15.40,23.96,32.57,10.69,-15.58,-48.55,14.78,-22.57,-25.64,26.43,-10.38,0.90,-0.22,31.86,66.10,48.51,52.28,-12.17,20.41,37.16,36.73,10.55,-59.60,-59.61,-59.65,-2.43,-2.46,154.78,65.05,64.98,90.11,90.11,109.85,116.77,-30.23,282.35,43.31,43.31,-20.78,110.30,110.30,49.76,-14.33,16.20,66.10,43.55,43.55,57.15,35.44,-20.61,438.44,409.17,6.79,-95.05,34.25,268.09,4.22,383.15,343.11,130.81,179.42,379.08,76.47,76.66,209.78,-18.72,61.55,1.32,212.82,-22.56,-0.95,109.86,-23.29,-31.05,-37.78,133.69,88.00,45.75,56.78,39.18,253.11,26.17,0.00,230.06,230.06,107.35,107.35,35.17,35.11,123.59,9.35,4.22,55.92,-2.78,14.16,4.10,2.08,-2.28,-3.50,-36.31,5.95,38.00,0.97,17.65,154.27,57.68,-7.06,-44.53,-53.72,30.81,-88.06,67.21,19.44,-7.28,149.05,221.13,-2.24,2.41,-19.14,-6.75,35.03,305.23,-106.19,607.72,519.13,250.03,-53.92,44.78,44.50,287.18,287.48,123.99,123.99,488.10,183.59,-37.90,10.08,106.19,6.67,-33.93,37.13,78.82,-13.05,-13.19,183.57,24.60,24.60,27.04,27.02,149.66,134.20,44.28,16.47,46.50,46.50,42.99,42.99,87.85,-7.65,62.87,18.33,77.08,46.02,28.06,29.51,10.41,10.41,49.99,46.63,17.34,-26.43,3.35,105.20,105.20,27.25,-45.33,10.17,6.41,-6.15,24.62,2.76,20.31,15.64,14.48,34.45,31.12,44.96,42.91,-4.50,-10.90,-37.85,-43.54,-6.00,23.77,-25.91,-11.82,0.00,23.01,11.00,-19.95,2.51,20.63,39.62,303.55,0.00,-331.93,-54.36,144.23,-221.13,-185.59,36.34,162.82,1.96,-22.52,-26.88,99.03,93.84,93.47,54.62,54.60,35.14,11.09,469.54,-10.55,165.58,165.58,38.31,-4.18,16.31,101.40,139.63,300.41,-34.89,26.01,22.59,8.30,-2.50,204.42,115.96,48.27,64.51,89.92,62.55,44.68,180.19,226.29,133.56,155.35,170.17,-391.33,39.65,-19.98,23.05,181.26,-40.97,371.55,190.66,-42.97,-69.52,45.63,189.26,142.41,154.03,18.75,42.74,58.19,-3.18,86.15,52.40,248.10,-650.01,14.61,10.08,23.65,33.93,125.80,126.85,39.76,40.61,-27.02,-8.64,86.03,16.79,-185.57,-305.23,-385.56
41.00,43.26,24.21,-84.73,-2.82,-96.31,36.04,55.24,83.24,83.61,74.58,0.00,-21.74,-18.36,12.91,14.88,14.88,55.08,55.08,52.91,180.10,-178.77,169.00,125.09,-7.39,81.98,65.33,44.24,-18.56,6.41,208.76,217.48,217.48,33.09,33.09,66.65,72.50,72.50,142.25,142.34,148.29,148.29,54.32,54.32,63.15,63.15,38.94,49.22,49.22,75.46,48.48,-120.37,-67.39,-64.44,-16.09,45.34,28.12,22.36,22.36,27.59,57.94,-40.30,26.74,0.00,0.00,120.98,120.98,-89.13,-1.88,179.27,14.29,22.69,32.82,9.90,-16.03,-48.22,14.70,-23.20,-26.27,26.13,-9.45,0.68,-0.46,32.39,67.21,47.97,51.59,-10.45,20.14,36.37,36.48,10.43,-59.45,-59.46,-59.50,-1.83,-1.86,154.42,67.62,67.54,89.86,89.86,109.48,116.37,-26.70,299.51,42.03,42.03,-8.00,112.28,112.28,50.43,-14.06,13.36,67.21,44.54,44.54,59.35,36.03,-21.67,445.98,414.25,6.30,-93.52,33.40,282.81,7.95,385.35,347.35,117.30,179.11,381.23,76.39,76.58,210.62,-17.37,59.99,1.33,210.37,-22.31,-0.83,109.48,-50.38,-31.95,-38.20,133.96,88.00,44.91,58.13,40.11,254.82,34.46,0.00,230.06,230.06,109.15,109.15,35.76,35.70,125.56,9.60,7.95,55.08,-2.61,14.52,4.39,1.75,-2.29,-3.62,-36.73,5.19,39.22,0.52,16.77,153.15,57.94,-6.94,-43.20,-55.16,30.05,-88.50,68.90,19.93,-5.97,149.05,221.56,-2.19,2.49,-19.47,-6.46,38.47,298.65,-106.15,617.17,522.05,252.19,-62.02,42.66,42.41,287.18,287.47,124.32,124.32,488.45,184.10,-36.40,10.55,106.15,6.71,-32.61,37.40,75.10,-12.76,-12.90,184.08,24.58,24.58,27.20,27.18,143.92,134.20,43.42,15.87,45.75,45.75,42.45,42.45,85.80,-9.81,62.94,18.92,77.67,45.62,27.91,28.73,11.37,11.37,49.34,46.12,17.46,-24.92,3.11,106.86,106.86,26.68,-47.98,11.15,6.52,-4.32,23.88,3.46,20.46,15.76,16.03,34.41,30.99,46.15,44.04,-1.88,-12.03,-39.05,-45.16,-6.42,23.33,-26.88,-12.42,0.00,23.80,11.03,-20.57,2.76,20.44,40.97,303.46,0.00,-331.89,-40.98,146.58,-206.58,-184.28,22.98,178.52,10.03,-22.75,-26.92,88.23,90.32,90.27,41.13,41.12,38.61,12.92,478.70,-10.43,165.65,165.65,39.54,-2.41,15.46,100.86,136.90,293.88,-31.59,26.60,23.30,8.32,-2.81,210.20,115.35,47.86,63.15,91.28,61.27,44.76,179.69,225.52,132.85,154.34,178.38,-411.80,41.00,-21.99,25.29,185.53,-22.58,375.65,191.23,-43.65,-69.28,44.79,184.38,147.25,152.92,18.36,42.56,56.86,-3.35,88.31,50.33,248.76,-646.29,16.77,10.56,22.79,32.61,125.88,126.93,39.51,40.35,-27.18,-7.13,84.95,15.97,-184.26,-298.65,-405.73
42.00,42.57,21.62,-85.38,-3.03,-95.87,35.37,56.24,82.71,83.07,76.15,0.00,-22.14,-19.08,13.26,15.78,15.78,54.42,54.42,52.28,180.91,-179.56,163.88,121.30,-8.53,81.98,64.11,43.49,-19.67,5.72,206.10,214.70,214.70,32.95,32.95,66.44,73.12,73.12,142.71,142.80,150.52,150.52,54.27,54.27,62.53,62.53,38.73,49.18,49.18,76.20,51.06,-122.44,-65.44,-62.04,-13.00,46.53,27.76,22.48,22.48,27.27,56.70,-43.96,31.51,0.00,0.00,121.91,121.91,-89.88,-1.34,179.55,16.56,24.67,32.93,9.97,-16.58,-47.55,14.46,-24.25,-27.30,26.05,-8.08,0.42,-0.75,32.46,68.10,47.07,50.49,-7.33,19.44,35.43,36.18,10.49,-60.34,-60.35,-60.39,-1.31,-1.33,155.73,67.48,67.41,90.30,90.30,108.49,115.32,-27.02,299.95,41.53,41.53,-9.24,112.81,112.81,47.99,-13.67,13.78,68.10,46.11,46.11,60.42,35.36,-22.07,452.70,415.99,4.94,-94.42,33.09,284.86,11.05,380.27,347.18,112.28,179.91,376.25,75.37,75.56,212.00,-17.23,60.68,1.29,207.50,-22.71,-0.89,108.50,-49.34,-32.53,-38.67,130.86,88.00,43.74,60.17,41.52,252.44,33.46,0.00,230.06,230.06,109.47,109.47,35.09,35.04,125.78,9.20,11.05,54.42,-2.67,14.71,4.69,1.70,-2.24,-3.65,-37.02,4.82,39.47,0.23,17.35,151.78,59.07,-7.16,-43.03,-57.44,29.13,-89.85,69.74,20.18,-6.94,149.06,222.90,-2.27,2.55,-19.47,-6.80,38.26,292.88,-105.56,620.77,514.51,251.12,-63.92,40.27,40.05,287.21,287.51,121.42,121.42,491.77,186.29,-35.98,10.22,105.56,6.32,-31.24,41.05,77.46,-15.42,-15.56,186.27,24.73,24.73,27.93,27.91,145.14,134.20,42.90,15.29,45.07,45.07,41.71,41.71,86.46,-9.84,63.26,19.42,78.18,45.75,27.24,28.21,11.89,11.89,48.96,45.84,17.77,-23.19,3.59,106.97,106.97,25.99,-50.51,13.06,6.69,-1.06,23.19,0.78,21.60,16.88,16.60,33.82,30.77,48.38,46.18,-0.71,-10.27,-39.31,-45.75,-6.77,22.58,-27.33,-12.71,0.00,24.25,11.01,-20.85,3.12,20.05,39.02,303.53,0.00,-328.16,-40.98,147.97,-206.52,-185.25,21.95,183.00,8.65,-22.28,-26.48,76.28,86.45,86.53,41.13,41.12,38.40,13.28,477.38,-10.49,164.78,164.78,39.80,-2.41,14.12,101.31,142.14,284.98,-32.91,31.33,23.88,8.50,-3.13,214.76,108.99,46.50,61.51,90.70,59.72,44.98,180.57,223.49,134.64,156.38,179.43,-412.40,39.05,-19.95,30.08,185.68,-4.49,374.81,192.55,-45.38,-61.95,43.63,181.35,146.55,151.54,19.08,41.78,55.38,-3.78,89.38,48.00,242.96,-648.72,13.83,10.22,22.84,31.24,123.33,124.35,39.57,40.42,-27.91,-6.82,83.47,14.78,-185.23,-292.88,-406.32
43.00,41.78,20.46,-82.13,3.83,-68.71,40.90,62.12,85.38,85.76,80.93,0.00,-26.22,-16.99,20.78,13.31,13.31,55.82,55.82,53.63,179.56,-178.23,157.02,116.22,-1.52,66.29,73.36,53.84,-10.18,15.66,202.71,211.16,211.16,30.40,30.40,65.96,70.25,70.25,142.31,142.42,144.20,144.20,54.33,54.33,67.54,67.54,44.80,49.28,49.28,64.47,43.00,-115.68,-63.06,-59.16,-7.76,42.70,28.09,22.81,22.81,27.50,55.82,-39.91,26.14,0.00,0.00,123.13,123.13,-85.83,1.46,182.48,10.71,18.63,31.33,8.12,-16.86,-46.42,15.26,-26.83,-29.74,25.84,-6.07,0.17,-0.94,32.00,67.65,47.19,50.81,-3.31,18.85,34.01,34.70,10.09,-60.81,-60.82,-60.86,1.42,1.44,160.12,78.27,78.19,90.00,90.00,106.21,112.89,-17.54,308.71,47.61,47.61,-1.64,119.42,119.42,48.27,-13.75,7.31,67.65,52.74,52.74,66.74,40.89,-26.14,488.46,436.70,4.15,-90.25,33.32,293.41,12.93,381.03,346.95,138.90,178.58,377.00,74.83,75.01,219.55,-18.38,58.17,1.32,202.34,-22.62,-0.99,106.21,-62.33,-32.83,-38.23,129.36,88.00,42.92,60.75,41.92,247.89,42.89,0.00,230.06,230.06,115.99,115.99,40.57,40.51,125.18,9.29,12.93,55.82,-2.48,13.31,5.22,1.92,-1.68,-3.71,-36.51,5.57,39.85,-1.05,18.13,150.49,58.31,-7.22,-43.42,-57.60,27.52,-91.28,70.18,20.30,-6.60,149.05,224.34,-2.25,2.37,-18.51,-6.75,44.27,286.60,-105.02,628.23,515.69,250.92,-91.83,34.83,34.66,287.22,287.52,122.06,122.06,497.45,201.30,-35.69,8.92,105.02,6.10,-28.51,40.31,78.35,-20.64,-20.79,201.28,24.80,24.80,28.81,28.80,139.47,134.20,43.17,15.31,43.66,43.66,40.21,40.21,83.13,-17.18,64.11,19.77,78.53,46.96,26.69,26.73,15.94,15.94,49.04,45.95,19.30,-19.57,3.31,113.50,113.50,24.94,-42.61,15.60,7.05,3.21,21.86,5.82,20.87,15.96,18.01,33.84,31.40,49.59,47.33,0.36,-9.77,-39.68,-46.39,-7.03,22.72,-27.90,-12.95,0.00,24.12,11.01,-21.30,3.05,20.12,40.54,303.66,0.00,-315.04,-33.14,162.46,-199.65,-184.90,15.39,194.18,17.63,-21.88,-26.68,66.44,83.69,84.23,33.24,33.23,44.45,20.81,482.29,-10.09,165.47,165.47,40.18,-2.05,12.37,100.97,137.59,273.06,-30.16,26.01,22.10,6.87,-3.33,217.64,114.87,45.37,59.03,90.27,57.39,46.56,179.97,218.79,133.59,155.19,160.38,-423.84,40.56,-20.18,44.03,198.64,9.10,374.02,200.22,-46.43,-48.90,42.81,179.20,135.58,150.26,16.99,43.12,51.52,-4.26,89.94,42.67,244.23,-649.63,9.99,8.93,21.96,28.51,123.99,125.02,39.39,40.24,-28.80,-11.71,80.46,13.13,-184.88,-286.60,-417.59
44.00,40.15,18.16,-76.61,3.74,-69.47,37.94,59.24,82.11,82.47,79.27,0.00,-21.62,-18.50,12.41,8.33,8.33,58.59,58.59,56.28,172.34,-171.12,148.70,110.06,-3.06,66.29,102.33,84.12,19.03,44.92,191.41,199.36,199.36,33.42,33.42,68.49,71.47,71.47,144.16,144.27,132.53,132.53,51.60,51.60,86.51,86.51,65.28,46.40,46.40,58.71,41.76,-125.92,-59.27,-54.23,-6.75,44.74,27.62,23.34,23.34,25.47,51.89,-41.54,31.63,0.00,0.00,121.63,121.63,-93.74,-2.61,176.68,12.51,19.90,31.05,7.90,-18.75,-45.97,15.27,-28.63,-31.35,25.19,-3.90,-0.17,-1.01,31.81,66.47,46.24,49.46,1.32,17.68,31.98,32.75,9.64,-61.40,-61.40,-61.45,-2.55,-2.58,155.29,78.28,78.19,89.58,89.58,101.53,107.92,-20.44,298.42,48.01,48.01,-3.31,116.55,116.55,47.95,-19.98,7.36,66.47,49.93,49.93,63.65,37.92,-21.55,456.79,414.68,2.46,-97.99,31.34,289.00,13.29,371.91,339.62,137.69,171.43,368.07,72.99,73.16,208.02,-17.17,57.84,1.26,199.18,-22.58,-1.27,101.54,-75.56,-33.11,-37.93,118.56,88.00,41.01,63.66,43.93,236.30,71.37,0.00,230.06,230.06,113.22,113.22,37.64,37.58,121.81,9.33,13.29,58.59,-2.88,10.75,3.80,2.40,-1.67,-3.63,-35.95,5.80,39.77,0.76,16.27,144.56,56.61,-6.44,-41.33,-60.62,25.61,-93.41,69.76,20.18,-6.22,149.06,226.47,-2.24,1.98,-17.99,-6.97,64.53,277.66,-103.53,619.78,502.91,245.59,-88.96,31.16,31.02,287.23,287.53,118.48,118.48,473.18,209.32,-34.43,9.09,103.53,6.36,-25.11,43.36,67.26,-18.66,-18.83,209.30,24.65,24.65,29.24,29.22,141.90,134.20,41.88,15.81,41.08,41.08,38.33,38.33,77.48,-17.04,64.85,20.71,79.46,47.43,25.39,24.94,11.29,11.29,46.19,43.51,18.79,-17.45,2.79,110.80,110.80,23.46,-41.40,17.92,7.33,7.48,20.54,3.11,19.52,14.61,18.98,32.61,30.01,49.26,47.02,0.53,-10.03,-39.60,-46.68,-7.41,22.94,-27.76,-12.46,0.00,24.16,10.93,-21.55,2.83,20.16,38.71,301.78,0.00,-304.75,-33.14,178.62,-196.77,-184.54,12.85,185.24,46.91,-20.80,-27.53,57.31,81.31,82.42,33.24,33.23,64.91,12.42,464.32,-9.64,160.69,160.69,40.10,-2.05,10.43,100.23,130.55,258.61,-32.56,31.44,23.61,7.52,-3.79,215.60,106.46,42.92,55.52,87.87,54.06,48.07,179.13,209.17,132.12,154.13,159.22,-407.40,38.74,-19.94,35.35,188.44,18.55,365.38,188.63,-48.45,-52.57,40.91,168.79,135.70,144.35,18.50,41.43,54.30,-5.35,89.41,39.06,237.07,-638.59,21.15,9.09,21.64,25.11,121.28,122.29,39.25,40.09,-29.22,-12.98,76.71,11.23,-184.52,-277.66,-401.39
45.00,38.38,15.76,-70.12,3.34,-69.17,34.27,55.91,77.51,77.86,75.17,0.00,-18.79,-18.69,3.99,7.42,7.42,60.41,60.41,58.03,172.59,-171.36,136.69,101.17,1.37,52.53,107.59,91.20,27.52,53.27,189.25,197.11,197.11,35.29,35.29,66.99,75.58,75.58,147.83,147.96,119.24,119.24,50.38,50.38,90.30,90.30,70.59,45.29,45.29,61.57,50.27,-136.20,-54.09,-47.55,-4.30,50.76,26.82,22.48,22.48,23.13,46.74,-38.63,31.98,0.00,0.00,119.08,119.08,-101.93,-6.74,170.93,14.82,21.38,31.48,8.47,-14.52,-38.59,16.83,-31.03,-33.58,25.04,-1.66,-0.35,-1.33,31.28,66.11,46.56,51.65,5.92,16.92,29.25,32.24,10.48,-62.36,-62.37,-62.42,-6.57,-6.66,150.99,66.30,66.20,86.95,86.95,96.94,103.04,-23.02,279.05,43.00,43.00,1.48,113.16,113.16,47.17,-14.34,8.17,66.11,46.11,46.11,60.08,34.26,-18.73,416.85,385.92,0.78,-105.44,29.08,282.76,15.99,362.89,333.57,113.72,171.68,359.24,71.81,71.98,194.03,-16.36,55.45,1.26,187.64,-22.30,-1.34,96.94,-44.34,-31.86,-35.93,116.74,88.00,41.58,62.37,43.04,233.94,77.57,0.00,230.06,230.06,109.87,109.87,34.00,33.95,118.73,9.61,15.99,60.41,-3.17,10.46,2.50,2.78,-1.96,-3.66,-35.26,5.32,39.84,2.65,16.80,140.09,54.43,-6.23,-39.96,-59.01,24.62,-96.36,69.33,20.06,-7.61,149.05,229.41,-2.18,1.79,-17.67,-7.08,69.80,265.75,-97.99,616.83,489.70,241.72,-85.31,27.23,27.12,287.23,287.53,114.31,114.31,448.27,217.41,-31.00,8.06,97.99,5.99,-22.04,49.87,66.01,-28.58,-28.76,217.39,24.45,24.45,30.30,30.28,150.02,134.20,40.17,14.05,39.20,39.20,36.39,36.39,70.85,-17.13,66.20,22.03,80.78,48.67,24.52,22.91,8.61,8.61,43.35,40.96,18.44,-15.12,2.26,107.44,107.44,21.45,-49.74,20.75,7.80,12.12,18.95,-0.67,17.49,12.62,19.04,31.37,28.74,49.49,47.23,0.44,-9.88,-39.67,-46.91,-7.57,22.81,-28.04,-13.03,0.00,24.10,10.90,-21.39,2.85,20.07,37.82,303.89,0.00,-285.36,-26.26,193.11,-200.21,-185.93,14.93,171.47,53.84,-19.96,-28.14,49.28,77.89,79.80,26.33,26.31,70.24,3.99,438.49,-10.48,158.86,158.86,40.17,-1.73,8.61,96.80,121.67,237.73,-34.70,31.79,21.99,7.73,-3.93,215.15,92.53,41.29,50.76,85.62,49.54,66.36,173.87,199.72,127.31,149.23,161.09,-381.08,37.84,-20.65,25.31,174.48,31.85,358.44,175.15,-50.22,-57.23,41.48,163.89,121.23,139.89,18.69,42.31,47.26,-6.80,88.85,35.19,228.71,-637.34,30.23,8.06,20.77,22.04,118.46,119.45,38.73,39.57,-30.28,-12.23,72.82,9.46,-185.90,-265.75,-375.47
46.00,36.81,13.34,-62.88,3.50,-68.00,30.50,51.90,73.02,73.35,71.53,0.00,-15.59,-18.95,-3.63,11.55,11.55,60.80,60.80,58.40,155.99,-154.99,126.95,93.96,-0.79,52.53,100.44,85.13,22.43,48.77,174.67,181.89,181.89,41.00,41.00,72.16,77.60,77.60,147.19,147.31,104.82,104.82,50.33,50.33,90.06,90.06,71.81,44.88,44.88,67.31,61.90,-145.98,-49.37,-41.78,-3.76,54.45,25.11,21.45,21.45,21.49,42.63,-36.21,33.56,0.00,0.00,119.89,119.89,-109.70,-11.23,165.43,11.00,17.02,29.67,7.41,-14.10,-36.15,17.34,-33.08,-35.60,24.63,0.12,-0.66,-1.54,30.83,64.75,45.62,50.92,9.82,15.75,26.70,30.81,9.98,-62.83,-62.84,-62.89,-10.96,-11.11,146.27,53.68,53.59,82.15,82.15,91.68,97.45,-25.24,267.08,31.79,31.79,-0.86,109.41,109.41,47.47,-12.95,7.29,64.75,42.29,42.29,55.77,30.50,-15.54,379.27,357.83,-0.91,-113.29,27.47,283.13,18.52,358.21,328.88,77.29,155.25,354.64,70.88,71.05,178.41,-15.51,54.33,1.26,176.57,-21.83,-1.23,91.69,-75.25,-32.69,-36.42,104.87,88.00,39.74,64.91,44.79,217.71,70.81,0.00,230.06,230.06,106.21,106.21,30.26,30.22,116.53,10.08,18.52,60.80,-3.22,10.13,1.72,2.20,-2.34,-3.62,-34.43,5.83,39.87,3.89,15.35,130.12,52.03,-6.00,-37.87,-61.46,22.28,-97.14,68.91,19.94,-7.40,149.06,230.17,-2.09,1.79,-16.74,-7.08,71.00,256.73,-93.95,618.39,483.50,237.98,-80.82,23.87,23.79,287.24,287.54,113.19,113.19,423.43,202.94,-28.91,8.46,93.95,5.30,-19.16,48.37,64.63,-21.10,-21.27,202.92,24.46,24.46,30.83,30.81,153.99,134.20,38.06,12.00,37.81,37.81,35.07,35.07,63.47,-16.44,67.02,23.11,81.86,49.19,23.30,21.20,5.60,5.60,41.05,38.91,17.82,-13.00,1.64,103.81,103.81,19.58,-61.09,22.84,8.01,15.89,17.64,1.77,15.17,10.33,19.37,29.26,27.52,49.21,46.96,-0.11,-10.13,-39.70,-47.27,-7.90,23.20,-28.05,-12.66,0.00,23.84,10.90,-21.73,2.75,20.32,35.88,303.96,0.00,-267.60,-26.26,184.83,-196.84,-185.72,11.74,161.25,47.63,-19.07,-28.71,41.63,74.12,76.92,26.33,26.31,71.47,-3.63,419.14,-9.98,157.49,157.49,40.20,-1.73,6.93,90.30,111.30,220.79,-36.79,33.35,20.03,7.67,-4.30,213.40,94.53,38.92,46.33,82.17,45.31,63.72,164.28,188.90,119.48,140.79,163.42,-365.61,35.91,-20.64,16.79,162.10,44.59,352.53,159.46,-52.04,-60.18,39.65,155.59,111.76,129.95,18.95,44.57,46.20,-7.80,88.32,31.87,226.48,-635.98,39.80,8.46,20.55,19.16,117.29,118.27,38.69,39.52,-30.81,-6.96,70.17,7.89,-185.70,-256.73,-360.22
47.00,36.00,12.31,-58.51,4.26,-65.66,29.59,50.64,71.04,71.36,70.06,0.00,-16.59,-18.87,-3.06,14.34,14.34,60.94,60.94,58.55,161.06,-159.99,117.15,86.70,4.84,39.48,105.78,92.80,29.34,56.17,173.32,180.48,180.48,37.15,37.15,69.16,76.20,76.20,147.20,147.31,95.61,95.61,47.68,47.68,90.56,90.56,73.17,42.47,42.47,62.26,60.45,-147.57,-47.04,-38.22,-0.78,52.84,24.91,21.44,21.44,21.02,40.19,-36.51,34.62,0.00,0.00,125.77,125.77,-110.94,-11.21,165.19,-15.22,-9.13,23.80,0.76,-15.68,-35.76,17.26,-35.56,-38.04,23.94,0.83,-0.77,-1.56,31.02,62.55,45.32,50.43,10.73,15.44,25.29,29.67,9.58,-61.85,-61.85,-61.90,-10.93,-11.08,147.07,33.82,33.73,79.09,79.09,88.91,94.51,-22.86,264.52,27.46,27.46,5.23,104.69,104.69,52.18,-11.52,6.95,62.55,44.96,44.96,54.41,29.58,-16.54,370.41,348.68,-1.77,-114.09,27.02,309.96,22.60,375.02,333.88,75.88,160.26,371.12,72.52,72.69,172.54,-15.05,53.86,1.27,169.23,-21.28,-1.02,88.92,-63.75,-34.88,-38.92,103.26,88.00,39.18,66.09,45.61,216.53,78.61,0.00,230.06,230.06,101.45,101.45,29.35,29.31,116.90,10.64,22.60,60.94,-2.93,9.94,2.02,3.57,-2.37,-3.61,-34.57,5.20,39.92,3.32,16.42,125.07,51.79,-5.92,-37.51,-62.89,21.81,-98.91,69.08,19.98,-10.06,149.05,231.93,-1.98,1.89,-16.94,-6.73,72.35,243.92,-87.81,648.20,508.24,242.48,-76.16,22.22,22.15,287.24,287.54,122.60,122.60,401.28,194.28,-26.29,7.09,87.81,5.04,-17.71,36.22,67.59,-32.54,-32.70,194.25,24.30,24.30,30.39,30.37,151.22,134.20,36.19,11.28,35.91,35.91,33.30,33.30,59.01,-17.70,67.68,23.74,82.49,49.80,23.13,19.78,6.50,6.50,40.61,38.30,17.60,-11.74,0.89,98.94,98.94,18.56,-59.68,23.20,7.92,17.07,16.62,26.41,14.73,9.82,19.76,29.15,27.41,49.22,46.97,-0.11,-10.20,-39.75,-47.47,-8.05,22.98,-28.13,-12.77,0.00,24.39,10.96,-21.72,2.94,20.27,35.45,303.91,0.00,-254.69,-19.74,175.80,-172.70,-188.36,-15.18,160.44,54.59,-17.42,-29.26,36.76,69.71,73.83,19.77,19.77,72.83,-3.06,405.44,-9.58,163.27,163.27,40.26,-1.22,6.11,86.64,104.43,203.75,-37.15,34.40,20.14,8.28,-4.45,214.24,140.48,38.44,43.90,81.29,42.98,67.97,158.15,183.21,113.90,134.38,148.81,-371.34,35.47,-24.69,17.29,158.26,57.89,357.36,153.39,-49.98,-57.09,39.09,150.34,104.09,124.91,18.87,43.39,43.93,-9.01,88.53,30.22,245.31,-638.93,35.26,7.09,20.20,17.71,125.22,126.26,39.03,39.87,-30.37,-9.74,66.63,7.09,-188.34,-243.92,-365.87
48.00,34.14,10.31,-53.20,4.80,-61.96,27.75,48.36,67.87,68.18,67.20,0.00,-15.56,-18.65,-6.84,-3.28,-3.28,43.66,43.66,41.95,157.46,-156.44,109.07,80.73,3.75,39.48,104.77,91.40,29.51,55.87,166.21,173.06,173.06,36.01,36.01,68.05,74.35,74.35,144.20,144.33,119.07,119.07,47.09,47.09,89.43,89.43,72.70,41.95,41.95,60.50,61.36,-144.60,-44.54,-35.20,0.76,51.41,23.66,21.25,21.25,20.37,37.69,-32.26,31.06,0.00,0.00,129.53,129.53,-110.62,-11.03,162.92,-27.96,-22.01,20.32,-2.67,-16.66,-34.54,16.65,-37.25,-39.62,23.51,1.81,-0.63,-1.47,31.11,61.24,44.24,49.14,12.91,15.88,23.95,28.54,9.36,-61.10,-61.11,-61.16,-10.76,-10.91,145.57,62.50,62.40,73.69,73.69,83.99,89.28,-20.53,261.28,41.61,41.61,4.06,98.97,98.97,55.89,-10.50,6.91,61.24,45.73,45.73,51.97,27.74,-15.51,353.29,332.54,-3.27,-113.16,26.38,320.90,24.57,381.31,333.96,76.76,156.70,377.27,72.44,72.62,163.34,-14.04,53.57,1.27,160.01,-19.94,-1.25,84.00,-66.65,-36.50,-40.70,97.61,88.00,38.31,68.18,47.04,208.54,76.60,0.00,226.86,226.86,96.07,96.07,27.52,27.48,115.96,11.99,24.57,43.66,-2.92,6.56,0.42,3.93,-1.79,-3.64,-34.55,4.58,39.99,4.34,17.45,121.78,50.08,-5.69,-36.44,-65.54,21.55,-99.57,68.94,19.94,-10.89,149.06,232.58,-1.70,1.12,-17.11,-5.72,71.90,229.45,-81.63,661.28,517.35,243.93,-70.68,21.09,21.03,287.25,287.55,126.45,126.45,397.39,217.69,-24.62,6.76,81.63,4.66,-16.32,31.99,69.88,-33.14,-33.33,217.67,24.06,24.06,30.45,30.43,147.59,134.20,33.78,9.89,34.07,34.07,31.99,31.99,53.62,-18.84,68.44,24.71,83.46,50.30,23.55,18.38,5.88,5.88,39.74,37.71,16.57,-11.20,0.36,93.83,93.83,17.57,-60.57,24.21,7.95,19.10,15.52,38.16,13.11,8.18,18.91,28.71,27.18,49.81,47.53,0.31,-9.76,-39.82,-47.43,-7.94,22.99,-28.22,-13.21,0.00,24.82,10.95,-21.45,2.83,20.21,36.85,303.97,0.00,-246.36,-19.74,196.46,-162.85,-189.19,-25.90,165.19,53.64,-16.60,-30.04,32.82,65.10,70.67,19.77,19.77,72.37,-6.83,395.65,-9.36,165.31,165.31,40.33,-1.22,5.09,83.47,97.31,189.71,-34.48,30.88,19.01,8.21,-4.32,213.82,161.30,39.30,41.55,80.42,40.73,69.39,147.35,173.08,108.31,128.41,167.02,-369.94,36.88,-28.96,16.71,151.91,65.72,357.87,144.27,-49.88,-54.01,38.22,141.85,104.25,121.63,18.65,40.62,38.02,-9.51,88.36,29.11,253.01,-641.23,26.09,6.76,20.05,16.32,128.72,129.79,37.74,38.55,-30.43,-7.39,64.00,6.14,-189.17,-229.45,-364.49
