"ETAPA \ BARRA","AGUAYTIA 220","BALNEARIO 220","BALNEARIOS 60 A","CALLAHUANCA 220","CALLAHUANCA 60","CARHUAMAYO 220","CARHUAMAYO NUEVA 138","CARHUAQUERO 220","CHAVARRIA 220 A","CHICLAYO OESTE 220","CHIMBOTE 220","GUADALUPE 220","HUACHIPA 60","HUACHO 220","HUANCAVELICA 220","HUAYUCACHI 220","ICA 220","INDEPENDENCIA 220","MARCONA220","MOYOPAMPA 60","OROYA NUEVA 220","OROYA NUEVA 138","OROYA NUEVA 50","PACHACHACA 220","PARAGSHA2 220","PARAGSHA 138","PARAGSHA 50","PARAMONGA NUEVA 220","PIURA OESTE 220","SAN JUAN 220","SANTA ROSA 220 A","SANTA ROSA EDS 60","TALARA 220","TINGO MARIA 138","TINGO MARIA 220","TRUJILLO 220","VENTANILLA 220","VIZCARRA 220","ZAPALLAL 220","AGUAYTIA 138","PUCALLPA 138","HUALLANCA 138","CHIMBOTE 138","PUCALLPA 60","ZORRITOS 220","ABANCAY NUEVA 138","ARICOTA138","ARICOTA II 66","CAMPO ARMINO 220","AYAVIRI138","AZANGARO 138","CACHIMAYO 138","CALLALLI 138","CERRO VERDE 138","COMBAPATA 138","DOLORESPATA 138","DESIERTO220","JULIACA 138","MACHUPICCHU 138","MOLLENDO 138","MOQUEGUA 220","MOQUEGUA 138","PUNO 220","PUNO 138","SANTUARIO 138","SOCABAYA 220","SOCABAYA 138","ILO 138","LOS HEROES 220 A","LOS HEROES 66","TINTAYA 138","TOMASIRI 66","REPARTICION 138","ILO2 220","COTARUSE 220","CHILCA REP 220","CANTERA 220","PIURA OESTE 60","LA NINA 220","CONOCOCHA 220","HUINCO 220","INDEPENDENCIA 60","CHILLON 220","CHILLON 60","CHAVARRIA 60 A","CHAVARRIA 60 B","BARSI 60","BARSI 220","OQUENDO 60","CAJAMARCA 220","PLANICIE 220 A","CARABAYLLO 220","CARABAYLLO 500","CHILCA CTM 500","CHILCA CTM 220 A","KIMAN AYLLU 138","KIMAN AYLLU 220","PARAMONGA EXISTENTE 138","MACHALA 200","CHIMBOTE 500","TRUJILLO 500","HUARANGAL 60","POMACOCHA 220","PIEDRA BLANCA 138","POROMA 220","POROMA500","OCONA 500","MONTALVO 500","MONTALVO 220","HUANZA 220","INDUSTRIALES 220 A","TINTAYA 220","LA NINA 500","INDUSTRIALES 60","CARHUAMAYO 50","CARIPA138","HUAMPANI 60","HUANUCO 138","REFINERIA ZINC 220","QUENCORO 138","ILO 3 220","MIRADOR 220","MIRADOR 60","ALTO PRADERA 220","ABANCAY NUEVA 220","LOMERA 220","REQUE 220","SAN JOSE 500","SANTA TERESA 220","SURIRAY 220","ASIA 220","CERRO DEL AGUILA 220","CHAGLLA 220","RAMADA 220","SANTA ROSA LDS 60","LOMERA 60","ZAPALLAL 60","MALVINAS 220","MALVINAS 60","ABANCAY 138","YAUPI 138","SANTA ISABEL 220","YANANGO 220","CHIMAY 220","ILO3 138","MATUCANA 220","COLCABAMBA 500","COLCABAMBA 220","YARABAMBA 500","YARABAMBA 220","BELAUNDE 220","BELAUNDE 138","CACLIC 220","INDUSTRIALES 220B","PLANICIE60","COBRIZAI 69","MOLLEPATA 60","MOLLEPATA220","CARAPONGO 500","CARAPONGO 220 A","SAN JOSE 220","MARCONA 60 A","SAN NICOLAS 60","CALLAHUANCA EDN 220","PUMIRI138","PUMIRI220","SAN MIGUEL 220","SAN MIGUEL 60","FELAM 220","MANCHAY 60","MANCHAY 220","SAN RAFAEL 138","SAN GABAN 138","MARCONA 60 B","ANGEL 138","PTO MALDONADO 138","MEDIO MUNDO 220","AUCAYACU 138","BELLAVISTA 138","TARAPOTO 138","PARINAS 220","PAMPA HONDA 220","ORCOTUNA 220","SAN ROMAN 138","SAN ROMAN 220","CHILOTA 220","MAZUCO 138","JESUS 138","CARHUAMAYO 138","CINCO MANANTIALES 138","OXIDOS CERRO 138","TOCACHE 138","JUANJUI 138","FRANCOISE 220","BOTIFLACA 138","MILL SITE 138","PLAZA TOQUEPALA 138","QUEBRADA HONDA 138","PANAMERICANA SOLAR 138","TOQUEPALA 138","ILO ELS 138","REFINERIA 138","LIXIVIACION 138","PUSHBACK 138","INTIPAMPA 138","PLANICIE 220 B","CHILCA CTM 220 B","CARAPONGO 220 B","CHILCA 1 220","DERIVACION 220","CHAVARRIA 220 B","DERIVACION 220  BARRA II","CAMPAS 220","CAMPAS 500","PLANICIE 500","NUEVA CHINCHA 220","CAHUACHI 220","VALLE DEL CHIRA 220","SANTA ROSA 220 B","ERSUR 220","FLAMENCO220","BARRA3HERMANAS","BARRAPTALOMITAS","PUERTO CHANCAY 220","CHAPARRAL 138","CHIRIBAMBA 220","BARRAPTALOMITAS2","YSHCAYUCRO 220","PAQUILLUSI 220","MIGUEL GRAU 500","MIGUEL GRAU 220","ALIPIO ROSALES 220","SUNNY","CUAJONE 138","SAN MARTIN 220","SAN LUIS 220","CERRO VERDE 220","PORTILLO 60","SURIRAY138"
1.0000,318.2967,283.9222,284.1450,285.8753,280.8668,295.8220,293.6758,315.7803,289.6636,317.5836,305.1877,315.3192,287.4355,296.9252,287.3630,286.2015,293.3107,292.8260,298.0712,280.5668,290.1371,286.9168,288.1793,288.4059,298.8037,302.3117,303.0508,300.3466,316.0100,283.7000,285.1270,285.4540,317.1764,316.8499,315.7550,309.8341,288.9441,307.8825,289.6067,318.9314,331.4703,305.0171,306.1679,332.5989,319.7370,302.0854,320.6117,319.8305,284.2332,322.9811,320.4224,310.8778,322.7612,313.8060,320.2988,312.2782,290.2426,321.1461,294.8895,307.9323,314.1502,314.6753,319.7760,320.1024,312.2316,312.7481,312.9844,321.7130,315.6612,316.2529,327.0048,318.7685,314.6091,314.1972,302.3649,279.2901,286.8239,316.2939,314.0781,305.2240,285.4505,292.9256,289.0270,289.2149,289.9401,290.3744,290.8099,290.3802,289.8288,315.4774,289.4082,289.3154,288.8627,284.8006,282.5042,307.1679,308.7290,300.6021,0.0000,304.4726,308.7774,290.0997,288.9517,314.6253,297.9258,297.7301,306.1685,312.5735,313.2884,288.3570,290.2349,325.4448,313.7335,291.7030,293.6852,288.5270,299.1599,312.2224,287.9591,312.1625,318.1685,290.0159,290.6901,282.4962,300.3896,293.8177,317.2262,310.0061,297.3080,297.3604,282.4152,284.8586,298.8104,312.0058,285.5089,294.6050,289.7949,290.4451,290.6019,303.6132,292.1713,293.5262,287.0556,286.0157,318.1419,283.6329,288.1037,286.3514,311.6403,312.4728,324.7941,326.2662,320.4835,284.7831,294.0753,284.3988,290.7053,288.9606,287.7577,287.0500,310.3051,0.0000,300.0363,285.8240,320.3261,320.2588,287.1115,286.5069,315.9970,291.8666,289.4756,321.0523,312.3860,298.6030,312.7085,338.2203,298.9203,321.6107,341.9063,341.3357,317.2796,313.0521,286.3980,320.4593,320.2334,317.1851,320.7682,313.3750,294.1546,301.5096,302.3115,332.0083,340.5780,299.9126,319.9053,322.2664,322.3740,321.0304,318.1419,322.2060,320.7235,322.2428,322.4010,322.1100,316.7750,289.4082,282.5115,287.0520,0.0000,291.8558,289.6869,293.0122,287.3708,287.5672,287.5703,291.9068,297.2359,317.5183,285.1281,296.5223,297.8919,296.8536,290.4483,292.2880,312.5548,289.5300,290.4545,300.7891,313.7916,314.3464,314.7933,319.3448,310.3051,319.0629,310.3051,313.7567,313.5093,286.6133,295.4065
2.0000,317.6215,283.6335,283.8361,285.6825,280.7507,295.7262,293.6227,315.4183,289.2794,317.4413,305.0833,315.1743,286.9578,296.5472,287.3890,286.0735,293.4808,292.9406,298.4197,280.2595,290.0165,286.7365,288.0177,288.2989,298.6721,302.2109,302.9468,300.0042,316.7511,283.4255,284.8290,285.1329,319.2557,316.1995,315.1590,309.7252,288.5674,307.5855,289.2947,318.2353,330.3567,304.7109,306.0621,331.4475,321.7185,301.8979,320.5818,319.8124,284.2332,322.9873,320.4377,310.5498,322.7430,313.8612,320.1164,311.9158,290.2773,321.0984,294.7079,307.8401,314.2405,314.7650,319.7651,320.0810,312.2316,312.8538,313.0699,321.7720,315.6963,316.2569,327.0453,318.6641,314.5308,314.2874,302.2627,279.1286,286.9282,317.0077,314.3731,304.9334,285.2091,293.0686,288.6478,288.8416,289.5415,289.9590,290.3891,289.9793,289.4319,315.1193,289.1247,289.0308,288.6057,284.5957,282.3137,306.8272,308.4026,300.2742,0.0000,304.3524,308.7191,289.7353,288.8324,314.0189,298.1650,297.9352,306.3293,312.6675,313.3844,288.1189,289.9212,325.4818,314.0656,291.3688,293.6449,288.3432,298.8850,311.6750,287.6876,311.8286,318.2094,289.6716,290.3279,282.2578,300.2205,293.4034,317.0835,310.1324,297.1368,297.1893,282.5510,285.7956,298.6756,311.6624,285.1951,293.9262,289.4025,290.0546,290.2040,303.4070,292.1928,293.5086,287.1556,286.1154,318.1806,283.4398,288.4925,286.6415,311.7296,312.5814,324.1175,325.5763,319.9488,284.4908,293.6606,284.3111,290.7487,288.9791,287.5395,286.8072,310.4510,0.0000,300.3715,285.6294,320.3412,320.2623,286.8573,286.2377,316.0934,291.5358,289.1886,321.2452,312.3860,298.9473,312.7186,337.1774,298.5549,320.8692,340.6466,340.0104,319.2191,312.7039,286.2537,320.4317,320.2167,317.2240,320.4436,313.3960,294.0962,301.4295,302.2100,331.0907,339.3633,299.7830,319.9728,322.2310,322.3414,321.0218,318.1806,322.1713,320.7620,322.3020,322.3676,322.0852,316.8303,289.1247,282.3210,286.8090,0.0000,292.2313,289.3021,293.5110,287.4839,287.6582,287.3172,291.9725,297.6184,318.6501,284.8301,296.9514,298.1338,297.3223,291.0176,291.9523,312.4722,289.5910,291.0252,300.6085,313.7916,314.7794,315.3327,321.3195,310.4510,319.1251,310.4510,313.9151,313.6272,286.2747,295.2297
3.0000,314.2808,282.5910,282.7868,284.6747,279.7996,293.4994,291.4500,313.6656,288.1810,315.8275,303.6171,313.5594,285.8880,294.9732,287.1940,285.8166,292.7329,292.2768,297.8736,279.1897,288.7196,285.6237,286.8646,287.2678,295.1729,298.5385,299.2144,298.1965,315.4778,282.3888,283.7834,284.0834,318.0862,312.8173,311.8967,308.2170,287.4716,304.6586,288.2091,314.8755,326.6154,302.8760,304.5302,327.6718,320.5438,301.6248,319.9671,319.1910,284.2332,322.7038,320.2168,310.2062,322.6123,313.3304,319.7331,311.5568,289.4602,320.7479,294.4258,307.2578,313.6565,314.1736,319.3855,319.6981,312.2316,312.3016,312.5381,321.1465,315.1178,315.6883,326.6901,318.1177,314.0154,313.7032,302.0490,278.1421,286.1323,315.7654,312.9625,302.3590,284.1888,292.4124,287.5509,287.7498,288.4391,288.8508,289.2642,288.8703,288.3310,313.2811,288.0834,287.9681,287.5715,283.6253,281.3372,304.8711,306.3174,298.4564,0.0000,302.9287,307.2477,288.6349,287.7991,310.5395,297.5767,297.3373,305.7310,312.0928,312.8020,287.2954,288.8703,325.1058,312.6718,290.3178,291.5256,286.8777,297.8096,307.9901,286.6458,311.4816,317.6058,288.5846,289.2234,281.2361,299.9611,292.0592,315.4695,309.5431,296.8717,296.9241,281.6676,285.4930,289.6659,309.6973,284.1418,292.6164,288.3021,288.9510,289.1059,303.1264,292.7786,293.0295,286.3614,285.3239,317.5792,282.4619,287.9722,286.3377,311.1754,312.0264,322.0769,323.5590,317.9976,283.4474,292.4773,284.6950,290.2068,288.6815,286.5497,285.7813,309.8448,0.0000,299.8009,284.6219,320.1183,320.0145,285.8295,285.2161,314.5899,290.4262,288.1452,321.0889,312.3860,298.3983,312.7104,336.9053,296.8545,317.5224,337.7653,337.4010,318.0658,310.7770,285.9130,320.0787,319.8729,316.7457,320.3254,313.0283,291.8894,298.4626,298.5598,327.8632,336.4150,296.2482,319.3161,321.6165,321.7253,320.4119,317.5792,321.5570,320.1369,321.6755,321.7519,321.4638,316.2325,288.0834,281.3444,285.7830,0.0000,291.3783,288.2034,292.6767,286.7119,286.9081,286.3019,291.2034,296.9815,317.3558,283.7846,296.5023,297.5477,296.8722,290.0641,290.6889,311.9362,289.2108,290.0718,297.3931,313.7916,313.4145,314.0024,320.1482,309.8448,318.4649,309.8448,313.2873,313.0497,285.2122,294.9524
4.0000,313.6770,282.4351,282.6120,284.6221,279.8320,293.4127,291.3942,313.2249,287.9683,315.3586,303.3475,313.1377,285.6121,294.7025,287.1547,285.7451,292.4974,292.1366,298.0014,278.9920,288.6883,285.7047,286.9070,287.2300,295.0627,298.3844,299.0384,297.9348,315.1095,282.2442,283.6296,283.9093,317.6846,312.2520,311.3832,307.8842,287.2639,304.4512,288.0460,314.2497,325.5485,302.6363,304.2528,326.5650,320.0914,301.7052,319.8373,319.0450,284.2332,322.8614,320.2960,310.1758,322.7979,313.4609,319.7788,311.4971,289.3552,320.7838,294.4870,307.3013,313.7493,314.2559,319.4459,319.7520,312.2316,312.4417,312.6669,321.1609,315.2218,315.8199,326.9139,318.2820,314.1543,313.7965,302.1725,278.0765,286.0314,315.3936,312.5975,302.1475,284.0842,292.2603,287.3416,287.5482,288.2126,288.6098,289.0275,288.6451,288.1072,312.9456,287.9919,287.8254,287.4527,283.6253,281.3121,304.6547,306.0846,298.2182,0.0000,302.6541,306.9277,288.4363,287.7568,309.9945,297.6793,297.4266,305.8480,312.2021,312.9020,287.1738,288.7598,325.3068,312.3127,290.2071,291.4732,286.9461,297.9233,307.4915,286.5226,311.4316,317.6110,288.3978,289.0207,281.1178,300.0458,291.8089,315.0081,309.6701,296.9471,296.9995,281.6356,285.4814,289.5563,309.4509,283.9755,292.2524,288.0862,288.7319,288.8779,303.2106,292.7117,292.9533,286.3232,285.2860,317.5796,282.4619,287.9547,286.3264,311.2966,312.1645,321.5277,322.9894,317.5496,283.2959,292.2961,284.5384,290.1946,288.6322,286.4530,285.6763,309.9801,0.0000,299.8885,284.5688,320.1978,320.0964,285.7181,285.0884,314.1913,290.3052,288.0511,321.2083,312.3860,298.5166,312.7167,336.1125,296.5859,316.9136,336.8961,336.4658,317.6682,310.5139,285.8341,320.1270,319.9333,316.8236,320.0830,313.0892,291.8330,298.3872,298.4087,327.2183,335.5783,296.1690,319.3182,321.4790,321.5939,320.3531,317.5796,321.4209,320.1242,321.6707,321.6192,321.2205,316.2543,287.9919,281.3194,285.6780,0.0000,291.0765,287.9902,292.4567,286.6713,286.8540,286.2230,291.0865,297.0015,316.9936,283.6309,296.6516,297.6519,297.0791,289.6983,290.4867,312.0456,289.1316,289.7074,297.2519,313.7916,313.0525,313.6404,319.7047,309.9801,318.4608,309.9801,313.4684,313.2136,285.0606,295.0183
5.0000,316.3297,282.4192,282.5840,284.8219,280.1187,295.3881,293.3102,314.1453,287.9691,316.1834,303.9162,313.9861,285.5442,295.3470,287.1369,285.7493,292.3292,292.0374,298.0384,278.8470,289.5601,286.3485,287.6135,287.7994,298.2362,301.7400,302.4566,298.8987,316.0521,282.2344,283.6501,283.9191,318.7723,315.1453,314.0776,308.5169,287.2720,306.8009,288.1197,316.8916,327.9730,303.5456,304.8626,328.9699,321.1665,301.5584,320.0473,319.2683,284.2332,322.8738,320.3210,309.9714,322.7376,313.5625,319.6333,311.2652,289.2689,320.8400,294.3620,307.4745,313.8570,314.3658,319.5043,319.8086,312.2316,312.5265,312.7514,321.3105,315.3103,315.8867,326.9406,318.3996,314.2786,313.9045,302.1102,278.0115,285.9781,316.3573,313.4040,304.0531,284.1597,292.1818,287.3472,287.5404,288.1930,288.5700,289.0246,288.6458,288.0807,313.8885,288.0056,287.8974,287.5439,283.6253,281.2895,305.7042,307.2890,299.1929,0.0000,303.1868,307.5555,288.4803,288.2896,312.9567,297.7746,297.5214,305.9515,312.3015,313.0071,287.2258,288.7586,325.3422,313.1226,290.1841,293.2886,287.8866,298.0005,310.5892,286.5837,311.2083,317.7616,288.4344,289.0493,281.0828,299.9213,292.1899,315.8367,309.7734,296.8264,296.8788,281.5564,285.6132,298.2397,310.5015,283.9913,292.6093,288.0813,288.7406,288.8791,303.0293,292.2656,293.4490,287.0941,287.0957,317.7351,282.5116,288.1809,286.4588,311.3835,312.2506,322.5765,323.9773,318.5484,283.3091,292.2277,284.8255,290.1497,288.6459,286.5586,285.7525,310.0909,0.0000,299.9412,284.7605,320.2236,320.1244,285.7883,285.1562,315.0083,290.2813,288.0633,321.0763,312.3860,298.5566,312.7098,335.7163,297.4057,320.2480,339.3910,338.1079,318.7772,311.5246,285.8453,320.1833,319.9832,316.9131,319.9422,313.1303,293.7655,301.0571,301.7428,331.5675,338.3493,299.3475,319.4340,321.6875,321.8008,320.5601,317.7351,321.6288,320.2828,321.8206,321.8266,321.4113,316.3914,288.0056,281.2968,285.7540,0.0000,290.8737,287.9909,292.3054,287.1805,287.2431,286.2641,290.9858,296.9901,317.9971,283.6514,296.6278,297.7483,297.0661,289.4622,290.7681,312.1850,289.0816,289.4720,300.0360,313.7916,313.8961,314.5145,320.7852,310.0909,318.5757,310.0909,313.5908,313.2998,285.0222,294.8961
6.0000,315.5408,282.3213,282.4918,284.7886,280.0531,295.3586,293.1693,313.2979,287.7330,315.2968,303.3122,313.1765,285.4595,293.9344,287.7553,285.6789,294.5876,294.1691,298.3926,278.8574,289.8353,287.4283,288.5016,287.8906,298.1166,301.4952,302.1881,297.7753,315.0885,282.1386,283.5289,283.8112,317.8061,314.3054,313.3370,307.8325,287.0282,306.2644,287.8587,316.0902,326.9214,303.0067,304.2181,327.8957,320.2036,301.5458,320.5451,319.7811,284.2332,322.9908,320.4206,309.9961,322.9022,313.7170,319.6988,311.2797,290.6604,320.9605,294.3599,307.5869,314.0568,314.5740,319.6360,319.9387,312.2316,312.6745,312.8937,321.5828,315.5126,316.0680,327.0728,318.5646,314.5116,314.1043,302.1071,277.9397,290.2975,315.3627,312.5493,303.4153,284.0433,294.3014,287.1028,287.3141,287.9573,288.3310,288.7661,288.3959,287.8474,313.0577,287.9089,287.6802,287.3944,283.6253,281.2678,305.1619,306.6093,298.0633,0.0000,302.6074,306.8794,288.2205,288.3349,312.2014,297.9953,297.6773,306.1067,312.4725,313.1960,287.0521,288.6547,325.4712,312.2723,290.0743,293.1890,288.5607,297.9354,310.0115,286.4425,311.2266,318.0665,288.2006,288.7802,280.9921,299.9151,291.2904,314.9624,309.9215,296.8237,296.8761,287.2194,285.5903,298.1221,309.7109,283.8650,291.6785,287.8360,288.4916,288.6249,303.0071,292.2707,293.4449,287.0686,287.0705,318.0480,282.5116,288.1490,286.4358,311.5329,312.4009,321.5033,322.8340,317.5832,283.1940,292.1154,284.8427,291.0078,289.3800,286.4511,285.6354,310.2410,0.0000,300.3323,284.7249,320.3217,320.2193,285.6734,285.0438,314.1218,290.1769,287.9659,321.1571,312.3860,298.9233,312.7140,335.2149,296.1504,319.3445,338.0729,336.7417,317.8092,310.7115,285.7596,320.3054,320.1042,317.0764,319.7782,313.2203,293.6468,300.8730,301.5000,330.5837,337.0844,299.2567,319.7316,322.1935,322.3037,320.9814,318.0480,322.1329,320.5511,322.1177,322.3306,322.0179,316.6815,287.9089,281.2751,285.6369,0.0000,293.0186,287.7543,293.8344,287.1423,287.1867,286.1765,292.7044,297.6941,317.0175,283.5303,296.9649,297.9701,297.4135,291.4936,290.0882,312.3808,290.2990,291.5026,299.7568,313.7916,313.0166,313.6091,319.8215,310.2410,318.8521,310.2410,313.6962,313.4408,284.9634,294.8934
7.0000,315.2112,282.0328,282.1861,284.5333,279.8577,295.2406,293.1654,313.5853,287.5604,315.6183,303.4799,313.4601,285.2585,295.0237,287.0811,285.6513,292.3191,291.9118,298.1147,278.5198,289.2972,286.1171,287.3785,287.4933,298.0653,301.7172,302.4490,298.5477,315.3817,281.8534,283.2786,283.5202,318.1094,313.9058,313.0318,308.0384,286.8705,306.3635,287.7667,315.7536,326.4467,303.2269,304.3986,327.4085,320.5234,301.5719,320.3905,319.6079,284.2332,322.9262,320.3337,309.8867,322.8425,313.6399,319.5857,311.1391,289.0894,320.8480,294.3316,307.4984,313.9220,314.4239,319.5181,319.8187,312.2316,312.5815,312.8047,321.3616,315.4005,315.9803,327.0031,318.5423,314.4783,313.9693,302.1391,277.6562,285.4523,315.6628,312.8298,303.6720,283.8299,292.0486,286.9440,287.1269,287.7737,288.1396,288.6017,288.2245,287.6576,313.2868,287.7317,287.5555,287.2099,283.4195,281.0300,305.3932,306.8574,298.8444,0.0000,302.7465,307.0748,288.1044,288.0061,311.8999,297.7582,297.4865,305.9719,312.3597,313.0678,286.9562,288.4755,325.3934,312.5421,289.9114,293.0653,287.6165,297.6710,309.9158,286.2361,311.0700,317.9153,288.0539,288.6646,280.7052,299.9260,291.8799,315.2778,309.8203,296.8144,296.8668,280.5939,285.4463,298.0722,309.9335,283.6137,292.4023,287.6728,288.3220,288.4362,303.0608,292.2970,293.4233,286.2723,285.2351,317.9035,282.3021,287.8966,286.2915,311.4357,312.3040,321.5929,322.9692,317.7377,282.9353,291.9729,285.5396,289.6415,288.4818,286.2201,285.4208,310.1381,0.0000,300.0562,284.4723,320.2370,320.1421,285.4576,284.8311,314.4395,290.0248,287.7883,321.0100,312.3860,298.6558,312.7063,334.9415,297.0690,318.3170,336.9035,336.1461,318.1115,310.9316,285.7220,320.1942,319.9964,316.9372,319.6926,313.1549,293.6119,300.9679,301.7180,328.0283,335.7019,299.2177,319.4682,322.0483,322.1600,320.8495,317.9035,321.9876,320.3549,321.8475,322.1865,321.8541,316.5328,287.7317,281.0373,285.4222,0.0000,290.9712,287.5818,292.4633,286.5890,286.7386,285.9820,290.8361,297.0801,317.3072,283.2799,296.7639,297.7340,297.2060,289.6615,290.4259,312.3304,288.9982,289.6714,299.8004,313.7916,313.2930,313.8901,320.1385,310.1381,318.5559,310.1381,313.6576,313.3681,284.6776,294.8717
8.0000,315.1245,282.0636,282.2220,284.4542,279.7826,295.0525,293.1642,313.2913,287.5065,315.3379,303.3509,313.1838,285.2031,294.9399,287.1620,285.6488,292.3929,291.9680,298.1510,278.5460,288.7919,284.5384,286.0778,287.2621,297.8735,301.7173,302.4916,298.4511,315.1610,281.8841,283.2591,283.5050,317.8840,313.9147,312.9451,307.8403,286.8172,306.2112,287.7165,315.6675,326.3731,302.9782,304.3017,327.3360,320.3013,301.5222,320.4565,319.6780,284.2332,322.9199,320.3616,309.7743,322.8148,313.5953,319.5263,310.9995,289.1459,320.9072,294.2846,307.2169,313.9210,314.4370,319.5650,319.8722,312.2316,312.5272,312.7577,321.3572,315.4202,316.0039,326.9655,318.5639,314.4260,313.9688,302.1158,277.7452,285.4751,315.4383,312.6100,303.5105,283.7835,292.0960,286.8906,287.0782,287.7151,288.0772,288.5451,288.1729,287.6012,313.0422,287.6677,287.5071,287.1669,283.3995,281.0470,305.0941,306.6360,298.7478,0.0000,302.6050,306.8912,288.0564,287.8412,311.9029,297.7619,297.4861,305.9379,312.3381,313.0582,286.9214,288.4007,325.3655,312.3267,289.8076,292.9432,286.3993,297.6377,309.9045,286.1879,310.9189,317.9343,288.0066,288.6155,280.7633,299.8836,291.8189,314.9981,309.7735,296.7717,296.8241,280.6162,285.4361,297.8806,309.7125,283.5903,292.3720,287.6236,288.2742,288.3967,303.0102,292.3439,293.3850,286.2022,285.1653,317.9155,282.3021,287.8789,286.2814,311.4012,312.2519,321.3389,322.7348,317.4869,282.9279,291.8672,284.8067,290.4265,288.7925,286.1832,285.3740,310.0807,0.0000,300.0141,284.3963,320.2631,320.1601,285.4115,284.7938,314.2103,289.9370,287.7239,321.0689,312.3860,298.6762,312.7094,334.6067,296.9799,318.2985,336.6942,335.8729,317.8884,310.7066,285.7147,320.2454,320.0396,316.9765,319.5967,313.1329,293.5632,300.9445,301.7175,327.8761,335.5045,299.0056,319.6502,322.1130,322.2211,320.8613,317.9155,322.0520,320.3626,321.8432,322.2486,321.9562,316.5601,287.6677,281.0543,285.3755,0.0000,291.1971,287.5279,292.7397,286.5347,286.7004,285.9437,290.8902,297.1991,317.0973,283.2604,296.8748,297.7389,297.2516,290.0326,290.3633,312.2073,289.0694,290.0427,299.6179,313.7916,313.0758,313.6735,319.9163,310.0807,318.7646,310.0807,313.5374,313.2880,284.6658,294.8260
9.0000,315.4884,282.2086,282.3625,284.6814,280.0033,295.2645,293.2497,314.0553,287.7925,316.2489,303.8644,314.2099,285.4310,295.3407,287.1989,285.7270,292.7535,292.2056,298.5441,278.6009,289.3272,285.9914,287.2970,287.5761,298.0984,301.6670,302.3910,298.8725,315.9120,282.0283,283.4588,283.6946,318.6642,314.2047,313.2932,308.4884,287.1061,306.5502,288.0021,316.0344,326.7997,303.5381,304.7897,327.7681,321.1043,301.8698,320.9147,320.1253,284.2332,323.1791,320.5714,310.2871,322.9282,314.0784,320.0181,311.5283,289.3217,321.2275,294.6373,307.9590,314.3934,314.9187,319.9061,320.2177,312.2316,312.9836,313.2035,321.8952,315.9294,316.5362,327.2891,318.9548,315.0595,314.4491,302.3714,277.8303,285.6208,316.1941,313.3456,303.9029,284.0249,292.3460,287.1806,287.3685,288.0030,288.3696,288.8305,288.4569,287.8932,313.7475,287.9513,287.7844,287.4287,283.6253,281.2233,305.6995,307.2004,299.1987,0.0000,303.1281,307.5104,288.3588,288.0953,312.1459,298.1147,297.8274,306.3647,312.8007,313.5263,287.1398,288.6896,325.7037,313.0480,290.1077,293.2173,287.5164,297.8209,310.0474,286.4396,311.4494,318.4175,288.2789,288.8847,280.8847,300.2114,292.1688,315.9275,310.2344,297.1056,297.1580,280.7001,285.5380,298.1042,310.3591,283.7916,292.7260,287.9175,288.5544,288.6766,303.3688,292.3120,293.4111,286.4372,285.3996,318.3911,282.4399,288.0540,286.3831,311.8481,312.7072,322.1571,323.5677,318.2772,283.1142,292.2754,284.6081,290.4770,288.8036,286.4261,285.6168,310.5547,0.0000,300.4387,284.6218,320.4733,320.3898,285.6527,285.0227,315.0217,290.2900,288.0086,321.0676,312.3860,299.0710,312.7093,334.6116,297.3917,318.6906,337.5608,336.7883,318.6686,311.3747,285.8136,320.5644,320.3521,317.3875,319.5803,313.4362,293.6930,300.9840,301.6699,328.5038,336.3330,299.2217,320.2197,322.5767,322.6860,321.3318,318.3911,322.5158,320.8823,322.3820,322.7131,322.4178,317.0369,287.9514,281.2305,285.6183,0.0000,291.7000,287.8139,293.3061,286.7608,286.9110,286.1950,291.0960,297.6499,317.8690,283.4601,297.2819,298.0921,297.6584,290.6705,290.6910,312.8744,289.1856,290.6794,299.8943,313.7916,313.8059,314.4073,320.7156,310.5547,319.3606,310.5547,314.0639,313.7741,284.8183,295.1722
10.0000,315.4414,282.4161,282.5873,284.7118,279.9759,295.2517,293.2620,313.4003,287.8364,315.4010,303.3284,313.5069,285.5325,295.2345,287.2167,285.7684,293.2386,292.6216,298.5837,278.8053,289.3345,285.9801,287.2839,287.6038,298.0572,301.6370,302.3519,298.6882,314.1933,282.2290,283.5798,283.8238,315.5903,314.1641,313.2382,307.8252,287.1459,306.4281,288.0104,315.9883,326.7718,303.1023,304.2600,327.7418,318.0963,302.0882,320.9596,320.1424,284.2332,323.2357,320.6058,310.8232,322.8315,314.1961,320.4293,312.1199,289.5315,321.3001,294.8976,308.2669,314.4559,314.9701,319.9660,320.2779,312.2316,313.0655,313.2935,322.0137,316.0589,316.7204,327.3611,319.2186,315.2792,314.5032,302.4709,278.0514,286.8180,314.4814,312.1529,303.7234,284.0601,292.7449,287.2213,287.4242,288.0467,288.4143,288.8779,288.5044,287.9430,313.2336,287.9539,287.7884,287.4275,283.6253,281.3035,305.3038,306.8362,299.0107,0.0000,302.6101,306.8196,288.3901,288.1426,312.1346,298.1470,297.8668,306.4209,312.8681,313.5907,287.1550,288.7018,325.7888,311.8223,290.1147,293.2503,287.5337,297.9821,310.0767,286.4779,312.0541,318.4818,288.3208,288.9501,281.0945,300.4164,292.1080,315.1028,310.2994,297.3318,297.3843,281.6851,285.5537,298.0607,309.9476,283.9184,292.6429,287.9694,288.6027,288.7309,303.5814,292.2932,293.4265,286.4517,285.4141,318.4574,282.4703,288.0803,286.3991,311.9211,312.7876,321.7766,323.1584,317.8489,283.2545,292.3407,285.1416,289.9415,288.6316,286.4429,285.6522,310.6179,0.0000,300.4887,284.6524,320.5085,320.4371,285.6914,285.0633,313.9863,290.3063,288.0125,321.0242,312.3860,299.1132,312.7071,334.8502,297.2409,318.6413,337.5877,336.6830,315.7320,310.9394,285.8511,320.6287,320.4122,317.4414,319.6708,313.5185,293.7060,300.9849,301.6410,328.4332,336.3488,299.1518,320.1821,322.6261,322.7352,321.3797,318.4574,322.5651,320.9842,322.5509,322.7626,322.4541,317.0877,287.9539,281.3108,285.6538,0.0000,292.0377,287.8579,293.4587,286.7756,286.9337,286.2006,291.3285,297.7277,315.7363,283.5812,297.2949,298.1243,297.6993,290.8684,290.6574,313.1213,289.3609,290.8766,299.8106,313.7916,312.4574,312.9344,317.7190,310.6179,319.2918,310.6179,314.1323,313.8563,284.9718,295.4202
11.0000,316.1100,282.8900,283.0856,284.9939,280.1552,295.3737,293.3626,314.5873,288.2821,316.7489,304.1406,314.8296,285.8936,295.5091,287.2467,285.8886,293.7352,293.0345,298.2803,279.3629,289.4918,286.0604,287.3858,287.7899,298.2146,301.7456,302.4629,299.0681,315.5752,282.6898,284.0096,284.2789,316.9192,314.8253,313.8482,308.8364,287.5817,306.8114,288.3901,316.6720,327.7573,303.6905,305.0910,328.7545,319.4740,302.3709,320.9034,320.0581,284.2332,323.2383,320.5896,311.4471,322.8186,314.2173,320.9024,312.8156,289.9759,321.3268,295.2221,308.5714,314.3808,314.8933,319.9730,320.2946,312.2316,313.0101,313.2647,321.9687,316.0710,316.7944,327.3624,319.2700,315.5014,314.4276,302.5951,278.4641,287.2361,315.9126,313.3951,304.1357,284.4119,293.1785,287.6588,287.8536,288.5113,288.8961,289.3498,288.9621,288.4015,314.2709,288.3279,288.1559,287.8007,283.8712,281.6106,305.8605,307.4862,299.3836,0.0000,303.4311,307.8029,288.7918,288.3402,312.7517,297.7969,297.5884,306.2592,312.7891,313.5110,287.4493,289.1023,325.7910,313.0555,290.5278,293.3398,287.6474,298.3510,310.6141,286.8453,312.7415,318.4242,288.7352,289.3741,281.5416,300.6812,292.4602,316.4467,310.1949,297.6196,297.6721,282.2527,285.5839,298.2180,310.7917,284.3625,293.1147,288.4061,289.0525,289.1873,303.8776,292.2546,293.4581,286.6168,285.5785,318.3971,282.7525,288.1299,286.4292,311.8461,312.7269,323.0421,324.4834,319.0223,283.6918,292.9275,286.3395,289.2498,288.4920,286.7780,285.9994,310.5100,0.0000,300.2469,284.9368,320.4933,320.4396,286.0417,285.3883,315.2981,290.7739,288.3898,320.9721,312.3860,298.8101,312.7044,335.3212,297.5728,319.4244,339.0913,338.2476,317.0446,311.8434,285.9971,320.6435,320.4243,317.4058,319.8408,313.5421,293.8072,301.0894,301.7496,329.5042,337.7961,299.2771,320.1308,322.5754,322.6842,321.3360,318.3971,322.5142,320.9427,322.5056,322.7117,322.4032,317.0181,288.3279,281.6179,286.0011,0.0000,292.5824,288.3040,293.7874,286.9421,287.1165,286.5353,291.7829,297.6196,317.1126,284.0109,297.0882,297.7458,297.3436,291.4617,290.9990,313.3690,289.5423,291.4676,300.0464,313.7916,313.7294,314.2388,319.0863,310.5100,319.2509,310.5100,314.0634,313.7923,285.4232,295.7298
12.0000,316.8818,283.5864,283.8352,285.3439,279.8205,295.5527,293.5307,315.8353,288.8903,318.2699,305.2486,316.3021,286.3964,296.3705,287.3545,285.6531,294.0390,293.3753,298.5234,280.2438,289.7265,286.1771,287.5360,288.0725,298.4537,301.9904,302.7108,299.8815,317.1377,283.3632,284.6497,284.9623,318.5332,315.6074,314.5684,310.0916,288.1819,307.3618,288.9519,317.4590,328.8454,304.5978,306.2245,329.8699,321.1393,302.8450,321.1163,320.2123,284.2332,323.2941,320.6538,312.3469,322.6588,314.4287,321.5078,313.7995,290.4238,321.4464,295.6956,308.6704,314.6513,315.1588,320.1206,320.4398,312.2316,313.2567,313.5089,322.2531,316.4732,317.2985,327.4812,319.5673,315.6292,314.6981,302.8148,279.0626,287.7344,317.5033,314.8322,304.7738,284.9457,293.5378,288.2601,288.4591,289.1176,289.5017,290.0031,289.5929,289.0066,315.3729,289.0455,288.6984,288.3834,284.4277,282.1805,306.7203,308.3619,300.1695,0.0000,304.5185,309.0311,289.3697,288.6500,313.5087,298.0876,297.8852,306.5316,313.0527,313.7807,286.4165,289.8664,325.9386,314.4876,291.3725,293.4991,287.8011,298.6905,311.3254,287.4021,313.7031,318.6858,289.3287,289.9884,282.1886,301.0999,293.1916,317.9599,310.4541,298.0507,298.1033,282.8678,285.7383,298.4572,311.7444,285.0212,293.8680,289.0052,289.6783,289.8159,304.3943,292.2278,293.4800,286.9899,285.9504,318.6519,283.1016,288.3945,286.5836,312.0990,312.9754,323.8331,325.2887,319.9831,284.3399,293.9704,286.0636,289.5980,288.6708,287.3282,286.5425,310.7704,0.0000,300.5225,285.2886,320.5600,320.5272,286.5832,285.8856,316.7933,291.6707,289.1105,321.0596,312.3860,299.0494,312.7089,334.2802,298.4107,320.2061,339.6273,338.5521,318.6606,312.8319,285.6433,320.7710,320.5522,317.6197,319.6421,313.7508,293.9781,301.2982,301.9935,330.3099,338.3890,299.4616,320.4043,322.8146,322.9236,321.5578,318.6519,322.7534,321.2209,322.7902,322.9510,322.6370,317.2729,289.0455,282.1877,286.5443,0.0000,292.7020,288.9128,293.7719,287.3241,287.5041,287.1342,292.2040,297.6708,318.7238,284.6509,297.4385,298.0362,297.5750,291.4055,291.6700,313.4879,289.7420,291.4115,300.4082,313.7916,315.1953,315.7338,320.7436,310.7703,319.5452,310.7704,314.3038,314.0306,286.0597,296.1873
13.0000,317.8013,284.4269,284.7607,285.6527,279.7456,295.6677,293.5393,317.8861,289.3719,320.3781,306.3886,318.3771,287.1368,296.3676,287.5420,285.6785,294.8971,294.0160,298.5989,280.8935,289.9165,286.1866,287.6139,288.3189,298.6171,302.0608,302.8161,300.1668,318.7718,284.0664,285.1770,285.3966,320.1789,316.5207,315.4345,311.6377,288.6531,307.8901,289.4297,318.3934,330.0787,305.9048,307.2816,331.1301,322.9153,302.1433,320.9122,319.9487,284.2332,323.1196,320.5567,311.6754,322.5671,314.1291,320.8019,313.1747,291.1013,321.2903,295.1221,306.9652,314.4970,314.9956,319.9608,320.2708,312.2316,313.1317,313.3810,321.9800,316.4099,317.3106,327.3154,319.3562,314.6157,314.5430,302.3174,279.6872,287.8467,319.1371,316.4765,305.3355,284.7529,294.2476,288.7292,288.9126,289.5998,289.9789,290.5290,290.1314,289.4720,317.1614,289.8080,289.1985,288.9175,284.9494,282.7384,308.1359,309.4862,300.4131,0.0000,305.5953,310.5455,289.8343,288.9300,314.3576,298.1722,297.9806,306.4703,312.9001,313.6263,286.4338,290.7183,325.7804,316.1380,292.3632,293.3661,287.7799,299.0306,312.0463,287.8120,313.0729,318.5063,289.8619,290.5202,282.8648,300.4736,293.4472,320.0627,310.3156,297.4616,297.5141,283.3993,285.8521,298.6205,313.1592,285.5763,294.2839,289.4648,290.2435,290.4542,303.5674,292.2363,293.4730,287.2987,286.2579,318.4698,283.4094,288.5896,286.6980,311.9660,312.8537,326.7041,328.3798,322.3571,284.9097,295.2254,285.7909,290.0255,288.9282,287.8137,286.9341,310.6254,0.0000,300.6326,285.5988,320.4632,320.4157,286.9935,286.2518,318.6819,292.6915,289.8781,321.1220,312.3860,299.1194,312.7122,334.5793,298.5668,321.4263,342.8594,342.2503,320.3167,314.3503,285.6674,320.6200,320.4020,317.4581,319.8053,313.6949,293.9763,301.3317,302.0626,332.1668,341.3970,299.5520,320.2860,322.6588,322.7674,321.3623,318.4620,322.5971,320.9794,322.5163,322.7948,322.5105,317.0660,289.8080,282.7457,286.9358,0.0000,293.6464,289.3962,294.4829,287.6398,287.8276,287.7115,292.9006,297.8611,320.3987,285.1782,297.4860,298.1191,297.5597,292.4330,291.9730,312.0589,290.1085,292.4375,300.6940,313.7916,316.8446,317.3548,322.5005,310.6234,319.4255,310.6246,314.1625,313.9111,286.5923,295.6125
14.0000,319.4338,284.7577,285.1025,286.0409,280.7469,295.8684,293.6652,319.0393,289.8324,321.4031,306.9830,319.3853,287.1640,296.9902,287.4859,286.4066,294.3275,293.7167,297.6045,281.1778,290.0800,286.0484,287.6094,288.5205,298.9167,302.3444,303.1160,300.8366,319.3264,284.3737,285.5344,285.7686,320.1789,318.0495,316.8475,312.3826,289.1162,308.6474,289.9080,320.0810,332.8701,306.7360,307.8721,334.0212,322.8699,301.8816,318.2101,317.1980,284.2332,322.3624,319.8863,311.8574,322.0720,312.1584,320.5627,313.4688,290.7779,320.3826,294.8567,303.1910,312.3128,312.7793,318.8308,319.1747,312.2316,311.4067,311.6994,319.5839,314.2400,315.2081,326.3513,317.1085,311.5272,312.3579,301.8968,279.9259,287.8177,319.7175,317.1910,306.0509,285.0070,294.1048,289.1924,289.3710,290.0590,290.4388,291.0261,290.6261,289.9313,318.3898,290.1229,289.6701,289.2985,285.1832,282.9754,309.0111,310.4188,301.1243,0.0000,306.2049,311.2426,290.3215,289.1336,315.6997,297.2086,297.0409,304.6761,310.7823,311.4498,288.6670,291.1019,324.7388,316.8173,292.8467,293.4482,287.4737,299.7697,313.0402,288.1726,313.3224,316.0081,290.3428,290.9897,283.1379,300.1958,294.0110,321.0850,308.1517,297.1924,297.2449,283.4777,285.7689,298.9233,314.2996,285.9436,294.8737,289.9333,290.7476,290.9896,303.3359,292.1666,293.5301,287.3786,286.3379,315.9568,283.7985,288.4453,286.6143,310.1128,311.1239,328.8548,330.6413,324.0812,285.2550,294.9994,285.4350,290.2844,288.9723,288.1333,287.2653,308.3092,0.0000,299.5806,285.9909,319.7893,319.7088,287.3125,286.4855,319.5740,292.7399,290.1888,320.8234,312.3860,298.1265,312.6966,336.9998,299.2165,323.2434,346.3185,345.7196,320.3698,315.5349,286.6185,319.6409,319.4188,315.7955,320.7573,312.6166,294.0929,301.5580,302.3442,334.7340,344.7206,299.8764,317.8713,319.9518,320.0611,318.7393,315.7252,319.8932,318.5334,320.1201,320.0881,319.7182,314.5018,290.1229,282.9826,287.2672,0.0000,293.1547,289.8579,293.9045,287.7113,287.9077,288.0378,292.4465,297.0137,320.7841,285.5355,296.3735,297.1531,296.5464,292.0175,292.5037,308.1485,289.9563,292.0209,301.1212,313.7916,317.4950,317.9685,322.4709,308.2917,317.0120,308.2688,312.1389,312.0961,286.9422,295.3372
15.0000,322.8174,285.6341,286.0678,286.3164,279.7879,296.2323,294.3116,317.9248,290.5176,321.5766,307.3494,319.6325,287.9358,297.5895,290.2734,285.8228,295.7403,295.3822,297.2443,282.1574,290.4455,286.7479,288.1701,288.8440,299.3934,303.2913,304.0031,301.3938,319.6180,285.1958,286.2810,286.5935,320.1789,322.3616,319.8052,312.5807,289.7749,309.5515,290.4117,323.5729,338.5416,306.9670,308.1921,339.8898,322.9978,301.8964,315.8459,314.7400,284.2332,321.8412,319.4275,312.2011,321.7003,310.8002,320.5819,313.9073,292.1833,319.7089,294.8744,299.5833,310.7740,311.1669,318.0030,318.3587,312.2316,310.3728,310.6732,317.6797,312.6854,313.7466,325.6121,315.0404,308.8765,310.8186,301.6798,280.6291,288.9163,320.0471,317.4473,306.6048,285.6949,295.8545,289.8553,290.0319,290.7682,291.1718,291.7681,291.3270,290.6319,317.5571,290.9103,290.1262,289.8015,285.6632,283.5313,309.1330,310.3632,301.7154,0.0000,306.5695,311.5400,290.9096,289.5052,319.5140,296.7894,296.6329,303.8559,309.3484,309.9575,286.4241,292.0132,323.9688,317.0999,293.9656,294.3199,288.2428,299.7757,315.8948,288.7606,313.7237,313.8436,290.9029,291.5432,283.9440,300.1719,294.6267,321.2702,307.1690,297.1817,297.2342,284.2195,285.7890,299.3988,313.8244,286.7237,295.7292,290.6023,291.4158,291.6658,303.4133,292.0550,293.6213,287.6381,286.5960,313.7747,284.0269,288.4824,286.6349,308.8800,310.0958,325.6587,325.6587,322.0366,286.0197,296.2632,284.4755,294.2666,292.1322,288.6191,287.8318,306.9903,0.0000,299.1582,286.2667,319.3153,319.1610,287.8916,287.0311,319.8475,293.7824,290.9816,320.8002,312.6395,297.7577,312.9356,340.0398,299.7961,328.3046,355.1666,341.5814,320.4064,314.9403,285.7887,318.9090,318.6918,314.5981,321.9127,311.9692,294.7699,302.3494,303.2860,341.5351,353.2328,300.4008,315.8765,317.6070,317.7142,316.4640,312.9211,317.5529,316.5349,318.2084,317.7397,317.3555,311.9207,290.9103,283.5386,287.8338,0.0000,294.0871,290.5437,294.1387,287.9649,288.1554,288.5930,294.0055,296.8565,321.0030,286.2820,296.0198,296.7293,296.1764,292.4922,293.0423,304.0666,292.3003,292.4924,301.6214,313.5287,317.7796,318.2477,322.5842,306.9456,315.1192,306.8401,310.9395,310.9957,287.6392,295.3401
16.0000,324.2698,285.6880,286.2012,286.2252,279.6692,296.2722,294.2925,318.1206,290.5599,321.9118,307.4780,319.8829,289.9386,297.8081,290.4288,285.8553,295.4477,295.5549,294.7912,283.1625,290.4120,286.7953,288.1816,288.7574,299.4680,303.2927,303.9943,301.5692,319.7676,285.2106,286.3565,286.7866,320.1789,323.7212,320.9951,312.7657,289.8064,309.8518,290.3606,325.0917,341.4023,307.0797,308.3556,342.8717,323.0707,300.0891,310.4802,309.2922,284.2332,319.5303,317.4706,310.3703,320.2363,307.1765,318.1796,312.1328,292.2065,316.8712,293.1033,305.7637,305.9238,306.2257,314.8554,315.2060,312.2316,306.4026,306.9043,312.3945,307.8364,308.9875,322.6449,309.8430,305.8854,305.9671,299.9979,280.4433,289.5872,320.2043,317.6342,306.8166,285.5273,296.3697,289.8895,290.0640,290.8236,291.2417,291.8232,291.3769,290.6850,317.7459,290.5888,290.0379,289.6701,285.3375,283.2572,309.2613,310.5282,301.8422,0.0000,306.6916,311.7090,290.9054,289.4341,320.6745,294.3270,294.2200,299.7517,304.6342,305.1361,286.4514,291.7663,320.9157,317.2763,293.6575,294.3862,288.3980,300.0057,316.6352,288.7289,311.9322,308.5560,290.8685,291.4718,283.9040,298.4309,294.7624,321.5942,302.3323,295.4514,295.5035,284.2448,285.3773,299.4680,313.9681,286.8193,296.0223,290.6422,291.4511,291.7305,301.5902,292.0354,293.6373,287.2130,286.1725,308.4998,284.0269,287.7741,286.2226,304.6717,306.1174,326.3861,326.3862,322.5101,286.0804,295.8295,283.2259,295.1851,292.4697,288.4436,287.7897,301.8492,0.0000,296.5220,286.1755,317.3286,316.9644,287.9383,287.2358,320.1160,293.2527,290.6631,320.1303,313.3588,295.2758,313.5820,342.2596,299.9891,330.1089,358.6595,343.8172,320.4272,315.0884,285.8205,315.9900,315.8322,310.5514,322.8841,309.4634,294.7643,302.2906,303.2852,344.1770,356.5931,300.4505,310.4383,312.2573,312.3592,311.1271,307.2434,312.2056,311.2636,312.9056,312.3840,312.1181,306.1706,290.5889,283.2645,287.7918,0.0000,293.0242,290.5865,292.1349,287.5150,287.7243,288.4001,294.1042,294.5050,321.1360,286.3572,293.5283,294.2609,293.7635,290.6997,293.0892,302.5966,292.4626,290.6973,301.7381,312.7826,317.9503,318.4079,322.6487,301.7817,309.6762,301.5805,306.3153,306.7880,288.3809,293.5733
17.0000,327.3581,286.8157,287.3820,286.8776,280.0495,296.9626,294.8286,320.0355,291.7052,323.4281,308.6916,321.0563,291.3166,299.0694,290.4348,286.1133,294.8801,295.3197,293.8718,284.5251,290.9455,287.2640,288.6838,289.2207,300.3182,304.1998,304.9293,302.8837,320.7173,286.2966,287.3982,287.8468,320.1789,326.7197,323.7244,314.1089,290.9386,311.3429,291.3698,328.2710,346.4313,308.6270,309.5917,348.0679,323.2155,299.9638,308.0960,306.9175,284.2332,318.6984,316.8226,310.7601,318.9822,304.7682,318.0447,312.6347,292.3996,316.0245,292.9881,300.3351,303.6576,303.9340,313.7255,314.1105,310.6122,304.4216,304.8673,310.0395,305.5075,306.6374,321.4041,307.4483,302.0209,303.7010,299.5854,281.4085,289.4531,321.2051,318.7984,308.2086,286.4742,296.1495,291.0271,291.2004,292.0015,292.4563,293.0044,292.5429,291.8658,319.6313,291.5559,290.9953,290.5702,286.1000,284.0951,310.8523,312.1374,303.1779,0.0000,307.9073,312.9929,291.9926,289.9804,323.4106,293.4383,293.3408,297.8919,302.4072,302.8694,287.0385,292.8127,319.6393,318.4181,294.7504,294.9186,288.9073,302.2134,318.8651,289.6696,312.4307,306.1763,291.9399,292.5894,284.9765,298.2639,295.9783,323.0561,300.0490,295.3038,295.3559,284.9602,285.3137,300.3182,315.7079,287.8968,297.5156,291.8007,292.6028,292.9140,301.5319,292.4733,294.1220,286.9216,284.6999,306.1280,284.5367,287.6612,286.1585,302.6614,304.1429,329.5518,329.5519,325.0939,287.1327,297.1273,283.2705,295.4718,292.6136,289.2420,288.6762,299.4071,0.0000,295.6347,286.8327,316.6691,316.2251,288.8519,288.1685,321.4349,294.3542,291.6359,319.9622,313.3588,294.3680,313.5732,344.2229,301.2871,333.6543,364.1015,349.4504,320.5032,316.8711,286.1272,315.0400,314.8534,308.8550,323.2169,307.6014,295.3191,303.0368,304.1878,348.8384,361.9310,301.3135,308.2036,309.8548,309.9597,308.7386,304.7582,309.8040,308.9145,310.5479,309.9837,309.7772,303.3060,291.5559,284.1024,288.6786,0.0000,291.4545,291.7326,291.4541,287.4785,287.8210,289.2820,294.1166,293.6855,321.8006,287.3988,292.5517,293.3692,292.7503,289.1402,294.1899,297.1174,292.3730,289.1389,302.7544,312.7826,319.0456,319.4483,322.7825,299.3322,307.4339,299.0539,304.0758,304.7251,289.7872,293.4388
18.0000,330.7657,288.5015,289.1028,288.2678,280.7653,298.5644,296.2637,323.2164,293.5398,326.7060,311.2816,324.2263,294.5145,301.1955,290.9156,286.5492,295.8994,296.3495,294.4058,285.6029,292.2039,288.3373,289.8297,290.3892,302.0817,306.1087,306.8984,305.1234,323.7091,287.9578,289.0726,289.4735,322.8852,330.1467,326.9158,316.9132,292.7690,313.7013,293.1468,331.7376,351.0975,311.2282,312.2561,352.8423,326.0771,300.5792,307.9470,306.7602,284.2332,318.8151,316.8858,311.6815,318.8677,304.3000,318.5801,313.5975,293.6845,316.1923,293.5475,297.0194,303.5694,303.8505,313.8121,314.2123,310.3931,304.3947,304.7770,310.0219,305.4334,306.5774,321.4803,307.3935,300.0245,303.6126,299.9415,283.0081,290.7800,324.2381,321.7700,310.5290,288.0738,297.1918,292.8613,293.0391,293.8385,294.3036,294.8767,294.4018,293.7098,322.7048,293.3159,292.7340,292.2600,287.6413,285.6551,313.4243,314.8002,305.4148,0.0000,310.4493,315.7457,293.8435,291.1637,326.6305,293.9398,293.8577,297.9947,302.3162,302.7762,288.3748,294.6487,319.7026,321.3644,296.6733,296.2270,290.0347,297.2265,321.6993,291.3614,313.3699,306.0546,293.7307,294.3926,286.6326,298.8113,298.0141,326.3171,299.9586,295.8436,295.8958,286.4088,285.7068,302.0817,318.5590,289.5964,299.8196,293.6551,294.4543,294.7931,302.2286,293.9291,295.6579,288.0262,285.7957,305.9981,286.0188,288.3374,286.5527,302.6307,304.1234,333.3975,333.3976,328.6002,288.8039,299.2681,283.2260,296.1239,293.1513,290.8329,290.3282,299.2733,0.0000,296.2440,288.2284,316.7307,316.2928,290.5646,290.0974,324.5901,296.2524,293.4012,319.9631,313.3588,294.9166,313.5732,346.6266,303.4805,337.4351,369.4592,354.9394,323.2507,319.7860,286.6964,315.1667,314.9537,308.8466,323.9683,307.4828,296.7561,304.7353,306.0911,353.3754,367.1869,303.1039,308.2675,309.7089,309.8120,308.6121,304.5674,309.6585,308.8631,310.5315,309.8380,309.6675,303.0094,293.3159,285.6625,290.3307,0.0000,292.4817,293.5681,292.4813,288.5794,288.9159,290.9465,295.3001,294.3656,324.7445,289.0731,293.0626,293.8672,293.2661,290.2775,296.0940,293.8688,293.0708,290.2748,304.6883,312.7826,322.0062,322.4109,325.6258,299.1952,307.5292,298.8907,304.0157,304.6868,290.3837,293.9879
19.0000,328.6356,288.5717,289.1994,288.0886,280.4427,295.6114,293.3331,322.5918,293.7218,326.1592,310.7087,323.2961,294.7524,300.5742,290.8619,286.6317,295.4863,296.0789,294.0352,286.0997,291.0311,287.2726,288.7723,289.7240,298.0729,301.9587,302.6820,304.1416,323.3776,288.0040,289.1816,289.6383,322.4858,327.8154,324.5948,316.3978,292.9366,311.0954,293.2000,329.6549,349.9911,310.4030,311.5345,351.8242,325.7354,300.7065,307.3040,306.1350,284.2332,318.5355,316.6940,312.1582,318.5639,303.4685,318.7031,314.1617,293.5050,316.0096,293.6981,294.4667,302.9641,303.2412,313.5301,313.9438,309.9284,303.8211,304.1762,309.2762,304.7828,305.8984,321.0924,306.6534,298.2964,303.0079,299.8703,283.0081,290.6271,323.9373,321.3409,308.3906,288.0773,296.8944,293.0329,293.2433,294.0542,294.5506,295.0861,294.6002,293.9387,321.9660,293.4274,292.7855,292.2706,287.6310,285.6480,312.5069,313.5727,304.4581,0.0000,309.9687,315.2473,293.8821,290.4918,324.0773,293.5840,293.5162,297.4866,301.7248,302.1727,288.4350,294.8160,319.3183,320.9412,296.9117,293.4674,288.4547,297.9630,318.6877,291.4229,313.9081,305.4010,293.8553,294.5240,286.6716,298.9072,297.6985,325.7105,299.3803,295.9582,296.0104,286.4675,285.6340,287.0102,317.5465,289.7286,299.5113,293.8293,294.6413,295.0051,302.3894,292.2257,293.4817,287.8414,285.6124,305.3461,285.9492,288.2125,286.4796,302.0716,303.5523,333.3979,333.3980,328.2541,288.8976,299.5700,283.1386,296.2656,293.1816,290.8338,290.3596,298.6749,0.0000,296.1538,288.0597,316.5370,316.0867,290.6092,290.1146,324.1032,296.4524,293.5159,319.8453,313.3588,294.5753,313.5670,350.7542,302.6630,335.0877,366.6928,356.6447,322.8374,318.8497,286.7755,314.9434,314.7104,308.4057,325.4534,306.9636,293.8397,301.1667,301.9590,350.9542,364.4905,299.0940,307.6412,309.0504,309.1530,307.9893,303.8747,309.0004,308.1715,309.7844,309.1789,309.0105,302.3403,293.4274,285.6553,290.3621,0.0000,291.9101,293.7508,291.9098,288.4400,288.8148,290.9766,295.0985,293.9274,324.4081,289.1819,292.6787,293.5086,292.8580,289.5897,295.9020,291.2169,292.9313,289.5881,301.2496,312.7826,321.6054,322.0360,325.2726,298.5968,306.9279,298.2840,303.3892,304.0878,290.7575,294.1234
20.0000,335.1393,289.9847,290.6256,289.4747,281.7450,300.3291,297.8983,326.3922,295.3264,329.8739,313.6861,326.8287,296.2769,303.2756,291.4055,287.1545,296.6991,297.1877,294.8347,287.5367,293.3858,289.0987,290.7314,291.4760,304.0356,308.2531,309.0677,307.3603,326.9360,289.4013,290.6119,291.0689,326.1074,334.3944,330.8697,319.5638,294.5492,316.3290,294.8352,336.2179,357.7608,314.0060,314.6702,359.7027,329.4495,301.1866,307.6778,306.5007,284.4115,318.8221,316.9199,312.7823,318.9556,303.6367,319.2030,314.8114,294.7252,316.3634,294.1649,292.7111,303.4523,303.7284,313.8832,314.2974,310.4711,304.3022,304.6224,309.8124,305.2436,306.3495,321.4698,306.9167,297.3909,303.4960,300.2149,284.2400,291.8466,327.5276,324.7710,313.0168,289.0752,298.0255,294.6471,294.8346,295.6647,296.1723,296.7125,296.2282,295.5473,325.7777,294.9593,294.3796,293.8069,288.9998,286.9678,316.2400,317.5890,307.6620,0.0000,312.8316,318.3657,295.5301,292.2800,330.6564,294.3420,294.2808,298.0909,302.2173,302.6664,289.6974,296.3808,319.6910,324.3552,298.5020,297.8643,290.9377,299.7488,325.3176,292.8670,314.5444,305.8486,295.4716,296.1683,288.0148,299.3522,299.9396,329.3955,299.9014,296.4045,296.4568,287.6416,286.1557,304.0405,321.4882,291.1757,301.8378,295.4472,296.2767,296.6675,302.9051,295.7348,297.4343,288.9723,286.5975,305.7902,287.0099,288.9816,287.0024,302.5652,304.0401,337.6217,337.6218,332.2922,290.3199,301.2058,283.5873,296.6879,293.6931,292.2643,291.7611,299.2011,0.0000,296.9646,289.4385,316.7632,316.3331,292.0161,291.5074,327.6966,298.0450,295.0497,320.0597,313.3588,295.3711,313.5783,354.2320,305.6519,342.0222,375.4006,361.8860,326.4624,322.7591,287.4075,315.2866,315.0395,308.8183,326.7366,307.4580,298.3922,306.6440,308.2279,358.7010,373.0526,305.1250,308.0836,309.4395,309.5378,308.3822,304.2967,309.3900,308.6755,310.3213,309.5651,309.4184,302.7697,294.9593,286.9752,291.7637,0.0000,292.9505,295.3562,292.9501,289.5518,289.8961,292.4561,296.2815,294.8373,328.0284,290.6122,293.5026,294.2626,293.6108,290.5879,297.9248,289.5159,293.6982,290.5864,306.8056,312.7826,325.0583,325.5145,328.9726,299.1234,307.3566,298.8071,303.8593,304.5664,292.2661,294.5830
21.0000,336.7973,289.9850,290.6267,289.7111,281.9481,300.8892,298.3545,326.7421,295.6725,330.1831,314.1550,326.7851,296.5613,303.8250,291.6925,287.4292,297.0563,297.4431,295.0410,287.6991,293.7756,289.5953,291.2032,291.7584,304.6605,308.9013,309.7277,307.9449,327.5811,289.3899,290.7608,291.2090,326.8157,335.9702,332.3358,320.0226,294.8975,317.1620,295.1746,337.9224,360.4213,314.6548,315.1601,362.4494,330.2109,301.2996,307.9360,306.7528,284.6050,322.1940,321.3165,312.8737,319.8051,303.1576,319.8614,314.9346,294.8049,318.3160,294.2400,282.0312,303.7868,304.0528,315.7019,315.8801,310.7923,304.5796,304.7524,310.2022,305.5540,306.6580,322.7370,307.1295,294.5288,303.8308,300.4609,284.0095,292.0926,328.1954,325.2819,313.7376,289.0752,298.2538,294.9965,295.1796,296.0125,296.5250,297.1003,296.5981,295.8967,326.3771,295.3202,294.7024,294.0703,289.1763,287.0036,316.9397,318.2879,308.2499,0.0000,313.2778,318.8307,295.8863,292.5335,332.1296,294.5551,294.4892,298.3627,302.5220,302.9893,290.0030,296.7960,321.1520,324.8873,299.0246,298.3339,291.4546,300.0078,326.5939,293.1085,314.6602,306.1652,295.8157,296.5282,287.9324,299.5255,300.4370,329.6483,300.1997,296.5585,296.6108,287.4959,286.3531,304.6656,322.1671,291.3373,302.5049,295.8019,296.6446,297.0396,303.0416,296.3059,297.9973,289.1749,286.7430,306.1109,287.2434,289.1833,287.2003,302.8528,304.3169,338.7943,338.7944,333.1926,290.4300,301.7439,283.1373,297.4590,294.1182,292.4932,291.9761,299.4978,0.0000,296.9124,289.6740,320.8448,318.8735,292.2379,291.6801,328.1217,298.5070,295.4129,333.8958,335.2591,295.5428,335.0433,381.4263,306.2241,343.7914,377.9397,364.2699,327.1695,323.4219,287.6867,317.0696,317.1055,309.8771,350.4284,307.6644,298.8613,307.2080,308.8739,360.9023,375.5473,305.7938,308.2876,309.7027,309.8034,308.6882,304.6037,309.6535,309.0532,310.7118,309.8300,309.6622,303.0553,295.3202,287.0109,291.9787,0.0000,293.4469,295.7032,293.4465,289.7617,290.1030,292.7081,296.4361,295.1448,328.7106,290.7610,293.6724,294.4730,293.8322,291.2083,298.3404,283.8845,293.9728,291.2056,307.4597,312.7826,325.6176,326.1039,329.7252,299.4200,307.5744,299.1030,304.1839,304.8679,292.4531,294.6689
22.0000,337.0279,290.0453,290.6994,289.7015,281.8861,300.7695,298.1771,326.7421,295.6827,330.4068,314.2295,326.9344,296.6498,302.9118,291.6641,287.3853,297.0704,297.4717,294.5950,287.9303,293.7082,289.4913,291.1129,291.7185,304.5268,308.7601,309.5997,307.3451,327.8760,289.4401,290.8292,291.3418,327.1662,336.1995,332.4866,320.1590,294.8898,317.0060,295.1122,338.1697,361.0137,314.6960,315.2331,363.0729,330.6405,301.1159,307.1687,305.9738,284.5797,318.6355,316.7655,312.6394,318.6297,302.4215,318.9702,314.6553,294.7827,316.1172,294.0817,282.0312,303.0273,303.2812,313.5911,314.0161,310.0127,303.8718,304.0914,309.3281,304.8543,306.0010,321.1569,306.8717,293.5229,303.0711,300.1182,284.0095,292.0396,328.5036,325.4953,313.5186,289.0752,298.3442,294.9883,295.1440,296.0488,296.5803,297.1052,296.6103,295.9110,326.4328,295.2982,294.6553,294.0429,289.1386,286.9832,316.9631,318.2617,307.6665,0.0000,313.3554,318.9615,295.8680,292.5030,332.3070,294.1387,294.0913,297.7961,301.8177,302.2549,289.9572,296.7864,319.3505,325.1051,299.0142,298.0068,291.3283,300.1863,326.6704,293.1145,314.3489,305.3667,295.7900,296.4715,287.9622,299.2700,299.9295,329.8602,299.5582,296.3188,296.3711,287.4878,286.3212,304.5318,322.1917,291.4167,302.0802,295.7865,296.6529,297.0739,302.8543,296.2171,297.8908,289.1059,286.6746,305.3140,287.2345,289.0733,287.1292,302.1703,303.6149,339.0189,339.0190,333.3517,290.4939,301.7170,283.6442,297.0693,293.9951,292.4647,291.9829,298.8667,0.0000,296.5207,289.6650,316.6051,316.1393,292.2456,291.6897,328.3351,298.4798,295.3914,319.8414,313.3588,295.1114,313.5668,356.8912,305.4840,344.0716,374.7089,365.2969,327.5214,323.4589,287.6425,315.0279,314.7800,308.4045,327.6572,306.9805,298.6694,307.0259,308.7303,361.3389,372.8508,305.6660,307.3787,308.9172,309.0242,307.8150,303.8018,308.8682,308.2129,309.8342,309.0486,308.8503,302.2807,295.2982,286.9904,291.9856,0.0000,293.4384,295.7136,293.4380,289.6904,290.0334,292.6816,296.4588,294.8386,329.0467,290.8293,293.0853,294.0535,293.3273,291.2802,297.9694,282.8560,293.9669,291.2766,307.3000,312.7826,325.8547,326.3598,330.1425,298.7894,306.7404,298.4723,303.5339,304.1726,292.6150,294.4999
23.0000,337.3141,290.0463,290.6974,289.6387,281.7200,300.5991,297.9584,326.7421,296.0274,330.2602,314.3999,326.4834,296.8954,302.9118,291.3587,287.2095,296.7153,297.2252,294.0471,287.7930,293.5818,289.4577,291.0473,291.5809,304.3488,308.5149,309.3575,307.3192,328.1575,289.4380,290.9407,291.4239,327.3373,336.4805,332.6891,320.1658,295.2515,316.8691,295.5384,338.4845,361.9196,314.4383,315.4424,364.0321,330.7697,300.4669,306.4875,305.2962,284.2332,318.3018,316.5417,311.9786,318.1737,302.3066,318.4451,314.0108,294.6547,315.8889,293.4529,287.9712,302.5645,302.8071,313.3069,313.7243,309.6580,303.4732,303.7271,308.8144,304.3373,305.4656,320.6772,306.1936,294.3769,302.6072,299.4368,284.0095,291.9209,328.7838,325.7872,313.3992,289.0752,298.1589,295.3501,295.5106,296.3905,296.9240,297.4748,296.9848,296.2665,326.3607,295.7293,295.1072,294.4749,289.3558,287.1193,316.7143,318.1216,307.6217,0.0000,313.5021,319.0197,296.3149,292.3505,332.4911,293.7349,293.7151,297.3939,301.3788,301.8045,290.2186,297.2186,318.9071,325.4084,299.4625,297.7332,291.3009,299.6869,326.6667,293.3297,313.7183,304.8073,296.2163,296.9183,287.9582,298.6223,300.1075,329.6648,299.1417,295.6809,295.7331,287.4405,285.4569,304.3538,322.0833,291.5322,302.1986,296.1665,297.0500,297.4853,302.2182,296.0564,297.7254,289.0074,286.5975,304.7534,286.8886,288.6372,286.6870,301.7510,303.2149,338.8730,338.8731,333.2532,290.5779,302.5043,283.2288,296.7987,293.6972,292.7401,292.1714,298.4530,0.0000,295.8649,289.6037,316.3807,315.9018,292.4378,291.8423,328.3867,299.1158,295.8246,319.6677,313.3588,294.5468,313.5577,357.1735,305.4228,344.5668,376.4394,365.2922,327.6824,323.3611,287.5314,314.7785,314.5158,308.0707,327.6860,306.6285,298.4472,306.7497,308.4865,362.3031,374.4621,305.4551,306.7107,308.2255,308.3287,307.1252,303.2356,308.1779,307.6843,309.3134,308.3534,308.1656,301.7536,295.7293,287.1265,292.1740,0.0000,292.8498,296.0592,292.8493,289.5889,289.9269,293.0275,296.2837,294.2595,329.2943,290.9408,292.3722,293.6467,292.7374,290.5780,298.2409,284.9893,293.6848,290.5748,307.1399,312.7826,326.1495,326.6666,330.2767,298.3761,306.0932,298.0575,303.1221,303.7713,292.5505,293.8674
24.0000,338.7638,290.2779,290.9516,289.8215,281.8557,301.1939,298.4271,326.7421,296.1547,331.8729,314.7751,327.8726,296.8489,302.9118,291.3159,287.2253,296.5645,297.1518,294.3074,288.1297,293.8827,289.6557,291.2861,291.8027,305.0616,309.3345,310.2316,307.6267,332.3483,289.6532,291.1052,291.6119,335.6983,338.1038,334.1923,321.1593,295.3612,318.4009,295.5651,339.9228,363.1204,314.5951,315.5366,365.2116,339.1245,301.0382,307.7171,306.5516,284.2332,321.2358,319.7809,312.9908,319.8067,303.2246,320.1658,315.1362,294.6498,318.9301,294.0888,288.6487,303.6022,303.8689,316.0034,316.5601,310.8243,304.4480,304.6842,309.8725,305.3453,306.4347,323.0591,307.1912,295.1206,303.6454,300.0311,284.0509,291.8916,333.0077,328.1611,314.1953,289.0752,298.0808,295.4612,295.6213,296.5509,297.1106,297.6135,297.1120,296.4193,326.4269,295.7692,295.1207,294.4803,289.4055,287.1663,316.7302,318.0638,307.9650,0.0000,314.0501,320.0790,296.3310,292.5863,334.0423,294.0849,294.0810,298.1008,302.3430,302.8044,290.2328,297.2856,321.2300,327.8936,299.5741,298.0230,291.5315,299.5337,328.0654,293.4246,314.8808,305.9147,296.2829,296.9959,288.1074,299.2492,300.0459,331.2420,300.0066,296.3308,296.3831,287.4731,285.4569,305.0616,321.9170,291.7059,301.8493,296.2654,297.1621,297.6028,302.7544,296.6365,298.3119,289.0896,286.6585,305.8565,287.1944,288.7401,286.7429,302.6819,304.1782,338.9260,338.9261,333.3046,290.7547,302.3724,282.7870,297.0776,293.7456,292.7839,292.2551,299.3088,0.0000,296.0645,289.7857,319.6956,319.4184,292.5147,291.8952,330.4538,299.0681,295.8648,321.1834,313.3588,294.7961,313.6371,357.9866,305.6414,346.2630,378.4136,365.6490,335.6418,323.2181,287.5470,317.7928,317.4536,309.9265,328.0450,307.6722,298.9073,307.4149,309.3001,364.2137,376.4455,306.1827,308.0542,309.4592,309.5628,308.3257,304.3248,309.4105,308.7663,310.3763,309.5879,309.4124,302.8564,295.7692,287.1736,292.2577,0.0000,292.4294,296.1866,292.4289,289.6657,290.0072,293.0621,296.2530,294.2933,334.8381,291.1053,292.5786,293.9929,293.0194,289.8915,298.2578,285.6013,293.6299,289.8886,307.8781,319.4184,329.0619,329.9889,338.5684,299.2327,307.3914,298.9096,304.0258,304.7409,292.6807,294.4955
25.0000,336.1579,290.1658,290.8637,289.3806,281.3374,300.3021,297.7288,326.9184,295.7518,331.9553,315.3097,327.7658,296.2718,302.9118,291.0668,287.1057,295.8461,296.6237,293.4573,287.9383,293.2267,288.6651,290.3675,291.3600,304.0708,308.3845,309.2641,307.4657,332.7952,289.5317,290.8669,291.4213,335.8673,335.5956,331.8154,321.5200,294.9535,316.6541,295.1388,337.2620,359.3302,315.0130,316.2664,361.3195,339.2539,300.1498,306.5349,305.3997,284.2332,318.0217,316.2874,311.5796,317.8291,302.0155,317.9647,313.6074,294.2187,315.5304,293.2258,287.3981,302.3994,302.6714,313.0301,313.4512,309.4444,303.2512,303.4974,308.6982,304.0921,305.1336,320.4805,305.9545,293.8576,302.4424,299.2958,284.0095,291.6135,333.4871,328.5658,313.3597,289.0752,297.5449,295.0532,295.2072,296.1408,296.6915,297.2146,296.7038,296.0012,326.8448,295.3251,294.6789,294.0841,289.0696,286.9350,317.1086,318.3769,307.7767,0.0000,314.4492,320.4888,295.8736,292.1937,331.7796,293.3099,293.3424,297.1328,301.1969,301.6276,289.8905,296.8293,318.7011,328.3253,299.0375,297.3565,290.6522,298.3560,326.2947,293.0699,313.2902,304.7116,295.8496,296.5458,288.0078,298.3619,299.8975,331.2941,298.9395,295.4443,295.4965,287.3387,285.4569,304.0767,322.4317,291.4686,301.8731,295.8381,296.7443,297.1766,301.8099,295.7010,297.4046,288.8520,286.5975,304.6539,286.6335,288.5271,286.6316,301.5492,302.9912,339.4728,339.4729,333.7794,290.5446,301.7899,282.7247,296.8122,293.4859,292.4393,291.9128,298.2516,0.0000,295.2190,289.3449,316.1364,315.6814,292.1585,291.5446,330.6807,298.5500,295.4199,319.1421,313.3588,293.9425,313.5302,355.6839,305.5553,343.4826,374.6669,365.8013,335.7819,323.7452,287.3946,314.4711,314.2329,307.8478,327.3869,306.4109,298.1956,306.5751,308.3517,360.9926,372.7721,305.1325,306.8828,308.2585,308.3607,307.1212,303.1172,308.2100,307.5757,309.2002,308.3860,308.2096,301.6653,295.3251,286.9423,291.9156,0.0000,291.3602,295.7836,291.3598,289.4035,289.7610,292.6836,295.7414,293.3419,335.1956,290.8669,291.6525,293.2137,292.1751,288.6209,297.9867,284.4124,293.2706,288.6181,306.9345,312.7826,329.4949,330.4341,338.6994,298.1771,306.1751,297.8516,302.9026,303.5634,292.2486,293.6414
26.0000,332.2321,290.3175,291.0227,289.1976,281.1140,296.3473,293.8222,326.7421,295.7236,331.1929,314.7152,327.0163,296.0956,302.9118,291.0207,287.0950,295.4417,296.3530,293.1893,287.9098,291.9734,288.1242,289.6906,290.6991,299.0778,302.9622,303.7335,306.7343,331.9901,289.6853,290.9086,291.4593,334.9831,331.5274,327.9145,320.8171,294.9240,313.2532,295.1178,333.3281,355.2361,313.8092,315.6130,357.2109,338.3019,299.8359,306.0204,304.8792,284.2332,317.8271,316.1506,311.0425,317.5286,301.8561,317.5603,313.0354,294.1874,315.2427,292.9196,287.8798,302.0963,302.3656,312.7632,313.1743,309.1569,302.9842,303.2329,308.2872,303.7747,304.8208,320.2394,305.6710,294.1429,302.1395,299.1126,284.3977,291.6681,332.6755,327.8176,310.7227,289.0752,297.1416,295.0230,295.1744,296.1181,296.6713,297.1916,296.6765,295.9753,325.9625,295.3575,294.6638,294.0893,289.1402,287.1167,315.6928,316.7913,307.0528,0.0000,313.8964,319.8218,295.8235,291.4696,327.4119,293.1153,293.1740,296.9003,300.9109,301.3318,289.8768,296.8658,318.4617,327.5776,299.0829,293.7302,289.1643,298.1147,321.3053,293.0495,312.7135,304.3150,295.8212,296.4973,288.2431,298.0774,299.8651,330.5335,298.6764,295.1561,295.2082,287.6080,285.4569,287.9822,321.1164,291.5118,301.7511,295.8024,296.7159,297.1437,301.4706,292.0374,293.6357,289.3105,288.1274,304.2492,286.6332,288.5894,286.6648,301.2797,302.7250,338.2891,338.2892,332.7012,290.6133,301.7370,283.3037,296.8049,293.5479,292.4798,291.8945,297.9897,0.0000,294.9719,289.1720,315.9977,315.5128,292.1344,291.5001,329.8983,298.5501,295.4511,319.1898,313.3588,293.6765,313.5327,352.3968,305.1537,339.3068,369.5321,363.6730,334.9007,322.5405,287.3834,314.2025,313.9832,307.5624,326.1033,306.1268,294.3338,301.8877,302.9524,356.4325,367.7187,300.1365,306.5771,307.7381,307.8356,306.6545,302.7040,307.6910,307.1540,308.7885,307.8622,307.6856,301.2863,295.3575,287.1241,291.8972,0.0000,290.8376,295.7553,290.8372,289.6768,289.9737,292.7164,295.6086,292.9888,334.3535,290.9087,291.3418,293.0155,291.8732,287.9913,297.9732,284.9154,293.1357,287.9880,302.6573,312.7826,328.7324,329.6589,337.7588,297.9165,305.8943,297.5876,302.5965,303.2914,292.1759,293.3428
27.0000,332.9952,290.5516,291.2502,289.4906,281.4760,296.4534,293.9084,326.2181,295.9221,330.4547,314.4614,326.1619,296.4300,303.5735,290.8719,287.0985,295.2508,296.2046,293.3025,288.1619,292.1310,288.3143,289.8417,290.8771,299.2104,303.1053,303.8958,307.1656,331.5753,289.9260,291.1375,291.6691,334.5518,332.1474,328.5134,320.4450,295.1213,313.5054,295.3233,334.1317,356.8741,313.6410,315.3204,358.9242,337.8435,299.8098,305.8682,304.6463,284.2332,318.0008,316.2874,310.8480,317.9118,302.3129,317.4685,312.8133,294.1627,315.4025,292.8419,289.5007,302.2584,302.4907,312.9098,313.3093,309.4776,303.2328,303.5245,308.3817,304.0608,305.2354,320.4406,305.9000,295.2329,302.3015,299.1171,284.6711,291.7103,332.2668,327.3690,310.9179,289.7368,296.9485,295.2198,295.3705,296.3023,296.8425,297.3881,296.8647,296.1568,325.5905,295.4710,294.8533,294.2581,289.3242,287.3308,315.6070,316.6918,307.4834,0.0000,313.6621,319.4784,296.0218,291.6380,327.9095,293.2783,293.3470,297.1176,301.1014,301.5104,290.0095,296.9545,318.6652,327.1501,299.1712,293.7827,289.5241,298.6618,321.5669,293.3173,312.5218,304.3639,295.9940,296.6510,288.5042,298.0472,300.3570,329.7766,298.9026,295.1056,295.1577,287.8038,286.1185,288.1099,320.8997,291.7272,302.3885,296.0012,296.8947,297.3074,301.4736,292.0165,293.6528,289.5058,288.1575,304.2986,287.0388,288.9480,286.9154,301.4849,302.9710,337.8386,337.8387,332.2740,290.8451,301.6833,283.6511,296.0715,293.1654,292.6763,292.1791,298.2380,0.0000,294.9551,289.4677,316.1318,315.6446,292.4208,291.8316,329.3243,298.5660,295.5633,319.4168,313.3588,293.7626,313.5446,350.0754,305.6876,340.0442,370.8293,362.7933,334.4673,322.2813,287.4059,314.3511,314.1293,307.7209,325.0514,306.4317,294.4305,302.0098,303.0969,357.4608,368.9657,300.2669,306.3971,307.6058,307.7043,306.6007,302.7438,307.5601,307.2343,308.8832,307.7296,307.4673,301.3288,295.4710,287.3381,292.1819,0.0000,290.6445,295.9535,290.6440,289.9153,290.2169,292.8788,295.5240,293.0138,333.9157,291.1376,291.4419,293.1742,292.0252,287.7304,298.3440,286.4290,292.9870,287.7279,302.8090,312.7826,328.3061,329.2420,337.3043,298.1671,305.7146,297.8341,302.8395,303.5353,292.4847,293.2727
28.0000,333.0360,290.1007,290.7912,289.2065,281.2477,296.4463,293.7707,325.8084,295.4971,329.8420,313.9999,325.5397,296.1284,302.9118,290.6000,287.0114,294.5865,295.6436,293.1012,287.6944,292.2709,289.1818,290.5359,290.8021,299.1729,302.9170,303.6872,306.6104,330.8869,289.4781,290.7124,291.2454,333.8216,332.0479,328.4775,319.9427,294.6980,313.3080,294.9010,334.1927,357.3550,313.2893,314.8716,359.4430,337.0704,300.0945,306.4646,305.2661,284.2332,318.2142,316.4397,311.2636,318.2240,302.7598,317.8005,313.2357,293.6169,315.6659,293.1277,291.3529,302.5231,302.7762,313.1512,313.5516,309.7530,303.4382,303.7675,308.6769,304.3355,305.4846,320.6203,306.2449,296.4441,302.5679,299.3412,284.1594,291.1998,331.5619,326.7561,310.6325,289.0752,296.3539,294.7963,294.9463,295.8741,296.4120,296.9602,296.4402,295.7292,325.1773,295.0771,294.4379,293.8586,288.9297,286.8945,315.2772,316.3484,306.9089,0.0000,313.1977,318.9752,295.6218,291.5223,327.7765,293.0894,293.1724,297.1963,301.3428,301.7594,289.6956,296.5657,318.8607,326.5400,298.7979,293.7494,290.0655,298.5072,321.3703,292.8932,312.9546,304.7457,295.5783,296.2348,288.0321,298.3204,299.8118,329.1627,299.1076,295.3821,295.4342,287.2880,285.4569,288.0739,320.5195,291.3029,301.8752,295.5806,296.4731,296.8879,301.7667,292.0183,293.6513,289.2432,288.0625,304.6825,286.7524,288.5508,286.6448,301.6953,303.1701,337.5848,337.5849,331.9514,290.4145,301.2899,283.5739,295.5935,292.7914,292.2832,291.7559,298.4485,0.0000,294.8312,289.1788,316.2824,315.8061,292.0048,291.4264,328.6987,298.1646,295.1694,319.5825,313.3588,293.5983,313.5533,350.5222,305.0840,340.0135,371.1170,362.8862,333.7381,321.8904,287.2854,314.5940,314.3582,307.9801,325.2672,306.6859,294.3214,301.8589,302.9095,357.6392,369.2392,300.2588,306.9340,308.2056,308.3011,307.1423,303.1183,308.1580,307.5611,309.1788,308.3283,308.1646,301.6829,295.0771,286.9018,291.7587,0.0000,289.9419,295.5285,289.9415,289.5926,289.8757,292.4831,294.9678,292.6834,333.2050,290.7126,291.2383,292.9806,291.8200,286.8969,297.8349,288.2318,292.6009,286.8944,302.6965,312.7826,327.6761,328.5924,336.5382,298.3798,306.2465,298.0450,303.0690,303.7395,292.1190,293.5543
29.0000,339.3252,291.6621,292.3556,290.5984,282.5242,302.0120,299.2852,327.6495,297.0839,332.4309,316.4624,328.1300,297.8758,305.1138,291.4164,287.7732,295.7868,296.8319,294.2141,289.1062,294.6837,290.1835,291.8927,292.6831,305.8762,310.3244,311.2410,309.4266,333.6208,291.0316,292.1949,292.7735,336.5843,338.4943,334.6483,322.4931,296.3032,318.6869,296.5302,340.5097,364.2339,316.4663,317.4309,366.3725,339.9145,301.6072,308.0223,306.8374,284.7136,319.0415,317.0644,313.1144,319.5487,303.7209,319.5196,315.1325,294.9411,316.6297,294.5950,283.0095,303.8934,304.1578,314.1562,314.5503,311.0847,304.7607,305.0502,310.2264,305.7052,306.8360,321.8045,307.7265,296.1567,303.9388,300.6332,285.6166,292.4943,334.3176,329.3791,315.2161,289.0752,297.5524,296.4051,296.5542,297.4601,298.0104,298.5676,298.0522,297.3338,327.7421,296.6793,296.0348,295.3927,290.3760,288.3414,318.6351,319.8362,309.7118,0.0000,315.5782,321.4899,297.3253,293.5119,334.4533,294.2450,294.3422,298.4950,302.6972,303.1222,291.0308,298.2159,319.9968,329.1707,300.5291,298.8695,292.1089,300.9314,328.5370,294.2590,314.8509,306.2068,297.2010,297.8761,289.5650,299.7689,301.8081,331.7522,300.4610,296.8233,296.8757,288.7018,286.1508,305.8834,323.6032,292.8052,304.0835,297.2243,298.0981,298.5374,303.3294,297.4300,299.1173,290.4811,289.1449,306.1463,287.8364,289.5140,287.4003,303.0188,304.4920,339.7248,339.7249,334.2718,291.9141,303.0551,283.9909,296.5506,293.6543,293.7251,293.0625,299.8215,0.0000,295.9140,290.5605,316.9113,316.5135,293.3391,292.7501,331.3255,299.8442,296.7746,319.9208,313.3588,294.6739,313.5710,352.8686,307.6246,346.6536,374.9284,364.7559,336.4958,324.8301,288.1315,315.5475,315.2876,309.2021,326.1761,308.0039,299.7641,308.3610,310.2896,364.6820,373.5044,307.0228,308.3822,309.7671,309.8669,308.6753,304.5731,309.7183,309.0923,310.7327,309.8934,309.7071,303.1162,296.6793,288.3488,293.0652,0.0000,291.1206,297.1161,291.1202,290.8123,291.0666,294.0043,296.2467,293.8062,335.9737,292.1949,292.3675,294.1313,292.8932,288.0822,299.6722,286.0750,293.5642,288.0799,308.7558,312.7826,330.3325,331.2744,339.3685,299.7541,307.6852,299.4181,304.4683,305.1016,293.8043,295.0118
30.0000,333.4437,290.5072,291.1909,289.3324,281.4222,296.4328,293.8200,326.7421,295.8603,330.8404,314.5764,326.4577,296.4505,301.9969,290.9790,287.1220,295.1776,296.2303,293.7147,288.1321,292.0277,287.9931,289.6140,290.7829,299.2134,303.2812,304.1195,306.1234,331.6185,289.8842,291.1091,291.7200,334.5995,332.5058,328.8237,320.6727,295.0616,313.4151,295.2166,334.6138,358.0532,313.8779,315.4445,360.1661,337.9396,301.3333,307.9426,306.7361,284.2332,319.0130,317.0589,312.8672,319.5902,304.0395,319.3468,314.8691,294.1785,316.5927,294.3225,285.4650,303.7912,304.0472,314.1194,314.5141,311.1519,304.6878,305.0411,310.0467,305.6617,306.8367,321.7256,307.8009,297.7586,303.8306,300.3226,284.6030,291.7631,332.2877,327.5257,310.6863,288.8465,296.9953,295.1630,295.3411,296.2471,296.8002,297.3035,296.8071,296.1223,325.9826,295.5195,294.7783,294.2072,289.3123,287.2971,315.8069,316.8274,306.4664,0.0000,313.7758,319.6635,296.0256,291.5715,328.2705,293.6968,293.7921,298.2588,302.6019,303.0202,289.9652,297.0356,319.9442,327.2900,299.2965,293.6117,289.1164,301.7883,321.9353,293.1734,314.5692,306.1041,295.9547,296.6187,288.4692,299.4924,299.4556,330.1485,300.3694,296.5497,296.6021,287.7735,285.4569,288.1129,321.1641,291.7158,301.5293,295.9747,296.8509,297.2988,303.0731,292.0299,293.6418,289.3571,288.0097,306.0460,286.7207,288.7320,286.7404,302.9085,304.4092,338.6753,338.6754,332.8898,290.8133,301.9062,283.3281,296.4835,293.3730,292.6031,292.0132,299.7577,0.0000,295.5803,289.3077,316.9032,316.4959,292.2679,291.6294,329.5910,298.7016,295.6145,319.9793,313.3588,294.2357,313.5741,355.3392,304.4016,340.3212,370.9573,365.2326,334.5039,322.5852,287.4195,315.5091,315.2569,309.1411,327.1954,308.0243,294.3381,302.0627,303.2680,357.2197,369.0560,300.3534,308.2140,309.6919,309.7910,308.5748,304.4823,309.6429,308.9421,310.5527,309.8177,309.6379,303.0425,295.5195,287.3044,292.0159,0.0000,290.4817,295.8919,290.4813,289.7631,290.0714,292.8649,295.5526,293.2514,333.9285,291.1090,291.8611,293.5798,292.3959,287.4037,297.7036,288.6225,293.0620,287.4015,302.7408,312.7826,328.4232,329.3298,337.3909,299.6938,307.5157,299.3614,304.4141,305.0385,293.0397,294.7370
31.0000,333.5771,290.2206,290.8914,289.1561,281.2482,296.3357,293.6654,324.8292,295.6553,328.0399,312.9583,323.9772,296.4020,302.9118,291.2391,287.1029,295.3280,296.3057,294.2651,287.8647,291.8398,287.8016,289.4213,290.5743,299.1123,303.2354,304.1124,306.4362,326.6791,289.6078,290.8725,291.4769,326.3479,332.6137,328.9081,318.5731,294.8597,313.2788,295.0326,334.7577,358.4150,312.6710,313.8904,360.5475,329.7127,301.9627,309.6596,308.3851,284.2332,322.8175,321.1994,313.7403,321.6045,305.9249,321.3784,315.8365,294.1386,320.5941,294.9359,289.4481,305.5064,305.7572,317.7053,318.2678,312.2316,306.2587,306.6140,311.8233,307.5552,308.8678,324.8073,309.9474,300.8511,305.5505,301.0063,284.3318,291.6088,327.3341,323.9761,310.4664,288.8465,297.0522,294.9604,295.1090,296.0505,296.6108,297.0699,296.5863,295.9136,324.3237,295.2160,294.5546,293.9104,289.1097,287.0702,314.7023,315.8693,306.7597,0.0000,312.1521,317.5011,295.8245,291.3816,328.3735,294.2836,294.3797,299.5112,304.2387,304.7062,289.8044,296.7157,322.9861,323.6596,298.9444,293.3274,288.9319,300.9409,322.0426,292.9718,315.5781,307.8447,295.7312,296.4043,288.1923,300.1688,299.8903,327.3991,301.9214,297.2184,297.2709,287.5335,285.4569,288.0209,319.9151,291.4809,302.0353,295.7761,296.6278,297.0806,303.7124,292.0518,293.6240,288.7876,286.5975,307.7802,286.6332,288.7091,286.7289,304.4433,305.9654,336.7715,336.7716,331.0962,290.5671,301.5481,282.6513,297.0912,293.6937,292.3407,291.8128,301.3470,0.0000,296.0128,289.1324,321.1374,320.9905,292.0714,291.4870,326.3565,298.3561,295.3108,321.7769,313.3588,294.7407,313.6680,357.0117,304.9869,340.5355,374.8922,363.5597,326.5894,321.2267,287.3794,319.4724,319.1145,311.7708,327.7430,309.4392,294.1747,301.9567,303.2207,357.9116,372.5477,300.2501,309.9483,311.4299,311.5315,310.2902,306.2383,311.3805,310.6970,312.3322,311.5577,311.3698,304.7970,295.2161,287.0776,291.8155,0.0000,290.8145,295.6865,290.8141,289.3868,289.7738,292.6022,295.5593,293.7674,327.9555,290.8724,292.4448,294.1627,292.9501,287.7670,297.9182,292.7989,293.2491,287.7648,302.6040,320.9905,324.4660,325.0485,329.2139,301.2881,309.2583,300.9600,306.0132,306.6170,292.7233,295.3534
32.0000,333.3068,290.2522,290.9179,289.1553,281.2706,296.2729,293.6766,324.7518,295.6502,327.9175,312.8765,323.8450,296.3376,302.9118,291.3788,287.0965,295.6949,296.5794,294.8512,287.7407,291.7168,287.4154,289.0951,290.5316,299.0333,303.1901,304.0678,306.4174,326.5544,289.6440,290.8910,291.4813,326.3479,332.4255,328.7006,318.4625,294.8632,313.1653,295.0674,334.4722,357.8126,312.6028,313.7960,359.9166,329.7372,302.5719,310.9921,309.6770,284.2332,323.5495,322.4415,314.5277,321.4904,307.4913,321.7271,316.6666,294.3550,320.0776,295.5406,294.3632,306.7713,307.0309,317.6187,317.7585,312.2316,307.3203,307.6935,313.1156,308.9880,310.4064,324.5347,311.8679,304.3101,306.8229,301.5178,284.4028,291.7209,327.1953,323.8519,310.3906,288.8465,297.3535,294.9640,295.1319,296.0178,296.5572,297.0771,296.5879,295.8943,324.2876,295.2670,294.5942,293.9491,289.1989,287.1528,314.6520,315.8115,306.7764,0.0000,312.0738,317.3970,295.8909,291.3560,328.1970,294.8498,294.9423,300.5540,305.4834,305.9781,289.8302,296.7565,323.0780,323.5369,298.9884,293.3442,288.6719,301.0090,321.8818,292.9876,316.4244,309.1753,295.7597,296.4440,288.2436,300.7536,299.9158,327.2752,303.1769,297.8056,297.8582,287.6300,285.4569,287.9470,319.8712,291.4984,302.0988,295.7954,296.6352,297.0765,304.3355,292.0732,293.6064,288.8322,286.5975,309.1019,286.6332,288.8278,286.7916,305.5565,307.0270,336.8396,336.8397,331.1237,290.5900,301.5456,282.5243,297.4767,293.9311,292.3863,291.8338,302.6780,0.0000,296.7333,289.1324,321.9775,320.1466,292.0882,291.4932,326.2087,298.3878,295.3612,334.3484,336.0067,295.3517,335.7749,382.5190,304.9754,340.4216,375.1810,363.1790,326.5775,321.1861,287.3778,318.8383,318.8440,312.3772,351.3854,310.1591,294.1764,301.9354,303.1768,357.9615,372.7978,300.1363,311.2719,312.7635,312.8645,311.6060,307.6321,312.7137,312.0073,313.6266,312.8895,312.7176,306.3191,295.2670,287.1602,291.8365,0.0000,291.3170,295.6815,291.3166,289.4503,289.8412,292.6585,295.8024,294.3208,327.8629,290.8910,293.0926,294.7251,293.5049,288.3184,297.9402,297.7674,293.4418,288.3154,302.5260,312.7826,324.3425,324.9259,329.2326,302.6275,310.5892,302.3069,307.2073,307.7171,292.6868,295.9520
33.0000,331.9315,289.9148,290.5478,289.1778,281.4597,296.1139,293.4966,323.8414,295.6720,326.7761,312.1992,322.7556,295.9722,301.6063,290.9240,287.1388,295.1333,296.0603,294.5708,287.4646,291.8461,288.1156,289.6906,290.5427,298.7357,302.6885,303.5193,305.1914,325.7334,289.3229,290.7508,291.3272,326.3479,331.0206,327.4467,317.5847,294.8890,312.3446,295.0976,333.0651,355.7529,311.5548,313.1206,357.7981,329.6694,302.1602,310.8843,309.5624,284.2332,320.0138,317.8816,314.0350,320.8052,307.6426,320.7952,316.1522,293.8894,318.0435,295.2216,297.8539,306.4581,306.7704,315.7196,316.0975,312.2316,306.8823,307.4034,312.8730,308.8103,310.2778,323.1146,311.6208,306.2299,306.5076,301.0943,284.0095,291.3839,326.3300,322.8663,309.5116,288.8465,296.8031,294.9905,295.2004,296.0514,296.6006,297.0688,296.6077,295.9502,323.2900,295.3027,294.6821,294.0431,289.1064,286.9549,313.5855,314.8007,305.4909,0.0000,311.4136,316.5505,295.8565,291.2879,326.9641,294.5764,294.6610,299.9562,305.1631,305.6576,289.9037,296.7598,321.4397,322.5856,298.9763,293.2846,288.8637,302.0094,320.9821,292.9985,315.8811,309.0320,295.8237,296.5223,287.8852,300.3218,299.1783,326.1414,302.4171,297.4069,297.4594,287.2433,285.4569,287.6608,318.8452,291.3512,301.2189,295.8208,296.6711,297.1334,303.8506,292.1151,293.5721,288.8323,286.5975,308.9367,286.6332,288.7667,286.7583,305.2274,306.5850,335.6959,335.6960,330.0592,290.4060,301.7399,282.9377,296.6928,293.3928,292.3981,291.8450,302.1597,0.0000,296.4752,289.1549,317.7401,317.4830,292.0862,291.4120,325.1032,298.5377,295.3972,319.9988,313.3588,295.0697,313.5751,355.5250,303.6444,338.8000,372.6317,361.6796,326.4882,320.1626,287.4248,316.9751,316.6854,311.2832,327.2513,309.9541,294.0011,301.5732,302.6790,355.8433,370.3188,299.8366,311.1878,312.6650,312.7596,311.4636,307.6359,312.6141,311.7931,313.3805,312.7875,312.6142,306.8590,295.3027,286.9622,291.8476,0.0000,290.8102,295.7032,290.8099,289.4457,289.8153,292.6618,295.3085,293.9723,327.2607,290.7508,292.8522,294.4518,293.2315,287.7893,297.4849,301.4427,292.9616,287.7870,302.0518,312.7826,323.4227,324.0356,329.1613,302.1279,310.4743,301.8598,306.7100,307.2640,292.6532,295.6238
34.0000,331.6919,289.9893,290.6105,289.3537,281.6781,296.1696,293.5511,323.9554,295.9840,326.7516,312.2917,322.7735,295.9817,301.8318,290.7241,287.2067,295.0602,295.6159,296.6706,287.6920,291.9215,288.0921,289.6906,290.6528,298.8031,302.8760,303.7431,305.0352,325.6814,289.4012,290.9350,291.5116,326.3479,330.8030,327.2730,317.6158,295.2086,312.3802,295.4328,332.8082,355.1371,311.7127,313.2058,357.1500,329.6631,304.2469,316.1349,314.8210,284.2332,322.0468,319.5335,316.4038,322.1204,311.9215,323.4032,318.5647,293.5568,320.6505,297.2638,304.7966,311.0779,311.4463,318.6058,318.9785,312.2316,310.7447,311.1816,318.0147,313.5749,315.0658,325.7933,316.5765,312.4430,311.1370,302.9008,284.0095,291.1183,326.2609,322.8541,309.5304,288.8465,296.3219,295.3110,295.5346,296.3608,296.9117,297.3866,296.9272,296.2728,323.4523,295.6722,295.0209,294.3406,289.4813,287.1918,313.7342,314.9256,304.6975,0.0000,311.5050,316.5904,296.2279,291.3888,326.8262,296.7627,296.8096,303.7893,309.6632,310.2485,290.1593,297.1194,324.2520,322.5716,299.3532,293.2834,288.8995,302.7651,321.0305,293.2604,318.2881,314.2306,296.1551,296.8678,287.9345,302.3106,299.3946,326.1238,306.9899,299.3899,299.4427,287.1485,285.4569,287.7342,319.0098,291.5400,301.2033,296.1572,296.9957,297.4617,305.9884,292.0996,293.5848,289.0760,286.5975,314.1475,286.7448,289.2509,287.0140,309.2753,310.4475,335.9427,335.9428,330.2818,290.5646,302.1776,283.0829,296.4077,293.1771,292.6920,292.0880,307.0092,0.0000,298.5631,289.3321,319.4083,319.3393,292.3218,291.5869,325.0710,298.9697,295.7671,320.6929,313.3588,297.1725,313.6114,355.6567,303.6466,338.3701,371.3487,361.4903,326.4821,320.3325,287.5203,319.6264,319.2776,315.0576,327.3490,312.5011,294.0604,301.7373,302.8642,355.0138,369.1142,299.8985,316.0703,317.9477,318.0489,316.7596,313.3884,317.8928,316.9878,318.5370,318.0765,317.8521,312.4450,295.6722,287.1991,292.0906,0.0000,291.4477,296.0155,291.4475,289.7626,290.1423,292.9935,294.9094,295.6033,327.2108,290.9349,295.0034,296.6377,295.3629,288.4624,297.7802,309.0821,292.6649,288.4600,302.1044,312.7826,323.3990,324.0038,329.1551,306.9961,315.2961,306.8344,311.1208,311.3169,292.9127,297.6528
35.0000,330.8032,289.9910,290.6189,289.3375,281.7150,296.1817,293.6153,323.9406,295.8611,326.9491,312.4914,323.0835,295.8190,302.0759,287.1208,287.1804,291.2419,291.2132,296.4451,287.7252,291.9132,288.1333,289.6906,290.6444,298.8162,302.9624,303.8209,305.3790,326.0127,289.4014,290.9642,291.5769,326.3479,329.8867,326.5323,317.9436,295.0544,312.3326,295.1641,331.8839,353.4809,311.6702,313.4480,355.4277,329.6697,304.8600,317.4271,316.1600,284.2332,322.5753,320.0201,317.4754,322.2926,312.7872,324.3746,319.6547,290.6514,321.4580,297.9198,308.8999,311.8780,312.2976,319.3760,319.7940,312.2316,311.1975,311.6829,319.3512,314.4366,315.9041,326.3283,317.2396,314.6761,311.9380,303.3476,283.9927,288.9089,326.6080,323.2411,309.5730,290.1503,291.8819,295.1570,295.3714,296.2534,296.8100,297.2479,296.7770,296.1412,323.3608,295.3038,294.7156,294.0510,289.3474,287.1001,313.5717,314.8670,305.0880,0.0000,311.6998,316.9140,295.9163,291.3942,326.1721,296.7565,296.8319,303.8735,310.3573,311.0037,289.9398,296.7241,324.8312,322.9649,298.8223,293.3478,289.0770,302.4026,320.8883,293.2782,319.2830,315.5704,295.9221,296.6637,287.9191,302.9075,299.4179,326.3388,307.0989,300.0106,300.0635,286.3825,285.4569,287.7475,318.9478,291.5703,301.2712,295.9694,296.8162,297.2722,306.6075,292.0940,293.5894,289.0192,286.5975,315.5016,286.6332,289.2643,287.0255,309.8751,310.8892,334.5634,334.5635,329.5051,290.5868,301.5747,283.6051,292.2017,289.4429,292.5341,292.1343,307.3434,0.0000,298.4376,289.3157,319.8892,319.8418,292.3533,291.6786,325.3456,298.4528,295.3976,321.0590,313.3588,296.9645,313.6306,358.5617,304.0305,336.6931,365.8225,359.4512,326.5144,320.2651,287.4655,320.3854,320.0021,315.8300,328.2851,312.8824,294.1306,301.8592,302.9516,351.6308,363.9422,299.9035,317.0917,319.2281,319.3224,318.1458,315.3036,319.1706,318.4013,319.8825,319.3530,319.0934,313.9951,295.3038,287.1075,292.1371,0.0000,288.7985,295.8918,288.7985,289.6917,290.0941,292.7560,291.3362,294.6075,327.4267,290.9641,294.8093,296.6314,295.1283,285.8697,297.6981,312.6309,288.7451,285.8679,302.1264,312.7826,323.7753,324.3722,329.1658,307.3407,316.2866,307.2920,311.5153,311.7538,292.8616,298.2927
36.0000,330.6035,289.4677,290.0191,289.2861,281.5898,295.9568,293.5374,322.7112,295.6956,325.5361,311.3762,321.7485,295.3740,301.5150,287.0162,287.2881,290.7206,290.4255,297.1883,286.4273,291.5403,287.3079,288.9174,290.4322,298.5290,302.7631,303.6236,304.6686,324.9243,289.0359,290.7190,291.2314,326.3479,329.6428,326.2687,316.8871,294.8794,311.8353,294.9897,331.7019,353.6646,310.6664,312.1604,355.6444,329.6288,304.7951,319.3000,318.0964,284.2332,323.7057,321.0184,315.1468,322.7361,314.4614,324.9656,318.1308,289.9949,323.2513,297.6588,312.1630,313.5295,313.9779,321.0230,321.5478,312.2316,312.6147,313.1387,321.1989,316.0367,317.4349,327.3810,319.0994,317.2296,313.5909,303.5730,283.7492,288.6594,325.4025,322.1280,308.9615,290.0153,290.8327,294.9798,295.1750,296.1006,296.6622,297.1022,296.6252,295.9711,322.2217,295.5230,294.5610,293.9315,289.3155,286.9945,312.6036,313.9406,304.2797,0.0000,310.8192,315.7701,295.7313,291.1695,326.1389,297.5059,297.5639,305.1962,311.9504,312.6388,289.8649,296.9562,325.9733,321.8192,299.1833,293.2692,288.7530,300.5542,321.2767,293.1228,317.9861,317.4074,295.7760,296.5085,287.5881,302.8578,298.9940,324.9364,308.6786,299.8677,299.9206,286.6109,285.4569,287.4702,317.8991,291.3435,300.6984,295.7794,296.6689,297.1267,306.8099,292.1735,293.5244,289.0094,286.5975,317.3421,286.6332,289.4033,287.1006,311.3262,312.3028,333.0688,333.0689,328.1918,290.3124,302.6969,283.3816,292.9442,289.7216,292.4442,291.9818,309.0022,0.0000,299.3050,289.2676,320.8785,320.8747,292.1855,291.5855,324.0931,299.2025,295.6232,321.4600,313.3588,297.7313,313.6515,364.7703,303.3886,336.1123,357.5261,358.2028,326.4052,319.1842,287.5462,322.0511,321.5505,317.4681,330.3499,313.9869,294.0425,301.7150,302.7543,350.0037,356.5693,299.5608,318.8160,321.0603,321.1554,319.9414,317.3338,321.0022,320.2893,321.7333,321.1861,320.9067,315.9376,295.5230,287.0019,291.9846,0.0000,288.6833,295.7268,288.6834,289.6984,290.1143,292.7069,290.6025,295.1346,326.6703,290.7189,295.6509,297.3821,295.8561,285.7550,297.3830,315.6720,288.3699,285.7533,301.7408,312.7826,322.6424,323.2779,329.1140,309.0022,318.0037,309.0004,313.0850,313.2223,292.0043,298.0732
37.0000,334.9125,289.7346,290.2903,289.4667,281.7825,296.4340,293.7531,325.6295,296.1884,327.7600,312.9267,323.7720,295.4047,302.9117,287.2388,287.6493,291.4981,291.0058,297.6124,286.9894,292.0251,288.1798,289.6906,290.7304,299.2184,303.2992,304.1546,306.2449,325.7683,289.2945,290.9146,291.4190,326.3479,334.0904,330.1849,318.5919,295.4306,313.7143,295.6247,336.1039,359.9795,312.9915,313.8267,362.1317,329.8583,305.4117,319.6536,318.4439,284.2332,323.9321,321.2638,316.0705,322.9099,314.6894,325.7229,319.0813,290.4802,323.6040,298.1867,312.1593,313.8538,314.3066,321.3751,321.9230,312.2316,312.8897,313.3785,321.6300,316.3831,317.7938,327.6337,319.6570,317.4098,313.9139,303.7539,284.0095,289.1318,326.2894,323.4870,310.7151,290.0153,291.4226,295.5380,295.7197,296.6097,297.2133,297.7217,297.1932,296.5253,324.9612,296.0421,295.1535,294.3975,289.6825,287.3222,314.9378,316.2764,305.9375,0.0000,312.2716,317.3520,296.4990,291.4472,330.2107,297.8567,297.8968,305.5137,312.2605,312.9585,290.3841,297.4554,326.2455,323.1111,299.6195,293.7041,289.6562,303.2659,324.6226,292.9946,318.9338,317.7676,296.4063,297.2535,287.8427,303.3615,300.1482,327.1281,308.9861,300.3605,300.4135,286.8704,285.4816,293.5583,320.4090,291.5547,302.2563,296.4073,297.2592,297.6865,307.5914,292.0682,293.6105,289.1795,286.5975,317.7008,286.8575,289.5475,287.1783,311.6179,312.5809,337.3366,337.3367,331.8517,290.5232,303.8760,283.2769,293.7016,290.1837,292.7916,292.0146,309.3141,0.0000,299.7345,289.4457,321.1190,321.1160,292.2195,291.5166,325.8369,300.0678,296.1494,321.7875,313.3588,298.1645,313.6686,363.9168,304.8988,341.9664,374.9328,365.7626,326.5143,321.7570,287.9306,322.3890,321.8821,317.8137,330.0784,314.1908,294.3226,302.1265,303.2867,359.2201,372.9244,300.1909,319.1600,321.4191,321.5147,320.3011,317.7008,321.3607,320.7118,322.1649,321.5454,321.2828,316.2746,296.0421,287.3297,292.0167,0.0000,289.4948,296.2219,289.4950,289.9012,290.3216,293.1436,291.1481,295.7205,327.2981,290.9144,296.0559,297.7352,296.2862,286.6502,298.2955,315.7956,288.7343,286.6488,302.7535,312.7826,323.8266,324.3359,329.3243,309.3141,318.3791,309.3141,313.3708,313.5021,292.7103,298.5837
38.0000,335.3933,289.3740,289.9209,289.2099,281.4740,296.3556,293.6994,325.3297,295.9445,328.2732,313.0921,324.2812,295.1404,302.7772,287.3563,287.6422,291.4735,290.9560,297.4173,286.5982,291.6757,287.2417,288.9165,290.4827,299.1930,303.4168,304.2997,306.1530,326.2365,288.9410,290.5911,291.0653,326.3479,334.7340,330.6542,318.8645,295.1895,313.8337,295.4021,336.5871,360.5128,313.2404,314.0040,362.6695,330.0276,305.2112,319.1512,317.9298,284.2332,323.8085,321.1261,315.8196,322.8745,314.4268,325.5518,318.8214,290.3277,323.4129,297.9930,311.6492,313.5726,314.0095,321.1754,321.7257,312.2316,312.6635,313.1520,321.2924,316.1180,317.5605,327.4837,319.3475,317.0310,313.6248,303.6053,283.6446,288.8128,326.8237,323.8932,310.7924,289.7978,291.3959,295.2962,295.4723,296.3634,296.9641,297.5020,296.9554,296.2769,325.1486,295.7542,294.9333,294.1752,289.4280,287.0286,315.1616,316.4987,305.7458,0.0000,312.4214,317.6033,296.2739,291.2139,330.8317,297.6875,297.7195,305.2927,312.0019,312.6879,290.2292,297.1284,326.0775,323.5038,299.2715,293.5517,288.8964,301.1494,325.2027,292.7434,318.6774,317.4113,296.1718,297.0317,287.4731,303.1745,299.9472,327.6427,308.7457,300.1737,300.2267,286.1602,285.4569,293.5583,320.6986,291.2248,301.9483,296.1605,297.0182,297.4239,307.3753,292.0915,293.5914,289.0637,286.5975,317.3437,286.6332,289.4509,287.1249,311.3822,312.3541,337.9113,337.9114,332.2742,290.1925,303.4173,282.7752,294.9967,290.7975,292.5652,291.7618,309.0718,0.0000,299.5997,289.1885,320.9831,320.9814,291.9620,291.2963,326.2803,299.7040,295.8620,321.6207,313.3588,297.9678,313.6599,360.9015,304.7891,342.9285,377.5853,366.3808,326.5761,322.0392,287.9018,322.2007,321.6989,317.5669,328.9660,314.0434,294.2448,302.1467,303.4011,361.0530,375.4847,300.2050,318.7065,320.8953,321.0000,319.9230,317.3437,320.8386,320.3666,321.8267,321.0279,320.6215,315.9151,295.7542,287.0360,291.7638,0.0000,289.4620,295.9782,289.4621,289.7665,290.1828,292.8940,291.0496,295.5841,327.6740,290.5910,295.8558,297.5689,296.0621,286.6445,298.1051,315.3762,288.7855,286.6431,302.7592,312.7826,324.2393,324.7663,329.4763,309.0718,317.9503,309.0718,313.1267,313.2771,292.0582,298.3926
39.0000,335.2368,289.3808,289.9161,289.2630,281.5726,296.4478,293.7222,326.6529,295.9895,329.4091,313.6491,325.6518,295.1384,302.9118,287.4422,287.6525,291.7693,291.1674,297.5415,286.5409,291.9730,288.1657,289.6906,290.6228,299.2707,303.2885,304.1439,306.4026,326.7034,288.9553,290.5871,291.0141,326.3479,334.5848,330.5667,319.5266,295.2386,313.9837,295.4726,336.4126,359.9662,313.7120,314.6198,362.0894,330.0773,305.2549,318.9874,317.7608,284.2332,323.7638,321.0915,315.7658,322.9052,314.3871,325.5368,318.7526,290.5081,323.3328,297.9993,311.5044,313.4999,313.9248,321.1007,321.6412,312.2316,312.6166,313.1088,321.1285,316.0307,317.4741,327.4808,319.2396,316.9597,313.5486,303.6350,283.7193,288.9998,327.3000,324.5320,311.0230,289.7978,291.5984,295.3450,295.5151,296.4060,297.0044,297.5327,297.0011,296.3182,325.9419,295.7839,295.0078,294.2561,289.4908,287.0952,315.5516,316.9558,306.0734,0.0000,312.9476,318.2203,296.3249,291.3176,330.6796,297.7698,297.7883,305.2886,311.9446,312.6231,290.2840,297.1249,326.0591,324.1064,299.2329,293.6832,289.5223,301.2912,325.0467,292.7807,318.6215,317.2943,296.2469,297.1458,287.5116,303.2063,300.0722,328.8155,308.7081,300.1925,300.2455,286.2609,285.4569,293.5583,321.2539,291.2126,302.1469,296.2018,297.0746,297.4916,307.4499,292.0631,293.6147,289.1068,286.5975,317.2302,286.6332,289.4786,287.1394,311.3368,312.3086,338.4069,338.4070,332.9138,290.1930,303.4904,282.3475,295.3862,290.9628,292.6304,291.7972,309.0332,0.0000,299.7099,289.2398,320.9488,320.9460,291.9969,291.3421,327.1291,299.7493,295.8913,321.7399,313.3588,298.0923,313.6661,358.4632,304.9882,342.7530,377.3102,366.1086,326.6557,322.6481,287.9186,322.1260,321.6314,317.4927,328.0467,314.0125,294.2898,302.1049,303.2756,360.7707,375.2043,300.2933,318.5313,320.7307,320.8409,319.7741,317.2302,320.6744,320.2237,321.6627,320.8659,320.4060,315.8084,295.7839,287.1027,291.7992,0.0000,289.9235,296.0231,289.9236,289.8119,290.2249,292.9543,291.2473,295.8222,328.0346,290.5870,295.9669,297.6550,296.1673,287.2517,298.1992,315.2823,288.9211,287.2504,302.8832,312.7826,324.8107,325.2955,329.5308,309.0332,317.7478,309.0332,313.0726,313.2165,292.0501,298.4023
40.0000,334.5095,289.2894,289.8072,289.2413,281.6149,296.4415,293.7115,326.7421,295.9628,329.1310,313.4591,325.3287,295.1575,302.8396,287.3867,287.6000,291.8191,291.1651,297.7045,286.3827,291.9726,288.1207,289.6906,290.6137,299.2587,303.4126,304.2783,306.3922,326.4488,288.8755,290.5059,290.9362,326.3479,333.8495,329.9490,319.2771,295.2027,313.7966,295.4059,335.6563,358.6096,313.5239,314.4388,360.6787,330.0349,305.3976,319.3107,318.1075,284.2332,323.7402,321.0472,315.6376,323.0792,314.5224,325.4161,318.5610,290.5298,323.2207,298.1110,311.9062,313.6240,314.0451,321.0430,321.5672,312.2316,312.7481,313.2324,321.3078,316.1073,317.5046,327.5387,319.3561,317.1365,313.6725,303.9221,283.6528,288.9231,327.0186,324.2741,310.8936,289.7715,291.5870,295.3088,295.4474,296.4184,297.0480,297.5128,296.9545,296.3123,325.7735,295.6174,294.9360,294.1734,289.4237,287.0284,315.3184,316.7488,306.0791,0.0000,312.7549,317.9873,296.2461,291.3063,330.0196,297.9033,297.9038,305.4171,312.0736,312.7483,290.2186,296.9129,326.1031,323.8538,298.9954,293.6988,289.3100,301.0812,324.5526,292.7400,318.4332,317.4891,296.1695,297.0634,287.4447,303.3662,299.9586,328.5302,308.8430,300.3333,300.3863,286.1864,285.4569,293.5583,321.0148,291.1174,301.8615,296.1527,297.0050,297.3763,307.5718,292.0619,293.6156,289.0924,286.5975,317.4391,286.6332,289.4827,287.1410,311.4675,312.4397,337.9513,337.9514,332.5789,290.1122,303.0463,282.7985,294.5857,290.6140,292.5614,291.7530,309.1716,0.0000,299.8268,289.2178,320.9084,320.9141,291.9558,291.3531,326.8498,299.4383,295.7245,321.5178,313.3588,298.2684,313.6545,356.5633,304.9811,341.8916,375.9803,365.1326,326.6267,322.4162,287.8642,322.0443,321.5660,317.5114,327.4609,314.0800,294.2814,302.1633,303.3977,359.6341,373.8832,300.2751,318.5842,321.0551,321.1634,320.0665,317.4391,320.9976,320.4052,321.8423,321.1888,320.7599,315.9848,295.6174,287.0358,291.7550,0.0000,290.1016,295.9959,290.1018,289.7923,290.1987,292.8603,291.2507,296.0122,327.8450,290.5059,296.1217,297.7932,296.3451,287.4875,298.1305,315.5284,288.8867,287.4863,302.8356,312.7826,324.5573,325.0418,329.4906,309.1716,317.7614,309.1716,313.2327,313.3635,291.9478,298.5264
41.0000,333.8821,289.1431,289.6492,289.1615,281.6173,296.4618,293.8010,326.5046,295.7676,328.9713,313.3444,325.2971,294.9925,302.9118,287.3558,287.5398,291.6871,291.0599,297.8007,286.1952,292.0067,288.1231,289.6906,290.6717,299.2706,303.4656,304.3144,306.3838,326.3000,288.7384,290.2743,290.6523,326.3479,333.2297,329.4295,319.1231,295.0243,313.6784,295.2871,335.0006,357.3694,313.3642,314.3362,359.3858,329.9767,305.0300,319.9105,318.7860,284.2332,323.7267,321.0075,314.9655,323.2464,314.6270,324.9290,317.8508,290.4318,323.1269,297.7505,312.1553,313.8525,314.3177,321.0237,321.5305,312.2316,312.8728,313.3459,321.6756,316.2251,317.4969,327.5970,319.5106,317.2135,313.9008,303.7521,283.6040,288.8308,326.8587,324.1205,310.8105,288.8465,291.4792,295.1302,295.2767,296.2064,296.8248,297.3273,296.7657,296.1133,325.5481,295.4498,294.8224,294.0558,289.3278,286.9469,315.1492,316.6022,306.0690,0.0000,312.6267,317.8419,296.1335,291.3333,329.4660,298.0324,298.0208,305.5651,312.2604,312.9579,290.1219,296.7040,326.1442,323.7025,298.7585,293.8892,289.3740,301.1212,324.1275,292.5134,317.7419,317.8529,296.0253,296.9350,287.3402,303.0387,299.9289,328.3910,309.0019,299.9985,300.0514,286.1251,285.4569,293.5583,320.8438,290.8730,301.7689,295.9851,296.8258,297.1818,307.1579,292.0496,293.6257,289.7059,288.3578,317.7997,286.6332,289.6033,287.2048,311.6148,312.5676,337.4102,337.4103,332.1677,289.9035,302.7818,282.6744,294.4982,290.5366,292.4673,291.5187,309.3338,0.0000,299.8994,289.1346,320.8736,320.8885,291.7231,291.1455,326.6872,299.2241,295.5560,321.3193,313.3588,298.3554,313.6442,355.6071,305.0055,341.0763,374.2386,364.1798,326.6047,322.2327,287.7987,321.9901,321.5263,317.6147,327.2105,314.1258,294.3793,302.2405,303.4516,358.3490,372.1966,300.3276,319.2357,321.6422,321.7455,320.5264,317.7997,321.5828,320.7686,322.2108,321.7741,321.4654,316.3440,295.4498,286.9544,291.5206,0.0000,289.9770,295.8008,289.9771,290.1468,290.4390,292.7356,291.1437,296.0434,327.7100,290.2744,296.1835,297.9265,296.4501,287.3192,298.0811,315.6585,288.8263,287.3185,302.8187,312.7826,324.4063,324.8925,329.4382,309.3338,318.3800,309.3338,313.3686,313.4949,291.7757,298.1778
42.0000,333.3802,289.1487,289.6323,289.2365,281.6925,296.3634,293.8695,326.2406,295.9313,328.7578,313.4564,325.1438,295.2843,302.9118,287.3517,287.4958,291.8092,291.1356,298.0223,286.4217,291.5637,286.4710,288.3595,290.5294,299.2144,303.8135,304.7227,306.3756,326.2697,288.7545,290.4305,290.8570,326.3479,332.8166,329.0073,319.1415,295.1785,313.5637,295.4120,334.4807,356.4792,313.2779,314.5070,358.4622,329.9527,304.5453,320.1348,319.0538,284.2332,323.6828,320.9573,313.8140,323.3572,314.6358,324.0577,316.6476,290.4534,322.9500,297.2291,311.8364,313.9743,314.4555,320.9317,321.4166,312.2316,312.9453,313.4027,321.8795,316.2517,317.4405,327.6202,319.5000,317.0752,314.0229,303.5830,283.6040,288.8985,326.8267,324.0686,310.7296,289.8876,291.5720,295.2843,295.4319,296.3734,296.9926,297.4779,296.9122,296.2750,325.3664,295.5650,294.9463,294.1941,289.4502,287.0270,314.9784,316.4992,306.0592,0.0000,312.7108,317.8736,296.2593,291.2394,329.1225,298.2301,298.2011,305.7084,312.3721,313.0762,290.1950,296.8128,326.1501,323.6684,298.9022,293.7586,288.1036,301.0356,323.9198,292.7502,316.5844,318.0182,296.1472,297.0300,287.3532,302.6054,299.9862,328.1872,309.1249,299.5355,299.5884,286.1506,285.4569,293.5583,320.7032,291.0172,301.8305,296.1356,296.9596,297.3032,306.6380,292.0675,293.6111,289.8524,288.6683,317.9658,286.6332,289.6909,287.2515,311.7083,312.6440,337.0752,337.0753,331.8739,290.0258,302.8973,282.6684,294.2712,290.4224,292.6204,291.7729,309.4639,0.0000,300.1925,289.2142,320.8265,320.8313,291.9786,291.4222,326.5380,299.3179,295.6703,321.3281,313.3588,298.5939,313.6446,354.8790,305.0027,340.4280,372.2984,364.0807,326.5996,322.0799,287.7720,321.8613,321.4208,317.6387,327.0589,314.1387,294.4005,302.4413,303.7969,357.1853,370.3511,300.3059,319.4883,321.8611,321.9687,320.7246,317.9658,321.8012,320.9503,322.4172,321.9982,321.6938,316.5042,295.5650,287.0344,291.7749,0.0000,290.2481,295.9639,290.2482,290.2769,290.5722,292.8619,291.1763,296.2581,327.6795,290.4306,296.3892,298.1295,296.7068,287.6783,298.1605,315.4645,288.8539,287.6775,302.7548,312.7826,324.3719,324.8616,329.4172,309.4639,318.6373,309.4639,313.4934,313.5800,291.9520,297.6807
43.0000,331.8526,289.0725,289.5248,289.3410,281.9050,296.4378,293.8908,326.0871,296.0265,328.9501,313.8314,325.5008,295.3164,302.9118,287.2051,287.4207,291.6454,290.9928,298.0498,286.1403,292.0260,288.1434,289.6906,290.7335,299.2103,303.4658,304.3105,306.4434,326.6218,288.6974,290.4231,290.8001,326.3479,331.2062,327.6976,319.3791,295.2717,313.2600,295.4705,332.8983,353.7714,313.1655,315.0259,355.6528,329.8649,304.7030,320.2908,319.2728,284.2332,323.5125,320.7808,314.5140,323.3317,314.5251,324.1720,317.2951,290.3405,322.5371,297.4284,311.3364,313.9595,314.4600,320.6414,321.0845,312.2316,312.9087,313.3391,321.8084,316.1042,317.1755,327.5063,319.3024,316.7239,314.0082,303.6003,283.6040,288.7555,327.1490,324.3668,310.5916,289.8876,291.4501,295.3795,295.5703,296.4518,297.0583,297.5280,296.9781,296.3731,325.1899,295.4815,295.0024,294.2487,289.4845,287.0509,314.7255,316.3935,306.2795,0.0000,313.0166,318.1507,296.3095,291.3745,327.6104,298.2838,298.2467,305.7162,312.3563,313.0599,290.2115,296.6779,326.0229,323.9763,298.6856,293.9415,289.4582,300.7157,322.5950,292.9535,317.2802,318.0465,296.2130,297.1457,287.3252,302.7386,299.9870,328.4058,309.1158,299.6919,299.7448,286.1058,285.4569,293.5583,320.5676,290.9902,301.7288,296.2300,297.0194,297.3593,306.7557,292.0378,293.6353,289.8445,288.5125,317.9975,286.6332,289.7022,287.2572,311.6872,312.6099,336.1579,336.1580,331.2985,290.0065,302.5837,283.1980,293.1403,289.8793,292.6771,291.8975,309.4568,0.0000,300.1981,289.3167,320.6537,320.6522,292.0968,291.5977,326.7898,299.1108,295.5838,321.2139,313.3588,298.6030,313.6386,352.7181,305.0368,338.3570,368.2272,361.4756,326.6292,321.9333,287.7105,321.5176,321.1267,317.4830,326.3260,314.0450,294.4594,302.2820,303.4544,354.0614,366.3970,300.3209,319.6465,322.0067,322.1153,320.8346,317.9975,321.9461,320.8989,322.3439,322.1440,321.8508,316.5476,295.4815,287.0583,291.8997,0.0000,290.1489,296.0583,290.1490,290.2887,290.5861,292.8798,291.0353,296.2149,327.9226,290.4233,296.4456,298.1881,296.7567,287.5929,298.1981,315.0674,288.7087,287.5924,302.7100,312.7826,324.6904,325.1913,329.3482,309.4568,318.8138,309.4568,313.4743,313.5524,291.8045,297.8665
44.0000,329.7991,288.8174,289.2343,289.4003,282.0998,296.3699,293.8880,324.8529,295.9554,327.9010,313.2972,324.5454,295.1540,303.0965,288.2078,287.3468,294.8752,294.6777,298.5450,285.7779,292.1142,288.2722,289.8390,290.8597,299.0708,303.3590,304.1949,306.3520,326.0368,288.4637,290.2918,290.6532,326.3479,329.2195,325.9575,318.6761,295.1971,312.6451,295.4091,330.7627,349.9552,312.3046,314.4873,351.6849,329.7466,304.6660,320.3197,319.3447,284.3190,323.3844,320.6645,314.7538,323.2374,314.4958,323.8343,317.2828,292.7024,322.2256,297.4291,311.0178,313.9990,314.5031,320.4373,320.8473,312.2316,312.9528,313.3534,321.8552,316.0238,317.0073,327.4417,319.2200,316.5048,314.0469,303.6227,283.4194,290.4670,326.5247,323.6758,310.1071,289.8876,295.1908,295.3033,295.4926,296.3657,296.9560,297.4043,296.8696,296.2806,324.0733,295.3213,294.9378,294.1883,289.4345,286.9526,313.8286,315.5671,306.1301,0.0000,312.4929,317.5065,296.2302,291.4314,325.8278,298.5551,298.4895,305.8504,312.4052,313.1058,290.1446,296.4748,325.9540,323.3124,298.4128,293.8881,289.3128,300.3610,321.2098,293.0536,317.2193,318.0764,296.1114,297.0272,287.1012,302.7166,300.0732,327.3716,309.1938,299.6820,299.7348,286.5637,285.4569,293.5023,319.6356,290.8358,301.8652,296.1482,296.9029,297.2287,306.6317,292.0434,293.6308,290.6258,290.6283,318.0316,286.6614,289.8785,287.3806,311.7382,312.6585,334.1710,334.1711,329.6867,289.8505,302.2568,283.3977,293.8352,290.7274,292.6803,291.9392,309.5427,0.0000,300.7097,289.3744,320.5406,320.5271,292.1269,291.6589,325.9254,298.8661,295.4202,321.1986,313.3588,299.1028,313.6379,350.4673,305.0692,335.8905,363.6163,357.8859,326.5614,320.9556,287.6375,321.2672,320.9144,317.4069,325.5832,313.9961,294.4384,302.2172,303.3485,350.4993,361.9166,300.2008,319.6716,322.0231,322.1308,320.8730,318.0316,321.9627,320.9271,322.3909,322.1599,321.8647,316.5833,295.3213,286.9600,291.9415,0.0000,292.7350,295.9859,292.7350,290.7700,290.9353,292.7986,293.9703,297.3482,327.4851,290.2921,296.9498,298.4641,297.2663,290.3095,298.2259,314.8176,290.7721,290.3091,302.4658,312.7826,324.0441,324.5715,329.2380,309.5427,318.7953,309.5427,313.5338,313.6064,291.5575,297.8665
45.0000,327.3309,288.8985,289.2802,289.5494,282.6208,296.2508,293.9912,324.6137,295.5587,326.8509,312.5205,323.4343,294.0141,302.1404,289.7301,288.3911,295.9982,296.0616,298.9878,286.1620,292.1829,288.0658,289.6906,291.1166,298.8064,303.1455,303.9544,305.4086,325.3048,288.5752,290.1837,290.5795,326.3479,326.7525,323.7795,317.7696,294.7943,311.6849,295.0524,328.2211,345.9185,311.3829,313.6856,347.5132,329.5423,305.2827,320.1750,319.2515,285.9626,323.0741,320.3646,315.6650,322.9261,314.3843,323.5997,317.7225,293.6223,321.6740,298.0242,310.2576,313.9816,314.4870,320.0385,320.4034,312.2316,312.9684,313.3283,321.6439,315.8307,316.6931,327.1805,318.8134,316.0893,314.0295,304.3145,283.6040,291.1589,325.7459,322.8295,309.2759,288.8465,296.6683,294.8965,295.0888,295.9581,296.5294,296.9399,296.4273,295.8629,323.3489,295.0037,294.6274,293.9461,289.3320,286.9495,312.9624,314.7392,305.1334,0.0000,311.7341,316.6483,295.8170,291.7527,323.5480,298.9899,298.9052,306.0335,312.4268,313.1074,290.2391,296.1038,325.6852,322.4877,298.0297,294.0161,289.1659,303.7116,319.2909,292.9187,317.5419,317.9786,295.7220,296.5812,287.2317,303.3266,299.3172,326.3116,309.2718,300.2812,300.3342,286.8870,288.0149,293.2425,318.8795,290.6924,300.8267,295.7227,296.4599,296.7570,307.1540,292.0604,293.6169,290.4894,289.1542,317.9364,287.0917,291.0673,288.8668,311.7844,312.6812,332.8441,332.8442,328.6080,289.7956,301.3814,284.9149,295.0355,292.0772,292.5301,291.7675,309.6195,0.0000,301.0439,289.5210,320.2492,320.2374,291.9169,291.3229,324.9720,298.2978,295.0960,321.0981,313.3588,299.5215,313.6326,347.4632,304.1106,332.8604,358.0915,353.9470,326.5068,320.2149,288.5409,320.8039,320.5026,317.1972,324.5173,313.8898,294.5183,302.1086,303.1381,346.2067,356.5493,299.9550,319.6306,321.8682,321.9734,320.7483,317.9364,321.8088,320.7340,322.1725,322.0024,321.7331,316.5290,295.0037,286.9569,291.7700,0.0000,293.6304,295.5876,293.6303,290.9537,291.2373,292.5811,295.0683,297.9019,326.9363,290.1842,297.3914,298.9032,297.6994,291.1994,297.6512,314.2958,292.2398,291.1995,302.0291,312.7826,323.2412,323.7949,329.0576,309.6195,318.7902,309.6195,313.5578,313.6159,292.0171,298.4682
46.0000,324.5126,287.5565,287.9186,288.3810,281.6789,295.6225,293.4402,321.9412,293.9583,324.1729,310.4738,320.8912,291.6911,300.6164,288.3686,286.9255,294.6959,294.6887,297.8497,284.5030,291.3608,287.9414,289.3190,290.0702,297.9802,302.1167,302.8552,303.7244,323.0262,287.2515,288.8450,289.2557,324.5855,323.8837,321.2077,315.5443,293.1857,310.0756,293.4607,325.3404,341.7719,309.2398,311.6236,343.2522,327.6187,303.6856,318.9678,318.0997,284.7049,322.3935,319.8089,314.2184,322.5782,313.1888,322.1096,316.0189,292.2431,320.7211,296.5169,308.6249,312.7838,313.2925,319.0999,319.4445,312.2316,311.8087,312.1861,320.3478,314.4879,315.2455,326.3596,317.3685,314.6684,312.8317,302.9457,282.2950,289.7587,323.4200,320.5092,307.6478,288.8465,295.2788,293.2839,293.4758,294.3369,294.8795,295.2669,294.7827,294.2274,320.8584,293.4056,293.0518,292.4495,287.9264,285.5807,310.8403,312.6420,303.4483,0.0000,309.7058,314.4747,294.1697,290.6701,320.8701,297.8229,297.7229,304.8522,311.2349,311.9117,288.7096,294.4554,324.8164,320.1985,296.3221,293.6102,289.1391,302.2350,316.9579,291.5985,315.8078,316.7495,294.0954,294.9116,285.9006,301.8080,297.7175,323.6534,308.0884,298.7878,298.8405,285.5353,286.7552,292.4288,316.6089,289.3316,299.0477,294.0848,294.8121,295.1054,305.4226,292.2174,293.4885,289.2124,287.8828,316.7121,285.9424,289.7987,287.6035,310.6057,311.5200,329.9054,329.9055,325.8576,288.4605,299.3269,283.9641,293.1496,290.5085,291.1120,290.5193,308.4345,0.0000,299.8999,288.3500,319.6919,319.6182,290.6232,289.9424,322.4916,296.4930,293.4921,320.8751,313.3588,298.3757,313.6209,345.1804,302.4661,329.6440,353.4063,349.6937,324.6782,317.8830,287.0665,319.8893,319.6308,316.1319,323.7636,313.0517,293.9726,301.3146,302.1166,342.2612,351.9495,299.1105,318.4127,320.6384,320.7430,319.5303,316.7121,320.5794,319.4384,320.8745,320.7705,320.4926,315.3247,293.4056,285.5881,290.5218,0.0000,292.5865,293.9857,292.5864,289.6528,289.9191,291.0904,293.6644,296.7674,324.7608,288.8455,296.2816,297.7418,296.6078,290.3062,296.0839,312.8095,290.8738,290.3055,300.9588,312.7826,320.9520,321.5154,327.1492,308.4345,317.5848,308.4345,312.3660,312.4346,290.3778,296.9657
47.0000,324.8285,286.6007,286.9158,287.7047,281.3544,296.8955,294.9170,319.8153,292.7858,321.7859,308.8944,318.6136,291.1239,300.1515,287.7620,286.1940,293.7520,293.7994,297.1571,283.8131,290.9870,286.3866,288.0426,289.6013,300.3422,304.8532,305.6550,303.6351,320.5964,286.3250,287.8911,288.3074,322.0453,324.4447,321.7464,313.6477,292.0182,311.0368,292.3691,325.6013,340.9177,308.2363,310.0418,342.2972,324.8995,302.3592,318.2912,317.4470,284.2332,321.9404,319.4340,312.2043,322.1829,312.3413,320.7659,313.8565,291.3791,320.0062,295.1895,307.2663,312.0177,312.5208,318.4455,318.7839,312.2316,311.0458,311.4241,319.5810,313.6677,314.3834,325.7844,316.6811,313.5025,312.0655,302.0514,281.5113,288.6713,320.9421,318.3024,308.2040,288.4485,294.3926,292.1120,292.2993,293.1302,293.6352,294.0337,293.5767,293.0114,319.0949,292.2260,291.9661,291.4165,286.9960,284.7058,310.1428,311.9611,303.9908,0.0000,308.1019,312.6277,293.0026,290.2599,321.6244,297.1210,297.0125,304.1129,310.4730,311.1479,287.7384,293.2266,324.2014,317.9963,295.0131,294.8652,288.3385,303.6418,318.1035,290.6636,313.6951,315.9948,292.9384,293.6932,285.0136,300.5726,296.9642,321.2834,307.3366,297.5316,297.5842,284.5619,286.1643,300.3540,315.4069,288.3429,298.2737,292.8960,293.6118,293.8972,304.0128,291.8694,293.7731,288.4659,287.1396,315.9666,285.2669,289.1191,287.0112,309.8478,310.7579,327.3087,327.3087,323.5960,287.5134,297.6729,283.9346,292.0879,289.7516,290.1514,289.6454,307.6796,0.0000,299.1414,287.6689,319.3153,319.1814,289.7588,289.2034,320.2123,295.0428,292.3074,320.7223,313.3588,297.6821,313.6130,342.7236,302.1968,330.2916,355.2277,344.3669,322.1414,316.5133,286.2997,319.2269,319.0119,315.4222,322.9120,312.4696,295.4017,303.4176,304.8335,343.3095,353.6212,301.5070,317.5639,319.9514,320.0609,318.7800,315.9666,319.8919,318.6522,320.1066,320.0869,319.7836,314.5763,292.2260,284.7132,289.6479,0.0000,291.8361,292.8120,291.8361,288.8803,289.1332,290.0679,292.7800,296.0165,322.2428,287.8918,295.5987,297.0449,295.9580,289.6481,295.2195,311.5842,290.1556,289.6475,302.7695,312.7826,318.6910,319.2046,324.4592,307.6796,316.7110,307.6796,311.5982,311.6671,289.9984,295.6662
48.0000,322.2100,284.2422,284.5110,285.8662,280.0096,296.1014,294.1010,316.6156,290.3821,318.3293,306.0224,315.2820,288.7872,297.7775,286.3865,284.9126,291.8997,291.9239,295.6360,281.2909,289.9967,286.5325,287.8565,288.2211,299.3079,303.4306,304.1494,301.3061,317.1597,283.9889,285.5770,285.9481,318.5082,321.7747,319.3046,310.5573,289.6302,309.1790,290.0638,322.9390,337.3724,305.6862,307.1331,338.6722,321.2422,300.6084,316.9397,316.1023,283.1190,321.2328,318.8708,309.9784,321.7862,311.0497,318.9630,311.5002,289.3081,319.0825,293.4556,305.8329,310.6797,311.1795,317.4804,317.8068,312.1291,309.7621,310.1698,318.2109,312.3002,312.9981,324.8765,315.2214,312.0753,310.7271,300.6244,279.1956,286.4977,317.4763,314.9972,306.2084,286.1327,292.5003,289.7203,289.9108,290.6997,291.1765,291.5819,291.1478,290.5838,316.0614,289.8817,289.6904,289.1601,284.8222,282.4845,307.6967,309.4452,301.6964,0.0000,305.2425,309.5798,290.6547,288.7929,319.0551,295.6094,295.4804,302.7076,309.1386,309.8086,286.3730,290.8392,323.2499,314.7017,292.5749,294.2392,288.2691,301.8119,315.7178,288.4153,311.3490,314.6419,290.5793,291.2967,282.6718,298.9032,294.5711,317.8469,305.9912,295.8547,295.9069,282.2740,284.8114,299.3181,312.6443,286.0035,295.6802,290.4938,291.1935,291.4633,302.2005,292.0741,293.6057,286.8753,285.8361,314.6160,283.4335,287.5891,285.6545,308.5284,309.4674,323.9124,323.9124,320.3632,285.1940,295.0226,282.7436,290.3855,288.2134,287.9715,287.4397,306.3307,0.0000,297.5524,285.8201,318.7483,318.5426,287.5449,287.0088,316.8468,292.5432,289.9580,320.6458,313.3588,296.1409,313.6090,341.0089,299.8437,327.6839,353.0745,339.8778,318.6070,313.6704,285.0065,318.3154,318.1272,314.2598,322.3544,311.5497,294.5953,302.2933,303.4211,340.8695,351.3920,300.4600,316.1982,318.5991,318.7067,317.4375,314.6160,318.5397,317.2659,318.7344,318.7330,318.4346,313.2319,289.8817,282.4918,287.4420,0.0000,290.1835,290.4075,290.1835,287.1908,287.3880,287.8181,290.7780,294.4314,318.7606,285.5778,294.1020,295.5385,294.4771,288.0701,292.8890,310.1551,288.5826,288.0699,301.4406,312.7826,315.3591,315.8425,320.8215,306.3307,315.3483,306.3307,310.2941,310.3808,287.6938,293.9517
